groupId,artifactId,version,moduleName,moduleVersion,moduleMode,moduleDependencies,jdepsToolError,jdepsViolations
com.amazonaws,sagemaker-spark_2.11,spark_2.2.0-1.1.4,-,-,?,-,false,-
com.box,box-java-sdk,2.23.0,-,-,?,-,false,-
com.dispalt.relay,relay-macro_sjs0.6_2.12,0.11.0,-,-,?,-,false,-
com.github.aaronp,donovan_2.12,0.0.4,-,-,?,-,false,-
com.github.aaronp,donovan_sjs0.6_2.12,0.0.4,-,-,?,-,false,-
com.github.jsimone,webapp-runner,9.0.11.0,-,-,?,-,false,sun.misc.Unsafe                          See http://openjdk.java.net/jeps/260 + sun.security.x509.X500Name               Use javax.security.auth.x500.X500Principal @since 1.4
com.github.jsimone,webapp-runner-main,9.0.11.0,-,-,?,-,false,-
com.github.jsimone,webapp-runner-memcached,9.0.11.0,-,-,?,-,false,-
com.github.jsimone,webapp-runner-redis,9.0.11.0,-,-,?,-,false,-
com.google.apis,google-api-services-datastore,v1-rev59-1.24.1,-,-,?,-,false,-
com.google.apis,google-api-services-iamcredentials,v1-rev8-1.24.1,-,-,?,-,false,-
com.google.apis,google-api-services-logging,v2-rev600-1.24.1,-,-,?,-,false,-
com.google.apis,google-api-services-servicecontrol,v1-rev99-1.22.0,-,-,?,-,false,-
org.mudebug,prapr-command-line,1.0.0,-,-,?,-,false,-
org.mudebug,prapr-core,1.0.0,-,-,?,-,false,-
org.mudebug,prapr-entry,1.0.0,-,-,?,-,false,-
org.mudebug,prapr-html-report,1.0.0,-,-,?,-,false,-
org.mudebug,prapr-plugin,1.0.0,-,-,?,-,false,-
org.sireum,scalac-plugin_2.12,3.3.2,-,-,?,-,false,-
