groupId,artifactId,version,moduleName,moduleVersion,moduleMode,moduleDependencies,jdepsToolError,jdepsViolations
com.airlenet.netconf,netconf-common,1.0.0,-,-,?,-,false,-
com.airlenet.netconf,netconf-service,1.0.0,-,-,?,-,false,-
com.airlenet.netconf,yang-model,1.0.0,-,-,?,-,false,-
com.airlenet,play-cache,2.0.0,-,-,?,-,false,-
com.airlenet,play-email,2.0.0,-,-,?,-,false,-
com.airlenet,play-i18n,1.0.0.RELEASE,-,-,?,-,false,-
com.airlenet,play-integration-core,2.0.0,-,-,?,-,false,-
com.airlenet,play-integration-thrift,1.0.0.RELEASE,-,-,?,-,false,-
com.airlenet,play-integration-webapp,2.0.0,-,-,?,-,false,-
com.airlenet,play-json,2.0.0,-,-,?,-,false,-
com.airlenet,play-repo-mybatis,2.0.0,-,-,?,-,false,-
com.airlenet,play-repo-redis,2.0.0,-,-,?,-,false,-
com.airlenet,play-security,2.0.0,-,-,?,-,false,-
com.airlenet,play-security-shiro,2.0.0,-,-,?,-,false,-
com.airlenet,play-template-thymeleaf,2.0.0,-,-,?,-,false,-
com.airlenet,play-template-tiles,1.0.0.RELEASE,-,-,?,-,false,-
com.airlenet,play-template-velocity,1.0.0.RELEASE,-,-,?,-,false,-
com.airlenet,play-web-common,1.0.0.RELEASE,-,-,?,-,false,-
com.airlenet.yang,play-jnc,1.0.1.RELEASE,-,-,?,-,false,-
com.airlenet.yang,yang-codegen,1.0.1.RELEASE,-,-,?,-,false,-
com.airlenet.yang,yang-example,1.0.1.RELEASE,-,-,?,-,false,-
com.airlenet.yang,yang-maven-plugin,1.0.1.RELEASE,-,-,?,-,false,-
com.appnexus.grafana-client,grafana-api-java-client,1.0.5,-,-,?,-,false,-
com.appnexus.pricecheck,pricecheck-sdk-dfp,2.4.8,-,-,?,-,false,-
com.appnexus.pricecheck,pricecheck-sdk-mopub,2.4.8,-,-,?,-,false,-
com.arello-mobile,moxy,1.5.5,-,-,?,-,false,-
com.arello-mobile,moxy-android,1.5.5,-,-,?,-,false,-
com.arello-mobile,moxy-app-compat,1.5.5,-,-,?,-,false,-
com.arello-mobile,moxy-compiler,1.5.5,-,-,?,-,false,-
com.arpit9mittal.fmk,common-application-framework-core,1.0.0-RC2,-,-,?,-,false,-
com.bancvue,gradle-core,1.5.1,-,-,?,-,false,-
com.bancvue,gradle-core-test,1.5.1,-,-,?,-,false,-
com.boletobancario,boletofacilsdk,1.0.4,-,-,?,-,false,-
com.cast-info.devops,robotest-core,2.0.0,-,-,?,-,false,-
com.cast-info.devops,robotest-standalone-suite-report-ui,2.0.0,-,-,?,-,false,-
com.cast-info.devops,robotest-suite-cases-json-generator,2.0.0,-,-,?,-,false,-
com.code4people,json-rpc-lib-binding,0.2.0,-,-,?,-,false,-
com.code4people,json-rpc-lib-client,0.4.0,-,-,?,-,false,-
com.code4people,json-rpc-lib-server,0.2.0,-,-,?,-,false,-
com.complexible.stardog,stardog-spring,5.2.3,-,-,?,-,false,-
com.complexible.stardog,stardog-spring-batch,5.2.3,-,-,?,-,false,-
com.connect-group,thymeleaf-extras,2.0.1,-,-,?,-,false,-
com.connect-group,thymesheet,2.1.3,-,-,?,-,false,-
com.cornfluence,proteus_2.12,0.6.5,-,-,?,-,false,-
com.crazyitn,Zabbix4j,0.1.10,-,-,?,-,false,-
com.datumbox,datumbox-framework-applications,0.8.1,-,-,?,-,false,-
com.datumbox,datumbox-framework-common,0.8.1,-,-,?,-,false,-
com.datumbox,datumbox-framework-core,0.8.1,-,-,?,-,false,-
com.datumbox,datumbox-framework-lib,0.8.1,-,-,?,-,false,-
com.datumbox,datumbox-framework-storage-inmemory,0.8.1,-,-,?,-,false,-
com.datumbox,datumbox-framework-storage-mapdb,0.8.1,-,-,?,-,false,-
com.datumbox,datumbox-framework-tests,0.8.1,-,-,?,-,false,-
com.deltaprojects,lagom-opentracing_2.11,0.2.3,-,-,?,-,false,-
com.deltaprojects,lagom-opentracing_2.12,0.2.3,-,-,?,-,false,-
com.digitalbarista,getdown-maven-plugin,0.3,-,-,?,-,false,-
com.digitaltangible,play-guard_2.11,2.2.0,-,-,?,-,false,-
com.digitaltangible,play-guard_2.12,2.2.0,-,-,?,-,false,-
com.dinstone.clutch,clutch-consul,1.1.0,-,-,?,-,false,-
com.dinstone.clutch,clutch-core,1.1.0,-,-,?,-,false,-
com.dinstone.clutch,clutch-zookeeper,1.1.0,-,-,?,-,false,-
com.dinstone.motor,motor-launcher,1.1.0,-,-,?,-,false,-
com.dinstone.motor,motor-maven-plugin,1.1.0,-,-,?,-,false,-
com.dinstone.motor,motor-scripts,1.1.0,-,-,?,-,false,-
com.dinstone.vertx,vertx-spring-boot-starter,1.1.0,-,-,?,-,false,-
com.dinstone.vertx,vertx-web,2.0.0,-,-,?,-,false,-
com.dinstone.vertx,vertx-web-assistant,2.3.0,-,-,?,-,false,-
com.eginnovations.agent.android,android-agent,1.0.0.1,-,-,?,-,false,-
com.eluvio,lmdb-je,0.2.0,-,-,?,-,false,-
com.eternitywall,java-opentimestamps,1.15,-,-,?,-,false,sun.misc.Cleaner                         Use java.lang.ref.PhantomReference @since 1.2 or java.lang.ref.Cleaner @since 9 + sun.misc.Unsafe                          See http://openjdk.java.net/jeps/260
com.fatboyindustrial.crowd-control,crowd-control,0.3.0,-,-,?,-,false,-
com.fatboyindustrial.gson-jodatime-serialisers,gson-jodatime-serialisers,1.6.0,-,-,?,-,false,-
com.geetask,chunked-uploader,1.0.2,-,-,?,-,false,-
com.getconvey.oss,dropwizard-api-key-bundle,1.3.2,-,-,?,-,false,-
com.getjenny,manaus-lib_2.11,1.0.0-rc1,-,-,?,-,false,-
com.getjenny,manaus-lib_2.12,1.0.1,-,-,?,-,false,-
com.goldmansachs.jdmn,jdmn-core,2.1.0,-,-,?,-,false,-
com.goldmansachs.jdmn,jdmn-jpa-integration-tests,2.1.0,-,-,?,-,false,-
com.goldmansachs.jdmn,jdmn-maven-plugin,2.1.0,-,-,?,-,false,-
com.goldmansachs.jrpip,jrpip,4.0.0,-,-,?,-,false,-
com.goldmansachs.obevo,obevo-cli,6.6.1,-,-,?,-,false,-
com.goldmansachs.obevo,obevo-core,6.6.1,-,-,?,-,false,-
com.goldmansachs.obevo,obevo-db,6.6.1,-,-,?,-,false,-
com.goldmansachs.obevo,obevo-db-client-alldbs,6.6.1,-,-,?,-,false,-
com.goldmansachs.obevo,obevo-db-db2,6.6.1,-,-,?,-,false,-
com.goldmansachs.obevo,obevo-db-h2,6.6.1,-,-,?,-,false,-
com.goldmansachs.obevo,obevo-db-hsql,6.6.1,-,-,?,-,false,-
com.goldmansachs.obevo,obevo-db-internal-test-helper,6.6.1,-,-,?,-,false,-
com.goldmansachs.obevo,obevo-dbmetadata-impl,6.6.1,-,-,?,-,false,-
com.goldmansachs.obevo,obevo-db-mssql,6.6.1,-,-,?,-,false,-
com.goldmansachs.obevo,obevo-db-oracle,6.6.1,-,-,?,-,false,-
com.goldmansachs.obevo,obevo-db-postgresql,6.6.1,-,-,?,-,false,-
com.goldmansachs.obevo,obevo-db-scenario-tests,6.0.0,-,-,?,-,false,-
com.goldmansachs.obevo,obevo-db-sybase-ase,6.6.1,-,-,?,-,false,-
com.goldmansachs.obevo,obevo-db-sybase-iq,6.6.1,-,-,?,-,false,-
com.goldmansachs.obevo,obevo-db-unittest-util,6.6.1,-,-,?,-,false,-
com.goldmansachs.obevo,obevo-internal-comparer,6.6.1,-,-,?,-,false,-
com.goldmansachs.obevo,obevo-internal-test-client-01,6.0.0,-,-,?,-,false,-
com.goldmansachs.obevo,obevo-internal-test-client-02,6.0.0,-,-,?,-,false,-
com.goldmansachs.obevo,obevo-maven-plugin,6.6.1,-,-,?,-,false,-
com.goldmansachs.obevo,obevo-mongodb,6.6.1,-,-,?,-,false,-
com.goldmansachs.obevo,obevo-reladomo-util,6.6.1,-,-,?,-,false,-
com.goldmansachs.obevo,obevo-site,6.0.0,-,-,?,-,false,-
com.goldmansachs.reladomo,reladomo,17.0.2,-,-,?,-,false,sun.misc.Unsafe                          See http://openjdk.java.net/jeps/260
com.goldmansachs.reladomo,reladomogen,17.0.2,-,-,?,-,false,-
com.goldmansachs.reladomo,reladomo-gen-util,17.0.2,-,-,?,-,false,-
com.goldmansachs.reladomo,reladomo-serial,17.0.2,-,-,?,-,false,-
com.goldmansachs.reladomo,reladomo-test-util,17.0.2,-,-,?,-,false,-
com.goldmansachs.reladomo,reladomo-xa,17.0.2,-,-,?,-,false,-
com.goldmansachs.tablasco,tablasco,2.1.0,-,-,?,-,false,-
com.here.account,here-oauth-client,0.4.14,-,-,?,-,false,-
com.here.account,here-oauth-client-example,0.4.14,-,-,?,-,false,sun.reflect.generics.reflectiveObjects.NotImplementedException Removed. See http://openjdk.java.net/jeps/260
com.hootsuite,akka-persistence-redis_2.11,0.8.0,-,-,?,-,false,-
com.hootsuite,akka-persistence-redis_2.12,0.8.0,-,-,?,-,false,-
com.inventiosystems,spring-boot-starter-hibernate-ddl-export-demo,0.0.1,-,-,?,-,false,-
com.inventiosystems,spring-boot-starter-hibernate-ddl-exporter,0.0.1,-,-,?,-,false,-
com.juliaaano,payload,1.0.0,-,-,?,-,false,-
com.kaltura,kalturaApiClient,1.0.3,-,-,?,-,false,-
com.kaltura,KalturaOttAndroidClient,4.72.27.24089,-,-,?,-,false,-
com.kaltura,KalturaOttApiClient,4.82.4.19258,-,-,?,-,false,-
com.kangyonggan,app-freemarker,1.0.1,-,-,?,-,false,-
com.kangyonggan,app-log4j2,1.0.1,-,-,?,-,false,-
com.kangyonggan,app-model,1.0.1,-,-,?,-,false,-
com.kangyonggan,app-mvc,1.0.1,-,-,?,-,false,-
com.kangyonggan,app-mybatis,1.0.1,-,-,?,-,false,-
com.kangyonggan,app-redis,1.0.1,-,-,?,-,false,-
com.kangyonggan,app-shiro,1.0.1,-,-,?,-,false,-
com.kangyonggan,app-spring,1.0.1,-,-,?,-,false,-
com.kangyonggan,app-util,1.0.1,-,-,?,-,false,-
com.kangyonggan,common,1.0.0.RELEASE,-,-,?,-,false,-
com.kangyonggan,extra-core,3.2.2,-,-,?,-,false,com.sun.tools.javac.code.Attribute       Use javax.tools and javax.lang.model @since 1.6 + com.sun.tools.javac.code.Attribute$Constant Use javax.tools and javax.lang.model @since 1.6 + com.sun.tools.javac.code.Flags           Use javax.tools and javax.lang.model @since 1.6 + com.sun.tools.javac.code.Symbol          Use javax.tools and javax.lang.model @since 1.6 + com.sun.tools.javac.code.Symbol$ClassSymbol Use javax.tools and javax.lang.model @since 1.6 + com.sun.tools.javac.code.Symbol$MethodSymbol Use javax.tools and javax.lang.model @since 1.6 + com.sun.tools.javac.code.Type            Use javax.tools and javax.lang.model @since 1.6 + com.sun.tools.javac.code.Type$ClassType  Use javax.tools and javax.lang.model @since 1.6 + com.sun.tools.javac.code.TypeTag         Use javax.tools and javax.lang.model @since 1.6 + com.sun.tools.javac.processing.JavacProcessingEnvironment Use javax.tools and javax.lang.model @since 1.6 + com.sun.tools.javac.tree.JCTree          Use com.sun.source @since 1.6 + com.sun.tools.javac.tree.JCTree$JCAnnotation Use com.sun.source @since 1.6 + com.sun.tools.javac.tree.JCTree$JCBinary Use com.sun.source @since 1.6 + com.sun.tools.javac.tree.JCTree$JCBlock  Use com.sun.source @since 1.6 + com.sun.tools.javac.tree.JCTree$JCClassDecl Use com.sun.source @since 1.6 + com.sun.tools.javac.tree.JCTree$JCCompilationUnit Use com.sun.source @since 1.6 + com.sun.tools.javac.tree.JCTree$JCDoWhileLoop Use com.sun.source @since 1.6 + com.sun.tools.javac.tree.JCTree$JCExpression Use com.sun.source @since 1.6 + com.sun.tools.javac.tree.JCTree$JCExpressionStatement Use com.sun.source @since 1.6 + com.sun.tools.javac.tree.JCTree$JCFieldAccess Use com.sun.source @since 1.6 + com.sun.tools.javac.tree.JCTree$JCForLoop Use com.sun.source @since 1.6 + com.sun.tools.javac.tree.JCTree$JCIdent  Use com.sun.source @since 1.6 + com.sun.tools.javac.tree.JCTree$JCIf     Use com.sun.source @since 1.6 + com.sun.tools.javac.tree.JCTree$JCImport Use com.sun.source @since 1.6 + com.sun.tools.javac.tree.JCTree$JCLiteral Use com.sun.source @since 1.6 + com.sun.tools.javac.tree.JCTree$JCMethodDecl Use com.sun.source @since 1.6 + com.sun.tools.javac.tree.JCTree$JCMethodInvocation Use com.sun.source @since 1.6 + com.sun.tools.javac.tree.JCTree$JCModifiers Use com.sun.source @since 1.6 + com.sun.tools.javac.tree.JCTree$JCNewClass Use com.sun.source @since 1.6 + com.sun.tools.javac.tree.JCTree$JCParens Use com.sun.source @since 1.6 + com.sun.tools.javac.tree.JCTree$JCPrimitiveTypeTree Use com.sun.source @since 1.6 + com.sun.tools.javac.tree.JCTree$JCReturn Use com.sun.source @since 1.6 + com.sun.tools.javac.tree.JCTree$JCStatement Use com.sun.source @since 1.6 + com.sun.tools.javac.tree.JCTree$JCTypeCast Use com.sun.source @since 1.6 + com.sun.tools.javac.tree.JCTree$JCVariableDecl Use com.sun.source @since 1.6 + com.sun.tools.javac.tree.JCTree$JCWhileLoop Use com.sun.source @since 1.6 + com.sun.tools.javac.tree.JCTree$Tag      Use com.sun.source @since 1.6 + com.sun.tools.javac.tree.JCTree$Visitor  Use com.sun.source @since 1.6 + com.sun.tools.javac.tree.TreeMaker       Use com.sun.source @since 1.6 + com.sun.tools.javac.tree.TreeTranslator  Use com.sun.source @since 1.6 + com.sun.tools.javac.util.Context         Use javax.tools and javax.lang.model @since 1.6 + com.sun.tools.javac.util.List            Use javax.tools and javax.lang.model @since 1.6 + com.sun.tools.javac.util.ListBuffer      Use javax.tools and javax.lang.model @since 1.6 + com.sun.tools.javac.util.Name            Use javax.tools and javax.lang.model @since 1.6 + com.sun.tools.javac.util.Name$Table      Use javax.tools and javax.lang.model @since 1.6 + com.sun.tools.javac.util.Names           Use javax.tools and javax.lang.model @since 1.6
com.kangyonggan,extra-test,3.2.2,-,-,?,-,false,-
com.kangyonggan,freemarker,1.2.0,-,-,?,-,false,-
com.kangyonggan,jcel,1.0,-,-,?,-,false,com.sun.tools.javac.tree.JCTree          Use com.sun.source @since 1.6 + com.sun.tools.javac.tree.JCTree$JCArrayAccess Use com.sun.source @since 1.6 + com.sun.tools.javac.tree.JCTree$JCBinary Use com.sun.source @since 1.6 + com.sun.tools.javac.tree.JCTree$JCExpression Use com.sun.source @since 1.6 + com.sun.tools.javac.tree.JCTree$JCFieldAccess Use com.sun.source @since 1.6 + com.sun.tools.javac.tree.JCTree$JCIdent  Use com.sun.source @since 1.6 + com.sun.tools.javac.tree.JCTree$JCLiteral Use com.sun.source @since 1.6 + com.sun.tools.javac.tree.JCTree$JCMethodInvocation Use com.sun.source @since 1.6 + com.sun.tools.javac.tree.JCTree$Tag      Use com.sun.source @since 1.6 + com.sun.tools.javac.tree.TreeMaker       Use com.sun.source @since 1.6 + com.sun.tools.javac.util.List            Use javax.tools and javax.lang.model @since 1.6 + com.sun.tools.javac.util.Name            Use javax.tools and javax.lang.model @since 1.6 + com.sun.tools.javac.util.Name$Table      Use javax.tools and javax.lang.model @since 1.6
com.kangyonggan,mcache-core,1.0,-,-,?,-,false,com.sun.tools.javac.code.Flags           Use javax.tools and javax.lang.model @since 1.6 + com.sun.tools.javac.code.Symbol          Use javax.tools and javax.lang.model @since 1.6 + com.sun.tools.javac.code.Symbol$ClassSymbol Use javax.tools and javax.lang.model @since 1.6 + com.sun.tools.javac.code.Symbol$MethodSymbol Use javax.tools and javax.lang.model @since 1.6 + com.sun.tools.javac.code.TypeTag         Use javax.tools and javax.lang.model @since 1.6 + com.sun.tools.javac.processing.JavacProcessingEnvironment Use javax.tools and javax.lang.model @since 1.6 + com.sun.tools.javac.tree.JCTree          Use com.sun.source @since 1.6 + com.sun.tools.javac.tree.JCTree$JCAnnotation Use com.sun.source @since 1.6 + com.sun.tools.javac.tree.JCTree$JCBinary Use com.sun.source @since 1.6 + com.sun.tools.javac.tree.JCTree$JCBlock  Use com.sun.source @since 1.6 + com.sun.tools.javac.tree.JCTree$JCClassDecl Use com.sun.source @since 1.6 + com.sun.tools.javac.tree.JCTree$JCCompilationUnit Use com.sun.source @since 1.6 + com.sun.tools.javac.tree.JCTree$JCExpression Use com.sun.source @since 1.6 + com.sun.tools.javac.tree.JCTree$JCExpressionStatement Use com.sun.source @since 1.6 + com.sun.tools.javac.tree.JCTree$JCFieldAccess Use com.sun.source @since 1.6 + com.sun.tools.javac.tree.JCTree$JCIdent  Use com.sun.source @since 1.6 + com.sun.tools.javac.tree.JCTree$JCIf     Use com.sun.source @since 1.6 + com.sun.tools.javac.tree.JCTree$JCImport Use com.sun.source @since 1.6 + com.sun.tools.javac.tree.JCTree$JCLiteral Use com.sun.source @since 1.6 + com.sun.tools.javac.tree.JCTree$JCMethodDecl Use com.sun.source @since 1.6 + com.sun.tools.javac.tree.JCTree$JCMethodInvocation Use com.sun.source @since 1.6 + com.sun.tools.javac.tree.JCTree$JCModifiers Use com.sun.source @since 1.6 + com.sun.tools.javac.tree.JCTree$JCNewClass Use com.sun.source @since 1.6 + com.sun.tools.javac.tree.JCTree$JCParens Use com.sun.source @since 1.6 + com.sun.tools.javac.tree.JCTree$JCReturn Use com.sun.source @since 1.6 + com.sun.tools.javac.tree.JCTree$JCStatement Use com.sun.source @since 1.6 + com.sun.tools.javac.tree.JCTree$JCTypeCast Use com.sun.source @since 1.6 + com.sun.tools.javac.tree.JCTree$JCVariableDecl Use com.sun.source @since 1.6 + com.sun.tools.javac.tree.JCTree$Tag      Use com.sun.source @since 1.6 + com.sun.tools.javac.tree.JCTree$Visitor  Use com.sun.source @since 1.6 + com.sun.tools.javac.tree.TreeMaker       Use com.sun.source @since 1.6 + com.sun.tools.javac.tree.TreeTranslator  Use com.sun.source @since 1.6 + com.sun.tools.javac.util.Context         Use javax.tools and javax.lang.model @since 1.6 + com.sun.tools.javac.util.List            Use javax.tools and javax.lang.model @since 1.6 + com.sun.tools.javac.util.ListBuffer      Use javax.tools and javax.lang.model @since 1.6 + com.sun.tools.javac.util.Name            Use javax.tools and javax.lang.model @since 1.6 + com.sun.tools.javac.util.Name$Table      Use javax.tools and javax.lang.model @since 1.6 + com.sun.tools.javac.util.Names           Use javax.tools and javax.lang.model @since 1.6
com.kangyonggan,method-logger,1.6,-,-,?,-,false,com.sun.tools.javac.code.Flags           Use javax.tools and javax.lang.model @since 1.6 + com.sun.tools.javac.code.Symbol          Use javax.tools and javax.lang.model @since 1.6 + com.sun.tools.javac.code.Symbol$ClassSymbol Use javax.tools and javax.lang.model @since 1.6 + com.sun.tools.javac.processing.JavacProcessingEnvironment Use javax.tools and javax.lang.model @since 1.6 + com.sun.tools.javac.tree.JCTree          Use com.sun.source @since 1.6 + com.sun.tools.javac.tree.JCTree$JCBlock  Use com.sun.source @since 1.6 + com.sun.tools.javac.tree.JCTree$JCClassDecl Use com.sun.source @since 1.6 + com.sun.tools.javac.tree.JCTree$JCCompilationUnit Use com.sun.source @since 1.6 + com.sun.tools.javac.tree.JCTree$JCExpression Use com.sun.source @since 1.6 + com.sun.tools.javac.tree.JCTree$JCExpressionStatement Use com.sun.source @since 1.6 + com.sun.tools.javac.tree.JCTree$JCFieldAccess Use com.sun.source @since 1.6 + com.sun.tools.javac.tree.JCTree$JCIdent  Use com.sun.source @since 1.6 + com.sun.tools.javac.tree.JCTree$JCImport Use com.sun.source @since 1.6 + com.sun.tools.javac.tree.JCTree$JCLiteral Use com.sun.source @since 1.6 + com.sun.tools.javac.tree.JCTree$JCMethodDecl Use com.sun.source @since 1.6 + com.sun.tools.javac.tree.JCTree$JCMethodInvocation Use com.sun.source @since 1.6 + com.sun.tools.javac.tree.JCTree$JCModifiers Use com.sun.source @since 1.6 + com.sun.tools.javac.tree.JCTree$JCNewClass Use com.sun.source @since 1.6 + com.sun.tools.javac.tree.JCTree$JCReturn Use com.sun.source @since 1.6 + com.sun.tools.javac.tree.JCTree$JCStatement Use com.sun.source @since 1.6 + com.sun.tools.javac.tree.JCTree$JCTypeCast Use com.sun.source @since 1.6 + com.sun.tools.javac.tree.JCTree$JCVariableDecl Use com.sun.source @since 1.6 + com.sun.tools.javac.tree.JCTree$Visitor  Use com.sun.source @since 1.6 + com.sun.tools.javac.tree.TreeMaker       Use com.sun.source @since 1.6 + com.sun.tools.javac.tree.TreeTranslator  Use com.sun.source @since 1.6 + com.sun.tools.javac.util.Context         Use javax.tools and javax.lang.model @since 1.6 + com.sun.tools.javac.util.List            Use javax.tools and javax.lang.model @since 1.6 + com.sun.tools.javac.util.ListBuffer      Use javax.tools and javax.lang.model @since 1.6 + com.sun.tools.javac.util.Name            Use javax.tools and javax.lang.model @since 1.6 + com.sun.tools.javac.util.Name$Table      Use javax.tools and javax.lang.model @since 1.6 + com.sun.tools.javac.util.Names           Use javax.tools and javax.lang.model @since 1.6
com.kangyonggan,shiro,1.2.0,-,-,?,-,false,-
com.launchkey.sdk,examples-cli,4.0.0,-,-,?,-,false,-
com.launchkey.sdk,examples-spring-mvc,4.0.0,-,-,?,-,false,-
com.launchkey.sdk,launchkey-sdk,4.0.0,-,-,?,-,false,-
com.liferay,com.liferay.osgi.util,3.0.6,-,-,?,-,false,-
com.liferay,com.liferay.portal.background.task.service,2.0.10,-,-,?,-,false,-
com.liferay,com.liferay.portal.configuration.cluster,2.1.2,-,-,?,-,false,-
com.liferay,com.liferay.portal.configuration.extender,2.0.7,-,-,?,-,false,-
com.liferay,com.liferay.portal.configuration.module.configuration,2.0.4,-,-,?,-,false,-
com.liferay,com.liferay.portal.language.extender,2.0.2,-,-,?,-,false,-
com.liferay,com.liferay.portal.language.servlet.filter,2.0.2,-,-,?,-,false,-
com.liferay,com.liferay.portal.lock.service,2.0.6,-,-,?,-,false,-
com.liferay,com.liferay.portal.log4j.extender,2.0.3,-,-,?,-,false,-
com.liferay,com.liferay.portal.messaging,3.0.4,-,-,?,-,false,-
com.liferay,com.liferay.portal.monitoring,4.0.9,-,-,?,-,false,-
com.liferay,com.liferay.portal.osgi.web.portlet.tracker,2.0.5,-,-,?,-,false,-
com.liferay,com.liferay.portal.osgi.web.servlet.jsp.compiler,2.0.12,-,-,?,-,false,-
com.liferay,com.liferay.portal.osgi.web.wab.extender,2.0.13,-,-,?,-,false,-
com.liferay,com.liferay.portal.remote.http.tunnel.extender,2.0.2,-,-,?,-,false,-
com.liferay,com.liferay.portal.remote.rest.extender,2.0.4,-,-,?,-,false,-
com.liferay,com.liferay.portal.scheduler.quartz,2.1.2,-,-,?,-,false,-
com.liferay,com.liferay.portal.scripting.executor,2.1.1,-,-,?,-,false,-
com.liferay,com.liferay.portal.search,3.4.5,-,-,?,-,false,-
com.liferay,com.liferay.portal.search.solr,2.0.7,-,-,?,-,false,-
com.liferay,com.liferay.portal.search.web,1.1.10,-,-,?,-,false,-
com.liferay,com.liferay.portal.security.antisamy,2.0.4,-,-,?,-,false,-
com.liferay,com.liferay.portal.security.auth.verifier,2.0.2,-,-,?,-,false,-
com.liferay,com.liferay.portal.security.service.access.policy.service,2.0.11,-,-,?,-,false,-
com.liferay,com.liferay.portal.settings.authentication.ldap.web,1.0.7,-,-,?,-,false,-
com.liferay,com.liferay.portal.store.cmis,2.0.4,-,-,?,-,false,-
com.liferay,com.liferay.portal.store.file.system,2.0.3,-,-,?,-,false,-
com.liferay,com.liferay.portal.store.jcr,2.0.2,-,-,?,-,false,-
com.liferay,com.liferay.portal.store.s3,2.0.5,-,-,?,-,false,-
com.liferay,com.liferay.portal.template.freemarker,2.0.14,-,-,?,-,false,-
com.liferay,com.liferay.portal.template.velocity,2.0.8,-,-,?,-,false,-
com.liferay,com.liferay.portal.template.xsl,2.0.2,-,-,?,-,false,-
com.liferay,com.liferay.portal.workflow.kaleo.api,2.0.1,-,-,?,-,false,-
com.liferay,com.liferay.portal.workflow.kaleo.definition.api,2.0.2,-,-,?,-,false,-
com.liferay,com.liferay.portal.workflow.kaleo.definition.impl,2.0.1,-,-,?,-,false,-
com.liferay,com.liferay.portal.workflow.kaleo.runtime.impl,2.0.7,-,-,?,-,false,-
com.liferay,com.liferay.portal.workflow.kaleo.service,2.0.14,-,-,?,-,false,-
com.liferay,com.liferay.portal.workflow.task.web,1.0.11,-,-,?,-,false,-
com.liferay,com.liferay.product.navigation.control.menu.theme.contributor,2.0.4,-,-,?,-,false,-
com.liferay,com.liferay.product.navigation.control.menu.web,2.0.7,-,-,?,-,false,-
com.liferay,com.liferay.push.notifications.service,1.0.7,-,-,?,-,false,-
com.liferay,com.liferay.registry.impl,1.0.3,-,-,?,-,false,-
com.liferay,com.liferay.roles.admin.web,1.0.14,-,-,?,-,false,-
com.liferay,com.liferay.rss.web,2.1.3,-,-,?,-,false,-
com.liferay,com.liferay.screens.service,1.0.14,-,-,?,-,false,-
com.liferay,com.liferay.server.admin.web,1.0.10,-,-,?,-,false,-
com.liferay,com.liferay.server.manager,1.0.3,-,-,?,-,false,-
com.liferay,com.liferay.site.admin.web,1.0.14,-,-,?,-,false,-
com.liferay,com.liferay.site.item.selector.web,2.0.6,-,-,?,-,false,-
com.liferay,com.liferay.site.memberships.web,1.0.14,-,-,?,-,false,-
com.liferay,com.liferay.site.navigation.site.map.web,2.0.4,-,-,?,-,false,-
com.liferay,com.liferay.staging.configuration.web,1.0.7,-,-,?,-,false,-
com.liferay,com.liferay.staging.security,2.0.13,-,-,?,-,false,-
com.liferay,com.liferay.staging.taglib,3.1.6,-,-,?,-,false,-
com.liferay,com.liferay.sync.service,1.3.3,-,-,?,-,false,-
com.liferay,com.liferay.trash.web,1.0.10,-,-,?,-,false,-
com.liferay,com.liferay.user.groups.admin.web,1.0.9,-,-,?,-,false,-
com.liferay,com.liferay.users.admin.web,2.0.13,-,-,?,-,false,-
com.liferay,com.liferay.weather.web,1.0.2,-,-,?,-,false,-
com.liferay,com.liferay.web.form.web,1.0.5,-,-,?,-,false,-
com.liferay,com.liferay.websocket.whiteboard,1.0.1,-,-,?,-,false,-
com.liferay,com.liferay.wiki.engine.creole,2.0.7,-,-,?,-,false,-
com.liferay,com.liferay.wiki.service,1.2.14,-,-,?,-,false,-
com.liferay,com.liferay.wiki.web,2.1.9,-,-,?,-,false,-
com.liferay,com.liferay.youtube.web,1.0.5,-,-,?,-,false,-
com.ljhgo,plum,1.0.0,-,-,?,-,false,-
com.logsentinel,logsentinel-java-client,0.0.5,-,-,?,-,false,-
com.lowentry,lowentryue4,1.0.0,-,-,?,-,false,-
com.lowentry,ue4,9.9.9.DELETED,-,-,?,-,false,-
com.lowentry.ue4,java,9.9.9.DELETED,-,-,?,-,false,-
com.lunatech,scala-slack-client,0.2.3,-,-,?,-,false,-
com.mantledillusion.cache,hydnora,1.0.0,-,-,?,-,false,-
com.mantledillusion.data,collo,1.0.0,-,-,?,-,false,-
com.mantledillusion.data,epiphy,2.1.0,-,-,?,-,false,-
com.mantledillusion.data,saman,1.0.0,-,-,?,-,false,-
com.mantledillusion.essentials,concurrency-essentials,1.0.0,-,-,?,-,false,-
com.mantledillusion.essentials,reflection-essentials,1.1.0,-,-,?,-,false,-
com.mantledillusion.essentials,vaadin-essentials,1.1.0,-,-,?,-,false,-
com.mantledillusion.injection,hura,1.0.0,-,-,?,-,false,-
com.mantledillusion.vaadin,cotton,1.0.0,-,-,?,-,false,-
com.maojianwei,chinese-poetry,1.2,-,-,?,-,false,-
com.maojianwei.maocloud,maocloud-monitor-raspberry,1.0,-,-,?,-,false,sun.misc.Unsafe                          See http://openjdk.java.net/jeps/260 + sun.security.x509.X500Name               Use javax.security.auth.x500.X500Principal @since 1.4
com.maojianwei.maoqos,mao-qos-example-push-pos-policy-for-tenants,1.6.0,-,-,?,-,false,-
com.maojianwei.maoqos,mao-qos-example-push-pos-policy-for-type-of-service,1.6.0,-,-,?,-,false,-
com.maojianwei.maoqos,onos-app-mao-qos,1.6.0,-,-,?,-,false,-
com.maojianwei.onos.app,mao-load-balance-routing,1.9.0,-,-,?,-,false,-
com.maojianwei.onos.network.troubleshoot,onos-network-troubleshoot-system-api,1.10.0,-,-,?,-,false,-
com.maojianwei.onos.network.troubleshoot,onos-network-troubleshoot-system-cli,1.10.0,-,-,?,-,false,-
com.maojianwei.onos.network.troubleshoot,onos-network-troubleshoot-system-core,1.10.0,-,-,?,-,false,-
com.maojianwei.talking.rabbit,talking-rabbit-core,1.0.0,-,-,?,-,false,sun.misc.Unsafe                          See http://openjdk.java.net/jeps/260
com.maojianwei,testMavenCentral,1.1,-,-,?,-,false,-
com.mebigfatguy.blocklist,blocklist,0.4.0,-,-,?,-,false,-
com.mebigfatguy.central4j,central4j,0.6.3,-,-,?,-,false,-
com.mebigfatguy.fb-contrib,fb-contrib,7.4.3.sb,-,-,?,-,false,-
com.mebigfatguy.fbp-maven-plugin,fbp-maven-plugin,0.4.1,-,-,?,-,false,-
com.mebigfatguy.oahash,oahash,0.2.0,-,-,?,-,false,-
com.mebigfatguy.quiescence,quiescence,0.2.1,-,-,?,-,false,-
com.mebigfatguy.yank,yank,2.0.1,-,-,?,-,false,-
com.mixnode.utils,warcreader,1.0,-,-,?,-,false,-
com.mockrunner,mockrunner-all,2.0.1,-,-,?,-,false,-
com.mockrunner,mockrunner-core,2.0.1,-,-,?,-,false,-
com.mockrunner,mockrunner-ejb,2.0.1,-,-,?,-,false,-
com.mockrunner,mockrunner-jca,2.0.1,-,-,?,-,false,-
com.mockrunner,mockrunner-jdbc,2.0.1,-,-,?,-,false,-
com.mockrunner,mockrunner-jms,2.0.1,-,-,?,-,false,-
com.mockrunner,mockrunner-servlet,2.0.1,-,-,?,-,false,-
com.mockrunner,mockrunner-struts,2.0.1,-,-,?,-,false,-
com.mockrunner,mockrunner-tag,2.0.1,-,-,?,-,false,-
com.nosuchfield,geisha,1.0.0-RELEASE,-,-,?,-,false,-
com.noveria.assertion,wait-until-asserter,1.0.1,-,-,?,-,false,-
com.noveria.assertion,wait-until-asserter-acceptance-test,1.0.1,-,-,?,-,false,-
com.portingle,classpath-hell,1.2,-,-,?,-,false,-
com.portingle,slf4jtesting,1.1.3,-,-,?,-,false,-
com.positiondev.epublib,epublib-core,3.1,-,-,?,-,false,-
com.positiondev.epublib,epublib-tools,3.1,-,-,?,-,false,-
com.programmerare.shortest-paths,adapters-shortest-paths-core,1.0.0,-,-,?,-,false,-
com.programmerare.shortest-paths,adapters-shortest-paths-impl-bsmock,1.0.0,-,-,?,-,false,-
com.programmerare.shortest-paths,adapters-shortest-paths-impl-yanqi,1.0.0,-,-,?,-,false,-
com.programmerare.shortest-paths,fork-of-edu.asu.emit.algorithm.graph,1.0.0,-,-,?,-,false,-
com.programmerare.shortest-paths,fork-of-edu.ufl.cise.bsmock.graph,1.0.0,-,-,?,-,false,-
com.retailmenot,testrailsdk,1.3.1,-,-,?,-,false,-
com.roboxue,niffler-core_2.11,0.3.3,-,-,?,-,false,-
com.roboxue,niffler-core_2.12,0.3.3,-,-,?,-,false,-
com.roboxue,niffler-monitoring_2.11,0.3.3,-,-,?,-,false,-
com.roboxue,niffler-monitoring_2.12,0.3.3,-,-,?,-,false,-
com.rocketfuel.sdbc,base_2.11,2.0.2,-,-,?,-,false,-
com.rocketfuel.sdbc,base_2.12,2.0.2,-,-,?,-,false,-
com.rocketfuel.sdbc,cassandra-datastax_2.11,2.0.2,-,-,?,-,false,-
com.rocketfuel.sdbc,cassandra-datastax_2.12,2.0.2,-,-,?,-,false,-
com.rocketfuel.sdbc,h2-jdbc_2.11,2.0.2,-,-,?,-,false,-
com.rocketfuel.sdbc,h2-jdbc_2.12,2.0.2,-,-,?,-,false,-
com.rocketfuel.sdbc,jdbc_2.11,2.0.2,-,-,?,-,false,-
com.rocketfuel.sdbc,jdbc_2.12,2.0.2,-,-,?,-,false,-
com.rocketfuel.sdbc,mariadb-jdbc_2.11,2.0.2,-,-,?,-,false,-
com.rocketfuel.sdbc,mariadb-jdbc_2.12,2.0.2,-,-,?,-,false,-
com.rocketfuel.sdbc,postgresql-jdbc_2.11,2.0.2,-,-,?,-,false,-
com.rocketfuel.sdbc,postgresql-jdbc_2.12,2.0.2,-,-,?,-,false,-
com.rocketfuel.sdbc,sqlserver-jdbc_2.11,2.0.2,-,-,?,-,false,-
com.rocketfuel.sdbc,sqlserver-jdbc_2.12,2.0.2,-,-,?,-,false,-
com.scalified,jaxrs,0.0.4,-,-,?,-,false,-
com.scalified,jaxrs-resteasy3,0.0.4,-,-,?,-,false,-
com.scalified,jpa,1.0.0,-,-,?,-,false,-
com.scalified,tree,0.2.5,-,-,?,-,false,-
com.scorpiac.javarant,javarant,2.1.0,-,-,?,-,false,-
com.selesse,jxlint,2.0.0,-,-,?,-,false,-
com.selesse,jxlint-assertj,2.0.0,-,-,?,-,false,-
com.selesse,jxlint-cli,2.0.0,-,-,?,-,false,-
com.selesse,jxlint-maven,2.0.0,-,-,?,-,false,-
com.shoprunner,baleen,1.4.1,-,-,?,-,false,-
com.shoprunner,baleen-avro-generator,1.4.1,-,-,?,-,false,-
com.shoprunner,baleen-csv,1.4.1,-,-,?,-,false,-
com.shoprunner,baleen-xml,1.4.1,-,-,?,-,false,-
com.shoprunner,baleen-xsd-generator,1.4.1,-,-,?,-,false,-
com.siemens.ct.exi,exificient,1.0.1,-,-,?,-,false,-
com.siemens.ct.exi,exificient-core,1.0.1,-,-,?,-,false,-
com.siemens.ct.exi,exificient-for-css,1.0.1,-,-,?,-,false,-
com.siemens.ct.exi,exificient-for-javascript,1.0.1,-,-,?,-,false,-
com.siemens.ct.exi,exificient-for-json,1.0.1,-,-,?,-,false,-
com.siemens.ct.exi,exificient-grammars,1.0.1,-,-,?,-,false,-
com.siemens.ct.exi,exificient-gui,1.0.1,-,-,?,-,false,-
com.spotinst,spotinst-functions-java-core,1.3,-,-,?,-,false,-
com.sysunite.coinsweb,coins-api,1.1.606,-,-,?,-,false,-
com.sysunite.coinsweb,validator-cli,2.0.9,-,-,?,-,false,sun.misc.Unsafe                          See http://openjdk.java.net/jeps/260 + sun.reflect.Reflection                   Use java.lang.StackWalker @since 9
com.sysunite.coinsweb,validator-core,2.0.9,-,-,?,-,false,-
com.sysunite.coinsweb,validator-parser-config-yml,2.0.9,-,-,?,-,false,sun.reflect.Reflection                   Use java.lang.StackWalker @since 9
com.sysunite.coinsweb,validator-parser-profile-xml,2.0.9,-,-,?,-,false,-
com.taskadapter,redmine-java-api,3.1.0,-,-,?,-,false,-
com.taskadapter,trello-java-wrapper,0.7,-,-,?,-,false,-
com.tesults,tesults,1.0.1,-,-,?,-,false,-
com.thing2x,smqd-bridge-http_2.12,0.4.1,-,-,?,-,false,-
com.thing2x,smqd-bridge-mqtt_2.12,0.3.4,-,-,?,-,false,-
com.thing2x,smqd-core_2.12,0.4.2,-,-,?,-,false,sun.misc.BASE64Encoder                   Use java.util.Base64 @since 1.8
com.tlaloc-es,simpleapi,0.0.1,-,-,?,-,false,-
com.tmtron.enums,enum-mapper-lib,1.0.4,-,-,?,-,false,-
com.tmtron.enums,enum-mapper-processor,1.0.4,-,-,?,-,false,-
com.tmtron,green-annotations,1.0.2,-,-,?,-,false,-
com.tmtron,green-annotations-api,1.0.2,-,-,?,-,false,-
com.tmtron.immutables,encoding,1.0.1,-,-,?,-,false,-
com.tqdev.metrics,metrics-aspectj,0.9.26,-,-,?,-,false,-
com.tqdev.metrics,metrics-core,0.9.26,-,-,?,-,false,-
com.tqdev.metrics,metrics-http,0.9.26,-,-,?,-,false,-
com.tqdev.metrics,metrics-influxdb,0.9.26,-,-,?,-,false,-
com.tqdev.metrics,metrics-jdbc,0.9.26,-,-,?,-,false,-
com.tqdev.metrics,metrics-jetty,0.9.26,-,-,?,-,false,-
com.tqdev.metrics,metrics-jmx,0.9.26,-,-,?,-,false,-
com.tqdev.metrics,metrics-jvm,0.9.26,-,-,?,-,false,-
com.tqdev.metrics,metrics-sigar,0.9.26,-,-,?,-,false,-
com.tqdev.metrics,metrics-spring,0.9.11,-,-,?,-,false,-
com.tqdev.metrics,metrics-spring-loaders,0.9.26,-,-,?,-,false,-
com.tqdev.metrics,metrics-spring-security,0.9.26,-,-,?,-,false,-
com.tqdev.metrics,metrics-spring-webmvc,0.9.26,-,-,?,-,false,-
com.vatbox,epoximise_2.11,1.0.4,-,-,?,-,false,-
com.vatbox,epoximise_2.12,1.0.4,-,-,?,-,false,-
com.vatbox,polyjuice_2.11,1.1.9,-,-,?,-,false,-
com.visenze,visearch-java-sdk,1.8.8,-,-,?,-,false,-
com.weblyzard.api,weblyzard-api,0.1.0.8,-,-,?,-,false,-
com.weblyzard.lib.string,nilsimsa,0.0.3,-,-,?,-,false,-
com.weblyzard.sparql,streaming-sparql,0.0.3,-,-,?,-,false,sun.misc.Unsafe                          See http://openjdk.java.net/jeps/260
com.wf2311,flog-spring,1.0.0,-,-,?,-,false,-
com.wf2311,jfeng-datetime,0.1.3,-,-,?,-,false,-
com.wf2311,jfeng-lang,0.1.3,-,-,?,-,false,-
com.wf2311,jfeng-mybatis-generator,0.1.3,-,-,?,-,false,-
com.wf2311,jfeng-repository,0.1.3,-,-,?,-,false,-
com.wf2311,jfeng-repository-annoation,0.1.3,-,-,?,-,false,-
com.wf2311,jfeng-repository-sql-aspect,0.1.3,-,-,?,-,false,-
com.wf2311,redis-distributed-lock-common,1.0.0,-,-,?,-,false,-
com.wf2311,redis-distributed-lock-spring,1.0.0,-,-,?,-,false,-
com.wf2311,spring-boot-starter-flog,1.0.0,-,-,?,-,false,-
com.wf2311,spring-boot-starter-java8-time,0.1.1,-,-,?,-,false,-
com.wf2311,spring-boot-starter-redis-distributed-lock,1.0.0,-,-,?,-,false,-
com.wf2311,spring-boot-starter-swagger,0.1.0,-,-,?,-,false,-
com.yunpian.sdk,yunpian-java-sdk,1.2.7,-,-,?,-,false,-
com.zigurs.karlis.utils.search,QuickSearch,1.8,-,-,?,-,false,-
