groupId,artifactId,version,moduleName,moduleVersion,moduleMode,moduleDependencies,jdepsToolError,jdepsViolations
cn.jiangzeyin,dbutil,1.2.9,-,-,?,-,false,-
com.github.adyliu,zkclient,2.1.2,-,-,?,-,false,-
com.github.ahodanenok.maven.plugins,gwt-sdm-url-maven-plugin,1.0.0,-,-,?,-,false,-
com.github.andrebonna,json-snapshot,0.0.3,-,-,?,-,false,-
com.github.aschet,spdx-license-compat,1.0.0,-,-,?,-,false,-
com.github.aschet,spdx-license-expression-tools,1.0.1,-,-,?,-,false,-
com.github.btheu.estivate,estivate,0.3.4,-,-,?,-,false,-
com.github.btheu.futurefit,futurefit,0.1.2,-,-,?,-,false,-
com.github.btheu.table-mapper,table-mapper,0.3.0,-,-,?,-,false,-
com.github.cafeduke,jreportng,1.2,-,-,?,-,false,-
com.github.camelion,spring-clickhouse-metrics,2.0.0.RELEASE,-,-,?,-,false,-
com.github.cascala,galileo_2.11,0.1.1,-,-,?,-,false,-
com.github.celldynamics.quimp,QuimP_,18.02.01,-,-,?,-,false,-
com.github.ch3cho,bundler-maven-plugin,1.12.2,-,-,?,-,false,-
com.github.charithe,flake4j,1.0.1,-,-,?,-,false,-
com.github.charithe,kafka-junit,4.1.2,-,-,?,-,false,-
com.github.chhsiao90,modelmapper-module-java8-datatypes,1.0.0,-,-,?,-,false,-
com.github.chhsiao90,modelmapper-module-jsr310,1.0.0,-,-,?,-,false,-
com.github.christapley,jenkins-dependency-maven-plugin,1.0.2,-,-,?,-,false,-
com.github.christapley,windows-symbol-store-maven-plugin,1.0.0,-,-,?,-,false,-
com.github.cretz.asmble,asmble-annotations,0.3.0,-,-,?,-,false,-
com.github.cretz.asmble,asmble-compiler,0.3.0,-,-,?,-,false,-
com.github.cretz.kastree,kastree-ast-common,0.1.0,-,-,?,-,false,-
com.github.cretz.kastree,kastree-ast-jvm,0.1.0,-,-,?,-,false,-
com.github.cretz.kastree,kastree-ast-psi,0.1.0,-,-,?,-,false,-
com.github.cretz.pbandk,pbandk-runtime-common,0.2.0,-,-,?,-,false,-
com.github.cretz.pbandk,pbandk-runtime-js,0.2.0,-,-,?,-,false,-
com.github.cretz.pbandk,pbandk-runtime-jvm,0.2.0,-,-,?,-,false,-
com.github.cretz.pgnio,pgnio-driver,0.2.0,-,-,?,-,false,-
com.github.dslaveykov,test,2.0.1,-,-,?,-,false,-
com.github.felfert,improvedjerseylogging,1.4,-,-,?,-,false,-
com.github.felfert,sslutils,1.0,-,-,?,-,false,-
com.github.fgoncalves,rxredux,1.0.0,-,-,?,-,false,-
com.github.fsw0422,yahoofinancehistoryfetcher_2.11,0.1.1,-,-,?,-,false,-
com.github.fsw0422,yahoofinancehistoryfetcher_2.12,0.1.1,-,-,?,-,false,-
com.github.gavlyukovskiy,datasource-decorator-spring-boot-autoconfigure,1.4.3,-,-,?,-,false,-
com.github.gavlyukovskiy,datasource-proxy-spring-boot-starter,1.4.2,-,-,?,-,false,-
com.github.gavlyukovskiy,decorator-spring-boot-autoconfigure,1.0.RELEASE,-,-,?,-,false,-
com.github.gavlyukovskiy,flexy-pool-spring-boot-starter,1.4.3,-,-,?,-,false,-
com.github.gavlyukovskiy,p6spy-spring-boot-starter,1.4.3,-,-,?,-,false,-
com.github.ggeorgovassilis,fauxjsp,1.2.3,-,-,?,-,false,-
com.github.gkarthiks,s3-presigned-url,0.1.1,-,-,?,-,false,-
com.github.gquintana.metrics,metrics-sql,3.2.1,-,-,?,-,false,-
com.github.hc-tys,grace-anno,1.0.0,-,-,?,-,false,-
com.github.hc-tys,grace-compiler,1.0.0,-,-,?,-,false,-
com.github.hc-tys,grace-core,1.0.1,-,-,?,-,false,-
com.github.hilcode,teng,0.2,-,-,?,-,false,-
com.github.hilcode,teng-maven-plugin,0.2,-,-,?,-,false,-
com.github.hy2cone,retrofit-spring-boot-autoconfigure,0.1.1,-,-,?,-,false,-
com.github.hy2cone,retrofit-spring-boot-starter,0.1.1,-,-,?,-,false,-
com.github.ikhoon,finatra-swagger_2.11,18.4.4,-,-,?,-,false,-
com.github.ikhoon,finatra-swagger_2.12,18.4.4,-,-,?,-,false,-
com.github.ikhoon,scalacache-arcus_2.11,0.23.0,-,-,?,-,false,-
com.github.ikhoon,scalacache-arcus_2.12,0.23.0,-,-,?,-,false,-
com.github.inkyfox,korean-post-position-util,1.0.3,-,-,?,-,false,-
com.github.iounit,iounit,0.2.0,-,-,?,-,false,-
com.github.isengrim613,junit5-dbsetup-annotations,1.0.0,-,-,?,-,false,-
com.github.jameszbl,console-util,1.0.2,-,-,?,-,false,-
com.github.JoeKerouac,net,1.5.002,-,-,?,-,false,-
com.github.JoeKerouac,utils,1.8.010,-,-,?,-,false,-
com.github.kentyeh,browserslist,1.0.0,-,-,?,-,false,-
com.github.kentyeh,scpc,1.1,-,-,?,-,false,-
com.github.keran213539,commonOkHttp,0.3,-,-,?,-,false,-
com.github.kerner1000,javafx-chart-zooming,0.0.8,-,-,?,-,false,-
com.github.kerner1000,k-tools1000,0.0.1,-,-,?,-,false,-
com.github.ktakagaki.breeze,breeze_2.12,0.15.1,-,-,?,-,false,-
com.github.ktakagaki.breeze,breeze-macros_2.12,0.15.1,-,-,?,-,false,-
com.github.ktakagaki.breeze,breeze-natives_2.12,0.15.1,-,-,?,-,false,-
com.github.ktakagaki.breeze,breeze-parent_2.12,0.15.1,-,-,?,-,false,-
com.github.langion,langion-creator,1.7,-,-,?,-,false,-
com.github.langion,langion-example,1.7,-,-,?,-,false,-
com.github.langion,langion-form,1.7,-,-,?,-,false,-
com.github.langion,langion-maven-plugin,1.7,-,-,?,-,false,-
com.github.leigh-perry,template-wizard_2.12,1.0.0,-,-,?,-,false,-
com.github.ljtfreitas,java-restify,1.6.4,-,-,?,-,false,-
com.github.ljtfreitas,java-restify-cdi,1.6.4,-,-,?,-,false,-
com.github.ljtfreitas,java-restify-jaxrs-contract,1.6.4,-,-,?,-,false,-
com.github.ljtfreitas,java-restify-jersey-http-client,1.6.4,-,-,?,-,false,-
com.github.ljtfreitas,java-restify-netflix,1.6.4,-,-,?,-,false,-
com.github.ljtfreitas,java-restify-netflix-spring-autoconfigure,1.6.4,-,-,?,-,false,-
com.github.ljtfreitas,java-restify-netflix-spring-starter,1.6.4,-,-,?,-,false,-
com.github.ljtfreitas,java-restify-spring,1.6.4,-,-,?,-,false,-
com.github.ljtfreitas,java-restify-spring-autoconfigure,1.6.4,-,-,?,-,false,-
com.github.ljtfreitas,java-restify-spring-starter,1.6.4,-,-,?,-,false,-
com.github.madgnome,h2spec-maven-plugin,0.4,-,-,?,-,false,-
com.github.maltalex,ineter,0.1.0,-,-,?,-,false,-
com.github.mihaicostin,hibernate-l2-memcached,5.2.17.0,-,-,?,-,false,-
com.github.mingchuno,akka-persistence-no-ops_2.11,0.1.0,-,-,?,-,false,-
com.github.mingchuno,akka-persistence-no-ops_2.12,0.1.0,-,-,?,-,false,-
com.github.mingchuno,etcd4s_2.11,0.1.4,-,-,?,-,false,-
com.github.mingchuno,etcd4s_2.12,0.1.4,-,-,?,-,false,-
com.github.mingchuno,etcd4s-akka-stream_2.11,0.1.4,-,-,?,-,false,-
com.github.mingchuno,etcd4s-akka-stream_2.12,0.1.4,-,-,?,-,false,-
com.github.mingchuno,etcd4s-core_2.11,0.1.4,-,-,?,-,false,-
com.github.mingchuno,etcd4s-core_2.12,0.1.4,-,-,?,-,false,-
com.github.mingchuno,mongopb4s_2.11,1.0.7,-,-,?,-,false,-
com.github.mingchuno,mongopb4s_2.12,1.0.7,-,-,?,-,false,-
com.github.mstream-trader,commons-validation,1.8,-,-,?,-,false,-
com.github.mstream-trader,commons-validation-integration-tests,1.8,-,-,?,-,false,-
com.github.mthizo247,spring-cloud-netflix-zuul-websocket,1.0.7.RELEASE,-,-,?,-,false,-
com.github.nnest,sparrow-simple,0.0.5,-,-,?,-,false,-
com.github.nordstrom.tools,java-utils,1.3.1,-,-,?,-,false,-
com.github.nordstrom.tools,remote-session,0.9.1,-,-,?,-,false,-
com.github.nordstrom.tools,settings,2.0.6,-,-,?,-,false,-
com.github.nullterminated,trylambda,1.1,com.github.nullterminated.trylambda,-,automatic,-,false,-
com.github.plokhotnyuk.jsoniter-scala,core_2.11,0.28.1,-,-,?,-,false,sun.misc.Unsafe                          See http://openjdk.java.net/jeps/260
com.github.plokhotnyuk.jsoniter-scala,core_2.12,0.28.1,-,-,?,-,false,sun.misc.Unsafe                          See http://openjdk.java.net/jeps/260
com.github.plokhotnyuk.jsoniter-scala,core_2.13.0-M3,0.28.0,-,-,?,-,false,sun.misc.Unsafe                          See http://openjdk.java.net/jeps/260
com.github.plokhotnyuk.jsoniter-scala,core_2.13.0-M4,0.28.1,-,-,?,-,false,sun.misc.Unsafe                          See http://openjdk.java.net/jeps/260
com.github.plokhotnyuk.jsoniter-scala,jsoniter-scala-core_2.11,0.29.16,-,-,?,-,false,sun.misc.Unsafe                          See http://openjdk.java.net/jeps/260
com.github.plokhotnyuk.jsoniter-scala,jsoniter-scala-core_2.12,0.29.16,-,-,?,-,false,sun.misc.Unsafe                          See http://openjdk.java.net/jeps/260
com.github.plokhotnyuk.jsoniter-scala,jsoniter-scala-core_2.13.0-M4,0.29.16,-,-,?,-,false,sun.misc.Unsafe                          See http://openjdk.java.net/jeps/260
com.github.plokhotnyuk.jsoniter-scala,jsoniter-scala-macros_2.11,0.29.16,-,-,?,-,false,-
com.github.plokhotnyuk.jsoniter-scala,jsoniter-scala-macros_2.12,0.29.16,-,-,?,-,false,-
com.github.plokhotnyuk.jsoniter-scala,jsoniter-scala-macros_2.13.0-M4,0.29.16,-,-,?,-,false,-
com.github.plokhotnyuk.jsoniter-scala,macros_2.11,0.28.1,-,-,?,-,false,-
com.github.plokhotnyuk.jsoniter-scala,macros_2.12,0.28.1,-,-,?,-,false,-
com.github.plokhotnyuk.jsoniter-scala,macros_2.13.0-M3,0.28.0,-,-,?,-,false,-
com.github.plokhotnyuk.jsoniter-scala,macros_2.13.0-M4,0.28.1,-,-,?,-,false,-
com.github.psnrigner,discord-rpc-java,1.0.4,-,-,?,-,false,sun.misc.Signal                          See http://openjdk.java.net/jeps/260 + sun.misc.SignalHandler                   See http://openjdk.java.net/jeps/260 + sun.misc.Unsafe                          See http://openjdk.java.net/jeps/260
com.github.reggar,auto-value-ignore-hash-equals,1.1.4,-,-,?,-,false,-
com.github.romastyi,play-boilerplate-api_2.11,0.0.1,-,-,?,-,false,-
com.github.romastyi,play-boilerplate-api_2.12,0.0.1,-,-,?,-,false,-
com.github.romastyi,play-boilerplate-api-consul_2.11,0.1.3,-,-,?,-,false,-
com.github.romastyi,play-boilerplate-api-consul_2.12,0.1.3,-,-,?,-,false,-
com.github.romastyi,play-boilerplate-api-core_2.11,0.1.3,-,-,?,-,false,-
com.github.romastyi,play-boilerplate-api-core_2.12,0.1.3,-,-,?,-,false,-
com.github.romastyi,play-boilerplate-api-play23_2.11,0.1.3,-,-,?,-,false,-
com.github.romastyi,play-boilerplate-api-play24_2.11,0.1.3,-,-,?,-,false,-
com.github.romastyi,play-boilerplate-api-play25_2.11,0.1.3,-,-,?,-,false,-
com.github.romastyi,play-boilerplate-api-play26_2.11,0.1.3,-,-,?,-,false,-
com.github.romastyi,play-boilerplate-api-play26_2.12,0.1.3,-,-,?,-,false,-
com.github.romastyi,sbt-play-boilerplate-lib_2.10,0.1.3,-,-,?,-,false,-
com.github.romastyi,sbt-play-boilerplate-lib_2.12,0.1.3,-,-,?,-,false,-
com.github.scalaprops,scalaprops_2.10,0.5.5,-,-,?,-,false,-
com.github.scalaprops,scalaprops_2.11,0.5.5,-,-,?,-,false,-
com.github.scalaprops,scalaprops_2.12,0.5.5,-,-,?,-,false,-
com.github.scalaprops,scalaprops_2.13.0-M1,0.5.0,-,-,?,-,false,-
com.github.scalaprops,scalaprops_2.13.0-M2,0.5.3,-,-,?,-,false,-
com.github.scalaprops,scalaprops_2.13.0-M3,0.5.5,-,-,?,-,false,-
com.github.scalaprops,scalaprops_2.13.0-M4,0.5.5,-,-,?,-,false,-
com.github.scalaprops,scalaprops_2.13.0-M4-pre-20d3c21,0.5.4,-,-,?,-,false,-
com.github.scalaprops,scalaprops-core_2.10,0.5.5,-,-,?,-,false,-
com.github.scalaprops,scalaprops-core_2.11,0.5.5,-,-,?,-,false,-
com.github.scalaprops,scalaprops-core_2.12,0.5.5,-,-,?,-,false,-
com.github.scalaprops,scalaprops-core_2.13.0-M1,0.5.0,-,-,?,-,false,-
com.github.scalaprops,scalaprops-core_2.13.0-M2,0.5.3,-,-,?,-,false,-
com.github.scalaprops,scalaprops-core_2.13.0-M3,0.5.5,-,-,?,-,false,-
com.github.scalaprops,scalaprops-core_2.13.0-M4,0.5.5,-,-,?,-,false,-
com.github.scalaprops,scalaprops-core_2.13.0-M4-pre-20d3c21,0.5.4,-,-,?,-,false,-
com.github.scalaprops,scalaprops-core_native0.3_2.11,0.5.5,-,-,?,-,false,-
com.github.scalaprops,scalaprops-core_sjs0.6_2.10,0.5.5,-,-,?,-,false,-
com.github.scalaprops,scalaprops-core_sjs0.6_2.11,0.5.5,-,-,?,-,false,-
com.github.scalaprops,scalaprops-core_sjs0.6_2.12,0.5.5,-,-,?,-,false,-
com.github.scalaprops,scalaprops-core_sjs0.6_2.13.0-M1,0.5.0,-,-,?,-,false,-
com.github.scalaprops,scalaprops-core_sjs0.6_2.13.0-M2,0.5.3,-,-,?,-,false,-
com.github.scalaprops,scalaprops-core_sjs0.6_2.13.0-M3,0.5.5,-,-,?,-,false,-
com.github.scalaprops,scalaprops-core_sjs0.6_2.13.0-M4,0.5.5,-,-,?,-,false,-
com.github.scalaprops,scalaprops-core_sjs1.0.0-M1_2.10,0.5.0,-,-,?,-,false,-
com.github.scalaprops,scalaprops-core_sjs1.0.0-M1_2.11,0.5.0,-,-,?,-,false,-
com.github.scalaprops,scalaprops-core_sjs1.0.0-M1_2.12,0.5.0,-,-,?,-,false,-
com.github.scalaprops,scalaprops-core_sjs1.0.0-M1_2.13.0-M1,0.5.0,-,-,?,-,false,-
com.github.scalaprops,scalaprops-core_sjs1.0.0-M3_2.11,0.5.4,-,-,?,-,false,-
com.github.scalaprops,scalaprops-core_sjs1.0.0-M3_2.12,0.5.4,-,-,?,-,false,-
com.github.scalaprops,scalaprops-core_sjs1.0.0-M3_2.13.0-M2,0.5.3,-,-,?,-,false,-
com.github.scalaprops,scalaprops-core_sjs1.0.0-M3_2.13.0-M3,0.5.4,-,-,?,-,false,-
com.github.scalaprops,scalaprops-gen_2.10,0.5.5,-,-,?,-,false,-
com.github.scalaprops,scalaprops-gen_2.11,0.5.5,-,-,?,-,false,-
com.github.scalaprops,scalaprops-gen_2.12,0.5.5,-,-,?,-,false,-
com.github.scalaprops,scalaprops-gen_2.13.0-M1,0.5.0,-,-,?,-,false,-
com.github.scalaprops,scalaprops-gen_2.13.0-M2,0.5.3,-,-,?,-,false,-
com.github.scalaprops,scalaprops-gen_2.13.0-M3,0.5.5,-,-,?,-,false,-
com.github.scalaprops,scalaprops-gen_2.13.0-M4,0.5.5,-,-,?,-,false,-
com.github.scalaprops,scalaprops-gen_2.13.0-M4-pre-20d3c21,0.5.4,-,-,?,-,false,-
com.github.scalaprops,scalaprops-gen_native0.3_2.11,0.5.5,-,-,?,-,false,-
com.github.scalaprops,scalaprops-gen_sjs0.6_2.10,0.5.5,-,-,?,-,false,-
com.github.scalaprops,scalaprops-gen_sjs0.6_2.11,0.5.5,-,-,?,-,false,-
com.github.scalaprops,scalaprops-gen_sjs0.6_2.12,0.5.5,-,-,?,-,false,-
com.github.scalaprops,scalaprops-gen_sjs0.6_2.13.0-M1,0.5.0,-,-,?,-,false,-
com.github.scalaprops,scalaprops-gen_sjs0.6_2.13.0-M2,0.5.3,-,-,?,-,false,-
com.github.scalaprops,scalaprops-gen_sjs0.6_2.13.0-M3,0.5.5,-,-,?,-,false,-
com.github.scalaprops,scalaprops-gen_sjs0.6_2.13.0-M4,0.5.5,-,-,?,-,false,-
com.github.scalaprops,scalaprops-gen_sjs1.0.0-M1_2.10,0.5.0,-,-,?,-,false,-
com.github.scalaprops,scalaprops-gen_sjs1.0.0-M1_2.11,0.5.0,-,-,?,-,false,-
com.github.scalaprops,scalaprops-gen_sjs1.0.0-M1_2.12,0.5.0,-,-,?,-,false,-
com.github.scalaprops,scalaprops-gen_sjs1.0.0-M1_2.13.0-M1,0.5.0,-,-,?,-,false,-
com.github.scalaprops,scalaprops-gen_sjs1.0.0-M3_2.11,0.5.4,-,-,?,-,false,-
com.github.scalaprops,scalaprops-gen_sjs1.0.0-M3_2.12,0.5.4,-,-,?,-,false,-
com.github.scalaprops,scalaprops-gen_sjs1.0.0-M3_2.13.0-M2,0.5.3,-,-,?,-,false,-
com.github.scalaprops,scalaprops-gen_sjs1.0.0-M3_2.13.0-M3,0.5.4,-,-,?,-,false,-
com.github.scalaprops,scalaprops-magnolia_2.12,0.1.2,-,-,?,-,false,-
com.github.scalaprops,scalaprops-magnolia_sjs0.6_2.12,0.1.2,-,-,?,-,false,-
com.github.scalaprops,scalaprops_native0.3_2.11,0.5.5,-,-,?,-,false,-
com.github.scalaprops,scalaprops-scalazlaws_2.10,0.5.5,-,-,?,-,false,-
com.github.scalaprops,scalaprops-scalazlaws_2.11,0.5.5,-,-,?,-,false,-
com.github.scalaprops,scalaprops-scalazlaws_2.12,0.5.5,-,-,?,-,false,-
com.github.scalaprops,scalaprops-scalazlaws_2.13.0-M1,0.5.0,-,-,?,-,false,-
com.github.scalaprops,scalaprops-scalazlaws_2.13.0-M2,0.5.3,-,-,?,-,false,-
com.github.scalaprops,scalaprops-scalazlaws_2.13.0-M3,0.5.5,-,-,?,-,false,-
com.github.scalaprops,scalaprops-scalazlaws_2.13.0-M4,0.5.5,-,-,?,-,false,-
com.github.scalaprops,scalaprops-scalazlaws_2.13.0-M4-pre-20d3c21,0.5.4,-,-,?,-,false,-
com.github.scalaprops,scalaprops-scalazlaws_native0.3_2.11,0.5.5,-,-,?,-,false,-
com.github.scalaprops,scalaprops-scalazlaws_sjs0.6_2.10,0.5.5,-,-,?,-,false,-
com.github.scalaprops,scalaprops-scalazlaws_sjs0.6_2.11,0.5.5,-,-,?,-,false,-
com.github.scalaprops,scalaprops-scalazlaws_sjs0.6_2.12,0.5.5,-,-,?,-,false,-
com.github.scalaprops,scalaprops-scalazlaws_sjs0.6_2.13.0-M1,0.5.0,-,-,?,-,false,-
com.github.scalaprops,scalaprops-scalazlaws_sjs0.6_2.13.0-M2,0.5.3,-,-,?,-,false,-
com.github.scalaprops,scalaprops-scalazlaws_sjs0.6_2.13.0-M3,0.5.5,-,-,?,-,false,-
com.github.scalaprops,scalaprops-scalazlaws_sjs0.6_2.13.0-M4,0.5.5,-,-,?,-,false,-
com.github.scalaprops,scalaprops-scalazlaws_sjs1.0.0-M1_2.10,0.5.0,-,-,?,-,false,-
com.github.scalaprops,scalaprops-scalazlaws_sjs1.0.0-M1_2.11,0.5.0,-,-,?,-,false,-
com.github.scalaprops,scalaprops-scalazlaws_sjs1.0.0-M1_2.12,0.5.0,-,-,?,-,false,-
com.github.scalaprops,scalaprops-scalazlaws_sjs1.0.0-M1_2.13.0-M1,0.5.0,-,-,?,-,false,-
com.github.scalaprops,scalaprops-scalazlaws_sjs1.0.0-M3_2.11,0.5.4,-,-,?,-,false,-
com.github.scalaprops,scalaprops-scalazlaws_sjs1.0.0-M3_2.12,0.5.4,-,-,?,-,false,-
com.github.scalaprops,scalaprops-scalazlaws_sjs1.0.0-M3_2.13.0-M2,0.5.3,-,-,?,-,false,-
com.github.scalaprops,scalaprops-scalazlaws_sjs1.0.0-M3_2.13.0-M3,0.5.4,-,-,?,-,false,-
com.github.scalaprops,scalaprops-shapeless_2.11,0.2.2,-,-,?,-,false,-
com.github.scalaprops,scalaprops-shapeless_2.12,0.2.2,-,-,?,-,false,-
com.github.scalaprops,scalaprops-shapeless_2.13.0-M1,0.2.1,-,-,?,-,false,-
com.github.scalaprops,scalaprops-shapeless_2.13.0-M2,0.2.2,-,-,?,-,false,-
com.github.scalaprops,scalaprops-shapeless_2.13.0-M3,0.2.2,-,-,?,-,false,-
com.github.scalaprops,scalaprops-shapeless_2.13.0-M4,0.2.2,-,-,?,-,false,-
com.github.scalaprops,scalaprops-shapeless_native0.3_2.11,0.2.2,-,-,?,-,false,-
com.github.scalaprops,scalaprops-shapeless_sjs0.6_2.11,0.2.2,-,-,?,-,false,-
com.github.scalaprops,scalaprops-shapeless_sjs0.6_2.12,0.2.2,-,-,?,-,false,-
com.github.scalaprops,scalaprops-shapeless_sjs0.6_2.13.0-M1,0.2.1,-,-,?,-,false,-
com.github.scalaprops,scalaprops-shapeless_sjs0.6_2.13.0-M2,0.2.2,-,-,?,-,false,-
com.github.scalaprops,scalaprops-shapeless_sjs0.6_2.13.0-M3,0.2.2,-,-,?,-,false,-
com.github.scalaprops,scalaprops-shapeless_sjs0.6_2.13.0-M4,0.2.2,-,-,?,-,false,-
com.github.scalaprops,scalaprops_sjs0.6_2.10,0.5.5,-,-,?,-,false,-
com.github.scalaprops,scalaprops_sjs0.6_2.11,0.5.5,-,-,?,-,false,-
com.github.scalaprops,scalaprops_sjs0.6_2.12,0.5.5,-,-,?,-,false,-
com.github.scalaprops,scalaprops_sjs0.6_2.13.0-M1,0.5.0,-,-,?,-,false,-
com.github.scalaprops,scalaprops_sjs0.6_2.13.0-M2,0.5.3,-,-,?,-,false,-
com.github.scalaprops,scalaprops_sjs0.6_2.13.0-M3,0.5.5,-,-,?,-,false,-
com.github.scalaprops,scalaprops_sjs0.6_2.13.0-M4,0.5.5,-,-,?,-,false,-
com.github.scalaprops,scalaprops_sjs1.0.0-M1_2.10,0.5.0,-,-,?,-,false,-
com.github.scalaprops,scalaprops_sjs1.0.0-M1_2.11,0.5.0,-,-,?,-,false,-
com.github.scalaprops,scalaprops_sjs1.0.0-M1_2.12,0.5.0,-,-,?,-,false,-
com.github.scalaprops,scalaprops_sjs1.0.0-M1_2.13.0-M1,0.5.0,-,-,?,-,false,-
com.github.scalaprops,scalaprops_sjs1.0.0-M3_2.11,0.5.4,-,-,?,-,false,-
com.github.scalaprops,scalaprops_sjs1.0.0-M3_2.12,0.5.4,-,-,?,-,false,-
com.github.scalaprops,scalaprops_sjs1.0.0-M3_2.13.0-M2,0.5.3,-,-,?,-,false,-
com.github.scalaprops,scalaprops_sjs1.0.0-M3_2.13.0-M3,0.5.4,-,-,?,-,false,-
com.github.senssic,sc-base-api,1.0.0,-,-,?,-,false,-
com.github.senssic,sc-code-generator,1.0.0,-,-,?,-,false,-
com.github.senssic,sc-excle,1.0.0,-,-,?,-,false,-
com.github.senssic,sc-hessian,1.0.0,-,-,?,-,false,-
com.github.senssic,sc-mail,1.0.0,-,-,?,-,false,-
com.github.senssic,sc-mybatis-generator,1.0.0,-,-,?,-,false,-
com.github.senssic,sc-pay-channel,1.0.0,-,-,?,-,false,-
com.github.senssic,sc-redis,1.0.0,-,-,?,-,false,-
com.github.senssic,sc-utils,1.0.0,-,-,?,-,false,-
com.github.sgoeschl.gatling,gatling-blueprint-extensions,2.2.6.1,-,-,?,-,false,-
com.github.sisyphsu,mybatis-generator-plugin,1.0.0,-,-,?,-,false,-
com.github.slang03,weka-kt,0.0.5,-,-,?,-,false,-
com.github.slaout.fork.info.cukesthreads,cucumber-core,1.2.4,-,-,?,-,false,-
com.github.slaout.fork.info.cukesthreads,cucumber-java,1.2.4,-,-,?,-,false,-
com.github.slaout.fork.info.cukesthreads,cucumber-java8,1.2.4,-,-,?,-,false,sun.reflect.ConstantPool                 Removed. See http://openjdk.java.net/jeps/260
com.github.slaout.fork.info.cukesthreads,cucumber-junit,1.2.4,-,-,?,-,false,-
com.github.slaout.fork.info.cukesthreads,cucumber-spring,1.2.4,-,-,?,-,false,-
com.github.slaout.fork.info.cukesthreads,cucumber-testng,1.2.4,-,-,?,-,false,-
com.github.smallcreep,cedato-api-client,0.2.2,-,-,?,-,false,-
com.github.smallcreep,jb-hub-client,0.2.1,-,-,?,-,false,-
com.github.smallcreep,streamrail-api-client,0.1.2,-,-,?,-,false,-
com.github.snksoft,crc,1.0.2,-,-,?,-,false,-
com.github.stefanofornari,webtoolkitlib,2.0.0,-,-,?,-,false,-
com.github.sunbufu,authorize-core,1.0.0-RELEASE,-,-,?,-,false,-
com.github.sunbufu,authorize-starter,1.0.0-RELEASE,-,-,?,-,false,-
com.github.thomasnield,rxkotlinfx,2.2.2,-,-,?,-,false,-
com.github.tornaia,java-offline-geoip,0.1.5,-,-,?,-,false,-
com.github.transcurity,capstone,3.0.5-rc2,-,-,?,-,false,-
com.github.transcurity,HexView,1.0.0,-,-,?,-,false,-
com.github.trd8859,Compilers-Principles,1.0.0,-,-,?,-,false,-
com.github.unchai,checkstyle-github-maven-plugin,0.0.1,-,-,?,-,false,-
com.github.uscexp,BlockFormatPropertyFile,0.1.0-Beta,-,-,?,-,false,-
com.github.uscexp,grappa.extension,0.4.0-Beta,-,-,?,-,false,-
com.github.uscexp,jApiRecorder,1.3.0-Beta,-,-,?,-,false,-
com.github.uscexp,jDotNotation,1.2.0-Beta,-,-,?,-,false,-
com.github.wangzaixiang,scala-sql_2.11,2.0.6,-,-,?,-,false,-
com.github.wangzaixiang,scala-sql_2.12,2.0.6,-,-,?,-,false,-
com.github.workerframework.messagebuilder,worker-example-message-builder,3.0.0-399,-,-,?,-,false,-
com.github.workerframework,util-rabbitmq,3.0.0-399,-,-,?,-,false,-
com.github.workerframework,util-store,3.0.0-399,-,-,?,-,false,-
com.github.workerframework,worker-api,3.0.0-399,-,-,?,-,false,-
com.github.workerframework,worker-caf,3.0.0-399,-,-,?,-,false,-
com.github.workerframework,worker-configs,3.0.0-399,-,-,?,-,false,-
com.github.workerframework,worker-core,3.0.0-399,-,-,?,-,false,-
com.github.workerframework,worker-default-configs,3.0.0-399,-,-,?,-,false,-
com.github.workerframework,worker-example,3.0.0-399,-,-,?,-,false,-
com.github.workerframework,worker-example-shared,3.0.0-399,-,-,?,-,false,-
com.github.workerframework,worker-framework-tests-worker-store-cs,1.9.0-260,-,-,?,-,false,-
com.github.workerframework,worker-queue-rabbit,3.0.0-399,-,-,?,-,false,-
com.github.workerframework,worker-store-cs,1.9.0-260,-,-,?,-,false,-
com.github.workerframework,worker-store-fs,3.0.0-399,-,-,?,-,false,-
com.github.workerframework,worker-store-mem,3.0.0-399,-,-,?,-,false,-
com.github.workerframework,worker-store-s3,3.0.0-399,-,-,?,-,false,-
com.github.workerframework,worker-testing-integration,3.0.0-399,-,-,?,-,false,-
com.github.workerframework,worker-testing-util,3.0.0-399,-,-,?,-,false,-
com.github.workerframework,worker-tracking-report,3.0.0-399,-,-,?,-,false,-
com.github.yanana,agni-cats-effect_2.11,0.11.1,-,-,?,-,false,-
com.github.yanana,agni-cats-effect_2.12,0.11.1,-,-,?,-,false,-
com.github.yanana,agni-core_2.11,0.11.1,-,-,?,-,false,-
com.github.yanana,agni-core_2.12,0.11.1,-,-,?,-,false,-
com.github.yanana,agni-free_2.11,0.11.1,-,-,?,-,false,-
com.github.yanana,agni-free_2.12,0.11.1,-,-,?,-,false,-
com.github.yanana,agni-fs2_2.11,0.10.0,-,-,?,-,false,-
com.github.yanana,agni-fs2_2.12,0.10.0,-,-,?,-,false,-
com.github.yanana,agni-monix_2.11,0.11.1,-,-,?,-,false,-
com.github.yanana,agni-monix_2.12,0.11.1,-,-,?,-,false,-
com.github.yanana,agni-twitter-util_2.11,0.11.1,-,-,?,-,false,-
com.github.yanana,agni-twitter-util_2.12,0.11.1,-,-,?,-,false,-
com.github.yanana,uap-scala_2.11,0.1.4,-,-,?,-,false,-
com.github.yanana,uap-scala_2.12,0.1.4,-,-,?,-,false,-
com.github.yu1234.JFinalPluginExt,annotation,1.0.0,-,-,?,-,false,-
com.github.yuebinyun.debug-badge,debug-badge,0.1.3,-,-,?,-,false,-
com.github.yungyu16,dynamic-config,1.0.1,-,-,?,-,false,-
com.github.ziplet,ziplet,2.3.0,-,-,?,-,false,-
com.wuzhenpay,java-sdk-openapi,1.0.2,-,-,?,-,false,-
de.kgrupp,inoks-java-utils,0.7.1.1,-,-,?,-,false,-
org.codelibs,elasticsearch-cluster-runner,6.4.0.0,-,-,?,-,false,-
org.corpus-tools,pepper-framework,3.2.2,-,-,?,-,false,-
org.corpus-tools,pepper-lib,3.2.2,-,-,?,-,false,-
org.corpus-tools,pepper-newModule,3.2.2,-,-,?,-,false,-
org.daijie,daijie-fastdfs-spring-boot-starter,1.1.3-RELEASE,-,-,?,-,false,-
org.daijie,daijie-jdbc-plugin,1.1.3-RELEASE,-,-,?,-,false,-
org.daijie,daijie-shiro-spring-boot-starter,1.1.3-RELEASE,-,-,?,-,false,-
org.daijie,daijie-workflow-spring-boot-starter,1.1.3-RELEASE,-,-,?,-,false,-
