groupId,artifactId,version,moduleName,moduleVersion,moduleMode,moduleDependencies,jdepsToolError,jdepsViolations
com.adobe.commerce.cif,api-model,1.1.2,-,-,?,-,false,-
com.bitplan,com.bitplan.mjpegstreamer,0.0.7,-,-,?,-,false,sun.misc.BASE64Decoder                   Use java.util.Base64 @since 1.8 + sun.misc.BASE64Encoder                   Use java.util.Base64 @since 1.8
com.danielflower.apprunner,app-runner,2.0.9,-,-,?,-,false,sun.misc.Unsafe                          See http://openjdk.java.net/jeps/260 + sun.reflect.Reflection                   Use java.lang.StackWalker @since 9 + sun.security.x509.X500Name               Use javax.security.auth.x500.X500Principal @since 1.4
com.epam.jdi,jdi-commons,1.1.26,-,-,?,-,false,-
com.epam.jdi,jdi-http,1.1.26,-,-,?,-,false,-
com.epam.jdi,jdi-http-cucumber,1.1.26,-,-,?,-,false,-
com.epam.jdi,jdi-matchers,2.0.23,-,-,?,-,false,-
com.epam.jdi,jdi-uitest-core,1.1.26,-,-,?,-,false,-
com.epam.jdi,jdi-uitest-cucumber,1.1.26,-,-,?,-,false,-
com.epam.jdi,jdi-uitest-gui,1.1.26,-,-,?,-,false,sun.reflect.generics.reflectiveObjects.NotImplementedException Removed. See http://openjdk.java.net/jeps/260
com.epam.jdi,jdi-uitest-mobile,1.1.26,-,-,?,-,false,-
com.epam.jdi,jdi-uitest-web,1.1.26,-,-,?,-,false,-
com.epam.jdi,jdi-uitest-win,1.1.26,-,-,?,-,false,sun.reflect.generics.reflectiveObjects.NotImplementedException Removed. See http://openjdk.java.net/jeps/260
com.geirsson,sbt-docusaurus-docs_2.12,0.1.0,-,-,?,-,false,-
com.github.biopet,common-utils_2.11,0.7,-,-,?,-,false,-
com.google.apis,google-api-services-calendar,v3-rev336-1.24.1,-,-,?,-,false,-
com.google.apis,google-api-services-cloudkms,v1-rev60-1.24.1,-,-,?,-,false,-
com.google.apis,google-api-services-searchconsole,v1-rev369-1.24.1,-,-,?,-,false,-
com.graphhopper,graphhopper-navigation-mapbox,0.11.0-pre0,-,-,?,-,false,-
com.ibm.stocator,stocator,1.0.23,-,-,?,-,false,sun.misc.Unsafe                          See http://openjdk.java.net/jeps/260
com.lihaoyi,ammonite_2.11.11,1.1.2-29-2e6570e,-,-,?,-,false,-
com.lihaoyi,ammonite_2.11.12,1.1.2-29-2e6570e,-,-,?,-,false,-
com.lihaoyi,ammonite_2.11.9,1.1.2-29-2e6570e,-,-,?,-,false,-
com.lihaoyi,ammonite_2.12.0,1.1.2-29-2e6570e,-,-,?,-,false,-
com.lihaoyi,ammonite-interp_2.11.11,1.1.2-29-2e6570e,-,-,?,-,false,-
com.lihaoyi,ammonite-interp_2.11.12,1.1.2-29-2e6570e,-,-,?,-,false,-
com.lihaoyi,ammonite-interp_2.11.9,1.1.2-29-2e6570e,-,-,?,-,false,-
com.lihaoyi,ammonite-interp_2.12.0,1.1.2-29-2e6570e,-,-,?,-,false,-
com.lihaoyi,ammonite-interp_2.12.1,1.1.2-29-2e6570e,-,-,?,-,false,-
com.lihaoyi,ammonite-ops_2.11,1.1.2-29-2e6570e,-,-,?,-,false,-
com.lihaoyi,ammonite-repl_2.11.11,1.1.2-29-2e6570e,-,-,?,-,false,sun.misc.Signal                          See http://openjdk.java.net/jeps/260 + sun.misc.SignalHandler                   See http://openjdk.java.net/jeps/260
com.lihaoyi,ammonite-repl_2.11.12,1.1.2-29-2e6570e,-,-,?,-,false,sun.misc.Signal                          See http://openjdk.java.net/jeps/260 + sun.misc.SignalHandler                   See http://openjdk.java.net/jeps/260
com.lihaoyi,ammonite-repl_2.11.9,1.1.2-29-2e6570e,-,-,?,-,false,sun.misc.Signal                          See http://openjdk.java.net/jeps/260 + sun.misc.SignalHandler                   See http://openjdk.java.net/jeps/260
com.lihaoyi,ammonite-repl_2.12.0,1.1.2-29-2e6570e,-,-,?,-,false,sun.misc.Signal                          See http://openjdk.java.net/jeps/260 + sun.misc.SignalHandler                   See http://openjdk.java.net/jeps/260
com.lihaoyi,ammonite-runtime_2.11,1.1.2-29-2e6570e,-,-,?,-,false,-
com.lihaoyi,ammonite-shell_2.11.11,1.1.2-29-2e6570e,-,-,?,-,false,-
com.lihaoyi,ammonite-shell_2.11.12,1.1.2-29-2e6570e,-,-,?,-,false,-
com.lihaoyi,ammonite-shell_2.11.8,1.1.2-29-2e6570e,-,-,?,-,false,-
com.lihaoyi,ammonite-shell_2.11.9,1.1.2-29-2e6570e,-,-,?,-,false,-
com.lihaoyi,ammonite-shell_2.12.0,1.1.2-29-2e6570e,-,-,?,-,false,-
com.lihaoyi,ammonite-sshd_2.11.11,1.1.2-29-2e6570e,-,-,?,-,false,-
com.lihaoyi,ammonite-sshd_2.11.12,1.1.2-29-2e6570e,-,-,?,-,false,-
com.lihaoyi,ammonite-sshd_2.11.8,1.1.2-29-2e6570e,-,-,?,-,false,-
com.lihaoyi,ammonite-sshd_2.11.9,1.1.2-29-2e6570e,-,-,?,-,false,-
com.lihaoyi,ammonite-sshd_2.12.0,1.1.2-29-2e6570e,-,-,?,-,false,-
com.lihaoyi,ammonite-terminal_2.11,1.1.2-29-2e6570e,-,-,?,-,false,-
com.lihaoyi,ammonite-util_2.11,1.1.2-29-2e6570e,-,-,?,-,false,-
com.lihaoyi,cask_2.12,0.1.4,-,-,?,-,false,-
com.mayreh,scalikejdbc-bigquery_2.11,0.0.8,-,-,?,-,false,-
com.mayreh,scalikejdbc-bigquery_2.12,0.0.8,-,-,?,-,false,-
com.natpryce,krouton,2.3.1.0,-,-,?,-,false,-
de.andrena.tools.nopackagecycles,no-package-cycles-enforcer-rule,1.0.9,-,-,?,-,false,-
de.mklinger.tomcat,tomcat-juli-slf4j,9.0.11,-,-,?,-,false,-
org.jacoco,jacoco-maven-plugin,0.8.2,-,-,?,-,false,-
org.jacoco,org.jacoco.agent,0.8.2,org.jacoco.agent,-,automatic,-,false,-
org.jacoco,org.jacoco.ant,0.8.2,org.jacoco.ant,-,automatic,-,false,-
org.jacoco,org.jacoco.cli,0.8.2,-,-,?,-,false,-
org.jacoco,org.jacoco.core,0.8.2,org.jacoco.core,-,automatic,-,false,-
org.jacoco,org.jacoco.report,0.8.2,org.jacoco.report,-,automatic,-,false,-
org.lable.oss.dynamicconfig,config-util,2.6-beta6,-,-,?,-,false,-
org.lable.oss.dynamicconfig,dynamic-config-core,2.6-beta6,-,-,?,-,false,-
org.lable.oss.dynamicconfig,dynamic-config-di,2.6-beta6,-,-,?,-,false,-
org.lable.oss.dynamicconfig,dynamic-config-servlet-util,2.6-beta6,-,-,?,-,false,-
org.lable.oss.dynamicconfig.provider,dynamic-config-provider-zookeeper,2.6-beta6,-,-,?,-,false,-
org.lable.oss.dynamicconfig.serialization,dynamic-config-serialization-json,2.6-beta6,-,-,?,-,false,-
org.lable.oss.dynamicconfig.serialization,dynamic-config-serialization-yaml,2.6-beta6,-,-,?,-,false,-
org.lable.oss.dynamicconfig,zookeeper-connection,2.6-beta6,-,-,?,-,false,sun.reflect.generics.reflectiveObjects.NotImplementedException Removed. See http://openjdk.java.net/jeps/260
org.openksavi.sponge,sponge-api,1.4.1,-,-,?,-,false,-
org.openksavi.sponge,sponge-camel,1.4.1,-,-,?,-,false,-
org.openksavi.sponge,sponge-core,1.4.1,-,-,?,-,false,sun.misc.Unsafe                          See http://openjdk.java.net/jeps/260
org.openksavi.sponge,sponge-groovy,1.4.1,-,-,?,-,false,-
org.openksavi.sponge,sponge-jruby,1.4.1,-,-,?,-,false,-
org.openksavi.sponge,sponge-jython,1.4.1,-,-,?,-,false,-
org.openksavi.sponge,sponge-kotlin,1.4.1,-,-,?,-,false,-
org.openksavi.sponge,sponge-logging,1.4.1,-,-,?,-,false,-
org.openksavi.sponge,sponge-midi,1.4.1,-,-,?,-,false,-
org.openksavi.sponge,sponge-mpd,1.4.1,-,-,?,-,false,-
org.openksavi.sponge,sponge-nashorn,1.4.1,-,-,?,-,false,-
org.openksavi.sponge,sponge-py4j,1.4.1,-,-,?,-,false,-
org.openksavi.sponge,sponge-reactivex,1.4.1,-,-,?,-,false,-
org.openksavi.sponge,sponge-rest-api-client,1.4.1,-,-,?,-,false,-
org.openksavi.sponge,sponge-rest-api-common,1.4.1,-,-,?,-,false,-
org.openksavi.sponge,sponge-rest-api-server,1.4.1,-,-,?,-,false,-
org.openksavi.sponge,sponge-rpi-pi4j,1.4.1,-,-,?,-,false,-
org.openksavi.sponge,sponge-signal,1.4.1,-,-,?,-,false,sun.misc.Signal                          See http://openjdk.java.net/jeps/260 + sun.misc.SignalHandler                   See http://openjdk.java.net/jeps/260
org.openksavi.sponge,sponge-spring,1.4.1,-,-,?,-,false,-
org.openksavi.sponge,sponge-standalone,1.4.1,-,-,?,-,false,-
org.openksavi.sponge,sponge-tensorflow,1.4.1,-,-,?,-,false,-
org.openksavi.sponge,sponge-test,1.4.1,-,-,?,-,false,-
