groupId,artifactId,version,moduleName,moduleVersion,moduleMode,moduleDependencies,jdepsToolError,jdepsViolations
com.bedatadriven.spss,spss-reader,1.2,-,-,?,-,false,-
com.booking,mysql-replicator,0.14.2,-,-,?,-,false,sun.misc.Cleaner                         Use java.lang.ref.PhantomReference @since 1.2 or java.lang.ref.Cleaner @since 9 + sun.misc.Signal                          See http://openjdk.java.net/jeps/260 + sun.misc.SignalHandler                   See http://openjdk.java.net/jeps/260 + sun.misc.URLClassPath                    Removed. See http://openjdk.java.net/jeps/260 + sun.misc.Unsafe                          See http://openjdk.java.net/jeps/260 + sun.reflect.ConstantPool                 Removed. See http://openjdk.java.net/jeps/260 + sun.security.x509.X500Name               Use javax.security.auth.x500.X500Principal @since 1.4
com.datarpm.sigma,event-engine-core,1.6.1,-,-,?,-,false,-
com.datarpm.sigma,event-engine-model,1.6.1,-,-,?,-,false,-
com.datarpm.sigma,event-engine-server,1.6.1,-,-,?,-,false,-
com.davegurnell,anchorman-core_2.11,0.5.0,-,-,?,-,false,-
com.davegurnell,anchorman-core_2.12,0.5.0,-,-,?,-,false,-
com.davegurnell,anchorman-play_2.11,0.5.0,-,-,?,-,false,-
com.davegurnell,anchorman-play_2.12,0.5.0,-,-,?,-,false,-
com.davegurnell,bridges_2.11,0.7.0-c3b0721,-,-,?,-,false,-
com.davegurnell,bridges_2.12,0.9.1,-,-,?,-,false,-
com.davegurnell,bulletin_2.11,0.8.0,-,-,?,-,false,-
com.davegurnell,bulletin_2.12,0.8.0,-,-,?,-,false,-
com.davegurnell,checklist_2.10,0.1.1,-,-,?,-,false,-
com.davegurnell,checklist_2.11,0.5.1,-,-,?,-,false,-
com.davegurnell,checklist_2.12,0.5.1,-,-,?,-,false,-
com.davegurnell,checklist-refinement_2.11,0.5.0,-,-,?,-,false,-
com.davegurnell,checklist-refinement_2.12,0.5.0,-,-,?,-,false,-
com.davegurnell,checklist-refinement_sjs0.6_2.11,0.5.0,-,-,?,-,false,-
com.davegurnell,checklist-refinement_sjs0.6_2.12,0.5.0,-,-,?,-,false,-
com.davegurnell,checklist_sjs0.6_2.10,0.1.1,-,-,?,-,false,-
com.davegurnell,checklist_sjs0.6_2.11,0.5.1,-,-,?,-,false,-
com.davegurnell,checklist_sjs0.6_2.12,0.5.1,-,-,?,-,false,-
com.davegurnell,refinement_2.11,0.5.1,-,-,?,-,false,-
com.davegurnell,refinement_2.12,0.5.1,-,-,?,-,false,-
com.davegurnell,refinement_sjs0.6_2.11,0.5.1,-,-,?,-,false,-
com.davegurnell,refinement_sjs0.6_2.12,0.5.1,-,-,?,-,false,-
com.davegurnell,root_sjs0.6_2.11,0.1.1,-,-,?,-,false,-
com.davegurnell,root_sjs0.6_2.12,0.1.1,-,-,?,-,false,-
com.davegurnell,smartypants_2.11,0.2.0,-,-,?,-,false,-
com.davegurnell,smartypants_2.12,0.2.0,-,-,?,-,false,-
com.davegurnell,spandoc_2.12,0.2.0,-,-,?,-,false,-
com.davegurnell,unindent_2.11,1.1.0,-,-,?,-,false,-
com.davegurnell,unindent_2.12,1.1.0,-,-,?,-,false,-
com.dopsun.bbutils,bbutils,0.1.0,-,-,?,-,false,sun.misc.Cleaner                         Use java.lang.ref.PhantomReference @since 1.2 or java.lang.ref.Cleaner @since 9
com.dopsun.chatbot,chatbot-cli,0.0.1,-,-,?,-,false,-
com.dopsun.mimodispatcher,mimodispatcher,0.1.0,-,-,?,-,false,-
com.dyuproject.fbsgen.ds,fbsgen-ds-core,1.0.17,-,-,?,-,false,-
com.dyuproject.fbsgen.ds,fbsgen-ds-fatjar,1.0.17,-,-,?,-,false,-
com.dyuproject.fbsgen,fbsgen-compiler,1.0.6,-,-,?,-,false,-
com.dyuproject.fbsgen,fbsgen-fatjar,1.0.6,-,-,?,-,false,-
com.dyuproject.fbsgen,fbsgen-parser,1.0.6,-,-,?,-,false,-
com.dyuproject.protostuffdb,protostuffdb-core,0.19.0,-,-,?,-,false,sun.misc.Unsafe                          See http://openjdk.java.net/jeps/260
com.dyuproject.protostuffdb,protostuffdb-recipe,0.19.0,-,-,?,-,false,-
com.dyuproject.protostuffdb,protostuffdb-tools,0.19.0,-,-,?,-,false,-
com.dyuproject.protostuff,protostuff-api,1.1.3,-,-,?,-,false,-
com.dyuproject.protostuff,protostuff-collectionschema,1.1.3,-,-,?,-,false,-
com.dyuproject.protostuff,protostuff-core,1.1.3,-,-,?,-,false,-
com.dyuproject.protostuff,protostuff-json,1.1.3,-,-,?,-,false,-
com.dyuproject.protostuff,protostuff-kvp,1.1.3,-,-,?,-,false,-
com.dyuproject.protostuff,protostuff-runtime,1.1.3,-,-,?,-,false,sun.misc.Unsafe                          See http://openjdk.java.net/jeps/260 + sun.reflect.ReflectionFactory            See http://openjdk.java.net/jeps/260
com.dyuproject.protostuff,protostuff-runtime-md,1.1.3,-,-,?,-,false,-
com.dyuproject.protostuff,protostuff-runtime-registry,1.1.3,-,-,?,-,false,-
com.dyuproject.protostuff,protostuff-runtime-view,1.1.3,-,-,?,-,false,-
com.dyuproject.protostuff,protostuff-uberjar,1.1.3,-,-,?,-,false,sun.misc.Unsafe                          See http://openjdk.java.net/jeps/260 + sun.reflect.ReflectionFactory            See http://openjdk.java.net/jeps/260
com.dyuproject.protostuff,protostuff-xml,1.1.3,-,-,?,-,false,-
com.dyuproject.protostuff,protostuff-yaml,1.1.3,-,-,?,-,false,-
com.eiipii,etcdhttpclient_2.11,0.1.1,-,-,?,-,false,-
com.eiipii,etcdhttpclient_2.12,0.1.1,-,-,?,-,false,-
com.eiipii,event-sourcing_2.11,0.1.0,-,-,?,-,false,-
com.eiipii,event-sourcing_2.12,0.2.1,-,-,?,-,false,-
com.eiipii,event-sourcing-api_2.11,0.1.0,-,-,?,-,false,-
com.eiipii,event-sourcing-api_2.12,0.2.1,-,-,?,-,false,-
com.eiipii,event-sourcing-sql_2.12,0.2.1,-,-,?,-,false,-
com.eiipii,event-sourcing-stream_2.12,0.2.1,-,-,?,-,false,-
com.eiipii,event-sourcing-test_2.11,0.1.0,-,-,?,-,false,-
com.eiipii,event-sourcing-test_2.12,0.2.1,-,-,?,-,false,-
com.helospark,lightdi,0.0.2,-,-,?,-,false,-
com.helospark,lightdi-test,0.0.2,-,-,?,-,false,-
com.hindog.grid,grid-executor_2.10,1.0.0,-,-,?,-,false,sun.reflect.ReflectionFactory            See http://openjdk.java.net/jeps/260
com.hindog.grid,grid-executor_2.11,2.0.3,-,-,?,-,false,-
com.hindog.grid,grid-executor-core_2.11,2.0.3,-,-,?,-,false,sun.reflect.ReflectionFactory            See http://openjdk.java.net/jeps/260
com.hindog.grid,grid-executor-examples_2.11,2.0.3,-,-,?,-,false,-
com.hindog.grid,grid-executor-hadoop2_2.11,2.0.3,-,-,?,-,false,-
com.hindog.grid,grid-executor-launcher_2.11,2.0.3,-,-,?,-,false,-
com.hindog.grid,grid-executor-s3_2.11,2.0.3,-,-,?,-,false,-
com.hindog.grid,grid-executor-spark2_2.11,2.0.3,-,-,?,-,false,-
com.hindog.spark,spark-mergejoin_2.10,2.0.1,-,-,?,-,false,-
com.hindog.spark,spark-mergejoin_2.11,2.0.1,-,-,?,-,false,-
com.itzhai.tools,git-hook-maven-plugin,1.0.0,-,-,?,-,false,-
com.jcabi.incubator,xembly,0.22.1,-,-,?,-,false,-
com.jcabi,jcabi-aspects,0.22.6,-,-,?,-,false,-
com.jcabi,jcabi-dynamo,0.21.7,-,-,?,-,false,-
com.jcabi,jcabi-dynamodb-maven-plugin,0.9.1,-,-,?,-,false,-
com.jcabi,jcabi-email,1.10,-,-,?,-,false,-
com.jcabi,jcabi-github,0.41,-,-,?,-,false,-
com.jcabi,jcabi-http,1.17.2,-,-,?,-,false,-
com.jcabi,jcabi-jdbc,0.17.1,-,-,?,-,false,-
com.jcabi,jcabi-log,0.18,-,-,?,-,false,-
com.jcabi,jcabi-s3,0.18,-,-,?,-,false,-
com.jcabi,jcabi-ssh,1.6.1,-,-,?,-,false,-
com.jcabi,jcabi-ssl-maven-plugin,0.12,-,-,?,-,false,-
com.jcabi,jcabi-xml,0.21.4,-,-,?,-,false,-
com.jnericks,TestLib-Java,2.0.51,-,-,?,-,false,-
com.jpardus,common-pool,1.0.0,-,-,?,-,false,-
com.jpardus,itask,1.0.0,-,-,?,-,false,-
com.jpardus.spider,facade,1.0.1,-,-,?,-,false,-
com.jpardus.spider,gateway,1.0.0,-,-,?,-,false,-
com.jpardus.spider,ifacade,1.0.1,-,-,?,-,false,-
com.jpardus.spider,neasy,1.0.1,-,-,?,-,false,-
com.jpardus.spider,sccs,1.0.1,-,-,?,-,false,-
com.keysolutions,java-ddp-client,1.0.0.7,-,-,?,-,false,-
com.konmik.rxstate,rxstate1,0.1.0-beta1,-,-,?,-,false,-
com.konmik.rxstate,rxstate2,0.1.0-beta1,-,-,?,-,false,-
com.kushkipagos,kushki-android,1.3.8,-,-,?,-,false,-
com.kushkipagos,kushkipagos,1.3.1,-,-,?,-,false,-
com.lindzh,jetcd,1.0.1,-,-,?,-,false,-
com.lindzh,mybatis-generator,1.0.3,-,-,?,-,false,-
com.ociweb.jpgRaster,JPGRaster,1.0.0,-,-,?,-,false,-
com.ociweb,Ph-TLS-pureJava,1.0.0,-,-,?,-,false,-
com.ociweb,ph-tls-pure-java,1.0.1,-,-,?,-,false,-
com.ociweb,Pronghorn,1.0.0,-,-,?,-,false,-
com.ociweb,pronghorn,1.0.1,-,-,?,-,false,-
com.ociweb,PronghornPipes,1.0.0,-,-,?,-,false,-
com.ociweb,pronghorn-pipes,1.0.1,-,-,?,-,false,-
com.ociweb,PronghornRanch,1.0.0,-,-,?,-,false,-
com.ociweb,pronghorn-ranch,1.0.1,-,-,?,-,false,-
com.ociweb,WebCookbook,1.0.0,-,-,?,-,false,-
com.opendatagroup,hadrian,0.8.5,-,-,?,-,false,-
com.pdfcrowd,pdfcrowd,4.3.6,-,-,?,-,false,-
com.phaxio,phaxio-java,0.3.8,-,-,?,-,false,sun.reflect.generics.reflectiveObjects.NotImplementedException Removed. See http://openjdk.java.net/jeps/260
com.pomeisl,json-schematizer,0.0.1,-,-,?,-,false,-
com.processpuzzle.fitnesse,fitnesse-connect-connect,1.1.13,-,-,?,-,false,-
com.processpuzzle.fitnesse,fitnesse-connect-testbed-backend,1.1.13,-,-,?,-,false,-
com.processpuzzle.fitnesse,fitnesse-launcher-ant-task,1.6.5,-,-,?,-,false,-
com.processpuzzle.fitnesse,fitnesse-launcher-core,1.6.5,-,-,?,-,false,-
com.processpuzzle.fitnesse,fitnesse-launcher-java-example,1.6.5,-,-,?,-,false,-
com.processpuzzle.fitnesse,fitnesse-launcher-maven-plugin,1.6.5,-,-,?,-,false,-
com.processpuzzle.fitnesse,fitnesse-launcher-spring-example,1.6.5,-,-,?,-,false,-
com.processpuzzle.fitnesse,fitnesse-launcher-sql-example,1.6.5,-,-,?,-,false,-
com.processpuzzle.fitnesse,fitnesse-plantuml-plugin,1.0.2,-,-,?,-,false,-
com.processpuzzle.fitnesse,fit-print-acceptance-tests,1.0.1,-,-,?,-,false,-
com.processpuzzle.fitnesse,fit-print-plugin,1.0.1,-,-,?,-,false,-
com.processpuzzle,processpuzzle-core-services,0.0.10,-,-,?,-,false,-
com.processpuzzle,processpuzzle-microservice-seed-services,0.1.1,-,-,?,-,false,-
com.processpuzzle,processpuzzle-util-services,0.0.6,-,-,?,-,false,-
com.reubenpeeris.maven,lombok-eclipse-compiler,4.7,-,-,?,-,false,-
com.reubenpeeris,org.eclipse.jdt.core.compiler.ecj,4.7-201706120950,-,-,?,-,false,-
com.safecharge,safecharge-sdk-java,1.0.0,-,-,?,-,false,-
com.secureops,fieldextraction-core,1.5.0,-,-,?,-,false,-
com.shapesecurity,bandolier,2.0.2,-,-,?,-,false,-
com.shapesecurity,salvation,2.5.0,-,-,?,-,false,-
com.shapesecurity,shape-functional-java,2.4.1,-,-,?,-,false,-
com.shapesecurity.shift,es2016,1.2.2,-,-,?,-,false,-
com.shapesecurity.shift.es2016,semantics,4.2.0,-,-,?,-,false,-
com.stijndewitt.undertow.cors,undertow-cors-filter,0.4.0,-,-,?,-,false,-
com.targomo,jackson-datatype-trove,0.0.3,-,-,?,-,false,-
com.targomo,java-client,0.1.2,-,-,?,-,false,-
com.thetachain,theta-chain-dev,0.3.0,-,-,?,-,false,-
com.thetachain,theta-chain-module,0.1.0,-,-,?,-,false,-
com.thingschained,suyuan,1.0.2,-,-,?,-,false,-
com.thingschained,sy-java-sdk,1.0.2,-,-,?,-,false,-
com.tridion,cd_common_config,10.1.0-1009,-,-,?,-,false,-
com.tridion,cd_common_config_api,10.1.0-1009,-,-,?,-,false,-
com.tridion,cd_common_config_legacy,10.1.0-1009,-,-,?,-,false,-
com.tridion,cd_common_util,10.1.0-1009,-,-,?,-,false,-
com.tridion,cd_core,10.1.0-1010,-,-,?,-,false,-
com.tridion,cd_model,10.1.0-1014,-,-,?,-,false,-
com.tridion,cd_preview_content_client,10.1.0-1019,-,-,?,-,false,-
com.tridion,cd_preview_content_common,10.1.0-1019,-,-,?,-,false,-
com.tridion.smarttarget,smarttarget_core,8.6.0,-,-,?,-,false,-
com.tridion.smarttarget,smarttarget_entitymodel,8.6.0,-,-,?,-,false,-
com.wedeploy,com.wedeploy.android,1.2.0,-,-,?,-,false,-
com.wedeploy,com.wedeploy.api-java.api,1.0.0,-,-,?,-,false,-
com.wedeploy,com.wedeploy.api-java.api-client,1.0.0,-,-,?,-,false,-
com.wedeploy,com.wedeploy.common,1.0.1,-,-,?,-,false,-
com.wedeploy,com.wedeploy.jrsmq,1.1,-,-,?,-,false,-
com.whitehatsec,scout-maven-plugin,1.1.1,-,-,?,-,false,-
com.xebia,cakemix_2.11,1.1.0,-,-,?,-,false,-
com.xebia,cakemix_2.12,1.1.0,-,-,?,-,false,-
com.yehebl,ds-handler,0.0.2,-,-,?,-,false,-
com.yehebl,spring-jdbc-ds-orm,0.0.3,-,-,?,-,false,-
com.yixan.java.core,yixan-base-api,3.7.1,-,-,?,-,false,-
com.yixan.java.core,yixan-base-service,3.7.1,-,-,?,-,false,-
com.yixan.java.core,yixan-base-web,3.7.1,-,-,?,-,false,-
com.yixan.java.core,yixan-tools-common,3.7.1,-,-,?,-,false,-
