com.github.r4mz0r,db-worker,1.8,-,-,?,-,false,sun.security.krb5.Asn1Exception          Use com.sun.security.jgss + sun.security.krb5.Checksum               Use com.sun.security.jgss + sun.security.krb5.EncryptedData          Use com.sun.security.jgss + sun.security.krb5.EncryptionKey          Use com.sun.security.jgss + sun.security.krb5.KrbCryptoException     Use com.sun.security.jgss + sun.security.krb5.RealmException         Use com.sun.security.jgss + sun.security.krb5.internal.APReq         Use com.sun.security.jgss + sun.security.krb5.internal.Authenticator Use com.sun.security.jgss + sun.security.krb5.internal.KRBCred       Use com.sun.security.jgss + sun.security.krb5.internal.KdcErrException Use com.sun.security.jgss + sun.security.krb5.internal.KrbApErrException Use com.sun.security.jgss + sun.security.krb5.internal.Ticket        Use com.sun.security.jgss
ch.epfl.lara,inox_2.11,1.1.0-194-g99de42e,-,-,?,-,false,sun.misc.Signal                          See http://openjdk.java.net/jeps/260 + sun.misc.SignalHandler                   See http://openjdk.java.net/jeps/260
ch.epfl.lara,inox_2.12,1.1.0-194-g99de42e,-,-,?,-,false,sun.misc.Signal                          See http://openjdk.java.net/jeps/260 + sun.misc.SignalHandler                   See http://openjdk.java.net/jeps/260
cn.jiangzeyin.fast-boot,common-boot,1.2.2,-,-,?,-,false,-
cn.jiangzeyin.fast-boot,common-redis,1.2.2,-,-,?,-,false,-
com.ghgande,j2mod,2.5.1,-,-,?,-,false,-
com.github.martinpaljak,apdu4j,18.06.25.2,-,-,?,-,false,-
com.manywho.sdk,sdk-api,2.0.0-SNAPSHOT-66,-,-,?,-,false,-
com.manywho.sdk,sdk-client,2.0.0-SNAPSHOT-66,-,-,?,-,false,-
com.manywho.sdk,sdk-example,2.0.0-SNAPSHOT-66,-,-,?,-,false,-
com.manywho.sdk,sdk-server,2.0.0-SNAPSHOT-66,-,-,?,-,false,-
com.manywho.sdk,sdk-server-servlet3,2.0.0-SNAPSHOT-66,-,-,?,-,false,-
com.manywho.sdk,sdk-server-undertow,2.0.0-SNAPSHOT-66,-,-,?,-,false,-
com.manywho.sdk,sdk-services,2.0.0-SNAPSHOT-66,-,-,?,-,false,-
com.mobius-software.iot,dtls-async-client,1.0.2,-,-,?,-,false,-
de.uni_jena.cs.fusion,similarity.jarowinkler,0.1.0,-,-,?,-,false,-
io.github.openunirest,unirest-java,2.2.12,-,-,?,-,false,-
io.scalaland,catnip_2.12,0.2.1,-,-,?,-,false,-
io.scalaland,catnip_sjs0.6_2.12,0.2.1,-,-,?,-,false,-
org.cryptomator,dokany-nio-adapter,0.2.0,-,-,?,-,false,-
org.elasticsearch.client,elasticsearch-rest-client,6.3.2,-,-,?,-,false,-
org.elasticsearch.client,elasticsearch-rest-client-sniffer,6.3.2,-,-,?,-,false,-
org.elasticsearch.client,elasticsearch-rest-high-level-client,6.3.2,-,-,?,-,false,-
org.elasticsearch.client,transport,6.3.2,-,-,?,-,false,-
org.elasticsearch,elasticsearch,6.3.2,-,-,?,-,true,-
org.elasticsearch.gradle,build-tools,6.3.2,-,-,?,-,false,-
org.elasticsearch.plugin,aggs-matrix-stats-client,6.3.2,-,-,?,-,false,-
org.elasticsearch.plugin,lang-mustache-client,6.3.2,-,-,?,-,false,-
org.elasticsearch.plugin,parent-join-client,6.3.2,-,-,?,-,false,-
org.elasticsearch.plugin,percolator-client,6.3.2,-,-,?,-,false,-
org.elasticsearch.plugin,reindex-client,6.3.2,-,-,?,-,false,-
org.elasticsearch.plugin,transport-netty3-client,5.6.11,-,-,?,-,false,-
org.elasticsearch.plugin,transport-netty4-client,6.3.2,-,-,?,-,false,-
org.elasticsearch,rest-api-spec,6.3.2,-,-,?,-,false,-
org.elasticsearch.test,framework,6.3.2,-,-,?,-,false,-
org.elasticsearch.test,hdfs-fixture,6.3.2,-,-,?,-,false,-
org.elasticsearch.test,krb5kdc-fixture,6.3.2,-,-,?,-,false,-
org.elasticsearch.test,logger-usage,6.3.2,-,-,?,-,false,-
org.elasticsearch.test,old-elasticsearch,6.3.2,-,-,?,-,false,-
org.jetbrains.kotlinx,atomicfu,0.11.3,-,-,?,-,false,-
org.jetbrains.kotlinx,atomicfu-common,0.11.3,-,-,?,-,false,-
org.jetbrains.kotlinx,atomicfu-gradle-plugin,0.11.3,-,-,?,-,false,-
org.jetbrains.kotlinx,atomicfu-js,0.11.3,-,-,?,-,false,-
org.jetbrains.kotlinx,atomicfu-maven-plugin,0.11.3,-,-,?,-,false,-
org.jetbrains.kotlinx,atomicfu-transformer,0.11.3,-,-,?,-,false,-
software.amazon.jsii,jsii-runtime,0.7.0,-,-,?,-,false,-
top.jfunc.common,converter,1.3,-,-,?,-,false,-
top.jfunc.common,network-converter,1.3,-,-,?,-,false,-
