groupId,artifactId,version,moduleName,moduleVersion,moduleMode,moduleDependencies,jdepsToolError,jdepsViolations
com.github.hageldave.ezfftw,ezfftw,0.1.2,-,-,?,-,false,-
com.google.apis,google-api-services-adsensehost,v4.1-rev514-1.24.1,-,-,?,-,false,-
com.google.apis,google-api-services-adsense,v1.4-rev442-1.24.1,-,-,?,-,false,-
com.google.apis,google-api-services-analyticsreporting,v4-rev126-1.24.1,-,-,?,-,false,-
com.google.apis,google-api-services-androidpublisher,v3-rev19-1.24.1,-,-,?,-,false,-
com.google.apis,google-api-services-appsactivity,v1-rev176-1.24.1,-,-,?,-,false,-
com.google.apis,google-api-services-classroom,v1-rev195-1.24.1,-,-,?,-,false,-
com.google.apis,google-api-services-dlp,v2-rev29-1.24.1,-,-,?,-,false,-
com.google.apis,google-api-services-firebasedynamiclinks,v1-rev844-1.24.1,-,-,?,-,false,-
com.google.apis,google-api-services-monitoring,v3-rev467-1.24.1,-,-,?,-,false,-
com.google.apis,google-api-services-people,v1-rev328-1.24.1,-,-,?,-,false,-
com.google.apis,google-api-services-websecurityscanner,v1alpha-rev78-1.24.1,-,-,?,-,false,-
com.ibm.cos-aspera,cos-aspera-linux-64,0.1.163530,-,-,?,-,false,-
com.ibm.cos-aspera,cos-aspera-mac-10.13-64,0.1.163530,-,-,?,-,false,-
com.ibm.cos-aspera,cos-aspera-win-v140_xp-64,0.1.163530,-,-,?,-,false,-
com.snowplowanalytics,snowplow-processing-manifest_2.11,0.1.0-M7,-,-,?,-,false,-
com.uber.stylist,resources-poet,0.0.1,-,-,?,-,false,-
com.uber.stylist,stylist,0.0.1,-,-,?,-,false,-
com.uber.stylist,stylist-api,0.0.1,-,-,?,-,false,-
com.uber.stylist,stylist-core,0.0.1,-,-,?,-,false,-
eu.mihosoft.vmf,vmf-runtime,0.1.11,eu.mihosoft.vmf.runtime,-,automatic,-,false,-
org.amqphub.spring,amqp-10-jms-spring-boot-autoconfigure,2.0.2,-,-,?,-,false,-
org.amqphub.spring,amqp-10-jms-spring-boot-starter,2.0.2,-,-,?,-,false,-
org.httprpc,httprpc,5.7.1,-,-,?,-,false,-
