groupId,artifactId,version,moduleName,moduleVersion,moduleMode,moduleDependencies,jdepsToolError,jdepsViolations
com.amarjanica,discourse-scala-client_2.10,1.1.0,-,-,?,-,false,-
com.amarjanica,discourse-scala-client_2.11,1.1.2,-,-,?,-,false,-
com.amarjanica,discourse-scala-client_2.12,1.1.1,-,-,?,-,false,-
com.amitinside,fatjar-maven-plugin,0.0.1,-,-,?,-,false,-
com.applitools,eyes-common-java,2.57,-,-,?,-,false,-
com.applitools,eyes-common-java3,3.37,-,-,?,-,false,-
com.applitools,eyes-common-java3-jboss,3.36,-,-,?,-,false,-
com.applitools,eyes-common-java3-jersey1x,3.35.2,-,-,?,-,false,-
com.applitools,eyes-connectivity-java3-jboss,3.36,-,-,?,-,false,-
com.applitools,eyes-connectivity-java3-jersey1x,3.35.2,-,-,?,-,false,-
com.applitools,eyes-connectivity-java3-jersey2x,3.37,-,-,?,-,false,-
com.applitools,eyes-connectivity-java-jersey2x,2.57,-,-,?,-,false,-
com.applitools,eyes-images-java,2.57,-,-,?,-,false,-
com.applitools,eyes-images-java3,3.37,-,-,?,-,false,-
com.applitools,eyes-images-java3-jboss,3.36,-,-,?,-,false,-
com.applitools,eyes-images-java3-jersey1x,3.35.2,-,-,?,-,false,-
com.applitools,eyes-sdk-core-java3,3.37,-,-,?,-,false,-
com.applitools,eyes-sdk-core-java3-jboss,3.36,-,-,?,-,false,-
com.applitools,eyes-sdk-core-java3-jersey1x,3.35.2,-,-,?,-,false,-
com.applitools,eyes-sdk-core-java3-jersey2x,3.11,-,-,?,-,false,-
com.applitools,eyes-sdk-java-jersey2x,2.57,-,-,?,-,false,-
com.applitools,eyes-selenium-java,2.57,-,-,?,-,false,-
com.applitools,eyes-selenium-java3,3.37,-,-,?,-,false,-
com.applitools,eyes-selenium-java3-jboss,3.36,-,-,?,-,false,-
com.applitools,eyes-selenium-java3-jersey1x,3.35.2,-,-,?,-,false,-
com.asankha,fastxml,1.1.0,-,-,?,-,false,-
com.asankha,vtdfastxml,1.1.0,-,-,?,-,false,-
com.baoquan,eagle-sdk,2.0.2,-,-,?,-,false,-
com.bazaarvoice.emodb,emodb-auth-client,5.6.30,-,-,?,-,false,-
com.bazaarvoice.emodb,emodb-auth-core,5.6.30,-,-,?,-,false,-
com.bazaarvoice.emodb,emodb-auth-test,5.6.30,-,-,?,-,false,-
com.bazaarvoice.emodb,emodb-blob,5.6.30,-,-,?,-,false,-
com.bazaarvoice.emodb,emodb-blob-api,5.6.30,-,-,?,-,false,-
com.bazaarvoice.emodb,emodb-blob-client,5.6.30,-,-,?,-,false,-
com.bazaarvoice.emodb,emodb-blob-client-common,5.6.30,-,-,?,-,false,-
com.bazaarvoice.emodb,emodb-cachemgr,5.6.30,-,-,?,-,false,-
com.bazaarvoice.emodb,emodb-common-astyanax,5.6.30,-,-,?,-,false,-
com.bazaarvoice.emodb,emodb-common-client,5.6.30,-,-,?,-,false,-
com.bazaarvoice.emodb,emodb-common-dropwizard-client,5.6.30,-,-,?,-,false,-
com.bazaarvoice.emodb,emodb-common-stash,5.6.30,-,-,?,-,false,-
com.bazaarvoice.emodb,emodb-common-uuid,5.6.30,-,-,?,-,false,-
com.bazaarvoice.emodb,emodb-common-zookeeper,5.6.30,-,-,?,-,false,-
com.bazaarvoice.emodb,emodb-databus-api,5.6.30,-,-,?,-,false,-
com.bazaarvoice.emodb,emodb-databus-client-common,5.6.30,-,-,?,-,false,-
com.bazaarvoice.emodb,emodb-datacenter,5.6.30,-,-,?,-,false,-
com.bazaarvoice.emodb,emodb-event,5.6.30,-,-,?,-,false,-
com.bazaarvoice.emodb,emodb-job,5.6.30,-,-,?,-,false,-
com.bazaarvoice.emodb,emodb-job-api,5.6.30,-,-,?,-,false,-
com.bazaarvoice.emodb,emodb-plugins,5.6.30,-,-,?,-,false,-
com.bazaarvoice.emodb,emodb-quality,5.6.30,-,-,?,-,false,-
com.bazaarvoice.emodb,emodb-queue,5.6.30,-,-,?,-,false,-
com.bazaarvoice.emodb,emodb-queue-client,5.6.30,-,-,?,-,false,-
com.bazaarvoice.emodb,emodb-queue-client-common,5.6.30,-,-,?,-,false,-
com.bazaarvoice.emodb,emodb-sdk,5.6.30,-,-,?,-,false,-
com.bazaarvoice.emodb,emodb-shaded-clients-core,5.6.30,-,-,?,-,false,sun.misc.Unsafe                          See http://openjdk.java.net/jeps/260 + sun.reflect.Reflection                   Use java.lang.StackWalker @since 9
com.bazaarvoice.emodb,emodb-shaded-clients-dropwizard6,5.6.30,-,-,?,-,false,-
com.bazaarvoice.emodb,emodb-sor-api,5.6.30,-,-,?,-,false,-
com.bazaarvoice.emodb,emodb-sor-client-common,5.6.30,-,-,?,-,false,-
com.bazaarvoice.emodb,emodb-sor-hive,5.6.30,-,-,?,-,false,sun.misc.Unsafe                          See http://openjdk.java.net/jeps/260 + sun.reflect.Reflection                   Use java.lang.StackWalker @since 9
com.bazaarvoice.emodb,emodb-table,5.6.30,-,-,?,-,false,-
com.bazaarvoice.emodb,emodb-uac-client,5.6.30,-,-,?,-,false,-
com.bazaarvoice.emodb,emodb-web,5.6.30,-,-,?,-,false,sun.misc.Cleaner                         Use java.lang.ref.PhantomReference @since 1.2 or java.lang.ref.Cleaner @since 9 + sun.misc.Signal                          See http://openjdk.java.net/jeps/260 + sun.misc.SignalHandler                   See http://openjdk.java.net/jeps/260 + sun.misc.Unsafe                          See http://openjdk.java.net/jeps/260 + sun.reflect.Reflection                   Use java.lang.StackWalker @since 9 + sun.security.x509.X500Name               Use javax.security.auth.x500.X500Principal @since 1.4
com.bazaarvoice.emodb,emodb-web-local,5.6.30,-,-,?,-,false,sun.misc.Cleaner                         Use java.lang.ref.PhantomReference @since 1.2 or java.lang.ref.Cleaner @since 9 + sun.misc.Signal                          See http://openjdk.java.net/jeps/260 + sun.misc.SignalHandler                   See http://openjdk.java.net/jeps/260 + sun.misc.Unsafe                          See http://openjdk.java.net/jeps/260 + sun.reflect.Reflection                   Use java.lang.StackWalker @since 9 + sun.security.x509.X500Name               Use javax.security.auth.x500.X500Principal @since 1.4
com.bevuta,mjsip-fork,1.6+lumicall.4,-,-,?,-,false,-
com.budjb,http-requests-core,2.0.3.BETA,-,-,?,-,false,-
com.budjb,http-requests-groovy,2.0.3.BETA,-,-,?,-,false,-
com.budjb,http-requests-httpcomponents-client,2.0.3.BETA,-,-,?,-,false,-
com.budjb,http-requests-jackson,2.0.3.BETA,-,-,?,-,false,-
com.budjb,http-requests-jersey1,2.0.3.BETA,-,-,?,-,false,-
com.budjb,http-requests-jersey2,2.0.3.BETA,-,-,?,-,false,-
com.budjb,http-requests-spring,2.0.3.BETA,-,-,?,-,false,-
com.budjb,spring-distributed-cluster,0.1.1.BETA,-,-,?,-,false,-
com.budjb,spring-distributed-cluster-hazelcast,0.1.1.BETA,-,-,?,-,false,-
com.budjb,spring-distributed-locks,0.1.5.BETA,-,-,?,-,false,-
com.budjb,spring-distributed-locks-hazelcast,0.1.5.BETA,-,-,?,-,false,-
com.budjb,spring-distributed-scheduler,0.1.6.BETA,-,-,?,-,false,-
com.bugsnag,bugsnag,3.2.1,-,-,?,-,false,-
com.bugsnag,bugsnag-android-gradle-plugin,3.3.1,-,-,?,-,false,-
com.creditkarma,exec-jar-plugin,1.0.8,-,-,?,-,false,-
com.deepoove,poi-tl,1.3.1,-,-,?,-,false,-
com.deepoove,swagger-diff,1.2.0,-,-,?,-,false,-
com.deepoove,swagger-dubbo,2.0.1,-,-,?,-,false,-
com.digitalglobe.gbdx.tools,gbdxtools4j,1.0.12,-,-,?,-,false,-
com.digitalml.plugins,poller-maven-plugin,1.1,-,-,?,-,false,-
com.dpforge,autoprefs-annotation,1.0.2,-,-,?,-,false,-
com.dpforge,autoprefs-processor,1.0.2,-,-,?,-,false,-
com.experij,experij,0.4.1,-,-,?,-,false,-
com.fedepot,razor-mvc,0.0.10,-,-,?,-,false,-
com.github.gavlyukovskiy,datasource-proxy-spring-boot-starter,1.4.3,-,-,?,-,false,-
com.github.pshirshov.izumi.r2,distage-app_2.12,0.5.56,-,-,?,-,false,-
com.github.pshirshov.izumi.r2,distage-cats_2.12,0.5.56,-,-,?,-,false,-
com.github.pshirshov.izumi.r2,distage-config_2.12,0.5.56,-,-,?,-,false,-
com.github.pshirshov.izumi.r2,distage-core_2.12,0.5.56,-,-,?,-,false,-
com.github.pshirshov.izumi.r2,distage-model_2.12,0.5.56,-,-,?,-,false,-
com.github.pshirshov.izumi.r2,distage-plugins_2.12,0.5.56,-,-,?,-,false,-
com.github.pshirshov.izumi.r2,distage-proxy-cglib_2.12,0.5.56,-,-,?,-,false,-
com.github.pshirshov.izumi.r2,distage-roles_2.12,0.5.56,-,-,?,-,false,-
com.github.pshirshov.izumi.r2,distage-roles-api_2.12,0.5.56,-,-,?,-,false,-
com.github.pshirshov.izumi.r2,distage-static_2.12,0.5.56,-,-,?,-,false,-
com.github.pshirshov.izumi.r2,fastparse-shaded_2.12,0.5.56,-,-,?,-,false,-
com.github.pshirshov.izumi.r2,fundamentals-collections_2.12,0.5.56,-,-,?,-,false,-
com.github.pshirshov.izumi.r2,fundamentals-functional_2.12,0.5.56,-,-,?,-,false,-
com.github.pshirshov.izumi.r2,fundamentals-platform_2.12,0.5.56,-,-,?,-,false,-
com.github.pshirshov.izumi.r2,fundamentals-reflection_2.12,0.5.56,-,-,?,-,false,-
com.github.pshirshov.izumi.r2,idealingua-compiler_2.12,0.5.56,-,-,?,-,false,sun.misc.Unsafe                          See http://openjdk.java.net/jeps/260
com.github.pshirshov.izumi.r2,idealingua-core_2.12,0.5.56,-,-,?,-,false,-
com.github.pshirshov.izumi.r2,idealingua-model_2.12,0.5.56,-,-,?,-,false,-
com.github.pshirshov.izumi.r2,idealingua-runtime-rpc-c-sharp_2.12,0.5.56,-,-,?,-,false,-
com.github.pshirshov.izumi.r2,idealingua-runtime-rpc-go_2.12,0.5.56,-,-,?,-,false,-
com.github.pshirshov.izumi.r2,idealingua-runtime-rpc-http4s_2.12,0.5.56,-,-,?,-,false,-
com.github.pshirshov.izumi.r2,idealingua-runtime-rpc-scala_2.12,0.5.56,-,-,?,-,false,-
com.github.pshirshov.izumi.r2,idealingua-runtime-rpc-typescript_2.12,0.5.56,-,-,?,-,false,-
com.github.pshirshov.izumi.r2,idealingua-test-defs_2.12,0.5.56,-,-,?,-,false,-
com.github.pshirshov.izumi.r2,izumi-r2_2.12,0.5.56,-,-,?,-,false,-
com.github.pshirshov.izumi.r2,logstage-adapter-slf4j_2.12,0.5.56,-,-,?,-,false,-
com.github.pshirshov.izumi.r2,logstage-api-base_2.12,0.5.56,-,-,?,-,false,-
com.github.pshirshov.izumi.r2,logstage-api-base-macro_2.12,0.5.56,-,-,?,-,false,-
com.github.pshirshov.izumi.r2,logstage-api-logger_2.12,0.5.56,-,-,?,-,false,-
com.github.pshirshov.izumi.r2,logstage-di_2.12,0.5.56,-,-,?,-,false,-
com.github.pshirshov.izumi.r2,logstage-rendering-circe_2.12,0.5.56,-,-,?,-,false,-
com.github.pshirshov.izumi.r2,logstage-sink-slf4j_2.12,0.5.56,-,-,?,-,false,-
com.impinj,itemsense-client,5.0.1,-,-,?,-,false,-
com.lemmingapex.trilateration,trilateration,1.0.2,-,-,?,-,false,-
com.mobius-software.iot,dtls-async-client,1.0.3,-,-,?,-,false,-
com.mobius-software.mqtt,mqtt-testsuite-api,1.0.4,-,-,?,-,false,-
com.mobius-software.mqtt,mqtt-testsuite-commons,1.0.4,-,-,?,-,false,-
com.mobius-software.mqtt,mqtt-testsuite-controller,1.0.4,-,-,?,-,false,-
com.mobius-software.mqtt,mqtt-testsuite-docs-suite,1.0.4,-,-,?,-,false,-
com.mobius-software.mqtt,mqtt-testsuite-pdf-port,1.0.4,-,-,?,-,false,-
com.mobius-software.mqtt,mqtt-testsuite-runner,1.0.4,-,-,?,-,false,-
com.mobius-software.mqtt,parser,1.0.3,-,-,?,-,false,-
com.mobius-software.mqttsn,mqttsn-common,1.0.0,-,-,?,-,false,-
com.mobius-software.mqttsn,mqttsn-controller,1.0.0,-,-,?,-,false,-
com.mobius-software.mqttsn,mqtt-sn-parser,1.0.2,-,-,?,-,false,-
com.mobius-software.mqttsn,mqttsn-runner,1.0.0,-,-,?,-,false,-
com.mpobjects,bdparsii,0.1.0,-,-,?,-,false,-
com.mpobjects,fitnesse-selenium-slim,1.2.0,-,-,?,-,false,-
com.mpobjects.jasperreports.font,jasperreports-fonts-lato,2.0,-,-,?,-,false,-
com.mpobjects.jasperreports.font,jasperreports-fonts-liberation,2.00.1,-,-,?,-,false,-
com.mpobjects.jasperreports.font,jasperreports-fonts-noto,2017.10.25.1,-,-,?,-,false,-
com.mpobjects.wicket,wicket4-webjars,2.0.4,-,-,?,-,false,-
com.nike.backstopper,backstopper-core,0.11.5,-,-,?,-,false,-
com.nike.backstopper,backstopper-custom-validators,0.11.5,-,-,?,-,false,-
com.nike.backstopper,backstopper-jackson,0.11.5,-,-,?,-,false,-
com.nike.backstopper,backstopper-jaxrs,0.11.5,-,-,?,-,false,-
com.nike.backstopper,backstopper-jersey1,0.11.5,-,-,?,-,false,-
com.nike.backstopper,backstopper-jersey2,0.11.5,-,-,?,-,false,-
com.nike.backstopper,backstopper-reusable-tests,0.11.5,-,-,?,-,false,-
com.nike.backstopper,backstopper-servlet-api,0.11.5,-,-,?,-,false,-
com.nike.backstopper,backstopper-spring-web-mvc,0.11.5,-,-,?,-,false,-
com.nike.fastbreak,fastbreak,0.10.0,-,-,?,-,false,-
com.nike.moirai,moirai-core,1.3.0,-,-,?,-,false,-
com.nike.moirai,moirai-s3,1.3.0,-,-,?,-,false,-
com.nike.moirai,moirai-typesafeconfig,1.3.0,-,-,?,-,false,-
com.nike.riposte,riposte-archaius,0.13.0,-,-,?,-,false,-
com.nike.riposte,riposte-async-http-client,0.13.0,-,-,?,-,false,-
com.nike.riposte,riposte-auth,0.13.0,-,-,?,-,false,-
com.nike.riposte,riposte-core,0.13.0,-,-,?,-,false,-
com.nike.riposte,riposte-guice,0.13.0,-,-,?,-,false,-
com.nike.riposte,riposte-guice-typesafe-config,0.13.0,-,-,?,-,false,-
com.nike.riposte,riposte-metrics-codahale,0.13.0,-,-,?,-,false,-
com.nike.riposte,riposte-metrics-codahale-signalfx,0.13.0,-,-,?,-,false,-
com.nike.riposte,riposte-service-registration-eureka,0.13.0,-,-,?,-,false,-
com.nike.riposte,riposte-servlet-api-adapter,0.13.0,-,-,?,-,false,-
com.nike.riposte,riposte-spi,0.13.0,-,-,?,-,false,-
com.nike.riposte,riposte-typesafe-config,0.13.0,-,-,?,-,false,-
com.nike.wingtips,wingtips-apache-http-client,0.15.0,-,-,?,-,false,-
com.nike.wingtips,wingtips-core,0.15.0,-,-,?,-,false,-
com.nike.wingtips,wingtips-java8,0.15.0,-,-,?,-,false,-
com.nike.wingtips,wingtips-servlet-api,0.15.0,-,-,?,-,false,-
com.nike.wingtips,wingtips-spring,0.15.0,-,-,?,-,false,-
com.nike.wingtips,wingtips-spring-boot,0.15.0,-,-,?,-,false,-
com.nike.wingtips,wingtips-zipkin,0.15.0,-,-,?,-,false,-
com.nike.wingtips,wingtips-zipkin2,0.15.0,-,-,?,-,false,-
com.nike.wingtips,wingtips-zipkin2-spring-boot,0.15.0,-,-,?,-,false,-
com.nike.wingtips,wingtips-zipkin-spring-boot,0.15.0,-,-,?,-,false,-
com.parship,roperty,1.2.0,-,-,?,-,false,-
com.pastdev,jsch-extension,0.1.11,-,-,?,-,false,-
com.pastdev,jsch-nio,1.0.10,-,-,?,-,false,-
com.pastdev.liferay,com.pastdev.liferay.scripting-api,1.023,-,-,?,-,false,-
com.pastdev.liferay,com.pastdev.liferay.scripting-service,1.023,-,-,?,-,false,-
com.rainmatter.kiteconnect,kiteconnect,1.4.5,-,-,?,-,false,-
com.raufferlobo.springboot.multitenant.mongodb,spring-boot-multitenant-mongodb,1.0.2,-,-,?,-,false,-
com.revolsys.open,com.revolsys.open.core,2014.09.10-MTEC1,-,-,?,-,false,-
com.revolsys.open,com.revolsys.open.doclet,2014.09.10-MTEC1,-,-,?,-,false,-
com.revolsys.open,com.revolsys.open.fgdb,0.20180228.140703-CPF_5_1_0-RELEASE,-,-,?,-,false,-
com.revolsys.open,com.revolsys.open.gdal,2014.09.10-MTEC1,-,-,?,-,false,-
com.revolsys.open,com.revolsys.open.geopackage,0.20180228.140703-CPF_5_1_0-RELEASE,-,-,?,-,false,-
com.revolsys.open,com.revolsys.open.javac,0.20180228.140703-CPF_5_1_0-RELEASE,-,-,?,-,false,com.sun.tools.javac.code.Scope           Use javax.tools and javax.lang.model @since 1.6 + com.sun.tools.javac.code.Symbol          Use javax.tools and javax.lang.model @since 1.6 + com.sun.tools.javac.code.Symbol$ClassSymbol Use javax.tools and javax.lang.model @since 1.6 + com.sun.tools.javac.code.Symbol$MethodSymbol Use javax.tools and javax.lang.model @since 1.6 + com.sun.tools.javac.code.Type            Use javax.tools and javax.lang.model @since 1.6 + com.sun.tools.javac.model.JavacElements  Use javax.tools and javax.lang.model @since 1.6 + com.sun.tools.javac.processing.JavacProcessingEnvironment Use javax.tools and javax.lang.model @since 1.6 + com.sun.tools.javac.tree.JCTree          Use com.sun.source @since 1.6 + com.sun.tools.javac.tree.JCTree$JCAnnotation Use com.sun.source @since 1.6 + com.sun.tools.javac.tree.JCTree$JCAssign Use com.sun.source @since 1.6 + com.sun.tools.javac.tree.JCTree$JCClassDecl Use com.sun.source @since 1.6 + com.sun.tools.javac.tree.JCTree$JCExpression Use com.sun.source @since 1.6 + com.sun.tools.javac.tree.JCTree$JCIdent  Use com.sun.source @since 1.6 + com.sun.tools.javac.tree.JCTree$JCLiteral Use com.sun.source @since 1.6 + com.sun.tools.javac.tree.JCTree$JCMethodDecl Use com.sun.source @since 1.6 + com.sun.tools.javac.tree.JCTree$JCModifiers Use com.sun.source @since 1.6 + com.sun.tools.javac.tree.JCTree$JCVariableDecl Use com.sun.source @since 1.6 + com.sun.tools.javac.tree.TreeMaker       Use com.sun.source @since 1.6 + com.sun.tools.javac.util.Context         Use javax.tools and javax.lang.model @since 1.6 + com.sun.tools.javac.util.List            Use javax.tools and javax.lang.model @since 1.6 + com.sun.tools.javac.util.Name            Use javax.tools and javax.lang.model @since 1.6 + com.sun.tools.javac.util.Names           Use javax.tools and javax.lang.model @since 1.6
com.revolsys.open,com.revolsys.open.maki,0.20180228.140703-CPF_5_1_0-RELEASE,-,-,?,-,false,-
com.revolsys.open,com.revolsys.open.oracle,0.20180228.140703-CPF_5_1_0-RELEASE,-,-,?,-,false,-
com.revolsys.open,com.revolsys.open.postgresql,0.20180228.140703-CPF_5_1_0-RELEASE,-,-,?,-,false,-
com.revolsys.open,com.revolsys.open.swing,2014.09.10-MTEC1,-,-,?,-,false,-
com.revolsys.open,com.revolsys.open.web,2014.09.10-MTEC1,-,-,?,-,false,-
com.roaringcatgames.kitten2d.ashley,ashley-extensions,0.5.7,-,-,?,-,false,-
com.sinsz.c,bxfs-core,1.1.1,-,-,?,-,false,-
com.sinsz.c,bxfs-kafka,0.0.1,-,-,?,-,false,-
com.sinsz.c,bxfs-mongodb,1.0.1,-,-,?,-,false,-
com.sinsz.c,bxfs-mybatis,1.0.2,-,-,?,-,false,-
com.sinsz.c,bxfs-rdb,1.r.4,-,-,?,-,false,-
com.sinsz.c,bxfs-redis,1.0.1,-,-,?,-,false,-
com.sinsz.c,bxfs-rpc,1.r.4,-,-,?,-,false,-
com.swrve,rate-limited-logger,2.0.0,-,-,?,-,false,-
com.thehellings,agglutinator,1.2,-,-,?,-,false,-
com.thehellings,utilities,1.4,-,-,?,-,false,-
com.uvasoftware,scanii-java,2.20,-,-,?,-,false,-
com.wcc-group,coloja,0.9,-,-,?,-,false,-
com.workable.honeybadger,honeybadger-client,1.5.4,-,-,?,-,false,-
com.workable.honeybadger,honeybadger-log4j-appender,1.5.4,-,-,?,-,false,-
com.workable.honeybadger,honeybadger-logback-appender,1.5.4,-,-,?,-,false,-
com.zbiljic,nodez,0.2.0,-,-,?,-,false,-
com.zhixiangli,codesimilarity,0.0.1,-,-,?,-,false,-
com.zhixiangli,code-similarity,0.0.2,-,-,?,-,false,-
com.zhixiangli,keyword-search,0.0.1,-,-,?,-,false,-
com.zhixiangli,netty4-http,0.0.1,-,-,?,-,false,-
hu.webarticum,jsatbuilder,0.2,-,-,?,-,false,-
hu.webarticum,simple-spreadsheet-writer,0.4,-,-,?,-,false,-
io.github.classgraph,classgraph,4.1.1,io.github.classgraph,4.1.1,explicit,java.base,false,-
org.wso2.extension.siddhi.io.file,siddhi-io-file,1.0.11,-,-,?,-,false,-
pl.droidsonroids.gradle,gradle-pitest-plugin,0.1.7,-,-,?,-,false,-
