groupId,artifactId,version,moduleName,moduleVersion,moduleMode,moduleDependencies,jdepsToolError,jdepsViolations
com.adarshr,raroscope,1.0.2,-,-,?,-,false,-
com.adarshr,repo,1.0.1,-,-,?,-,false,-
com.apyhs,artoria,0.0.5-beta28,-,-,?,-,false,-
com.atsid,play-crud,0.9.3,-,-,?,-,false,-
com.bladecoder.engine,blade-engine,2.1.2,-,-,?,-,false,-
com.bladecoder.engine,blade-engine-spine-plugin,2.1.2,-,-,?,-,false,-
com.bladecoder.ink,blade-ink,0.5.1,-,-,?,-,false,-
com.bladecoder.packr,packr,2.1,-,-,?,-,false,-
com.chfourie,uml-java-doclet,1.0.0,-,-,?,-,false,-
com.cloudhopper,ch-commons-util,6.0.4,-,-,?,-,false,-
com.cloudhopper,ch-jetty,1.1.5,-,-,?,-,false,-
com.cloudhopper,ch-sxmp,1.5.6,-,-,?,-,false,-
com.crimsonhexagon,redis-session-manager,2.2.1,-,-,?,-,false,-
com.meltwater.docker,kotlin-compose,1.4.0,-,-,?,-,false,-
com.meltwater,rxrabbit,1.3.0,-,-,?,-,false,-
com.messagemedia.sdk,lookups,1.0.0,-,-,?,-,false,-
com.messagemedia.sdk,webhooks,1.0.0,-,-,?,-,false,-
com.milaboratory,milib,1.8.4,-,-,?,-,false,-
com.milaboratory,mitools,1.5,-,-,?,-,false,sun.misc.Signal                          See http://openjdk.java.net/jeps/260 + sun.misc.SignalHandler                   See http://openjdk.java.net/jeps/260
com.monovore,decline_2.11,0.4.2,-,-,?,-,false,-
com.monovore,decline_2.12,0.4.2,-,-,?,-,false,-
com.monovore,decline-refined_2.11,0.4.2,-,-,?,-,false,-
com.monovore,decline-refined_2.12,0.4.2,-,-,?,-,false,-
com.monovore,decline-refined_sjs0.6_2.11,0.4.2,-,-,?,-,false,-
com.monovore,decline-refined_sjs0.6_2.12,0.4.2,-,-,?,-,false,-
com.monovore,decline_sjs0.6_2.11,0.4.2,-,-,?,-,false,-
com.monovore,decline_sjs0.6_2.12,0.4.2,-,-,?,-,false,-
com.nimbusds,c2id-server-jwkset-gen,1.2,-,-,?,-,false,-
com.nimbusds,c2id-server-ldap-schemas,1.9,-,-,?,-,false,-
com.nimbusds,c2id-server-property-source,1.0.1,-,-,?,-,false,-
com.nimbusds,c2id-server-sdk,3.26.2,-,-,?,-,false,-
com.nimbusds,common,2.27.2,-,-,?,-,false,-
com.nimbusds,infinispan-cachestore-common,2.0,-,-,?,-,false,-
com.nimbusds,infinispan-cachestore-dynamodb,2.1.1,-,-,?,-,false,-
com.nimbusds,infinispan-cachestore-ldap,3.0,-,-,?,-,false,-
com.nimbusds,infinispan-cachestore-sql,3.0.3,-,-,?,-,false,-
com.nimbusds,jgroups-dynamodb-ping,1.2.2,-,-,?,-,false,-
com.nimbusds,nimbus-jose-jwt,6.0.1,-,-,?,-,false,-
com.nimbusds,nimbus-jose-pkcs11,1.1,-,-,?,-,false,-
com.nimbusds,nimbus-jwkset-loader,1.5,-,-,?,-,false,-
com.nimbusds,oauth2-oidc-sdk,5.64.4,-,-,?,-,false,-
com.nimbusds,oidc-claims-source-http,1.0.1,-,-,?,-,false,-
com.nimbusds,oidc-claims-source-ldap,1.6,-,-,?,-,false,-
com.nimbusds,oidc-session-store,5.3,-,-,?,-,false,-
com.nimbusds,srp6a,2.0.2,-,-,?,-,false,-
com.nimbusds,token-event-publisher-aws-sqs,1.1,-,-,?,-,false,-
com.seleniumtests,seleniumtestsframework,5.8,-,-,?,-,false,-
com.soywiz,dynarek,0.3.0,-,-,?,-,false,-
com.soywiz,dynarek-common,0.3.0,-,-,?,-,false,-
com.soywiz,dynarek-js,0.3.0,-,-,?,-,false,-
com.soywiz,kaifu2x,0.4.0,-,-,?,-,false,-
com.soywiz,kds,0.6.0,-,-,?,-,false,-
com.soywiz,kds-common,0.6.0,-,-,?,-,false,-
com.soywiz,kds-js,0.6.0,-,-,?,-,false,-
com.soywiz,kds-root,0.6.0,-,-,?,-,false,-
com.soywiz,klock,0.5.0,-,-,?,-,false,-
com.soywiz,klock-common,0.5.0,-,-,?,-,false,-
com.soywiz,klock-js,0.5.0,-,-,?,-,false,-
com.soywiz,klock-root,0.5.0,-,-,?,-,false,-
com.soywiz,klogger,0.5.0,-,-,?,-,false,-
com.soywiz,klogger-common,0.5.0,-,-,?,-,false,-
com.soywiz,klogger-js,0.5.0,-,-,?,-,false,-
com.soywiz,klogger-root,0.5.0,-,-,?,-,false,-
com.soywiz,kmem,0.5.0,-,-,?,-,false,-
com.soywiz,kmem-common,0.5.0,-,-,?,-,false,-
com.soywiz,kmem-js,0.5.0,-,-,?,-,false,-
com.soywiz,kmem-root,0.5.0,-,-,?,-,false,-
com.soywiz,korag,0.19.2,-,-,?,-,false,-
com.soywiz,korag-android,0.19.2,-,-,?,-,false,-
com.soywiz,korag-common,0.19.2,-,-,?,-,false,-
com.soywiz,korag-core,0.12.0,-,-,?,-,false,-
com.soywiz,korag-js,0.19.2,-,-,?,-,false,-
com.soywiz,korag-root,0.19.2,-,-,?,-,false,-
com.soywiz,korau,0.19.1,-,-,?,-,false,-
com.soywiz,korau-android,0.19.1,-,-,?,-,false,-
com.soywiz,korau-atrac3plus,0.19.1,-,-,?,-,false,-
com.soywiz,korau-atrac3plus-js,0.19.1,-,-,?,-,false,-
com.soywiz,korau-atrac3plus-root,0.19.1,-,-,?,-,false,-
com.soywiz,korau-common,0.19.1,-,-,?,-,false,-
com.soywiz,korau-core,0.12.0,-,-,?,-,false,-
com.soywiz,korau-js,0.19.1,-,-,?,-,false,-
com.soywiz,korau-midi,0.12.0,-,-,?,-,false,-
com.soywiz,korau-mp3-android,0.19.1,-,-,?,-,false,-
com.soywiz,korau-mp3-common,0.19.1,-,-,?,-,false,-
com.soywiz,korau-mp3-js,0.19.1,-,-,?,-,false,-
com.soywiz,korau-ogg-vorbis,0.19.1,-,-,?,-,false,-
com.soywiz,korau-ogg-vorbis-android,0.19.1,-,-,?,-,false,-
com.soywiz,korau-ogg-vorbis-common,0.19.1,-,-,?,-,false,-
com.soywiz,korau-ogg-vorbis-js,0.19.1,-,-,?,-,false,-
com.soywiz,korau-root,0.19.1,-,-,?,-,false,-
com.soywiz,korfl,0.19.1,-,-,?,-,false,-
com.soywiz,korfl-common,0.19.1,-,-,?,-,false,-
com.soywiz,korfl-js,0.19.1,-,-,?,-,false,-
com.soywiz,korge,0.19.2,-,-,?,-,false,-
com.soywiz,korge-android,0.19.2,-,-,?,-,false,-
com.soywiz,korge-build,0.19.2,-,-,?,-,false,-
com.soywiz,korge-common,0.19.2,-,-,?,-,false,-
com.soywiz,korge-core,0.12.0,-,-,?,-,false,-
com.soywiz,korge-ext-fla,0.19.2,-,-,?,-,false,-
com.soywiz,korge-ext-fla-common,0.19.2,-,-,?,-,false,-
com.soywiz,korge-ext-fla-js,0.19.2,-,-,?,-,false,-
com.soywiz,korge-ext-lipsync,0.19.2,-,-,?,-,false,-
com.soywiz,korge-ext-lipsync-common,0.19.2,-,-,?,-,false,-
com.soywiz,korge-ext-particle,0.19.2,-,-,?,-,false,-
com.soywiz,korge-ext-particle-common,0.19.2,-,-,?,-,false,-
com.soywiz,korge-ext-particle-js,0.19.2,-,-,?,-,false,-
com.soywiz,korge-ext-spriter,0.19.2,-,-,?,-,false,-
com.soywiz,korge-ext-spriter-common,0.19.2,-,-,?,-,false,-
com.soywiz,korge-ext-spriter-js,0.19.2,-,-,?,-,false,-
com.soywiz,korge-ext-swf,0.19.2,-,-,?,-,false,-
com.soywiz,korge-ext-swf-common,0.19.2,-,-,?,-,false,-
com.soywiz,korge-ext-swf-js,0.19.2,-,-,?,-,false,-
com.soywiz,korge-ext-tiled,0.19.2,-,-,?,-,false,-
com.soywiz,korge-ext-tiled-common,0.19.2,-,-,?,-,false,-
com.soywiz,korge-ext-ui,0.19.2,-,-,?,-,false,-
com.soywiz,korge-ext-ui-js,0.19.2,-,-,?,-,false,-
com.soywiz,korge-gradle-plugin,0.19.2,-,-,?,-,false,-
com.soywiz,korge-intellij-plugin,0.15.8,-,-,?,-,false,-
com.soywiz,korge-js,0.19.2,-,-,?,-,false,-
com.soywiz,korge-root,0.19.2,-,-,?,-,false,-
com.soywiz,korge-sample,0.12.0,-,-,?,-,false,-
com.soywiz,korge-tests,0.14.0,-,-,?,-,false,-
com.soywiz,korge-tests-common,0.14.0,-,-,?,-,false,-
com.soywiz,korge-tests-js,0.14.0,-,-,?,-,false,-
com.soywiz,korim,0.19.1,-,-,?,-,false,-
com.soywiz,korim-android,0.19.1,-,-,?,-,false,-
com.soywiz,korim-common,0.19.1,-,-,?,-,false,-
com.soywiz,korim-core,0.12.0,-,-,?,-,false,-
com.soywiz,korim-js,0.19.1,-,-,?,-,false,-
com.soywiz,korim-root,0.19.1,-,-,?,-,false,-
com.soywiz,korinject,0.5.0,-,-,?,-,false,-
com.soywiz,korinject-js,0.5.0,-,-,?,-,false,-
com.soywiz,korinject-root,0.5.0,-,-,?,-,false,-
com.soywiz,korio,0.20.0,-,-,?,-,false,-
com.soywiz,korio-amazon-root,0.19.1,-,-,?,-,false,-
com.soywiz,korio-android,0.20.0,-,-,?,-,false,-
com.soywiz,korio-common,0.20.0,-,-,?,-,false,-
com.soywiz,korio-core,0.13.0,-,-,?,-,false,-
com.soywiz,korio-db-root,0.19.1,-,-,?,-,false,-
com.soywiz,korio-example,0.15.0,-,-,?,-,false,-
com.soywiz,korio-example-common,0.15.0,-,-,?,-,false,-
com.soywiz,korio-example-js,0.15.0,-,-,?,-,false,-
com.soywiz,korio-example-jvm,0.14.0,-,-,?,-,false,-
com.soywiz,korio-ext-amazon-base,0.19.1,-,-,?,-,false,-
com.soywiz,korio-ext-amazon-base-common,0.19.1,-,-,?,-,false,-
com.soywiz,korio-ext-amazon-common,0.13.0,-,-,?,-,false,-
com.soywiz,korio-ext-amazon-dynamodb,0.19.1,-,-,?,-,false,-
com.soywiz,korio-ext-amazon-dynamodb-common,0.19.1,-,-,?,-,false,-
com.soywiz,korio-ext-amazon-dynamodb-js,0.19.1,-,-,?,-,false,-
com.soywiz,korio-ext-amazon-s3,0.19.1,-,-,?,-,false,-
com.soywiz,korio-ext-amazon-s3-common,0.19.1,-,-,?,-,false,-
com.soywiz,korio-ext-amazon-s3-js,0.19.1,-,-,?,-,false,-
com.soywiz,korio-ext-db-base,0.19.1,-,-,?,-,false,-
com.soywiz,korio-ext-db-base-common,0.19.1,-,-,?,-,false,-
com.soywiz,korio-ext-db-base-js,0.19.1,-,-,?,-,false,-
com.soywiz,korio-ext-db-cassandra,0.19.1,-,-,?,-,false,-
com.soywiz,korio-ext-db-cassandra-common,0.19.1,-,-,?,-,false,-
com.soywiz,korio-ext-db-cassandra-js,0.19.1,-,-,?,-,false,-
com.soywiz,korio-ext-db-elasticsearch,0.19.1,-,-,?,-,false,-
com.soywiz,korio-ext-db-elasticsearch-common,0.19.1,-,-,?,-,false,-
com.soywiz,korio-ext-db-elasticsearch-js,0.19.1,-,-,?,-,false,-
com.soywiz,korio-ext-db-mongodb,0.13.0,-,-,?,-,false,-
com.soywiz,korio-ext-db-mysql,0.13.0,-,-,?,-,false,-
com.soywiz,korio-ext-db-redis,0.19.1,-,-,?,-,false,-
com.soywiz,korio-ext-db-redis-js,0.19.1,-,-,?,-,false,-
com.soywiz,korio-ext-vertx,0.19.1,-,-,?,-,false,-
com.soywiz,korio-ext-web,0.19.1,-,-,?,-,false,-
com.soywiz,korio-ext-web-common,0.19.1,-,-,?,-,false,-
com.soywiz,korio-js,0.20.0,-,-,?,-,false,-
com.soywiz,korio-junit,0.13.0,-,-,?,-,false,-
com.soywiz,korio-ktor,0.13.0,-,-,?,-,false,-
com.soywiz,korio-root,0.20.0,-,-,?,-,false,-
com.soywiz,korio-vertx,0.13.0,-,-,?,-,false,-
com.soywiz,korio-web-root,0.19.1,-,-,?,-,false,-
com.soywiz,korma,0.20.0,-,-,?,-,false,-
com.soywiz,korma-android,0.14.1,-,-,?,-,false,-
com.soywiz,korma-common,0.20.0,-,-,?,-,false,-
com.soywiz,korma-js,0.20.0,-,-,?,-,false,-
com.soywiz,korma-root,0.20.0,-,-,?,-,false,-
com.soywiz,korte,0.14.0,-,-,?,-,false,-
com.soywiz,korte-common,0.14.0,-,-,?,-,false,-
com.soywiz,korte-jekyll,0.14.0,-,-,?,-,false,-
com.soywiz,korte-root,0.14.0,-,-,?,-,false,-
com.soywiz,korte-vertx,0.14.0,-,-,?,-,false,-
com.soywiz,korte-web,0.14.0,-,-,?,-,false,-
com.soywiz,korte-web-example,0.14.0,-,-,?,-,false,-
com.soywiz,korui,0.19.3,-,-,?,-,false,-
com.soywiz,korui-android,0.19.3,-,-,?,-,false,-
com.soywiz,korui-common,0.19.3,-,-,?,-,false,-
com.soywiz,korui-core,0.12.0,-,-,?,-,false,-
com.soywiz,korui-js,0.19.3,-,-,?,-,false,-
com.soywiz,korui-jtransc-example,0.12.0,-,-,?,-,false,-
com.soywiz,korui-root,0.19.3,-,-,?,-,false,-
com.soywiz,krypto,0.4.0,-,-,?,-,false,-
com.soywiz,krypto-js,0.4.0,-,-,?,-,false,-
com.soywiz,krypto-root,0.4.0,-,-,?,-,false,-
com.soywiz,kzlib,0.5.0,-,-,?,-,false,-
com.soywiz,kzlib-common,0.5.0,-,-,?,-,false,-
com.soywiz,kzlib-js,0.5.0,-,-,?,-,false,-
com.soywiz,kzlib-root,0.5.0,-,-,?,-,false,-
com.tagtraum,casampledsp-complete,0.9.19,-,-,?,-,false,-
com.tagtraum,casampledsp-java,0.9.19,-,-,?,-,false,-
com.tagtraum,ffsampledsp-complete,0.9.28,-,-,?,-,false,-
com.tagtraum,ffsampledsp-java,0.9.28,-,-,?,-,false,-
com.tagtraum,jipes,0.9.16,-,-,?,-,false,-
com.zhazhapan,util,1.0.9,-,-,?,-,false,com.sun.crypto.provider.SunJCE           Use java.security.Security.getProvider(provider-name) @since 1.3 + sun.misc.BASE64Decoder                   Use java.util.Base64 @since 1.8 + sun.misc.BASE64Encoder                   Use java.util.Base64 @since 1.8
