groupId,artifactId,version,moduleName,moduleVersion,moduleMode,moduleDependencies,jdepsToolError,jdepsViolations
org.wso2.carbon.apimgt,org.wso2.carbon.apimgt.api,6.3.134,-,-,?,-,false,-
org.wso2.carbon.apimgt,org.wso2.carbon.apimgt.authenticator.oidc,6.3.134,-,-,?,-,false,-
org.wso2.carbon.apimgt,org.wso2.carbon.apimgt.authenticator.oidc.stub,6.3.134,-,-,?,-,false,-
org.wso2.carbon.apimgt,org.wso2.carbon.apimgt.authenticator.oidc.ui,6.3.134,-,-,?,-,false,-
org.wso2.carbon.apimgt,org.wso2.carbon.apimgt.broker.lifecycle,6.3.134,-,-,?,-,false,-
org.wso2.carbon.apimgt,org.wso2.carbon.apimgt.core,7.0.169,-,-,?,-,false,-
org.wso2.carbon.apimgt,org.wso2.carbon.apimgt.gateway,6.3.134,-,-,?,-,false,-
org.wso2.carbon.apimgt,org.wso2.carbon.apimgt.gateway.stub,6.3.134,-,-,?,-,false,-
org.wso2.carbon.apimgt,org.wso2.carbon.apimgt.handlers.security.stub,6.3.134,-,-,?,-,false,-
org.wso2.carbon.apimgt,org.wso2.carbon.apimgt.hostobjects,6.3.134,-,-,?,-,false,-
org.wso2.carbon.apimgt,org.wso2.carbon.apimgt.hostobjects.oidc,6.3.134,-,-,?,-,false,-
org.wso2.carbon.apimgt,org.wso2.carbon.apimgt.impl,6.3.134,-,-,?,-,false,-
org.wso2.carbon.apimgt,org.wso2.carbon.apimgt.jms.listener,6.3.134,-,-,?,-,false,-
org.wso2.carbon.apimgt,org.wso2.carbon.apimgt.keymgt,6.3.134,-,-,?,-,false,-
org.wso2.carbon.apimgt,org.wso2.carbon.apimgt.keymgt.client,6.3.134,-,-,?,-,false,-
org.wso2.carbon.apimgt,org.wso2.carbon.apimgt.keymgt.stub,6.3.134,-,-,?,-,false,-
org.wso2.carbon.apimgt,org.wso2.carbon.apimgt.registry.cache.stub,6.3.134,-,-,?,-,false,-
org.wso2.carbon.apimgt,org.wso2.carbon.apimgt.rest.api.admin,7.0.169,-,-,?,-,false,-
org.wso2.carbon.apimgt,org.wso2.carbon.apimgt.rest.api.publisher,7.0.169,-,-,?,-,false,-
org.wso2.carbon.apimgt,org.wso2.carbon.apimgt.rest.api.store,7.0.169,-,-,?,-,false,-
org.wso2.carbon.apimgt,org.wso2.carbon.apimgt.rest.api.util,6.3.134,-,-,?,-,false,-
org.wso2.carbon.apimgt,org.wso2.carbon.apimgt.statsupdate.stub,6.3.134,-,-,?,-,false,-
org.wso2.carbon.apimgt,org.wso2.carbon.apimgt.throttle.service.interceptors,6.3.134,-,-,?,-,false,-
org.wso2.carbon.apimgt,org.wso2.carbon.apimgt.throttling.siddhi.extension,7.0.169,-,-,?,-,false,-
org.wso2.carbon.apimgt,org.wso2.carbon.apimgt.tier.cache.stub,6.3.134,-,-,?,-,false,-
org.wso2.carbon.apimgt,org.wso2.carbon.apimgt.usage.client,6.3.134,-,-,?,-,false,-
org.wso2.carbon.apimgt,org.wso2.carbon.apimgt.usage.publisher,6.3.134,-,-,?,-,false,-
org.wso2.carbon.apimgt,org.wso2.carbon.forum,6.3.134,-,-,?,-,false,-
org.wso2.carbon.apimgt,org.wso2.carbon.hostobjects.sso,6.3.134,-,-,?,-,false,-
