groupId,artifactId,version,moduleName,moduleVersion,moduleMode,moduleDependencies,jdepsToolError,jdepsViolations
com.badlogicgames.gdxpay,gdx-pay-android,0.11.2,-,-,?,-,false,-
com.badlogicgames.gdxpay,gdx-pay-android-googleplay,0.11.2,-,-,?,-,false,-
com.badlogicgames.gdxpay,gdx-pay-desktop-apple,0.11.2,-,-,?,-,false,-
com.bigdullrock,fitnesse-spring,1.0.0,-,-,?,-,false,-
com.bigdullrock,nifty-spring-boot-starter,0.8.0,-,-,?,-,false,-
com.bigdullrock,nifty-spring-boot-starter-demo,0.8.0,-,-,?,-,false,-
com.chuusai,shapeless_2.10,2.3.3,-,-,?,-,false,-
com.chuusai,shapeless_2.11,2.3.3,-,-,?,-,false,-
com.chuusai,shapeless_2.12,2.3.3,-,-,?,-,false,-
com.chuusai,shapeless_2.13.0-M1,2.3.2,-,-,?,-,false,-
com.chuusai,shapeless_2.13.0-M2,2.3.3,-,-,?,-,false,-
com.chuusai,shapeless_2.13.0-M3,2.3.3,-,-,?,-,false,-
com.chuusai,shapeless_2.13.0-M4,2.3.3,-,-,?,-,false,-
com.chuusai,shapeless_native0.3_2.11,2.3.3,-,-,?,-,false,-
com.chuusai,shapeless_sjs0.6_2.10,2.3.3,-,-,?,-,false,-
com.chuusai,shapeless_sjs0.6_2.11,2.3.3,-,-,?,-,false,-
com.chuusai,shapeless_sjs0.6_2.12,2.3.3,-,-,?,-,false,-
com.chuusai,shapeless_sjs0.6_2.13.0-M1,2.3.2,-,-,?,-,false,-
com.chuusai,shapeless_sjs0.6_2.13.0-M2,2.3.3,-,-,?,-,false,-
com.chuusai,shapeless_sjs0.6_2.13.0-M3,2.3.3,-,-,?,-,false,-
com.chuusai,shapeless_sjs0.6_2.13.0-M4,2.3.3,-,-,?,-,false,-
com.cloudogu.cb,command-bus-cdi,1.0.1,-,-,?,-,false,-
com.cloudogu.cb,command-bus-core,1.0.1,-,-,?,-,false,-
com.cloudogu.cb,command-bus-spring,1.0.1,-,-,?,-,false,-
com.coreoz,plume-admin,1.0.0-rc2,-,-,?,-,false,-
com.coreoz,plume-admin-security,1.0.1,-,-,?,-,false,-
com.coreoz,plume-admin-ws,1.0.1,-,-,?,-,false,-
com.coreoz,plume-conf,1.1.1,-,-,?,-,false,-
com.coreoz,plume-db,1.1.1,-,-,?,-,false,-
com.coreoz,plume-db-hibernate,1.1.1,-,-,?,-,false,-
com.coreoz,plume-db-hibernate-oracle,1.0.0-rc3,-,-,?,-,false,-
com.coreoz,plume-db-querydsl,1.1.1,-,-,?,-,false,-
com.coreoz,plume-db-querydsl-codegen,1.1.1,-,-,?,-,false,-
com.coreoz,plume-db-test,1.1.1,-,-,?,-,false,-
com.coreoz,plume-file-core,2.0.0-beta4,-,-,?,-,false,-
com.coreoz,plume-file-gallery,2.0.0-beta4,-,-,?,-,false,-
com.coreoz,plume-mail,1.1.1,-,-,?,-,false,-
com.coreoz,plume-scheduler,1.1.1,-,-,?,-,false,-
com.coreoz,plume-services,1.1.1,-,-,?,-,false,-
com.coreoz,plume-web-jersey,1.1.1,-,-,?,-,false,-
com.coreoz,ppt-templates,1.0.1,-,-,?,-,false,-
com.coreoz,windmill,1.1.1,-,-,?,-,false,-
com.coreoz,wisp,1.0.0,-,-,?,-,false,-
com.elasticpath,rest-resources-viz,0.1.0,-,-,?,-,false,sun.misc.Signal                          See http://openjdk.java.net/jeps/260 + sun.misc.SignalHandler                   See http://openjdk.java.net/jeps/260
com.elasticpath,rest-viz-maven-plugin,0.1.0,-,-,?,-,false,-
com.erigir,mslinks,0.0.2+5,-,-,?,-,false,-
com.erigir,tvguide,0.0.2+5,-,-,?,-,false,-
com.erigir,wrench-ape,2.1.6+138,-,-,?,-,false,-
com.erigir,wrench-aws,2.1.6+138,-,-,?,-,false,-
com.erigir,wrench-commons,2.1.6+138,-,-,?,-,false,-
com.erigir,wrench-drigo,2.1.6+138,-,-,?,-,false,-
com.erigir,wrench-fluke,2.1.6+138,-,-,?,-,false,-
com.erigir,wrench-shiro-oauth,2.1.6+138,-,-,?,-,false,-
com.erigir,wrench-steelpipe,2.1.6+138,-,-,?,-,false,-
com.erigir,wrench-web,2.1.6+138,-,-,?,-,false,-
com.erigir,wrench-zk,2.1.6+138,-,-,?,-,false,-
com.github.bigwheel,util-backports_2.12,1.0,-,-,?,-,false,-
com.github.takezoe,runtime-scaladoc-reader_2.12,1.0.0,-,-,?,-,false,-
com.gradecak.alfresco-mvc,alfresco-mvc-aop,5.0.1-RELEASE,-,-,?,-,false,-
com.gradecak.alfresco-mvc,alfresco-mvc-dist,5.0.1-RELEASE,-,-,?,-,false,-
com.gradecak.alfresco-mvc,alfresco-mvc-querytemplate,5.0.1-RELEASE,-,-,?,-,false,-
com.gradecak.alfresco-mvc,alfresco-mvc-rest,5.0.1-RELEASE,-,-,?,-,false,-
com.groupbyinc,common-flux-stage-services,181,-,-,?,-,false,sun.misc.Unsafe                          See http://openjdk.java.net/jeps/260 + sun.security.x509.X500Name               Use javax.security.auth.x500.X500Principal @since 1.4
com.groupbyinc,common-jackson,181,-,-,?,-,false,-
com.groupbyinc,common-logging-internal,132,-,-,?,-,false,-
com.groupbyinc,common-model,181,-,-,?,-,false,-
com.groupbyinc,experiment-api-java,1.0.23,-,-,?,-,false,-
com.habds,lcl-core,1.0.2.RELEASE,-,-,?,-,false,-
com.habds,lcl-spring,1.0.2.RELEASE,-,-,?,-,false,-
com.habds,lcl-spring-examples,1.0.2.RELEASE,-,-,?,-,false,-
com.hannesdorfmann.fragmentargs,annotation,4.0.0-RC1,-,-,?,-,false,-
com.hannesdorfmann.fragmentargs,bundler-parceler,4.0.0-RC1,-,-,?,-,false,-
com.hannesdorfmann.fragmentargs,processor,4.0.0-RC1,-,-,?,-,false,-
com.hannesdorfmann.mosby3,mvi-common,3.1.0,-,-,?,-,false,-
com.hannesdorfmann.mosby3,mvp-common,3.1.0,-,-,?,-,false,-
com.hannesdorfmann.mosby3,mvp-nullobject-presenter,3.1.0,-,-,?,-,false,-
com.hannesdorfmann.mosby3,mvp-queuing-presenter,3.1.0,-,-,?,-,false,-
com.hannesdorfmann.mosby3,testing,3.0.0-alpha4,-,-,?,-,false,-
com.heliosapm.jmxlocal,jmxlocal,1.0,-,-,?,-,false,-
com.heliosapm.jvm,jvm-name,1.0,-,-,?,-,false,-
com.heliosapm.utils,heliosutils,1.2,-,-,?,-,false,sun.misc.Unsafe                          See http://openjdk.java.net/jeps/260 + sun.reflect.Reflection                   Use java.lang.StackWalker @since 9 + sun.reflect.ReflectionFactory            See http://openjdk.java.net/jeps/260
com.icoderman,wc-api-java,1.2,-,-,?,-,false,-
com.inspire-software.lib.dto.geda,geda.core,3.1.2,-,-,?,-,false,-
com.inspire-software.lib.dto.geda,geda.examples,3.1.2,-,-,?,-,false,-
com.inspire-software.lib.dto.geda,geda.osgi,3.1.2,-,-,?,-,false,-
com.inspire-software.lib.dto.geda,geda.spring-integration,3.1.2,-,-,?,-,false,-
com.ithit.webdav.integration,android-integration,3.2.2438,-,-,?,-,false,-
com.ithit.webdav.integration,servlet-integration,3.2.2438,-,-,?,-,false,-
com.ithit.webdav.server,WebDavEngine,2.1.621,-,-,?,-,false,sun.misc.BASE64Decoder                   Use java.util.Base64 @since 1.8
com.ithit.webdav,webdav-server,3.2.2438,-,-,?,-,false,-
com.lotame,cc-android-sdk,2.3.0.4,-,-,?,-,false,-
com.luhuiguo,fastdfs-client,0.4.0,-,-,?,-,false,-
com.luhuiguo,fastdfs-spring-boot-starter,0.2.0,-,-,?,-,false,-
com.mailboxvalidator,mailboxvalidator-java,1.0.0,-,-,?,-,false,-
com.mercadopago,dx-java,1.0.20,-,-,?,-,false,-
com.netflix.conductor,conductor-client,1.11.4,-,-,?,-,false,-
com.netflix.conductor,conductor-common,1.11.4,-,-,?,-,false,-
com.netflix.conductor,conductor-contribs,1.11.4,-,-,?,-,false,-
com.netflix.conductor,conductor-core,1.11.4,-,-,?,-,false,-
com.netflix.conductor,conductor-es2-persistence,1.11.4,-,-,?,-,false,sun.misc.Unsafe                          See http://openjdk.java.net/jeps/260 + sun.security.x509.X500Name               Use javax.security.auth.x500.X500Principal @since 1.4
com.netflix.conductor,conductor-es5-persistence,1.11.4,-,-,?,-,false,-
com.netflix.conductor,conductor-jersey,1.11.4,-,-,?,-,false,-
com.netflix.conductor,conductor-mysql-persistence,1.11.4,-,-,?,-,false,-
com.netflix.conductor,conductor-redis-persistence,1.11.4,-,-,?,-,false,-
com.netflix.conductor,conductor-test-harness,1.11.4,-,-,?,-,false,-
com.netflix.conductor,conductor-ui,1.11.4,-,-,?,-,false,-
com.nightlynexus.logging-retrofit,logging,0.9.0,-,-,?,-,false,-
com.nightlynexus.retryable-retrofit,retryable,0.1.0,-,-,?,-,false,-
com.nightlynexus.retryable-retrofit,retryable-android,0.1.0,-,-,?,-,false,-
com.placetopay,java-placetopay,1.0.6,-,-,?,-,false,-
com.rabbitmq,amqp-client,5.3.0,com.rabbitmq.client,-,automatic,-,false,-
com.rabbitmq,http-client,2.1.0.RELEASE,com.rabbitmq.http.client,-,automatic,-,false,-
com.rabbitmq.jms,rabbitmq-jms,1.9.0,com.rabbitmq.jms,-,automatic,-,false,-
com.rabbitmq,perf-test,2.1.2,com.rabbitmq.perf,-,automatic,-,false,-
com.realexpayments.hpp.sdk,rxp-hpp-java,1.3.2,-,-,?,-,false,-
com.realexpayments.remote.sdk,rxp-remote-java,1.3.1,-,-,?,-,false,-
com.recombee,api-client,2.1.0,-,-,?,-,false,-
com.stimulussoft,filequeue,1.1.0,-,-,?,-,false,-
com.testdroid,gradle,2.62.1,-,-,?,-,false,-
com.testdroid,mobile-opencv-image-recognition-library,0.3.2,-,-,?,-,false,-
com.testdroid,testdroid-api,2.62,-,-,?,-,false,-
org.wvlet.airframe,airframe_2.11,0.56,-,-,?,-,false,-
org.wvlet.airframe,airframe_2.12,0.56,-,-,?,-,false,-
org.wvlet.airframe,airframe_2.13.0-M4,0.56,-,-,?,-,false,-
org.wvlet.airframe,airframe-bootstrap_2.11,0.56,-,-,?,-,false,-
org.wvlet.airframe,airframe-bootstrap_2.12,0.56,-,-,?,-,false,-
org.wvlet.airframe,airframe-bootstrap_2.13.0-M4,0.56,-,-,?,-,false,-
org.wvlet.airframe,airframe-codec_2.11,0.56,-,-,?,-,false,-
org.wvlet.airframe,airframe-codec_2.12,0.56,-,-,?,-,false,-
org.wvlet.airframe,airframe-codec_2.13.0-M4,0.56,-,-,?,-,false,-
org.wvlet.airframe,airframe-config_2.11,0.56,-,-,?,-,false,-
org.wvlet.airframe,airframe-config_2.12,0.56,-,-,?,-,false,-
org.wvlet.airframe,airframe-config_2.13.0-M4,0.56,-,-,?,-,false,-
org.wvlet.airframe,airframe-control_2.11,0.56,-,-,?,-,false,-
org.wvlet.airframe,airframe-control_2.12,0.56,-,-,?,-,false,-
org.wvlet.airframe,airframe-control_2.13.0-M4,0.56,-,-,?,-,false,-
org.wvlet.airframe,airframe-control_sjs0.6_2.12,0.56,-,-,?,-,false,-
org.wvlet.airframe,airframe-http_2.11,0.56,-,-,?,-,false,-
org.wvlet.airframe,airframe-http_2.12,0.56,-,-,?,-,false,-
org.wvlet.airframe,airframe-http_2.13.0-M4,0.56,-,-,?,-,false,-
org.wvlet.airframe,airframe-http-finagle_2.11,0.56,-,-,?,-,false,-
org.wvlet.airframe,airframe-http-finagle_2.12,0.56,-,-,?,-,false,-
org.wvlet.airframe,airframe-jdbc_2.11,0.56,-,-,?,-,false,-
org.wvlet.airframe,airframe-jdbc_2.12,0.56,-,-,?,-,false,-
org.wvlet.airframe,airframe-jdbc_2.13.0-M4,0.56,-,-,?,-,false,-
org.wvlet.airframe,airframe-jmx_2.11,0.56,-,-,?,-,false,-
org.wvlet.airframe,airframe-jmx_2.12,0.56,-,-,?,-,false,-
org.wvlet.airframe,airframe-jmx_2.13.0-M4,0.56,-,-,?,-,false,-
org.wvlet.airframe,airframe-json_2.11,0.56,-,-,?,-,false,-
org.wvlet.airframe,airframe-json_2.12,0.56,-,-,?,-,false,-
org.wvlet.airframe,airframe-json_2.13.0-M4,0.56,-,-,?,-,false,-
org.wvlet.airframe,airframe-json_sjs0.6_2.12,0.56,-,-,?,-,false,-
org.wvlet.airframe,airframe-log_2.11,0.56,-,-,?,-,false,-
org.wvlet.airframe,airframe-log_2.12,0.56,-,-,?,-,false,-
org.wvlet.airframe,airframe-log_2.13.0-M4,0.56,-,-,?,-,false,-
org.wvlet.airframe,airframe-log_sjs0.6_2.12,0.56,-,-,?,-,false,-
org.wvlet.airframe,airframe-metrics_2.11,0.56,-,-,?,-,false,-
org.wvlet.airframe,airframe-metrics_2.12,0.56,-,-,?,-,false,-
org.wvlet.airframe,airframe-metrics_2.13.0-M4,0.56,-,-,?,-,false,-
org.wvlet.airframe,airframe-metrics_sjs0.6_2.12,0.56,-,-,?,-,false,-
org.wvlet.airframe,airframe-msgpack_2.11,0.56,-,-,?,-,false,-
org.wvlet.airframe,airframe-msgpack_2.12,0.56,-,-,?,-,false,-
org.wvlet.airframe,airframe-msgpack_2.13.0-M4,0.56,-,-,?,-,false,-
org.wvlet.airframe,airframe-msgpack_sjs0.6_2.12,0.56,-,-,?,-,false,-
org.wvlet.airframe,airframe-opts_2.11,0.56,-,-,?,-,false,-
org.wvlet.airframe,airframe-opts_2.12,0.56,-,-,?,-,false,-
org.wvlet.airframe,airframe-opts_2.13.0-M4,0.56,-,-,?,-,false,-
org.wvlet.airframe,airframe-scaladoc_2.11,0.56,-,-,?,-,false,-
org.wvlet.airframe,airframe-scaladoc_2.12,0.56,-,-,?,-,false,-
org.wvlet.airframe,airframe-scaladoc_2.13.0-M4,0.56,-,-,?,-,false,-
org.wvlet.airframe,airframe_sjs0.6_2.12,0.56,-,-,?,-,false,-
org.wvlet.airframe,airframe-spec_2.11,0.56,-,-,?,-,false,-
org.wvlet.airframe,airframe-spec_2.12,0.56,-,-,?,-,false,-
org.wvlet.airframe,airframe-spec_2.13.0-M4,0.56,-,-,?,-,false,-
org.wvlet.airframe,airframe-spec_sjs0.6_2.12,0.56,-,-,?,-,false,-
org.wvlet.airframe,airframe-stream_2.11,0.56,-,-,?,-,false,-
org.wvlet.airframe,airframe-stream_2.12,0.56,-,-,?,-,false,-
org.wvlet.airframe,airframe-stream_2.13.0-M4,0.56,-,-,?,-,false,-
org.wvlet.airframe,airframe-surface_2.11,0.56,-,-,?,-,false,-
org.wvlet.airframe,airframe-surface_2.12,0.56,-,-,?,-,false,-
org.wvlet.airframe,airframe-surface_2.13.0-M4,0.56,-,-,?,-,false,-
org.wvlet.airframe,airframe-surface_sjs0.6_2.12,0.56,-,-,?,-,false,-
org.wvlet.airframe,airframe-tablet_2.11,0.56,-,-,?,-,false,-
org.wvlet.airframe,airframe-tablet_2.12,0.56,-,-,?,-,false,-
org.wvlet.airframe,airframe-tablet_2.13.0-M4,0.56,-,-,?,-,false,-
