groupId,artifactId,version,moduleName,moduleVersion,moduleMode,moduleDependencies,jdepsToolError,jdepsViolations
cn.jiangzeyin,dbutil,1.2.9,-,-,?,-,false,-
com.bitplan.multimodule,multimodule1,0.0.3,-,-,?,-,false,-
com.bitplan.multimodule,multimodule2,0.0.3,-,-,?,-,false,-
com.google.closure-stylesheets,closure-stylesheets,20160212,-,-,?,-,false,-
com.google.cloud.bigdataoss,bigquery-connector,0.13.4-hadoop3,-,-,?,-,false,-
com.google.cloud.bigdataoss,gcs-connector,1.9.4-hadoop3,-,-,?,-,false,-
com.google.cloud.bigdataoss,gcsio,1.9.5,-,-,?,-,false,-
com.google.cloud.bigdataoss,util,1.9.5,-,-,?,-,false,-
com.google.cloud.bigdataoss,util-hadoop,1.9.4-hadoop3,-,-,?,-,false,-
com.google.cloud.bigtable,bigtable-beam-import,1.5.0,-,-,?,-,false,-
com.google.cloud.bigtable,bigtable-client-core,1.5.0,-,-,?,-,false,-
com.google.cloud.bigtable,bigtable-dataflow-import,1.0.0-pre4,-,-,?,-,false,-
com.google.cloud.bigtable,bigtable-emulator-maven-plugin,1.5.0,-,-,?,-,false,-
com.google.cloud.bigtable,bigtable-hbase-1.0,1.0.0-pre3,-,-,?,-,false,sun.misc.Unsafe                          See http://openjdk.java.net/jeps/260 + sun.security.x509.X500Name               Use javax.security.auth.x500.X500Principal @since 1.4
com.google.cloud.bigtable,bigtable-hbase-1.1,1.0.0-pre3,-,-,?,-,false,sun.misc.Unsafe                          See http://openjdk.java.net/jeps/260 + sun.security.x509.X500Name               Use javax.security.auth.x500.X500Principal @since 1.4
com.google.cloud.bigtable,bigtable-hbase-1.2,1.0.0-pre3,-,-,?,-,false,sun.misc.Unsafe                          See http://openjdk.java.net/jeps/260 + sun.security.x509.X500Name               Use javax.security.auth.x500.X500Principal @since 1.4
com.google.cloud.bigtable,bigtable-hbase-1.3,1.0.0-pre3,-,-,?,-,false,sun.misc.Unsafe                          See http://openjdk.java.net/jeps/260 + sun.security.x509.X500Name               Use javax.security.auth.x500.X500Principal @since 1.4
com.google.cloud.bigtable,bigtable-hbase,1.5.0,-,-,?,-,false,-
com.google.cloud.bigtable,bigtable-hbase-1.x,1.5.0,-,-,?,-,false,-
com.google.cloud.bigtable,bigtable-hbase-1.x-hadoop,1.5.0,-,-,?,-,false,sun.misc.Unsafe                          See http://openjdk.java.net/jeps/260 + sun.security.x509.X500Name               Use javax.security.auth.x500.X500Principal @since 1.4
com.google.cloud.bigtable,bigtable-hbase-1.x-integration-tests,1.5.0,-,-,?,-,false,-
com.google.cloud.bigtable,bigtable-hbase-1.x-mapreduce,1.5.0,-,-,?,-,false,-
com.google.cloud.bigtable,bigtable-hbase-1.x-shaded,1.5.0,-,-,?,-,false,sun.misc.Unsafe                          See http://openjdk.java.net/jeps/260 + sun.security.x509.X500Name               Use javax.security.auth.x500.X500Principal @since 1.4
com.google.cloud.bigtable,bigtable-hbase-2.x,1.5.0,-,-,?,-,false,-
com.google.cloud.bigtable,bigtable-hbase-2.x-hadoop,1.5.0,-,-,?,-,false,sun.misc.Unsafe                          See http://openjdk.java.net/jeps/260 + sun.security.x509.X500Name               Use javax.security.auth.x500.X500Principal @since 1.4
com.google.cloud.bigtable,bigtable-hbase-2.x-integration-tests,1.5.0,-,-,?,-,false,-
com.google.cloud.bigtable,bigtable-hbase-2.x-shaded,1.5.0,-,-,?,-,false,sun.misc.Unsafe                          See http://openjdk.java.net/jeps/260 + sun.security.x509.X500Name               Use javax.security.auth.x500.X500Principal @since 1.4
com.google.cloud.bigtable,bigtable-hbase-beam,1.5.0,-,-,?,-,false,-
com.google.cloud.bigtable,bigtable-hbase-dataflow,1.5.0,-,-,?,-,false,-
com.google.cloud.bigtable,bigtable-hbase-integration-tests,1.1.0,-,-,?,-,false,-
com.google.cloud.bigtable,bigtable-hbase-integration-tests-2.x,1.1.0,-,-,?,-,false,-
com.google.cloud.bigtable,bigtable-hbase-integration-tests-common,1.5.0,-,-,?,-,false,-
com.google.cloud.bigtable,bigtable-hbase-mapreduce,1.4.0,-,-,?,-,false,-
com.google.cloud.bigtable,bigtable-hbase-shaded,0.9.7.1,-,-,?,-,false,sun.misc.Unsafe                          See http://openjdk.java.net/jeps/260 + sun.security.x509.X500Name               Use javax.security.auth.x500.X500Principal @since 1.4
com.google.cloud.bigtable,bigtable-hbase-shaded-for-dataflow,0.9.7.1,-,-,?,-,false,sun.misc.Unsafe                          See http://openjdk.java.net/jeps/260 + sun.security.x509.X500Name               Use javax.security.auth.x500.X500Principal @since 1.4
com.google.cloud.bigtable,bigtable-legacy-compatibility,0.9.5.1,-,-,?,-,false,-
com.google.cloud.bigtable,bigtable-legacy-protos,0.9.5.1,-,-,?,-,false,-
com.google.cloud.bigtable,bigtable-protos,1.0.0-pre4,-,-,?,-,false,-
com.google.cloud.dataflow,google-cloud-dataflow-java-examples-all,2.5.0,-,-,?,-,false,-
com.google.cloud.dataflow,google-cloud-dataflow-java-sdk-all,2.5.0,-,-,?,-,false,-
com.google.cloud.datastore,datastore-v1-proto-client,1.6.0,-,-,?,-,false,-
com.google.cloud.datastore,datastore-v1-protos,1.5.0,-,-,?,-,false,-
com.google.cloud.genomics,google-genomics-dataflow,v1-0.8,-,-,?,-,false,-
com.google.cloud.genomics,google-genomics-utils,0.18,-,-,?,-,false,-
com.google.cloud,google-cloud,0.47.0-alpha,-,-,?,-,false,-
com.google.cloud,google-cloud-asset,0.59.0-beta,-,-,?,-,false,-
com.google.cloud,google-cloud-automl,0.59.0-beta,-,-,?,-,false,-
com.google.cloud,google-cloud-bigquery,1.41.0,-,-,?,-,false,-
com.google.cloud,google-cloud-bigquerydatatransfer,0.59.0-beta,-,-,?,-,false,-
com.google.cloud,google-cloud-bigtable,0.59.0-alpha,-,-,?,-,false,-
com.google.cloud,google-cloud-bigtable-admin,0.59.0-alpha,-,-,?,-,false,-
com.google.cloud,google-cloud-compat-checker,0.46.0-alpha,-,-,?,-,false,-
com.google.cloud,google-cloud-compute,0.59.0-alpha,-,-,?,-,false,-
com.google.cloud,google-cloud-container,0.59.0-beta,-,-,?,-,false,-
com.google.cloud,google-cloud-containeranalysis,0.59.0-beta,-,-,?,-,false,-
com.google.cloud,google-cloud-core,1.41.0,-,-,?,-,false,-
com.google.cloud,google-cloud-core-grpc,1.41.0,-,-,?,-,false,-
com.google.cloud,google-cloud-core-http,1.41.0,-,-,?,-,false,-
com.google.cloud,google-cloud-dataproc,0.59.0-alpha,-,-,?,-,false,-
com.google.cloud,google-cloud-datastore,1.41.0,-,-,?,-,false,-
com.google.cloud,google-cloud-dialogflow,0.59.0-alpha,-,-,?,-,false,-
com.google.cloud,google-cloud-dlp,0.59.0-beta,-,-,?,-,false,-
com.google.cloud,google-cloud-dns,0.59.0-alpha,-,-,?,-,false,-
com.google.cloud,google-cloud-errorreporting,0.59.0-beta,-,-,?,-,false,-
com.google.cloud,google-cloud-examples,0.47.0-alpha,-,-,?,-,false,-
com.google.cloud,google-cloud-firestore,0.59.0-beta,-,-,?,-,false,-
com.google.cloud,google-cloud-iot,0.59.0-beta,-,-,?,-,false,-
com.google.cloud,google-cloud-kms,0.59.0-beta,-,-,?,-,false,-
com.google.cloud,google-cloud-language,1.41.0,-,-,?,-,false,-
com.google.cloud,google-cloud-logging,1.41.0,-,-,?,-,false,-
com.google.cloud,google-cloud-logging-logback,0.59.0-alpha,-,-,?,-,false,-
com.google.cloud,google-cloud-monitoring,1.41.0,-,-,?,-,false,-
com.google.cloud,google-cloud-nio,0.59.0-alpha,-,-,?,-,false,-
com.google.cloud,google-cloud-nio-examples,0.59.0-alpha,-,-,?,-,false,-
com.google.cloud,google-cloud-notification,0.59.0-beta,-,-,?,-,false,-
com.google.cloud,google-cloud-os-login,0.59.0-alpha,-,-,?,-,false,-
com.google.cloud,google-cloud-pubsub,1.41.0,-,-,?,-,false,-
com.google.cloud,google-cloud-redis,0.59.0-alpha,-,-,?,-,false,-
com.google.cloud,google-cloud-resourcemanager,0.59.0-alpha,-,-,?,-,false,-
com.google.cloud,google-cloud-spanner,0.59.0-beta,-,-,?,-,false,-
com.google.cloud,google-cloud-speech,0.59.0-beta,-,-,?,-,false,-
com.google.cloud,google-cloud-storage,1.41.0,-,-,?,-,false,-
com.google.cloud,google-cloud-tasks,0.59.0-beta,-,-,?,-,false,-
com.google.cloud,google-cloud-texttospeech,0.59.0-beta,-,-,?,-,false,-
com.google.cloud,google-cloud-trace,0.59.0-beta,-,-,?,-,false,-
com.google.cloud,google-cloud-translate,1.41.0,-,-,?,-,false,-
com.google.cloud,google-cloud-video-intelligence,0.59.0-beta,-,-,?,-,false,-
com.google.cloud,google-cloud-vision,1.41.0,-,-,?,-,false,-
com.google.cloud,google-cloud-websecurityscanner,0.59.0-alpha,-,-,?,-,false,-
com.google.cloud.samples,checkstyle-configuration,1.0.10,-,-,?,-,false,-
com.google.cloud.sql,jdbc-socket-factory-core,1.0.10,-,-,?,-,false,-
com.google.cloud.sql,mysql-socket-factory,1.0.10,-,-,?,-,false,-
com.google.cloud.sql,mysql-socket-factory-connector-j-6,1.0.10,-,-,?,-,false,-
com.google.cloud.sql,mysql-socket-factory-connector-j-8,1.0.10,-,-,?,-,false,-
com.google.cloud.sql,mysql-socket-factory-core,1.0.3,-,-,?,-,false,-
com.google.cloud.sql,postgres-socket-factory,1.0.10,-,-,?,-,false,-
com.google.cloud.tools,appengine-gradle-plugin,2.0.0-rc2,-,-,?,-,false,-
com.google.cloud.tools,appengine-maven-plugin,2.0.0-rc1,-,-,?,-,false,-
com.google.cloud.tools,appengine-plugins-core,0.6.4,-,-,?,-,false,-
com.google.cloud.tools,endpoints-framework-gradle-plugin,2.0.0,-,-,?,-,false,-
com.google.cloud.tools,endpoints-framework-maven-plugin,2.0.0,-,-,?,-,false,-
com.google.cloud.tools,jib-maven-plugin,0.9.9,-,-,?,-,false,-
com.google.cloud.tools.login,plugins-login-common,0.1.0,-,-,?,-,false,-
com.google.cloud.tools,minikube-maven-plugin,1.0.0-alpha.1,-,-,?,-,false,-
com.google.cloud.trace.adapters.zipkin,autoconfigure-storage,0.6.0,-,-,?,-,false,-
com.google.cloud.trace.adapters.zipkin,collector,0.6.0,-,-,?,-,false,-
com.google.cloud.trace.adapters.zipkin,storage,0.6.0,-,-,?,-,false,-
com.google.cloud.trace.adapters.zipkin,translation,0.6.0,-,-,?,-,false,-
com.google.cloud.trace,core-testing,0.7.0,-,-,?,-,false,-
com.google.cloud.trace,guice-api,0.4.0,-,-,?,-,false,-
com.google.cloud.trace,guice-grpc-sink,0.7.0,-,-,?,-,false,-
com.google.cloud.trace.instrumentation,apache-http,0.1.1,-,-,?,-,false,-
com.google.cloud.trace.instrumentation,core-http,0.1.1,-,-,?,-,false,-
com.google.cloud.trace.instrumentation,jax-rs,0.1.1,-,-,?,-,false,-
com.google.cloud.trace.instrumentation.jdbc,driver,0.1.1,-,-,?,-,false,-
com.google.cloud.trace.instrumentation.jdbc,driver-appengine-standard,0.1.1,-,-,?,-,false,-
com.google.cloud.trace.instrumentation.jdbc,driver-common,0.1.1,-,-,?,-,false,-
com.google.cloud.trace.instrumentation,mongodb,0.1.1,-,-,?,-,false,-
com.google.cloud.trace.instrumentation,servlet,0.1.1,-,-,?,-,false,-
com.google.cloud.trace,sdk-sink,0.7.0,-,-,?,-,false,-
com.google.code.google-proto-simple-reader-writer,gpb-stream-reader-writer,1.5.5,-,-,?,-,false,-
com.google.code.gson,gson,2.8.5,-,-,?,-,false,-
com.google.code.jscep,jscep,2.5.0,-,-,?,-,false,-
com.google.code.sbt-compiler-maven-plugin,sbt-compiler-api,1.0.0,-,-,?,-,false,-
com.google.code.sbt-compiler-maven-plugin,sbt-compiler-maven-plugin,1.0.0,-,-,?,-,false,-
com.google.code.sbt-compiler-maven-plugin,sbt-compiler-sbt012,1.0.0,-,-,?,-,false,-
com.google.code.sbt-compiler-maven-plugin,sbt-compiler-sbt013,1.0.0,-,-,?,-,false,-
com.google.code.sbtrun-maven-plugin,sbtrun-maven-plugin,1.0.1,-,-,?,-,false,-
com.google.code.simple-spring-memcached,aws-elasticache-provider,4.0.0,-,-,?,-,false,-
com.google.code.simple-spring-memcached,integration-test,4.0.0,-,-,?,-,false,-
com.google.code.simple-spring-memcached,jmemcached-maven-plugin,4.0.0,-,-,?,-,false,-
com.google.code.simple-spring-memcached,simple-spring-memcached,4.0.0,-,-,?,-,false,-
com.google.code.simple-spring-memcached,spring-cache,4.0.0,-,-,?,-,false,-
com.google.code.simple-spring-memcached,spring-cache-integration-test,4.0.0,-,-,?,-,false,-
com.google.code.simple-spring-memcached,spymemcached-provider,4.0.0,-,-,?,-,false,-
com.google.code.simple-spring-memcached,xmemcached-provider,4.0.0,-,-,?,-,false,-
com.google.code.sqlsheet,sqlsheet,6.7,-,-,?,-,false,-
com.google.code.validationframework,validationframework-core,3.4.1,-,-,?,-,false,-
com.google.code.validationframework,validationframework-demo,3.4.1,-,-,?,-,false,-
com.google.code.validationframework,validationframework-experimental,3.4.1,-,-,?,-,false,-
com.google.code.validationframework,validationframework-itest-osgi,3.4.1,-,-,?,-,false,-
com.google.code.validationframework,validationframework-javafx,3.4.1,-,-,?,-,false,-
com.google.code.validationframework,validationframework-swing,3.4.1,-,-,?,-,false,-
com.google.javascript,closure-compiler-externs,v20180805,-,-,?,-,false,-
com.google.javascript,closure-compiler-linter,v20180805,-,-,?,-,false,sun.misc.Unsafe                          See http://openjdk.java.net/jeps/260
com.google.javascript,closure-compiler-unshaded,v20180805,-,-,?,-,false,-
com.google.javascript,closure-compiler,v20180805,-,-,?,-,false,sun.misc.Unsafe                          See http://openjdk.java.net/jeps/260
com.wuzhenpay,java-sdk-openapi,1.0.2,-,-,?,-,false,-
de.kgrupp,inoks-java-utils,0.7.1.1,-,-,?,-,false,-
org.codelibs,curl4j,1.2.0,-,-,?,-,false,-
org.codelibs.elasticsearch.lib,grok,6.4.0,-,-,?,-,false,-
org.codelibs.elasticsearch.lib,plugin-classloader,6.4.0,-,-,?,-,false,-
org.codelibs.elasticsearch.module,aggs-matrix-stats,6.4.0,-,-,?,-,false,-
org.codelibs.elasticsearch.module,analysis-common,6.4.0,-,-,?,-,false,-
org.codelibs.elasticsearch.module,ingest-common,6.4.0,-,-,?,-,false,-
org.codelibs.elasticsearch.module,lang-expression,6.4.0,-,-,?,-,false,-
org.codelibs.elasticsearch.module,lang-mustache,6.4.0,-,-,?,-,false,-
org.codelibs.elasticsearch.module,lang-painless,6.4.0,-,-,?,-,false,-
org.codelibs.elasticsearch.module,mapper-extras,6.4.0,-,-,?,-,false,-
org.codelibs.elasticsearch.module,parent-join,6.4.0,-,-,?,-,false,-
org.codelibs.elasticsearch.module,percolator,6.4.0,-,-,?,-,false,-
org.codelibs.elasticsearch.module,rank-eval,6.4.0,-,-,?,-,false,-
org.codelibs.elasticsearch.module,reindex,6.4.0,-,-,?,-,false,-
org.codelibs.elasticsearch.module,repository-url,6.4.0,-,-,?,-,false,-
org.codelibs.elasticsearch.module,scripting-painless-spi,6.4.0,-,-,?,-,false,-
org.codelibs.elasticsearch.module,transport-netty4,6.4.0,-,-,?,-,false,-
org.codelibs.elasticsearch.module,tribe,6.4.0,-,-,?,-,false,-
org.corpus-tools,pepper-framework,3.2.1,-,-,?,-,false,-
org.corpus-tools,pepper-lib,3.2.1,-,-,?,-,false,-
org.corpus-tools,pepper-newModule,3.2.1,-,-,?,-,false,-
org.daijie,daijie-fastdfs-spring-boot-starter,1.1.3-RELEASE,-,-,?,-,false,-
org.daijie,daijie-jdbc-plugin,1.1.3-RELEASE,-,-,?,-,false,-
org.daijie,daijie-shiro-spring-boot-starter,1.1.3-RELEASE,-,-,?,-,false,-
org.daijie,daijie-workflow-spring-boot-starter,1.1.3-RELEASE,-,-,?,-,false,-
