groupId,artifactId,version,moduleName,moduleVersion,moduleMode,moduleDependencies,jdepsToolError,jdepsViolations
com.boxfish,boxfish-commons-web-model,1.0.4,-,-,?,-,false,-
com.chatwork,gatling-akka_2.11,0.1.14,-,-,?,-,false,-
com.chatwork,gatling-akka_2.12,0.1.14,-,-,?,-,false,-
com.chatwork,gatling-akka-root_2.11,0.1.13,-,-,?,-,false,-
com.chatwork,gatling-akka-root_2.12,0.1.13,-,-,?,-,false,-
com.chatwork,sbt-aws_2.10,1.0.35,-,-,?,-,false,-
com.citrix,sharefile-api,3.1.5,-,-,?,-,false,-
com.cooldatasoft,cds-build-tools,1.1.2,-,-,?,-,false,-
com.cooldatasoft,cooldatasoft-build-tools,1.0.0,-,-,?,-,false,-
com.eharmony,aloha-core_2.10,5.2.1,-,-,?,-,false,-
com.eharmony,aloha-io-avro_2.10,5.2.1,-,-,?,-,false,-
com.eharmony,aloha-io-proto_2.10,5.2.1,-,-,?,-,false,-
com.eztier,cassandra-udt-codec-helper-scala_2.12,0.2.18,-,-,?,-,false,-
com.gzoltar,com.gzoltar.agent,1.7.0,-,-,?,-,false,-
com.gzoltar,com.gzoltar.agent.rt,1.7.0,-,-,?,-,false,-
com.gzoltar,com.gzoltar.ant,1.7.0,-,-,?,-,false,-
com.gzoltar,com.gzoltar.cli,1.7.0,-,-,?,-,false,-
com.gzoltar,com.gzoltar.core,1.7.0,-,-,?,-,false,-
com.gzoltar,com.gzoltar.fl,1.7.0,-,-,?,-,false,-
com.gzoltar,com.gzoltar.maven,1.7.0,-,-,?,-,false,-
com.gzoltar,com.gzoltar.report,1.7.0,-,-,?,-,false,-
com.haiyiyang,light,0.0.5,-,-,?,-,false,-
com.hierynomus,smbj,0.8.0,-,-,?,-,false,-
com.hierynomus,sshj,0.26.0,-,-,?,-,false,-
com.inmorn,morn-context,1.0.1,-,-,?,-,false,-
com.inmorn,morn-core,1.0.1,-,-,?,-,false,-
com.inmorn,morn-extspring,1.0.4,-,-,?,-,false,-
com.inmorn,morn-orm-mybatis,1.0.1,-,-,?,-,false,-
com.inmorn,morn-redisclient,1.0.2,-,-,?,-,false,-
com.inmorn,morn-webmvc,1.0.1,-,-,?,-,false,-
com.javatechnics.com.edugility,jpa-maven-plugin,3.0.0,-,-,?,-,false,-
com.javatechnics.flexfx,boot,1.0.1,-,-,?,-,false,-
com.loudsight.utilities,logging,0.0.3.1,-,-,?,-,false,-
com.loudsight.utilities,misc,0.0.3.1,-,-,?,-,false,-
com.loudsight.utilities,service,0.0.3.1,-,-,?,-,false,-
com.lucidchart,akka-actor-context_2.11,0.2,-,-,?,-,false,-
com.lucidchart,akka-actor-context_2.12,0.2,-,-,?,-,false,-
com.lucidchart,akka-actor-thread-context_2.11,0.3,-,-,?,-,false,-
com.lucidchart,akka-actor-thread-context_2.12,0.3,-,-,?,-,false,-
com.lucidchart,akka-context_2.11,0.2,-,-,?,-,false,-
com.lucidchart,akka-thread-context_2.11,0.3,-,-,?,-,false,-
com.lucidchart,android-room_2.11,0.0.13,-,-,?,-,false,-
com.lucidchart,httpasyncclient-thread-context,0.8,-,-,?,-,false,-
com.lucidchart,java-thread-context,0.7,-,-,?,-,false,-
com.lucidchart,neo-sbt-scalafmt_2.10,1.15,-,-,?,-,false,-
com.lucidchart,opentracing-akka-actor_2.11,0.1,-,-,?,-,false,-
com.lucidchart,opentracing-akka-actor-spanmanager_2.11,0.1,-,-,?,-,false,-
com.lucidchart,opentracing-akka-actor-spanmanager_2.12,0.1,-,-,?,-,false,-
com.lucidchart,opentracing-httpasyncclient,0.8,-,-,?,-,false,-
com.lucidchart,opentracing-httpclient,0.8,-,-,?,-,false,-
com.lucidchart,opentracing-httpcomponents,0.8,-,-,?,-,false,-
com.lucidchart,opentracing-httpcore,0.8,-,-,?,-,false,-
com.lucidchart,opentracing-jdbc,0.2,-,-,?,-,false,-
com.lucidchart,opentracing-play_2.10,0.11-2.3,-,-,?,-,false,-
com.lucidchart,opentracing-play_2.11,0.13-2.5,-,-,?,-,false,-
com.lucidchart,opentracing-play-active_2.10,0.6-2.3,-,-,?,-,false,-
com.lucidchart,opentracing-play-active_2.11,0.6-2.5,-,-,?,-,false,-
com.lucidchart,opentracing-playframework_2.11,0.13,-,-,?,-,false,-
com.lucidchart,opentracing-thread-context,0.4,-,-,?,-,false,-
com.lucidchart,piezo-worker_2.11,1.36,-,-,?,-,false,-
com.lucidchart,relate_2.10,2.1.1,-,-,?,-,false,-
com.lucidchart,relate_2.11,2.1.1,-,-,?,-,false,-
com.lucidchart,relate_2.12,2.1.1,-,-,?,-,false,-
com.lucidchart,relate-macros_2.10,2.1.1,-,-,?,-,false,-
com.lucidchart,relate-macros_2.11,2.1.1,-,-,?,-,false,-
com.lucidchart,relate-macros_2.12,2.1.1,-,-,?,-,false,-
com.lucidchart,relate-postgres_2.10,2.1.1,-,-,?,-,false,-
com.lucidchart,relate-postgres_2.11,2.1.1,-,-,?,-,false,-
com.lucidchart,relate-postgres_2.12,2.1.1,-,-,?,-,false,-
com.lucidchart,sbt-android-room_2.10,0.0.13,-,-,?,-,false,-
com.lucidchart,scalafmt-api,1.15,-,-,?,-,false,-
com.lucidchart,scalafmt-impl,1.3-0.7,-,-,?,-,false,-
com.lucidchart,scalafmt-impl_2.11,1.15-0.6,-,-,?,-,false,-
com.lucidchart,scalafmt-impl_2.12,1.15-1.0,-,-,?,-,false,-
com.lucidchart,thread-context,0.7,-,-,?,-,false,-
com.lucidchart,thread-context-global,0.1,-,-,?,-,false,-
com.lucidchart,thread-context-slf4j,0.7,-,-,?,-,false,-
com.lucidchart,xtract_2.11,1.3.1,-,-,?,-,false,-
com.lucidchart,xtract_2.12,2.0.0,-,-,?,-,false,-
com.lucidchart,xtract-macros_2.12,2.0.0,-,-,?,-,false,-
com.lucidchart,xtract-testing_2.11,1.3.1,-,-,?,-,false,-
com.lucidchart,xtract-testing_2.12,2.0.0,-,-,?,-,false,-
com.lucidchart,zipkin-opentracing,0.8,-,-,?,-,false,-
com.mimacom.liferay,db-setup-core,1.1.2,-,-,?,-,false,-
com.mxixm,fastboot.weixin,0.1.2.alpha,-,-,?,-,false,-
com.mxixm,fastboot-weixin,0.6.2,-,-,?,-,false,-
com.notmu,antd-mobile-core_2.11,0.0.2,-,-,?,-,false,-
com.notmu,antd-mobile-core_2.12,0.0.2,-,-,?,-,false,-
com.notmu,antd-mobile-core_sjs0.6_2.11,0.0.2,-,-,?,-,false,-
com.notmu,antd-mobile-core_sjs0.6_2.12,0.0.2,-,-,?,-,false,-
com.quantifind,sumac_2.11,0.3.2,-,-,?,-,false,-
com.quantifind,sumac-ext_2.11,0.3.2,-,-,?,-,false,-
com.quantifind,sumac-ext-zk_2.11,0.3.2,-,-,?,-,false,-
com.rosegun,mybatis-generator-pagination,1.0.1,-,-,?,-,false,-
com.rosegun,mybatis-generator-pagination-sample,1.0.1,-,-,?,-,false,-
com.rosegun,trace-api,1.0,-,-,?,-,false,-
com.segment.analytics.android,analytics,4.3.1,-,-,?,-,false,-
com.segment.analytics.android,analytics-tests,4.3.1,-,-,?,-,false,-
com.segment.analytics.android.integrations,adobe-analytics,1.0.1-beta,-,-,?,-,false,-
com.segment.analytics.android.integrations,amplitude,2.0.0,-,-,?,-,false,-
com.segment.analytics.android.integrations,bugsnag,2.0.0,-,-,?,-,false,-
com.segment.analytics.android.integrations,crittercism,1.1.0,-,-,?,-,false,-
com.segment.analytics.java,analytics,2.1.1,-,-,?,-,false,-
com.segment.analytics.java,analytics-cli,2.1.1,-,-,?,-,false,-
com.segment.analytics.java,analytics-core,2.1.1,-,-,?,-,false,-
com.segment.analytics.java,analytics-sample,2.1.1,-,-,?,-,false,-
com.segment.analytics.java,analytics-spring-boot-starter,2.1.1,-,-,?,-,false,-
com.segment.cartographer,cartographer,1.0.1,-,-,?,-,false,-
com.segment.cartographer,cartographer-benchmarks,1.0.1,-,-,?,-,false,-
com.simplaex,bedrock,2018.06.01,-,-,?,-,false,-
com.simplaex,dummies,1.0.0,-,-,?,-,false,-
com.simplaex,estuary,2017.12.07,-,-,?,-,false,-
com.simplaex,java-druid-client,1.2.4,-,-,?,-,false,-
com.simplaex,waitfor-maven-plugin,1.2,-,-,?,-,false,-
com.sneakxy,spring-data-mybatis,1.0.1-RELEASE,-,-,?,-,false,-
com.vaadin,flow-client,1.0.4,-,-,?,-,false,-
com.vaadin,flow-code-generator,1.0.4,-,-,?,-,false,-
com.vaadin,flow-component-demo-helpers,1.0.4,-,-,?,-,false,-
com.vaadin,flow-html-components,1.0.4,-,-,?,-,false,-
com.vaadin,flow-html-components-testbench,1.0.4,-,-,?,-,false,-
com.vaadin,flow-maven-plugin,1.0.4,-,-,?,-,false,-
com.vaadin,flow-push,1.0.4,-,-,?,-,false,-
com.vaadin,flow-server,1.0.4,-,-,?,-,false,-
com.vaadin,flow-server-production-mode,1.0.4,-,-,?,-,false,-
com.vaadin,flow-test-util,1.0.4,-,-,?,-,false,-
com.vaadin,license-checker,1.0.0,-,-,?,-,false,-
com.vaadin.polymer,vaadin-gwt-polymer-elements,1.9.3.1,-,-,?,-,false,-
com.vaadin,vaadin-board-testbench,2.0.2,-,-,?,-,false,-
com.vaadin,vaadin-button-flow,1.0.4,-,-,?,-,false,-
com.vaadin,vaadin-cdi,3.0.1,-,-,?,-,false,-
com.vaadin,vaadin-charts-flow,6.1.0,-,-,?,-,false,-
com.vaadin,vaadin-charts-testbench,6.1.0,-,-,?,-,false,-
com.vaadin,vaadin-checkbox-flow,1.0.3,-,-,?,-,false,-
com.vaadin,vaadin-client-compiled,8.5.1,-,-,?,-,false,-
com.vaadin,vaadin-compatibility-client,8.5.1,-,-,?,-,false,-
com.vaadin,vaadin-compatibility-client-compiled,8.5.1,-,-,?,-,false,-
com.vaadin,vaadin-compatibility-server,8.5.1,-,-,?,-,false,-
com.vaadin,vaadin-compatibility-server-gae,8.5.1,-,-,?,-,false,-
com.vaadin,vaadin-compatibility-shared,8.5.1,-,-,?,-,false,-
com.vaadin,vaadin-compatibility-themes,8.5.1,-,-,?,-,false,-
com.vaadin,vaadin-confirm-dialog-flow,1.0.0,-,-,?,-,false,-
com.vaadin,vaadin-confirm-dialog-testbench,1.0.0,-,-,?,-,false,-
com.vaadin,vaadin-cookie-consent-flow,1.0.0,-,-,?,-,false,-
com.vaadin,vaadin-cookie-consent-testbench,1.0.0,-,-,?,-,false,-
com.vaadin,vaadin-core,10.0.4,-,-,?,-,false,-
com.vaadin,vaadin-date-picker-flow,1.0.5,-,-,?,-,false,-
com.vaadin,vaadin-dialog-flow,1.0.3,-,-,?,-,false,-
com.vaadin,vaadin-form-layout-flow,1.0.3,-,-,?,-,false,-
com.vaadin,vaadin-icons,3.0.1,-,-,?,-,false,-
com.vaadin,vaadin-icons-flow,1.0.3,-,-,?,-,false,-
com.vaadin,vaadin-iron-list-flow,1.0.3,-,-,?,-,false,-
com.vaadin,vaadin-liferay-integration,8.5.1,-,-,?,-,false,-
com.vaadin,vaadin-notification-flow,1.0.3,-,-,?,-,false,-
com.vaadin,vaadin-ordered-layout-flow,1.0.3,-,-,?,-,false,-
com.vaadin,vaadin-progress-bar-flow,1.0.3,-,-,?,-,false,-
com.vaadin,vaadin-push,8.5.1,-,-,?,-,false,-
com.vaadin,vaadin-split-layout-flow,1.0.3,-,-,?,-,false,-
com.vaadin,vaadin-spring-boot,3.1.0,-,-,?,-,false,-
com.vaadin,vaadin-spring-boot-starter,10.0.4,-,-,?,-,false,-
com.vaadin,vaadin-spring-security,3.1.0,-,-,?,-,false,-
com.vaadin,vaadin-testbench,10.0.4,-,-,?,-,false,-
com.vaadin,vaadin-testbench-core,6.0.1,-,-,?,-,false,-
com.vaadin,vaadin-themes,8.5.1,-,-,?,-,false,-
com.vaadin,vaadin-upload-flow,1.0.3,-,-,?,-,false,-
com.vaadin,webcomponents-helper,0.2.0,-,-,?,-,false,-
com.virtlink.commons,commons-configuration2-jackson,0.7.0,-,-,?,-,false,-
com.xellitix.commons,docker,0.1.0,-,-,?,-,false,-
com.xellitix.commons,net,0.2.0,-,-,?,-,false,-
com.xellitix.commons,semver,0.2.0,-,-,?,-,false,-
com.zhu8fei.easy-test,easy-test-core,0.1,-,-,?,-,false,-
com.zhu8fei.easy-test,easy-test-spring,0.1,-,-,?,-,false,-
