groupId,artifactId,version,moduleName,moduleVersion,moduleMode,moduleDependencies,jdepsToolError,jdepsViolations
com.akeyless-security,akeyless-java-sdk,0.0.4,-,-,?,-,false,-
com.ardikars.jxnet,jxnet-context,1.3.0.Final,-,-,?,-,false,-
com.ardikars.jxnet,jxnet-core,1.3.0.Final,-,-,?,-,false,-
com.caitaojun.codegenerator,codegenerator,5.2.7,-,-,?,-,false,-
com.comcast,ip4s-cats_2.11,1.1.1,-,-,?,-,false,-
com.comcast,ip4s-cats_2.12,1.1.1,-,-,?,-,false,-
com.comcast,ip4s-cats_sjs0.6_2.11,1.1.1,-,-,?,-,false,-
com.comcast,ip4s-cats_sjs0.6_2.12,1.1.1,-,-,?,-,false,-
com.comcast,ip4s-core_2.11,1.1.1,-,-,?,-,false,-
com.comcast,ip4s-core_2.12,1.1.1,-,-,?,-,false,-
com.comcast,ip4s-core_sjs0.6_2.11,1.1.1,-,-,?,-,false,-
com.comcast,ip4s-core_sjs0.6_2.12,1.1.1,-,-,?,-,false,-
com.comcast,ip4s-scalaz_2.11,1.1.1,-,-,?,-,false,-
com.comcast,ip4s-scalaz_2.12,1.1.1,-,-,?,-,false,-
com.comcast,ip4s-scalaz_sjs0.6_2.11,1.1.1,-,-,?,-,false,-
com.comcast,ip4s-scalaz_sjs0.6_2.12,1.1.1,-,-,?,-,false,-
com.genesys,provisioning,1.0.395,-,-,?,-,false,-
com.github.pivotalservices,ya-cf-app-gradle-plugin,2.3.0-rc.4,-,-,?,-,false,-
com.github.stefanofornari,bsh-console,1.1.0,-,-,?,-,false,-
com.google.apis,google-api-services-dns,v2beta1-rev75-1.24.1,-,-,?,-,false,-
com.nepxion,discovery-common,4.3.16,-,-,?,-,false,-
com.nepxion,discovery-common-nacos,4.3.16,-,-,?,-,false,-
com.nepxion,discovery-common-redis,4.3.16,-,-,?,-,false,-
com.nepxion,discovery-console,4.3.16,-,-,?,-,false,-
com.nepxion,discovery-console-extension-nacos,4.3.16,-,-,?,-,false,-
com.nepxion,discovery-console-extension-redis,4.3.16,-,-,?,-,false,-
com.nepxion,discovery-console-starter,4.3.16,-,-,?,-,false,-
com.nepxion,discovery-plugin-admin-center,4.3.16,-,-,?,-,false,-
com.nepxion,discovery-plugin-config-center,4.3.16,-,-,?,-,false,-
com.nepxion,discovery-plugin-config-center-extension-nacos,4.3.16,-,-,?,-,false,-
com.nepxion,discovery-plugin-config-center-extension-redis,4.3.16,-,-,?,-,false,-
com.nepxion,discovery-plugin-framework,4.3.16,-,-,?,-,false,-
com.nepxion,discovery-plugin-framework-consul,4.3.16,-,-,?,-,false,-
com.nepxion,discovery-plugin-framework-eureka,4.3.16,-,-,?,-,false,-
com.nepxion,discovery-plugin-framework-zookeeper,4.3.16,-,-,?,-,false,-
com.nepxion,discovery-plugin-starter-consul,4.3.16,-,-,?,-,false,-
com.nepxion,discovery-plugin-starter-eureka,4.3.16,-,-,?,-,false,-
com.nepxion,discovery-plugin-starter-zookeeper,4.3.16,-,-,?,-,false,-
com.nepxion,discovery-plugin-strategy,4.3.16,-,-,?,-,false,-
com.nepxion,discovery-plugin-strategy-extension-gateway,4.3.16,-,-,?,-,false,-
com.nepxion,discovery-plugin-strategy-extension-service,4.3.16,-,-,?,-,false,-
com.nepxion,discovery-plugin-strategy-extension-zuul,4.3.16,-,-,?,-,false,-
com.orientechnologies,orientdb-client,3.0.6,-,-,?,-,false,-
com.orientechnologies,orientdb-community,3.0.6,-,-,?,-,false,-
com.orientechnologies,orientdb-community-tp2,3.0.6,-,-,?,-,false,-
com.orientechnologies,orientdb-core,3.0.6,-,-,?,-,false,sun.misc.Signal                          See http://openjdk.java.net/jeps/260 + sun.misc.SignalHandler                   See http://openjdk.java.net/jeps/260 + sun.misc.Unsafe                          See http://openjdk.java.net/jeps/260
com.orientechnologies,orientdb-crashtests,3.0.6,-,-,?,-,false,-
com.orientechnologies,orientdb-distributed,3.0.6,-,-,?,-,false,sun.misc.Signal                          See http://openjdk.java.net/jeps/260
com.orientechnologies,orientdb-etl,3.0.6,-,-,?,-,false,-
com.orientechnologies,orientdb-graphdb,3.0.6,-,-,?,-,false,-
com.orientechnologies,orientdb-gremlin,3.0.6,-,-,?,-,false,-
com.orientechnologies,orientdb-gremlin-server,3.0.6,-,-,?,-,false,-
com.orientechnologies,orientdb-jdbc,3.0.6,-,-,?,-,false,-
com.orientechnologies,orientdb-lucene,3.0.6,-,-,?,-,false,-
com.orientechnologies,orientdb-neo4j-importer,3.0.6,-,-,?,-,false,-
com.orientechnologies,orientdb-neo4j-importer-plugin,3.0.6,-,-,?,-,false,-
com.orientechnologies,orientdb-object,3.0.6,-,-,?,-,false,-
com.orientechnologies,orientdb-server,3.0.6,-,-,?,-,false,-
com.orientechnologies,orientdb-studio,3.0.6,-,-,?,-,false,-
com.orientechnologies,orientdb-test-commons,3.0.6,-,-,?,-,false,-
com.orientechnologies,orientdb-tools,3.0.6,-,-,?,-,false,sun.misc.Signal                          See http://openjdk.java.net/jeps/260 + sun.misc.SignalHandler                   See http://openjdk.java.net/jeps/260
com.sksamuel.pulsar4s,pulsar4s-json4s_2.12,2.1.0,-,-,?,-,false,-
com.sksamuel.pulsar4s,pulsar4s-monix_2.12,2.1.0,-,-,?,-,false,-
com.sksamuel.pulsar4s,pulsar4s-play-json_2.12,2.1.0,-,-,?,-,false,-
com.sksamuel.pulsar4s,pulsar4s-reactive-streams_2.12,2.1.0,-,-,?,-,false,-
com.sksamuel.pulsar4s,pulsar4s-scalaz_2.12,2.1.0,-,-,?,-,false,-
com.sksamuel.pulsar4s,pulsar4s-spray-json_2.12,2.1.0,-,-,?,-,false,-
com.spotify,helios-client,0.9.212,-,-,?,-,false,-
com.spotify,helios-integration-tests,0.9.212,-,-,?,-,false,-
com.spotify,helios-service-registration,0.9.212,-,-,?,-,false,-
com.spotify,helios-services,0.9.212,-,-,?,-,false,sun.misc.Signal                          See http://openjdk.java.net/jeps/260 + sun.misc.SignalHandler                   See http://openjdk.java.net/jeps/260
com.spotify,helios-system-tests,0.9.212,-,-,?,-,false,-
com.spotify,helios-testing,0.9.212,-,-,?,-,false,-
com.spotify,helios-testing-common,0.9.212,-,-,?,-,false,-
com.spotify,helios-tools,0.9.212,-,-,?,-,false,-
com.zenecture,neuroflow-application_2.12,1.7.4,-,-,?,-,false,-
com.zenecture,neuroflow-core_2.12,1.7.4,-,-,?,-,false,-
com.zenecture,neuroflow-playground_2.12,1.7.4,-,-,?,-,false,-
de.cyclon-softworx,jwebform,0.0.9,-,-,?,-,false,-
guru.drako.utils,whicher,1.2,-,-,?,-,false,-
io.confound,config,0.5.0,-,-,?,-,false,-
io.confound,config-env,0.5.0,-,-,?,-,false,-
io.confound,config-properties,0.5.0,-,-,?,-,false,-
io.confound,confound,0.5.0,-,-,?,-,false,-
io.github.xcr1234,norm,1.7.1,-,-,?,-,false,sun.reflect.ReflectionFactory            See http://openjdk.java.net/jeps/260 + sun.reflect.ReflectionFactory$GetReflectionFactoryAction Removed. See http://openjdk.java.net/jeps/260
org.hibernate,hibernate-agroal,5.3.5.Final,org.hibernate.orm.agroal,-,automatic,-,false,-
org.hibernate,hibernate-c3p0,5.3.5.Final,org.hibernate.orm.c3p0,-,automatic,-,false,-
org.hibernate,hibernate-core,5.3.5.Final,org.hibernate.orm.core,-,automatic,-,false,-
org.hibernate,hibernate-ehcache,5.3.5.Final,org.hibernate.orm.ehcache,-,automatic,-,false,-
org.hibernate,hibernate-entitymanager,5.3.5.Final,-,-,?,-,false,-
org.hibernate,hibernate-envers,5.3.5.Final,org.hibernate.orm.envers,-,automatic,-,false,-
org.hibernate,hibernate-gradle-plugin,5.3.5.Final,org.hibernate.orm.gradle-plugin,-,automatic,-,false,-
org.hibernate,hibernate-hikaricp,5.3.5.Final,org.hibernate.orm.hikaricp,-,automatic,-,false,-
org.hibernate,hibernate-java8,5.3.5.Final,-,-,?,-,false,-
org.hibernate,hibernate-jcache,5.3.5.Final,org.hibernate.orm.jcache,-,automatic,-,false,-
org.hibernate,hibernate-jipijapa,5.3.5.Final,org.hibernate.orm.jipijapa,-,automatic,-,false,-
org.hibernate,hibernate-jpamodelgen,5.3.5.Final,org.hibernate.orm.jpamodelgen,-,automatic,-,false,-
org.hibernate,hibernate-osgi,5.3.5.Final,org.hibernate.orm.osgi,-,automatic,-,false,-
org.hibernate,hibernate-proxool,5.3.5.Final,org.hibernate.orm.proxool,-,automatic,-,false,-
org.hibernate,hibernate-spatial,5.3.5.Final,org.hibernate.orm.spatial,-,automatic,-,false,-
org.hibernate,hibernate-testing,5.3.5.Final,org.hibernate.orm.testing,-,automatic,-,false,-
org.hibernate,hibernate-vibur,5.3.5.Final,org.hibernate.orm.vibur,-,automatic,-,false,-
org.hibernate.orm.tooling,hibernate-enhance-maven-plugin,5.3.5.Final,org.hibernate.orm.enhance-maven-plugin,-,automatic,-,false,-
org.sonarsource.sonarlint.core,sonarlint-client-api,3.9.0.1892,-,-,?,-,false,-
org.sonarsource.sonarlint.core,sonarlint-core,3.9.0.1892,-,-,?,-,false,sun.misc.Unsafe                          See http://openjdk.java.net/jeps/260
org.sonarsource.sonarlint.core,sonarlint-daemon,3.9.0.1892,-,-,?,-,false,sun.misc.Unsafe                          See http://openjdk.java.net/jeps/260 + sun.reflect.Reflection                   Use java.lang.StackWalker @since 9 + sun.security.x509.X500Name               Use javax.security.auth.x500.X500Principal @since 1.4
org.sonarsource.sonarlint.core,sonarlint-daemon-protocol,3.9.0.1892,-,-,?,-,false,-
org.sonarsource.sonarlint.core,sonarlint-language-server,3.9.0.1892,-,-,?,-,false,sun.misc.Unsafe                          See http://openjdk.java.net/jeps/260 + sun.reflect.Reflection                   Use java.lang.StackWalker @since 9
org.sonarsource.sonarlint.core,sonarlint-rule-extractor,3.9.0.1892,-,-,?,-,false,-
org.sonarsource.sonarlint.core,sonarlint-slf4j-sonar-log,3.9.0.1892,-,-,?,-,false,-
org.zalando,kanadi_2.11,0.2.2,-,-,?,-,false,-
org.zalando,kanadi_2.12,0.2.2,-,-,?,-,false,-
