groupId,artifactId,version,moduleName,moduleVersion,moduleMode,moduleDependencies,jdepsToolError,jdepsViolations
org.atmosphere,atmosphere-buildtools,3.0.0-alpha2,-,-,?,-,false,-
org.atmosphere,atmosphere-cdi,2.4.21,-,-,?,-,false,-
org.atmosphere,atmosphere-cometd,2.4.21,-,-,?,-,false,-
org.atmosphere,atmosphere-compat-tomcat,2.0.1,-,-,?,-,false,-
org.atmosphere,atmosphere-compat-tomcat7,2.0.1,-,-,?,-,false,-
org.atmosphere,atmosphere-guice,2.4.21,-,-,?,-,false,-
org.atmosphere,atmosphere-hazelcast,2.4.21,-,-,?,-,false,-
org.atmosphere,atmosphere-redis,2.4.21,-,-,?,-,false,-
org.atmosphere,atmosphere-redis-redisson,2.4.21,-,-,?,-,false,-
org.atmosphere,atmosphere-runtime,3.0.0-alpha2,-,-,?,-,false,-
org.atmosphere,atmosphere-shiro,3.0.0-alpha2,-,-,?,-,false,-
org.atmosphere,atmosphere-socketio,2.4.21,-,-,?,-,false,-
org.atmosphere,atmosphere-sockjs,2.4.21,-,-,?,-,false,-
org.atmosphere,atmosphere-spring,2.4.21,-,-,?,-,false,-
org.atmosphere,atmosphere-vertx,3.0.0,-,-,?,-,false,-
org.atmosphere,atmosphere-weblogic,2.4.21,-,-,?,-,false,-
org.atmosphere,atmosphere-xmpp,2.4.21,-,-,?,-,false,-
org.atmosphere.extensions,atmosphere-gwt20-client,2.4.21,-,-,?,-,false,-
org.atmosphere.extensions,atmosphere-gwt20-common,2.4.21,-,-,?,-,false,-
org.atmosphere.extensions,atmosphere-gwt20-jackson,2.4.21,-,-,?,-,false,-
org.atmosphere.extensions,atmosphere-gwt20-jersey,2.4.21,-,-,?,-,false,-
org.atmosphere.extensions,atmosphere-gwt20-managed,2.4.21,-,-,?,-,false,-
org.atmosphere.extensions,atmosphere-gwt20-server,2.4.21,-,-,?,-,false,-
org.atmosphere.extensions,atmosphere-rmi,2.4.21,-,-,?,-,false,-
org.atmosphere,nettosphere,3.0.8,-,-,?,-,false,-
org.atmosphere,nettosphere-assembly,3.0.8,-,-,?,-,false,-
org.atmosphere.nettosphere.samples,nettosphere-chat,2.4.28,-,-,?,-,false,-
org.atmosphere.nettosphere.samples,nettosphere-games,2.4.28,-,-,?,-,false,-
org.atmosphere.nettosphere.samples,nettosphere-jersey-chat,2.4.28,-,-,?,-,false,-
org.atmosphere.nettosphere.samples,nettosphere-socketio-chat,2.4.20,-,-,?,-,false,-
org.atmosphere.samples,atmosphere-chat-node-client,2.4.28,-,-,?,-,false,-
org.atmosphere.samples,atmosphere-cxf-chat-osgi,2.4.28,-,-,?,-,false,-
org.atmosphere.samples,atmosphere-jetty-embedded-websocket,2.4.28,-,-,?,-,false,-
org.atmosphere.samples,spring-boot-sample-atmosphere,2.4.28,-,-,?,-,false,-
org.atmosphere,wasync,2.1.5,-,-,?,-,false,-
org.atmosphere.wasync.samples,node.js-chat,2.4.28,-,-,?,-,false,-
org.atmosphere.wasync.samples,wasync-chat,2.4.28,-,-,?,-,false,-
org.wso2.extension.siddhi.io.http,org.wso2.extension.siddhi.io.http.coverge.test,1.0.35,-,-,?,-,false,-
org.wso2.extension.siddhi.io.http,siddhi-io-http,1.0.35,-,-,?,-,false,-
org.wso2.extension.siddhi.io.http,siddhi-io-http-osgi-tests,1.0.35,-,-,?,-,false,-
org.wso2.extension.siddhi.io.sqs,siddhi-io-sqs,1.0.5,-,-,?,-,false,-
org.wso2.extension.siddhi.io.websocket,siddhi-io-websocket,1.0.8,-,-,?,-,false,-
org.wso2.extension.siddhi.io.wso2event,siddhi-io-wso2event,4.0.15,-,-,?,-,false,-
org.wso2.extension.siddhi.io.wso2event,siddhi-io-wso2event-osgi-tests,4.0.15,-,-,?,-,false,-
