groupId,artifactId,version,moduleName,moduleVersion,moduleMode,moduleDependencies,jdepsToolError,jdepsViolations
com.antwerkz.kibble,kibble,0.13,-,-,?,-,false,-
com.google.apis,google-api-services-safebrowsing,v4-rev69-1.24.1,-,-,?,-,false,-
com.google.apis,google-api-services-toolresults,v1beta3-rev444-1.24.1,-,-,?,-,false,-
com.liumapp.ca.tw,tw-cert,v1.0.0,-,-,?,-,false,sun.security.x509.X500Name               Use javax.security.auth.x500.X500Principal @since 1.4
com.smoketurner,dropwizard-swagger,1.3.5-2,-,-,?,-,false,-
io.github.pr0methean.betterrandom,BetterRandom,2.4.7,-,-,?,-,false,-
