groupId,artifactId,version,moduleName,moduleVersion,moduleMode,moduleDependencies,jdepsToolError,jdepsViolations
com.blossom-project,blossom-autoconfigure,1.1.0.M3,-,-,?,-,false,-
com.blossom-project,blossom-core-association-user-group,1.1.0.M3,-,-,?,-,false,-
com.blossom-project,blossom-core-association-user-role,1.1.0.M3,-,-,?,-,false,-
com.blossom-project,blossom-core-cache,1.1.0.M3,-,-,?,-,false,-
com.blossom-project,blossom-core-common,1.1.0.M3,-,-,?,-,false,-
com.blossom-project,blossom-core-crypto,1.1.0.M3,-,-,?,-,false,-
com.blossom-project,blossom-core-group,1.1.0.M3,-,-,?,-,false,-
com.blossom-project,blossom-core-role,1.1.0.M3,-,-,?,-,false,-
com.blossom-project,blossom-core-scheduler,1.1.0.M3,-,-,?,-,false,-
com.blossom-project,blossom-core-user,1.1.0.M3,-,-,?,-,false,-
com.blossom-project,blossom-core-validation,1.1.0.M3,-,-,?,-,false,-
com.blossom-project,blossom-module-articles,1.1.0.M3,-,-,?,-,false,-
com.blossom-project,blossom-module-bpmn,1.1.0.M3,-,-,?,-,false,-
com.blossom-project,blossom-module-filemanager,1.1.0.M3,-,-,?,-,false,-
com.blossom-project,blossom-starter-articles,1.1.0.M3,-,-,?,-,false,-
com.blossom-project,blossom-starter-basic,1.1.0.M3,-,-,?,-,false,-
com.blossom-project,blossom-starter-bpmn,1.1.0.M3,-,-,?,-,false,-
com.blossom-project,blossom-starter-filemanager,1.1.0.M3,-,-,?,-,false,-
com.blossom-project,blossom-starter-ui-api,1.1.0.M3,-,-,?,-,false,-
com.blossom-project,blossom-starter-ui-web,1.1.0.M3,-,-,?,-,false,-
com.blossom-project,blossom-ui-api,1.1.0.M3,-,-,?,-,false,-
com.blossom-project,blossom-ui-common,1.1.0.M3,-,-,?,-,false,-
com.blossom-project,blossom-ui-web,1.1.0.M3,-,-,?,-,false,-
com.blossom-project.tools,blossom-tools-simple-module-generator,1.1.0.M3,-,-,?,-,false,-
com.electronwill,niol_2.12,1.5.5,-,-,?,-,false,sun.misc.Cleaner                         Use java.lang.ref.PhantomReference @since 1.2 or java.lang.ref.Cleaner @since 9
com.github.dakusui,floorplan,4.1.2,-,-,?,-,false,-
com.github.pshirshov.izumi.r2,distage-app_2.12,0.5.54,-,-,?,-,false,-
com.github.pshirshov.izumi.r2,distage-cats_2.12,0.5.54,-,-,?,-,false,-
com.github.pshirshov.izumi.r2,distage-config_2.12,0.5.54,-,-,?,-,false,-
com.github.pshirshov.izumi.r2,distage-core_2.12,0.5.54,-,-,?,-,false,-
com.github.pshirshov.izumi.r2,distage-model_2.12,0.5.54,-,-,?,-,false,-
com.github.pshirshov.izumi.r2,distage-plugins_2.12,0.5.54,-,-,?,-,false,-
com.github.pshirshov.izumi.r2,distage-proxy-cglib_2.12,0.5.54,-,-,?,-,false,-
com.github.pshirshov.izumi.r2,distage-roles_2.12,0.5.54,-,-,?,-,false,-
com.github.pshirshov.izumi.r2,distage-roles-api_2.12,0.5.54,-,-,?,-,false,-
com.github.pshirshov.izumi.r2,distage-static_2.12,0.5.54,-,-,?,-,false,-
com.github.pshirshov.izumi.r2,fastparse-shaded_2.12,0.5.54,-,-,?,-,false,-
com.github.pshirshov.izumi.r2,fundamentals-collections_2.12,0.5.54,-,-,?,-,false,-
com.github.pshirshov.izumi.r2,fundamentals-functional_2.12,0.5.54,-,-,?,-,false,-
com.github.pshirshov.izumi.r2,fundamentals-platform_2.12,0.5.54,-,-,?,-,false,-
com.github.pshirshov.izumi.r2,fundamentals-reflection_2.12,0.5.54,-,-,?,-,false,-
com.github.pshirshov.izumi.r2,idealingua-compiler_2.12,0.5.54,-,-,?,-,false,sun.misc.Unsafe                          See http://openjdk.java.net/jeps/260
com.github.pshirshov.izumi.r2,idealingua-core_2.12,0.5.54,-,-,?,-,false,-
com.github.pshirshov.izumi.r2,idealingua-model_2.12,0.5.54,-,-,?,-,false,-
com.github.pshirshov.izumi.r2,idealingua-runtime-rpc-c-sharp_2.12,0.5.54,-,-,?,-,false,-
com.github.pshirshov.izumi.r2,idealingua-runtime-rpc-go_2.12,0.5.54,-,-,?,-,false,-
com.github.pshirshov.izumi.r2,idealingua-runtime-rpc-http4s_2.12,0.5.54,-,-,?,-,false,-
com.github.pshirshov.izumi.r2,idealingua-runtime-rpc-scala_2.12,0.5.54,-,-,?,-,false,-
com.github.pshirshov.izumi.r2,idealingua-runtime-rpc-typescript_2.12,0.5.54,-,-,?,-,false,-
com.github.pshirshov.izumi.r2,idealingua-test-defs_2.12,0.5.54,-,-,?,-,false,-
com.github.pshirshov.izumi.r2,izumi-r2_2.12,0.5.54,-,-,?,-,false,-
com.github.pshirshov.izumi.r2,logstage-adapter-slf4j_2.12,0.5.54,-,-,?,-,false,-
com.github.pshirshov.izumi.r2,logstage-api-base_2.12,0.5.54,-,-,?,-,false,-
com.github.pshirshov.izumi.r2,logstage-api-base-macro_2.12,0.5.54,-,-,?,-,false,-
com.github.pshirshov.izumi.r2,logstage-api-logger_2.12,0.5.54,-,-,?,-,false,-
com.github.pshirshov.izumi.r2,logstage-di_2.12,0.5.54,-,-,?,-,false,-
com.github.pshirshov.izumi.r2,logstage-rendering-circe_2.12,0.5.54,-,-,?,-,false,-
com.github.pshirshov.izumi.r2,logstage-sink-slf4j_2.12,0.5.54,-,-,?,-,false,-
com.github.shalousun,smart-doc,1.0,-,-,?,-,false,-
com.google.apis,google-api-services-abusiveexperiencereport,v1-rev9-1.25.0,-,-,?,-,false,-
com.google.apis,google-api-services-acceleratedmobilepageurl,v1-rev360-1.25.0,-,-,?,-,false,-
com.google.apis,google-api-services-adexchangebuyer2,v2beta1-rev686-1.25.0,-,-,?,-,false,-
com.google.apis,google-api-services-adexchangebuyer,v2beta1-rev2-1.21.0,-,-,?,-,false,-
com.google.apis,google-api-services-adexchangeseller,v2.0-rev114-1.25.0,-,-,?,-,false,-
com.google.apis,google-api-services-adexperiencereport,v1-rev19-1.25.0,-,-,?,-,false,-
com.google.apis,google-api-services-admin-datatransfer,datatransfer_v1-rev19-1.25.0,-,-,?,-,false,-
com.google.apis,google-api-services-admin-reports,reports_v1-rev76-1.25.0,-,-,?,-,false,-
com.google.apis,google-api-services-adsensehost,v4.1-rev515-1.25.0,-,-,?,-,false,-
com.google.apis,google-api-services-adsense,v1.4-rev443-1.25.0,-,-,?,-,false,-
com.google.apis,google-api-services-analyticsreporting,v4-rev126-1.25.0,-,-,?,-,false,-
com.google.apis,google-api-services-analytics,v3-rev159-1.25.0,-,-,?,-,false,-
com.google.apis,google-api-services-androiddeviceprovisioning,v1-rev52-1.25.0,-,-,?,-,false,-
com.google.apis,google-api-services-androidenterprise,v1-rev144-1.25.0,-,-,?,-,false,-
com.icfolson.aem.library,aem-library-api,11.0.0,-,-,?,-,false,-
com.icfolson.aem.library,aem-library-core,11.0.0,-,-,?,-,false,-
com.icfolson.aem.library,aem-library-models,11.0.0,-,-,?,-,false,-
com.icfolson.aem.library,aem-library-ui,11.0.0,-,-,?,-,false,-
de.alpharogroup,base-entities,6.4,-,-,?,-,false,-
de.alpharogroup,base-service-api,6.4,-,-,?,-,false,-
de.alpharogroup,business-api,6.4,-,-,?,-,false,-
de.alpharogroup,data-api,6.4,-,-,?,-,false,-
de.alpharogroup,data-initialization,6.4,-,-,?,-,false,-
de.alpharogroup,data-usertype,6.4,-,-,?,-,false,-
de.alpharogroup,domain-api,6.4,-,-,?,-,false,-
de.alpharogroup,domain-mapper,6.4,-,-,?,-,false,-
de.alpharogroup,entities-api,6.4,-,-,?,-,false,-
de.alpharogroup,rest-api,6.4,-,-,?,-,false,-
de.alpharogroup,rest-client,6.4,-,-,?,-,false,-
io.github.lamp-china.ledis,lamp-ledis-spring-boot-starter,0.0.2,-,-,?,-,false,-
org.akka-js,akkajsactor_sjs0.6_2.11,1.2.5.15,-,-,?,-,false,-
org.akka-js,akkajsactor_sjs0.6_2.12,1.2.5.15,-,-,?,-,false,-
org.akka-js,akkajstestkit_sjs0.6_2.12,1.2.5.15,-,-,?,-,false,-
org.apereo.cas,cas-management-webapp-support,5.3.1,-,-,?,-,false,-
org.apereo.cas,cas-management-webapp-support-ldap,5.3.1,-,-,?,-,false,-
org.apereo.cas,cas-server,6.0.0-RC1,-,-,?,-,false,-
org.apereo.cas,cas-server-core,6.0.0-RC1,cas-server-core,-,automatic,-,false,-
org.apereo.cas,cas-server-core-api,6.0.0-RC1,cas-server-core-api,-,automatic,-,false,-
org.apereo.cas,cas-server-core-api-authentication,6.0.0-RC1,cas-server-core-api-authentication,-,automatic,-,false,-
org.apereo.cas,cas-server-core-api-events,6.0.0-RC1,cas-server-core-api-events,-,automatic,-,false,-
org.apereo.cas,cas-server-core-api-logout,6.0.0-RC1,cas-server-core-api-logout,-,automatic,-,false,-
org.apereo.cas,cas-server-core-api-monitor,6.0.0-RC1,cas-server-core-api-monitor,-,automatic,-,false,-
org.apereo.cas,cas-server-core-api-protocol,6.0.0-RC1,cas-server-core-api-protocol,-,automatic,-,false,-
org.apereo.cas,cas-server-core-api-services,6.0.0-RC1,cas-server-core-api-services,-,automatic,-,false,-
org.apereo.cas,cas-server-core-api-ticket,6.0.0-RC1,cas-server-core-api-ticket,-,automatic,-,false,-
org.apereo.cas,cas-server-core-api-util,6.0.0-RC1,cas-server-core-api-util,-,automatic,-,false,-
org.apereo.cas,cas-server-core-api-validation,6.0.0-RC1,cas-server-core-api-validation,-,automatic,-,false,-
org.apereo.cas,cas-server-core-api-web,6.0.0-RC1,cas-server-core-api-web,-,automatic,-,false,-
org.apereo.cas,cas-server-core-api-webflow,6.0.0-RC1,cas-server-core-api-webflow,-,automatic,-,false,-
org.apereo.cas,cas-server-core-audit,6.0.0-RC1,cas-server-core-audit,-,automatic,-,false,-
org.apereo.cas,cas-server-core-authentication,6.0.0-RC1,cas-server-core-authentication,-,automatic,-,false,-
org.apereo.cas,cas-server-core-authentication-attributes,6.0.0-RC1,cas-server-core-authentication-attributes,-,automatic,-,false,-
org.apereo.cas,cas-server-core-authentication-mfa,6.0.0-RC1,cas-server-core-authentication-mfa,-,automatic,-,false,-
org.apereo.cas,cas-server-core-configuration,6.0.0-RC1,cas-server-core-configuration,-,automatic,-,false,-
org.apereo.cas,cas-server-core-configuration-cloud-amqp,5.3.0-RC3,-,-,?,-,false,-
org.apereo.cas,cas-server-core-configuration-cloud-dynamodb,5.3.0-RC3,-,-,?,-,false,-
org.apereo.cas,cas-server-core-configuration-cloud-jdbc,5.3.0-RC3,-,-,?,-,false,-
org.apereo.cas,cas-server-core-configuration-cloud-kafka,5.3.0-RC3,-,-,?,-,false,-
org.apereo.cas,cas-server-core-configuration-cloud-mongo,5.3.0-RC3,-,-,?,-,false,-
org.apereo.cas,cas-server-core-configuration-cloud-vault,5.3.0-RC3,-,-,?,-,false,-
org.apereo.cas,cas-server-core-configuration-cloud-zookeeper,5.3.0-RC3,-,-,?,-,false,-
org.apereo.cas,cas-server-core-configuration-metadata-repository,6.0.0-RC1,cas-server-core-configuration-metadata-repository,-,automatic,-,false,-
org.apereo.cas,cas-server-core-events,6.0.0-RC1,cas-server-core-events,-,automatic,-,false,-
org.apereo.cas,cas-server-core-events-configuration,6.0.0-RC1,cas-server-core-events-configuration,-,automatic,-,false,-
org.apereo.cas,cas-server-core-events-configuration-cloud-bus,6.0.0-RC1,cas-server-core-events-configuration-cloud-bus,-,automatic,-,false,-
org.apereo.cas,cas-server-core-logging,6.0.0-RC1,cas-server-core-logging,-,automatic,-,false,-
org.apereo.cas,cas-server-core-logging-config,6.0.0-RC1,cas-server-core-logging-config,-,automatic,-,false,-
org.apereo.cas,cas-server-core-logging-config-cloudwatch,5.3.0-RC1,-,-,?,-,false,-
org.apereo.cas,cas-server-core-logout,6.0.0-RC1,cas-server-core-logout,-,automatic,-,false,-
org.apereo.cas,cas-server-core-monitor,6.0.0-RC1,cas-server-core-monitor,-,automatic,-,false,-
org.apereo.cas,cas-server-core-services,6.0.0-RC1,cas-server-core-services,-,automatic,-,false,-
org.apereo.cas,cas-server-core-services-api,6.0.0-RC1,cas-server-core-services-api,-,automatic,-,false,-
org.apereo.cas,cas-server-core-services-authentication,6.0.0-RC1,cas-server-core-services-authentication,-,automatic,-,false,-
org.apereo.cas,cas-server-core-services-registry,6.0.0-RC1,cas-server-core-services-registry,-,automatic,-,false,-
org.apereo.cas,cas-server-core-tickets,6.0.0-RC1,cas-server-core-tickets,-,automatic,-,false,-
org.apereo.cas,cas-server-core-util,6.0.0-RC1,cas-server-core-util,-,automatic,-,false,-
org.apereo.cas,cas-server-core-validation,6.0.0-RC1,cas-server-core-validation,-,automatic,-,false,-
org.apereo.cas,cas-server-core-web,6.0.0-RC1,cas-server-core-web,-,automatic,-,false,-
org.apereo.cas,cas-server-core-webflow,6.0.0-RC1,cas-server-core-webflow,-,automatic,-,false,-
org.apereo.cas,cas-server-documentation,6.0.0-RC1,cas-server-documentation,-,automatic,-,false,-
org.apereo.cas,cas-server-documentation-swagger,6.0.0-RC1,cas-server-documentation-swagger,-,automatic,-,false,-
org.apereo.cas,cas-server-support-actions,6.0.0-RC1,cas-server-support-actions,-,automatic,-,false,-
org.apereo.cas,cas-server-support-audit-jdbc,6.0.0-RC1,cas-server-support-audit-jdbc,-,automatic,-,false,-
org.apereo.cas,cas-server-support-audit-mongo,6.0.0-RC1,cas-server-support-audit-mongo,-,automatic,-,false,-
org.apereo.cas,cas-server-support-aup-core,6.0.0-RC1,cas-server-support-aup-core,-,automatic,-,false,-
org.apereo.cas,cas-server-support-aup-jdbc,6.0.0-RC1,cas-server-support-aup-jdbc,-,automatic,-,false,-
org.apereo.cas,cas-server-support-aup-ldap,6.0.0-RC1,cas-server-support-aup-ldap,-,automatic,-,false,-
org.apereo.cas,cas-server-support-aup-mongo,6.0.0-RC1,cas-server-support-aup-mongo,-,automatic,-,false,-
org.apereo.cas,cas-server-support-aup-rest,6.0.0-RC1,cas-server-support-aup-rest,-,automatic,-,false,-
org.apereo.cas,cas-server-support-aup-webflow,6.0.0-RC1,cas-server-support-aup-webflow,-,automatic,-,false,-
org.apereo.cas,cas-server-support-authy,6.0.0-RC1,cas-server-support-authy,-,automatic,-,false,-
org.apereo.cas,cas-server-support-authy-core,6.0.0-RC1,cas-server-support-authy-core,-,automatic,-,false,-
org.apereo.cas,cas-server-support-azure,5.3.2,-,-,?,-,false,-
org.apereo.cas,cas-server-support-azure-core,5.3.2,-,-,?,-,false,-
org.apereo.cas,cas-server-support-basic,6.0.0-RC1,cas-server-support-basic,-,automatic,-,false,-
org.apereo.cas,cas-server-support-bom,6.0.0-RC1,cas-server-support-bom,-,automatic,-,false,-
org.apereo.cas,cas-server-support-bootadmin-client,6.0.0-RC1,cas-server-support-bootadmin-client,-,automatic,-,false,-
org.apereo.cas,cas-server-support-captcha,6.0.0-RC1,cas-server-support-captcha,-,automatic,-,false,-
org.apereo.cas,cas-server-support-cassandra-authentication,6.0.0-RC1,cas-server-support-cassandra-authentication,-,automatic,-,false,-
org.apereo.cas,cas-server-support-cassandra-core,6.0.0-RC1,cas-server-support-cassandra-core,-,automatic,-,false,-
org.apereo.cas,cas-server-support-cloud-directory-authentication,6.0.0-RC1,cas-server-support-cloud-directory-authentication,-,automatic,-,false,-
org.apereo.cas,cas-server-support-configuration,6.0.0-RC1,cas-server-support-configuration,-,automatic,-,false,-
org.apereo.cas,cas-server-support-consent-api,6.0.0-RC1,cas-server-support-consent-api,-,automatic,-,false,-
org.apereo.cas,cas-server-support-consent-core,6.0.0-RC1,cas-server-support-consent-core,-,automatic,-,false,-
org.apereo.cas,cas-server-support-consent-jdbc,6.0.0-RC1,cas-server-support-consent-jdbc,-,automatic,-,false,-
org.apereo.cas,cas-server-support-consent-ldap,6.0.0-RC1,cas-server-support-consent-ldap,-,automatic,-,false,-
org.apereo.cas,cas-server-support-consent-mongo,6.0.0-RC1,cas-server-support-consent-mongo,-,automatic,-,false,-
org.apereo.cas,cas-server-support-consent-rest,6.0.0-RC1,cas-server-support-consent-rest,-,automatic,-,false,-
org.apereo.cas,cas-server-support-consent-webflow,6.0.0-RC1,cas-server-support-consent-webflow,-,automatic,-,false,-
org.apereo.cas,cas-server-support-cookie,5.2.7,-,-,?,-,false,-
org.apereo.cas,cas-server-support-couchbase-authentication,6.0.0-RC1,cas-server-support-couchbase-authentication,-,automatic,-,false,-
org.apereo.cas,cas-server-support-couchbase-core,6.0.0-RC1,cas-server-support-couchbase-core,-,automatic,-,false,-
org.apereo.cas,cas-server-support-couchbase-service-registry,6.0.0-RC1,cas-server-support-couchbase-service-registry,-,automatic,-,false,-
org.apereo.cas,cas-server-support-couchbase-ticket-registry,6.0.0-RC1,cas-server-support-couchbase-ticket-registry,-,automatic,-,false,-
org.apereo.cas,cas-server-support-digest-authentication,6.0.0-RC1,cas-server-support-digest-authentication,-,automatic,-,false,-
org.apereo.cas,cas-server-support-discovery-profile,6.0.0-RC1,cas-server-support-discovery-profile,-,automatic,-,false,-
org.apereo.cas,cas-server-support-duo,6.0.0-RC1,cas-server-support-duo,-,automatic,-,false,-
org.apereo.cas,cas-server-support-duo-core,6.0.0-RC1,cas-server-support-duo-core,-,automatic,-,false,-
org.apereo.cas,cas-server-support-duo-core-mfa,6.0.0-RC1,cas-server-support-duo-core-mfa,-,automatic,-,false,-
org.apereo.cas,cas-server-support-dynamodb-service-registry,6.0.0-RC1,cas-server-support-dynamodb-service-registry,-,automatic,-,false,-
org.apereo.cas,cas-server-support-dynamodb-ticket-registry,6.0.0-RC1,cas-server-support-dynamodb-ticket-registry,-,automatic,-,false,-
org.apereo.cas,cas-server-support-ehcache-monitor,6.0.0-RC1,cas-server-support-ehcache-monitor,-,automatic,-,false,-
org.apereo.cas,cas-server-support-ehcache-ticket-registry,6.0.0-RC1,cas-server-support-ehcache-ticket-registry,-,automatic,-,false,-
org.apereo.cas,cas-server-support-electrofence,6.0.0-RC1,cas-server-support-electrofence,-,automatic,-,false,-
org.apereo.cas,cas-server-support-eureka-client,6.0.0-RC1,cas-server-support-eureka-client,-,automatic,-,false,-
org.apereo.cas,cas-server-support-events-influxdb,6.0.0-RC1,cas-server-support-events-influxdb,-,automatic,-,false,-
org.apereo.cas,cas-server-support-events-jpa,6.0.0-RC1,cas-server-support-events-jpa,-,automatic,-,false,-
org.apereo.cas,cas-server-support-events-memory,6.0.0-RC1,cas-server-support-events-memory,-,automatic,-,false,-
org.apereo.cas,cas-server-support-events-mongo,6.0.0-RC1,cas-server-support-events-mongo,-,automatic,-,false,-
org.apereo.cas,cas-server-support-fortress,6.0.0-RC1,cas-server-support-fortress,-,automatic,-,false,-
org.apereo.cas,cas-server-support-gauth,6.0.0-RC1,cas-server-support-gauth,-,automatic,-,false,-
org.apereo.cas,cas-server-support-gauth-core,6.0.0-RC1,cas-server-support-gauth-core,-,automatic,-,false,-
org.apereo.cas,cas-server-support-gauth-core-mfa,6.0.0-RC1,cas-server-support-gauth-core-mfa,-,automatic,-,false,-
org.apereo.cas,cas-server-support-gauth-jpa,6.0.0-RC1,cas-server-support-gauth-jpa,-,automatic,-,false,-
org.apereo.cas,cas-server-support-gauth-mongo,6.0.0-RC1,cas-server-support-gauth-mongo,-,automatic,-,false,-
org.apereo.cas,cas-server-support-generic,6.0.0-RC1,cas-server-support-generic,-,automatic,-,false,-
org.apereo.cas,cas-server-support-generic-remote-webflow,6.0.0-RC1,cas-server-support-generic-remote-webflow,-,automatic,-,false,-
org.apereo.cas,cas-server-support-geolocation,6.0.0-RC1,cas-server-support-geolocation,-,automatic,-,false,-
org.apereo.cas,cas-server-support-geolocation-googlemaps,6.0.0-RC1,cas-server-support-geolocation-googlemaps,-,automatic,-,false,-
org.apereo.cas,cas-server-support-geolocation-maxmind,6.0.0-RC1,cas-server-support-geolocation-maxmind,-,automatic,-,false,-
org.apereo.cas,cas-server-support-grouper,6.0.0-RC1,cas-server-support-grouper,-,automatic,-,false,-
org.apereo.cas,cas-server-support-grouper-core,6.0.0-RC1,cas-server-support-grouper-core,-,automatic,-,false,-
org.apereo.cas,cas-server-support-gua,6.0.0-RC1,cas-server-support-gua,-,automatic,-,false,-
org.apereo.cas,cas-server-support-hazelcast-core,6.0.0-RC1,cas-server-support-hazelcast-core,-,automatic,-,false,-
org.apereo.cas,cas-server-support-hazelcast-monitor,6.0.0-RC1,cas-server-support-hazelcast-monitor,-,automatic,-,false,-
org.apereo.cas,cas-server-support-hazelcast-ticket-registry,6.0.0-RC1,cas-server-support-hazelcast-ticket-registry,-,automatic,-,false,-
org.apereo.cas,cas-server-support-ignite-ticket-registry,6.0.0-RC1,cas-server-support-ignite-ticket-registry,-,automatic,-,false,-
org.apereo.cas,cas-server-support-infinispan-ticket-registry,6.0.0-RC1,cas-server-support-infinispan-ticket-registry,-,automatic,-,false,-
org.apereo.cas,cas-server-support-influxdb-core,6.0.0-RC1,cas-server-support-influxdb-core,-,automatic,-,false,-
org.apereo.cas,cas-server-support-interrupt-api,6.0.0-RC1,cas-server-support-interrupt-api,-,automatic,-,false,-
org.apereo.cas,cas-server-support-interrupt-core,6.0.0-RC1,cas-server-support-interrupt-core,-,automatic,-,false,-
org.apereo.cas,cas-server-support-interrupt-webflow,6.0.0-RC1,cas-server-support-interrupt-webflow,-,automatic,-,false,-
org.apereo.cas,cas-server-support-jdbc,6.0.0-RC1,cas-server-support-jdbc,-,automatic,-,false,-
org.apereo.cas,cas-server-support-jdbc-authentication,6.0.0-RC1,cas-server-support-jdbc-authentication,-,automatic,-,false,-
org.apereo.cas,cas-server-support-jdbc-drivers,6.0.0-RC1,cas-server-support-jdbc-drivers,-,automatic,-,false,-
org.apereo.cas,cas-server-support-jdbc-monitor,6.0.0-RC1,cas-server-support-jdbc-monitor,-,automatic,-,false,-
org.apereo.cas,cas-server-support-jms-ticket-registry,6.0.0-RC1,cas-server-support-jms-ticket-registry,-,automatic,-,false,-
org.apereo.cas,cas-server-support-jpa-service-registry,6.0.0-RC1,cas-server-support-jpa-service-registry,-,automatic,-,false,-
org.apereo.cas,cas-server-support-jpa-ticket-registry,6.0.0-RC1,cas-server-support-jpa-ticket-registry,-,automatic,-,false,-
org.apereo.cas,cas-server-support-jpa-util,6.0.0-RC1,cas-server-support-jpa-util,-,automatic,-,false,-
org.apereo.cas,cas-server-support-json-service-registry,6.0.0-RC1,cas-server-support-json-service-registry,-,automatic,-,false,-
org.apereo.cas,cas-server-support-ldap,6.0.0-RC1,cas-server-support-ldap,-,automatic,-,false,-
org.apereo.cas,cas-server-support-ldap-core,6.0.0-RC1,cas-server-support-ldap-core,-,automatic,-,false,-
org.apereo.cas,cas-server-support-ldap-monitor,6.0.0-RC1,cas-server-support-ldap-monitor,-,automatic,-,false,-
org.apereo.cas,cas-server-support-ldap-service-registry,6.0.0-RC1,cas-server-support-ldap-service-registry,-,automatic,-,false,-
org.apereo.cas,cas-server-support-memcached-core,6.0.0-RC1,cas-server-support-memcached-core,-,automatic,-,false,-
org.apereo.cas,cas-server-support-memcached-monitor,6.0.0-RC1,cas-server-support-memcached-monitor,-,automatic,-,false,-
org.apereo.cas,cas-server-support-memcached-ticket-registry,6.0.0-RC1,cas-server-support-memcached-ticket-registry,-,automatic,-,false,-
org.apereo.cas,cas-server-support-metrics,6.0.0-RC1,cas-server-support-metrics,-,automatic,-,false,-
org.apereo.cas,cas-server-support-mongo,6.0.0-RC1,cas-server-support-mongo,-,automatic,-,false,-
org.apereo.cas,cas-server-support-mongo-core,6.0.0-RC1,cas-server-support-mongo-core,-,automatic,-,false,-
org.apereo.cas,cas-server-support-mongo-monitor,6.0.0-RC1,cas-server-support-mongo-monitor,-,automatic,-,false,-
org.apereo.cas,cas-server-support-mongo-service-registry,6.0.0-RC1,cas-server-support-mongo-service-registry,-,automatic,-,false,-
org.apereo.cas,cas-server-support-mongo-ticket-registry,6.0.0-RC1,cas-server-support-mongo-ticket-registry,-,automatic,-,false,-
org.apereo.cas,cas-server-support-oauth,6.0.0-RC1,cas-server-support-oauth,-,automatic,-,false,-
org.apereo.cas,cas-server-support-oauth-api,6.0.0-RC1,cas-server-support-oauth-api,-,automatic,-,false,-
org.apereo.cas,cas-server-support-oauth-core,6.0.0-RC1,cas-server-support-oauth-core,-,automatic,-,false,-
org.apereo.cas,cas-server-support-oauth-services,6.0.0-RC1,cas-server-support-oauth-services,-,automatic,-,false,-
org.apereo.cas,cas-server-support-oauth-webflow,6.0.0-RC1,cas-server-support-oauth-webflow,-,automatic,-,false,-
org.apereo.cas,cas-server-support-oidc,6.0.0-RC1,cas-server-support-oidc,-,automatic,-,false,-
org.apereo.cas,cas-server-support-oidc-core,6.0.0-RC1,cas-server-support-oidc-core,-,automatic,-,false,-
org.apereo.cas,cas-server-support-oidc-services,6.0.0-RC1,cas-server-support-oidc-services,-,automatic,-,false,-
org.apereo.cas,cas-server-support-openid,6.0.0-RC1,cas-server-support-openid,-,automatic,-,false,-
org.apereo.cas,cas-server-support-openid-webflow,6.0.0-RC1,cas-server-support-openid-webflow,-,automatic,-,false,-
org.apereo.cas,cas-server-support-otp-mfa,6.0.0-RC1,cas-server-support-otp-mfa,-,automatic,-,false,-
org.apereo.cas,cas-server-support-pac4j,6.0.0-RC1,cas-server-support-pac4j,-,automatic,-,false,-
org.apereo.cas,cas-server-support-pac4j-authentication,6.0.0-RC1,cas-server-support-pac4j-authentication,-,automatic,-,false,-
org.apereo.cas,cas-server-support-pac4j-core,6.0.0-RC1,cas-server-support-pac4j-core,-,automatic,-,false,-
org.apereo.cas,cas-server-support-pac4j-core-clients,6.0.0-RC1,cas-server-support-pac4j-core-clients,-,automatic,-,false,-
org.apereo.cas,cas-server-support-pac4j-webflow,6.0.0-RC1,cas-server-support-pac4j-webflow,-,automatic,-,false,-
org.apereo.cas,cas-server-support-person-directory,6.0.0-RC1,cas-server-support-person-directory,-,automatic,-,false,-
org.apereo.cas,cas-server-support-pm,6.0.0-RC1,cas-server-support-pm,-,automatic,-,false,-
org.apereo.cas,cas-server-support-pm-jdbc,6.0.0-RC1,cas-server-support-pm-jdbc,-,automatic,-,false,-
org.apereo.cas,cas-server-support-pm-ldap,6.0.0-RC1,cas-server-support-pm-ldap,-,automatic,-,false,-
org.apereo.cas,cas-server-support-pm-rest,6.0.0-RC1,cas-server-support-pm-rest,-,automatic,-,false,-
org.apereo.cas,cas-server-support-pm-webflow,6.0.0-RC1,cas-server-support-pm-webflow,-,automatic,-,false,-
org.apereo.cas,cas-server-support-radius,6.0.0-RC1,cas-server-support-radius,-,automatic,-,false,-
org.apereo.cas,cas-server-support-radius-core,6.0.0-RC1,cas-server-support-radius-core,-,automatic,-,false,-
org.apereo.cas,cas-server-support-radius-core-mfa,6.0.0-RC1,cas-server-support-radius-core-mfa,-,automatic,-,false,-
org.apereo.cas,cas-server-support-radius-mfa,6.0.0-RC1,cas-server-support-radius-mfa,-,automatic,-,false,-
org.apereo.cas,cas-server-support-redis-core,6.0.0-RC1,cas-server-support-redis-core,-,automatic,-,false,-
org.apereo.cas,cas-server-support-redis-service-registry,6.0.0-RC1,cas-server-support-redis-service-registry,-,automatic,-,false,-
org.apereo.cas,cas-server-support-redis-ticket-registry,6.0.0-RC1,cas-server-support-redis-ticket-registry,-,automatic,-,false,-
org.apereo.cas,cas-server-support-remote-shell,5.2.7,-,-,?,-,false,-
org.apereo.cas,cas-server-support-reports,6.0.0-RC1,cas-server-support-reports,-,automatic,-,false,-
org.apereo.cas,cas-server-support-rest,6.0.0-RC1,cas-server-support-rest,-,automatic,-,false,-
org.apereo.cas,cas-server-support-rest-authentication,6.0.0-RC1,cas-server-support-rest-authentication,-,automatic,-,false,-
org.apereo.cas,cas-server-support-rest-service-registry,6.0.0-RC1,cas-server-support-rest-service-registry,-,automatic,-,false,-
org.apereo.cas,cas-server-support-rest-services,6.0.0-RC1,cas-server-support-rest-services,-,automatic,-,false,-
org.apereo.cas,cas-server-support-rest-tokens,6.0.0-RC1,cas-server-support-rest-tokens,-,automatic,-,false,-
org.apereo.cas,cas-server-support-rest-x509,6.0.0-RC1,cas-server-support-rest-x509,-,automatic,-,false,-
org.apereo.cas,cas-server-support-saml,6.0.0-RC1,cas-server-support-saml,-,automatic,-,false,-
org.apereo.cas,cas-server-support-saml-core,6.0.0-RC1,cas-server-support-saml-core,-,automatic,-,false,-
org.apereo.cas,cas-server-support-saml-googleapps,6.0.0-RC1,cas-server-support-saml-googleapps,-,automatic,-,false,-
org.apereo.cas,cas-server-support-saml-googleapps-core,6.0.0-RC1,cas-server-support-saml-googleapps-core,-,automatic,-,false,-
org.apereo.cas,cas-server-support-saml-idp,6.0.0-RC1,cas-server-support-saml-idp,-,automatic,-,false,-
org.apereo.cas,cas-server-support-saml-idp-core,6.0.0-RC1,cas-server-support-saml-idp-core,-,automatic,-,false,-
org.apereo.cas,cas-server-support-saml-mdui,6.0.0-RC1,cas-server-support-saml-mdui,-,automatic,-,false,-
org.apereo.cas,cas-server-support-saml-mdui-core,6.0.0-RC1,cas-server-support-saml-mdui-core,-,automatic,-,false,-
org.apereo.cas,cas-server-support-saml-sp-integrations,6.0.0-RC1,cas-server-support-saml-sp-integrations,-,automatic,-,false,-
org.apereo.cas,cas-server-support-scim,6.0.0-RC1,cas-server-support-scim,-,automatic,-,false,-
org.apereo.cas,cas-server-support-sentry,6.0.0-RC1,cas-server-support-sentry,-,automatic,-,false,-
org.apereo.cas,cas-server-support-service-registry-stream,6.0.0-RC1,cas-server-support-service-registry-stream,-,automatic,-,false,-
org.apereo.cas,cas-server-support-service-registry-stream-hazelcast,6.0.0-RC1,cas-server-support-service-registry-stream-hazelcast,-,automatic,-,false,-
org.apereo.cas,cas-server-support-shell,6.0.0-RC1,-,-,?,-,false,-
org.apereo.cas,cas-server-support-shibboleth,6.0.0-RC1,cas-server-support-shibboleth,-,automatic,-,false,-
org.apereo.cas,cas-server-support-shibboleth-attributes,5.2.7,-,-,?,-,false,-
org.apereo.cas,cas-server-support-sleuth,6.0.0-RC1,cas-server-support-sleuth,-,automatic,-,false,-
org.apereo.cas,cas-server-support-sms-clickatell,6.0.0-RC1,cas-server-support-sms-clickatell,-,automatic,-,false,-
org.apereo.cas,cas-server-support-sms-textmagic,6.0.0-RC1,cas-server-support-sms-textmagic,-,automatic,-,false,-
org.apereo.cas,cas-server-support-sms-twilio,6.0.0-RC1,cas-server-support-sms-twilio,-,automatic,-,false,-
org.apereo.cas,cas-server-support-spnego,6.0.0-RC1,cas-server-support-spnego,-,automatic,-,false,-
org.apereo.cas,cas-server-support-spnego-webflow,6.0.0-RC1,cas-server-support-spnego-webflow,-,automatic,-,false,-
org.apereo.cas,cas-server-support-surrogate-api,6.0.0-RC1,cas-server-support-surrogate-api,-,automatic,-,false,-
org.apereo.cas,cas-server-support-surrogate-authentication,6.0.0-RC1,cas-server-support-surrogate-authentication,-,automatic,-,false,-
org.apereo.cas,cas-server-support-surrogate-authentication-jdbc,6.0.0-RC1,cas-server-support-surrogate-authentication-jdbc,-,automatic,-,false,-
org.apereo.cas,cas-server-support-surrogate-authentication-ldap,6.0.0-RC1,cas-server-support-surrogate-authentication-ldap,-,automatic,-,false,-
org.apereo.cas,cas-server-support-surrogate-authentication-rest,6.0.0-RC1,cas-server-support-surrogate-authentication-rest,-,automatic,-,false,-
org.apereo.cas,cas-server-support-surrogate-webflow,6.0.0-RC1,cas-server-support-surrogate-webflow,-,automatic,-,false,-
org.apereo.cas,cas-server-support-swivel,6.0.0-RC1,cas-server-support-swivel,-,automatic,-,false,-
org.apereo.cas,cas-server-support-swivel-core,6.0.0-RC1,cas-server-support-swivel-core,-,automatic,-,false,-
org.apereo.cas,cas-server-support-themes,6.0.0-RC1,cas-server-support-themes,-,automatic,-,false,-
org.apereo.cas,cas-server-support-throttle,6.0.0-RC1,cas-server-support-throttle,-,automatic,-,false,-
org.apereo.cas,cas-server-support-throttle-jdbc,6.0.0-RC1,cas-server-support-throttle-jdbc,-,automatic,-,false,-
org.apereo.cas,cas-server-support-token-authentication,6.0.0-RC1,cas-server-support-token-authentication,-,automatic,-,false,-
org.apereo.cas,cas-server-support-token-core,6.0.0-RC1,cas-server-support-token-core,-,automatic,-,false,-
org.apereo.cas,cas-server-support-token-tickets,6.0.0-RC1,cas-server-support-token-tickets,-,automatic,-,false,-
org.apereo.cas,cas-server-support-token-webflow,6.0.0-RC1,cas-server-support-token-webflow,-,automatic,-,false,-
org.apereo.cas,cas-server-support-trusted,6.0.0-RC1,cas-server-support-trusted,-,automatic,-,false,-
org.apereo.cas,cas-server-support-trusted-mfa,6.0.0-RC1,cas-server-support-trusted-mfa,-,automatic,-,false,-
org.apereo.cas,cas-server-support-trusted-mfa-jdbc,6.0.0-RC1,cas-server-support-trusted-mfa-jdbc,-,automatic,-,false,-
org.apereo.cas,cas-server-support-trusted-mfa-mongo,6.0.0-RC1,cas-server-support-trusted-mfa-mongo,-,automatic,-,false,-
org.apereo.cas,cas-server-support-trusted-mfa-rest,6.0.0-RC1,cas-server-support-trusted-mfa-rest,-,automatic,-,false,-
org.apereo.cas,cas-server-support-trusted-webflow,6.0.0-RC1,cas-server-support-trusted-webflow,-,automatic,-,false,-
org.apereo.cas,cas-server-support-u2f,6.0.0-RC1,cas-server-support-u2f,-,automatic,-,false,-
org.apereo.cas,cas-server-support-u2f-core,6.0.0-RC1,cas-server-support-u2f-core,-,automatic,-,false,-
org.apereo.cas,cas-server-support-u2f-jpa,6.0.0-RC1,cas-server-support-u2f-jpa,-,automatic,-,false,-
org.apereo.cas,cas-server-support-u2f-mongo,6.0.0-RC1,cas-server-support-u2f-mongo,-,automatic,-,false,-
org.apereo.cas,cas-server-support-validation,6.0.0-RC1,cas-server-support-validation,-,automatic,-,false,-
org.apereo.cas,cas-server-support-wsfederation,6.0.0-RC1,cas-server-support-wsfederation,-,automatic,-,false,-
org.apereo.cas,cas-server-support-wsfederation-webflow,6.0.0-RC1,cas-server-support-wsfederation-webflow,-,automatic,-,false,-
org.apereo.cas,cas-server-support-ws-idp,6.0.0-RC1,cas-server-support-ws-idp,-,automatic,-,false,-
org.apereo.cas,cas-server-support-ws-idp-api,6.0.0-RC1,cas-server-support-ws-idp-api,-,automatic,-,false,-
org.apereo.cas,cas-server-support-ws-sts,6.0.0-RC1,cas-server-support-ws-sts,-,automatic,-,false,-
org.apereo.cas,cas-server-support-x509,6.0.0-RC1,cas-server-support-x509,-,automatic,-,false,-
org.apereo.cas,cas-server-support-x509-core,6.0.0-RC1,cas-server-support-x509-core,-,automatic,-,false,-
org.apereo.cas,cas-server-support-x509-webflow,6.0.0-RC1,cas-server-support-x509-webflow,-,automatic,-,false,-
org.apereo.cas,cas-server-support-yaml-service-registry,6.0.0-RC1,cas-server-support-yaml-service-registry,-,automatic,-,false,-
org.apereo.cas,cas-server-support-yubikey,6.0.0-RC1,cas-server-support-yubikey,-,automatic,-,false,-
org.apereo.cas,cas-server-support-yubikey-core,6.0.0-RC1,cas-server-support-yubikey-core,-,automatic,-,false,-
org.apereo.cas,cas-server-support-yubikey-core-mfa,6.0.0-RC1,cas-server-support-yubikey-core-mfa,-,automatic,-,false,-
org.apereo.cas,cas-server-support-yubikey-jpa,6.0.0-RC1,cas-server-support-yubikey-jpa,-,automatic,-,false,-
org.apereo.cas,cas-server-support-yubikey-mongo,6.0.0-RC1,cas-server-support-yubikey-mongo,-,automatic,-,false,-
org.apereo.cas,cas-server-webapp-config,6.0.0-RC1,cas-server-webapp-config,-,automatic,-,false,-
org.apereo.cas,cas-server-webapp-config-security,5.3.2,-,-,?,-,false,-
org.apereo.cas,cas-server-webapp-init,6.0.0-RC1,cas-server-webapp-init,-,automatic,-,false,-
org.apereo.cas,cas-server-webapp-session-hazelcast,5.3.2,-,-,?,-,false,-
org.apereo.cas,cas-server-webapp-session-mongo,5.3.2,-,-,?,-,false,-
org.apereo.cas,cas-server-webapp-session-redis,5.3.2,-,-,?,-,false,-
