groupId,artifactId,version,moduleName,moduleVersion,moduleMode,moduleDependencies,jdepsToolError,jdepsViolations
ch.sharedvd.jaxb-plugins,xjc-non-null-getter,1.0.0,-,-,?,-,false,-
com.github.935237604,net,1.4,-,-,?,-,false,-
com.github.935237604,utils,1.7,-,-,?,-,false,-
com.github.agaro1121,scala-slack-core_2.11,0.2.27,-,-,?,-,false,-
com.github.agaro1121,scala-slack-core_2.12,0.2.27,-,-,?,-,false,-
com.github.agaro1121,scala-slack-rtm_2.11,0.2.18,-,-,?,-,false,-
com.github.agaro1121,scala-slack-rtm_2.12,0.2.18,-,-,?,-,false,-
com.github.agaro1121,scala-slack-shared-events_2.11,0.2.18,-,-,?,-,false,-
com.github.agaro1121,scala-slack-shared-events_2.12,0.2.18,-,-,?,-,false,-
com.github.agaro1121,scala-slack-web_2.11,0.2.27,-,-,?,-,false,-
com.github.agaro1121,scala-slack-web_2.12,0.2.27,-,-,?,-,false,-
com.github.alaptseu,hibernate2json,1.0,-,-,?,-,false,-
com.github.alishtory,cos_api,5.1.8,-,-,?,-,false,-
com.github.angiolep,akka-wamp_2.12,0.15.2,-,-,?,-,false,-
com.github.angiolep,ubj_2.12,0.1.0,-,-,?,-,false,-
com.github.BeFabulousJia12,TestNGServiceLoader,1.0.6,-,-,?,-,false,sun.misc.BASE64Encoder                   Use java.util.Base64 @since 1.8
com.github.benniekrijger,scala-mollie_2.11,0.15,-,-,?,-,false,-
com.github.benniekrijger,scala-mollie_2.12,0.15,-,-,?,-,false,-
com.github.benniekrijger,scala-postnl_2.11,0.16.1,-,-,?,-,false,-
com.github.benniekrijger,scala-postnl_2.12,0.17,-,-,?,-,false,-
com.github.bookong,zest,0.2.17,-,-,?,-,false,-
com.github.briandilley.joraph,joraph,0.1,-,-,?,-,false,-
com.github.briandilley.jsonrpc4j,jsonrpc4j,1.5.3,-,-,?,-,false,-
com.github.cbismuth,junit-repeat-rule,1.1.2,-,-,?,-,false,-
com.github.cbismuth,spark-utils,1.2.0,-,-,?,-,false,-
com.github.ccob,bittrex4j,1.0.10,-,-,?,-,false,-
com.github.chanhohang,akka-cluster-messenger_2.11,0.0.1,-,-,?,-,false,-
com.github.cloudyrock,dimmer-core,1.2,-,-,?,-,false,-
com.github.cloudyrock.dimmer,dimmer-core,2.2.0,-,-,?,-,false,-
com.github.cloudyrock.dimmer,dimmer-local,2.2.0,-,-,?,-,false,-
com.github.cloudyrock.dimmer,test,1.4.6,-,-,?,-,false,-
com.github.cloudyrock.http,reactive-http,1.1.1,-,-,?,-,false,-
com.github.cloudyrock,mongock,1.12,-,-,?,-,false,-
com.github.dcsolutions.kalinka,kalinka-activemq-plugin,0.0.1,-,-,?,-,false,-
com.github.dcsolutions.kalinka,kalinka-activemq-plugin-example,0.0.9,-,-,?,-,false,sun.misc.Unsafe                          See http://openjdk.java.net/jeps/260
com.github.dcsolutions.kalinka,kalinka-cluster,0.0.9,-,-,?,-,false,-
com.github.dcsolutions.kalinka,kalinka-cluster-hc,0.0.9,-,-,?,-,false,-
com.github.dcsolutions.kalinka,kalinka-cluster-plugin,0.0.9,-,-,?,-,false,-
com.github.dcsolutions.kalinka,kalinka-cluster-zk,0.0.9,-,-,?,-,false,-
com.github.dcsolutions.kalinka,kalinka-it,0.0.9,-,-,?,-,false,-
com.github.dcsolutions.kalinka,kalinka-pub,0.0.9,-,-,?,-,false,-
com.github.dcsolutions.kalinka,kalinka-pub-plugin,0.0.9,-,-,?,-,false,-
com.github.dcsolutions.kalinka,kalinka-pub-plugin-example,0.0.1,-,-,?,-,false,sun.misc.Cleaner                         Use java.lang.ref.PhantomReference @since 1.2 or java.lang.ref.Cleaner @since 9 + sun.misc.Unsafe                          See http://openjdk.java.net/jeps/260
com.github.dcsolutions.kalinka,kalinka-pub-service,0.0.9,-,-,?,-,false,-
com.github.dcsolutions.kalinka,kalinka-pub-service-example,0.0.9,-,-,?,-,false,-
com.github.dcsolutions.kalinka,kalinka-sub,0.0.9,-,-,?,-,false,-
com.github.dcsolutions.kalinka,kalinka-sub-service-example,0.0.9,-,-,?,-,false,-
com.github.dcsolutions.kalinka,kalinka-util,0.0.9,-,-,?,-,false,-
com.github.deanjameseverett,k8-maven-plugin,1.0.3,-,-,?,-,false,-
com.github.debugthug,TruJet,1.0.0,-,-,?,-,false,sun.misc.BASE64Decoder                   Use java.util.Base64 @since 1.8 + sun.misc.BASE64Encoder                   Use java.util.Base64 @since 1.8
com.github.dikhan,dropwizard-header-metric,3.0.0,-,-,?,-,false,-
com.github.dikhan,pagerduty-client,3.0.2,-,-,?,-,false,-
com.github.draylar,CMC_APIWrapper,2.0.0,-,-,?,-,false,-
com.github.edgar615,eventbus-core,1.0.11,-,-,?,-,false,-
com.github.edgar615,eventbus-kafka,1.0.11,-,-,?,-,false,-
com.github.edgar615,eventbus-kafka-vertx,1.0.11,-,-,?,-,false,-
com.github.edgar615,eventbus-metric,1.0.11,-,-,?,-,false,-
com.github.edgar615,jdbc-codegen,1.0.13,-,-,?,-,false,-
com.github.edgar615,mysql-mapping,0.0.1,-,-,?,-,false,-
com.github.edgar615,spring-boot-binlog-startcache,0.2.5,-,-,?,-,false,-
com.github.edgar615,spring-boot-eventbus-kafka,0.2.5,-,-,?,-,false,-
com.github.edgar615,spring-boot-eventbus-local,0.2.5,-,-,?,-,false,-
com.github.edgar615,spring-boot-simple-auth,0.2.3,-,-,?,-,false,-
com.github.edgar615,spring-boot-startcache-binlog,0.2.4,-,-,?,-,false,-
com.github.edgar615,spring-boot-util-appkey,0.2.5,-,-,?,-,false,-
com.github.edgar615,spring-boot-util-auth,0.2.5,-,-,?,-,false,-
com.github.edgar615,spring-boot-util-binlog,0.2.5,-,-,?,-,false,-
com.github.edgar615,spring-boot-util-cache,0.2.5,-,-,?,-,false,-
com.github.edgar615,spring-boot-util-jdbc,0.2.5,-,-,?,-,false,-
com.github.edgar615,spring-boot-util-jwt,0.2.5,-,-,?,-,false,-
com.github.edgar615,spring-boot-util-operatelog,0.2.5,-,-,?,-,false,-
com.github.edgar615,spring-boot-util-web,0.2.5,-,-,?,-,false,-
com.github.edgar615,spring-cloud-util-feign,0.2.5,-,-,?,-,false,-
com.github.edgar615,util,1.0.19.BETA2,-,-,?,-,false,-
com.github.edgar615,vertx-util,1.0.14,-,-,?,-,false,-
com.github.edgar615,vertx-util-redis,0.0.2,-,-,?,-,false,-
com.github.ferortega,cf4j,1.1.0,-,-,?,-,false,-
com.github.ferortega,cf4j-parent,1.0.0,-,-,?,-,false,-
com.github.ferortega,cf4j-recsys,1.1.0,-,-,?,-,false,-
com.github.ftrossbach,club-topicana-core,0.1.0,-,-,?,-,false,-
com.github.ftrossbach,club-topicana-kafka-clients,0.1.0,-,-,?,-,false,-
com.github.ftrossbach,club-topicana-kafka-streams,0.1.0,-,-,?,-,false,-
com.github.ftrossbach,club-topicana-spring,0.1.0,-,-,?,-,false,-
com.github.ftrossbach,kiqr-commons,0.0.1,-,-,?,-,false,-
com.github.ftrossbach,kiqr-core,0.0.1,-,-,?,-,false,-
com.github.ftrossbach,kiqr-examples,0.0.1,-,-,?,-,false,-
com.github.ftrossbach,kiqr-rest-client,0.0.1,-,-,?,-,false,-
com.github.ftrossbach,kiqr-rest-server,0.0.1,-,-,?,-,false,-
com.github.giiita,scaladia_2.11,1.2.1,-,-,?,-,false,-
com.github.giiita,scaladia_2.12,1.2.1,-,-,?,-,false,-
com.github.gino0631,clove-io,0.1,-,-,?,-,false,-
com.github.gino0631,icns-core,1.1,-,-,?,-,false,-
com.github.gino0631,icns-maven-plugin,1.1,-,-,?,-,false,-
com.github.gino0631,pac-core,1.0,-,-,?,-,false,-
com.github.gino0631,pac-maven-plugin,1.0,-,-,?,-,false,-
com.github.gino0631,pkg-core,1.2,-,-,?,-,false,-
com.github.gino0631,pkg-maven-plugin,1.2,-,-,?,-,false,-
com.github.gino0631,xar-api,1.1,-,-,?,-,false,-
com.github.gino0631,xar-core,1.1,-,-,?,-,false,-
com.github.goblinbr,class-bytes-scanner,1.0.0,-,-,?,-,false,-
com.github.guqiyao,fishing-village,1.0.0-release,-,-,?,-,false,-
com.github.gvr,metius_2.11,0.1.5,-,-,?,-,false,-
com.github.gvr,metius_2.12,0.1.5,-,-,?,-,false,-
com.github.huanshare,huan-swagger-core,1.0.1,-,-,?,-,false,-
com.github.huanshare,swagger-ui-layer,1.0.0,-,-,?,-,false,-
com.github.huxinghai1988,sidekiq-client-plugin,1.5.1,-,-,?,-,false,-
com.github.ilgun,expandingtextarea,2.0,-,-,?,-,false,-
com.github.ilgun,vaadin-ckeditor,1.0,-,-,?,-,false,-
com.github.javasync,AsyncFileRw,1.0.0,-,-,?,-,false,-
com.github.javasync,streamemo,1.0.0,-,-,?,-,false,-
com.github.jeffreyning,micro-dao,1.2.3-RELEASE,-,-,?,-,false,-
com.github.jeffreyning,micro-git-sync,0.0.1-RELEASE,-,-,?,-,false,-
com.github.jeffreyning,mybatis-plus-page,1.0.2-RELEASE,-,-,?,-,false,-
com.github.jeffreyning,nhcache-base,0.0.2-RELEASE,-,-,?,-,false,-
com.github.jeffreyning,nhcache-db,0.0.3-RELEASE,-,-,?,-,false,-
com.github.jeffreyning,nh-micro-config,0.0.2-RELEASE,-,-,?,-,false,-
com.github.jeffreyning,nh-micro-context,1.1.7-RELEASE,-,-,?,-,false,-
com.github.jeffreyning,nh-micro-controller,1.0.5-RELEASE,-,-,?,-,false,-
com.github.jeffreyning,nh-micro-datasource,1.0.0-RELEASE,-,-,?,-,false,-
com.github.jeffreyning,nh-micro-datasource-msg,1.0.0-RELEASE,-,-,?,-,false,-
com.github.jeffreyning,nh-micro-db,1.2.0-RELEASE,-,-,?,-,false,-
com.github.jeffreyning,nh-micro-engine,1.1.9-RELEASE,-,-,?,-,false,-
com.github.jeffreyning,nh-micro-nhs,1.0.2-RELEASE,-,-,?,-,false,-
com.github.jeffreyning,nh-micro-orm,0.0.3-RELEASE,-,-,?,-,false,-
com.github.jeffreyning,nh-micro-service,1.0.3-RELEASE,-,-,?,-,false,-
com.github.jeffreyning,nh-micro-support,0.0.5-RELEASE,-,-,?,-,false,-
com.github.jeffreyning,nh-micro-template,1.2.7-RELEASE,-,-,?,-,false,-
com.github.jindz,excel,1.1,-,-,?,-,false,-
com.github.jojoldu,enum-mapper,0.1.8,-,-,?,-,false,-
com.github.jojoldu,jenkins-rest-api,0.0.1,-,-,?,-,false,-
com.github.joshelser,maven-fluido-skin,1.4-HBase,-,-,?,-,false,-
com.github.kdyzm,queue-core,1.1.0,-,-,?,-,false,-
com.github.kevinconaway,akka-dropwizard-agent,1.2,-,-,?,-,false,-
com.github.kevinconaway,akka-dropwizard-metrics,1.2,-,-,?,-,false,-
com.github.kostasdrakonakis,android-navigator-annotations,1.2.3,-,-,?,-,false,-
com.github.kostasdrakonakis,android-navigator-compiler,1.2.3,-,-,?,-,false,-
com.github.makintsian,jsonparsepaths,0.9.3,-,-,?,-,false,-
com.github.markash,components,0.3.0,-,-,?,-,false,-
com.github.markash,components-spring-boot,0.3.0,-,-,?,-,false,-
com.github.markash,components-theme,0.3.0,-,-,?,-,false,-
com.github.markash,statistics-card,0.3.0,-,-,?,-,false,-
com.github.marschall,bigdecimal-storage,0.1.0,-,-,?,-,false,-
com.github.marschall,bigdecimal-storage-benchmark,0.1.0,-,-,?,-,false,sun.misc.Unsafe                          See http://openjdk.java.net/jeps/260
com.github.marschall,getrandom-provider,0.1.1,com.github.marschall.getrandom,-,explicit,java.base,false,-
com.github.marschall,hibernate-batch-sequence-generator,1.0.3,-,-,?,-,false,-
com.github.marschall,jdbctemplate-ng,0.1.0,-,-,?,-,false,-
com.github.marschall,policy-registration-factory,0.2.0,-,-,?,-,false,-
com.github.marschall,rdrand-provider,0.1.0,com.github.marschall.rdrand,-,explicit,java.base,false,-
com.github.marschall,sets,1.1.0,-,-,?,-,false,-
com.github.marschall,threeten-jpa,1.11,-,-,?,-,false,-
com.github.marschall,threeten-jpa-mssql-hibernate,1.11,-,-,?,-,false,-
com.github.marschall,threeten-jpa-mssql-impl,1.11,-,-,?,-,false,-
com.github.marschall,threeten-jpa-oracle-api,1.11,-,-,?,-,false,-
com.github.marschall,threeten-jpa-oracle-hibernate,1.11,-,-,?,-,false,-
com.github.marschall,threeten-jpa-oracle-impl,1.11,-,-,?,-,false,-
com.github.marschall,threeten-jpa-zoned-hibernate,1.11,-,-,?,-,false,-
com.github.marschall,truststore-maven-plugin,0.1.2,-,-,?,-,false,-
com.github.meteoorkip,GraphterEffects,1.0.1,-,-,?,-,false,-
com.github.nondeterministic,scalajs-notifyjs_sjs0.6_2.12,0.1.1,-,-,?,-,false,-
com.github.nonorc,saladium,1.0.4,-,-,?,-,false,-
com.github.ocraft,ocraft-s2client-api,0.2.1,com.github.ocraft.s2client.api,-,automatic,-,false,-
com.github.ocraft,ocraft-s2client-benchmark,0.2.1,com.github.ocraft.s2client.benchmark,-,automatic,-,false,-
com.github.ocraft,ocraft-s2client-bot,0.2.1,com.github.ocraft.s2client.bot,-,automatic,-,false,-
com.github.ocraft,ocraft-s2client-protocol,0.2.1,com.github.ocraft.s2client.protocol,-,automatic,-,false,-
com.github.ocraft,ocraft-s2client-sample,0.2.1,-,-,?,-,false,-
com.github.ocraft,ocraft-s2client-test,0.2.1,-,-,?,-,false,-
com.github.pabloo99.xmlsoccer,xmlsoccer,0.1,-,-,?,-,false,sun.misc.Unsafe                          See http://openjdk.java.net/jeps/260
com.github.phantomthief,adaptive-executor,0.1.4,-,-,?,-,false,-
com.github.phantomthief,buffer-trigger,0.2.11,-,-,?,-,false,-
com.github.phantomthief,cursor-iterator,1.0.10,-,-,?,-,false,-
com.github.phantomthief,jedis-helper,0.1.10,-,-,?,-,false,-
com.github.phantomthief,model-view-builder,1.1.2,-,-,?,-,false,-
com.github.phantomthief,more-lambdas,0.1.25,-,-,?,-,false,-
com.github.phantomthief,retrieve-id-utils,1.0.6,-,-,?,-,false,-
com.github.phantomthief,scope,1.0.7,-,-,?,-,false,-
com.github.phantomthief,simple-failover,0.1.14,-,-,?,-,false,-
com.github.phantomthief,simple-pool,0.1.14,-,-,?,-,false,-
com.github.phantomthief,stats-helper,0.2.2,-,-,?,-,false,-
com.github.phantomthief,zkconfig-resources,1.1.25,-,-,?,-,false,-
com.github.phantomthief,zknotify-cache,0.1.9,-,-,?,-,false,-
com.github.phillip-kruger,apiee-core,1.0.8,-,-,?,-,false,-
com.github.phillip-kruger,apiee-providers,1.0.8,-,-,?,-,false,-
com.github.phillip-kruger.microprofile-extensions,beanval-ext,1.0.9,-,-,?,-,false,-
com.github.phillip-kruger.microprofile-extensions,cdi-filter,1.0.9,-,-,?,-,false,-
com.github.phillip-kruger.microprofile-extensions,config-ext,1.0.9,-,-,?,-,false,-
com.github.phillip-kruger.microprofile-extensions,health-ext,1.0.9,-,-,?,-,false,-
com.github.phillip-kruger.microprofile-extensions,jaxrs-ext,1.0.9,-,-,?,-,false,-
com.github.phillip-kruger.microprofile-extensions,jwt-user-ext,1.0.9,-,-,?,-,false,-
com.github.phillip-kruger.microprofile-extensions,openapi-ext,1.0.9,-,-,?,-,false,-
com.github.phillip-kruger.microprofile-extensions,restclient-ext,1.0.9,-,-,?,-,false,-
com.github.phillip-kruger.microprofile-extentions,beanval-ext,1.0.8,-,-,?,-,false,-
com.github.phillip-kruger.microprofile-extentions,cdi-filter,1.0.8,-,-,?,-,false,-
com.github.phillip-kruger.microprofile-extentions,config-converters,1.0.2,-,-,?,-,false,-
com.github.phillip-kruger.microprofile-extentions,config-ext,1.0.8,-,-,?,-,false,-
com.github.phillip-kruger.microprofile-extentions,file-config,1.0.2,-,-,?,-,false,-
com.github.phillip-kruger.microprofile-extentions,health-ext,1.0.8,-,-,?,-,false,-
com.github.phillip-kruger.microprofile-extentions,jaxrs-ext,1.0.8,-,-,?,-,false,-
com.github.phillip-kruger.microprofile-extentions,jwt-user-ext,1.0.8,-,-,?,-,false,-
com.github.phillip-kruger.microprofile-extentions,memory-config,1.0.2,-,-,?,-,false,-
com.github.phillip-kruger.microprofile-extentions,openapi-ext,1.0.8,-,-,?,-,false,-
com.github.phillip-kruger.microprofile-extentions,restclient-ext,1.0.8,-,-,?,-,false,-
com.github.phillip-kruger,stompee-core,1.1.3,-,-,?,-,false,-
com.github.pkoli,xls2pojo-maven-plugin,1.0,-,-,?,-,false,-
com.github.prokod,gradle-crossbuild-scala,0.4.3,-,-,?,-,false,-
com.github.pwdd.HTTPServer,HTTPServer,0.2,-,-,?,-,false,-
com.github.pwdd,tttcore_2.12,0.0.1.2,-,-,?,-,false,-
com.github.qiyimbd,meerkat,1.1,-,-,?,-,false,-
com.github.robertnetz,dogstatsd-spring-boot-starter,1.0.1,-,-,?,-,false,-
com.github.rockjam,cbt-sonatype-release-example_2.11,0.0.17,-,-,?,-,false,-
com.github.rockjam,core_2.12,0.0.21,-,-,?,-,false,-
com.github.rockjam,hello-world-core_2.12,0.0.22,-,-,?,-,false,-
com.github.rockjam,hello-world-core_2.12.4,0.0.19,-,-,?,-,false,-
com.github.rockjam,httpaste-akkahttp_2.12,0.0.6,-,-,?,-,false,-
com.github.rockjam,httpaste-core_2.12,0.0.6,-,-,?,-,false,-
com.github.rockjam,httpaste-curl_2.12,0.0.6,-,-,?,-,false,-
com.github.rockjam,httpaste-scalajhttp_2.12,0.0.6,-,-,?,-,false,-
com.github.rockjam,license-headers_2.12,0.0.1,-,-,?,-,false,-
com.github.rockjam,play-functional_2.10,2.7.0,-,-,?,-,false,-
com.github.rockjam,play-functional_2.11,2.7.0,-,-,?,-,false,-
com.github.rockjam,play-functional_2.12,2.7.0,-,-,?,-,false,-
com.github.rockjam,play-functional_2.13.0-M3,2.7.0,-,-,?,-,false,-
com.github.rockjam,play-functional_sjs0.6_2.10,2.7.0,-,-,?,-,false,-
com.github.rockjam,play-functional_sjs0.6_2.11,2.7.0,-,-,?,-,false,-
com.github.rockjam,play-functional_sjs0.6_2.12,2.7.0,-,-,?,-,false,-
com.github.rockjam,play-functional_sjs0.6_2.13.0-M3,2.7.0,-,-,?,-,false,-
com.github.rockjam,play-json_2.10,2.7.0,-,-,?,-,false,-
com.github.rockjam,play-json_2.11,2.7.0,-,-,?,-,false,-
com.github.rockjam,play-json_2.12,2.7.0,-,-,?,-,false,-
com.github.rockjam,play-json_2.13.0-M3,2.7.0,-,-,?,-,false,-
com.github.rockjam,play-json-joda_2.10,2.7.0,-,-,?,-,false,-
com.github.rockjam,play-json-joda_2.11,2.7.0,-,-,?,-,false,-
com.github.rockjam,play-json-joda_2.12,2.7.0,-,-,?,-,false,-
com.github.rockjam,play-json-joda_2.13.0-M3,2.7.0,-,-,?,-,false,-
com.github.rockjam,play-json_sjs0.6_2.10,2.7.0,-,-,?,-,false,-
com.github.rockjam,play-json_sjs0.6_2.11,2.7.0,-,-,?,-,false,-
com.github.rockjam,play-json_sjs0.6_2.12,2.7.0,-,-,?,-,false,-
com.github.rockjam,play-json_sjs0.6_2.13.0-M3,2.7.0,-,-,?,-,false,-
com.github.rockylomo,rxlib,1.1,-,-,?,-,false,-
com.github.ruifengho,hrf_core,0.0.2,-,-,?,-,false,-
com.github.sah4ez,core,1.0.14,-,-,?,-,false,-
com.github.sah4ez,exdb,1.0.13,-,-,?,-,false,-
com.github.samelamin,spark-bigquery_2.11,0.2.5,-,-,?,-,false,-
com.github.schmittjoaopedro,mcc,1.0.1,-,-,?,-,false,-
com.github.sebruck,opencensus-scala-akka-http_2.12,0.6.0,-,-,?,-,false,-
com.github.sebruck,opencensus-scala-core_2.12,0.6.0,-,-,?,-,false,-
com.github.sebruck,opencensus-scala-elastic4s_2.12,0.6.0,-,-,?,-,false,-
com.github.sebruck,opencensus-scala-http_2.12,0.6.0,-,-,?,-,false,-
com.github.sebruck,opencensus-scala-http4s_2.12,0.6.0,-,-,?,-,false,-
com.github.sebruck,scalatest-embedded-redis_2.11,0.2.0,-,-,?,-,false,-
com.github.sebruck,scalatest-embedded-redis_2.12,0.3.0,-,-,?,-,false,-
com.github.secdec.astam-correlator,threadfix-cli-lib,1.2.17,-,-,?,-,false,-
com.github.secdec.astam-correlator,threadfix-entities,1.2.17,-,-,?,-,false,-
com.github.secdec.astam-correlator,threadfix-ham,1.2.17,-,-,?,-,false,-
com.github.smartboooy,httputil,1.0.1,-,-,?,-,false,-
com.github.sysalto,reactivereports-core_2.11,1.0.1,-,-,?,-,false,-
com.github.sysalto,reactivereports-core_2.12,1.0.1,-,-,?,-,false,-
com.github.sysalto,reactivereports-core-akka_2.12,1.0.1,-,-,?,-,false,-
com.github.sysalto,reactivereports-itext-render_2.12,1.0.0-alpha.1,-,-,?,-,false,-
com.github.sysalto,reactivereports-pdf-render_2.11,1.0.1,-,-,?,-,false,-
com.github.sysalto,reactivereports-pdf-render_2.12,1.0.1,-,-,?,-,false,-
com.github.tashoyan,scalariform-maven-plugin,0.2.2,-,-,?,-,false,-
com.github.tddmonkey,reactor-aws-common,0.0.1,-,-,?,-,false,-
com.github.tddmonkey,reactor-aws-dynamodb,0.0.1,-,-,?,-,false,-
com.github.tddmonkey,reactor-aws-sns,0.0.1,-,-,?,-,false,-
com.github.tddmonkey,reactor-aws-sqs,0.0.1,-,-,?,-,false,-
com.github.tddmonkey,swagger-gradle-plugin,0.1.2,-,-,?,-,false,-
com.github.tddmonkey,tocker-core,0.0.21,-,-,?,-,false,-
com.github.trows,taskExecutor,1.0,-,-,?,-,false,-
com.github.vanroy,spring-boot-starter-data-jest,3.1.4.RELEASE,-,-,?,-,false,-
com.github.vanroy,spring-cloud-dashboard,1.2.0.RELEASE,-,-,?,-,false,-
com.github.vanroy,spring-data-jest,3.1.4.RELEASE,-,-,?,-,false,-
com.github.vebqa,f3270,1.3.0,-,-,?,-,false,-
com.github.vebqa,terminaldriver-tn5250j,0.0.3,-,-,?,-,false,-
com.github.vebqa,tn5250j,0.7.6.1,-,-,?,-,false,-
com.github.vebqa,vebtal-3270,0.9.4,-,-,?,-,false,-
com.github.vebqa,vebtal-5250,0.9.3,-,-,?,-,false,-
com.github.vebqa,vebtal-api,0.9.4,-,-,?,-,false,-
com.github.vebqa,vebtal-manager,0.9.4,-,-,?,-,false,-
com.github.vebqa,vebtal-pdf,0.9.3,-,-,?,-,false,-
com.github.vebqa,vebtal-selenium,0.9.3,-,-,?,-,false,com.sun.net.ssl.internal.ssl.Provider    Use java.security.Security.getProvider(provider-name) @since 1.3
com.github.viyadb,zeppelin-viyadb,0.7.3,-,-,?,-,false,-
com.github.wangwei86609,osmanthus,1.0.1.RELEASE,-,-,?,-,false,-
com.github.wnameless,json-flattener,0.5.0,-,-,?,-,false,-
com.github.wnameless,json-flattener-java7,0.4.1,-,-,?,-,false,-
com.github.wnameless.math,number-system-converter,0.1.1,-,-,?,-,false,-
com.github.wnameless.spring,spring-bulk-api,0.6.2,-,-,?,-,false,-
com.github.wnameless.spring,spring-routing-resolver,0.5.0,-,-,?,-,false,-
com.github.wnameless,workbook-accessor,1.3.3,-,-,?,-,false,-
com.github.wwadge,hbnpojogen-core,1.5.8,-,-,?,-,false,-
com.github.wwadge,hbnpojogen-maven-plugin,1.5.8,-,-,?,-,false,-
com.github.wwadge,hbnpojogen-persistence,1.5.8,-,-,?,-,false,-
com.github.wwadge,swagger-annotation-processor,1.0.3,-,-,?,-,false,-
com.github.wwadge,swagger-annotation-processor-interface,1.0.3,-,-,?,-,false,-
com.github.xiepengchong,lint-cleaner-plugin,1.0.3,-,-,?,-,false,-
com.github.yoshiyoshifujii,kamon-cloudwatch_2.12,0.1.0,-,-,?,-,false,-
com.github.yoshiyoshifujii,kamon-mackerel_2.12,0.1.0,-,-,?,-,false,-
com.github.yoshiyoshifujii,s8scala-api_2.12,0.1.3,-,-,?,-,false,-
com.github.yoshiyoshifujii,s8scala-logger_2.12,0.1.3,-,-,?,-,false,-
io.symphonia,lambda-logging,1.0.2,-,-,?,-,false,-
io.symphonia,lambda-metrics,1.0.2,-,-,?,-,false,-
io.symphonia,lambda-metrics-maven-plugin,1.0.2,-,-,?,-,false,-
io.symphonia,lambda-monitoring-sample-project,1.0.2,-,-,?,-,false,sun.misc.Unsafe                          See http://openjdk.java.net/jeps/260 + sun.reflect.Reflection                   Use java.lang.StackWalker @since 9
org.facebook4j,facebook4j-core,2.4.12,-,-,?,-,false,-
org.jusecase,builders-generator,0.6.0,-,-,?,-,false,-
