groupId,artifactId,version,moduleName,moduleVersion,moduleMode,moduleDependencies,jdepsToolError,jdepsViolations
com.alpinenow,alpine-model-api,1.10,-,-,?,-,false,-
com.alpinenow,alpine-model-pack,1.10,-,-,?,-,false,-
com.alpinenow,common,1.10,-,-,?,-,false,sun.reflect.generics.reflectiveObjects.ParameterizedTypeImpl Removed. See http://openjdk.java.net/jeps/260
com.alpinenow,plugin-core,1.10,-,-,?,-,false,-
com.alpinenow,plugin-io-impl,1.10,-,-,?,-,false,-
com.alpinenow,plugin-model,1.10,-,-,?,-,false,-
com.alpinenow,plugin-spark,1.10,-,-,?,-,false,-
com.alpinenow,plugin-test,1.10,-,-,?,-,false,-
com.blackbuild.groovy.dsl.config,config-dsl,0.95.0,-,-,?,-,false,-
com.blackbuild.klum.ast,klum-ast,1.2.0-rc.16,-,-,?,-,false,-
com.blackbuild.klum.common,klum-common,0.6.0-rc.1,-,-,?,-,false,-
com.blackbuild.klum.wrap,klum-wrap,0.0.1-dev.15+575a1ce,-,-,?,-,false,-
com.blackbuild.multicli,multi-cli,0.1.1,-,-,?,-,false,-
com.capgemini.mrchecker,mrchecker-core-module,4.12.0.10,-,-,?,-,false,-
com.capgemini.mrchecker,mrchecker-security-module,1.1.3,-,-,?,-,false,-
com.capgemini.mrchecker,mrchecker-selenium-module,3.8.1.11,-,-,?,-,false,-
com.capgemini.mrchecker,mrchecker-webapi-module,1.1.5,-,-,?,-,false,-
com.capgemini.ntc,allure-core-module,4.12.0.6,-,-,?,-,false,-
com.capgemini.ntc,allure-security-module,1.0.1,-,-,?,-,false,-
com.capgemini.ntc,allure-selenium-module,3.8.1.6,-,-,?,-,false,-
com.capgemini.ntc,mrchecker-webapi-module,1.0.1,-,-,?,-,false,-
com.fcibook.quick,http,1.0,-,-,?,-,false,-
com.fully-automated,android-automation,1.0,-,-,?,-,false,-
com.fully-automated,core-automation,1.1,-,-,?,-,false,-
com.fully-automated,full-automation,1.0,-,-,?,-,false,-
com.fully-automated,web-automation,1.1,-,-,?,-,false,-
com.gruchalski,kafka-cluster-tools,1.3.4,-,-,?,-,false,-
com.gruchalski,kafka-cluster-tools_2.11,1.4.0,-,-,?,-,false,-
com.gruchalski,kafka-cluster-tools_2.12,1.4.0,-,-,?,-,false,-
com.iteaj,repo,1.0,-,-,?,-,false,-
com.labetu,rail-splitter-core,1.0,-,-,?,-,false,-
com.machinezoo.noexception,noexception,1.3.2,-,-,?,-,false,-
com.machinezoo.sourceafis,sourceafis,3.2.2,-,-,?,-,false,-
com.mayabot,fastText4j,1.1.2,-,-,?,-,false,-
com.mayabot.mynlp,mynlp-core,1.0.2,-,-,?,-,false,-
com.mayabot.mynlp,mynlp-jian-fan,1.0.2,-,-,?,-,false,-
com.mayabot.mynlp,mynlp-lucene-7,1.0.2,-,-,?,-,false,-
com.mayabot.mynlp,mynlp-pinyin,1.0.2,-,-,?,-,false,-
com.mayabot.mynlp,mynlp-segment,1.0.2,-,-,?,-,false,-
com.mayabot.mynlp,mynlp-segment-resources,1.0.0,-,-,?,-,false,-
com.pauldijou,jwt-circe-legacy_2.11,0.17.0,-,-,?,-,false,-
com.pauldijou,jwt-core_2.10,0.10.0,-,-,?,-,false,-
com.pauldijou,jwt-core_2.12,0.17.0,-,-,?,-,false,-
com.pauldijou,jwt-core-impl_2.11,0.17.0,-,-,?,-,false,-
com.pauldijou,jwt-core-legacy_2.10,0.10.0,-,-,?,-,false,-
com.pauldijou,jwt-core-legacy_2.12,0.17.0,-,-,?,-,false,-
com.pauldijou,jwt-core-legacy-impl_2.11,0.17.0,-,-,?,-,false,-
com.pauldijou,jwt-json4s-common_2.12,0.17.0,-,-,?,-,false,-
com.pauldijou,jwt-json4s-common-legacy_2.10,0.10.0,-,-,?,-,false,-
com.pauldijou,jwt-json4s-common-legacy_2.12,0.17.0,-,-,?,-,false,-
com.pauldijou,jwt-json4s-jackson_2.12,0.17.0,-,-,?,-,false,-
com.pauldijou,jwt-json4s-jackson-legacy_2.10,0.10.0,-,-,?,-,false,-
com.pauldijou,jwt-json4s-jackson-legacy_2.12,0.17.0,-,-,?,-,false,-
com.pauldijou,jwt-json4s-native_2.10,0.10.0,-,-,?,-,false,-
com.pauldijou,jwt-json4s-native-legacy_2.12,0.17.0,-,-,?,-,false,-
com.pauldijou,jwt-json-common_2.11,0.17.0,-,-,?,-,false,-
com.pauldijou,jwt-json-common-legacy_2.11,0.17.0,-,-,?,-,false,-
com.pauldijou,jwt-play_2.11,0.17.0,-,-,?,-,false,-
com.pauldijou,jwt-play-json-legacy_2.12,0.17.0,-,-,?,-,false,-
com.pauldijou,jwt-upickle_2.10,0.10.0,-,-,?,-,false,-
com.pauldijou,jwt-upickle-legacy_2.12,0.17.0,-,-,?,-,false,-
com.vecna.maven,db-manager-plugin,1.8,-,-,?,-,false,-
