groupId,artifactId,version,moduleName,moduleVersion,moduleMode,moduleDependencies,jdepsToolError,jdepsViolations
com.bluurr,quora_loader,1.3.0,-,-,?,-,false,-
com.empyr,client,0.9.7,-,-,?,-,false,-
com.google.apis,google-api-services-adexperiencereport,v1-rev19-1.24.1,-,-,?,-,false,-
com.google.apis,google-api-services-cloudshell,v1-rev55-1.24.1,-,-,?,-,false,-
com.google.apis,google-api-services-firebasedynamiclinks,v1-rev844-1.24.1,-,-,?,-,false,-
com.google.apis,google-api-services-monitoring,v3-rev467-1.23.0,-,-,?,-,false,-
com.google.apis,google-api-services-script,v1-rev246-1.24.1,-,-,?,-,false,-
com.icfolson.aem.harbor,harbor-api,4.0.0,-,-,?,-,false,-
com.icfolson.aem.harbor,harbor-core,4.0.0,-,-,?,-,false,-
com.icfolson.aem.harbor,harbor-ui,4.0.0,-,-,?,-,false,-
com.inaos.jam,jam-agent,1.0.5,-,-,?,-,false,-
com.inaos.jam,jam-api,1.0.5,-,-,?,-,false,-
com.inaos.jam,jam-attach,1.0.5,-,-,?,-,false,-
com.inaos.jam,jam-benchmark,1.0.5,-,-,?,-,false,-
com.inaos.jam,jam-boot,1.0.5,-,-,?,-,false,-
com.inaos.jam,jam-observation,1.0.5,-,-,?,-,false,-
com.inaos.jam,jam-observation-kryo,1.0.5,-,-,?,-,false,-
com.inaos.jam,jam-test,1.0.5,-,-,?,-,false,-
com.inaos.jam,jam-tool,1.0.5,-,-,?,-,false,-
com.inaos.jam,jam-utility,1.0.5,-,-,?,-,false,-
com.speedment.example,basic-example,3.1.5,-,-,?,-,false,-
com.speedment.example,custom-typemapper,3.1.5,-,-,?,-,false,-
com.speedment,generator-deploy,3.1.5,-,-,?,-,false,-
com.speedment.generator,generator-core,3.1.5,-,-,?,-,false,-
com.speedment.generator,generator-standard,3.1.5,-,-,?,-,false,-
com.speedment.generator,generator-translator,3.1.5,-,-,?,-,false,-
com.speedment.plugins,enum-generator,3.1.5,-,-,?,-,false,-
com.speedment.plugins,json-stream,3.1.5,-,-,?,-,false,-
com.speedment.plugins,spring-generator,3.1.5,-,-,?,-,false,-
com.speedment.runtime,connector-mariadb,3.1.5,-,-,?,-,false,-
com.speedment.runtime,connector-mysql,3.1.5,-,-,?,-,false,-
com.speedment.runtime,connector-postgres,3.1.5,-,-,?,-,false,-
com.speedment,runtime-deploy,3.1.5,-,-,?,-,false,-
com.speedment.runtime,runtime-application,3.1.5,-,-,?,-,false,-
com.speedment.runtime,runtime-bulk,3.1.5,-,-,?,-,false,-
com.speedment.runtime,runtime-compute,3.1.5,-,-,?,-,false,-
com.speedment.runtime,runtime-config,3.1.5,-,-,?,-,false,-
com.speedment.runtime,runtime-core,3.1.5,-,-,?,-,false,-
com.speedment.runtime,runtime-field,3.1.5,-,-,?,-,false,-
com.speedment.runtime,runtime-join,3.1.5,-,-,?,-,false,-
com.speedment.runtime,runtime-typemapper,3.1.5,-,-,?,-,false,-
com.speedment.runtime,runtime-welcome,3.1.5,-,-,?,-,false,-
com.speedment,speedment-maven-plugin,3.1.5,-,-,?,-,false,-
com.speedment,tool-deploy,3.1.5,-,-,?,-,false,-
com.speedment.tool,tool-actions,3.1.5,-,-,?,-,false,-
com.speedment.tool,tool-config,3.1.5,-,-,?,-,false,-
com.speedment.tool,tool-core,3.1.5,-,-,?,-,false,-
com.speedment.tool,tool-propertyeditor,3.1.5,-,-,?,-,false,-
com.squareup,connect,2.20180712.2,-,-,?,-,false,-
eu.mihosoft.vmf,vmf,0.1.11,eu.mihosoft.vmf,-,automatic,-,false,-
io.atomix,atomix,3.0.1,-,-,?,-,false,-
io.atomix,atomix-agent,3.0.1,-,-,?,-,false,-
io.atomix,atomix-cluster,3.0.1,-,-,?,-,false,-
io.atomix,atomix-dist,3.0.1,-,-,?,-,false,-
io.atomix,atomix-gossip,3.0.1,-,-,?,-,false,-
io.atomix,atomix-primary-backup,3.0.1,-,-,?,-,false,-
io.atomix,atomix-primitive,3.0.1,-,-,?,-,false,-
io.atomix,atomix-raft,3.0.1,-,-,?,-,false,-
io.atomix,atomix-rest,3.0.1,-,-,?,-,false,-
io.atomix,atomix-storage,3.0.1,-,-,?,-,false,-
io.atomix,atomix-tests,3.0.1,-,-,?,-,false,-
io.atomix,atomix-utils,3.0.1,-,-,?,-,false,-
net.masterthought,cucumber-reporting,3.20.0,-,-,?,-,false,-
org.reaktivity,nukleus-tcp,0.55,-,-,?,-,false,-
uk.staygrounded,http-stubby,1.2,-,-,?,-,false,-
uk.staygrounded,pushsafer-client,1.1,-,-,?,-,false,-
us.springett,maven-uuid-generator,1.0.1,-,-,?,-,false,-
