groupId,artifactId,version,moduleName,moduleVersion,moduleMode,moduleDependencies,jdepsToolError,jdepsViolations
com.github.akurilov,java-commons,2.1.6,-,-,?,-,false,-
com.hankcs,hanlp,portable-1.6.8,-,-,?,-,false,sun.reflect.FieldAccessor                Removed. See http://openjdk.java.net/jeps/260 + sun.reflect.ReflectionFactory            See http://openjdk.java.net/jeps/260
com.hankcs.nlp,hanlp-lucene-plugin,1.1.5,-,-,?,-,false,-
org.mobicents.javax.sip,android-jain-sip-ext,1.3.33,-,-,?,-,false,-
org.mobicents.javax.sip,jain-sip-ext,1.3.33,-,-,?,-,false,-
org.mobicents.servers.jainslee.core,components-test-du-3-du,2.9.148,-,-,?,-,false,-
org.mobicents.servers.jainslee.core,components-test-du-3-sbb,2.9.148,-,-,?,-,false,-
org.mobicents.servers.jainslee.core,mobicents-slee-core-docs-sources,3.0.49,-,-,?,-,false,-
org.mobicents.servers.jainslee.core,server-all-beans,2.9.148,-,-,?,-,false,-
org.mobicents.servers.jainslee.core,server-default-beans,2.9.148,-,-,?,-,false,-
org.mobicents.servers.jainslee.core,standard-events11-jar,7.1.83,-,-,?,-,false,-
org.mobicents.smsc,alert-sbb,7.4.179,-,-,?,-,false,-
org.mobicents.smsc,bootstrap,7.4.179,-,-,?,-,false,-
org.mobicents.smsc.docs.adminguide,restcomm-smsc-adminguide-sources-asciidoc,7.4.179,-,-,?,-,false,-
org.mobicents.smsc.docs.commons,restcomm-smsc-commons-sources,7.4.179,-,-,?,-,false,-
org.mobicents.smsc.docs.installguide,restcomm-smsc-installguide-sources-asciidoc,7.4.179,-,-,?,-,false,-
org.mobicents.smsc,domain,7.4.179,-,-,?,-,false,-
org.mobicents.smsc,homerouting-sbb,7.4.179,-,-,?,-,false,-
org.mobicents.smsc,http-load,7.4.179,-,-,?,-,false,-
org.mobicents.smsc,mo-sbb,7.4.179,-,-,?,-,false,-
org.mobicents.smsc,mproc-api,7.4.179,-,-,?,-,false,-
org.mobicents.smsc,mproc-ra,7.4.179,-,-,?,-,false,-
org.mobicents.smsc,mproc-ratype-du,7.4.179,-,-,?,-,false,-
org.mobicents.smsc,mt-sbb,7.4.179,-,-,?,-,false,-
org.mobicents.smsc,persistence-ra,7.4.179,-,-,?,-,false,-
org.mobicents.smsc,rx-sipserver-sbb,7.4.179,-,-,?,-,false,-
org.mobicents.smsc,rx-smppserver-sbb,7.4.179,-,-,?,-,false,-
org.mobicents.smsc,sbbs,7.4.179,-,-,?,-,false,-
org.mobicents.smsc,scheduler-ra-events,7.4.179,-,-,?,-,false,-
org.mobicents.smsc,scheduler-ra-library,7.4.179,-,-,?,-,false,-
org.mobicents.smsc,scheduler-ratype,7.4.179,-,-,?,-,false,-
org.mobicents.smsc,smpp-load,7.4.179,-,-,?,-,false,-
org.mobicents.smsc,smpp-simulator,7.4.179,-,-,?,-,false,-
org.mobicents.smsc,smsc-common-library,7.4.179,-,-,?,-,false,-
org.mobicents.smsc,smsc-library,7.4.179,-,-,?,-,false,-
org.mobicents.smsc,smsc-resource-adaptors-du,7.4.179,-,-,?,-,false,-
org.mobicents.smsc,smsc-services-du,7.4.179,-,-,?,-,false,-
org.mobicents.smsc,stresstool,7.4.179,-,-,?,-,false,-
org.mobicents.smsc,test-mapmodule,7.4.179,-,-,?,-,false,-
org.mobicents.smsc,tx-httpserver-sbb,7.4.179,-,-,?,-,false,-
org.mobicents.smsc,tx-sipserver-sbb,7.4.179,-,-,?,-,false,-
org.mobicents.smsc,tx-smppserver-sbb,7.4.179,-,-,?,-,false,-
ws.osiris,osiris-aws,0.10.1,-,-,?,-,false,-
ws.osiris,osiris-aws-deploy,0.10.1,-,-,?,-,false,-
ws.osiris,osiris-core,0.10.1,-,-,?,-,false,-
ws.osiris,osiris-integration,0.10.1,-,-,?,-,false,-
ws.osiris,osiris-local-server,0.10.1,-,-,?,-,false,-
ws.osiris,osiris-maven-plugin,0.10.1,-,-,?,-,false,-
ws.osiris,osiris-server,0.10.1,-,-,?,-,false,-
