groupId,artifactId,version,moduleName,moduleVersion,moduleMode,moduleDependencies,jdepsToolError,jdepsViolations
ai.h2o,xgboost-predictor,0.3.1,-,-,?,-,false,-
cc.ccoke,validate-spring-boot-starter,0.3,-,-,?,-,false,-
cn.jiangzeyin.fast-boot,common-boot,1.2.1,-,-,?,-,false,-
cn.jiangzeyin.fast-boot,common-redis,1.2.1,-,-,?,-,false,-
com.geirsson,mdoc_2.12.6,0.4.0,-,-,?,-,false,-
com.geirsson,mdoc-runtime_2.12,0.4.0,-,-,?,-,false,-
com.google.apis,google-api-services-classroom,v1-rev194-1.23.0,-,-,?,-,false,-
com.hotels,waggle-dance-api,2.4.2,-,-,?,-,false,-
com.hotels,waggle-dance-core,2.4.2,-,-,?,-,false,-
com.hotels,waggle-dance-integration-tests,2.4.2,-,-,?,-,false,-
com.hotels,waggle-dance-rest,2.4.2,-,-,?,-,false,-
com.payintech,play-ebean_2.11,18.08,-,-,?,-,false,-
com.payintech,play-ebean_2.12,18.08,-,-,?,-,false,-
com.sksamuel.elastic4s,elastic4s-core_2.10,6.0.0-rc1,-,-,?,-,false,-
com.sksamuel.elastic4s,elastic4s-core_2.11,6.3.6,-,-,?,-,false,-
com.sksamuel.elastic4s,elastic4s-core_2.12,6.3.6,-,-,?,-,false,-
com.sksamuel.elastic4s,elastic4s-examples_2.11,2.4.1,-,-,?,-,false,-
com.sksamuel.elastic4s,elastic4s-examples_2.12,2.4.1,-,-,?,-,false,-
com.sksamuel.elastic4s,elastic4s-jackson_2.10,6.0.0-rc1,-,-,?,-,false,-
com.sksamuel.elastic4s,elastic4s-jackson_2.11,6.3.6,-,-,?,-,false,-
com.sksamuel.elastic4s,elastic4s-jackson_2.12,6.3.6,-,-,?,-,false,-
com.sksamuel.elastic4s,elastic4s-json4s_2.10,6.0.0-rc1,-,-,?,-,false,-
com.sksamuel.elastic4s,elastic4s-json4s_2.11,6.3.6,-,-,?,-,false,-
com.sksamuel.elastic4s,elastic4s-json4s_2.12,6.3.6,-,-,?,-,false,-
com.sksamuel.elastic4s,elastic4s-streams_2.11,5.6.6,-,-,?,-,false,-
com.sksamuel.elastic4s,elastic4s-streams_2.12,5.6.6,-,-,?,-,false,-
com.sksamuel.elastic4s,elastic4s-testkit_2.10,6.0.0-rc1,-,-,?,-,false,-
com.sksamuel.elastic4s,elastic4s-testkit_2.11,6.3.6,-,-,?,-,false,-
com.sksamuel.elastic4s,elastic4s-testkit_2.12,6.3.6,-,-,?,-,false,-
group.rober,rober-base,2.0.2,-,-,?,-,false,-
group.rober,rober-dataform,2.0.2,-,-,?,-,false,-
group.rober,rober-office,2.0.2,-,-,?,-,false,-
group.rober,rober-runtime,2.0.2,-,-,?,-,false,-
group.rober,rober-sql,2.0.2,-,-,?,-,false,-
io.logz.sender,logzio-sender,1.0.12,-,-,?,-,false,sun.misc.Unsafe                          See http://openjdk.java.net/jeps/260
io.logz.sender,logzio-sender-test,1.0.12,-,-,?,-,false,-
io.opentracing.contrib,opentracing-spring-jaeger-cloud-starter,0.2.1,-,-,?,-,false,-
io.opentracing.contrib,opentracing-spring-jaeger-starter,0.2.1,-,-,?,-,false,-
io.opentracing.contrib,opentracing-spring-jaeger-web-starter,0.2.1,-,-,?,-,false,-
io.peltas,peltas-core,1.0.1-RELEASE,-,-,?,-,false,-
org.pac4j,javalin-pac4j,1.0.0.RC0,-,-,?,-,false,-
org.sonarsource.java,external-reports,5.7.0.15470,-,-,?,-,false,-
org.sonarsource.java,it-java-performancing,5.7.0.15470,-,-,?,-,false,-
org.sonarsource.java,it-java-plugin-tests,5.7.0.15470,-,-,?,-,false,-
org.sonarsource.java,it-java-ruling,5.7.0.15470,-,-,?,-,false,-
org.sonarsource.java,it-java-semantic-tests,5.7.0.15470,-,-,?,-,false,-
org.sonarsource.java,java-checks,5.7.0.15470,-,-,?,-,false,-
org.sonarsource.java,java-checks-testkit,5.7.0.15470,-,-,?,-,false,-
org.sonarsource.java,java-debugging-plugin,5.7.0.15470,-,-,?,-,false,-
org.sonarsource.java,java-extension-plugin,5.7.0.15470,-,-,?,-,false,-
org.sonarsource.java,java-frontend,5.7.0.15470,-,-,?,-,false,-
org.sonarsource.java,java-jacoco,5.7.0.15470,-,-,?,-,false,-
org.sonarsource.java,java-maven-model,5.7.0.15470,-,-,?,-,false,-
org.sonarsource.java,java-surefire,5.7.0.15470,-,-,?,-,false,-
org.sonarsource.java,sonar-jacoco-listeners,5.7.0.15470,-,-,?,-,false,-
org.sonarsource.java,sonar-java-plugin,5.7.0.15470,-,-,?,-,false,sun.misc.Unsafe                          See http://openjdk.java.net/jeps/260
org.xwiki.commons,xwiki-commons-blame-api,10.7-rc-1,-,-,?,-,false,-
org.xwiki.commons,xwiki-commons-blame-script,10.7-rc-1,-,-,?,-,false,-
org.xwiki.commons,xwiki-commons-cache-api,10.7-rc-1,-,-,?,-,false,-
org.xwiki.commons,xwiki-commons-cache-infinispan,10.7-rc-1,-,-,?,-,false,-
org.xwiki.commons,xwiki-commons-cache-tests,10.7-rc-1,-,-,?,-,false,-
org.xwiki.commons,xwiki-commons-classloader-api,10.7-rc-1,-,-,?,-,false,-
org.xwiki.commons,xwiki-commons-classloader-protocol-jar,10.7-rc-1,-,-,?,-,false,-
org.xwiki.commons,xwiki-commons-component-api,10.7-rc-1,-,-,?,-,false,-
org.xwiki.commons,xwiki-commons-component-default,10.7-rc-1,-,-,?,-,false,-
org.xwiki.commons,xwiki-commons-component-observation,10.7-rc-1,-,-,?,-,false,-
org.xwiki.commons,xwiki-commons-configuration-api,10.7-rc-1,-,-,?,-,false,-
org.xwiki.commons,xwiki-commons-context,10.7-rc-1,-,-,?,-,false,-
org.xwiki.commons,xwiki-commons-crypto-cipher,10.7-rc-1,-,-,?,-,false,-
org.xwiki.commons,xwiki-commons-crypto-common,10.7-rc-1,-,-,?,-,false,-
org.xwiki.commons,xwiki-commons-crypto-password,10.7-rc-1,-,-,?,-,false,-
org.xwiki.commons,xwiki-commons-crypto-pkix,10.7-rc-1,-,-,?,-,false,-
org.xwiki.commons,xwiki-commons-crypto-signer,10.7-rc-1,-,-,?,-,false,-
org.xwiki.commons,xwiki-commons-crypto-store-api,10.7-rc-1,-,-,?,-,false,-
org.xwiki.commons,xwiki-commons-crypto-store-filesystem,10.7-rc-1,-,-,?,-,false,-
org.xwiki.commons,xwiki-commons-diff-api,10.7-rc-1,-,-,?,-,false,-
org.xwiki.commons,xwiki-commons-diff-display,10.7-rc-1,-,-,?,-,false,-
org.xwiki.commons,xwiki-commons-diff-script,10.7-rc-1,-,-,?,-,false,-
org.xwiki.commons,xwiki-commons-environment-api,10.7-rc-1,-,-,?,-,false,-
org.xwiki.commons,xwiki-commons-environment-common,10.7-rc-1,-,-,?,-,false,-
org.xwiki.commons,xwiki-commons-environment-servlet,10.7-rc-1,-,-,?,-,false,-
org.xwiki.commons,xwiki-commons-environment-standard,10.7-rc-1,-,-,?,-,false,-
org.xwiki.commons,xwiki-commons-extension-api,10.7-rc-1,-,-,?,-,false,-
org.xwiki.commons,xwiki-commons-extension-handler-jar,10.7-rc-1,-,-,?,-,false,-
org.xwiki.commons,xwiki-commons-extension-maven,10.7-rc-1,-,-,?,-,false,-
org.xwiki.commons,xwiki-commons-extension-repository-http,10.7-rc-1,-,-,?,-,false,-
org.xwiki.commons,xwiki-commons-extension-repository-maven,10.7-rc-1,-,-,?,-,false,-
org.xwiki.commons,xwiki-commons-extension-repository-maven-snapshots,10.7-rc-1,-,-,?,-,false,-
org.xwiki.commons,xwiki-commons-extension-repository-xwiki,10.7-rc-1,-,-,?,-,false,-
org.xwiki.commons,xwiki-commons-filter-api,10.7-rc-1,-,-,?,-,false,-
org.xwiki.commons,xwiki-commons-filter-event-extension,10.7-rc-1,-,-,?,-,false,-
org.xwiki.commons,xwiki-commons-filter-stream-xml,10.7-rc-1,-,-,?,-,false,-
org.xwiki.commons,xwiki-commons-filter-test,10.7-rc-1,-,-,?,-,false,-
org.xwiki.commons,xwiki-commons-filter-xml,10.7-rc-1,-,-,?,-,false,-
org.xwiki.commons,xwiki-commons-groovy,10.7-rc-1,-,-,?,-,false,-
org.xwiki.commons,xwiki-commons-job,10.7-rc-1,-,-,?,-,false,-
org.xwiki.commons,xwiki-commons-legacy-component-api,10.7-rc-1,-,-,?,-,false,-
org.xwiki.commons,xwiki-commons-legacy-component-default,10.7-rc-1,-,-,?,-,false,-
org.xwiki.commons,xwiki-commons-legacy-configuration,10.7-rc-1,-,-,?,-,false,-
org.xwiki.commons,xwiki-commons-legacy-properties,10.7-rc-1,-,-,?,-,false,-
org.xwiki.commons,xwiki-commons-legacy-velocity,10.7-rc-1,-,-,?,-,false,-
org.xwiki.commons,xwiki-commons-logging-api,10.7-rc-1,-,-,?,-,false,-
org.xwiki.commons,xwiki-commons-logging-logback,10.7-rc-1,-,-,?,-,false,-
org.xwiki.commons,xwiki-commons-management,10.7-rc-1,-,-,?,-,false,-
org.xwiki.commons,xwiki-commons-observation-api,10.7-rc-1,-,-,?,-,false,-
org.xwiki.commons,xwiki-commons-observation-local,10.7-rc-1,-,-,?,-,false,-
org.xwiki.commons,xwiki-commons-properties,10.7-rc-1,-,-,?,-,false,-
org.xwiki.commons,xwiki-commons-repository-api,10.7-rc-1,-,-,?,-,false,-
org.xwiki.commons,xwiki-commons-repository-model,10.7-rc-1,-,-,?,-,false,-
org.xwiki.commons,xwiki-commons-script,10.7-rc-1,-,-,?,-,false,-
org.xwiki.commons,xwiki-commons-stability,10.7-rc-1,-,-,?,-,false,-
org.xwiki.commons,xwiki-commons-text,10.7-rc-1,-,-,?,-,false,-
org.xwiki.commons,xwiki-commons-tool-enforcer-dependencies,10.7-rc-1,-,-,?,-,false,-
org.xwiki.commons,xwiki-commons-tool-extension-plugin,10.7-rc-1,-,-,?,-,false,-
org.xwiki.commons,xwiki-commons-tool-license-resources,10.7-rc-1,-,-,?,-,false,-
