groupId,artifactId,version,moduleName,moduleVersion,moduleMode,moduleDependencies,jdepsToolError,jdepsViolations
org.bridje,bridje-all,0.4.7,-,-,?,-,false,-
org.bridje,bridje-el,0.6.0-beta7,-,-,?,-,false,-
org.bridje,bridje-http,0.6.0-beta7,-,-,?,-,false,-
org.bridje,bridje-ioc,0.6.0-beta7,-,-,?,-,false,-
org.bridje,bridje-jdbc,0.6.0-beta7,-,-,?,-,false,-
org.bridje,bridje-jfx,0.6.0-beta4,-,-,?,-,false,-
org.bridje,bridje-jfx-srcgen,0.6.0-beta4,-,-,?,-,false,-
org.bridje,bridje-maven-plugin,0.6.0-beta7,-,-,?,-,false,-
org.bridje,bridje-orm,0.6.0-beta7,-,-,?,-,false,-
org.bridje,bridje-orm-srcgen,0.6.0-beta7,-,-,?,-,false,-
org.bridje,bridje-sql,0.6.0-beta7,-,-,?,-,false,-
org.bridje,bridje-srcgen,0.6.0-beta7,-,-,?,-,false,-
org.bridje,bridje-srcgen-all,0.4.7,-,-,?,-,false,-
org.bridje,bridje-vfs,0.6.0-beta7,-,-,?,-,false,-
org.bridje,bridje-web,0.6.0-beta7,-,-,?,-,false,-
org.bridje,bridje-web-bootstrap,0.5.0-beta3,-,-,?,-,false,-
org.bridje,bridje-web-srcgen,0.6.0-beta7,-,-,?,-,false,-
org.mintshell,mintshell-core,0.1.0,-,-,?,-,false,-
org.mintshell,mintshell-examples,0.1.0,-,-,?,-,false,-
org.mintshell,mintshell-mcl,0.1.0,-,-,?,-,false,-
org.mintshell,mintshell-terminal,0.1.0,-,-,?,-,false,-
org.mintshell,mintshell-terminal-ncurses,0.1.0,-,-,?,-,false,-
org.mintshell,mintshell-terminal-ssh,0.1.0,-,-,?,-,false,-
org.openksavi.sponge,sponge-core,1.4.1,-,-,?,-,false,sun.misc.Unsafe                          See http://openjdk.java.net/jeps/260
org.openksavi.sponge,sponge-core-shaded,1.0.6,-,-,?,-,false,sun.misc.Unsafe                          See http://openjdk.java.net/jeps/260
org.openksavi.sponge,sponge-kotlin,1.4.1,-,-,?,-,false,-
org.openksavi.sponge,sponge-logging,1.4.1,-,-,?,-,false,-
org.openksavi.sponge,sponge-midi,1.4.1,-,-,?,-,false,-
org.openksavi.sponge,sponge-mpd,1.4.1,-,-,?,-,false,-
org.openksavi.sponge,sponge-nashorn,1.4.1,-,-,?,-,false,-
org.openksavi.sponge,sponge-py4j,1.4.1,-,-,?,-,false,-
org.openksavi.sponge,sponge-reactivex,1.4.1,-,-,?,-,false,-
org.openksavi.sponge,sponge-rest-api,1.3.3,-,-,?,-,false,-
org.openksavi.sponge,sponge-rest-api-client,1.4.1,-,-,?,-,false,-
org.openksavi.sponge,sponge-rest-api-common,1.4.1,-,-,?,-,false,-
org.openksavi.sponge,sponge-rest-api-server,1.4.1,-,-,?,-,false,-
org.openksavi.sponge,sponge-rpi-pi4j,1.4.1,-,-,?,-,false,-
org.openksavi.sponge,sponge-spring,1.4.1,-,-,?,-,false,-
org.openksavi.sponge,sponge-standalone,1.4.1,-,-,?,-,false,-
org.openksavi.sponge,sponge-tensorflow,1.4.1,-,-,?,-,false,-
org.openksavi.sponge,sponge-test,1.4.1,-,-,?,-,false,-
org.openpnp,opencv,3.4.2-0,-,-,?,-,false,sun.reflect.CallerSensitive              Removed. See http://openjdk.java.net/jeps/260
org.openpnp,openpnp-capture-java,0.0.12,-,-,?,-,false,-
org.sakaiproject.accountvalidator,accountvalidator-api,12.3,-,-,?,-,false,-
org.sakaiproject.accountvalidator,accountvalidator-impl,11.4,-,-,?,-,false,-
org.sakaiproject.announcement,sakai-announcement-api,12.3,-,-,?,-,false,-
org.sakaiproject.announcement,sakai-announcement-impl,11.4,-,-,?,-,false,-
org.sakaiproject.basiclti,basiclti-api,12.3,-,-,?,-,false,-
org.sakaiproject.basiclti,basiclti-common,12.3,-,-,?,-,false,-
org.sakaiproject.basiclti,basiclti-impl,11.4,-,-,?,-,false,-
org.sakaiproject.basiclti,basiclti-util,12.3,-,-,?,-,false,-
org.sakaiproject.basiclti,portlet-util,12.3,-,-,?,-,false,-
org.sakaiproject.content,cloud-content-impl,11.4,-,-,?,-,false,-
org.sakaiproject.content,content-bundles,12.3,-,-,?,-,false,-
org.sakaiproject.content,content-cleanup-impl,11.4,-,-,?,-,false,-
org.sakaiproject.content,content-copyright-api,12.3,-,-,?,-,false,-
org.sakaiproject.content,content-copyright-impl,11.4,-,-,?,-,false,-
org.sakaiproject.content,content-metadata-api,12.3,-,-,?,-,false,-
org.sakaiproject.content,content-metadata-impl,11.4,-,-,?,-,false,-
org.sakaiproject.content,content-providers-impl,11.4,-,-,?,-,false,-
org.sakaiproject.content,content-types,11.4,-,-,?,-,false,-
org.sakaiproject.contentreview.compilatio,content-review-compilatio-impl,12.3,-,-,?,-,false,-
org.sakaiproject.contentreview,content-review-api,12.3,-,-,?,-,false,-
org.sakaiproject.contentreview,contentreview-model-api,11.4,-,-,?,-,false,-
org.sakaiproject.contentreview,contentreview-service-api,11.4,-,-,?,-,false,-
org.sakaiproject.contentreview.dao,content-review-dao-impl,12.3,-,-,?,-,false,-
org.sakaiproject.contentreview,sakai-contentreview-impl-federated,11.4,-,-,?,-,false,-
org.sakaiproject.contentreview.service,content-review-service-impl,12.3,-,-,?,-,false,-
org.sakaiproject.contentreview.turnitin,content-review-turnitin-impl,12.3,-,-,?,-,false,-
org.sakaiproject.contentreview.turnitin.oc,content-review-turnitin-oc-impl,12.3,-,-,?,-,false,-
org.sakaiproject.contentreview.urkund,content-review-urkund-impl,12.3,-,-,?,-,false,-
org.sakaiproject.contentreview.vericite,content-review-vericite-impl,12.3,-,-,?,-,false,-
org.sakaiproject.edu-services.course-management,coursemanagement-api,12.3,-,-,?,-,false,-
org.sakaiproject.edu-services.course-management,coursemanagement-hibernate-impl,12.3,-,-,?,-,false,-
org.sakaiproject.edu-services.course-management,coursemanagement-hibernate-model,12.3,-,-,?,-,false,-
org.sakaiproject.edu-services.gradebook,gradebook-service-api,12.3,-,-,?,-,false,-
org.sakaiproject.edu-services.gradebook,gradebook-service-hibernate,12.3,-,-,?,-,false,-
org.sakaiproject.edu-services.gradebook,gradebook-service-impl,12.3,-,-,?,-,false,-
org.sakaiproject.edu-services.scoringservice,scoring-service-api,12.3,-,-,?,-,false,-
org.sakaiproject.edu-services.scoringservice,scoring-service-impl,11.4,-,-,?,-,false,-
org.sakaiproject.edu-services.sections,sections-api,12.3,-,-,?,-,false,-
org.sakaiproject.edu-services.sections,sections-impl,11.4,-,-,?,-,false,-
org.sakaiproject.edu-services.sections,sections-impl-standalone,12.1,-,-,?,-,false,-
org.sakaiproject.edu-services.sections,sections-integrationsupport,12.1,-,-,?,-,false,-
org.sakaiproject.edu-services.sections,sections-model,12.3,-,-,?,-,false,-
org.sakaiproject.hierarchy,hierarchy-api,12.3,-,-,?,-,false,-
org.sakaiproject.hierarchy,hierarchy-impl,11.4,-,-,?,-,false,-
org.sakaiproject.jsf,jsf-app,12.3,-,-,?,-,false,-
org.sakaiproject.jsf,jsf-spreadsheet,12.3,-,-,?,-,false,-
org.sakaiproject.jsf,jsf-tool,12.3,-,-,?,-,false,-
org.sakaiproject.jsf,jsf-widgets,12.3,-,-,?,-,false,-
org.sakaiproject.jsf,jsf-widgets-sun,12.3,-,-,?,-,false,-
org.sakaiproject.jsf,myfaces-widgets,12.3,-,-,?,-,false,-
org.sakaiproject.lessonbuilder,lessonbuilder-api,12.3,-,-,?,-,false,-
org.sakaiproject.lessonbuilder,lessonbuilder-hbm,12.3,-,-,?,-,false,-
org.sakaiproject,localization-bundles,11.4,-,-,?,-,false,-
org.sakaiproject.mailarchive,sakai-mailarchive-api,12.3,-,-,?,-,false,-
org.sakaiproject.mailarchive,sakai-mailarchive-impl,11.4,-,-,?,-,false,-
org.sakaiproject.maven.plugins,sakai,1.4.5,-,-,?,-,false,-
org.sakaiproject.message,message-search-adapters-impl,11.4,-,-,?,-,false,-
org.sakaiproject.message,sakai-message-api,12.3,-,-,?,-,false,-
org.sakaiproject.message,sakai-message-util,12.3,-,-,?,-,false,-
org.sakaiproject.profile2,profile2-api,12.3,-,-,?,-,false,-
org.sakaiproject.profile2,profile2-bundle,12.3,-,-,?,-,false,-
org.sakaiproject.profile2,profile2-impl,11.4,-,-,?,-,false,-
org.sakaiproject.profile2,profile2-util,12.3,-,-,?,-,false,-
org.sakaiproject.rsf,sakai-rsf-core,12.3,-,-,?,-,false,-
org.sakaiproject.rsf,sakai-rsf-web-evolvers,12.3,-,-,?,-,false,-
org.sakaiproject,sakai-access-impl,12.3,-,-,?,-,false,-
org.sakaiproject,sakai-chat-api,12.3,-,-,?,-,false,-
org.sakaiproject,sakai-chat-impl,11.4,-,-,?,-,false,-
org.sakaiproject,sakai-citations-api,12.3,-,-,?,-,false,-
org.sakaiproject,sakai-citations-impl,11.4,-,-,?,-,false,-
org.sakaiproject,sakai-citations-util,12.3,-,-,?,-,false,-
org.sakaiproject,sakai-comp-shared-help,12.3,-,-,?,-,false,-
org.sakaiproject,sakai-dav-common,12.3,-,-,?,-,false,-
org.sakaiproject,sakai-federating-provider,12.3,-,-,?,-,false,-
org.sakaiproject,sakai-gradebook-app-business,12.3,-,-,?,-,false,-
org.sakaiproject,sakai-help-content,12.3,-,-,?,-,false,-
org.sakaiproject,sakai-kerberos-provider,12.3,-,-,?,-,false,-
org.sakaiproject,sakai-postem-api,12.3,-,-,?,-,false,-
org.sakaiproject,sakai-postem-impl,11.4,-,-,?,-,false,-
org.sakaiproject,sakai-rwiki-api,12.3,-,-,?,-,false,-
org.sakaiproject,sakai-rwiki-impl,11.4,-,-,?,-,false,-
org.sakaiproject,sakai-rwiki-util,12.3,-,-,?,-,false,-
org.sakaiproject,sakai-sections-app-util,12.3,-,-,?,-,false,-
org.sakaiproject,sakai-web-api,12.3,-,-,?,-,false,-
org.sakaiproject,sakai-web-impl,11.4,-,-,?,-,false,-
org.sakaiproject.scheduler,scheduler-api,12.3,-,-,?,-,false,-
org.sakaiproject.scheduler,scheduler-component-shared,12.3,-,-,?,-,false,-
org.sakaiproject.scheduler,scheduler-events-model,12.3,-,-,?,-,false,-
org.sakaiproject.scheduler,scheduler-test-component-shared,12.3,-,-,?,-,false,-
org.sakaiproject.sentry,raven-sakai,1.2,-,-,?,-,false,-
org.sakaiproject.shortenedurl,shortenedurl-api,12.3,-,-,?,-,false,-
org.sakaiproject.shortenedurl,shortenedurl-impl,11.4,-,-,?,-,false,-
org.sakaiproject.taggable,sakai-taggable-api,12.3,-,-,?,-,false,-
org.sakaiproject.taggable,sakai-taggable-hbm,12.3,-,-,?,-,false,-
org.sakaiproject.taggable,sakai-taggable-impl,11.4,-,-,?,-,false,-
org.sakaiproject.tags,tags-api,12.3,-,-,?,-,false,-
org.sakaiproject.userauditservice,userauditservice-api,12.3,-,-,?,-,false,-
org.sakaiproject.userauditservice,userauditservice-impl,11.4,-,-,?,-,false,-
org.sakaiproject.userauditservice,userauditservice-util,12.3,-,-,?,-,false,-
org.sakaiproject.user.util,user-util,12.3,-,-,?,-,false,-
org.sakaiproject.velocity,sakai-velocity-tool,12.3,-,-,?,-,false,-
org.sakaiproject.velocity,sakai-velocity-tool-api,12.3,-,-,?,-,false,-
org.sakaiproject.velocity,sakai-velocity-util,12.3,-,-,?,-,false,-
