groupId,artifactId,version,moduleName,moduleVersion,moduleMode,moduleDependencies,jdepsToolError,jdepsViolations
com.amazonaws,aws-java-sdk,1.11.395,-,-,?,-,false,-
com.amazonaws,aws-java-sdk-acm,1.11.395,-,-,?,-,false,-
com.amazonaws,aws-java-sdk-acmpca,1.11.395,-,-,?,-,false,-
com.amazonaws,aws-java-sdk-alexaforbusiness,1.11.395,-,-,?,-,false,-
com.amazonaws,aws-java-sdk-api-gateway,1.11.395,-,-,?,-,false,-
com.amazonaws,aws-java-sdk-applicationautoscaling,1.11.395,-,-,?,-,false,-
com.amazonaws,aws-java-sdk-appstream,1.11.395,-,-,?,-,false,-
com.amazonaws,aws-java-sdk-appsync,1.11.395,-,-,?,-,false,-
com.amazonaws,aws-java-sdk-athena,1.11.395,-,-,?,-,false,-
com.amazonaws,aws-java-sdk-autoscaling,1.11.395,-,-,?,-,false,-
com.amazonaws,aws-java-sdk-autoscalingplans,1.11.395,-,-,?,-,false,-
com.amazonaws,aws-java-sdk-batch,1.11.395,-,-,?,-,false,-
com.amazonaws,aws-java-sdk-budgets,1.11.395,-,-,?,-,false,-
com.amazonaws,aws-java-sdk-bundle,1.11.395,-,-,?,-,false,sun.misc.Unsafe                          See http://openjdk.java.net/jeps/260 + sun.security.x509.X500Name               Use javax.security.auth.x500.X500Principal @since 1.4
com.amazonaws,aws-java-sdk-cloud9,1.11.395,-,-,?,-,false,-
com.amazonaws,aws-java-sdk-clouddirectory,1.11.395,-,-,?,-,false,-
com.amazonaws,aws-java-sdk-cloudformation,1.11.395,-,-,?,-,false,-
com.amazonaws,aws-java-sdk-cloudfront,1.11.395,-,-,?,-,false,-
com.amazonaws,aws-java-sdk-cloudhsm,1.11.395,-,-,?,-,false,-
com.amazonaws,aws-java-sdk-cloudhsmv2,1.11.395,-,-,?,-,false,-
com.amazonaws,aws-java-sdk-cloudsearch,1.11.395,-,-,?,-,false,-
com.amazonaws,aws-java-sdk-cloudtrail,1.11.395,-,-,?,-,false,-
com.amazonaws,aws-java-sdk-cloudwatch,1.11.395,-,-,?,-,false,-
com.amazonaws,aws-java-sdk-cloudwatchmetrics,1.11.395,-,-,?,-,false,-
com.amazonaws,aws-java-sdk-codebuild,1.11.395,-,-,?,-,false,-
com.amazonaws,aws-java-sdk-codecommit,1.11.395,-,-,?,-,false,-
com.amazonaws,aws-java-sdk-codedeploy,1.11.395,-,-,?,-,false,-
com.amazonaws,aws-java-sdk-code-generator,1.11.395,-,-,?,-,false,-
com.amazonaws,aws-java-sdk-codegen-maven-plugin,1.11.395,-,-,?,-,false,-
com.amazonaws,aws-java-sdk-codepipeline,1.11.395,-,-,?,-,false,-
com.amazonaws,aws-java-sdk-codestar,1.11.395,-,-,?,-,false,-
com.amazonaws,aws-java-sdk-cognitoidentity,1.11.395,-,-,?,-,false,-
com.amazonaws,aws-java-sdk-cognitoidp,1.11.395,-,-,?,-,false,-
com.amazonaws,aws-java-sdk-cognitosync,1.11.395,-,-,?,-,false,-
com.amazonaws,aws-java-sdk-comprehend,1.11.395,-,-,?,-,false,-
com.amazonaws,aws-java-sdk-config,1.11.395,-,-,?,-,false,-
com.amazonaws,aws-java-sdk-connect,1.11.395,-,-,?,-,false,-
com.amazonaws,aws-java-sdk-core,1.11.395,-,-,?,-,false,-
com.amazonaws,aws-java-sdk-costandusagereport,1.11.395,-,-,?,-,false,-
com.amazonaws,aws-java-sdk-costexplorer,1.11.395,-,-,?,-,false,-
com.amazonaws,aws-java-sdk-datapipeline,1.11.395,-,-,?,-,false,-
com.amazonaws,aws-java-sdk-dax,1.11.395,-,-,?,-,false,-
com.amazonaws,aws-java-sdk-devicefarm,1.11.395,-,-,?,-,false,-
com.amazonaws,aws-java-sdk-directconnect,1.11.395,-,-,?,-,false,-
com.amazonaws,aws-java-sdk-directory,1.11.395,-,-,?,-,false,-
com.amazonaws,aws-java-sdk-discovery,1.11.395,-,-,?,-,false,-
com.amazonaws,aws-java-sdk-dlm,1.11.395,-,-,?,-,false,-
com.amazonaws,aws-java-sdk-dms,1.11.395,-,-,?,-,false,-
com.amazonaws,aws-java-sdk-dynamodb,1.11.395,-,-,?,-,false,-
com.amazonaws,aws-java-sdk-ec2,1.11.395,-,-,?,-,false,-
com.amazonaws,aws-java-sdk-ecr,1.11.395,-,-,?,-,false,-
com.amazonaws,aws-java-sdk-ecs,1.11.395,-,-,?,-,false,-
com.amazonaws,aws-java-sdk-efs,1.11.395,-,-,?,-,false,-
com.amazonaws,aws-java-sdk-eks,1.11.395,-,-,?,-,false,-
com.amazonaws,aws-java-sdk-elasticache,1.11.395,-,-,?,-,false,-
com.amazonaws,aws-java-sdk-elasticbeanstalk,1.11.395,-,-,?,-,false,-
com.amazonaws,aws-java-sdk-elasticloadbalancing,1.11.395,-,-,?,-,false,-
com.amazonaws,aws-java-sdk-elasticloadbalancingv2,1.11.395,-,-,?,-,false,-
com.amazonaws,aws-java-sdk-elasticsearch,1.11.395,-,-,?,-,false,-
com.amazonaws,aws-java-sdk-elastictranscoder,1.11.395,-,-,?,-,false,-
com.amazonaws,aws-java-sdk-emr,1.11.395,-,-,?,-,false,-
com.amazonaws,aws-java-sdk-events,1.11.395,-,-,?,-,false,-
com.amazonaws,aws-java-sdk-fms,1.11.395,-,-,?,-,false,-
com.amazonaws,aws-java-sdk-gamelift,1.11.395,-,-,?,-,false,-
com.amazonaws,aws-java-sdk-glacier,1.11.395,-,-,?,-,false,-
com.amazonaws,aws-java-sdk-glue,1.11.395,-,-,?,-,false,-
com.amazonaws,aws-java-sdk-greengrass,1.11.395,-,-,?,-,false,-
com.amazonaws,aws-java-sdk-guardduty,1.11.395,-,-,?,-,false,-
com.amazonaws,aws-java-sdk-health,1.11.395,-,-,?,-,false,-
com.amazonaws,aws-java-sdk-iam,1.11.395,-,-,?,-,false,-
com.amazonaws,aws-java-sdk-importexport,1.11.395,-,-,?,-,false,-
com.amazonaws,aws-java-sdk-inspector,1.11.395,-,-,?,-,false,-
com.amazonaws,aws-java-sdk-iot,1.11.395,-,-,?,-,false,-
com.amazonaws,aws-java-sdk-iot1clickdevices,1.11.395,-,-,?,-,false,-
com.amazonaws,aws-java-sdk-iot1clickprojects,1.11.395,-,-,?,-,false,-
com.amazonaws,aws-java-sdk-iotanalytics,1.11.395,-,-,?,-,false,-
com.amazonaws,aws-java-sdk-iotjobsdataplane,1.11.395,-,-,?,-,false,-
com.amazonaws,aws-java-sdk-kinesis,1.11.395,-,-,?,-,false,-
com.amazonaws,aws-java-sdk-kinesisvideo,1.11.395,-,-,?,-,false,-
com.amazonaws,aws-java-sdk-kms,1.11.395,-,-,?,-,false,-
com.amazonaws,aws-java-sdk-lambda,1.11.395,-,-,?,-,false,-
com.amazonaws,aws-java-sdk-lex,1.11.395,-,-,?,-,false,-
com.amazonaws,aws-java-sdk-lexmodelbuilding,1.11.395,-,-,?,-,false,-
com.amazonaws,aws-java-sdk-lightsail,1.11.395,-,-,?,-,false,-
com.amazonaws,aws-java-sdk-logs,1.11.395,-,-,?,-,false,-
com.amazonaws,aws-java-sdk-machinelearning,1.11.395,-,-,?,-,false,-
com.amazonaws,aws-java-sdk-macie,1.11.395,-,-,?,-,false,-
com.amazonaws,aws-java-sdk-marketplacecommerceanalytics,1.11.395,-,-,?,-,false,-
com.amazonaws,aws-java-sdk-marketplaceentitlement,1.11.395,-,-,?,-,false,-
com.amazonaws,aws-java-sdk-marketplacemeteringservice,1.11.395,-,-,?,-,false,-
com.amazonaws,aws-java-sdk-mechanicalturkrequester,1.11.395,-,-,?,-,false,-
com.amazonaws,aws-java-sdk-mediaconvert,1.11.395,-,-,?,-,false,-
com.amazonaws,aws-java-sdk-medialive,1.11.395,-,-,?,-,false,-
com.amazonaws,aws-java-sdk-mediapackage,1.11.395,-,-,?,-,false,-
com.amazonaws,aws-java-sdk-mediastore,1.11.395,-,-,?,-,false,-
com.amazonaws,aws-java-sdk-mediastoredata,1.11.395,-,-,?,-,false,-
com.amazonaws,aws-java-sdk-mediatailor,1.11.395,-,-,?,-,false,-
com.amazonaws,aws-java-sdk-migrationhub,1.11.395,-,-,?,-,false,-
com.amazonaws,aws-java-sdk-mobile,1.11.395,-,-,?,-,false,-
com.amazonaws,aws-java-sdk-models,1.11.395,-,-,?,-,false,-
com.amazonaws,aws-java-sdk-mq,1.11.395,-,-,?,-,false,-
com.amazonaws,aws-java-sdk-neptune,1.11.395,-,-,?,-,false,-
com.amazonaws,aws-java-sdk-opensdk,1.11.395,-,-,?,-,false,-
com.amazonaws,aws-java-sdk-opsworks,1.11.395,-,-,?,-,false,-
com.amazonaws,aws-java-sdk-opsworkscm,1.11.395,-,-,?,-,false,-
com.amazonaws,aws-java-sdk-organizations,1.11.395,-,-,?,-,false,-
com.amazonaws,aws-java-sdk-osgi,1.11.395,-,-,?,-,false,-
com.amazonaws,aws-java-sdk-pi,1.11.395,-,-,?,-,false,-
com.amazonaws,aws-java-sdk-pinpoint,1.11.395,-,-,?,-,false,-
com.amazonaws,aws-java-sdk-polly,1.11.395,-,-,?,-,false,-
com.amazonaws,aws-java-sdk-pricing,1.11.395,-,-,?,-,false,-
com.amazonaws,aws-java-sdk-rds,1.11.395,-,-,?,-,false,-
com.amazonaws,aws-java-sdk-redshift,1.11.395,-,-,?,-,false,-
com.amazonaws,aws-java-sdk-rekognition,1.11.395,-,-,?,-,false,-
com.amazonaws,aws-java-sdk-resourcegroups,1.11.395,-,-,?,-,false,-
com.amazonaws,aws-java-sdk-resourcegroupstaggingapi,1.11.395,-,-,?,-,false,-
com.amazonaws,aws-java-sdk-route53,1.11.395,-,-,?,-,false,-
com.amazonaws,aws-java-sdk-s3,1.11.395,-,-,?,-,false,-
com.amazonaws,aws-java-sdk-sagemaker,1.11.395,-,-,?,-,false,-
com.amazonaws,aws-java-sdk-sagemakerruntime,1.11.395,-,-,?,-,false,-
com.amazonaws,aws-java-sdk-secretsmanager,1.11.395,-,-,?,-,false,-
com.amazonaws,aws-java-sdk-serverlessapplicationrepository,1.11.395,-,-,?,-,false,-
com.amazonaws,aws-java-sdk-servermigration,1.11.395,-,-,?,-,false,-
com.amazonaws,aws-java-sdk-servicecatalog,1.11.395,-,-,?,-,false,-
com.amazonaws,aws-java-sdk-servicediscovery,1.11.395,-,-,?,-,false,-
com.amazonaws,aws-java-sdk-ses,1.11.395,-,-,?,-,false,-
com.amazonaws,aws-java-sdk-shield,1.11.395,-,-,?,-,false,-
com.amazonaws,aws-java-sdk-simpledb,1.11.395,-,-,?,-,false,-
com.amazonaws,aws-java-sdk-simpleworkflow,1.11.395,-,-,?,-,false,-
com.amazonaws,aws-java-sdk-snowball,1.11.395,-,-,?,-,false,-
com.amazonaws,aws-java-sdk-sns,1.11.395,-,-,?,-,false,-
com.amazonaws,aws-java-sdk-sqs,1.11.395,-,-,?,-,false,-
com.amazonaws,aws-java-sdk-ssm,1.11.395,-,-,?,-,false,-
com.amazonaws,aws-java-sdk-stepfunctions,1.11.395,-,-,?,-,false,-
com.amazonaws,aws-java-sdk-storagegateway,1.11.395,-,-,?,-,false,-
com.amazonaws,aws-java-sdk-sts,1.11.395,-,-,?,-,false,-
com.amazonaws,aws-java-sdk-support,1.11.395,-,-,?,-,false,-
com.amazonaws,aws-java-sdk-test-utils,1.11.395,-,-,?,-,false,-
com.amazonaws,aws-java-sdk-transcribe,1.11.395,-,-,?,-,false,-
com.amazonaws,aws-java-sdk-translate,1.11.395,-,-,?,-,false,-
com.amazonaws,aws-java-sdk-waf,1.11.395,-,-,?,-,false,-
com.amazonaws,aws-java-sdk-workdocs,1.11.395,-,-,?,-,false,-
com.amazonaws,aws-java-sdk-workmail,1.11.395,-,-,?,-,false,-
com.amazonaws,aws-java-sdk-workspaces,1.11.395,-,-,?,-,false,-
com.amazonaws,aws-java-sdk-xray,1.11.395,-,-,?,-,false,-
com.amazonaws,jmespath-java,1.11.395,-,-,?,-,false,-
com.antoineguay,nbawrapper,0.0.6,-,-,?,-,false,-
com.aukletapm.go,go,1.6.0,-,-,?,-,false,-
com.aukletapm.go,go-core,1.2.1,-,-,?,-,false,-
com.aukletapm.go,go-metrics,1.2.1,-,-,?,-,false,-
com.aukletapm.go,go-servlet,1.6.0,-,-,?,-,false,-
com.aukletapm.go,go-spring,1.6.0,-,-,?,-,false,-
com.authlete,authlete-java-common,2.24,-,-,?,-,false,-
com.authlete,authlete-java-jaxrs,2.10,-,-,?,-,false,-
com.bertramlabs.plugins,karman-aws,1.1.16,-,-,?,-,false,-
com.bertramlabs.plugins,karman-grails,1.1.16,-,-,?,-,false,-
com.bertramlabs.plugins,karman-openstack,1.1.16,-,-,?,-,false,-
com.boundary.dropwizard.consul,client,0.21,-,-,?,-,false,-
com.boundary.dropwizard.consul,example-app,0.21,-,-,?,-,false,sun.misc.Unsafe                          See http://openjdk.java.net/jeps/260 + sun.reflect.Reflection                   Use java.lang.StackWalker @since 9
com.boundary.dropwizard.consul,loadbalancer,0.21,-,-,?,-,false,-
com.boundary.dropwizard.consul,registration,0.21,-,-,?,-,false,-
com.butor,butor-attrset-common,1.0.21,-,-,?,-,false,-
com.butor,butor-attrset-dao,1.0.21,-,-,?,-,false,-
com.butor,butor-attrset-model,1.0.21,-,-,?,-,false,-
com.butor,butor-auth-common,1.0.21,-,-,?,-,false,-
com.butor,butor-auth-dao,1.0.21,-,-,?,-,false,-
com.butor,butor-auth-model,1.0.21,-,-,?,-,false,-
com.butor,butor-dao,1.0.21,-,-,?,-,false,-
com.butor,butor-html2pdf,1.0.21,-,-,?,-,false,-
com.butor,butor-js,1.0.21,-,-,?,-,false,-
com.butor,butor-json,1.0.21,-,-,?,-,false,-
com.butor,butor-json-server,1.0.21,-,-,?,-,false,-
com.butor,butor-log4j,1.0.21,-,-,?,-,false,-
com.butor,butor-mule,1.0.21,-,-,?,-,false,-
com.butor,butor-mule-common,1.0.21,-,-,?,-,false,-
com.butor,butor-mule-dao,1.0.21,-,-,?,-,false,-
com.butor,butor-notif,1.0.21,-,-,?,-,false,-
com.butor,butor-notif-jms,1.0.21,-,-,?,-,false,-
com.butor,butor-notif-model,1.0.21,-,-,?,-,false,-
com.butor,butor-portal-common,1.0.21,-,-,?,-,false,-
com.butor,butor-portal-dao,1.0.21,-,-,?,-,false,-
com.butor,butor-portal-model,1.0.21,-,-,?,-,false,-
com.butor,butor-report,1.0.21,-,-,?,-,false,-
com.butor,butor-spring,1.0.21,-,-,?,-,false,-
com.butor,butor-sso,1.0.21,-,-,?,-,false,-
com.butor,butor-sso-oauth2,1.0.21,-,-,?,-,false,-
com.butor,butor-test,1.0.21,-,-,?,-,false,-
com.butor,butor-utils,1.0.21,-,-,?,-,false,-
com.butor,butor-web,1.0.21,-,-,?,-,false,-
com.butor,message-common,1.0.19,-,-,?,-,false,-
com.butor,message-dao,1.0.19,-,-,?,-,false,-
com.butor,message-model,1.0.19,-,-,?,-,false,-
com.bytebreakstudios,board,0.0.3,-,-,?,-,false,-
com.clearlydecoded,rest-commander,1.0.0,-,-,?,-,false,-
com.clearlydecoded,rest-messenger,2.2.1,-,-,?,-,false,-
com.codurance,light-access,0.1.0,-,-,?,-,false,-
com.colobu,rpcx,1.0,-,-,?,-,false,-
com.daioware.ai,expertSystem,1.0.0-RELEASE,-,-,?,-,false,-
com.daioware,commons,3.2.0-RELEASE,-,-,?,-,false,-
com.daioware,dateUtilities,1.0.1-RELEASE,-,-,?,-,false,-
com.daioware,dependencyManager,1.2.0-RELEASE,-,-,?,-,false,-
com.daioware,file,1.0.1-RELEASE,-,-,?,-,false,-
com.daioware.file,excel,1.0.0-RELEASE,-,-,?,-,false,-
com.daioware.language,compiler,1.5.1-RELEASE,-,-,?,-,false,-
com.daioware,log,1.0.1-RELEASE,-,-,?,-,false,-
com.daioware.mail,client,1.0.3-RELEASE,-,-,?,-,false,-
com.daioware,math,1.0.1-RELEASE,-,-,?,-,false,-
com.daioware,music,1.0.0-RELEASE,-,-,?,-,false,-
com.daioware.music,itunes,1.0.0-RELEASE,-,-,?,-,false,-
com.daioware.net.http,client,1.0.1-RELEASE,-,-,?,-,false,-
com.daioware.net.http,daioware-http-client,1.0.7-RELEASE,-,-,?,-,false,-
com.daioware.net,ssl,1.0.0-RELEASE,-,-,?,-,false,-
com.daioware.net,util,1.0.1-RELEASE,-,-,?,-,false,-
com.daioware,processManagement,2.0.0-RELEASE,-,-,?,-,false,-
com.daioware.repo,daioware-spring-repo-util,1.0.0-RELEASE,-,-,?,-,false,-
com.daioware.repository,spring,3.0.3-RELEASE,-,-,?,-,false,-
com.daioware.repository,util,2.0.4-RELEASE,-,-,?,-,false,-
com.daioware.security,security,1.0.0.RELEASE,-,-,?,-,false,-
com.daioware.service,spring,2.0.0-RELEASE,-,-,?,-,false,-
com.daioware,sort,1.0.3-RELEASE,-,-,?,-,false,-
com.daioware,system,1.0.0-RELEASE,-,-,?,-,false,-
com.daioware,thread,1.0.0-RELEASE,-,-,?,-,false,-
com.daioware.types,typeConverter,1.0.0-RELEASE,-,-,?,-,false,-
com.daioware,validation,1.0.2-RELEASE,-,-,?,-,false,-
com.daioware.web,springController,1.0.0-RELEASE,-,-,?,-,false,-
com.datto,flow_2.11,1.12.5,-,-,?,-,false,-
com.datto,flow-testkit_2.11,1.12.5,-,-,?,-,false,-
com.datto,flow-tests_2.11,1.12.2,-,-,?,-,false,-
com.deque,axe-selenium,2.1,-,-,?,-,false,-
com.digitalascent,digitalascent-common,0.1.10,-,-,?,-,false,-
com.docusign,docusign-esign-java,2.6.2,-,-,?,-,false,-
com.dongxiguo,fastring_2.11,1.0.0,-,-,?,-,false,-
com.dongxiguo,fastring_sjs0.6_2.10,1.0.0,-,-,?,-,false,-
com.dongxiguo,fastring_sjs0.6_2.12,1.0.0,-,-,?,-,false,-
com.dongxiguo,zero-log_2.10,0.4.1,-,-,?,-,false,-
com.dongxiguo.zero-log,context_2.10,0.4.1,-,-,?,-,false,-
com.dongxiguo.zero-log,context_2.11,0.4.1,-,-,?,-,false,-
com.dongxiguo.zero-log,context_2.12,0.4.1,-,-,?,-,false,-
com.exonum.binding,exonum-java-binding-core,0.2,-,-,?,-,false,-
com.exonum.binding,exonum-java-proofs,0.2,-,-,?,-,false,-
com.f2prateek.dart,dart,3.0.1,-,-,?,-,false,-
com.f2prateek.dart,dart-annotations,3.0.1,-,-,?,-,false,-
com.f2prateek.dart,dart-common,3.0.1,-,-,?,-,false,-
com.f2prateek.dart,dart-processor,3.0.1,-,-,?,-,false,-
com.f2prateek.dart,henson,3.0.1,-,-,?,-,false,-
com.f2prateek.dart,henson-plugin,3.0.1,-,-,?,-,false,-
com.f2prateek.dart,henson-processor,3.0.1,-,-,?,-,false,-
com.f2prateek.dart.migration,dart,2.1.0,-,-,?,-,false,-
com.f2prateek.dart.migration,dart-annotations,2.1.0,-,-,?,-,false,-
com.f2prateek.dart.migration,dart-common,2.1.0,-,-,?,-,false,-
com.f2prateek.dart.migration,dart-processor,2.1.0,-,-,?,-,false,-
com.f2prateek.dart.migration,henson,2.1.0,-,-,?,-,false,-
com.f2prateek.dart.migration,henson-processor,2.1.0,-,-,?,-,false,-
com.f2prateek.javafmt,javafmt,0.1.6,-,-,?,-,false,-
com.flockinger,unitstack,0.1.1,-,-,?,-,false,-
com.github.mideo,sssh_2.12,0.0.3,-,-,?,-,false,-
com.google.apis,google-api-services-cloudprofiler,v2-rev7-1.25.0,-,-,?,-,false,-
com.google.apis,google-api-services-discovery,v1-rev67-1.25.0,-,-,?,-,false,-
com.google.apis,google-api-services-dlp,v2-rev29-1.25.0,-,-,?,-,false,-
com.google.apis,google-api-services-dns,v2beta1-rev75-1.25.0,-,-,?,-,false,-
com.google.apis,google-api-services-doubleclickbidmanager,v1-rev57-1.25.0,-,-,?,-,false,-
com.google.apis,google-api-services-doubleclicksearch,v2-rev188-1.25.0,-,-,?,-,false,-
com.google.apis,google-api-services-drive,v3-rev127-1.25.0,-,-,?,-,false,-
com.google.apis,google-api-services-firebasedynamiclinks,v1-rev845-1.25.0,-,-,?,-,false,-
com.google.apis,google-api-services-firebaserules,v1-rev278-1.25.0,-,-,?,-,false,-
com.google.apis,google-api-services-firestore,v1-rev4-1.25.0,-,-,?,-,false,-
com.google.apis,google-api-services-fitness,v1-rev36-1.25.0,-,-,?,-,false,-
com.google.apis,google-api-services-fusiontables,v2-rev27-1.25.0,-,-,?,-,false,-
com.google.apis,google-api-services-gamesConfiguration,v1configuration-rev209-1.25.0,-,-,?,-,false,-
com.google.apis,google-api-services-gamesManagement,v1management-rev279-1.25.0,-,-,?,-,false,-
com.google.apis,google-api-services-games,v1-rev291-1.25.0,-,-,?,-,false,-
com.google.apis,google-api-services-genomics,v2alpha1-rev30-1.25.0,-,-,?,-,false,-
com.gracefulcode,ai,0.1.4,-,-,?,-,false,-
com.healthmarketscience.jackcess,jackcess,2.1.12,-,-,?,-,false,-
com.healthmarketscience.jackcess,jackcess-encrypt,2.1.4,-,-,?,-,false,-
com.healthmarketscience.sqlbuilder,sqlbuilder,2.1.7,-,-,?,-,false,-
com.hextremelabs,gcm-client,1.0.Alpha1,-,-,?,-,false,-
com.hextremelabs.log4j,cloudwatch-appender,1.0.Alpha2,-,-,?,-,false,-
com.hextremelabs,quickee,1.0.Alpha11,-,-,?,-,false,-
com.hextremelabs.sms,sms-sender,1.0.Alpha4,-,-,?,-,false,-
com.illposed.osc,javaosc-core,0.4,-,-,?,-,false,-
com.illposed.osc,javaosc-ui,0.4,-,-,?,-,false,-
com.incarcloud,ac-func-tion,1.1.0,-,-,?,-,false,-
com.incarcloud,incar-vault,1.1.1,-,-,?,-,false,-
com.indix.api,indix-api-java,3.1.0,-,-,?,-,false,-
com.indix,bubblewrap,0.1.62,-,-,?,-,false,-
com.indix,bubblewrap_2.10,0.2.52,-,-,?,-,false,-
com.indix,bubblewrap_2.11,0.2.52,-,-,?,-,false,-
com.indix,bubblewrap_2.12,0.2.52,-,-,?,-,false,-
com.indix,dfs-datastores,2.0.21,-,-,?,-,false,-
com.indix,dfs-datastores-cascading,2.0.21,-,-,?,-,false,-
com.indix,ml2npy_2.11,0.1.13,-,-,?,-,false,-
com.indix,root,2.0.21,-,-,?,-,false,-
com.indix,schemer-core_2.11,v0.4.3,-,-,?,-,false,-
com.indix,sparkplug_2.10,v0.2.0,-,-,?,-,false,-
com.indix,sparkplug_2.11,v0.5.1,-,-,?,-,false,-
com.indix,steve-client-scala_2.10,0.1.113,-,-,?,-,false,-
com.indix,steve-client-scala_2.11,0.1.113,-,-,?,-,false,-
com.indix,steve-client-scala_2.12,0.1.113,-,-,?,-,false,-
com.indix,steve-core_2.10,0.1.113,-,-,?,-,false,-
com.indix,steve-core_2.11,0.1.113,-,-,?,-,false,-
com.indix,steve-core_2.12,0.1.113,-,-,?,-,false,-
com.indix,util-core_2.10,0.2.38,-,-,?,-,false,-
com.indix,util-core_2.11,0.2.38,-,-,?,-,false,-
com.indix,utils_2.10,0.2.38,-,-,?,-,false,-
com.indix,utils_2.11,0.2.38,-,-,?,-,false,-
com.indix,util-spark_2.10,0.2.38,-,-,?,-,false,-
com.indix,util-spark_2.11,0.2.38,-,-,?,-,false,-
com.indix,util-store_2.10,0.2.38,-,-,?,-,false,-
com.indix,util-store_2.11,0.2.38,-,-,?,-,false,-
com.invisiblecollector,invisible-collector-api,0.0.1,-,-,?,-,false,-
com.itlgl,byteutil,0.0.5,-,-,?,-,false,-
com.itlgl,cryptoutil,0.0.2,-,-,?,-,false,-
com.jtdowney,chloride,0.1.1,-,-,?,-,false,-
com.konduto.sdk,java-sdk,2.10.0,-,-,?,-,false,-
com.lab-440,tentacles,0.2.0,-,-,?,-,false,-
com.liferay,com.liferay.dynamic.data.mapping.api,3.8.8,-,-,?,-,false,-
com.mandrillapp.wrapper.lutung,lutung,0.0.8,-,-,?,-,false,-
com.marcelkliemannel,kotlin-onetimepassword,1.0.0,-,-,?,-,false,-
com.mitchtalmadge,ascii-data,1.2.0,-,-,?,-,false,-
com.mitchtalmadge,asciigraph,1.0.3,-,-,?,-,false,-
com.nextgearcapital,feign-hystrix-oauth2-spring-boot-starter,1.0.3,-,-,?,-,false,-
com.obdobion,excom,4.0.1,-,-,?,-,false,-
com.orange.cepheus,cepheus-broker,1.0.0,-,-,?,-,false,-
com.orange.cepheus,cepheus-cep,1.0.0,-,-,?,-,false,-
com.orange.fiware,openlpwa-iotagent,1.0.2,-,-,?,-,false,-
com.pathomation,pma-java,2.0.0.11,-,-,?,-,false,-
com.rathravane,clerk,1.2.0,-,-,?,-,false,-
com.rathravane,drift,2.1.0,-,-,?,-,false,-
com.rathravane,drumlin,1.3.0,-,-,?,-,false,-
com.rathravane,silt,2.1.1,-,-,?,-,false,-
com.rtbhouse,avro-fastserde,1.0.2,-,-,?,-,false,-
com.sbuslab,akka-http-tools,1.0.13,-,-,?,-,false,-
com.sbuslab,model,1.0.7,-,-,?,-,false,-
com.sbuslab,sbus,1.0.16,-,-,?,-,false,-
com.sbuslab,utils,1.0.24,-,-,?,-,false,-
com.shazam,axmlparser,1.0,-,-,?,-,false,-
com.shazam.chimprunner,chimprunner,3.6.0,-,-,?,-,false,-
com.shazam.chimprunner,chimprunner-gradle-plugin,3.6.0,-,-,?,-,false,-
com.shazam.fork,fork,3.6.0,-,-,?,-,false,-
com.shazam.fork,fork-client,3.6.0,-,-,?,-,false,-
com.shazam.fork,fork-common,3.6.0,-,-,?,-,false,-
com.shazam.fork,fork-gradle-plugin,3.6.0,-,-,?,-,false,-
com.shazam.fork,fork-reporter,3.6.0,-,-,?,-,false,-
com.shazam.fork,fork-reporter-jenkins-gradle-plugin,3.6.0,-,-,?,-,false,-
com.shopizer,shopizer-shipping-canadapost-module,2.2.0,-,-,?,-,false,-
com.shopizer,shopizer-shipping-distance-processor,2.2.0,-,-,?,-,false,-
com.shopizer,sm-core-model,2.2.1,-,-,?,-,false,-
com.shopizer,sm-core-modules,2.2.0.1,-,-,?,-,false,-
com.shopizer,sm-search,2.2.0.1,-,-,?,-,false,-
com.spredfast.kafka.connect.s3,kafka-connect-s3,0.4.0,-,-,?,-,false,-
com.spredfast.kafka.connect.s3,metrics-datadog,0.4.0,-,-,?,-,false,-
com.trivago.rta,cluecumber-report-plugin,1.3.0,-,-,?,-,false,-
com.trivago.rta,cucable-plugin,1.1.0,-,-,?,-,false,-
com.trivago,triava,1.0.5,-,-,?,-,false,-
com.voiweb,voiweb-utils,0.0.4,-,-,?,-,false,-
com.vzaar,vzaar-java-sdk,2.0.4,-,-,?,-,false,-
com.xqbase,tuna-core,0.1.5,-,-,?,-,false,-
com.xqbase,tuna-http,0.1.5,-,-,?,-,false,-
com.xqbase,tuna-misc,0.1.5,-,-,?,-,false,-
com.xqbase,tuna-mux,0.1.5,-,-,?,-,false,-
com.xqbase,tuna-proxy,0.1.5,-,-,?,-,false,sun.security.x509.X500Name               Use javax.security.auth.x500.X500Principal @since 1.4
com.xqbase,xqbase-metric-client,0.2.10,-,-,?,-,false,-
com.xqbase,xqbase-metric-client-jdk17,0.2.10,-,-,?,-,false,-
com.xqbase,xqbase-metric-common,0.2.10,-,-,?,-,false,-
com.xqbase,xqbase-metric-common-jdk17,0.2.10,-,-,?,-,false,-
com.xqbase,xqbase-util,0.2.15,-,-,?,-,false,-
com.xqbase,xqbase-util-jdk17,0.2.15,-,-,?,-,false,-
com.xqbase,xqbase-util-mail,0.2.12,-,-,?,-,false,-
com.xqbase,xqbase-util-sns,0.2.12,-,-,?,-,false,-
com.xqbase,xqbase-util-winrm,0.1.0,-,-,?,-,false,-
com.xuxueli,xxl-conf-core,1.5.0,-,-,?,-,false,-
com.xuxueli,xxl-crawler,1.2.1,-,-,?,-,false,-
com.xuxueli,xxl-emoji,1.0.0,-,-,?,-,false,-
com.xuxueli,xxl-excel,1.1.0,-,-,?,-,false,-
com.xuxueli,xxl-glue-core,1.3.1,-,-,?,-,false,-
com.xuxueli,xxl-job-core,1.9.1,-,-,?,-,false,-
com.xuxueli,xxl-sso-core,0.1.0,-,-,?,-,false,-
com.yanimetaxas,realitycheck,0.5.9,-,-,?,-,false,-
com.youcruit.ams.api.client,AMSApiClient,0.5.9,-,-,?,-,false,-
com.youcruit,billogram-v2-api-java-lib,1.0.2,-,-,?,-,false,-
com.youcruit,onfido,2.2,-,-,?,-,false,-
com.youcruit,onfido-test,2.2,-,-,?,-,false,-
com.youcruit.textkernel.client,TextKernelClient,0.3.17,-,-,?,-,false,-
com.yuchesc,sczip_2.11,1.0.0,-,-,?,-,false,-
com.yuchesc,sczip_2.12,1.0.0,-,-,?,-,false,-
io.zonky.test.postgres,embedded-postgres-binaries-darwin-amd64,10.4.0,-,-,?,-,false,-
io.zonky.test.postgres,embedded-postgres-binaries-linux-amd64,10.4.0,-,-,?,-,false,-
io.zonky.test.postgres,embedded-postgres-binaries-linux-amd64-alpine,10.4.0,-,-,?,-,false,-
io.zonky.test.postgres,embedded-postgres-binaries-linux-arm32v6,10.4.0,-,-,?,-,false,-
io.zonky.test.postgres,embedded-postgres-binaries-linux-arm32v6-alpine,10.4.0,-,-,?,-,false,-
io.zonky.test.postgres,embedded-postgres-binaries-linux-arm32v7,10.4.0,-,-,?,-,false,-
io.zonky.test.postgres,embedded-postgres-binaries-linux-arm64v8,10.4.0,-,-,?,-,false,-
io.zonky.test.postgres,embedded-postgres-binaries-linux-arm64v8-alpine,10.4.0,-,-,?,-,false,-
io.zonky.test.postgres,embedded-postgres-binaries-linux-i386,10.4.0,-,-,?,-,false,-
io.zonky.test.postgres,embedded-postgres-binaries-linux-i386-alpine,10.4.0,-,-,?,-,false,-
io.zonky.test.postgres,embedded-postgres-binaries-linux-ppc64le,10.4.0,-,-,?,-,false,-
io.zonky.test.postgres,embedded-postgres-binaries-linux-ppc64le-alpine,10.4.0,-,-,?,-,false,-
io.zonky.test.postgres,embedded-postgres-binaries-windows-amd64,10.4.0,-,-,?,-,false,-
io.zonky.test.postgres,embedded-postgres-binaries-windows-i386,10.4.0,-,-,?,-,false,-
moe.tristan,easyfxml,1.1.8,-,-,?,-,false,-
org.sqldroid,sqldroid,1.1.0-rc1,-,-,?,-,false,-
ws.osiris,osiris-aws,0.10.0,-,-,?,-,false,-
ws.osiris,osiris-aws-deploy,0.10.0,-,-,?,-,false,-
ws.osiris,osiris-core,0.10.0,-,-,?,-,false,-
ws.osiris,osiris-integration,0.10.0,-,-,?,-,false,-
ws.osiris,osiris-local-server,0.10.0,-,-,?,-,false,-
ws.osiris,osiris-maven-plugin,0.10.0,-,-,?,-,false,-
ws.osiris,osiris-server,0.10.0,-,-,?,-,false,-
