groupId,artifactId,version,moduleName,moduleVersion,moduleMode,moduleDependencies,jdepsToolError,jdepsViolations
com.adobe.commerce.cif,api-model,1.1.2,-,-,?,-,false,-
com.ardikars.common,common,1.2.0.RC1,-,-,?,-,false,-
com.ardikars.common,common-annotation,1.2.0.RC1,-,-,?,-,false,-
com.ardikars.common,common-net,1.2.0.RC1,-,-,?,-,false,-
com.ardikars.common,common-util,1.2.0.RC1,-,-,?,-,false,-
com.bitplan,com.bitplan.mjpegstreamer,0.0.7,-,-,?,-,false,sun.misc.BASE64Decoder                   Use java.util.Base64 @since 1.8 + sun.misc.BASE64Encoder                   Use java.util.Base64 @since 1.8
com.danielflower.apprunner,app-runner,2.0.9,-,-,?,-,false,sun.misc.Unsafe                          See http://openjdk.java.net/jeps/260 + sun.reflect.Reflection                   Use java.lang.StackWalker @since 9 + sun.security.x509.X500Name               Use javax.security.auth.x500.X500Principal @since 1.4
com.deltaprojects,lagom-opentracing_2.11,0.2.3,-,-,?,-,false,-
com.deltaprojects,lagom-opentracing_2.12,0.2.3,-,-,?,-,false,-
com.geirsson,sbt-docusaurus-docs_2.12,0.1.0,-,-,?,-,false,-
com.lihaoyi,ammonite_2.11.11,1.1.2-29-2e6570e,-,-,?,-,false,-
com.lihaoyi,ammonite_2.11.12,1.1.2-29-2e6570e,-,-,?,-,false,-
com.lihaoyi,ammonite_2.11.3,1.1.2-29-2e6570e,-,-,?,-,false,-
com.lihaoyi,ammonite_2.11.4,1.1.2-29-2e6570e,-,-,?,-,false,-
com.lihaoyi,ammonite_2.11.5,1.1.2-29-2e6570e,-,-,?,-,false,-
com.lihaoyi,ammonite_2.11.6,1.1.2-29-2e6570e,-,-,?,-,false,-
com.lihaoyi,ammonite_2.11.7,1.1.2-29-2e6570e,-,-,?,-,false,-
com.lihaoyi,ammonite_2.11.8,1.1.2-29-2e6570e,-,-,?,-,false,-
com.lihaoyi,ammonite_2.11.9,1.1.2-29-2e6570e,-,-,?,-,false,-
com.lihaoyi,ammonite_2.12.0,1.1.2-29-2e6570e,-,-,?,-,false,-
com.lihaoyi,ammonite_2.12.1,1.1.2-29-2e6570e,-,-,?,-,false,-
com.lihaoyi,ammonite_2.12.2,1.1.2-29-2e6570e,-,-,?,-,false,-
com.lihaoyi,ammonite_2.12.3,1.1.2-29-2e6570e,-,-,?,-,false,-
com.lihaoyi,ammonite_2.12.4,1.1.2-29-2e6570e,-,-,?,-,false,-
com.lihaoyi,ammonite_2.12.6,1.1.2-29-2e6570e,-,-,?,-,false,-
com.lihaoyi,ammonite-interp_2.11.11,1.1.2-29-2e6570e,-,-,?,-,false,-
com.lihaoyi,ammonite-interp_2.11.12,1.1.2-29-2e6570e,-,-,?,-,false,-
com.lihaoyi,ammonite-interp_2.11.3,1.1.2-29-2e6570e,-,-,?,-,false,-
com.lihaoyi,ammonite-interp_2.11.4,1.1.2-29-2e6570e,-,-,?,-,false,-
com.lihaoyi,ammonite-interp_2.11.5,1.1.2-29-2e6570e,-,-,?,-,false,-
com.lihaoyi,ammonite-interp_2.11.6,1.1.2-29-2e6570e,-,-,?,-,false,-
com.lihaoyi,ammonite-interp_2.11.7,1.1.2-29-2e6570e,-,-,?,-,false,-
com.lihaoyi,ammonite-interp_2.11.8,1.1.2-29-2e6570e,-,-,?,-,false,-
com.lihaoyi,ammonite-interp_2.11.9,1.1.2-29-2e6570e,-,-,?,-,false,-
com.lihaoyi,ammonite-interp_2.12.0,1.1.2-29-2e6570e,-,-,?,-,false,-
com.lihaoyi,ammonite-interp_2.12.1,1.1.2-29-2e6570e,-,-,?,-,false,-
com.lihaoyi,ammonite-interp_2.12.2,1.1.2-29-2e6570e,-,-,?,-,false,-
com.lihaoyi,ammonite-interp_2.12.3,1.1.2-29-2e6570e,-,-,?,-,false,-
com.lihaoyi,ammonite-interp_2.12.4,1.1.2-29-2e6570e,-,-,?,-,false,-
com.lihaoyi,ammonite-interp_2.12.6,1.1.2-29-2e6570e,-,-,?,-,false,-
com.lihaoyi,ammonite-ops_2.11,1.1.2-29-2e6570e,-,-,?,-,false,-
com.lihaoyi,ammonite-ops_2.12,1.1.2-29-2e6570e,-,-,?,-,false,-
com.lihaoyi,ammonite-repl_2.11.11,1.1.2-29-2e6570e,-,-,?,-,false,sun.misc.Signal                          See http://openjdk.java.net/jeps/260 + sun.misc.SignalHandler                   See http://openjdk.java.net/jeps/260
com.lihaoyi,ammonite-repl_2.11.12,1.1.2-29-2e6570e,-,-,?,-,false,sun.misc.Signal                          See http://openjdk.java.net/jeps/260 + sun.misc.SignalHandler                   See http://openjdk.java.net/jeps/260
com.lihaoyi,ammonite-repl_2.11.3,1.1.2-29-2e6570e,-,-,?,-,false,sun.misc.Signal                          See http://openjdk.java.net/jeps/260 + sun.misc.SignalHandler                   See http://openjdk.java.net/jeps/260
com.lihaoyi,ammonite-repl_2.11.4,1.1.2-29-2e6570e,-,-,?,-,false,sun.misc.Signal                          See http://openjdk.java.net/jeps/260 + sun.misc.SignalHandler                   See http://openjdk.java.net/jeps/260
com.lihaoyi,ammonite-repl_2.11.5,1.1.2-29-2e6570e,-,-,?,-,false,sun.misc.Signal                          See http://openjdk.java.net/jeps/260 + sun.misc.SignalHandler                   See http://openjdk.java.net/jeps/260
com.lihaoyi,ammonite-repl_2.11.6,1.1.2-29-2e6570e,-,-,?,-,false,sun.misc.Signal                          See http://openjdk.java.net/jeps/260 + sun.misc.SignalHandler                   See http://openjdk.java.net/jeps/260
com.lihaoyi,ammonite-repl_2.11.7,1.1.2-29-2e6570e,-,-,?,-,false,sun.misc.Signal                          See http://openjdk.java.net/jeps/260 + sun.misc.SignalHandler                   See http://openjdk.java.net/jeps/260
com.lihaoyi,ammonite-repl_2.11.8,1.1.2-29-2e6570e,-,-,?,-,false,sun.misc.Signal                          See http://openjdk.java.net/jeps/260 + sun.misc.SignalHandler                   See http://openjdk.java.net/jeps/260
com.lihaoyi,ammonite-repl_2.11.9,1.1.2-29-2e6570e,-,-,?,-,false,sun.misc.Signal                          See http://openjdk.java.net/jeps/260 + sun.misc.SignalHandler                   See http://openjdk.java.net/jeps/260
com.lihaoyi,ammonite-repl_2.12.0,1.1.2-29-2e6570e,-,-,?,-,false,sun.misc.Signal                          See http://openjdk.java.net/jeps/260 + sun.misc.SignalHandler                   See http://openjdk.java.net/jeps/260
com.lihaoyi,ammonite-repl_2.12.1,1.1.2-29-2e6570e,-,-,?,-,false,sun.misc.Signal                          See http://openjdk.java.net/jeps/260 + sun.misc.SignalHandler                   See http://openjdk.java.net/jeps/260
com.lihaoyi,ammonite-repl_2.12.2,1.1.2-29-2e6570e,-,-,?,-,false,sun.misc.Signal                          See http://openjdk.java.net/jeps/260 + sun.misc.SignalHandler                   See http://openjdk.java.net/jeps/260
com.lihaoyi,ammonite-repl_2.12.3,1.1.2-29-2e6570e,-,-,?,-,false,sun.misc.Signal                          See http://openjdk.java.net/jeps/260 + sun.misc.SignalHandler                   See http://openjdk.java.net/jeps/260
com.lihaoyi,ammonite-repl_2.12.4,1.1.2-29-2e6570e,-,-,?,-,false,sun.misc.Signal                          See http://openjdk.java.net/jeps/260 + sun.misc.SignalHandler                   See http://openjdk.java.net/jeps/260
com.lihaoyi,ammonite-repl_2.12.6,1.1.2-29-2e6570e,-,-,?,-,false,sun.misc.Signal                          See http://openjdk.java.net/jeps/260 + sun.misc.SignalHandler                   See http://openjdk.java.net/jeps/260
com.lihaoyi,ammonite-runtime_2.11,1.1.2-29-2e6570e,-,-,?,-,false,-
com.lihaoyi,ammonite-runtime_2.12,1.1.2-29-2e6570e,-,-,?,-,false,-
com.lihaoyi,ammonite-shell_2.11.11,1.1.2-29-2e6570e,-,-,?,-,false,-
com.lihaoyi,ammonite-shell_2.11.12,1.1.2-29-2e6570e,-,-,?,-,false,-
com.lihaoyi,ammonite-shell_2.11.3,1.1.2-29-2e6570e,-,-,?,-,false,-
com.lihaoyi,ammonite-shell_2.11.4,1.1.2-29-2e6570e,-,-,?,-,false,-
com.lihaoyi,ammonite-shell_2.11.5,1.1.2-29-2e6570e,-,-,?,-,false,-
com.lihaoyi,ammonite-shell_2.11.6,1.1.2-29-2e6570e,-,-,?,-,false,-
com.lihaoyi,ammonite-shell_2.11.7,1.1.2-29-2e6570e,-,-,?,-,false,-
com.lihaoyi,ammonite-shell_2.11.8,1.1.2-29-2e6570e,-,-,?,-,false,-
com.lihaoyi,ammonite-shell_2.11.9,1.1.2-29-2e6570e,-,-,?,-,false,-
com.lihaoyi,ammonite-shell_2.12.0,1.1.2-29-2e6570e,-,-,?,-,false,-
com.lihaoyi,ammonite-shell_2.12.1,1.1.2-29-2e6570e,-,-,?,-,false,-
com.lihaoyi,ammonite-shell_2.12.2,1.1.2-29-2e6570e,-,-,?,-,false,-
com.lihaoyi,ammonite-shell_2.12.3,1.1.2-29-2e6570e,-,-,?,-,false,-
com.lihaoyi,ammonite-shell_2.12.4,1.1.2-29-2e6570e,-,-,?,-,false,-
com.lihaoyi,ammonite-shell_2.12.6,1.1.2-29-2e6570e,-,-,?,-,false,-
com.lihaoyi,ammonite-sshd_2.11.11,1.1.2-29-2e6570e,-,-,?,-,false,-
com.lihaoyi,ammonite-sshd_2.11.12,1.1.2-29-2e6570e,-,-,?,-,false,-
com.lihaoyi,ammonite-sshd_2.11.3,1.1.2-29-2e6570e,-,-,?,-,false,-
com.lihaoyi,ammonite-sshd_2.11.4,1.1.2-29-2e6570e,-,-,?,-,false,-
com.lihaoyi,ammonite-sshd_2.11.5,1.1.2-29-2e6570e,-,-,?,-,false,-
com.lihaoyi,ammonite-sshd_2.11.6,1.1.2-29-2e6570e,-,-,?,-,false,-
com.lihaoyi,ammonite-sshd_2.11.7,1.1.2-29-2e6570e,-,-,?,-,false,-
com.lihaoyi,ammonite-sshd_2.11.8,1.1.2-29-2e6570e,-,-,?,-,false,-
com.lihaoyi,ammonite-sshd_2.11.9,1.1.2-29-2e6570e,-,-,?,-,false,-
com.lihaoyi,ammonite-sshd_2.12.0,1.1.2-29-2e6570e,-,-,?,-,false,-
com.lihaoyi,ammonite-sshd_2.12.1,1.1.2-29-2e6570e,-,-,?,-,false,-
com.lihaoyi,ammonite-sshd_2.12.2,1.1.2-29-2e6570e,-,-,?,-,false,-
com.lihaoyi,ammonite-sshd_2.12.3,1.1.2-29-2e6570e,-,-,?,-,false,-
com.lihaoyi,ammonite-sshd_2.12.4,1.1.2-29-2e6570e,-,-,?,-,false,-
com.lihaoyi,ammonite-sshd_2.12.6,1.1.2-29-2e6570e,-,-,?,-,false,-
com.lihaoyi,ammonite-terminal_2.11,1.1.2-29-2e6570e,-,-,?,-,false,-
com.lihaoyi,ammonite-terminal_2.12,1.1.2-29-2e6570e,-,-,?,-,false,-
com.lihaoyi,ammonite-util_2.11,1.1.2-29-2e6570e,-,-,?,-,false,-
com.lihaoyi,ammonite-util_2.12,1.1.2-29-2e6570e,-,-,?,-,false,-
com.lihaoyi,cask_2.12,0.1.4,-,-,?,-,false,-
com.mayreh,scalikejdbc-bigquery_2.11,0.0.8,-,-,?,-,false,-
com.mayreh,scalikejdbc-bigquery_2.12,0.0.8,-,-,?,-,false,-
com.natpryce,krouton,2.3.1.0,-,-,?,-,false,-
com.rookout,rook,0.1.25,-,-,?,-,false,sun.misc.JavaLangAccess                  Removed. See http://openjdk.java.net/jeps/260 + sun.misc.SharedSecrets                   Removed. See http://openjdk.java.net/jeps/260 + sun.misc.Unsafe                          See http://openjdk.java.net/jeps/260 + sun.security.x509.X500Name               Use javax.security.auth.x500.X500Principal @since 1.4
com.sun.faces,jsf-api,2.2.18,-,-,?,-,false,-
com.sun.faces,jsf-impl,2.2.18,-,-,?,-,false,-
de.andrena.tools.nopackagecycles,no-package-cycles-enforcer-rule,1.0.9,-,-,?,-,false,-
de.mklinger.tomcat,tomcat-juli-slf4j,9.0.11,-,-,?,-,false,-
io.smartup.zipkin,zipkin-datadog-reporter-autoconfigure,1.0.3,-,-,?,-,false,-
io.smartup.zipkin,zipkin-datadog-reporter-core,1.0.3,-,-,?,-,false,-
io.smartup.zipkin,zipkin-datadog-reporter-starter,1.0.3,-,-,?,-,false,-
la.renzhen.basis.rtpt,rtpt-admin-server-starter,1.1.1,-,-,?,-,false,-
la.renzhen.basis.rtpt,rtpt-client-starter,1.1.1,-,-,?,-,false,-
la.renzhen.basis.rtpt,rtpt-config,1.1.1,-,-,?,-,false,-
org.glassfish,javax.faces,2.4.0,-,-,?,-,false,-
org.jacoco,jacoco-maven-plugin,0.8.2,-,-,?,-,false,-
org.jacoco,org.jacoco.agent,0.8.2,org.jacoco.agent,-,automatic,-,false,-
org.jacoco,org.jacoco.ant,0.8.2,org.jacoco.ant,-,automatic,-,false,-
org.jacoco,org.jacoco.cli,0.8.2,-,-,?,-,false,-
org.jacoco,org.jacoco.core,0.8.2,org.jacoco.core,-,automatic,-,false,-
org.jacoco,org.jacoco.report,0.8.2,org.jacoco.report,-,automatic,-,false,-
org.openksavi.sponge,sponge-api,1.4.1,-,-,?,-,false,-
org.openksavi.sponge,sponge-camel,1.4.1,-,-,?,-,false,-
org.openksavi.sponge,sponge-core,1.4.1,-,-,?,-,false,sun.misc.Unsafe                          See http://openjdk.java.net/jeps/260
org.openksavi.sponge,sponge-groovy,1.4.1,-,-,?,-,false,-
org.openksavi.sponge,sponge-jruby,1.4.1,-,-,?,-,false,-
org.openksavi.sponge,sponge-jython,1.4.1,-,-,?,-,false,-
org.openksavi.sponge,sponge-kotlin,1.4.1,-,-,?,-,false,-
org.openksavi.sponge,sponge-logging,1.4.1,-,-,?,-,false,-
org.openksavi.sponge,sponge-midi,1.4.1,-,-,?,-,false,-
org.openksavi.sponge,sponge-mpd,1.4.1,-,-,?,-,false,-
org.openksavi.sponge,sponge-nashorn,1.4.1,-,-,?,-,false,-
org.openksavi.sponge,sponge-py4j,1.4.1,-,-,?,-,false,-
org.openksavi.sponge,sponge-reactivex,1.4.1,-,-,?,-,false,-
org.openksavi.sponge,sponge-rest-api-client,1.4.1,-,-,?,-,false,-
org.openksavi.sponge,sponge-rest-api-common,1.4.1,-,-,?,-,false,-
org.openksavi.sponge,sponge-rest-api-server,1.4.1,-,-,?,-,false,-
org.openksavi.sponge,sponge-rpi-pi4j,1.4.1,-,-,?,-,false,-
org.openksavi.sponge,sponge-signal,1.4.1,-,-,?,-,false,sun.misc.Signal                          See http://openjdk.java.net/jeps/260 + sun.misc.SignalHandler                   See http://openjdk.java.net/jeps/260
org.openksavi.sponge,sponge-spring,1.4.1,-,-,?,-,false,-
org.openksavi.sponge,sponge-standalone,1.4.1,-,-,?,-,false,-
org.openksavi.sponge,sponge-tensorflow,1.4.1,-,-,?,-,false,-
org.openksavi.sponge,sponge-test,1.4.1,-,-,?,-,false,-
org.sonarsource.dotnet,sonar-csharp-plugin,7.4.0.6452,-,-,?,-,false,sun.misc.Unsafe                          See http://openjdk.java.net/jeps/260
org.sonarsource.dotnet,sonar-dotnet-shared-library,7.4.0.6452,-,-,?,-,false,-
org.sonarsource.dotnet,sonar-dotnet-tests-library,7.4.0.6452,-,-,?,-,false,-
