groupId,artifactId,version,moduleName,moduleVersion,moduleMode,moduleDependencies,jdepsToolError,jdepsViolations
org.wso2.carbon,javax.cache.wso2,4.4.34,-,-,?,-,false,-
org.wso2.carbon,org.wso2.carbon.addressing,4.4.34,-,-,?,-,false,-
org.wso2.carbon,org.wso2.carbon.application.deployer,4.4.34,-,-,?,-,false,-
org.wso2.carbon,org.wso2.carbon.authenticator.proxy,4.4.34,-,-,?,-,false,-
org.wso2.carbon,org.wso2.carbon.authenticator.stub,4.4.34,-,-,?,-,false,-
org.wso2.carbon,org.wso2.carbon.bootstrap,4.4.34,-,-,?,-,false,sun.security.util.SecurityConstants      Use appropriate java.security.Permission subclass @since 1.1
org.wso2.carbon,org.wso2.carbon.bridge,4.4.34,-,-,?,-,false,-
org.wso2.carbon,org.wso2.carbon.cluster.mgt.core,4.4.34,-,-,?,-,false,-
org.wso2.carbon,org.wso2.carbon.coordination.common,4.4.34,-,-,?,-,false,-
org.wso2.carbon,org.wso2.carbon.coordination.core,4.4.34,-,-,?,-,false,-
org.wso2.carbon,org.wso2.carbon.core,5.2.7,-,-,?,-,false,-
org.wso2.carbon,org.wso2.carbon.core.bootup.validator,4.4.34,-,-,?,-,false,-
org.wso2.carbon,org.wso2.carbon.core.common,4.4.34,-,-,?,-,false,-
org.wso2.carbon,org.wso2.carbon.core.commons.stub,4.4.34,-,-,?,-,false,-
org.wso2.carbon,org.wso2.carbon.core.services,4.4.34,-,-,?,-,false,-
org.wso2.carbon,org.wso2.carbon.feature.mgt.core,4.4.34,-,-,?,-,false,-
org.wso2.carbon,org.wso2.carbon.feature.mgt.services,4.4.34,-,-,?,-,false,-
org.wso2.carbon,org.wso2.carbon.feature.mgt.stub,4.4.34,-,-,?,-,false,-
org.wso2.carbon,org.wso2.carbon.feature.mgt.ui,4.4.34,-,-,?,-,false,-
org.wso2.carbon,org.wso2.carbon.framework.exporter,4.4.34,-,-,?,-,false,-
org.wso2.carbon,org.wso2.carbon.http.bridge,4.4.34,-,-,?,-,false,-
org.wso2.carbon,org.wso2.carbon.i18n,4.4.34,-,-,?,-,false,-
org.wso2.carbon,org.wso2.carbon.integration.test.common.admin.clients,4.4.34,-,-,?,-,false,-
org.wso2.carbon,org.wso2.carbon.integration.test.common.integration.test.utils,4.4.34,-,-,?,-,false,-
org.wso2.carbon,org.wso2.carbon.integretion.test.common.admin.extensions,4.4.34,-,-,?,-,false,-
org.wso2.carbon,org.wso2.carbon.integretion.test.common.ui.pages,4.4.34,-,-,?,-,false,-
org.wso2.carbon,org.wso2.carbon.kernel.integration.test,4.4.34,-,-,?,-,false,-
org.wso2.carbon,org.wso2.carbon.ndatasource.common,4.4.34,-,-,?,-,false,-
org.wso2.carbon,org.wso2.carbon.ndatasource.core,4.4.34,-,-,?,-,false,-
org.wso2.carbon,org.wso2.carbon.ndatasource.rdbms,4.4.34,-,-,?,-,false,-
org.wso2.carbon,org.wso2.carbon.osgi.security,4.4.34,-,-,?,-,false,-
org.wso2.carbon,org.wso2.carbon.queuing,4.4.34,-,-,?,-,false,-
org.wso2.carbon,org.wso2.carbon.registry.api,4.4.34,-,-,?,-,false,-
org.wso2.carbon,org.wso2.carbon.registry.core,4.4.34,-,-,?,-,false,-
org.wso2.carbon,org.wso2.carbon.registry.server,4.4.34,-,-,?,-,false,-
org.wso2.carbon,org.wso2.carbon.registry.xboot,4.4.34,-,-,?,-,false,-
org.wso2.carbon,org.wso2.carbon.roles.mgt,4.4.34,-,-,?,-,false,-
org.wso2.carbon,org.wso2.carbon.roles.mgt.stub,4.4.34,-,-,?,-,false,-
org.wso2.carbon,org.wso2.carbon.roles.mgt.ui,4.4.34,-,-,?,-,false,-
org.wso2.carbon,org.wso2.carbon.securevault,4.4.34,-,-,?,-,false,-
org.wso2.carbon,org.wso2.carbon.server,4.4.34,-,-,?,-,false,-
org.wso2.carbon,org.wso2.carbon.server.admin,4.4.34,-,-,?,-,false,-
org.wso2.carbon,org.wso2.carbon.server.admin.common,4.4.34,-,-,?,-,false,-
org.wso2.carbon,org.wso2.carbon.server.admin.stub,4.4.34,-,-,?,-,false,-
org.wso2.carbon,org.wso2.carbon.server.admin.ui,4.4.34,-,-,?,-,false,-
org.wso2.carbon,org.wso2.carbon.servletbridge,4.4.34,-,-,?,-,false,-
org.wso2.carbon,org.wso2.carbon.student.mgt,4.4.34,-,-,?,-,false,-
org.wso2.carbon,org.wso2.carbon.student.mgt.ui,4.4.34,-,-,?,-,false,-
org.wso2.carbon,org.wso2.carbon.styles,4.4.34,-,-,?,-,false,-
org.wso2.carbon,org.wso2.carbon.tomcat,4.4.34,-,-,?,-,false,-
org.wso2.carbon,org.wso2.carbon.tomcat.ext,4.4.34,-,-,?,-,false,-
org.wso2.carbon,org.wso2.carbon.ui,4.4.34,-,-,?,-,false,-
org.wso2.carbon,org.wso2.carbon.ui.menu.general,4.4.34,-,-,?,-,false,-
org.wso2.carbon,org.wso2.carbon.ui.menu.governance,4.4.34,-,-,?,-,false,-
org.wso2.carbon,org.wso2.carbon.ui.menu.registry,4.4.34,-,-,?,-,false,-
org.wso2.carbon,org.wso2.carbon.ui.menu.tools,4.4.34,-,-,?,-,false,-
org.wso2.carbon,org.wso2.carbon.user.api,4.4.34,-,-,?,-,false,-
org.wso2.carbon,org.wso2.carbon.user.core,4.4.34,-,-,?,-,false,-
org.wso2.carbon,org.wso2.carbon.utils,4.4.34,-,-,?,-,false,-
org.wso2.carbon,SampleServletTest,4.4.34,-,-,?,-,false,-
