groupId,artifactId,version,moduleName,moduleVersion,moduleMode,moduleDependencies,jdepsToolError,jdepsViolations
com.github.bingoohuang,eql,0.1.3,-,-,?,-,false,-
com.google.apis,google-api-services-container,v1-rev54-1.24.1,-,-,?,-,false,-
com.google.apis,google-api-services-drive,v3-rev127-1.24.1,-,-,?,-,false,-
com.google.apis,google-api-services-oslogin,v1-rev23-1.23.0,-,-,?,-,false,-
com.google.apis,google-api-services-toolresults,v1beta3-rev445-1.24.1,-,-,?,-,false,-
com.threewks.spring,spring-boot-gae,2.1.2,-,-,?,-,false,-
com.uber.hoodie,hoodie-cli,0.4.3,-,-,?,-,false,-
com.uber.hoodie,hoodie-client,0.4.3,-,-,?,-,false,-
com.uber.hoodie,hoodie-common,0.4.3,-,-,?,-,false,-
com.uber.hoodie,hoodie-hadoop-mr,0.4.3,-,-,?,-,false,-
com.uber.hoodie,hoodie-hive,0.4.3,-,-,?,-,false,-
com.uber.hoodie,hoodie-spark,0.4.3,-,-,?,-,false,-
com.uber.hoodie,hoodie-utilities,0.4.3,-,-,?,-,false,-
org.realityforge.arez,arez-core,0.105,-,-,?,-,false,-
org.realityforge.arez,arez-gwt-output-qa,0.105,-,-,?,-,false,-
org.realityforge.arez,arez-processor,0.105,-,-,?,-,false,sun.misc.Unsafe                          See http://openjdk.java.net/jeps/260
org.realityforge.router.fu,router-fu-core,0.14,-,-,?,-,false,-
org.realityforge.router.fu,router-fu-processor,0.14,-,-,?,-,false,sun.misc.Unsafe                          See http://openjdk.java.net/jeps/260
