groupId,artifactId,version,moduleName,moduleVersion,moduleMode,moduleDependencies,jdepsToolError,jdepsViolations
com.google.apis,google-api-services-jobs,v3-rev5-1.24.1,-,-,?,-,false,-
com.google.apis,google-api-services-oslogin,v1-rev23-1.24.1,-,-,?,-,false,-
com.qcloud,cos_api,5.4.5,-,-,?,-,false,-
com.threewks.spring,spring-boot-gae,2.1.2,-,-,?,-,false,-
com.uber.hoodie,hoodie-cli,0.4.3,-,-,?,-,false,-
com.uber.hoodie,hoodie-client,0.4.3,-,-,?,-,false,-
com.uber.hoodie,hoodie-common,0.4.3,-,-,?,-,false,-
com.uber.hoodie,hoodie-hadoop-mr,0.4.3,-,-,?,-,false,-
com.uber.hoodie,hoodie-hive,0.4.3,-,-,?,-,false,-
com.uber.hoodie,hoodie-spark,0.4.3,-,-,?,-,false,-
com.uber.hoodie,hoodie-utilities,0.4.3,-,-,?,-,false,-
org.nervos,abi,0.17.1,-,-,?,-,false,-
org.nervos,codegen,0.17.1,-,-,?,-,false,-
org.nervos,console,0.17.1,-,-,?,-,false,-
org.nervos,core,0.17.1,-,-,?,-,false,-
org.nervos,crypto,0.17.1,-,-,?,-,false,-
org.nervos,infura,0.17.1,-,-,?,-,false,-
org.nervos,protobuf,0.17.1,-,-,?,-,false,-
org.nervos,rlp,0.17.1,-,-,?,-,false,-
org.nervos,tests,0.17.1,-,-,?,-,false,-
org.nervos,tuples,0.17.1,-,-,?,-,false,-
org.nervos,utils,0.17.1,-,-,?,-,false,-
org.realityforge.router.fu,router-fu-core,0.14,-,-,?,-,false,-
org.realityforge.router.fu,router-fu-processor,0.14,-,-,?,-,false,sun.misc.Unsafe                          See http://openjdk.java.net/jeps/260
