groupId,artifactId,version,moduleName,moduleVersion,moduleMode,moduleDependencies,jdepsToolError,jdepsViolations
com.bitplan.wikifrontend,com.bitplan.wikifrontend,0.0.4,-,-,?,-,false,-
com.couchbase.client,dcp-client,0.19.0,-,-,?,-,false,-
com.github.michael-rapp,java-util,2.0.1,-,-,?,-,false,-
com.google.apis,google-api-services-bigquerydatatransfer,v1-rev82-1.24.1,-,-,?,-,false,-
com.google.apis,google-api-services-streetviewpublish,v1-rev207-1.24.1,-,-,?,-,false,-
com.google.apis,google-api-services-websecurityscanner,v1alpha-rev77-1.23.0,-,-,?,-,false,-
io.jitstatic,jitstatic-client,0.6.0,io.jitstatic.client,-,automatic,-,false,-
org.db4j,kilim,2.0.0-21-jdk11,-,-,?,-,false,sun.misc.Unsafe                          See http://openjdk.java.net/jeps/260
org.jgrapes,org.jgrapes.osgi.portlets.bundles,0.9.16,-,-,?,-,false,-
org.jgrapes,org.jgrapes.osgi.portlets.services,0.9.18,-,-,?,-,false,-
org.jpmml,jpmml-lightgbm,1.2.2,-,-,?,-,false,-
org.springframework.kafka,spring-kafka,2.1.9.RELEASE,spring.kafka,-,automatic,-,false,-
org.springframework.kafka,spring-kafka-test,2.1.9.RELEASE,spring.kafka.test,-,automatic,-,false,-
org.threadly,litesockets,4.7,-,-,?,-,false,-
