groupId,artifactId,version,moduleName,moduleVersion,moduleMode,moduleDependencies,jdepsToolError,jdepsViolations
io.zipkin.java,zipkin-autoconfigure-collector-kafka08,2.11.2,-,-,?,-,false,-
io.zipkin.java,zipkin-autoconfigure-collector-kafka,2.11.2,-,-,?,-,false,-
io.zipkin.java,zipkin-autoconfigure-collector-rabbitmq,2.11.2,-,-,?,-,false,-
io.zipkin.java,zipkin-autoconfigure-collector-scribe,2.11.2,-,-,?,-,false,-
io.zipkin.java,zipkin-autoconfigure-metrics-prometheus,2.11.2,-,-,?,-,false,-
io.zipkin.java,zipkin-autoconfigure-storage-cassandra,2.11.2,-,-,?,-,false,-
io.zipkin.java,zipkin-autoconfigure-storage-cassandra3,2.11.2,-,-,?,-,false,-
io.zipkin.java,zipkin-autoconfigure-storage-elasticsearch,2.11.2,-,-,?,-,false,-
io.zipkin.java,zipkin-autoconfigure-storage-mysql,2.11.2,-,-,?,-,false,-
io.zipkin.java,zipkin-autoconfigure-ui,2.11.2,-,-,?,-,false,-
io.zipkin.java,zipkin-server,2.11.2,-,-,?,-,false,-
io.zipkin.java,zipkin-ui,2.11.2,-,-,?,-,false,-
io.zipkin.zipkin2,zipkin,2.11.2,zipkin2,-,automatic,-,false,-
io.zipkin.zipkin2,zipkin-collector,2.11.2,-,-,?,-,false,-
io.zipkin.zipkin2,zipkin-collector-kafka08,2.11.2,-,-,?,-,false,-
io.zipkin.zipkin2,zipkin-collector-kafka,2.11.2,-,-,?,-,false,-
io.zipkin.zipkin2,zipkin-collector-rabbitmq,2.11.2,-,-,?,-,false,-
io.zipkin.zipkin2,zipkin-collector-scribe,2.11.2,-,-,?,-,false,-
io.zipkin.zipkin2,zipkin-junit,2.11.2,-,-,?,-,false,-
io.zipkin.zipkin2,zipkin-storage-cassandra,2.11.2,-,-,?,-,false,-
io.zipkin.zipkin2,zipkin-storage-cassandra-v1,2.11.2,-,-,?,-,false,-
io.zipkin.zipkin2,zipkin-storage-elasticsearch,2.11.2,-,-,?,-,false,-
io.zipkin.zipkin2,zipkin-storage-mysql-v1,2.11.2,-,-,?,-,false,-
org.pepsoft.worldpainter,WPValueObjects,1.0.0,-,-,?,-,false,-
