groupId,artifactId,version,moduleName,moduleVersion,moduleMode,moduleDependencies,jdepsToolError,jdepsViolations
com.liferay,com.liferay.portal.osgi.web.servlet.jsp.compiler,2.0.12,-,-,?,-,false,-
com.liferay,com.liferay.portal.osgi.web.wab.extender,2.0.13,-,-,?,-,false,-
com.liferay,com.liferay.poshi.runner,1.0.65,-,-,?,-,false,-
com.liferay,com.liferay.sync.web,1.0.7,-,-,?,-,false,-
com.liferay,com.liferay.translator.web,1.0.4,-,-,?,-,false,-
com.liferay,com.liferay.trash.web,1.0.10,-,-,?,-,false,-
com.liferay,com.liferay.unit.converter.web,1.0.4,-,-,?,-,false,-
com.liferay,com.liferay.users.admin.impl,1.0.4,-,-,?,-,false,-
com.liferay,com.liferay.users.admin.web,2.0.13,-,-,?,-,false,-
com.liferay,com.liferay.weather.web,1.0.2,-,-,?,-,false,-
com.liferay,com.liferay.web.form.web,1.0.5,-,-,?,-,false,-
com.liferay,com.liferay.web.proxy.web,1.0.5,-,-,?,-,false,-
com.liferay,com.liferay.wiki.engine.creole,2.0.7,-,-,?,-,false,-
com.liferay,com.liferay.wiki.navigation.web,2.0.6,-,-,?,-,false,-
com.liferay,com.liferay.wiki.service,1.2.14,-,-,?,-,false,-
com.liferay,com.liferay.wiki.web,2.1.9,-,-,?,-,false,-
com.liferay,com.liferay.xsl.content.web,2.0.3,-,-,?,-,false,-
com.liferay,com.liferay.youtube.web,1.0.5,-,-,?,-,false,-
