com.hynnet,xws-security,3.0,-,-,?,-,false,com.sun.org.apache.xml.internal.security.Init Use java.xml.crypto @since 1.6 + com.sun.org.apache.xml.internal.security.algorithms.JCEMapper Use java.xml.crypto @since 1.6 + com.sun.org.apache.xml.internal.security.c14n.CanonicalizationException Use java.xml.crypto @since 1.6 + com.sun.org.apache.xml.internal.security.c14n.helper.AttrCompare Use java.xml.crypto @since 1.6 + com.sun.org.apache.xml.internal.security.c14n.helper.C14nHelper Use java.xml.crypto @since 1.6 + com.sun.org.apache.xml.internal.security.encryption.EncryptedKey Use java.xml.crypto @since 1.6 + com.sun.org.apache.xml.internal.security.encryption.EncryptionMethod Use java.xml.crypto @since 1.6 + com.sun.org.apache.xml.internal.security.encryption.XMLCipher Use java.xml.crypto @since 1.6 + com.sun.org.apache.xml.internal.security.encryption.XMLEncryptionException Use java.xml.crypto @since 1.6 + com.sun.org.apache.xml.internal.security.exceptions.Base64DecodingException Use java.xml.crypto @since 1.6 + com.sun.org.apache.xml.internal.security.exceptions.XMLSecurityException Use java.xml.crypto @since 1.6 + com.sun.org.apache.xml.internal.security.keys.KeyInfo Use java.xml.crypto @since 1.6 + com.sun.org.apache.xml.internal.security.keys.content.KeyName Use java.xml.crypto @since 1.6 + com.sun.org.apache.xml.internal.security.keys.content.KeyValue Use java.xml.crypto @since 1.6 + com.sun.org.apache.xml.internal.security.keys.content.MgmtData Use java.xml.crypto @since 1.6 + com.sun.org.apache.xml.internal.security.keys.content.PGPData Use java.xml.crypto @since 1.6 + com.sun.org.apache.xml.internal.security.keys.content.RetrievalMethod Use java.xml.crypto @since 1.6 + com.sun.org.apache.xml.internal.security.keys.content.SPKIData Use java.xml.crypto @since 1.6 + com.sun.org.apache.xml.internal.security.keys.content.X509Data Use java.xml.crypto @since 1.6 + com.sun.org.apache.xml.internal.security.keys.content.keyvalues.DSAKeyValue Use java.xml.crypto @since 1.6 + com.sun.org.apache.xml.internal.security.keys.content.keyvalues.RSAKeyValue Use java.xml.crypto @since 1.6 + com.sun.org.apache.xml.internal.security.keys.content.x509.XMLX509Certificate Use java.xml.crypto @since 1.6 + com.sun.org.apache.xml.internal.security.keys.content.x509.XMLX509IssuerSerial Use java.xml.crypto @since 1.6 + com.sun.org.apache.xml.internal.security.keys.content.x509.XMLX509SKI Use java.xml.crypto @since 1.6 + com.sun.org.apache.xml.internal.security.signature.ObjectContainer Use java.xml.crypto @since 1.6 + com.sun.org.apache.xml.internal.security.signature.SignedInfo Use java.xml.crypto @since 1.6 + com.sun.org.apache.xml.internal.security.signature.XMLSignature Use java.xml.crypto @since 1.6 + com.sun.org.apache.xml.internal.security.signature.XMLSignatureException Use java.xml.crypto @since 1.6 + com.sun.org.apache.xml.internal.security.signature.XMLSignatureInput Use java.xml.crypto @since 1.6 + com.sun.org.apache.xml.internal.security.transforms.TransformSpi Use java.xml.crypto @since 1.6 + com.sun.org.apache.xml.internal.security.transforms.TransformationException Use java.xml.crypto @since 1.6 + com.sun.org.apache.xml.internal.security.transforms.Transforms Use java.xml.crypto @since 1.6 + com.sun.org.apache.xml.internal.security.transforms.params.InclusiveNamespaces Use java.xml.crypto @since 1.6 + com.sun.org.apache.xml.internal.security.utils.Base64 Use java.util.Base64 @since 1.8 + com.sun.org.apache.xml.internal.security.utils.ElementProxy Use java.xml.crypto @since 1.6 + com.sun.org.apache.xml.internal.security.utils.RFC2253Parser Use java.xml.crypto @since 1.6 + com.sun.org.apache.xml.internal.security.utils.UnsyncBufferedOutputStream Use java.xml.crypto @since 1.6 + com.sun.org.apache.xml.internal.security.utils.XMLUtils Use java.xml.crypto @since 1.6 + com.sun.org.apache.xml.internal.security.utils.resolver.ResourceResolver Use java.xml.crypto @since 1.6 + com.sun.org.apache.xml.internal.security.utils.resolver.ResourceResolverException Use java.xml.crypto @since 1.6 + com.sun.org.apache.xml.internal.security.utils.resolver.ResourceResolverSpi Use java.xml.crypto @since 1.6 + sun.misc.HexDumpEncoder                  Removed. See http://openjdk.java.net/jeps/260 + sun.security.action.GetBooleanAction     Use java.security.PrivilegedAction @since 1.1 + sun.security.krb5.Checksum               Use com.sun.security.jgss + sun.security.krb5.Config                 Use com.sun.security.jgss + sun.security.krb5.Confounder             Use com.sun.security.jgss + sun.security.krb5.Credentials            Use com.sun.security.jgss + sun.security.krb5.EncryptionKey          Use com.sun.security.jgss + sun.security.krb5.KrbApRep               Use com.sun.security.jgss + sun.security.krb5.KrbApReq               Use com.sun.security.jgss + sun.security.krb5.KrbCred                Use com.sun.security.jgss + sun.security.krb5.KrbException           Use com.sun.security.jgss + sun.security.krb5.PrincipalName          Use com.sun.security.jgss + sun.security.krb5.ServiceName            Use com.sun.security.jgss + sun.security.krb5.internal.crypto.Aes128 Use com.sun.security.jgss + sun.security.krb5.internal.crypto.Aes256 Use com.sun.security.jgss + sun.security.krb5.internal.crypto.ArcFourHmac Use com.sun.security.jgss + sun.security.krb5.internal.crypto.Des3   Use com.sun.security.jgss
com.coviu,coviu-sdk,0.1.0,-,-,?,-,false,-
com.coviu,coviu-sdk-auth,0.1.0,-,-,?,-,false,-
com.coviu,coviu-sdk-core,0.1.0,-,-,?,-,false,-
com.gsralex,gdata-bean,1.073,-,-,?,-,false,-
com.hynnet,hynnet-appframework,1.1.2,-,-,?,-,false,-
com.hynnet,hynnet-appframework-util,1.1.2,-,-,?,-,false,-
com.hynnet,hynnet-coreapp,1.1.2,-,-,?,-,false,-
com.hynnet,hynnet-dep-sql,1.1.1,-,-,?,-,false,-
com.hynnet,hynnet-model,1.2.1,-,-,?,-,false,-
com.hynnet,hynnet-test,1.1.1,-,-,?,-,false,-
com.hynnet,hynnet-util,1.2.0,-,-,?,-,false,-
com.hynnet,hynnet-webplugin,1.1.1,-,-,?,-,false,-
com.hynnet,hynnet-wx,1.1.2,-,-,?,-,false,-
com.hynnet,jasper-xml-dsig,1.0.1-2,-,-,?,-,false,com.sun.org.apache.xml.internal.security.Init Use java.xml.crypto @since 1.6 + com.sun.org.apache.xml.internal.security.c14n.CanonicalizationException Use java.xml.crypto @since 1.6 + com.sun.org.apache.xml.internal.security.c14n.Canonicalizer Use java.xml.crypto @since 1.6 + com.sun.org.apache.xml.internal.security.c14n.InvalidCanonicalizerException Use java.xml.crypto @since 1.6 + com.sun.org.apache.xml.internal.security.exceptions.Base64DecodingException Use java.xml.crypto @since 1.6 + com.sun.org.apache.xml.internal.security.signature.NodeFilter Use java.xml.crypto @since 1.6 + com.sun.org.apache.xml.internal.security.signature.XMLSignatureInput Use java.xml.crypto @since 1.6 + com.sun.org.apache.xml.internal.security.transforms.Transform Use java.xml.crypto @since 1.6 + com.sun.org.apache.xml.internal.security.utils.Base64 Use java.util.Base64 @since 1.8 + com.sun.org.apache.xml.internal.security.utils.IdResolver Use java.xml.crypto @since 1.6 + com.sun.org.apache.xml.internal.security.utils.UnsyncBufferedOutputStream Use java.xml.crypto @since 1.6 + com.sun.org.apache.xml.internal.security.utils.XMLUtils Use java.xml.crypto @since 1.6 + com.sun.org.apache.xml.internal.security.utils.resolver.ResourceResolver Use java.xml.crypto @since 1.6
com.hynnet,lazy,1.0,-,-,?,-,false,-
com.jalalkiswani,jk-application,1.0.0,-,-,?,-,false,-
com.jalalkiswani,jk-db,1.0.0,-,-,?,-,false,com.sun.rowset.CachedRowSetImpl          Use javax.sql.rowset.RowSetProvider @since 1.7
com.jalalkiswani,jk-db-dynamic,1.0.0,-,-,?,-,false,-
com.jalalkiswani,jk-db-metadata,1.0.0,-,-,?,-,false,-
com.jalalkiswani,jk-db-metadata-console,1.0.0,-,-,?,-,false,-
com.jalalkiswani,jk-desktop,1.0.0,-,-,?,-,false,-
com.jalalkiswani,jk-faces,1.0.0,-,-,?,-,false,-
com.jalalkiswani,jk-license,1.0.0,-,-,?,-,false,-
com.jalalkiswani,jk-remote-reflection,1.0.0,-,-,?,-,false,-
com.jalalkiswani,jk-smart-desktop,1.0.0,-,-,?,-,false,com.sun.rowset.CachedRowSetImpl          Use javax.sql.rowset.RowSetProvider @since 1.7
com.jalalkiswani,jk-smart-web,1.0.0,-,-,?,-,false,-
com.jalalkiswani,jk-util,1.0.0,-,-,?,-,false,-
com.jalalkiswani,jk-web,1.0.0,-,-,?,-,false,-
com.lynden,GMapsFX,2.12.0,-,-,?,-,false,-
com.netflix.servo,servo-apache,0.12.25,com.netflix.servo.apache,-,automatic,-,false,-
com.netflix.servo,servo-atlas,0.12.25,com.netflix.servo.atlas,-,automatic,-,false,-
com.netflix.servo,servo-aws,0.12.25,com.netflix.servo.aws,-,automatic,-,false,-
com.netflix.servo,servo-core,0.12.25,com.netflix.servo.core,-,automatic,-,false,-
com.netflix.servo,servo-example,0.12.25,com.netflix.servo.example,-,automatic,-,false,-
com.netflix.servo,servo-tomcat,0.12.25,com.netflix.servo.tomcat,-,automatic,-,false,-
com.noxwizard,jcraftar,0.4,-,-,?,-,false,-
com.phloc,phloc-appbasics,2.8.1,-,-,?,-,false,-
com.phloc,phloc-bootstrap2,1.1.0,-,-,?,-,false,-
com.phloc,phloc-bootstrap3,1.3.3,-,-,?,-,false,-
com.phloc,phloc-commons,4.4.13,-,-,?,-,false,-
com.phloc,phloc-datetime,3.2.1,-,-,?,-,false,-
com.phloc,phloc-html,4.4.5,-,-,?,-,false,-
com.phloc,phloc-json,3.0.4,-,-,?,-,false,-
com.phloc,phloc-masterdata,3.6.1,-,-,?,-,false,-
com.phloc,phloc-poi,2.9.9,-,-,?,-,false,-
com.phloc,phloc-web,5.8.1,-,-,?,-,false,-
com.phloc,phloc-webbasics,3.2.4,-,-,?,-,false,-
com.phloc,phloc-webctrls,2.1.7,-,-,?,-,false,-
com.phloc,phloc-webscopes,6.9.0,-,-,?,-,false,-
com.plaid,plaid-java,3.0.4,-,-,?,-,false,-
com.sun.jersey.archetypes,jersey-quickstart-ejb,1.19.4,-,-,?,-,false,-
com.sun.jersey.archetypes,jersey-quickstart-grizzly,1.19.4,-,-,?,-,false,-
com.sun.jersey.archetypes,jersey-quickstart-grizzly2,1.19.4,-,-,?,-,false,-
com.sun.jersey.archetypes,jersey-quickstart-webapp,1.19.4,-,-,?,-,false,-
com.sun.jersey.contribs,ant-wadl-task,1.19.4,-,-,?,-,false,-
com.sun.jersey.contribs.jersey-oauth,oauth-client,1.19.4,-,-,?,-,false,-
com.sun.jersey.contribs.jersey-oauth,oauth-server,1.19.4,-,-,?,-,false,-
com.sun.jersey.contribs.jersey-oauth,oauth-signature,1.19.4,-,-,?,-,false,-
com.sun.jersey.contribs,maven-wadl-plugin,1.19.4,-,-,?,-,false,-
com.sun.jersey.glassfish.v32.osgi,jersey-gf-server,1.19.4,-,-,?,-,false,-
com.sun.jersey.glassfish.v32.osgi,jersey-gf-statsproviders,1.19.4,-,-,?,-,false,-
com.sun.jersey.glassfish.v3.osgi,jersey-gf-server,1.19.4,-,-,?,-,false,-
com.sun.jersey.glassfish.v3.osgi,jersey-gf-servlet,1.19.4,-,-,?,-,false,-
com.sun.jersey.glassfish.v3.osgi,jersey-gf-statsproviders,1.19.4,-,-,?,-,false,-
com.sun.jersey,jersey-atom,1.19.4,-,-,?,-,false,-
com.sun.jersey,jersey-core,1.19.4,-,-,?,-,false,-
com.sun.jersey,jersey-servlet,1.19.4,-,-,?,-,false,-
com.sun.jsftemplating,jsft,2.1.3,-,-,?,-,false,-
com.sun.jsftemplating,jsftemplating,2.1.3,-,-,?,-,false,-
com.sun.jsftemplating,jsftemplating-dt,2.1.3,-,-,?,-,false,-
com.wallee,wallee-java-sdk,1.0.1,-,-,?,-,false,-
com.walterjwhite.infrastructure.datastore.api,event,0.0.15,-,-,?,-,false,-
com.walterjwhite.infrastructure.datastore.api,model,0.0.15,-,-,?,-,false,-
com.walterjwhite.infrastructure.datastore.modules,google-guice-guava-jpa-event-listener,0.0.15,-,-,?,-,false,-
com.walterjwhite.infrastructure.datastore.modules,google-guice-persist,0.0.15,-,-,?,-,false,-
com.walterjwhite.infrastructure.datastore.modules,google-guice-persist-criteria-builder,0.0.15,-,-,?,-,false,-
com.walterjwhite.infrastructure.google-guice,core,0.0.15,-,-,?,-,false,-
com.walterjwhite.infrastructure.google-guice.modules,cli,0.0.15,-,-,?,-,false,-
com.walterjwhite.infrastructure.google-guice.modules,guava-event-bus,0.0.15,-,-,?,-,false,-
com.walterjwhite.infrastructure.google-guice.modules,guava-executor-service,0.0.15,-,-,?,-,false,-
com.walterjwhite.infrastructure.google-guice.modules,property,0.0.15,-,-,?,-,false,-
com.walterjwhite.infrastructure.google-guice.modules,property-test,0.0.15,-,-,?,-,false,-
com.walterjwhite.infrastructure,logging,0.0.15,-,-,?,-,false,-
com.walterjwhite.modules,amazon,0.0.15,-,-,?,-,false,-
com.walterjwhite.modules.compression.api,model,0.0.15,-,-,?,-,false,-
com.walterjwhite.modules.compression.api,service,0.0.15,-,-,?,-,false,-
com.walterjwhite.modules.compression.modules,xz,0.0.15,-,-,?,-,false,-
com.walterjwhite.modules.csv,api,0.0.15,-,-,?,-,false,-
com.walterjwhite.modules.csv,impl,0.0.15,-,-,?,-,false,-
com.walterjwhite.modules.csv.modules,apache-commons-csv,0.0.15,-,-,?,-,false,-
com.walterjwhite.modules.csv.modules,apache-poi,0.0.15,-,-,?,-,false,-
com.walterjwhite.modules,datetime,0.0.15,-,-,?,-,false,-
com.walterjwhite.modules.encryption.api,model,0.0.15,-,-,?,-,false,-
com.walterjwhite.modules.encryption.api,service,0.0.15,-,-,?,-,false,-
com.walterjwhite.modules.encryption,impl,0.0.15,-,-,?,-,false,-
com.walterjwhite.modules.encryption.modules,cli,0.0.15,-,-,?,-,false,-
com.walterjwhite.modules.file.api,model,0.0.15,-,-,?,-,false,-
com.walterjwhite.modules.file.api,service,0.0.15,-,-,?,-,false,-
com.walterjwhite.modules.file,impl,0.0.15,-,-,?,-,false,-
com.walterjwhite.modules.file.modules,watcher,0.0.15,-,-,?,-,false,-
com.walterjwhite.modules.file.providers,amazon,0.0.15,-,-,?,-,false,-
com.walterjwhite.modules.file.providers,box,0.0.15,-,-,?,-,false,-
com.walterjwhite.modules.file.providers,google,0.0.15,-,-,?,-,false,-
com.walterjwhite.modules.file.providers,local,0.0.15,-,-,?,-,false,-
com.walterjwhite.modules.file.providers,local-db,0.0.15,-,-,?,-,false,-
com.walterjwhite.modules,google,0.0.15,-,-,?,-,false,-
com.walterjwhite.modules.queue.api,model,0.0.15,-,-,?,-,false,-
com.walterjwhite.modules.queue.api,service,0.0.15,-,-,?,-,false,-
com.walterjwhite.modules.queue,impl,0.0.15,-,-,?,-,false,-
com.walterjwhite.modules.queue.modules.external,api,0.0.15,-,-,?,-,false,-
com.walterjwhite.modules.queue.modules.external,impl,0.0.15,-,-,?,-,false,-
com.walterjwhite.modules.queue.modules.external.providers,amazon-sqs,0.0.15,-,-,?,-,false,-
com.walterjwhite.modules.queue.modules.external.providers,google-cloud-pub-sub,0.0.15,-,-,?,-,false,-
com.walterjwhite.modules.queue.modules.external.providers,local,0.0.15,-,-,?,-,false,-
com.walterjwhite.modules.queue.modules.external.providers,local-db,0.0.15,-,-,?,-,false,-
com.walterjwhite.modules.serialization.api,model,0.0.15,-,-,?,-,false,-
com.walterjwhite.modules.serialization.api,service,0.0.15,-,-,?,-,false,-
com.walterjwhite.modules.serialization.modules,jackson-databind,0.0.15,-,-,?,-,false,-
com.walterjwhite.modules.serialization.modules,kryo,0.0.15,-,-,?,-,false,-
com.walterjwhite.modules.serialization.modules,native,0.0.15,-,-,?,-,false,-
com.walterjwhite.modules.serialization.modules,snakeyaml,0.0.15,-,-,?,-,false,-
com.walterjwhite.modules.ssh.api,model,0.0.15,-,-,?,-,false,-
com.walterjwhite.modules.ssh.api,service,0.0.15,-,-,?,-,false,-
com.walterjwhite.modules.ssh,impl,0.0.15,-,-,?,-,false,-
com.weibo,codec-extension,1.1.1,-,-,?,-,false,-
com.weibo,filter-opentracing,1.1.1,-,-,?,-,false,-
com.weibo,motan-core,1.1.1,-,-,?,-,false,-
com.weibo,motan-protocol-grpc,1.1.1,-,-,?,-,false,-
com.weibo,motan-protocol-restful,1.1.1,-,-,?,-,false,-
com.weibo,motan-protocol-yar,1.1.1,-,-,?,-,false,-
com.weibo,motan-registry-consul,1.1.1,-,-,?,-,false,-
com.weibo,motan-registry-zookeeper,1.1.1,-,-,?,-,false,-
com.weibo,motan-springsupport,1.1.1,-,-,?,-,false,-
com.weibo,motan-transport-netty,1.1.1,-,-,?,-,false,-
com.weibo,motan-transport-netty4,1.1.1,-,-,?,-,false,-
com.weibo,serialization-extension,1.1.1,-,-,?,-,false,-
