groupId,artifactId,version,moduleName,moduleVersion,moduleMode,moduleDependencies,jdepsToolError,jdepsViolations
ch.epfl.lamp,dotty_0.10,0.10.0-bin-20180822-33afaa2-NIGHTLY,-,-,?,-,false,-
ch.epfl.lamp,dotty-compiler_0.10,0.10.0-bin-20180822-33afaa2-NIGHTLY,-,-,?,-,false,-
ch.epfl.lamp,dotty-doc_0.10,0.10.0-bin-20180822-33afaa2-NIGHTLY,-,-,?,-,false,-
ch.epfl.lamp,dotty-interfaces,0.10.0-bin-20180822-33afaa2-NIGHTLY,-,-,?,-,false,-
ch.epfl.lamp,dotty-language-server_0.10,0.10.0-bin-20180822-33afaa2-NIGHTLY,-,-,?,-,false,-
ch.epfl.lamp,dotty-library_0.10,0.10.0-bin-20180822-33afaa2-NIGHTLY,-,-,?,-,false,sun.misc.Unsafe                          See http://openjdk.java.net/jeps/260
ch.epfl.lamp,scala-compiler,0.10.0-bin-20180822-33afaa2-NIGHTLY,-,-,?,-,false,-
ch.epfl.lamp,scala-library,0.10.0-bin-20180822-33afaa2-NIGHTLY,-,-,?,-,false,-
ch.epfl.lamp,scalap,0.10.0-bin-20180822-33afaa2-NIGHTLY,-,-,?,-,false,-
ch.epfl.lamp,scala-reflect,0.10.0-bin-20180822-33afaa2-NIGHTLY,-,-,?,-,false,-
cn.mklaus.tools,tools,0.1.0,-,-,?,-,false,-
co.mercenary-creators,mercenary-creators-minio-autoconfigure,1.0.0-RELEASE,-,-,?,-,false,-
com.github.d925529,apidoc,0.3.4,-,-,?,-,false,-
com.google.api,api-compiler,0.0.8,-,-,?,-,false,-
com.google.apis,google-api-services-androidpublisher,v3-rev19-1.24.1,-,-,?,-,false,-
com.google.apis,google-api-services-jobs,v3-rev4-1.24.1,-,-,?,-,false,-
com.google.apis,google-api-services-ml,v1-rev57-1.24.1,-,-,?,-,false,-
com.messagemedia.sdk,messages,1.2.0,-,-,?,-,false,-
com.nepxion,discovery-common,4.3.17,-,-,?,-,false,-
com.nepxion,discovery-common-nacos,4.3.17,-,-,?,-,false,-
com.nepxion,discovery-common-redis,4.3.17,-,-,?,-,false,-
com.nepxion,discovery-console,4.3.17,-,-,?,-,false,-
com.nepxion,discovery-console-extension-nacos,4.3.17,-,-,?,-,false,-
com.nepxion,discovery-console-extension-redis,4.3.17,-,-,?,-,false,-
com.nepxion,discovery-plugin-admin-center,4.3.17,-,-,?,-,false,-
com.nepxion,discovery-plugin-config-center,4.3.17,-,-,?,-,false,-
com.nepxion,discovery-plugin-config-center-extension-nacos,4.3.17,-,-,?,-,false,-
com.nepxion,discovery-plugin-config-center-extension-redis,4.3.17,-,-,?,-,false,-
com.nepxion,discovery-plugin-framework,4.3.17,-,-,?,-,false,-
com.nepxion,discovery-plugin-framework-consul,4.3.17,-,-,?,-,false,-
com.nepxion,discovery-plugin-framework-eureka,4.3.17,-,-,?,-,false,-
com.nepxion,discovery-plugin-framework-zookeeper,4.3.17,-,-,?,-,false,-
com.nepxion,discovery-plugin-starter-consul,4.3.17,-,-,?,-,false,-
com.nepxion,discovery-plugin-starter-eureka,4.3.17,-,-,?,-,false,-
com.nepxion,discovery-plugin-starter-zookeeper,4.3.17,-,-,?,-,false,-
com.nepxion,discovery-plugin-strategy,4.3.17,-,-,?,-,false,-
com.nepxion,discovery-plugin-strategy-extension-gateway,4.3.17,-,-,?,-,false,-
com.nepxion,discovery-plugin-strategy-extension-service,4.3.17,-,-,?,-,false,-
com.nepxion,discovery-plugin-strategy-extension-zuul,4.3.17,-,-,?,-,false,-
org.opencb.biodata,biodata-formats,1.4.0,-,-,?,-,false,-
org.opencb.biodata,biodata-models,1.4.0,-,-,?,-,false,-
org.opencb.biodata,biodata-tools,1.4.0,-,-,?,-,false,-
org.opencb.cellbase,cellbase-app,4.6.0,-,-,?,-,false,-
org.opencb.cellbase,cellbase-client,4.6.0,-,-,?,-,false,-
org.opencb.cellbase,cellbase-core,4.6.0,-,-,?,-,false,-
org.opencb.cellbase,cellbase-lib,4.6.0,-,-,?,-,false,-
org.opencb.cellbase,cellbase-server,4.6.0,-,-,?,-,false,-
