groupId,artifactId,version,moduleName,moduleVersion,moduleMode,moduleDependencies,jdepsToolError,jdepsViolations
cd.go.plugin,go-plugin-api-experimental,18.8.0-7287,-,-,?,-,false,-
com.atlassian.bamboo,bamboo-specs,6.6.2,-,-,?,-,false,-
com.avsystem.scex,scex-core_2.11,1.22.0,-,-,?,-,false,-
com.avsystem.scex,scex-core_2.12,1.22.0,-,-,?,-,false,-
com.avsystem.scex,scex-macros_2.11,1.22.0,-,-,?,-,false,-
com.avsystem.scex,scex-macros_2.12,1.22.0,-,-,?,-,false,-
com.avsystem.scex,scex-util_2.11,1.22.0,-,-,?,-,false,-
com.avsystem.scex,scex-util_2.12,1.22.0,-,-,?,-,false,-
com.bitplan.rest,com.bitplan.simplerest-example,0.0.2,-,-,?,-,false,-
com.deltaprojects,lagom-opentracing_2.11,0.2.1,-,-,?,-,false,-
com.deltaprojects,lagom-opentracing_2.12,0.2.1,-,-,?,-,false,-
com.expedia.www,haystack-service-graph-graph-builder,1.0.3,-,-,?,-,false,sun.misc.Signal                          See http://openjdk.java.net/jeps/260 + sun.misc.SignalHandler                   See http://openjdk.java.net/jeps/260 + sun.misc.Unsafe                          See http://openjdk.java.net/jeps/260 + sun.reflect.Reflection                   Use java.lang.StackWalker @since 9
com.expedia.www,haystack-service-graph-node-finder,1.0.3,-,-,?,-,false,sun.misc.Signal                          See http://openjdk.java.net/jeps/260 + sun.misc.SignalHandler                   See http://openjdk.java.net/jeps/260 + sun.misc.Unsafe                          See http://openjdk.java.net/jeps/260 + sun.reflect.Reflection                   Use java.lang.StackWalker @since 9
com.github.haiger.starter,crab-spring-boot-starter,1.0.2,-,-,?,-,false,-
com.github.pshirshov.izumi.r2,distage-app_2.12,0.5.47,-,-,?,-,false,-
com.github.pshirshov.izumi.r2,distage-cats_2.12,0.5.47,-,-,?,-,false,-
com.github.pshirshov.izumi.r2,distage-config_2.12,0.5.47,-,-,?,-,false,-
com.github.pshirshov.izumi.r2,distage-core_2.12,0.5.47,-,-,?,-,false,-
com.github.pshirshov.izumi.r2,distage-model_2.12,0.5.47,-,-,?,-,false,-
com.github.pshirshov.izumi.r2,distage-plugins_2.12,0.5.47,-,-,?,-,false,-
com.github.pshirshov.izumi.r2,distage-proxy-cglib_2.12,0.5.47,-,-,?,-,false,-
com.github.pshirshov.izumi.r2,distage-roles_2.12,0.5.47,-,-,?,-,false,-
com.github.pshirshov.izumi.r2,distage-static_2.12,0.5.47,-,-,?,-,false,-
com.github.pshirshov.izumi.r2,fastparse-shaded_2.12,0.5.47,-,-,?,-,false,-
com.github.pshirshov.izumi.r2,fundamentals-collections_2.12,0.5.47,-,-,?,-,false,-
com.github.pshirshov.izumi.r2,fundamentals-functional_2.12,0.5.47,-,-,?,-,false,-
com.github.pshirshov.izumi.r2,fundamentals-platform_2.12,0.5.47,-,-,?,-,false,-
com.github.pshirshov.izumi.r2,fundamentals-reflection_2.12,0.5.47,-,-,?,-,false,-
com.github.pshirshov.izumi.r2,idealingua-compiler_2.12,0.5.47,-,-,?,-,false,sun.misc.Unsafe                          See http://openjdk.java.net/jeps/260
com.github.pshirshov.izumi.r2,idealingua-core_2.12,0.5.47,-,-,?,-,false,-
com.github.pshirshov.izumi.r2,idealingua-model_2.12,0.5.47,-,-,?,-,false,-
com.github.pshirshov.izumi.r2,idealingua-runtime-rpc-c-sharp_2.12,0.5.47,-,-,?,-,false,-
com.github.pshirshov.izumi.r2,idealingua-runtime-rpc-go_2.12,0.5.47,-,-,?,-,false,-
com.github.pshirshov.izumi.r2,idealingua-runtime-rpc-http4s_2.12,0.5.47,-,-,?,-,false,-
com.github.pshirshov.izumi.r2,idealingua-runtime-rpc-scala_2.12,0.5.47,-,-,?,-,false,-
com.github.pshirshov.izumi.r2,idealingua-runtime-rpc-typescript_2.12,0.5.47,-,-,?,-,false,-
com.github.pshirshov.izumi.r2,idealingua-test-defs_2.12,0.5.47,-,-,?,-,false,-
com.github.pshirshov.izumi.r2,izumi-r2_2.12,0.5.47,-,-,?,-,false,-
com.github.pshirshov.izumi.r2,logstage-adapter-slf4j_2.12,0.5.47,-,-,?,-,false,-
com.github.pshirshov.izumi.r2,logstage-api-base_2.12,0.5.47,-,-,?,-,false,-
com.github.pshirshov.izumi.r2,logstage-api-base-macro_2.12,0.5.47,-,-,?,-,false,-
com.github.pshirshov.izumi.r2,logstage-api-logger_2.12,0.5.47,-,-,?,-,false,-
com.github.pshirshov.izumi.r2,logstage-di_2.12,0.5.47,-,-,?,-,false,-
com.github.pshirshov.izumi.r2,logstage-rendering-json4s_2.12,0.5.47,-,-,?,-,false,-
com.github.pshirshov.izumi.r2,logstage-sink-slf4j_2.12,0.5.47,-,-,?,-,false,-
com.google.apis,google-api-services-youtubeAnalytics,v2-rev51-1.24.1,-,-,?,-,false,-
com.google.apis,google-api-services-youtubereporting,v1-rev537-1.23.0,-,-,?,-,false,-
com.lightstep.tracer,lightstep-tracer-jre,0.14.4,-,-,?,-,false,-
com.lightstep.tracer,lightstep-tracer-jre-shadow,0.14.4,-,-,?,-,false,sun.misc.Unsafe                          See http://openjdk.java.net/jeps/260
com.redislabs,jredisgraph,1.0.3,-,-,?,-,false,-
com.smartmeapp.monitor,monitor,1.0,-,-,?,-,false,-
io.smartup.zipkin,zipkin-datadog-reporter-autoconfigure,1.0.2,-,-,?,-,false,-
io.smartup.zipkin,zipkin-datadog-reporter-core,1.0.2,-,-,?,-,false,-
io.smartup.zipkin,zipkin-datadog-reporter-starter,1.0.2,-,-,?,-,false,-
org.pustefixframework.editor,pustefix-editor-backend,0.23.0,-,-,?,-,false,-
org.pustefixframework.editor,pustefix-editor-common,0.23.0,-,-,?,-,false,-
org.pustefixframework.logging,pustefix-log4j,0.23.0,-,-,?,-,false,-
org.pustefixframework.logging,pustefix-logback,0.23.0,-,-,?,-,false,-
org.pustefixframework.maven.plugins,pustefix-agent-plugin,0.23.0,-,-,?,-,false,-
org.pustefixframework.maven.plugins,pustefix-generate-plugin,0.23.0,-,-,?,-,false,-
org.pustefixframework.maven.plugins,pustefix-iwrapper-plugin,0.23.0,-,-,?,-,false,-
org.pustefixframework.maven.plugins,pustefix-pagelist-plugin,0.23.0,-,-,?,-,false,-
org.pustefixframework.maven.plugins,pustefix-patch-plugin,0.23.0,-,-,?,-,false,-
org.pustefixframework.maven.plugins,pustefix-resourceindex-plugin,0.23.0,-,-,?,-,false,-
org.pustefixframework.maven.plugins,pustefix-statuscode-plugin,0.23.0,-,-,?,-,false,-
org.pustefixframework.maven.plugins,pustefix-validator-plugin,0.23.0,-,-,?,-,false,-
org.pustefixframework.maven.plugins,pustefix-webapp-plugin,0.23.0,-,-,?,-,false,-
org.pustefixframework.maven.plugins,pustefix-webservice-plugin,0.23.0,-,-,?,-,false,-
org.pustefixframework.maven.plugins,pustefix-xslt-plugin,0.23.0,-,-,?,-,false,-
org.pustefixframework,pustefix-agent,0.23.0,-,-,?,-,false,-
org.pustefixframework,pustefix-cdi,0.22.4,-,-,?,-,false,-
org.pustefixframework,pustefix-cmis,0.23.0,-,-,?,-,false,-
org.pustefixframework,pustefix-core,0.23.0,-,-,?,-,false,-
org.pustefixframework,pustefix-live,0.23.0,-,-,?,-,false,-
org.pustefixframework,pustefix-security,0.23.0,-,-,?,-,false,-
org.pustefixframework.samples.modules,animal-module,0.23.0,-,-,?,-,false,-
org.pustefixframework.samples.modules,common-module,0.23.0,-,-,?,-,false,-
org.pustefixframework.samples.modules,sample-module-A,0.23.0,-,-,?,-,false,-
org.pustefixframework.samples.modules,sample-module-B,0.23.0,-,-,?,-,false,-
org.pustefixframework.samples.modules,sample-module-C,0.23.0,-,-,?,-,false,-
org.pustefixframework.samples,pustefix-i18n-core,0.23.0,-,-,?,-,false,-
org.pustefixframework.samples,pustefix-i18n-lang-de,0.23.0,-,-,?,-,false,-
org.pustefixframework.samples,pustefix-i18n-lang-en,0.23.0,-,-,?,-,false,-
org.pustefixframework.samples,pustefix-i18n-lang-fr,0.23.0,-,-,?,-,false,-
org.pustefixframework.samples,pustefix-i18n-tenant-ca,0.23.0,-,-,?,-,false,-
org.pustefixframework.samples,pustefix-i18n-tenant-de,0.23.0,-,-,?,-,false,-
org.pustefixframework.samples,pustefix-i18n-tenant-us,0.23.0,-,-,?,-,false,-
org.pustefixframework.webservices,pustefix-webservices-core,0.23.0,-,-,?,-,false,-
org.pustefixframework.webservices,pustefix-webservices-jaxws,0.23.0,-,-,?,-,false,-
org.pustefixframework.webservices,pustefix-webservices-jsonws,0.23.0,-,-,?,-,false,-
top.jfunc.common,utils,1.2,-,-,?,-,false,-
