com.github.noraui,ojdbc7,12.1.0.2,-,-,?,-,false,sun.security.krb5.Checksum               Use com.sun.security.jgss + sun.security.krb5.EncryptedData          Use com.sun.security.jgss + sun.security.krb5.EncryptionKey          Use com.sun.security.jgss + sun.security.krb5.Realm                  Use com.sun.security.jgss + sun.security.krb5.internal.APReq         Use com.sun.security.jgss + sun.security.krb5.internal.Authenticator Use com.sun.security.jgss + sun.security.krb5.internal.KRBCred       Use com.sun.security.jgss + sun.security.krb5.internal.Ticket        Use com.sun.security.jgss
com.dopsun.chatbot,chatbot-cli,0.2.0,-,-,?,-,false,-
com.github.acodrx,gwtchartjs,0.5.0-Beta1,-,-,?,-,false,-
com.github.alexheretic,dynamics,4.0,-,-,?,-,false,-
com.github.almasb,fxgl,0.5.4,-,-,?,-,false,-
com.github.almasb,fxgl-base,0.5.4,-,-,?,-,false,-
com.github.amanganiello90,manage-pom-maven-plugin,1.0,-,-,?,-,false,-
com.github.amanganiello90,modify-pom-maven-plugin,1.0.1,-,-,?,-,false,-
com.github.amwayjava,utils,0.0.2,-,-,?,-,false,-
com.github.andrewoma.kommon,kommon,0.14,-,-,?,-,false,-
com.github.andrewoma.kwery,core,0.17,-,-,?,-,false,-
com.github.andrewoma.kwery,fetcher,0.17,-,-,?,-,false,-
com.github.andrewoma.kwery,mapper,0.17,-,-,?,-,false,-
com.github.andrewoma.kwery,transactional,0.17,-,-,?,-,false,-
com.github.andrewoma.kwery,transactional-jersey,0.17,-,-,?,-,false,-
com.github.andy2003,sma-reader,1.0.0,-,-,?,-,false,-
com.github.angelowolf,validacion,1.0.0,-,-,?,-,false,-
com.github.apachedx,common-util,1.1.11,-,-,?,-,false,-
com.github.aserg-ufmg,apidiff,2.0.0,-,-,?,-,false,-
com.github.aserg-ufmg,refdiff-core,0.1.1,-,-,?,-,false,-
com.github.awfun,apple-receipt-validator,1.0.0,-,-,?,-,false,-
com.github.baileykm,web-lighter,1.0.4,-,-,?,-,false,-
com.github.bdeneuter,mindstorms-plugin,1.2.3,-,-,?,-,false,-
com.github.bezsias,compact-multimap_2.11,1.0.0,-,-,?,-,false,-
com.github.bezsias,compact-multimap_2.12,1.0.0,-,-,?,-,false,-
com.github.binbin0915,sb2ws,1.0.RELEASE,-,-,?,-,false,-
com.github.cafdataprocessing,boilerplate-api,2.3.0-92,-,-,?,-,false,-
com.github.cafdataprocessing,boilerplate-api-contract,2.3.0-92,-,-,?,-,false,-
com.github.cafdataprocessing,boilerplate-db,2.3.0-92,-,-,?,-,false,-
com.github.cafdataprocessing,classification-service-client,1.2.0-24,-,-,?,-,false,-
com.github.cafdataprocessing,classification-service-contract,1.2.0-24,-,-,?,-,false,-
com.github.cafdataprocessing,composite-document-handler,1.5.0-84,-,-,?,-,false,-
com.github.cafdataprocessing,corepolicy-api,1.1.0-94,-,-,?,-,false,-
com.github.cafdataprocessing,corepolicy-condition-engine,1.1.0-94,-,-,?,-,false,-
com.github.cafdataprocessing,corepolicy-databasescriptgeneration,1.1.0-94,-,-,?,-,false,-
com.github.cafdataprocessing,corepolicy-hibernate,1.1.0-94,-,-,?,-,false,-
com.github.cafdataprocessing,corepolicy-multimap-utils,1.1.0-94,-,-,?,-,false,-
com.github.cafdataprocessing,corepolicy-repositories,1.1.0-94,-,-,?,-,false,-
com.github.cafdataprocessing,corepolicy-testing,1.1.0-94,-,-,?,-,false,sun.misc.Unsafe                          See http://openjdk.java.net/jeps/260 + sun.security.x509.X500Name               Use javax.security.auth.x500.X500Principal @since 1.4
com.github.cafdataprocessing,data-processing-initialization,2.0.0-3,-,-,?,-,false,-
com.github.cafdataprocessing,data-processing-queue-helper,1.4.0-148,-,-,?,-,false,-
com.github.cafdataprocessing,data-processing-task-receiver,1.4.0-148,-,-,?,-,false,sun.misc.Unsafe                          See http://openjdk.java.net/jeps/260
com.github.cafdataprocessing,data-processing-task-submitter,1.4.0-148,-,-,?,-,false,sun.misc.Unsafe                          See http://openjdk.java.net/jeps/260
com.github.cafdataprocessing,entity-fields,1.5.0-84,-,-,?,-,false,-
com.github.cafdataprocessing,language-detection,3.0.0-254,-,-,?,-,false,-
com.github.cafdataprocessing,language-detection-cld2,3.0.0-254,-,-,?,-,false,-
com.github.cafdataprocessing,policy-boilerplate-fields,2.3.0-92,-,-,?,-,false,-
com.github.cafdataprocessing,processing-service-contract,1.4.0-274,-,-,?,-,false,-
com.github.cafdataprocessing,util-boilerplate-creation,2.3.0-92,-,-,?,-,false,-
com.github.cafdataprocessing,util-email-content-segregation,2.0.0-5,-,-,?,-,false,-
com.github.cafdataprocessing,util-policy-converters,1.5.0-84,-,-,?,-,false,-
com.github.cafdataprocessing,worker-binaryhash,2.2.0-61,-,-,?,-,false,-
com.github.cafdataprocessing,worker-binaryhash-shared,2.2.0-61,-,-,?,-,false,-
com.github.cafdataprocessing,worker-binaryhash-testing,2.2.0-61,-,-,?,-,false,-
com.github.cafdataprocessing,worker-boilerplate,2.3.0-92,-,-,?,-,false,-
com.github.cafdataprocessing,worker-boilerplate-shared,2.3.0-92,-,-,?,-,false,-
com.github.cafdataprocessing,worker-boilerplate-testing,2.3.0-92,-,-,?,-,false,-
com.github.cafdataprocessing,worker-document,4.0.0-200,-,-,?,-,false,-
com.github.cafdataprocessing,worker-document-interface,4.0.0-200,-,-,?,-,false,-
com.github.cafdataprocessing,worker-document-shared,4.0.0-200,-,-,?,-,false,-
com.github.cafdataprocessing,worker-document-testing,4.0.0-200,-,-,?,-,false,-
com.github.cafdataprocessing,worker-document-testing-unit,4.0.0-200,-,-,?,-,false,-
com.github.cafdataprocessing,worker-languagedetection,3.0.0-254,-,-,?,-,false,-
com.github.cafdataprocessing,worker-markup-core,3.0.0-265,-,-,?,-,false,-
com.github.cafdataprocessing,worker-markup-testing,3.0.0-265,-,-,?,-,false,-
com.github.cafdataprocessing,worker-policy-binary-hash-worker-converter,1.5.0-84,-,-,?,-,false,-
com.github.cafdataprocessing,worker-policy-binary-hash-worker-handler,1.5.0-84,-,-,?,-,false,-
com.github.cafdataprocessing,worker-policy-boilerplate-worker-converter,1.5.0-84,-,-,?,-,false,-
com.github.cafdataprocessing,worker-policy-boilerplate-worker-handler,1.5.0-84,-,-,?,-,false,-
com.github.cafdataprocessing,worker-policy-classification-handler-base,1.5.0-84,-,-,?,-,false,-
com.github.cafdataprocessing,worker-policy-classification-worker-converter,1.5.0-84,-,-,?,-,false,-
com.github.cafdataprocessing,worker-policy-converter-qa,1.5.0-84,-,-,?,-,false,-
com.github.cafdataprocessing,worker-policy-converters-shared,1.5.0-84,-,-,?,-,false,-
com.github.cafdataprocessing,worker-policy-data-reprocessing-library,1.5.0-84,-,-,?,-,false,-
com.github.cafdataprocessing,worker-policy-document-worker-handler,1.5.0-84,-,-,?,-,false,-
com.github.cafdataprocessing,worker-policy-elasticsearch-classification-worker-handler,1.5.0-84,-,-,?,-,false,-
com.github.cafdataprocessing,worker-policy-field-mapping-handler,1.5.0-84,-,-,?,-,false,-
com.github.cafdataprocessing,worker-policy-generic-queue-handler,1.5.0-84,-,-,?,-,false,-
com.github.cafdataprocessing,worker-policy-handlers-converters-testing,1.5.0-84,-,-,?,-,false,-
com.github.cafdataprocessing,worker-policy-handlers-shared,1.5.0-84,-,-,?,-,false,-
com.github.cafdataprocessing,worker-policy-handlers-shared-document,1.5.0-84,-,-,?,-,false,-
com.github.cafdataprocessing,worker-policy-handlers-shared-document-converter,1.5.0-84,-,-,?,-,false,-
com.github.cafdataprocessing,worker-policy-markup-worker-converter,1.5.0-84,-,-,?,-,false,-
com.github.cafdataprocessing,worker-policy-markup-worker-handler,1.5.0-84,-,-,?,-,false,-
com.github.cafdataprocessing,worker-policy-stop-handler,1.5.0-84,-,-,?,-,false,-
com.github.cafdataprocessing,worker-policy-testing,1.5.0-84,-,-,?,-,false,-
com.github.cafdataprocessing,worker-policy-testing-handlers,1.5.0-84,-,-,?,-,false,-
com.github.cafdataprocessing,worker-policy-type-registrant,1.5.0-84,-,-,?,-,false,sun.misc.Unsafe                          See http://openjdk.java.net/jeps/260 + sun.security.x509.X500Name               Use javax.security.auth.x500.X500Principal @since 1.4
com.github.cafdataprocessing,worker-policy-version-tagging,1.5.0-84,-,-,?,-,false,-
com.github.cafdataprocessing,worker-workflow,1.0.0-157,-,-,?,-,false,-
com.github.cafdataprocessing,worker-workflow-constants,1.0.0-157,-,-,?,-,false,-
com.github.cafdataprocessing,workflow-to-js-transformer,1.0.0-157,-,-,?,-,false,-
com.github.camaral,sheeco,1.0,-,-,?,-,false,-
com.github.christiangda,storm-metrics-influxdb,1.0.4,-,-,?,-,false,-
com.github.chuckiefan,PGY,0.0.1,-,-,?,-,false,-
com.github.cliftonlabs,json-simple,3.0.2,-,-,?,-,false,-
com.github.cobrijani,jwt-security-spring-boot-starter,0.0.3,-,-,?,-,false,-
com.github.davidbolet.jpascalcoin,jPascalcoin,3.0.1,-,-,?,-,false,-
com.github.delegacy.youngbot,young-bot-core,0.0.3,-,-,?,-,false,-
com.github.delegacy.youngbot,young-bot-dispatcher,0.0.3,-,-,?,-,false,-
com.github.delegacy.youngbot,young-bot-dispatcher-spring-boot-autoconfigure,0.0.3,-,-,?,-,false,-
com.github.delegacy.youngbot,young-bot-dispatcher-spring-boot-starter,0.0.3,-,-,?,-,false,-
com.github.delegacy.youngbot,young-bot-server,0.0.3,-,-,?,-,false,-
com.github.delegacy.youngbot,young-bot-server-spring-boot-autoconfigure,0.0.3,-,-,?,-,false,-
com.github.delegacy.youngbot,young-bot-server-spring-boot-starter,0.0.3,-,-,?,-,false,-
com.github.delegacy.youngbot,young-bot-spring-boot-autoconfigure,0.0.3,-,-,?,-,false,-
com.github.dennisit,vplus-core,1.1.5,-,-,?,-,false,-
com.github.dennisit,vplus-data,1.1.5,-,-,?,-,false,-
com.github.dennisit,vplus-html,1.1.5,-,-,?,-,false,-
com.github.dennisit,vplus-mvc,1.1.5,-,-,?,-,false,-
com.github.dennisit,vplus-tutorial,1.1.5,-,-,?,-,false,-
com.github.derjust,spring-data-dynamodb,5.0.3,-,-,?,-,false,-
com.github.dieterdepaepe,jsearch-core,1.0.1,-,-,?,-,false,-
com.github.dieterdepaepe,jsearch-examples,1.0.1,-,-,?,-,false,-
com.github.domala,domala_2.12,0.1.0-beta.9,-,-,?,-,false,-
com.github.domala,domala-meta_2.12,0.1.0-beta.9,-,-,?,-,false,-
com.github.domala,domala-paradise_2.12,0.1.0-beta.9,-,-,?,-,false,-
com.github.dritonshoshi,n-sysmon-core,1.4.2,-,-,?,-,false,-
com.github.eatstreet,jurl,2.6.4,-,-,?,-,false,-
com.github.enadim,spring-cloud-ribbon-extensions,2.0.0,-,-,?,-,false,-
com.github.eoinf.ethanolshared,ethanolshared,1.7,-,-,?,-,false,sun.reflect.generics.reflectiveObjects.NotImplementedException Removed. See http://openjdk.java.net/jeps/260
com.github.ewoij.openminted.components,date-range-annotator,1.0.1,-,-,?,-,false,-
com.github.ewoij.openminted.components,hsm-ruta-liver-disease-tagger,1.0.4,-,-,?,-,false,-
com.github.ewoij.openminted.components,leica-model-annotator,1.0.0,-,-,?,-,false,-
com.github.fcofdez,alcaudon_2.12,0.0.39,-,-,?,-,false,-
com.github.flaxsearch,luwak,1.5.0,-,-,?,-,false,-
com.github.flaxsearch,luwak-benchmark,1.5.0,-,-,?,-,false,-
com.github.gabrielle-anderson,aws-lambda-proxy-java,1.0.7,-,-,?,-,false,-
com.github.gv2011,asn1,0.0.4,-,-,?,-,false,-
com.github.gv2011,gcol,0.3.10,-,-,?,-,false,-
com.github.gv2011,http,0.3.10,-,-,?,-,false,-
com.github.gv2011,jacksonadapter,0.3.10,-,-,?,-,false,-
com.github.gv2011,jsong,0.3.10,-,-,?,-,false,-
com.github.gv2011,util,0.3.10,-,-,?,-,false,-
com.github.gv2011,util-beans,0.3.10,-,-,?,-,false,-
com.github.gv2011,util-beans-cglib,0.3.10,-,-,?,-,false,-
com.github.gv2011,util-json,0.3.10,-,-,?,-,false,-
com.github.gv2011,util-logback,0.3.10,-,-,?,-,false,-
com.github.gv2011,util-swing,0.3.10,-,-,?,-,false,-
com.github.gv2011,util-test,0.3.10,-,-,?,-,false,-
com.github.hageldave.ezfftw,ezfftw,0.1.2,-,-,?,-,false,-
com.github.hageldave.imagingkit,imagingkit-core,2.0,-,-,?,-,false,-
com.github.harryemartland,queryrunner,1.4.1,-,-,?,-,false,-
com.github.havardh,javaflow,1.4.2,-,-,?,-,false,-
com.github.havardh,javaflow-maven-plugin,1.3.1,-,-,?,-,false,-
com.github.heuermh.adamcommands,adam-commands_2.10,0.22.0,-,-,?,-,false,-
com.github.heuermh.adamcommands,adam-commands_2.11,0.23.0,-,-,?,-,false,-
com.github.heuermh.adamexamples,adam-examples_2.10,0.22.0,-,-,?,-,false,sun.misc.Cleaner                         Use java.lang.ref.PhantomReference @since 1.2 or java.lang.ref.Cleaner @since 9 + sun.misc.Signal                          See http://openjdk.java.net/jeps/260 + sun.misc.SignalHandler                   See http://openjdk.java.net/jeps/260 + sun.misc.Unsafe                          See http://openjdk.java.net/jeps/260
com.github.heuermh.adamexamples,adam-examples_2.11,0.23.0,-,-,?,-,false,sun.misc.Cleaner                         Use java.lang.ref.PhantomReference @since 1.2 or java.lang.ref.Cleaner @since 9 + sun.misc.Signal                          See http://openjdk.java.net/jeps/260 + sun.misc.SignalHandler                   See http://openjdk.java.net/jeps/260 + sun.misc.Unsafe                          See http://openjdk.java.net/jeps/260 + sun.security.x509.X500Name               Use javax.security.auth.x500.X500Principal @since 1.4
com.github.heuermh.maven.plugin.changes,github-changes-maven-plugin,1.0,-,-,?,-,false,-
com.github.hiwayama,jsonrpc4j-jsonSchema,0.2-alpha-1,-,-,?,-,false,-
com.github.hqstevenson.aries,aries.blueprint.util,0.1.1,-,-,?,-,false,-
com.github.hqstevenson.junit,activemq-junit,1.0.2,-,-,?,-,false,-
com.github.hqstevenson.junit,hapi-junit,1.0.2,-,-,?,-,false,-
com.github.hqstevenson.junit,mllp-junit,1.0.2,-,-,?,-,false,-
com.github.hqstevenson.junit,sftp-junit,0.2.7,-,-,?,-,false,-
com.github.hqstevenson.splunk,splunk.aries.blueprint,0.1.4,-,-,?,-,false,-
com.github.hqstevenson.splunk,splunk.httpec,1.5.1,-,-,?,-,false,-
com.github.hqstevenson.splunk,splunk.jms,1.5.0,-,-,?,-,false,-
com.github.hqstevenson.splunk,splunk.jms.activemq,1.5.0,-,-,?,-,false,-
com.github.hqstevenson.splunk,splunk.jmx,1.5.0,-,-,?,-,false,-
com.github.hqstevenson.test,tcp-test-util,1.0.1,-,-,?,-,false,-
com.github.h-thurow,q2o,3.11,-,-,?,-,false,-
com.github.h-thurow,sansorm,3.8,-,-,?,-,false,-
com.github.h-thurow,simple-jndi,0.17.2,-,-,?,-,false,-
com.github.h-thurow,tomcat8jndi,1.0.0,-,-,?,-,false,-
com.github.h-thurow,TomcatJNDI,1.0.0,-,-,?,-,false,-
com.github.iamdrq,staticlient,1.1.1,-,-,?,-,false,-
com.github.imas-alex,Community,0.0.7,-,-,?,-,false,-
com.github.imas-alex,Graph,0.0.11,-,-,?,-,false,-
com.github.imas-alex,JEntigrator,0.0.7,-,-,?,-,false,-
com.github.imliar,slicker-core_2.11,0.3,-,-,?,-,false,-
com.github.imliar,slicker-core_2.12,0.3,-,-,?,-,false,-
com.github.imliar,slicker-monad_2.11,0.3,-,-,?,-,false,-
com.github.imliar,slicker-monad_2.12,0.3,-,-,?,-,false,-
com.github.imliar,slicker-postgres_2.11,0.3,-,-,?,-,false,-
com.github.imliar,slicker-postgres_2.12,0.3,-,-,?,-,false,-
com.github.ironrobot,spring-boot-starter-ajaxclient,0.0.2,-,-,?,-,false,-
com.github.iwantthink,analytics,1.0.1,-,-,?,-,false,-
com.github.j3t,ssl-utils,1.0.2,-,-,?,-,false,-
com.github.jeanadrien,evrythng-scala-sdk_2.11,0.1.0,-,-,?,-,false,-
com.github.jeanadrien,gatling-mqtt-protocol_2.11,1.1.0,-,-,?,-,false,-
com.github.jeanadrien,gatling-mqtt-protocol_2.12,1.2,-,-,?,-,false,-
com.github.jferard,fastods,0.6.0,-,-,?,-,false,-
com.github.jferard,fastods-testlib,0.6.0,-,-,?,-,false,-
com.github.jhg023,SimpleNet,1.2.0,-,-,?,-,false,-
com.github.jleskovar,btc-rpc-client,1.1.0,-,-,?,-,false,-
com.github.jleskovar,graphql-java,2.4.0-no-slf4j,-,-,?,-,false,-
com.github.joecourtneyw,R6J,1.0.3,-,-,?,-,false,-
com.github.johnnyjayjay,CommandAPI,3.2,-,-,?,-,false,-
com.github.jrialland,ajpclient,1.10,-,-,?,-,false,-
com.github.kaiwinter,android-remote-notifications,1.1.5,-,-,?,-,false,-
com.github.kcjang,scmutil,1.0.2.2,-,-,?,-,false,sun.misc.BASE64Decoder                   Use java.util.Base64 @since 1.8 + sun.misc.BASE64Encoder                   Use java.util.Base64 @since 1.8
com.github.kenwdelong,stability-utils,1.6.2,-,-,?,-,false,-
com.github.kkarad,contextprop,0.5,-,-,?,-,false,-
com.github.kobusgrobler,fileswitcher-maven-plugin,1.0.0,-,-,?,-,false,-
com.github.koloo91,kt-tradfri,1.0.0,-,-,?,-,false,-
com.github.kurbatov,firmata4j,2.3.6,-,-,?,-,false,-
com.github.kvishalnie,BeanMapper,0.0.4,-,-,?,-,false,-
com.github.likeabook,simple-web-server,0.7,-,-,?,-,false,-
com.github.limeng32,mybatis.flying,0.9.4,-,-,?,-,false,-
com.github.limiaogithub,yt_base,1.0.0,-,-,?,-,false,-
com.github.limiaogithub,yt_excel,1.0.0,-,-,?,-,false,-
com.github.limiaogithub,yt_mybatis,3.0.1,-,-,?,-,false,-
com.github.liudaomanbu,data-excel,1.0,-,-,?,-,false,-
com.github.liulus,lit,2.1,-,-,?,-,false,-
com.github.liulus,lit-box,1.0.0,-,-,?,-,false,-
com.github.liulus,lit-code,2.1,-,-,?,-,false,-
com.github.liulus,lit-commons,2.0,-,-,?,-,false,-
com.github.liulus,lit-event-spring-boot-starter,2.1,-,-,?,-,false,-
com.github.liulus,lit-jdbc,2.1,-,-,?,-,false,-
com.github.liulus,lit-mybatis-spring-boot-starter,2.1,-,-,?,-,false,-
com.github.liulus,lit-spring-boot-starters,2.1,-,-,?,-,false,-
com.github.liulus,lit-support,2.1,-,-,?,-,false,-
com.github.liulus,lit-test,2.1,-,-,?,-,false,-
com.github.liulus,lit-util,2.1,-,-,?,-,false,-
com.github.liulus,lit-web-spring-boot-starter,2.1,-,-,?,-,false,-
com.github.loganathan001,async-helper,1.2.0,-,-,?,-,false,-
com.github.loggly.log4jSyslogWriter64k,log4jSyslogWriter64k,2.0.0,-,-,?,-,false,-
com.github.mauricioaniche,ck,0.2.0,-,-,?,-,false,-
com.github.maxbraun.maven,po-helper-plugin,1.0.5,-,-,?,-,false,-
com.github.maxbraun.test,joe,1.0.0,-,-,?,-,false,-
com.github.megallo,markoverator,2.1.0,-,-,?,-,false,-
com.github.mhshams,core,0.5.0,-,-,?,-,false,-
com.github.mhshams,jnbis,2.0.1,-,-,?,-,false,-
com.github.mhshams,loader,0.5.0,-,-,?,-,false,-
com.github.michaelruocco,embedded-mysql-plugin,2.1.7,-,-,?,-,false,-
com.github.michaelruocco,json-logger,1.0.1,-,-,?,-,false,-
com.github.michaelruocco,property-loader,3.0.2,-,-,?,-,false,-
com.github.michaelruocco,simple-dynamo,3.0.2,-,-,?,-,false,-
com.github.michaelruocco,simple-google-bucket,1.0.0,-,-,?,-,false,-
com.github.michaelruocco,simple-s3,1.0.1,-,-,?,-,false,-
com.github.michaelruocco,template-populator,3.0.4,-,-,?,-,false,-
com.github.michaelruocco,wso2-api-manager-client,5.0.4,-,-,?,-,false,-
com.github.michaelruocco,wso2-api-publisher-client,2.0.0,-,-,?,-,false,-
com.github.michaelruocco,wso2-api-publisher-plugin,1.0.4,-,-,?,-,false,-
com.github.michaelruocco,wso2-car-deployer,1.0.1,-,-,?,-,false,-
com.github.michaelruocco,wso2-test-containers,1.0.2,-,-,?,-,false,-
com.github.michaelruocco,xml-to-csv,1.0.1,-,-,?,-,false,-
com.github.mkorman9.districron,common,1.0.101,-,-,?,-,false,-
com.github.mkorman9.districron,implementation,1.0.101,-,-,?,-,false,sun.misc.Signal                          See http://openjdk.java.net/jeps/260 + sun.misc.SignalHandler                   See http://openjdk.java.net/jeps/260 + sun.misc.Unsafe                          See http://openjdk.java.net/jeps/260 + sun.reflect.Reflection                   Use java.lang.StackWalker @since 9 + sun.security.util.HostnameChecker        Use javax.net.ssl.SSLParameters.setEndpointIdentificationAlgorithm("HTTPS") @since 1.7 +                                          or javax.net.ssl.HttpsURLConnection.setHostnameVerifier() @since 1.4 + sun.security.x509.X500Name               Use javax.security.auth.x500.X500Principal @since 1.4
com.github.mkorman9,scala-dynamodb-mapper,0.7,-,-,?,-,false,-
com.github.monee1988,mybatis-page,0.0.2-RELEASE,-,-,?,-,false,-
com.github.monee1988,smquickdev,0.0.2-RELEASE,-,-,?,-,false,-
com.github.mskimm,ann4s_2.11,0.1.4,-,-,?,-,false,-
com.github.naoghuman,lib-action,0.6.0,-,-,?,-,false,-
com.github.naoghuman,lib-database-objectdb,0.5.1,-,-,?,-,false,-
com.github.naoghuman,lib-logger,0.6.0,-,-,?,-,false,-
com.github.naoghuman,lib-preferences,0.5.1,-,-,?,-,false,-
com.github.naoghuman,lib-properties,0.5.1,-,-,?,-,false,-
com.github.naoghuman,lib-tag-component,0.3.0,-,-,?,-,false,-
com.github.naoghuman,lib-tag-components,0.2.0,-,-,?,-,false,-
com.github.naoghuman,lib-tag-core,0.3.0,-,-,?,-,false,-
com.github.naoghuman,lib-validation,0.2.0,-,-,?,-,false,-
com.github.nopparat-mkw.dateutility,dateutility,3.0,-,-,?,-,false,-
com.github.noraui,cucumber-metrics,2.1.0.R2,-,-,?,-,false,-
com.github.noraui,noraui,3.2.0,-,-,?,-,false,-
com.github.nstdio,retrofit-either-adapter,1.0.1,-,-,?,-,false,-
com.github.odinysus,mybatis-boot-generator-autoconfigure,0.0.3,-,-,?,-,false,-
com.github.oli-ver,datatables-ssp-java,1.0.1,-,-,?,-,false,-
com.github.peterzeller,abstractsyntaxgen,0.2.0,-,-,?,-,false,-
com.github.peterzeller,java-smallcheck,0.0.4,-,-,?,-,false,-
com.github.pinterest,doctorkafka,0.2.2,-,-,?,-,false,-
com.github.pinterest,kafkastats,0.2.2,-,-,?,-,false,-
com.github.pukkaone,jar-invoke,6.3.2-1,-,-,?,-,false,-
com.github.pukkaone,logback-gelf,1.1.11,-,-,?,-,false,-
com.github.pukkaone,odata-elasticsearch2-spring-boot-starter,1.4.0-0,-,-,?,-,false,-
com.github.pukkaone,odata-web-spring-boot-starter,1.4.0-0,-,-,?,-,false,-
com.github.reinaldoarrosi,query-builder,0.1.1,-,-,?,-,false,-
com.github.ricardoffmartins,boson_2.12,1.3,-,-,?,-,false,-
com.github.ricsirigu,indexchecker_2.11,3.1.17,-,-,?,-,false,-
com.github.ricsirigu,omniauth_3.0_2.11,0.18,-,-,?,-,false,sun.misc.BASE64Encoder                   Use java.util.Base64 @since 1.8
com.github.ricsirigu,rogue-core_2.11,3.1.17,-,-,?,-,false,-
com.github.ricsirigu,rogue-field_2.11,3.1.17,-,-,?,-,false,-
com.github.ricsirigu,rogue-field_2.12,3.1.17,-,-,?,-,false,-
com.github.ricsirigu,rogue-index_2.11,3.1.17,-,-,?,-,false,-
com.github.ricsirigu,rogue-lift_2.11,3.1.17,-,-,?,-,false,-
com.github.ricsirigu,root_2.11,3.1.17,-,-,?,-,false,-
com.github.ricsirigu,root_2.12,3.1.17,-,-,?,-,false,-
com.github.rubinchen.lint.auto.plug,lintauto,0.5.1,-,-,?,-,false,-
com.github.samitc.utils,common-utils,0.1.2,-,-,?,-,false,-
com.github.samitc.utils,io-utils,0.1.2,-,-,?,-,false,-
com.github.seanroy,lambda-maven-plugin,2.3.2,-,-,?,-,false,-
com.github.seanroy,loglady_2.12,1.1.0,-,-,?,-,false,-
com.github.shibayu36,joda-time-fake_2.11,0.0.2,-,-,?,-,false,-
com.github.shibayu36,joda-time-fake_2.12,0.0.2,-,-,?,-,false,-
com.github.signalr4j,signalr4j,2.0.3,-,-,?,-,false,-
com.github.slavaz,embedded-postgresql-maven-plugin,1.2.2,-,-,?,-,false,-
com.github.sqlunit4j,sqlunit4j,0.1.0,-,-,?,-,false,-
com.github.stachu540,HiRezApi-common,2.1.0,-,-,?,-,false,-
com.github.stachu540,HiRezApi-core,2.1.0,-,-,?,-,false,-
com.github.stachu540,HiRezApi-paladins,2.1.0,-,-,?,-,false,-
com.github.stachu540,HiRezApi-smite,2.1.0,-,-,?,-,false,-
com.github.stefanbirkner,fake-sftp-server-lambda,1.0.0,-,-,?,-,false,-
com.github.stefanbirkner,fake-sftp-server-rule,2.0.1,-,-,?,-,false,-
com.github.stefanbirkner,fishbowl,1.4.1,-,-,?,-,false,-
com.github.stefanbirkner,jersey-micrometer,1.0.0,-,-,?,-,false,-
com.github.stefanbirkner,system-rules,1.18.0,-,-,?,-,false,-
com.github.tankist88,carpenter-collector,0.0.1,-,-,?,-,false,-
com.github.tankist88,carpenter-core,0.0.2,-,-,?,-,false,-
com.github.tankist88,carpenter-generator,0.0.1,-,-,?,-,false,-
com.github.tankist88,guava-extension,0.0.3,-,-,?,-,false,-
com.github.tankist88,jodatime-extension,0.0.3,-,-,?,-,false,-
com.github.tankist88,object2source,0.0.4,-,-,?,-,false,-
com.github.tantalor93,structlogger,0.1.0,-,-,?,-,false,com.sun.tools.javac.model.JavacElements  Use javax.tools and javax.lang.model @since 1.6 + com.sun.tools.javac.processing.JavacProcessingEnvironment Use javax.tools and javax.lang.model @since 1.6 + com.sun.tools.javac.tree.JCTree          Use com.sun.source @since 1.6 + com.sun.tools.javac.tree.JCTree$JCClassDecl Use com.sun.source @since 1.6 + com.sun.tools.javac.tree.JCTree$JCExpression Use com.sun.source @since 1.6 + com.sun.tools.javac.tree.JCTree$JCExpressionStatement Use com.sun.source @since 1.6 + com.sun.tools.javac.tree.JCTree$JCFieldAccess Use com.sun.source @since 1.6 + com.sun.tools.javac.tree.JCTree$JCIdent  Use com.sun.source @since 1.6 + com.sun.tools.javac.tree.JCTree$JCLiteral Use com.sun.source @since 1.6 + com.sun.tools.javac.tree.JCTree$JCMethodInvocation Use com.sun.source @since 1.6 + com.sun.tools.javac.tree.JCTree$JCNewClass Use com.sun.source @since 1.6 + com.sun.tools.javac.tree.TreeMaker       Use com.sun.source @since 1.6 + com.sun.tools.javac.util.Context         Use javax.tools and javax.lang.model @since 1.6 + com.sun.tools.javac.util.List            Use javax.tools and javax.lang.model @since 1.6 + com.sun.tools.javac.util.ListBuffer      Use javax.tools and javax.lang.model @since 1.6 + com.sun.tools.javac.util.Name            Use javax.tools and javax.lang.model @since 1.6 + com.sun.tools.javac.util.Names           Use javax.tools and javax.lang.model @since 1.6
com.github.tantalor93,structlogger-benchmark,0.1.0,-,-,?,-,false,-
com.github.tantalor93,structlogger-example,0.1.0,-,-,?,-,false,-
com.github.tantalor93,structlogger-tests,0.1.0,-,-,?,-,false,-
com.github.tomtung,latex2unicode_2.11,0.2.4,-,-,?,-,false,-
com.github.tomtung,latex2unicode_2.12,0.2.4,-,-,?,-,false,-
com.github.tteky,xenon-ext-jaxrs,0.1,-,-,?,-,false,-
com.github.tteky,xenon-fsm,0.1,-,-,?,-,false,-
com.github.unknownnpc.jsontostring,json-to-string-maven-plugin,1.0,-,-,?,-,false,-
com.github.unknownnpc.plugins,json-compressor,1.3,-,-,?,-,false,-
com.github.unknownnpc.plugins,json-to-string-maven-plugin,1.2,-,-,?,-,false,-
com.github.vagmcs,optimus_2.11,3.0.0,-,-,?,-,false,-
com.github.vagmcs,optimus_2.12,3.0.0,-,-,?,-,false,-
com.github.vagmcs,optimus-solver-gurobi_2.11,3.0.0,-,-,?,-,false,-
com.github.vagmcs,optimus-solver-gurobi_2.12,3.0.0,-,-,?,-,false,-
com.github.vagmcs,optimus-solver-lp_2.11,3.0.0,-,-,?,-,false,-
com.github.vagmcs,optimus-solver-lp_2.12,3.0.0,-,-,?,-,false,-
com.github.vagmcs,optimus-solver-mosek_2.11,3.0.0,-,-,?,-,false,-
com.github.vagmcs,optimus-solver-mosek_2.12,3.0.0,-,-,?,-,false,-
com.github.vagmcs,optimus-solver-oj_2.11,3.0.0,-,-,?,-,false,-
com.github.vagmcs,optimus-solver-oj_2.12,3.0.0,-,-,?,-,false,-
com.github.vagmcs,scalatikz_2.11,0.2.0,-,-,?,-,false,-
com.github.vagmcs,scalatikz_2.12,0.2.0,-,-,?,-,false,-
com.github.vaibhav-sinha,kong-java-client,0.1.0,-,-,?,-,false,-
com.github.vaibhav-sinha,spring-remoting-grpc,0.1.0,-,-,?,-,false,-
com.github.vindell,httpconn,1.0.1.RELEASE,-,-,?,-,false,-
com.github.vindell,shiro-biz,1.0.3.RELEASE,-,-,?,-,false,-
com.github.vindell,spring-boot-starter-casclient,1.0.0.RELEASE,-,-,?,-,false,-
com.github.vindell,spring-boot-starter-disruptor,1.0.0.RELEASE,-,-,?,-,false,-
com.github.vindell,spring-boot-starter-druid-plus,1.0.3.RELEASE,-,-,?,-,false,-
com.github.vindell,spring-boot-starter-flyway-plus,1.0.1.RELEASE,-,-,?,-,false,-
com.github.vindell,spring-boot-starter-hikaricp-plus,1.0.2.RELEASE,-,-,?,-,false,-
com.github.vindell,spring-boot-starter-kaptcha,1.0.1.RELEASE,-,-,?,-,false,-
com.github.vindell,spring-boot-starter-log4j2-biz,1.0.0.RELEASE,-,-,?,-,false,-
com.github.vindell,spring-boot-starter-log4j2-plus,1.0.1.RELEASE,-,-,?,-,false,-
com.github.vindell,spring-boot-starter-maven-invoker,1.0.1.RELEASE,-,-,?,-,false,-
com.github.vindell,spring-boot-starter-okhttp3,1.0.0.RELEASE,-,-,?,-,false,-
com.github.vindell,spring-boot-starter-pf4j,1.0.0.RELEASE,-,-,?,-,false,-
com.github.vindell,spring-boot-starter-pf4j2,1.0.1.RELEASE,-,-,?,-,false,-
com.github.vindell,spring-boot-starter-rocketmq,1.0.0.RELEASE,-,-,?,-,false,-
com.github.vindell,spring-boot-starter-schemacrawler,1.0.0,-,-,?,-,false,-
com.github.vindell,spring-boot-starter-sitemesh3,1.0.0.RELEASE,-,-,?,-,false,-
com.github.vindell,spring-boot-starter-soapui,1.0.0.RELEASE,-,-,?,-,false,-
com.github.vindell,spring-boot-starter-socketio,1.0.1.RELEASE,-,-,?,-,false,-
com.github.vindell,spring-boot-starter-validation-mimetypes,1.0.0.RELEASE,-,-,?,-,false,-
com.github.vioao,wechat-sdk,1.1.0,-,-,?,-,false,-
com.github.vlachenal,sql-request-builder,0.2,-,-,?,-,false,-
com.github.vveloso,jmxtrans-output-elastic-aggregate,2.2,-,-,?,-,false,-
com.github.wilaszekg,scala-dynamic-di_2.12,0.0.4,-,-,?,-,false,-
com.github.writethemfirst,approvals-java,0.4.1,-,-,?,-,false,-
com.github.xiaoymin,swagger-bootstrap-ui,1.8.1,-,-,?,-,false,-
com.github.xingfudeshi,yoyo,1.0.0,-,-,?,-,false,-
com.github.yangtu222,BeanUtils,1.0.9,-,-,?,-,false,-
com.github.ymonnier.sql-helper,ym-sql-helper,1.0-0,-,-,?,-,false,-
com.github.zdylalala,zdy-rpc,1.0-RELEASE,-,-,?,-,false,-
com.lihaoyi,mill-contrib_2.12,0.2.6-27-613878,-,-,?,-,false,-
com.lihaoyi,mill-contrib-buildinfo_2.12,0.2.6-27-613878,-,-,?,-,false,-
com.lihaoyi,mill-contrib-scalapblib_2.12,0.2.6-27-613878,-,-,?,-,false,-
com.lihaoyi,mill-contrib-testng,0.2.6-27-613878,-,-,?,-,false,-
com.lihaoyi,mill-contrib-twirllib_2.12,0.2.6-27-613878,-,-,?,-,false,-
com.lihaoyi,mill-dev_2.12,0.2.6-27-613878,-,-,?,-,false,-
com.lihaoyi,mill-integration_2.12,2018-02-10T22-20-56-317Z-719ff8a6d79093d390b0d5ce7d01755e65fcd484,-,-,?,-,false,-
com.lihaoyi,mill-main_2.12,2018-02-10T22-20-56-317Z-719ff8a6d79093d390b0d5ce7d01755e65fcd484,-,-,?,-,false,-
com.lihaoyi,mill-main-client,0.2.6-27-613878,-,-,?,-,false,-
com.lihaoyi,mill-main-core_2.12,0.2.6-27-613878,-,-,?,-,false,-
com.lihaoyi,mill-main-graphviz_2.12,0.2.6-27-613878,-,-,?,-,false,-
com.lihaoyi,mill-main-moduledefs_2.12,0.2.6-27-613878,-,-,?,-,false,-
com.lihaoyi,mill-scalajslib_2.12,2018-02-10T22-20-56-317Z-719ff8a6d79093d390b0d5ce7d01755e65fcd484,-,-,?,-,false,-
com.lihaoyi,mill-scalajslib-worker-0.6_2.12,0.2.6-27-613878,-,-,?,-,false,-
com.lihaoyi,mill-scalajslib-worker-1.0_2.12,0.2.6-27-613878,-,-,?,-,false,-
com.lihaoyi,mill-scalalib_2.12,2018-02-10T22-20-56-317Z-719ff8a6d79093d390b0d5ce7d01755e65fcd484,-,-,?,-,false,-
com.lihaoyi,mill-scalalib-backgroundwrapper,0.2.6-27-613878,-,-,?,-,false,-
com.lihaoyi,mill-scalalib-worker_2.12,0.2.6-27-613878,-,-,?,-,false,-
com.lihaoyi,mill-scalanativelib_2.12,0.2.6-27-613878,-,-,?,-,false,-
com.lihaoyi,mill-scalanativelib-worker-0.3_2.12,0.2.6-27-613878,-,-,?,-,false,-
