groupId,artifactId,version,moduleName,moduleVersion,moduleMode,moduleDependencies,jdepsToolError,jdepsViolations
com.adashrod.mkvscanner,mkvscanner,1.0.1,-,-,?,-,false,-
com.airhacks,perceptor,0.0.1,-,-,?,-,false,-
com.airhacks,perceptor-spy,0.0.1,-,-,?,-,false,-
com.btc-ag.redg,redg-extractor,1.1.2,-,-,?,-,false,-
com.btc-ag.redg,redg-generator,1.1.2,-,-,?,-,false,-
com.btc-ag.redg,redg-jpa-providers,1.1.2,-,-,?,-,false,-
com.btc-ag.redg,redg-maven-plugin,1.1.2,-,-,?,-,false,-
com.btc-ag.redg,redg-models,1.1.2,-,-,?,-,false,-
com.btc-ag.redg,redg-runtime,1.1.2,-,-,?,-,false,-
com.deploygate,gradle,1.1.0,-,-,?,-,false,-
com.develeap,mvn.enforce.concrete-version,1.2,-,-,?,-,false,-
com.didispace,easy-utils,1.0.0-RELEASE,-,-,?,-,false,-
com.didispace,scca-core,1.0.0-RELEASE,-,-,?,-,false,-
com.didispace,scca-discovery-consul,1.0.0-RELEASE,-,-,?,-,false,-
com.didispace,scca-discovery-eureka,1.0.0-RELEASE,-,-,?,-,false,-
com.didispace,scca-persistence-db,1.0.0-RELEASE,-,-,?,-,false,-
com.didispace,scca-persistence-git,1.0.0-RELEASE,-,-,?,-,false,-
com.didispace,scca-rest,1.0.0-RELEASE,-,-,?,-,false,-
com.didispace,scca-ui,1.0.0-RELEASE,-,-,?,-,false,-
com.didispace,spring-boot-starter-swagger,1.4.1.RELEASE,-,-,?,-,false,-
com.didispace,swagger-butler-core,1.2.0,-,-,?,-,false,-
com.dropbox.core,dropbox-core-sdk,3.0.8,-,-,?,-,false,-
com.elevenware.felson,felson-api,0.0.1,-,-,?,-,false,-
com.elevenware.felson,felson-security,0.0.1,-,-,?,-,false,-
com.gwidgets,gwty-leaflet,1.0,-,-,?,-,false,-
com.gwidgets.maven,gwt-simple,0.4,-,-,?,-,false,-
com.gwidgets.maven,gwt-simple-mojo-plugin,0.4,-,-,?,-,false,-
com.gwidgets.maven,spring-boot-gwt,0.4,-,-,?,-,false,-
com.happinesea,rws-lib,1.0.0_preview,-,-,?,-,false,-
com.linkedin.azkaban,az-core,3.50.3,-,-,?,-,false,-
com.linkedin.azkaban,azkaban-common,3.50.3,-,-,?,-,false,-
com.linkedin.azkaban,azkaban-spi,3.50.3,-,-,?,-,false,-
com.linkedin.gobblin,generated_src,0.11.0,-,-,?,-,false,-
com.linkedin.gobblin,generated_testSrc,0.11.0,-,-,?,-,false,-
com.linkedin.gobblin,gobblin-admin,0.11.0,-,-,?,-,false,-
com.linkedin.gobblin,gobblin-api,0.11.0,-,-,?,-,false,-
com.linkedin.gobblin,gobblin-audit,0.11.0,-,-,?,-,false,-
com.linkedin.gobblin,gobblin-avro-json,0.11.0,-,-,?,-,false,-
com.linkedin.gobblin,gobblin-aws,0.11.0,-,-,?,-,false,-
com.linkedin.gobblin,gobblin-azkaban,0.11.0,-,-,?,-,false,-
com.linkedin.gobblin,gobblin-azure-datalake,0.11.0,-,-,?,-,false,-
com.linkedin.gobblin,gobblin-cluster,0.11.0,-,-,?,-,false,-
com.linkedin.gobblin,gobblin-codecs,0.11.0,-,-,?,-,false,-
com.linkedin.gobblin,gobblin-compaction,0.11.0,-,-,?,-,false,-
com.linkedin.gobblin,gobblin-compliance,0.11.0,-,-,?,-,false,-
com.linkedin.gobblin,gobblin-config-client,0.11.0,-,-,?,-,false,-
com.linkedin.gobblin,gobblin-config-core,0.11.0,-,-,?,-,false,-
com.linkedin.gobblin,gobblin-config-management,0.11.0,-,-,?,-,false,-
com.linkedin.gobblin,gobblin-core,0.11.0,-,-,?,-,false,-
com.linkedin.gobblin,gobblin-core-base,0.11.0,-,-,?,-,false,-
com.linkedin.gobblin,gobblin-couchbase,0.11.0,-,-,?,-,false,-
com.linkedin.gobblin,gobblin-crypto,0.11.0,-,-,?,-,false,-
com.linkedin.gobblin,gobblin-crypto-provider,0.11.0,-,-,?,-,false,-
com.linkedin.gobblin,gobblin-data-management,0.11.0,-,-,?,-,false,-
com.linkedin.gobblin,gobblin-distribution,0.11.0,-,-,?,-,false,-
com.linkedin.gobblin,gobblin-eventhub,0.11.0,-,-,?,-,false,-
com.linkedin.gobblin,gobblin-example,0.11.0,-,-,?,-,false,-
com.linkedin.gobblin,gobblin-flow-config-service,0.11.0,-,-,?,-,false,-
com.linkedin.gobblin,gobblin-flow-config-service-api,0.11.0,-,-,?,-,false,-
com.linkedin.gobblin,gobblin-flow-config-service-api-data-template,0.11.0,-,-,?,-,false,-
com.linkedin.gobblin,gobblin-flow-config-service-api-rest-client,0.11.0,-,-,?,-,false,-
com.linkedin.gobblin,gobblin-flow-config-service-client,0.11.0,-,-,?,-,false,-
com.linkedin.gobblin,gobblin-flow-config-service-server,0.11.0,-,-,?,-,false,-
com.linkedin.gobblin,gobblin-helix,0.11.0,-,-,?,-,false,-
com.linkedin.gobblin,gobblin-hive-registration,0.11.0,-,-,?,-,false,-
com.linkedin.gobblin,gobblin-http,0.11.0,-,-,?,-,false,-
com.linkedin.gobblin,gobblin-kafka-08,0.11.0,-,-,?,-,false,-
com.linkedin.gobblin,gobblin-kafka-09,0.11.0,-,-,?,-,false,-
com.linkedin.gobblin,gobblin-kafka-common,0.11.0,-,-,?,-,false,-
com.linkedin.gobblin,gobblin-metadata,0.11.0,-,-,?,-,false,-
com.linkedin.gobblin,gobblin-metastore,0.11.0,-,-,?,-,false,-
com.linkedin.gobblin,gobblin-metrics,0.11.0,-,-,?,-,false,-
com.linkedin.gobblin,gobblin-metrics-base,0.11.0,-,-,?,-,false,-
com.linkedin.gobblin,gobblin-metrics-graphite,0.11.0,-,-,?,-,false,-
com.linkedin.gobblin,gobblin-metrics-hadoop,0.11.0,-,-,?,-,false,-
com.linkedin.gobblin,gobblin-metrics-influxdb,0.11.0,-,-,?,-,false,-
com.linkedin.gobblin,gobblin-metrics-libs,0.11.0,-,-,?,-,false,-
com.linkedin.gobblin,gobblin-modules,0.11.0,-,-,?,-,false,-
com.linkedin.gobblin,gobblin-rest-api,0.11.0,-,-,?,-,false,-
com.linkedin.gobblin,gobblin-rest-api-data-template,0.11.0,-,-,?,-,false,-
com.linkedin.gobblin,gobblin-rest-api-rest-client,0.11.0,-,-,?,-,false,-
com.linkedin.gobblin,gobblin-rest-client,0.11.0,-,-,?,-,false,-
com.linkedin.gobblin,gobblin-restli,0.11.0,-,-,?,-,false,-
com.linkedin.gobblin,gobblin-restli-utils,0.11.0,-,-,?,-,false,-
com.linkedin.gobblin,gobblin-rest-server,0.11.0,-,-,?,-,false,-
com.linkedin.gobblin,gobblin-rest-service,0.11.0,-,-,?,-,false,-
com.linkedin.gobblin,gobblin-runtime,0.11.0,-,-,?,-,false,-
com.linkedin.gobblin,gobblin-runtime-hadoop,0.11.0,-,-,?,-,false,-
com.linkedin.gobblin,gobblin-salesforce,0.11.0,-,-,?,-,false,-
com.linkedin.gobblin,gobblin-service,0.11.0,-,-,?,-,false,-
com.linkedin.gobblin,gobblin-sql,0.11.0,-,-,?,-,false,-
com.linkedin.gobblin,gobblin-test,0.11.0,-,-,?,-,false,-
com.linkedin.gobblin,gobblin-test-harness,0.11.0,-,-,?,-,false,-
com.linkedin.gobblin,gobblin-test-utils,0.11.0,-,-,?,-,false,-
com.linkedin.gobblin,gobblin-throttling-service,0.11.0,-,-,?,-,false,-
com.linkedin.gobblin,gobblin-throttling-service-api,0.11.0,-,-,?,-,false,-
com.linkedin.gobblin,gobblin-throttling-service-api-data-template,0.11.0,-,-,?,-,false,-
com.linkedin.gobblin,gobblin-throttling-service-api-rest-client,0.11.0,-,-,?,-,false,-
com.linkedin.gobblin,gobblin-throttling-service-client,0.11.0,-,-,?,-,false,-
com.linkedin.gobblin,gobblin-throttling-service-server,0.11.0,-,-,?,-,false,-
com.linkedin.gobblin,gobblin-tunnel,0.11.0,-,-,?,-,false,-
com.linkedin.gobblin,gobblin-utility,0.11.0,-,-,?,-,false,-
com.linkedin.gobblin,gobblin-yarn,0.11.0,-,-,?,-,false,-
com.linkedin.gobblin,google-ingestion,0.11.0,-,-,?,-,false,-
com.linkedin.gobblin,jobconf,0.11.0,-,-,?,-,false,-
com.linkedin.gobblin,metastore_db,0.11.0,-,-,?,-,false,-
com.linkedin.gobblin,resource,0.11.0,-,-,?,-,false,-
com.linkedin.parseq,parseq,2.6.35,-,-,?,-,false,-
com.linkedin.parseq,parseq-batching,2.6.35,-,-,?,-,false,-
com.linkedin.parseq,parseq-benchmark,2.6.35,-,-,?,-,false,-
com.linkedin.parseq,parseq-exec,2.6.35,-,-,?,-,false,-
com.linkedin.parseq,parseq-http-client,2.6.35,-,-,?,-,false,-
com.linkedin.parseq,parseq-lambda-names,2.6.35,-,-,?,-,false,-
com.linkedin.parseq,parseq-restli-client,2.6.35,-,-,?,-,false,-
com.linkedin.parseq,parseq-tracevis-server,2.6.35,-,-,?,-,false,-
com.linkedin.parseq,parseq-zk-client,2.6.35,-,-,?,-,false,-
com.linkedin.pegasus,d2,21.0.0,-,-,?,-,false,-
com.linkedin.pegasus,d2-benchmark,21.0.0,-,-,?,-,false,-
com.linkedin.pegasus,d2-contrib,21.0.0,-,-,?,-,false,-
com.linkedin.pegasus,d2-int-test,21.0.0,-,-,?,-,false,-
com.linkedin.pegasus,d2-schemas,21.0.0,-,-,?,-,false,-
com.linkedin.pegasus,data,21.0.0,-,-,?,-,false,-
com.linkedin.pegasus,data-avro-1_6,21.0.0,-,-,?,-,false,-
com.linkedin.pegasus,data-avro,21.0.0,-,-,?,-,false,-
com.linkedin.pegasus,data-avro-generator,21.0.0,-,-,?,-,false,-
com.linkedin.pegasus,data-testutils,21.0.0,-,-,?,-,false,-
com.linkedin.pegasus,data-transform,21.0.0,-,-,?,-,false,-
com.linkedin.pegasus,degrader,21.0.0,-,-,?,-,false,-
com.linkedin.pegasus,entity-stream,21.0.0,-,-,?,-,false,-
com.linkedin.pegasus,generator,21.0.0,-,-,?,-,false,-
com.linkedin.pegasus,generator-test,21.0.0,-,-,?,-,false,-
com.linkedin.pegasus,gradle-plugins,21.0.0,-,-,?,-,false,-
com.linkedin.pegasus,li-java9-flow,20.0.4,-,-,?,-,false,-
com.linkedin.pegasus,li-jersey-uri,21.0.0,-,-,?,-,false,-
com.linkedin.pegasus,log-test-config,21.0.0,-,-,?,-,false,-
com.linkedin.pegasus,multipart-mime,21.0.0,-,-,?,-,false,-
com.linkedin.pegasus,pegasus-common,21.0.0,-,-,?,-,false,-
com.linkedin.pegasus,r2,21.0.0,-,-,?,-,false,-
com.linkedin.pegasus,r2-core,21.0.0,-,-,?,-,false,-
com.linkedin.pegasus,r2-disruptor,21.0.0,-,-,?,-,false,-
com.linkedin.pegasus,r2-filter-compression,21.0.0,-,-,?,-,false,-
com.linkedin.pegasus,r2-int-test,21.0.0,-,-,?,-,false,-
com.linkedin.pegasus,r2-jetty,21.0.0,-,-,?,-,false,-
com.linkedin.pegasus,r2-netty,21.0.0,-,-,?,-,false,-
com.linkedin.pegasus,r2-perf-test,21.0.0,-,-,?,-,false,-
com.linkedin.pegasus,r2-sample,21.0.0,-,-,?,-,false,-
com.linkedin.pegasus,r2-testutils,21.0.0,-,-,?,-,false,-
com.linkedin.pegasus,restli-client,21.0.0,-,-,?,-,false,-
com.linkedin.pegasus,restli-client-parseq,21.0.0,-,-,?,-,false,-
com.linkedin.pegasus,restli-client-testutils,21.0.0,-,-,?,-,false,-
com.linkedin.pegasus,restli-client-util-recorder,21.0.0,-,-,?,-,false,-
com.linkedin.pegasus,restli-common,21.0.0,-,-,?,-,false,-
com.linkedin.pegasus,restli-common-testutils,21.0.0,-,-,?,-,false,-
com.linkedin.pegasus,restli-contrib-spring,21.0.0,-,-,?,-,false,-
com.linkedin.pegasus,restli-disruptor,21.0.0,-,-,?,-,false,-
com.linkedin.pegasus,restli-docgen,21.0.0,-,-,?,-,false,-
com.linkedin.pegasus,restli-example-api,21.0.0,-,-,?,-,false,-
com.linkedin.pegasus,restli-example-client,21.0.0,-,-,?,-,false,-
com.linkedin.pegasus,restli-example-server,21.0.0,-,-,?,-,false,-
com.linkedin.pegasus,restli-extras,21.0.0,-,-,?,-,false,-
com.linkedin.pegasus,restli-guice-bridge,21.0.0,-,-,?,-,false,-
com.linkedin.pegasus,restli-internal-testutils,21.0.0,-,-,?,-,false,-
com.linkedin.pegasus,restli-int-test,21.0.0,-,-,?,-,false,-
com.linkedin.pegasus,restli-int-test-api,21.0.0,-,-,?,-,false,-
com.linkedin.pegasus,restli-int-test-client,21.0.0,-,-,?,-,false,-
com.linkedin.pegasus,restli-int-test-server,21.0.0,-,-,?,-,false,-
com.linkedin.pegasus,restli-netty-standalone,21.0.0,-,-,?,-,false,-
com.linkedin.pegasus,restli-server,21.0.0,-,-,?,-,false,-
com.linkedin.pegasus,restli-server-extras,21.0.0,-,-,?,-,false,-
com.linkedin.pegasus,restli-server-standalone,21.0.0,-,-,?,-,false,-
com.linkedin.pegasus,restli-server-testutils,21.0.0,-,-,?,-,false,-
com.linkedin.pegasus,restli-spring-bridge,21.0.0,-,-,?,-,false,-
com.linkedin.pegasus,restli-tools,21.0.0,-,-,?,-,false,-
com.linkedin.pegasus,restli-tools-scala_2.10,21.0.0,-,-,?,-,false,-
com.linkedin.pegasus,test-util,21.0.0,-,-,?,-,false,-
com.linkedin.play-parseq,play-parseq_2.11,0.9.3,-,-,?,-,false,-
com.linkedin.play-parseq,play-parseq_2.12,0.9.3,-,-,?,-,false,-
com.linkedin.play-parseq,play-parseq-scala_2.11,0.9.3,-,-,?,-,false,-
com.linkedin.play-parseq,play-parseq-scala_2.12,0.9.3,-,-,?,-,false,-
com.linkedin.play-parseq,play-parseq-trace_2.11,0.9.3,-,-,?,-,false,-
com.linkedin.play-parseq,play-parseq-trace_2.12,0.9.3,-,-,?,-,false,-
com.linkedin.play-parseq,play-parseq-trace-scala_2.11,0.9.3,-,-,?,-,false,-
com.linkedin.play-parseq,play-parseq-trace-scala_2.12,0.9.3,-,-,?,-,false,-
com.massisframework,components-plugin,0.0.7,-,-,?,-,false,-
com.massisframework,j-text-utils,0.3.4,-,-,?,-,false,-
com.massisframework,megamap,1.0,-,-,?,-,false,-
com.massisframework,nubes,1.4.7,-,-,?,-,false,-
com.massisframework,pluginsloader,0.0.7,-,-,?,-,false,-
com.massisframework,sweethome3d,5.4.0.4,-,-,?,-,false,com.apple.eawt.AppEvent                  Use java.awt.Desktop and JEP 272 @since 9 + com.apple.eawt.AppEvent$FullScreenEvent  Use java.awt.Desktop and JEP 272 @since 9 + com.apple.eawt.Application               Use java.awt.Desktop and JEP 272 @since 9 + com.apple.eawt.ApplicationAdapter        Use java.awt.Desktop and JEP 272 @since 9 + com.apple.eawt.ApplicationEvent          Use java.awt.Desktop and JEP 272 @since 9 + com.apple.eawt.ApplicationListener       Use java.awt.Desktop and JEP 272 @since 9 + com.apple.eawt.FullScreenAdapter         Use java.awt.Desktop and JEP 272 @since 9 + com.apple.eawt.FullScreenListener        Use java.awt.Desktop and JEP 272 @since 9 + com.apple.eawt.FullScreenUtilities       Use java.awt.Desktop and JEP 272 @since 9
com.massisframework,sweethome3d-javafx,0.0.7,-,-,?,-,false,-
com.opencsv,opencsv,4.2,-,-,?,-,false,-
com.polidea.rxandroidble2,dagger-library-shadow,1.7.0,-,-,?,-,false,-
com.polidea.rxandroidble,dagger-library-shadow,1.6.0,-,-,?,-,false,-
com.scalefunction.lianluo,common_2.11,0.1.0,-,-,?,-,false,-
com.thejohnfreeman,lazy,0.6.0,-,-,?,-,false,-
com.tianshouzhi,dragon-console,0.0.1,-,-,?,-,false,-
com.tianshouzhi,dragon-idgen,0.0.3,-,-,?,-,false,-
com.zensols.nlp,wordnet-mapres,0.0.1,-,-,?,-,false,-
com.zensols,stopword-annotator,2.2,-,-,?,-,false,-
