groupId,artifactId,version,moduleName,moduleVersion,moduleMode,moduleDependencies,jdepsToolError,jdepsViolations
com.aliyun,aliyun-java-sdk-petadata,1.1.0,-,-,?,-,false,-
com.google.apis,google-api-services-adsensehost,v4.1-rev512-1.23.0,-,-,?,-,false,-
com.google.apis,google-api-services-adsense,v1.4-rev440-1.24.1,-,-,?,-,false,-
com.google.apis,google-api-services-androidenterprise,v1-rev144-1.18.0-rc,-,-,?,-,false,-
com.google.apis,google-api-services-appsactivity,v1-rev174-1.23.0,-,-,?,-,false,-
com.google.apis,google-api-services-appstate,v1-rev277-1.23.0,-,-,?,-,false,-
com.google.apis,google-api-services-dns,v2beta1-rev75-1.24.1,-,-,?,-,false,-
io.github.xilingit,spring-boot-rocketmq-starter,1.0.0.RELEASE,-,-,?,-,false,-
org.microbean,microbean-kubernetes-controller,0.1.1,-,-,?,-,false,-
org.ssldev,SSL-API,0.2,-,-,?,-,false,-
org.testifyproject,api,1.0.5,-,-,?,-,false,-
org.testifyproject.client,jersey-client,1.0.5,-,-,?,-,false,-
org.testifyproject,core,1.0.5,-,-,?,-,false,sun.misc.Unsafe                          See http://openjdk.java.net/jeps/260
org.testifyproject.di,di-guice,1.0.5,-,-,?,-,false,-
org.testifyproject.di,di-hk2,1.0.5,-,-,?,-,false,-
org.testifyproject.di,di-jersey,1.0.5,-,-,?,-,false,-
org.testifyproject.di,di-spring,1.0.5,-,-,?,-,false,-
org.testifyproject.external,external-asm,1.0.5,-,-,?,-,false,-
org.testifyproject.external,external-bytebuddy,1.0.5,-,-,?,-,false,-
org.testifyproject.external,external-docker-client,1.0.5,-,-,?,-,false,sun.misc.Contended                       Removed. See http://openjdk.java.net/jeps/260 + sun.misc.Unsafe                          See http://openjdk.java.net/jeps/260
org.testifyproject.external,external-failsafe,1.0.5,-,-,?,-,false,-
org.testifyproject.external,external-guava,1.0.5,-,-,?,-,false,sun.misc.Unsafe                          See http://openjdk.java.net/jeps/260
org.testifyproject.external,external-jexl3,1.0.5,-,-,?,-,false,-
org.testifyproject.external,external-objenesis,1.0.5,-,-,?,-,false,sun.misc.Unsafe                          See http://openjdk.java.net/jeps/260
org.testifyproject.external,external-snakeyaml,1.0.5,-,-,?,-,false,-
org.testifyproject.junit4,grpc-system-test,1.0.5,-,-,?,-,false,-
org.testifyproject.junit4,guice-integration-test,1.0.5,-,-,?,-,false,-
org.testifyproject.junit4,hk2-integration-test,1.0.5,-,-,?,-,false,-
org.testifyproject.junit4,integration-test,1.0.5,-,-,?,-,false,-
org.testifyproject.junit4,jersey2-system-test,1.0.5,-,-,?,-,false,-
org.testifyproject.junit4,junit4-core,1.0.5,-,-,?,-,false,-
org.testifyproject.junit4,spring-boot-system-test,1.0.5,-,-,?,-,false,-
org.testifyproject.junit4,spring-integration-test,1.0.5,-,-,?,-,false,-
org.testifyproject.junit4,spring-system-test,1.0.5,-,-,?,-,false,-
org.testifyproject.junit4,system-test,1.0.5,-,-,?,-,false,-
org.testifyproject.junit4,unit-test,1.0.5,-,-,?,-,false,-
org.testifyproject.junit5,junit5-core,1.0.5,-,-,?,-,false,-
org.testifyproject.level,integration,1.0.5,-,-,?,-,false,-
org.testifyproject.level,system,1.0.5,-,-,?,-,false,-
org.testifyproject.level,unit,1.0.5,-,-,?,-,false,-
org.testifyproject.mock,easymock,1.0.5,-,-,?,-,false,-
org.testifyproject.mock,mockito,1.0.5,-,-,?,-,false,-
org.testifyproject.server,grizzly2,1.0.5,-,-,?,-,false,-
org.testifyproject.server,server-core,1.0.5,-,-,?,-,false,-
org.testifyproject.server,undertow,1.0.5,-,-,?,-,false,-
org.testifyproject.tools,coding-conventions,1.0.5,-,-,?,-,false,-
org.testifyproject.tools,test-logger,1.0.5,-,-,?,-,false,-
