groupId,artifactId,version,moduleName,moduleVersion,moduleMode,moduleDependencies,jdepsToolError,jdepsViolations
org.wso2.siddhi,performance-samples,4.2.6,-,-,?,-,false,-
org.wso2.siddhi,quick-start-samples,4.2.6,-,-,?,-,false,-
org.wso2.siddhi,siddhi-annotations,4.2.6,-,-,?,-,false,-
org.wso2.siddhi,siddhi-core,4.2.6,-,-,?,-,false,-
org.wso2.siddhi,siddhi-core-doc-gen,4.2.6,-,-,?,-,false,-
org.wso2.siddhi,siddhi-doc-gen,4.2.6,-,-,?,-,false,-
org.wso2.siddhi,siddhi-query-api,4.2.6,-,-,?,-,false,-
org.wso2.siddhi,siddhi-query-compiler,4.2.6,-,-,?,-,false,-
org.wso2.siddhi,siddhi-service,4.2.6,-,-,?,-,false,sun.misc.Cleaner                         Use java.lang.ref.PhantomReference @since 1.2 or java.lang.ref.Cleaner @since 9 + sun.misc.Unsafe                          See http://openjdk.java.net/jeps/260 + sun.security.x509.X500Name               Use javax.security.auth.x500.X500Principal @since 1.4
