groupId,artifactId,version,moduleName,moduleVersion,moduleMode,moduleDependencies,jdepsToolError,jdepsViolations
com.amazon.alexa,ask-sdk,2.5.1,-,-,?,-,false,-
com.amazon.alexa,ask-sdk-apache-client,2.5.1,-,-,?,-,false,-
com.amazon.alexa,ask-sdk-core,2.5.1,-,-,?,-,false,-
com.amazon.alexa,ask-sdk-dynamodb-persistence-adapter,2.5.1,-,-,?,-,false,-
com.amazon.alexa,ask-sdk-lambda-support,2.5.1,-,-,?,-,false,-
com.amazon.alexa,ask-sdk-servlet-support,2.5.1,-,-,?,-,false,-
com.appslandia,appslandia-plum-javaee8,2.6,-,-,?,-,false,-
com.github.nikolaybespalov,gt-ozi,0.1.0,-,-,?,-,false,-
com.google.apis,google-api-services-classroom,v1-rev196-1.24.1,-,-,?,-,false,-
com.google.apis,google-api-services-cloudtrace,v2-rev49-1.24.1,-,-,?,-,false,-
com.google.apis,google-api-services-content,v2sandbox-rev91-1.24.1,-,-,?,-,false,-
com.google.apis,google-api-services-datastore,v1-rev59-1.24.1,-,-,?,-,false,-
com.google.apis,google-api-services-firebasedynamiclinks,v1-rev845-1.24.1,-,-,?,-,false,-
com.google.auth,google-auth-library-appengine,0.11.0,-,-,?,-,false,-
com.google.auth,google-auth-library-credentials,0.11.0,-,-,?,-,false,-
com.google.auth,google-auth-library-oauth2-http,0.11.0,-,-,?,-,false,-
com.graphql-java,graphql-java,2018-08-23T21-16-30-141b8e4,-,-,?,-,false,-
com.whisk,docker-testkit-config_2.10,0.9.8,-,-,?,-,false,-
com.whisk,docker-testkit-config_2.11,0.9.8,-,-,?,-,false,-
com.whisk,docker-testkit-config_2.12,0.9.8,-,-,?,-,false,-
com.whisk,docker-testkit-core_2.10,0.9.8,-,-,?,-,false,-
com.whisk,docker-testkit-core_2.11,0.10.0-beta4,-,-,?,-,false,-
com.whisk,docker-testkit-core_2.12,0.10.0-beta5,-,-,?,-,false,-
com.whisk,docker-testkit-impl-docker-java_2.10,0.9.8,-,-,?,-,false,-
com.whisk,docker-testkit-impl-docker-java_2.11,0.9.8,-,-,?,-,false,-
com.whisk,docker-testkit-impl-docker-java_2.12,0.9.8,-,-,?,-,false,-
com.whisk,docker-testkit-impl-spotify_2.10,0.9.8,-,-,?,-,false,-
com.whisk,docker-testkit-impl-spotify_2.11,0.9.8,-,-,?,-,false,-
com.whisk,docker-testkit-impl-spotify_2.12,0.9.8,-,-,?,-,false,-
com.whisk,docker-testkit-impl-spotify-shaded_2.10,0.9.8,-,-,?,-,false,-
com.whisk,docker-testkit-impl-spotify-shaded_2.11,0.9.8,-,-,?,-,false,-
com.whisk,docker-testkit-impl-spotify-shaded_2.12,0.9.8,-,-,?,-,false,-
com.whisk,docker-testkit-samples_2.10,0.9.8,-,-,?,-,false,-
com.whisk,docker-testkit-samples_2.11,0.10.0-beta4,-,-,?,-,false,-
com.whisk,docker-testkit-samples_2.12,0.10.0-beta5,-,-,?,-,false,-
com.whisk,docker-testkit-scalatest_2.10,0.9.8,-,-,?,-,false,-
com.whisk,docker-testkit-scalatest_2.11,0.10.0-beta4,-,-,?,-,false,-
com.whisk,docker-testkit-scalatest_2.12,0.10.0-beta5,-,-,?,-,false,-
com.whisk,docker-testkit-specs2_2.10,0.9.8,-,-,?,-,false,-
com.whisk,docker-testkit-specs2_2.11,0.9.8,-,-,?,-,false,-
com.whisk,docker-testkit-specs2_2.12,0.9.8,-,-,?,-,false,-
de.it-tw,log4j2-extras,1.0,-,-,?,-,false,-
de.it-tw,log4j2-Java6-extras,1.0,-,-,?,-,false,-
io.github.spair,byond-dme-parser,0.2,-,-,?,-,false,-
io.github.spair,dmm-io,1.1,-,-,?,-,false,-
io.mateu.archetypes,mdd-archetype,0.0.26,-,-,?,-,false,-
net.e6tech,elements-common,2.4.4,-,-,?,-,false,-
net.e6tech,elements-jmx,2.4.4,-,-,?,-,false,-
net.e6tech,elements-jobs,2.4.4,-,-,?,-,false,-
net.e6tech,elements-network,2.4.4,-,-,?,-,false,-
net.e6tech,elements-persist,2.4.4,-,-,?,-,false,-
net.e6tech,elements-persist-hibernate,2.4.4,-,-,?,-,false,-
net.e6tech,elements-rules,2.4.4,-,-,?,-,false,-
net.e6tech,elements-security,2.4.4,-,-,?,-,false,-
net.e6tech,elements-web,2.4.4,-,-,?,-,false,-
net.sf.treeds4j,treeds4j,2.1,-,-,?,-,false,-
org.logevents,logevents,0.1.4,-,-,?,-,false,-
