groupId,artifactId,version,moduleName,moduleVersion,moduleMode,moduleDependencies,jdepsToolError,jdepsViolations
am.ik.yavi,yavi,0.0.9,-,-,?,-,false,-
com.android.tools.analytics-library,inspector,25.3.0,-,-,?,-,false,-
com.android.tools.analytics-library,protos,25.3.0,-,-,?,-,false,-
com.android.tools.analytics-library,publisher,25.3.0,-,-,?,-,false,-
com.android.tools.analytics-library,shared,25.3.0,-,-,?,-,false,-
com.android.tools.analytics-library,tracker,25.3.0,-,-,?,-,false,-
com.android.tools,annotations,25.3.0,-,-,?,-,false,-
com.android.tools.build,apksig,2.3.0,-,-,?,-,false,sun.security.x509.X500Name               Use javax.security.auth.x500.X500Principal @since 1.4
com.android.tools.build,builder,2.3.0,-,-,?,-,false,-
com.android.tools.build,builder-model,2.3.0,-,-,?,-,false,-
com.android.tools.build,builder-test-api,2.3.0,-,-,?,-,false,-
com.android.tools.build,gradle,2.3.0,-,-,?,-,false,-
com.android.tools.build,gradle-api,2.3.0,-,-,?,-,false,-
com.android.tools.build,gradle-core,2.3.0,-,-,?,-,false,-
com.android.tools.build,gradle-experimental,0.9.0,-,-,?,-,false,-
com.android.tools.build,manifest-merger,25.3.0,-,-,?,-,false,-
com.android.tools.ddms,ddmlib,25.3.0,-,-,?,-,false,-
com.android.tools,repository,25.3.0,-,-,?,-,false,-
com.android.tools,sdk-common,25.3.0,-,-,?,-,false,-
com.coveros,selenified,3.0.2,-,-,?,-,false,-
com.datomic,client,0.8.63,-,-,?,-,false,-
com.datomic,client-api,0.8.8,-,-,?,-,false,-
com.datomic,client-cloud,0.8.63,-,-,?,-,false,-
com.datomic,client-impl-cloud,0.8.35,-,-,?,-,false,-
com.datomic,client-impl-shared,0.8.46,-,-,?,-,false,-
com.datomic,client-pro,0.8.20,-,-,?,-,false,-
com.datomic,client.wire-specs,0.1.28,-,-,?,-,false,-
com.datomic,clojure-admin-protocols,0.8.1,-,-,?,-,false,-
com.datomic,clojure-client-protocols,0.8.4,-,-,?,-,false,-
com.datomic,s3-access-keys,0.1.6,-,-,?,-,false,-
com.devbury,keeval,1.0.0,-,-,?,-,false,-
com.github.aro-tech,extended-mockito,2.21.0.1,-,-,?,-,false,-
com.github.aro-tech,tdd-mixins-core,1.1.20,-,-,?,-,false,-
com.ibm.cos-aspera,cos-aspera-linux-64,0.1.163682,-,-,?,-,false,-
com.ibm.cos-aspera,cos-aspera-mac-10.13-64,0.1.163682,-,-,?,-,false,-
com.ibm.cos-aspera,cos-aspera-win-v140_xp-64,0.1.163682,-,-,?,-,false,-
com.ireul.azuki,azuki,1.1,-,-,?,-,false,-
com.ireul.nerf,nerf,0.1.20170609,-,-,?,-,false,-
com.jgeppert.struts2.bootstrap,struts2-bootstrap-plugin,2.5.2,-,-,?,-,false,-
com.jgeppert.struts2.jquery,struts2-jquery-archetype-base,4.0.3,-,-,?,-,false,-
com.jgeppert.struts2.jquery,struts2-jquery-archetype-mobile,4.0.3,-,-,?,-,false,-
com.jgeppert.struts2.jquery,struts2-jquery-bootstrap-archetype-grid,4.0.3,-,-,?,-,false,-
com.jgeppert.struts2.jquery,struts2-jquery-chart-plugin,4.0.3,-,-,?,-,false,-
com.jgeppert.struts2.jquery,struts2-jquery-datatables-plugin,4.0.3,-,-,?,-,false,-
com.jgeppert.struts2.jquery,struts2-jquery-grid-plugin,4.0.3,-,-,?,-,false,-
com.jgeppert.struts2.jquery,struts2-jquery-mobile-plugin,4.0.3,-,-,?,-,false,-
com.jgeppert.struts2.jquery,struts2-jquery-plugin,4.0.3,-,-,?,-,false,-
com.jgeppert.struts2.jquery,struts2-jquery-richtext-plugin,4.0.3,-,-,?,-,false,-
com.jgeppert.struts2.jquery,struts2-jquery-tree-plugin,4.0.3,-,-,?,-,false,-
com.jgeppert.struts2,struts2-aws-lambda-support-example,1.0.0,-,-,?,-,false,-
com.jgeppert.struts2,struts2-aws-lambda-support-plugin,1.0.0,-,-,?,-,false,-
com.lenzhao,voyage-framework,0.0.1,-,-,?,-,false,-
com.nickrobison,fasttuple-bench,0.3.0,-,-,?,-,false,sun.misc.Unsafe                          See http://openjdk.java.net/jeps/260
com.nickrobison,fasttuple-core,0.3.0,-,-,?,-,false,sun.misc.Unsafe                          See http://openjdk.java.net/jeps/260
com.oblac,jrsmq,1.2.0,-,-,?,-,false,-
com.oblac,nomen-est-omen,1.2.3,-,-,?,-,false,-
com.oblac,repo-url-parser,1.0.2,-,-,?,-,false,-
com.rajatthareja,reportbuilder,1.0.3,-,-,?,-,false,-
com.rapplogic,arduino-remote-uploader,0.1,-,-,?,-,false,-
com.rapplogic,xbee-api,0.9.3,-,-,?,-,false,-
com.rapplogic,xbee-serial-server,0.9.1,-,-,?,-,false,-
com.ruleoftech,markdown-page-generator-plugin,2.1.0,-,-,?,-,false,-
com.salesforceiq.augmenteddriver,AugmentedDriver,1.10.1,org.objectweb.asm,6.0,explicit,java.base,false,sun.misc.Unsafe                          See http://openjdk.java.net/jeps/260 + sun.reflect.CallerSensitive              Removed. See http://openjdk.java.net/jeps/260 + sun.reflect.Reflection                   Use java.lang.StackWalker @since 9
com.varwise,prometheus-akka-http_2.12,0.3.4,-,-,?,-,false,-
com.varwise,scala-util_2.12,0.2.3,-,-,?,-,false,-
org.jmotor,scala-i18n_2.11,1.0.6,-,-,?,-,false,-
org.jmotor,scala-i18n_2.12,1.0.6,-,-,?,-,false,-
