groupId,artifactId,version,moduleName,moduleVersion,moduleMode,moduleDependencies,jdepsToolError,jdepsViolations
ch.sharedvd.jaxb-plugins,xjc-non-null-getter,1.0.0,-,-,?,-,false,-
com.cinchapi,accent4j,1.0.0,-,-,?,-,false,sun.misc.Unsafe                          See http://openjdk.java.net/jeps/260
com.github.1510460325,core,2.2.2,-,-,?,-,false,sun.misc.BASE64Decoder                   Use java.util.Base64 @since 1.8 + sun.misc.BASE64Encoder                   Use java.util.Base64 @since 1.8
com.github.1510460325,wzy,1.0.3,-,-,?,-,false,sun.misc.BASE64Encoder                   Use java.util.Base64 @since 1.8
com.github.AVE-cesar,CelerioCustomSPI,1.3.0,-,-,?,-,false,-
com.github.benfradet,gsheets4s_2.12,0.1.0,-,-,?,-,false,-
com.github.benfradet,spark-kafka-0-10-writer_2.11,0.3.0,-,-,?,-,false,-
com.github.benfradet,spark-kafka-0-8-writer_2.11,0.3.0,-,-,?,-,false,-
com.github.benfradet,spark-kafka-writer_2.10,0.4.0,-,-,?,-,false,-
com.github.benfradet,spark-kafka-writer_2.11,0.4.0,-,-,?,-,false,-
com.github.benfradet,struct-type-encoder_2.11,0.2.0,-,-,?,-,false,-
com.github.bmaggi.checks,tycho-rules,0.1.3,-,-,?,-,false,-
com.github.bmaggi,checkstyle-requirejavadoctag,0.1.2,-,-,?,-,false,-
com.github.bmaggi,conditional-validation,0.1.1,-,-,?,-,false,-
com.github.chanmratekoko,mmcalendar,0.0.1-alpha,-,-,?,-,false,-
com.github.chanmratekoko,myanmar-calendar,1.0.4.RELEASE,-,-,?,-,false,-
com.github.cvazer,zti-utils-incubator,1.1.1,-,-,?,-,false,-
com.github.cvazer,zti-utils-legacy,1.1.0,by.zti.legacy,-,explicit,java.base + jdk.xml.dom,false,-
com.github.cvazer,zti-utils-scanner,1.1.1,-,-,?,-,false,-
com.github.cvazer,zti-utils-serializer,1.1.1,-,-,?,-,false,-
com.github.derekmorr,refined-anorm_2.11,0.1,-,-,?,-,false,-
com.github.derekmorr,refined-anorm_2.12,0.1,-,-,?,-,false,-
com.github.diegopacheco,rxnetty-rest-router,0.2,-,-,?,-,false,-
com.github.esrrhs,fakecore,1.0.17,-,-,?,-,false,-
com.github.esrrhs,fakescript-java,1.0.13,-,-,?,-,false,-
com.github.esrrhs,majiang_algorithm,1.0.14,-,-,?,-,false,-
com.github.esrrhs,texas_algorithm,1.0.7,-,-,?,-,false,-
com.github.etaty,rediscala_2.11,1.8.0,-,-,?,-,false,-
com.github.etaty,rediscala_2.12,1.8.0,-,-,?,-,false,-
com.github.ewanld,fjdbc,0.1.0,-,-,?,-,false,-
com.github.ewanld.visitorj,visitorj-codegen,0.1.0,-,-,?,-,false,-
com.github.ewanld.visitorj,visitorj-codegen-maven-plugin,0.1.0,-,-,?,-,false,-
com.github.ewanld.visitorj,visitorj-runtime,0.1.0,-,-,?,-,false,-
com.github.fonoisrev,spring-boot-starter-activemq-clientSideLoadBalance,1.1.0,-,-,?,-,false,-
com.github.franckyi,mod-center-api,0.2.3,-,-,?,-,false,-
com.github.freegeese,autocode-maven-plugin,1.1,-,-,?,-,false,-
com.github.freegeese,easy-excel,1.0.3,-,-,?,-,false,-
com.github.freegeese,mybatis-generator-extend,1.2,-,-,?,-,false,-
com.github.freegeese,weixin-core,0.0.1,-,-,?,-,false,-
com.github.freegeese,weixin-pay,0.0.1,-,-,?,-,false,-
com.github.gered,bwmirror,2.7.1,-,-,?,-,false,-
com.github.hexagonoframework,hexagono-core,0.0.1,-,-,?,-,false,-
com.github.hey-johnnypark,spring-boot-kafka-archetype,1.0,-,-,?,-,false,-
com.github.hijesse,android-aop,1.0.0,-,-,?,-,false,-
com.github.ipaynow,ipaynow_agent_sdk,1.0.0,-,-,?,-,false,-
com.github.ipaynow,ipaynow_identity_sdk,1.0.1,-,-,?,-,false,sun.misc.BASE64Decoder                   Use java.util.Base64 @since 1.8 + sun.misc.BASE64Encoder                   Use java.util.Base64 @since 1.8
com.github.ipaynow,ipaynow_pay_sdk,1.1.6,-,-,?,-,false,-
com.github.ipaynow,ipaynow_sms_sdk,1.0.1,-,-,?,-,false,sun.misc.BASE64Decoder                   Use java.util.Base64 @since 1.8 + sun.misc.BASE64Encoder                   Use java.util.Base64 @since 1.8
com.github.jamesnetherton,lolcat4j,0.3.0,-,-,?,-,false,-
com.github.jamesnetherton,wildfly-liquibase-itests,0.3.0,-,-,?,-,false,-
com.github.jamesnetherton,wildfly-liquibase-subsystem,0.3.0,-,-,?,-,false,-
com.github.jamesnetherton,wildfly-liquibase-testextension,0.3.0,-,-,?,-,false,-
com.github.jeremysolarz,bootstrap-connector,1.0.0,-,-,?,-,false,-
com.github.jlangch,venice,0.8.5,-,-,?,-,false,-
com.github.jrh3k5,flume-agent-maven-plugin,3.0.1,-,-,?,-,false,-
com.github.jyane,grpc-java-api-checker,0.1,-,-,?,-,false,com.sun.tools.javac.code.Symbol          Use javax.tools and javax.lang.model @since 1.6 + com.sun.tools.javac.util.List            Use javax.tools and javax.lang.model @since 1.6
com.github.kochedykov,jlibmodbus,1.2.9.0,-,-,?,-,false,-
com.github.kyriosdata.cid10,cid10-dados,2008.1.1,-,-,?,-,false,-
com.github.kyriosdata.cid10,cid-busca,1.0.1,-,-,?,-,false,-
com.github.kyriosdata,exemplo,1.0.0,-,-,?,-,false,-
com.github.l0n9h02n,fastball,1.0.10,-,-,?,-,false,-
com.github.lwfwind.automation,smart-api-framework,2.5,-,-,?,-,false,-
com.github.lwfwind.automation,smart-ui-framework,3.5,-,-,?,-,false,-
com.github.lwfwind.common,java-common-helper,2.8,-,-,?,-,false,-
com.github.lwfwind.web,spring-jquery-datatable,2.9,-,-,?,-,false,-
com.github.m451,o11n-deploy-maven-plugin,0.2.2,-,-,?,-,false,-
com.github.Ma27,rediscala_2.11,1.8.4,-,-,?,-,false,-
com.github.Ma27,rediscala_2.12,1.8.4,-,-,?,-,false,-
com.github.marandus,argument-validator,0.2,-,-,?,-,false,-
com.github.marandus,pci-ids,0.3,-,-,?,-,false,-
com.github.mike10004,antiprint-e2e-tests,0.9,-,-,?,-,false,-
com.github.mike10004,chrome-cookie-implant,1.5.12,-,-,?,-,false,-
com.github.mike10004,chrome-cookie-implant-client,1.5.7,-,-,?,-,false,-
com.github.mike10004,commons-imaging,1.0a1,-,-,?,-,false,-
com.github.mike10004,concatenate-maven-plugin,0.2,-,-,?,-,false,-
com.github.mike10004,config-doclet-core,0.7,-,-,?,-,false,-
com.github.mike10004,config-doclet-tests-common,0.7,-,-,?,-,false,-
com.github.mike10004,config-doclet-tests-integration,0.7,-,-,?,-,false,-
com.github.mike10004,config-doclet-tests-unit,0.2,-,-,?,-,false,-
com.github.mike10004,crxtool-core,0.9,-,-,?,-,false,-
com.github.mike10004,crxtool-maven-plugin,0.9,-,-,?,-,false,-
com.github.mike10004,crxtool-testing,0.9,-,-,?,-,false,-
com.github.mike10004,debian-maven-plugin,1.0.9,-,-,?,-,false,-
com.github.mike10004,extensible-firefox-webdriver,3.11.0x0.9,-,-,?,-,false,-
com.github.mike10004,facebook4j-core,2.4.10m1,-,-,?,-,false,-
com.github.mike10004,fengyouchao-sockslib,1.0.3,-,-,?,-,false,-
com.github.mike10004,har-replay-core,0.27,-,-,?,-,false,-
com.github.mike10004,har-replay-exec,0.27,-,-,?,-,false,-
com.github.mike10004,har-replay-node,0.20,-,-,?,-,false,-
com.github.mike10004,har-replay-test-support,0.27,-,-,?,-,false,-
com.github.mike10004,har-replay-vhs,0.27,-,-,?,-,false,-
com.github.mike10004,imnetio-helper,8.1.0,-,-,?,-,false,-
com.github.mike10004,jpeg-segment-finder,0.5,-,-,?,-,false,-
com.github.mike10004,nanohttpd-server,0.14,-,-,?,-,false,-
com.github.mike10004,nanohttpd-testing,0.14,-,-,?,-,false,-
com.github.mike10004,native-helper,8.1.0,-,-,?,-,false,-
com.github.mike10004,native-helper-legacy,8.1.0,-,-,?,-,false,-
com.github.mike10004,ormlite-helper,8.1.0,-,-,?,-,false,-
com.github.mike10004,ormlite-helper-testtools,8.1.0,-,-,?,-,false,-
com.github.mike10004,sample-image-generator,0.3,-,-,?,-,false,-
com.github.mike10004,selenium-help,0.40,-,-,?,-,false,-
com.github.mike10004,twitter4j-core,4.0.4p2,-,-,?,-,false,-
com.github.mike10004,virtual-har-server,0.27,-,-,?,-,false,-
com.github.mike10004,virtual-har-server-bmp,0.20,-,-,?,-,false,-
com.github.mike10004,virtual-har-server-core,0.20,-,-,?,-,false,-
com.github.mike10004,virtual-har-server-har-bridge,0.20,-,-,?,-,false,-
com.github.mike10004,virtual-har-server-har-bridge-sstoehr,0.20,-,-,?,-,false,-
com.github.mike10004,virtual-har-server-nanohttpd,0.2,-,-,?,-,false,-
com.github.mike10004,virtual-har-server-test-support,0.20,-,-,?,-,false,-
com.github.mike10004,xvfb-manager,0.17,-,-,?,-,false,-
com.github.mike10004,xvfb-selenium,0.11,-,-,?,-,false,-
com.github.mike10004,xvfb-testing,0.17,-,-,?,-,false,-
com.github.naviit.libs,dtt-common,1.0.3,-,-,?,-,false,-
com.github.naviit.libs,dtt-otp,1.0.0,-,-,?,-,false,-
com.github.nbaars,pwnedpasswords4j-client,1.1.0,-,-,?,-,false,-
com.github.nbaars,pwnedpasswords4j-demo,1.1.0,-,-,?,-,false,-
com.github.nbaars,pwnedpasswords4j-spring-boot-starter,1.1.0,-,-,?,-,false,-
com.github.nfwork,dbfound,2.3.9,-,-,?,-,false,-
com.github.ngeor,archetype-quickstart-jdk8,1.2.0,-,-,?,-,false,-
com.github.ngeor,checkstyle-rules,1.9.0,-,-,?,-,false,-
com.github.ngeor,spring-cors-fillter,1.0.0,-,-,?,-,false,-
com.github.ngeor,spring-cors-fillter-testing,1.0.0,-,-,?,-,false,-
com.github.ngeor,spring-cors-filter,1.1.0,-,-,?,-,false,-
com.github.ngeor,spring-cors-filter-testing,1.1.0,-,-,?,-,false,-
com.github.ngeor,spring-exception-handler,1.0.0,-,-,?,-,false,-
com.github.ngeor,spring-test-utils,1.3.0,-,-,?,-,false,-
com.github.ngeor,utc-time-zone-mapper,1.0.3,-,-,?,-,false,-
com.github.ngeor,yak4j-aws-dynamodb,0.2.0,-,-,?,-,false,-
com.github.ngeor,yak4j-mapping-test-utils,0.2.0,-,-,?,-,false,-
com.github.ngeor,yak4j-spring-cors-filter,0.2.0,-,-,?,-,false,-
com.github.ngeor,yak4j-spring-test-utils,0.2.0,-,-,?,-,false,-
com.github.ngeor,yak4j-utc-time-zone-mapper,0.2.0,-,-,?,-,false,-
com.github.nscala-money,nscala-money_2.11,0.13.0,-,-,?,-,false,-
com.github.nscala-money,nscala-money_2.12,0.13.0,-,-,?,-,false,-
com.github.nscala-money,nscala-money-play-json_2.11,0.13.0,-,-,?,-,false,-
com.github.nscala-money,nscala-money-play-json_2.12,0.13.0,-,-,?,-,false,-
com.github.okihouse,autocomplete,1.0.1,-,-,?,-,false,-
com.github.OriolLopezMassaguer,dataframe_2.10,1.2.2,-,-,?,-,false,-
com.github.peteroupc,encoding,0.4.0,-,-,?,-,false,-
com.github.peteroupc,numbers,1.1.1,-,-,?,-,false,-
com.github.rahulsom,fhir-protobuf-translate,0.1.0,-,-,?,-,false,-
com.github.rahulsom,fhir-protobuf-types,0.1.0,-,-,?,-,false,-
com.github.rahulsom,grooves-api,0.5.0,-,-,?,-,false,-
com.github.rahulsom,grooves-diagrams,0.5.0,-,-,?,-,false,-
com.github.rahulsom,grooves-example-test,0.5.0,-,-,?,-,false,-
com.github.rahulsom,grooves-gorm,0.5.0,-,-,?,-,false,-
com.github.rahulsom,grooves-grails,0.1.0,-,-,?,-,false,-
com.github.rahulsom,grooves-groovy,0.5.0,-,-,?,-,false,-
com.github.rahulsom,grooves-java,0.5.0,-,-,?,-,false,-
com.github.rahulsom,grooves-types,0.5.0,-,-,?,-,false,-
com.github.rahulsom,rp-config,0.1.0,-,-,?,-,false,-
com.github.rahulsom,rp-i18n-json,0.1.0,-,-,?,-,false,-
com.github.rahulsom,svg-builder,0.3.0,-,-,?,-,false,-
com.github.richardjwild,randomizer,0.3.1,-,-,?,-,false,-
com.github.romualdrousseau,shuju,1.3,-,-,?,-,false,-
com.github.satant,pj.mybatis,2.2.1,-,-,?,-,false,-
com.github.secondbase,all,0.1.2,-,-,?,-,false,-
com.github.secondbase,consul,0.1.2,-,-,?,-,false,-
com.github.secondbase,consul-prometheus-widget,0.1.2,-,-,?,-,false,-
com.github.secondbase,core,0.1.2,-,-,?,-,false,-
com.github.secondbase,example,0.1.2,-,-,?,-,false,-
com.github.secondbase,flags,0.1.2,-,-,?,-,false,-
com.github.secondbase,jsonlogging,0.1.2,-,-,?,-,false,-
com.github.secondbase,prometheus-webconsole,0.1.2,-,-,?,-,false,-
com.github.secondbase,secrets-s3,0.1.2,-,-,?,-,false,-
com.github.secondbase,secrets-vault,0.1.2,-,-,?,-,false,-
com.github.secondbase,webconsole,0.1.2,-,-,?,-,false,-
com.github.sejoung,navigator,1.0,-,-,?,-,false,-
com.github.sejoung,tomcat-jdbc-encrypt,1.3,-,-,?,-,false,-
com.github.shyiko.dotenv,dotenv,0.1.1,-,-,?,-,false,-
com.github.shyiko.dotenv,dotenv-guice,0.1.1,-,-,?,-,false,-
com.github.shyiko.klob,klob,0.2.1,-,-,?,-,false,-
com.github.shyiko,ktlint,0.27.0,-,-,?,-,false,-
com.github.shyiko.ktlint,ktlint-core,0.27.0,-,-,?,-,false,sun.reflect.ReflectionFactory            See http://openjdk.java.net/jeps/260
com.github.shyiko.ktlint,ktlint-intellij-idea-integration,0.11.1,-,-,?,-,false,-
com.github.shyiko.ktlint,ktlint-reporter-checkstyle,0.27.0,-,-,?,-,false,-
com.github.shyiko.ktlint,ktlint-reporter-json,0.27.0,-,-,?,-,false,-
com.github.shyiko.ktlint,ktlint-reporter-plain,0.27.0,-,-,?,-,false,-
com.github.shyiko.ktlint,ktlint-ruleset-standard,0.27.0,-,-,?,-,false,-
com.github.shyiko.ktlint,ktlint-test,0.27.0,-,-,?,-,false,-
com.github.shyiko.levelkt,levelkt,0.1.0,-,-,?,-,false,-
com.github.shyiko,mysql-binlog-connector-java,0.16.1,-,-,?,-,false,sun.security.util.HostnameChecker        Use javax.net.ssl.SSLParameters.setEndpointIdentificationAlgorithm("HTTPS") @since 1.7 +                                          or javax.net.ssl.HttpsURLConnection.setHostnameVerifier() @since 1.4
com.github.shyiko.servers-maven-extension,servers-maven-extension,1.3.1,-,-,?,-,false,-
com.github.shyiko.skedule,skedule,0.3.0,-,-,?,-,false,-
com.github.sic-sic,spring-javafx-integration,1.0.0,-,-,?,-,false,-
com.github.slashrootv200,retrofit-html-converter,0.0.1,-,-,?,-,false,-
com.github.springbootPlus,coder-maven-plugin,1.0.3,-,-,?,-,false,-
com.github.springbootPlus,easyfile,1.0.1,-,-,?,-,false,sun.misc.BASE64Decoder                   Use java.util.Base64 @since 1.8 + sun.misc.BASE64Encoder                   Use java.util.Base64 @since 1.8
com.github.springbootPlus,maven-coder-plugin,1.0.1,-,-,?,-,false,-
com.github.springbootPlus,spring-boot-starter-allinone,2.0.2.RELEASE,-,-,?,-,false,-
com.github.springbootPlus,spring-boot-starter-ssm,1.5.13,-,-,?,-,false,-
com.github.storeconnect,storeconnect-sensors-api-client,0.3,-,-,?,-,false,-
com.github.storeconnect,storeconnect-sensors-api-server-injector,0.6,-,-,?,-,false,-
com.github.strator-dev.greenpepper,greenpepper-client,4.2.4,-,-,?,-,false,-
com.github.strator-dev.greenpepper,greenpepper-confluence5-plugin,4.2.4,-,-,?,-,false,-
com.github.strator-dev.greenpepper,greenpepper-confluence-code,4.2.4,-,-,?,-,false,-
com.github.strator-dev.greenpepper,greenpepper-confluence-demo,4.2.4,-,-,?,-,false,-
com.github.strator-dev.greenpepper,greenpepper-core,4.2.4,-,-,?,-,false,sun.reflect.Reflection                   Use java.lang.StackWalker @since 9
com.github.strator-dev.greenpepper,greenpepper-core-tests,4.2.4,-,-,?,-,false,-
com.github.strator-dev.greenpepper,greenpepper-extensions-db,4.2.4,-,-,?,-,false,-
com.github.strator-dev.greenpepper,greenpepper-extensions-fit,4.2.4,-,-,?,-,false,-
com.github.strator-dev.greenpepper,greenpepper-extensions-guice,4.2.4,-,-,?,-,false,-
com.github.strator-dev.greenpepper,greenpepper-extensions-java,4.2.4,-,-,?,-,false,com.sun.net.ssl.HostnameVerifier         Use javax.net.ssl @since 1.4 + com.sun.net.ssl.HttpsURLConnection       Use javax.net.ssl @since 1.4 + com.sun.net.ssl.KeyManager               Use javax.net.ssl @since 1.4 + com.sun.net.ssl.KeyManagerFactory        Use javax.net.ssl @since 1.4 + com.sun.net.ssl.SSLContext               Use javax.net.ssl @since 1.4 + com.sun.net.ssl.TrustManager             Use javax.net.ssl @since 1.4 + com.sun.net.ssl.X509TrustManager         Use javax.net.ssl @since 1.4 + com.sun.net.ssl.internal.ssl.Provider    Use java.security.Security.getProvider(provider-name) @since 1.3
com.github.strator-dev.greenpepper,greenpepper-extensions-ognl,4.2.4,-,-,?,-,false,-
com.github.strator-dev.greenpepper,greenpepper-extensions-php,4.2.4,-,-,?,-,false,-
com.github.strator-dev.greenpepper,greenpepper-extensions-selenium2,4.2.4,-,-,?,-,false,-
com.github.strator-dev.greenpepper,greenpepper-extensions-selenium,4.2.4,-,-,?,-,false,-
com.github.strator-dev.greenpepper,greenpepper-extensions-spring,4.2.4,-,-,?,-,false,-
com.github.strator-dev.greenpepper,greenpepper-license,4.2.0,-,-,?,-,false,-
com.github.strator-dev.greenpepper,greenpepper-logger,4.2.4,-,-,?,-,false,sun.reflect.Reflection                   Use java.lang.StackWalker @since 9
com.github.strator-dev.greenpepper,greenpepper-maven-plugin,4.2.4,-,-,?,-,false,-
com.github.strator-dev.greenpepper,greenpepper-maven-plugin-it,4.2.4,-,-,?,-,false,-
com.github.strator-dev.greenpepper,greenpepper-maven-runner,4.2.4,-,-,?,-,false,-
com.github.strator-dev.greenpepper,greenpepper-remote-agent,4.2.4,-,-,?,-,false,com.sun.net.ssl.HostnameVerifier         Use javax.net.ssl @since 1.4 + com.sun.net.ssl.HttpsURLConnection       Use javax.net.ssl @since 1.4 + com.sun.net.ssl.KeyManager               Use javax.net.ssl @since 1.4 + com.sun.net.ssl.KeyManagerFactory        Use javax.net.ssl @since 1.4 + com.sun.net.ssl.SSLContext               Use javax.net.ssl @since 1.4 + com.sun.net.ssl.TrustManager             Use javax.net.ssl @since 1.4 + com.sun.net.ssl.X509TrustManager         Use javax.net.ssl @since 1.4 + com.sun.net.ssl.internal.ssl.Provider    Use java.security.Security.getProvider(provider-name) @since 1.3 + sun.reflect.Reflection                   Use java.lang.StackWalker @since 9
com.github.strator-dev.greenpepper,greenpepper-samples,4.2.4,-,-,?,-,false,-
com.github.strator-dev.greenpepper,greenpepper-samples-application,4.2.4,-,-,?,-,false,-
com.github.strator-dev.greenpepper,greenpepper-server,4.2.4,-,-,?,-,false,-
com.github.tdesjardins,gwt-ol3,6.0.0,-,-,?,-,false,-
com.github.unclehh.copyMvc,copyMvc,1.0,-,-,?,-,false,-
com.github.vooolll,facebook4s_2.11,0.3.1,-,-,?,-,false,-
com.github.vooolll,facebook4s_2.12,0.3.1,-,-,?,-,false,-
com.github.vooolll,scala-stomp-websocket-client_2.11,0.1.2,-,-,?,-,false,-
com.github.wendao76,JoUtils,1.0.1,-,-,?,-,false,-
com.github.xynga.build,aws-maven,5.1,-,-,?,-,false,-
com.github.yoojia,next-inputs,1.8.2,-,-,?,-,false,-
net.alantea,glide,0.2.4,-,-,?,-,false,-
net.alantea,storex,0.4.1,-,-,?,-,false,-
org.jusecase,builders-generator,0.6.0,-,-,?,-,false,-
