groupId,artifactId,version,moduleName,moduleVersion,moduleMode,moduleDependencies,jdepsToolError,jdepsViolations
com.adobe.commerce.cif,api-model,1.1.1,-,-,?,-,false,-
com.aliyun,aliyun-java-sdk-market,2.0.10,-,-,?,-,false,-
com.codacy,codacy-plugins-api_2.11,3.0.171,-,-,?,-,false,-
com.codacy,codacy-plugins-api_2.12,3.0.171,-,-,?,-,false,-
com.dieusoft.dw,jjfly,1.3.3,-,-,?,-,false,-
com.envisioniot,enos-calculate,1.2.2,-,-,?,-,false,-
com.github.jasminb,jsonapi-converter,0.9,-,-,?,-,false,-
com.github.super-sean,task-pipeline-app-plugin,1.0.12,-,-,?,-,false,-
com.jparams,object-builder,1.0.7,-,-,?,-,false,sun.misc.Unsafe                          See http://openjdk.java.net/jeps/260
com.jparams,to-string-verifier,1.0.1,-,-,?,-,false,-
com.lightbend.paradox,paradox_2.12,0.4.0,-,-,?,-,false,-
com.lightbend.paradox,paradox-theme-generic,0.4.0,-,-,?,-,false,-
com.lightbend.paradox,testkit_2.12,0.4.0,-,-,?,-,false,-
com.opsmatters,newrelic-api,1.0.12,-,-,?,-,false,-
com.xceptance,neodymium-library,2.1.0,-,-,?,-,false,-
com.xebialabs.overthere,overthere,5.0.3,-,-,?,-,false,-
io.hydrosphere,serving-grpc-scala_2.11,0.1.21,-,-,?,-,false,-
io.hydrosphere,serving-grpc-scala_2.12,0.1.21,-,-,?,-,false,-
io.zipkin.java,zipkin-autoconfigure-collector-kafka08,2.11.3,-,-,?,-,false,-
io.zipkin.java,zipkin-autoconfigure-collector-kafka,2.11.3,-,-,?,-,false,-
io.zipkin.java,zipkin-autoconfigure-collector-rabbitmq,2.11.3,-,-,?,-,false,-
io.zipkin.java,zipkin-autoconfigure-collector-scribe,2.11.3,-,-,?,-,false,-
io.zipkin.java,zipkin-autoconfigure-metrics-prometheus,2.11.3,-,-,?,-,false,-
io.zipkin.java,zipkin-autoconfigure-storage-cassandra,2.11.3,-,-,?,-,false,-
io.zipkin.java,zipkin-autoconfigure-storage-cassandra3,2.11.3,-,-,?,-,false,-
io.zipkin.java,zipkin-autoconfigure-storage-elasticsearch,2.11.3,-,-,?,-,false,-
io.zipkin.java,zipkin-autoconfigure-storage-mysql,2.11.3,-,-,?,-,false,-
io.zipkin.java,zipkin-autoconfigure-ui,2.11.3,-,-,?,-,false,-
io.zipkin.java,zipkin-server,2.11.3,-,-,?,-,false,-
io.zipkin.java,zipkin-ui,2.11.3,-,-,?,-,false,-
io.zipkin.zipkin2,zipkin,2.11.3,zipkin2,-,automatic,-,false,-
io.zipkin.zipkin2,zipkin-collector,2.11.3,-,-,?,-,false,-
io.zipkin.zipkin2,zipkin-collector-kafka08,2.11.3,-,-,?,-,false,-
io.zipkin.zipkin2,zipkin-collector-kafka,2.11.3,-,-,?,-,false,-
io.zipkin.zipkin2,zipkin-collector-rabbitmq,2.11.3,-,-,?,-,false,-
io.zipkin.zipkin2,zipkin-collector-scribe,2.11.3,-,-,?,-,false,-
io.zipkin.zipkin2,zipkin-junit,2.11.3,-,-,?,-,false,-
io.zipkin.zipkin2,zipkin-storage-cassandra,2.11.3,-,-,?,-,false,-
io.zipkin.zipkin2,zipkin-storage-cassandra-v1,2.11.3,-,-,?,-,false,-
io.zipkin.zipkin2,zipkin-storage-elasticsearch,2.11.3,-,-,?,-,false,-
io.zipkin.zipkin2,zipkin-storage-mysql-v1,2.11.3,-,-,?,-,false,-
net.hexonet.apiconnector,java-sdk,1.3.19,-,-,?,-,false,-
org.coody.framework,coody-cache,alpha-1.0.9,-,-,?,-,false,-
org.coody.framework,coody-core,alpha-1.0.9,-,-,?,-,false,-
org.coody.framework,coody-jdbc,alpha-1.0.9,-,-,?,-,false,-
org.coody.framework,coody-rcc,alpha-1.0.9,-,-,?,-,false,-
org.coody.framework,coody-task,alpha-1.0.9,-,-,?,-,false,-
org.coody.framework,coody-web,alpha-1.0.9,-,-,?,-,false,-
org.javers,javers-core,3.11.3,-,-,?,-,false,-
org.javers,javers-persistence-mongo,3.11.3,-,-,?,-,false,-
org.javers,javers-persistence-sql,3.11.3,-,-,?,-,false,-
org.javers,javers-spring,3.11.3,-,-,?,-,false,-
org.javers,javers-spring-boot-starter-mongo,3.11.3,-,-,?,-,false,-
org.javers,javers-spring-boot-starter-sql,3.11.3,-,-,?,-,false,-
org.javers,javers-spring-jpa,3.11.3,-,-,?,-,false,-
org.openapitools,openapi-generator,3.2.2,-,-,?,-,false,-
org.openapitools,openapi-generator-cli,3.2.2,java.xml.bind,-,explicit,java.activation + java.desktop + java.xml + java.logging + java.base,false,-
org.openapitools,openapi-generator-maven-plugin,3.2.2,-,-,?,-,false,-
org.openapitools,openapi-generator-online,3.2.2,-,-,?,-,false,-
