groupId,artifactId,version,moduleName,moduleVersion,moduleMode,moduleDependencies,jdepsToolError,jdepsViolations
org.neo4j.build.plugins,licensing-maven-plugin,1.7.7,-,-,?,-,false,-
org.neo4j.doc,neo4j-cypher-refcard-tests,3.1.0-M08,-,-,?,-,false,-
org.neo4j.driver,neo4j-java-driver,1.7.0-beta01,org.neo4j.driver,-,automatic,-,false,sun.misc.Unsafe                          See http://openjdk.java.net/jeps/260 + sun.security.x509.X500Name               Use javax.security.auth.x500.X500Principal @since 1.4
org.neo4j,neo4j,3.5.0-alpha07,org.neo4j.community,-,automatic,-,false,-
org.neo4j,neo4j-auth-plugin-api,3.5.0-alpha07,org.neo4j.server.security.enterprise.auth.plugin,-,automatic,-,false,-
org.neo4j,neo4j-causal-clustering-commercial,3.4.0-alpha08,-,-,?,-,false,-
org.neo4j,neo4j-codegen,3.5.0-alpha07,org.neo4j.codegen,-,automatic,-,false,-
org.neo4j,neo4j-collections,3.5.0-alpha07,org.neo4j.collection,-,automatic,-,false,-
org.neo4j,neo4j-com,3.5.0-alpha07,org.neo4j.com,-,automatic,-,false,-
org.neo4j,neo4j-concurrent,3.5.0-alpha07,org.neo4j.collection.concurrent,-,automatic,-,false,-
org.neo4j,neo4j-consistency-check,3.5.0-alpha07,org.neo4j.consistency,-,automatic,-,false,-
org.neo4j,neo4j-consistency-check-legacy,3.0.0-M04,-,-,?,-,false,-
org.neo4j,neo4j-cypher,3.5.0-alpha07,org.neo4j.cypher,-,automatic,-,false,-
org.neo4j,neo4j-cypher-acceptance,3.0.12,-,-,?,-,false,-
org.neo4j,neo4j-cypher-compiled-expressions,3.5.0-alpha07,org.neo4j.cypher.internal.runtime.compiled.expressions,-,automatic,-,false,-
org.neo4j,neo4j-cypher-compiler-2.3,2.3.12,-,-,?,-,false,-
org.neo4j,neo4j-cypher-frontend-3.1,3.1.9,-,-,?,-,false,-
org.neo4j,neo4j-cypher-interpreted-runtime,3.5.0-alpha07,org.neo4j.cypher.internal.runtime.interpreted,-,automatic,-,false,-
org.neo4j,neo4j-cypher-ir-3.2,3.2.12,-,-,?,-,false,-
org.neo4j,neo4j-cypher-ir-3.4,3.4.6,org.neo4j.cypher.internal.ir.v3_4,-,automatic,-,false,-
org.neo4j,neo4j-cypher-logical-plans-3.3,3.3.6,-,-,?,-,false,-
org.neo4j,neo4j-cypher-morsel-runtime,3.5.0-alpha07,org.neo4j.cypher.internal.runtime.vectorized,-,automatic,-,false,-
org.neo4j,neo4j-cypher-planner-3.5,3.5.0-alpha07,org.neo4j.cypher.internal.compiler.v3_5,-,automatic,-,false,-
org.neo4j,neo4j-cypher-runtime-util,3.5.0-alpha07,org.neo4j.cypher.internal.runtime.util,-,automatic,-,false,-
org.neo4j,neo4j-enterprise-kernel,3.5.0-alpha07,org.neo4j.kernel.enterprise,-,automatic,-,false,-
org.neo4j,neo4j-fulltext-addon,3.5.0-alpha01,org.neo4j.kernel.api.impl.fulltext,-,automatic,-,false,-
org.neo4j,neo4j-graphdb-api,3.5.0-alpha07,org.neo4j.graphdb,-,automatic,-,false,-
org.neo4j,neo4j-graphviz,3.2.0-alpha05,-,-,?,-,false,-
org.neo4j,neo4j-ha,3.5.0-alpha07,org.neo4j.kernel.ha,-,automatic,-,false,-
org.neo4j,neo4j-integrationtests,3.5.0-alpha07,org.neo4j.integrationtests,-,automatic,-,false,-
org.neo4j,neo4j-jdbc,3.4.0,-,-,?,-,false,-
org.neo4j,neo4j-jdbc-examples-mybatis,3.4.0,-,-,?,-,false,-
org.neo4j,neo4j-jmx,3.5.0-alpha07,org.neo4j.jmx,-,automatic,-,false,-
org.neo4j,neo4j-legacy,3.5.0-alpha07,org.neo4j.legacy,-,automatic,-,false,-
org.neo4j,neo4j-logging,3.5.0-alpha07,org.neo4j.logging,-,automatic,-,false,-
org.neo4j,neo4j-management,3.5.0-alpha07,org.neo4j.management,-,automatic,-,false,-
org.neo4j,neo4j-metrics,3.5.0-alpha07,org.neo4j.metrics,-,automatic,-,false,-
org.neo4j,neo4j-ogm-compiler,2.1.6,-,-,?,-,false,-
org.neo4j,neo4j-ogm-core,3.1.2,org.neo4j.ogm.core,-,automatic,-,false,-
org.neo4j,neo4j-primitive-collections,3.4.6,org.neo4j.collection.primitive,-,automatic,-,false,-
org.neo4j,neo4j-procedure-compiler-enterprise-tests,3.5.0-alpha07,org.neo4j.tooling.procedure.enterprise.tests,-,automatic,-,false,-
org.neo4j,neo4j-slf4j,3.5.0-alpha07,org.neo4j.logging.slf4j,-,automatic,-,false,-
org.neo4j,neo4j-spatial-index,3.5.0-alpha07,org.neo4j.gis.spatial.index,-,automatic,-,false,-
org.neo4j,neo4j-store-cursors,3.4.0-alpha01,-,-,?,-,false,sun.misc.Unsafe                          See http://openjdk.java.net/jeps/260
org.neo4j,neo4j-stresstests,3.5.0-alpha07,org.neo4j.stresstests,-,automatic,-,false,-
org.neo4j,neo4j-tinkerpop-procedures,0.7-3.2.3,-,-,?,-,false,-
org.neo4j,openCypher-frontend-1,3.4.6,org.neo4j.cypher.internal.frontend.v3_4,-,automatic,-,false,-
org.neo4j,server-plugin-test,3.5.0-alpha07,org.neo4j.server.plugins,-,automatic,-,false,-
org.neo4j.test,neo4j-harness,3.5.0-alpha07,org.neo4j.harness,-,automatic,-,false,-
org.neo4j.test,neo4j-harness-enterprise,3.5.0-alpha07,org.neo4j.harness.enterprise,-,automatic,-,false,-
org.neo4j.test,neo4j-harness-test,2.3.12,-,-,?,-,false,-
