groupId,artifactId,version,moduleName,moduleVersion,moduleMode,moduleDependencies,jdepsToolError,jdepsViolations
com.arpnetworking.metrics,metrics-cluster-aggregator,1.7.1,-,-,?,-,false,-
com.blossom-project,blossom-autoconfigure,1.1.0.M2,-,-,?,-,false,-
com.blossom-project,blossom-core-association-user-group,1.1.0.M2,-,-,?,-,false,-
com.blossom-project,blossom-core-association-user-role,1.1.0.M2,-,-,?,-,false,-
com.blossom-project,blossom-core-cache,1.1.0.M2,-,-,?,-,false,-
com.blossom-project,blossom-core-common,1.1.0.M2,-,-,?,-,false,-
com.blossom-project,blossom-core-crypto,1.1.0.M2,-,-,?,-,false,-
com.blossom-project,blossom-core-group,1.1.0.M2,-,-,?,-,false,-
com.blossom-project,blossom-core-role,1.1.0.M2,-,-,?,-,false,-
com.blossom-project,blossom-core-scheduler,1.1.0.M2,-,-,?,-,false,-
com.blossom-project,blossom-core-user,1.1.0.M2,-,-,?,-,false,-
com.blossom-project,blossom-core-validation,1.1.0.M2,-,-,?,-,false,-
com.blossom-project,blossom-module-articles,1.1.0.M2,-,-,?,-,false,-
com.blossom-project,blossom-module-bpmn,1.1.0.M2,-,-,?,-,false,-
com.blossom-project,blossom-module-filemanager,1.1.0.M2,-,-,?,-,false,-
com.blossom-project,blossom-starter-articles,1.1.0.M2,-,-,?,-,false,-
com.blossom-project,blossom-starter-basic,1.1.0.M2,-,-,?,-,false,-
com.blossom-project,blossom-starter-bpmn,1.1.0.M2,-,-,?,-,false,-
com.blossom-project,blossom-starter-filemanager,1.1.0.M2,-,-,?,-,false,-
com.blossom-project,blossom-starter-ui-api,1.1.0.M2,-,-,?,-,false,-
com.blossom-project,blossom-starter-ui-web,1.1.0.M2,-,-,?,-,false,-
com.blossom-project,blossom-ui-api,1.1.0.M2,-,-,?,-,false,-
com.blossom-project,blossom-ui-common,1.1.0.M2,-,-,?,-,false,-
com.blossom-project,blossom-ui-web,1.1.0.M2,-,-,?,-,false,-
com.blossom-project.tools,blossom-tools-simple-module-generator,1.1.0.M2,-,-,?,-,false,-
com.epam.jdi,jdi-light,1.0.5,-,-,?,-,false,sun.reflect.generics.reflectiveObjects.NotImplementedException Removed. See http://openjdk.java.net/jeps/260
com.github.rishabh9,riko,1.0.0,-,-,?,-,false,-
com.google.apis,google-api-services-calendar,v3-rev337-1.24.1,-,-,?,-,false,-
com.netflix.conductor,conductor-client,1.11.3,-,-,?,-,false,-
com.netflix.conductor,conductor-common,1.11.3,-,-,?,-,false,-
com.netflix.conductor,conductor-contribs,1.11.3,-,-,?,-,false,-
com.netflix.conductor,conductor-core,1.11.3,-,-,?,-,false,-
com.netflix.conductor,conductor-es2-persistence,1.11.3,-,-,?,-,false,sun.misc.Unsafe                          See http://openjdk.java.net/jeps/260 + sun.security.x509.X500Name               Use javax.security.auth.x500.X500Principal @since 1.4
com.netflix.conductor,conductor-es5-persistence,1.11.3,-,-,?,-,false,-
com.netflix.conductor,conductor-jersey,1.11.3,-,-,?,-,false,-
com.netflix.conductor,conductor-mysql-persistence,1.11.3,-,-,?,-,false,-
com.netflix.conductor,conductor-redis-persistence,1.11.3,-,-,?,-,false,-
com.netflix.conductor,conductor-test-harness,1.11.3,-,-,?,-,false,-
com.netflix.conductor,conductor-ui,1.11.3,-,-,?,-,false,-
com.sprylab.webinloop,ant-webinloop-task,0.9.0,-,-,?,-,false,-
com.sprylab.webinloop,webinloop,0.9.0,-,-,?,-,false,-
com.sprylab.webinloop,webinloop-maven-plugin,0.9.0,-,-,?,-,false,-
com.symphony.platformsolutions,symphony-api-client-java,1.0.6,-,-,?,-,false,-
com.typesafe.akka,akka-actor_2.13.0-M3,2.5.15,akka.actor,-,automatic,-,false,sun.misc.Unsafe                          See http://openjdk.java.net/jeps/260
com.typesafe.akka,akka-actor-testkit-typed_2.13.0-M3,2.5.15,akka.actor.testkit.typed,-,automatic,-,false,-
com.typesafe.akka,akka-actor-typed_2.13.0-M3,2.5.15,akka.actor.typed,-,automatic,-,false,-
com.typesafe.akka,akka-camel_2.13.0-M3,2.5.15,akka.camel,-,automatic,-,false,-
com.typesafe.akka,akka-cluster_2.13.0-M3,2.5.15,akka.cluster,-,automatic,-,false,-
com.typesafe.akka,akka-cluster-metrics_2.13.0-M3,2.5.15,akka.cluster.metrics,-,automatic,-,false,-
com.typesafe.akka,akka-cluster-sharding_2.13.0-M3,2.5.15,akka.cluster.sharding,-,automatic,-,false,-
com.typesafe.akka,akka-cluster-sharding-typed_2.13.0-M3,2.5.15,akka.cluster.sharding.typed,-,automatic,-,false,-
com.typesafe.akka,akka-cluster-tools_2.13.0-M3,2.5.15,akka.cluster.tools,-,automatic,-,false,-
com.typesafe.akka,akka-cluster-typed_2.13.0-M3,2.5.15,akka.cluster.typed,-,automatic,-,false,-
com.typesafe.akka,akka-contrib_2.13.0-M3,2.5.15,akka.contrib,-,automatic,-,false,-
com.typesafe.akka,akka-distributed-data_2.13.0-M3,2.5.15,akka.cluster.ddata,-,automatic,-,false,-
com.typesafe.akka,akka-multi-node-testkit_2.13.0-M3,2.5.15,akka.remote.testkit,-,automatic,-,false,-
com.typesafe.akka,akka-osgi_2.13.0-M3,2.5.15,akka.osgi,-,automatic,-,false,-
com.typesafe.akka,akka-persistence_2.13.0-M3,2.5.15,akka.persistence,-,automatic,-,false,-
com.typesafe.akka,akka-persistence-query_2.13.0-M3,2.5.15,akka.persistence.query,-,automatic,-,false,-
com.typesafe.akka,akka-persistence-tck_2.13.0-M3,2.5.15,akka.persistence.tck,-,automatic,-,false,-
com.typesafe.akka,akka-persistence-typed_2.13.0-M3,2.5.15,akka.persistence.typed,-,automatic,-,false,-
com.typesafe.akka,akka-protobuf_2.13.0-M3,2.5.15,akka.protobuf,-,automatic,-,false,-
com.typesafe.akka,akka-remote_2.13.0-M3,2.5.15,akka.remote,-,automatic,-,false,sun.misc.Unsafe                          See http://openjdk.java.net/jeps/260
com.typesafe.akka,akka-slf4j_2.13.0-M3,2.5.15,akka.slf4j,-,automatic,-,false,-
com.typesafe.akka,akka-stream_2.13.0-M3,2.5.15,akka.stream,-,automatic,-,false,-
com.typesafe.akka,akka-stream-testkit_2.13.0-M3,2.5.15,akka.stream.testkit,-,automatic,-,false,-
com.typesafe.akka,akka-stream-typed_2.13.0-M3,2.5.15,akka.stream.typed,-,automatic,-,false,-
com.typesafe.akka,akka-testkit_2.13.0-M3,2.5.15,akka.actor.testkit,-,automatic,-,false,-
me.schlaubi,commandCord,2.0.0,-,-,?,-,false,-
