groupId,artifactId,version,moduleName,moduleVersion,moduleMode,moduleDependencies,jdepsToolError,jdepsViolations
com.blackducksoftware.integration,integration-bdio,16.0.3,-,-,?,-,false,-
com.blackducksoftware.integration,integration-reporting,0.1.3,-,-,?,-,false,-
com.github.nruzic.commons.assemblies,nruzic-commons-assemblies,1.0.0,-,-,?,-,false,-
com.github.nruzic.commons.conventions,nruzic-commons-conventions,1.0.0,-,-,?,-,false,-
com.google.apis,google-api-services-calendar,v3-rev337-1.23.0,-,-,?,-,false,-
com.google.flogger,flogger,0.3.1,-,-,?,-,false,-
com.google.flogger,flogger-log4j-backend,0.3.1,-,-,?,-,false,-
com.google.flogger,flogger-system-backend,0.3.1,-,-,?,-,false,-
com.google.flogger,flogger-testing,0.3.1,-,-,?,-,false,-
com.google.flogger,google-extensions,0.3.1,-,-,?,-,false,-
com.hotels.styx,styx-api,0.7.9,-,-,?,-,false,-
com.hotels.styx,styx-api-testsupport,0.7.9,-,-,?,-,false,-
com.hotels.styx,styx-client,0.7.9,-,-,?,-,false,-
com.hotels.styx,styx-common,0.7.9,-,-,?,-,false,-
com.hotels.styx,styx-origins-starter-app,0.7.9,-,-,?,-,false,-
com.hotels.styx,styx-proxy,0.7.9,-,-,?,-,false,-
com.hotels.styx,styx-server,0.7.9,-,-,?,-,false,-
com.hotels.styx,styx-test-api,0.7.9,-,-,?,-,false,-
com.hotels.styx,styx-testsupport,0.7.9,-,-,?,-,false,-
com.synopsys.integration,coverity-common,0.1.2,-,-,?,-,false,-
com.synopsys.integration,swip-common,0.1.2,-,-,?,-,false,-
io.zonky.test.postgres,embedded-postgres-binaries-darwin-amd64,10.4.0,-,-,?,-,false,-
io.zonky.test.postgres,embedded-postgres-binaries-linux-amd64,10.4.0,-,-,?,-,false,-
io.zonky.test.postgres,embedded-postgres-binaries-linux-amd64-alpine,10.4.0,-,-,?,-,false,-
io.zonky.test.postgres,embedded-postgres-binaries-linux-arm32v6,10.4.0,-,-,?,-,false,-
io.zonky.test.postgres,embedded-postgres-binaries-linux-arm32v6-alpine,10.4.0,-,-,?,-,false,-
io.zonky.test.postgres,embedded-postgres-binaries-linux-arm32v7,10.4.0,-,-,?,-,false,-
io.zonky.test.postgres,embedded-postgres-binaries-linux-arm64v8,10.4.0,-,-,?,-,false,-
io.zonky.test.postgres,embedded-postgres-binaries-linux-arm64v8-alpine,10.4.0,-,-,?,-,false,-
io.zonky.test.postgres,embedded-postgres-binaries-linux-i386,10.4.0,-,-,?,-,false,-
io.zonky.test.postgres,embedded-postgres-binaries-linux-i386-alpine,10.4.0,-,-,?,-,false,-
io.zonky.test.postgres,embedded-postgres-binaries-linux-ppc64le,10.4.0,-,-,?,-,false,-
io.zonky.test.postgres,embedded-postgres-binaries-linux-ppc64le-alpine,10.4.0,-,-,?,-,false,-
io.zonky.test.postgres,embedded-postgres-binaries-windows-amd64,10.4.0,-,-,?,-,false,-
io.zonky.test.postgres,embedded-postgres-binaries-windows-i386,10.4.0,-,-,?,-,false,-
org.apache.mesos,mesos,1.6.1,-,-,?,-,false,-
org.symphonyoss.s2.canon,canon-jjwt,0.0.26,-,-,?,-,false,-
org.symphonyoss.s2.canon,canon-launch,0.0.26,-,-,?,-,false,-
org.symphonyoss.s2.canon,canon-maven-plugin,0.0.26,-,-,?,-,false,-
org.symphonyoss.s2.canon,canon-model-gcp,0.0.26,-,-,?,-,false,-
org.symphonyoss.s2.canon,canon-parser,0.0.26,-,-,?,-,false,-
org.symphonyoss.s2.canon,canon-runtime-java,0.0.26,-,-,?,-,false,-
org.symphonyoss.s2.canon,canon-template-java,0.0.26,-,-,?,-,false,-
org.symphonyoss.s2.canon,canon-test,0.0.26,-,-,?,-,false,-
org.symphonyoss.s2.common,S2-common-core,0.1.26,-,-,?,-,false,-
org.symphonyoss.s2.common,S2-common-dom,0.1.26,-,-,?,-,false,-
org.symphonyoss.s2.common,S2-common-dom-jackson,0.1.26,-,-,?,-,false,-
org.symphonyoss.s2.common,S2-common-http,0.1.26,-,-,?,-,false,-
org.symphonyoss.s2.common,S2-legacy-id,0.1.26,-,-,?,-,false,-
org.symphonyoss.s2.fugue,aws-fugue,0.0.27,-,-,?,-,false,-
org.symphonyoss.s2.fugue,aws-fugue-lambda-auth,0.0.27,-,-,?,-,false,sun.misc.Unsafe                          See http://openjdk.java.net/jeps/260
org.symphonyoss.s2.fugue,fugue-config-manager,0.0.27,-,-,?,-,false,-
org.symphonyoss.s2.fugue,fugue-core,0.0.27,-,-,?,-,false,-
org.symphonyoss.s2.fugue,fugue-launch,0.0.27,-,-,?,-,false,-
org.symphonyoss.s2.fugue,fugue-pubsub,0.0.27,-,-,?,-,false,-
org.symphonyoss.s2.fugue,fugue-resources,0.0.27,-,-,?,-,false,-
org.symphonyoss.s2.fugue,google-fugue,0.0.27,-,-,?,-,false,-
org.tupol,spark-utils_2.11,0.1.0,-,-,?,-,false,-
org.zalando,kanadi_2.11,0.2.3,-,-,?,-,false,-
org.zalando,kanadi_2.12,0.2.3,-,-,?,-,false,-
org.zapodot,embedded-ldap-junit,0.7,-,-,?,-,false,-
us.abstracta,wiresham,0.3,-,-,?,-,false,-
