groupId,artifactId,version,moduleName,moduleVersion,moduleMode,moduleDependencies,jdepsToolError,jdepsViolations
com.github.agogs,java-holiday-api,1.0,-,-,?,-,false,-
com.github.agogs,securekey-maven-plugin,1.0.2,-,-,?,-,false,-
com.github.akhasoft,yakhont-weaver,0.9.19,-,-,?,-,false,-
com.github.almondbranch,command-line-parser,1.2.0,-,-,?,-,false,-
com.github.almondbranch.command-line-parser,command-line-parser,1.0.0,-,-,?,-,false,-
com.github.alteryx,alteryxsparkutils_2.10,1.1,-,-,?,-,false,-
com.github.alteryx,alteryxsparkutils_2.11,1.1,-,-,?,-,false,-
com.github.andysundar,pojoclasstester,1.0.1,-,-,?,-,false,-
com.github.athieriot,catatumbo,23.1.0,-,-,?,-,false,-
com.github.athieriot,jackson-datatype-google-datastore,0.0.1,-,-,?,-,false,-
com.github.athieriot,specs2-embedmongo_2.10,0.8.0,-,-,?,-,false,-
com.github.athieriot,specs2-embedmongo_2.11,0.8.0,-,-,?,-,false,-
com.github.athieriot,specs2-embedmongo_2.12,0.8.0,-,-,?,-,false,-
com.github.biboudis,jmh-profilers,0.1.4,-,-,?,-,false,-
com.github.blackshadowwalker.spring,access-bean,1.0.0,-,-,?,-,false,-
com.github.blackshadowwalker.spring,access-core,1.0.0,-,-,?,-,false,-
com.github.blackshadowwalker.spring,spring-distributelock,1.1.0,-,-,?,-,false,-
com.github.brunothg,game-engine,1.4.0,-,-,?,-,false,-
com.github.brunothg,swing-extension,1.0.0,-,-,?,-,false,-
com.github.brunothg,swing-mvp,4.3.10.RELEASE,-,-,?,-,false,-
com.github.bytegriffin,get4j-cluster,1.1.0,-,-,?,-,false,-
com.github.bytegriffin,get4j-core,1.1.0,-,-,?,-,false,-
com.github.bytegriffin,get4j-sample,1.0.3,-,-,?,-,false,-
com.github.bzumhagen,sct_2.10,0.11.1,-,-,?,-,false,-
com.github.bzumhagen,sct_2.11,0.11.1,-,-,?,-,false,-
com.github.bzumhagen,sct_2.12,0.11.1,-,-,?,-,false,-
com.github.caldav4j,caldav4j,0.9.1,-,-,?,-,false,-
com.github.charleslzq,aliyun-loghub-spring,1.0.0,-,-,?,-,false,-
com.github.charleslzq,baidu-face-server,1.0.0-RC1,-,-,?,-,false,-
com.github.charleslzq,dicom-tools,1.1.0-RC2,-,-,?,-,false,-
com.github.charleslzq,face-store,1.0.1-RC2,-,-,?,-,false,-
com.github.charleslzq,spring-aliyun-loghub-consumer,1.0.1,-,-,?,-,false,-
com.github.charleslzq,spring-aliyun-loghub-producer,1.0.1,-,-,?,-,false,-
com.github.charleslzq,spring-cloud-stream-binder-aliyun-loghub,1.0.1,-,-,?,-,false,-
com.github.charleslzq,spring-integration-loghub,1.0.1,-,-,?,-,false,-
com.github.choonchernlim,spring-boot-mail,0.1.2,-,-,?,-,false,-
com.github.choonchernlim,spring-security-adfs-saml2,0.8.0,-,-,?,-,false,-
com.github.civitz.viper,generator,0.2.0,-,-,?,-,false,-
com.github.civitz.viper,library,0.2.0,-,-,?,-,false,-
com.github.claasahl,parser,2.0.1,-,-,?,-,false,-
com.github.codeframes,hal-tooling-api-doc-html-maven-plugin,1.2.0-alpha-1,-,-,?,-,false,-
com.github.codeframes,hal-tooling-api-doc-maven-plugin,1.2.0-alpha-1,-,-,?,-,false,-
com.github.codeframes,hal-tooling-api-doc-maven-plugin-api,1.2.0-alpha-1,-,-,?,-,false,-
com.github.codeframes,hal-tooling-core,1.2.0-alpha-1,-,-,?,-,false,-
com.github.codeframes,hal-tooling-json,1.2.0-alpha-1,-,-,?,-,false,-
com.github.codeframes,hal-tooling-link-bindings,1.2.0-alpha-1,-,-,?,-,false,-
com.github.codeframes,hal-tooling-link-bindings-jax-rs,1.2.0-alpha-1,-,-,?,-,false,-
com.github.codeframes,hal-tooling-maven-plugin-commons,1.2.0-alpha-1,-,-,?,-,false,-
com.github.codeframes,hal-tooling-test,1.2.0-alpha-1,-,-,?,-,false,-
com.github.comsince,publish-plugin,1.5,-,-,?,-,false,-
com.github.crawler-commons,crawler-commons,0.10,-,-,?,-,false,-
com.github.dabump,cbee,1.0.4,-,-,?,-,false,-
com.github.davidburkett,builderberg-annotations,1.0.1,-,-,?,-,false,-
com.github.dhbw-timetable,rapla-parser,0.3.3,-,-,?,-,false,-
com.github.dice-project,qt-lib,1.0.2,-,-,?,-,false,-
com.github.dozermapper,building-tools,6.1.0,-,-,?,-,false,-
com.github.dozermapper,dozer-building-tools,6.4.0,-,-,?,-,false,-
com.github.dozermapper,dozer-core,6.4.0,-,-,?,-,false,-
com.github.dozermapper,dozer-jmh-tests,6.1.0,-,-,?,-,false,-
com.github.dozermapper,dozer-osgi-test,6.1.0,-,-,?,-,false,-
com.github.dozermapper,dozer-osgi-tests-model,6.1.0,-,-,?,-,false,-
com.github.dozermapper,dozer-proto3,6.4.0,-,-,?,-,false,-
com.github.dozermapper,dozer-proto,6.1.0,-,-,?,-,false,-
com.github.dozermapper,dozer-schema,6.1.0,-,-,?,-,false,-
com.github.dozermapper,dozer-spring4,6.4.0,-,-,?,-,false,-
com.github.dozermapper,dozer-spring,6.1.0,-,-,?,-,false,-
com.github.dozermapper,dozer-spring-boot-autoconfigure,6.4.0,-,-,?,-,false,-
com.github.dozermapper,dozer-spring-boot-starter,6.4.0,-,-,?,-,false,-
com.github.dozermapper.tests,dozer-jmh-tests,6.4.0,-,-,?,-,false,-
com.github.dozermapper.tests,dozer-osgi-tests,6.4.0,-,-,?,-,false,-
com.github.dozermapper.tests,dozer-osgi-tests-model,6.4.0,-,-,?,-,false,-
com.github.dozermapper.tests,dozer-wildfly-tests,6.4.0,-,-,?,-,false,-
com.github.dtrunk90,recaptcha-spring-integration,1.0.0,-,-,?,-,false,-
com.github.dtrunk90,thymeleaf-jawr-extension,2.0.3,-,-,?,-,false,-
com.github.eborgbjerg,chessshell-api,0.7.0,-,-,?,-,false,-
com.github.eborgbjerg,chessshell-common,0.7.0,-,-,?,-,false,-
com.github.eborgbjerg,chessshell-folder-manager-sqlite4java,0.1.0,-,-,?,-,false,-
com.github.eborgbjerg,chessshell-logger,1.0.0,-,-,?,-,false,-
com.github.eborgbjerg,chessshell-pgn-file-accessor-sqlite4java,1.0.0,-,-,?,-,false,-
com.github.eborgbjerg,chessshell-pgn-file-accessor-sqlite-jdbc,1.0.0,-,-,?,-,false,-
com.github.eborgbjerg,chessshell-plugin-api,0.7.0,-,-,?,-,false,-
com.github.eborgbjerg,chessshell-position-search-indexer,0.1.0,-,-,?,-,false,-
com.github.eborgbjerg,chessshell-simple-position-database-sqlite4java,0.1.0,-,-,?,-,false,-
com.github.eikek,bitpeace-core_2.11,0.2.0,-,-,?,-,false,-
com.github.eikek,bitpeace-core_2.12,0.2.0,-,-,?,-,false,-
com.github.eikek,mpc4s-client_2.12,0.1.0,-,-,?,-,false,-
com.github.eikek,mpc4s-protocol_2.12,0.1.0,-,-,?,-,false,-
com.github.eikek,yamusca_2.11,0.3.0,-,-,?,-,false,-
com.github.eikek,yamusca_2.12,0.3.0,-,-,?,-,false,-
com.github.eikek,yamusca-circe_2.11,0.4.0,-,-,?,-,false,-
com.github.eikek,yamusca-circe_2.12,0.4.0,-,-,?,-,false,-
com.github.eikek,yamusca-core_2.11,0.4.0,-,-,?,-,false,-
com.github.eikek,yamusca-core_2.12,0.4.0,-,-,?,-,false,-
com.github.eikek,yamusca-macros_2.11,0.4.0,-,-,?,-,false,-
com.github.eikek,yamusca-macros_2.12,0.4.0,-,-,?,-,false,-
com.github.eis.libraries,minimal-di,1.1,-,-,?,-,false,-
com.github.equella.jpf,jpf,1.0.7,-,-,?,-,false,-
com.github.equella.legacy,hurl,1.1,-,-,?,-,false,-
com.github.equella.legacy,itunesu-api-java,1.7,-,-,?,-,false,-
com.github.equella.legacy,mets,1.0,-,-,?,-,false,-
com.github.equella.legacy,oaicat,1.5.57,-,-,?,-,false,-
com.github.equella.legacy,qtiworks-jqtiplus,1.0-beta3,-,-,?,-,false,-
com.github.equella.legacy,zebulun,1.0,-,-,?,-,false,-
com.github.equella.reporting,birt-api,3.7.2,-,-,?,-,false,-
com.github.equella.reporting,reporting-common,6.5,-,-,?,-,false,-
com.github.equella.reporting,reporting-oda,6.5,-,-,?,-,false,-
com.github.equella.reporting,reporting-oda-connectors,6.5,-,-,?,-,false,-
com.github.exerrk,core,1.0.0,-,-,?,-,false,-
com.github.exerrk,exereports-annotation-processors,1.0.0,-,-,?,-,false,-
com.github.exerrk,exereports-metadata,1.0.0,-,-,?,-,false,-
com.github.gilbertw1,slack-scala-client_2.11,0.2.3,-,-,?,-,false,-
com.github.gilbertw1,slack-scala-client_2.12,0.2.3,-,-,?,-,false,-
com.github.gonglb.tools,autoupdatetable-mybatis-tkmapper,0.0.2,-,-,?,-,false,-
com.github.gonglb.tools,com.github.gonglb.tools.autoupdatetable,0.0.1,-,-,?,-,false,-
com.github.grzesiek-galezowski,custom-loggers-over-slf4j,1.1.1,-,-,?,-,false,-
com.github.grzesiek-galezowski,readonly-collections,1.0.0,-,-,?,-,false,-
com.github.grzesiek-galezowski,tdd-toolkit-java,1.2.5,-,-,?,-,false,-
com.github.gwr3n,jsdp,1.0.1,-,-,?,-,false,-
com.github.gwr3n,syat-choco,1.0.0,-,-,?,-,false,-
com.github.heehan,utility,0.0.1,-,-,?,-,false,-
com.github.iamnotgay,log-common,4.0,-,-,?,-,false,-
com.github.igorperikov,hollow-maven-plugin,0.1.1,-,-,?,-,false,-
com.github.inamik.text.tables,inamik-text-tables,0.8,-,-,?,-,false,-
com.github.javadev,latintoukrainian,1.2,-,-,?,-,false,-
com.github.javadev,moneytostr,1.14,-,-,?,-,false,-
com.github.javadev,nazk-client,1.2,-,-,?,-,false,-
com.github.javadev,odttopdf,1.1,-,-,?,-,false,-
com.github.javadev,qrcode-generator,1.1,-,-,?,-,false,-
com.github.javadev,ukrainiantolatin,1.2,-,-,?,-,false,-
com.github.javadev,underscore,1.35,-,-,?,-,false,-
com.github.javadev,underscore8,1.5,-,-,?,-,false,-
com.github.javadev,underscore-lodash,1.26,-,-,?,-,false,-
com.github.javadev,underscore-math,1.30,-,-,?,-,false,-
com.github.javadev,underscore-string,1.31,-,-,?,-,false,-
com.github.jeffreytai,cryptocompare-api-wrapper,1.0.0,-,-,?,-,false,-
com.github.jradolfo,ajunte-maven-plugin,0.1,-,-,?,-,false,-
com.github.jsonld-java,jsonld-java,0.12.0,-,-,?,-,false,sun.misc.Unsafe                          See http://openjdk.java.net/jeps/260
com.github.jsonld-java,jsonld-java-clerezza,0.12.0,-,-,?,-,false,-
com.github.jsonld-java,jsonld-java-rdf2go,0.12.0,-,-,?,-,false,-
com.github.jsonld-java,jsonld-java-tools,0.12.0,-,-,?,-,false,-
com.github.justhalf.nlp,java-nlp-toolkit,0.1.2,-,-,?,-,false,-
com.github.K0zka,contentgzip-maven-plugin,0.0.9,-,-,?,-,false,-
com.github.K0zka,finder4j-backtrack,0.6,-,-,?,-,false,-
com.github.K0zka,finder4j-backtrack-examples,0.6,-,-,?,-,false,-
com.github.kadi79.gaertner,gaertner-annotation-processor,0.0.2,-,-,?,-,false,-
com.github.kadi79.gaertner,gaertner-annotations,0.0.2,-,-,?,-,false,-
com.github.kadi79.gaertner,gaertner-examples,0.0.2,-,-,?,-,false,-
com.github.kennedyoliveira,pastebin4j,1.2.1,-,-,?,-,false,-
com.github.kugel-soft,kugel-param-scanner-maven-plugin,1.1,-,-,?,-,false,-
com.github.leoromanovsky,spark2cassandra_2.11,3.0.0,-,-,?,-,false,-
com.github.libgraviton,gdk-core,0.5.0,-,-,?,-,false,-
com.github.libgraviton,gdk-essential-pojos,0.3.0,-,-,?,-,false,-
com.github.libgraviton,gdk-maven-plugin,0.5.0,-,-,?,-,false,-
com.github.libgraviton,messaging,0.3.1,-,-,?,-,false,-
com.github.libgraviton,worker-base,0.25.3,-,-,?,-,false,-
com.github.libsgh,tieba-api,0.0.4,-,-,?,-,false,-
com.github.lucasfsousa,pricetag,0.0.1,-,-,?,-,false,-
com.github.lujinfeifly,freejava,0.0.2,-,-,?,-,false,-
com.github.luks91,casy,1.2.3,-,-,?,-,false,-
com.github.luks91,casy-annotations,1.2.3,-,-,?,-,false,-
com.github.lwaddicor,spring-startup-analysis,1.1.0,-,-,?,-,false,-
com.github.marianobarrios,dregex_2.11,0.4.0,-,-,?,-,false,-
com.github.marianobarrios,dregex_2.12,0.4.0,-,-,?,-,false,-
com.github.marianobarrios,linked-blocking-multi-queue,0.4.0,-,-,?,-,false,-
com.github.marianobarrios,tls-channel,0.1.1,-,-,?,-,false,-
com.github.martinei,spring-template-reverse-routing,0.9.0,-,-,?,-,false,-
com.github.mgunlogson,cuckoofilter4j,1.0.2,-,-,?,-,false,-
com.github.michaelgantman,MgntUtils,1.5.0.2,-,-,?,-,false,-
com.github.mikaelv,spark-lite_2.11,0.0.1,-,-,?,-,false,-
com.github.mixja,autoversion,0.2.0,-,-,?,-,false,-
com.github.mkolisnyk,cucumber-report-generator,1.3.4,-,-,?,-,false,-
com.github.mkolisnyk,cucumber-reporting-maven-plugin,1.3.4,-,-,?,-,false,-
com.github.mkolisnyk,cucumber-runner,1.3.4,-,-,?,-,false,-
com.github.mkolisnyk,sirius-java-client,0.0.1,-,-,?,-,false,-
com.github.mprops,mprops,1.0.0,-,-,?,-,false,-
com.github.muff1nman.chameleon,contenttype-filename,1.2.1-RELEASE,-,-,?,-,false,-
com.github.muff1nman.chameleon,contenttype-filetype,1.2.1-RELEASE,-,-,?,-,false,-
com.github.muff1nman.chameleon,contenttype-specificplaylist,1.2.1-RELEASE,-,-,?,-,false,-
com.github.muff1nman.chameleon,core,1.2.1-RELEASE,-,-,?,-,false,-
com.github.muff1nman.chameleon,metadata-image,1.2.1-RELEASE,-,-,?,-,false,-
com.github.muff1nman.chameleon,metadata-sound,1.2.1-RELEASE,-,-,?,-,false,-
com.github.muff1nman.chameleon,playlist-all,1.2.1-RELEASE,-,-,?,-,false,-
com.github.muff1nman.chameleon,playlist-asx,1.2.1-RELEASE,-,-,?,-,false,-
com.github.muff1nman.chameleon,playlist-atom,1.2.1-RELEASE,-,-,?,-,false,-
com.github.muff1nman.chameleon,playlist-b4s,1.2.1-RELEASE,-,-,?,-,false,-
com.github.muff1nman.chameleon,playlist-hypetape,1.2.1-RELEASE,-,-,?,-,false,-
com.github.muff1nman.chameleon,playlist-kpl,1.2.1-RELEASE,-,-,?,-,false,-
com.github.muff1nman.chameleon,playlist-m3u,1.2.1-RELEASE,-,-,?,-,false,-
com.github.muff1nman.chameleon,playlist-mpcpl,1.2.1-RELEASE,-,-,?,-,false,-
com.github.muff1nman.chameleon,playlist-pla,1.2.1-RELEASE,-,-,?,-,false,-
com.github.muff1nman.chameleon,playlist-plist,1.2.1-RELEASE,-,-,?,-,false,-
com.github.muff1nman.chameleon,playlist-plp,1.2.1-RELEASE,-,-,?,-,false,-
com.github.muff1nman.chameleon,playlist-pls,1.2.1-RELEASE,-,-,?,-,false,-
com.github.muff1nman.chameleon,playlist-rmp,1.2.1-RELEASE,-,-,?,-,false,-
com.github.muff1nman.chameleon,playlist-rss,1.2.1-RELEASE,-,-,?,-,false,-
com.github.muff1nman.chameleon,playlist-smil,1.2.1-RELEASE,-,-,?,-,false,-
com.github.muff1nman.chameleon,playlist-wpl,1.2.1-RELEASE,-,-,?,-,false,-
com.github.muff1nman.chameleon,playlist-xspf,1.2.1-RELEASE,-,-,?,-,false,-
com.github.muff1nman.chameleon,tools,1.2.1-RELEASE,-,-,?,-,false,-
com.github.padrig64,minibus,0.1.0,-,-,?,-,false,-
com.github.pawelkrol,commtest,0.03,-,-,?,-,false,-
com.github.pawelkrol,cpu-6502-simulator,0.04,-,-,?,-,false,-
com.github.pcejrowski,grasca_2.10,0.1.6,-,-,?,-,false,-
com.github.pcejrowski,grasca_2.11,0.1.6,-,-,?,-,false,-
com.github.pcejrowski,grasca_2.12,0.1.6,-,-,?,-,false,-
com.github.platform-team,aws-maven,6.0.0,-,-,?,-,false,-
com.github.pm-dev,kotlin-gremlin-graphql,0.17.0,-,-,?,-,false,-
com.github.pm-dev,kotlin-gremlin-ogm,0.17.0,-,-,?,-,false,-
com.github.pm-dev,kotlin-janusgraph-ogm,0.17.0,-,-,?,-,false,-
com.github.pm-dev,kremlin,0.9.5,-,-,?,-,false,-
com.github.psi-probe,psi-probe-core,3.1.0,-,-,?,-,false,-
com.github.psi-probe,psi-probe-ojdbc,3.1.0,-,-,?,-,false,-
com.github.psi-probe,psi-probe-rest,3.1.0,-,-,?,-,false,-
com.github.psi-probe,psi-probe-tomcat7,3.1.0,-,-,?,-,false,-
com.github.psi-probe,psi-probe-tomcat8,3.1.0,-,-,?,-,false,-
com.github.psi-probe,psi-probe-tomcat85,3.1.0,-,-,?,-,false,-
com.github.psi-probe,psi-probe-tomcat9,3.1.0,-,-,?,-,false,-
com.github.pylsoft,cucumber-doclet,0.2.1,-,-,?,-,false,-
com.github.qbetti,petit-poucet,1.0.0,-,-,?,-,false,-
com.github.qiujiayu,autoload-cache-spring-boot-starter,6.9.2,-,-,?,-,false,-
com.github.racc,typesafeconfig-guice,0.1.0,-,-,?,-,false,-
com.github.reinert,jjschema,1.12,-,-,?,-,false,-
com.github.ruanzy,jone,2.2.1,-,-,?,-,false,-
com.github.sadstool,mapstruct-builder,0.1.0,-,-,?,-,false,-
com.github.sadstool,mapstruct-builder-naming-strategy,0.1.0,-,-,?,-,false,-
com.github.sadstool,redisson-aspect-lock,0.1.2,-,-,?,-,false,-
com.github.scaruby,scaruby_2.11,0.5,-,-,?,-,false,-
com.github.scaruby,scaruby_2.12,0.5,-,-,?,-,false,-
com.github.sea-huang,loggable,1.3.0,-,-,?,-,false,-
com.github.sea-huang,spring-data-mybatis-pagination,2.1.1,-,-,?,-,false,-
com.github.seancfoley,ipaddress,4.2.0,-,-,?,-,false,-
com.github.sequenceplanner,sp-comm_2.12,0.9.11,-,-,?,-,false,-
com.github.sequenceplanner,sp-comm_sjs0.6_2.12,0.9.11,-,-,?,-,false,-
com.github.sequenceplanner,sp-core_2.12,0.9.11,-,-,?,-,false,-
com.github.sequenceplanner,sp-domain_2.12,0.9.12,-,-,?,-,false,-
com.github.sequenceplanner,sp-domain_sjs0.6_2.12,0.9.12,-,-,?,-,false,-
com.github.sequenceplanner,sp-gui_2.12,0.9.12,-,-,?,-,false,-
com.github.sequenceplanner,sp-gui_sjs0.6_2.12,0.9.12,-,-,?,-,false,-
com.github.sevntu-checkstyle,dsm-maven-plugin,2.2.0,-,-,?,-,false,-
com.github.sevntu-checkstyle,sevntu-checks,1.32.0,-,-,?,-,false,-
com.github.sevntu-checkstyle,sevntu-checkstyle-idea-extension,1.32.0,-,-,?,-,false,-
com.github.sevntu-checkstyle,sevntu-checkstyle-maven-plugin,1.32.0,-,-,?,-,false,-
com.github.sevntu-checkstyle,sevntu-checkstyle-sonar-plugin,1.32.0,-,-,?,-,false,-
com.github.sgoertzen,sonar-break-maven-plugin,1.2.5,-,-,?,-,false,-
com.github.shiqiyue,swagger-bootstrap-ui,1.9.6,-,-,?,-,false,-
com.github.shiqiyue,weixin-common,0.9.7,-,-,?,-,false,-
com.github.shiqiyue,weixin-pay,0.9.7,-,-,?,-,false,-
com.github.simondan,annotationprocessor,0.1-beta,-,-,?,-,false,-
com.github.simondan,common,0.1-beta,-,-,?,-,false,-
com.github.simondan,database,0.1-beta,-,-,?,-,false,-
com.github.simondan,ojcms-beans,0.1-beta,-,-,?,-,false,-
com.github.simondan.ojcms,ojcms-beans,0.4,-,-,?,-,false,-
com.github.simondan.ojcms,ojcms-server,0.2-beta,-,-,?,-,false,-
com.github.simondan.ojcms.server,annotationprocessor,0.4,-,-,?,-,false,-
com.github.simondan.ojcms.server,common,0.4,-,-,?,-,false,-
com.github.simondan.ojcms.server,database,0.4,-,-,?,-,false,-
com.github.simondan.ojcms.server,ojcms-server,0.4,-,-,?,-,false,-
com.github.simondan,server,0.1-beta,-,-,?,-,false,-
com.github.stefanofornari,bsh-console,1.1.0,-,-,?,-,false,-
com.github.stefanofornari,xtest,2.0.0,-,-,?,-,false,-
com.github.temyers,cucumber-jvm-parallel-plugin,5.0.0,-,-,?,-,false,-
com.github.terma,fast-select,3.2.0,-,-,?,-,false,-
com.github.terma.gigaspace-web-console,core,1.3.2,-,-,?,-,false,-
com.github.terma.gigaspace-web-console,plugin,1.3.2,-,-,?,-,false,-
com.github.terma.gigaspace-web-console,provider,1.3.2,-,-,?,-,false,-
com.github.terma,mutable-fast-select,0.0.6,-,-,?,-,false,-
com.github.terma,sql-on-json,2.0.0,-,-,?,-,false,-
com.github.theastrolab,spark3d_2.11,0.1.2,-,-,?,-,false,-
com.github.theastrolab,spark-fits_2.11,0.4.0,-,-,?,-,false,-
com.github.tmarsteel,jcli,2.3.0,-,-,?,-,false,-
com.github.tminglei,binder-swagger-java,0.8.0,-,-,?,-,false,-
com.github.tminglei,form-binder-java,0.13.3,-,-,?,-,false,-
com.github.tminglei,slick-pg_2.10,0.14.9,-,-,?,-,false,-
com.github.tminglei,slick-pg_2.11,0.16.3,-,-,?,-,false,-
com.github.tminglei,slick-pg_2.12,0.16.3,-,-,?,-,false,-
com.github.tminglei,slick-pg_argonaut_2.10,0.14.9,-,-,?,-,false,-
com.github.tminglei,slick-pg_argonaut_2.11,0.16.3,-,-,?,-,false,-
com.github.tminglei,slick-pg_argonaut_2.12,0.16.3,-,-,?,-,false,-
com.github.tminglei,slick-pg_circe-json_2.10,0.14.9,-,-,?,-,false,-
com.github.tminglei,slick-pg_circe-json_2.11,0.16.3,-,-,?,-,false,-
com.github.tminglei,slick-pg_circe-json_2.12,0.16.3,-,-,?,-,false,-
com.github.tminglei,slick-pg_core_2.10,0.14.9,-,-,?,-,false,-
com.github.tminglei,slick-pg_core_2.11,0.16.3,-,-,?,-,false,-
com.github.tminglei,slick-pg_core_2.12,0.16.3,-,-,?,-,false,-
com.github.tminglei,slick-pg_date2_2.10,0.14.9,-,-,?,-,false,-
com.github.tminglei,slick-pg_date2_2.11,0.15.0-M2,-,-,?,-,false,-
com.github.tminglei,slick-pg_jawn_2.11,0.16.3,-,-,?,-,false,-
com.github.tminglei,slick-pg_jawn_2.12,0.16.3,-,-,?,-,false,-
com.github.tminglei,slick-pg_joda-time_2.10,0.14.9,-,-,?,-,false,-
com.github.tminglei,slick-pg_joda-time_2.11,0.16.3,-,-,?,-,false,-
com.github.tminglei,slick-pg_joda-time_2.12,0.16.3,-,-,?,-,false,-
com.github.tminglei,slick-pg_json4s_2.10,0.14.9,-,-,?,-,false,-
com.github.tminglei,slick-pg_json4s_2.11,0.16.3,-,-,?,-,false,-
com.github.tminglei,slick-pg_json4s_2.12,0.16.3,-,-,?,-,false,-
com.github.tminglei,slick-pg_jts_2.10,0.14.9,-,-,?,-,false,-
com.github.tminglei,slick-pg_jts_2.11,0.16.3,-,-,?,-,false,-
com.github.tminglei,slick-pg_jts_2.12,0.16.3,-,-,?,-,false,-
com.github.tminglei,slick-pg_play-json_2.10,0.14.9,-,-,?,-,false,-
com.github.tminglei,slick-pg_play-json_2.11,0.16.3,-,-,?,-,false,-
com.github.tminglei,slick-pg_play-json_2.12,0.16.3,-,-,?,-,false,-
com.github.tminglei,slick-pg_spray-json_2.10,0.14.9,-,-,?,-,false,-
com.github.tminglei,slick-pg_spray-json_2.11,0.16.3,-,-,?,-,false,-
com.github.tminglei,slick-pg_spray-json_2.12,0.16.3,-,-,?,-,false,-
com.github.tminglei,slick-pg_threeten_2.10,0.14.9,-,-,?,-,false,-
com.github.tminglei,slick-pg_threeten_2.11,0.15.0-M2,-,-,?,-,false,-
com.github.tobato,fastdfs-client,1.26.2,-,-,?,-,false,-
com.github.traviscrawford,spark-dynamodb,0.0.13,-,-,?,-,false,-
com.github.tsutomunakamura.ipfilteringtree4j,ip-filtering-tree4j,1.1.0,-,-,?,-,false,-
com.github.tvinke,bulletproof,0.2,-,-,?,-,false,-
com.github.vincentrussell,json-data-generator,1.5,-,-,?,-,false,-
com.github.vincentrussell,nexus3-x509-dn-security-plugin,1.1,-,-,?,-,false,-
com.github.vincentrussell,springmvc-rest-docs-deps,1.0-RC1,-,-,?,-,false,sun.misc.Signal                          See http://openjdk.java.net/jeps/260 + sun.misc.SignalHandler                   See http://openjdk.java.net/jeps/260 + sun.misc.Unsafe                          See http://openjdk.java.net/jeps/260
com.github.vincentrussell,springmvc-rest-docs-maven-plugin,1.0-RC1,-,-,?,-,false,-
com.github.vincentrussell,sql-to-mongo-db-query-converter,1.6,-,-,?,-,false,-
com.github.vkorchik,qualitet-utils_2.10,0.1.0,-,-,?,-,false,-
com.github.vkorchik,qualitet-utils_2.11,0.1.6,-,-,?,-,false,-
com.github.vkorchik,qualitet-utils_2.12,0.1.6,-,-,?,-,false,-
com.github.wangdasong,nsw-base-core,1.0.4,-,-,?,-,false,-
com.github.wangmingchang,automateapidocs,1.0.0,-,-,?,-,false,-
com.github.wcy123,protobuf-http-message-converter,2.1.0,-,-,?,-,false,-
com.github.wonwoo,dynamodb-spring-boot-autoconfigure,1.0.1-RELEASE,-,-,?,-,false,-
com.github.wonwoo,dynamodb-spring-boot-core,1.0.1-RELEASE,-,-,?,-,false,-
com.github.wonwoo,dynamodb-spring-boot-sample,1.0.1-RELEASE,-,-,?,-,false,-
com.github.wonwoo,dynamodb-spring-boot-starter,1.0.1-RELEASE,-,-,?,-,false,-
com.github.wonwoo,dynamodb-spring-boot-starter-test,1.0.1-RELEASE,-,-,?,-,false,-
com.github.wonwoo,dynamodb-spring-boot-test-autoconfigure,1.0.1-RELEASE,-,-,?,-,false,-
com.github.wu191287278,spring-boot-starter-dubbo,1.5.33,-,-,?,-,false,-
com.github.wxpay,wxpay-sdk,0.0.3,-,-,?,-,false,-
com.github.xiyuan-fengyu,JavaArgs,1.0.0,-,-,?,-,false,-
com.github.xjzrc.spring.boot,disconf-spring-boot-starter,1.0.1,-,-,?,-,false,-
com.github.xjzrc.spring.boot,elastic-job-lite-spring-boot-starter,2.0.0,-,-,?,-,false,-
com.github.zhengjiajin,swift-log,0.0.1,-,-,?,-,false,-
com.github.zhongjiqiang,luban-srv-java,0.0.1,-,-,?,-,false,-
