groupId,artifactId,version,moduleName,moduleVersion,moduleMode,moduleDependencies,jdepsToolError,jdepsViolations
com.github.aaronp,agora_2.11,v0.3.1,-,-,?,-,false,-
com.github.aaronp,agora-api_2.11,v0.3.1,-,-,?,-,false,-
com.github.aaronp,agora-api_sjs0.6_2.11,v0.1.2,-,-,?,-,false,-
com.github.aaronp,agora-config_2.11,v0.3.1,-,-,?,-,false,-
com.github.aaronp,agora-exec_2.11,v0.3.1,-,-,?,-,false,-
com.github.aaronp,agora-exec-api_2.11,v0.3.1,-,-,?,-,false,-
com.github.aaronp,agora-io_2.11,v0.3.1,-,-,?,-,false,-
com.github.aaronp,agora-rest_2.11,v0.3.1,-,-,?,-,false,-
com.github.aaronp,agora-rest-api_2.11,v0.3.1,-,-,?,-,false,-
com.github.aaronp,agora-rest-example_2.11,v0.3.1,-,-,?,-,false,-
com.github.aaronp,agora-ui_sjs0.6_2.11,v0.1.2,-,-,?,-,false,-
com.github.aaronp,donovan_2.12,0.0.4,-,-,?,-,false,-
com.github.aaronp,donovan_sjs0.6_2.12,0.0.4,-,-,?,-,false,-
com.github.aaronp,eie_2.12,0.0.3,-,-,?,-,false,-
com.github.aaronp,jabroni_2.11,v0.0.34,-,-,?,-,false,-
com.github.aaronp,jabroni-api_2.11,v0.0.34,-,-,?,-,false,-
com.github.aaronp,jabroni-api_sjs0.6_2.11,v0.0.34,-,-,?,-,false,-
com.github.aaronp,jabroni-exec_2.11,v0.0.34,-,-,?,-,false,-
com.github.aaronp,jabroni-rest_2.11,v0.0.34,-,-,?,-,false,-
com.github.aaronp,jabroni-ui_sjs0.6_2.11,v0.0.34,-,-,?,-,false,-
com.github.arguslab,amandroid_2.12,3.1.3,-,-,?,-,false,-
com.github.arguslab,amandroid-core_2.11,2.0.5,-,-,?,-,false,-
com.github.arguslab,jawa_2.12,3.1.3,-,-,?,-,false,-
com.github.arguslab,jawa-core_2.11,2.0.5,-,-,?,-,false,-
com.github.arguslab,saf-library_2.11,2.0.5,-,-,?,-,false,sun.misc.Unsafe                          See http://openjdk.java.net/jeps/260
com.github.arguslab,saf-library_2.12,3.1.3,-,-,?,-,false,sun.misc.Unsafe                          See http://openjdk.java.net/jeps/260
com.github.basking2,sdsai-itrex,1.1.10,-,-,?,-,false,-
com.github.battlesteed,hibernateMaster,1.0.10,-,-,?,-,false,-
com.github.bingoohuang,aliyun-mini-api,0.0.4,-,-,?,-,false,-
com.github.bingoohuang,asmvalidator,0.0.16,-,-,?,-,false,-
com.github.bingoohuang,blackcat-instrument,0.0.14,-,-,?,-,false,-
com.github.bingoohuang,blackcat-maven-plugin,0.0.7,-,-,?,-,false,sun.misc.Cleaner                         Use java.lang.ref.PhantomReference @since 1.2 or java.lang.ref.Cleaner @since 9 + sun.misc.Unsafe                          See http://openjdk.java.net/jeps/260 + sun.security.x509.X500Name               Use javax.security.auth.x500.X500Principal @since 1.4
com.github.bingoohuang,blackcat-sdk,0.0.8,-,-,?,-,false,-
com.github.bingoohuang,blackcat-server,0.0.9,-,-,?,-,false,-
com.github.bingoohuang,cqler,0.0.4,-,-,?,-,false,-
com.github.bingoohuang,delayqueue,0.0.10,-,-,?,-,false,-
com.github.bingoohuang,diamond-client,0.0.21,-,-,?,-,false,-
com.github.bingoohuang,eql,0.1.3,-,-,?,-,false,-
com.github.bingoohuang,excel2javabeans,0.0.22,-,-,?,-,false,-
com.github.bingoohuang,guava-compatible,0.0.2,-,-,?,-,false,-
com.github.bingoohuang,ibatis-enhanced,0.0.8,-,-,?,-,false,-
com.github.bingoohuang,id,0.0.1,-,-,?,-,false,-
com.github.bingoohuang,java-utils,0.0.12,-,-,?,-,false,-
com.github.bingoohuang,log4j-more,0.0.1,-,-,?,-,false,-
com.github.bingoohuang,logback-more-appenders,0.0.3,-,-,?,-,false,-
com.github.bingoohuang,multi-tenants-connection-pool,0.0.2,-,-,?,-,false,-
com.github.bingoohuang,quartz-glass,0.0.9,-,-,?,-,false,-
com.github.bingoohuang,settingbean-orm,0.0.6,-,-,?,-,false,-
com.github.bingoohuang,spring-rest-boot,0.0.12,-,-,?,-,false,-
com.github.bingoohuang,spring-rest-client,0.0.23,-,-,?,-,false,sun.reflect.generics.reflectiveObjects.ParameterizedTypeImpl Removed. See http://openjdk.java.net/jeps/260
com.github.bingoohuang,template-matcher,0.0.1,-,-,?,-,false,-
com.github.bingoohuang,unirest-java,0.0.7,-,-,?,-,false,-
com.github.bingoohuang,voucher-no,0.0.6,-,-,?,-,false,-
com.github.bingoohuang,westcache,0.0.32,-,-,?,-,false,-
com.github.bingoohuang,westid,0.0.2,-,-,?,-,false,-
com.github.bingoohuang,westjson,0.0.1,-,-,?,-,false,-
com.github.bjansen,swagger-schema-validator,0.1.2,-,-,?,-,false,-
com.github.black-ox,simple,0.0.1,-,-,?,-,false,-
com.github.broadinstitute,picard,2.18.11,-,-,?,-,false,-
com.github.bruneli.phyqty,phyqty_2.11,1.0,-,-,?,-,false,-
com.github.bruneli.phyqty,phyqty_2.12,1.0,-,-,?,-,false,-
com.github.cafaudit,caf-audit,3.2.0-83,-,-,?,-,false,-
com.github.cafaudit,caf-audit-management-cli,2.0.0-6,-,-,?,-,false,-
com.github.cafaudit,caf-audit-management-client,2.0.0-6,-,-,?,-,false,-
com.github.cafaudit,caf-audit-management-contract,2.0.0-6,-,-,?,-,false,-
com.github.cafaudit,caf-audit-maven-plugin,3.2.0-83,-,-,?,-,false,-
com.github.cafaudit,caf-audit-monkey,3.2.0-83,-,-,?,-,false,-
com.github.cafaudit,caf-audit-monkey-auditlog,3.2.0-83,-,-,?,-,false,-
com.github.cafaudit,caf-audit-qa,2.0.0-6,-,-,?,-,false,-
com.github.cafaudit,caf-audit-schema,3.2.0-83,-,-,?,-,false,-
com.github.cafaudit,caf-audit-service-client,3.2.0-83,-,-,?,-,false,-
com.github.cafaudit,caf-audit-service-contract,3.2.0-83,-,-,?,-,false,-
com.github.cafdataprocessing,classification-service-creation-util,1.2.0-24,-,-,?,-,false,-
com.github.cafdataprocessing,composite-document,1.5.0-84,-,-,?,-,false,-
com.github.cafdataprocessing,corepolicy-common,1.1.0-94,-,-,?,-,false,-
com.github.cafdataprocessing,corepolicy-database,1.1.0-94,-,-,?,-,false,sun.misc.Unsafe                          See http://openjdk.java.net/jeps/260 + sun.security.x509.X500Name               Use javax.security.auth.x500.X500Principal @since 1.4
com.github.cafdataprocessing,data-processing-family-task-submitter,1.4.0-148,-,-,?,-,false,sun.misc.Unsafe                          See http://openjdk.java.net/jeps/260 + sun.security.x509.X500Name               Use javax.security.auth.x500.X500Principal @since 1.4
com.github.cafdataprocessing,processing-service-client,1.4.0-274,-,-,?,-,false,-
com.github.cafdataprocessing,worker-document-utility,4.0.0-200,-,-,?,-,false,-
com.github.cafdataprocessing,worker-markup,3.0.0-265,-,-,?,-,false,-
com.github.cafdataprocessing,worker-markup-shared,3.0.0-265,-,-,?,-,false,-
com.github.cafdataprocessing,worker-policy,1.5.0-84,-,-,?,-,false,-
com.github.cafdataprocessing,worker-policy-data-reprocessing-tracking,1.5.0-84,-,-,?,-,false,-
com.github.cafdataprocessing,worker-policy-document-worker-converter,1.5.0-84,-,-,?,-,false,-
com.github.cafdataprocessing,worker-policy-shared,1.5.0-84,-,-,?,-,false,-
com.github.cb372,automagic_2.11,0.2.1,-,-,?,-,false,-
com.github.cb372,automagic_2.12,0.2.1,-,-,?,-,false,-
com.github.cb372,cats-retry-cats-effect_2.12,0.1.0,-,-,?,-,false,-
com.github.cb372,cats-retry-core_2.12,0.1.0,-,-,?,-,false,-
com.github.cb372,scalacache-cache2k_2.11,0.24.2,-,-,?,-,false,-
com.github.cb372,scalacache-cache2k_2.12,0.24.2,-,-,?,-,false,-
com.github.cb372,scalacache-caffeine_2.11,0.24.2,-,-,?,-,false,-
com.github.cb372,scalacache-caffeine_2.12,0.24.2,-,-,?,-,false,-
com.github.cb372,scalacache-cats-effect_2.11,0.24.2,-,-,?,-,false,-
com.github.cb372,scalacache-cats-effect_2.12,0.24.2,-,-,?,-,false,-
com.github.cb372,scalacache-circe_2.11,0.24.2,-,-,?,-,false,-
com.github.cb372,scalacache-circe_2.12,0.24.2,-,-,?,-,false,-
com.github.cb372,scalacache-core_2.11,0.24.2,-,-,?,-,false,-
com.github.cb372,scalacache-core_2.12,0.24.2,-,-,?,-,false,-
com.github.cb372,scalacache-core_sjs0.6_2.11,0.24.2,-,-,?,-,false,-
com.github.cb372,scalacache-core_sjs0.6_2.12,0.24.2,-,-,?,-,false,-
com.github.cb372,scalacache-ehcache_2.11,0.24.2,-,-,?,-,false,-
com.github.cb372,scalacache-ehcache_2.12,0.24.2,-,-,?,-,false,-
com.github.cb372,scalacache-guava_2.11,0.24.2,-,-,?,-,false,-
com.github.cb372,scalacache-guava_2.12,0.24.2,-,-,?,-,false,-
com.github.cb372,scalacache-memcached_2.11,0.24.2,-,-,?,-,false,-
com.github.cb372,scalacache-memcached_2.12,0.24.2,-,-,?,-,false,-
com.github.cb372,scalacache-monix_2.11,0.24.2,-,-,?,-,false,-
com.github.cb372,scalacache-monix_2.12,0.24.2,-,-,?,-,false,-
com.github.cb372,scalacache-ohc_2.11,0.24.2,-,-,?,-,false,-
com.github.cb372,scalacache-ohc_2.12,0.24.2,-,-,?,-,false,-
com.github.cb372,scalacache-redis_2.11,0.24.2,-,-,?,-,false,-
com.github.cb372,scalacache-redis_2.12,0.24.2,-,-,?,-,false,-
com.github.cb372,scalacache-scalaz72_2.11,0.24.2,-,-,?,-,false,-
com.github.cb372,scalacache-scalaz72_2.12,0.24.2,-,-,?,-,false,-
com.github.chuanzh,eop,1.0.1,-,-,?,-,false,sun.misc.BASE64Encoder                   Use java.util.Base64 @since 1.8
com.github.chuanzh,eweb,1.0.1,-,-,?,-,false,sun.misc.BASE64Encoder                   Use java.util.Base64 @since 1.8
com.github.churchtao,greenhat,1.2,-,-,?,-,false,-
com.github.cradloff,fit-maven-plugin,3.2,-,-,?,-,false,-
com.github.daddykotex,courier-core_2.10,0669db3d+20171004-1457,-,-,?,-,false,-
com.github.daddykotex,courier-core_2.11,0669db3d+20171004-1459,-,-,?,-,false,-
com.github.daddykotex,courier-core_2.12,0669db3d+20171004-1458,-,-,?,-,false,-
com.github.daddykotex,courier-for-cats_2.10,0669db3d+20171004-1457,-,-,?,-,false,-
com.github.daddykotex,courier-for-cats_2.11,0669db3d+20171004-1459,-,-,?,-,false,-
com.github.daddykotex,courier-for-cats_2.12,0669db3d+20171004-1458,-,-,?,-,false,-
com.github.ddemin,tests-router,0.7.1,-,-,?,-,false,sun.reflect.annotation.AnnotationParser  Removed. See http://openjdk.java.net/jeps/260
com.github.devcsrj,mvnrepository-api-client,1.0.0,-,-,?,-,false,-
com.github.devcsrj,slf4j-okhttp3-logging-interceptor,1.0.1,-,-,?,-,false,-
com.github.dgroup,docker-unittests,1.0.3,-,-,?,-,false,sun.misc.Unsafe                          See http://openjdk.java.net/jeps/260 + sun.reflect.Reflection                   Use java.lang.StackWalker @since 9 + sun.security.x509.X500Name               Use javax.security.auth.x500.X500Principal @since 1.4
com.github.digitaldan,jomnilink,1.0,-,-,?,-,false,-
com.github.dingxin,proguard-maven-plugin,1.0.3,-,-,?,-,false,-
com.github.dubasdey,log4j2-jsonevent-layout,0.0.4,-,-,?,-,false,-
com.github.fonimus,spring-boot-ssh-shell-basic-sample,1.0.6,-,-,?,-,false,-
com.github.fonimus,spring-boot-ssh-shell-complete-sample,1.0.6,-,-,?,-,false,-
com.github.fonimus,spring-boot-ssh-shell-sample,1.0.0,-,-,?,-,false,-
com.github.fonimus,spring-boot-ssh-shell-starter,1.0.6,-,-,?,-,false,-
com.github.fonimus,ssh-shell-sample,0.1.0,-,-,?,-,false,-
com.github.fonimus,ssh-shell-starter,0.1.0,-,-,?,-,false,-
com.github.frtu.governance,influxdb-maven-plugin,0.2.0,-,-,?,-,false,-
com.github.frtu.governance,schema-registries-maven-plugin,0.2.0,-,-,?,-,false,-
com.github.frtu.smartscan,spring-analyzer,0.2.4,-,-,?,-,false,-
com.github.frtu.smartscan,text-toolbox,0.2.6,-,-,?,-,false,-
com.github.garyaiki,dendrites_2.11,0.5.0,-,-,?,-,false,-
com.github.garyaiki,dendrites_2.12,0.6.3,-,-,?,-,false,-
com.github.ghostdogpr,readability4s,1.0.9,-,-,?,-,false,-
com.github.grantneale,kafka-lag-based-assignor,1.1.0,-,-,?,-,false,-
com.github.grooviter,asteroid,0.4.2,-,-,?,-,false,-
com.github.gwtreact,gwt-interop-utils,1.0.0,-,-,?,-,false,-
com.github.gwtreact,gwt-mobx,0.5.0,-,-,?,-,false,-
com.github.gwtreact,gwt-react,1.0.0,-,-,?,-,false,-
com.github.gwtreact,gwt-react-router,1.0.0,-,-,?,-,false,-
com.github.gwtreact,gwt-redux,0.4.0,-,-,?,-,false,-
com.github.hipjim,scala-retry_2.12,0.2.2,-,-,?,-,false,-
com.github.housepower,clickhouse-native-jdbc,1.4-stable,-,-,?,-,false,-
com.github.hyukjinkwon.hcatalog,hive-hcatalog-core,1.2.1.spark2,-,-,?,-,false,-
com.github.hyukjinkwon.hcatalog,hive-hcatalog-pig-adapter,1.2.1.spark2,-,-,?,-,false,-
com.github.hyukjinkwon.hcatalog,hive-hcatalog-server-extensions,1.2.1.spark2,-,-,?,-,false,-
com.github.hyukjinkwon.hcatalog,hive-hcatalog-streaming,1.2.1.spark2,-,-,?,-,false,-
com.github.hyukjinkwon.hcatalog,hive-webhcat,1.2.1.spark2,-,-,?,-,false,-
com.github.hyukjinkwon.hcatalog,hive-webhcat-java-client,1.2.1.spark2,-,-,?,-,false,-
com.github.hyukjinkwon,hive-accumulo-handler,1.2.1.spark2,-,-,?,-,false,-
com.github.hyukjinkwon,hive-ant,1.2.1.spark2,-,-,?,-,false,-
com.github.hyukjinkwon,hive-beeline,1.2.1.spark2,-,-,?,-,false,sun.misc.Signal                          See http://openjdk.java.net/jeps/260 + sun.misc.SignalHandler                   See http://openjdk.java.net/jeps/260
com.github.hyukjinkwon,hive-cli,1.2.1.spark2,-,-,?,-,false,sun.misc.Signal                          See http://openjdk.java.net/jeps/260 + sun.misc.SignalHandler                   See http://openjdk.java.net/jeps/260
com.github.hyukjinkwon,hive-common,1.2.1.spark2,-,-,?,-,false,-
com.github.hyukjinkwon,hive-contrib,1.2.1.spark2,-,-,?,-,false,-
com.github.hyukjinkwon,hive-exec,1.2.1.spark2,-,-,?,-,false,sun.reflect.ReflectionFactory            See http://openjdk.java.net/jeps/260
com.github.hyukjinkwon,hive-hbase-handler,1.2.1.spark2,-,-,?,-,false,-
com.github.hyukjinkwon,hive-hwi,1.2.1.spark2,-,-,?,-,false,-
com.github.hyukjinkwon,hive-jdbc,1.2.1.spark2,-,-,?,-,false,-
com.github.hyukjinkwon,hive-metastore,1.2.1.spark2,-,-,?,-,false,-
com.github.hyukjinkwon,hive-serde,1.2.1.spark2,-,-,?,-,false,-
com.github.hyukjinkwon,hive-service,1.2.1.spark2,-,-,?,-,false,-
com.github.hyukjinkwon,hive-shims,1.2.1.spark2,-,-,?,-,false,-
com.github.hyukjinkwon,hive-testutils,1.2.1.spark2,-,-,?,-,false,-
com.github.hyukjinkwon.shims,hive-shims-0.20S,1.2.1.spark2,-,-,?,-,false,-
com.github.hyukjinkwon.shims,hive-shims-0.23,1.2.1.spark2,-,-,?,-,false,-
com.github.hyukjinkwon.shims,hive-shims-common,1.2.1.spark2,-,-,?,-,false,-
com.github.hyukjinkwon.shims,hive-shims-scheduler,1.2.1.spark2,-,-,?,-,false,-
com.github.hyukjinkwon,spark-client,1.2.1.spark2,-,-,?,-,false,-
com.github.ishestakov.carnotzet,jacoco-extension,0.0.4,-,-,?,-,false,-
com.github.ixa-ehu,kaflib-naf,1.1.19,-,-,?,-,false,-
com.github.jsurfer,jsurfer-all,1.4.3,-,-,?,-,false,-
com.github.jsurfer,jsurfer-core,1.4.3,-,-,?,-,false,-
com.github.jsurfer,jsurfer-fastjson,1.4.3,-,-,?,-,false,-
com.github.jsurfer,jsurfer-gson,1.4.3,-,-,?,-,false,-
com.github.jsurfer,jsurfer-jackson,1.4.3,-,-,?,-,false,-
com.github.jsurfer,jsurfer-jsonsimple,1.4.3,-,-,?,-,false,-
com.github.komcrad.snmp,tnm4j,1.0.9,-,-,?,-,false,-
com.github.kongpf8848,rxjava2-math,1.0.0,-,-,?,-,false,-
com.github.leanframeworks,minibus,1.0.0,-,-,?,-,false,-
com.github.leanframeworks,propertiesframework-core,1.0.0,-,-,?,-,false,-
com.github.leanframeworks,propertiesframework-experimental,1.0.0,-,-,?,-,false,-
com.github.leanframeworks,propertiesframework-swing,1.0.0,-,-,?,-,false,-
com.github.ledsoft,jopa-spring-transaction,0.0.4,-,-,?,-,false,-
com.github.lgooddatepicker,LGoodDatePicker,10.3.1,-,-,?,-,false,-
com.github.linpn,ibatis,2.3.9,-,-,?,-,false,-
com.github.linpn,ibatis-generator,1.3.2,-,-,?,-,false,-
com.github.linpn,ibator,1.3.2,-,-,?,-,false,-
com.github.linpn,jsplite,1.0.0,-,-,?,-,false,-
com.github.linpn,tools,1.0.0,-,-,?,-,false,-
com.github.linpn,zkconfter,1.0.2,-,-,?,-,false,-
com.github.lizardev,xquery-saxon-coverage,0.8.0,-,-,?,-,false,-
com.github.lizardev,xquery-saxon-support,0.8.0,-,-,?,-,false,-
com.github.lly835,best-pay-sdk,1.0.4,-,-,?,-,false,-
com.github.lprc,excelcom,0.0.8,-,-,?,-,false,-
com.github.luqmansahaf,play-livy_2.11,1.0,-,-,?,-,false,-
com.github.marlonlom,latlng2dms,1.0.0,-,-,?,-,false,-
com.github.marlonlom,timeago,4.0.0,-,-,?,-,false,-
com.github.memorylorry,JSON2SQL,1.0.0,-,-,?,-,false,-
com.github.mertakdut,EpubParser,1.0.95,-,-,?,-,false,-
com.github.misterchangray.mybatis.generator.plugins,myBatisGeneratorPlugins,1.2,-,-,?,-,false,-
com.github.nayuki,qrcodegen,1.0.0,-,-,?,-,false,-
com.github.nyla-solutions,gedi-geode-extensions-core,1.1.5,-,-,?,-,false,-
com.github.nyla-solutions,nyla.solutions.commas,0.1,-,-,?,-,false,-
com.github.nyla-solutions,nyla.solutions.core,1.1.7,-,-,?,-,false,-
com.github.nyla-solutions,nyla.solutions.email,0.0.2,-,-,?,-,false,-
com.github.nyla-solutions,nyla.solutions.json,0.1,-,-,?,-,false,-
com.github.nyla-solutions,nyla.solutions.xml,0.1,-,-,?,-,false,-
com.github.olada,webjars-webfilter-resolver,0.1.0,-,-,?,-,false,-
com.github.pengrad,java-telegram-bot-api,4.0.0,-,-,?,-,false,-
com.github.peterwippermann.junit4,parameterized-suite,1.1.0,-,-,?,-,false,-
com.github.peterwippermann.maven,changelog-buildbreaker-maven-plugin,0.1.2,-,-,?,-,false,-
com.github.piaohao,act-jfinal,1.0,-,-,?,-,false,-
com.github.pms1.tppt,maven-equinox-runner,0.2.0,-,-,?,-,false,-
com.github.pms1.tppt,minimal-ldap-parser,0.2.0,-,-,?,-,false,-
com.github.pms1.tppt,object-comparator,0.2.0,-,-,?,-,false,-
com.github.pms1.tppt,p2-tooling,0.2.0,-,-,?,-,false,-
com.github.pms1.tppt,tppt-core,0.2.0,-,-,?,-,false,-
com.github.pms1.tppt,tppt-maven-plugin,0.2.0,-,-,?,-,false,-
com.github.pms1.tppt,tppt-mirror-application,0.2.0,-,-,?,-,false,-
com.github.qiujiayu,autoload-cache,6.9.2,-,-,?,-,false,-
com.github.rkumsher,utils,1.3,-,-,?,-,false,-
com.github.saadfarooq,android-featuresets,0.0.9,-,-,?,-,false,-
com.github.saadfarooq,khoji-annotations,0.0.7,-,-,?,-,false,-
com.github.saadfarooq,khoji-compiler,0.0.7,-,-,?,-,false,-
com.github.saiprasadkrishnamurthy,json-normalizer,2.3,-,-,?,-,false,-
com.github.serguei-p,http,1.0.22,-,-,?,-,false,-
com.github.serguei-p,test_utils,1.0.1,-,-,?,-,false,-
com.github.sesygroup.choreography,abstract-participant-behavior,1.0.0,-,-,?,-,false,-
com.github.sesygroup.choreography,choreography-specification,1.0.0,-,-,?,-,false,-
com.github.sesygroup.choreography,concrete-participant-behavior,1.0.0,-,-,?,-,false,-
com.github.sesygroup.choreography,coordination-logic-concretizator,1.0.0,-,-,?,-,false,-
com.github.sesygroup.choreography,coordination-logic-extractor,1.0.0,-,-,?,-,false,-
com.github.sesygroup.choreography,coordination-logic-realizer,1.0.0,-,-,?,-,false,-
com.github.sesygroup.choreography,hybrid-system-behavior,1.0.0,-,-,?,-,false,-
com.github.shihyuho,jackson-dynamic-filter,1.0.1,-,-,?,-,false,-
com.github.shihyuho,jackson-dynamic-filter-spring-boot-starter,1.0.1,-,-,?,-,false,-
com.github.shihyuho,jsr303-validator,1.0.0,-,-,?,-,false,-
com.github.shynixn.anchornms,anchornms-core,1.3.0,-,-,?,-,false,-
com.github.shynixn.anchornms,anchornms-maven-plugin,1.3.0,-,-,?,-,false,-
com.github.shynixn,astraledit,1.1.0,-,-,?,-,false,-
com.github.shynixn.ball,ball-api,1.4,-,-,?,-,false,-
com.github.shynixn.ball,ball-bukkit-api,1.4,-,-,?,-,false,-
com.github.shynixn.ball,ball-bukkit-core,1.4,-,-,?,-,false,-
com.github.shynixn.ball,ball-bukkit-plugin,1.4,-,-,?,-,false,-
com.github.shynixn,blockball,4.1.1,-,-,?,-,false,-
com.github.shynixn.blockball,blockball-api,5.4.0,-,-,?,-,false,-
com.github.shynixn.blockball,blockball-bukkit-api,5.4.0,-,-,?,-,false,-
com.github.shynixn.blockball,blockball-bukkit-plugin,5.4.0,-,-,?,-,false,sun.misc.Unsafe                          See http://openjdk.java.net/jeps/260
com.github.shynixn,dashbuttonwatcher-api,1.0,-,-,?,-,false,-
com.github.shynixn,petblocks,6.1.0,-,-,?,-,false,-
com.github.shynixn.petblocks,petblocks-api,7.2.2,-,-,?,-,false,-
com.github.shynixn.petblocks,petblocks-bukkit-api,7.2.2,-,-,?,-,false,-
com.github.shynixn.petblocks,petblocks-bukkit-lib,6.5.0,-,-,?,-,false,-
com.github.shynixn.petblocks,petblocks-bukkit-plugin,7.2.2,-,-,?,-,false,sun.misc.Unsafe                          See http://openjdk.java.net/jeps/260
com.github.shynixn.petblocks,petblocks-core,7.2.2,-,-,?,-,false,-
com.github.shynixn.petblocks,petblocks-sponge-api,7.2.2,-,-,?,-,false,-
com.github.shynixn.petblocks,petblocks-sponge-plugin,7.2.2,-,-,?,-,false,-
com.github.shynixn,structureblocklib,1.3,-,-,?,-,false,-
com.github.shynixn.structureblocklib,structureblocklib-bukkit-api,1.5.0,-,-,?,-,false,-
com.github.shynixn.structureblocklib,structureblocklib-bukkit-core,1.5.0,-,-,?,-,false,-
com.github.shynixn.structureblocklib,structureblocklib-bukkit-plugin,1.5.0,-,-,?,-,false,-
com.github.spjoe,annotation-cache,0.0.3,-,-,?,-,false,-
com.github.stephanenicolas.dart.v2,dart,2.0.4,-,-,?,-,false,-
com.github.stephanenicolas.dart.v2,dart-annotations,2.0.4,-,-,?,-,false,-
com.github.stephanenicolas.dart.v2,dart-common,2.0.4,-,-,?,-,false,-
com.github.stephanenicolas.dart.v2,dart-processor,2.0.4,-,-,?,-,false,-
com.github.stephanenicolas.dart.v2,henson,2.0.4,-,-,?,-,false,-
com.github.stephanenicolas.dart.v2,henson-processor,2.0.4,-,-,?,-,false,-
com.github.stephanenicolas.ormgap,ormgap-ormlite-extension,3.0.4,-,-,?,-,false,-
com.github.stephanenicolas.ormgap,ormgap-plugin,3.0.4,-,-,?,-,false,-
com.github.stephanenicolas.toothpick,toothpick,1.1.3,-,-,?,-,false,-
com.github.stephanenicolas.toothpick,toothpick-compiler,1.1.3,-,-,?,-,false,-
com.github.stephanenicolas.toothpick,toothpick-generated-core,1.1.3,-,-,?,-,false,-
com.github.stephanenicolas.toothpick,toothpick-javax-annotations,1.1.3,-,-,?,-,false,-
com.github.stephanenicolas.toothpick,toothpick-runtime,1.1.3,-,-,?,-,false,-
com.github.stephanenicolas.toothpick,toothpick-testing,1.1.3,-,-,?,-,false,-
com.github.stonyshi,reactor-netty-ext,1.0.1,-,-,?,-,false,-
com.github.sylvainlaurent.jdbcperflogger,jdbc-perf-logger-agent,0.9.0,-,-,?,-,false,-
com.github.sylvainlaurent.jdbcperflogger,jdbc-perf-logger-driver,0.9.0,-,-,?,-,false,-
com.github.sylvainlaurent.jdbcperflogger,jdbc-perf-logger-gui,0.9.0,-,-,?,-,false,-
com.github.sylvainlaurent.jdbcperflogger,jdbc-perf-logger-spring-boot-starter,0.9.0,-,-,?,-,false,-
com.github.sylvainlaurent.maven,swagger-validator-maven-plugin,1.2.4,-,-,?,-,false,-
com.github.t9t.minecraft-rcon-client,minecraft-rcon-client,1.0.0,-,-,?,-,false,-
com.github.techflavors,simple-message-converters,1.0.0,-,-,?,-,false,-
com.github.techflavors,smc-maven-plugin,1.0.0,-,-,?,-,false,-
com.github.tehleo,junion,1.1.1,-,-,?,-,false,sun.misc.Unsafe                          See http://openjdk.java.net/jeps/260
com.github.tehleo,junionc,1.1.1,-,-,?,-,false,com.sun.tools.javac.api.BasicJavacTask   Use javax.tools and javax.lang.model @since 1.6 + com.sun.tools.javac.code.Source          Use javax.tools and javax.lang.model @since 1.6 + com.sun.tools.javac.main.JavaCompiler    Use javax.tools and javax.lang.model @since 1.6 + com.sun.tools.javac.main.Option          Use javax.tools and javax.lang.model @since 1.6 + com.sun.tools.javac.util.Context         Use javax.tools and javax.lang.model @since 1.6 + com.sun.tools.javac.util.Context$Key     Use javax.tools and javax.lang.model @since 1.6 + com.sun.tools.javac.util.List            Use javax.tools and javax.lang.model @since 1.6 + com.sun.tools.javac.util.Options         Use javax.tools and javax.lang.model @since 1.6 + sun.misc.Unsafe                          See http://openjdk.java.net/jeps/260
com.github.tencent,VasSonic,1.1,-,-,?,-,false,-
com.github.tnsasse,jaxrs-monitor,1.0.2,-,-,?,-,false,-
com.github.tobiasrm,tinylog-coloredconsole,1.3.1,-,-,?,-,false,-
com.github.tobiasrm,tinylog-singlelevel-cw,1.3.1,-,-,?,-,false,-
com.github.tobiasrm,tinylog-tagging-filewriter,1.3.1,-,-,?,-,false,-
com.github.tobiasrm,tinylog-tagging-rollingfilewriter,1.3.1,-,-,?,-,false,-
com.github.tomitakussaari,myscluscon-driver,3.3.0,-,-,?,-,false,-
com.github.USTC-INFINITELAB,floodlightpof,1.0.1.onos,-,-,?,-,false,-
com.github.ustc-infinitelab,floodlightpof,1.0.3.onos,-,-,?,-,false,-
com.github.vencent-lu,giants-analyse,1.0.3,-,-,?,-,false,-
com.github.vencent-lu,giants-cache-core,1.0.5-Beta-7,-,-,?,-,false,-
com.github.vencent-lu,giants-cache-ehcache,1.0.5-Beta-7,-,-,?,-,false,-
com.github.vencent-lu,giants-cache-memcached,1.0.5-Beta-7,-,-,?,-,false,-
com.github.vencent-lu,giants-cache-redis,1.0.5-Beta-7,-,-,?,-,false,-
com.github.vencent-lu,giants-common,1.0.8,-,-,?,-,false,-
com.github.vencent-lu,giants-dal,1.0.1,-,-,?,-,false,-
com.github.vencent-lu,giants-decorator-core,1.3.0,-,-,?,-,false,-
com.github.vencent-lu,giants-decorator-html,1.3.0,-,-,?,-,false,-
com.github.vencent-lu,giants-decorator-spring,1.3.0,-,-,?,-,false,-
com.github.vencent-lu,giants-dubbo,1.0.1,-,-,?,-,false,-
com.github.vencent-lu,giants-web,1.1.1,-,-,?,-,false,-
com.github.vencent-lu,giants-web-springmvc,1.1.1,-,-,?,-,false,-
com.github.vencent-lu,giants-web-struts2,1.1.1,-,-,?,-,false,-
com.github.wanggit,access-frequency-spring-boot-starter,1.0.1-SNAPSHOTS,-,-,?,-,false,-
com.github.windriverteam,windriver-java,0.1.0,-,-,?,-,false,-
com.github.wufenyun,lbc,1.2.0-RELEASE,-,-,?,-,false,-
com.github.xujlibs,jtidy5,0.999,-,-,?,-,false,-
com.github.yohayg,tomcat-deployment-listener,2.0.0,-,-,?,-,false,-
com.github.zw201913,fileupload,1.0.0,-,-,?,-,false,-
com.github.zw201913,mysql-limit-page-plugin,1.0.1,-,-,?,-,false,-
