groupId,artifactId,version,moduleName,moduleVersion,moduleMode,moduleDependencies,jdepsToolError,jdepsViolations
cn.javaf.cq,servlet,1.0.2,-,-,?,-,false,-
com.aliyun,aliyun-java-sdk-imm,1.7.3,-,-,?,-,false,-
com.appslandia,appslandia-common,5.2,-,-,?,-,false,-
com.appslandia,appslandia-common-android,5.2,-,-,?,-,false,-
com.bitplan.sprinkler,com.bitplan.sprinkler,0.0.1,-,-,?,-,false,-
com.gu.play-secret-rotation,aws-parameterstore_2.12,0.10,-,-,?,-,false,-
com.gu.play-secret-rotation,aws-parameterstore-lambda_2.12,0.10,-,-,?,-,false,-
com.gu.play-secret-rotation,core_2.12,0.10,-,-,?,-,false,-
com.jparams,to-string-tester,1.1.2,-,-,?,-,false,-
io.antmedia.api.periscope,PeriscopeAPI,1.2.0,-,-,?,-,false,-
io.radanalytics,abstract-operator,0.2.4,-,-,?,-,false,-
net.leanix,leanix-dropkit,1.3.1,-,-,?,-,false,-
org.eclipse.dirigible,dirigible-api,3.2.5,-,-,?,-,false,-
org.eclipse.dirigible,dirigible-api-facade-all,3.2.5,-,-,?,-,false,-
org.eclipse.dirigible,dirigible-api-facade-bpm,3.2.5,-,-,?,-,false,-
org.eclipse.dirigible,dirigible-api-facade-cms,3.2.5,-,-,?,-,false,-
org.eclipse.dirigible,dirigible-api-facade-core,3.2.5,-,-,?,-,false,-
org.eclipse.dirigible,dirigible-api-facade-database,3.2.5,-,-,?,-,false,-
org.eclipse.dirigible,dirigible-api-facade-http,3.2.5,-,-,?,-,false,-
org.eclipse.dirigible,dirigible-api-facade-indexing,3.2.5,-,-,?,-,false,-
org.eclipse.dirigible,dirigible-api-facade-io,3.2.5,-,-,?,-,false,-
org.eclipse.dirigible,dirigible-api-facade-log,3.2.5,-,-,?,-,false,-
org.eclipse.dirigible,dirigible-api-facade-messaging,3.2.5,-,-,?,-,false,-
org.eclipse.dirigible,dirigible-api-facade-security,3.2.5,-,-,?,-,false,-
org.eclipse.dirigible,dirigible-api-facade-tests,3.2.5,-,-,?,-,false,-
org.eclipse.dirigible,dirigible-api-facade-utils,3.2.5,-,-,?,-,false,-
org.eclipse.dirigible,dirigible-api-facade-workspace,3.2.5,-,-,?,-,false,-
org.eclipse.dirigible,dirigible-api-javascript-all,3.2.5,-,-,?,-,false,-
org.eclipse.dirigible,dirigible-api-javascript-bpm,3.2.5,-,-,?,-,false,-
org.eclipse.dirigible,dirigible-api-javascript-cms,3.2.5,-,-,?,-,false,-
org.eclipse.dirigible,dirigible-api-javascript-core,3.2.5,-,-,?,-,false,-
org.eclipse.dirigible,dirigible-api-javascript-database,3.2.5,-,-,?,-,false,-
org.eclipse.dirigible,dirigible-api-javascript-http,3.2.5,-,-,?,-,false,-
org.eclipse.dirigible,dirigible-api-javascript-indexing,3.2.5,-,-,?,-,false,-
org.eclipse.dirigible,dirigible-api-javascript-io,3.2.5,-,-,?,-,false,-
org.eclipse.dirigible,dirigible-api-javascript-log,3.2.5,-,-,?,-,false,-
org.eclipse.dirigible,dirigible-api-javascript-messaging,3.2.5,-,-,?,-,false,-
org.eclipse.dirigible,dirigible-api-javascript-security,3.2.5,-,-,?,-,false,-
org.eclipse.dirigible,dirigible-api-javascript-test,3.2.5,-,-,?,-,false,-
org.eclipse.dirigible,dirigible-api-javascript-utils,3.2.5,-,-,?,-,false,-
org.eclipse.dirigible,dirigible-api-javascript-workspace,3.2.5,-,-,?,-,false,-
org.eclipse.dirigible,dirigible-bpm,3.2.5,-,-,?,-,false,-
org.eclipse.dirigible,dirigible-bpm-api,3.2.5,-,-,?,-,false,-
org.eclipse.dirigible,dirigible-bpm-flowable,3.2.5,-,-,?,-,false,-
org.eclipse.dirigible,dirigible-cms,3.2.5,-,-,?,-,false,-
org.eclipse.dirigible,dirigible-cms-api,3.2.5,-,-,?,-,false,-
org.eclipse.dirigible,dirigible-cms-internal,3.2.5,-,-,?,-,false,-
org.eclipse.dirigible,dirigible-cms-managed,3.2.5,-,-,?,-,false,-
org.eclipse.dirigible,dirigible-commons,3.2.5,-,-,?,-,false,-
org.eclipse.dirigible,dirigible-commons-api,3.2.5,-,-,?,-,false,-
org.eclipse.dirigible,dirigible-commons-config,3.2.5,-,-,?,-,false,-
org.eclipse.dirigible,dirigible-commons-process,3.2.5,-,-,?,-,false,-
org.eclipse.dirigible,dirigible-commons-test,3.2.5,-,-,?,-,false,-
org.eclipse.dirigible,dirigible-commons-xml2json,3.2.5,-,-,?,-,false,-
org.eclipse.dirigible,dirigible-core,3.2.5,-,-,?,-,false,-
org.eclipse.dirigible,dirigible-core-extensions,3.2.5,-,-,?,-,false,-
org.eclipse.dirigible,dirigible-core-git,3.2.5,-,-,?,-,false,-
org.eclipse.dirigible,dirigible-core-indexing,3.2.5,-,-,?,-,false,-
org.eclipse.dirigible,dirigible-core-messaging,3.2.5,-,-,?,-,false,-
org.eclipse.dirigible,dirigible-core-publisher,3.2.5,-,-,?,-,false,-
org.eclipse.dirigible,dirigible-core-scheduler,3.2.5,-,-,?,-,false,-
org.eclipse.dirigible,dirigible-core-security,3.2.5,-,-,?,-,false,-
org.eclipse.dirigible,dirigible-core-workspace,3.2.5,-,-,?,-,false,-
org.eclipse.dirigible,dirigible-database,3.2.5,-,-,?,-,false,-
org.eclipse.dirigible,dirigible-database-api,3.2.5,-,-,?,-,false,-
org.eclipse.dirigible,dirigible-database-custom,3.2.5,-,-,?,-,false,-
org.eclipse.dirigible,dirigible-database-data-models,3.2.5,-,-,?,-,false,-
org.eclipse.dirigible,dirigible-database-data-structures,3.2.5,-,-,?,-,false,-
org.eclipse.dirigible,dirigible-database-derby,3.2.5,-,-,?,-,false,-
org.eclipse.dirigible,dirigible-database-h2,3.2.5,-,-,?,-,false,-
org.eclipse.dirigible,dirigible-database-managed,3.2.5,-,-,?,-,false,-
org.eclipse.dirigible,dirigible-database-persistence,3.2.5,-,-,?,-,false,-
org.eclipse.dirigible,dirigible-database-sql,3.2.5,-,-,?,-,false,-
org.eclipse.dirigible,dirigible-embedded-all,3.2.5,-,-,?,-,false,sun.misc.Unsafe                          See http://openjdk.java.net/jeps/260 + sun.reflect.Reflection                   Use java.lang.StackWalker @since 9
org.eclipse.dirigible,dirigible-engine,3.2.5,-,-,?,-,false,-
org.eclipse.dirigible,dirigible-engine-api,3.2.5,-,-,?,-,false,-
org.eclipse.dirigible,dirigible-engine-javascript,3.2.5,-,-,?,-,false,-
org.eclipse.dirigible,dirigible-engine-javascript-nashorn,3.2.5,-,-,?,-,false,-
org.eclipse.dirigible,dirigible-engine-javascript-rhino,3.2.5,-,-,?,-,false,-
org.eclipse.dirigible,dirigible-engine-javascript-v8,3.2.5,-,-,?,-,false,-
org.eclipse.dirigible,dirigible-engine-job,3.2.5,-,-,?,-,false,-
org.eclipse.dirigible,dirigible-engine-listener,3.2.5,-,-,?,-,false,-
org.eclipse.dirigible,dirigible-engine-web,3.2.5,-,-,?,-,false,-
org.eclipse.dirigible,dirigible-engine-wiki,3.2.5,-,-,?,-,false,-
org.eclipse.dirigible,dirigible-ext-qunit,3.2.5,-,-,?,-,false,-
org.eclipse.dirigible,dirigible-group-runtime-all,3.2.5,-,-,?,-,false,-
org.eclipse.dirigible,dirigible-group-runtime-javascript,3.2.5,-,-,?,-,false,-
org.eclipse.dirigible,dirigible-ide,3.2.5,-,-,?,-,false,-
org.eclipse.dirigible,dirigible-ide-database,3.2.5,-,-,?,-,false,-
org.eclipse.dirigible,dirigible-ide-javascript,3.2.5,-,-,?,-,false,-
org.eclipse.dirigible,dirigible-ide-service-bpm,3.2.5,-,-,?,-,false,-
org.eclipse.dirigible,dirigible-ide-service-console,3.2.5,-,-,?,-,false,-
org.eclipse.dirigible,dirigible-ide-service-databases,3.2.5,-,-,?,-,false,-
org.eclipse.dirigible,dirigible-ide-service-generation,3.2.5,-,-,?,-,false,-
org.eclipse.dirigible,dirigible-ide-service-generation-mustache,3.2.5,-,-,?,-,false,-
org.eclipse.dirigible,dirigible-ide-service-generation-velocity,3.2.5,-,-,?,-,false,-
org.eclipse.dirigible,dirigible-ide-service-git,3.2.5,-,-,?,-,false,-
org.eclipse.dirigible,dirigible-ide-service-publisher,3.2.5,-,-,?,-,false,-
org.eclipse.dirigible,dirigible-ide-services-group-all,3.2.5,-,-,?,-,false,-
org.eclipse.dirigible,dirigible-ide-services-group-database,3.2.5,-,-,?,-,false,-
org.eclipse.dirigible,dirigible-ide-services-group-javascript,3.2.5,-,-,?,-,false,-
org.eclipse.dirigible,dirigible-ide-service-terminal,3.2.5,-,-,?,-,false,-
org.eclipse.dirigible,dirigible-ide-service-workspaces,3.2.5,-,-,?,-,false,-
org.eclipse.dirigible,dirigible-ide-ui-ace,3.2.5,-,-,?,-,false,-
org.eclipse.dirigible,dirigible-ide-ui-bpm,3.2.5,-,-,?,-,false,-
org.eclipse.dirigible,dirigible-ide-ui-console,3.2.5,-,-,?,-,false,-
org.eclipse.dirigible,dirigible-ide-ui-core,3.2.5,-,-,?,-,false,-
org.eclipse.dirigible,dirigible-ide-ui-database,3.2.5,-,-,?,-,false,-
org.eclipse.dirigible,dirigible-ide-ui-data-structures,3.2.5,-,-,?,-,false,-
org.eclipse.dirigible,dirigible-ide-ui-debugger,3.2.5,-,-,?,-,false,-
org.eclipse.dirigible,dirigible-ide-ui-documents,3.2.5,-,-,?,-,false,-
org.eclipse.dirigible,dirigible-ide-ui-entity,3.2.5,-,-,?,-,false,-
org.eclipse.dirigible,dirigible-ide-ui-extensions,3.2.5,-,-,?,-,false,-
org.eclipse.dirigible,dirigible-ide-ui-git,3.2.5,-,-,?,-,false,-
org.eclipse.dirigible,dirigible-ide-ui-group-all,3.2.5,-,-,?,-,false,-
org.eclipse.dirigible,dirigible-ide-ui-group-database,3.2.5,-,-,?,-,false,-
org.eclipse.dirigible,dirigible-ide-ui-group-javascript,3.2.5,-,-,?,-,false,-
org.eclipse.dirigible,dirigible-ide-ui-help,3.2.5,-,-,?,-,false,-
org.eclipse.dirigible,dirigible-ide-ui-jobs,3.2.5,-,-,?,-,false,-
org.eclipse.dirigible,dirigible-ide-ui-listeners,3.2.5,-,-,?,-,false,-
org.eclipse.dirigible,dirigible-ide-ui-logs,3.2.5,-,-,?,-,false,-
org.eclipse.dirigible,dirigible-ide-ui-monaco,3.2.5,-,-,?,-,false,-
org.eclipse.dirigible,dirigible-ide-ui-operations,3.2.5,-,-,?,-,false,-
org.eclipse.dirigible,dirigible-ide-ui-orion,3.2.5,-,-,?,-,false,-
org.eclipse.dirigible,dirigible-ide-ui-plugins,3.2.5,-,-,?,-,false,-
org.eclipse.dirigible,dirigible-ide-ui-preview,3.2.5,-,-,?,-,false,-
org.eclipse.dirigible,dirigible-ide-ui-registry,3.2.5,-,-,?,-,false,-
org.eclipse.dirigible,dirigible-ide-ui-repository,3.2.5,-,-,?,-,false,-
org.eclipse.dirigible,dirigible-ide-ui-schema,3.2.5,-,-,?,-,false,-
org.eclipse.dirigible,dirigible-ide-ui-security,3.2.5,-,-,?,-,false,-
org.eclipse.dirigible,dirigible-ide-ui-swagger,3.2.5,-,-,?,-,false,-
org.eclipse.dirigible,dirigible-ide-ui-terminal,3.2.5,-,-,?,-,false,-
org.eclipse.dirigible,dirigible-ide-ui-workspace,3.2.5,-,-,?,-,false,-
org.eclipse.dirigible,dirigible-repository,3.2.5,-,-,?,-,false,-
org.eclipse.dirigible,dirigible-repository-api,3.2.5,-,-,?,-,false,-
org.eclipse.dirigible,dirigible-repository-api-test,3.2.5,-,-,?,-,false,-
org.eclipse.dirigible,dirigible-repository-database,3.2.5,-,-,?,-,false,-
org.eclipse.dirigible,dirigible-repository-local,3.2.5,-,-,?,-,false,-
org.eclipse.dirigible,dirigible-repository-master,3.2.5,-,-,?,-,false,-
org.eclipse.dirigible,dirigible-repository-search,3.2.5,-,-,?,-,false,-
org.eclipse.dirigible,dirigible-repository-zip,3.2.5,-,-,?,-,false,-
org.eclipse.dirigible,dirigible-resources,3.2.5,-,-,?,-,false,-
org.eclipse.dirigible,dirigible-resources-angular,3.2.5,-,-,?,-,false,-
org.eclipse.dirigible,dirigible-resources-bootstrap,3.2.5,-,-,?,-,false,-
org.eclipse.dirigible,dirigible-resources-flowable-libs,3.2.5,-,-,?,-,false,-
org.eclipse.dirigible,dirigible-resources-fonts,3.2.5,-,-,?,-,false,-
org.eclipse.dirigible,dirigible-resources-goldenlayout,3.2.5,-,-,?,-,false,-
org.eclipse.dirigible,dirigible-resources-jqplot,3.2.5,-,-,?,-,false,-
org.eclipse.dirigible,dirigible-resources-jquery,3.2.5,-,-,?,-,false,-
org.eclipse.dirigible,dirigible-resources-jstree,3.2.5,-,-,?,-,false,-
org.eclipse.dirigible,dirigible-resources-mxgraph,3.2.5,-,-,?,-,false,-
org.eclipse.dirigible,dirigible-resources-themes,3.2.5,-,-,?,-,false,-
org.eclipse.dirigible,dirigible-service-anonymous,3.2.5,-,-,?,-,false,-
org.eclipse.dirigible,dirigible-service-core,3.2.5,-,-,?,-,false,-
org.eclipse.dirigible,dirigible-service-extensions,3.2.5,-,-,?,-,false,-
org.eclipse.dirigible,dirigible-service-operations,3.2.5,-,-,?,-,false,-
org.eclipse.dirigible,dirigible-service-registry,3.2.5,-,-,?,-,false,-
org.eclipse.dirigible,dirigible-service-repository,3.2.5,-,-,?,-,false,-
org.eclipse.dirigible,dirigible-services,3.2.5,-,-,?,-,false,-
org.eclipse.dirigible,dirigible-service-security,3.2.5,-,-,?,-,false,-
org.eclipse.dirigible,dirigible-service-theme,3.2.5,-,-,?,-,false,-
org.eclipse.dirigible,dirigible-service-transport,3.2.5,-,-,?,-,false,-
org.eclipse.dirigible,dirigible-template-application-angular,3.2.5,-,-,?,-,false,-
org.eclipse.dirigible,dirigible-template-application-launchpad,3.2.5,-,-,?,-,false,-
org.eclipse.dirigible,dirigible-template-application-openui5,3.2.5,-,-,?,-,false,-
org.eclipse.dirigible,dirigible-template-bookstore,3.2.5,-,-,?,-,false,-
org.eclipse.dirigible,dirigible-template-database-access,3.2.5,-,-,?,-,false,-
org.eclipse.dirigible,dirigible-template-database-table,3.2.5,-,-,?,-,false,-
org.eclipse.dirigible,dirigible-template-database-view,3.2.5,-,-,?,-,false,-
org.eclipse.dirigible,dirigible-template-extension-perspective,3.2.5,-,-,?,-,false,-
org.eclipse.dirigible,dirigible-template-extension-view,3.2.5,-,-,?,-,false,-
org.eclipse.dirigible,dirigible-template-hello-world,3.2.5,-,-,?,-,false,-
org.eclipse.dirigible,dirigible-template-html,3.2.5,-,-,?,-,false,-
org.eclipse.dirigible,dirigible-template-http-client,3.2.5,-,-,?,-,false,-
org.eclipse.dirigible,dirigible-template-job,3.2.5,-,-,?,-,false,-
org.eclipse.dirigible,dirigible-template-listener,3.2.5,-,-,?,-,false,-
org.eclipse.dirigible,dirigible-template-mobile-hello-world,3.2.5,-,-,?,-,false,-
org.eclipse.dirigible,dirigible-templates,3.2.5,-,-,?,-,false,-
org.wordinator,wordinator,0.6.0,-,-,?,-,false,-
