groupId,artifactId,version,moduleName,moduleVersion,moduleMode,moduleDependencies,jdepsToolError,jdepsViolations
com.agiletestingframework,atf-toolbox,5.1.4,-,-,?,-,false,-
com.aitusoftware,flute-agent,0.1.4,-,-,?,-,false,-
com.aitusoftware,flute-client,0.1.4,-,-,?,-,false,-
com.aitusoftware,flute-common,0.1.4,-,-,?,-,false,-
com.aitusoftware,flute-persistor,0.1.4,-,-,?,-,false,-
com.aitusoftware,flute-server,0.1.4,-,-,?,-,false,-
com.aitusoftware,proxygen,0.3.0,com.aitusoftware.proxygen,-,explicit,java.base + java.compiler,false,-
com.aitusoftware,transport,0.4.0,com.aitusoftware.transport,-,explicit,java.base + com.aitusoftware.proxygen + java.management + jnr.ffi + agrona + java.compiler,true,-
com.caverock,androidsvg,1.3,-,-,?,-,false,-
com.codingue.koops,koops-aws,0.0.1,-,-,?,-,false,-
com.codingue.koops,koops-common,0.0.1,-,-,?,-,false,-
com.codingue.koops,koops-core,0.0.1,-,-,?,-,false,-
com.codingue.koops,koops-gen,0.0.1,-,-,?,-,false,-
com.codingue.koops,koops-maven,0.0.1,-,-,?,-,false,-
com.codingue.koops,koops-samples,0.0.1,-,-,?,-,false,-
com.codingue.koops,koops-tests,0.0.1,-,-,?,-,false,-
com.elevenware.felson.examples,authserver,0.0.1,-,-,?,-,false,-
com.elevenware.felson.examples,felson-examples-app,0.0.1,-,-,?,-,false,-
com.elevenware.felson.examples,felson-examples-ioc,0.0.1,-,-,?,-,false,-
com.elevenware.felson.examples,felson-examples-microservices,0.0.1,-,-,?,-,false,-
com.elevenware.felson.examples,one,0.0.1,-,-,?,-,false,-
com.elevenware.felson,felson-client,0.0.1,-,-,?,-,false,-
com.elevenware.felson,felson-core,0.0.1,-,-,?,-,false,-
com.elevenware.felson,felson-examples,0.0.1,-,-,?,-,false,-
com.elevenware.felson,felson-ioc,0.0.1,-,-,?,-,false,-
com.elevenware.felson,felson-jdbc,0.0.1,-,-,?,-,false,-
com.elevenware.felson,felson-jpa,0.0.1,-,-,?,-,false,-
com.elevenware.felson,felson-null-facet,0.0.1,-,-,?,-,false,-
com.eoniantech,secrets-locker,1.2,-,-,?,-,false,-
com.firedrum,influxdb-log4j2,0.2.4,-,-,?,-,false,-
com.ganpengyu,apiclient,0.0.1,-,-,?,-,false,-
com.ganpengyu,gedis,0.0.1,-,-,?,-,false,-
com.genesys,authentication,1.0.387,-,-,?,-,false,-
com.genesys,authorization,1.0.179,-,-,?,-,false,-
com.genesys,provisioning,1.0.395,-,-,?,-,false,-
com.genesys,statistics,1.0.365,-,-,?,-,false,-
com.genesys,statistics-client-java,1.0.38,-,-,?,-,false,-
com.genesys,workspace,1.0.388,-,-,?,-,false,-
com.gitee.ainilili,nf,1.1.3,-,-,?,-,false,-
com.gitee.ainilili,noaoc,1.1.3,-,-,?,-,false,-
com.gitee.ainilili,noaoc-listener-for-nocat,1.1.3,-,-,?,-,false,-
com.gitee.ainilili,noasm,1.1.3,-,-,?,-,false,-
com.gitee.ainilili,nocat,1.1.3,-,-,?,-,false,-
com.gitee.ainilili,nodb,1.1.3,-,-,?,-,false,-
com.gitee.ainilili,nolog,1.1.3,-,-,?,-,false,-
com.gitee.ainilili,nomvc,1.1.3,-,-,?,-,false,-
com.gitee.ainilili,nomvc-support-for-nocat,1.1.3,-,-,?,-,false,-
com.gitee.ainilili,nomvc-support-for-tomcat,1.1.3,-,-,?,-,false,-
com.gitee.ainilili,noson,1.1.3,-,-,?,-,false,-
com.gitee.ainilili,seeker,1.1.3,-,-,?,-,false,-
com.gitee.bomeng,commons-basictools,1.1.1,-,-,?,-,false,-
com.gitee.duannamei,hql.query,1.0.0,-,-,?,-,false,-
com.gitee.gtman,dust-service-core,2.0.20180720,-,-,?,-,false,-
com.gitee.gtman,dust-service-db,2.0.20180720,-,-,?,-,false,-
com.gitee.gtman,dust-service-micro,2.0.20180720,-,-,?,-,false,-
com.gitee.haison,jWAF,1.0.1,-,-,?,-,false,-
com.gitee.hengboy,code-builder-core,1.0.5.RELEASE,-,-,?,-,false,-
com.gitee.hengboy,code-builder-maven-plugin,1.0.6.RELEASE,-,-,?,-,false,-
com.gitee.hengboy,code-builder-spring-boot-autoconfigure,1.0.5.RELEASE,-,-,?,-,false,-
com.gitee.hengboy,code-builder-spring-boot-starter,1.0.5.RELEASE,-,-,?,-,false,-
com.gitee.hengboy,mybatis-enhance-core,1.1.0.RELEASE,-,-,?,-,false,-
com.gitee.hengboy,mybatis-enhance-dsl,1.0.7.RELEASE,-,-,?,-,false,-
com.gitee.hengboy,mybatis-enhance-spring-boot-autoconfigure,1.1.0.RELEASE,-,-,?,-,false,-
com.gitee.hengboy,mybatis-enhance-spring-boot-starter,1.0.3.RELEASE,-,-,?,-,false,-
com.gitee.hengboy,mybatis-pageable-core,1.0.6.RELEASE,-,-,?,-,false,-
com.gitee.hengboy,spring-boot-autoconfigure-mybatis-pageable,1.0.6.RELEASE,-,-,?,-,false,-
com.gitee.hengboy,spring-boot-starter-mybatis-enhance,1.1.0.RELEASE,-,-,?,-,false,-
com.gitee.hengboy,spring-boot-starter-mybatis-pageable,1.0.6.RELEASE,-,-,?,-,false,-
com.gitee.hjj520,payment-core,0.0.1-RELEASE,-,-,?,-,false,-
com.gitee.ian4hu,spring-file-session,2.0,-,-,?,-,false,-
com.gitee.juanda,juanda-hibernate-pagehelper,1.2.1,-,-,?,-,false,-
com.gitee.juanda,juanda-mvc,1.2.2,-,-,?,-,false,-
com.gitee.l0km,cassdk-base,1.0.5,-,-,?,-,false,-
com.gitee.l0km,cassdk-bridge,1.0.5,-,-,?,-,false,-
com.gitee.l0km,cassdk-service,1.0.5,-,-,?,-,false,-
com.gitee.l0km,cassdk-service-maven-plugin,1.0.5,-,-,?,-,false,-
com.gitee.l0km,cassdk-wrapper,1.0.5,-,-,?,-,false,-
com.gitee.l0km,cassdk-wrapper-service,1.0.5,-,-,?,-,false,-
com.gitee.l0km,cassdk-wrapper-service-maven-plugin,1.0.5,-,-,?,-,false,-
com.gitee.l0km,codegen-annotations,1.0.2,-,-,?,-,false,-
com.gitee.l0km,codegen-base,1.0.2,-,-,?,-,false,-
com.gitee.l0km,codegen-decorator,1.0.2,-,-,?,-,false,-
com.gitee.l0km,codegen-decorator-maven-plugin,1.0.2,-,-,?,-,false,-
com.gitee.l0km,codegen-generic,1.0.2,-,-,?,-,false,-
com.gitee.l0km,codegen-service,1.0.2,-,-,?,-,false,-
com.gitee.l0km,codegen-thrift,1.0.2,-,-,?,-,false,-
com.gitee.l0km,codegen-webclient,1.0.2,-,-,?,-,false,-
com.gitee.l0km,codegen-wsdl,1.0.2,-,-,?,-,false,-
com.gitee.l0km,common-base,1.0.5,-,-,?,-,false,-
com.gitee.l0km,common-base2,1.0.5,-,-,?,-,false,-
com.gitee.l0km,common-bean,1.0.5,-,-,?,-,false,-
com.gitee.l0km,common-cli,1.0.5,-,-,?,-,false,-
com.gitee.l0km,common-thrift,1.0.5,-,-,?,-,false,-
com.gitee.l0km,decorator-maven-plugin,1.0.1,-,-,?,-,false,-
com.gitee.l0km,faceapi-base,1.0.4,-,-,?,-,false,-
com.gitee.l0km,faceapi-thriftclient,1.0.4,-,-,?,-,false,-
com.gitee.l0km,faceapi-thriftservice,1.0.4,-,-,?,-,false,-
com.gitee.l0km,facedb-base,1.0.0,-,-,?,-,false,-
com.gitee.l0km,facedb-db,1.0.0,-,-,?,-,false,-
com.gitee.l0km,facedb-thriftclient,1.0.0,-,-,?,-,false,-
com.gitee.l0km,facedb-thriftservice,1.0.0,-,-,?,-,false,-
com.gitee.l0km,facelog-client,1.0.11,-,-,?,-,false,-
com.gitee.l0km,facelog-db,1.0.11,-,-,?,-,false,-
com.gitee.l0km,facelog-service,1.0.11,-,-,?,-,false,-
com.gitee.l0km,facelogservice-maven-plugin,1.0.11,-,-,?,-,false,-
com.gitee.l0km,idl-generator-cli,1.7,-,-,?,-,false,-
com.gitee.l0km,simplemq,1.0.5,-,-,?,-,false,-
com.gitee.l0km,swift2thrift-maven-plugin,1.7,-,-,?,-,false,-
com.gitee.lei0719,spring-boot-starter-dubbo,1.0.1,-,-,?,-,false,-
com.gitee.loocao.boot,spring-boot-starter-enjoy,2.0.0.M6-alpha-1,-,-,?,-,false,-
com.gitee.lopssh,mybatis-auditlog-plugin,1.0.0,-,-,?,-,false,-
com.gitee.lutao1726,hjsj-api-agent,1.0,-,-,?,-,false,-
com.gitee.lutao1726.hjsj-api-agent,hjsj-api-agent,1.0,-,-,?,-,false,-
com.gitee.maskit,maskit-core-canary-zuul,1.0.4,-,-,?,-,false,-
com.gitee.maskit,maskit-json,1.0.4,-,-,?,-,false,-
com.gitee.maskit,maskit-mock-feign-client,1.0.4,-,-,?,-,false,-
com.gitee.maskit,maskit-nop,1.0.4,-,-,?,-,false,-
com.gitee.maskit,maskit-utils,1.1.0,-,-,?,-,false,-
com.gitee.maskit,maskit-web,1.1.1,-,-,?,-,false,-
com.gitee.qdbp,qdbp-able,2.2.0,-,-,?,-,false,-
com.gitee.qdbp,qdbp-base-api,3.2.0,-,-,?,-,false,-
com.gitee.qdbp,qdbp-base-biz,3.2.0,-,-,?,-,false,-
com.gitee.qdbp,qdbp-general-api,3.2.0,-,-,?,-,false,-
com.gitee.qdbp,qdbp-general-biz,3.2.0,-,-,?,-,false,-
com.gitee.qdbp,qdbp-general-ctl,3.2.0,-,-,?,-,false,-
com.gitee.qdbp,qdbp-socket-netty,1.2.0,-,-,?,-,false,-
com.gitee.qdbp,qdbp-staticize,2.2.0,-,-,?,-,false,-
com.gitee.qdbp,qdbp-tools,2.2.0,-,-,?,-,false,-
com.gitee.reger,example-api,1.0.7,-,-,?,-,false,-
com.gitee.reger,example-consumer,1.0.7,-,-,?,-,false,-
com.gitee.reger,example-provider,1.0.7,-,-,?,-,false,-
com.gitee.reger,spring-boot-starter-dao,2.0.1,-,-,?,-,false,-
com.gitee.reger,spring-boot-starter-dubbo,1.1.1,-,-,?,-,false,-
com.gitee.reger,spring-boot-starter-l2cache,1.0.2,-,-,?,-,false,-
com.gitee.reger,spring-boot-starter-rongcloud,1.0.1,-,-,?,-,false,-
com.gitee.reger,spring-boot-starter-swagger,1.1.0,-,-,?,-,false,-
com.gitee.sohnny,jfinalnat,1.1,-,-,?,-,false,-
com.gitee.sohnny,jfinalproxy,1.0,-,-,?,-,false,-
com.gitee.song666,upic-spring-common,1.0.0,-,-,?,-,false,-
com.gitee.sunchenbin.mybatis.actable,mybatis-enhance-actable,1.0.3,-,-,?,-,false,-
com.gitee.sunlu,zm-cloud-biz,1.0.0,-,-,?,-,false,-
com.gitee.sunlu,zm-cloud-commons,1.0.0,-,-,?,-,false,-
com.gitee.sunlu,zm-cloud-dao,1.0.0,-,-,?,-,false,-
com.gitee.sunlu,zm-cloud-docs,1.0.0,-,-,?,-,false,-
com.gitee.sunlu,zm-cloud-domain,1.0.0,-,-,?,-,false,-
com.gitee.sunlu,zm-cloud-generator,1.0.0,-,-,?,-,false,-
com.gitee.sunlu,zm-cloud-utils,1.0.0,-,-,?,-,false,-
com.gitee.TcLi,douyoudian-springcloud-transaction,6.6.6,-,-,?,-,false,-
com.gitee.TcLi,douyoudian-tx-client,6.6.6,-,-,?,-,false,-
com.gitee.TcLi,douyoudian-tx-plugins-db,6.6.6,-,-,?,-,false,-
com.gitee.yanfanvip,rocksdb,1.0.0,-,-,?,-,false,-
com.gitee.zhan5,starter,1.0.1,-,-,?,-,false,-
com.gitee.zhan5,starter2,0.0.1,-,-,?,-,false,-
com.gitee.zhaohuihua,bdp-general-api,2.1.0,-,-,?,-,false,-
com.gitee.zhaohuihua,bdp-general-svc,2.1.0,-,-,?,-,false,-
com.gitee.zhaohuihua,bdp-general-web,2.1.0,-,-,?,-,false,-
com.gitee.zhaohuihua,zhh-core,1.6.1,-,-,?,-,false,-
com.gitee.zhaohuihua,zhh-staticize,2.1.0,-,-,?,-,false,-
com.gitee.zhaohuihua,zhh-tools,1.6.1,-,-,?,-,false,-
com.gitee.zhousiwei,ftp4che,6.6,-,-,?,-,false,-
com.gitee.zhuimengshaonian,jfast,1.0,-,-,?,-,false,-
com.irotsoma.cloudbackenc,common,0.3,-,-,?,-,false,-
com.irotsoma.cloudbackenc.common,cloudservices,0.3,-,-,?,-,false,-
com.irotsoma.cloudbackenc.common,encryption,0.3,-,-,?,-,false,-
com.jakewharton.android.repackaged,dalvik-dx,9.0.0_r3,-,-,?,-,false,-
com.jakewharton.auto.value,auto-value-annotations,1.5,-,-,?,-,false,-
com.jakewharton,butterknife-annotations,8.8.1,-,-,?,-,false,-
com.jakewharton,butterknife-compiler,8.8.1,-,-,?,-,false,com.sun.tools.javac.code.Symbol          Use javax.tools and javax.lang.model @since 1.6 + com.sun.tools.javac.code.Symbol$ClassSymbol Use javax.tools and javax.lang.model @since 1.6 + com.sun.tools.javac.tree.JCTree          Use com.sun.source @since 1.6 + com.sun.tools.javac.tree.JCTree$JCClassDecl Use com.sun.source @since 1.6 + com.sun.tools.javac.tree.JCTree$JCExpression Use com.sun.source @since 1.6 + com.sun.tools.javac.tree.JCTree$JCFieldAccess Use com.sun.source @since 1.6 + com.sun.tools.javac.tree.JCTree$JCVariableDecl Use com.sun.source @since 1.6 + com.sun.tools.javac.tree.JCTree$Visitor  Use com.sun.source @since 1.6 + com.sun.tools.javac.tree.TreeScanner     Use com.sun.source @since 1.6 + com.sun.tools.javac.util.List            Use javax.tools and javax.lang.model @since 1.6 + com.sun.tools.javac.util.Name            Use javax.tools and javax.lang.model @since 1.6
com.jakewharton,butterknife-gradle-plugin,8.8.1,-,-,?,-,false,-
com.jakewharton.dex,dex-member-list,3.2.1,-,-,?,-,false,-
com.jakewharton.dex,dex-method-list,3.1.0,-,-,?,-,false,-
com.jakewharton,jax-rs-moshi,1.0.0,-,-,?,-,false,-
com.jakewharton.retrofit,retrofit2-kotlin-coroutines-adapter,0.9.0,-,-,?,-,false,-
com.jakewharton.retrofit,retrofit2-kotlin-coroutines-experimental-adapter,1.0.0,-,-,?,-,false,-
com.jakewharton.retrofit,retrofit2-kotlinx-serialization-converter,0.0.1,-,-,?,-,false,-
com.jakewharton.retrofit,retrofit2-reactor-adapter,2.1.0,-,-,?,-,false,-
com.jakewharton.rx2,replaying-share,2.0.1,-,-,?,-,false,-
com.jakewharton.rx2,replaying-share-kotlin,2.0.1,-,-,?,-,false,-
com.jakewharton.twirl,sample-runtime,1.1.0,-,-,?,-,false,-
com.jakewharton.twirl,sample-templates,1.1.0,-,-,?,-,false,-
com.jakewharton.twirl,twirl-maven-plugin,1.1.0,-,-,?,-,false,-
com.jaregu,queries,0.9.0,-,-,?,-,false,-
com.jnape.palatable,lambda,3.1.0,-,-,?,-,false,-
com.jnape.palatable,traitor,1.2,-,-,?,-,false,-
com.k317h,restez,1.0.2,-,-,?,-,false,-
com.liulishuo.okcheck,gradle,0.2.3,-,-,?,-,false,-
com.maxmind.db,maxmind-db,1.2.2,-,-,?,-,false,-
com.maxmind.geoip2,geoip2,2.12.0,-,-,?,-,false,-
com.maxmind.minfraud,minfraud,1.9.0,-,-,?,-,false,-
com.mengyunzhi,core,2.0.2.RELEASE,-,-,?,-,false,-
com.onyxdevtools,onyx-android,1.4.2,-,-,?,-,false,sun.misc.Cleaner                         Use java.lang.ref.PhantomReference @since 1.2 or java.lang.ref.Cleaner @since 9
com.onyxdevtools,onyx-android-remote-driver,1.4.2,-,-,?,-,false,sun.misc.Cleaner                         Use java.lang.ref.PhantomReference @since 1.2 or java.lang.ref.Cleaner @since 9
com.onyxdevtools,onyx-database,2.1.3,-,-,?,-,false,-
com.onyxdevtools,onyx-database-moe,1.3.0,-,-,?,-,false,sun.misc.Cleaner                         Use java.lang.ref.PhantomReference @since 1.2 or java.lang.ref.Cleaner @since 9
com.onyxdevtools,onyx-remote-database,2.1.3,-,-,?,-,false,-
com.onyxdevtools,onyx-remote-driver,2.1.3,-,-,?,-,false,-
com.onyxdevtools,onyx-remote-driver-moe,1.3.0,-,-,?,-,false,sun.misc.Cleaner                         Use java.lang.ref.PhantomReference @since 1.2 or java.lang.ref.Cleaner @since 9
com.onyxdevtools,onyx-web-database,2.1.3,-,-,?,-,false,-
com.progressoft.brix.domino.api,domino-api-client,1.0-rc.2,-,-,?,-,false,-
com.progressoft.brix.domino.api,domino-api-server,1.0-rc.2,-,-,?,-,false,-
com.progressoft.brix.domino.api,domino-api-shared,1.0-rc.2,-,-,?,-,false,-
com.progressoft.brix.domino.apt,apt-client,1.0-rc.2,-,-,?,-,false,-
com.progressoft.brix.domino.apt,apt-commons,1.0-rc.2,-,-,?,-,false,-
com.progressoft.brix.domino.apt,apt-server,1.0-rc.2,-,-,?,-,false,-
com.progressoft.brix.domino,domino-client-commons,1.0-rc.2,-,-,?,-,false,-
com.progressoft.brix.domino,domino-desktop,1.0-rc.2,-,-,?,-,false,-
com.progressoft.brix.domino,domino-event-bus-backend,1.0-rc.1,-,-,?,-,false,-
com.progressoft.brix.domino,domino-service-discovery,1.0-rc.2,-,-,?,-,false,-
com.progressoft.brix.domino,evenbus-sample-backend,1.0-rc.1,-,-,?,-,false,-
com.progressoft.brix.domino,evenbus-sample-frontend,1.0-rc.1,-,-,?,-,false,-
com.progressoft.brix.domino,evenbus-sample-frontend-ui,1.0-rc.1,-,-,?,-,false,-
com.progressoft.brix.domino,evenbus-sample-shared,1.0-rc.1,-,-,?,-,false,-
com.progressoft.brix.domino.impl,domino-gwt,1.0-rc.2,-,-,?,-,false,-
com.progressoft.brix.domino,jks-server-cofigurator,1.0-rc.1,-,-,?,-,false,-
com.progressoft.brix.domino,jks-server-configurator,1.0-rc.2,-,-,?,-,false,-
com.progressoft.brix.domino.logger,domino-logger,1.0-rc.1,-,-,?,-,false,-
com.progressoft.brix.domino.logging,domino-gwt-logger,1.0-rc.2,-,-,?,-,false,-
com.progressoft.brix.domino.logging,domino-log4j-server-logging,1.0-rc.2,-,-,?,-,false,-
com.progressoft.brix.domino.logging,domino-remote-logging,1.0-rc.2,-,-,?,-,false,-
com.progressoft.brix.domino.test,apt-test,1.0-rc.2,-,-,?,-,false,-
com.progressoft.brix.domino.test,domino-api-test,1.0-rc.1,-,-,?,-,false,-
com.progressoft.brix.domino.test,domino-client-test,1.0-rc.2,-,-,?,-,false,-
com.progressoft.brix.domino.test,domino-server-test,1.0-rc.2,-,-,?,-,false,-
com.progressoft.brix.domino.test.ui,material-testing,1.0-rc.1,-,-,?,-,false,-
com.progressoft.brix.domino,vertx-domino-event-bus-backend,1.0-rc.1,-,-,?,-,false,-
com.progressoft.brix.domino,vertx-domino-event-bus-frontend,1.0-rc.1,-,-,?,-,false,-
com.progressoft.brix.domino,vertx-domino-event-bus-shared,1.0-rc.1,-,-,?,-,false,-
com.sgota.tools,code-gen,1.0.0,-,-,?,-,false,-
com.sgota.tools,tkcg-core,1.6.0,-,-,?,-,false,-
com.sgota.tools,tkcg-provider-core,1.4.0,-,-,?,-,false,-
com.sgota.tools,tkcg-provider-java,1.6.0,-,-,?,-,false,-
com.sgota.tools,tkcg-provider-jdbc,1.6.0,-,-,?,-,false,-
com.sgota.tools,tkcg-provider-yaml,1.6.0,-,-,?,-,false,-
com.stackify,stackify-api-java,3.0.9,-,-,?,-,false,-
com.stackify,stackify-deployment-common,1.0.0,-,-,?,-,false,-
com.stackify,stackify-java-apm-annot,1.0.6,-,-,?,-,false,-
com.stackify,stackify-log-log4j12,2.0.2,-,-,?,-,false,-
com.stackify,stackify-log-log4j2,2.0.2,-,-,?,-,false,-
com.stackify,stackify-log-logback,2.0.2,-,-,?,-,false,-
com.statemachinesystems,envy,1.9,-,-,?,-,false,-
com.talent-aio,talent-aio-client,1.6.7.v20170328-RELEASE,-,-,?,-,false,-
com.talent-aio,talent-aio-codec,1.6.6.v20170318-RELEASE,-,-,?,-,false,-
com.talent-aio,talent-aio-common,1.6.7.v20170328-RELEASE,-,-,?,-,false,-
com.talent-aio,talent-aio-examples-helloworld-client,0.6.6-alpha,-,-,?,-,false,-
com.talent-aio,talent-aio-examples-helloworld-common,0.6.6-alpha,-,-,?,-,false,-
com.talent-aio,talent-aio-examples-helloworld-server,0.6.6-alpha,-,-,?,-,false,-
com.talent-aio,talent-aio-examples-http-client,1.0.0-RELEASE,-,-,?,-,false,-
com.talent-aio,talent-aio-examples-http-common,1.0.0-RELEASE,-,-,?,-,false,-
com.talent-aio,talent-aio-examples-http-server,1.0.0-RELEASE,-,-,?,-,false,-
com.talent-aio,talent-aio-examples-im-client,0.6.6-alpha,-,-,?,-,false,-
com.talent-aio,talent-aio-examples-im-common,0.6.6-alpha,-,-,?,-,false,-
com.talent-aio,talent-aio-examples-im-server,0.6.6-alpha,-,-,?,-,false,-
com.talent-aio,talent-aio-server,1.6.7.v20170328-RELEASE,-,-,?,-,false,-
com.ueboot,ueboot-core,2.0.3,-,-,?,-,false,-
com.ueboot,ueboot-generator,2.0.3,-,-,?,-,false,-
com.vaynberg.wicket.select2,wicket-select2,3.0,-,-,?,-,false,-
