groupId,artifactId,version,moduleName,moduleVersion,moduleMode,moduleDependencies,jdepsToolError,jdepsViolations
am.ik.yavi,yavi,0.0.7,-,-,?,-,false,-
com.baidu.openrasp,sqlparser,1.4,-,-,?,-,false,-
com.google.apis,google-api-services-oslogin,v1-rev23-1.24.1,-,-,?,-,false,-
io.netty,netty-all,5.0.0.Alpha2,-,-,?,-,false,sun.misc.Cleaner                         Use java.lang.ref.PhantomReference @since 1.2 or java.lang.ref.Cleaner @since 9 + sun.misc.Unsafe                          See http://openjdk.java.net/jeps/260 + sun.security.x509.X500Name               Use javax.security.auth.x500.X500Principal @since 1.4
io.netty,netty-buffer,5.0.0.Alpha2,-,-,?,-,false,-
io.netty,netty-codec,5.0.0.Alpha2,-,-,?,-,false,-
io.netty,netty-codec-dns,5.0.0.Alpha2,-,-,?,-,false,-
io.netty,netty-codec-haproxy,5.0.0.Alpha2,-,-,?,-,false,-
io.netty,netty-codec-http2,5.0.0.Alpha2,-,-,?,-,false,-
io.netty,netty-codec-http,5.0.0.Alpha2,-,-,?,-,false,-
io.netty,netty-codec-memcache,5.0.0.Alpha2,-,-,?,-,false,-
io.netty,netty-codec-mqtt,5.0.0.Alpha2,-,-,?,-,false,-
io.netty,netty-codec-redis,4.1.29.Final,io.netty.codec.redis,-,automatic,-,false,-
io.netty,netty-codec-smtp,4.1.29.Final,io.netty.codec.smtp,-,automatic,-,false,-
io.netty,netty-codec-socks,5.0.0.Alpha2,-,-,?,-,false,-
io.netty,netty-codec-stomp,5.0.0.Alpha2,-,-,?,-,false,-
io.netty,netty-codec-xml,5.0.0.Alpha2,-,-,?,-,false,-
io.netty,netty-common,5.0.0.Alpha2,-,-,?,-,false,sun.misc.Cleaner                         Use java.lang.ref.PhantomReference @since 1.2 or java.lang.ref.Cleaner @since 9 + sun.misc.Unsafe                          See http://openjdk.java.net/jeps/260
io.netty,netty-dev-tools,4.1.29.Final,-,-,?,-,false,-
io.netty,netty-example,5.0.0.Alpha2,-,-,?,-,false,-
io.netty,netty-handler,5.0.0.Alpha2,-,-,?,-,false,sun.security.x509.X500Name               Use javax.security.auth.x500.X500Principal @since 1.4
io.netty,netty-handler-proxy,5.0.0.Alpha2,-,-,?,-,false,-
io.netty,netty-microbench,4.1.29.Final,-,-,automatic,-,false,-
io.netty,netty-resolver,5.0.0.Alpha2,-,-,?,-,false,-
io.netty,netty-resolver-dns,5.0.0.Alpha2,-,-,?,-,false,-
io.netty,netty-testsuite,5.0.0.Alpha2,-,-,?,-,false,-
io.netty,netty-testsuite-autobahn,4.1.29.Final,-,-,automatic,-,false,-
io.netty,netty-testsuite-http2,4.1.29.Final,-,-,automatic,-,false,-
io.netty,netty-testsuite-osgi,5.0.0.Alpha2,-,-,?,-,false,-
io.netty,netty-transport,5.0.0.Alpha2,-,-,?,-,false,-
io.netty,netty-transport-native-epoll,5.0.0.Alpha2,-,-,?,-,false,-
io.netty,netty-transport-native-kqueue,4.1.29.Final,io.netty.transport.kqueue,-,automatic,-,false,-
io.netty,netty-transport-native-unix-common,4.1.29.Final,io.netty.transport.unix.common,-,automatic,-,false,-
io.netty,netty-transport-native-unix-common-tests,4.1.29.Final,-,-,automatic,-,false,-
io.netty,netty-transport-rxtx,5.0.0.Alpha2,-,-,?,-,false,-
io.netty,netty-transport-sctp,5.0.0.Alpha2,-,-,?,-,false,-
io.netty,netty-transport-udt,5.0.0.Alpha2,-,-,?,-,false,-
me.ele.openapi,eleme-openapi-sdk,1.21.36,-,-,?,-,false,-
net.oschina.j2cache,j2cache-core,2.5.0-release,-,-,?,-,false,-
net.oschina.j2cache,j2cache-hibernate3,2.5.0-release,-,-,?,-,false,-
net.oschina.j2cache,j2cache-hibernate4,2.5.0-release,-,-,?,-,false,-
net.oschina.j2cache,j2cache-mybatis,2.5.0-release,-,-,?,-,false,-
net.oschina.j2cache,j2cache-spring-boot2-starter,2.5.0-release,-,-,?,-,false,-
net.oschina.j2cache,j2cache-spring-boot-starter,2.5.0-release,-,-,?,-,false,-
net.oschina.j2cache,j2cache-springcache,2.5.0-release,-,-,?,-,false,-
