groupId,artifactId,version,moduleName,moduleVersion,moduleMode,moduleDependencies,jdepsToolError,jdepsViolations
com.47deg,another-module_2.11,0.2.0,-,-,?,-,false,-
com.47deg,another-module_2.12,0.2.0,-,-,?,-,false,-
com.47deg,classy-cats_2.11,0.4.0,-,-,?,-,false,-
com.47deg,classy-cats_2.12,0.4.0,-,-,?,-,false,-
com.47deg,classy-cats_sjs0.6_2.11,0.4.0,-,-,?,-,false,-
com.47deg,classy-cats_sjs0.6_2.12,0.4.0,-,-,?,-,false,-
com.47deg,classy-config-shocon_2.11,0.4.0,-,-,?,-,false,-
com.47deg,classy-config-shocon_2.12,0.4.0,-,-,?,-,false,-
com.47deg,classy-config-shocon_sjs0.6_2.11,0.4.0,-,-,?,-,false,-
com.47deg,classy-config-shocon_sjs0.6_2.12,0.4.0,-,-,?,-,false,-
com.47deg,classy-config-typesafe_2.11,0.4.0,-,-,?,-,false,-
com.47deg,classy-config-typesafe_2.12,0.4.0,-,-,?,-,false,-
com.47deg,classy-core_2.11,0.4.0,-,-,?,-,false,-
com.47deg,classy-core_2.12,0.4.0,-,-,?,-,false,-
com.47deg,classy-core_sjs0.6_2.11,0.4.0,-,-,?,-,false,-
com.47deg,classy-core_sjs0.6_2.12,0.4.0,-,-,?,-,false,-
com.47deg,classy-generic_2.11,0.4.0,-,-,?,-,false,-
com.47deg,classy-generic_2.12,0.4.0,-,-,?,-,false,-
com.47deg,classy-generic_sjs0.6_2.11,0.4.0,-,-,?,-,false,-
com.47deg,classy-generic_sjs0.6_2.12,0.4.0,-,-,?,-,false,-
com.47deg,embedded-cassandra-core_2.10,0.0.6,-,-,?,-,false,-
com.47deg,embedded-cassandra-core_2.12,0.0.6,-,-,?,-,false,-
com.47deg,fetch_2.10,0.6.2,-,-,?,-,false,-
com.47deg,fetch_2.11,0.7.3,-,-,?,-,false,-
com.47deg,fetch_2.12,0.7.3,-,-,?,-,false,-
com.47deg,fetch-debug_2.10,0.6.2,-,-,?,-,false,-
com.47deg,fetch-debug_2.11,0.7.3,-,-,?,-,false,-
com.47deg,fetch-debug_2.12,0.7.3,-,-,?,-,false,-
com.47deg,fetch-debug_sjs0.6_2.10,0.6.2,-,-,?,-,false,-
com.47deg,fetch-debug_sjs0.6_2.11,0.7.3,-,-,?,-,false,-
com.47deg,fetch-debug_sjs0.6_2.12,0.7.3,-,-,?,-,false,-
com.47deg,fetch-monix_2.10,0.6.2,-,-,?,-,false,-
com.47deg,fetch-monix_2.11,0.7.3,-,-,?,-,false,-
com.47deg,fetch-monix_2.12,0.7.3,-,-,?,-,false,-
com.47deg,fetch-monix_sjs0.6_2.10,0.6.2,-,-,?,-,false,-
com.47deg,fetch-monix_sjs0.6_2.11,0.7.3,-,-,?,-,false,-
com.47deg,fetch-monix_sjs0.6_2.12,0.7.3,-,-,?,-,false,-
com.47deg,fetch_sjs0.6_2.10,0.6.2,-,-,?,-,false,-
com.47deg,fetch_sjs0.6_2.11,0.7.3,-,-,?,-,false,-
com.47deg,fetch_sjs0.6_2.12,0.7.3,-,-,?,-,false,-
com.47deg,fetch-twitter_2.11,0.7.3,-,-,?,-,false,-
com.47deg,fetch-twitter_2.12,0.7.3,-,-,?,-,false,-
com.47deg,freestyle_2.11,0.1.0,-,-,?,-,false,-
com.47deg,freestyle_2.12,0.1.0,-,-,?,-,false,-
com.47deg,freestyle-async_2.11,0.1.0,-,-,?,-,false,-
com.47deg,freestyle-async_2.12,0.1.0,-,-,?,-,false,-
com.47deg,freestyle-async-fs2_2.11,0.1.0,-,-,?,-,false,-
com.47deg,freestyle-async-fs2_2.12,0.1.0,-,-,?,-,false,-
com.47deg,freestyle-async-fs2_sjs0.6_2.11,0.1.0,-,-,?,-,false,-
com.47deg,freestyle-async-fs2_sjs0.6_2.12,0.1.0,-,-,?,-,false,-
com.47deg,freestyle-async-monix_2.11,0.1.0,-,-,?,-,false,-
com.47deg,freestyle-async-monix_2.12,0.1.0,-,-,?,-,false,-
com.47deg,freestyle-async-monix_sjs0.6_2.11,0.1.0,-,-,?,-,false,-
com.47deg,freestyle-async-monix_sjs0.6_2.12,0.1.0,-,-,?,-,false,-
com.47deg,freestyle-async_sjs0.6_2.11,0.1.0,-,-,?,-,false,-
com.47deg,freestyle-async_sjs0.6_2.12,0.1.0,-,-,?,-,false,-
com.47deg,freestyle-cache_2.11,0.1.0,-,-,?,-,false,-
com.47deg,freestyle-cache_2.12,0.1.0,-,-,?,-,false,-
com.47deg,freestyle-cache-redis_2.11,0.1.0,-,-,?,-,false,-
com.47deg,freestyle-cache-redis_2.12,0.1.0,-,-,?,-,false,-
com.47deg,freestyle-cache_sjs0.6_2.11,0.1.0,-,-,?,-,false,-
com.47deg,freestyle-cache_sjs0.6_2.12,0.1.0,-,-,?,-,false,-
com.47deg,freestyle-config_2.11,0.1.0,-,-,?,-,false,-
com.47deg,freestyle-config_2.12,0.1.0,-,-,?,-,false,-
com.47deg,freestyle-doobie_2.11,0.1.0,-,-,?,-,false,-
com.47deg,freestyle-doobie_2.12,0.1.0,-,-,?,-,false,-
com.47deg,freestyle-effects_2.11,0.1.0,-,-,?,-,false,-
com.47deg,freestyle-effects_2.12,0.1.0,-,-,?,-,false,-
com.47deg,freestyle-effects_sjs0.6_2.11,0.1.0,-,-,?,-,false,-
com.47deg,freestyle-effects_sjs0.6_2.12,0.1.0,-,-,?,-,false,-
com.47deg,freestyle-fetch_2.11,0.1.0,-,-,?,-,false,-
com.47deg,freestyle-fetch_2.12,0.1.0,-,-,?,-,false,-
com.47deg,freestyle-fetch_sjs0.6_2.11,0.1.0,-,-,?,-,false,-
com.47deg,freestyle-fetch_sjs0.6_2.12,0.1.0,-,-,?,-,false,-
com.47deg,freestyle-fs2_2.11,0.1.0,-,-,?,-,false,-
com.47deg,freestyle-fs2_2.12,0.1.0,-,-,?,-,false,-
com.47deg,freestyle-fs2_sjs0.6_2.11,0.1.0,-,-,?,-,false,-
com.47deg,freestyle-fs2_sjs0.6_2.12,0.1.0,-,-,?,-,false,-
com.47deg,freestyle-http-akka_2.11,0.1.0,-,-,?,-,false,-
com.47deg,freestyle-http-akka_2.12,0.1.0,-,-,?,-,false,-
com.47deg,freestyle-http-finch_2.11,0.1.0,-,-,?,-,false,-
com.47deg,freestyle-http-finch_2.12,0.1.0,-,-,?,-,false,-
com.47deg,freestyle-http-http4s_2.11,0.1.0,-,-,?,-,false,-
com.47deg,freestyle-http-http4s_2.12,0.1.0,-,-,?,-,false,-
com.47deg,freestyle-http-play_2.11,0.1.0,-,-,?,-,false,-
com.47deg,freestyle-http-play_2.12,0.1.0,-,-,?,-,false,-
com.47deg,freestyle-logging_2.11,0.1.0,-,-,?,-,false,-
com.47deg,freestyle-logging_2.12,0.1.0,-,-,?,-,false,-
com.47deg,freestyle-logging_sjs0.6_2.11,0.1.0,-,-,?,-,false,-
com.47deg,freestyle-logging_sjs0.6_2.12,0.1.0,-,-,?,-,false,-
com.47deg,freestyle-monix_2.11,0.1.0,-,-,?,-,false,-
com.47deg,freestyle-monix_2.12,0.1.0,-,-,?,-,false,-
com.47deg,freestyle-monix_sjs0.6_2.11,0.1.0,-,-,?,-,false,-
com.47deg,freestyle-monix_sjs0.6_2.12,0.1.0,-,-,?,-,false,-
com.47deg,freestyle_sjs0.6_2.11,0.1.0,-,-,?,-,false,-
com.47deg,freestyle_sjs0.6_2.12,0.1.0,-,-,?,-,false,-
com.47deg,freestyle-slick_2.11,0.1.0,-,-,?,-,false,-
com.47deg,freestyle-slick_2.12,0.1.0,-,-,?,-,false,-
com.47deg,freestyle-tagless_2.11,0.1.0,-,-,?,-,false,-
com.47deg,freestyle-tagless_2.12,0.1.0,-,-,?,-,false,-
com.47deg,freestyle-tagless_sjs0.6_2.11,0.1.0,-,-,?,-,false,-
com.47deg,freestyle-tagless_sjs0.6_2.12,0.1.0,-,-,?,-,false,-
com.47deg,freestyle-twitter-util_2.11,0.1.0,-,-,?,-,false,-
com.47deg,freestyle-twitter-util_2.12,0.1.0,-,-,?,-,false,-
com.47deg,github4s_2.10,0.18.7,-,-,?,-,false,-
com.47deg,github4s_2.11,0.18.6,-,-,?,-,false,-
com.47deg,github4s_2.12,0.18.6,-,-,?,-,false,-
com.47deg,github4s-cats-effect_2.10,0.18.7,-,-,?,-,false,-
com.47deg,github4s-cats-effect_2.11,0.18.6,-,-,?,-,false,-
com.47deg,github4s-cats-effect_2.12,0.18.6,-,-,?,-,false,-
com.47deg,github4s-cats-effect_sjs0.6_2.10,0.18.7,-,-,?,-,false,-
com.47deg,github4s-cats-effect_sjs0.6_2.11,0.18.6,-,-,?,-,false,-
com.47deg,github4s-cats-effect_sjs0.6_2.12,0.18.6,-,-,?,-,false,-
com.47deg,github4s-scalaz_2.10,0.18.7,-,-,?,-,false,-
com.47deg,github4s-scalaz_2.11,0.18.6,-,-,?,-,false,-
com.47deg,github4s-scalaz_2.12,0.18.6,-,-,?,-,false,-
com.47deg,github4s_sjs0.6_2.10,0.18.7,-,-,?,-,false,-
com.47deg,github4s_sjs0.6_2.11,0.18.6,-,-,?,-,false,-
com.47deg,github4s_sjs0.6_2.12,0.18.6,-,-,?,-,false,-
com.47deg,iota-core_2.11,0.2.0,-,-,?,-,false,-
com.47deg,iota-core_2.12,0.2.0,-,-,?,-,false,-
com.47deg,iota-core_sjs0.6_2.11,0.2.0,-,-,?,-,false,-
com.47deg,iota-core_sjs0.6_2.12,0.2.0,-,-,?,-,false,-
com.47deg,lambda-test_2.12,1.3.1,-,-,?,-,false,-
com.47deg,org-policies-core_2.10,0.9.3,-,-,?,-,false,-
com.47deg,org-policies-core_2.12,0.9.3,-,-,?,-,false,-
com.47deg,root_2.10,0.6.2,-,-,?,-,false,-
com.47deg,root_2.11,0.7.3,-,-,?,-,false,-
com.47deg,root_2.12,0.7.3,-,-,?,-,false,-
com.47deg,sbt-dependencies-tests_2.11,0.2.0,-,-,?,-,false,-
com.47deg,sbt-dependencies-tests_2.12,0.2.0,-,-,?,-,false,-
com.47deg,scalacheck-toolbox-combinators_2.10,0.2.5,-,-,?,-,false,-
com.47deg,scalacheck-toolbox-combinators_2.11,0.2.5,-,-,?,-,false,-
com.47deg,scalacheck-toolbox-combinators_2.12,0.2.5,-,-,?,-,false,-
com.47deg,scalacheck-toolbox-datetime_2.10,0.2.5,-,-,?,-,false,-
com.47deg,scalacheck-toolbox-datetime_2.11,0.2.5,-,-,?,-,false,-
com.47deg,scalacheck-toolbox-datetime_2.12,0.2.5,-,-,?,-,false,-
com.47deg,scalacheck-toolbox-magic_2.10,0.2.5,-,-,?,-,false,-
com.47deg,scalacheck-toolbox-magic_2.11,0.2.5,-,-,?,-,false,-
com.47deg,scalacheck-toolbox-magic_2.12,0.2.5,-,-,?,-,false,-
com.47deg,twitter_2.11,0.6.3,-,-,?,-,false,-
com.47deg,twitter_2.12,0.6.3,-,-,?,-,false,-
com.abubusoft,kripton-android-core,5.0.0-rc.1,-,-,?,-,false,-
com.abubusoft,kripton-android-library,5.0.0-rc.1,-,-,?,-,false,-
com.abubusoft,kripton-arch-integration,5.0.0-rc.1,-,-,?,-,false,-
com.abubusoft,kripton-core,5.0.0-rc.1,-,-,?,-,false,-
com.abubusoft,kripton-dataformat-cbor,5.0.0-rc.1,-,-,?,-,false,-
com.abubusoft,kripton-dataformat-properties,5.0.0-rc.1,-,-,?,-,false,-
com.abubusoft,kripton-dataformat-smile,5.0.0-rc.1,-,-,?,-,false,-
com.abubusoft,kripton-orm,5.0.0-rc.1,-,-,?,-,false,-
com.abubusoft,kripton-processor,5.0.0-rc.1,-,-,?,-,false,-
com.abubusoft,kripton-retrofit-converter,5.0.0-rc.1,-,-,?,-,false,-
com.abubusoft,kripton-shared-preferences,5.0.0-rc.1,-,-,?,-,false,-
com.abubusoft,kripton-sqlite-test-library,5.0.0-rc.1,-,-,?,-,false,-
com.bigchaindb,bigchaindb-driver,1.1,-,-,?,-,false,-
com.bigchaindb,cryptoconditions,1.0,-,-,?,-,false,-
com.bipinet.cubes,cubes,1.0.2,-,-,?,-,false,-
com.bipinet.pointsdistance,point-distance-calculator,1.0.0,-,-,?,-,false,-
com.byoutline.ibuscachedfield,ibuscachedfield,1.7.0,-,-,?,-,false,-
com.byoutline.observablecachedfield,observablecachedfield,1.7.0,-,-,?,-,false,-
com.despegar,http-java-native-client,1.0.4,-,-,?,-,false,-
com.despegar,khronus-java-client,0.0.6,-,-,?,-,false,-
com.despegar,spark-test,1.1.8,-,-,?,-,false,-
com.directmediatips,dmt-cron,0.1.0,-,-,?,-,false,-
com.directmediatips,dmt-data,0.1.0,-,-,?,-,false,-
com.directmediatips,dmt-google,0.1.0,-,-,?,-,false,-
com.directmediatips,dmt-klout,0.1.1,-,-,?,-,false,-
com.directmediatips,dmt-twitter,0.1.0,-,-,?,-,false,-
com.github.mjeanroy,junit-servers-core,0.10.0,-,-,?,-,false,-
com.github.mjeanroy,junit-servers-jetty,0.10.0,-,-,?,-,false,-
com.github.mjeanroy,junit-servers-tomcat,0.10.0,-,-,?,-,false,-
com.github.stefanofornari,bsh-console,1.2.0,-,-,?,-,false,-
com.gtcgroup,justify-cdi,8.3.0,-,-,?,-,false,-
com.gtcgroup,justify-core,8.5.0-alpha5,-,-,?,-,false,-
com.gtcgroup,justify-jpa,8.5.0-alpha5,-,-,?,-,false,-
com.gtcgroup,justify-multicore,8.5.0-alpha5,-,-,?,-,false,-
com.gtcgroup,justify-rest,8.5.0-alpha5,-,-,?,-,false,-
com.ifengxue,http-client,1.3.0,-,-,?,-,false,-
com.ineat-group.lab,ineat-spring-boot-starter,0.1.0,-,-,?,-,false,-
com.intenthq,gander_2.11,1.4,-,-,?,-,false,-
com.intenthq,gander_2.12,1.4,-,-,?,-,false,-
com.intenthq.icicle,icicle-core,2.0.1,-,-,?,-,false,-
com.intenthq.icicle,icicle-jedis,2.0.1,-,-,?,-,false,-
com.intenthq.pucket,pucket-avro_2.11,1.7.3,-,-,?,-,false,-
com.intenthq.pucket,pucket-core_2.11,1.8.1,-,-,?,-,false,-
com.intenthq.pucket,pucket-mapreduce_2.11,1.8.1,-,-,?,-,false,-
com.intenthq.pucket,pucket-spark_2.11,1.8.1,-,-,?,-,false,-
com.intenthq.pucket,pucket-thrift_2.11,1.8.1,-,-,?,-,false,-
com.jetprobe,jetprobe_2.12,1.0,-,-,?,-,false,-
com.jetprobe,jetprobe-core_2.11,0.1.0,-,-,?,-,false,-
com.jetprobe,jetprobe-core_2.12,1.0,-,-,?,-,false,-
com.jetprobe,jetprobe-mongo_2.11,0.1.0,-,-,?,-,false,-
com.jetprobe,jetprobe-mongo_2.12,0.1.0,-,-,?,-,false,-
com.jetprobe,jetprobe-rabbitmq_2.11,0.1.0,-,-,?,-,false,-
com.jetprobe,jetprobe-rabbitmq_2.12,0.1.0,-,-,?,-,false,-
com.komputation,komputation,0.12.5,-,-,?,-,false,-
com.mozu,mozu-api-core,2.2.1,-,-,?,-,false,-
com.mozu,mozu-api-java,2.2.1,-,-,?,-,false,-
com.mozu,mozu-api-jobs,1.0.23,-,-,?,-,false,-
com.mozu,mozu-api-toolkit,1.1.9,-,-,?,-,false,-
com.ncredinburgh,in-control,1.1,com.ncredinburgh.incontrol,-,explicit,java.base,false,-
com.ncredinburgh,maven-release-yearly-policy,1.0,-,-,?,-,false,-
com.nekomatic,ironik,1.0.0,-,-,?,-,false,-
com.nekomatic,kombiparser,1.0.0,-,-,?,-,false,-
com.nekomatic,types,1.0.2,-,-,?,-,false,-
com.netki,netki-partner-client,0.0.3,-,-,?,-,false,-
com.shimkiv,trust,0.3.0,-,-,?,-,false,-
com.streamsets,streamsets-datacollector-api,3.4.1,-,-,?,-,false,-
com.streamsets,streamsets-datacollector-sdk,3.4.1,-,-,?,-,false,sun.misc.Cleaner                         Use java.lang.ref.PhantomReference @since 1.2 or java.lang.ref.Cleaner @since 9 + sun.misc.Unsafe                          See http://openjdk.java.net/jeps/260
com.streamsets,streamsets-datacollector-spark-api,3.4.1,-,-,?,-,false,-
com.vocalabs,egtest-annotations,0.3.0,-,-,?,-,false,-
com.vocalabs,egtest-processor,0.3.0,-,-,?,-,false,-
