groupId,artifactId,version,moduleName,moduleVersion,moduleMode,moduleDependencies,jdepsToolError,jdepsViolations
br.com.youse.forms,formatters-jdk,0.0.1,-,-,?,-,false,-
br.com.youse.forms,form-common,0.0.1,-,-,?,-,false,-
br.com.youse.forms,form-jdk,0.0.1,-,-,?,-,false,-
br.com.youse.forms,form-js,0.0.1,-,-,?,-,false,-
br.com.youse.forms,formmatters-common,0.0.1,-,-,?,-,false,-
br.com.youse.forms,rx-form-jdk,0.0.1,-,-,?,-,false,-
br.com.youse.forms,validators-common,0.0.1,-,-,?,-,false,-
br.com.youse.forms,validators-jdk,0.0.1,-,-,?,-,false,-
com.amazonaws,aws-java-sdk,1.11.391,-,-,?,-,false,-
com.amazonaws,aws-java-sdk-acm,1.11.391,-,-,?,-,false,-
com.amazonaws,aws-java-sdk-acmpca,1.11.391,-,-,?,-,false,-
com.amazonaws,aws-java-sdk-alexaforbusiness,1.11.391,-,-,?,-,false,-
com.amazonaws,aws-java-sdk-api-gateway,1.11.391,-,-,?,-,false,-
com.amazonaws,aws-java-sdk-applicationautoscaling,1.11.391,-,-,?,-,false,-
com.amazonaws,aws-java-sdk-appstream,1.11.391,-,-,?,-,false,-
com.amazonaws,aws-java-sdk-appsync,1.11.391,-,-,?,-,false,-
com.amazonaws,aws-java-sdk-athena,1.11.391,-,-,?,-,false,-
com.amazonaws,aws-java-sdk-autoscaling,1.11.391,-,-,?,-,false,-
com.amazonaws,aws-java-sdk-autoscalingplans,1.11.391,-,-,?,-,false,-
com.amazonaws,aws-java-sdk-batch,1.11.391,-,-,?,-,false,-
com.amazonaws,aws-java-sdk-budgets,1.11.391,-,-,?,-,false,-
com.amazonaws,aws-java-sdk-bundle,1.11.391,-,-,?,-,false,sun.misc.Unsafe                          See http://openjdk.java.net/jeps/260 + sun.security.x509.X500Name               Use javax.security.auth.x500.X500Principal @since 1.4
com.amazonaws,aws-java-sdk-cloud9,1.11.391,-,-,?,-,false,-
com.amazonaws,aws-java-sdk-clouddirectory,1.11.391,-,-,?,-,false,-
com.amazonaws,aws-java-sdk-cloudformation,1.11.391,-,-,?,-,false,-
com.amazonaws,aws-java-sdk-cloudfront,1.11.391,-,-,?,-,false,-
com.amazonaws,aws-java-sdk-cloudhsm,1.11.391,-,-,?,-,false,-
com.amazonaws,aws-java-sdk-cloudhsmv2,1.11.391,-,-,?,-,false,-
com.amazonaws,aws-java-sdk-cloudsearch,1.11.391,-,-,?,-,false,-
com.amazonaws,aws-java-sdk-cloudtrail,1.11.391,-,-,?,-,false,-
com.amazonaws,aws-java-sdk-cloudwatch,1.11.391,-,-,?,-,false,-
com.amazonaws,aws-java-sdk-cloudwatchmetrics,1.11.391,-,-,?,-,false,-
com.amazonaws,aws-java-sdk-codebuild,1.11.391,-,-,?,-,false,-
com.amazonaws,aws-java-sdk-codecommit,1.11.391,-,-,?,-,false,-
com.amazonaws,aws-java-sdk-codedeploy,1.11.391,-,-,?,-,false,-
com.amazonaws,aws-java-sdk-code-generator,1.11.391,-,-,?,-,false,-
com.amazonaws,aws-java-sdk-codegen-maven-plugin,1.11.391,-,-,?,-,false,-
com.amazonaws,aws-java-sdk-codepipeline,1.11.391,-,-,?,-,false,-
com.amazonaws,aws-java-sdk-codestar,1.11.391,-,-,?,-,false,-
com.amazonaws,aws-java-sdk-cognitoidentity,1.11.391,-,-,?,-,false,-
com.amazonaws,aws-java-sdk-cognitoidp,1.11.391,-,-,?,-,false,-
com.amazonaws,aws-java-sdk-cognitosync,1.11.391,-,-,?,-,false,-
com.amazonaws,aws-java-sdk-comprehend,1.11.391,-,-,?,-,false,-
com.amazonaws,aws-java-sdk-config,1.11.391,-,-,?,-,false,-
com.amazonaws,aws-java-sdk-connect,1.11.391,-,-,?,-,false,-
com.amazonaws,aws-java-sdk-core,1.11.391,-,-,?,-,false,-
com.amazonaws,aws-java-sdk-costandusagereport,1.11.391,-,-,?,-,false,-
com.amazonaws,aws-java-sdk-costexplorer,1.11.391,-,-,?,-,false,-
com.amazonaws,aws-java-sdk-datapipeline,1.11.391,-,-,?,-,false,-
com.amazonaws,aws-java-sdk-dax,1.11.391,-,-,?,-,false,-
com.amazonaws,aws-java-sdk-devicefarm,1.11.391,-,-,?,-,false,-
com.amazonaws,aws-java-sdk-directconnect,1.11.391,-,-,?,-,false,-
com.amazonaws,aws-java-sdk-directory,1.11.391,-,-,?,-,false,-
com.amazonaws,aws-java-sdk-discovery,1.11.391,-,-,?,-,false,-
com.amazonaws,aws-java-sdk-dlm,1.11.391,-,-,?,-,false,-
com.amazonaws,aws-java-sdk-dms,1.11.391,-,-,?,-,false,-
com.amazonaws,aws-java-sdk-dynamodb,1.11.391,-,-,?,-,false,-
com.amazonaws,aws-java-sdk-ec2,1.11.391,-,-,?,-,false,-
com.amazonaws,aws-java-sdk-ecr,1.11.391,-,-,?,-,false,-
com.amazonaws,aws-java-sdk-ecs,1.11.391,-,-,?,-,false,-
com.amazonaws,aws-java-sdk-efs,1.11.391,-,-,?,-,false,-
com.amazonaws,aws-java-sdk-eks,1.11.391,-,-,?,-,false,-
com.amazonaws,aws-java-sdk-elasticache,1.11.391,-,-,?,-,false,-
com.amazonaws,aws-java-sdk-elasticbeanstalk,1.11.391,-,-,?,-,false,-
com.amazonaws,aws-java-sdk-elasticloadbalancing,1.11.391,-,-,?,-,false,-
com.amazonaws,aws-java-sdk-elasticloadbalancingv2,1.11.391,-,-,?,-,false,-
com.amazonaws,aws-java-sdk-elasticsearch,1.11.391,-,-,?,-,false,-
com.amazonaws,aws-java-sdk-elastictranscoder,1.11.391,-,-,?,-,false,-
com.amazonaws,aws-java-sdk-emr,1.11.391,-,-,?,-,false,-
com.amazonaws,aws-java-sdk-events,1.11.391,-,-,?,-,false,-
com.amazonaws,aws-java-sdk-fms,1.11.391,-,-,?,-,false,-
com.amazonaws,aws-java-sdk-gamelift,1.11.391,-,-,?,-,false,-
com.amazonaws,aws-java-sdk-glacier,1.11.391,-,-,?,-,false,-
com.amazonaws,aws-java-sdk-glue,1.11.391,-,-,?,-,false,-
com.amazonaws,aws-java-sdk-greengrass,1.11.391,-,-,?,-,false,-
com.amazonaws,aws-java-sdk-guardduty,1.11.391,-,-,?,-,false,-
com.amazonaws,aws-java-sdk-health,1.11.391,-,-,?,-,false,-
com.amazonaws,aws-java-sdk-iam,1.11.391,-,-,?,-,false,-
com.amazonaws,aws-java-sdk-importexport,1.11.391,-,-,?,-,false,-
com.amazonaws,aws-java-sdk-inspector,1.11.391,-,-,?,-,false,-
com.amazonaws,aws-java-sdk-iot,1.11.391,-,-,?,-,false,-
com.amazonaws,aws-java-sdk-iot1clickdevices,1.11.391,-,-,?,-,false,-
com.amazonaws,aws-java-sdk-iot1clickprojects,1.11.391,-,-,?,-,false,-
com.amazonaws,aws-java-sdk-iotanalytics,1.11.391,-,-,?,-,false,-
com.amazonaws,aws-java-sdk-iotjobsdataplane,1.11.391,-,-,?,-,false,-
com.amazonaws,aws-java-sdk-kinesis,1.11.391,-,-,?,-,false,-
com.amazonaws,aws-java-sdk-kinesisvideo,1.11.391,-,-,?,-,false,-
com.amazonaws,aws-java-sdk-kms,1.11.391,-,-,?,-,false,-
com.amazonaws,aws-java-sdk-lambda,1.11.391,-,-,?,-,false,-
com.amazonaws,aws-java-sdk-lex,1.11.391,-,-,?,-,false,-
com.amazonaws,aws-java-sdk-lexmodelbuilding,1.11.391,-,-,?,-,false,-
com.amazonaws,aws-java-sdk-lightsail,1.11.391,-,-,?,-,false,-
com.amazonaws,aws-java-sdk-logs,1.11.391,-,-,?,-,false,-
com.amazonaws,aws-java-sdk-machinelearning,1.11.391,-,-,?,-,false,-
com.amazonaws,aws-java-sdk-macie,1.11.391,-,-,?,-,false,-
com.amazonaws,aws-java-sdk-marketplacecommerceanalytics,1.11.391,-,-,?,-,false,-
com.amazonaws,aws-java-sdk-marketplaceentitlement,1.11.391,-,-,?,-,false,-
com.amazonaws,aws-java-sdk-marketplacemeteringservice,1.11.391,-,-,?,-,false,-
com.amazonaws,aws-java-sdk-mechanicalturkrequester,1.11.391,-,-,?,-,false,-
com.amazonaws,aws-java-sdk-mediaconvert,1.11.391,-,-,?,-,false,-
com.amazonaws,aws-java-sdk-medialive,1.11.391,-,-,?,-,false,-
com.amazonaws,aws-java-sdk-mediapackage,1.11.391,-,-,?,-,false,-
com.amazonaws,aws-java-sdk-mediastore,1.11.391,-,-,?,-,false,-
com.amazonaws,aws-java-sdk-mediastoredata,1.11.391,-,-,?,-,false,-
com.amazonaws,aws-java-sdk-mediatailor,1.11.391,-,-,?,-,false,-
com.amazonaws,aws-java-sdk-migrationhub,1.11.391,-,-,?,-,false,-
com.amazonaws,aws-java-sdk-mobile,1.11.391,-,-,?,-,false,-
com.amazonaws,aws-java-sdk-models,1.11.391,-,-,?,-,false,-
com.amazonaws,aws-java-sdk-mq,1.11.391,-,-,?,-,false,-
com.amazonaws,aws-java-sdk-neptune,1.11.391,-,-,?,-,false,-
com.amazonaws,aws-java-sdk-opensdk,1.11.391,-,-,?,-,false,-
com.amazonaws,aws-java-sdk-opsworks,1.11.391,-,-,?,-,false,-
com.amazonaws,aws-java-sdk-opsworkscm,1.11.391,-,-,?,-,false,-
com.amazonaws,aws-java-sdk-organizations,1.11.391,-,-,?,-,false,-
com.amazonaws,aws-java-sdk-osgi,1.11.391,-,-,?,-,false,-
com.amazonaws,aws-java-sdk-pi,1.11.391,-,-,?,-,false,-
com.amazonaws,aws-java-sdk-pinpoint,1.11.391,-,-,?,-,false,-
com.amazonaws,aws-java-sdk-polly,1.11.391,-,-,?,-,false,-
com.amazonaws,aws-java-sdk-pricing,1.11.391,-,-,?,-,false,-
com.amazonaws,aws-java-sdk-rds,1.11.391,-,-,?,-,false,-
com.amazonaws,aws-java-sdk-redshift,1.11.391,-,-,?,-,false,-
com.amazonaws,aws-java-sdk-rekognition,1.11.391,-,-,?,-,false,-
com.amazonaws,aws-java-sdk-resourcegroups,1.11.391,-,-,?,-,false,-
com.amazonaws,aws-java-sdk-resourcegroupstaggingapi,1.11.391,-,-,?,-,false,-
com.amazonaws,aws-java-sdk-route53,1.11.391,-,-,?,-,false,-
com.amazonaws,aws-java-sdk-s3,1.11.391,-,-,?,-,false,-
com.amazonaws,aws-java-sdk-sagemaker,1.11.391,-,-,?,-,false,-
com.amazonaws,aws-java-sdk-sagemakerruntime,1.11.391,-,-,?,-,false,-
com.amazonaws,aws-java-sdk-secretsmanager,1.11.391,-,-,?,-,false,-
com.amazonaws,aws-java-sdk-serverlessapplicationrepository,1.11.391,-,-,?,-,false,-
com.amazonaws,aws-java-sdk-servermigration,1.11.391,-,-,?,-,false,-
com.amazonaws,aws-java-sdk-servicecatalog,1.11.391,-,-,?,-,false,-
com.amazonaws,aws-java-sdk-servicediscovery,1.11.391,-,-,?,-,false,-
com.amazonaws,aws-java-sdk-ses,1.11.391,-,-,?,-,false,-
com.amazonaws,aws-java-sdk-shield,1.11.391,-,-,?,-,false,-
com.amazonaws,aws-java-sdk-simpledb,1.11.391,-,-,?,-,false,-
com.amazonaws,aws-java-sdk-simpleworkflow,1.11.391,-,-,?,-,false,-
com.amazonaws,aws-java-sdk-snowball,1.11.391,-,-,?,-,false,-
com.amazonaws,aws-java-sdk-sns,1.11.391,-,-,?,-,false,-
com.amazonaws,aws-java-sdk-sqs,1.11.391,-,-,?,-,false,-
com.amazonaws,aws-java-sdk-ssm,1.11.391,-,-,?,-,false,-
com.amazonaws,aws-java-sdk-stepfunctions,1.11.391,-,-,?,-,false,-
com.amazonaws,aws-java-sdk-storagegateway,1.11.391,-,-,?,-,false,-
com.amazonaws,aws-java-sdk-sts,1.11.391,-,-,?,-,false,-
com.amazonaws,aws-java-sdk-support,1.11.391,-,-,?,-,false,-
com.amazonaws,aws-java-sdk-test-utils,1.11.391,-,-,?,-,false,-
com.amazonaws,aws-java-sdk-transcribe,1.11.391,-,-,?,-,false,-
com.amazonaws,aws-java-sdk-translate,1.11.391,-,-,?,-,false,-
com.amazonaws,aws-java-sdk-waf,1.11.391,-,-,?,-,false,-
com.amazonaws,aws-java-sdk-workdocs,1.11.391,-,-,?,-,false,-
com.amazonaws,aws-java-sdk-workmail,1.11.391,-,-,?,-,false,-
com.amazonaws,aws-java-sdk-workspaces,1.11.391,-,-,?,-,false,-
com.amazonaws,aws-java-sdk-xray,1.11.391,-,-,?,-,false,-
com.amazonaws,jmespath-java,1.11.391,-,-,?,-,false,-
com.applitools,eyes-common-java3,3.37,-,-,?,-,false,-
com.applitools,eyes-connectivity-java3-jersey2x,3.37,-,-,?,-,false,-
com.applitools,eyes-images-java3,3.37,-,-,?,-,false,-
com.applitools,eyes-sdk-core-java3,3.37,-,-,?,-,false,-
com.applitools,eyes-selenium-java3,3.37,-,-,?,-,false,-
com.google.apis,google-api-services-androidmanagement,v1-rev50-1.18.0-rc,-,-,?,-,false,-
com.google.apis,google-api-services-cloudshell,v1-rev54-1.24.1,-,-,?,-,false,-
com.google.apis,google-api-services-indexing,v3-rev7-1.24.1,-,-,?,-,false,-
com.google.apis,google-api-services-serviceusage,v1-rev39-1.24.1,-,-,?,-,false,-
com.google.apis,google-api-services-texttospeech,v1-rev4-1.24.1,-,-,?,-,false,-
com.hubspot.dropwizard,dropwizard-guicier,1.3.5.0,-,-,?,-,false,-
com.netflix.priam,priam,3.11.30,-,-,?,-,false,-
com.netflix.priam,priam-cass-extensions,3.11.30,-,-,?,-,false,-
com.netflix.priam,priam-dse-extensions,3.11.30,-,-,?,-,false,-
com.netflix.spectator,spectator-agent,0.74.3,com.netflix.spectator.agent,-,automatic,-,false,-
com.netflix.spectator,spectator-api,0.74.3,com.netflix.spectator.api,-,automatic,-,false,-
com.netflix.spectator,spectator-ext-aws,0.74.3,com.netflix.spectator.aws,-,automatic,-,false,-
com.netflix.spectator,spectator-ext-aws2,0.74.3,com.netflix.spectator.aws2,-,automatic,-,false,-
com.netflix.spectator,spectator-ext-gc,0.74.3,com.netflix.spectator.gc,-,automatic,-,false,-
com.netflix.spectator,spectator-ext-ipc,0.74.3,com.netflix.spectator.ipc,-,automatic,-,false,-
com.netflix.spectator,spectator-ext-ipcservlet,0.74.3,com.netflix.spectator.ipcservlet,-,automatic,-,false,-
com.netflix.spectator,spectator-ext-jvm,0.74.3,com.netflix.spectator.jvm,-,automatic,-,false,-
com.netflix.spectator,spectator-ext-log4j1,0.74.3,com.netflix.spectator.log4j1,-,automatic,-,false,-
com.netflix.spectator,spectator-ext-log4j2,0.74.3,com.netflix.spectator.log4j2,-,automatic,-,false,-
com.netflix.spectator,spectator-ext-placeholders,0.74.3,com.netflix.spectator.placeholders,-,automatic,-,false,-
com.netflix.spectator,spectator-ext-sandbox,0.74.3,com.netflix.spectator.sandbox,-,automatic,-,false,-
com.netflix.spectator,spectator-ext-spark,0.74.3,com.netflix.spectator.spark,-,automatic,-,false,-
com.netflix.spectator,spectator-nflx,0.74.3,com.netflix.spectator.nflx.governator,-,automatic,-,false,-
com.netflix.spectator,spectator-nflx-plugin,0.74.3,com.netflix.spectator.nflx,-,automatic,-,false,-
com.netflix.spectator,spectator-perf,0.74.3,com.netflix.spectator.perf,-,automatic,-,false,-
com.netflix.spectator,spectator-reg-atlas,0.74.3,com.netflix.spectator.atlas,-,automatic,-,false,-
com.netflix.spectator,spectator-reg-metrics3,0.74.3,com.netflix.spectator.metrics3,-,automatic,-,false,-
com.netflix.spectator,spectator-reg-servo,0.74.3,com.netflix.spectator.servo,-,automatic,-,false,-
com.netflix.spectator,spectator-reg-stateless,0.74.3,com.netflix.spectator.stateless,-,automatic,-,false,-
com.netflix.spectator,spectator-web-spring,0.74.3,com.netflix.spectator.spring,-,automatic,-,false,-
com.willowtreeapps.assertk,assertk-common,0.12,-,-,?,-,false,-
com.willowtreeapps.assertk,assertk-js,0.12,-,-,?,-,false,-
com.willowtreeapps.assertk,assertk-jvm,0.12,-,-,?,-,false,-
net.e6tech,elements-common,2.4.2,-,-,?,-,false,-
net.e6tech,elements-jmx,2.4.2,-,-,?,-,false,-
net.e6tech,elements-jobs,2.4.2,-,-,?,-,false,-
net.e6tech,elements-network,2.4.2,-,-,?,-,false,-
net.e6tech,elements-persist,2.4.2,-,-,?,-,false,-
net.e6tech,elements-persist-hibernate,2.4.2,-,-,?,-,false,-
net.e6tech,elements-rules,2.4.2,-,-,?,-,false,-
net.e6tech,elements-security,2.4.2,-,-,?,-,false,-
net.e6tech,elements-web,2.4.2,-,-,?,-,false,-
net.snowflake,spark-snowflake_2.11,2.4.4-spark_2.2,-,-,?,-,false,-
org.onosproject,onos-libgen,1.3,-,-,?,-,false,sun.misc.Unsafe                          See http://openjdk.java.net/jeps/260
org.ssldev,core,0.1,-,-,?,-,false,-
