groupId,artifactId,version,moduleName,moduleVersion,moduleMode,moduleDependencies,jdepsToolError,jdepsViolations
com.blazemeter,blazemeter-api-client,1.13,-,-,?,-,false,-
com.google.apis,google-api-services-firestore,v1-rev4-1.24.1,-,-,?,-,false,-
com.vip.vjtools,vjkit,1.0.5,-,-,?,-,false,sun.misc.Unsafe                          See http://openjdk.java.net/jeps/260
com.vip.vjtools,vjmap,1.0.5,-,-,?,-,false,-
com.vip.vjtools,vjmxcli,1.0.5,-,-,?,-,false,-
com.vip.vjtools,vjtop,1.0.5,-,-,?,-,false,sun.misc.Perf                            Removed. See http://openjdk.java.net/jeps/260
com.visenze,visearch-java-sdk,1.8.8,-,-,?,-,false,-
com.zyplayer,swagger-mg-ui,1.0.3,-,-,?,-,false,-
eu.payzen.sdk,payzen-ws-sdk,1.0.7,-,-,?,-,false,-
org.immutables,eventual,1,org.immutables.eventual,-,automatic,-,false,-
org.jpmml,jpmml-xgboost,1.3.3,-,-,?,-,false,-
org.talend.sdk.component,component-api,1.0.5,org.talend.sdk.component.api,-,automatic,-,false,-
