groupId,artifactId,version,moduleName,moduleVersion,moduleMode,moduleDependencies,jdepsToolError,jdepsViolations
com.bluenimble.serverless,bluenimble-jvm-sdk,2.2.0,-,-,?,-,false,-
com.bluenimble.serverless,bluenimble-server,2.2.0,-,-,?,-,false,-
com.cloudesire,janine-client,0.2.0,-,-,?,-,false,-
com.cloudesire.platform,cloudesire-api-client,1.0.0,-,-,?,-,false,-
com.cloudesire.platform,cmw-dto,1.0.0,-,-,?,-,false,-
com.cloudesire.platform,common-dto,1.0.0,-,-,?,-,false,-
com.cloudesire,tisana4j,1.0.0,-,-,?,-,false,-
com.h2database,h2,1.4.197,-,-,?,-,true,-
com.h2database,h2-mvstore,1.4.197,-,-,?,-,false,-
com.hazelcast,hazelcast-all,3.10.4,-,-,?,-,false,sun.misc.Unsafe                          See http://openjdk.java.net/jeps/260
com.hazelcast,hazelcast-azure,1.2.1,-,-,?,-,false,-
com.hazelcast,hazelcast-build-utils,3.10.4,-,-,?,-,false,-
com.hazelcast,hazelcast-client-legacy,3.6.8,-,-,?,-,false,-
com.hazelcast,hazelcast-client-protocol,1.7.0-4,-,-,?,-,false,-
com.hazelcast,hazelcast-cloud,3.6.8,-,-,?,-,false,-
com.hazelcast,hazelcast-eureka-one,1.0.2,-,-,?,-,false,-
com.hazelcast,hazelcast-hibernate3,3.8.2,-,-,?,-,false,sun.misc.Unsafe                          See http://openjdk.java.net/jeps/260
com.hazelcast,hazelcast-hibernate4,3.8.2,-,-,?,-,false,sun.misc.Unsafe                          See http://openjdk.java.net/jeps/260
com.hazelcast,hazelcast-hibernate5,1.2.3,-,-,?,-,false,-
com.hazelcast,hazelcast-hibernate52,1.2.3,-,-,?,-,false,-
com.hazelcast,hazelcast-jca,3.7.1,-,-,?,-,false,-
com.hazelcast,hazelcast-jclouds,3.7.2,-,-,?,-,false,-
com.hazelcast,hazelcast-kubernetes,1.1.0,-,-,?,-,false,-
com.hazelcast,hazelcast-spark,0.2,-,-,?,-,false,-
com.hazelcast,hazelcast-tomcat6-sessionmanager,1.1.3,-,-,?,-,false,-
com.hazelcast,hazelcast-tomcat85-sessionmanager,1.1.3,-,-,?,-,false,-
com.hazelcast,hazelcast-tomcat8-sessionmanager,1.1.3,-,-,?,-,false,-
com.hazelcast,hazelcast-wm,3.8.3,-,-,?,-,false,-
com.hazelcast,hazelcast-zookeeper,3.6.3,-,-,?,-,false,-
com.hazelcast.jet,hazelcast-jet-client-protocol,0.6.1,-,-,?,-,false,-
com.hazelcast.jet,hazelcast-jet-distribution,0.6.1,-,-,?,-,false,-
com.hazelcast.jet,hazelcast-jet-kafka,0.6.1,com.hazelcast.jet.kafka,-,automatic,-,false,-
com.hazelcast.simulator,archetype,0.9.9,-,-,?,-,false,-
com.hazelcast.simulator,simulator,0.9.9,-,-,?,-,false,-
com.hazelcast.simulator,tests-common,0.9.9,-,-,?,-,false,-
com.hazelcast.simulator,tests-hz310,0.9.9,-,-,?,-,false,-
com.hazelcast.simulator,tests-hz35,0.9.9,-,-,?,-,false,-
com.hazelcast.simulator,tests-hz36,0.9.9,-,-,?,-,false,-
com.hazelcast.simulator,tests-hz37,0.9.9,-,-,?,-,false,-
com.hazelcast.simulator,tests-hz38,0.9.9,-,-,?,-,false,-
com.hazelcast.simulator,tests-hz39,0.9.9,-,-,?,-,false,-
com.hazelcast.simulator,utils,0.8.6,-,-,?,-,false,-
com.hazelcast,spring-data-hazelcast,2.0,-,-,automatic,-,false,-
com.jsmartframework,jsmart-web,3.0.8,-,-,?,-,false,-
com.julienviet,childprocess-vertx-ext,1.2.2,-,-,?,-,false,-
com.julienviet,reactive-pg-client,0.6.0,-,-,?,-,false,-
com.julienviet,retrofit-vertx,1.1.2,-,-,?,-,false,-
com.julienviet,vertx-pg-client,0.3.0,-,-,?,-,false,-
com.lbayer,appup,0.1.12,-,-,?,-,false,-
com.maihaoche,spring-boot-starter-rocketmq,0.1.0,-,-,?,-,false,-
com.megaport.api,client,1.4.21,-,-,?,-,false,-
com.qantium,net,1.5,-,-,?,-,false,-
com.qantium,uisteps-allure,5.0.8,-,-,?,-,false,-
com.qantium,uisteps-core,5.0.8,-,-,?,-,false,-
com.staffbase,plugins-sdk-java,1.1.1,-,-,?,-,false,-
com.ullink.gradle,gradle-ikvm-plugin,2.9,-,-,?,-,false,-
com.ullink.gradle,gradle-msbuild-plugin,2.18,-,-,?,-,false,-
com.ullink.gradle,gradle-nunit-plugin,1.11,-,-,?,-,false,-
com.ullink.slack,simpleslackapi,1.2.0,-,-,?,-,false,-
com.vip.saturn,saturn-console,3.1.1,-,-,?,-,false,-
com.vip.saturn,saturn-console-core,3.1.1,-,-,?,-,false,-
com.vip.saturn,saturn-core,3.1.1,-,-,?,-,false,sun.misc.Signal                          See http://openjdk.java.net/jeps/260 + sun.misc.SignalHandler                   See http://openjdk.java.net/jeps/260
com.vip.saturn,saturn-embed,3.1.1,-,-,?,-,false,-
com.vip.saturn,saturn-integrate,3.1.1,-,-,?,-,false,-
com.vip.saturn,saturn-it,3.1.1,-,-,?,-,false,-
