groupId,artifactId,version,moduleName,moduleVersion,moduleMode,moduleDependencies,jdepsToolError,jdepsViolations
ch.rabanti,nanoxlsx4j,1.2.4,-,-,?,-,false,-
ch.rabanti,picoxlsx4j,2.5.2,-,-,?,-,false,-
com.amazonaws,aws-java-sdk,1.11.395,-,-,?,-,false,-
com.amazonaws,aws-java-sdk-acm,1.11.395,-,-,?,-,false,-
com.amazonaws,aws-java-sdk-acmpca,1.11.395,-,-,?,-,false,-
com.amazonaws,aws-java-sdk-alexaforbusiness,1.11.395,-,-,?,-,false,-
com.amazonaws,aws-java-sdk-api-gateway,1.11.395,-,-,?,-,false,-
com.amazonaws,aws-java-sdk-applicationautoscaling,1.11.395,-,-,?,-,false,-
com.amazonaws,aws-java-sdk-appstream,1.11.395,-,-,?,-,false,-
com.amazonaws,aws-java-sdk-appsync,1.11.395,-,-,?,-,false,-
com.amazonaws,aws-java-sdk-athena,1.11.395,-,-,?,-,false,-
com.amazonaws,aws-java-sdk-autoscaling,1.11.395,-,-,?,-,false,-
com.amazonaws,aws-java-sdk-autoscalingplans,1.11.395,-,-,?,-,false,-
com.amazonaws,aws-java-sdk-batch,1.11.395,-,-,?,-,false,-
com.amazonaws,aws-java-sdk-budgets,1.11.395,-,-,?,-,false,-
com.amazonaws,aws-java-sdk-bundle,1.11.395,-,-,?,-,false,sun.misc.Unsafe                          See http://openjdk.java.net/jeps/260 + sun.security.x509.X500Name               Use javax.security.auth.x500.X500Principal @since 1.4
com.amazonaws,aws-java-sdk-cloud9,1.11.395,-,-,?,-,false,-
com.amazonaws,aws-java-sdk-clouddirectory,1.11.395,-,-,?,-,false,-
com.amazonaws,aws-java-sdk-cloudformation,1.11.395,-,-,?,-,false,-
com.amazonaws,aws-java-sdk-cloudfront,1.11.395,-,-,?,-,false,-
com.amazonaws,aws-java-sdk-cloudhsm,1.11.395,-,-,?,-,false,-
com.amazonaws,aws-java-sdk-cloudhsmv2,1.11.395,-,-,?,-,false,-
com.amazonaws,aws-java-sdk-cloudsearch,1.11.395,-,-,?,-,false,-
com.amazonaws,aws-java-sdk-cloudtrail,1.11.395,-,-,?,-,false,-
com.amazonaws,aws-java-sdk-cloudwatch,1.11.395,-,-,?,-,false,-
com.amazonaws,aws-java-sdk-cloudwatchmetrics,1.11.395,-,-,?,-,false,-
com.amazonaws,aws-java-sdk-codebuild,1.11.395,-,-,?,-,false,-
com.amazonaws,aws-java-sdk-codecommit,1.11.395,-,-,?,-,false,-
com.amazonaws,aws-java-sdk-codedeploy,1.11.395,-,-,?,-,false,-
com.amazonaws,aws-java-sdk-code-generator,1.11.395,-,-,?,-,false,-
com.amazonaws,aws-java-sdk-codegen-maven-plugin,1.11.395,-,-,?,-,false,-
com.amazonaws,aws-java-sdk-codepipeline,1.11.395,-,-,?,-,false,-
com.amazonaws,aws-java-sdk-codestar,1.11.395,-,-,?,-,false,-
com.amazonaws,aws-java-sdk-cognitoidentity,1.11.395,-,-,?,-,false,-
com.amazonaws,aws-java-sdk-cognitoidp,1.11.395,-,-,?,-,false,-
com.amazonaws,aws-java-sdk-cognitosync,1.11.395,-,-,?,-,false,-
com.amazonaws,aws-java-sdk-comprehend,1.11.395,-,-,?,-,false,-
com.amazonaws,aws-java-sdk-config,1.11.395,-,-,?,-,false,-
com.amazonaws,aws-java-sdk-connect,1.11.395,-,-,?,-,false,-
com.amazonaws,aws-java-sdk-core,1.11.395,-,-,?,-,false,-
com.amazonaws,aws-java-sdk-costandusagereport,1.11.395,-,-,?,-,false,-
com.amazonaws,aws-java-sdk-costexplorer,1.11.395,-,-,?,-,false,-
com.amazonaws,aws-java-sdk-datapipeline,1.11.395,-,-,?,-,false,-
com.amazonaws,aws-java-sdk-dax,1.11.395,-,-,?,-,false,-
com.amazonaws,aws-java-sdk-devicefarm,1.11.395,-,-,?,-,false,-
com.amazonaws,aws-java-sdk-directconnect,1.11.395,-,-,?,-,false,-
com.amazonaws,aws-java-sdk-directory,1.11.395,-,-,?,-,false,-
com.amazonaws,aws-java-sdk-discovery,1.11.395,-,-,?,-,false,-
com.amazonaws,aws-java-sdk-dlm,1.11.395,-,-,?,-,false,-
com.amazonaws,aws-java-sdk-dms,1.11.395,-,-,?,-,false,-
com.amazonaws,aws-java-sdk-dynamodb,1.11.395,-,-,?,-,false,-
com.amazonaws,aws-java-sdk-ec2,1.11.395,-,-,?,-,false,-
com.amazonaws,aws-java-sdk-ecr,1.11.395,-,-,?,-,false,-
com.amazonaws,aws-java-sdk-ecs,1.11.395,-,-,?,-,false,-
com.amazonaws,aws-java-sdk-efs,1.11.395,-,-,?,-,false,-
com.amazonaws,aws-java-sdk-eks,1.11.395,-,-,?,-,false,-
com.amazonaws,aws-java-sdk-elasticache,1.11.395,-,-,?,-,false,-
com.amazonaws,aws-java-sdk-elasticbeanstalk,1.11.395,-,-,?,-,false,-
com.amazonaws,aws-java-sdk-elasticloadbalancing,1.11.395,-,-,?,-,false,-
com.amazonaws,aws-java-sdk-elasticloadbalancingv2,1.11.395,-,-,?,-,false,-
com.amazonaws,aws-java-sdk-elasticsearch,1.11.395,-,-,?,-,false,-
com.amazonaws,aws-java-sdk-elastictranscoder,1.11.395,-,-,?,-,false,-
com.amazonaws,aws-java-sdk-emr,1.11.395,-,-,?,-,false,-
com.amazonaws,aws-java-sdk-events,1.11.395,-,-,?,-,false,-
com.amazonaws,aws-java-sdk-fms,1.11.395,-,-,?,-,false,-
com.amazonaws,aws-java-sdk-gamelift,1.11.395,-,-,?,-,false,-
com.amazonaws,aws-java-sdk-glacier,1.11.395,-,-,?,-,false,-
com.amazonaws,aws-java-sdk-glue,1.11.395,-,-,?,-,false,-
com.amazonaws,aws-java-sdk-greengrass,1.11.395,-,-,?,-,false,-
com.amazonaws,aws-java-sdk-guardduty,1.11.395,-,-,?,-,false,-
com.amazonaws,aws-java-sdk-health,1.11.395,-,-,?,-,false,-
com.amazonaws,aws-java-sdk-iam,1.11.395,-,-,?,-,false,-
com.amazonaws,aws-java-sdk-importexport,1.11.395,-,-,?,-,false,-
com.amazonaws,aws-java-sdk-inspector,1.11.395,-,-,?,-,false,-
com.amazonaws,aws-java-sdk-iot,1.11.395,-,-,?,-,false,-
com.amazonaws,aws-java-sdk-iot1clickdevices,1.11.395,-,-,?,-,false,-
com.amazonaws,aws-java-sdk-iot1clickprojects,1.11.395,-,-,?,-,false,-
com.amazonaws,aws-java-sdk-iotanalytics,1.11.395,-,-,?,-,false,-
com.amazonaws,aws-java-sdk-iotjobsdataplane,1.11.395,-,-,?,-,false,-
com.amazonaws,aws-java-sdk-kinesis,1.11.395,-,-,?,-,false,-
com.amazonaws,aws-java-sdk-kinesisvideo,1.11.395,-,-,?,-,false,-
com.amazonaws,aws-java-sdk-kms,1.11.395,-,-,?,-,false,-
com.amazonaws,aws-java-sdk-lambda,1.11.395,-,-,?,-,false,-
com.amazonaws,aws-java-sdk-lex,1.11.395,-,-,?,-,false,-
com.amazonaws,aws-java-sdk-lexmodelbuilding,1.11.395,-,-,?,-,false,-
com.amazonaws,aws-java-sdk-lightsail,1.11.395,-,-,?,-,false,-
com.amazonaws,aws-java-sdk-logs,1.11.395,-,-,?,-,false,-
com.amazonaws,aws-java-sdk-machinelearning,1.11.395,-,-,?,-,false,-
com.amazonaws,aws-java-sdk-macie,1.11.395,-,-,?,-,false,-
com.amazonaws,aws-java-sdk-marketplacecommerceanalytics,1.11.395,-,-,?,-,false,-
com.amazonaws,aws-java-sdk-marketplaceentitlement,1.11.395,-,-,?,-,false,-
com.amazonaws,aws-java-sdk-marketplacemeteringservice,1.11.395,-,-,?,-,false,-
com.amazonaws,aws-java-sdk-mechanicalturkrequester,1.11.395,-,-,?,-,false,-
com.amazonaws,aws-java-sdk-mediaconvert,1.11.395,-,-,?,-,false,-
com.amazonaws,aws-java-sdk-medialive,1.11.395,-,-,?,-,false,-
com.amazonaws,aws-java-sdk-mediapackage,1.11.395,-,-,?,-,false,-
com.amazonaws,aws-java-sdk-mediastore,1.11.395,-,-,?,-,false,-
com.amazonaws,aws-java-sdk-mediastoredata,1.11.395,-,-,?,-,false,-
com.amazonaws,aws-java-sdk-mediatailor,1.11.395,-,-,?,-,false,-
com.amazonaws,aws-java-sdk-migrationhub,1.11.395,-,-,?,-,false,-
com.amazonaws,aws-java-sdk-mobile,1.11.395,-,-,?,-,false,-
com.amazonaws,aws-java-sdk-models,1.11.395,-,-,?,-,false,-
com.amazonaws,aws-java-sdk-mq,1.11.395,-,-,?,-,false,-
com.amazonaws,aws-java-sdk-neptune,1.11.395,-,-,?,-,false,-
com.amazonaws,aws-java-sdk-opensdk,1.11.395,-,-,?,-,false,-
com.amazonaws,aws-java-sdk-opsworks,1.11.395,-,-,?,-,false,-
com.amazonaws,aws-java-sdk-opsworkscm,1.11.395,-,-,?,-,false,-
com.amazonaws,aws-java-sdk-organizations,1.11.395,-,-,?,-,false,-
com.amazonaws,aws-java-sdk-osgi,1.11.395,-,-,?,-,false,-
com.amazonaws,aws-java-sdk-pi,1.11.395,-,-,?,-,false,-
com.amazonaws,aws-java-sdk-pinpoint,1.11.395,-,-,?,-,false,-
com.amazonaws,aws-java-sdk-polly,1.11.395,-,-,?,-,false,-
com.amazonaws,aws-java-sdk-pricing,1.11.395,-,-,?,-,false,-
com.amazonaws,aws-java-sdk-rds,1.11.395,-,-,?,-,false,-
com.amazonaws,aws-java-sdk-redshift,1.11.395,-,-,?,-,false,-
com.amazonaws,aws-java-sdk-rekognition,1.11.395,-,-,?,-,false,-
com.amazonaws,aws-java-sdk-resourcegroups,1.11.395,-,-,?,-,false,-
com.amazonaws,aws-java-sdk-resourcegroupstaggingapi,1.11.395,-,-,?,-,false,-
com.amazonaws,aws-java-sdk-route53,1.11.395,-,-,?,-,false,-
com.amazonaws,aws-java-sdk-s3,1.11.395,-,-,?,-,false,-
com.amazonaws,aws-java-sdk-sagemaker,1.11.395,-,-,?,-,false,-
com.amazonaws,aws-java-sdk-sagemakerruntime,1.11.395,-,-,?,-,false,-
com.amazonaws,aws-java-sdk-secretsmanager,1.11.395,-,-,?,-,false,-
com.amazonaws,aws-java-sdk-serverlessapplicationrepository,1.11.395,-,-,?,-,false,-
com.amazonaws,aws-java-sdk-servermigration,1.11.395,-,-,?,-,false,-
com.amazonaws,aws-java-sdk-servicecatalog,1.11.395,-,-,?,-,false,-
com.amazonaws,aws-java-sdk-servicediscovery,1.11.395,-,-,?,-,false,-
com.amazonaws,aws-java-sdk-ses,1.11.395,-,-,?,-,false,-
com.amazonaws,aws-java-sdk-shield,1.11.395,-,-,?,-,false,-
com.amazonaws,aws-java-sdk-simpledb,1.11.395,-,-,?,-,false,-
com.amazonaws,aws-java-sdk-simpleworkflow,1.11.395,-,-,?,-,false,-
com.amazonaws,aws-java-sdk-snowball,1.11.395,-,-,?,-,false,-
com.amazonaws,aws-java-sdk-sns,1.11.395,-,-,?,-,false,-
com.amazonaws,aws-java-sdk-sqs,1.11.395,-,-,?,-,false,-
com.amazonaws,aws-java-sdk-ssm,1.11.395,-,-,?,-,false,-
com.amazonaws,aws-java-sdk-stepfunctions,1.11.395,-,-,?,-,false,-
com.amazonaws,aws-java-sdk-storagegateway,1.11.395,-,-,?,-,false,-
com.amazonaws,aws-java-sdk-sts,1.11.395,-,-,?,-,false,-
com.amazonaws,aws-java-sdk-support,1.11.395,-,-,?,-,false,-
com.amazonaws,aws-java-sdk-test-utils,1.11.395,-,-,?,-,false,-
com.amazonaws,aws-java-sdk-transcribe,1.11.395,-,-,?,-,false,-
com.amazonaws,aws-java-sdk-translate,1.11.395,-,-,?,-,false,-
com.amazonaws,aws-java-sdk-waf,1.11.395,-,-,?,-,false,-
com.amazonaws,aws-java-sdk-workdocs,1.11.395,-,-,?,-,false,-
com.amazonaws,aws-java-sdk-workmail,1.11.395,-,-,?,-,false,-
com.amazonaws,aws-java-sdk-workspaces,1.11.395,-,-,?,-,false,-
com.amazonaws,aws-java-sdk-xray,1.11.395,-,-,?,-,false,-
com.amazonaws,jmespath-java,1.11.395,-,-,?,-,false,-
com.beimin,eveapi,7.0.4,-,-,?,-,false,-
com.dangdang,config-toolkit,3.3.2-RELEASE,-,-,?,-,false,-
com.dangdang,elastic-job-cloud-executor,2.1.5,-,-,?,-,false,-
com.dangdang,elastic-job-cloud-scheduler,2.1.5,-,-,?,-,false,-
com.dangdang,elastic-job-common-core,2.1.5,-,-,?,-,false,-
com.dangdang,elastic-job-common-restful,2.1.5,-,-,?,-,false,-
com.dangdang,elastic-job-lite-console,2.1.5,-,-,?,-,false,-
com.dangdang,elastic-job-lite-core,2.1.5,-,-,?,-,false,-
com.dangdang,elastic-job-lite-lifecycle,2.1.5,-,-,?,-,false,-
com.dangdang,elastic-job-lite-spring,2.1.5,-,-,?,-,false,-
com.dangdang,sharding-jdbc-config-common,1.5.4.1,-,-,?,-,false,-
com.dangdang,sharding-jdbc-config-spring,1.5.4.1,-,-,?,-,false,-
com.dangdang,sharding-jdbc-config-yaml,1.5.4.1,-,-,?,-,false,-
com.dangdang,sharding-jdbc-core,1.5.4.1,-,-,?,-,false,-
com.dangdang,sharding-jdbc-self-id-generator,1.4.2,-,-,?,-,false,-
com.dangdang,sharding-jdbc-transaction,1.5.4.1,-,-,?,-,false,-
com.dangdang,sharding-jdbc-transaction-async-job,1.5.4.1,-,-,?,-,false,-
com.dangdang,sharding-jdbc-transaction-storage,1.5.4.1,-,-,?,-,false,-
com.eduworks,cass.adapter,2.2.5,-,-,?,-,false,-
com.eduworks,cass.competency,2.2.5,-,-,?,-,false,-
com.eduworks,cass.import,2.2.5,-,-,?,-,false,-
com.eduworks,cass.rollup,2.2.5,-,-,?,-,false,-
com.eduworks,cass.rollup.ctdl,2.2.5,-,-,?,-,false,-
com.eduworks,cfd.competency,2.2.5,-,-,?,-,false,-
com.eduworks,com.eduworks.schema,2.2.5,-,-,?,-,false,-
com.eduworks,ebac.identity,2.2.5,-,-,?,-,false,-
com.eduworks,ebac.repository,2.2.5,-,-,?,-,false,-
com.eduworks,ec.base,2.2.5,-,-,?,-,false,-
com.eduworks,ec.crypto,2.2.5,-,-,?,-,false,-
com.eduworks,ec.service.task,2.2.5,-,-,?,-,false,-
com.eduworks,ec.service.user,2.2.5,-,-,?,-,false,-
com.eduworks,ec.task,2.2.5,-,-,?,-,false,-
com.eduworks,ec.ui.framework,2.2.5,-,-,?,-,false,-
com.eduworks,ew.common,5.14.1,-,-,?,-,false,sun.misc.GC                              Removed. See http://openjdk.java.net/jeps/260
com.eduworks,ew.db.couchdb,5.14.1,-,-,?,-,false,-
com.eduworks,ew.db.mapdb,5.14.1,-,-,?,-,false,-
com.eduworks,ew.distributed,5.14.1,-,-,?,-,false,-
com.eduworks,ew.image,5.14.1,-,-,?,-,false,-
com.eduworks,ew.levr.base,5.14.1,-,-,?,-,false,-
com.eduworks,ew.levr.code,5.14.1,-,-,?,-,false,-
com.eduworks,ew.levr.core,5.14.1,-,-,?,-,false,-
com.eduworks,ew.levr.db.couchbase,5.14.1,-,-,?,-,false,-
com.eduworks,ew.levr.db.couchdb,5.14.1,-,-,?,-,false,-
com.eduworks,ew.levr.db.mapdb,5.14.1,-,-,?,-,false,-
com.eduworks,ew.levr.db.skyrepo,5.14.1,-,-,?,-,false,-
com.eduworks,ew.levr.db.sql,5.14.1,-,-,?,-,false,-
com.eduworks,ew.levr.distributed,5.14.1,-,-,?,-,false,-
com.eduworks,ew.levr.ebac.skyid,5.14.1,-,-,?,-,false,-
com.eduworks,ew.levr.lang.english,5.14.1,-,-,?,-,false,-
com.eduworks,ew.levr.net,5.14.1,-,-,?,-,false,-
com.eduworks,ew.levr.ontology,5.14.1,-,-,?,-,false,-
com.eduworks,ew.levr.rdf,5.14.1,-,-,?,-,false,-
com.eduworks,ew.levr.security,5.14.1,-,-,?,-,false,-
com.eduworks,ew.levr.service.dropbox,5.14.1,-,-,?,-,false,-
com.eduworks,ew.levr.service.paypal,5.14.1,-,-,?,-,false,-
com.eduworks,ew.levr.service.solr,5.14.1,-,-,?,-,false,-
com.eduworks,ew.ontology,5.14.1,-,-,?,-,false,-
com.eduworks,kbac.skyrepo,2.2.5,-,-,?,-,false,-
com.eduworks,org.angles.schema.angles,2.2.5,-,-,?,-,false,-
com.eduworks,org.cassproject.schema.cass,2.2.5,-,-,?,-,false,-
com.eduworks,org.cassproject.schema.ebac,2.2.5,-,-,?,-,false,-
com.eduworks,org.cassproject.schema.general,2.2.5,-,-,?,-,false,-
com.eduworks,org.credentialengine,2.2.5,-,-,?,-,false,-
com.eduworks,org.json-ld,2.2.5,-,-,?,-,false,-
com.eduworks,org.schema,2.2.5,-,-,?,-,false,-
com.eduworks,org.w3.skos,2.2.5,-,-,?,-,false,-
com.eduworks,pebl.eXtension,1.1.1,-,-,?,-,false,-
com.eduworks,pebl.eXtension.schema,2.2.5,-,-,?,-,false,-
com.eed3si9n,bridge_2.10,0.4.3,-,-,?,-,false,-
com.eed3si9n,bridge_2.11,0.4.3,-,-,?,-,false,-
com.eed3si9n,bridge_2.12,0.4.3,-,-,?,-,false,-
com.eed3si9n,bridge_2.13.0-M2,0.4.3,-,-,?,-,false,-
com.eed3si9n.expecty,expecty_2.10,0.11.0,-,-,?,-,false,-
com.eed3si9n.expecty,expecty_2.11,0.11.0,-,-,?,-,false,-
com.eed3si9n.expecty,expecty_2.12,0.11.0,-,-,?,-,false,-
com.eed3si9n.expecty,expecty_2.13.0-M4,0.11.0,-,-,?,-,false,-
com.eed3si9n.expecty,expecty_native0.3_2.11,0.11.0,-,-,?,-,false,-
com.eed3si9n.expecty,expecty_sjs0.6_2.10,0.11.0,-,-,?,-,false,-
com.eed3si9n.expecty,expecty_sjs0.6_2.11,0.11.0,-,-,?,-,false,-
com.eed3si9n.expecty,expecty_sjs0.6_2.12,0.11.0,-,-,?,-,false,-
com.eed3si9n,gigahorse-akka-http_2.11,0.3.1,-,-,?,-,false,-
com.eed3si9n,gigahorse-akka-http_2.12,0.3.1,-,-,?,-,false,-
com.eed3si9n,gigahorse-asynchttpclient_2.11,0.3.1,-,-,?,-,false,-
com.eed3si9n,gigahorse-asynchttpclient_2.12,0.3.1,-,-,?,-,false,-
com.eed3si9n,gigahorse-core_2.10,0.3.1,-,-,?,-,false,-
com.eed3si9n,gigahorse-core_2.11,0.3.1,-,-,?,-,false,-
com.eed3si9n,gigahorse-core_2.12,0.3.1,-,-,?,-,false,-
com.eed3si9n,gigahorse-github_2.10,gigahorse0.3.1_0.2.0,-,-,?,-,false,sun.misc.BASE64Decoder                   Use java.util.Base64 @since 1.8
com.eed3si9n,gigahorse-github_2.11,gigahorse0.3.1_0.2.0,-,-,?,-,false,sun.misc.BASE64Decoder                   Use java.util.Base64 @since 1.8
com.eed3si9n,gigahorse-github_2.12,gigahorse0.3.1_0.2.0,-,-,?,-,false,sun.misc.BASE64Decoder                   Use java.util.Base64 @since 1.8
com.eed3si9n,gigahorse-okhttp_2.10,0.3.1,-,-,?,-,false,-
com.eed3si9n,gigahorse-okhttp_2.11,0.3.1,-,-,?,-,false,-
com.eed3si9n,gigahorse-okhttp_2.12,0.3.1,-,-,?,-,false,-
com.eed3si9n,shaded-asynchttpclient,0.3.1,-,-,?,-,false,sun.misc.Unsafe                          See http://openjdk.java.net/jeps/260 + sun.security.x509.X500Name               Use javax.security.auth.x500.X500Principal @since 1.4
com.eed3si9n,shaded-scalajson_2.10,1.0.0-M4,-,-,?,-,false,-
com.eed3si9n,shaded-scalajson_2.11,1.0.0-M4,-,-,?,-,false,-
com.eed3si9n,shaded-scalajson_2.12,1.0.0-M4,-,-,?,-,false,-
com.eed3si9n,shaded-scalajson_2.13.0-M2,1.0.0-M4,-,-,?,-,false,-
com.eed3si9n,shaded-scalajson_sjs0.6_2.11,1.0.0-M4,-,-,?,-,false,-
com.eed3si9n,shaded-scalajson_sjs0.6_2.12,1.0.0-M4,-,-,?,-,false,-
com.eed3si9n,shaded-scalajson_sjs0.6_2.13.0-M2,1.0.0-M4,-,-,?,-,false,-
com.eed3si9n,sjson-new-core_2.10,0.8.2,-,-,?,-,false,-
com.eed3si9n,sjson-new-core_2.11,0.8.2,-,-,?,-,false,-
com.eed3si9n,sjson-new-core_2.12,0.8.2,-,-,?,-,false,-
com.eed3si9n,sjson-new-msgpack_2.10,0.8.2,-,-,?,-,false,-
com.eed3si9n,sjson-new-msgpack_2.11,0.8.2,-,-,?,-,false,-
com.eed3si9n,sjson-new-msgpack_2.12,0.8.2,-,-,?,-,false,-
com.eed3si9n,sjson-new-murmurhash_2.10,0.8.2,-,-,?,-,false,-
com.eed3si9n,sjson-new-murmurhash_2.11,0.8.2,-,-,?,-,false,-
com.eed3si9n,sjson-new-murmurhash_2.12,0.8.2,-,-,?,-,false,-
com.eed3si9n,sjson-new-scalajson_2.10,0.8.2,-,-,?,-,false,-
com.eed3si9n,sjson-new-scalajson_2.11,0.8.2,-,-,?,-,false,-
com.eed3si9n,sjson-new-scalajson_2.12,0.8.2,-,-,?,-,false,-
com.eed3si9n,sjson-new-spray_2.10,0.8.2,-,-,?,-,false,-
com.eed3si9n,sjson-new-spray_2.11,0.8.2,-,-,?,-,false,-
com.eed3si9n,sjson-new-spray_2.12,0.8.2,-,-,?,-,false,-
com.eed3si9n,treehugger_2.10,0.4.3,-,-,?,-,false,-
com.eed3si9n,treehugger_2.11,0.4.3,-,-,?,-,false,-
com.eed3si9n,treehugger_2.12,0.4.3,-,-,?,-,false,-
com.eed3si9n,treehugger_2.13.0-M2,0.4.3,-,-,?,-,false,-
com.electronwill,nbj,3.1.0,-,-,?,-,false,-
com.electronwill.night-config,core,3.4.0,-,-,?,-,false,-
com.electronwill.night-config,hocon,3.4.0,-,-,?,-,false,-
com.electronwill.night-config,json,3.4.0,-,-,?,-,false,-
com.electronwill.night-config,toml,3.4.0,-,-,?,-,false,-
com.electronwill.night-config,yaml,3.4.0,-,-,?,-,false,-
com.electronwill,niol_2.12,1.5.5,-,-,?,-,false,sun.misc.Cleaner                         Use java.lang.ref.PhantomReference @since 1.2 or java.lang.ref.Cleaner @since 9
com.forest10,forest10-tool,1.0.5,-,-,?,-,false,-
com.github.dkhalansky,paradisenglib_2.12,0.1.1,-,-,?,-,false,-
com.github.dkhalansky,paradisengplugin_2.12,0.1.1,-,-,?,-,false,sun.misc.Unsafe                          See http://openjdk.java.net/jeps/260
com.github.mideo,sssh_2.12,0.0.3,-,-,?,-,false,-
com.google.apis,google-api-services-cloudprofiler,v2-rev7-1.25.0,-,-,?,-,false,-
com.google.apis,google-api-services-compute,v1-rev195-1.25.0,-,-,?,-,false,-
com.google.apis,google-api-services-dataflow,v1b4-rev7-1.20.0,-,-,?,-,false,-
com.google.apis,google-api-services-dataproc,v1-rev102-1.25.0,-,-,?,-,false,-
com.google.apis,google-api-services-datastore,v1-rev61-1.25.0,-,-,?,-,false,-
com.google.apis,google-api-services-deploymentmanager,v2-rev69-1.25.0,-,-,?,-,false,-
com.google.apis,google-api-services-dfareporting,v3.2-rev2-1.25.0,-,-,?,-,false,-
com.google.apis,google-api-services-dialogflow,v2-rev31-1.25.0,-,-,?,-,false,-
com.google.apis,google-api-services-digitalassetlinks,v1-rev20-1.25.0,-,-,?,-,false,-
com.google.apis,google-api-services-discovery,v1-rev67-1.25.0,-,-,?,-,false,-
com.google.apis,google-api-services-dlp,v2-rev29-1.25.0,-,-,?,-,false,-
com.google.apis,google-api-services-dns,v2beta1-rev75-1.25.0,-,-,?,-,false,-
com.google.apis,google-api-services-doubleclickbidmanager,v1-rev57-1.25.0,-,-,?,-,false,-
com.google.apis,google-api-services-doubleclicksearch,v2-rev188-1.25.0,-,-,?,-,false,-
com.google.apis,google-api-services-drive,v3-rev127-1.25.0,-,-,?,-,false,-
com.interswitch,b2c-billers,0.0.1,-,-,?,-,false,-
com.interswitch,interswitch-java,0.0.2,-,-,?,-,false,-
com.liferay,com.liferay.dynamic.data.mapping.api,3.8.8,-,-,?,-,false,-
com.liferay,com.liferay.osgi.util,3.0.6,-,-,?,-,false,-
com.liferay,com.liferay.portal.log4j.extender,2.0.3,-,-,?,-,false,-
com.liferay,com.liferay.portal.osgi.web.portlet.tracker,2.0.5,-,-,?,-,false,-
com.liferay,com.liferay.portal.osgi.web.servlet.jsp.compiler,2.0.12,-,-,?,-,false,-
com.liferay,com.liferay.portal.osgi.web.wab.extender,2.0.13,-,-,?,-,false,-
com.liferay,com.liferay.registry.impl,1.0.3,-,-,?,-,false,-
com.liferay,com.liferay.roles.admin.web,1.0.14,-,-,?,-,false,-
com.liferay,com.liferay.rss.web,2.1.3,-,-,?,-,false,-
com.liferay,com.liferay.screens.service,1.0.14,-,-,?,-,false,-
com.liferay,com.liferay.server.admin.web,1.0.10,-,-,?,-,false,-
com.liferay,com.liferay.server.manager,1.0.3,-,-,?,-,false,-
com.liferay,com.liferay.site.admin.web,1.0.14,-,-,?,-,false,-
com.liferay,com.liferay.site.item.selector.web,2.0.6,-,-,?,-,false,-
com.liferay,com.liferay.site.memberships.web,1.0.14,-,-,?,-,false,-
com.liferay,com.liferay.site.navigation.site.map.web,2.0.4,-,-,?,-,false,-
com.liferay,com.liferay.staging.configuration.web,1.0.7,-,-,?,-,false,-
com.liferay,com.liferay.staging.security,2.0.13,-,-,?,-,false,-
com.liferay,com.liferay.staging.taglib,3.1.6,-,-,?,-,false,-
com.liferay,com.liferay.sync.service,1.3.3,-,-,?,-,false,-
com.liferay,com.liferay.trash.web,1.0.10,-,-,?,-,false,-
com.liferay,com.liferay.user.groups.admin.web,1.0.9,-,-,?,-,false,-
com.liferay,com.liferay.users.admin.web,2.0.13,-,-,?,-,false,-
com.liferay,com.liferay.weather.web,1.0.2,-,-,?,-,false,-
com.liferay,com.liferay.web.form.web,1.0.5,-,-,?,-,false,-
com.liferay,com.liferay.websocket.whiteboard,1.0.1,-,-,?,-,false,-
com.liferay,com.liferay.wiki.engine.creole,2.0.7,-,-,?,-,false,-
com.liferay,com.liferay.wiki.service,1.2.14,-,-,?,-,false,-
com.liferay,com.liferay.wiki.web,2.1.9,-,-,?,-,false,-
com.liferay,com.liferay.youtube.web,1.0.5,-,-,?,-,false,-
com.oberasoftware,jasdb_acl,1.2.1,-,-,?,-,false,-
com.oberasoftware,jasdb_android,1.2.1,-,-,?,-,false,-
com.oberasoftware,jasdb_api,1.2.1,-,-,?,-,false,-
com.oberasoftware,jasdb_apiconnector,1.2.1,-,-,?,-,false,-
com.oberasoftware,jasdb_assembly,1.2.1,-,-,?,-,false,-
com.oberasoftware,jasdb_buildtools,1.2.1,-,-,?,-,false,-
com.oberasoftware,jasdb_connector,1.2.1,-,-,?,-,false,-
com.oberasoftware,jasdb_console,1.2.1,-,-,?,-,false,-
com.oberasoftware,jasdb_core,1.2.1,-,-,?,-,false,-
com.oberasoftware,jasdb_ent_integration,1.2.1,-,-,?,-,false,-
com.oberasoftware,jasdb_entity,1.2.1,-,-,?,-,false,-
com.oberasoftware,jasdb_index_btreeplus,1.2.1,-,-,?,-,false,-
com.oberasoftware,jasdb_localservice,1.2.1,-,-,?,-,false,-
com.oberasoftware,jasdb_local_test,1.2.1,-,-,?,-,false,-
com.oberasoftware,jasdb_memorywriter,1.2.1,-,-,?,-,false,-
com.oberasoftware,jasdb_restconnector,1.2.1,-,-,?,-,false,-
com.oberasoftware,jasdb_restmodel,1.2.1,-,-,?,-,false,-
com.oberasoftware,jasdb_restservice,1.2.1,-,-,?,-,false,-
com.oberasoftware,jasdb_testframework,1.2.1,-,-,?,-,false,-
com.oberasoftware,jasdb_transwriter,1.2.1,-,-,?,-,false,-
com.ondevio,json-view-definition,0.0.4,-,-,?,-,false,-
com.openhtmltopdf,openhtmltopdf-core,0.0.1-RC15,-,-,?,-,false,-
com.openhtmltopdf,openhtmltopdf-java2d,0.0.1-RC15,-,-,?,-,false,-
com.openhtmltopdf,openhtmltopdf-jsoup-dom-converter,0.0.1-RC15,-,-,?,-,false,-
com.openhtmltopdf,openhtmltopdf-latex-support,0.0.1-RC15,-,-,?,-,false,-
com.openhtmltopdf,openhtmltopdf-log4j,0.0.1-RC15,-,-,?,-,false,-
com.openhtmltopdf,openhtmltopdf-mathml-support,0.0.1-RC15,-,-,?,-,false,-
com.openhtmltopdf,openhtmltopdf-objects,0.0.1-RC15,-,-,?,-,false,-
com.openhtmltopdf,openhtmltopdf-pdfbox,0.0.1-RC15,-,-,?,-,false,-
com.openhtmltopdf,openhtmltopdf-rtl-support,0.0.1-RC15,-,-,?,-,false,-
com.openhtmltopdf,openhtmltopdf-slf4j,0.0.1-RC15,-,-,?,-,false,-
com.openhtmltopdf,openhtmltopdf-svg-support,0.0.1-RC15,-,-,?,-,false,-
com.sap.activiti.common,com.sap.activiti.common,1.31.0,-,-,?,-,false,-
com.sap.cloud.adk,com.sap.cloud.adk.build.archive,1.25.0,-,-,?,-,false,-
com.sap.cloud.db.jdbc,ngdbc,2.3.48,-,-,?,-,true,-
com.sap.cloud.lm.sl.cf,com.sap.cloud.lm.sl.cf.api,1.65.2,-,-,?,-,false,-
com.sap.cloud.lm.sl.cf,com.sap.cloud.lm.sl.cf.client,1.65.2,-,-,?,-,false,-
com.sap.cloud.lm.sl.cf,com.sap.cloud.lm.sl.cf.core,1.65.2,-,-,?,-,false,-
com.sap.cloud.lm.sl.cf,com.sap.cloud.lm.sl.cf.persistence,1.65.2,-,-,?,-,false,-
com.sap.cloud.lm.sl.cf,com.sap.cloud.lm.sl.cf.process,1.65.2,-,-,?,-,false,-
com.sap.cloud.lm.sl,cloudfoundry-client-lib,1.1.4.RELEASE-sap-21,-,-,?,-,false,sun.misc.BASE64Decoder                   Use java.util.Base64 @since 1.8
com.sap.cloud.lm.sl,com.sap.cloud.lm.sl.common,1.62.1,-,-,?,-,false,-
com.sap.cloud.lm.sl,com.sap.cloud.lm.sl.mta,1.62.1,-,-,?,-,false,-
com.sap.cloud.lm.sl,com.sap.cloud.lm.sl.persistence,1.61.0,-,-,?,-,false,-
com.sap.cloud.lm.sl,com.sap.cloud.lm.sl.slp,1.51.0,-,-,?,-,false,-
com.sap.cloud,neo-javaee6-wp-maven-plugin,2.142.8,-,-,?,-,false,-
com.sap.cloud,neo-javaee7-wp-maven-plugin,1.31.8,-,-,?,-,false,-
com.sap.cloud,neo-java-web-maven-plugin,3.61.9,-,-,?,-,false,-
com.sap.cloud.servicesdk.archetypes,cloud-servicesdk-odatav4-quickstart,1.19.0,-,-,?,-,false,-
com.sap.cloud.servicesdk.archetypes,cloud-servicesdk-odatav4-sample,1.11.4,-,-,?,-,false,-
com.sap.cloud.servicesdk.archetypes,odata2-cdx,1.11.4,-,-,?,-,false,-
com.sap.cloud.servicesdk.archetypes,odatav2,1.19.0,-,-,?,-,false,-
com.sap.cloud.servicesdk.archetypes,odatav4,1.19.0,-,-,?,-,false,-
com.sap.cloud.servicesdk.archetypes,odatav4-sample,1.19.0,-,-,?,-,false,-
com.sap.cloud.servicesdk.cloudplatform,auditlog,0.0.9,-,-,?,-,false,-
com.sap.cloud.servicesdk.cloudplatform,auditlog-scp-cf,0.0.9,-,-,?,-,false,-
com.sap.cloud.servicesdk.cloudplatform,connectivity-scp-cf,0.0.9,-,-,?,-,false,-
com.sap.cloud.servicesdk.cloudplatform,core,0.0.9,-,-,?,-,false,-
com.sap.cloud.servicesdk.cloudplatform,core-scp-cf,0.0.9,-,-,?,-,false,-
com.sap.cloud.servicesdk.cloudplatform,scp-cf,0.0.9,-,-,?,-,false,-
com.sap.cloud.servicesdk.cloudplatform,security,0.0.9,-,-,?,-,false,-
com.sap.cloud.servicesdk.cloudplatform,security-scp-cf,0.0.9,-,-,?,-,false,-
com.sap.cloud.servicesdk.cloudplatform,servlet,0.0.9,-,-,?,-,false,-
com.sap.cloud.servicesdk.cloudplatform,tenant,0.0.9,-,-,?,-,false,-
com.sap.cloud.servicesdk,developer_license,1.19.0,-,-,?,-,false,-
com.sap.cloud.yaas.raml-parser,raml-parser,1.0.5,-,-,?,-,false,-
com.sap.cloud.yaas.rammler,rammler-core,1.8.1,-,-,?,-,false,-
com.sap.cloud.yaas.rammler,rammler-java-client-support,1.8.1,-,-,?,-,false,-
com.sap.cloud.yaas.service-generator,service-generator-core,2.3.14,-,-,?,-,false,-
com.sap.cloud.yaas.service-generator,service-generator-java-jersey,2.3.14,-,-,?,-,false,-
com.sap.cloud.yaas.service-generator,service-generator-model,2.3.14,-,-,?,-,false,-
com.sap.cloud.yaas.service-generator,service-generator-model-listing,2.3.14,-,-,?,-,false,-
com.sap.cloud.yaas.service-generator,service-generator-model-raml,2.3.14,-,-,?,-,false,-
com.sap.cloud.yaas.service-generator,service-generator-raml,2.3.14,-,-,?,-,false,-
com.sap.cloud.yaas.service-sdk,service-sdk-api-console,4.17.1,-,-,?,-,false,-
com.sap.cloud.yaas.service-sdk,service-sdk-audit,4.17.1,-,-,?,-,false,-
com.sap.cloud.yaas.service-sdk,service-sdk-audit-base,4.17.1,-,-,?,-,false,-
com.sap.cloud.yaas.service-sdk,service-sdk-authorization,4.17.1,-,-,?,-,false,-
com.sap.cloud.yaas.service-sdk,service-sdk-generator-maven-plugin,4.17.1,-,-,?,-,false,-
com.sap.cloud.yaas.service-sdk,service-sdk-jersey-support,4.17.1,-,-,?,-,false,-
com.sap.cloud.yaas.service-sdk,service-sdk-libraries,4.17.1,-,-,?,-,false,-
com.sap.cloud.yaas.service-sdk,service-sdk-logging,4.17.1,-,-,?,-,false,-
com.sap.cloud.yaas.service-sdk,service-sdk-logging-filters,4.17.1,-,-,?,-,false,-
com.sap.cloud.yaas.service-sdk,service-sdk-monitoring,4.17.1,-,-,?,-,false,-
com.sap.cloud.yaas.service-sdk,service-sdk-pattern-support,4.17.1,-,-,?,-,false,-
com.sap.cloud.yaas.service-sdk,service-sdk-ping,4.17.1,-,-,?,-,false,-
com.sap.cloud.yaas.service-sdk,service-sdk-raml-rewriter,4.17.1,-,-,?,-,false,-
com.sap.cloud.yaas.service-sdk,service-sdk-security,4.17.1,-,-,?,-,false,-
com.sap.cloud.yaas.service-sdk,service-sdk-servlet-support,4.17.1,-,-,?,-,false,-
com.sap.cloud.yaas.service-sdk,service-sdk-spring-boot-starter,4.17.1,-,-,?,-,false,-
com.sap.devops.cmclient,ci-integration-cli,2.0.1,-,-,?,-,false,-
com.sap.devops.cmclient,ci-integration-lib,0.0.1,-,-,?,-,false,-
com.sap.devops.cmclient,ci-integration-lib-abap,2.0.1,-,-,?,-,false,-
com.sap.devops.cmclient,ci-integration-lib-common,2.0.1,-,-,?,-,false,-
com.sap.devops.cmclient,ci-integration-lib-solman,2.0.1,-,-,?,-,false,-
com.sap.devops.cmclient,testutils,2.0.1,-,-,?,-,false,-
com.sap.hcp.cf.logging,cf-java-logging-support-core,2.2.2,-,-,?,-,false,-
com.sap.hcp.cf.logging,cf-java-logging-support-jersey,2.2.2,-,-,?,-,false,-
com.sap.hcp.cf.logging,cf-java-logging-support-log4j2,2.2.2,-,-,?,-,false,-
com.sap.hcp.cf.logging,cf-java-logging-support-logback,2.2.2,-,-,?,-,false,-
com.sap.hcp.cf.logging,cf-java-logging-support-servlet,2.2.2,-,-,?,-,false,-
com.sap.lmsl.slp,com.sap.lmsl.slp.java,1.2.3,-,-,?,-,false,-
com.strapdata.elasticsearch.client,transport,5.5.0,-,-,?,-,false,-
com.strapdata.elasticsearch.plugin,analysis-phonetic,2.4.5,-,-,?,-,false,-
com.strapdata.elasticsearch.plugin,analysis-stempel,2.4.5,-,-,?,-,false,-
com.testautomationguru.ocular,ocular,1.0.0.Alpha,-,-,?,-,false,-
com.testautomationguru.pdfutil,pdf-util,0.0.3,-,-,?,-,false,-
com.zuunr,json,0.1.0.M2,-,-,?,-,false,-
moe.tristan,easyfxml,1.1.8,-,-,?,-,false,-
net.i2p.client,mstreaming,0.9.36,-,-,?,-,false,-
net.i2p.client,streaming,0.9.36,-,-,?,-,false,-
net.i2p,i2p,0.9.36,-,-,?,-,false,-
net.i2p,router,0.9.36,-,-,?,-,false,-
net.i2p,servlet-i2p,0.9.36,-,-,?,-,false,-
net.intelie.live,live-api,2.20.0,-,-,?,-,false,-
net.intelie.live,plugin-annotations,2.20.0,-,-,?,-,false,-
org.finra.herd,herd-app,0.77.0,-,-,?,-,false,-
org.finra.herd,herd-build-tools,0.77.0,-,-,?,-,false,-
org.finra.herd,herd-core,0.77.0,-,-,?,-,false,-
org.finra.herd,herd-dao,0.77.0,-,-,?,-,false,-
org.finra.herd,herd-docs-javadoc,0.77.0,-,-,?,-,false,-
org.finra.herd,herd-docs-swagger,0.77.0,-,-,?,-,false,-
org.finra.herd,herd-downloader,0.77.0,org.apache.logging.log4j,-,explicit,java.base,false,sun.misc.Unsafe                          See http://openjdk.java.net/jeps/260 + sun.security.x509.X500Name               Use javax.security.auth.x500.X500Principal @since 1.4
org.finra.herd,herd-model,0.77.0,-,-,?,-,false,-
org.finra.herd,herd-model-api,0.77.0,-,-,?,-,false,-
org.finra.herd,herd-model-api-15,0.77.0,-,-,?,-,false,-
org.finra.herd,herd-rest,0.77.0,-,-,?,-,false,-
org.finra.herd,herd-retention-expiration-destroyer,0.77.0,org.apache.logging.log4j,-,explicit,java.base,false,sun.misc.Unsafe                          See http://openjdk.java.net/jeps/260 + sun.security.x509.X500Name               Use javax.security.auth.x500.X500Principal @since 1.4
org.finra.herd,herd-retention-expiration-exporter,0.77.0,org.apache.logging.log4j,-,explicit,java.base,false,sun.misc.Unsafe                          See http://openjdk.java.net/jeps/260 + sun.security.x509.X500Name               Use javax.security.auth.x500.X500Principal @since 1.4
org.finra.herd,herd-scripts-bootstrap,0.77.0,-,-,?,-,false,-
org.finra.herd,herd-scripts-cloud-formation,0.77.0,-,-,?,-,false,-
org.finra.herd,herd-scripts-sql,0.77.0,-,-,?,-,false,-
org.finra.herd,herd-sdk,0.77.0,-,-,?,-,false,-
org.finra.herd,herd-service,0.77.0,-,-,?,-,false,-
org.finra.herd,herd-swaggergen-maven-plugin,0.77.0,-,-,?,-,false,-
org.finra.herd,herd-tools-common,0.77.0,-,-,?,-,false,-
org.finra.herd,herd-ui,0.77.0,-,-,?,-,false,-
org.finra.herd,herd-uploader,0.77.0,org.apache.logging.log4j,-,explicit,java.base,false,sun.misc.Unsafe                          See http://openjdk.java.net/jeps/260 + sun.security.x509.X500Name               Use javax.security.auth.x500.X500Principal @since 1.4
org.sqldroid,sqldroid,1.1.0-rc1,-,-,?,-,false,-
