groupId,artifactId,version,moduleName,moduleVersion,moduleMode,moduleDependencies,jdepsToolError,jdepsViolations
com.ardikars.common,common,1.1.0.Final,-,-,?,-,false,-
com.ardikars.common,common-annotation,1.1.0.Final,-,-,?,-,false,-
com.ardikars.common,common-net,1.1.0.Final,-,-,?,-,false,-
com.ardikars.common,common-util,1.1.0.Final,-,-,?,-,false,-
com.ardikars.jxnet,jxnet-context,1.3.0.Final,-,-,?,-,false,-
com.ardikars.jxnet,jxnet-core,1.3.0.Final,-,-,?,-,false,-
com.bitplan.rest,com.bitplan.simplerest,0.0.13,-,-,?,-,false,-
com.github.bogdanlivadariu,cucumber-reporting-handlebars,2.1.3,-,-,?,-,false,-
com.github.bogdanlivadariu,junit-reporting-handlebars,2.1.3,-,-,?,-,false,-
com.github.bogdanlivadariu,rspec-reporting-handlebars,2.1.3,-,-,?,-,false,-
com.github.bogdanlivadariu,testng-reporting-handlebars,2.1.3,-,-,?,-,false,-
com.github.xynga.build,aws-maven,5.1,-,-,?,-,false,-
com.google.apis,google-api-services-adexchangebuyer2,v2beta1-rev686-1.23.0,-,-,?,-,false,-
com.google.apis,google-api-services-youtubeAnalytics,v2-rev51-1.24.1,-,-,?,-,false,-
com.sumologic.elasticsearch,elasticsearch-akka,2.0.11,-,-,?,-,false,-
com.sumologic.elasticsearch,elasticsearch-aws,2.0.11,-,-,?,-,false,-
com.sumologic.elasticsearch,elasticsearch-core,2.0.11,-,-,?,-,false,-
com.sumologic.elasticsearch,elasticsearch-test,2.0.11,-,-,?,-,false,-
com.trusona,trusona-sdk,3.4.1,-,-,?,-,false,-
com.trusona,trusona-sdk-http,3.4.1,-,-,?,-,false,-
com.trusona,trusona-sdk-resources,3.4.1,-,-,?,-,false,-
io.iconator,testonator,1.0.22,-,-,?,-,false,-
io.kamon,kanela-agent,0.0.14,-,-,?,-,false,sun.reflect.Reflection                   Use java.lang.StackWalker @since 9
io.kamon,kanela-scala-extension_2.12,0.0.14,-,-,?,-,false,-
io.lenar,easy-log,1.1.5,-,-,?,-,false,-
io.reactiverse,reactive-pg-client,0.10.1,-,-,?,-,false,-
org.http4k,http4k-format-jackson,3.35.1,-,-,?,-,false,-
org.http4k,http4k-format-moshi,3.35.1,-,-,?,-,false,-
org.springframework.integration,spring-integration-aws,2.0.0.RELEASE,-,-,?,-,false,-
