groupId,artifactId,version,moduleName,moduleVersion,moduleMode,moduleDependencies,jdepsToolError,jdepsViolations
com.lihaoyi,amm-2.11.4_2.11,1.0.5-25-b3b801e8,-,-,?,-,false,-
com.lihaoyi,amm-2.12.2_2.12,1.0.5-25-b3b801e8,-,-,?,-,false,-
com.lihaoyi,amm-interp-2.11.5_2.11,1.0.5-25-b3b801e8,-,-,?,-,false,-
com.lihaoyi,amm-interp-2.12.3_2.12,1.0.5-25-b3b801e8,-,-,?,-,false,-
com.lihaoyi,ammonite_2.10.5,1.0.3-7-1dada91,-,-,?,-,false,-
com.lihaoyi,ammonite_2.11.4,1.1.2-30-53edc31,-,-,?,-,false,-
com.lihaoyi,ammonite_2.12.3,1.1.2-30-53edc31,-,-,?,-,false,-
com.lihaoyi,ammonite-compiler_2.10.5,1.0.3-7-1dada91,-,-,?,-,false,-
com.lihaoyi,ammonite-compiler_2.11.11,1.0.3-32-3c3d657,-,-,?,-,false,-
com.lihaoyi,ammonite-compiler_2.11.4,1.1.0-18-0dc8a8e,-,-,?,-,false,-
com.lihaoyi,ammonite-compiler_2.12.1,1.1.0-18-0dc8a8e,-,-,?,-,false,-
com.lihaoyi,ammonite-compiler_2.12.3,1.1.0-18-0dc8a8e,-,-,?,-,false,-
com.lihaoyi,ammonite-interp_2.11.5,1.1.2-30-53edc31,-,-,?,-,false,-
com.lihaoyi,ammonite-interp_2.12.4,1.1.2-30-53edc31,-,-,?,-,false,-
com.lihaoyi,ammonite-repl_2.10.5,1.0.3-7-1dada91,-,-,?,-,false,sun.misc.Signal                          See http://openjdk.java.net/jeps/260 + sun.misc.SignalHandler                   See http://openjdk.java.net/jeps/260
com.lihaoyi,ammonite-repl_2.11.4,1.1.2-30-53edc31,-,-,?,-,false,sun.misc.Signal                          See http://openjdk.java.net/jeps/260 + sun.misc.SignalHandler                   See http://openjdk.java.net/jeps/260
com.lihaoyi,ammonite-repl_2.12.3,1.1.2-30-53edc31,-,-,?,-,false,sun.misc.Signal                          See http://openjdk.java.net/jeps/260 + sun.misc.SignalHandler                   See http://openjdk.java.net/jeps/260
com.lihaoyi,ammonite-runtime_2.10.4,0.9.3,-,-,?,-,false,-
com.lihaoyi,ammonite-runtime_2.11.3,0.9.3,-,-,?,-,false,-
com.lihaoyi,ammonite-runtime_2.12,1.1.2-30-53edc31,-,-,?,-,false,-
com.lihaoyi,ammonite-runtime_2.12.2,0.9.3,-,-,?,-,false,-
com.lihaoyi,ammonite-shell_2.10.6,1.0.3-7-1dada91,-,-,?,-,false,-
com.lihaoyi,ammonite-shell_2.11.5,1.1.2-30-53edc31,-,-,?,-,false,-
com.lihaoyi,ammonite-shell_2.11.7,1.1.2-30-53edc31,-,-,?,-,false,-
com.lihaoyi,ammonite-shell_2.12.4,1.1.2-30-53edc31,-,-,?,-,false,-
com.lihaoyi,ammonite-shell_2.12.6,1.1.2-30-53edc31,-,-,?,-,false,-
com.lihaoyi,ammonite-sshd_2.10.6,1.0.3-7-1dada91,-,-,?,-,false,-
com.lihaoyi,ammonite-sshd_2.11.5,1.1.2-30-53edc31,-,-,?,-,false,-
com.lihaoyi,ammonite-sshd_2.12,1.1.0-34-b991be4,-,-,?,-,false,-
com.lihaoyi,ammonite-sshd_2.12.4,1.1.2-30-53edc31,-,-,?,-,false,-
com.lihaoyi,ammonite-terminal_2.10,1.0.3-7-1dada91,-,-,?,-,false,-
com.lihaoyi,ammonite-terminal_2.12,1.1.2-30-53edc31,-,-,?,-,false,-
com.lihaoyi,ammonite-util_2.10,1.0.3-7-1dada91,-,-,?,-,false,-
com.lihaoyi,amm-repl-2.11.4_2.11,1.0.5-25-b3b801e8,-,-,?,-,false,sun.misc.Signal                          See http://openjdk.java.net/jeps/260 + sun.misc.SignalHandler                   See http://openjdk.java.net/jeps/260
com.lihaoyi,amm-repl-2.12.0_2.12,1.0.5-25-b3b801e8,-,-,?,-,false,sun.misc.Signal                          See http://openjdk.java.net/jeps/260 + sun.misc.SignalHandler                   See http://openjdk.java.net/jeps/260
com.lihaoyi,amm-repl-2.12.2_2.12,1.0.5-25-b3b801e8,-,-,?,-,false,sun.misc.Signal                          See http://openjdk.java.net/jeps/260 + sun.misc.SignalHandler                   See http://openjdk.java.net/jeps/260
com.lihaoyi,amm-runtime-2.11.12_2.11,1.0.5-25-b3b801e8,-,-,?,-,false,-
com.lihaoyi,classparse_2.12,1.0.0,-,-,?,-,false,-
com.lihaoyi,cssparse_2.11,1.0.0,-,-,?,-,false,-
com.lihaoyi,fansi_2.12,0.2.5,-,-,?,-,false,-
com.lihaoyi,fansi_sjs0.6_2.11,0.2.5,-,-,?,-,false,-
com.lihaoyi,fastparse-byte_sjs0.6_2.10,1.0.0,-,-,?,-,false,-
com.lihaoyi,fastparse_sjs0.6_2.11,1.0.0,-,-,?,-,false,-
com.lihaoyi,geny_2.10,0.1.2,-,-,?,-,false,-
com.lihaoyi,mill-clientserver_2.12,0.1.7-53-cc0407,-,-,?,-,false,-
com.lihaoyi,mill-json-jvm-2.12.4_2.12,0.6.0-RC1,-,-,?,-,false,-
com.lihaoyi,mill-moduledefs_2.12,2018-02-10T22-20-56-317Z-719ff8a6d79093d390b0d5ce7d01755e65fcd484,-,-,?,-,false,-
com.lihaoyi,mill-scalajslib_2.12,2018-02-10T22-20-56-317Z-719ff8a6d79093d390b0d5ce7d01755e65fcd484,-,-,?,-,false,-
com.lihaoyi,mill-scalajslib-worker-0.6_2.12,0.2.6-27-613878,-,-,?,-,false,-
com.lihaoyi,mill-upickle-js-2.11.11_sjs0.6_2.11,0.6.0-RC1,-,-,?,-,false,-
com.lihaoyi,ops-2.11.12_2.11,1.0.5-25-b3b801e8,-,-,?,-,false,-
com.lihaoyi,pprint_2.10,0.5.3,-,-,?,-,false,-
com.lihaoyi,pprint_native0.3_2.11,0.5.3,-,-,?,-,false,-
com.lihaoyi,pythonparse_2.10,1.0.0,-,-,?,-,false,-
com.lihaoyi,pythonparse_native0.3_2.11,1.0.0,-,-,?,-,false,-
com.lihaoyi,requests_2.11,0.1.4,-,-,?,-,false,-
com.lihaoyi,scalaparse_sjs0.6_2.11,1.0.0,-,-,?,-,false,-
com.lihaoyi,scalarx_sjs0.6_2.12,0.4.0,-,-,?,-,false,-
com.lihaoyi,scalatags_2.10,0.6.7,-,-,?,-,false,-
com.lihaoyi,scalatags_2.12,0.6.7,-,-,?,-,false,-
com.lihaoyi,scalatex-api_2.11,0.3.11,-,-,?,-,false,-
com.lihaoyi,shell-2.11.7_2.11,1.0.5-25-b3b801e8,-,-,?,-,false,-
com.lihaoyi,sourcecode_2.11,0.1.4,-,-,?,-,false,-
com.lihaoyi,sourcecode_sjs1.0.0-M1_2.10,0.1.4,-,-,?,-,false,-
com.lihaoyi,sourcecode_sjs1.0.0-M1_2.12,0.1.4,-,-,?,-,false,-
com.lihaoyi,sshd-2.11.12_2.11,1.0.5-25-b3b801e8,-,-,?,-,false,-
com.lihaoyi,sshd-2.11.3_2.11,1.0.5-25-b3b801e8,-,-,?,-,false,-
com.lihaoyi,sshd-2.11.5_2.11,1.0.5-25-b3b801e8,-,-,?,-,false,-
com.lihaoyi,sshd-2.12.1_2.12,1.0.5-25-b3b801e8,-,-,?,-,false,-
com.lihaoyi,sshd-2.12.3_2.12,1.0.5-25-b3b801e8,-,-,?,-,false,-
com.lihaoyi,terminal-2.11.12_2.11,1.0.5-25-b3b801e8,-,-,?,-,false,-
com.lihaoyi,ujson-circe_2.11,0.6.6,-,-,?,-,false,-
com.lihaoyi,ujson-jvm-2.12.4_2.12,0.6.3,-,-,?,-,false,-
com.lihaoyi,ujson-play_2.11,0.6.6,-,-,?,-,false,-
com.lihaoyi,ujson_sjs0.6_2.11,0.6.6,-,-,?,-,false,-
com.lihaoyi,upickle-json_2.11,0.6.0-RC5,-,-,?,-,false,-
com.lihaoyi,utest_2.10,0.6.4,-,-,?,-,false,-
com.lihaoyi,utest_native0.3_2.11,0.6.4,-,-,?,-,false,-
com.lihaoyi,utest_sjs0.6_2.13.0-M2,0.6.4,-,-,?,-,false,-
com.lihaoyi,utest_sjs1.0.0-M1_2.11,0.6.3,-,-,?,-,false,-
