groupId,artifactId,version,moduleName,moduleVersion,moduleMode,moduleDependencies,jdepsToolError,jdepsViolations
com.github.aaronp,donovan_2.12,0.0.4,-,-,?,-,false,-
com.github.aaronp,donovan_sjs0.6_2.12,0.0.4,-,-,?,-,false,-
com.graphaware.neo4j,nlp-stanfordnlp,3.4.6.52.12,-,-,?,-,false,sun.misc.Unsafe                          See http://openjdk.java.net/jeps/260
org.mudebug,prapr-command-line,1.0.0,-,-,?,-,false,-
org.mudebug,prapr-core,1.0.0,-,-,?,-,false,-
org.mudebug,prapr-entry,1.0.0,-,-,?,-,false,-
org.mudebug,prapr-html-report,1.0.0,-,-,?,-,false,-
org.mudebug,prapr-plugin,1.0.0,-,-,?,-,false,-
org.sireum,scalac-plugin_2.12,3.3.2,-,-,?,-,false,-
