groupId,artifactId,version,moduleName,moduleVersion,moduleMode,moduleDependencies,jdepsToolError,jdepsViolations
com.adendamedia,cornucopia_2.11,0.6.2,-,-,?,-,false,-
com.adendamedia,salad_2.11,0.9.2,-,-,?,-,false,-
com.adendamedia,salad_2.12,0.12.0,-,-,?,-,false,-
com.aimmac23,selenium-video-node,2.8,-,-,?,-,false,-
com.albertoborsetta,formscanner-api,1.1.4,-,-,?,-,false,-
com.albertoquesada,multi-range,0.1,-,-,?,-,false,-
com.angusmorton,brotli-interceptor,1.0.0,-,-,?,-,false,-
com.arboratum,fastbeangen,0.2.17,-,-,?,-,false,-
com.arboratum,fastbeangen-core,0.1.10,-,-,?,-,false,-
com.arboratum,fastbeangen-doc,0.2.17,-,-,?,-,false,-
com.askfast.askfastapi,askfast-api-java,1.5.3,-,-,?,-,false,-
com.automationrockstars,bmo,1.0.5,-,-,?,-,false,-
com.automationrockstars,bmo-event-processor,1.0.5,-,-,?,-,false,-
com.automationrockstars,gir,1.0.5,-,-,?,-,false,-
com.automationrockstars,gir-cli,1.0.5,-,-,?,-,false,-
com.automationrockstars,gir-data,1.0.5,-,-,?,-,false,-
com.automationrockstars,gireat,1.0.5,-,-,?,-,false,-
com.automationrockstars,gir-mobile,1.0.5,-,-,?,-,false,-
com.automationrockstars,gir-rest,1.0.5,-,-,?,-,false,-
com.automationrockstars,gir-webdriver,1.0.5,-,-,?,-,false,-
com.automationrockstars,gunter-events,1.0.5,-,-,?,-,false,-
com.automationrockstars.gunter,gunter-allure,1.0.5,-,-,?,-,false,-
com.automationrockstars,gunter-rabbit,1.0.5,-,-,?,-,false,-
com.automationrockstars,webdriver-sikulix-driver,1.0.5,-,-,?,-,false,-
com.basho.riak,spark-riak-connector_2.10,1.6.3,-,-,?,-,false,-
com.basho.riak,spark-riak-connector_2.11,1.6.3,-,-,?,-,false,-
com.basicfu,common,0.0.1,-,-,?,-,false,sun.misc.BASE64Encoder                   Use java.util.Base64 @since 1.8
com.basicfu.sip,sip-client,0.0.1,-,-,?,-,false,-
com.basicfu,system,1.0.0,-,-,?,-,false,sun.misc.BASE64Encoder                   Use java.util.Base64 @since 1.8
com.bettercloud,vault-java-driver,3.1.0,-,-,?,-,false,-
com.bol,spring-data-mongodb-encrypt,1.3.0,-,-,?,-,false,-
com.braintreepayments.api,data,1.7.10,-,-,?,-,false,-
com.braintreepayments.api,data-collector,2.15.1,-,-,?,-,false,-
com.braintreepayments,braintreehttp,1.3.1,-,-,?,-,false,-
com.braintreepayments,braintreehttp-testutils,1.3.1,-,-,?,-,false,-
com.braintreepayments.gateway,braintree-java,2.83.1,-,-,?,-,false,-
com.bretpatterson,schemagen-graphql,1.1.0,-,-,?,-,false,-
com.bretpatterson,schemagen-graphql-examples,1.1.0,-,-,?,-,false,-
com.bretpatterson,schemagen-graphql-guava,1.1.0,-,-,?,-,false,-
com.bretpatterson,schemagen-graphql-joda,1.1.0,-,-,?,-,false,-
com.bretpatterson,schemagen-graphql-spring,1.1.0,-,-,?,-,false,-
com.coxautodata,waimak-azure-table_2.11,1.5.1,-,-,?,-,false,-
com.coxautodata,waimak-configuration_2.11,1.5.1,-,-,?,-,false,-
com.coxautodata,waimak-core_2.11,1.5.1,-,-,?,-,false,-
com.coxautodata,waimak-impala_2.11,1.5.1,-,-,?,-,false,-
com.coxautodata,waimak-rdbm-export_2.11,1.5.1,-,-,?,-,false,-
com.coxautodata,waimak-rdbm-ingestion_2.11,1.5.1,-,-,?,-,false,-
com.coxautodata,waimak-storage_2.11,1.5.1,-,-,?,-,false,-
com.creativewidgetworks,expression-evaluator,2.2.7,-,-,?,-,false,-
com.datadoghq,async-tracing,0.1.1,-,-,?,-,false,-
com.datadoghq,dd-java-agent,0.13.0,-,-,?,-,false,-
com.datadoghq,dd-java-agent-ittests,0.1.1,-,-,?,-,false,-
com.datadoghq,dd-trace,0.2.12,-,-,?,-,false,-
com.datadoghq,dd-trace-annotations,0.2.12,-,-,?,-,false,-
com.datadoghq,dd-trace-api,0.13.0,-,-,?,-,false,-
com.datadoghq,dd-trace-ot,0.13.0,-,-,?,-,false,-
com.datadoghq,dropwizard-mongo-client,0.1.1,-,-,?,-,false,-
com.datadoghq,java-dogstatsd-client,2.6.1,-,-,?,-,false,-
com.datadoghq,spring-boot-jdbc,0.1.1,-,-,?,-,false,-
com.digi.xbee,xbee-java-library,1.2.1,-,-,?,-,false,-
com.easyinnova,dpf_manager,3.5.1,-,-,?,-,false,-
com.easyinnova,tiffimplementationchecker,1.2.8,-,-,?,-,false,-
com.easyinnova,tifflibrary4java,1.9.7,-,-,?,-,false,-
com.easyinnova,tiffpolicychecker,1.1.6,-,-,?,-,false,-
com.elasticemail.app,webapiclient,1.3,-,-,?,-,false,-
com.empyr,client,0.9.7,-,-,?,-,false,-
com.exec8,com-bh-cascader-address,1.0.3,-,-,?,-,false,-
com.exec8,com.bh.core.tools,1.0.2,-,-,?,-,false,-
com.experitest,visual,0.10,-,-,?,-,false,-
com.experoinc,dropwizard-tinkerpop,1.0.1,-,-,?,-,false,-
com.flipkart.fdp.ml,adapters-1.6_2.10,0.4.0,-,-,?,-,false,-
com.flipkart.fdp.ml,adapters-1.6_2.11,0.4.0,-,-,?,-,false,-
com.flipkart.fdp.ml,adapters-2.0_2.11,0.4.0,-,-,?,-,false,-
com.flipkart.fdp.ml,custom-transformer-2.0_2.11,0.4.0,-,-,?,-,false,-
com.flipkart.fdp.ml,custom-transformer_2.11,0.4.0,-,-,?,-,false,-
com.flipkart.fdp.ml,models-info,0.4.0,-,-,?,-,false,-
com.flipkart,hbase-object-mapper,1.10,-,-,?,-,false,-
com.flipkart.zjsonpatch,zjsonpatch,0.4.4,-,-,?,-,false,-
com.floreysoft,jmte,5.0.0,-,-,?,-,false,-
com.francoara,purity-core_2.12,0.2.1,-,-,?,-,false,-
com.francoara,purity-http4s_2.12,0.2.1,-,-,?,-,false,-
com.gizbel.excel,excel-extractor,1.0.2,-,-,?,-,false,-
com.go2wheel,to-jsonapi,0.1.0,-,-,?,-,false,-
com.icfolson.aem.groovy.console,aem-groovy-console,12.0.0,-,-,?,-,false,-
com.icfolson.aem.groovy.extension,aem-groovy-extension-bundle,5.0.0,-,-,?,-,false,-
com.icfolson.aem.harbor,harbor-api,4.0.0,-,-,?,-,false,-
com.icfolson.aem.harbor,harbor-core,4.0.0,-,-,?,-,false,-
com.icfolson.aem.harbor,harbor-ui,4.0.0,-,-,?,-,false,-
com.icfolson.aem.harbor,harbor-widgets,2.0.0,-,-,?,-,false,-
com.icfolson.aem.library,aem-library-api,11.0.0,-,-,?,-,false,-
com.icfolson.aem.library,aem-library-core,11.0.0,-,-,?,-,false,-
com.icfolson.aem.library,aem-library-models,11.0.0,-,-,?,-,false,-
com.icfolson.aem.library,aem-library-ui,11.0.0,-,-,?,-,false,-
com.icfolson.aem,multicomposite-addon,3.2.2,-,-,?,-,false,-
com.icfolson.aem.namespace,aem-namespace-extension-api,0.4.0,-,-,?,-,false,-
com.icfolson.aem.namespace,aem-namespace-extension-ui,0.4.0,-,-,?,-,false,-
com.icfolson.aem.prosper,prosper,12.1.0,-,-,?,-,false,-
com.icfolson.aem,sling-translate-api,2.0.2,-,-,?,-,false,-
com.icfolson.aem,sling-translate-example,2.0.2,-,-,?,-,false,-
com.icfolson.aem,sling-translate-runtime,2.0.2,-,-,?,-,false,-
com.icfolson.aem,sling-translate-ui,2.0.2,-,-,?,-,false,-
com.icfolson.maven.plugins,aem-package-maven-plugin,0.7.0,-,-,?,-,false,-
com.icfolson.maven.plugins,osgi-bundle-status-maven-plugin,2.0.2,-,-,?,-,false,-
com.icfolson.sling,org.apache.sling.testing.sling-mock-oak,2.1.0,-,-,?,-,false,-
com.intropro,B-test,1.0.10,-,-,?,-,false,-
com.ip2proxy,ip2proxy-java,1.0.1,-,-,?,-,false,-
com.itfsw,mybatis-generator-plugin,1.2.10,-,-,?,-,false,-
com.itfsw,QueryBuilder,1.0.2,-,-,?,-,false,-
com.itfsw,RedisMQ,0.0.4,-,-,?,-,false,-
com.justdavis.karl.jessentials,jessentials-misc,4.0.1,-,-,?,-,false,-
com.justdavis.karl.jessentials,jessentials-tomcat,1.0.0,-,-,?,-,false,-
com.kjetland.dropwizard,dropwizard-activemq,0.5.2,-,-,?,-,false,-
com.kjetland,mbknor-jackson-jsonschema_2.10,1.0.29,-,-,?,-,false,-
com.kjetland,mbknor-jackson-jsonschema_2.11,1.0.29,-,-,?,-,false,-
com.kjetland,mbknor-jackson-jsonschema_2.12,1.0.29,-,-,?,-,false,-
com.kubedb,client-java,1.0,-,-,?,-,false,-
com.kubedb,client-java-api,1.0,-,-,?,-,false,-
com.kubedb,client-java-examples,1.0,-,-,?,-,false,-
com.lingcreative,concurrent-utils,0.0.3,-,-,?,-,false,-
com.lingcreative,play-dbx_2.11,1.0.4,-,-,?,-,false,-
com.lingcreative,stranslator_2.11,1.2.0,-,-,?,-,false,-
com.lingcreative,stranslator_2.12,1.2.0,-,-,?,-,false,-
com.lob,lob-java,9.0.0,-,-,?,-,false,-
com.logdyn,re-agent,1.0,-,-,?,-,false,-
com.mailosaur,mailosaur-java,5.0.2,-,-,?,-,false,-
com.mindscapehq,core,3.0.0,-,-,?,-,false,-
com.mindscapehq,raygun4java-play2,3.0.0,-,-,?,-,false,-
com.mindscapehq,sampleapp,3.0.0,-,-,?,-,false,-
com.mindscapehq,webprovider,3.0.0,-,-,?,-,false,-
com.moelholm,prometheus-spring-boot-starter,1.0.2,-,-,?,-,false,-
com.mpay24.payment,mpay24-payment-sdk,1.6.9.0,-,-,?,-,false,-
com.mpay24.payment,mpay24-soap-client,1.5.4.0,-,-,?,-,false,-
com.nepaliapps,EpikosRestService,0.0.7.8.1,-,-,?,-,false,-
com.netuitive,ananke,0.1.25,-,-,?,-,false,-
com.netuitive,dropwizard-metrics,1.0.0,-,-,?,-,false,-
com.netuitive,dropwizard-metrics-netuitive,1.1.0,-,-,?,-,false,-
com.netuitive,iris,0.1.31,-,-,?,-,false,-
com.novocode,ornate_2.11,0.5,-,-,?,-,false,-
com.paulgoldbaum,scala-influxdb-client_2.10,0.6.1,-,-,?,-,false,-
com.paulgoldbaum,scala-influxdb-client_2.11,0.6.1,-,-,?,-,false,-
com.paulgoldbaum,scala-influxdb-client_2.12,0.6.1,-,-,?,-,false,-
com.peertopark.java,commons,3.5.2,-,-,?,-,false,-
com.peertopark.java,dates,3.5.2,-,-,?,-,false,-
com.peertopark.java,geocalc,1.1.0,-,-,?,-,false,-
com.peertopark.java,phoneutils,3.5.2,-,-,?,-,false,-
com.peertopark.java,restclient,3.5.2,-,-,?,-,false,-
com.peertopark.java,validators,3.5.2,-,-,?,-,false,-
com.peertopark.spring,commons,1.1.5,-,-,?,-,false,-
com.peertopark.spring,data,1.1.5,-,-,?,-,false,-
com.peertopark.spring.social,spring-social-google,2.0.0.RELEASE,-,-,?,-,false,-
com.peertopark.spring.social,spring-social-google-docs,2.0.0.RELEASE,-,-,?,-,false,-
com.reedoei,eunomia,1.3.0,-,-,?,-,false,-
com.replyyes,facebook-messenger,0.1.0,-,-,?,-,false,-
com.rmn,jsonapi_2.11,0.1,-,-,?,-,false,-
com.rmn,play-jsonapi_2.11,0.1,-,-,?,-,false,-
com.rodiontsev.maven.plugins,build-info-maven-plugin,1.2,-,-,?,-,false,-
com.sabre.oss.conf4j,conf4j-api,1.0,-,-,?,-,false,-
com.sabre.oss.conf4j,conf4j-core,1.0,-,-,?,-,false,-
com.sabre.oss.conf4j,conf4j-example-configuration,1.0,-,-,?,-,false,-
com.sabre.oss.conf4j,conf4j-example-core,1.0,-,-,?,-,false,-
com.sabre.oss.conf4j,conf4j-example-generics,1.0,-,-,?,-,false,-
com.sabre.oss.conf4j,conf4j-example-meta-data,1.0,-,-,?,-,false,-
com.sabre.oss.conf4j,conf4j-example-spring,1.0,-,-,?,-,false,-
com.sabre.oss.conf4j,conf4j-example-spring-boot,1.0,-,-,?,-,false,-
com.sabre.oss.conf4j,conf4j-extras-jaxb,1.0,-,-,?,-,false,-
com.sabre.oss.conf4j,conf4j-extras-yaml,1.0,-,-,?,-,false,-
com.sabre.oss.conf4j,conf4j-javassist,1.0,-,-,?,-,false,-
com.sabre.oss.conf4j,conf4j-jmh,1.0.RC2,-,-,?,-,false,-
com.sabre.oss.conf4j,conf4j-performance,1.0,-,-,?,-,false,-
com.sabre.oss.conf4j,conf4j-spring,1.0,-,-,?,-,false,-
com.sabre.oss.conf4j,conf4j-spring-boot,1.0,-,-,?,-,false,-
com.sandjelkovic.kxjtime,kxjtime,0.0.1,-,-,?,-,false,-
com.sandpolis,slpanel,1.1.1,-,-,?,-,false,-
com.sdoctech,sdr-mixins,1.0,-,-,?,-,false,-
com.simiacryptus,aws-utilities,1.4.23,-,-,?,-,false,-
com.simiacryptus,hadoop-jgit-fs,1.4.23,-,-,?,-,false,-
com.simiacryptus,java-analysis,1.4.23,-,-,?,-,false,-
com.simiacryptus,java-util,1.4.23,-,-,?,-,false,-
com.simiacryptus,mindseye,1.4.23,-,-,?,-,false,-
com.simiacryptus,restm-api_2.11,1.0,-,-,?,-,false,-
com.simiacryptus,restm-core_2.11,1.0,-,-,?,-,false,-
com.simiacryptus,restm-ml_2.11,1.0,-,-,?,-,false,-
com.simplify,payments-sdk-java,1.9.0,-,-,?,-,false,-
com.sofort,sofortlib-java,1.1.0,-,-,?,-,false,-
com.squarespace.cldr,cldr-compiler,0.0.26,-,-,?,-,false,-
com.squarespace.cldr,cldr-core,0.0.26,-,-,?,-,false,-
com.squarespace.cldr,cldr-examples,0.0.26,-,-,?,-,false,-
com.squarespace.cldr,cldr-runtime,0.0.26,-,-,?,-,false,-
com.squarespace.compiler,compiler-core,1.0.6,-,-,?,-,false,-
com.squarespace.less,less-cli,2.0.5,-,-,?,-,false,-
com.squarespace.less,less-compiler,1.1.4,-,-,?,-,false,-
com.squarespace.less,less-core,2.0.5,-,-,?,-,false,-
com.squarespace.template,template-cli,1.3.22,-,-,?,-,false,-
com.squarespace.template,template-core,1.3.22,-,-,?,-,false,-
com.squarespace.template,template-plugins-squarespace,1.3.22,-,-,?,-,false,-
com.suyeer,basic,2.3.1,-,-,?,-,false,sun.misc.BASE64Decoder                   Use java.util.Base64 @since 1.8 + sun.misc.BASE64Encoder                   Use java.util.Base64 @since 1.8
com.suyeer,cache,2.1.0,-,-,?,-,false,-
com.suyeer,fastwechat,2.1.7,-,-,?,-,false,-
com.swiftelan,rafter,1.3,-,-,?,-,false,-
com.sxtanna.database,Core,1.3,-,-,?,-,false,-
com.sxtanna.database,Kedis,1.1,-,-,?,-,false,-
com.sxtanna.database,Kuery,3.0-beta,-,-,?,-,false,-
com.sxtanna.database,Tests,1.0,-,-,?,-,false,-
com.sxtanna.db,Common,1.0,-,-,?,-,false,-
com.sxtanna.db,Kuery,1.5,-,-,?,-,false,-
com.sxtanna,DependencyLoader,1.1.3,-,-,?,-,false,-
com.sxtanna.korm,Korm,1.3,-,-,?,-,false,sun.misc.Unsafe                          See http://openjdk.java.net/jeps/260
com.tngtech.archunit,archunit,0.9.1,com.tngtech.archunit,-,automatic,-,false,sun.misc.Unsafe                          See http://openjdk.java.net/jeps/260
com.tngtech.archunit,archunit-junit,0.8.3,com.tngtech.archunit.junit4,-,automatic,-,false,-
com.tngtech.archunit,archunit-junit4,0.9.1,com.tngtech.archunit.junit4,-,automatic,-,false,-
com.tngtech.archunit,archunit-junit5-api,0.9.1,com.tngtech.archunit.junit5.api,-,automatic,-,false,-
com.tngtech.archunit,archunit-junit5-engine,0.9.1,com.tngtech.archunit.junit5.engine,-,automatic,-,false,-
com.tngtech.archunit,archunit-junit5-engine-api,0.9.1,com.tngtech.archunit.junit5.engineapi,-,automatic,-,false,-
com.tngtech.java,config-builder,1.6.0,-,-,?,-,false,-
com.tngtech.java,junit-dataprovider,1.13.1,-,-,?,-,false,-
com.tngtech.java,property-loader,1.4.0,-,-,?,-,false,-
com.tngtech.jgiven,jgiven-core,0.16.0,-,-,?,-,false,-
com.tngtech.jgiven,jgiven-examples,0.15.1,-,-,?,-,false,-
com.tngtech.jgiven,jgiven-gradle-plugin,0.16.0,-,-,?,-,false,-
com.tngtech.jgiven,jgiven-html5-report,0.16.0,-,-,?,-,false,-
com.tngtech.jgiven,jgiven-html-app,0.16.0,-,-,?,-,false,-
com.tngtech.jgiven,jgiven-java8-tests,0.15.1,-,-,?,-,false,-
com.tngtech.jgiven,jgiven-junit,0.16.0,-,-,?,-,false,-
com.tngtech.jgiven,jgiven-junit5,0.16.0,-,-,?,-,false,-
com.tngtech.jgiven,jgiven-maven-plugin,0.16.0,-,-,?,-,false,-
com.tngtech.jgiven,jgiven-spring,0.16.0,-,-,?,-,false,-
com.tngtech.jgiven,jgiven-testng,0.16.0,-,-,?,-,false,-
com.tngtech.jgiven,jgiven-tests,0.15.1,-,-,?,-,false,-
com.tngtech.junit.dataprovider,junit4-dataprovider,2.3,-,-,?,-,false,-
com.tngtech.junit.dataprovider,junit-dataprovider-core,2.3,-,-,?,-,false,-
com.tngtech.junit.dataprovider,junit-jupiter-dataprovider,2.3,-,-,?,-,false,-
com.tngtech.junit.dataprovider,junit-jupiter-params-dataprovider,2.3,-,-,?,-,false,-
com.twineworks,collections,1.1.0,-,-,?,-,false,-
com.twineworks,ruby-for-pentaho-kettle,1.3.4,-,-,?,-,false,-
com.twineworks,tweakflow,0.0.7,-,-,?,-,false,-
com.twineworks,vertica-9-for-pentaho-kettle,1.0,-,-,?,-,false,-
com.ubirch.user,client-rest_2.11,0.12.2,-,-,?,-,false,-
com.ubirch.user,config_2.11,0.12.2,-,-,?,-,false,-
com.ubirch.user,model-db-tools_2.11,0.12.2,-,-,?,-,false,-
com.ubirch.user,model-rest_2.11,0.12.2,-,-,?,-,false,-
com.ubirch.user,test-tools_2.11,0.12.2,-,-,?,-,false,-
com.ubirch.user,test-tools-ext_2.11,0.12.2,-,-,?,-,false,-
com.ubirch.user,util_2.11,0.12.2,-,-,?,-,false,-
com.winterwell,jtwitter,3.6.1,-,-,?,-,false,-
com.xe.xecd,xecd-rates-client,0.1.0,-,-,?,-,false,-
com.yannmoisan,spark-sql-helper_2.11,0.0.1,-,-,?,-,false,-
com.yeepay,pp-sdk,1.2,-,-,?,-,false,com.sun.net.ssl.HostnameVerifier         Use javax.net.ssl @since 1.4 + com.sun.net.ssl.HttpsURLConnection       Use javax.net.ssl @since 1.4
com.yodle.griddle,griddle,1.9,-,-,?,-,false,-
com.yodle,vantage-gradle,1.6.1,-,-,?,-,false,-
