groupId,artifactId,version,moduleName,moduleVersion,moduleMode,moduleDependencies,jdepsToolError,jdepsViolations
com.alexanderperucci,spring-grow,1.0.1,-,-,?,-,false,-
com.aryaemini.nvi,tckno-validator,1.3,-,-,?,-,false,-
com.aryaemini,tcmb-exchange-rate-fetcher,1.0.1,-,-,?,-,false,-
com.bucuoa.west,west-shard-orm,0.6.6-RELEASE,-,-,?,-,false,-
com.cloudrail,cloudrail-si-java,2.21.10,-,-,?,-,false,-
com.elkozmon,akka-stream-firebase-queue_2.11,2.1,-,-,?,-,false,-
com.elkozmon,akka-stream-firebase-queue_2.12,2.1,-,-,?,-,false,-
com.episode6.hackit.android.inject,context-annotations,0.0.3,-,-,?,-,false,-
com.episode6.hackit.android.inject,more-annotations,0.0.3,-,-,?,-,false,-
com.episode6.hackit.auto.factory,auto-factory-annotations,1.0-beta5,-,-,?,-,false,-
com.episode6.hackit.chop,chop-core,0.1.9,-,-,?,-,false,-
com.episode6.hackit.chop,chop-groovy,0.1.9,-,-,?,-,false,-
com.episode6.hackit.chop,chop-junit,0.1.9,-,-,?,-,false,-
com.episode6.hackit.deployable,deployable,0.2.2,-,-,?,-,false,-
com.episode6.hackit.disposable,disposable-futures,0.0.8,-,-,?,-,false,-
com.episode6.hackit.disposable,disposable-rx,0.0.8,-,-,?,-,false,-
com.episode6.hackit.disposable,disposables-core,0.0.8,-,-,?,-,false,-
com.episode6.hackit.disposable,pausable-rx,0.0.8,-,-,?,-,false,-
com.episode6.hackit.disposable,pausables-core,0.0.8,-,-,?,-,false,-
com.episode6.hackit.gdmc,gdmc,0.1.10,-,-,?,-,false,-
com.episode6.hackit.groovykit,gk-files,0.0.3,-,-,?,-,false,-
com.episode6.hackit.groovykit,gk-versions,0.0.3,-,-,?,-,false,-
com.episode6.hackit.mockspresso,mockspresso-api,0.0.14,-,-,?,-,false,-
com.episode6.hackit.mockspresso,mockspresso-basic-plugins,0.0.14,-,-,?,-,false,-
com.episode6.hackit.mockspresso,mockspresso-core,0.0.14,-,-,?,-,false,-
com.episode6.hackit.mockspresso,mockspresso-dagger,0.0.14,-,-,?,-,false,-
com.episode6.hackit.mockspresso,mockspresso-easymock,0.0.14,-,-,?,-,false,-
com.episode6.hackit.mockspresso,mockspresso-easymock-powermock,0.0.14,-,-,?,-,false,-
com.episode6.hackit.mockspresso,mockspresso-extend,0.0.14,-,-,?,-,false,-
com.episode6.hackit.mockspresso,mockspresso-guava,0.0.14,-,-,?,-,false,-
com.episode6.hackit.mockspresso,mockspresso-mockito,0.0.14,-,-,?,-,false,-
com.episode6.hackit.mockspresso,mockspresso-mockito-powermock,0.0.14,-,-,?,-,false,-
com.episode6.hackit.mockspresso,mockspresso-quick,0.0.14,-,-,?,-,false,-
com.episode6.hackit.mockspresso,mockspresso-reflect,0.0.14,-,-,?,-,false,-
com.episode6.hackit.nestable,nestable,0.0.1,-,-,?,-,false,-
com.episode6.hackit.typed,typed-core,0.0.4,-,-,?,-,false,-
com.exsoloscript.challonge,challonge-java,1.0.3,-,-,?,-,false,-
com.geteventstore,akka-persistence-eventstore_2.11,5.0.2,-,-,?,-,false,-
com.geteventstore,akka-persistence-eventstore_2.12,5.0.2,-,-,?,-,false,-
com.geteventstore,eventstore-client_2.11,5.0.8,-,-,?,-,false,-
com.geteventstore,eventstore-client_2.12,5.0.8,-,-,?,-,false,-
com.guizmaii,scala-distances_2.11,0.2.2,-,-,?,-,false,-
com.guizmaii,scala-distances_2.12,0.2.2,-,-,?,-,false,-
com.hds.hcpaw,anywhere-fss-sdk,3.0.3.58,-,-,?,-,false,-
com.iih5,smart-orm,3.1,-,-,?,-,false,-
com.initiative-soft,pos-printer-lib,0.2.0,-,-,?,-,false,-
com.iyzipay,google-cloud-vision,1.0.18,-,-,?,-,false,-
com.iyzipay,iyzipay-java,2.0.61,-,-,?,-,false,-
com.jiechic.library.wire,wire-gradle-plugin,2.0.0,-,-,?,-,false,-
com.jiechic.proto.wire,wire-gradle-plugin,2.0.0,-,-,?,-,false,-
com.joestelmach,natty,0.13,-,-,?,-,false,-
com.lihaoyi,amm-2.12.4_2.12,1.0.5-25-b3b801e8,-,-,?,-,false,-
com.lihaoyi,amm-interp-2.11.7_2.11,1.0.5-25-b3b801e8,-,-,?,-,false,-
com.lihaoyi,ammonite-runtime_2.10.6,0.9.3,-,-,?,-,false,-
com.lihaoyi,ammonite-runtime_2.11.5,0.9.3,-,-,?,-,false,-
com.lihaoyi,amm-repl-2.11.6_2.11,1.0.5-25-b3b801e8,-,-,?,-,false,sun.misc.Signal                          See http://openjdk.java.net/jeps/260 + sun.misc.SignalHandler                   See http://openjdk.java.net/jeps/260
com.lihaoyi,mill-json-jvm-2.11.11_2.11,0.6.0-RC1,-,-,?,-,false,-
com.lihaoyi,mill-scalanativelib_2.12,0.2.6-27-613878,-,-,?,-,false,-
com.lihaoyi,sourcecode_sjs1.0.0-M1_2.13.0-M1,0.1.4,-,-,?,-,false,-
com.lihaoyi,upickle_2.12,0.6.6,-,-,?,-,false,-
com.lyft,lyft-android-sdk-networking,1.0.3,-,-,?,-,false,-
com.macasaet.fernet,fernet-aws-secrets-manager-rotator,1.3.1,-,-,?,-,false,-
com.macasaet.fernet,fernet-java8,1.3.1,-,-,?,-,false,-
com.macasaet.fernet,fernet-jersey-auth,1.3.1,-,-,?,-,false,-
com.macasaet.google.conversation,google-actions-conversation-api,0.0.14,-,-,?,-,false,-
com.macasaet.lambda,fluent-lambda,0.2.1,-,-,?,-,false,-
com.memsql,memsql-connector_2.11,2.0.5,-,-,?,-,false,-
com.solacesystems,sol-common,10.4.0,-,-,?,-,false,-
com.solacesystems,sol-jcsmp,10.4.0,-,-,?,-,false,-
com.solacesystems,sol-jms,10.4.0,-,-,?,-,false,-
com.sshtools,damage,2.1.2,-,-,?,-,false,-
com.sshtools,di,3.0.1,-,-,?,-,false,-
com.sshtools,hypersocket-json-client,1.0.1,-,-,?,-,false,-
com.sshtools,icon-generator,1.0.2,-,-,?,-,false,-
com.sshtools,jfreedesktop-core,2.1.2,-,-,?,-,false,-
com.sshtools,jfreedesktop-swing,2.1.2,-,-,?,-,false,-
com.sshtools,jfreedesktop-tango,2.1.2,-,-,?,-,false,-
com.sshtools,rdp,3.0.0,-,-,?,-,false,-
com.sshtools,rfb-common,3.0.0,-,-,?,-,false,-
com.sshtools,rfb-player,3.0.0,-,-,?,-,false,java.awt.peer.ComponentPeer              Should not use. See https://bugs.openjdk.java.net/browse/JDK-8037739 + java.awt.peer.FramePeer                  Should not use. See https://bugs.openjdk.java.net/browse/JDK-8037739
com.sshtools,rfb-recorder,3.0.0,-,-,?,-,false,-
com.sshtools,rfb-server,3.0.0,-,-,?,-,false,-
com.sshtools,rfb-server-linux,3.0.0,-,-,?,-,false,-
com.sshtools,rfb-server-windows,3.0.0,-,-,?,-,false,-
com.sshtools,rfb-viewer-common,3.0.0,-,-,?,-,false,-
com.sshtools,rfb-viewer-javafx,3.0.0,-,-,?,-,false,-
com.sshtools,rfb-viewer-swing,3.0.0,-,-,?,-,false,-
com.sshtools,sshapi-cli,1.1.2,-,-,?,-,false,java.awt.peer.ComponentPeer              Should not use. See https://bugs.openjdk.java.net/browse/JDK-8037739
com.sshtools,sshapi-commons-vfs,1.1.2,-,-,?,-,false,-
com.sshtools,sshapi-core,1.1.2,-,-,?,-,false,-
com.sshtools,sshapi-examples,1.1.2,-,-,?,-,false,-
com.sshtools,sshapi-ganymed,1.1.2,-,-,?,-,false,-
com.sshtools,sshapi-j2ssh,1.1.2,-,-,?,-,false,-
com.sshtools,sshapi-jsch,1.1.2,-,-,?,-,false,-
com.sshtools,sshapi-libssh,1.1.2,-,-,?,-,false,-
com.sshtools,sshapi-maverick,1.1.2,-,-,?,-,false,-
com.sshtools,sshapi-maverick-16,1.1.2,-,-,?,-,false,-
com.sshtools,sshapi-trilead,1.1.2,-,-,?,-,false,-
com.sshtools,ui,3.0.1,-,-,?,-,false,-
com.sshtools,vfs-afp,3.0.0,-,-,?,-,false,-
com.sshtools,vfs-azure,3.0.0,-,-,?,-,false,-
com.sshtools,vfs-dropbox,3.0.0,-,-,?,-,false,-
com.sshtools,vfs-ext,3.0.0,-,-,?,-,false,-
com.sshtools,vfs-gcs,3.0.0,-,-,?,-,false,-
com.sshtools,vfs-googledrive,3.0.0,-,-,?,-,false,-
com.sshtools,vfs-nfs,3.0.0,-,-,?,-,false,-
com.sshtools,vfs-rfbftp,3.0.0,-,-,?,-,false,-
com.sshtools,vfs-s3,3.0.0,-,-,?,-,false,-
com.sshtools,vfs-webdav,3.0.0,-,-,?,-,false,-
com.sshtools,vnc-server,3.0.0,-,-,?,-,false,java.awt.peer.ComponentPeer              Should not use. See https://bugs.openjdk.java.net/browse/JDK-8037739
com.sshtools,vnc-viewer-javafx,3.0.0,-,-,?,-,false,-
com.sshtools,vnc-viewer-swing,3.0.0,-,-,?,-,false,-
com.sshtools,wagon-sshapi,1.1.2,-,-,?,-,false,-
com.stakater.kubernetes,assertions,1.0.2,-,-,?,-,false,-
com.varmateo.aktoro,aktoro-api,0.0.1,-,-,?,-,false,-
com.varmateo.yawg,yawg-api,0.9.8,-,-,?,-,false,-
com.varmateo.yawg,yawg-core,0.9.8,-,-,?,-,false,-
com.varmateo.yawg,yawg-spi,0.9.8,-,-,?,-,false,-
com.venusource.ms.base,wxss-spring-boot-autoconfigure,1.0.2,-,-,?,-,false,-
com.venusource.ms.base,wxss-spring-boot-starter,1.0.2,-,-,?,-,false,-
com.yoshikimoji.oss,phonecode,1.0.1,-,-,?,-,false,-
