groupId,artifactId,version,moduleName,moduleVersion,moduleMode,moduleDependencies,jdepsToolError,jdepsViolations
com.github.1991wangliang,lorne_mongo,1.0.1,-,-,?,-,false,-
com.github.3tty0n,gatling-thrift_2.11,0.1.0,-,-,?,-,false,-
com.github.3tty0n,gatling-thrift_2.12,0.6.0,-,-,?,-,false,-
com.github.3tty0n,jwt-scala_2.10,1.3.0,-,-,?,-,false,-
com.github.3tty0n,jwt-scala_2.11,1.3.0,-,-,?,-,false,-
com.github.3tty0n,jwt-scala_2.12,1.3.0,-,-,?,-,false,-
com.github.adangel.liquibase.ext,liquibase-percona,1.4.0,-,-,?,-,false,-
com.github.adben002.testdatabuilder,core,2.0,-,-,?,-,false,-
com.github.adben002.testdatabuilder,entity,2.0,-,-,?,-,false,-
com.github.adben002.testdatabuilder,test-data-builder,1.0,-,-,?,-,false,-
com.github.aenniw,jrobot-features,3.5.1,-,-,?,-,false,-
com.github.aenniw,jrobot-remote-server,3.5.1,-,-,?,-,false,-
com.github.alex1304,jdash,2.2.4,-,-,?,-,false,-
com.github.alex1304,jdash-events,1.0.7,-,-,?,-,false,-
com.github.aneureka,PrettyTable4J,0.0.2,-,-,?,-,false,-
com.github.annypatel.retrocrawler,converter-jspoon,1.0.0-alpha1,-,-,?,-,false,-
com.github.annypatel.retrocrawler,core,1.0.0-alpha1,-,-,?,-,false,-
com.github.annypatel.retrocrawler,reader,1.0.0-alpha1,-,-,?,-,false,-
com.github.binarywang,java-emoji-converter,0.1.1,-,-,?,-,false,-
com.github.binarywang,java-generator,1.1.0,-,-,?,-,false,-
com.github.binarywang,java-testdata-generator,1.1.1,-,-,?,-,false,-
com.github.binarywang,qrcode-utils,1.1,-,-,?,-,false,-
com.github.binarywang.tools,java-generator,1.0.0,-,-,?,-,false,-
com.github.binarywang,weixin-java-common,3.1.6.BETA,-,-,?,-,false,-
com.github.binarywang,weixin-java-cp,3.1.6.BETA,-,-,?,-,false,-
com.github.binarywang,weixin-java-miniapp,3.1.6.BETA,-,-,?,-,false,-
com.github.binarywang,weixin-java-mp,3.1.6.BETA,-,-,?,-,false,-
com.github.binarywang,weixin-java-open,3.1.6.BETA,-,-,?,-,false,-
com.github.binarywang,weixin-java-osgi,2.5.1.BETA,-,-,?,-,false,sun.misc.Unsafe                          See http://openjdk.java.net/jeps/260
com.github.binarywang,weixin-java-pay,3.1.6.BETA,-,-,?,-,false,-
com.github.bournecui,easy-retry,0.0.1,-,-,?,-,false,-
com.github.chen0040,friendly-drools,1.0.1,-,-,?,-,false,-
com.github.chen0040,java-adaptive-resonance-theory,1.0.6,-,-,?,-,false,-
com.github.chen0040,java-ann-mlp,1.0.6,-,-,?,-,false,-
com.github.chen0040,java-clustering,1.0.3,-,-,?,-,false,-
com.github.chen0040,java-data-frame,1.0.11,-,-,?,-,false,-
com.github.chen0040,java-data-image,1.0.2,-,-,?,-,false,-
com.github.chen0040,java-datasets-discrete-optimization,1.0.1,-,-,?,-,false,-
com.github.chen0040,java-data-text,1.0.3,-,-,?,-,false,-
com.github.chen0040,java-data-visualizer,1.0.1,-,-,?,-,false,-
com.github.chen0040,java-decision-forest,1.0.3,-,-,?,-,false,-
com.github.chen0040,java-frequent-pattern-mining,1.0.1,-,-,?,-,false,-
com.github.chen0040,java-genetic-programming,1.0.14,-,-,?,-,false,-
com.github.chen0040,java-geoip,1.0.1,-,-,?,-,false,-
com.github.chen0040,java-glm,1.0.6,-,-,?,-,false,sun.reflect.generics.reflectiveObjects.NotImplementedException Removed. See http://openjdk.java.net/jeps/260
com.github.chen0040,java-hdfs-client,1.0.1,-,-,?,-,false,-
com.github.chen0040,java-lda,1.0.4,-,-,?,-,false,-
com.github.chen0040,java-libsvm,1.0.4,-,-,?,-,false,-
com.github.chen0040,java-local-outlier-factor,1.0.4,-,-,?,-,false,-
com.github.chen0040,java-local-search,1.0.1,-,-,?,-,false,sun.reflect.generics.reflectiveObjects.NotImplementedException Removed. See http://openjdk.java.net/jeps/260
com.github.chen0040,java-magento-client,1.0.15,-,-,?,-,false,-
com.github.chen0040,java-magento-image-uploader,1.0.2,-,-,?,-,false,-
com.github.chen0040,java-mesos-client,1.0.1,-,-,?,-,false,-
com.github.chen0040,java-moea,1.0.5,-,-,?,-,false,-
com.github.chen0040,java-mogp,1.0.3,-,-,?,-,false,sun.reflect.generics.reflectiveObjects.NotImplementedException Removed. See http://openjdk.java.net/jeps/260
com.github.chen0040,java-naive-bayes-classifier,1.0.1,-,-,?,-,false,-
com.github.chen0040,java-outliers,1.0.1,-,-,?,-,false,-
com.github.chen0040,java-plsa,1.0.1,-,-,?,-,false,-
com.github.chen0040,java-regex-cultivator,1.0.1,-,-,?,-,false,-
com.github.chen0040,java-reinforcement-learning,1.0.5,-,-,?,-,false,-
com.github.chen0040,java-sequential-pattern-mining,1.0.1,-,-,?,-,false,-
com.github.chen0040,java-som,1.0.2,-,-,?,-,false,-
com.github.chen0040,java-ssd-object-detection,1.0.1,-,-,?,-,false,-
com.github.chen0040,java-statistical-inference,1.0.4,-,-,?,-,false,-
com.github.chen0040,java-swarm-intelligence,1.0.5,-,-,?,-,false,-
com.github.chen0040,java-tensorflow-music,1.0.1,-,-,?,-,false,-
com.github.chen0040,java-text-embedding,1.0.1,-,-,?,-,false,-
com.github.chen0040,java-zookeeper-coordinator,1.0.2,-,-,?,-,false,-
com.github.chen0040,spark-ml-commons,1.0.1,-,-,?,-,false,-
com.github.chen0040,spark-ml-genetic-programming,1.0.5,-,-,?,-,false,-
com.github.chen0040,spark-ml-recommender,1.0.5,-,-,?,-,false,-
com.github.chen0040,spark-ml-regex-generator,1.0.1,-,-,?,-,false,-
com.github.chen0040,spark-opt-moea,1.0.1,-,-,?,-,false,-
com.github.dnbn.submerge,submerge-api,1.9.2,-,-,?,-,false,-
com.github.eirslett,frontend-maven-plugin,1.6,-,-,?,-,false,-
com.github.eirslett,frontend-plugin-core,1.6,-,-,?,-,false,-
com.github.febo,myra,4.5,-,-,?,-,false,-
com.github.fworks,fingerprintjs2gwt,1.5.0,-,-,?,-,false,-
com.github.fworks,simplerestdoc,1.0,-,-,?,-,false,-
com.github.gilmardeveloper,safeguard,0.0.1-RELEASE,-,-,?,-,false,-
com.github.haflife3,dquartz,1.1,-,-,?,-,false,-
com.github.haflife3,meedis,1.0,-,-,?,-,false,-
com.github.hai046,zkconfig-resources,1.0.0,-,-,?,-,false,-
com.github.iaunzu,beanwrapper,1.0.0,-,-,?,-,false,-
com.github.iaunzu,strqlbuilder,1.1.1,-,-,?,-,false,-
com.github.infrmods.xbus,xbus-client,0.1.2,-,-,?,-,false,-
com.github.jaimess,quick-orc,0.0.1,-,-,?,-,false,-
com.github.jaxb-xew-plugin,jaxb-xew-plugin,1.10,-,-,?,-,false,-
com.github.jayield,jayield,0.1.0,-,-,?,-,false,-
com.github.jayield,rapper,1.0.4,-,-,?,-,false,-
com.github.jconverter,jconverter,0.0.3,-,-,?,-,false,-
com.github.jieblog,jfinal-shiro,3.1.0,-,-,?,-,false,-
com.github.jknack,handlebars,4.1.0,-,-,?,-,false,-
com.github.jknack,handlebars-guava-cache,4.1.0,-,-,?,-,false,-
com.github.jknack,handlebars-helpers,4.1.0,-,-,?,-,false,-
com.github.jknack,handlebars-humanize,4.1.0,-,-,?,-,false,-
com.github.jknack,handlebars-jackson2,4.1.0,-,-,?,-,false,-
com.github.jknack,handlebars-markdown,4.1.0,-,-,?,-,false,-
com.github.jknack,handlebars-maven-plugin,4.1.0,-,-,?,-,false,-
com.github.jknack,handlebars-proto,4.1.0,-,-,?,-,false,sun.misc.Unsafe                          See http://openjdk.java.net/jeps/260 + sun.reflect.Reflection                   Use java.lang.StackWalker @since 9
com.github.jknack,handlebars-springmvc,4.1.0,-,-,?,-,false,-
com.github.jknack,handlebars-without-rhino,4.0.7,-,-,?,-,false,-
com.github.jknack,mwa-camel,0.4.2,-,-,?,-,false,-
com.github.jknack,mwa-core,0.4.2,-,-,?,-,false,-
com.github.jknack,mwa-jpa,0.4.2,-,-,?,-,false,-
com.github.jknack,mwa-mail,0.4.2,-,-,?,-,false,-
com.github.jknack,mwa-mongo,0.4.2,-,-,?,-,false,-
com.github.jknack,mwa-morphia,0.4.2,-,-,?,-,false,-
com.github.jknack,mwa-solr3,0.4.2,-,-,?,-,false,-
com.github.jknack,mwa-solr4,0.4.2,-,-,?,-,false,-
com.github.jknack,mwa-web,0.4.2,-,-,?,-,false,-
com.github.jknack,mwa-wro4j,0.4.2,-,-,?,-,false,-
com.github.karasiq,bittorrent_2.11,1.0.8,-,-,?,-,false,-
com.github.karasiq,bittorrent_2.12,1.0.8,-,-,?,-,false,-
com.github.karasiq,coffeescript_2.11,1.0.2,-,-,?,-,false,-
com.github.karasiq,coffeescript_2.12,1.0.2,-,-,?,-,false,-
com.github.karasiq,commons_2.11,1.0.10,-,-,?,-,false,-
com.github.karasiq,commons_2.12,1.0.10,-,-,?,-,false,-
com.github.karasiq,commons-akka_2.11,1.0.10,-,-,?,-,false,-
com.github.karasiq,commons-akka_2.12,1.0.10,-,-,?,-,false,-
com.github.karasiq,commons-configs_2.11,1.0.10,-,-,?,-,false,-
com.github.karasiq,commons-configs_2.12,1.0.10,-,-,?,-,false,-
com.github.karasiq,commons-configs_sjs0.6_2.11,1.0.10,-,-,?,-,false,-
com.github.karasiq,commons-configs_sjs0.6_2.12,1.0.10,-,-,?,-,false,-
com.github.karasiq,commons-files_2.11,1.0.10,-,-,?,-,false,-
com.github.karasiq,commons-files_2.12,1.0.10,-,-,?,-,false,-
com.github.karasiq,commons-misc_2.11,1.0.10,-,-,?,-,false,-
com.github.karasiq,commons-misc_2.12,1.0.10,-,-,?,-,false,-
com.github.karasiq,commons-network_2.11,1.0.10,-,-,?,-,false,-
com.github.karasiq,commons-network_2.12,1.0.10,-,-,?,-,false,-
com.github.karasiq,cryptoutils_2.11,1.4.3,-,-,?,-,false,-
com.github.karasiq,cryptoutils_2.12,1.4.3,-,-,?,-,false,-
com.github.karasiq,dropbox-api_2.11,1.0.1,-,-,?,-,false,-
com.github.karasiq,dropbox-api_2.12,1.0.1,-,-,?,-,false,-
com.github.karasiq,gdrive-api_2.11,1.0.13,-,-,?,-,false,-
com.github.karasiq,gdrive-api_2.12,1.0.13,-,-,?,-,false,-
com.github.karasiq,goose_2.11,2.1.29,-,-,?,-,false,-
com.github.karasiq,goose_2.12,2.1.29,-,-,?,-,false,-
com.github.karasiq,kalium-fork,0.6.2,-,-,?,-,false,-
com.github.karasiq,mailrucloud-api_2.11,1.1.2,-,-,?,-,false,-
com.github.karasiq,mailrucloud-api_2.12,1.1.2,-,-,?,-,false,-
com.github.karasiq,nanoboard_2.11,1.3.0,-,-,?,-,false,-
com.github.karasiq,nanoboard_2.12,1.3.2,-,-,?,-,false,-
com.github.karasiq,proxyutils_2.11,2.0.12,-,-,?,-,false,-
com.github.karasiq,proxyutils_2.12,2.0.12,-,-,?,-,false,-
com.github.karasiq,scala-cache_2.12,1.0.3,-,-,?,-,false,-
com.github.karasiq,scala-cache-core_2.12,1.0.3,-,-,?,-,false,-
com.github.karasiq,scala-cache-core_sjs0.6_2.12,1.0.3,-,-,?,-,false,-
com.github.karasiq,scala-cache-larray_2.12,1.0.3,-,-,?,-,false,-
com.github.karasiq,scala-cache-simple_2.12,1.0.3,-,-,?,-,false,-
com.github.karasiq,scala-cache-simple_sjs0.6_2.12,1.0.3,-,-,?,-,false,-
com.github.karasiq,scalajs-bootstrap_2.11,2.3.2,-,-,?,-,false,-
com.github.karasiq,scalajs-bootstrap_2.12,2.3.2,-,-,?,-,false,-
com.github.karasiq,scalajs-bootstrap-context_2.11,2.3.2,-,-,?,-,false,-
com.github.karasiq,scalajs-bootstrap-context_2.12,2.3.2,-,-,?,-,false,-
com.github.karasiq,scalajs-bootstrap-context_sjs0.6_2.11,2.3.2,-,-,?,-,false,-
com.github.karasiq,scalajs-bootstrap-context_sjs0.6_2.12,2.3.2,-,-,?,-,false,-
com.github.karasiq,scalajs-bootstrap-jquery_sjs0.6_2.11,2.3.2,-,-,?,-,false,-
com.github.karasiq,scalajs-bootstrap-jquery_sjs0.6_2.12,2.3.2,-,-,?,-,false,-
com.github.karasiq,scalajs-bootstrap_sjs0.6_2.11,2.3.2,-,-,?,-,false,-
com.github.karasiq,scalajs-bootstrap_sjs0.6_2.12,2.3.2,-,-,?,-,false,-
com.github.karasiq,scalajs-bootstrap-text_2.11,1.2.0,-,-,?,-,false,-
com.github.karasiq,scalajs-bootstrap-text_2.12,1.2.0,-,-,?,-,false,-
com.github.karasiq,scalajs-bootstrap-text_sjs0.6_2.11,1.2.0,-,-,?,-,false,-
com.github.karasiq,scalajs-bootstrap-text_sjs0.6_2.12,1.2.0,-,-,?,-,false,-
com.github.karasiq,scalajs-bootstrap-v4_2.11,2.3.2,-,-,?,-,false,-
com.github.karasiq,scalajs-bootstrap-v4_2.12,2.3.2,-,-,?,-,false,-
com.github.karasiq,scalajs-bootstrap-v4_sjs0.6_2.11,2.3.2,-,-,?,-,false,-
com.github.karasiq,scalajs-bootstrap-v4_sjs0.6_2.12,2.3.2,-,-,?,-,false,-
com.github.karasiq,scalajs-highcharts_sjs0.6_2.11,1.2.1,-,-,?,-,false,-
com.github.karasiq,scalajs-highcharts_sjs0.6_2.12,1.2.1,-,-,?,-,false,-
com.github.karasiq,scalajs-marked_sjs0.6_2.11,1.0.2,-,-,?,-,false,-
com.github.karasiq,scalajs-marked_sjs0.6_2.12,1.0.2,-,-,?,-,false,-
com.github.karasiq,scalajs-videojs_sjs0.6_2.11,1.0.5,-,-,?,-,false,-
com.github.karasiq,scalajs-videojs_sjs0.6_2.12,1.0.5,-,-,?,-,false,-
com.github.karasiq,webzinc_2.11,1.0.8,-,-,?,-,false,-
com.github.karasiq,webzinc_2.12,1.0.8,-,-,?,-,false,-
com.github.karasiq,webzinc-htmlunit_2.11,1.0.8,-,-,?,-,false,-
com.github.karasiq,webzinc-htmlunit_2.12,1.0.8,-,-,?,-,false,-
com.github.karelcemus,play-i18n_2.11,1.1.1,-,-,?,-,false,-
com.github.karelcemus,play-i18n_2.12,1.1.1,-,-,?,-,false,-
com.github.karelcemus,play-json_2.11,1.1.0,-,-,?,-,false,-
com.github.karelcemus,play-redis_2.11,2.2.0,-,-,?,-,false,-
com.github.karelcemus,play-redis_2.12,2.2.0,-,-,?,-,false,-
com.github.kburger,rdf4j-beans,0.3.0,-,-,?,-,false,-
com.github.kburger,rdf4j-generator-maven-plugin,0.2.0,-,-,?,-,false,-
com.github.khazrak,jdocker-client,3.0.0,-,-,?,-,false,-
com.github.kingchn,meteor-core,1.0.1,-,-,?,-,false,-
com.github.kingchn,meteor-util,1.0.1,-,-,?,-,false,-
com.github.kyo7701,PackageUtil,7,-,-,?,-,false,-
com.github.markozajc,akiwrapper,1.3.3,-,-,?,-,false,-
com.github.mnteam,mnt-base,1.1.1,-,-,?,-,false,-
com.github.mogikanen9.maven.plugins,xml-cleanup-maven-plugin,1.0.1,-,-,?,-,false,-
com.github.mpetruska,uk-modulo-scala_2.10,5.10.0,-,-,?,-,false,-
com.github.mpetruska,uk-modulo-scala_2.11,5.10.0,-,-,?,-,false,-
com.github.mpetruska,uk-modulo-scala_2.12,5.10.0,-,-,?,-,false,-
com.github.norwae,ignifera_2.11,1.0.2,-,-,?,-,false,-
com.github.norwae,ignifera_2.12,1.1.0,-,-,?,-,false,-
com.github.norwae,oriana_2.11,1.1.0,-,-,?,-,false,-
com.github.norwae,oriana_2.12,1.1.0,-,-,?,-,false,-
com.github.norwae,oriana-liqibase_2.11,1.1.0,-,-,?,-,false,-
com.github.norwae,oriana-liqibase_2.12,1.1.0,-,-,?,-,false,-
com.github.oyvindbjerke,jdbc-middleware,0.3,-,-,?,-,false,-
com.github.oyvindbjerke,properties,0.2,-,-,?,-,false,-
com.github.paramitamirza,CATENA,1.0.3,-,-,?,-,false,-
com.github.paramitamirza,catena,CATENA,-,-,?,-,false,-
com.github.pkiep-reniec,idaas_sdk_java,1.0.0,-,-,?,-,false,-
com.github.protobufel,common-files-v7,0.7.0,-,-,?,-,false,-
com.github.protobufel,common-verifications,0.7.1,-,-,?,-,false,-
com.github.protobufel,extended-regex,0.7.0,-,-,?,-,false,-
com.github.protobufel,java-common-test,0.1.7,-,-,?,-,false,-
com.github.protobufel,multikeymapjava,0.7.0,-,-,?,-,false,-
com.github.protobufel,protobufel,0.7.2,-,-,?,-,false,-
com.github.protobufel,protobufel-crud,0.7.1,-,-,?,-,false,-
com.github.protobufel,protobufel-el,0.7.1,-,-,?,-,false,-
com.github.protobufel,protobufel-grammar,0.7.1,-,-,?,-,false,-
com.github.protobufel,protobufel-protobuf-test-protos,0.7.1,-,-,?,-,false,-
com.github.protobufel,protobufel-test-protos,0.7.2,-,-,?,-,false,-
com.github.protobufel,protobufel-test-protos2,0.7.1,-,-,?,-,false,-
com.github.protobufel,protobufel-test-util,0.7.0,-,-,?,-,false,-
com.github.protobufel,regex-globs,0.7.0,-,-,?,-,false,-
com.github.protobufel,regex-support,0.7.0,-,-,?,-,false,-
com.github.protobufel,regex-support-interfaces,0.7.0,-,-,?,-,false,-
com.github.psyuhen,struts2-thymeleaf3-plugin,1.0.5.1-RELEASE,-,-,?,-,false,-
com.github.random-dwi,polygon-clipping,1.0.2,-,-,?,-,false,-
com.github.rinde,rinsim-central,4.4.6,-,-,?,-,false,-
com.github.rinde,rinsim-core,4.4.6,-,-,?,-,false,-
com.github.rinde,rinsim-experiment,4.4.6,-,-,?,-,false,-
com.github.savveex,potential-winner,0.0.1,-,-,?,-,false,-
com.github.sd4324530,fastweixin,1.3.15,-,-,?,-,false,-
com.github.sd4324530,JTuple,1.2.1,-,-,?,-,false,-
com.github.skjolber,3d-bin-container-packing,1.0.9,-,-,?,-,false,-
com.github.skjolber,async-stax-utils,1.0.2,-,-,?,-,false,-
com.github.skjolber,dsf,1.0.0,-,-,?,-,false,-
com.github.skjolber,indent,1.0.0,-,-,?,-,false,-
com.github.skjolber.jackson,jackson-syntax-highlight,1.0.3,-,-,?,-,false,-
com.github.skjolber.logback-logstash-syntax-highlighting-decorators,logback-logstash-syntax-highlighting-decorators,1.0.1,-,-,?,-,false,-
com.github.skjolber.log-domain,log-domain-codegen,1.0.3,-,-,?,-,false,-
com.github.skjolber.log-domain,log-domain-maven-plugin,1.0.3,-,-,?,-,false,-
com.github.skjolber.log-domain,log-domain-support-logback,1.0.3,-,-,?,-,false,-
com.github.skjolber.log-domain,log-domain-support-logback-jax-rs,1.0.3,-,-,?,-,false,-
com.github.skjolber.log-domain,log-domain-support-stackdriver,1.0.3,-,-,?,-,false,-
com.github.skjolber.log-domain,log-domain-test-logback,1.0.3,-,-,?,-,false,-
com.github.skjolber,mockito-rest-spring,1.0.2,-,-,?,-,false,-
com.github.skjolber.mockito-rest-spring,core,1.0.3,-,-,?,-,false,-
com.github.skjolber.mockito-rest-spring,core-junit4,1.0.3,-,-,?,-,false,-
com.github.skjolber.mockito-rest-spring,core-junit5,1.0.3,-,-,?,-,false,-
com.github.skjolber.mockito-rest-spring,jetty,1.0.3,-,-,?,-,false,-
com.github.skjolber.mockito-rest-spring,junit4-jetty,1.0.3,-,-,?,-,false,-
com.github.skjolber.mockito-rest-spring,junit4-tomcat,1.0.3,-,-,?,-,false,-
com.github.skjolber.mockito-rest-spring,junit4-undertow,1.0.3,-,-,?,-,false,-
com.github.skjolber.mockito-rest-spring,junit5-jetty,1.0.3,-,-,?,-,false,-
com.github.skjolber.mockito-rest-spring,junit5-tomcat,1.0.3,-,-,?,-,false,-
com.github.skjolber.mockito-rest-spring,junit5-undertow,1.0.3,-,-,?,-,false,-
com.github.skjolber.mockito-rest-spring,tomcat,1.0.3,-,-,?,-,false,-
com.github.skjolber.mockito-rest-spring,undertow,1.0.3,-,-,?,-,false,-
com.github.skjolber,mockito-soap-cxf,1.0.3,-,-,?,-,false,-
com.github.skjolber,mockito-spring-rest,1.0.1,-,-,?,-,false,-
com.github.skjolber.xml-log-filter,xml-log-filter-api,1.0.0,-,-,?,-,false,-
com.github.skjolber.xml-log-filter,xml-log-filter-base,1.0.0,-,-,?,-,false,-
com.github.skjolber.xml-log-filter,xml-log-filter-conformance,1.0.0,-,-,?,-,false,-
com.github.skjolber.xml-log-filter,xml-log-filter-core,1.0.0,-,-,?,-,false,-
com.github.skjolber.xml-log-filter,xml-log-filter-cxf,1.0.0,-,-,?,-,false,-
com.github.skjolber.xml-log-filter,xml-log-filter-jax-rs,1.0.0,-,-,?,-,false,-
com.github.skjolber.xml-log-filter,xml-log-filter-soap-header,1.0.0,-,-,?,-,false,-
com.github.skjolber.xml-log-filter,xml-log-filter-stax,1.0.0,-,-,?,-,false,-
com.github.skjolber.xml-log-filter,xml-log-filter-stax-soap-header,1.0.0,-,-,?,-,false,-
com.github.skjolber.xml-log-filter,xml-log-filter-test,1.0.0,-,-,?,-,false,-
com.github.skjolber.xml-log-filter,xml-log-filter-w3c-dom,1.0.0,-,-,?,-,false,-
com.github.stijndehaes,play-prometheus-filters_2.11,0.4.0,-,-,?,-,false,-
com.github.stijndehaes,play-prometheus-filters_2.12,0.4.0,-,-,?,-,false,-
com.github.swagger-akka-http,swagger-akka-http_2.11,1.0.0,-,-,?,-,false,-
com.github.swagger-akka-http,swagger-akka-http_2.12,1.0.0,-,-,?,-,false,-
com.github.swagger-spray,swagger-spray_2.11,0.8.0,-,-,?,-,false,-
com.github.taodong,cloud-maven-plugin,0.1.0,-,-,?,-,false,-
com.github.taodong,ngcli-maven-plugin,0.2,-,-,?,-,false,-
com.github.timpeeters,spring-boot-actuator-server-config,2.0.0,-,-,?,-,false,-
com.github.timpeeters,spring-boot-contextual-logging,2.0.0,-,-,?,-,false,-
com.github.timpeeters,spring-boot-graceful-shutdown,2.0.1,-,-,?,-,false,-
com.github.vmazheru.codeless,cl-cfg,0.9.0,-,-,?,-,false,-
com.github.vmazheru.codeless,cl-core,0.9.0,-,-,?,-,false,-
com.github.vmazheru.codeless,cl-jdbc,0.9.0,-,-,?,-,false,-
com.github.vmazheru.codeless,cl-json,0.9.0,-,-,?,-,false,-
com.github.vmazheru.codeless,cl-logging,0.9.0,-,-,?,-,false,-
com.github.vmazheru.codeless,cl-logging-log4j,0.9.0,-,-,?,-,false,-
com.github.vmazheru.codeless,cl-serializers,0.9.0,-,-,?,-,false,-
com.github.vmazheru.codeless,cl-util,0.9.0,-,-,?,-,false,-
com.github.voffa,gridhelper,0.1,-,-,?,-,false,-
com.github.vspr-ai,slack-api,1.4.1,-,-,?,-,false,-
com.github.wangsongyan,fast4j-core,1.0.0,-,-,?,-,false,-
com.github.wumingsheng,wums,0.1.0,-,-,?,-,false,-
com.github.wxiaoqi,ace-cache,0.0.2,-,-,?,-,false,-
com.github.zhycn,xbird-starter-dubbo,2.3.0,-,-,?,-,false,-
com.github.zhycn,xbird-starter-id,2.3.0,-,-,?,-,false,-
com.github.zhycn,xbird-starter-resteasy,2.3.0,-,-,?,-,false,-
com.github.zhycn,xbird-starter-retrofit2,2.3.0,-,-,?,-,false,-
com.github.zhycn,xbird-starter-swagger2,2.3.0,-,-,?,-,false,-
com.hextremelabs,quickee,1.0.Alpha12,-,-,?,-,false,-
com.lihaoyi,cask_2.12,0.1.6,-,-,?,-,false,-
com.lihaoyi,mill-contrib_2.12,0.2.6-26-146d58,-,-,?,-,false,-
com.lihaoyi,mill-contrib-buildinfo_2.12,0.2.6-26-146d58,-,-,?,-,false,-
com.lihaoyi,mill-contrib-scalapblib_2.12,0.2.6-26-146d58,-,-,?,-,false,-
com.lihaoyi,mill-contrib-testng,0.2.6-26-146d58,-,-,?,-,false,-
com.lihaoyi,mill-contrib-twirllib_2.12,0.2.6-26-146d58,-,-,?,-,false,-
com.lihaoyi,mill-dev_2.12,0.2.6-26-146d58,-,-,?,-,false,-
com.lihaoyi,mill-integration_2.12,2018-02-10T22-20-56-317Z-719ff8a6d79093d390b0d5ce7d01755e65fcd484,-,-,?,-,false,-
com.lihaoyi,mill-main_2.12,2018-02-10T22-20-56-317Z-719ff8a6d79093d390b0d5ce7d01755e65fcd484,-,-,?,-,false,-
com.lihaoyi,mill-main-client,0.2.6-26-146d58,-,-,?,-,false,-
com.lihaoyi,mill-main-core_2.12,0.2.6-26-146d58,-,-,?,-,false,-
com.lihaoyi,mill-main-graphviz_2.12,0.2.6-26-146d58,-,-,?,-,false,-
com.lihaoyi,mill-main-moduledefs_2.12,0.2.6-26-146d58,-,-,?,-,false,-
com.lihaoyi,mill-scalajslib_2.12,2018-02-10T22-20-56-317Z-719ff8a6d79093d390b0d5ce7d01755e65fcd484,-,-,?,-,false,-
com.lihaoyi,mill-scalajslib-worker-0.6_2.12,0.2.6-26-146d58,-,-,?,-,false,-
com.lihaoyi,mill-scalajslib-worker-1.0_2.12,0.2.6-26-146d58,-,-,?,-,false,-
com.lihaoyi,mill-scalalib_2.12,2018-02-10T22-20-56-317Z-719ff8a6d79093d390b0d5ce7d01755e65fcd484,-,-,?,-,false,-
com.lihaoyi,mill-scalalib-backgroundwrapper,0.2.6-26-146d58,-,-,?,-,false,-
com.lihaoyi,mill-scalalib-worker_2.12,0.2.6-26-146d58,-,-,?,-,false,-
com.lihaoyi,mill-scalanativelib_2.12,0.2.6-26-146d58,-,-,?,-,false,-
com.lihaoyi,mill-scalanativelib-worker-0.3_2.12,0.2.6-26-146d58,-,-,?,-,false,-
com.nepxion,discovery-common,4.3.18,-,-,?,-,false,-
com.nepxion,discovery-common-nacos,4.3.18,-,-,?,-,false,-
com.nepxion,discovery-common-redis,4.3.18,-,-,?,-,false,-
com.nepxion,discovery-console,4.3.18,-,-,?,-,false,-
com.nepxion,discovery-console-extension-nacos,4.3.18,-,-,?,-,false,-
com.nepxion,discovery-console-extension-redis,4.3.18,-,-,?,-,false,-
com.nepxion,discovery-plugin-admin-center,4.3.18,-,-,?,-,false,-
com.nepxion,discovery-plugin-config-center,4.3.18,-,-,?,-,false,-
com.nepxion,discovery-plugin-config-center-extension-nacos,4.3.18,-,-,?,-,false,-
com.nepxion,discovery-plugin-config-center-extension-redis,4.3.18,-,-,?,-,false,-
com.nepxion,discovery-plugin-framework,4.3.18,-,-,?,-,false,-
com.nepxion,discovery-plugin-framework-consul,4.3.18,-,-,?,-,false,-
com.nepxion,discovery-plugin-framework-eureka,4.3.18,-,-,?,-,false,-
com.nepxion,discovery-plugin-framework-zookeeper,4.3.18,-,-,?,-,false,-
com.nepxion,discovery-plugin-starter-consul,4.3.18,-,-,?,-,false,-
com.nepxion,discovery-plugin-starter-eureka,4.3.18,-,-,?,-,false,-
com.nepxion,discovery-plugin-starter-zookeeper,4.3.18,-,-,?,-,false,-
com.nepxion,discovery-plugin-strategy,4.3.18,-,-,?,-,false,-
com.nepxion,discovery-plugin-strategy-extension-gateway,4.3.18,-,-,?,-,false,-
com.nepxion,discovery-plugin-strategy-extension-service,4.3.18,-,-,?,-,false,-
com.nepxion,discovery-plugin-strategy-extension-zuul,4.3.18,-,-,?,-,false,-
io.github.sa1nt,ibm-heapdump-spring-boot-actuator-starter,0.8,-,-,?,-,false,-
io.zonky.test.postgres,embedded-postgres-binaries-darwin-amd64,10.5.0,-,-,?,-,false,-
io.zonky.test.postgres,embedded-postgres-binaries-linux-amd64,10.5.0,-,-,?,-,false,-
io.zonky.test.postgres,embedded-postgres-binaries-linux-amd64-alpine,10.5.0,-,-,?,-,false,-
io.zonky.test.postgres,embedded-postgres-binaries-linux-amd64-alpine-lite,10.5.0,-,-,?,-,false,-
io.zonky.test.postgres,embedded-postgres-binaries-linux-arm32v6,10.5.0,-,-,?,-,false,-
io.zonky.test.postgres,embedded-postgres-binaries-linux-arm32v6-alpine,10.5.0,-,-,?,-,false,-
io.zonky.test.postgres,embedded-postgres-binaries-linux-arm32v6-alpine-lite,10.5.0,-,-,?,-,false,-
io.zonky.test.postgres,embedded-postgres-binaries-linux-arm32v7,10.5.0,-,-,?,-,false,-
io.zonky.test.postgres,embedded-postgres-binaries-linux-arm64v8,10.5.0,-,-,?,-,false,-
io.zonky.test.postgres,embedded-postgres-binaries-linux-arm64v8-alpine,10.5.0,-,-,?,-,false,-
io.zonky.test.postgres,embedded-postgres-binaries-linux-arm64v8-alpine-lite,10.5.0,-,-,?,-,false,-
io.zonky.test.postgres,embedded-postgres-binaries-linux-i386,10.5.0,-,-,?,-,false,-
io.zonky.test.postgres,embedded-postgres-binaries-linux-i386-alpine,10.5.0,-,-,?,-,false,-
io.zonky.test.postgres,embedded-postgres-binaries-linux-i386-alpine-lite,10.5.0,-,-,?,-,false,-
io.zonky.test.postgres,embedded-postgres-binaries-linux-ppc64le,10.5.0,-,-,?,-,false,-
io.zonky.test.postgres,embedded-postgres-binaries-linux-ppc64le-alpine,10.5.0,-,-,?,-,false,-
io.zonky.test.postgres,embedded-postgres-binaries-linux-ppc64le-alpine-lite,10.5.0,-,-,?,-,false,-
io.zonky.test.postgres,embedded-postgres-binaries-windows-amd64,10.5.0,-,-,?,-,false,-
io.zonky.test.postgres,embedded-postgres-binaries-windows-i386,10.5.0,-,-,?,-,false,-
org.wso2.extension.siddhi.io.email,siddhi-io-email,1.0.19,-,-,?,-,false,-
org.wso2.extension.siddhi.io.http,org.wso2.extension.siddhi.io.http.coverge.test,1.0.34,-,-,?,-,false,-
org.wso2.extension.siddhi.io.http,siddhi-io-http,1.0.34,-,-,?,-,false,-
org.wso2.extension.siddhi.io.http,siddhi-io-http-osgi-tests,1.0.34,-,-,?,-,false,-
org.yaml,snakeyaml,1.22,-,-,?,-,false,-
