groupId,artifactId,version,moduleName,moduleVersion,moduleMode,moduleDependencies,jdepsToolError,jdepsViolations
cd.go.plugin,go-plugin-api-experimental,18.8.0-7286,-,-,?,-,false,-
com.google.apis,google-api-services-adsensehost,v4.1-rev512-1.24.1,-,-,?,-,false,-
com.google.apis,google-api-services-androidenterprise,v1-rev144-1.24.1,-,-,?,-,false,-
com.google.apis,google-api-services-appsactivity,v1-rev174-1.24.1,-,-,?,-,false,-
com.google.apis,google-api-services-appstate,v1-rev277-1.24.1,-,-,?,-,false,-
com.google.apis,google-api-services-cloudbuild,v1-rev763-1.22.0,-,-,?,-,false,-
com.google.apis,google-api-services-cloudfunctions,v1-rev52-1.18.0-rc,-,-,?,-,false,-
com.google.apis,google-api-services-dns,v2beta1-rev75-1.24.1,-,-,?,-,false,-
com.google.apis,google-api-services-gamesConfiguration,v1configuration-rev209-1.24.1,-,-,?,-,false,-
com.google.apis,google-api-services-gamesManagement,v1management-rev279-1.24.1,-,-,?,-,false,-
com.google.apis,google-api-services-games,v1-rev291-1.24.1,-,-,?,-,false,-
com.google.apis,google-api-services-jobs,v3-rev3-1.24.1,-,-,?,-,false,-
com.google.apis,google-api-services-toolresults,v1beta3-rev443-1.24.1,-,-,?,-,false,-
com.miglayout,lib-miglayout-NB80,5.2,-,-,?,-,false,-
com.miglayout,miglayout-core,5.2,-,-,?,-,false,-
com.miglayout,miglayout-demo,5.2,-,-,?,-,false,-
com.miglayout,miglayout-examples,5.2,-,-,?,-,false,-
com.miglayout,miglayout-ideutil,5.2,-,-,?,-,false,-
com.miglayout,miglayout-javafx,5.2,-,-,?,-,false,-
com.miglayout,miglayout-swing,5.2,-,-,?,-,false,-
com.miglayout,miglayout-swt,5.2,-,-,?,-,false,-
com.scireum,sirius-kernel,12.0-rc18,-,-,?,-,false,-
com.uber.motif,motif,0.0.6,-,-,?,-,false,-
com.uber.motif,motif-compiler,0.0.6,-,-,?,-,false,-
com.uber.motif,motif-ir,0.0.6,-,-,?,-,false,-
io.github.liuyuyu,mbg-plus,1.0.2,-,-,?,-,false,-
org.microbean,microbean-kubernetes-controller-cdi,0.1.4,-,-,?,-,false,-
org.tupol,scala-utils_2.11,0.0.1,-,-,?,-,false,-
org.tupol,scala-utils_2.12,0.0.1,-,-,?,-,false,-
