groupId,artifactId,version,moduleName,moduleVersion,moduleMode,moduleDependencies,jdepsToolError,jdepsViolations
com.github.BeFabulousJia12,TestNGServiceLoader,1.0.5,-,-,?,-,false,sun.misc.BASE64Encoder                   Use java.util.Base64 @since 1.8
com.google.apis,google-api-services-adsensehost,v4.1-rev512-1.24.1,-,-,?,-,false,-
com.google.apis,google-api-services-androidenterprise,v1-rev144-1.24.1,-,-,?,-,false,-
com.google.apis,google-api-services-appsactivity,v1-rev174-1.24.1,-,-,?,-,false,-
com.google.apis,google-api-services-appstate,v1-rev277-1.24.1,-,-,?,-,false,-
com.google.apis,google-api-services-cloudbuild,v1-rev763-1.22.0,-,-,?,-,false,-
com.google.apis,google-api-services-cloudfunctions,v1-rev52-1.18.0-rc,-,-,?,-,false,-
com.google.apis,google-api-services-dns,v2beta1-rev75-1.24.1,-,-,?,-,false,-
com.google.apis,google-api-services-games,v1-rev291-1.24.1,-,-,?,-,false,-
io.getnelson.nelson,core_2.11,0.11.70,-,-,?,-,false,-
io.github.liuyuyu,mbg-plus,1.0.2,-,-,?,-,false,-
nz.salect.objJSON,objjson-js,0.23,-,-,?,-,false,-
nz.salect.objJSON,objjson-jvm,0.23,-,-,?,-,false,-
org.microbean,microbean-kubernetes-controller-cdi,0.1.4,-,-,?,-,false,-
org.wso2.siddhi,performance-samples,4.2.5,-,-,?,-,false,-
org.wso2.siddhi,quick-start-samples,4.2.5,-,-,?,-,false,-
org.wso2.siddhi,siddhi-annotations,4.2.5,-,-,?,-,false,-
org.wso2.siddhi,siddhi-core,4.2.5,-,-,?,-,false,-
org.wso2.siddhi,siddhi-core-doc-gen,4.2.5,-,-,?,-,false,-
org.wso2.siddhi,siddhi-doc-gen,4.2.5,-,-,?,-,false,-
org.wso2.siddhi,siddhi-query-api,4.2.5,-,-,?,-,false,-
org.wso2.siddhi,siddhi-query-compiler,4.2.5,-,-,?,-,false,-
org.wso2.siddhi,siddhi-service,4.2.5,-,-,?,-,false,sun.misc.Cleaner                         Use java.lang.ref.PhantomReference @since 1.2 or java.lang.ref.Cleaner @since 9 + sun.misc.Unsafe                          See http://openjdk.java.net/jeps/260 + sun.security.x509.X500Name               Use javax.security.auth.x500.X500Principal @since 1.4
