groupId,artifactId,version,moduleName,moduleVersion,moduleMode,moduleDependencies,jdepsToolError,jdepsViolations
com.bertramlabs.plugins,less-asset-pipeline,3.0.5,-,-,?,-,false,-
com.bertramlabs.plugins,ratpack-asset-pipeline,3.0.5,-,-,?,-,false,-
com.bertramlabs.plugins,sass-asset-pipeline,3.0.5,-,-,?,-,false,-
com.google.apis,google-api-services-content,v2sandbox-rev91-1.24.1,-,-,?,-,false,-
com.google.apis,google-api-services-poly,v1-rev48-1.24.1,-,-,?,-,false,-
com.google.apis,google-api-services-servicemanagement,v1-rev409-1.23.0,-,-,?,-,false,-
com.google.apis,google-api-services-serviceuser,v1-rev72-1.22.0,-,-,?,-,false,-
com.google.apis,google-api-services-youtubeAnalytics,v2-rev53-1.24.1,-,-,?,-,false,-
com.graphql-java,nadel,2018-08-23T17-28-02-881a2a5,-,-,?,-,false,-
com.introproventures,graphql-jpa-query-annotations,0.3.5,-,-,?,-,false,-
com.introproventures,graphql-jpa-query-boot-starter,0.3.5,-,-,?,-,false,-
com.introproventures,graphql-jpa-query-example,0.3.5,-,-,?,-,false,-
com.introproventures,graphql-jpa-query-schema,0.3.5,-,-,?,-,false,-
com.liferay,com.liferay.gradle.plugins,3.12.49,-,-,?,-,false,-
com.liferay,com.liferay.gradle.plugins.defaults,5.4.48,-,-,?,-,false,-
com.liferay,com.liferay.source.formatter,1.0.656,-,-,?,-,false,-
io.gravitee.gateway,gravitee-gateway-buffer,1.18.1,-,-,?,-,false,-
io.gravitee.gateway,gravitee-gateway-el,1.18.1,-,-,?,-,false,-
io.gravitee.gateway,gravitee-gateway-env,1.18.1,-,-,?,-,false,-
io.gravitee.gateway,gravitee-gateway-policy,1.18.1,-,-,?,-,false,-
io.gravitee.gateway,gravitee-gateway-reactor,1.18.1,-,-,?,-,false,-
io.gravitee.gateway,gravitee-gateway-reporting,1.18.1,-,-,?,-,false,-
io.gravitee.gateway,gravitee-gateway-repository,1.18.1,-,-,?,-,false,-
io.gravitee.gateway,gravitee-gateway-resource,1.18.1,-,-,?,-,false,-
io.gravitee.gateway.handlers,gravitee-gateway-handlers-api,1.18.1,-,-,?,-,false,-
io.gravitee.gateway.http,gravitee-gateway-http-client-core,1.16.6,-,-,?,-,false,-
io.gravitee.gateway.http,gravitee-gateway-http-client-vertx,1.16.6,-,-,?,-,false,-
io.gravitee.gateway.security,gravitee-gateway-security-apikey,1.18.1,-,-,?,-,false,-
io.gravitee.gateway.security,gravitee-gateway-security-core,1.18.1,-,-,?,-,false,-
io.gravitee.gateway.security,gravitee-gateway-security-jwt,1.18.1,-,-,?,-,false,-
io.gravitee.gateway.security,gravitee-gateway-security-keyless,1.18.1,-,-,?,-,false,-
io.gravitee.gateway.security,gravitee-gateway-security-oauth2,1.18.1,-,-,?,-,false,-
io.gravitee.gateway.services,gravitee-gateway-services-apikeyscache,1.18.1,-,-,?,-,false,-
io.gravitee.gateway.services,gravitee-gateway-services-core,1.18.1,-,-,?,-,false,-
io.gravitee.gateway.services,gravitee-gateway-services-endpoint-discovery-consul,1.18.1,-,-,?,-,false,-
io.gravitee.gateway.services,gravitee-gateway-services-healthcheck,1.18.1,-,-,?,-,false,-
io.gravitee.gateway.services,gravitee-gateway-services-localregistry,1.18.1,-,-,?,-,false,-
io.gravitee.gateway.services,gravitee-gateway-services-monitoring,1.18.1,-,-,?,-,false,-
io.gravitee.gateway.services,gravitee-gateway-services-node-healthcheck,1.18.1,-,-,?,-,false,-
io.gravitee.gateway.services,gravitee-gateway-services-subscriptions-cache,1.18.1,-,-,?,-,false,-
io.gravitee.gateway.services,gravitee-gateway-services-sync,1.18.1,-,-,?,-,false,-
io.gravitee.gateway.standalone,gravitee-gateway-standalone-bootstrap,1.18.1,-,-,?,-,false,-
io.gravitee.gateway.standalone,gravitee-gateway-standalone-container,1.18.1,-,-,?,-,false,-
io.netty,netty-tcnative,2.0.14.Final,-,-,?,-,false,-
io.netty,netty-tcnative-boringssl-static,2.0.14.Final,-,-,?,-,false,-
org.elasticsearch,elasticsearch-hadoop,6.4.0,-,-,?,-,false,-
org.elasticsearch,elasticsearch-hadoop-cascading,6.4.0,-,-,?,-,false,-
org.elasticsearch,elasticsearch-hadoop-hive,6.4.0,-,-,?,-,false,-
org.elasticsearch,elasticsearch-hadoop-mr,6.4.0,-,-,?,-,false,-
org.elasticsearch,elasticsearch-hadoop-pig,6.4.0,-,-,?,-,false,-
org.elasticsearch,elasticsearch-spark-13_2.10,6.4.0,-,-,?,-,false,-
org.elasticsearch,elasticsearch-spark-13_2.11,6.4.0,-,-,?,-,false,-
org.elasticsearch,elasticsearch-spark-20_2.10,6.4.0,-,-,?,-,false,-
org.elasticsearch,elasticsearch-spark-20_2.11,6.4.0,-,-,?,-,false,-
org.elasticsearch,elasticsearch-storm,6.4.0,-,-,?,-,false,-
org.elasticsearch,elasticsearch-yarn,6.0.0-alpha2,-,-,?,-,false,-
org.jetbrains.kotlinx,kotlinx-coroutines-android,0.25.0-eap13,-,-,?,-,true,-
org.jetbrains.kotlinx,kotlinx-coroutines-core,0.25.0-eap13,-,-,?,-,true,-
org.jetbrains.kotlinx,kotlinx-coroutines-core-common,0.25.0-eap13,-,-,?,-,false,-
org.jetbrains.kotlinx,kotlinx-coroutines-core-js,0.25.0-eap13,-,-,?,-,false,-
org.jetbrains.kotlinx,kotlinx-coroutines-guava,0.25.0-eap13,-,-,?,-,true,-
org.jetbrains.kotlinx,kotlinx-coroutines-javafx,0.25.0-eap13,-,-,?,-,true,-
org.jetbrains.kotlinx,kotlinx-coroutines-jdk8,0.25.0-eap13,-,-,?,-,true,-
org.jetbrains.kotlinx,kotlinx-coroutines-nio,0.25.0-eap13,-,-,?,-,true,-
org.jetbrains.kotlinx,kotlinx-coroutines-quasar,0.25.0-eap13,-,-,?,-,true,-
org.jetbrains.kotlinx,kotlinx-coroutines-reactive,0.25.0-eap13,-,-,?,-,true,-
org.jetbrains.kotlinx,kotlinx-coroutines-reactor,0.25.0-eap13,-,-,?,-,true,-
org.jetbrains.kotlinx,kotlinx-coroutines-rx1,0.25.0-eap13,-,-,?,-,true,-
org.jetbrains.kotlinx,kotlinx-coroutines-rx2,0.25.0-eap13,-,-,?,-,true,-
org.jetbrains.kotlinx,kotlinx-coroutines-slf4j,0.25.0-eap13,-,-,?,-,true,-
org.jetbrains.kotlinx,kotlinx-coroutines-swing,0.25.0-eap13,-,-,?,-,true,-
org.scalameta,cli_2.11,4.0.0-M10,-,-,?,-,false,-
org.scalameta,cli_2.12,4.0.0-M10,-,-,?,-,false,-
org.scalameta,cli_native0.3_2.11,4.0.0-M10,-,-,?,-,false,-
org.scalameta,cli_sjs0.6_2.11,4.0.0-M10,-,-,?,-,false,-
org.scalameta,cli_sjs0.6_2.12,4.0.0-M10,-,-,?,-,false,-
org.scalameta,common_2.11,4.0.0-M10,-,-,?,-,false,-
org.scalameta,common_2.12,4.0.0-M10,-,-,?,-,false,-
org.scalameta,common_native0.3_2.11,4.0.0-M10,-,-,?,-,false,-
org.scalameta,common_sjs0.6_2.11,4.0.0-M10,-,-,?,-,false,-
org.scalameta,common_sjs0.6_2.12,4.0.0-M10,-,-,?,-,false,-
org.scalameta,contrib_2.11,4.0.0-M10,-,-,?,-,false,-
org.scalameta,contrib_2.12,4.0.0-M10,-,-,?,-,false,-
org.scalameta,contrib_native0.3_2.11,4.0.0-M10,-,-,?,-,false,-
org.scalameta,contrib_sjs0.6_2.11,4.0.0-M10,-,-,?,-,false,-
org.scalameta,contrib_sjs0.6_2.12,4.0.0-M10,-,-,?,-,false,-
org.scalameta,dialects_2.11,4.0.0-M10,-,-,?,-,false,-
org.scalameta,dialects_2.12,4.0.0-M10,-,-,?,-,false,-
org.scalameta,dialects_native0.3_2.11,4.0.0-M10,-,-,?,-,false,-
org.scalameta,dialects_sjs0.6_2.11,4.0.0-M10,-,-,?,-,false,-
org.scalameta,dialects_sjs0.6_2.12,4.0.0-M10,-,-,?,-,false,-
org.scalameta,inputs_2.11,4.0.0-M10,-,-,?,-,false,-
org.scalameta,inputs_2.12,4.0.0-M10,-,-,?,-,false,-
org.scalameta,inputs_native0.3_2.11,4.0.0-M10,-,-,?,-,false,-
org.scalameta,inputs_sjs0.6_2.11,4.0.0-M10,-,-,?,-,false,-
org.scalameta,inputs_sjs0.6_2.12,4.0.0-M10,-,-,?,-,false,-
org.scalameta,interactive_2.11.12,4.0.0-M10,-,-,?,-,false,-
org.scalameta,interactive_2.12.6,4.0.0-M10,-,-,?,-,false,-
org.scalameta,io_2.11,4.0.0-M10,-,-,?,-,false,-
org.scalameta,io_2.12,4.0.0-M10,-,-,?,-,false,-
org.scalameta,io_native0.3_2.11,4.0.0-M10,-,-,?,-,false,-
org.scalameta,io_sjs0.6_2.11,4.0.0-M10,-,-,?,-,false,-
org.scalameta,io_sjs0.6_2.12,4.0.0-M10,-,-,?,-,false,-
org.scalameta,metac_2.11.12,4.0.0-M10,-,-,?,-,false,-
org.scalameta,metac_2.12.6,4.0.0-M10,-,-,?,-,false,-
org.scalameta,metacp_2.11,4.0.0-M10,-,-,?,-,false,-
org.scalameta,metacp_2.12,4.0.0-M10,-,-,?,-,false,-
org.scalameta,metai_2.11,4.0.0-M10,-,-,?,-,false,-
org.scalameta,metai_2.12,4.0.0-M10,-,-,?,-,false,-
org.scalameta,metap_2.11,4.0.0-M10,-,-,?,-,false,-
org.scalameta,metap_2.12,4.0.0-M10,-,-,?,-,false,-
org.scalameta,metap_native0.3_2.11,4.0.0-M10,-,-,?,-,false,-
org.scalameta,metap_sjs0.6_2.11,4.0.0-M10,-,-,?,-,false,-
org.scalameta,metap_sjs0.6_2.12,4.0.0-M10,-,-,?,-,false,-
org.scalameta,parsers_2.11,4.0.0-M10,-,-,?,-,false,-
org.scalameta,parsers_2.12,4.0.0-M10,-,-,?,-,false,-
org.scalameta,parsers_native0.3_2.11,4.0.0-M10,-,-,?,-,false,-
org.scalameta,parsers_sjs0.6_2.11,4.0.0-M10,-,-,?,-,false,-
org.scalameta,parsers_sjs0.6_2.12,4.0.0-M10,-,-,?,-,false,-
org.scalameta,quasiquotes_2.11,4.0.0-M10,-,-,?,-,false,-
org.scalameta,quasiquotes_2.12,4.0.0-M10,-,-,?,-,false,-
org.scalameta,quasiquotes_native0.3_2.11,4.0.0-M10,-,-,?,-,false,-
org.scalameta,quasiquotes_sjs0.6_2.11,4.0.0-M10,-,-,?,-,false,-
org.scalameta,quasiquotes_sjs0.6_2.12,4.0.0-M10,-,-,?,-,false,-
org.scalameta,scalameta_2.11,4.0.0-M10,-,-,?,-,false,-
org.scalameta,scalameta_2.12,4.0.0-M10,-,-,?,-,false,-
org.scalameta,scalameta_native0.3_2.11,4.0.0-M10,-,-,?,-,false,-
org.scalameta,scalameta_sjs0.6_2.11,4.0.0-M10,-,-,?,-,false,-
org.scalameta,scalameta_sjs0.6_2.12,4.0.0-M10,-,-,?,-,false,-
org.scalameta,semanticdb_2.11,4.0.0-M10,-,-,?,-,false,-
org.scalameta,semanticdb_2.12,4.0.0-M10,-,-,?,-,false,-
org.scalameta,semanticdb-javac_2.11,4.0.0-M10,-,-,?,-,false,com.sun.org.apache.xml.internal.resolver.Catalog Use javax.xml.catalog @since 9 + com.sun.org.apache.xml.internal.resolver.CatalogManager Use javax.xml.catalog @since 9 + com.sun.org.apache.xml.internal.resolver.tools.CatalogResolver Use javax.xml.catalog @since 9 + sun.misc.IOUtils                         Removed. See http://openjdk.java.net/jeps/260 + sun.misc.JarIndex                        Removed. See http://openjdk.java.net/jeps/260 + sun.misc.MessageUtils                    Removed. See http://openjdk.java.net/jeps/260 + sun.misc.Perf                            Removed. See http://openjdk.java.net/jeps/260 + sun.misc.Perf$GetPerfAction              Removed. See http://openjdk.java.net/jeps/260 + sun.misc.PerformanceLogger               Removed. See http://openjdk.java.net/jeps/260 + sun.misc.Queue                           Removed. See http://openjdk.java.net/jeps/260 + sun.misc.Ref                             Removed. See http://openjdk.java.net/jeps/260 + sun.misc.Unsafe                          See http://openjdk.java.net/jeps/260 + sun.misc.VMSupport                       Removed. See http://openjdk.java.net/jeps/260 + sun.reflect.annotation.AnnotationParser  Removed. See http://openjdk.java.net/jeps/260 + sun.reflect.annotation.AnnotationType    Removed. See http://openjdk.java.net/jeps/260 + sun.reflect.annotation.EnumConstantNotPresentExceptionProxy Removed. See http://openjdk.java.net/jeps/260 + sun.reflect.annotation.ExceptionProxy    Removed. See http://openjdk.java.net/jeps/260 + sun.security.action.GetBooleanAction     Use java.security.PrivilegedAction @since 1.1 + sun.security.action.GetPropertyAction    Use java.security.PrivilegedAction @since 1.1 + sun.security.util.SecurityConstants      Use appropriate java.security.Permission subclass @since 1.1 + sun.security.x509.X500Name               Use javax.security.auth.x500.X500Principal @since 1.4
org.scalameta,semanticdb-javac_2.12,4.0.0-M10,-,-,?,-,false,com.sun.org.apache.xml.internal.resolver.Catalog Use javax.xml.catalog @since 9 + com.sun.org.apache.xml.internal.resolver.CatalogManager Use javax.xml.catalog @since 9 + com.sun.org.apache.xml.internal.resolver.tools.CatalogResolver Use javax.xml.catalog @since 9 + sun.misc.IOUtils                         Removed. See http://openjdk.java.net/jeps/260 + sun.misc.JarIndex                        Removed. See http://openjdk.java.net/jeps/260 + sun.misc.MessageUtils                    Removed. See http://openjdk.java.net/jeps/260 + sun.misc.Perf                            Removed. See http://openjdk.java.net/jeps/260 + sun.misc.Perf$GetPerfAction              Removed. See http://openjdk.java.net/jeps/260 + sun.misc.PerformanceLogger               Removed. See http://openjdk.java.net/jeps/260 + sun.misc.Queue                           Removed. See http://openjdk.java.net/jeps/260 + sun.misc.Ref                             Removed. See http://openjdk.java.net/jeps/260 + sun.misc.Unsafe                          See http://openjdk.java.net/jeps/260 + sun.misc.VMSupport                       Removed. See http://openjdk.java.net/jeps/260 + sun.reflect.annotation.AnnotationParser  Removed. See http://openjdk.java.net/jeps/260 + sun.reflect.annotation.AnnotationType    Removed. See http://openjdk.java.net/jeps/260 + sun.reflect.annotation.EnumConstantNotPresentExceptionProxy Removed. See http://openjdk.java.net/jeps/260 + sun.reflect.annotation.ExceptionProxy    Removed. See http://openjdk.java.net/jeps/260 + sun.security.action.GetBooleanAction     Use java.security.PrivilegedAction @since 1.1 + sun.security.action.GetPropertyAction    Use java.security.PrivilegedAction @since 1.1 + sun.security.util.SecurityConstants      Use appropriate java.security.Permission subclass @since 1.1 + sun.security.x509.X500Name               Use javax.security.auth.x500.X500Principal @since 1.4
org.scalameta,semanticdb_native0.3_2.11,4.0.0-M10,-,-,?,-,false,-
org.scalameta,semanticdb-scalac_2.11.12,4.0.0-M10,-,-,?,-,false,com.sun.org.apache.xml.internal.resolver.Catalog Use javax.xml.catalog @since 9 + com.sun.org.apache.xml.internal.resolver.CatalogManager Use javax.xml.catalog @since 9 + com.sun.org.apache.xml.internal.resolver.tools.CatalogResolver Use javax.xml.catalog @since 9 + sun.misc.IOUtils                         Removed. See http://openjdk.java.net/jeps/260 + sun.misc.JarIndex                        Removed. See http://openjdk.java.net/jeps/260 + sun.misc.MessageUtils                    Removed. See http://openjdk.java.net/jeps/260 + sun.misc.Perf                            Removed. See http://openjdk.java.net/jeps/260 + sun.misc.Perf$GetPerfAction              Removed. See http://openjdk.java.net/jeps/260 + sun.misc.PerformanceLogger               Removed. See http://openjdk.java.net/jeps/260 + sun.misc.Queue                           Removed. See http://openjdk.java.net/jeps/260 + sun.misc.Ref                             Removed. See http://openjdk.java.net/jeps/260 + sun.misc.Unsafe                          See http://openjdk.java.net/jeps/260 + sun.misc.VMSupport                       Removed. See http://openjdk.java.net/jeps/260 + sun.reflect.annotation.AnnotationParser  Removed. See http://openjdk.java.net/jeps/260 + sun.reflect.annotation.AnnotationType    Removed. See http://openjdk.java.net/jeps/260 + sun.reflect.annotation.EnumConstantNotPresentExceptionProxy Removed. See http://openjdk.java.net/jeps/260 + sun.reflect.annotation.ExceptionProxy    Removed. See http://openjdk.java.net/jeps/260 + sun.security.action.GetBooleanAction     Use java.security.PrivilegedAction @since 1.1 + sun.security.action.GetPropertyAction    Use java.security.PrivilegedAction @since 1.1 + sun.security.util.SecurityConstants      Use appropriate java.security.Permission subclass @since 1.1 + sun.security.x509.X500Name               Use javax.security.auth.x500.X500Principal @since 1.4
org.scalameta,semanticdb-scalac_2.12.6,4.0.0-M10,-,-,?,-,false,com.sun.org.apache.xml.internal.resolver.Catalog Use javax.xml.catalog @since 9 + com.sun.org.apache.xml.internal.resolver.CatalogManager Use javax.xml.catalog @since 9 + com.sun.org.apache.xml.internal.resolver.tools.CatalogResolver Use javax.xml.catalog @since 9 + sun.misc.IOUtils                         Removed. See http://openjdk.java.net/jeps/260 + sun.misc.JarIndex                        Removed. See http://openjdk.java.net/jeps/260 + sun.misc.MessageUtils                    Removed. See http://openjdk.java.net/jeps/260 + sun.misc.Perf                            Removed. See http://openjdk.java.net/jeps/260 + sun.misc.Perf$GetPerfAction              Removed. See http://openjdk.java.net/jeps/260 + sun.misc.PerformanceLogger               Removed. See http://openjdk.java.net/jeps/260 + sun.misc.Queue                           Removed. See http://openjdk.java.net/jeps/260 + sun.misc.Ref                             Removed. See http://openjdk.java.net/jeps/260 + sun.misc.Unsafe                          See http://openjdk.java.net/jeps/260 + sun.misc.VMSupport                       Removed. See http://openjdk.java.net/jeps/260 + sun.reflect.annotation.AnnotationParser  Removed. See http://openjdk.java.net/jeps/260 + sun.reflect.annotation.AnnotationType    Removed. See http://openjdk.java.net/jeps/260 + sun.reflect.annotation.EnumConstantNotPresentExceptionProxy Removed. See http://openjdk.java.net/jeps/260 + sun.reflect.annotation.ExceptionProxy    Removed. See http://openjdk.java.net/jeps/260 + sun.security.action.GetBooleanAction     Use java.security.PrivilegedAction @since 1.1 + sun.security.action.GetPropertyAction    Use java.security.PrivilegedAction @since 1.1 + sun.security.util.SecurityConstants      Use appropriate java.security.Permission subclass @since 1.1 + sun.security.x509.X500Name               Use javax.security.auth.x500.X500Principal @since 1.4
org.scalameta,semanticdb-scalac-core_2.11.12,4.0.0-M10,-,-,?,-,false,-
org.scalameta,semanticdb-scalac-core_2.12.6,4.0.0-M10,-,-,?,-,false,-
org.scalameta,semanticdb_sjs0.6_2.11,4.0.0-M10,-,-,?,-,false,-
org.scalameta,semanticdb_sjs0.6_2.12,4.0.0-M10,-,-,?,-,false,-
org.scalameta,symtab_2.11,4.0.0-M10,-,-,?,-,false,-
org.scalameta,symtab_2.12,4.0.0-M10,-,-,?,-,false,-
org.scalameta,testkit_2.11,4.0.0-M10,-,-,?,-,false,-
org.scalameta,testkit_2.12,4.0.0-M10,-,-,?,-,false,-
org.scalameta,tokenizers_2.11,4.0.0-M10,-,-,?,-,false,-
org.scalameta,tokenizers_2.12,4.0.0-M10,-,-,?,-,false,-
org.scalameta,tokenizers_native0.3_2.11,4.0.0-M10,-,-,?,-,false,-
org.scalameta,tokenizers_sjs0.6_2.11,4.0.0-M10,-,-,?,-,false,-
org.scalameta,tokenizers_sjs0.6_2.12,4.0.0-M10,-,-,?,-,false,-
org.scalameta,tokens_2.11,4.0.0-M10,-,-,?,-,false,-
org.scalameta,tokens_2.12,4.0.0-M10,-,-,?,-,false,-
org.scalameta,tokens_native0.3_2.11,4.0.0-M10,-,-,?,-,false,-
org.scalameta,tokens_sjs0.6_2.11,4.0.0-M10,-,-,?,-,false,-
org.scalameta,tokens_sjs0.6_2.12,4.0.0-M10,-,-,?,-,false,-
org.scalameta,transversers_2.11,4.0.0-M10,-,-,?,-,false,-
org.scalameta,transversers_2.12,4.0.0-M10,-,-,?,-,false,-
org.scalameta,transversers_native0.3_2.11,4.0.0-M10,-,-,?,-,false,-
org.scalameta,transversers_sjs0.6_2.11,4.0.0-M10,-,-,?,-,false,-
org.scalameta,transversers_sjs0.6_2.12,4.0.0-M10,-,-,?,-,false,-
org.scalameta,trees_2.11,4.0.0-M10,-,-,?,-,false,-
org.scalameta,trees_2.12,4.0.0-M10,-,-,?,-,false,-
org.scalameta,trees_native0.3_2.11,4.0.0-M10,-,-,?,-,false,-
org.scalameta,trees_sjs0.6_2.11,4.0.0-M10,-,-,?,-,false,-
org.scalameta,trees_sjs0.6_2.12,4.0.0-M10,-,-,?,-,false,-
org.smartboot.socket,aio-core,1.3.15,-,-,?,-,false,-
org.smartboot.socket,aio-pro,1.3.15,-,-,?,-,false,-
org.web3j,web3j-gradle-plugin,0.1.0,-,-,?,-,false,-
