groupId,artifactId,version,moduleName,moduleVersion,moduleMode,moduleDependencies,jdepsToolError,jdepsViolations
com.bitplan,com.bitplan.fritzbox,0.0.5,-,-,?,-,false,-
com.blackducksoftware.integration,hub-common-api,4.8.0.3,-,-,?,-,false,-
com.blackducksoftware.integration,hub-common-reporting,7.0.3,-,-,?,-,false,-
com.blackducksoftware.integration,hub-common-rest,12.0.3,-,-,?,-,false,-
com.github.nruzic.commons.assemblies,nruzic-commons-assemblies,1.0.0,-,-,?,-,false,-
com.github.nruzic.commons.conventions,nruzic-commons-conventions,1.0.0,-,-,?,-,false,-
com.github.tornaia,java-offline-geoip,0.1.1,-,-,?,-,false,-
com.google.apis,google-api-services-calendar,v3-rev337-1.23.0,-,-,?,-,false,-
com.hotels.styx,styx-api,0.7.9,-,-,?,-,false,-
com.hotels.styx,styx-api-testsupport,0.7.9,-,-,?,-,false,-
com.hotels.styx,styx-client,0.7.9,-,-,?,-,false,-
com.hotels.styx,styx-common,0.7.9,-,-,?,-,false,-
com.hotels.styx,styx-origins-starter-app,0.7.9,-,-,?,-,false,-
com.hotels.styx,styx-proxy,0.7.9,-,-,?,-,false,-
com.hotels.styx,styx-server,0.7.9,-,-,?,-,false,-
com.hotels.styx,styx-test-api,0.7.9,-,-,?,-,false,-
com.hotels.styx,styx-testsupport,0.7.9,-,-,?,-,false,-
com.synopsys.integration,swip-common,0.1.2,-,-,?,-,false,-
io.dronefleet.mavlink,mavlink,1.0.4,-,-,?,-,false,-
io.dronefleet.mavlink,mavlink-protocol,1.0.4,-,-,?,-,false,-
io.github.prashant-ramcharan,courgette-jvm,2.4.2,-,-,?,-,false,-
org.tupol,spark-utils_2.11,0.1.0,-,-,?,-,false,-
org.zalando,kanadi_2.11,0.2.3,-,-,?,-,false,-
org.zalando,kanadi_2.12,0.2.3,-,-,?,-,false,-
org.zapodot,embedded-ldap-junit,0.7,-,-,?,-,false,-
us.abstracta,dm3270-lib,0.6,-,-,?,-,false,-
us.abstracta,wiresham,0.3,-,-,?,-,false,-
