groupId,artifactId,version,moduleName,moduleVersion,moduleMode,moduleDependencies,jdepsToolError,jdepsViolations
com.annimon,tgbots-module,0.1,-,-,?,-,false,-
com.github.nruzic.commons.assemblies,nruzic-commons-assemblies,1.0.0-alpha1,-,-,?,-,false,-
com.github.zakgof,velvetdb-core,0.6.0,-,-,?,-,false,-
com.github.zakgof,velvetdb-dynamodb,0.6.0,-,-,?,-,false,-
com.github.zakgof,velvetdb-serializer-elsa,0.6.0,-,-,?,-,false,-
com.github.zakgof,velvetdb-serializer-kryo,0.6.0,-,-,?,-,false,-
com.github.zakgof,velvetdb-xodus,0.6.0,-,-,?,-,false,-
com.heartlandpaymentsystems,globalpayments-sdk,5.4,-,-,?,-,false,-
com.microsoft.azure,azure-storage-blob,10.0.4-rc,-,-,?,-,false,-
com.twilio.sdk,twilio,7.24.1,-,-,?,-,false,-
com.yoctopuce.java,yoctolib,1.10.31874,-,-,?,-,false,-
com.yoctopuce.java,yoctolib-jee,1.10.31874,-,-,?,-,false,-
io.cryptocontrol,crypto-news-api,2.3.0,-,-,?,-,false,-
io.gravitee.management,gravitee-management-api-fetcher,1.18.1,-,-,?,-,false,-
io.gravitee.management,gravitee-management-api-model,1.18.1,-,-,?,-,false,-
io.gravitee.management,gravitee-management-api-repository,1.18.1,-,-,?,-,false,-
io.gravitee.management,gravitee-management-api-rest,1.18.1,-,-,?,-,false,-
io.gravitee.management,gravitee-management-api-security,1.18.1,-,-,?,-,false,-
io.gravitee.management,gravitee-management-api-service,1.18.1,-,-,?,-,false,-
io.gravitee.management.idp,gravitee-management-api-idp-api,1.18.1,-,-,?,-,false,-
io.gravitee.management.idp,gravitee-management-api-idp-core,1.18.1,-,-,?,-,false,-
io.gravitee.management.idp,gravitee-management-api-idp-ldap,1.18.1,-,-,?,-,false,-
io.gravitee.management.idp,gravitee-management-api-idp-memory,1.18.1,-,-,?,-,false,-
io.gravitee.management.idp,gravitee-management-api-idp-repository,1.18.1,-,-,?,-,false,-
io.gravitee.management.services,gravitee-management-api-services-core,1.18.1,-,-,?,-,false,-
io.gravitee.management.services,gravitee-management-api-services-dynamic-properties,1.18.1,-,-,?,-,false,-
io.gravitee.management.services,gravitee-management-api-services-healthcheck,1.18.1,-,-,?,-,false,-
io.gravitee.management.services,gravitee-management-api-services-subscriptions,1.18.1,-,-,?,-,false,-
io.gravitee.management.services,gravitee-management-api-services-sync,1.18.1,-,-,?,-,false,-
io.gravitee.management.standalone,gravitee-management-api-standalone-bootstrap,1.18.1,-,-,?,-,false,-
io.gravitee.management.standalone,gravitee-management-api-standalone-container,1.18.1,-,-,?,-,false,-
io.jaegertracing,jaeger-client,0.30.6,-,-,?,-,false,-
io.jaegertracing,jaeger-core,0.30.6,-,-,?,-,false,-
io.jaegertracing,jaeger-crossdock,0.30.6,-,-,?,-,false,-
io.jaegertracing,jaeger-micrometer,0.30.6,-,-,?,-,false,-
io.jaegertracing,jaeger-thrift,0.30.6,-,-,?,-,false,-
io.jaegertracing,jaeger-tracerresolver,0.30.6,-,-,?,-,false,-
io.jaegertracing,jaeger-zipkin,0.30.6,-,-,?,-,false,-
org.corpus-tools,pepperModules-GrAFModules,2.0.6,-,-,?,-,false,-
org.elasticsearch.client,elasticsearch-rest-client,6.4.0,-,-,?,-,false,-
org.elasticsearch.client,elasticsearch-rest-client-sniffer,6.4.0,-,-,?,-,false,-
org.elasticsearch.client,elasticsearch-rest-high-level-client,6.4.0,-,-,?,-,false,-
org.elasticsearch.client,transport,6.4.0,-,-,?,-,false,-
org.elasticsearch,elasticsearch,6.4.0,-,-,?,-,true,-
org.elasticsearch,elasticsearch-cli,6.4.0,-,-,?,-,false,-
org.elasticsearch,elasticsearch-core,6.4.0,-,-,?,-,true,-
org.elasticsearch,elasticsearch-hadoop,6.4.0,-,-,?,-,false,-
org.elasticsearch,elasticsearch-hadoop-cascading,6.4.0,-,-,?,-,false,-
org.elasticsearch,elasticsearch-hadoop-hive,6.4.0,-,-,?,-,false,-
org.elasticsearch,elasticsearch-hadoop-mr,6.4.0,-,-,?,-,false,-
org.elasticsearch,elasticsearch-hadoop-pig,6.4.0,-,-,?,-,false,-
org.elasticsearch,elasticsearch-secure-sm,6.4.0,-,-,?,-,false,-
org.elasticsearch,elasticsearch-spark-13_2.10,6.4.0,-,-,?,-,false,-
org.elasticsearch,elasticsearch-spark-13_2.11,6.4.0,-,-,?,-,false,-
org.elasticsearch,elasticsearch-spark-20_2.10,6.4.0,-,-,?,-,false,-
org.elasticsearch,elasticsearch-spark-20_2.11,6.4.0,-,-,?,-,false,-
org.elasticsearch,elasticsearch-storm,6.4.0,-,-,?,-,false,-
org.elasticsearch,elasticsearch-x-content,6.4.0,-,-,?,-,false,-
org.elasticsearch.gradle,build-tools,6.4.0,-,-,?,-,false,-
org.elasticsearch.plugin,aggs-matrix-stats-client,6.4.0,-,-,?,-,false,-
org.elasticsearch.plugin,elasticsearch-scripting-painless-spi,6.4.0,-,-,?,-,false,-
org.elasticsearch.plugin,lang-mustache-client,6.4.0,-,-,?,-,false,-
org.elasticsearch.plugin,parent-join-client,6.4.0,-,-,?,-,false,-
org.elasticsearch.plugin,percolator-client,6.4.0,-,-,?,-,false,-
org.elasticsearch.plugin,rank-eval-client,6.4.0,-,-,?,-,false,-
org.elasticsearch.plugin,reindex-client,6.4.0,-,-,?,-,false,-
org.elasticsearch.plugin,transport-netty4-client,6.4.0,-,-,?,-,false,-
org.elasticsearch,rest-api-spec,6.4.0,-,-,?,-,false,-
org.elasticsearch.test,framework,6.4.0,-,-,?,-,false,-
org.elasticsearch.test,hdfs-fixture,6.4.0,-,-,?,-,false,-
org.elasticsearch.test,krb5kdc-fixture,6.4.0,-,-,?,-,false,-
org.elasticsearch.test,logger-usage,6.4.0,-,-,?,-,false,-
org.elasticsearch.test,old-elasticsearch,6.4.0,-,-,?,-,false,-
org.jetbrains.kotlinx,kotlinx-coroutines-android,0.25.0,-,-,?,-,true,-
org.jetbrains.kotlinx,kotlinx-coroutines-core,0.25.0,-,-,?,-,true,-
org.jetbrains.kotlinx,kotlinx-coroutines-core-common,0.25.0,-,-,?,-,false,-
org.jetbrains.kotlinx,kotlinx-coroutines-core-js,0.25.0,-,-,?,-,false,-
org.jetbrains.kotlinx,kotlinx-coroutines-guava,0.25.0,-,-,?,-,true,-
org.jetbrains.kotlinx,kotlinx-coroutines-javafx,0.25.0,-,-,?,-,true,-
org.jetbrains.kotlinx,kotlinx-coroutines-jdk8,0.25.0,-,-,?,-,true,-
org.jetbrains.kotlinx,kotlinx-coroutines-nio,0.25.0,-,-,?,-,true,-
org.jetbrains.kotlinx,kotlinx-coroutines-quasar,0.25.0,-,-,?,-,true,-
org.jetbrains.kotlinx,kotlinx-coroutines-reactive,0.25.0,-,-,?,-,true,-
org.jetbrains.kotlinx,kotlinx-coroutines-reactor,0.25.0,-,-,?,-,true,-
org.jetbrains.kotlinx,kotlinx-coroutines-rx1,0.25.0,-,-,?,-,true,-
org.jetbrains.kotlinx,kotlinx-coroutines-rx2,0.25.0,-,-,?,-,true,-
org.jetbrains.kotlinx,kotlinx-coroutines-slf4j,0.25.0,-,-,?,-,true,-
org.jetbrains.kotlinx,kotlinx-coroutines-swing,0.25.0,-,-,?,-,true,-
org.openbaton,sdk,6.0.0-RC2,-,-,?,-,false,-
