groupId,artifactId,version,moduleName,moduleVersion,moduleMode,moduleDependencies,jdepsToolError,jdepsViolations
am.ik.yavi,yavi,0.0.6,-,-,?,-,false,-
com.ardikars.jxnet,jxnet-context,1.4.0.RC1,-,-,?,-,false,-
com.ardikars.jxnet,jxnet-core,1.4.0.RC1,-,-,?,-,false,-
com.expedia.www,haystack-client-core,0.1.6,-,-,?,-,false,-
com.expedia.www,haystack-client-dropwizard,0.1.6,-,-,?,-,false,-
com.expedia.www,haystack-client-dropwizard-metrics,0.1.6,-,-,?,-,false,-
com.expedia.www,haystack-client-java-example-dropwizard,0.1.6,-,-,?,-,false,sun.misc.Unsafe                          See http://openjdk.java.net/jeps/260 + sun.reflect.Reflection                   Use java.lang.StackWalker @since 9 + sun.security.x509.X500Name               Use javax.security.auth.x500.X500Principal @since 1.4
com.expedia.www,haystack-client-micrometer,0.1.6,-,-,?,-,false,-
com.google.apis,google-api-services-adsensehost,v4.1-rev515-1.24.1,-,-,?,-,false,-
com.google.apis,google-api-services-appsactivity,v1-rev177-1.24.1,-,-,?,-,false,-
com.google.apis,google-api-services-bigquery,v2-rev402-1.23.0,-,-,?,-,false,-
com.google.apis,google-api-services-datastore,v1-rev61-1.24.1,-,-,?,-,false,-
com.google.apis,google-api-services-gmail,v1-rev95-1.24.1,-,-,?,-,false,-
com.snowplowanalytics,snowplow-scala-analytics-sdk_2.10,0.3.2,-,-,?,-,false,-
com.snowplowanalytics,snowplow-scala-analytics-sdk_2.11,0.3.2,-,-,?,-,false,-
com.snowplowanalytics,snowplow-scala-analytics-sdk_2.12,0.3.2,-,-,?,-,false,-
com.xuanner,distributed-tool,1.1,-,-,?,-,false,-
io.onema,vff_2.12,0.5.0,-,-,?,-,false,-
