groupId,artifactId,version,moduleName,moduleVersion,moduleMode,moduleDependencies,jdepsToolError,jdepsViolations
ch.epfl.lamp,dotty_0.10,0.10.0-bin-20180824-675b2ac-NIGHTLY,-,-,?,-,false,-
ch.epfl.lamp,dotty-compiler_0.10,0.10.0-bin-20180824-675b2ac-NIGHTLY,-,-,?,-,false,-
ch.epfl.lamp,dotty-doc_0.10,0.10.0-bin-20180824-675b2ac-NIGHTLY,-,-,?,-,false,-
ch.epfl.lamp,dotty-interfaces,0.10.0-bin-20180824-675b2ac-NIGHTLY,-,-,?,-,false,-
ch.epfl.lamp,dotty-language-server_0.10,0.10.0-bin-20180824-675b2ac-NIGHTLY,-,-,?,-,false,-
ch.epfl.lamp,dotty-library_0.10,0.10.0-bin-20180824-675b2ac-NIGHTLY,-,-,?,-,false,sun.misc.Unsafe                          See http://openjdk.java.net/jeps/260
ch.epfl.lamp,scala-compiler,0.10.0-bin-20180824-675b2ac-NIGHTLY,-,-,?,-,false,-
ch.epfl.lamp,scala-library,0.10.0-bin-20180824-675b2ac-NIGHTLY,-,-,?,-,false,-
ch.epfl.lamp,scalap,0.10.0-bin-20180824-675b2ac-NIGHTLY,-,-,?,-,false,-
ch.epfl.lamp,scala-reflect,0.10.0-bin-20180824-675b2ac-NIGHTLY,-,-,?,-,false,-
com.facebook.ads.sdk,facebook-java-ads-sdk,2.11.1,-,-,?,-,false,-
com.facebook.business.sdk,facebook-java-business-sdk,3.1.1,-,-,?,-,false,-
com.facebook.delegatedrecovery,delegatedrecovery-sdk,1.0.1,-,-,?,-,false,-
com.facebook.fbui.textlayoutbuilder,staticlayout-proxy,1.4.0,-,-,?,-,false,-
com.facebook.hive,hive-dwrf,0.18.9,-,-,?,-,false,-
com.facebook.hive,hive-dwrf-shims,0.18.9,-,-,?,-,false,sun.misc.Unsafe                          See http://openjdk.java.net/jeps/260
com.facebook.infer.annotation,annotations,0.10.0,-,-,?,-,false,-
com.facebook.infer.annotation,infer-annotation,0.11.2,-,-,?,-,false,-
com.facebook.mojo,swift-maven-plugin,0.23.1,-,-,?,-,false,-
com.facebook.nifty,nifty-client,0.23.0,-,-,?,-,false,-
com.facebook.nifty,nifty-core,0.23.0,-,-,?,-,false,-
com.facebook.presto.cassandra,cassandra-driver,3.1.4-1,-,-,?,-,false,sun.misc.Signal                          See http://openjdk.java.net/jeps/260 + sun.misc.SignalHandler                   See http://openjdk.java.net/jeps/260 + sun.misc.Unsafe                          See http://openjdk.java.net/jeps/260
com.facebook.presto.cassandra,cassandra-server,2.1.16-1,-,-,?,-,false,sun.misc.Cleaner                         Use java.lang.ref.PhantomReference @since 1.2 or java.lang.ref.Cleaner @since 9 + sun.misc.Unsafe                          See http://openjdk.java.net/jeps/260
com.facebook.presto.hive,hive-apache,1.2.2-2,-,-,?,-,false,sun.misc.Cleaner                         Use java.lang.ref.PhantomReference @since 1.2 or java.lang.ref.Cleaner @since 9 + sun.misc.Unsafe                          See http://openjdk.java.net/jeps/260 + sun.reflect.ReflectionFactory            See http://openjdk.java.net/jeps/260
com.facebook.presto.hive,hive-apache-jdbc,0.13.1-5,-,-,?,-,false,sun.misc.Unsafe                          See http://openjdk.java.net/jeps/260
com.facebook.presto.orc,orc-protobuf,7,-,-,?,-,false,sun.misc.Unsafe                          See http://openjdk.java.net/jeps/260
com.facebook.presto,presto-benchto-benchmarks,0.208,-,-,?,-,false,-
com.facebook.presto,presto-cli,0.208,-,-,?,-,false,sun.misc.Signal                          See http://openjdk.java.net/jeps/260 + sun.misc.SignalHandler                   See http://openjdk.java.net/jeps/260
com.facebook.presto,presto-hive-hadoop2,0.208,-,-,?,-,false,-
com.facebook.presto,presto-kafka,0.208,-,-,?,-,false,-
com.facebook.presto,presto-local-file,0.208,-,-,?,-,false,-
com.facebook.presto,presto-mongodb,0.208,-,-,?,-,false,-
com.facebook.presto,presto-mysql,0.208,-,-,?,-,false,-
com.facebook.presto,presto-password-authenticators,0.208,-,-,?,-,false,-
com.facebook.presto,presto-plugin-toolkit,0.208,-,-,?,-,false,-
com.facebook.presto,presto-proxy,0.208,-,-,?,-,false,-
com.facebook.presto,presto-raptor,0.208,-,-,?,-,false,-
com.facebook.presto,presto-record-decoder,0.208,-,-,?,-,false,-
com.facebook.presto,presto-thrift-testing-server,0.208,-,-,?,-,false,-
com.facebook.presto,presto-tpcds,0.208,-,-,?,-,false,-
com.facebook.testing.screenshot,core,0.8.0,-,-,?,-,false,-
com.facebook.testing.screenshot,layout-hierarchy-common,0.8.0,-,-,?,-,false,-
com.facebook.testing.screenshot,layout-hierarchy-litho,0.8.0,-,-,?,-,false,-
com.facebook.testing.screenshot,plugin,0.8.0,-,-,?,-,false,-
com.google.apis,google-api-services-appsactivity,v1-rev178-1.25.0,-,-,?,-,false,-
com.google.apis,google-api-services-cloudprofiler,v2-rev8-1.25.0,-,-,?,-,false,-
com.google.apis,google-api-services-plus,v1-rev555-1.25.0,-,-,?,-,false,-
com.google.apis,google-api-services-reseller,v1sandbox-rev60-1.22.0,-,-,?,-,false,-
com.google.apis,google-api-services-servicebroker,v1-rev9-1.25.0,-,-,?,-,false,-
com.google.apis,google-api-services-serviceconsumermanagement,v1-rev138-1.25.0,-,-,?,-,false,-
com.google.apis,google-api-services-servicecontrol,v1-rev99-1.25.0,-,-,?,-,false,-
com.google.apis,google-api-services-servicemanagement,v1-rev409-1.25.0,-,-,?,-,false,-
com.google.apis,google-api-services-serviceusage,v1-rev42-1.25.0,-,-,?,-,false,-
io.github.lamp-china.ledis,lamp-ledis-core,0.0.2,-,-,?,-,false,-
io.github.lamp-china.ledis,lamp-ledis-spring,0.0.2,-,-,?,-,false,-
io.github.lamp-china.ledis,lamp-ledis-spring-boot-autoconfigure,0.0.2,-,-,?,-,false,-
org.eurekaclinical,eurekaclinical-protempa-client,2.0-Beta-1,-,-,?,-,false,-
org.eurekaclinical,protempa-bconfigs-ini4j-ini,5.0-Beta-12,-,-,?,-,false,-
org.eurekaclinical,protempa-bcp-serviceloader,5.0-Beta-12,-,-,?,-,false,-
org.eurekaclinical,protempa-bp-serviceloader,5.0-Beta-12,-,-,?,-,false,-
org.eurekaclinical,protempa-dsb-file,5.0-Beta-12,-,-,?,-,false,-
org.eurekaclinical,protempa-dsb-relationaldb,5.0-Beta-12,-,-,?,-,false,-
org.eurekaclinical,protempa-framework,5.0-Beta-12,-,-,?,-,false,-
org.eurekaclinical,protempa-ksb-protege,5.0-Beta-12,-,-,?,-,false,-
org.eurekaclinical,protempa-test-suite,5.0-Beta-12,-,-,?,-,false,-
top.jfunc.common,converter,1.4,-,-,?,-,false,-
top.jfunc.common,network-converter,1.4,-,-,?,-,false,-
