groupId,artifactId,version,moduleName,moduleVersion,moduleMode,moduleDependencies,jdepsToolError,jdepsViolations
cd.go.plugin,go-plugin-api-experimental,18.8.0-7303,-,-,?,-,false,-
ch.epfl.lara,inox_2.11,1.1.0-194-g99de42e,-,-,?,-,false,sun.misc.Signal                          See http://openjdk.java.net/jeps/260 + sun.misc.SignalHandler                   See http://openjdk.java.net/jeps/260
ch.epfl.lara,inox_2.12,1.1.0-194-g99de42e,-,-,?,-,false,sun.misc.Signal                          See http://openjdk.java.net/jeps/260 + sun.misc.SignalHandler                   See http://openjdk.java.net/jeps/260
cn.jiangzeyin.fast-boot,common-boot,1.2.2,-,-,?,-,false,-
cn.jiangzeyin.fast-boot,common-redis,1.2.2,-,-,?,-,false,-
com.bitplan.multimodule,multimodule1,0.0.1,-,-,?,-,false,-
com.bitplan.multimodule,multimodule2,0.0.1,-,-,?,-,false,-
com.github.martinpaljak,apdu4j,18.06.25.2,-,-,?,-,false,-
com.github.NicholasMolyneaux,scala-custom_2.12,1.1.1,-,-,?,-,false,-
com.google.apis,google-api-services-searchconsole,v1-rev370-1.24.1,-,-,?,-,false,-
com.manywho.sdk,sdk-api,2.0.0-SNAPSHOT-66,-,-,?,-,false,-
com.manywho.sdk,sdk-client,2.0.0-SNAPSHOT-66,-,-,?,-,false,-
com.manywho.sdk,sdk-example,2.0.0-SNAPSHOT-66,-,-,?,-,false,-
com.manywho.sdk,sdk-server,2.0.0-SNAPSHOT-66,-,-,?,-,false,-
com.manywho.sdk,sdk-server-servlet3,2.0.0-SNAPSHOT-66,-,-,?,-,false,-
com.manywho.sdk,sdk-server-undertow,2.0.0-SNAPSHOT-66,-,-,?,-,false,-
com.manywho.sdk,sdk-services,2.0.0-SNAPSHOT-66,-,-,?,-,false,-
de.adorsys.multibanking,auth-server-example,3.4.1,-,-,?,-,false,-
de.adorsys.multibanking,finapi-adapter,3.4.1,-,-,?,-,false,-
de.adorsys.multibanking,multibanking-mock-inmemory,3.4.1,-,-,?,-,false,-
de.adorsys.multibanking,multibanking-persistence,3.4.1,-,-,?,-,false,-
de.adorsys.multibanking,multibanking-pers-spi,3.4.1,-,-,?,-,false,-
de.adorsys.multibanking,multibanking-rest,3.4.1,-,-,?,-,false,-
de.adorsys.multibanking,multibanking-service-example,3.4.1,-,-,?,-,false,-
de.adorsys.multibanking,onlinebanking-facade,3.4.1,-,-,?,-,false,-
de.adorsys.multibanking,onlinebanking-figo,3.4.1,-,-,?,-,false,-
de.adorsys.multibanking,onlinebanking-finapi,3.4.1,-,-,?,-,false,-
de.adorsys.multibanking,onlinebanking-hbci4java,3.4.1,-,-,?,-,false,-
de.adorsys.multibanking,onlinebanking-mock,3.4.1,-,-,?,-,false,-
de.adorsys.multibanking,onlinebanking-xls-loader,3.4.1,-,-,?,-,false,-
de.adorsys.multibanking,onlinebanking-xs2a,3.4.1,-,-,?,-,false,-
de.uni_jena.cs.fusion,similarity.jarowinkler,0.1.0,-,-,?,-,false,-
io.github.bitbrain,braingdx-core,0.3.4,-,-,?,-,false,-
io.github.openunirest,unirest-java,2.2.12,-,-,?,-,false,-
org.elasticsearch.client,elasticsearch-rest-client,6.3.2,-,-,?,-,false,-
org.elasticsearch.client,elasticsearch-rest-client-sniffer,6.3.2,-,-,?,-,false,-
org.elasticsearch.client,elasticsearch-rest-high-level-client,6.3.2,-,-,?,-,false,-
org.elasticsearch.client,transport,6.3.2,-,-,?,-,false,-
org.elasticsearch,elasticsearch,6.3.2,-,-,?,-,true,-
org.elasticsearch.gradle,build-tools,6.3.2,-,-,?,-,false,-
org.elasticsearch.plugin,aggs-matrix-stats-client,6.3.2,-,-,?,-,false,-
org.elasticsearch.plugin,lang-mustache-client,6.3.2,-,-,?,-,false,-
org.elasticsearch.plugin,parent-join-client,6.3.2,-,-,?,-,false,-
org.elasticsearch.plugin,percolator-client,6.3.2,-,-,?,-,false,-
org.elasticsearch.plugin,reindex-client,6.3.2,-,-,?,-,false,-
org.elasticsearch.plugin,transport-netty3-client,5.6.11,-,-,?,-,false,-
org.elasticsearch.plugin,transport-netty4-client,6.3.2,-,-,?,-,false,-
org.elasticsearch,rest-api-spec,6.3.2,-,-,?,-,false,-
org.elasticsearch.test,framework,6.3.2,-,-,?,-,false,-
org.elasticsearch.test,hdfs-fixture,6.3.2,-,-,?,-,false,-
org.elasticsearch.test,krb5kdc-fixture,6.3.2,-,-,?,-,false,-
org.elasticsearch.test,logger-usage,6.3.2,-,-,?,-,false,-
org.elasticsearch.test,old-elasticsearch,6.3.2,-,-,?,-,false,-
org.rribbit,rribbit,4.0.0,-,-,?,-,false,-
software.amazon.jsii,jsii-runtime,0.7.0,-,-,?,-,false,-
