groupId,artifactId,version,moduleName,moduleVersion,moduleMode,moduleDependencies,jdepsToolError,jdepsViolations
com.github.akurilov,java-commons,2.1.6,-,-,?,-,false,-
com.hankcs,hanlp,portable-1.6.8,-,-,?,-,false,sun.reflect.FieldAccessor                Removed. See http://openjdk.java.net/jeps/260 + sun.reflect.ReflectionFactory            See http://openjdk.java.net/jeps/260
com.hankcs.nlp,hanlp-lucene-plugin,1.1.5,-,-,?,-,false,-
org.acplt.remotetea,remotetea-information,1.1.4,-,-,?,-,false,-
org.acplt.remotetea,remotetea-jportmap,1.1.4,-,-,?,-,false,-
org.acplt.remotetea,remotetea-jrpcgen,1.1.4,-,-,?,-,false,-
org.acplt.remotetea,remotetea-maven-plugin,1.1.4,-,-,?,-,false,-
org.acplt.remotetea,remotetea-oncrpc,1.1.4,-,-,?,-,false,-
org.db4j,db4j,0.9.7,-,-,?,-,false,sun.misc.Unsafe                          See http://openjdk.java.net/jeps/260
org.db4j,kilim,2.0.0-21-jdk11,-,-,?,-,false,sun.misc.Unsafe                          See http://openjdk.java.net/jeps/260
org.deepboof,examples,0.4,-,-,?,-,false,-
org.deepboof,io,0.4,-,-,?,-,false,-
org.deepboof,learning,0.4,-,-,?,-,false,-
org.deepboof,main,0.4,-,-,?,-,false,-
org.deepboof,models,0.4,-,-,?,-,false,-
org.deepboof,visualization,0.4,-,-,?,-,false,-
org.epics,ca,1.2.0,-,-,?,-,false,-
org.epics,epics-ntypes,0.3.1,-,-,?,-,false,-
org.epics,epics-pvaccess,5.1.1,-,-,?,-,false,-
org.epics,epics-pvaclient,4.3.1,-,-,?,-,false,-
org.epics,epics-pvdata,6.1.1,-,-,?,-,false,-
org.epics,epics-pvdatabase,4.3.1,-,-,?,-,false,-
org.epics,jca,2.4.1,-,-,?,-,false,-
org.evosuite,evosuite-client,1.0.6,-,-,?,-,false,sun.misc.Signal                          See http://openjdk.java.net/jeps/260 + sun.misc.SignalHandler                   See http://openjdk.java.net/jeps/260
org.evosuite,evosuite-generated,1.0.6,-,-,?,-,false,-
org.evosuite,evosuite-master,1.0.6,-,-,?,-,false,sun.misc.Signal                          See http://openjdk.java.net/jeps/260 + sun.misc.SignalHandler                   See http://openjdk.java.net/jeps/260 + sun.misc.Unsafe                          See http://openjdk.java.net/jeps/260 + sun.reflect.Reflection                   Use java.lang.StackWalker @since 9
org.evosuite,evosuite-runtime,1.0.6,-,-,?,-,false,-
org.evosuite,evosuite-shaded,1.0.6,-,-,?,-,false,sun.misc.Signal                          See http://openjdk.java.net/jeps/260 + sun.misc.SignalHandler                   See http://openjdk.java.net/jeps/260 + sun.misc.Unsafe                          See http://openjdk.java.net/jeps/260 + sun.reflect.Reflection                   Use java.lang.StackWalker @since 9
org.evosuite,evosuite-standalone-runtime,1.0.6,-,-,?,-,false,sun.misc.Unsafe                          See http://openjdk.java.net/jeps/260
org.evosuite.plugins,build-support-test,1.0.6,-,-,?,-,false,-
org.evosuite.plugins,evosuite-maven-plugin,1.0.6,-,-,?,-,false,-
org.evosuite.plugins,evosuite-maven-plugin-test,1.0.6,-,-,?,-,false,-
org.fastquery,bytes,1.4,-,-,?,-,false,-
org.fastquery,df2o,1.0,-,-,?,-,false,-
org.fastquery,fastquery,1.0.54,-,-,?,-,false,-
org.fastquery,httpsign,1.0.4,-,-,?,-,false,-
org.fastquery,jersey-mvc-velocity,1.2,-,-,?,-,false,-
org.fastquery,tcpserver,1.16,-,-,?,-,false,-
org.insight-centre,textcat,0.2.2,-,-,?,-,false,-
org.javapos,javapos,1.14.2,-,-,?,-,false,-
org.javapos,javapos-contracts,1.14.3,-,-,?,-,false,-
org.javapos,javapos-controls,1.14.1,-,-,?,-,false,-
org.mapsforge,mapsforge-core,0.9.1,-,-,?,-,false,-
org.mapsforge,mapsforge-map,0.9.1,-,-,?,-,false,-
org.mapsforge,mapsforge-map-android,0.9.1,-,-,?,-,false,-
org.mapsforge,mapsforge-map-android-extras,0.9.0,-,-,?,-,false,-
org.mapsforge,mapsforge-map-awt,0.9.1,-,-,?,-,false,-
org.mapsforge,mapsforge-map-reader,0.9.1,-,-,?,-,false,-
org.mapsforge,mapsforge-map-writer,0.9.1,-,-,?,-,false,-
org.mapsforge,mapsforge-poi,0.9.1,-,-,?,-,false,-
org.mapsforge,mapsforge-poi-android,0.9.1,-,-,?,-,false,-
org.mapsforge,mapsforge-poi-awt,0.9.1,-,-,?,-,false,-
org.mapsforge,mapsforge-poi-writer,0.9.1,-,-,?,-,false,-
org.mapsforge,mapsforge-themes,0.9.1,-,-,?,-,false,-
org.mapsforge,spatialite-android,0.9.1,-,-,?,-,false,-
org.mapsforge,vtm,0.9.2,-,-,?,-,false,-
org.mapsforge,vtm-android,0.9.2,-,-,?,-,false,-
org.mapsforge,vtm-android-gdx,0.9.2,-,-,?,-,false,-
org.mapsforge,vtm-desktop,0.9.2,-,-,?,-,false,-
org.mapsforge,vtm-extras,0.9.2,-,-,?,-,false,-
org.mapsforge,vtm-gdx,0.9.2,-,-,?,-,false,-
org.mapsforge,vtm-http,0.9.2,-,-,?,-,false,-
org.mapsforge,vtm-ios,0.9.2,-,-,?,-,false,-
org.mapsforge,vtm-jeo,0.9.2,-,-,?,-,false,-
org.mapsforge,vtm-json,0.9.2,-,-,?,-,false,-
org.mapsforge,vtm-jts,0.9.2,-,-,?,-,false,-
org.mapsforge,vtm-themes,0.9.2,-,-,?,-,false,-
org.mapsforge,vtm-web,0.9.2,-,-,?,-,false,-
org.peelframework,peel-core,1.1.8,-,-,?,-,false,-
org.peelframework,peel-extensions,1.1.8,-,-,?,-,false,-
org.sqlproc,sql-processor,3.3.4,-,-,?,-,false,-
org.sqlproc,sql-processor-hibernate,3.3.4,-,-,?,-,false,-
org.sqlproc,sql-processor-spring,3.3.4,-,-,?,-,false,-
ws.osiris,osiris-aws,0.10.1,-,-,?,-,false,-
ws.osiris,osiris-aws-deploy,0.10.1,-,-,?,-,false,-
ws.osiris,osiris-core,0.10.1,-,-,?,-,false,-
ws.osiris,osiris-integration,0.10.1,-,-,?,-,false,-
ws.osiris,osiris-local-server,0.10.1,-,-,?,-,false,-
ws.osiris,osiris-maven-plugin,0.10.1,-,-,?,-,false,-
ws.osiris,osiris-server,0.10.1,-,-,?,-,false,-
