groupId,artifactId,version,moduleName,moduleVersion,moduleMode,moduleDependencies,jdepsToolError,jdepsViolations
com.sun.jersey.contribs,jersey-apache-client,1.19.4,-,-,?,-,false,-
com.sun.jersey.contribs,jersey-apache-client4,1.19.4,-,-,?,-,false,-
com.sun.jersey.contribs,jersey-atom-abdera,1.19.4,-,-,?,-,false,-
com.sun.jersey.contribs,jersey-freemarker,1.19.4,-,-,?,-,false,-
com.sun.jersey.contribs,jersey-guice,1.19.4,-,-,?,-,false,-
com.sun.jersey.contribs,jersey-lift,1.19.4,-,-,?,-,false,-
com.sun.jersey.contribs,jersey-moxy,1.19.4,-,-,?,-,false,-
com.sun.jersey.contribs,jersey-multipart,1.19.4,-,-,?,-,false,-
com.sun.jersey.contribs,jersey-non-blocking-client,1.19.4,-,-,?,-,false,sun.reflect.generics.reflectiveObjects.NotImplementedException Removed. See http://openjdk.java.net/jeps/260
com.sun.jersey.contribs,jersey-scala,1.19.4,-,-,?,-,false,-
com.sun.jersey.contribs,jersey-simple-server,1.19.4,-,-,?,-,false,-
com.sun.jersey.contribs,jersey-spring,1.19.4,-,-,?,-,false,-
com.sun.jersey.contribs,jersey-wadl-json-schema,1.19.4,-,-,?,-,false,-
com.sun.jersey.contribs,wadl-resourcedoc-doclet,1.19.4,-,-,?,-,false,-
com.sun.jersey,jersey-bundle,1.19.4,-,-,?,-,false,-
com.sun.jersey,jersey-client,1.19.4,-,-,?,-,false,-
com.sun.jersey,jersey-fastinfoset,1.19.4,-,-,?,-,false,-
com.sun.jersey,jersey-grizzly,1.19.4,-,-,?,-,false,-
com.sun.jersey,jersey-grizzly2,1.19.4,-,-,?,-,false,-
com.sun.jersey,jersey-grizzly2-servlet,1.19.4,-,-,?,-,false,-
com.sun.jersey,jersey-json,1.19.4,-,-,?,-,false,-
com.sun.jersey,jersey-server,1.19.4,-,-,?,-,false,-
com.sun.jersey.jersey-test-framework,jersey-test-framework-core,1.19.4,-,-,?,-,false,-
com.sun.jersey.jersey-test-framework,jersey-test-framework-embedded-glassfish,1.19.4,-,-,?,-,false,-
com.sun.jersey.jersey-test-framework,jersey-test-framework-external,1.19.4,-,-,?,-,false,-
com.sun.jersey.jersey-test-framework,jersey-test-framework-grizzly,1.19.4,-,-,?,-,false,-
com.sun.jersey.jersey-test-framework,jersey-test-framework-grizzly2,1.19.4,-,-,?,-,false,-
com.sun.jersey.jersey-test-framework,jersey-test-framework-http,1.19.4,-,-,?,-,false,-
com.sun.jersey.jersey-test-framework,jersey-test-framework-inmemory,1.19.4,-,-,?,-,false,-
com.sun.jersey.samples.atompub-contacts,atompub-contacts-client,1.19.4,-,-,?,-,false,-
com.sun.jersey.samples.atompub-contacts,atompub-contacts-models,1.19.4,-,-,?,-,false,-
com.sun.jersey.samples.atompub-contacts,atompub-contacts-server,1.19.4,-,-,?,-,false,-
com.sun.jersey.samples,freemarker,1.19.4,-,-,?,-,false,-
com.sun.jersey.samples,generate-wadl,1.19.4,-,-,?,-,false,-
