groupId,artifactId,version,moduleName,moduleVersion,moduleMode,moduleDependencies,jdepsToolError,jdepsViolations
com.datastax.oss.simulacron,simulacron-common,0.8.6,-,-,?,-,false,-
com.datastax.oss.simulacron,simulacron-driver-3x,0.8.6,-,-,?,-,false,-
com.datastax.oss.simulacron,simulacron-http-server,0.8.6,-,-,?,-,false,-
com.datastax.oss.simulacron,simulacron-native-protocol-json,0.8.6,-,-,?,-,false,-
com.datastax.oss.simulacron,simulacron-native-server,0.8.6,-,-,?,-,false,-
com.datastax.oss.simulacron,simulacron-standalone,0.8.6,-,-,?,-,false,sun.misc.Unsafe                          See http://openjdk.java.net/jeps/260 + sun.reflect.Reflection                   Use java.lang.StackWalker @since 9 + sun.security.x509.X500Name               Use javax.security.auth.x500.X500Principal @since 1.4
com.gitee.lopssh,mybatis-auditlog-plugin,1.0.0,-,-,?,-,false,-
com.google.apis,google-api-services-classroom,v1-rev196-1.24.1,-,-,?,-,false,-
com.google.apis,google-api-services-cloudtrace,v2-rev49-1.24.1,-,-,?,-,false,-
com.google.apis,google-api-services-logging,v2-rev600-1.23.0,-,-,?,-,false,-
com.google.apis,google-api-services-script,v1-rev247-1.23.0,-,-,?,-,false,-
com.google.apis,google-api-services-youtubeAnalytics,v2-rev53-1.24.1,-,-,?,-,false,-
com.snowplowanalytics,iglu-core_2.11,0.3.0,-,-,?,-,false,-
com.snowplowanalytics,iglu-core_2.12,0.3.0,-,-,?,-,false,-
com.snowplowanalytics,iglu-core-circe_2.11,0.3.0,-,-,?,-,false,-
com.snowplowanalytics,iglu-core-circe_2.12,0.3.0,-,-,?,-,false,-
com.snowplowanalytics,iglu-core-json4s_2.11,0.3.0,-,-,?,-,false,-
com.snowplowanalytics,iglu-core-json4s_2.12,0.3.0,-,-,?,-,false,-
de.philippkatz.maven.plugins,test-parser-plugin,3.1.0,-,-,?,-,false,-
de.sormuras,junit-platform-maven-plugin,0.0.7,-,-,?,-,false,-
org.coliper,ibean,0.4.3,-,-,?,-,false,-
org.reaktivity,nukleus-kafka,0.79,-,-,?,-,false,-
org.zalando,tracer-aspectj,0.17.1,-,-,?,-,false,-
org.zalando,tracer-benchmark,0.17.1,-,-,?,-,false,-
org.zalando,tracer-core,0.17.1,-,-,?,-,false,-
org.zalando,tracer-httpclient,0.17.1,-,-,?,-,false,-
org.zalando,tracer-hystrix,0.17.1,-,-,?,-,false,-
org.zalando,tracer-junit,0.17.1,-,-,?,-,false,-
org.zalando,tracer-okhttp,0.17.1,-,-,?,-,false,-
org.zalando,tracer-servlet,0.17.1,-,-,?,-,false,-
org.zalando,tracer-spring-boot-starter,0.17.1,-,-,?,-,false,-
