groupId,artifactId,version,moduleName,moduleVersion,moduleMode,moduleDependencies,jdepsToolError,jdepsViolations
am.ik.yavi,yavi,0.0.9,-,-,?,-,false,-
com.addthis.basis,basis-core,4.3.1,-,-,?,-,false,sun.misc.JavaLangAccess                  Removed. See http://openjdk.java.net/jeps/260 + sun.misc.SharedSecrets                   Removed. See http://openjdk.java.net/jeps/260 + sun.misc.Unsafe                          See http://openjdk.java.net/jeps/260
com.addthis.basis,basis-kafka8,4.3.1,-,-,?,-,false,-
com.addthis.basis,basis-net,4.3.1,-,-,?,-,false,-
com.addthis.basis,basis-netty,4.3.1,-,-,?,-,false,-
com.addthis.basis,basis-time,4.3.1,-,-,?,-,false,-
com.addthis,bundle,2.11.4,-,-,?,-,false,-
com.addthis,codec,3.8.2,-,-,?,-,false,-
com.addthis,meshy,3.4.2,-,-,?,-,false,-
com.addthis.metrics,reporter-config2,3.2.2,-,-,?,-,false,-
com.addthis.metrics,reporter-config3,3.2.2,-,-,?,-,false,-
com.addthis.metrics,reporter-config-base,3.2.2,-,-,?,-,false,-
com.addthis,muxy,2.2.2,-,-,?,-,false,-
com.appspector,android-sdk-plugin,0.1.0,-,-,?,-,false,-
com.breuninger.boot,spring-boot-starter-breuninger-core,2.0.4.RELEASE,-,-,?,-,false,-
com.breuninger.boot,spring-boot-starter-breuninger-jobs,2.0.4.RELEASE,-,-,?,-,false,-
com.breuninger.boot,spring-boot-starter-breuninger-mongo,2.0.4.RELEASE,-,-,?,-,false,-
com.breuninger.boot,spring-boot-starter-breuninger-testsupport,2.0.4.RELEASE,-,-,?,-,false,-
com.breuninger.boot,spring-boot-starter-breuninger-togglz,2.0.4.RELEASE,-,-,?,-,false,-
com.breuninger.boot,spring-boot-starter-breuninger-validation,2.0.4.RELEASE,-,-,?,-,false,-
com.bugvm,bugvm-apple,1.2.9,-,-,?,-,false,-
com.bugvm,bugvm-compiler,1.2.9,-,-,?,-,false,-
com.bugvm,bugvm-dist,1.2.9,-,-,?,-,false,-
com.bugvm,bugvm-gradle,1.2.9,-,-,?,-,false,-
com.bugvm,bugvm-ios,1.2.9,-,-,?,-,false,-
com.bugvm,bugvm-llvm,1.2.9,-,-,?,-,false,-
com.bugvm,bugvm-macos,1.2.9,-,-,?,-,false,-
com.bugvm,bugvm-rt,1.2.9,-,-,?,-,false,-
com.bugvm,bugvm-soot,1.2.9,-,-,?,-,false,-
com.bugvm,javacpp,1.2.4,-,-,?,-,false,sun.misc.Unsafe                          See http://openjdk.java.net/jeps/260
com.carrotsearch,hppc,0.8.1,-,-,?,-,false,-
com.carrotsearch,hppc-template-processor,0.8.1,-,-,?,-,false,-
com.carrotsearch.jdk19,commons-lang,2.6.1,-,-,?,-,false,-
com.carrotsearch.progresso,progresso,1.3.0,-,-,?,-,false,-
com.carrotsearch.progresso,progresso-consolewidth-unixish,1.3.0,-,-,?,-,false,-
com.carrotsearch.progresso,progresso-log4j2,1.3.0,-,-,?,-,false,-
com.carrotsearch.randomizedtesting,junit4-ant,2.6.3,-,-,?,-,false,sun.misc.Unsafe                          See http://openjdk.java.net/jeps/260
com.carrotsearch.randomizedtesting,junit4-maven-plugin,2.6.3,-,-,?,-,false,-
com.carrotsearch.randomizedtesting,randomizedtesting-runner,2.6.3,-,-,?,-,false,-
com.carrotsearch,smartsprites,0.2.13,-,-,?,-,false,-
com.cehome,jsharp,1.35,-,-,?,-,false,-
com.cehome,task,2.0.5,-,-,?,-,false,-
com.cehome,task-console-core,2.0.5,-,-,?,-,false,-
com.cehome,task-console-resource,2.0.5,-,-,?,-,false,-
com.chaoxing,redis-distribute-lock-spring-boot-starter,1.0.0,-,-,?,-,false,-
com.darksci,pardot-api-client,1.0.0,-,-,?,-,false,-
com.datomic,client-impl-pro,0.8.11,-,-,?,-,false,-
com.firebase,geofire-common,2.3.1,-,-,?,-,false,-
com.firebase,geofire-java,2.3.0,-,-,?,-,false,-
com.github.aro-tech,extended-mockito,2.21.0.1,-,-,?,-,false,-
com.github.aro-tech,tdd-mixins-core,1.1.20,-,-,?,-,false,-
com.gizwits,noti-netty-client,0.1.7,-,-,?,-,false,-
com.gizwits,snoti-spring-boot-starter,0.1.7,-,-,?,-,false,-
com.gizwits,springfox-swagger-ui,2.7.0,-,-,?,-,false,-
com.gizwits.www,snoti-client,0.1.2,-,-,?,-,false,-
com.goeuro,sync4j,0.2,-,-,?,-,false,-
com.goeuro.sync4j,sync4j-core,0.14,-,-,?,-,false,-
com.goeuro.sync4j,sync4j-gcs,0.14,-,-,?,-,false,-
com.hyperwallet,sdk,0.2.0,-,-,?,-,false,-
com.ibm.cos-aspera,cos-aspera-linux-64,0.1.163682,-,-,?,-,false,-
com.ibm.cos-aspera,cos-aspera-mac-10.13-64,0.1.163682,-,-,?,-,false,-
com.ibm.cos-aspera,cos-aspera-win-v140_xp-64,0.1.163682,-,-,?,-,false,-
com.infotel.seleniumRobot,core,3.14.2,org.openqa.selenium.core,-,explicit,java.base + java.logging,false,-
com.infotel.seleniumRobot,grid-extensions,3.14.2,-,-,?,-,false,-
com.infotel.seleniumRobot,noreg-tests,3.2.1,-,-,?,-,false,-
com.infotel.seleniumRobot,seleniumRobot-example,3.14.1,-,-,?,-,false,-
com.infotel.seleniumRobot,seleniumRobot-grid,3.10.3,-,-,?,-,false,-
com.marcnuri,spring-common-test,0.0.2,-,-,?,-,false,-
com.mkdika,jeneric,1.0.0,-,-,?,-,false,-
com.presseverykey,u2f,0.1.0,-,-,?,-,false,-
com.robinhowlett,chart-parser,1.2.1.RELEASE,-,-,?,-,false,-
com.soebes.maven.extensions,deployment-recorder-extension,0.1.0,-,-,?,-,false,-
com.soebes.maven.extensions,maven-buildtime-profiler,0.2.0,-,-,?,-,false,-
com.soebes.maven.extensions,maven-deployer-extension,0.2.1,-,-,?,-,false,-
com.soebes.maven.plugins,iterator-maven-plugin,0.5.1,-,-,?,-,false,-
com.soebes.maven.plugins,multienv-maven-plugin,0.3.1,-,-,?,-,false,-
com.sudoplay.axion,axion,2.0.0,-,-,?,-,false,-
com.sudoplay.ecs,orchidecs,0.9.5,-,-,?,-,false,-
com.sudoplay.joise,joise,1.1.0,-,-,?,-,false,-
com.sudoplay.json,SudoJson,1.0.0,-,-,?,-,false,-
com.sudoplay.math,sudomath,1.0.3,-,-,?,-,false,-
com.sudoplay.particle,fleck,1.0.5,-,-,?,-,false,-
com.sudoplay.sudoxt,sudoxt,0.1.4,-,-,?,-,false,-
com.svrf,svrf-client,1.1.0,-,-,?,-,false,-
com.tibco.plugins,bw6-maven-plugin,2.0.0,-,-,?,-,false,-
com.typesafe,config,1.3.3,typesafe.config,-,automatic,-,false,-
com.typesafe,jse_2.11,1.2.3,-,-,?,-,false,-
com.typesafe,jstranspiler,1.0.1,-,-,?,-,false,-
com.typesafe,mima-reporter_2.12,0.3.0,-,-,?,-,false,-
com.typesafe,npm_2.10,1.2.1,-,-,?,-,false,-
com.typesafe,npm_2.12,1.2.1,-,-,?,-,false,-
com.typesafe.play,anorm_2.12,2.6.0-M1,-,-,?,-,false,-
com.typesafe.play,anorm-iteratee_2.12,2.6.0-M1,-,-,?,-,false,-
com.typesafe.play.extras,iteratees-extras_2.11,1.6.0,-,-,?,-,false,-
com.typesafe.play,play_2.11,2.7.0-M2,-,-,?,-,false,-
com.typesafe.play,play-akka-http-server-experimental_2.10,2.4.11,-,-,?,-,false,-
com.typesafe.play,play-ebean_2.11,5.0.0-M2,-,-,?,-,false,-
com.typesafe.play,play-java_2.12,2.7.0-M2,-,-,?,-,false,-
com.typesafe.play,play-java-forms_2.13.0-M3,2.7.0-M2,-,-,?,-,false,-
com.typesafe.play,play-java-jpa_2.12,2.7.0-M2,-,-,?,-,false,-
com.typesafe.play,play-jcache_2.13.0-M3,2.7.0-M2,-,-,?,-,false,-
com.typesafe.play,play-jdbc-api_2.12,2.7.0-M2,-,-,?,-,false,-
com.typesafe.play,play-joda-forms_2.12,2.7.0-M2,-,-,?,-,false,-
com.typesafe.play,play-json_2.12,2.7.0-M1,-,-,?,-,false,-
com.typesafe.play,play-json-joda_2.13.0-M4,2.7.0-M1,-,-,?,-,false,-
com.typesafe.play,play-json_sjs0.6_2.13.0-M4,2.7.0-M1,-,-,?,-,false,-
com.typesafe.play,play-mailer_2.12,6.0.1,-,-,?,-,false,-
com.typesafe.play,play-native-loader_2.11,1.0.0,-,-,?,-,false,-
com.typesafe.play,play-slick-evolutions_2.11,4.0.0-M2,-,-,?,-,false,-
com.typesafe.play,play-ws_2.12,2.7.0-M2,-,-,?,-,false,-
com.typesafe.play,play-ws-standalone-xml_2.13.0-M3,2.0.0-M3,-,-,?,-,false,-
com.typesafe.play,run-support_2.10,2.7.0-M2,-,-,?,-,false,-
com.typesafe.play,twirl-api_2.13.0-M3,1.4.0-M2,-,-,?,-,false,-
com.typesafe.sbt,compiler-interface-precompiled,0.13.15,-,-,?,-,false,-
com.typesafe.sbt,incremental-compiler,0.13.15,-,-,?,-,false,-
com.typesafe.sbt,sbt-interface,0.13.15,-,-,?,-,false,-
com.typesafe.slick,slick_2.11,3.2.3,-,-,?,-,false,-
com.typesafe.slick,slick_2.12,3.2.3,-,-,?,-,false,-
com.typesafe.slick,slick-codegen_2.11,3.2.3,-,-,?,-,false,-
com.typesafe.slick,slick-codegen_2.12,3.2.3,-,-,?,-,false,-
com.typesafe.slick,slick-hikaricp_2.11,3.2.3,-,-,?,-,false,-
com.typesafe.slick,slick-hikaricp_2.12,3.2.3,-,-,?,-,false,-
com.typesafe.slick,slick-testkit_2.11,3.2.3,-,-,?,-,false,-
com.typesafe.slick,slick-testkit_2.12,3.2.3,-,-,?,-,false,-
com.typesafe,ssl-config-akka_2.11,0.2.2,-,-,?,-,false,-
com.typesafe,ssl-config-core_2.10,0.2.4,-,-,?,-,false,sun.misc.Unsafe                          See http://openjdk.java.net/jeps/260 + sun.security.util.HostnameChecker        Use javax.net.ssl.SSLParameters.setEndpointIdentificationAlgorithm("HTTPS") @since 1.7 +                                          or javax.net.ssl.HttpsURLConnection.setHostnameVerifier() @since 1.4 + sun.security.x509.X500Name               Use javax.security.auth.x500.X500Principal @since 1.4
com.typesafe,ssl-config-core_2.12,0.2.4,-,-,?,-,false,sun.misc.Unsafe                          See http://openjdk.java.net/jeps/260 + sun.security.util.HostnameChecker        Use javax.net.ssl.SSLParameters.setEndpointIdentificationAlgorithm("HTTPS") @since 1.7 +                                          or javax.net.ssl.HttpsURLConnection.setHostnameVerifier() @since 1.4 + sun.security.x509.X500Name               Use javax.security.auth.x500.X500Principal @since 1.4
com.typesafe,ssl-config-core_2.13.0-M3,0.2.3,-,-,?,-,false,sun.misc.Unsafe                          See http://openjdk.java.net/jeps/260 + sun.security.util.HostnameChecker        Use javax.net.ssl.SSLParameters.setEndpointIdentificationAlgorithm("HTTPS") @since 1.7 +                                          or javax.net.ssl.HttpsURLConnection.setHostnameVerifier() @since 1.4 + sun.security.x509.X500Name               Use javax.security.auth.x500.X500Principal @since 1.4
com.waioeka.graph,graph_2.12,0.0.6,-,-,?,-,false,-
com.waioeka,kea-core_2.12,0.1.1,-,-,?,-,false,-
com.waioeka.sbt,cucumber-runner_2.10,0.1.2,-,-,?,-,false,-
com.waioeka.sbt,cucumber-runner_2.11,0.1.3,-,-,?,-,false,-
com.waioeka.sbt,cucumber-runner_2.12,0.1.5,-,-,?,-,false,-
com.welemski,gobbler,1.0.20,-,-,?,-,false,-
com.welemski,gobblerparty,1.1.10,-,-,?,-,false,-
com.welemski,jsyringe,0.7.3-RELEASE,-,-,?,-,false,-
com.welemski,wrench,1.0.13,-,-,?,-,false,-
org.jmotor,scala-i18n_2.11,1.0.6,-,-,?,-,false,-
org.jmotor,scala-i18n_2.12,1.0.6,-,-,?,-,false,-
