groupId,artifactId,version,moduleName,moduleVersion,moduleMode,moduleDependencies,jdepsToolError,jdepsViolations
org.apache.struts,struts2-archetype-angularjs,2.5.14,-,-,?,-,false,-
org.apache.struts,struts2-archetype-blank,2.5.14,-,-,?,-,false,-
org.apache.struts,struts2-archetype-convention,2.5.14,-,-,?,-,false,-
org.apache.struts,struts2-archetype-dbportlet,2.5.14,-,-,?,-,false,-
org.apache.struts,struts2-archetype-plugin,2.5.14,-,-,?,-,false,-
org.apache.struts,struts2-archetype-portlet,2.5.14,-,-,?,-,false,-
org.apache.struts,struts2-archetype-starter,2.5.14,-,-,?,-,false,-
org.apache.struts,struts2-bean-validation-plugin,2.5.17,-,-,?,-,false,-
org.apache.struts,struts2-cdi-plugin,2.5.17,-,-,?,-,false,-
org.apache.struts,struts2-codebehind-plugin,2.3.35,-,-,?,-,false,-
org.apache.struts,struts2-config-browser-plugin,2.5.17,-,-,?,-,false,-
org.apache.struts,struts2-convention-plugin,2.5.17,-,-,?,-,false,-
org.apache.struts,struts2-core,2.5.17,-,-,?,-,false,-
org.apache.struts,struts2-dojo-plugin,2.3.35,-,-,?,-,false,-
org.apache.struts,struts2-dwr-plugin,2.5.17,-,-,?,-,false,-
org.apache.struts,struts2-embeddedjsp-plugin,2.5.17,-,-,?,-,false,-
org.apache.struts,struts2-gxp-plugin,2.5.17,-,-,?,-,false,-
org.apache.struts,struts2-jasperreports-plugin,2.5.17,-,-,?,-,false,-
org.apache.struts,struts2-java8-support-plugin,2.5.2,-,-,?,-,false,-
org.apache.struts,struts2-javatemplates-plugin,2.5.17,-,-,?,-,false,-
org.apache.struts,struts2-jfreechart-plugin,2.5.17,-,-,?,-,false,-
org.apache.struts,struts2-jsf-plugin,2.3.35,-,-,?,-,false,-
org.apache.struts,struts2-json-plugin,2.5.17,-,-,?,-,false,-
org.apache.struts,struts2-junit-plugin,2.5.17,-,-,?,-,false,-
org.apache.struts,struts2-osgi-admin-bundle,2.5.17,-,-,?,-,false,-
org.apache.struts,struts2-osgi-demo-bundle,2.5.17,-,-,?,-,false,-
org.apache.struts,struts2-osgi-plugin,2.5.17,-,-,?,-,false,-
org.apache.struts,struts2-oval-plugin,2.5.17,-,-,?,-,false,-
org.apache.struts,struts2-pell-multipart-plugin,2.5.17,-,-,?,-,false,-
org.apache.struts,struts2-plexus-plugin,2.5.17,-,-,?,-,false,-
org.apache.struts,struts2-portlet-plugin,2.5.17,-,-,?,-,false,-
org.apache.struts,struts2-portlet-tiles-plugin,2.5.17,-,-,?,-,false,-
org.apache.struts,struts2-rest-plugin,2.5.17,-,-,?,-,false,-
org.apache.struts,struts2-sitegraph-plugin,2.5.17,-,-,?,-,false,-
org.apache.struts,struts2-sitemesh-plugin,2.5.17,-,-,?,-,false,-
org.apache.struts,struts2-spring-plugin,2.5.17,-,-,?,-,false,-
org.apache.struts,struts2-struts1-plugin,2.3.35,-,-,?,-,false,-
org.apache.struts,struts2-testng-plugin,2.5.17,-,-,?,-,false,-
org.apache.struts,struts2-tiles3-plugin,2.5-BETA2,-,-,?,-,false,-
org.apache.struts,struts2-tiles-plugin,2.5.17,-,-,?,-,false,-
org.apache.struts.xwork,xwork-core,2.3.35,-,-,?,-,false,-
