groupId,artifactId,version,moduleName,moduleVersion,moduleMode,moduleDependencies,jdepsToolError,jdepsViolations
com.baidu.hugegraph,hugegraph-common,1.5.1,-,-,?,-,false,-
com.bertramlabs.plugins,asset-pipeline-core,3.0.5,-,-,?,-,false,-
com.bertramlabs.plugins,asset-pipeline-gradle,3.0.5,-,-,?,-,false,-
com.bertramlabs.plugins,asset-pipeline-micronaut,3.0.5,-,-,?,-,false,-
com.bertramlabs.plugins,asset-pipeline-servlet,3.0.5,-,-,?,-,false,-
com.bertramlabs.plugins,asset-pipeline-spring-boot,3.0.5,-,-,?,-,false,-
com.bertramlabs.plugins,coffee-asset-pipeline,3.0.5,-,-,?,-,false,-
com.bertramlabs.plugins,ember-asset-pipeline,3.0.5,-,-,?,-,false,-
com.bigchaindb,bigchaindb-driver,1.1,-,-,?,-,false,-
com.github.nruzic.commons.conventions,nruzic-commons-conventions,1.0.0-alpha1,-,-,?,-,false,-
com.github.shalousun,smart-doc,0.5,-,-,?,-,false,-
com.google.apis,google-api-services-searchconsole,v1-rev370-1.24.1,-,-,?,-,false,-
com.google.apis,google-api-services-youtubeAnalytics,v2-rev53-1.24.1,-,-,?,-,false,-
com.graphaware.neo4j,nlp,3.4.6.52.12,-,-,?,-,false,sun.misc.Cleaner                         Use java.lang.ref.PhantomReference @since 1.2 or java.lang.ref.Cleaner @since 9 + sun.misc.Unsafe                          See http://openjdk.java.net/jeps/260 + sun.reflect.generics.reflectiveObjects.NotImplementedException Removed. See http://openjdk.java.net/jeps/260
com.gu,facia-json_2.11,2.6.3,-,-,?,-,false,-
com.gu,facia-json-play25_2.11,2.6.3,-,-,?,-,false,-
com.gu,facia-json-play26_2.12,2.6.3,-,-,?,-,false,-
com.gu,fapi-client_2.11,2.6.3,-,-,?,-,false,-
com.gu,fapi-client-play25_2.11,2.6.3,-,-,?,-,false,-
com.gu,fapi-client-play26_2.12,2.6.3,-,-,?,-,false,-
com.gu,play-googleauth_2.11,0.7.7,-,-,?,-,false,-
com.gu,play-googleauth_2.12,0.7.7,-,-,?,-,false,-
com.sinnerschrader.aem.react,aem-react-api,0.24.3,-,-,?,-,false,-
com.sinnerschrader.aem.react,core,0.24.3,-,-,?,-,false,-
com.sinnerschrader.aem.react,generate-typescript-maven-plugin,0.24.3,-,-,?,-,false,-
de.julielab,julielab-java-utilities,1.0.4,-,-,?,-,false,-
fi.metatavu.dcfb,dcfb-api-client,0.0.20,-,-,?,-,false,-
fi.metatavu.dcfb,dcfb-api-spec,0.0.26,-,-,?,-,false,-
net.tascalate.javaflow.util,net.tascalate.javaflow.util.lib,1.1.0,-,-,?,-,false,-
org.opencypher,ast-9.0,9.0.7,-,-,?,-,false,-
org.opencypher,expressions-9.0,9.0.7,-,-,?,-,false,-
org.opencypher,front-end-9.0,9.0.7,-,-,?,-,false,-
org.opencypher,parser-9.0,9.0.7,-,-,?,-,false,-
org.opencypher,rewriting-9.0,9.0.7,-,-,?,-,false,-
org.opencypher,util-9.0,9.0.7,-,-,?,-,false,-
org.xtext,xtext-android-gradle-plugin,2.0.0,-,-,?,-,false,-
org.xtext,xtext-gradle-builder,2.0.0,-,-,?,-,false,-
org.xtext,xtext-gradle-plugin,2.0.0,-,-,?,-,false,-
org.xtext,xtext-gradle-protocol,2.0.0,-,-,?,-,false,-
org.xtext,xtext-idea-gradle-plugin,2.0.0,-,-,?,-,false,-
