groupId,artifactId,version,moduleName,moduleVersion,moduleMode,moduleDependencies,jdepsToolError,jdepsViolations
com.centit.framework,centit-ip-adapter,1.1.1808,-,-,?,-,false,-
com.centit.framework,centit-ip-adapter-jdbc,1.1.1808,-,-,?,-,false,-
com.centit.framework,centit-ip-app,1.1.1808,-,-,?,-,false,-
com.centit.framework,centit-ip-app-config,1.1.1808,-,-,?,-,false,-
com.centit.framework,centit-ip-module,1.1.1808,-,-,?,-,false,-
com.epam.jdi,jdi-commons,1.1.27,-,-,?,-,false,-
com.epam.jdi,jdi-http,1.1.27,-,-,?,-,false,-
com.epam.jdi,jdi-http-cucumber,1.1.27,-,-,?,-,false,-
com.epam.jdi,jdi-matchers,2.0.23,-,-,?,-,false,-
com.epam.jdi,jdi-uitest-core,1.1.27,-,-,?,-,false,-
com.epam.jdi,jdi-uitest-cucumber,1.1.27,-,-,?,-,false,-
com.epam.jdi,jdi-uitest-gui,1.1.27,-,-,?,-,false,sun.reflect.generics.reflectiveObjects.NotImplementedException Removed. See http://openjdk.java.net/jeps/260
com.epam.jdi,jdi-uitest-mobile,1.1.27,-,-,?,-,false,-
com.epam.jdi,jdi-uitest-web,1.1.27,-,-,?,-,false,-
com.epam.jdi,jdi-uitest-win,1.1.27,-,-,?,-,false,sun.reflect.generics.reflectiveObjects.NotImplementedException Removed. See http://openjdk.java.net/jeps/260
com.github.pheymann,typedapi-akka-http-client_2.11,0.2.0-RC2,-,-,?,-,false,-
com.github.pheymann,typedapi-akka-http-client_2.12,0.2.0-RC2,-,-,?,-,false,-
com.github.pheymann,typedapi-akka-http-server_2.11,0.2.0-RC2,-,-,?,-,false,-
com.github.pheymann,typedapi-akka-http-server_2.12,0.2.0-RC2,-,-,?,-,false,-
com.github.pheymann,typedapi-ammonite-client_2.11,0.2.0-RC2,-,-,?,-,false,-
com.github.pheymann,typedapi-ammonite-client_2.12,0.2.0-RC2,-,-,?,-,false,-
com.github.pheymann,typedapi-client_2.11,0.2.0-RC2,-,-,?,-,false,-
com.github.pheymann,typedapi-client_2.12,0.2.0-RC2,-,-,?,-,false,-
com.github.pheymann,typedapi-client_sjs0.6_2.11,0.2.0-RC2,-,-,?,-,false,-
com.github.pheymann,typedapi-client_sjs0.6_2.12,0.2.0-RC2,-,-,?,-,false,-
com.github.pheymann,typedapi-http4s-client_2.11,0.2.0-RC2,-,-,?,-,false,-
com.github.pheymann,typedapi-http4s-client_2.12,0.2.0-RC2,-,-,?,-,false,-
com.github.pheymann,typedapi-http4s-server_2.11,0.2.0-RC2,-,-,?,-,false,-
com.github.pheymann,typedapi-http4s-server_2.12,0.2.0-RC2,-,-,?,-,false,-
com.github.pheymann,typedapi-js-client_sjs0.6_2.11,0.2.0-RC2,-,-,?,-,false,-
com.github.pheymann,typedapi-js-client_sjs0.6_2.12,0.2.0-RC2,-,-,?,-,false,-
com.github.pheymann,typedapi-scalaj-http-client_2.11,0.2.0-RC2,-,-,?,-,false,-
com.github.pheymann,typedapi-scalaj-http-client_2.12,0.2.0-RC2,-,-,?,-,false,-
com.github.pheymann,typedapi-server_2.11,0.2.0-RC2,-,-,?,-,false,-
com.github.pheymann,typedapi-server_2.12,0.2.0-RC2,-,-,?,-,false,-
com.github.pheymann,typedapi-shared_2.11,0.2.0-RC2,-,-,?,-,false,-
com.github.pheymann,typedapi-shared_2.12,0.2.0-RC2,-,-,?,-,false,-
com.github.pheymann,typedapi-shared_sjs0.6_2.11,0.2.0-RC2,-,-,?,-,false,-
com.github.pheymann,typedapi-shared_sjs0.6_2.12,0.2.0-RC2,-,-,?,-,false,-
com.github.tankist88,carpenter-core,0.0.2,-,-,?,-,false,-
com.typesafe.akka,akka-actor_2.11,2.5.15,akka.actor,-,automatic,-,false,sun.misc.Unsafe                          See http://openjdk.java.net/jeps/260
com.typesafe.akka,akka-actor_2.12,2.5.15,akka.actor,-,automatic,-,false,sun.misc.Unsafe                          See http://openjdk.java.net/jeps/260
com.typesafe.akka,akka-actor-testkit-typed_2.11,2.5.15,akka.actor.testkit.typed,-,automatic,-,false,-
com.typesafe.akka,akka-actor-testkit-typed_2.12,2.5.15,akka.actor.testkit.typed,-,automatic,-,false,-
com.typesafe.akka,akka-actor-typed_2.11,2.5.15,akka.actor.typed,-,automatic,-,false,-
com.typesafe.akka,akka-actor-typed_2.12,2.5.15,akka.actor.typed,-,automatic,-,false,-
com.typesafe.akka,akka-agent_2.11,2.5.15,akka.agent,-,automatic,-,false,-
com.typesafe.akka,akka-agent_2.12,2.5.15,akka.agent,-,automatic,-,false,-
com.typesafe.akka,akka-camel_2.11,2.5.15,akka.camel,-,automatic,-,false,-
com.typesafe.akka,akka-camel_2.12,2.5.15,akka.camel,-,automatic,-,false,-
com.typesafe.akka,akka-cluster_2.11,2.5.15,akka.cluster,-,automatic,-,false,-
com.typesafe.akka,akka-cluster_2.12,2.5.15,akka.cluster,-,automatic,-,false,-
com.typesafe.akka,akka-cluster-metrics_2.11,2.5.15,akka.cluster.metrics,-,automatic,-,false,-
com.typesafe.akka,akka-cluster-metrics_2.12,2.5.15,akka.cluster.metrics,-,automatic,-,false,-
com.typesafe.akka,akka-cluster-sharding_2.11,2.5.15,akka.cluster.sharding,-,automatic,-,false,-
com.typesafe.akka,akka-cluster-sharding_2.12,2.5.15,akka.cluster.sharding,-,automatic,-,false,-
com.typesafe.akka,akka-cluster-sharding-typed_2.11,2.5.15,akka.cluster.sharding.typed,-,automatic,-,false,-
com.typesafe.akka,akka-cluster-sharding-typed_2.12,2.5.15,akka.cluster.sharding.typed,-,automatic,-,false,-
com.typesafe.akka,akka-cluster-tools_2.11,2.5.15,akka.cluster.tools,-,automatic,-,false,-
com.typesafe.akka,akka-cluster-tools_2.12,2.5.15,akka.cluster.tools,-,automatic,-,false,-
com.typesafe.akka,akka-cluster-typed_2.11,2.5.15,akka.cluster.typed,-,automatic,-,false,-
com.typesafe.akka,akka-cluster-typed_2.12,2.5.15,akka.cluster.typed,-,automatic,-,false,-
com.typesafe.akka,akka-contrib_2.11,2.5.15,akka.contrib,-,automatic,-,false,-
com.typesafe.akka,akka-contrib_2.12,2.5.15,akka.contrib,-,automatic,-,false,-
com.typesafe.akka,akka-distributed-data_2.11,2.5.15,akka.cluster.ddata,-,automatic,-,false,-
com.typesafe.akka,akka-distributed-data_2.12,2.5.15,akka.cluster.ddata,-,automatic,-,false,-
com.typesafe.akka,akka-multi-node-testkit_2.11,2.5.15,akka.remote.testkit,-,automatic,-,false,-
com.typesafe.akka,akka-multi-node-testkit_2.12,2.5.15,akka.remote.testkit,-,automatic,-,false,-
com.typesafe.akka,akka-osgi_2.11,2.5.15,akka.osgi,-,automatic,-,false,-
com.typesafe.akka,akka-osgi_2.12,2.5.15,akka.osgi,-,automatic,-,false,-
com.typesafe.akka,akka-persistence_2.11,2.5.15,akka.persistence,-,automatic,-,false,-
com.typesafe.akka,akka-persistence_2.12,2.5.15,akka.persistence,-,automatic,-,false,-
com.typesafe.akka,akka-persistence-query_2.11,2.5.15,akka.persistence.query,-,automatic,-,false,-
com.typesafe.akka,akka-persistence-query_2.12,2.5.15,akka.persistence.query,-,automatic,-,false,-
com.typesafe.akka,akka-persistence-tck_2.11,2.5.15,akka.persistence.tck,-,automatic,-,false,-
com.typesafe.akka,akka-persistence-tck_2.12,2.5.15,akka.persistence.tck,-,automatic,-,false,-
com.typesafe.akka,akka-persistence-typed_2.11,2.5.15,akka.persistence.typed,-,automatic,-,false,-
com.typesafe.akka,akka-persistence-typed_2.12,2.5.15,akka.persistence.typed,-,automatic,-,false,-
com.typesafe.akka,akka-protobuf_2.11,2.5.15,akka.protobuf,-,automatic,-,false,-
com.typesafe.akka,akka-protobuf_2.12,2.5.15,akka.protobuf,-,automatic,-,false,-
com.typesafe.akka,akka-remote_2.11,2.5.15,akka.remote,-,automatic,-,false,sun.misc.Unsafe                          See http://openjdk.java.net/jeps/260
com.typesafe.akka,akka-remote_2.12,2.5.15,akka.remote,-,automatic,-,false,sun.misc.Unsafe                          See http://openjdk.java.net/jeps/260
com.typesafe.akka,akka-slf4j_2.11,2.5.15,akka.slf4j,-,automatic,-,false,-
com.typesafe.akka,akka-slf4j_2.12,2.5.15,akka.slf4j,-,automatic,-,false,-
com.typesafe.akka,akka-stream_2.11,2.5.15,akka.stream,-,automatic,-,false,-
com.typesafe.akka,akka-stream_2.12,2.5.15,akka.stream,-,automatic,-,false,-
com.typesafe.akka,akka-stream-testkit_2.11,2.5.15,akka.stream.testkit,-,automatic,-,false,-
com.typesafe.akka,akka-stream-testkit_2.12,2.5.15,akka.stream.testkit,-,automatic,-,false,-
com.typesafe.akka,akka-stream-typed_2.11,2.5.15,akka.stream.typed,-,automatic,-,false,-
com.typesafe.akka,akka-stream-typed_2.12,2.5.15,akka.stream.typed,-,automatic,-,false,-
com.typesafe.akka,akka-testkit_2.11,2.5.15,akka.actor.testkit,-,automatic,-,false,-
com.typesafe.akka,akka-testkit_2.12,2.5.15,akka.actor.testkit,-,automatic,-,false,-
de.uni_jena.cs.fusion,similarity.jarowinkler,1.0.0,-,-,?,-,false,-
net.tascalate.javaflow,net.tascalate.javaflow.api,2.3.2,-,-,?,-,false,-
net.tascalate.javaflow,net.tascalate.javaflow.providers.asm3,2.3.2,-,-,?,-,false,-
net.tascalate.javaflow,net.tascalate.javaflow.providers.asm4,2.3.2,-,-,?,-,false,-
net.tascalate.javaflow,net.tascalate.javaflow.providers.asm5,2.3.2,-,-,?,-,false,-
net.tascalate.javaflow,net.tascalate.javaflow.spi,2.3.2,-,-,?,-,false,-
net.tascalate.javaflow,net.tascalate.javaflow.tools.ant,2.3.2,-,-,?,-,false,-
net.tascalate.javaflow,net.tascalate.javaflow.tools.cdi-javaagent,2.3.2,-,-,?,-,false,-
net.tascalate.javaflow,net.tascalate.javaflow.tools.jar,2.3.2,-,-,?,-,false,-
net.tascalate.javaflow,net.tascalate.javaflow.tools.javaagent,2.3.2,-,-,?,-,false,-
net.tascalate.javaflow,net.tascalate.javaflow.tools.maven,2.3.2,-,-,?,-,false,-
net.tascalate.javaflow,net.tascalate.javaflow.tools.runtime,2.3.2,-,-,?,-,false,-
no.skatteetaten.aurora,aurora-git-version,2.5.1,-,-,?,-,false,-
no.skatteetaten.aurora,aurora-git-version-cli,2.5.1,-,-,?,-,false,-
org.gradoop,gradoop-accumulo,0.4.1,-,-,?,-,false,-
org.gradoop,gradoop-checkstyle,0.4.1,-,-,?,-,false,-
org.gradoop,gradoop-common,0.4.1,-,-,?,-,false,-
org.gradoop,gradoop-examples,0.4.1,-,-,?,-,false,sun.misc.Unsafe                          See http://openjdk.java.net/jeps/260
org.gradoop,gradoop-flink,0.4.1,-,-,?,-,false,-
org.gradoop,gradoop-hbase,0.4.1,-,-,?,-,false,-
org.gradoop,gradoop-store-api,0.4.1,-,-,?,-,false,-
org.in-cal,incal-core_2.11,0.0.5,-,-,?,-,false,-
org.in-cal,incal-play_2.11,0.0.18,-,-,?,-,false,-
org.weixin4j.spring.boot,weixin4j-spring-boot-starter,1.0.0,-,-,?,-,false,-
top.jfunc.json,json-common,1.0,-,-,?,-,false,-
top.jfunc.json,json-jackson,1.0,-,-,?,-,false,-
za.co.absa.cobrix,cobol-parser,0.2.3,-,-,?,-,false,-
za.co.absa.cobrix,spark-cobol,0.2.3,-,-,?,-,false,-
