groupId,artifactId,version,moduleName,moduleVersion,moduleMode,moduleDependencies,jdepsToolError,jdepsViolations
com.danielflower.apprunner,app-runner-router,1.8.4,-,-,?,-,false,sun.misc.Unsafe                          See http://openjdk.java.net/jeps/260 + sun.reflect.Reflection                   Use java.lang.StackWalker @since 9
com.github.biopet,common-utils_2.12,0.7,-,-,?,-,false,-
com.github.biopet,ngs-utils_2.11,0.5,-,-,?,-,false,-
com.github.biopet,tool-utils_2.11,0.5,-,-,?,-,false,-
com.google.apis,google-api-services-youtubeAnalytics,v2-rev52-1.24.1,-,-,?,-,false,-
com.graphaware.neo4j,uuid,3.4.5.52.17,-,-,?,-,false,-
com.graphhopper,directions-api-client-hc,0.11.0-pre5,-,-,?,-,false,-
com.graphhopper,graphhopper-api,0.11.0-pre5,-,-,?,-,false,-
com.graphhopper,graphhopper-core,0.11.0-pre5,-,-,?,-,false,sun.misc.Unsafe                          See http://openjdk.java.net/jeps/260
com.graphhopper,graphhopper-isochrone,0.11.0-pre5,-,-,?,-,false,-
com.graphhopper,graphhopper-navigation-mapbox,0.11.0-pre1,-,-,?,-,false,-
com.graphhopper,graphhopper-reader-gtfs,0.11.0-pre5,-,-,?,-,false,-
com.graphhopper,graphhopper-reader-osm,0.11.0-pre5,-,-,?,-,false,-
com.graphhopper,graphhopper-reader-shp,0.11.0-pre5,-,-,?,-,false,-
com.graphhopper,graphhopper-tools,0.11.0-pre5,-,-,?,-,false,-
com.graphhopper,graphhopper-web,0.11.0-pre5,-,-,?,-,false,com.sun.image.codec.jpeg.JPEGCodec       Use javax.imageio @since 1.4 + com.sun.image.codec.jpeg.JPEGDecodeParam Use javax.imageio @since 1.4 + com.sun.image.codec.jpeg.JPEGEncodeParam Use javax.imageio @since 1.4 + com.sun.image.codec.jpeg.JPEGImageDecoder Use javax.imageio @since 1.4 + com.sun.image.codec.jpeg.JPEGImageEncoder Use javax.imageio @since 1.4 + com.sun.image.codec.jpeg.JPEGQTable      Use javax.imageio @since 1.4 + sun.awt.image.codec.JPEGParam            Use javax.imageio @since 1.4 + sun.misc.Unsafe                          See http://openjdk.java.net/jeps/260 + sun.reflect.Reflection                   Use java.lang.StackWalker @since 9
com.graphhopper,graphhopper-web-api,0.11.0-pre5,-,-,?,-,false,-
com.graphhopper,graphhopper-web-bundle,0.11.0-pre5,-,-,?,-,false,-
com.gu.play-secret-rotation,aws-parameterstore_2.12,0.11,-,-,?,-,false,-
com.gu.play-secret-rotation,aws-parameterstore-lambda_2.12,0.11,-,-,?,-,false,-
com.gu.play-secret-rotation,core_2.12,0.11,-,-,?,-,false,-
com.qaprosoft,carina-api,5.2.5.119,-,-,?,-,false,-
com.qaprosoft,carina-aws-s3,5.2.5.119,-,-,?,-,false,-
com.qaprosoft,carina-commons,5.2.5.119,-,-,?,-,false,-
com.qaprosoft,carina-core,5.2.5.119,-,-,?,-,false,-
com.qaprosoft,carina-crypto,5.2.5.119,-,-,?,-,false,-
com.qaprosoft,carina-dataprovider,5.2.5.119,-,-,?,-,false,-
com.qaprosoft,carina-hockeyapp,5.2.5.119,-,-,?,-,false,-
com.qaprosoft,carina-proxy,5.2.5.119,-,-,?,-,false,-
com.qaprosoft,carina-reporting,5.2.5.119,-,-,?,-,false,-
com.qaprosoft,carina-utils,5.2.5.119,-,-,?,-,false,-
com.qaprosoft,carina-webdriver,5.2.5.119,-,-,?,-,false,-
com.spotify,flo-api-generator,0.3.1,-,-,?,-,false,-
com.spotify,flo-bigquery,0.3.1,-,-,?,-,false,-
com.spotify,flo-freezer,0.3.1,-,-,?,-,false,-
com.spotify,flo-runner,0.3.1,-,-,?,-,false,-
com.spotify,flo-scala_2.11,0.3.1,-,-,?,-,false,-
com.spotify,flo-scala_2.12,0.3.1,-,-,?,-,false,-
com.spotify,flo-scio_2.11,0.3.1,-,-,?,-,false,-
com.spotify,flo-scio_2.12,0.3.1,-,-,?,-,false,-
com.spotify,flo-styx,0.3.1,-,-,?,-,false,-
com.spotify,flo-workflow,0.3.1,-,-,?,-,false,-
de.julielab,biosem-event-extractor,1.1.7,-,-,?,-,false,-
de.julielab,jcore-biosem-ae,2.3.1,-,-,?,-,false,-
de.julielab,jcore-biosem-ae-bionlp-st09,2.3.0,-,-,?,-,false,-
de.julielab,jcore-biosem-ae-bionlp-st11,2.3.0,-,-,?,-,false,-
de.julielab,jcore-biosem-ae-bionlp-st13,2.3.0,-,-,?,-,false,-
io.github.xcr1234,norm,1.7.2,-,-,?,-,false,sun.reflect.ReflectionFactory            See http://openjdk.java.net/jeps/260 + sun.reflect.ReflectionFactory$GetReflectionFactoryAction Removed. See http://openjdk.java.net/jeps/260
top.jfunc.report,imexporter,1.2,-,-,?,-,false,-
