groupId,artifactId,version,moduleName,moduleVersion,moduleMode,moduleDependencies,jdepsToolError,jdepsViolations
com.bowlingx,play-webpack_2.11,0.1.19,-,-,?,-,false,-
com.bowlingx,play-webpack_2.12,0.1.19,-,-,?,-,false,-
com.bowlingx,play-webpack-lib_2.10,0.1.16,-,-,?,-,false,-
com.bowlingx,play-webpack-lib_2.11,0.1.19,-,-,?,-,false,-
com.bowlingx,play-webpack-lib_2.12,0.1.19,-,-,?,-,false,-
com.netflix.archaius,archaius2-api,2.3.13,-,-,?,-,false,-
com.netflix.archaius,archaius2-archaius1-bridge,2.3.13,-,-,?,-,false,-
com.netflix.archaius,archaius2-commons-configuration,2.3.13,-,-,?,-,false,-
com.netflix.archaius,archaius2-core,2.3.13,-,-,?,-,false,-
com.netflix.archaius,archaius2-guice,2.3.13,-,-,?,-,false,-
com.netflix.archaius,archaius2-persisted2,2.3.13,-,-,?,-,false,-
com.netflix.archaius,archaius2-test,2.3.13,-,-,?,-,false,-
com.netflix.archaius,archaius2-typesafe,2.3.13,-,-,?,-,false,-
com.netflix.archaius,archaius-aws,0.7.6,-,-,?,-,false,-
com.netflix.archaius,archaius-core,2.0.0-rc.7,-,-,?,-,false,-
com.netflix.archaius,archaius-etcd,0.7.6,-,-,?,-,false,-
com.netflix.archaius,archaius-samplelibrary,0.7.6,-,-,?,-,false,-
com.netflix.archaius,archaius-scala,0.7.6,-,-,?,-,false,-
com.netflix.archaius,archaius-typesafe,2.0.0-rc.7,-,-,?,-,false,-
com.netflix.archaius,archaius-zookeeper,0.7.6,-,-,?,-,false,-
com.netflix.dynomitemanager,dynomitemanager-common,2.0.17,-,-,?,-,false,-
com.netflix.dynomitemanager,dynomitemanager-core,2.0.17,-,-,?,-,false,-
com.netflix.frigga,frigga,0.18.0,-,-,?,-,false,-
com.netflix.genie,genie-app,3.3.12,-,-,?,-,false,-
com.netflix.genie,genie-client,3.3.12,-,-,?,-,false,-
com.netflix.genie,genie-common,3.3.12,-,-,?,-,false,-
com.netflix.genie,genie-core,3.3.12,-,-,?,-,false,-
com.netflix.genie,genie-test,3.3.12,-,-,?,-,false,-
com.netflix.genie,genie-web,3.3.12,-,-,?,-,false,-
com.netflix.karyon,karyon2-admin,2.9.2,-,-,?,-,false,-
com.netflix.karyon,karyon2-admin-eureka-plugin,2.9.2,-,-,?,-,false,-
com.netflix.karyon,karyon2-admin-healthcheck-plugin,2.9.2,-,-,?,-,false,-
com.netflix.karyon,karyon2-admin-web,2.9.2,-,-,?,-,false,-
com.netflix.karyon,karyon2-archaius,2.9.2,-,-,?,-,false,-
com.netflix.karyon,karyon2-core,2.9.2,-,-,?,-,false,-
com.netflix.karyon,karyon2-eureka,2.9.2,-,-,?,-,false,-
com.netflix.karyon,karyon2-examples,2.9.2,-,-,?,-,false,-
com.netflix.karyon,karyon2-governator,2.9.2,-,-,?,-,false,-
com.netflix.karyon,karyon2-jersey-blocking,2.9.2,-,-,?,-,false,-
com.netflix.karyon,karyon2-servo,2.9.2,-,-,?,-,false,-
com.netflix.karyon,karyon-admin-healthcheck-plugin,2.9.2,-,-,?,-,false,-
com.netflix.msl,msl-burp,1.1221.3,-,-,?,-,false,-
com.netflix.msl,msl-cli,1.1221.3,-,-,?,-,false,-
com.netflix.msl,msl-core,1.1221.3,-,-,?,-,false,-
com.netflix.msl,msl-kancolle,1.1221.3,-,-,?,-,false,-
com.netflix.msl,msl-oneshot,1.1221.3,-,-,?,-,false,-
com.netflix.msl,msl-tests,1.1221.3,-,-,?,-,false,-
com.netflix.photon,Photon,4.5.12,-,-,?,-,false,-
com.netflix.ribbon,ribbon,2.3.0,-,-,?,-,false,-
com.netflix.ribbon,ribbon-core,2.3.0,-,-,?,-,false,-
com.netflix.ribbon,ribbon-eureka,2.3.0,-,-,?,-,false,-
com.netflix.ribbon,ribbon-evcache,2.3.0,-,-,?,-,false,-
com.netflix.ribbon,ribbon-examples,2.3.0,-,-,?,-,false,-
com.netflix.ribbon,ribbon-guice,2.3.0,-,-,?,-,false,-
com.netflix.ribbon,ribbon-httpclient,2.3.0,-,-,?,-,false,-
com.netflix.ribbon,ribbon-loadbalancer,2.3.0,-,-,?,-,false,-
com.netflix.ribbon,ribbon-test,2.3.0,-,-,?,-,false,-
com.netflix.ribbon,ribbon-transport,2.3.0,-,-,?,-,false,-
com.netflix.zuul,zuul-core,2.1.3,-,-,?,-,false,-
com.netflix.zuul,zuul-netflix,1.3.1,-,-,?,-,false,-
com.netflix.zuul,zuul-sample,2.1.3,-,-,?,-,false,-
com.persist,kafka-appender_2.12,1.3.2,-,-,?,-,false,-
com.persist,persist-json_2.12,1.2.1,-,-,?,-,false,-
com.tectonica,jonix,8.0.1,-,-,?,-,false,-
com.tectonica,jonix-common,8.0.1,-,-,?,-,false,-
com.tectonica,jonix-json,8.0.1,-,-,?,-,false,-
com.tectonica,jonix-onix2,8.0.1,-,-,?,-,false,-
com.tectonica,jonix-onix3,8.0.1,-,-,?,-,false,-
com.tectonica,jonix-xml,8.0.1,-,-,?,-,false,-
com.thepracticaldeveloper,archetype-java-basic-tpd,1.0.0,-,-,?,-,false,-
