groupId,artifactId,version,moduleName,moduleVersion,moduleMode,moduleDependencies,jdepsToolError,jdepsViolations
com.amazon.alexa,ask-sdk,2.5.0,-,-,?,-,false,-
com.amazon.alexa,ask-sdk-apache-client,2.5.0,-,-,?,-,false,-
com.amazon.alexa,ask-sdk-core,2.5.0,-,-,?,-,false,-
com.amazon.alexa,ask-sdk-dynamodb-persistence-adapter,2.5.0,-,-,?,-,false,-
com.amazon.alexa,ask-sdk-lambda-support,2.5.0,-,-,?,-,false,-
com.amazon.alexa,ask-sdk-servlet-support,2.5.0,-,-,?,-,false,-
com.bitplan.wikifrontend,com.bitplan.wikifrontend,0.0.4,-,-,?,-,false,-
com.couchbase.client,dcp-client,0.19.0,-,-,?,-,false,-
com.github.michael-rapp,java-util,2.0.1,-,-,?,-,false,-
com.github.pshirshov.izumi.r2,distage-app_2.12,0.5.48,-,-,?,-,false,-
com.github.pshirshov.izumi.r2,distage-cats_2.12,0.5.48,-,-,?,-,false,-
com.github.pshirshov.izumi.r2,distage-config_2.12,0.5.48,-,-,?,-,false,-
com.github.pshirshov.izumi.r2,distage-core_2.12,0.5.48,-,-,?,-,false,-
com.github.pshirshov.izumi.r2,distage-model_2.12,0.5.48,-,-,?,-,false,-
com.github.pshirshov.izumi.r2,distage-plugins_2.12,0.5.48,-,-,?,-,false,-
com.github.pshirshov.izumi.r2,distage-proxy-cglib_2.12,0.5.48,-,-,?,-,false,-
com.github.pshirshov.izumi.r2,distage-roles_2.12,0.5.48,-,-,?,-,false,-
com.github.pshirshov.izumi.r2,distage-static_2.12,0.5.48,-,-,?,-,false,-
com.github.pshirshov.izumi.r2,fastparse-shaded_2.12,0.5.48,-,-,?,-,false,-
com.github.pshirshov.izumi.r2,fundamentals-collections_2.12,0.5.48,-,-,?,-,false,-
com.github.pshirshov.izumi.r2,fundamentals-functional_2.12,0.5.48,-,-,?,-,false,-
com.github.pshirshov.izumi.r2,fundamentals-platform_2.12,0.5.48,-,-,?,-,false,-
com.github.pshirshov.izumi.r2,fundamentals-reflection_2.12,0.5.48,-,-,?,-,false,-
com.github.pshirshov.izumi.r2,idealingua-compiler_2.12,0.5.48,-,-,?,-,false,sun.misc.Unsafe                          See http://openjdk.java.net/jeps/260
com.github.pshirshov.izumi.r2,idealingua-core_2.12,0.5.48,-,-,?,-,false,-
com.github.pshirshov.izumi.r2,idealingua-model_2.12,0.5.48,-,-,?,-,false,-
com.github.pshirshov.izumi.r2,idealingua-runtime-rpc-c-sharp_2.12,0.5.48,-,-,?,-,false,-
com.github.pshirshov.izumi.r2,idealingua-runtime-rpc-go_2.12,0.5.48,-,-,?,-,false,-
com.github.pshirshov.izumi.r2,idealingua-runtime-rpc-http4s_2.12,0.5.48,-,-,?,-,false,-
com.github.pshirshov.izumi.r2,idealingua-runtime-rpc-scala_2.12,0.5.48,-,-,?,-,false,-
com.github.pshirshov.izumi.r2,idealingua-runtime-rpc-typescript_2.12,0.5.48,-,-,?,-,false,-
com.github.pshirshov.izumi.r2,idealingua-test-defs_2.12,0.5.48,-,-,?,-,false,-
com.github.pshirshov.izumi.r2,izumi-r2_2.12,0.5.48,-,-,?,-,false,-
com.github.pshirshov.izumi.r2,logstage-adapter-slf4j_2.12,0.5.48,-,-,?,-,false,-
com.github.pshirshov.izumi.r2,logstage-api-base_2.12,0.5.48,-,-,?,-,false,-
com.github.pshirshov.izumi.r2,logstage-api-base-macro_2.12,0.5.48,-,-,?,-,false,-
com.github.pshirshov.izumi.r2,logstage-api-logger_2.12,0.5.48,-,-,?,-,false,-
com.github.pshirshov.izumi.r2,logstage-di_2.12,0.5.48,-,-,?,-,false,-
com.github.pshirshov.izumi.r2,logstage-rendering-json4s_2.12,0.5.48,-,-,?,-,false,-
com.github.pshirshov.izumi.r2,logstage-sink-slf4j_2.12,0.5.48,-,-,?,-,false,-
com.google.apis,google-api-services-adexchangebuyer2,v2beta1-rev686-1.24.1,-,-,?,-,false,-
com.google.apis,google-api-services-bigquerydatatransfer,v1-rev82-1.24.1,-,-,?,-,false,-
com.google.apis,google-api-services-iam,v1-rev258-1.18.0-rc,-,-,?,-,false,-
com.google.apis,google-api-services-language,v1-rev438-1.24.1,-,-,?,-,false,-
com.google.apis,google-api-services-script,v1-rev245-1.24.1,-,-,?,-,false,-
com.google.apis,google-api-services-streetviewpublish,v1-rev207-1.24.1,-,-,?,-,false,-
com.jaregu,queries,0.9.0,-,-,?,-,false,-
com.restfb,restfb,2.9.0,-,-,?,-,false,-
com.sumologic.elasticsearch,elasticsearch-akka,2.0.12,-,-,?,-,false,-
com.sumologic.elasticsearch,elasticsearch-aws,2.0.12,-,-,?,-,false,-
com.sumologic.elasticsearch,elasticsearch-core,2.0.12,-,-,?,-,false,-
com.sumologic.elasticsearch,elasticsearch-test,2.0.12,-,-,?,-,false,-
io.jitstatic,jitstatic-client,0.6.0,io.jitstatic.client,-,automatic,-,false,-
net.seesharpsoft.sharping,sharping-commons,0.11.0,-,-,?,-,false,-
net.seesharpsoft.sharping,sharping-spring-data,0.11.0,-,-,?,-,false,-
net.seesharpsoft.sharping,sharping-spring-multipart,0.11.0,-,-,?,-,false,-
net.seesharpsoft.sharping,sharping-spring-multipart-boot,0.11.0,-,-,?,-,false,-
net.seesharpsoft.sharping,sharping-spring-multipart-boot-example,0.11.0,-,-,?,-,false,-
net.seesharpsoft.sharping,sharping-spring-multipart-example,0.11.0,-,-,?,-,false,-
net.seesharpsoft.sharping,sharping-spring-suite,0.11.0,-,-,?,-,false,-
net.seesharpsoft.sharping,sharping-spring-suite-boot,0.11.0,-,-,?,-,false,-
org.jpmml,jpmml-lightgbm,1.2.2,-,-,?,-,false,-
org.springframework.kafka,spring-kafka,2.1.9.RELEASE,spring.kafka,-,automatic,-,false,-
org.springframework.kafka,spring-kafka-test,2.1.9.RELEASE,spring.kafka.test,-,automatic,-,false,-
org.telegram,telegrambots,4.1,-,-,?,-,false,-
org.telegram,telegrambots-abilities,4.1,-,-,?,-,false,-
org.telegram,telegrambots-chat-session-bot,4.1,-,-,?,-,false,-
org.telegram,telegrambotsextensions,4.1,-,-,?,-,false,-
org.telegram,telegrambots-meta,4.1,-,-,?,-,false,-
org.telegram,telegrambots-spring-boot-starter,4.1,-,-,?,-,false,-
