groupId,artifactId,version,moduleName,moduleVersion,moduleMode,moduleDependencies,jdepsToolError,jdepsViolations
com.bitplan.multimodule,multimodule1,0.0.3,-,-,?,-,false,-
com.bitplan.multimodule,multimodule2,0.0.3,-,-,?,-,false,-
com.epam.jdi,jdi-commons,1.1.29,-,-,?,-,false,-
com.epam.jdi,jdi-http,1.1.29,-,-,?,-,false,-
com.epam.jdi,jdi-http-cucumber,1.1.29,-,-,?,-,false,-
com.epam.jdi,jdi-matchers,2.0.23,-,-,?,-,false,-
com.epam.jdi,jdi-uitest-core,1.1.29,-,-,?,-,false,-
com.epam.jdi,jdi-uitest-cucumber,1.1.29,-,-,?,-,false,-
com.epam.jdi,jdi-uitest-gui,1.1.29,-,-,?,-,false,sun.reflect.generics.reflectiveObjects.NotImplementedException Removed. See http://openjdk.java.net/jeps/260
com.epam.jdi,jdi-uitest-mobile,1.1.29,-,-,?,-,false,-
com.epam.jdi,jdi-uitest-web,1.1.29,-,-,?,-,false,-
com.epam.jdi,jdi-uitest-win,1.1.29,-,-,?,-,false,sun.reflect.generics.reflectiveObjects.NotImplementedException Removed. See http://openjdk.java.net/jeps/260
com.google.acai,acai,1.1,-,-,?,-,false,-
com.google.api,api-compiler,0.0.8,-,-,?,-,false,-
com.google.api-client,google-api-client,1.25.0,-,-,?,-,false,-
com.google.api-client,google-api-client-android,1.25.0,-,-,?,-,false,-
com.google.api-client,google-api-client-appengine,1.25.0,-,-,?,-,false,-
com.google.api-client,google-api-client-gson,1.25.0,-,-,?,-,false,-
com.google.api-client,google-api-client-jackson2,1.25.0,-,-,?,-,false,-
com.google.api-client,google-api-client-java6,1.25.0,-,-,?,-,false,-
com.google.api-client,google-api-client-protobuf,1.25.0,-,-,?,-,false,-
com.google.api-client,google-api-client-servlet,1.25.0,-,-,?,-,false,-
com.google.api-client,google-api-client-xml,1.25.0,-,-,?,-,false,-
com.google.api,gax-grpc,1.30.0,-,-,?,-,false,-
com.google.api,gax-httpjson,0.47.0,-,-,?,-,false,-
com.google.api.graphql,rejoiner,0.0.4,-,-,?,-,false,-
com.google.api.grpc,grpc-google-cloud-containeranalysis-v1beta1,0.24.0,-,-,?,-,false,-
com.google.api.grpc,grpc-google-cloud-dataproc-v1beta2,0.24.0,-,-,?,-,false,-
com.google.api.grpc,grpc-google-cloud-language-v1,1.23.0,-,-,?,-,false,-
com.google.api.grpc,grpc-google-cloud-redis-v1beta1,0.24.0,-,-,?,-,false,-
com.google.api.grpc,grpc-google-cloud-video-intelligence-v1beta1,0.24.0,-,-,?,-,false,-
com.google.api.grpc,proto-google-cloud-containeranalysis-v1beta1,0.24.0,-,-,?,-,false,-
com.google.api.grpc,proto-google-cloud-dataproc-v1beta2,0.24.0,-,-,?,-,false,-
com.google.api.grpc,proto-google-cloud-iot-v1,0.24.0,-,-,?,-,false,-
com.google.api.grpc,proto-google-cloud-language-v1,1.23.0,-,-,?,-,false,-
com.google.api.grpc,proto-google-cloud-redis-v1beta1,0.24.0,-,-,?,-,false,-
com.google.api.grpc,proto-google-cloud-video-intelligence-v1beta1,0.24.0,-,-,?,-,false,-
com.google.crypto.tink,apps-paymentmethodtoken,1.2.0,-,-,?,-,false,-
com.google.crypto.tink,apps-rewardedads,1.2.0,-,-,?,-,false,-
com.google.crypto.tink,apps-webpush,1.2.0,-,-,?,-,false,-
com.google.crypto.tink,tink,1.2.0,-,-,?,-,false,-
com.google.crypto.tink,tink-android,1.2.0,-,-,?,-,false,-
com.google.errorprone,error_prone_annotation,2.3.1,-,-,?,-,false,-
com.google.errorprone,error_prone_annotations,2.3.1,-,-,?,-,false,-
com.google.errorprone,error_prone_ant,2.3.1,-,-,?,-,false,sun.misc.Unsafe                          See http://openjdk.java.net/jeps/260 + sun.reflect.annotation.AnnotationParser  Removed. See http://openjdk.java.net/jeps/260 + sun.reflect.annotation.AnnotationType    Removed. See http://openjdk.java.net/jeps/260 + sun.reflect.annotation.EnumConstantNotPresentExceptionProxy Removed. See http://openjdk.java.net/jeps/260 + sun.reflect.annotation.ExceptionProxy    Removed. See http://openjdk.java.net/jeps/260
com.google.errorprone,error_prone_check_api,2.3.1,-,-,?,-,false,com.sun.tools.javac.api.BasicJavacTask   Use javax.tools and javax.lang.model @since 1.6 + com.sun.tools.javac.api.ClientCodeWrapper Use javax.tools and javax.lang.model @since 1.6 + com.sun.tools.javac.api.ClientCodeWrapper$Trusted Use javax.tools and javax.lang.model @since 1.6 + com.sun.tools.javac.api.JavacTaskImpl    Use javax.tools and javax.lang.model @since 1.6 + com.sun.tools.javac.api.JavacTool        Use javax.tools and javax.lang.model @since 1.6 + com.sun.tools.javac.api.JavacTrees       Use javax.tools and javax.lang.model @since 1.6 + com.sun.tools.javac.code.Attribute       Use javax.tools and javax.lang.model @since 1.6 + com.sun.tools.javac.code.Attribute$Array Use javax.tools and javax.lang.model @since 1.6 + com.sun.tools.javac.code.Attribute$Compound Use javax.tools and javax.lang.model @since 1.6 + com.sun.tools.javac.code.BoundKind       Use javax.tools and javax.lang.model @since 1.6 + com.sun.tools.javac.code.Flags           Use javax.tools and javax.lang.model @since 1.6 + com.sun.tools.javac.code.Kinds           Use javax.tools and javax.lang.model @since 1.6 + com.sun.tools.javac.code.Kinds$KindSelector Use javax.tools and javax.lang.model @since 1.6 + com.sun.tools.javac.code.Scope           Use javax.tools and javax.lang.model @since 1.6 + com.sun.tools.javac.code.Scope$CompoundScope Use javax.tools and javax.lang.model @since 1.6 + com.sun.tools.javac.code.Scope$LookupKind Use javax.tools and javax.lang.model @since 1.6 + com.sun.tools.javac.code.Scope$WriteableScope Use javax.tools and javax.lang.model @since 1.6 + com.sun.tools.javac.code.Symbol          Use javax.tools and javax.lang.model @since 1.6 + com.sun.tools.javac.code.Symbol$ClassSymbol Use javax.tools and javax.lang.model @since 1.6 + com.sun.tools.javac.code.Symbol$CompletionFailure Use javax.tools and javax.lang.model @since 1.6 + com.sun.tools.javac.code.Symbol$MethodSymbol Use javax.tools and javax.lang.model @since 1.6 + com.sun.tools.javac.code.Symbol$ModuleSymbol Use javax.tools and javax.lang.model @since 1.6 + com.sun.tools.javac.code.Symbol$PackageSymbol Use javax.tools and javax.lang.model @since 1.6 + com.sun.tools.javac.code.Symbol$TypeSymbol Use javax.tools and javax.lang.model @since 1.6 + com.sun.tools.javac.code.Symbol$VarSymbol Use javax.tools and javax.lang.model @since 1.6 + com.sun.tools.javac.code.Symtab          Use javax.tools and javax.lang.model @since 1.6 + com.sun.tools.javac.code.Type            Use javax.tools and javax.lang.model @since 1.6 + com.sun.tools.javac.code.Type$ArrayType  Use javax.tools and javax.lang.model @since 1.6 + com.sun.tools.javac.code.Type$CapturedType Use javax.tools and javax.lang.model @since 1.6 + com.sun.tools.javac.code.Type$ClassType  Use javax.tools and javax.lang.model @since 1.6 + com.sun.tools.javac.code.Type$JCNoType   Use javax.tools and javax.lang.model @since 1.6 + com.sun.tools.javac.code.Type$JCPrimitiveType Use javax.tools and javax.lang.model @since 1.6 + com.sun.tools.javac.code.Type$JCVoidType Use javax.tools and javax.lang.model @since 1.6 + com.sun.tools.javac.code.Type$TypeVar    Use javax.tools and javax.lang.model @since 1.6 + com.sun.tools.javac.code.Type$Visitor    Use javax.tools and javax.lang.model @since 1.6 + com.sun.tools.javac.code.Type$WildcardType Use javax.tools and javax.lang.model @since 1.6 + com.sun.tools.javac.code.TypeTag         Use javax.tools and javax.lang.model @since 1.6 + com.sun.tools.javac.code.Types           Use javax.tools and javax.lang.model @since 1.6 + com.sun.tools.javac.code.Types$DefaultTypeVisitor Use javax.tools and javax.lang.model @since 1.6 + com.sun.tools.javac.code.Types$SignatureGenerator Use javax.tools and javax.lang.model @since 1.6 + com.sun.tools.javac.comp.Enter           Use javax.tools and javax.lang.model @since 1.6 + com.sun.tools.javac.comp.Env             Use javax.tools and javax.lang.model @since 1.6 + com.sun.tools.javac.comp.MemberEnter     Use javax.tools and javax.lang.model @since 1.6 + com.sun.tools.javac.comp.Resolve         Use javax.tools and javax.lang.model @since 1.6 + com.sun.tools.javac.file.JavacFileManager Use javax.tools and javax.lang.model @since 1.6 + com.sun.tools.javac.main.Arguments       Use javax.tools and javax.lang.model @since 1.6 + com.sun.tools.javac.main.CommandLine     Use javax.tools and javax.lang.model @since 1.6 + com.sun.tools.javac.main.JavaCompiler    Use javax.tools and javax.lang.model @since 1.6 + com.sun.tools.javac.main.Main            Use javax.tools and javax.lang.model @since 1.6 + com.sun.tools.javac.main.Main$Result     Use javax.tools and javax.lang.model @since 1.6 + com.sun.tools.javac.parser.JavaTokenizer Use javax.tools and javax.lang.model @since 1.6 + com.sun.tools.javac.parser.Scanner       Use javax.tools and javax.lang.model @since 1.6 + com.sun.tools.javac.parser.ScannerFactory Use javax.tools and javax.lang.model @since 1.6 + com.sun.tools.javac.parser.Tokens        Use javax.tools and javax.lang.model @since 1.6 + com.sun.tools.javac.parser.Tokens$Comment Use javax.tools and javax.lang.model @since 1.6 + com.sun.tools.javac.parser.Tokens$Comment$CommentStyle Use javax.tools and javax.lang.model @since 1.6 + com.sun.tools.javac.parser.Tokens$Token  Use javax.tools and javax.lang.model @since 1.6 + com.sun.tools.javac.parser.Tokens$TokenKind Use javax.tools and javax.lang.model @since 1.6 + com.sun.tools.javac.parser.UnicodeReader Use javax.tools and javax.lang.model @since 1.6 + com.sun.tools.javac.processing.JavacProcessingEnvironment Use javax.tools and javax.lang.model @since 1.6 + com.sun.tools.javac.tree.DCTree          Use com.sun.source @since 1.6 + com.sun.tools.javac.tree.DCTree$DCDocComment Use com.sun.source @since 1.6 + com.sun.tools.javac.tree.DCTree$DCEndPosTree Use com.sun.source @since 1.6 + com.sun.tools.javac.tree.DCTree$DCReference Use com.sun.source @since 1.6 + com.sun.tools.javac.tree.EndPosTable     Use com.sun.source @since 1.6 + com.sun.tools.javac.tree.JCTree          Use com.sun.source @since 1.6 + com.sun.tools.javac.tree.JCTree$JCAnnotatedType Use com.sun.source @since 1.6 + com.sun.tools.javac.tree.JCTree$JCBreak  Use com.sun.source @since 1.6 + com.sun.tools.javac.tree.JCTree$JCClassDecl Use com.sun.source @since 1.6 + com.sun.tools.javac.tree.JCTree$JCCompilationUnit Use com.sun.source @since 1.6 + com.sun.tools.javac.tree.JCTree$JCContinue Use com.sun.source @since 1.6 + com.sun.tools.javac.tree.JCTree$JCExpression Use com.sun.source @since 1.6 + com.sun.tools.javac.tree.JCTree$JCFieldAccess Use com.sun.source @since 1.6 + com.sun.tools.javac.tree.JCTree$JCIdent  Use com.sun.source @since 1.6 + com.sun.tools.javac.tree.JCTree$JCImport Use com.sun.source @since 1.6 + com.sun.tools.javac.tree.JCTree$JCLabeledStatement Use com.sun.source @since 1.6 + com.sun.tools.javac.tree.JCTree$JCLiteral Use com.sun.source @since 1.6 + com.sun.tools.javac.tree.JCTree$JCMemberReference Use com.sun.source @since 1.6 + com.sun.tools.javac.tree.JCTree$JCMethodDecl Use com.sun.source @since 1.6 + com.sun.tools.javac.tree.JCTree$JCMethodInvocation Use com.sun.source @since 1.6 + com.sun.tools.javac.tree.JCTree$JCModifiers Use com.sun.source @since 1.6 + com.sun.tools.javac.tree.JCTree$JCNewClass Use com.sun.source @since 1.6 + com.sun.tools.javac.tree.JCTree$JCPackageDecl Use com.sun.source @since 1.6 + com.sun.tools.javac.tree.JCTree$JCStatement Use com.sun.source @since 1.6 + com.sun.tools.javac.tree.JCTree$JCTypeParameter Use com.sun.source @since 1.6 + com.sun.tools.javac.tree.JCTree$JCVariableDecl Use com.sun.source @since 1.6 + com.sun.tools.javac.tree.JCTree$Tag      Use com.sun.source @since 1.6 + com.sun.tools.javac.tree.JCTree$Visitor  Use com.sun.source @since 1.6 + com.sun.tools.javac.tree.TreeMaker       Use com.sun.source @since 1.6 + com.sun.tools.javac.tree.TreeScanner     Use com.sun.source @since 1.6 + com.sun.tools.javac.util.AbstractLog     Use javax.tools and javax.lang.model @since 1.6 + com.sun.tools.javac.util.ByteBuffer      Use javax.tools and javax.lang.model @since 1.6 + com.sun.tools.javac.util.Context         Use javax.tools and javax.lang.model @since 1.6 + com.sun.tools.javac.util.Context$Factory Use javax.tools and javax.lang.model @since 1.6 + com.sun.tools.javac.util.Context$Key     Use javax.tools and javax.lang.model @since 1.6 + com.sun.tools.javac.util.Convert         Use javax.tools and javax.lang.model @since 1.6 + com.sun.tools.javac.util.DiagnosticSource Use javax.tools and javax.lang.model @since 1.6 + com.sun.tools.javac.util.Filter          Use javax.tools and javax.lang.model @since 1.6 + com.sun.tools.javac.util.JCDiagnostic    Use javax.tools and javax.lang.model @since 1.6 + com.sun.tools.javac.util.JCDiagnostic$DiagnosticPosition Use javax.tools and javax.lang.model @since 1.6 + com.sun.tools.javac.util.JavacMessages   Use javax.tools and javax.lang.model @since 1.6 + com.sun.tools.javac.util.JavacMessages$ResourceBundleHelper Use javax.tools and javax.lang.model @since 1.6 + com.sun.tools.javac.util.List            Use javax.tools and javax.lang.model @since 1.6 + com.sun.tools.javac.util.Log             Use javax.tools and javax.lang.model @since 1.6 + com.sun.tools.javac.util.Log$DeferredDiagnosticHandler Use javax.tools and javax.lang.model @since 1.6 + com.sun.tools.javac.util.Log$DiagnosticHandler Use javax.tools and javax.lang.model @since 1.6 + com.sun.tools.javac.util.Log$WriterKind  Use javax.tools and javax.lang.model @since 1.6 + com.sun.tools.javac.util.Name            Use javax.tools and javax.lang.model @since 1.6 + com.sun.tools.javac.util.Names           Use javax.tools and javax.lang.model @since 1.6 + com.sun.tools.javac.util.Options         Use javax.tools and javax.lang.model @since 1.6 + com.sun.tools.javac.util.Pair            Use javax.tools and javax.lang.model @since 1.6 + com.sun.tools.javac.util.Position        Use javax.tools and javax.lang.model @since 1.6 + com.sun.tools.javac.util.Position$LineMap Use javax.tools and javax.lang.model @since 1.6 + com.sun.tools.javac.util.PropagatedException Use javax.tools and javax.lang.model @since 1.6
com.google.errorprone,error_prone_core,2.3.1,-,-,?,-,false,com.sun.tools.javac.api.BasicJavacTask   Use javax.tools and javax.lang.model @since 1.6 + com.sun.tools.javac.api.JavacTool        Use javax.tools and javax.lang.model @since 1.6 + com.sun.tools.javac.api.JavacTrees       Use javax.tools and javax.lang.model @since 1.6 + com.sun.tools.javac.code.Attribute       Use javax.tools and javax.lang.model @since 1.6 + com.sun.tools.javac.code.Attribute$Compound Use javax.tools and javax.lang.model @since 1.6 + com.sun.tools.javac.code.Attribute$Enum  Use javax.tools and javax.lang.model @since 1.6 + com.sun.tools.javac.code.Attribute$RetentionPolicy Use javax.tools and javax.lang.model @since 1.6 + com.sun.tools.javac.code.Attribute$TypeCompound Use javax.tools and javax.lang.model @since 1.6 + com.sun.tools.javac.code.BoundKind       Use javax.tools and javax.lang.model @since 1.6 + com.sun.tools.javac.code.Flags           Use javax.tools and javax.lang.model @since 1.6 + com.sun.tools.javac.code.Flags$Flag      Use javax.tools and javax.lang.model @since 1.6 + com.sun.tools.javac.code.Kinds           Use javax.tools and javax.lang.model @since 1.6 + com.sun.tools.javac.code.Kinds$Kind      Use javax.tools and javax.lang.model @since 1.6 + com.sun.tools.javac.code.Kinds$KindSelector Use javax.tools and javax.lang.model @since 1.6 + com.sun.tools.javac.code.Scope           Use javax.tools and javax.lang.model @since 1.6 + com.sun.tools.javac.code.Scope$CompoundScope Use javax.tools and javax.lang.model @since 1.6 + com.sun.tools.javac.code.Scope$LookupKind Use javax.tools and javax.lang.model @since 1.6 + com.sun.tools.javac.code.Scope$StarImportScope Use javax.tools and javax.lang.model @since 1.6 + com.sun.tools.javac.code.Scope$WriteableScope Use javax.tools and javax.lang.model @since 1.6 + com.sun.tools.javac.code.Source          Use javax.tools and javax.lang.model @since 1.6 + com.sun.tools.javac.code.Symbol          Use javax.tools and javax.lang.model @since 1.6 + com.sun.tools.javac.code.Symbol$ClassSymbol Use javax.tools and javax.lang.model @since 1.6 + com.sun.tools.javac.code.Symbol$CompletionFailure Use javax.tools and javax.lang.model @since 1.6 + com.sun.tools.javac.code.Symbol$MethodSymbol Use javax.tools and javax.lang.model @since 1.6 + com.sun.tools.javac.code.Symbol$ModuleSymbol Use javax.tools and javax.lang.model @since 1.6 + com.sun.tools.javac.code.Symbol$PackageSymbol Use javax.tools and javax.lang.model @since 1.6 + com.sun.tools.javac.code.Symbol$TypeSymbol Use javax.tools and javax.lang.model @since 1.6 + com.sun.tools.javac.code.Symbol$TypeVariableSymbol Use javax.tools and javax.lang.model @since 1.6 + com.sun.tools.javac.code.Symbol$VarSymbol Use javax.tools and javax.lang.model @since 1.6 + com.sun.tools.javac.code.Symtab          Use javax.tools and javax.lang.model @since 1.6 + com.sun.tools.javac.code.Type            Use javax.tools and javax.lang.model @since 1.6 + com.sun.tools.javac.code.Type$ArrayType  Use javax.tools and javax.lang.model @since 1.6 + com.sun.tools.javac.code.Type$ClassType  Use javax.tools and javax.lang.model @since 1.6 + com.sun.tools.javac.code.Type$ForAll     Use javax.tools and javax.lang.model @since 1.6 + com.sun.tools.javac.code.Type$IntersectionClassType Use javax.tools and javax.lang.model @since 1.6 + com.sun.tools.javac.code.Type$JCNoType   Use javax.tools and javax.lang.model @since 1.6 + com.sun.tools.javac.code.Type$JCPrimitiveType Use javax.tools and javax.lang.model @since 1.6 + com.sun.tools.javac.code.Type$JCVoidType Use javax.tools and javax.lang.model @since 1.6 + com.sun.tools.javac.code.Type$MethodType Use javax.tools and javax.lang.model @since 1.6 + com.sun.tools.javac.code.Type$TypeVar    Use javax.tools and javax.lang.model @since 1.6 + com.sun.tools.javac.code.Type$UnionClassType Use javax.tools and javax.lang.model @since 1.6 + com.sun.tools.javac.code.Type$Visitor    Use javax.tools and javax.lang.model @since 1.6 + com.sun.tools.javac.code.Type$WildcardType Use javax.tools and javax.lang.model @since 1.6 + com.sun.tools.javac.code.TypeTag         Use javax.tools and javax.lang.model @since 1.6 + com.sun.tools.javac.code.Types           Use javax.tools and javax.lang.model @since 1.6 + com.sun.tools.javac.code.Types$DefaultTypeVisitor Use javax.tools and javax.lang.model @since 1.6 + com.sun.tools.javac.code.Types$SimpleVisitor Use javax.tools and javax.lang.model @since 1.6 + com.sun.tools.javac.comp.Attr            Use javax.tools and javax.lang.model @since 1.6 + com.sun.tools.javac.comp.AttrContext     Use javax.tools and javax.lang.model @since 1.6 + com.sun.tools.javac.comp.Check           Use javax.tools and javax.lang.model @since 1.6 + com.sun.tools.javac.comp.Enter           Use javax.tools and javax.lang.model @since 1.6 + com.sun.tools.javac.comp.Env             Use javax.tools and javax.lang.model @since 1.6 + com.sun.tools.javac.comp.Infer           Use javax.tools and javax.lang.model @since 1.6 + com.sun.tools.javac.comp.Resolve         Use javax.tools and javax.lang.model @since 1.6 + com.sun.tools.javac.comp.Resolve$InapplicableMethodException Use javax.tools and javax.lang.model @since 1.6 + com.sun.tools.javac.file.JavacFileManager Use javax.tools and javax.lang.model @since 1.6 + com.sun.tools.javac.main.JavaCompiler    Use javax.tools and javax.lang.model @since 1.6 + com.sun.tools.javac.main.Main            Use javax.tools and javax.lang.model @since 1.6 + com.sun.tools.javac.main.Main$Result     Use javax.tools and javax.lang.model @since 1.6 + com.sun.tools.javac.model.AnnotationProxyMaker Use javax.tools and javax.lang.model @since 1.6 + com.sun.tools.javac.model.JavacElements  Use javax.tools and javax.lang.model @since 1.6 + com.sun.tools.javac.model.JavacTypes     Use javax.tools and javax.lang.model @since 1.6 + com.sun.tools.javac.parser.JavaTokenizer Use javax.tools and javax.lang.model @since 1.6 + com.sun.tools.javac.parser.JavacParser   Use javax.tools and javax.lang.model @since 1.6 + com.sun.tools.javac.parser.ParserFactory Use javax.tools and javax.lang.model @since 1.6 + com.sun.tools.javac.parser.ScannerFactory Use javax.tools and javax.lang.model @since 1.6 + com.sun.tools.javac.parser.Tokens        Use javax.tools and javax.lang.model @since 1.6 + com.sun.tools.javac.parser.Tokens$Comment Use javax.tools and javax.lang.model @since 1.6 + com.sun.tools.javac.parser.Tokens$Comment$CommentStyle Use javax.tools and javax.lang.model @since 1.6 + com.sun.tools.javac.parser.Tokens$Token  Use javax.tools and javax.lang.model @since 1.6 + com.sun.tools.javac.parser.Tokens$TokenKind Use javax.tools and javax.lang.model @since 1.6 + com.sun.tools.javac.processing.JavacProcessingEnvironment Use javax.tools and javax.lang.model @since 1.6 + com.sun.tools.javac.tree.DCTree          Use com.sun.source @since 1.6 + com.sun.tools.javac.tree.DCTree$DCReference Use com.sun.source @since 1.6 + com.sun.tools.javac.tree.EndPosTable     Use com.sun.source @since 1.6 + com.sun.tools.javac.tree.JCTree          Use com.sun.source @since 1.6 + com.sun.tools.javac.tree.JCTree$JCAnnotatedType Use com.sun.source @since 1.6 + com.sun.tools.javac.tree.JCTree$JCAnnotation Use com.sun.source @since 1.6 + com.sun.tools.javac.tree.JCTree$JCArrayAccess Use com.sun.source @since 1.6 + com.sun.tools.javac.tree.JCTree$JCArrayTypeTree Use com.sun.source @since 1.6 + com.sun.tools.javac.tree.JCTree$JCAssert Use com.sun.source @since 1.6 + com.sun.tools.javac.tree.JCTree$JCAssign Use com.sun.source @since 1.6 + com.sun.tools.javac.tree.JCTree$JCAssignOp Use com.sun.source @since 1.6 + com.sun.tools.javac.tree.JCTree$JCBinary Use com.sun.source @since 1.6 + com.sun.tools.javac.tree.JCTree$JCBlock  Use com.sun.source @since 1.6 + com.sun.tools.javac.tree.JCTree$JCBreak  Use com.sun.source @since 1.6 + com.sun.tools.javac.tree.JCTree$JCCase   Use com.sun.source @since 1.6 + com.sun.tools.javac.tree.JCTree$JCCatch  Use com.sun.source @since 1.6 + com.sun.tools.javac.tree.JCTree$JCClassDecl Use com.sun.source @since 1.6 + com.sun.tools.javac.tree.JCTree$JCCompilationUnit Use com.sun.source @since 1.6 + com.sun.tools.javac.tree.JCTree$JCConditional Use com.sun.source @since 1.6 + com.sun.tools.javac.tree.JCTree$JCContinue Use com.sun.source @since 1.6 + com.sun.tools.javac.tree.JCTree$JCDoWhileLoop Use com.sun.source @since 1.6 + com.sun.tools.javac.tree.JCTree$JCEnhancedForLoop Use com.sun.source @since 1.6 + com.sun.tools.javac.tree.JCTree$JCExpression Use com.sun.source @since 1.6 + com.sun.tools.javac.tree.JCTree$JCExpressionStatement Use com.sun.source @since 1.6 + com.sun.tools.javac.tree.JCTree$JCFieldAccess Use com.sun.source @since 1.6 + com.sun.tools.javac.tree.JCTree$JCForLoop Use com.sun.source @since 1.6 + com.sun.tools.javac.tree.JCTree$JCIdent  Use com.sun.source @since 1.6 + com.sun.tools.javac.tree.JCTree$JCIf     Use com.sun.source @since 1.6 + com.sun.tools.javac.tree.JCTree$JCImport Use com.sun.source @since 1.6 + com.sun.tools.javac.tree.JCTree$JCInstanceOf Use com.sun.source @since 1.6 + com.sun.tools.javac.tree.JCTree$JCLabeledStatement Use com.sun.source @since 1.6 + com.sun.tools.javac.tree.JCTree$JCLambda Use com.sun.source @since 1.6 + com.sun.tools.javac.tree.JCTree$JCLambda$ParameterKind Use com.sun.source @since 1.6 + com.sun.tools.javac.tree.JCTree$JCLiteral Use com.sun.source @since 1.6 + com.sun.tools.javac.tree.JCTree$JCMemberReference Use com.sun.source @since 1.6 + com.sun.tools.javac.tree.JCTree$JCMethodDecl Use com.sun.source @since 1.6 + com.sun.tools.javac.tree.JCTree$JCMethodInvocation Use com.sun.source @since 1.6 + com.sun.tools.javac.tree.JCTree$JCModifiers Use com.sun.source @since 1.6 + com.sun.tools.javac.tree.JCTree$JCNewArray Use com.sun.source @since 1.6 + com.sun.tools.javac.tree.JCTree$JCNewClass Use com.sun.source @since 1.6 + com.sun.tools.javac.tree.JCTree$JCParens Use com.sun.source @since 1.6 + com.sun.tools.javac.tree.JCTree$JCPrimitiveTypeTree Use com.sun.source @since 1.6 + com.sun.tools.javac.tree.JCTree$JCReturn Use com.sun.source @since 1.6 + com.sun.tools.javac.tree.JCTree$JCSkip   Use com.sun.source @since 1.6 + com.sun.tools.javac.tree.JCTree$JCStatement Use com.sun.source @since 1.6 + com.sun.tools.javac.tree.JCTree$JCSwitch Use com.sun.source @since 1.6 + com.sun.tools.javac.tree.JCTree$JCSynchronized Use com.sun.source @since 1.6 + com.sun.tools.javac.tree.JCTree$JCThrow  Use com.sun.source @since 1.6 + com.sun.tools.javac.tree.JCTree$JCTry    Use com.sun.source @since 1.6 + com.sun.tools.javac.tree.JCTree$JCTypeApply Use com.sun.source @since 1.6 + com.sun.tools.javac.tree.JCTree$JCTypeCast Use com.sun.source @since 1.6 + com.sun.tools.javac.tree.JCTree$JCTypeIntersection Use com.sun.source @since 1.6 + com.sun.tools.javac.tree.JCTree$JCTypeParameter Use com.sun.source @since 1.6 + com.sun.tools.javac.tree.JCTree$JCTypeUnion Use com.sun.source @since 1.6 + com.sun.tools.javac.tree.JCTree$JCUnary  Use com.sun.source @since 1.6 + com.sun.tools.javac.tree.JCTree$JCVariableDecl Use com.sun.source @since 1.6 + com.sun.tools.javac.tree.JCTree$JCWhileLoop Use com.sun.source @since 1.6 + com.sun.tools.javac.tree.JCTree$JCWildcard Use com.sun.source @since 1.6 + com.sun.tools.javac.tree.JCTree$Tag      Use com.sun.source @since 1.6 + com.sun.tools.javac.tree.JCTree$TypeBoundKind Use com.sun.source @since 1.6 + com.sun.tools.javac.tree.JCTree$Visitor  Use com.sun.source @since 1.6 + com.sun.tools.javac.tree.Pretty          Use com.sun.source @since 1.6 + com.sun.tools.javac.tree.TreeCopier      Use com.sun.source @since 1.6 + com.sun.tools.javac.tree.TreeInfo        Use com.sun.source @since 1.6 + com.sun.tools.javac.tree.TreeMaker       Use com.sun.source @since 1.6 + com.sun.tools.javac.tree.TreeScanner     Use com.sun.source @since 1.6 + com.sun.tools.javac.util.Context         Use javax.tools and javax.lang.model @since 1.6 + com.sun.tools.javac.util.Context$Key     Use javax.tools and javax.lang.model @since 1.6 + com.sun.tools.javac.util.Convert         Use javax.tools and javax.lang.model @since 1.6 + com.sun.tools.javac.util.FatalError      Use javax.tools and javax.lang.model @since 1.6 + com.sun.tools.javac.util.Filter          Use javax.tools and javax.lang.model @since 1.6 + com.sun.tools.javac.util.JCDiagnostic    Use javax.tools and javax.lang.model @since 1.6 + com.sun.tools.javac.util.JCDiagnostic$DiagnosticPosition Use javax.tools and javax.lang.model @since 1.6 + com.sun.tools.javac.util.List            Use javax.tools and javax.lang.model @since 1.6 + com.sun.tools.javac.util.ListBuffer      Use javax.tools and javax.lang.model @since 1.6 + com.sun.tools.javac.util.Log             Use javax.tools and javax.lang.model @since 1.6 + com.sun.tools.javac.util.Log$DeferredDiagnosticHandler Use javax.tools and javax.lang.model @since 1.6 + com.sun.tools.javac.util.Log$DiagnosticHandler Use javax.tools and javax.lang.model @since 1.6 + com.sun.tools.javac.util.Name            Use javax.tools and javax.lang.model @since 1.6 + com.sun.tools.javac.util.Names           Use javax.tools and javax.lang.model @since 1.6 + com.sun.tools.javac.util.Options         Use javax.tools and javax.lang.model @since 1.6 + com.sun.tools.javac.util.Position        Use javax.tools and javax.lang.model @since 1.6 + com.sun.tools.javac.util.Warner          Use javax.tools and javax.lang.model @since 1.6
com.google.errorprone,error_prone_docgen,2.3.1,-,-,?,-,false,-
com.google.errorprone,error_prone_docgen_processor,2.3.1,-,-,?,-,false,-
com.google.errorprone,error_prone_refaster,2.3.1,-,-,?,-,false,com.sun.tools.javac.api.BasicJavacTask   Use javax.tools and javax.lang.model @since 1.6 + com.sun.tools.javac.api.ClientCodeWrapper Use javax.tools and javax.lang.model @since 1.6 + com.sun.tools.javac.api.ClientCodeWrapper$Trusted Use javax.tools and javax.lang.model @since 1.6 + com.sun.tools.javac.api.JavacTaskImpl    Use javax.tools and javax.lang.model @since 1.6 + com.sun.tools.javac.api.JavacTool        Use javax.tools and javax.lang.model @since 1.6 + com.sun.tools.javac.api.JavacTrees       Use javax.tools and javax.lang.model @since 1.6 + com.sun.tools.javac.code.Attribute       Use javax.tools and javax.lang.model @since 1.6 + com.sun.tools.javac.code.Attribute$Array Use javax.tools and javax.lang.model @since 1.6 + com.sun.tools.javac.code.Attribute$Compound Use javax.tools and javax.lang.model @since 1.6 + com.sun.tools.javac.code.Attribute$Enum  Use javax.tools and javax.lang.model @since 1.6 + com.sun.tools.javac.code.Attribute$RetentionPolicy Use javax.tools and javax.lang.model @since 1.6 + com.sun.tools.javac.code.Attribute$TypeCompound Use javax.tools and javax.lang.model @since 1.6 + com.sun.tools.javac.code.BoundKind       Use javax.tools and javax.lang.model @since 1.6 + com.sun.tools.javac.code.Flags           Use javax.tools and javax.lang.model @since 1.6 + com.sun.tools.javac.code.Flags$Flag      Use javax.tools and javax.lang.model @since 1.6 + com.sun.tools.javac.code.Kinds           Use javax.tools and javax.lang.model @since 1.6 + com.sun.tools.javac.code.Kinds$Kind      Use javax.tools and javax.lang.model @since 1.6 + com.sun.tools.javac.code.Kinds$KindSelector Use javax.tools and javax.lang.model @since 1.6 + com.sun.tools.javac.code.Scope           Use javax.tools and javax.lang.model @since 1.6 + com.sun.tools.javac.code.Scope$CompoundScope Use javax.tools and javax.lang.model @since 1.6 + com.sun.tools.javac.code.Scope$LookupKind Use javax.tools and javax.lang.model @since 1.6 + com.sun.tools.javac.code.Scope$StarImportScope Use javax.tools and javax.lang.model @since 1.6 + com.sun.tools.javac.code.Scope$WriteableScope Use javax.tools and javax.lang.model @since 1.6 + com.sun.tools.javac.code.Source          Use javax.tools and javax.lang.model @since 1.6 + com.sun.tools.javac.code.Symbol          Use javax.tools and javax.lang.model @since 1.6 + com.sun.tools.javac.code.Symbol$ClassSymbol Use javax.tools and javax.lang.model @since 1.6 + com.sun.tools.javac.code.Symbol$CompletionFailure Use javax.tools and javax.lang.model @since 1.6 + com.sun.tools.javac.code.Symbol$MethodSymbol Use javax.tools and javax.lang.model @since 1.6 + com.sun.tools.javac.code.Symbol$ModuleSymbol Use javax.tools and javax.lang.model @since 1.6 + com.sun.tools.javac.code.Symbol$PackageSymbol Use javax.tools and javax.lang.model @since 1.6 + com.sun.tools.javac.code.Symbol$TypeSymbol Use javax.tools and javax.lang.model @since 1.6 + com.sun.tools.javac.code.Symbol$TypeVariableSymbol Use javax.tools and javax.lang.model @since 1.6 + com.sun.tools.javac.code.Symbol$VarSymbol Use javax.tools and javax.lang.model @since 1.6 + com.sun.tools.javac.code.Symtab          Use javax.tools and javax.lang.model @since 1.6 + com.sun.tools.javac.code.Type            Use javax.tools and javax.lang.model @since 1.6 + com.sun.tools.javac.code.Type$ArrayType  Use javax.tools and javax.lang.model @since 1.6 + com.sun.tools.javac.code.Type$CapturedType Use javax.tools and javax.lang.model @since 1.6 + com.sun.tools.javac.code.Type$ClassType  Use javax.tools and javax.lang.model @since 1.6 + com.sun.tools.javac.code.Type$ForAll     Use javax.tools and javax.lang.model @since 1.6 + com.sun.tools.javac.code.Type$IntersectionClassType Use javax.tools and javax.lang.model @since 1.6 + com.sun.tools.javac.code.Type$JCNoType   Use javax.tools and javax.lang.model @since 1.6 + com.sun.tools.javac.code.Type$JCPrimitiveType Use javax.tools and javax.lang.model @since 1.6 + com.sun.tools.javac.code.Type$JCVoidType Use javax.tools and javax.lang.model @since 1.6 + com.sun.tools.javac.code.Type$MethodType Use javax.tools and javax.lang.model @since 1.6 + com.sun.tools.javac.code.Type$TypeVar    Use javax.tools and javax.lang.model @since 1.6 + com.sun.tools.javac.code.Type$UnionClassType Use javax.tools and javax.lang.model @since 1.6 + com.sun.tools.javac.code.Type$Visitor    Use javax.tools and javax.lang.model @since 1.6 + com.sun.tools.javac.code.Type$WildcardType Use javax.tools and javax.lang.model @since 1.6 + com.sun.tools.javac.code.TypeTag         Use javax.tools and javax.lang.model @since 1.6 + com.sun.tools.javac.code.Types           Use javax.tools and javax.lang.model @since 1.6 + com.sun.tools.javac.code.Types$DefaultTypeVisitor Use javax.tools and javax.lang.model @since 1.6 + com.sun.tools.javac.code.Types$SignatureGenerator Use javax.tools and javax.lang.model @since 1.6 + com.sun.tools.javac.code.Types$SimpleVisitor Use javax.tools and javax.lang.model @since 1.6 + com.sun.tools.javac.comp.Attr            Use javax.tools and javax.lang.model @since 1.6 + com.sun.tools.javac.comp.AttrContext     Use javax.tools and javax.lang.model @since 1.6 + com.sun.tools.javac.comp.Check           Use javax.tools and javax.lang.model @since 1.6 + com.sun.tools.javac.comp.Enter           Use javax.tools and javax.lang.model @since 1.6 + com.sun.tools.javac.comp.Env             Use javax.tools and javax.lang.model @since 1.6 + com.sun.tools.javac.comp.Infer           Use javax.tools and javax.lang.model @since 1.6 + com.sun.tools.javac.comp.MemberEnter     Use javax.tools and javax.lang.model @since 1.6 + com.sun.tools.javac.comp.Resolve         Use javax.tools and javax.lang.model @since 1.6 + com.sun.tools.javac.comp.Resolve$InapplicableMethodException Use javax.tools and javax.lang.model @since 1.6 + com.sun.tools.javac.file.JavacFileManager Use javax.tools and javax.lang.model @since 1.6 + com.sun.tools.javac.main.Arguments       Use javax.tools and javax.lang.model @since 1.6 + com.sun.tools.javac.main.CommandLine     Use javax.tools and javax.lang.model @since 1.6 + com.sun.tools.javac.main.JavaCompiler    Use javax.tools and javax.lang.model @since 1.6 + com.sun.tools.javac.main.Main            Use javax.tools and javax.lang.model @since 1.6 + com.sun.tools.javac.main.Main$Result     Use javax.tools and javax.lang.model @since 1.6 + com.sun.tools.javac.model.AnnotationProxyMaker Use javax.tools and javax.lang.model @since 1.6 + com.sun.tools.javac.model.JavacElements  Use javax.tools and javax.lang.model @since 1.6 + com.sun.tools.javac.model.JavacTypes     Use javax.tools and javax.lang.model @since 1.6 + com.sun.tools.javac.parser.JavaTokenizer Use javax.tools and javax.lang.model @since 1.6 + com.sun.tools.javac.parser.JavacParser   Use javax.tools and javax.lang.model @since 1.6 + com.sun.tools.javac.parser.ParserFactory Use javax.tools and javax.lang.model @since 1.6 + com.sun.tools.javac.parser.Scanner       Use javax.tools and javax.lang.model @since 1.6 + com.sun.tools.javac.parser.ScannerFactory Use javax.tools and javax.lang.model @since 1.6 + com.sun.tools.javac.parser.Tokens        Use javax.tools and javax.lang.model @since 1.6 + com.sun.tools.javac.parser.Tokens$Comment Use javax.tools and javax.lang.model @since 1.6 + com.sun.tools.javac.parser.Tokens$Comment$CommentStyle Use javax.tools and javax.lang.model @since 1.6 + com.sun.tools.javac.parser.Tokens$Token  Use javax.tools and javax.lang.model @since 1.6 + com.sun.tools.javac.parser.Tokens$TokenKind Use javax.tools and javax.lang.model @since 1.6 + com.sun.tools.javac.parser.UnicodeReader Use javax.tools and javax.lang.model @since 1.6 + com.sun.tools.javac.processing.JavacProcessingEnvironment Use javax.tools and javax.lang.model @since 1.6 + com.sun.tools.javac.tree.DCTree          Use com.sun.source @since 1.6 + com.sun.tools.javac.tree.DCTree$DCDocComment Use com.sun.source @since 1.6 + com.sun.tools.javac.tree.DCTree$DCEndPosTree Use com.sun.source @since 1.6 + com.sun.tools.javac.tree.DCTree$DCReference Use com.sun.source @since 1.6 + com.sun.tools.javac.tree.EndPosTable     Use com.sun.source @since 1.6 + com.sun.tools.javac.tree.JCTree          Use com.sun.source @since 1.6 + com.sun.tools.javac.tree.JCTree$JCAnnotatedType Use com.sun.source @since 1.6 + com.sun.tools.javac.tree.JCTree$JCAnnotation Use com.sun.source @since 1.6 + com.sun.tools.javac.tree.JCTree$JCArrayAccess Use com.sun.source @since 1.6 + com.sun.tools.javac.tree.JCTree$JCArrayTypeTree Use com.sun.source @since 1.6 + com.sun.tools.javac.tree.JCTree$JCAssert Use com.sun.source @since 1.6 + com.sun.tools.javac.tree.JCTree$JCAssign Use com.sun.source @since 1.6 + com.sun.tools.javac.tree.JCTree$JCAssignOp Use com.sun.source @since 1.6 + com.sun.tools.javac.tree.JCTree$JCBinary Use com.sun.source @since 1.6 + com.sun.tools.javac.tree.JCTree$JCBlock  Use com.sun.source @since 1.6 + com.sun.tools.javac.tree.JCTree$JCBreak  Use com.sun.source @since 1.6 + com.sun.tools.javac.tree.JCTree$JCCase   Use com.sun.source @since 1.6 + com.sun.tools.javac.tree.JCTree$JCCatch  Use com.sun.source @since 1.6 + com.sun.tools.javac.tree.JCTree$JCClassDecl Use com.sun.source @since 1.6 + com.sun.tools.javac.tree.JCTree$JCCompilationUnit Use com.sun.source @since 1.6 + com.sun.tools.javac.tree.JCTree$JCConditional Use com.sun.source @since 1.6 + com.sun.tools.javac.tree.JCTree$JCContinue Use com.sun.source @since 1.6 + com.sun.tools.javac.tree.JCTree$JCDoWhileLoop Use com.sun.source @since 1.6 + com.sun.tools.javac.tree.JCTree$JCEnhancedForLoop Use com.sun.source @since 1.6 + com.sun.tools.javac.tree.JCTree$JCExpression Use com.sun.source @since 1.6 + com.sun.tools.javac.tree.JCTree$JCExpressionStatement Use com.sun.source @since 1.6 + com.sun.tools.javac.tree.JCTree$JCFieldAccess Use com.sun.source @since 1.6 + com.sun.tools.javac.tree.JCTree$JCForLoop Use com.sun.source @since 1.6 + com.sun.tools.javac.tree.JCTree$JCIdent  Use com.sun.source @since 1.6 + com.sun.tools.javac.tree.JCTree$JCIf     Use com.sun.source @since 1.6 + com.sun.tools.javac.tree.JCTree$JCImport Use com.sun.source @since 1.6 + com.sun.tools.javac.tree.JCTree$JCInstanceOf Use com.sun.source @since 1.6 + com.sun.tools.javac.tree.JCTree$JCLabeledStatement Use com.sun.source @since 1.6 + com.sun.tools.javac.tree.JCTree$JCLambda Use com.sun.source @since 1.6 + com.sun.tools.javac.tree.JCTree$JCLambda$ParameterKind Use com.sun.source @since 1.6 + com.sun.tools.javac.tree.JCTree$JCLiteral Use com.sun.source @since 1.6 + com.sun.tools.javac.tree.JCTree$JCMemberReference Use com.sun.source @since 1.6 + com.sun.tools.javac.tree.JCTree$JCMethodDecl Use com.sun.source @since 1.6 + com.sun.tools.javac.tree.JCTree$JCMethodInvocation Use com.sun.source @since 1.6 + com.sun.tools.javac.tree.JCTree$JCModifiers Use com.sun.source @since 1.6 + com.sun.tools.javac.tree.JCTree$JCNewArray Use com.sun.source @since 1.6 + com.sun.tools.javac.tree.JCTree$JCNewClass Use com.sun.source @since 1.6 + com.sun.tools.javac.tree.JCTree$JCPackageDecl Use com.sun.source @since 1.6 + com.sun.tools.javac.tree.JCTree$JCParens Use com.sun.source @since 1.6 + com.sun.tools.javac.tree.JCTree$JCPrimitiveTypeTree Use com.sun.source @since 1.6 + com.sun.tools.javac.tree.JCTree$JCReturn Use com.sun.source @since 1.6 + com.sun.tools.javac.tree.JCTree$JCSkip   Use com.sun.source @since 1.6 + com.sun.tools.javac.tree.JCTree$JCStatement Use com.sun.source @since 1.6 + com.sun.tools.javac.tree.JCTree$JCSwitch Use com.sun.source @since 1.6 + com.sun.tools.javac.tree.JCTree$JCSynchronized Use com.sun.source @since 1.6 + com.sun.tools.javac.tree.JCTree$JCThrow  Use com.sun.source @since 1.6 + com.sun.tools.javac.tree.JCTree$JCTry    Use com.sun.source @since 1.6 + com.sun.tools.javac.tree.JCTree$JCTypeApply Use com.sun.source @since 1.6 + com.sun.tools.javac.tree.JCTree$JCTypeCast Use com.sun.source @since 1.6 + com.sun.tools.javac.tree.JCTree$JCTypeIntersection Use com.sun.source @since 1.6 + com.sun.tools.javac.tree.JCTree$JCTypeParameter Use com.sun.source @since 1.6 + com.sun.tools.javac.tree.JCTree$JCTypeUnion Use com.sun.source @since 1.6 + com.sun.tools.javac.tree.JCTree$JCUnary  Use com.sun.source @since 1.6 + com.sun.tools.javac.tree.JCTree$JCVariableDecl Use com.sun.source @since 1.6 + com.sun.tools.javac.tree.JCTree$JCWhileLoop Use com.sun.source @since 1.6 + com.sun.tools.javac.tree.JCTree$JCWildcard Use com.sun.source @since 1.6 + com.sun.tools.javac.tree.JCTree$Tag      Use com.sun.source @since 1.6 + com.sun.tools.javac.tree.JCTree$TypeBoundKind Use com.sun.source @since 1.6 + com.sun.tools.javac.tree.JCTree$Visitor  Use com.sun.source @since 1.6 + com.sun.tools.javac.tree.Pretty          Use com.sun.source @since 1.6 + com.sun.tools.javac.tree.TreeCopier      Use com.sun.source @since 1.6 + com.sun.tools.javac.tree.TreeInfo        Use com.sun.source @since 1.6 + com.sun.tools.javac.tree.TreeMaker       Use com.sun.source @since 1.6 + com.sun.tools.javac.tree.TreeScanner     Use com.sun.source @since 1.6 + com.sun.tools.javac.util.AbstractLog     Use javax.tools and javax.lang.model @since 1.6 + com.sun.tools.javac.util.ByteBuffer      Use javax.tools and javax.lang.model @since 1.6 + com.sun.tools.javac.util.Context         Use javax.tools and javax.lang.model @since 1.6 + com.sun.tools.javac.util.Context$Factory Use javax.tools and javax.lang.model @since 1.6 + com.sun.tools.javac.util.Context$Key     Use javax.tools and javax.lang.model @since 1.6 + com.sun.tools.javac.util.Convert         Use javax.tools and javax.lang.model @since 1.6 + com.sun.tools.javac.util.DiagnosticSource Use javax.tools and javax.lang.model @since 1.6 + com.sun.tools.javac.util.FatalError      Use javax.tools and javax.lang.model @since 1.6 + com.sun.tools.javac.util.Filter          Use javax.tools and javax.lang.model @since 1.6 + com.sun.tools.javac.util.JCDiagnostic    Use javax.tools and javax.lang.model @since 1.6 + com.sun.tools.javac.util.JCDiagnostic$DiagnosticPosition Use javax.tools and javax.lang.model @since 1.6 + com.sun.tools.javac.util.JavacMessages   Use javax.tools and javax.lang.model @since 1.6 + com.sun.tools.javac.util.JavacMessages$ResourceBundleHelper Use javax.tools and javax.lang.model @since 1.6 + com.sun.tools.javac.util.List            Use javax.tools and javax.lang.model @since 1.6 + com.sun.tools.javac.util.ListBuffer      Use javax.tools and javax.lang.model @since 1.6 + com.sun.tools.javac.util.Log             Use javax.tools and javax.lang.model @since 1.6 + com.sun.tools.javac.util.Log$DeferredDiagnosticHandler Use javax.tools and javax.lang.model @since 1.6 + com.sun.tools.javac.util.Log$DiagnosticHandler Use javax.tools and javax.lang.model @since 1.6 + com.sun.tools.javac.util.Log$WriterKind  Use javax.tools and javax.lang.model @since 1.6 + com.sun.tools.javac.util.Name            Use javax.tools and javax.lang.model @since 1.6 + com.sun.tools.javac.util.Names           Use javax.tools and javax.lang.model @since 1.6 + com.sun.tools.javac.util.Options         Use javax.tools and javax.lang.model @since 1.6 + com.sun.tools.javac.util.Pair            Use javax.tools and javax.lang.model @since 1.6 + com.sun.tools.javac.util.Position        Use javax.tools and javax.lang.model @since 1.6 + com.sun.tools.javac.util.Position$LineMap Use javax.tools and javax.lang.model @since 1.6 + com.sun.tools.javac.util.PropagatedException Use javax.tools and javax.lang.model @since 1.6 + com.sun.tools.javac.util.Warner          Use javax.tools and javax.lang.model @since 1.6 + sun.misc.Unsafe                          See http://openjdk.java.net/jeps/260
com.google.errorprone,error_prone_test_helpers,2.3.1,-,-,?,-,false,com.sun.tools.javac.api.JavacTaskImpl    Use javax.tools and javax.lang.model @since 1.6 + com.sun.tools.javac.api.JavacTool        Use javax.tools and javax.lang.model @since 1.6 + com.sun.tools.javac.code.Symbol          Use javax.tools and javax.lang.model @since 1.6 + com.sun.tools.javac.code.Symbol$ClassSymbol Use javax.tools and javax.lang.model @since 1.6 + com.sun.tools.javac.code.Symbol$PackageSymbol Use javax.tools and javax.lang.model @since 1.6 + com.sun.tools.javac.file.JavacFileManager Use javax.tools and javax.lang.model @since 1.6 + com.sun.tools.javac.main.Main            Use javax.tools and javax.lang.model @since 1.6 + com.sun.tools.javac.main.Main$Result     Use javax.tools and javax.lang.model @since 1.6 + com.sun.tools.javac.tree.JCTree          Use com.sun.source @since 1.6 + com.sun.tools.javac.tree.JCTree$JCClassDecl Use com.sun.source @since 1.6 + com.sun.tools.javac.tree.JCTree$JCCompilationUnit Use com.sun.source @since 1.6 + com.sun.tools.javac.tree.JCTree$JCPackageDecl Use com.sun.source @since 1.6 + com.sun.tools.javac.util.Context         Use javax.tools and javax.lang.model @since 1.6 + com.sun.tools.javac.util.List            Use javax.tools and javax.lang.model @since 1.6 + com.sun.tools.javac.util.Name            Use javax.tools and javax.lang.model @since 1.6
com.google.errorprone,error_prone_type_annotations,2.3.1,-,-,?,-,false,-
com.google.errorprone,javac,9-dev-r4023-3,-,-,?,-,false,sun.reflect.annotation.AnnotationParser  Removed. See http://openjdk.java.net/jeps/260 + sun.reflect.annotation.AnnotationType    Removed. See http://openjdk.java.net/jeps/260 + sun.reflect.annotation.EnumConstantNotPresentExceptionProxy Removed. See http://openjdk.java.net/jeps/260 + sun.reflect.annotation.ExceptionProxy    Removed. See http://openjdk.java.net/jeps/260
com.google.errorprone,javac-shaded,9-dev-r4023-3,-,-,?,-,false,sun.reflect.annotation.AnnotationParser  Removed. See http://openjdk.java.net/jeps/260 + sun.reflect.annotation.AnnotationType    Removed. See http://openjdk.java.net/jeps/260 + sun.reflect.annotation.EnumConstantNotPresentExceptionProxy Removed. See http://openjdk.java.net/jeps/260 + sun.reflect.annotation.ExceptionProxy    Removed. See http://openjdk.java.net/jeps/260
com.google.flogger,flogger,0.3.1,-,-,?,-,false,-
com.google.flogger,flogger-log4j-backend,0.3.1,-,-,?,-,false,-
com.google.flogger,flogger-system-backend,0.3.1,-,-,?,-,false,-
com.google.flogger,flogger-testing,0.3.1,-,-,?,-,false,-
com.google.flogger,google-extensions,0.3.1,-,-,?,-,false,-
com.google.jsinterop,base,1.0.0-RC1,-,-,?,-,false,-
com.google.myanmartools,myanmar-tools,1.1.0,-,-,?,-,false,-
com.google.openrtb,openrtb-core,1.5.3,-,-,?,-,false,-
com.google.protobuf.nano,protobuf-javanano,3.2.0rc2,-,-,?,-,false,-
com.google.protobuf,protobuf-gradle-plugin,0.8.6,-,-,?,-,false,-
com.google.protobuf,protobuf-java,3.6.1,-,-,?,-,false,sun.misc.Unsafe                          See http://openjdk.java.net/jeps/260
com.google.testing.compile,compile-testing,0.15,-,-,?,-,false,com.sun.tools.javac.api.JavacTool        Use javax.tools and javax.lang.model @since 1.6
com.google.web.bindery,requestfactory-apt,2.8.2,-,-,?,-,false,-
com.google.web.bindery,requestfactory-client,2.8.2,-,-,?,-,false,-
com.google.web.bindery,requestfactory-server,2.8.2,-,-,?,-,false,-
org.codelibs,curl4j,1.2.0,-,-,?,-,false,-
org.codelibs.elasticsearch.lib,grok,6.4.0,-,-,?,-,false,-
org.codelibs.elasticsearch.lib,plugin-classloader,6.4.0,-,-,?,-,false,-
org.codelibs.elasticsearch.module,aggs-matrix-stats,6.4.0,-,-,?,-,false,-
org.codelibs.elasticsearch.module,analysis-common,6.4.0,-,-,?,-,false,-
org.codelibs.elasticsearch.module,ingest-common,6.4.0,-,-,?,-,false,-
org.codelibs.elasticsearch.module,lang-expression,6.4.0,-,-,?,-,false,-
org.codelibs.elasticsearch.module,lang-mustache,6.4.0,-,-,?,-,false,-
org.codelibs.elasticsearch.module,lang-painless,6.4.0,-,-,?,-,false,-
org.codelibs.elasticsearch.module,mapper-extras,6.4.0,-,-,?,-,false,-
org.codelibs.elasticsearch.module,parent-join,6.4.0,-,-,?,-,false,-
org.codelibs.elasticsearch.module,percolator,6.4.0,-,-,?,-,false,-
org.codelibs.elasticsearch.module,rank-eval,6.4.0,-,-,?,-,false,-
org.codelibs.elasticsearch.module,reindex,6.4.0,-,-,?,-,false,-
org.codelibs.elasticsearch.module,repository-url,6.4.0,-,-,?,-,false,-
org.codelibs.elasticsearch.module,scripting-painless-spi,6.4.0,-,-,?,-,false,-
org.codelibs.elasticsearch.module,transport-netty4,6.4.0,-,-,?,-,false,-
org.codelibs.elasticsearch.module,tribe,6.4.0,-,-,?,-,false,-
org.corpus-tools,pepper-framework,3.2.1,-,-,?,-,false,-
org.corpus-tools,pepper-lib,3.2.1,-,-,?,-,false,-
org.corpus-tools,pepperModules-GrAFModules,2.0.7,-,-,?,-,false,-
org.corpus-tools,pepper-newModule,3.2.1,-,-,?,-,false,-
