groupId,artifactId,version,moduleName,moduleVersion,moduleMode,moduleDependencies,jdepsToolError,jdepsViolations
com.google.apis,google-api-services-redis,v1beta1-rev9-1.24.1,-,-,?,-,false,-
com.liferay,com.liferay.ant.bnd,2.0.42,-,-,?,-,false,-
com.liferay,com.liferay.gradle.plugins,3.12.49,-,-,?,-,false,-
com.liferay,com.liferay.gradle.plugins.baseline,1.0.0,-,-,?,-,false,-
com.liferay,com.liferay.gradle.plugins.defaults,5.4.48,-,-,?,-,false,-
com.microsoft.azure,spring-data-cosmosdb,2.0.4,-,-,?,-,false,-
com.netflix.nebula,nebula-gradle-interop,0.6.0,-,-,?,-,false,-
com.nfl.glitr,glitr,1.5.12-2018-08-24T03-07-00,-,-,?,-,false,-
io.choerodon,choerodon-gitlab4j-api,0.6.1.RELEASE,-,-,?,-,false,-
io.choerodon,choerodon-liquibase,0.6.1.RELEASE,-,-,?,-,false,-
io.choerodon,choerodon-starter-asgard,0.6.1.RELEASE,-,-,?,-,false,-
io.choerodon,choerodon-starter-bus,0.6.1.RELEASE,-,-,?,-,false,-
io.choerodon,choerodon-starter-config-client,0.6.1.RELEASE,-,-,?,-,false,-
io.choerodon,choerodon-starter-config-monitor,0.6.1.RELEASE,-,-,?,-,false,-
io.choerodon,choerodon-starter-core,0.6.1.RELEASE,-,-,?,-,false,-
io.choerodon,choerodon-starter-event-consumer,0.6.1.RELEASE,-,-,?,-,false,sun.reflect.generics.reflectiveObjects.ParameterizedTypeImpl Removed. See http://openjdk.java.net/jeps/260
io.choerodon,choerodon-starter-event-producer,0.6.1.RELEASE,-,-,?,-,false,-
io.choerodon,choerodon-starter-feign-replay,0.6.1.RELEASE,-,-,?,-,false,-
io.choerodon,choerodon-starter-hitoa,0.6.1.RELEASE,-,-,?,-,false,-
io.choerodon,choerodon-starter-mybatis-mapper,0.6.1.RELEASE,-,-,?,-,false,-
io.choerodon,choerodon-starter-oauth-core,0.6.1.RELEASE,-,-,?,-,false,-
io.choerodon,choerodon-starter-oauth-resource,0.6.1.RELEASE,-,-,?,-,false,-
io.choerodon,choerodon-starter-swagger,0.6.1.RELEASE,-,-,?,-,false,-
io.choerodon,choerodon-tool-config,0.6.1.RELEASE,-,-,?,-,false,-
io.choerodon,choerodon-tool-liquibase,0.6.1.RELEASE,-,-,?,-,false,-
io.choerodon,choerodon-websocket-helper,0.6.1.RELEASE,-,-,?,-,false,-
net.sf.xsd2pgschema,xsd2pgschema,3.0.0,-,-,?,-,false,-
site.zido,Elise-core,0.1.0-release,-,-,?,-,false,-
site.zido,Elise-distributed,0.1.0-release,-,-,?,-,false,-
