groupId,artifactId,version,moduleName,moduleVersion,moduleMode,moduleDependencies,jdepsToolError,jdepsViolations
org.bytesoft,bytejta-core,0.4.8,-,-,?,-,false,-
org.bytesoft,bytejta-supports,0.4.8,-,-,?,-,false,-
org.bytesoft,bytejta-supports-dubbo,0.4.8,-,-,?,-,false,-
org.bytesoft,bytejta-supports-springcloud,0.4.8,-,-,?,-,false,-
org.bytesoft,bytetcc-common,0.4.17,-,-,?,-,false,-
org.bytesoft,bytetcc-core,0.4.17,-,-,?,-,false,-
org.bytesoft,bytetcc-supports,0.4.17,-,-,?,-,false,-
org.bytesoft,bytetcc-supports-dubbo,0.4.17,-,-,?,-,false,-
org.bytesoft,bytetcc-supports-springcloud,0.4.17,-,-,?,-,false,-
org.casbin,jcasbin,1.0.0,-,-,?,-,false,-
org.dispatchhttp,dispatch-all_2.12,1.0.0-M1,-,-,?,-,false,-
org.dispatchhttp,dispatch-core_2.12,1.0.0-M1,-,-,?,-,false,-
org.dispatchhttp,dispatch-json4s-jackson_2.11,1.0.0-M1,-,-,?,-,false,-
org.dispatchhttp,dispatch-json4s-jackson_2.12,1.0.0-M1,-,-,?,-,false,-
org.dispatchhttp,dispatch-json4s-native_2.12,1.0.0-M1,-,-,?,-,false,-
org.dispatchhttp,dispatch-jsoup_2.12,1.0.0-M1,-,-,?,-,false,-
org.dispatchhttp,dispatch-lift-json_2.11,1.0.0-M1,-,-,?,-,false,-
org.dispatchhttp,dispatch-lift-json_2.12,1.0.0-M1,-,-,?,-,false,-
org.dispatchhttp,dispatch-tagsoup_2.11,1.0.0-M1,-,-,?,-,false,-
org.dispatchhttp,dispatch-tagsoup_2.12,1.0.0-M1,-,-,?,-,false,-
org.exist-db,exist-apps-archetype,1.9,-,-,?,-,false,-
org.fiolino,annotations,1.0.2,-,-,?,-,false,-
org.fiolino,commons,1.0.7,-,-,?,-,false,-
org.hildan.checkstyle,checkstyle-config,2.3.0,-,-,?,-,false,-
org.hildan.fxgson,fx-gson,3.1.0,-,-,?,-,false,-
org.hildan.generics,generics-explorer,1.1.0,-,-,?,-,false,-
org.hildan.hashcode,hashcode-utils,5.0.0,-,-,?,-,false,-
org.hildan.jackstomp,jackstomp,2.0.0,-,-,?,-,false,-
org.hildan.livedoc,livedoc-annotations,5.2.0,-,-,?,-,false,-
org.hildan.livedoc,livedoc-core,5.2.0,-,-,?,-,false,-
org.hildan.livedoc,livedoc-javadoc-processor,5.2.0,-,-,?,-,false,-
org.hildan.livedoc,livedoc-springboot,5.2.0,-,-,?,-,false,-
org.hildan.livedoc,livedoc-springmvc,5.2.0,-,-,?,-,false,-
org.hildan.livedoc,livedoc-ui-webjar,5.2.0,-,-,?,-,false,-
org.netbeans.html,equinox-agentclass-hook,1.5.1,-,-,?,-,false,-
org.netbeans.html,html4j-maven-plugin,1.5.1,-,-,?,-,false,-
org.netbeans.html,ko4j,1.5.1,-,-,?,-,false,-
org.netbeans.html,ko-ws-tyrus,1.5.1,-,-,?,-,false,-
org.netbeans.html,net.java.html,1.5.1,-,-,?,-,false,-
org.netbeans.html,net.java.html.boot,1.5.1,-,-,?,-,false,-
org.netbeans.html,net.java.html.boot.fx,1.5.1,-,-,?,-,false,-
org.netbeans.html,net.java.html.boot.script,1.5.1,-,-,?,-,false,-
org.netbeans.html,net.java.html.geo,1.5.1,-,-,?,-,false,-
org.netbeans.html,net.java.html.json,1.5.1,-,-,?,-,false,-
org.netbeans.html,net.java.html.json.tck,1.5.1,-,-,?,-,false,-
org.netbeans.html,net.java.html.sound,1.5.1,-,-,?,-,false,-
org.netbeans.html,xhr4j,1.5.1,-,-,?,-,false,-
org.openhim,mediator-engine,4.0.0,-,-,?,-,false,-
org.ozwillo.datacore,ozwillo-datacore-common,1.10.1,-,-,?,-,false,-
org.ozwillo.datacore,ozwillo-datacore-core,1.10.1,-,-,?,-,false,-
org.ozwillo.datacore,ozwillo-datacore-kernel-client,1.10.1,-,-,?,-,false,-
org.ozwillo.datacore,ozwillo-datacore-monitoring,1.10.1,-,-,?,-,false,-
org.ozwillo.datacore,ozwillo-datacore-rest-api,1.10.1,-,-,?,-,false,-
org.ozwillo.datacore,ozwillo-datacore-rest-cxf,1.10.1,-,-,?,-,false,-
org.ozwillo.datacore,ozwillo-datacore-rest-server,1.10.1,-,-,?,-,false,-
org.rapla,restinject,1.0-RC3,-,-,?,-,false,-
org.softcake.cherry,cherry-core,1.1.0,-,-,?,-,false,-
org.softcake.lemon,lemon-core,1.1.0,-,-,?,-,false,-
org.tuxdevelop,spring-batch-lightmin-api,0.4.2,-,-,?,-,false,-
org.tuxdevelop,spring-batch-lightmin-client,0.4.2,-,-,?,-,false,-
org.tuxdevelop,spring-batch-lightmin-core,0.4.2,-,-,?,-,false,-
org.tuxdevelop,spring-batch-lightmin-documentation,0.4.2,-,-,?,-,false,-
org.tuxdevelop,spring-batch-lightmin-repository-server,0.4.2,-,-,?,-,false,-
org.tuxdevelop,spring-batch-lightmin-server,0.4.2,-,-,?,-,false,-
org.tuxdevelop,spring-batch-lightmin-ui,0.4.2,-,-,?,-,false,-
