groupId,artifactId,version,moduleName,moduleVersion,moduleMode,moduleDependencies,jdepsToolError,jdepsViolations
com.akathist.maven.plugins.launch4j,launch4j-maven-plugin,1.7.22,-,-,?,-,false,-
com.angkorteam.framework.extension,framework-extension,3.0.2,-,-,?,-,false,-
com.base4j,base4j-cache,1.2.4,-,-,?,-,false,-
com.base4j,base4j-demo,1.2.4,-,-,?,-,false,-
com.base4j,base4j-mvc,1.2.4,-,-,?,-,false,sun.reflect.generics.reflectiveObjects.TypeVariableImpl Removed. See http://openjdk.java.net/jeps/260
com.base4j,base4j-mybatis,1.2.4,-,-,?,-,false,-
com.base4j,base4j-shop,1.1.3,-,-,?,-,false,-
com.base4j,base4j-util,1.2.9,-,-,?,-,false,-
com.botscrew,bot-framework-core-spring-boot-starter,1.0.4,-,-,?,-,false,-
com.botscrew,bot-framework-messenger-spring-boot-starter,1.1.7,-,-,?,-,false,-
com.botscrew,bot-framework-nlp-spring-boot-starter,1.1.2,-,-,?,-,false,-
com.botscrew.botframework,telegram-spring-boot-starter,1.0.0,-,-,?,-,false,-
com.casualmiracles,transaction-cats-effect_2.12,0.0.16,-,-,?,-,false,-
com.casualmiracles,transaction-core_2.12,0.0.16,-,-,?,-,false,-
com.casualmiracles,treelog_2.12,1.4.3,-,-,?,-,false,-
com.casualmiracles,treelog-cats_2.12,1.4.4,-,-,?,-,false,-
com.casualmiracles,treelog-scalaz-71x_2.12,1.4.0,-,-,?,-,false,-
com.casualmiracles,treelog-scalaz-72x_2.12,1.4.3,-,-,?,-,false,-
com.coingi.exchange,client,1.1.0,-,-,?,-,false,-
com.firstbird,backbone-circe_2.11,2.0.0-M8,-,-,?,-,false,-
com.firstbird,backbone-circe_2.12,2.0.0-M8,-,-,?,-,false,-
com.firstbird,backbone-core_2.11,2.0.0-M8,-,-,?,-,false,-
com.firstbird,backbone-core_2.12,2.0.0-M8,-,-,?,-,false,-
com.firstbird,backbone-gson_2.11,2.0.0-M8,-,-,?,-,false,-
com.firstbird,backbone-gson_2.12,2.0.0-M8,-,-,?,-,false,-
com.firstbird,backbone-play-json_2.11,2.0.0-M8,-,-,?,-,false,-
com.firstbird,backbone-play-json_2.12,2.0.0-M8,-,-,?,-,false,-
com.gollahalli.azure,azure-blob-explorer,1.1.1,-,-,?,-,false,-
com.karumi,core,2.0.0,-,-,?,-,false,-
com.karumi,marvelapiclient,1.0.1,-,-,?,-,false,-
com.karumi,shot,2.0.0,-,-,?,-,false,-
com.karumi,shot-core,0.1.0,-,-,?,-,false,-
com.mythosil,sss4j,1.0.0,-,-,?,-,false,-
com.newrelic.agent.android,agent-gradle-plugin,5.19.0,-,-,?,-,false,-
com.newrelic.agent.android,agent-maven-plugin,5.19.0,-,-,?,-,false,-
com.newrelic.agent.android,android-agent,5.19.0,-,-,?,-,false,-
com.newrelic.agent.android,class-rewriter,5.19.0,-,-,?,-,false,sun.misc.Unsafe                          See http://openjdk.java.net/jeps/260
com.newrelic.agent.java,newrelic-agent,4.4.0,-,-,?,-,false,sun.misc.Unsafe                          See http://openjdk.java.net/jeps/260 + sun.reflect.Reflection                   Use java.lang.StackWalker @since 9
com.newrelic.agent.java,newrelic-api,4.4.0,-,-,?,-,false,-
com.newrelic.experts,infra_publish,2.1.9,-,-,?,-,false,-
com.newrelic.experts,insights_client,1.0.6,-,-,?,-,false,-
com.perficient.aem,aem-datalayer.core,0.2.2,-,-,?,-,false,-
com.perficient.aem,weretail-reference,0.2.2,-,-,?,-,false,-
com.qoomon,domainvalue,5.0.0,-,-,?,-,false,-
com.qoomon,maven-branch-versioning-extension,3.1.3,-,-,?,-,false,-
com.qoomon,maven-git-versioning-extension,3.0.0,-,-,?,-,false,-
com.researchspace,figshare-client-java,0.0.1,-,-,?,-,false,-
com.researchspace,rspace-client-java-model,1.2.0,-,-,?,-,false,-
com.secureops,fieldextraction-csv,1.5.0,-,-,?,-,false,-
com.secureops,fieldextraction-grok,1.5.0,-,-,?,-,false,-
com.secureops,fieldextraction-jython-regex,1.5.0,-,-,?,-,false,-
com.secureops,fieldextraction-morphlines,1.5.0,-,-,?,-,false,-
com.softlayer.api,softlayer-api-client,0.2.5,-,-,?,-,false,-
com.softwaremill.akka-http-session,core_2.11,0.5.5,-,-,?,-,false,-
com.softwaremill.akka-http-session,core_2.12,0.5.5,-,-,?,-,false,-
com.softwaremill.akka-http-session,jwt_2.11,0.5.5,-,-,?,-,false,-
com.softwaremill.akka-http-session,jwt_2.12,0.5.5,-,-,?,-,false,-
com.softwaremill.clippy,plugin_2.10,0.5.3,-,-,?,-,false,-
com.softwaremill.clippy,plugin_2.11,0.5.3,-,-,?,-,false,-
com.softwaremill.clippy,plugin_2.12,0.5.3,-,-,?,-,false,-
com.softwaremill.common,tagging_2.11,2.2.1,-,-,?,-,false,-
com.softwaremill.common,tagging_2.12,2.2.1,-,-,?,-,false,-
com.softwaremill.gatling-zeromq,gatling-zeromq_2.11,0.1.0,-,-,?,-,false,-
com.softwaremill.kmq,core_2.11,0.2.2,-,-,?,-,false,-
com.softwaremill.kmq,core_2.12,0.2.2,-,-,?,-,false,-
com.softwaremill.macmemo,macros_2.11,0.4,-,-,?,-,false,-
com.softwaremill.macmemo,macros_2.12,0.4,-,-,?,-,false,-
com.softwaremill.macwire,macros_2.11,2.3.1,-,-,?,-,false,-
com.softwaremill.macwire,macros_2.12,2.3.1,-,-,?,-,false,-
com.softwaremill.macwire,macrosakka_2.11,2.3.1,-,-,?,-,false,-
com.softwaremill.macwire,macrosakka_2.12,2.3.1,-,-,?,-,false,-
com.softwaremill.macwire,proxy_2.11,2.3.1,-,-,?,-,false,sun.misc.Unsafe                          See http://openjdk.java.net/jeps/260
com.softwaremill.macwire,proxy_2.12,2.3.1,-,-,?,-,false,sun.misc.Unsafe                          See http://openjdk.java.net/jeps/260
com.softwaremill.macwire,util_2.11,2.3.1,-,-,?,-,false,-
com.softwaremill.macwire,util_2.12,2.3.1,-,-,?,-,false,-
com.softwaremill.odelay,odelay_2.11,0.3.0,-,-,?,-,false,-
com.softwaremill.odelay,odelay_2.12,0.3.0,-,-,?,-,false,-
com.softwaremill.odelay,odelay-core_2.11,0.3.0,-,-,?,-,false,-
com.softwaremill.odelay,odelay-core_2.12,0.3.0,-,-,?,-,false,-
com.softwaremill.odelay,odelay-core_sjs0.6_2.11,0.3.0,-,-,?,-,false,-
com.softwaremill.odelay,odelay-core_sjs0.6_2.12,0.3.0,-,-,?,-,false,-
com.softwaremill.odelay,odelay-core-tests_2.11,0.3.0,-,-,?,-,false,-
com.softwaremill.odelay,odelay-core-tests_2.12,0.3.0,-,-,?,-,false,-
com.softwaremill.odelay,odelay-netty_2.11,0.3.0,-,-,?,-,false,-
com.softwaremill.odelay,odelay-netty_2.12,0.3.0,-,-,?,-,false,-
com.softwaremill.odelay,odelay-netty3_2.11,0.3.0,-,-,?,-,false,-
com.softwaremill.odelay,odelay-netty3_2.12,0.3.0,-,-,?,-,false,-
com.softwaremill.odelay,odelaytesting_2.11,0.3.0,-,-,?,-,false,-
com.softwaremill.odelay,odelaytesting_2.12,0.3.0,-,-,?,-,false,-
com.softwaremill.odelay,odelaytesting_sjs0.6_2.11,0.3.0,-,-,?,-,false,-
com.softwaremill.odelay,odelaytesting_sjs0.6_2.12,0.3.0,-,-,?,-,false,-
com.softwaremill.odelay,odelay-twitter_2.11,0.3.0,-,-,?,-,false,-
com.softwaremill.odelay,odelay-twitter_2.12,0.3.0,-,-,?,-,false,-
com.softwaremill.quicklens,quicklens_2.11,1.4.11,-,-,?,-,false,-
com.softwaremill.quicklens,quicklens_2.12,1.4.11,-,-,?,-,false,-
com.softwaremill.quicklens,quicklens_sjs0.6_2.11,1.4.11,-,-,?,-,false,-
com.softwaremill.quicklens,quicklens_sjs0.6_2.12,1.4.11,-,-,?,-,false,-
com.softwaremill.retry,retry_2.11,0.3.1,-,-,?,-,false,-
com.softwaremill.retry,retry_2.12,0.3.1,-,-,?,-,false,-
com.softwaremill.retry,retry_sjs0.6_2.11,0.3.1,-,-,?,-,false,-
com.softwaremill.retry,retry_sjs0.6_2.12,0.3.1,-,-,?,-,false,-
com.softwaremill.scalamacrodebug,macros_2.11,0.4.1,-,-,?,-,false,-
com.softwaremill.scalamacrodebug,macros_2.12,0.4.1,-,-,?,-,false,-
com.softwaremill.stringmask,stringmask_2.11,1.3.0,-,-,?,-,false,-
com.softwaremill.stringmask,stringmask_2.12,1.3.0,-,-,?,-,false,-
com.softwaremill.sttp,akka-http-backend_2.11,1.3.0,-,-,?,-,false,-
com.softwaremill.sttp,akka-http-backend_2.12,1.3.0,-,-,?,-,false,-
com.softwaremill.sttp,akka-http-handler_2.11,0.0.13,-,-,?,-,false,-
com.softwaremill.sttp,akka-http-handler_2.12,0.0.13,-,-,?,-,false,-
com.softwaremill.sttp,async-http-client-backend_2.11,1.3.0,-,-,?,-,false,-
com.softwaremill.sttp,async-http-client-backend_2.12,1.3.0,-,-,?,-,false,-
com.softwaremill.sttp,async-http-client-backend-cats_2.11,1.3.0,-,-,?,-,false,-
com.softwaremill.sttp,async-http-client-backend-cats_2.12,1.3.0,-,-,?,-,false,-
com.softwaremill.sttp,async-http-client-backend-fs2_2.11,1.3.0,-,-,?,-,false,-
com.softwaremill.sttp,async-http-client-backend-fs2_2.12,1.3.0,-,-,?,-,false,-
com.softwaremill.sttp,async-http-client-backend-future_2.11,1.3.0,-,-,?,-,false,-
com.softwaremill.sttp,async-http-client-backend-future_2.12,1.3.0,-,-,?,-,false,-
com.softwaremill.sttp,async-http-client-backend-monix_2.11,1.3.0,-,-,?,-,false,-
com.softwaremill.sttp,async-http-client-backend-monix_2.12,1.3.0,-,-,?,-,false,-
com.softwaremill.sttp,async-http-client-backend-scalaz_2.11,1.3.0,-,-,?,-,false,-
com.softwaremill.sttp,async-http-client-backend-scalaz_2.12,1.3.0,-,-,?,-,false,-
com.softwaremill.sttp,async-http-client-handler_2.11,0.0.13,-,-,?,-,false,-
com.softwaremill.sttp,async-http-client-handler_2.12,0.0.13,-,-,?,-,false,-
com.softwaremill.sttp,async-http-client-handler-cats_2.11,0.0.13,-,-,?,-,false,-
com.softwaremill.sttp,async-http-client-handler-cats_2.12,0.0.13,-,-,?,-,false,-
com.softwaremill.sttp,async-http-client-handler-fs2_2.11,0.0.13,-,-,?,-,false,-
com.softwaremill.sttp,async-http-client-handler-fs2_2.12,0.0.13,-,-,?,-,false,-
com.softwaremill.sttp,async-http-client-handler-future_2.11,0.0.13,-,-,?,-,false,-
com.softwaremill.sttp,async-http-client-handler-future_2.12,0.0.13,-,-,?,-,false,-
com.softwaremill.sttp,async-http-client-handler-monix_2.11,0.0.13,-,-,?,-,false,-
com.softwaremill.sttp,async-http-client-handler-monix_2.12,0.0.13,-,-,?,-,false,-
com.softwaremill.sttp,async-http-client-handler-scalaz_2.11,0.0.13,-,-,?,-,false,-
com.softwaremill.sttp,async-http-client-handler-scalaz_2.12,0.0.13,-,-,?,-,false,-
com.softwaremill.sttp,brave-backend_2.11,1.3.0,-,-,?,-,false,-
com.softwaremill.sttp,brave-backend_2.12,1.3.0,-,-,?,-,false,-
com.softwaremill.sttp,cats_2.11,1.3.0,-,-,?,-,false,-
com.softwaremill.sttp,cats_2.12,1.3.0,-,-,?,-,false,-
com.softwaremill.sttp,cats_sjs0.6_2.11,1.3.0,-,-,?,-,false,-
com.softwaremill.sttp,cats_sjs0.6_2.12,1.3.0,-,-,?,-,false,-
com.softwaremill.sttp,circe_2.11,1.3.0,-,-,?,-,false,-
com.softwaremill.sttp,circe_2.12,1.3.0,-,-,?,-,false,-
com.softwaremill.sttp,circe_sjs0.6_2.11,1.3.0,-,-,?,-,false,-
com.softwaremill.sttp,circe_sjs0.6_2.12,1.3.0,-,-,?,-,false,-
com.softwaremill.sttp,core_2.11,1.3.0,-,-,?,-,false,-
com.softwaremill.sttp,core_2.12,1.3.0,-,-,?,-,false,-
com.softwaremill.sttp,core_native0.3_2.11,1.3.0,-,-,?,-,false,-
com.softwaremill.sttp,core_sjs0.6_2.11,1.3.0,-,-,?,-,false,-
com.softwaremill.sttp,core_sjs0.6_2.12,1.3.0,-,-,?,-,false,-
com.softwaremill.sttp,json4s_2.11,1.3.0,-,-,?,-,false,-
com.softwaremill.sttp,json4s_2.12,1.3.0,-,-,?,-,false,-
com.softwaremill.sttp,monix_2.11,1.3.0,-,-,?,-,false,-
com.softwaremill.sttp,monix_2.12,1.3.0,-,-,?,-,false,-
com.softwaremill.sttp,monix_sjs0.6_2.11,1.3.0,-,-,?,-,false,-
com.softwaremill.sttp,monix_sjs0.6_2.12,1.3.0,-,-,?,-,false,-
com.softwaremill.sttp,okhttp-backend_2.11,1.3.0,-,-,?,-,false,-
com.softwaremill.sttp,okhttp-backend_2.12,1.3.0,-,-,?,-,false,-
com.softwaremill.sttp,okhttp-backend-monix_2.11,1.3.0,-,-,?,-,false,-
com.softwaremill.sttp,okhttp-backend-monix_2.12,1.3.0,-,-,?,-,false,-
com.softwaremill.sttp,okhttp-client-handler_2.11,0.0.8,-,-,?,-,false,-
com.softwaremill.sttp,okhttp-client-handler_2.12,0.0.8,-,-,?,-,false,-
com.softwaremill.sttp,okhttp-client-handler-monix_2.11,0.0.8,-,-,?,-,false,-
com.softwaremill.sttp,okhttp-client-handler-monix_2.12,0.0.8,-,-,?,-,false,-
com.softwaremill.sttp,okhttp-handler_2.11,0.0.13,-,-,?,-,false,-
com.softwaremill.sttp,okhttp-handler_2.12,0.0.13,-,-,?,-,false,-
com.softwaremill.sttp,okhttp-handler-monix_2.11,0.0.13,-,-,?,-,false,-
com.softwaremill.sttp,okhttp-handler-monix_2.12,0.0.13,-,-,?,-,false,-
com.softwaremill.sttp,prometheus-backend_2.11,1.3.0,-,-,?,-,false,-
com.softwaremill.sttp,prometheus-backend_2.12,1.3.0,-,-,?,-,false,-
com.softwaremill.sttp,scalaz_2.11,1.3.0,-,-,?,-,false,-
com.softwaremill.sttp,scalaz_2.12,1.3.0,-,-,?,-,false,-
com.softwaremill.sttp,spray-json_2.11,1.3.0,-,-,?,-,false,-
com.softwaremill.sttp,spray-json_2.12,1.3.0,-,-,?,-,false,-
com.softwaremill.testrelease,core_2.12,0.17,-,-,?,-,false,-
com.softwaremill.undelay,undelay_2.11,0.2.0,-,-,?,-,false,-
com.softwaremill.undelay,undelay_2.12,0.2.0,-,-,?,-,false,-
com.tecacet,jflat8,0.0.3,-,-,?,-,false,-
com.thrblock.aria,aria-core,1.1.0,-,-,?,-,false,-
com.versioneye,versioneye-core-j,1.3.7,-,-,?,-,false,-
com.versioneye,versioneye-maven-plugin,3.11.4,-,-,?,-,false,-
com.zhokhov.graphql,graphql-datetime-autoconfigure,1.2.0,-,-,?,-,false,-
com.zhokhov.graphql,graphql-datetime-spring-boot-starter,1.2.0,-,-,?,-,false,-
com.zhokhov.graphql,graphql-java-datetime,1.2.0,-,-,?,-,false,-
