groupId,artifactId,version,moduleName,moduleVersion,moduleMode,moduleDependencies,jdepsToolError,jdepsViolations
com.github.mpetruska,uk-modulo-scala_2.10,5.10.0,-,-,?,-,false,-
com.github.mpetruska,uk-modulo-scala_2.11,5.10.0,-,-,?,-,false,-
com.github.mpetruska,uk-modulo-scala_2.12,5.10.0,-,-,?,-,false,-
com.github.nruzic.commons.conventions,nruzic-commons-conventions,1.0.0-alpha3,-,-,?,-,false,-
com.netflix.titus,titus-api-definitions,0.0.1-rc38,-,-,?,-,false,-
com.opendatagroup,hadrian,0.8.5,-,-,?,-,false,-
com.sap.cloud.lm.sl.cf,com.sap.cloud.lm.sl.cf.api,1.65.1,-,-,?,-,false,-
com.sap.cloud.lm.sl.cf,com.sap.cloud.lm.sl.cf.client,1.65.1,-,-,?,-,false,-
com.sap.cloud.lm.sl.cf,com.sap.cloud.lm.sl.cf.core,1.65.1,-,-,?,-,false,-
com.sap.cloud.lm.sl.cf,com.sap.cloud.lm.sl.cf.persistence,1.65.1,-,-,?,-,false,-
com.sap.cloud.lm.sl.cf,com.sap.cloud.lm.sl.cf.process,1.65.1,-,-,?,-,false,-
org.ibissource,ibis-struts,1.2.9.4,-,-,?,-,false,-
org.jleopard,jleopard,2.0.0,-,-,?,-,false,-
org.specs2,specs2-analysis_2.11,4.3.4,-,-,?,-,false,-
org.specs2,specs2-analysis_2.12,4.3.4,-,-,?,-,false,-
org.specs2,specs2-analysis_2.13.0-M4,4.3.4,-,-,?,-,false,-
org.specs2,specs2-analysis_sjs0.6_2.11,4.3.4,-,-,?,-,false,-
org.specs2,specs2-analysis_sjs0.6_2.12,4.3.4,-,-,?,-,false,-
org.specs2,specs2-analysis_sjs0.6_2.13.0-M4,4.3.4,-,-,?,-,false,-
org.specs2,specs2-cats_2.11,4.3.4,-,-,?,-,false,-
org.specs2,specs2-cats_2.12,4.3.4,-,-,?,-,false,-
org.specs2,specs2-cats_sjs0.6_2.11,4.3.4,-,-,?,-,false,-
org.specs2,specs2-cats_sjs0.6_2.12,4.3.4,-,-,?,-,false,-
org.specs2,specs2-common_2.11,4.3.4,-,-,?,-,false,-
org.specs2,specs2-common_2.12,4.3.4,-,-,?,-,false,-
org.specs2,specs2-common_2.13.0-M4,4.3.4,-,-,?,-,false,-
org.specs2,specs2-common_sjs0.6_2.11,4.3.4,-,-,?,-,false,-
org.specs2,specs2-common_sjs0.6_2.12,4.3.4,-,-,?,-,false,-
org.specs2,specs2-common_sjs0.6_2.13.0-M4,4.3.4,-,-,?,-,false,-
org.specs2,specs2-core_2.11,4.3.4,-,-,?,-,false,-
org.specs2,specs2-core_2.12,4.3.4,-,-,?,-,false,-
org.specs2,specs2-core_2.13.0-M4,4.3.4,-,-,?,-,false,-
org.specs2,specs2-core_sjs0.6_2.11,4.3.4,-,-,?,-,false,-
org.specs2,specs2-core_sjs0.6_2.12,4.3.4,-,-,?,-,false,-
org.specs2,specs2-core_sjs0.6_2.13.0-M4,4.3.4,-,-,?,-,false,-
org.specs2,specs2-form_2.11,4.3.4,-,-,?,-,false,-
org.specs2,specs2-form_2.12,4.3.4,-,-,?,-,false,-
org.specs2,specs2-form_2.13.0-M4,4.3.4,-,-,?,-,false,-
org.specs2,specs2-fp_2.11,4.3.4,-,-,?,-,false,-
org.specs2,specs2-fp_2.12,4.3.4,-,-,?,-,false,-
org.specs2,specs2-fp_2.13.0-M4,4.3.4,-,-,?,-,false,-
org.specs2,specs2-fp_sjs0.6_2.11,4.3.4,-,-,?,-,false,-
org.specs2,specs2-fp_sjs0.6_2.12,4.3.4,-,-,?,-,false,-
org.specs2,specs2-fp_sjs0.6_2.13.0-M4,4.3.4,-,-,?,-,false,-
org.specs2,specs2-gwt_2.11,4.3.4,-,-,?,-,false,-
org.specs2,specs2-gwt_2.12,4.3.4,-,-,?,-,false,-
org.specs2,specs2-gwt_2.13.0-M4,4.3.4,-,-,?,-,false,-
org.specs2,specs2-html_2.11,4.3.4,-,-,?,-,false,-
org.specs2,specs2-html_2.12,4.3.4,-,-,?,-,false,-
org.specs2,specs2-html_2.13.0-M4,4.3.4,-,-,?,-,false,-
org.specs2,specs2-junit_2.11,4.3.4,-,-,?,-,false,-
org.specs2,specs2-junit_2.12,4.3.4,-,-,?,-,false,-
org.specs2,specs2-junit_2.13.0-M4,4.3.4,-,-,?,-,false,-
org.specs2,specs2-junit_sjs0.6_2.11,4.3.4,-,-,?,-,false,-
org.specs2,specs2-junit_sjs0.6_2.12,4.3.4,-,-,?,-,false,-
org.specs2,specs2-junit_sjs0.6_2.13.0-M4,4.3.4,-,-,?,-,false,-
org.specs2,specs2-markdown_2.11,4.3.4,-,-,?,-,false,-
org.specs2,specs2-markdown_2.12,4.3.4,-,-,?,-,false,-
org.specs2,specs2-markdown_2.13.0-M4,4.3.4,-,-,?,-,false,-
org.specs2,specs2-matcher_2.11,4.3.4,-,-,?,-,false,-
org.specs2,specs2-matcher_2.12,4.3.4,-,-,?,-,false,-
org.specs2,specs2-matcher_2.13.0-M4,4.3.4,-,-,?,-,false,-
org.specs2,specs2-matcher-extra_2.11,4.3.4,-,-,?,-,false,-
org.specs2,specs2-matcher-extra_2.12,4.3.4,-,-,?,-,false,-
org.specs2,specs2-matcher-extra_2.13.0-M4,4.3.4,-,-,?,-,false,-
org.specs2,specs2-matcher-extra_sjs0.6_2.11,4.3.4,-,-,?,-,false,-
org.specs2,specs2-matcher-extra_sjs0.6_2.12,4.3.4,-,-,?,-,false,-
org.specs2,specs2-matcher-extra_sjs0.6_2.13.0-M4,4.3.4,-,-,?,-,false,-
org.specs2,specs2-matcher_sjs0.6_2.11,4.3.4,-,-,?,-,false,-
org.specs2,specs2-matcher_sjs0.6_2.12,4.3.4,-,-,?,-,false,-
org.specs2,specs2-matcher_sjs0.6_2.13.0-M4,4.3.4,-,-,?,-,false,-
org.specs2,specs2-mock_2.11,4.3.4,-,-,?,-,false,-
org.specs2,specs2-mock_2.12,4.3.4,-,-,?,-,false,-
org.specs2,specs2-mock_2.13.0-M4,4.3.4,-,-,?,-,false,-
org.specs2,specs2-mock_sjs0.6_2.11,4.3.4,-,-,?,-,false,-
org.specs2,specs2-mock_sjs0.6_2.12,4.3.4,-,-,?,-,false,-
org.specs2,specs2-mock_sjs0.6_2.13.0-M4,4.3.4,-,-,?,-,false,-
org.specs2,specs2-scalacheck_2.11,4.3.4,-,-,?,-,false,-
org.specs2,specs2-scalacheck_2.12,4.3.4,-,-,?,-,false,-
org.specs2,specs2-scalacheck_2.13.0-M4,4.3.4,-,-,?,-,false,-
org.specs2,specs2-scalacheck_sjs0.6_2.11,4.3.4,-,-,?,-,false,-
org.specs2,specs2-scalacheck_sjs0.6_2.12,4.3.4,-,-,?,-,false,-
org.specs2,specs2-scalacheck_sjs0.6_2.13.0-M4,4.3.4,-,-,?,-,false,-
org.specs2,specs2-scalaz_2.11,4.3.4,-,-,?,-,false,-
org.specs2,specs2-scalaz_2.12,4.3.4,-,-,?,-,false,-
org.specs2,specs2-scalaz_2.13.0-M4,4.3.4,-,-,?,-,false,-
org.specs2,specs2-scalaz_sjs0.6_2.11,4.3.4,-,-,?,-,false,-
org.specs2,specs2-scalaz_sjs0.6_2.12,4.3.4,-,-,?,-,false,-
org.specs2,specs2-scalaz_sjs0.6_2.13.0-M4,4.3.4,-,-,?,-,false,-
org.specs2,specs2-shapeless_2.11,4.3.4,-,-,?,-,false,-
org.specs2,specs2-shapeless_2.12,4.3.4,-,-,?,-,false,-
org.specs2,specs2-shapeless_2.13.0-M4,4.3.4,-,-,?,-,false,-
org.specs2,specs2-shapeless_sjs0.6_2.11,4.3.4,-,-,?,-,false,-
org.specs2,specs2-shapeless_sjs0.6_2.12,4.3.4,-,-,?,-,false,-
org.specs2,specs2-shapeless_sjs0.6_2.13.0-M4,4.3.4,-,-,?,-,false,-
org.specs2,specs2-tests_2.11,4.3.4,-,-,?,-,false,-
org.specs2,specs2-tests_2.12,4.3.4,-,-,?,-,false,-
top.sulpures,json-scala,1.0-RELEASE,-,-,?,-,false,-
