groupId,artifactId,version,moduleName,moduleVersion,moduleMode,moduleDependencies,jdepsToolError,jdepsViolations
cc.protea.foundation.http,http,0.2.3,-,-,?,-,false,-
com.anjlab.android.iab.v3,library,1.0.44,-,-,?,-,false,-
com.anubhavshukla,properties-to-yaml-converter,1.0.1,-,-,?,-,false,-
com.darrenfang,commons,1.0.6,-,-,?,-,false,-
com.evernote,android-state-processor,1.3.1,-,-,?,-,false,-
com.google.apis,google-api-services-admin-directory,directory_v1-rev103-1.25.0,-,-,?,-,false,-
com.google.apis,google-api-services-appsactivity,v1-rev177-1.25.0,-,-,?,-,false,-
com.google.apis,google-api-services-bigquerydatatransfer,v1-rev82-1.25.0,-,-,?,-,false,-
com.google.apis,google-api-services-bigquery,v2-rev402-1.25.0,-,-,?,-,false,-
com.google.apis,google-api-services-binaryauthorization,v1beta1-rev2-1.25.0,-,-,?,-,false,-
com.google.apis,google-api-services-blogger,v3-rev61-1.25.0,-,-,?,-,false,-
com.google.apis,google-api-services-books,v1-rev103-1.25.0,-,-,?,-,false,-
com.google.apis,google-api-services-calendar,v3-rev337-1.25.0,-,-,?,-,false,-
com.google.apis,google-api-services-chat,v1-rev32-1.25.0,-,-,?,-,false,-
com.google.apis,google-api-services-civicinfo,v2-rev33-1.25.0,-,-,?,-,false,-
com.google.apis,google-api-services-classroom,v1-rev196-1.25.0,-,-,?,-,false,-
com.google.apis,google-api-services-cloudbilling,v1-rev23-1.25.0,-,-,?,-,false,-
com.google.apis,google-api-services-cloudbuild,v1-rev763-1.25.0,-,-,?,-,false,-
com.google.apis,google-api-services-clouddebugger,v2-rev253-1.25.0,-,-,?,-,false,-
com.google.apis,google-api-services-clouderrorreporting,v1beta1-rev303-1.25.0,-,-,?,-,false,-
com.google.apis,google-api-services-cloudfunctions,v1-rev52-1.25.0,-,-,?,-,false,-
com.google.apis,google-api-services-cloudiot,v1-rev20170922-1.22.0,-,-,?,-,false,-
com.google.apis,google-api-services-cloudkms,v1-rev60-1.25.0,-,-,?,-,false,-
com.google.apis,google-api-services-cloudprofiler,v2-rev7-1.23.0,-,-,?,-,false,-
com.google.apis,google-api-services-cloudresourcemanager,v2-rev29-1.25.0,-,-,?,-,false,-
com.googlecode.aic-util,aic-util,1.3.3,-,-,?,-,false,-
com.googlecode.blaisemath,blaise-common,0.3.5,-,-,?,-,false,-
com.googlecode.combinatoricslib,combinatoricslib,2.2,-,-,?,-,false,-
com.googlecode.datainstiller,datainstiller,1.0.5,-,-,?,-,false,sun.reflect.generics.reflectiveObjects.ParameterizedTypeImpl Removed. See http://openjdk.java.net/jeps/260 + sun.reflect.generics.reflectiveObjects.WildcardTypeImpl Removed. See http://openjdk.java.net/jeps/260
com.googlecode.ez-vcard,ez-vcard,0.10.4,-,-,?,-,false,-
com.googlecode.java-ipv6,java-ipv6,0.17,-,-,?,-,false,-
com.googlecode.jdbc-proc.jdbc-proc,jdbc-proc-daofactory,1.1-21,-,-,?,-,false,-
com.googlecode.jdbc-proc.jdbc-proc,jdbc-proc-integration-test,1.1-21,-,-,?,-,false,-
com.googlecode.maven-download-plugin,download-maven-plugin,1.4.1,-,-,?,-,false,-
com.googlecode.playn,playn-android,1.9.1,-,-,?,-,false,-
com.googlecode.playn,playn-core,1.9.1,-,-,?,-,false,-
com.googlecode.playn,playn-html,1.9.1,-,-,?,-,false,-
com.googlecode.playn,playn-java,1.9.1,-,-,?,-,false,-
com.googlecode.playn,playn-jbox2d,1.9.1,-,-,?,-,false,-
com.googlecode.playn,playn-robovm,1.9.1,-,-,?,-,false,-
com.googlecode.playn,playn-swt-java,1.9.1,-,-,?,-,false,-
com.googlecode.playn,playn-webgl,1.9.1,-,-,?,-,false,-
com.googlecode.plist,dd-plist,1.21,-,-,?,-,false,-
com.googlecode.selenium-uitaf,ui_auto_core,2.3.1,-,-,?,-,false,-
com.googlecode.the-fascinator,fascinator-common,1.5,-,-,?,-,false,-
com.googlecode.the-fascinator,fascinator-core,1.5,-,-,?,-,false,-
com.googlecode.the-fascinator,fascinator-plugin-api,1.5,-,-,?,-,false,-
com.googlecode.the-fascinator,fascinator-vocabulary,1.4.0.1,-,-,?,-,false,-
com.googlecode.the-fascinator.plugins,plugin-storage-blobstore,1.0,-,-,?,-,false,-
com.googlecode.the-fascinator.plugins,plugin-storage-mongo,1.0.0,-,-,?,-,false,-
com.googlecode.the-fascinator.plugins,plugin-storage-ram,1.4.0.1,-,-,?,-,false,-
com.imsweb,staging-algorithm-cs,02.05.50.1,-,-,?,-,false,-
com.jporm,jpo-commons-annotation,8.9.0,-,-,?,-,false,-
com.jporm,jpo-commons-core,8.9.0,-,-,?,-,false,-
com.jporm,jpo-commons-json-api,8.9.0,-,-,?,-,false,-
com.jporm,jpo-commons-json-jackson2,8.9.0,-,-,?,-,false,-
com.jporm,jpo-commons-persistor,8.9.0,-,-,?,-,false,-
com.jporm,jpo-commons-types,8.9.0,-,-,?,-,false,-
com.jporm,jpo-commons-validator-api,8.9.0,-,-,?,-,false,-
com.jporm,jpo-commons-validator-jsr303,8.9.0,-,-,?,-,false,-
com.jporm,jpo-docs,8.9.0,-,-,?,-,false,-
com.jporm,jpo-rm,8.9.0,-,-,?,-,false,-
com.jporm,jpo-rm-quasar,8.9.0,-,-,?,-,false,-
com.jporm,jpo-rm-spring,8.9.0,-,-,?,-,false,-
com.jporm,jpo-rx,8.9.0,-,-,?,-,false,-
com.jporm,jpo-sql,8.9.0,-,-,?,-,false,-
com.jporm,jpo-test-benchmark,8.9.0,-,-,?,-,false,-
com.jporm,jpo-test-data,8.9.0,-,-,?,-,false,-
com.jporm,jpo-test-rm-integration,8.9.0,-,-,?,-,false,-
com.jporm,jpo-test-rx-integration,8.9.0,-,-,?,-,false,-
com.liferay,com.liferay.asset.publisher.web,1.3.6,-,-,?,-,false,-
com.liferay,com.liferay.dynamic.data.mapping.form.field.type,2.0.5,-,-,?,-,false,-
com.liferay,com.liferay.exportimport.service,3.3.0,-,-,?,-,false,-
com.liferay,com.liferay.frontend.editor.lang,1.0.2,-,-,?,-,false,-
com.liferay,com.liferay.layout.admin.web,1.0.18,-,-,?,-,false,-
com.liferay,com.liferay.petra.doulos,3.2.3,-,-,?,-,false,sun.misc.Unsafe                          See http://openjdk.java.net/jeps/260
com.liferay,com.liferay.petra.mail,1.0.5,-,-,?,-,false,-
com.liferay,com.liferay.polls.service,3.0.10,-,-,?,-,false,-
com.liferay.portal,com.liferay.portal.impl,2.24.0,-,-,?,-,false,-
com.moviejukebox,allocine-api,1.6,-,-,?,-,false,-
com.moviejukebox,api-imdb,1.5,-,-,?,-,false,-
com.mscharley,xoroshiro128_2.11,0.2.0,-,-,?,-,false,-
com.mscharley,xoroshiro128_native0.1_2.11,0.2.0,-,-,?,-,false,-
com.mscharley,xoroshiro128_sjs0.6_2.11,0.2.0,-,-,?,-,false,-
com.nuodb.hibernate,nuodb-hibernate,3.2.2,-,-,?,-,false,-
com.nuodb.jdbc,nuodb-jdbc,3.2.2,-,-,?,-,false,sun.security.action.GetPropertyAction    Use java.security.PrivilegedAction @since 1.1 + sun.security.x509.X500Name               Use javax.security.auth.x500.X500Principal @since 1.4
com.protonail.bolt-jna,bolt-jna-core,1.3.1-1,-,-,?,-,false,-
com.protonail.bolt-jna,bolt-jna-native,1.3.1-1,-,-,?,-,false,-
com.protonail.leveldb-jna,leveldb-jna-core,1.20.0,-,-,?,-,false,-
com.seleniumtests,seleniumtestsframework,5.8,-,-,?,-,false,-
io.zonky.test.postgres,embedded-postgres-binaries-darwin-amd64,10.4.0,-,-,?,-,false,-
io.zonky.test.postgres,embedded-postgres-binaries-linux-amd64,10.4.0,-,-,?,-,false,-
io.zonky.test.postgres,embedded-postgres-binaries-linux-amd64-alpine,10.4.0,-,-,?,-,false,-
io.zonky.test.postgres,embedded-postgres-binaries-linux-arm32v6,10.4.0,-,-,?,-,false,-
io.zonky.test.postgres,embedded-postgres-binaries-linux-arm32v6-alpine,10.4.0,-,-,?,-,false,-
io.zonky.test.postgres,embedded-postgres-binaries-linux-arm32v7,10.4.0,-,-,?,-,false,-
io.zonky.test.postgres,embedded-postgres-binaries-linux-arm64v8,10.4.0,-,-,?,-,false,-
io.zonky.test.postgres,embedded-postgres-binaries-linux-arm64v8-alpine,10.4.0,-,-,?,-,false,-
io.zonky.test.postgres,embedded-postgres-binaries-linux-i386,10.4.0,-,-,?,-,false,-
io.zonky.test.postgres,embedded-postgres-binaries-linux-i386-alpine,10.4.0,-,-,?,-,false,-
io.zonky.test.postgres,embedded-postgres-binaries-linux-ppc64le,10.4.0,-,-,?,-,false,-
io.zonky.test.postgres,embedded-postgres-binaries-linux-ppc64le-alpine,10.4.0,-,-,?,-,false,-
io.zonky.test.postgres,embedded-postgres-binaries-windows-amd64,10.4.0,-,-,?,-,false,-
io.zonky.test.postgres,embedded-postgres-binaries-windows-i386,10.4.0,-,-,?,-,false,-
org.akka-js,akkajsactorstreamtyped_sjs0.6_2.11,1.2.5.15,-,-,?,-,false,-
org.akka-js,akkajsactorstreamtyped_sjs0.6_2.12,1.2.5.15,-,-,?,-,false,-
org.akka-js,akkajsactortyped_sjs0.6_2.11,1.2.5.15,-,-,?,-,false,-
org.akka-js,akkajsactortyped_sjs0.6_2.12,1.2.5.15,-,-,?,-,false,-
org.akka-js,akkajsstreamtestkit_sjs0.6_2.11,1.2.5.15,-,-,?,-,false,-
org.akka-js,akkajsstreamtestkit_sjs0.6_2.12,1.2.5.15,-,-,?,-,false,-
org.akka-js,akkajstypedtestkit_sjs0.6_2.11,1.2.5.15,-,-,?,-,false,-
org.akka-js,akkajstypedtestkit_sjs0.6_2.12,1.2.5.15,-,-,?,-,false,-
org.jooby,jooby,1.5.1,-,-,?,-,false,-
org.jooby,jooby-akka,1.5.1,-,-,?,-,false,-
org.jooby,jooby-apitool,1.5.1,-,-,?,-,false,-
org.jooby,jooby-assets,1.5.1,-,-,?,-,false,-
org.jooby,jooby-assets-autoprefixer,1.5.1,-,-,?,-,false,-
org.jooby,jooby-assets-babel,1.5.1,-,-,?,-,false,-
org.jooby,jooby-assets-clean-css,1.5.1,-,-,?,-,false,-
org.jooby,jooby-assets-closure-compiler,1.5.1,-,-,?,-,false,-
org.jooby,jooby-assets-csslint,1.5.1,-,-,?,-,false,-
org.jooby,jooby-assets-j2v8,1.5.1,-,-,?,-,false,-
org.jooby,jooby-assets-jscs,1.5.1,-,-,?,-,false,-
org.jooby,jooby-assets-jshint,1.5.1,-,-,?,-,false,-
org.jooby,jooby-assets-less,1.5.1,-,-,?,-,false,-
org.jooby,jooby-assets-less4j,1.5.1,-,-,?,-,false,-
org.jooby,jooby-assets-ng-annotate,1.5.1,-,-,?,-,false,-
org.jooby,jooby-assets-nodejs,1.5.1,-,-,?,-,false,-
org.jooby,jooby-assets-requirejs,1.5.1,-,-,?,-,false,-
org.jooby,jooby-assets-rollup,1.5.1,-,-,?,-,false,-
org.jooby,jooby-assets-sass,1.5.1,-,-,?,-,false,-
org.jooby,jooby-assets-svg-sprites,1.5.1,-,-,?,-,false,-
org.jooby,jooby-assets-svg-symbol,1.5.1,-,-,?,-,false,-
org.jooby,jooby-assets-uglify,1.5.1,-,-,?,-,false,-
org.jooby,jooby-assets-yui-compressor,1.5.1,-,-,?,-,false,-
org.jooby,jooby-aws,1.5.1,-,-,?,-,false,-
org.jooby,jooby-banner,1.5.1,-,-,?,-,false,-
org.jooby,jooby-caffeine,1.5.1,-,-,?,-,false,-
org.jooby,jooby-camel,1.5.1,-,-,?,-,false,-
org.jooby,jooby-cassandra,1.5.1,-,-,?,-,false,-
org.jooby,jooby-commons-email,1.5.1,-,-,?,-,false,-
org.jooby,jooby-consul,1.5.1,-,-,?,-,false,-
org.jooby,jooby-couchbase,1.5.1,-,-,?,-,false,-
org.jooby,jooby-crash,1.5.1,-,-,?,-,false,-
org.jooby,jooby-csl,1.5.1,-,-,?,-,false,-
org.jooby,jooby-dist,1.5.1,-,-,?,-,false,-
org.jooby,jooby-ebean,1.5.1,-,-,?,-,false,-
org.jooby,jooby-ehcache,1.5.1,-,-,?,-,false,-
org.jooby,jooby-elasticsearch,1.5.1,-,-,?,-,false,-
org.jooby,jooby-eventbus,1.5.1,-,-,?,-,false,-
org.jooby,jooby-executor,1.5.1,-,-,?,-,false,-
org.jooby,jooby-filewatcher,1.5.1,-,-,?,-,false,-
org.jooby,jooby-flyway,1.5.1,-,-,?,-,false,-
org.jooby,jooby-frontend,1.5.1,-,-,?,-,false,-
org.jooby,jooby-ftl,1.5.1,-,-,?,-,false,-
org.jooby,jooby-gradle-plugin,1.5.1,-,-,?,-,false,-
org.jooby,jooby-gson,1.5.1,-,-,?,-,false,-
org.jooby,jooby-guava-cache,1.5.1,-,-,?,-,false,-
org.jooby,jooby-hazelcast,1.5.1,-,-,?,-,false,-
org.jooby,jooby-hbm,1.5.1,-,-,?,-,false,-
org.jooby,jooby-hbs,1.5.1,-,-,?,-,false,-
org.jooby,jooby-hbv,1.5.1,-,-,?,-,false,-
org.jooby,jooby-jackson,1.5.1,-,-,?,-,false,-
org.jooby,jooby-jade,1.5.1,-,-,?,-,false,-
org.jooby,jooby-jdbc,1.5.1,-,-,?,-,false,-
org.jooby,jooby-jdbi,1.5.1,-,-,?,-,false,-
org.jooby,jooby-jdbi3,1.5.1,-,-,?,-,false,-
org.jooby,jooby-jedis,1.5.1,-,-,?,-,false,-
org.jooby,jooby-jetty,1.5.1,-,-,?,-,false,-
org.jooby,jooby-jongo,1.5.1,-,-,?,-,false,-
org.jooby,jooby-jooq,1.5.1,-,-,?,-,false,-
org.jooby,jooby-lang-kotlin,1.5.1,-,-,?,-,false,-
org.jooby,jooby-livereload,1.5.1,-,-,?,-,false,-
org.jooby,jooby-maven-plugin,1.5.1,-,-,?,-,false,-
org.jooby,jooby-metrics,1.5.1,-,-,?,-,false,-
org.jooby,jooby-micrometer,1.5.1,-,-,?,-,false,-
org.jooby,jooby-mongodb,1.5.1,-,-,?,-,false,-
org.jooby,jooby-mongodb-rx,1.5.1,-,-,?,-,false,-
org.jooby,jooby-morphia,1.5.1,-,-,?,-,false,-
org.jooby,jooby-neo4j,1.5.1,-,-,?,-,false,-
org.jooby,jooby-netty,1.5.1,-,-,?,-,false,-
org.jooby,jooby-pac4j,1.5.1,-,-,?,-,false,-
org.jooby,jooby-pac4j2,1.5.1,-,-,?,-,false,-
org.jooby,jooby-pebble,1.5.1,-,-,?,-,false,-
org.jooby,jooby-quartz,1.5.1,-,-,?,-,false,-
org.jooby,jooby-querydsl,1.5.1,-,-,?,-,false,-
org.jooby,jooby-reactor,1.5.1,-,-,?,-,false,-
org.jooby,jooby-requery,1.5.1,-,-,?,-,false,-
org.jooby,jooby-rocker,1.5.1,-,-,?,-,false,-
org.jooby,jooby-run,1.5.1,-,-,?,-,false,-
org.jooby,jooby-rxjava,1.5.1,-,-,?,-,false,-
org.jooby,jooby-rxjava-jdbc,1.5.1,-,-,?,-,false,-
org.jooby,jooby-scanner,1.5.1,-,-,?,-,false,-
org.jooby,jooby-servlet,1.5.1,-,-,?,-,false,-
org.jooby,jooby-sitemap,1.5.1,-,-,?,-,false,-
org.jooby,jooby-spymemcached,1.5.1,-,-,?,-,false,-
org.jooby,jooby-thymeleaf,1.5.1,-,-,?,-,false,-
org.jooby,jooby-unbescape,1.5.1,-,-,?,-,false,-
org.jooby,jooby-undertow,1.5.1,-,-,?,-,false,-
org.jooby,jooby-whoops,1.5.1,-,-,?,-,false,-
