groupId,artifactId,version,moduleName,moduleVersion,moduleMode,moduleDependencies,jdepsToolError,jdepsViolations
com.adaptc.mws,plugins-commons,1.3-1493400434,-,-,?,-,false,-
com.adaptc.mws,plugins-testing,1.3-1493400434,-,-,?,-,false,-
com.axibase,aggregation-log-filter-core,2.0.3,-,-,?,-,false,-
com.axibase,aggregation-log-filter-log4j,2.0.3,-,-,?,-,false,-
com.axibase,aggregation-log-filter-log4j2,2.0.3,-,-,?,-,false,-
com.axibase,aggregation-log-filter-logback,2.0.3,-,-,?,-,false,-
com.axibase,aggregation-log-filter-test,2.0.3,-,-,?,-,false,-
com.axibase,atsd-api-java,1.0.7,-,-,?,-,false,-
com.axibase,atsd-jdbc,1.4.1,-,-,?,-,false,-
com.blinkfox,adept,1.0.0,-,-,?,-,false,-
com.blinkfox,zealot,1.3.1,-,-,?,-,false,-
com.blinkfox,zealot-spring-boot-starter,1.0.0,-,-,?,-,false,-
com.currencyfair,onesignal,1.0.10,-,-,?,-,false,-
com.eligible,eligible-java,1.13.4,-,-,?,-,false,-
com.jdroidtools,jdroid-android-lint-rules,1.0.0,-,-,?,-,false,-
com.jdroidtools,jdroid-component-builder,1.0.2,-,-,?,-,false,-
com.jdroidtools,jdroid-gradle-android-plugin,1.0.0,-,-,?,-,false,-
com.jdroidtools,jdroid-gradle-commons-plugin,1.0.0,-,-,?,-,false,-
com.jdroidtools,jdroid-gradle-googleplay-publisher-plugin,3.3.0,-,-,?,-,false,-
com.jdroidtools,jdroid-gradle-java-plugin,1.0.0,-,-,?,-,false,-
com.jdroidtools,jdroid-gradle-java-webapp-plugin,1.0.0,-,-,?,-,false,-
com.jdroidtools,jdroid-gradle-project-plugin,1.0.0,-,-,?,-,false,-
com.jdroidtools,jdroid-gradle-root-plugin,1.0.0,-,-,?,-,false,-
com.jdroidtools,jdroid-gradle-timer-plugin,1.0.0,-,-,?,-,false,-
com.jdroidtools,jdroid-java-core,1.0.0,-,-,?,-,false,-
com.jdroidtools,jdroid-java-firebase-database,1.0.0,-,-,?,-,false,-
com.jdroidtools,jdroid-java-firebase-dynamiclinks,1.0.0,-,-,?,-,false,-
com.jdroidtools,jdroid-java-github,1.0.0,-,-,?,-,false,-
com.jdroidtools,jdroid-java-google-drive,1.0.0,-,-,?,-,false,-
com.jdroidtools,jdroid-java-googleplay-publisher,3.3.0,-,-,?,-,false,-
com.jdroidtools,jdroid-java-http-core,1.0.0,-,-,?,-,false,-
com.jdroidtools,jdroid-java-http-okhttp,1.0.0,-,-,?,-,false,-
com.jdroidtools,jdroid-java-remote-config,1.0.0,-,-,?,-,false,-
com.jdroidtools,jdroid-java-webapp-core,1.0.0,-,-,?,-,false,-
com.jdroidtools,jdroid-java-webapp-facebook,1.0.0,-,-,?,-,false,-
com.jdroidtools,jdroid-java-webapp-firebase-firestore,1.0.0,-,-,?,-,false,-
com.jdroidtools,jdroid-java-webapp-push,1.0.0,-,-,?,-,false,-
com.jdroidtools,jdroid-java-webapp-twitter,1.0.0,-,-,?,-,false,-
com.kakawait,cas-security-dynamic-service-resolver,0.4.0,-,-,?,-,false,-
com.kakawait,cas-security-spring-boot-autoconfigure,1.0.0-beta-1,-,-,?,-,false,-
com.kakawait,cas-security-spring-boot-starter,1.0.0-beta-1,-,-,?,-,false,-
com.kakawait,picocli-spring-boot-autoconfigure,1.0.0-alpha-1,-,-,?,-,false,-
com.kakawait,picocli-spring-boot-starter,1.0.0-alpha-1,-,-,?,-,false,-
com.kakawait,spring-security-cas-extension,1.0.0-beta-1,-,-,?,-,false,-
com.kentico.delivery,delivery-core,1.0.1,-,-,?,-,false,-
com.kentico.delivery,delivery-java,1.0.1,-,-,?,-,false,-
com.kumuluz.ee.cors,kumuluzee-cors,1.0.3,-,-,?,-,false,-
com.kumuluz.ee,kumuluzee-cdi-weld,3.0.0-beta.2,-,-,?,-,false,-
com.kumuluz.ee,kumuluzee-common,3.0.0-beta.2,-,-,?,-,false,-
com.kumuluz.ee,kumuluzee-core,3.0.0-beta.2,-,-,?,-,false,-
com.kumuluz.ee,kumuluzee-ejb-openejb,2.5.3,-,-,?,-,false,-
com.kumuluz.ee,kumuluzee-jpa-common,3.0.0-beta.2,-,-,?,-,false,-
com.kumuluz.ee,kumuluzee-jpa-eclipselink,3.0.0-beta.2,-,-,?,-,false,-
com.kumuluz.ee,kumuluzee-json-b-yasson,3.0.0-beta.2,-,-,?,-,false,-
com.kumuluz.ee,kumuluzee-jta-narayana,3.0.0-beta.2,-,-,?,-,false,-
com.kumuluz.ee,kumuluzee-loader,3.0.0-beta.2,-,-,?,-,false,-
com.kumuluz.ee,kumuluzee-maven-plugin,3.0.0-beta.2,-,-,?,-,false,-
com.kumuluz.ee,kumuluzee-microProfile-1.0,3.0.0-beta.2,-,-,?,-,false,-
com.kumuluz.ee,kumuluzee-microProfile-1.2,3.0.0-beta.2,-,-,?,-,false,-
com.kumuluz.ee.metrics,kumuluzee-metrics-core,1.1.1,-,-,?,-,false,-
com.kumuluz.ee.metrics,kumuluzee-metrics-logs,1.1.1,-,-,?,-,false,-
com.kumuluz.ee.metrics,kumuluzee-metrics-logstash,1.1.1,-,-,?,-,false,-
com.leyongzuche,commons,1.1.1,-,-,?,-,false,sun.misc.BASE64Decoder                   Use java.util.Base64 @since 1.8 + sun.misc.BASE64Encoder                   Use java.util.Base64 @since 1.8
com.madewithtea,bottledynamo_2.12,1.0.0,-,-,?,-,false,-
com.madewithtea,mockedstreams_2.11,2.1.0,-,-,?,-,false,-
com.madewithtea,mockedstreams_2.12,2.1.0,-,-,?,-,false,-
com.madewithtea,twitterintervals_2.12,0.6.0,-,-,?,-,false,-
com.maschel,lcacloud,1.0.0,-,-,?,-,false,-
com.maschel,lcadevice,1.0.0,-,-,?,-,false,-
com.maschel,LCAMessage,1.0.0,-,-,?,-,false,-
com.maschel,roombajssc,1.1.0,-,-,?,-,false,-
com.pholser,junit-quickcheck-core,0.8.1,-,-,?,-,false,-
com.pholser,junit-quickcheck-examples,0.8.1,-,-,?,-,false,-
com.pholser,junit-quickcheck-generators,0.8.1,-,-,?,-,false,-
com.pholser,junit-quickcheck-guava,0.8.1,-,-,?,-,false,-
com.sandeepkaul,javax-mutable-request,1.0.0,-,-,?,-,false,-
com.sandeepkaul,javax-mutalble-request,1.0.3,-,-,?,-,false,-
com.sequoiadb,jarjar-maven-plugin,1.9.1,-,-,?,-,false,-
com.sequoiadb,sequoiadb-driver,3.0.0,-,-,?,-,false,sun.misc.BASE64Decoder                   Use java.util.Base64 @since 1.8
com.sequoiadb,spark-sequoiadb_2.11,2.8.0,-,-,?,-,false,-
com.sobte.cqp,jcq-coolq,1.2.7,-,-,?,-,false,-
com.tagmycode,tagmycode-plugin-framework,2.3.1,-,-,?,-,false,-
com.tagmycode,tagmycode-sdk,1.2.1,-,-,?,-,false,-
com.ubirch.auth,client-rest_2.11,0.4.2,-,-,?,-,false,-
com.ubirch.auth,cmdtools_2.11,0.4.2,-,-,?,-,false,-
com.ubirch.auth,config_2.11,0.4.2,-,-,?,-,false,-
com.ubirch.auth,core_2.11,0.4.2,-,-,?,-,false,-
com.ubirch.auth,model_2.11,0.4.2,-,-,?,-,false,-
com.ubirch.auth,model-db_2.11,0.4.2,-,-,?,-,false,-
com.ubirch.auth,oidc-util_2.11,0.4.2,-,-,?,-,false,-
com.ubirch.auth,server_2.11,0.4.2,-,-,?,-,false,-
com.ubirch.auth,test-tools_2.11,0.4.2,-,-,?,-,false,-
com.ubirch.auth,util_2.11,0.4.2,-,-,?,-,false,-
com.ubirch.avatar,aws_2.11,0.4.2,-,-,?,-,false,-
com.ubirch.avatar,client_2.11,0.4.2,-,-,?,-,false,-
com.ubirch.avatar,cmdtools_2.11,0.4.2,-,-,?,-,false,-
com.ubirch.avatar,config_2.11,0.4.2,-,-,?,-,false,-
com.ubirch.avatar,core_2.11,0.4.2,-,-,?,-,false,-
com.ubirch.avatar,model_2.11,0.3.10,-,-,?,-,false,-
com.ubirch.avatar,model-db_2.11,0.4.2,-,-,?,-,false,-
com.ubirch.avatar,model-rest_2.11,0.4.2,-,-,?,-,false,-
com.ubirch.avatar,mqttbridge_2.11,0.3.27,-,-,?,-,false,-
com.ubirch.avatar,server_2.11,0.4.2,-,-,?,-,false,-
com.ubirch.avatar,test-base_2.11,0.4.2,-,-,?,-,false,-
com.ubirch.avatar,test-tools_2.11,0.4.2,-,-,?,-,false,-
com.ubirch.avatar,util_2.11,0.4.2,-,-,?,-,false,-
com.ubirch.chain,cmdtools_2.11,0.2.0,-,-,?,-,false,-
com.ubirch.chain,config_2.11,0.2.0,-,-,?,-,false,-
com.ubirch.chain,core_2.11,0.2.0,-,-,?,-,false,-
com.ubirch.chain,model-db_2.11,0.2.0,-,-,?,-,false,-
com.ubirch.chain,model-rest_2.11,0.2.0,-,-,?,-,false,-
com.ubirch.chain,server_2.11,0.2.0,-,-,?,-,false,-
com.ubirch.chain,test-tools_2.11,0.2.0,-,-,?,-,false,-
com.ubirch.chain,util_2.11,0.2.0,-,-,?,-,false,-
com.ubirch.key,client-rest_2.11,0.8.1,-,-,?,-,false,-
com.ubirch.key,cmdtools_2.11,0.8.1,-,-,?,-,false,-
com.ubirch.key,config_2.11,0.8.1,-,-,?,-,false,-
com.ubirch.key,core_2.11,0.8.1,-,-,?,-,false,-
com.ubirch.key,model-db_2.11,0.8.1,-,-,?,-,false,-
com.ubirch.key,model-rest_2.11,0.8.1,-,-,?,-,false,-
com.ubirch.key,server_2.11,0.8.1,-,-,?,-,false,-
com.ubirch.key,test-tools_2.11,0.8.1,-,-,?,-,false,-
com.ubirch.key,util_2.11,0.8.1,-,-,?,-,false,-
com.ubirch.key,utils-neo4j_2.11,0.8.1,-,-,?,-,false,-
com.ubirch.notary,client_2.11,0.3.3,-,-,?,-,false,-
com.ubirch.notary,core_2.11,0.3.3,-,-,?,-,false,-
com.ubirch.notary,model_2.11,0.3.3,-,-,?,-,false,-
com.ubirch.notary,server_2.11,0.3.3,-,-,?,-,false,-
com.ubirch.user,cmdtools_2.11,0.12.2,-,-,?,-,false,-
com.ubirch.user,core_2.11,0.12.2,-,-,?,-,false,-
com.ubirch.user,model-db_2.11,0.12.2,-,-,?,-,false,-
com.ubirch.user,server_2.11,0.12.2,-,-,?,-,false,-
com.ubirch.user,userservice_2.11,0.8.4,-,-,?,-,false,-
com.ubirch.util,camel-utils_2.11,1.0.0,-,-,?,-,false,-
com.ubirch.util,config_2.11,0.2.3,-,-,?,-,false,-
com.ubirch.util,crypto_2.11,0.4.11,-,-,?,-,false,-
com.ubirch.util,date_2.11,0.5.3,-,-,?,-,false,-
com.ubirch.util,deep-check-model_2.11,0.3.0,-,-,?,-,false,-
com.ubirch.util,elasticsearch-client-binary_2.11,2.5.1,-,-,?,-,false,-
com.ubirch.util,elasticsearch-util_2.11,2.5.1,-,-,?,-,false,-
com.ubirch.util,futures_2.11,0.1.2,-,-,?,-,false,-
com.ubirch.util,json_2.11,0.5.1,-,-,?,-,false,-
com.ubirch.util,json-auto-convert_2.11,0.3.5,-,-,?,-,false,-
com.ubirch.util,lock-util_2.11,0.2.1,-,-,?,-,false,-
com.ubirch.util,mongo-test-utils_2.11,0.8.3,-,-,?,-,false,-
com.ubirch.util,mongo-utils_2.11,0.8.3,-,-,?,-,false,-
com.ubirch.util,neo4j-config_2.11,0.1.0,-,-,?,-,false,-
com.ubirch.util,neo4j-utils_2.11,0.1.0,-,-,?,-,false,-
com.ubirch.util,oidc-utils_2.11,0.7.4,-,-,?,-,false,-
com.ubirch.util,redis-test-util_2.11,0.5.1,-,-,?,-,false,-
com.ubirch.util,redis-util_2.11,0.5.1,-,-,?,-,false,-
com.ubirch.util,response-util_2.11,0.4.0,-,-,?,-,false,-
com.ubirch.util,rest-akka-http_2.11,0.4.0,-,-,?,-,false,-
com.ubirch.util,rest-akka-http-test_2.11,0.4.0,-,-,?,-,false,-
com.ubirch.util,uuid_2.11,0.1.3,-,-,?,-,false,-
