groupId,artifactId,version,moduleName,moduleVersion,moduleMode,moduleDependencies,jdepsToolError,jdepsViolations
com.bitplan,com.bitplan.rest.freemarker,0.0.2,-,-,?,-,false,-
com.github.benniekrijger,scala-postnl_2.12,0.17,-,-,?,-,false,-
com.github.jetose,swagger-spring-boot-starter,1.0.3.RELEASE,-,-,?,-,false,-
com.github.tkrs,fluflu-core_2.13.0-M4,0.21.0,-,-,?,-,false,-
com.github.tkrs,fluflu-msgpack_2.13.0-M4,0.21.0,-,-,?,-,false,-
com.github.tkrs,fluflu-msgpack-circe_2.13.0-M4,0.21.0,-,-,?,-,false,-
com.raquo,dombuilder_2.11,0.8,-,-,?,-,false,-
com.raquo,dombuilder_2.12,0.8,-,-,?,-,false,-
com.raquo,dombuilder_sjs0.6_2.11,0.8,-,-,?,-,false,-
com.raquo,dombuilder_sjs0.6_2.12,0.8,-,-,?,-,false,-
com.raquo,domtestutils_sjs0.6_2.11,0.8,-,-,?,-,false,-
com.raquo,domtestutils_sjs0.6_2.12,0.8,-,-,?,-,false,-
com.ursful.framework,ursful-orm,1.2.7,-,-,?,-,false,-
com.xfmeet,aspect-log,1.0,-,-,?,-,false,-
io.gravitee.management,gravitee-management-api-fetcher,1.18.1,-,-,?,-,false,-
io.gravitee.management,gravitee-management-api-model,1.18.1,-,-,?,-,false,-
io.gravitee.management,gravitee-management-api-repository,1.18.1,-,-,?,-,false,-
io.gravitee.management,gravitee-management-api-rest,1.18.1,-,-,?,-,false,-
io.gravitee.management,gravitee-management-api-security,1.18.1,-,-,?,-,false,-
io.gravitee.management,gravitee-management-api-service,1.18.1,-,-,?,-,false,-
io.gravitee.management.idp,gravitee-management-api-idp-api,1.18.1,-,-,?,-,false,-
io.gravitee.management.idp,gravitee-management-api-idp-core,1.18.1,-,-,?,-,false,-
io.gravitee.management.idp,gravitee-management-api-idp-ldap,1.18.1,-,-,?,-,false,-
io.gravitee.management.idp,gravitee-management-api-idp-memory,1.18.1,-,-,?,-,false,-
io.gravitee.management.idp,gravitee-management-api-idp-repository,1.18.1,-,-,?,-,false,-
io.gravitee.management.services,gravitee-management-api-services-core,1.18.1,-,-,?,-,false,-
io.gravitee.management.services,gravitee-management-api-services-dynamic-properties,1.18.1,-,-,?,-,false,-
io.gravitee.management.services,gravitee-management-api-services-healthcheck,1.18.1,-,-,?,-,false,-
io.gravitee.management.services,gravitee-management-api-services-subscriptions,1.18.1,-,-,?,-,false,-
io.gravitee.management.services,gravitee-management-api-services-sync,1.18.1,-,-,?,-,false,-
io.gravitee.management.standalone,gravitee-management-api-standalone-bootstrap,1.18.1,-,-,?,-,false,-
io.gravitee.management.standalone,gravitee-management-api-standalone-container,1.18.1,-,-,?,-,false,-
io.reactivex.rxjava2,rxjava,2.2.1,io.reactivex.rxjava2,-,automatic,-,false,-
net.tascalate.javaflow,net.tascalate.javaflow.api,2.3.1,-,-,?,-,false,-
net.tascalate.javaflow,net.tascalate.javaflow.providers.asm3,2.3.1,-,-,?,-,false,-
net.tascalate.javaflow,net.tascalate.javaflow.providers.asm4,2.3.1,-,-,?,-,false,-
net.tascalate.javaflow,net.tascalate.javaflow.providers.asm5,2.3.1,-,-,?,-,false,-
net.tascalate.javaflow,net.tascalate.javaflow.spi,2.3.1,-,-,?,-,false,-
net.tascalate.javaflow,net.tascalate.javaflow.tools.ant,2.3.1,-,-,?,-,false,-
net.tascalate.javaflow,net.tascalate.javaflow.tools.cdi-javaagent,2.3.1,-,-,?,-,false,-
net.tascalate.javaflow,net.tascalate.javaflow.tools.jar,2.3.1,-,-,?,-,false,-
net.tascalate.javaflow,net.tascalate.javaflow.tools.javaagent,2.3.1,-,-,?,-,false,-
net.tascalate.javaflow,net.tascalate.javaflow.tools.maven,2.3.1,-,-,?,-,false,-
net.tascalate.javaflow,net.tascalate.javaflow.tools.runtime,2.3.1,-,-,?,-,false,-
org.greeneyed,summer,0.4,-,-,?,-,false,-
org.immutables,android-stub,2.7.0,org.immutables.android-stub,-,automatic,-,false,-
org.immutables,annotate,2.7.0,org.immutables.annotate,-,automatic,-,false,-
org.immutables,builder,2.7.0,org.immutables.builder,-,automatic,-,false,-
org.immutables,encode,2.7.0,org.immutables.encode,-,automatic,-,false,-
org.immutables,func,2.7.0,org.immutables.func,-,automatic,-,false,-
org.immutables,generator,2.7.0,org.immutables.generator,-,automatic,-,false,com.sun.tools.javac.code.Attribute       Use javax.tools and javax.lang.model @since 1.6 + com.sun.tools.javac.code.Attribute$UnresolvedClass Use javax.tools and javax.lang.model @since 1.6 + com.sun.tools.javac.code.Symbol          Use javax.tools and javax.lang.model @since 1.6 + com.sun.tools.javac.code.Symbol$ClassSymbol Use javax.tools and javax.lang.model @since 1.6 + com.sun.tools.javac.code.Symbol$MethodSymbol Use javax.tools and javax.lang.model @since 1.6 + com.sun.tools.javac.code.Symbol$TypeSymbol Use javax.tools and javax.lang.model @since 1.6 + com.sun.tools.javac.code.Symbol$VarSymbol Use javax.tools and javax.lang.model @since 1.6 + com.sun.tools.javac.code.Type            Use javax.tools and javax.lang.model @since 1.6 + com.sun.tools.javac.util.Name            Use javax.tools and javax.lang.model @since 1.6
org.immutables,generator-fixture,2.7.0,org.immutables.generator-fixture,-,automatic,-,false,-
org.immutables,generator-processor,2.7.0,org.immutables.generator-processor,-,automatic,-,false,-
org.immutables,gson,2.7.0,org.immutables.gson,-,automatic,-,false,-
org.immutables,metainf,2.7.0,org.immutables.metainf,-,automatic,-,false,com.sun.tools.javac.code.Attribute       Use javax.tools and javax.lang.model @since 1.6 + com.sun.tools.javac.code.Attribute$UnresolvedClass Use javax.tools and javax.lang.model @since 1.6 + com.sun.tools.javac.code.Symbol          Use javax.tools and javax.lang.model @since 1.6 + com.sun.tools.javac.code.Symbol$ClassSymbol Use javax.tools and javax.lang.model @since 1.6 + com.sun.tools.javac.code.Symbol$MethodSymbol Use javax.tools and javax.lang.model @since 1.6 + com.sun.tools.javac.code.Symbol$TypeSymbol Use javax.tools and javax.lang.model @since 1.6 + com.sun.tools.javac.code.Symbol$VarSymbol Use javax.tools and javax.lang.model @since 1.6 + com.sun.tools.javac.code.Type            Use javax.tools and javax.lang.model @since 1.6 + com.sun.tools.javac.util.Name            Use javax.tools and javax.lang.model @since 1.6
org.immutables,mirror,2.7.0,org.immutables.mirror,-,automatic,-,false,-
org.immutables,mongo,2.7.0,org.immutables.mongo,-,automatic,-,false,-
org.immutables,ordinal,2.7.0,org.immutables.ordinal,-,automatic,-,false,-
org.immutables,serial,2.7.0,org.immutables.serial,-,automatic,-,false,-
org.immutables,testing,2.7.0,org.immutables.testing,-,automatic,-,false,-
org.immutables,trees,2.7.0,org.immutables.trees,-,automatic,-,false,-
org.immutables,value,2.7.0,org.immutables.value,-,automatic,-,false,com.sun.tools.javac.code.Attribute       Use javax.tools and javax.lang.model @since 1.6 + com.sun.tools.javac.code.Attribute$UnresolvedClass Use javax.tools and javax.lang.model @since 1.6 + com.sun.tools.javac.code.Symbol          Use javax.tools and javax.lang.model @since 1.6 + com.sun.tools.javac.code.Symbol$ClassSymbol Use javax.tools and javax.lang.model @since 1.6 + com.sun.tools.javac.code.Symbol$MethodSymbol Use javax.tools and javax.lang.model @since 1.6 + com.sun.tools.javac.code.Symbol$TypeSymbol Use javax.tools and javax.lang.model @since 1.6 + com.sun.tools.javac.code.Symbol$VarSymbol Use javax.tools and javax.lang.model @since 1.6 + com.sun.tools.javac.code.Type            Use javax.tools and javax.lang.model @since 1.6 + com.sun.tools.javac.util.Name            Use javax.tools and javax.lang.model @since 1.6
org.immutables,value-annotations,2.7.0,org.immutables.value.annotations,-,automatic,-,false,-
org.immutables,value-fixture,2.7.0,org.immutables.value-fixture,-,automatic,-,false,-
org.immutables,value-processor,2.7.0,org.immutables.value.processor,-,automatic,-,false,-
top.jfunc.report,imexporter,1.4,-,-,?,-,false,-
