groupId,artifactId,version,moduleName,moduleVersion,moduleMode,moduleDependencies,jdepsToolError,jdepsViolations
com.35liuqi,TaskQueue,1.0.1,-,-,?,-,false,-
com.airbnb.android,epoxy-annotations,2.16.3,-,-,?,-,false,-
com.airbnb.android,epoxy-processor,2.16.3,-,-,?,-,false,com.sun.tools.javac.code.Symbol          Use javax.tools and javax.lang.model @since 1.6 + com.sun.tools.javac.code.Symbol$ClassSymbol Use javax.tools and javax.lang.model @since 1.6 + com.sun.tools.javac.code.Symbol$VarSymbol Use javax.tools and javax.lang.model @since 1.6 + com.sun.tools.javac.tree.JCTree          Use com.sun.source @since 1.6 + com.sun.tools.javac.tree.JCTree$JCFieldAccess Use com.sun.source @since 1.6 + com.sun.tools.javac.tree.JCTree$Visitor  Use com.sun.source @since 1.6 + com.sun.tools.javac.tree.TreeScanner     Use com.sun.source @since 1.6
com.bertramlabs.plugins,asset-pipeline-core,3.0.6,-,-,?,-,false,-
com.bertramlabs.plugins,asset-pipeline-gradle,3.0.6,-,-,?,-,false,-
com.bertramlabs.plugins,asset-pipeline-micronaut,3.0.6,-,-,?,-,false,-
com.bertramlabs.plugins,asset-pipeline-servlet,3.0.6,-,-,?,-,false,-
com.bertramlabs.plugins,asset-pipeline-spring-boot,3.0.6,-,-,?,-,false,-
com.bertramlabs.plugins,coffee-asset-pipeline,3.0.6,-,-,?,-,false,-
com.bertramlabs.plugins,ember-asset-pipeline,3.0.6,-,-,?,-,false,-
com.bertramlabs.plugins,handlebars-asset-pipeline,3.0.6,-,-,?,-,false,-
com.bertramlabs.plugins,jsx-asset-pipeline,3.0.6,-,-,?,-,false,-
com.bertramlabs.plugins,karman-alibaba,1.1.16,-,-,?,-,false,-
com.bertramlabs.plugins,karman-azure,1.1.16,-,-,?,-,false,-
com.bertramlabs.plugins,karman-cifs,1.1.16,-,-,?,-,false,-
com.bertramlabs.plugins,karman-nfs,1.1.16,-,-,?,-,false,-
com.bertramlabs.plugins,karman-rackspace,1.1.16,-,-,?,-,false,-
com.causecode.plugins,custom-codenarc-rules,0.0.1-RC1,-,-,?,-,false,-
com.causecode.plugins,mongo-update-embedded,2.0.0,-,-,?,-,false,-
com.causecode.plugins,nucleus,1.0.0,-,-,?,-,false,-
com.causecode.plugins,user-management,2.0.0,-,-,?,-,false,-
com.chrisneveu,macrame_2.10,1.2.5,-,-,?,-,false,-
com.chrisneveu,macrame_2.11,1.2.5,-,-,?,-,false,-
com.chrisneveu,macrame_2.12,1.2.5,-,-,?,-,false,-
com.codeandweb.physicseditor,gdx-pe-loader,1.1.0,-,-,?,-,false,-
com.codetaco,cli,6.1.2,-,-,?,-,false,-
com.codetaco,date,4.1.2,-,-,?,-,false,-
com.codetaco,math,4.1.3,-,-,?,-,false,-
com.eztier,cassandra-udt-codec-helper-scala_2.12,0.2.18,-,-,?,-,false,-
com.floragunn,checksum-maven-plugin,1.7.1,-,-,?,-,false,-
com.floragunn,dlic-search-guard-authbackend-ldap,6.0-20.1,-,-,?,-,false,-
com.floragunn,dlic-search-guard-auth-http-jwt,6.0-21.1,-,-,?,-,false,-
com.floragunn,dlic-search-guard-auth-http-kerberos,6.0-20.0,-,-,?,-,false,-
com.floragunn,dlic-search-guard-enterprise-modules,6.3.2-32.0,-,-,?,-,false,-
com.floragunn,dlic-search-guard-module-auditlog,6.1.4-20.3,-,-,?,-,false,-
com.floragunn,dlic-search-guard-module-dlsfls,6.0-20.2,-,-,?,-,false,-
com.floragunn,dlic-search-guard-module-kibana-multitenancy,6.0-21.0,-,-,?,-,false,-
com.floragunn,dlic-search-guard-rest-api,6.0-20.0,-,-,?,-,false,-
com.floragunn,dlic-search-guard-test-framework,5.3-1,-,-,?,-,false,-
com.floragunn,search-guard-2,5.0.0-rc1-6d,-,-,?,-,false,-
com.floragunn,search-guard-5,5.6.10-19.2,-,-,?,-,false,-
com.floragunn,search-guard-6,6.3-23.0-api,-,-,?,-,false,-
com.floragunn,search-guard-ssl,6.3.2-25.4,-,-,?,-,false,-
com.floragunn,search-guard-tlstool,1.5,-,-,?,-,false,-
com.gilecode.yagson,j9-reflection-utils,1.0,-,-,?,-,false,sun.misc.Unsafe                          See http://openjdk.java.net/jeps/260
com.gilecode.yagson,yagson,0.4,-,-,?,-,false,sun.misc.Unsafe                          See http://openjdk.java.net/jeps/260
com.gilecode.yagson,yagson-spring4-converters,0.2,-,-,?,-,false,-
com.google.apis,google-api-services-appsactivity,v1-rev178-1.22.0,-,-,?,-,false,-
com.google.apis,google-api-services-genomics,v2alpha1-rev30-1.25.0,-,-,?,-,false,-
com.google.apis,google-api-services-gmail,v1-rev95-1.25.0,-,-,?,-,false,-
com.google.apis,google-api-services-groupsmigration,v1-rev56-1.25.0,-,-,?,-,false,-
com.google.apis,google-api-services-groupssettings,v1-rev75-1.25.0,-,-,?,-,false,-
com.google.apis,google-api-services-iamcredentials,v1-rev8-1.25.0,-,-,?,-,false,-
com.google.apis,google-api-services-iam,v1-rev258-1.25.0,-,-,?,-,false,-
com.google.apis,google-api-services-iap,v1beta1-rev7-1.25.0,-,-,?,-,false,-
com.google.apis,google-api-services-identitytoolkit,v3-rev252-1.25.0,-,-,?,-,false,-
com.google.apis,google-api-services-indexing,v3-rev7-1.25.0,-,-,?,-,false,-
com.google.apis,google-api-services-jobs,v3-rev5-1.25.0,-,-,?,-,false,-
com.google.apis,google-api-services-kgsearch,v1-rev230-1.25.0,-,-,?,-,false,-
com.google.apis,google-api-services-language,v1-rev439-1.25.0,-,-,?,-,false,-
com.google.apis,google-api-services-licensing,v1-rev57-1.25.0,-,-,?,-,false,-
com.google.apis,google-api-services-logging,v2-rev600-1.25.0,-,-,?,-,false,-
com.google.apis,google-api-services-manufacturers,v1-rev89-1.25.0,-,-,?,-,false,-
com.google.apis,google-api-services-mirror,v1-rev103-1.25.0,-,-,?,-,false,-
com.google.apis,google-api-services-ml,v1-rev57-1.25.0,-,-,?,-,false,-
com.google.apis,google-api-services-monitoring,v3-rev468-1.25.0,-,-,?,-,false,-
com.google.apis,google-api-services-oauth2,v2-rev140-1.25.0,-,-,?,-,false,-
com.google.apis,google-api-services-oslogin,v1-rev23-1.25.0,-,-,?,-,false,-
com.iheartradio.m3u8,open-m3u8,0.2.6,-,-,?,-,false,-
com.imadcn.framework,common,1.1.9,-,-,?,-,false,-
com.imadcn.framework,dubbo-extension,1.1.0,-,-,?,-,false,-
com.imadcn.framework,idworker,1.2.0,-,-,?,-,false,-
com.imadcn.framework,lock,1.1.0,-,-,?,-,false,-
com.iwaconsolti,flyway-check-plugin,0.0.3,-,-,?,-,false,-
com.javastreets,mule-couchbase-connector,1.0.0,-,-,?,-,false,-
com.logentries,logentries-appender,1.1.38,-,-,?,-,false,-
com.luisonthekeyboard,archimedes,1.0.6,-,-,?,-,false,-
com.manorrock.herring,herring,1.1.0,-,-,?,-,false,-
com.manorrock.piranha,piranha,4.0.3.0,-,-,?,-,false,-
com.manorrock.piranha,piranha-servlet,4.0.3.0,-,-,?,-,false,-
com.mengweifeng,mengwefieng.support,0.0.1,-,-,?,-,false,-
com.mengweifeng,support,0.0.1,-,-,?,-,false,-
com.mengweifeng,util,0.0.1,-,-,?,-,false,-
com.meterware.simplestub,simplestub,1.2.12,-,-,?,-,true,-
com.narbase,kunafa,0.1.4,-,-,?,-,false,-
com.nervousync,cache-api,1.0.0,-,-,?,-,false,-
com.nervousync,cache-impl-memcached,1.0.0,-,-,?,-,false,-
com.nervousync,cache-impl-redis,1.0.0,-,-,?,-,false,-
com.nervousync,nervousync-utils,1.0.1,-,-,?,-,false,com.sun.crypto.provider.SunJCE           Use java.security.Security.getProvider(provider-name) @since 1.3 + com.sun.net.ssl.internal.ssl.Provider    Use java.security.Security.getProvider(provider-name) @since 1.3 + sun.misc.Cleaner                         Use java.lang.ref.PhantomReference @since 1.2 or java.lang.ref.Cleaner @since 9
com.netflix.buildinfrastructure,netflixoss-plugin-common,0.7.31,-,-,?,-,false,-
com.netflix.buildinfrastructure,netflixoss-plugin-test,0.7.31,-,-,?,-,false,-
com.netflix.spectator,spectator-agent,0.74.4,com.netflix.spectator.agent,-,automatic,-,false,-
com.netflix.spectator,spectator-api,0.74.4,com.netflix.spectator.api,-,automatic,-,false,-
com.netflix.spectator,spectator-ext-aws,0.74.4,com.netflix.spectator.aws,-,automatic,-,false,-
com.netflix.spectator,spectator-ext-aws2,0.74.4,com.netflix.spectator.aws2,-,automatic,-,false,-
com.netflix.spectator,spectator-ext-gc,0.74.4,com.netflix.spectator.gc,-,automatic,-,false,-
com.netflix.spectator,spectator-ext-ipc,0.74.4,com.netflix.spectator.ipc,-,automatic,-,false,-
com.netflix.spectator,spectator-ext-ipcservlet,0.74.4,com.netflix.spectator.ipcservlet,-,automatic,-,false,-
com.netflix.spectator,spectator-ext-jvm,0.74.4,com.netflix.spectator.jvm,-,automatic,-,false,-
com.netflix.spectator,spectator-ext-log4j1,0.74.4,com.netflix.spectator.log4j1,-,automatic,-,false,-
com.netflix.spectator,spectator-ext-log4j2,0.74.4,com.netflix.spectator.log4j2,-,automatic,-,false,-
com.netflix.spectator,spectator-ext-placeholders,0.74.4,com.netflix.spectator.placeholders,-,automatic,-,false,-
com.netflix.spectator,spectator-ext-sandbox,0.74.4,com.netflix.spectator.sandbox,-,automatic,-,false,-
com.netflix.spectator,spectator-ext-spark,0.74.4,com.netflix.spectator.spark,-,automatic,-,false,-
com.netflix.spectator,spectator-nflx,0.74.4,com.netflix.spectator.nflx.governator,-,automatic,-,false,-
com.netflix.spectator,spectator-nflx-plugin,0.74.4,com.netflix.spectator.nflx,-,automatic,-,false,-
com.netflix.spectator,spectator-perf,0.74.4,com.netflix.spectator.perf,-,automatic,-,false,-
com.netflix.spectator,spectator-reg-atlas,0.74.4,com.netflix.spectator.atlas,-,automatic,-,false,-
com.netflix.spectator,spectator-reg-metrics3,0.74.4,com.netflix.spectator.metrics3,-,automatic,-,false,-
com.netflix.spectator,spectator-reg-servo,0.74.4,com.netflix.spectator.servo,-,automatic,-,false,-
com.netflix.spectator,spectator-reg-stateless,0.74.4,com.netflix.spectator.stateless,-,automatic,-,false,-
com.netflix.spectator,spectator-web-spring,0.74.4,com.netflix.spectator.spring,-,automatic,-,false,-
com.neverbounce,neverbounce-api-java,4.0.5,-,-,?,-,false,-
com.nexusy,build-tool,1.0.1,-,-,?,-,false,-
com.nexusy,xrpc,2.1.0,-,-,?,-,false,sun.reflect.generics.reflectiveObjects.ParameterizedTypeImpl Removed. See http://openjdk.java.net/jeps/260
com.nilcaream.atto,atto-core,1.1,-,-,?,-,false,-
com.nilcaream.atto,atto-testing,1.1,-,-,?,-,false,-
com.olvind,scalajs-react-components-macros_sjs0.6_2.11,0.8.0,-,-,?,-,false,-
com.olvind,scalajs-react-components-macros_sjs0.6_2.12,1.0.0-M2,-,-,?,-,false,-
com.olvind,scalajs-react-components_sjs0.6_2.11,0.8.0,-,-,?,-,false,-
com.olvind,scalajs-react-components_sjs0.6_2.12,1.0.0-M2,-,-,?,-,false,-
com.olvind,stringifiers_2.10,0.3,-,-,?,-,false,-
com.olvind,stringifiers_2.11,0.3,-,-,?,-,false,-
com.olvind,stringifiers_2.12,0.3,-,-,?,-,false,-
com.olvind,stringifiers_sjs0.6_2.11,0.3,-,-,?,-,false,-
com.olvind,stringifiers_sjs0.6_2.12,0.3,-,-,?,-,false,-
com.paddypowerbetfair,libre-rabbit_2.11,1.0.0,-,-,?,-,false,-
com.paddypowerbetfair,rabbitmq-client_2.12,1.0.3,-,-,?,-,false,-
com.pro-crafting,swagger-maven-plugin,3.1.8.FT.1,-,-,?,-,false,-
com.pro-crafting,swagger-maven-plugin-extensions,1.0.0,-,-,?,-,false,-
com.pro-crafting.tools,record-jar-converter-service,1.3.3,-,-,?,-,false,-
com.roundeights,hasher_2.10,1.2.0,-,-,?,-,false,-
com.roundeights,hasher_2.11,1.2.0,-,-,?,-,false,-
com.roundeights,hasher_2.12,1.2.0,-,-,?,-,false,-
com.sfxcode.music,itunes-reader_2.11,1.0.3,-,-,?,-,false,-
com.sfxcode.music,itunes-reader_2.12,1.0.3,-,-,?,-,false,-
com.sfxcode.nosql,simple-mongo_2.11,1.5.5,-,-,?,-,false,-
com.sfxcode.nosql,simple-mongo_2.12,1.5.5,-,-,?,-,false,-
com.sfxcode.sapphire,sapphire-core_2.11,1.3.5,-,-,?,-,false,-
com.sfxcode.sapphire,sapphire-core_2.12,1.3.5,-,-,?,-,false,-
com.sfxcode.sapphire,sapphire-extension_2.11,0.7.7,-,-,?,-,false,-
com.sfxcode.sapphire,sapphire-extension_2.12,0.7.7,-,-,?,-,false,-
com.tecsisa,constructr-coordination-consul_2.11,0.9.0,-,-,?,-,false,-
com.tecsisa,constructr-coordination-consul_2.12,0.9.0,-,-,?,-,false,-
com.tecsisa,lightql-dsl_2.11,0.9.2,-,-,?,-,false,-
com.tecsisa,lightql-dsl_2.12,0.9.2,-,-,?,-,false,-
com.tecsisa,lightql-elastic_2.11,6.2.2,-,-,?,-,false,-
com.tecsisa,lightql-elastic_2.12,6.2.2,-,-,?,-,false,-
com.tecsisa,lightql-elastic-http_2.11,6.2.2,-,-,?,-,false,-
com.tecsisa,lightql-elastic-http_2.12,6.2.2,-,-,?,-,false,-
com.tecsisa,lightql-elastic-tcp_2.11,6.2.2,-,-,?,-,false,-
com.tecsisa,lightql-elastic-tcp_2.12,6.2.2,-,-,?,-,false,-
com.uogome,dubbo2,1.0,-,-,?,-,false,-
com.uogome,dubbo2-demo-consumer,1.0,-,-,?,-,false,-
com.uogome,dubbo2-monitor-simple,1.0,-,-,?,-,false,-
com.uogome,hessian-lite,3.2.1-fixed-2,-,-,?,-,false,-
com.vorlonsoft,androidrate,1.1.9,-,-,?,-,false,-
com.wchukai,rpc-intruder,1.0.1,-,-,?,-,false,-
com.webcerebrium,binance-api,1.0.9,-,-,?,-,false,-
com.webcerebrium,slack-notification,0.1.1,-,-,?,-,false,-
com.wirefreethought.geodb,geodb-java-client,1.1.1,-,-,?,-,false,-
com.xiaoleilu,hulu,1.5.3,-,-,?,-,false,-
com.xiaoleilu,hutool,2.16.2,-,-,?,-,false,-
com.xiaoleilu,hutool-all,3.3.2,-,-,?,-,false,sun.reflect.Reflection                   Use java.lang.StackWalker @since 9
com.xiaoleilu,hutool-aop,3.3.2,-,-,?,-,false,-
com.xiaoleilu,hutool-bloomFilter,3.3.2,-,-,?,-,false,-
com.xiaoleilu,hutool-cache,3.3.2,-,-,?,-,false,-
com.xiaoleilu,hutool-core,3.3.2,-,-,?,-,false,sun.reflect.Reflection                   Use java.lang.StackWalker @since 9
com.xiaoleilu,hutool-cron,3.3.2,-,-,?,-,false,-
com.xiaoleilu,hutool-crypto,3.3.2,-,-,?,-,false,-
com.xiaoleilu,hutool-db,3.3.2,-,-,?,-,false,-
com.xiaoleilu,hutool-dfa,3.3.2,-,-,?,-,false,-
com.xiaoleilu,hutool-extra,3.3.2,-,-,?,-,false,-
com.xiaoleilu,hutool-geo,3.3.2,-,-,?,-,false,-
com.xiaoleilu,hutool-http,3.3.2,-,-,?,-,false,-
com.xiaoleilu,hutool-json,3.3.2,-,-,?,-,false,-
com.xiaoleilu,hutool-log,3.3.2,-,-,?,-,false,-
com.xiaoleilu,hutool-poi,3.3.2,-,-,?,-,false,-
com.xiaoleilu,hutool-script,3.3.2,-,-,?,-,false,-
com.xiaoleilu,hutool-setting,3.3.2,-,-,?,-,false,-
com.xiaoleilu,hutool-system,3.3.2,-,-,?,-,false,-
com.xk72,paddle-webhook-verifier,1.0,-,-,?,-,false,-
com.xk72,pherialize,1.2.4,-,-,?,-,false,-
de.kgrupp,inoks-java-monads,0.5.2.13,-,-,?,-,false,-
eu.coldrye.junit,junit-common,1.1.1,-,-,?,-,false,-
org.sonatype.goodies.dropwizard,dropwizard-support-client,1.0.2,-,-,?,-,false,-
org.sonatype.goodies.dropwizard,dropwizard-support-core,1.0.2,-,-,?,-,false,-
org.sonatype.goodies.dropwizard,dropwizard-support-datadog,1.0.2,-,-,?,-,false,-
org.sonatype.goodies.dropwizard,dropwizard-support-security,1.0.2,-,-,?,-,false,-
org.sonatype.goodies.dropwizard,dropwizard-support-swagger,1.0.2,-,-,?,-,false,-
org.sonatype.goodies.dropwizard,dropwizard-support-testsupport,1.0.2,-,-,?,-,false,-
org.sonatype.goodies.dropwizard,dropwizard-support-views,1.0.2,-,-,?,-,false,-
