groupId,artifactId,version,moduleName,moduleVersion,moduleMode,moduleDependencies,jdepsToolError,jdepsViolations
org.apache.sling,org.apache.sling.resourcebuilder,1.0.4,-,-,?,-,false,-
org.apache.sling,org.apache.sling.testing.caconfig-mock-plugin,1.3.2,-,-,?,-,false,-
org.apache.sling,org.apache.sling.testing.jcr-mock,1.3.6,-,-,?,-,false,-
org.apache.sling,org.apache.sling.testing.osgi-mock.core,2.4.0,-,-,?,-,false,-
org.apache.sling,org.apache.sling.testing.osgi-mock.junit4,2.4.0,-,-,?,-,false,-
org.apache.sling,org.apache.sling.testing.osgi-mock.junit5,2.4.0,-,-,?,-,false,-
org.apache.sling,org.apache.sling.testing.resourceresolver-mock,1.1.22,-,-,?,-,false,-
org.apache.sling,org.apache.sling.testing.sling-mock.core,2.3.0,-,-,?,-,false,-
org.apache.sling,org.apache.sling.testing.sling-mock.junit4,2.3.0,-,-,?,-,false,-
org.apache.sling,org.apache.sling.testing.sling-mock.junit5,2.3.0,-,-,?,-,false,-
org.apache.sling,org.apache.sling.testing.sling-mock-oak,2.1.0,-,-,?,-,false,-
