groupId,artifactId,version,moduleName,moduleVersion,moduleMode,moduleDependencies,jdepsToolError,jdepsViolations
com.axonivy.ivy.ci,project-build-plugin,7.1.0,-,-,?,-,false,-
com.axonivy,ivymx,1.0.1,-,-,?,-,false,-
com.cleeng,cleeng-java-sdk,2.7.0,-,-,?,-,false,-
com.consol.citrus.archetypes,citrus-quickstart,2.7.6,-,-,?,-,false,-
com.consol.citrus.archetypes,citrus-quickstart-jms,2.7.6,-,-,?,-,false,-
com.consol.citrus.archetypes,citrus-quickstart-soap,2.7.6,-,-,?,-,false,-
com.consol.citrus.archetypes,citrus-simulator-archetype-jms,1.0.2,-,-,?,-,false,-
com.consol.citrus.archetypes,citrus-simulator-archetype-mail,1.0.2,-,-,?,-,false,-
com.consol.citrus.archetypes,citrus-simulator-archetype-rest,1.0.2,-,-,?,-,false,-
com.consol.citrus.archetypes,citrus-simulator-archetype-swagger,1.0.2,-,-,?,-,false,-
com.consol.citrus.archetypes,citrus-simulator-archetype-ws,1.0.2,-,-,?,-,false,-
com.consol.citrus.archetypes,citrus-simulator-archetype-wsdl,1.0.2,-,-,?,-,false,-
com.consol.citrus,citrus-admin-connector,1.0.3,-,-,?,-,false,-
com.consol.citrus,citrus-arquillian,2.7.6,-,-,?,-,false,-
com.consol.citrus,citrus-camel,2.7.6,-,-,?,-,false,-
com.consol.citrus,citrus-core,2.7.6,-,-,?,-,false,-
com.consol.citrus,citrus-cucumber,2.7.6,-,-,?,-,false,-
com.consol.citrus,citrus-db-agent,0.1.4,-,-,?,-,false,-
com.consol.citrus,citrus-db-driver,0.1.4,-,-,?,-,false,-
com.consol.citrus,citrus-db-server,0.1.4,-,-,?,-,false,-
com.consol.citrus,citrus-docker,2.7.6,-,-,?,-,false,-
com.consol.citrus,citrus-docs-generator,2.7.6,-,-,?,-,false,-
com.consol.citrus,citrus-ftp,2.7.6,-,-,?,-,false,-
com.consol.citrus,citrus-http,2.7.6,-,-,?,-,false,-
com.consol.citrus,citrus-java-dsl,2.7.6,-,-,?,-,false,-
com.consol.citrus,citrus-jdbc,2.7.6,-,-,?,-,false,-
com.consol.citrus,citrus-jms,2.7.6,-,-,?,-,false,-
com.consol.citrus,citrus-jmx,2.7.6,-,-,?,-,false,-
com.consol.citrus,citrus-kubernetes,2.7.6,-,-,?,-,false,-
com.consol.citrus,citrus-mail,2.7.6,-,-,?,-,false,-
com.consol.citrus,citrus-remote-maven-plugin,2.7.6,-,-,?,-,false,-
com.consol.citrus,citrus-remote-server,2.7.6,-,-,?,-,false,-
com.consol.citrus,citrus-restdocs,2.7.6,-,-,?,-,false,-
com.consol.citrus,citrus-rmi,2.7.6,-,-,?,-,false,-
com.consol.citrus,citrus-selenium,2.7.6,-,-,?,-,false,-
com.consol.citrus,citrus-simulator-starter,1.0.2,-,-,?,-,false,-
com.consol.citrus,citrus-simulator-ui,1.0.2,-,-,?,-,false,-
com.consol.citrus,citrus-ssh,2.7.6,-,-,?,-,false,-
com.consol.citrus,citrus-test-generator,2.7.6,-,-,?,-,false,-
com.consol.citrus,citrus-vertx,2.7.6,-,-,?,-,false,-
com.consol.citrus,citrus-websocket,2.7.6,-,-,?,-,false,-
com.consol.citrus,citrus-ws,2.7.6,-,-,?,-,false,-
com.consol.citrus,citrus-zookeeper,2.7.6,-,-,?,-,false,-
com.consol.citrus.model,citrus-model-camel,2.7.6,-,-,?,-,false,-
com.consol.citrus.model,citrus-model-core,2.7.6,-,-,?,-,false,-
com.consol.citrus.model,citrus-model-cucumber,2.7.6,-,-,?,-,false,-
com.consol.citrus.model,citrus-model-docker,2.7.6,-,-,?,-,false,-
com.consol.citrus.model,citrus-model-ftp,2.7.6,-,-,?,-,false,-
com.consol.citrus.model,citrus-model-http,2.7.6,-,-,?,-,false,-
com.consol.citrus.model,citrus-model-jdbc,2.7.6,-,-,?,-,false,-
com.consol.citrus.model,citrus-model-jms,2.7.6,-,-,?,-,false,-
com.consol.citrus.model,citrus-model-jmx,2.7.6,-,-,?,-,false,-
com.consol.citrus.model,citrus-model-kubernetes,2.7.6,-,-,?,-,false,-
com.consol.citrus.model,citrus-model-mail,2.7.6,-,-,?,-,false,-
com.consol.citrus.model,citrus-model-rmi,2.7.6,-,-,?,-,false,-
com.consol.citrus.model,citrus-model-selenium,2.7.6,-,-,?,-,false,-
com.consol.citrus.model,citrus-model-ssh,2.7.6,-,-,?,-,false,-
com.consol.citrus.model,citrus-model-vertx,2.7.6,-,-,?,-,false,-
com.consol.citrus.model,citrus-model-websocket,2.7.6,-,-,?,-,false,-
com.consol.citrus.model,citrus-model-ws,2.7.6,-,-,?,-,false,-
com.consol.citrus.model,citrus-model-zookeeper,2.7.6,-,-,?,-,false,-
com.consol.citrus.mvn,citrus-maven-plugin,2.7.6,-,-,?,-,false,-
com.consol.citrus.mvn,citrus-quickstart,2.7.3,-,-,?,-,false,-
com.consol.citrus.mvn,citrus-quickstart-jms,2.7.3,-,-,?,-,false,-
com.consol.citrus.mvn,citrus-quickstart-soap,2.7.3,-,-,?,-,false,-
com.google.apis,google-api-services-vision,v1-rev392-1.25.0,-,-,?,-,false,-
com.google.apis,google-api-services-webfonts,v1-rev59-1.25.0,-,-,?,-,false,-
com.google.apis,google-api-services-webmasters,v3-rev33-1.25.0,-,-,?,-,false,-
com.google.apis,google-api-services-websecurityscanner,v1alpha-rev79-1.25.0,-,-,?,-,false,-
com.google.apis,google-api-services-youtubeAnalytics,v2-rev53-1.25.0,-,-,?,-,false,-
com.google.apis,google-api-services-youtubereporting,v1-rev539-1.25.0,-,-,?,-,false,-
com.google.apis,google-api-services-youtube,v3-rev205-1.25.0,-,-,?,-,false,-
com.groupbyinc,api-java-flux,2.5.136,-,-,?,-,false,-
com.hiczp,bilibili-api,0.0.19,-,-,?,-,false,-
com.hiczp,bilibili-live-danmu-api,2.2.0,-,-,?,-,false,-
com.hiczp,select-repository,1.0,-,-,?,-,false,-
com.instana,instana-java-opentracing,0.31.0,-,-,?,-,false,-
com.instana,instana-java-sdk,1.1.0,-,-,?,-,false,-
com.jmethods,catatumbo,2.5.0,-,-,?,-,false,-
com.mob.sdk.push,mobpush-api-java-client,1.0.0,-,-,?,-,false,-
com.mscharhag.oleaster,oleaster-matcher,0.2.0,-,-,?,-,false,-
com.mscharhag.oleaster,oleaster-runner,0.2.0,-,-,?,-,false,-
com.opkloud.kloudprints,default-networking-kp,1.1.0,-,-,?,-,false,-
com.opkloud.kloudprints,elasticsearch-kp,1.1.0,-,-,?,-,false,-
com.opkloud,kloudprints-gradle-plugin,1.1.3,-,-,?,-,false,-
com.opkloud.kloudprints,kibana-kp,1.1.0,-,-,?,-,false,-
com.opkloud.kloudprints,logstash-kp,1.1.0,-,-,?,-,false,-
com.opkloud.kloudprints,tomcat-kp,1.1.0,-,-,?,-,false,-
com.pugwoo,nimbleorm-spring-boot-starter,0.0.2,-,-,?,-,false,-
com.spotify,annoy-java,0.4.2,-,-,?,-,false,-
com.spotify,apollo-extra,1.7.0,-,-,?,-,false,-
com.spotify,apollo-test,1.7.0,-,-,?,-,false,-
com.spotify,dbeam-core_2.11,0.6.1,-,-,?,-,false,-
com.spotify,docker-client,8.11.7,-,-,?,-,false,-
com.spotify,dockerfile-maven-plugin,1.4.4,-,-,?,-,false,-
com.spotify,docker-maven-plugin,1.1.1,-,-,?,-,false,-
com.spotify,featran-core_2.11,0.2.1,-,-,?,-,false,-
com.spotify,featran-numpy_2.11,0.2.1,-,-,?,-,false,-
com.spotify,featran-scalding_2.11,0.2.1,-,-,?,-,false,-
com.spotify,featran-spark_2.11,0.2.1,-,-,?,-,false,-
com.spotify,flo-runner,0.3.2,-,-,?,-,false,-
com.spotify,flo-scala_2.12,0.3.2,-,-,?,-,false,-
com.spotify,flo-task-runner,0.1.10,-,-,?,-,false,sun.misc.Cleaner                         Use java.lang.ref.PhantomReference @since 1.2 or java.lang.ref.Cleaner @since 9 + sun.misc.Unsafe                          See http://openjdk.java.net/jeps/260 + sun.reflect.Reflection                   Use java.lang.StackWalker @since 9
com.spotify,folsom,1.1.0,-,-,?,-,false,-
com.spotify,helios-client,0.9.212,-,-,?,-,false,-
com.spotify,hype_2.12,0.0.18,-,-,?,-,false,-
com.spotify,hype-gcs,0.0.18,-,-,?,-,false,-
com.spotify,hype-run,0.0.18,-,-,?,-,false,sun.misc.Cleaner                         Use java.lang.ref.PhantomReference @since 1.2 or java.lang.ref.Cleaner @since 9 + sun.misc.Unsafe                          See http://openjdk.java.net/jeps/260 + sun.security.x509.X500Name               Use javax.security.auth.x500.X500Principal @since 1.4
com.spotify,mlengine-example,0.5.0,-,-,?,-,false,-
com.spotify,ratatool_2.12,0.2.5,-,-,?,-,false,-
com.spotify,ratatool-sampling_2.12,0.3.5,-,-,?,-,false,-
com.spotify,scio-avro_2.11,0.5.7,-,-,?,-,false,-
com.spotify,scio-bigquery_2.11,0.5.7,-,-,?,-,false,-
com.spotify,scio-cassandra3_2.12,0.5.7,-,-,?,-,false,-
com.spotify,scio-core_2.10,0.2.13,-,-,?,-,false,-
com.spotify,scio-extra_2.11,0.5.7,-,-,?,-,false,-
com.spotify,scio-hdfs_2.10,0.2.13,-,-,?,-,false,-
com.spotify,scio-jdbc_2.12,0.5.7,-,-,?,-,false,-
com.spotify,scio-repl_2.12,0.5.7,-,-,?,-,false,-
com.spotify,scio-tensorflow_2.12,0.5.7,-,-,?,-,false,-
com.spotify,styx-client,2.0.32,-,-,?,-,false,-
com.spotify,styx-schedule-source,1.0.70,-,-,?,-,false,-
com.spotify,zoltar-metrics,0.5.0,-,-,?,-,false,-
com.spotify,zoltar-mlengine,0.5.0,-,-,?,-,false,-
com.thamtech.gwt,gwt-pojobuilder,1.0.1,-,-,?,-,false,-
com.tyro.oss,arbitrater,0.0.6,-,-,?,-,false,-
com.tyro.oss,log-testing,1.0,-,-,?,-,false,-
com.tyro.oss,random-data,0.0.2,-,-,?,-,false,-
net.oschina.j2cache,j2cache-core,2.5.1-release,-,-,?,-,false,-
net.oschina.j2cache,j2cache-hibernate3,2.5.1-release,-,-,?,-,false,-
net.oschina.j2cache,j2cache-hibernate4,2.5.1-release,-,-,?,-,false,-
net.oschina.j2cache,j2cache-mybatis,2.5.1-release,-,-,?,-,false,-
net.oschina.j2cache,j2cache-spring-boot2-starter,2.5.1-release,-,-,?,-,false,-
net.oschina.j2cache,j2cache-spring-boot-starter,2.5.1-release,-,-,?,-,false,-
net.oschina.j2cache,j2cache-springcache,2.5.1-release,-,-,?,-,false,-
org.jmotor,scala-utils_2.12,1.0.3,-,-,?,-,false,-
