groupId,artifactId,version,moduleName,moduleVersion,moduleMode,moduleDependencies,jdepsToolError,jdepsViolations
com.acquired,acquired-java-api-library,1.0.2,-,-,?,-,false,-
com.arangodb,arangodb-java-driver,4.7.0,-,-,?,-,false,-
com.arangodb,arangodb-java-driver-async,4.7.0,-,-,?,-,false,-
com.arangodb,arangodb-spark-connector,1.0.3,-,-,?,-,false,-
com.arangodb,arangodb-spring-data,3.0.0-RC.1,-,-,?,-,false,-
com.arangodb,jackson-dataformat-velocypack,0.1.2,-,-,?,-,false,-
com.arangodb,java-velocypack-module-scala,1.0.0,-,-,?,-,false,-
com.arangodb,velocypack,1.3.0,-,-,?,-,false,-
com.arangodb,velocypack-module-jdk8,1.1.0,-,-,?,-,false,-
com.arangodb,velocypack-module-joda,1.1.1,-,-,?,-,false,-
com.arangodb,velocypack-module-scala,1.0.2,-,-,?,-,false,-
com.brinkus.labs,labs-cloud-starter-neo4j,2.0.0,-,-,?,-,false,-
com.brinkus.labs,labs-cloud-starter-service,2.0.0,-,-,?,-,false,-
com.brinkus.labs,labs-cloud-starter-test,2.0.0,-,-,?,-,false,-
com.brinkus.labs,neo4j-eureka-plugin,1.1.0,-,-,?,-,false,sun.misc.Unsafe                          See http://openjdk.java.net/jeps/260
com.caitaojun.codegenerator,codegenerator,5.2.7,-,-,?,-,false,-
com.caitaojun,ctjrpc,0.0.1,-,-,?,-,false,-
com.caitaojun.ctjwebmvc,ctjwebmvc,0.0.2,-,-,?,-,false,-
com.caitaojun.ctjwebmvc,ctjwebmvc-spring-plugin,0.0.1,-,-,?,-,false,-
com.chibchasoft,vertx-dependent-verticle-deployer,1.0.2,-,-,?,-,false,-
com.chibchasoft,vertx-spring-verticle-factory,1.0.2,-,-,?,-,false,-
com.chibchasoft,vertx-util,1.2.0,-,-,?,-,false,sun.misc.Unsafe                          See http://openjdk.java.net/jeps/260
com.chrisomeara,pillar-core_2.10,3.0.0,-,-,?,-,false,-
com.chrisomeara,pillar-core_2.12,3.0.0,-,-,?,-,false,-
com.configx,configx-client,1.0.1,-,-,?,-,false,-
com.createsend,createsend-java,6.0.0,-,-,?,-,false,-
com.gluonhq,aws-java-sdk-auth-core,2.6.19,-,-,?,-,false,-
com.gluonhq,aws-java-sdk-auth-ui,2.6.19-b2,-,-,?,-,false,-
com.gluonhq,aws-java-sdk-auth-userpools,2.6.19-b2,-,-,?,-,false,-
com.gluonhq,aws-java-sdk-cognitoidentityprovider,2.6.19-b2,-,-,?,-,false,-
com.gluonhq,aws-java-sdk-core,2.6.19,-,-,?,-,false,-
com.gluonhq,aws-java-sdk-kms,2.6.19,-,-,?,-,false,-
com.gluonhq,aws-java-sdk-mobile-client,2.6.19,-,-,?,-,false,-
com.gluonhq,aws-java-sdk-s3,2.6.19,-,-,?,-,false,-
com.gluonhq,charm-down-core,3.8.0,-,-,?,-,false,-
com.gluonhq,charm-down-core-android,3.8.0,-,-,?,-,false,-
com.gluonhq,charm-down-core-ios,3.8.0,-,-,?,-,false,-
com.gluonhq,charm-down-plugin-accelerometer,3.8.0,-,-,?,-,false,-
com.gluonhq,charm-down-plugin-accelerometer-android,3.8.0,-,-,?,-,false,-
com.gluonhq,charm-down-plugin-accelerometer-ios,3.8.0,-,-,?,-,false,-
com.gluonhq,charm-down-plugin-audio-recording,3.8.0,-,-,?,-,false,-
com.gluonhq,charm-down-plugin-audio-recording-android,3.8.0,-,-,?,-,false,-
com.gluonhq,charm-down-plugin-audio-recording-desktop,3.8.0,-,-,?,-,false,-
com.gluonhq,charm-down-plugin-audio-recording-ios,3.8.0,-,-,?,-,false,-
com.gluonhq,charm-down-plugin-barcode-scan,3.8.0,-,-,?,-,false,-
com.gluonhq,charm-down-plugin-barcode-scan-android,3.8.0,-,-,?,-,false,-
com.gluonhq,charm-down-plugin-barcode-scan-ios,3.8.0,-,-,?,-,false,-
com.gluonhq,charm-down-plugin-battery,3.8.0,-,-,?,-,false,-
com.gluonhq,charm-down-plugin-battery-android,3.8.0,-,-,?,-,false,-
com.gluonhq,charm-down-plugin-battery-ios,3.8.0,-,-,?,-,false,-
com.gluonhq,charm-down-plugin-ble,3.8.0,-,-,?,-,false,-
com.gluonhq,charm-down-plugin-ble-android,3.8.0,-,-,?,-,false,-
com.gluonhq,charm-down-plugin-ble-ios,3.8.0,-,-,?,-,false,-
com.gluonhq,charm-down-plugin-browser,3.8.0,-,-,?,-,false,-
com.gluonhq,charm-down-plugin-browser-android,3.8.0,-,-,?,-,false,-
com.gluonhq,charm-down-plugin-browser-ios,3.8.0,-,-,?,-,false,-
com.gluonhq,charm-down-plugin-cache,3.8.0,-,-,?,-,false,-
com.gluonhq,charm-down-plugin-cache-android,3.8.0,-,-,?,-,false,-
com.gluonhq,charm-down-plugin-cache-desktop,3.8.0,-,-,?,-,false,-
com.gluonhq,charm-down-plugin-cache-ios,3.8.0,-,-,?,-,false,-
com.gluonhq,charm-down-plugin-compass,3.8.0,-,-,?,-,false,-
com.gluonhq,charm-down-plugin-compass-android,3.8.0,-,-,?,-,false,-
com.gluonhq,charm-down-plugin-compass-ios,3.8.0,-,-,?,-,false,-
com.gluonhq,charm-down-plugin-connectivity,3.8.0,-,-,?,-,false,-
com.gluonhq,charm-down-plugin-connectivity-android,3.8.0,-,-,?,-,false,-
com.gluonhq,charm-down-plugin-connectivity-ios,3.8.0,-,-,?,-,false,-
com.gluonhq,charm-down-plugin-device,3.8.0,-,-,?,-,false,-
com.gluonhq,charm-down-plugin-device-android,3.8.0,-,-,?,-,false,-
com.gluonhq,charm-down-plugin-device-ios,3.8.0,-,-,?,-,false,-
com.gluonhq,charm-down-plugin-dialer,3.8.0,-,-,?,-,false,-
com.gluonhq,charm-down-plugin-dialer-android,3.8.0,-,-,?,-,false,-
com.gluonhq,charm-down-plugin-dialer-ios,3.8.0,-,-,?,-,false,-
com.gluonhq,charm-down-plugin-display,3.8.0,-,-,?,-,false,-
com.gluonhq,charm-down-plugin-display-android,3.8.0,-,-,?,-,false,-
com.gluonhq,charm-down-plugin-display-desktop,3.8.0,-,-,?,-,false,-
com.gluonhq,charm-down-plugin-display-ios,3.8.0,-,-,?,-,false,-
com.gluonhq,charm-down-plugin-in-app-billing,3.8.0,-,-,?,-,false,-
com.gluonhq,charm-down-plugin-in-app-billing-android,3.8.0,-,-,?,-,false,-
com.gluonhq,charm-down-plugin-in-app-billing-ios,3.8.0,-,-,?,-,false,-
com.gluonhq,charm-down-plugin-lifecycle,3.8.0,-,-,?,-,false,-
com.gluonhq,charm-down-plugin-lifecycle-android,3.8.0,-,-,?,-,false,-
com.gluonhq,charm-down-plugin-lifecycle-desktop,3.8.0,-,-,?,-,false,-
com.gluonhq,charm-down-plugin-lifecycle-ios,3.8.0,-,-,?,-,false,-
com.gluonhq,charm-down-plugin-local-notifications,3.8.0,-,-,?,-,false,-
com.gluonhq,charm-down-plugin-local-notifications-android,3.8.0,-,-,?,-,false,-
com.gluonhq,charm-down-plugin-local-notifications-ios,3.8.0,-,-,?,-,false,-
com.gluonhq,charm-down-plugin-magnetometer,3.8.0,-,-,?,-,false,-
com.gluonhq,charm-down-plugin-magnetometer-android,3.8.0,-,-,?,-,false,-
com.gluonhq,charm-down-plugin-magnetometer-ios,3.8.0,-,-,?,-,false,-
com.gluonhq,charm-down-plugin-orientation,3.8.0,-,-,?,-,false,-
com.gluonhq,charm-down-plugin-orientation-android,3.8.0,-,-,?,-,false,-
com.gluonhq,charm-down-plugin-orientation-ios,3.8.0,-,-,?,-,false,-
com.gluonhq,charm-down-plugin-pictures,3.8.0,-,-,?,-,false,-
com.gluonhq,charm-down-plugin-pictures-android,3.8.0,-,-,?,-,false,-
com.gluonhq,charm-down-plugin-pictures-ios,3.8.0,-,-,?,-,false,-
com.gluonhq,charm-down-plugin-position,3.8.0,-,-,?,-,false,-
com.gluonhq,charm-down-plugin-position-android,3.8.0,-,-,?,-,false,-
com.gluonhq,charm-down-plugin-position-ios,3.8.0,-,-,?,-,false,-
com.gluonhq,charm-down-plugin-push-notifications,3.8.0,-,-,?,-,false,-
com.gluonhq,charm-down-plugin-push-notifications-android,3.8.0,-,-,?,-,false,-
com.gluonhq,charm-down-plugin-push-notifications-ios,3.8.0,-,-,?,-,false,-
com.gluonhq,charm-down-plugin-runtime-args,3.8.0,-,-,?,-,false,-
com.gluonhq,charm-down-plugin-runtime-args-android,3.8.0,-,-,?,-,false,-
com.gluonhq,charm-down-plugin-runtime-args-desktop,3.8.0,-,-,?,-,false,-
com.gluonhq,charm-down-plugin-runtime-args-ios,3.8.0,-,-,?,-,false,-
com.gluonhq,charm-down-plugin-settings,3.8.0,-,-,?,-,false,-
com.gluonhq,charm-down-plugin-settings-android,3.8.0,-,-,?,-,false,-
com.gluonhq,charm-down-plugin-settings-desktop,3.8.0,-,-,?,-,false,-
com.gluonhq,charm-down-plugin-settings-ios,3.8.0,-,-,?,-,false,-
com.gluonhq,charm-down-plugin-share,3.8.0,-,-,?,-,false,-
com.gluonhq,charm-down-plugin-share-android,3.8.0,-,-,?,-,false,-
com.gluonhq,charm-down-plugin-share-ios,3.8.0,-,-,?,-,false,-
com.gluonhq,charm-down-plugin-statusbar,3.8.0,-,-,?,-,false,-
com.gluonhq,charm-down-plugin-statusbar-android,3.8.0,-,-,?,-,false,-
com.gluonhq,charm-down-plugin-statusbar-ios,3.8.0,-,-,?,-,false,-
com.gluonhq,charm-down-plugin-storage,3.8.0,-,-,?,-,false,-
com.gluonhq,charm-down-plugin-storage-android,3.8.0,-,-,?,-,false,-
com.gluonhq,charm-down-plugin-storage-desktop,3.8.0,-,-,?,-,false,-
com.gluonhq,charm-down-plugin-storage-ios,3.8.0,-,-,?,-,false,-
com.gluonhq,charm-down-plugin-vibration,3.8.0,-,-,?,-,false,-
com.gluonhq,charm-down-plugin-vibration-android,3.8.0,-,-,?,-,false,-
com.gluonhq,charm-down-plugin-vibration-ios,3.8.0,-,-,?,-,false,-
com.gluonhq,charm-down-plugin-video,3.8.0,-,-,?,-,false,-
com.gluonhq,charm-down-plugin-video-android,3.8.0,-,-,?,-,false,-
com.gluonhq,charm-down-plugin-video-ios,3.8.0,-,-,?,-,false,-
com.gluonhq,cloudlink-enterprise-client-base,1.0.0,-,-,?,-,false,-
com.gluonhq,cloudlink-enterprise-client-javaee,1.0.0,-,-,?,-,false,-
com.gluonhq,cloudlink-enterprise-client-spring,1.0.0,-,-,?,-,false,-
com.gluonhq,cloudlink-enterprise-sdk-javabase,1.1.0,-,-,?,-,false,-
com.gluonhq,cloudlink-enterprise-sdk-javaee,1.2.2,-,-,?,-,false,-
com.gluonhq,cloudlink-enterprise-sdk-spring,1.2.1,-,-,?,-,false,-
com.gluonhq,connect,1.5.0,-,-,?,-,false,-
com.gluonhq,gradle-sass,1.3,-,-,?,-,false,-
com.gluonhq,ignite-common,1.0.2,-,-,?,-,false,-
com.gluonhq,ignite-dagger,1.0.2,-,-,?,-,false,-
com.gluonhq,ignite-guice,1.0.2,-,-,?,-,false,-
com.gluonhq,ignite-spring,1.0.2,-,-,?,-,false,-
com.gluonhq,maps,1.0.2,-,-,?,-,false,-
com.gluonhq,robovm-cacerts-full,2.3.5-ios11,-,-,?,-,false,-
com.gluonhq,robovm-cocoatouch,2.3.5-ios11,-,-,?,-,false,-
com.gluonhq,robovm-compiler,2.3.5-ios11,-,-,?,-,false,-
com.gluonhq,robovm-dist-compiler,2.3.5-ios11,-,-,?,-,false,-
com.gluonhq,robovm-libimobiledevice,2.3.5-ios11,-,-,?,-,false,-
com.gluonhq,robovm-llvm,2.3.5-ios11,-,-,?,-,false,-
com.gluonhq,robovm-objc,2.3.5-ios11,-,-,?,-,false,-
com.gluonhq,robovm-rt,2.3.5-ios11,-,-,?,-,false,-
com.gluonhq,strange,0.0.2,-,-,?,-,false,-
com.google.apis,google-api-services-vision,v1-rev392-1.25.0,-,-,?,-,false,-
com.google.apis,google-api-services-webfonts,v1-rev59-1.25.0,-,-,?,-,false,-
com.google.apis,google-api-services-webmasters,v3-rev33-1.25.0,-,-,?,-,false,-
com.google.apis,google-api-services-websecurityscanner,v1alpha-rev79-1.25.0,-,-,?,-,false,-
com.google.apis,google-api-services-youtubeAnalytics,v2-rev53-1.25.0,-,-,?,-,false,-
com.google.apis,google-api-services-youtubereporting,v1-rev539-1.25.0,-,-,?,-,false,-
com.google.apis,google-api-services-youtube,v3-rev205-1.25.0,-,-,?,-,false,-
com.groupbyinc,api-java-flux,2.5.136,-,-,?,-,false,-
com.herogi.client,herogi-client_2.11,1.0.0,-,-,?,-,false,-
com.inin.analytics,elasticsearch-lambda,1.2.1,-,-,?,-,false,-
com.inin.analytics,elasticsearch-phone,1.0.2,-,-,?,-,false,-
com.jamesward,travis-central-test,0.0.15,-,-,?,-,false,-
com.jerehao,devia-spring-boot-autoconfigure,1.0.0,-,-,?,-,false,-
com.jimetevenard.xml,generate-xsl,0.5.0,-,-,?,-,false,-
com.jimetevenard.xml,intrinsic-jaxp-validator,1.0.0,-,-,?,-,false,-
com.jimetevenard.xml,Jing-JAXP-Wrapper,1.0.0,-,-,?,-,false,-
com.jimetevenard.xml,maven-xsl-generator,1.1.0,-,-,?,-,false,-
com.jimetevenard.xml,relaxng-schema-simplifier,2.0.0,-,-,?,-,false,-
com.k4hub,swagger2-spring-boot-starter,1.0-RELEASE,-,-,?,-,false,-
com.krrrr38,dropwizard-fluency-reporter,0.0.1,-,-,?,-,false,-
com.krrrr38,logback-line-notify-appender,1.0.0,-,-,?,-,false,-
com.neovisionaries,nv-i18n,1.23,-,-,?,-,false,-
com.neovisionaries,nv-jdo,1.18,-,-,?,-,false,-
com.neovisionaries,nv-websocket-client,2.5,-,-,?,-,false,-
com.ohadr,authentication-flows,2.1-RELEASE,-,-,?,-,false,-
com.ohadr,common-crypto,2.1-RELEASE,-,-,?,-,false,-
com.ohadr.oauth2,auth-common,2.1-RELEASE,-,-,?,-,false,-
com.ohadr,ohadr.commons,0.3,-,-,?,-,false,-
com.ohadr,spring-batch-dynamic-composite,1.0,-,-,?,-,false,-
com.persado.oss.quality.stevia,stevia-core,0.9.12,-,-,?,-,false,-
com.pugwoo,nimbleorm-spring-boot-starter,0.0.2,-,-,?,-,false,-
com.puresoltechnologies.graphs,graph,1.0.1,-,-,?,-,false,-
com.puresoltechnologies.graphs,statemodel,1.0.1,-,-,?,-,false,-
com.puresoltechnologies.graphs,trees,1.0.1,-,-,?,-,false,-
com.puresoltechnologies.streaming,binary,1.1.0,-,-,?,-,false,-
com.puresoltechnologies.streaming,binary.mapper,1.1.0,-,-,?,-,false,-
com.puresoltechnologies.streaming,common.mapper,1.1.0,-,-,?,-,false,-
com.puresoltechnologies.streaming,csv,1.1.0,-,-,?,-,false,-
com.puresoltechnologies.streaming,csv.mapper,1.1.0,-,-,?,-,false,-
com.puresoltechnologies.streaming,iterators,1.1.0,-,-,?,-,false,-
com.puresoltechnologies.streaming,streaming,0.1.0,-,-,?,-,false,-
com.puresoltechnologies.streaming,streaming.bundle,0.1.0,-,-,?,-,false,-
com.puresoltechnologies.streaming,streams,1.1.0,-,-,?,-,false,-
com.puresoltechnologies.streaming,test,1.1.0,-,-,?,-,false,-
com.questetra,bpms.client.swagger,11.7.0,-,-,?,-,false,-
com.rainerhahnekamp,sneakythrow,1.1.0,-,-,?,-,false,-
com.regblanc,native-opengl_native0.3_2.11,0.1,-,-,?,-,false,-
com.regblanc,native-sdl2-image_native0.3_2.11,0.1,-,-,?,-,false,-
com.regblanc,native-sdl2_native0.3_2.11,0.1,-,-,?,-,false,-
com.regblanc,native-sdl2-ttf_native0.3_2.11,0.1,-,-,?,-,false,-
com.regblanc,scala-smtlib_2.10,0.2.2-7-g00a9686,-,-,?,-,false,-
com.regblanc,scala-smtlib_2.11,0.2.2-12-g91e7214,-,-,?,-,false,-
com.regblanc,scala-smtlib_2.12,0.2.2-7-g00a9686,-,-,?,-,false,-
com.rollbar,rollbar,0.5.4,-,-,?,-,false,-
com.rollbar,rollbar-api,1.3.1,-,-,?,-,false,-
com.rollbar,rollbar-java,1.3.1,-,-,?,-,false,-
com.rollbar,rollbar-log4j2,1.3.1,-,-,?,-,false,-
com.rollbar,rollbar-logback,1.3.1,-,-,?,-,false,-
com.rollbar,rollbar-payload,0.5.4,-,-,?,-,false,-
com.rollbar,rollbar-sender,0.5.4,-,-,?,-,false,-
com.rollbar,rollbar-testing,0.5.4,-,-,?,-,false,-
com.rollbar,rollbar-utilities,0.5.4,-,-,?,-,false,-
com.rollbar,rollbar-web,1.3.1,-,-,?,-,false,-
com.rusticisoftware.hostedengine.client,scormcloud-java-lib,1.1.3,-,-,?,-,false,-
com.scalachan,meta-logger_2.12,0.1,-,-,?,-,false,-
com.scalachan,rxsocket_2.10,0.11.0,-,-,?,-,false,-
com.scalachan,rxsocket_2.11,0.13.1,-,-,?,-,false,-
com.scalachan,rxsocket_2.12,0.13.1,-,-,?,-,false,-
com.scalachan,scall_2.10,0.7.3,-,-,?,-,false,-
com.scalachan,scall_2.11,0.7.3,-,-,?,-,false,-
com.scalachan,scall_2.12,0.7.3,-,-,?,-,false,-
com.sos-berlin,jobscheduler.engine,1.12.5,-,-,?,-,false,-
com.sos-berlin.jobscheduler.engine,engine-job-api,1.12.5,-,-,?,-,false,-
com.spirit21,javadoc2swagger-maven-plugin,1.3,-,-,?,-,false,-
com.thetransactioncompany,cors-filter,2.6,-,-,?,-,false,-
com.thetransactioncompany,java-property-utils,1.13,-,-,?,-,false,-
com.thetransactioncompany,jsonrpc2-base,1.38.1,-,-,?,-,false,-
com.tradeshift,blayze,2.0.0,-,-,?,-,false,-
com.tradeshift,oasis-docbook-xsd,5.0.0,-,-,?,-,false,-
com.tradeshift,tradeshift-ubl-examples,2.1.1,-,-,?,-,false,-
com.tradeshift,tradeshift-ubl-jsonschema,2.1.0-cnd02,-,-,?,-,false,-
com.tradeshift,tradeshift-ubl-xsd,2.2.0,-,-,?,-,false,-
com.tryflux,merchant-sender,2018.08.24,-,-,?,-,false,-
com.uber.artist,artist,0.2.1,-,-,?,-,false,-
com.uber.artist,artist-api,0.2.1,-,-,?,-,false,-
com.uber.artist,artist-core,0.2.1,-,-,?,-,false,-
com.uber.artist,artist-traits,0.2.1,-,-,?,-,false,-
com.uber.artist,artist-traits-rx,0.2.1,-,-,?,-,false,-
com.uber.cadence,cadence-client,2.0.0,-,-,?,-,false,-
com.uber,h3,3.0.4,-,-,?,-,false,-
com.uber.motif,motif,0.0.7,-,-,?,-,false,-
com.uber.motif,motif-compiler,0.0.7,-,-,?,-,false,-
com.uber.motif,motif-ir,0.0.7,-,-,?,-,false,-
com.uber.nullaway,android-jarinfer-models-sdk28,0.5.4,-,-,?,-,false,-
com.uber.nullaway,jar-infer-cli,0.5.4,-,-,?,-,false,sun.misc.Unsafe                          See http://openjdk.java.net/jeps/260
com.uber.nullaway,jar-infer-lib,0.5.4,-,-,?,-,false,-
com.uber.nullaway,nullaway,0.5.4,-,-,?,-,false,com.sun.tools.javac.api.JavacScope       Use javax.tools and javax.lang.model @since 1.6 + com.sun.tools.javac.code.Attribute       Use javax.tools and javax.lang.model @since 1.6 + com.sun.tools.javac.code.Attribute$Array Use javax.tools and javax.lang.model @since 1.6 + com.sun.tools.javac.code.Attribute$Class Use javax.tools and javax.lang.model @since 1.6 + com.sun.tools.javac.code.Attribute$Compound Use javax.tools and javax.lang.model @since 1.6 + com.sun.tools.javac.code.Attribute$Constant Use javax.tools and javax.lang.model @since 1.6 + com.sun.tools.javac.code.Attribute$Enum  Use javax.tools and javax.lang.model @since 1.6 + com.sun.tools.javac.code.Attribute$TypeCompound Use javax.tools and javax.lang.model @since 1.6 + com.sun.tools.javac.code.Scope           Use javax.tools and javax.lang.model @since 1.6 + com.sun.tools.javac.code.Scope$WriteableScope Use javax.tools and javax.lang.model @since 1.6 + com.sun.tools.javac.code.Symbol          Use javax.tools and javax.lang.model @since 1.6 + com.sun.tools.javac.code.Symbol$ClassSymbol Use javax.tools and javax.lang.model @since 1.6 + com.sun.tools.javac.code.Symbol$CompletionFailure Use javax.tools and javax.lang.model @since 1.6 + com.sun.tools.javac.code.Symbol$MethodSymbol Use javax.tools and javax.lang.model @since 1.6 + com.sun.tools.javac.code.Symbol$PackageSymbol Use javax.tools and javax.lang.model @since 1.6 + com.sun.tools.javac.code.Symbol$TypeSymbol Use javax.tools and javax.lang.model @since 1.6 + com.sun.tools.javac.code.Symbol$VarSymbol Use javax.tools and javax.lang.model @since 1.6 + com.sun.tools.javac.code.Symtab          Use javax.tools and javax.lang.model @since 1.6 + com.sun.tools.javac.code.TargetType      Use javax.tools and javax.lang.model @since 1.6 + com.sun.tools.javac.code.Type            Use javax.tools and javax.lang.model @since 1.6 + com.sun.tools.javac.code.Type$ArrayType  Use javax.tools and javax.lang.model @since 1.6 + com.sun.tools.javac.code.Type$CapturedType Use javax.tools and javax.lang.model @since 1.6 + com.sun.tools.javac.code.Type$ClassType  Use javax.tools and javax.lang.model @since 1.6 + com.sun.tools.javac.code.Type$MethodType Use javax.tools and javax.lang.model @since 1.6 + com.sun.tools.javac.code.Type$TypeVar    Use javax.tools and javax.lang.model @since 1.6 + com.sun.tools.javac.code.Type$WildcardType Use javax.tools and javax.lang.model @since 1.6 + com.sun.tools.javac.code.TypeAnnotationPosition Use javax.tools and javax.lang.model @since 1.6 + com.sun.tools.javac.code.TypeTag         Use javax.tools and javax.lang.model @since 1.6 + com.sun.tools.javac.code.Types           Use javax.tools and javax.lang.model @since 1.6 + com.sun.tools.javac.comp.AttrContext     Use javax.tools and javax.lang.model @since 1.6 + com.sun.tools.javac.comp.CompileStates   Use javax.tools and javax.lang.model @since 1.6 + com.sun.tools.javac.comp.CompileStates$CompileState Use javax.tools and javax.lang.model @since 1.6 + com.sun.tools.javac.comp.DeferredAttr    Use javax.tools and javax.lang.model @since 1.6 + com.sun.tools.javac.comp.DeferredAttr$AttrMode Use javax.tools and javax.lang.model @since 1.6 + com.sun.tools.javac.comp.Env             Use javax.tools and javax.lang.model @since 1.6 + com.sun.tools.javac.comp.Resolve         Use javax.tools and javax.lang.model @since 1.6 + com.sun.tools.javac.file.JavacFileManager Use javax.tools and javax.lang.model @since 1.6 + com.sun.tools.javac.main.JavaCompiler    Use javax.tools and javax.lang.model @since 1.6 + com.sun.tools.javac.model.JavacTypes     Use javax.tools and javax.lang.model @since 1.6 + com.sun.tools.javac.processing.JavacProcessingEnvironment Use javax.tools and javax.lang.model @since 1.6 + com.sun.tools.javac.tree.JCTree          Use com.sun.source @since 1.6 + com.sun.tools.javac.tree.JCTree$JCAnnotatedType Use com.sun.source @since 1.6 + com.sun.tools.javac.tree.JCTree$JCAnnotation Use com.sun.source @since 1.6 + com.sun.tools.javac.tree.JCTree$JCArrayAccess Use com.sun.source @since 1.6 + com.sun.tools.javac.tree.JCTree$JCAssign Use com.sun.source @since 1.6 + com.sun.tools.javac.tree.JCTree$JCBinary Use com.sun.source @since 1.6 + com.sun.tools.javac.tree.JCTree$JCBlock  Use com.sun.source @since 1.6 + com.sun.tools.javac.tree.JCTree$JCExpression Use com.sun.source @since 1.6 + com.sun.tools.javac.tree.JCTree$JCExpressionStatement Use com.sun.source @since 1.6 + com.sun.tools.javac.tree.JCTree$JCFieldAccess Use com.sun.source @since 1.6 + com.sun.tools.javac.tree.JCTree$JCFunctionalExpression Use com.sun.source @since 1.6 + com.sun.tools.javac.tree.JCTree$JCIdent  Use com.sun.source @since 1.6 + com.sun.tools.javac.tree.JCTree$JCLambda Use com.sun.source @since 1.6 + com.sun.tools.javac.tree.JCTree$JCLambda$ParameterKind Use com.sun.source @since 1.6 + com.sun.tools.javac.tree.JCTree$JCLiteral Use com.sun.source @since 1.6 + com.sun.tools.javac.tree.JCTree$JCMemberReference Use com.sun.source @since 1.6 + com.sun.tools.javac.tree.JCTree$JCMemberReference$ReferenceKind Use com.sun.source @since 1.6 + com.sun.tools.javac.tree.JCTree$JCMethodDecl Use com.sun.source @since 1.6 + com.sun.tools.javac.tree.JCTree$JCMethodInvocation Use com.sun.source @since 1.6 + com.sun.tools.javac.tree.JCTree$JCModifiers Use com.sun.source @since 1.6 + com.sun.tools.javac.tree.JCTree$JCNewArray Use com.sun.source @since 1.6 + com.sun.tools.javac.tree.JCTree$JCNewClass Use com.sun.source @since 1.6 + com.sun.tools.javac.tree.JCTree$JCStatement Use com.sun.source @since 1.6 + com.sun.tools.javac.tree.JCTree$JCTypeCast Use com.sun.source @since 1.6 + com.sun.tools.javac.tree.JCTree$JCTypeParameter Use com.sun.source @since 1.6 + com.sun.tools.javac.tree.JCTree$JCVariableDecl Use com.sun.source @since 1.6 + com.sun.tools.javac.tree.JCTree$Tag      Use com.sun.source @since 1.6 + com.sun.tools.javac.tree.TreeInfo        Use com.sun.source @since 1.6 + com.sun.tools.javac.tree.TreeMaker       Use com.sun.source @since 1.6 + com.sun.tools.javac.util.Context         Use javax.tools and javax.lang.model @since 1.6 + com.sun.tools.javac.util.Context$Key     Use javax.tools and javax.lang.model @since 1.6 + com.sun.tools.javac.util.JCDiagnostic    Use javax.tools and javax.lang.model @since 1.6 + com.sun.tools.javac.util.JCDiagnostic$DiagnosticPosition Use javax.tools and javax.lang.model @since 1.6 + com.sun.tools.javac.util.List            Use javax.tools and javax.lang.model @since 1.6 + com.sun.tools.javac.util.ListBuffer      Use javax.tools and javax.lang.model @since 1.6 + com.sun.tools.javac.util.Log             Use javax.tools and javax.lang.model @since 1.6 + com.sun.tools.javac.util.Log$DiagnosticHandler Use javax.tools and javax.lang.model @since 1.6 + com.sun.tools.javac.util.Log$DiscardDiagnosticHandler Use javax.tools and javax.lang.model @since 1.6 + com.sun.tools.javac.util.Name            Use javax.tools and javax.lang.model @since 1.6 + com.sun.tools.javac.util.Names           Use javax.tools and javax.lang.model @since 1.6 + com.sun.tools.javac.util.Options         Use javax.tools and javax.lang.model @since 1.6 + com.sun.tools.javac.util.Pair            Use javax.tools and javax.lang.model @since 1.6
com.uber,rave-test,2.1.0,-,-,?,-,false,-
com.uber.rib,rib-base,0.9.1,-,-,?,-,false,-
com.uber.rib,rib-compiler-app,0.9.1,-,-,?,-,false,-
com.uber.rib,rib-compiler-test,0.9.1,-,-,?,-,false,-
com.uber.rib,rib-debut-utils,0.9.1,-,-,?,-,false,-
com.uber.rib,rib-router-navigator,0.9.1,-,-,?,-,false,-
com.uber.rib,rib-uava,0.9.1,-,-,?,-,false,-
com.uber.tchannel,tchannel-benchmark,0.8.5,-,-,?,-,false,-
com.uber.tchannel,tchannel-core,0.8.5,-,-,?,-,false,-
com.uber.tchannel,tchannel-crossdock,0.8.5,-,-,?,-,false,-
com.uber.tchannel,tchannel-example,0.8.5,-,-,?,-,false,-
com.uber.tchannel,tchannel-hyperbahn,0.8.5,-,-,?,-,false,-
com.unstablebuild,idid_2.11,0.2.0,-,-,?,-,false,-
com.unstablebuild,idid_2.12,0.2.0,-,-,?,-,false,-
com.unstablebuild,idid-macros_2.11,0.2.0,-,-,?,-,false,-
com.unstablebuild,idid-macros_2.12,0.2.0,-,-,?,-,false,-
com.unstablebuild,settler_2.11,1.0.0,-,-,?,-,false,-
com.unstablebuild,settler_2.12,1.0.0,-,-,?,-,false,-
com.unstablebuild,settler-macros_2.11,1.0.0,-,-,?,-,false,-
com.unstablebuild,settler-macros_2.12,1.0.0,-,-,?,-,false,-
com.unstablebuild,slime_2.12,0.2.1,-,-,?,-,false,-
com.unstablebuild,slime-macros_2.12,0.2.1,-,-,?,-,false,-
com.zhoujin7,ueditor-core,1.0.0,-,-,?,-,false,-
net.oschina.j2cache,j2cache-core,2.5.1-release,-,-,?,-,false,-
net.oschina.j2cache,j2cache-hibernate3,2.5.1-release,-,-,?,-,false,-
net.oschina.j2cache,j2cache-hibernate4,2.5.1-release,-,-,?,-,false,-
net.oschina.j2cache,j2cache-mybatis,2.5.1-release,-,-,?,-,false,-
net.oschina.j2cache,j2cache-spring-boot2-starter,2.5.1-release,-,-,?,-,false,-
net.oschina.j2cache,j2cache-spring-boot-starter,2.5.1-release,-,-,?,-,false,-
net.oschina.j2cache,j2cache-springcache,2.5.1-release,-,-,?,-,false,-
org.jmotor,scala-utils_2.12,1.0.3,-,-,?,-,false,-
