groupId,artifactId,version,moduleName,moduleVersion,moduleMode,moduleDependencies,jdepsToolError,jdepsViolations
ch.rabanti,nanoxlsx4j,1.2.4,-,-,?,-,false,-
ch.rabanti,picoxlsx4j,2.5.2,-,-,?,-,false,-
com.4dconcept.springframework.data,spring-data-marklogic,1.2.1.RELEASE,-,-,?,-,false,-
com.9ls,skimit-java-sdk,2.0.1,-,-,?,-,false,-
com.addhen.android,raiburari-annotation,3.0.3,-,-,?,-,false,-
com.addhen.android,raiburari-processor,3.0.3,-,-,?,-,false,-
com.adeptj,adeptj-maven-plugin,1.0.3.Final,-,-,?,-,false,-
com.adeptj,adeptj-modules-aws-core,1.0.1.Final,-,-,?,-,false,-
com.adeptj,adeptj-modules-aws-s3,1.0.1.Final,-,-,?,-,false,-
com.adeptj,adeptj-modules-aws-ses,1.0.1.Final,-,-,?,-,false,-
com.adeptj,adeptj-modules-aws-sns,1.0.1.Final,-,-,?,-,false,-
com.adeptj,adeptj-modules-commons-datasource,1.1.0.Final,-,-,?,-,false,-
com.adeptj,adeptj-modules-commons-utils,1.0.2.Final,-,-,?,-,false,-
com.adeptj,adeptj-modules-commons-validator,1.0.1.Final,-,-,?,-,false,-
com.adeptj,adeptj-modules-commons-webconsole-branding,1.0.1.Final,-,-,?,-,false,-
com.adeptj,adeptj-modules-commons-webconsole-security,1.0.2.Final,-,-,?,-,false,-
com.adeptj,adeptj-modules-data-jpa,1.0.5.Final,-,-,?,-,false,-
com.adeptj,adeptj-modules-jaxrs-base,1.0.1.Final,-,-,?,-,false,-
com.adeptj,adeptj-modules-jaxrs-core,1.1.0.Final,-,-,?,-,false,-
com.adeptj,adeptj-modules-jaxrs-resteasy,1.1.0.Final,-,-,?,-,false,-
com.adeptj,adeptj-modules-webconsole-branding,1.0.0.Final,-,-,?,-,false,-
com.adeptj,adeptj-modules-webconsole-security,1.0.2.Final,-,-,?,-,false,-
com.adeptj,adeptj-modules-websecurity-jwt,1.0.9.Final,-,-,?,-,false,-
com.adeptj,adeptj-runtime-tools,1.0.5.Final,-,-,?,-,false,-
com.aerisweather,aeris-core-lib,2.4.1,-,-,?,-,false,-
com.aerisweather,aeris-maps-lib,2.4.1,-,-,?,-,false,-
com.aerospike,aerospike-client,4.1.10,-,-,?,-,false,-
com.airlenet,play-aliyun-dysms,2.0.0,-,-,?,-,false,-
com.airlenet,play-bom,2.0.0,-,-,?,-,false,-
com.airlenet,play-config,2.0.0,-,-,?,-,false,-
com.airlenet,play-core,2.0.0,-,-,?,-,false,-
com.airlenet,play-elfinder,2.0.0,-,-,?,-,false,-
com.airlenet,play-file-storage,1.0.0.RELEASE,-,-,?,-,false,-
com.airlenet,play-integration-dubbo,2.0.0,-,-,?,-,false,-
com.airlenet,play-integration-eureka,2.0.0,-,-,?,-,false,-
com.airlenet,play-integration-jersey,2.0.0,-,-,?,-,false,-
com.airlenet,play-plugin-core,2.0.0,-,-,?,-,false,-
com.airlenet,play-plugin-storage,2.0.0,-,-,?,-,false,-
com.airlenet,play-quartz,2.0.0,-,-,?,-,false,-
com.airlenet,play-repo,2.0.0,-,-,?,-,false,-
com.airlenet,play-repo-datasource,2.0.0,-,-,?,-,false,-
com.airlenet,play-repo-jpa,2.0.0,-,-,?,-,false,-
com.airlenet,play-repo-mongo,2.0.0,-,-,?,-,false,-
com.airlenet,play-template-freemarker,1.0.0.RELEASE,-,-,?,-,false,-
com.airlenet,play-template-groovy,1.0.0.RELEASE,-,-,?,-,false,-
com.airlenet,play-theme-adminlte,2.0.0,-,-,?,-,false,-
com.airlenet,play-theme-uikit,2.0.0,-,-,?,-,false,-
com.airlenet,play-theme-uikit-custom,2.0.0,-,-,?,-,false,-
com.airlenet,play-util,1.0.0.RELEASE,-,-,?,-,false,-
com.airlenet,play-web,2.0.0,-,-,?,-,false,-
com.airlenet,play-web-extjs,1.0.0.RELEASE,-,-,?,-,false,-
com.airlenet,play-web-requirejs,1.0.0.RELEASE,-,-,?,-,false,-
com.airlenet,play-websocket,1.0.0.RELEASE,-,-,?,-,false,-
com.airlenet,play-xml,2.0.0,-,-,?,-,false,-
com.alexandriasoftware.swing,jsplitbutton,1.3.1,-,-,?,-,false,-
com.autonomouslogic.microsql,microsql,0.0.3,-,-,?,-,false,-
com.aventstack,extentreports,3.1.5,-,-,?,-,false,-
com.bigsonata.swarm,locust-swarm,1.0.0,-,-,?,-,false,-
com.bitplan.multimodule,multimodule1,0.0.2,-,-,?,-,false,-
com.bitplan.multimodule,multimodule2,0.0.2,-,-,?,-,false,-
com.blueconic,browscap-java,1.2.4,-,-,?,-,false,-
com.bronto.api,bronto-api-app,1.0.11,-,-,?,-,false,-
com.bronto.api,bronto-api-client,1.0.11,-,-,?,-,false,-
com.bronto.api,bronto-api-sdk,1.0.11,-,-,?,-,false,-
com.canelmas.let,let-annotations,1.0.0-beta2,-,-,?,-,false,-
com.canelmas.let,let-plugin,1.0.0-beta2,-,-,?,-,false,-
com.clouway.fserve,fserve,0.1.4,-,-,?,-,false,-
com.clouway.fserve,testing,0.1.4,-,-,?,-,false,-
com.clouway.kcqrs.adapters,kcqrs-appengine,0.0.1,-,-,?,-,false,-
com.clouway.kcqrs,kcqrs,0.0.1,-,-,?,-,false,-
com.clouway.kcqrs,kcqrs-core,0.0.1,-,-,?,-,false,-
com.clouway.kcqrs,kcqrs-testing,0.0.1,-,-,?,-,false,-
com.clouway.oauth2,jwt-java-client,0.0.1,-,-,?,-,false,-
com.clouway.oauth2,jwt-java-client-okhttp,0.0.1,-,-,?,-,false,-
com.clouway.pcache,clouway-pcache-client,0.0.4,-,-,?,-,false,-
com.clouway.pcache,clouway-pcache-client-core,0.0.4,-,-,?,-,false,-
com.clouway.pcache,clouway-pcache-client-gae,0.0.4,-,-,?,-,false,-
com.clouway.pcache,clouway-pcache-client-testing,0.0.4,-,-,?,-,false,-
com.clouway.security,core,0.0.2,-,-,?,-,false,-
com.clouway.security,jwt-java-client,0.0.2,-,-,?,-,false,-
com.clouway.security,jwt-java-client-google,0.0.2,-,-,?,-,false,-
com.clouway.security,jwt-java-client-okhttp,0.0.2,-,-,?,-,false,-
com.clouway.security,jwt-java-client-testing,0.0.2,-,-,?,-,false,-
com.clouway.security,oauth2-example-app,1.0.5,-,-,?,-,false,-
com.clouway.security,oauth2-java-client,0.0.2,-,-,?,-,false,-
com.clouway.security,oauth2-java-client-console,0.0.2,-,-,?,-,false,-
com.clouway.security,oauth2-server,1.0.5,-,-,?,-,false,-
com.clouway.security,oauth2-server-testing,1.0.5,-,-,?,-,false,-
com.codecommit,shims_2.11,1.4-c449598,-,-,?,-,false,-
com.codecommit,shims_2.12,1.4-c449598,-,-,?,-,false,-
com.codecommit,shims-cats_2.11,0.4-4d068ed,-,-,?,-,false,-
com.codecommit,shims-cats_2.12,0.4-4d068ed,-,-,?,-,false,-
com.codecommit,shims-cats_sjs0.6_2.11,0.4-4d068ed,-,-,?,-,false,-
com.codecommit,shims-cats_sjs0.6_2.12,0.4-4d068ed,-,-,?,-,false,-
com.codecommit,shims-core_2.11,1.0-b0e5152,-,-,?,-,false,-
com.codecommit,shims-core_2.12,1.0-b0e5152,-,-,?,-,false,-
com.codecommit,shims-core_sjs0.6_2.11,0.4-4d068ed,-,-,?,-,false,-
com.codecommit,shims-core_sjs0.6_2.12,0.4-4d068ed,-,-,?,-,false,-
com.codecommit,shims-effect_2.11,1.4-c449598,-,-,?,-,false,-
com.codecommit,shims-effect_2.12,1.4-c449598,-,-,?,-,false,-
com.codecommit,shims-scalaz-71_2.11,0.4-4c788de,-,-,?,-,false,-
com.codecommit,shims-scalaz-71_2.12,0.4.2,-,-,?,-,false,-
com.codecommit,shims-scalaz-72_2.11,0.4-4d068ed,-,-,?,-,false,-
com.codecommit,shims-scalaz-72_2.12,0.4-4d068ed,-,-,?,-,false,-
com.codecommit,shims-scalaz-72_sjs0.6_2.11,0.4-4d068ed,-,-,?,-,false,-
com.codecommit,shims-scalaz-72_sjs0.6_2.12,0.4-4d068ed,-,-,?,-,false,-
com.codecommit,shims_sjs0.6_2.11,1.4-c449598,-,-,?,-,false,-
com.codecommit,shims_sjs0.6_2.12,1.4-c449598,-,-,?,-,false,-
com.coronaide.lockdown,lockdown-cli,1.0.0,-,-,?,-,false,-
com.coronaide.lockdown,lockdown-core,1.0.0,-,-,?,-,false,-
com.coronaide.lockdown,lockdown-gradle-plugin,1.0.0,-,-,?,-,false,-
com.digitalpebble.stormcrawler,storm-crawler-archetype,1.10,-,-,?,-,false,-
com.digitalpebble.stormcrawler,storm-crawler-aws,1.10,-,-,?,-,false,-
com.digitalpebble.stormcrawler,storm-crawler-core,1.10,-,-,?,-,false,-
com.digitalpebble.stormcrawler,storm-crawler-elasticsearch,1.10,-,-,?,-,false,-
com.digitalpebble.stormcrawler,storm-crawler-langid,1.10,-,-,?,-,false,-
com.digitalpebble.stormcrawler,storm-crawler-solr,1.10,-,-,?,-,false,-
com.digitalpebble.stormcrawler,storm-crawler-sql,1.10,-,-,?,-,false,-
com.digitalpebble.stormcrawler,storm-crawler-tika,1.10,-,-,?,-,false,-
com.digitalpebble.stormcrawler,storm-crawler-warc,1.10,-,-,?,-,false,-
com.dyngr,polling,1.1.2,-,-,?,-,false,-
com.edgewonk,fxcomponents,1.6,-,-,?,-,false,-
com.emarsys,escher,0.3.1,-,-,?,-,false,-
com.emretufekci,endecoR,0.1,-,-,?,-,false,-
com.feedzai,cosy-test_2.11,0.1.2,-,-,?,-,false,-
com.feedzai,cosy-test_2.12,0.1.2,-,-,?,-,false,-
com.feedzai,openml-api,0.2.2,-,-,?,-,false,-
com.feedzai,openml-caret,0.2.1,-,-,?,-,false,sun.misc.Unsafe                          See http://openjdk.java.net/jeps/260 + sun.reflect.Reflection                   Use java.lang.StackWalker @since 9
com.feedzai,openml-example,0.2.2,-,-,?,-,false,sun.misc.Unsafe                          See http://openjdk.java.net/jeps/260 + sun.reflect.Reflection                   Use java.lang.StackWalker @since 9
com.feedzai,openml-generic-python,0.1.3,-,-,?,-,false,sun.misc.Unsafe                          See http://openjdk.java.net/jeps/260 + sun.reflect.Reflection                   Use java.lang.StackWalker @since 9
com.feedzai,openml-generic-r,0.2.1,-,-,?,-,false,-
com.feedzai,openml-python-common,0.1.3,-,-,?,-,false,-
com.feedzai,openml-r-common,0.2.1,-,-,?,-,false,sun.misc.Unsafe                          See http://openjdk.java.net/jeps/260 + sun.reflect.Reflection                   Use java.lang.StackWalker @since 9
com.feedzai,openml-scikit,0.1.3,-,-,?,-,false,sun.misc.Unsafe                          See http://openjdk.java.net/jeps/260 + sun.reflect.Reflection                   Use java.lang.StackWalker @since 9
com.feedzai,openml-utils,0.2.2,-,-,?,-,false,-
com.feedzai,pdb,2.2.1,-,-,?,-,false,-
com.fommil,class-monkey,1.7.1,-,-,?,-,false,sun.misc.Resource                        Removed. See http://openjdk.java.net/jeps/260 + sun.misc.URLClassPath                    Removed. See http://openjdk.java.net/jeps/260
com.fommil,deriving_2.11,0.1.0,-,-,?,-,false,-
com.fommil,deriving_2.12,0.1.0,-,-,?,-,false,-
com.fommil,deriving-macro_2.11,1.0.0-RC9,-,-,?,-,false,-
com.fommil,deriving-macro_2.12,1.0.0-RC9,-,-,?,-,false,-
com.fommil,deriving-plugin_2.11,1.0.0-RC9,-,-,?,-,false,-
com.fommil,deriving-plugin_2.12,1.0.0-RC9,-,-,?,-,false,-
com.fommil,jsonformat_2.11,1.0.0-RC9,-,-,?,-,false,-
com.fommil,jsonformat_2.12,1.0.0-RC9,-,-,?,-,false,-
com.fommil,scalaz-deriving_2.11,1.0.0-RC9,-,-,?,-,false,-
com.fommil,scalaz-deriving_2.12,1.0.0-RC9,-,-,?,-,false,-
com.fommil,scalaz-deriving-base_2.11,1.0.0-RC9,-,-,?,-,false,-
com.fommil,scalaz-deriving-base_2.12,1.0.0-RC9,-,-,?,-,false,-
com.fommil,scalaz-deriving-magnolia_2.11,1.0.0-RC9,-,-,?,-,false,-
com.fommil,scalaz-deriving-magnolia_2.12,1.0.0-RC9,-,-,?,-,false,-
com.fommil,scalaz-deriving-scalacheck_2.11,1.0.0-RC9,-,-,?,-,false,-
com.fommil,scalaz-deriving-scalacheck_2.12,1.0.0-RC9,-,-,?,-,false,-
com.fommil,scalaz-deriving-shapeless_2.11,1.0.0-RC9,-,-,?,-,false,-
com.fommil,scalaz-deriving-shapeless_2.12,1.0.0-RC9,-,-,?,-,false,-
com.fommil,stalactite_2.11,0.0.5,-,-,?,-,false,-
com.fommil,stalactite_2.12,0.0.5,-,-,?,-,false,-
com.fommil,stalagmite_2.11,1.0.0,-,-,?,-,false,-
com.fommil,stalagmite_2.12,1.0.0,-,-,?,-,false,-
com.fommil,upgrade-typelevel-to-scalaz_2.12,1.0.0,-,-,?,-,false,-
com.fommil,xmlformat_2.11,1.0.0-RC9,-,-,?,-,false,-
com.fommil,xmlformat_2.12,1.0.0-RC9,-,-,?,-,false,-
com.friskysoft,friskybrowser,1.0.6,-,-,?,-,false,-
com.getkeepsafe.dexcount,dexcount-gradle-plugin,0.8.3,-,-,?,-,false,-
com.github.dkhalansky,paradisenglib_2.12,0.1.1,-,-,?,-,false,-
com.github.dkhalansky,paradisengplugin_2.12,0.1.1,-,-,?,-,false,sun.misc.Unsafe                          See http://openjdk.java.net/jeps/260
com.glookast.api,api-capture-info,2.0.2,-,-,?,-,false,-
com.glookast.api,api-capture-info-schemas,2.0.1,-,-,?,-,false,-
com.glookast.api,api-capture-playout,2.0.1,-,-,?,-,false,-
com.glookast.api,api-capture-playout-schemas,2.0.0,-,-,?,-,false,-
com.glookast.api,api-templates,2.0.1,-,-,?,-,false,-
com.glookast.api,api-templates-schemas,2.0.0,-,-,?,-,false,-
com.glookast.commons,commons-base,2.0.1,-,-,?,-,false,-
com.glookast.commons,commons-base-schemas,2.0.0,-,-,?,-,false,-
com.glookast.commons,commons-capture,2.0.1,-,-,?,-,false,-
com.glookast.commons,commons-capture-info,2.0.2,-,-,?,-,false,-
com.glookast.commons,commons-capture-info-schemas,2.0.1,-,-,?,-,false,-
com.glookast.commons,commons-templates,2.0.1,-,-,?,-,false,-
com.glookast.commons,commons-templates-schemas,2.0.0,-,-,?,-,false,-
com.glookast.commons,commons-timecode,2.0.1,-,-,?,-,false,-
com.glookast.commons,commons-timecode-schemas,2.0.0,-,-,?,-,false,-
com.google.apis,google-api-services-blogger,v3-rev61-1.25.0,-,-,?,-,false,-
com.google.apis,google-api-services-cloudprofiler,v2-rev7-1.24.1,-,-,?,-,false,-
com.google.apis,google-api-services-cloudresourcemanager,v2-rev29-1.25.0,-,-,?,-,false,-
com.google.apis,google-api-services-cloudshell,v1-rev55-1.25.0,-,-,?,-,false,-
com.google.apis,google-api-services-cloudtasks,v2beta2-rev55-1.25.0,-,-,?,-,false,-
com.google.apis,google-api-services-cloudtrace,v2-rev49-1.25.0,-,-,?,-,false,-
com.google.apis,google-api-services-composer,v1-rev2-1.25.0,-,-,?,-,false,-
com.google.apis,google-api-services-compute,v1-rev195-1.25.0,-,-,?,-,false,-
com.google.apis,google-api-services-container,v1-rev54-1.25.0,-,-,?,-,false,-
com.google.apis,google-api-services-content,v2sandbox-rev91-1.25.0,-,-,?,-,false,-
com.google.apis,google-api-services-customsearch,v1-rev72-1.25.0,-,-,?,-,false,-
com.google.apis,google-api-services-dataflow,v1b4-rev7-1.20.0,-,-,?,-,false,-
com.google.apis,google-api-services-dataproc,v1-rev102-1.25.0,-,-,?,-,false,-
com.google.apis,google-api-services-datastore,v1-rev61-1.25.0,-,-,?,-,false,-
com.google.apis,google-api-services-deploymentmanager,v2-rev69-1.25.0,-,-,?,-,false,-
com.google.apis,google-api-services-dfareporting,v3.2-rev2-1.25.0,-,-,?,-,false,-
com.google.apis,google-api-services-dialogflow,v2-rev31-1.25.0,-,-,?,-,false,-
com.google.apis,google-api-services-digitalassetlinks,v1-rev20-1.25.0,-,-,?,-,false,-
com.greengrowapps,ggarest-java,0.0.2,-,-,?,-,false,-
com.guichaguri,minimalftp,1.0.6,-,-,?,-,false,-
com.hillfly,mybatis-shard,0.0.2.U1,-,-,?,-,false,-
com.ibm.cloud,ibm-cloud-spring-boot-service-bind,1.1.0,-,-,?,-,false,-
com.ibm.cos,ibm-cos-java-sdk,2.1.3,-,-,?,-,false,-
com.ibm.cos,ibm-cos-java-sdk-bundle,2.1.3,-,-,?,-,false,-
com.ibm.cos,ibm-cos-java-sdk-core,2.1.3,-,-,?,-,false,-
com.ibm.cos,ibm-cos-java-sdk-kms,2.1.3,-,-,?,-,false,-
com.ibm.cos,ibm-cos-java-sdk-s3,2.1.3,-,-,?,-,false,-
com.ibm.cos,ibm-cos-java-sdk-test-utils,2.1.3,-,-,?,-,false,-
com.ibm.disni,disni,1.6,-,-,?,-,false,-
com.ibm.g11n.pipeline,gp-ant-task,1.2.3,-,-,?,-,false,-
com.ibm.g11n.pipeline,gp-cli,1.2.3,-,-,?,-,false,-
com.ibm.g11n.pipeline,gp-java-client,1.2.0,-,-,?,-,false,-
com.ibm.g11n.pipeline,gp-maven-plugin,1.2.3,-,-,?,-,false,-
com.ibm.g11n.pipeline,gp-res-filter,1.2.3,-,-,?,-,false,-
com.ibm.ibmos2spark,ibmos2spark_2.10,0.0.9,-,-,?,-,false,-
com.ibm.ibmos2spark,ibmos2spark_2.11,0.0.9,-,-,?,-,false,-
com.ibm.journeycode.metricstracker,java-metrics-tracker-client,0.3.0,-,-,?,-,false,-
com.ibm.maximo,maximo-restclient,1.0.2,-,-,?,-,false,-
com.ibm.mfp,adapter-maven-api,8.0.2018081616,-,-,?,-,false,-
com.ibm.mfp,adapter-maven-archetype-http,8.0.2018081616,-,-,?,-,false,-
com.ibm.mfp,adapter-maven-archetype-java,8.0.2018081616,-,-,?,-,false,-
com.ibm.mfp,adapter-maven-archetype-sql,8.0.2018081616,-,-,?,-,false,-
com.ibm.mfp,adapter-maven-plugin,8.0.2018081616,-,-,?,-,false,-
com.ibm.mfp,mfp-java-token-validator,8.0.2017020112,-,-,?,-,false,-
com.ibm.mfp,mfp-security-checks-base,8.0.2018030404,-,-,?,-,false,-
com.ibm.stocator,stocator,1.0.24,-,-,?,-,false,sun.misc.Unsafe                          See http://openjdk.java.net/jeps/260
com.ibm.wala,com.ibm.wala.cast,1.5.0,-,-,?,-,false,-
com.ibm.wala,com.ibm.wala.cast.java,1.5.0,-,-,?,-,false,-
com.ibm.wala,com.ibm.wala.cast.java.ecj,1.5.0,-,-,?,-,false,-
com.ibm.wala,com.ibm.wala.cast.js,1.5.0,-,-,?,-,false,-
com.ibm.wala,com.ibm.wala.cast.js.rhino,1.5.0,-,-,?,-,false,-
com.ibm.wala,com.ibm.wala.core,1.5.0,-,-,?,-,false,-
com.ibm.wala,com.ibm.wala.dalvik,1.5.0,-,-,?,-,false,-
com.ibm.wala,com.ibm.wala.scandroid,1.5.0,-,-,?,-,false,-
com.ibm.wala,com.ibm.wala.shrike,1.5.0,-,-,?,-,false,-
com.ibm.wala,com.ibm.wala.util,1.5.0,-,-,?,-,false,-
com.ineunet,knife-commons-config,1.1.9,-,-,?,-,false,-
com.ineunet,knife-commons-qlmap,1.1.9,-,-,?,-,false,-
com.ineunet,knife-commons-utils,1.1.9,-,-,?,-,false,-
com.ineunet,knife-core,2.3.1,-,-,?,-,false,-
com.ineunet,knife-dao,2.3.1,-,-,?,-,false,-
com.ineunet,knife-jdbc,2.7.2,-,-,?,-,false,-
com.ineunet,knife-jdbc-annotation,2.7.2,-,-,?,-,false,-
com.ineunet,knife-sequence,2.7.2,-,-,?,-,false,-
com.ineunet,knife-timer,0.0.3,-,-,?,-,false,-
com.ineunet,knife-utils,2.7.2,-,-,?,-,false,-
com.instamojo,instamojo-java,1.0.3,-,-,?,-,false,-
com.internetitem,logback-elasticsearch-appender,1.6,-,-,?,-,false,-
com.iterable,iterableplayutils_2.11,2.0.0,-,-,?,-,false,-
com.iterable,iterableplayutils_2.12,2.0.0,-,-,?,-,false,-
com.iterable,securesocial_2.12,3.0.0-M9,-,-,?,-,false,-
com.jibo.apptoolkit,apptoolkit-java-protocol,0.2.7,-,-,?,-,false,-
com.jobjects,highlighter-client,0.1.0,-,-,?,-,false,-
com.jremoter,jremoter-core,0.0.7,-,-,?,-,false,-
com.kenticocloud,cloud-generator-core,1.1,-,-,?,-,false,-
com.kenticocloud,cloud-generators-gradle,1.1,-,-,?,-,false,-
com.kenticocloud,delivery,2.0.1,-,-,?,-,false,-
com.kenticocloud,delivery-core,2.0.1,-,-,?,-,false,-
com.kenticocloud,delivery-rx,2.0.1,-,-,?,-,false,-
com.kenticocloud,delivery-sdk-android,1.0.6,-,-,?,-,false,-
com.kenticocloud,delivery-sdk-java,1.0.6,-,-,?,-,false,-
com.klinkerapps,logger,1.0.3,-,-,?,-,false,-
com.lendup.fs2-blobstore,box_2.11,0.1.7,-,-,?,-,false,-
com.lendup.fs2-blobstore,box_2.12,0.1.7,-,-,?,-,false,-
com.lendup.fs2-blobstore,core_2.11,0.1.7,-,-,?,-,false,-
com.lendup.fs2-blobstore,core_2.12,0.1.7,-,-,?,-,false,-
com.lendup.fs2-blobstore,s3_2.11,0.1.7,-,-,?,-,false,-
com.lendup.fs2-blobstore,s3_2.12,0.1.7,-,-,?,-,false,-
com.lendup.fs2-blobstore,sftp_2.11,0.1.7,-,-,?,-,false,-
com.lendup.fs2-blobstore,sftp_2.12,0.1.7,-,-,?,-,false,-
com.lieuu,fetcher-framework,1.3,-,-,?,-,false,-
com.lightstep.tracer,java-common,0.15.5,-,-,?,-,false,-
com.lightstep.tracer,lightstep-tracer-jre,0.14.4,-,-,?,-,false,-
com.lightstep.tracer,lightstep-tracer-jre-shadow,0.14.4,-,-,?,-,false,sun.misc.Unsafe                          See http://openjdk.java.net/jeps/260
com.lightstep.tracer,tracer-grpc,0.15.5,-,-,?,-,false,-
com.lightstep.tracer,tracer-okhttp,0.15.5,-,-,?,-,false,-
com.makitoo,feature-flag,0.0.1,-,-,?,-,false,-
com.mytechia,mytechia-commons-di,1.3.1,-,-,?,-,false,-
com.mytechia,mytechia-commons-library,1.3.5,-,-,?,-,false,-
com.mytechia,robobo-rob-interface,1.1.7,-,-,?,-,false,-
com.mytechia,simple-message-protocol,2.0.7,-,-,?,-,false,-
com.onedsol.tools,jpdfmake,1.1.0,-,-,?,-,false,-
com.orctom.laputa,laputa-http-client,0.3,-,-,?,-,false,-
com.orctom.laputa,laputa-service,0.3,-,-,?,-,false,-
com.orctom.laputa,laputa-service-example,0.3,-,-,?,-,false,-
com.orctom.laputa,laputa-service-freemarker,0.3,-,-,?,-,false,-
com.orctom.laputa,laputa-service-jade,0.3,-,-,?,-,false,-
com.orctom.laputa,laputa-service-web,0.3,-,-,?,-,false,-
com.orctom.laputa,laputa-service-web-shiro,0.3,-,-,?,-,false,-
com.orctom.laputa,laputa-utils,0.3,-,-,?,-,false,-
com.orctom.mojo,was-maven-plugin,1.1.3.3,-,-,?,-,false,-
com.orctom,rmq,1.0,-,-,?,-,false,-
com.orctom,rnnoise-java,1.1.1,-,-,?,-,false,-
com.orctom,speex4j,1.0.3,-,-,?,-,false,-
com.orctom,vad4j,1.0,-,-,?,-,false,-
com.orctom,w2n,1.0,-,-,?,-,false,-
com.panayotis,appbundler,1.1.0,-,-,?,-,false,-
com.panayotis,appenh,0.1.9,-,-,?,-,false,-
com.panayotis,arjs,0.1.6,-,-,?,-,false,-
com.panayotis,hrgui,0.1.6,-,-,?,-,false,-
com.panayotis,javaplot,0.5.0,-,-,?,-,false,-
com.panayotis.javaplot,javaplot,0.5.0,-,-,?,-,false,-
com.panayotis.javaplot,svg,0.5.0,-,-,?,-,false,-
com.panayotis,jerminal,0.1.1,-,-,?,-,false,-
com.panayotis,jupidator,0.8.9.10,-,-,?,-,false,-
com.panayotis.jupidator,creator,0.8.9.10,-,-,?,-,false,-
com.panayotis.jupidator,digester,0.8.9.10,-,-,?,-,false,-
com.panayotis,libtholoura,0.9.1,-,-,?,-,false,-
com.panayotis,loadlib,0.2.1,-,-,?,-,false,-
com.panayotis,retrolambda,2.5.1-2.cm,-,-,?,-,false,-
com.panayotis,xmlvm,1.0.4,-,-,?,-,false,com.apple.eawt.Application               Use java.awt.Desktop and JEP 272 @since 9 + com.apple.eawt.ApplicationAdapter        Use java.awt.Desktop and JEP 272 @since 9 + com.apple.eawt.ApplicationEvent          Use java.awt.Desktop and JEP 272 @since 9 + com.apple.eawt.ApplicationListener       Use java.awt.Desktop and JEP 272 @since 9
com.panayotis,xray,0.0.3,-,-,?,-,false,-
com.panayotis,xray-awt,0.0.3,-,-,?,-,false,-
com.panayotis,xray-io,0.0.3,-,-,?,-,false,-
com.pszymczyk.consul,embedded-consul,1.1.1,-,-,?,-,false,-
com.relayrides,pushy,0.9.3,-,-,?,-,false,-
com.relayrides,pushy-dropwizard-metrics-listener,0.9.3,-,-,?,-,false,-
com.shushanfx,zkconfig-client,1.0-RELEASE,-,-,?,-,false,-
com.smartnews,jpa-entity-generator,0.99.4,-,-,?,-,false,-
com.smartnews,maven-jpa-entity-generator-plugin,0.99.4,-,-,?,-,false,-
com.sproutsocial,instrumentor-aop,1.0.0,-,-,?,-,false,-
com.sproutsocial,instrumentor-core,1.0.0,-,-,?,-,false,-
com.sproutsocial,nsq-j,0.9.4,-,-,?,-,false,-
com.stealthymonkeys.pdf,booklet-builder,0.1.1,-,-,?,-,false,-
com.storm-enroute,scalameter_2.11,0.10,-,-,?,-,false,-
com.storm-enroute,scalameter_2.12,0.10.1,-,-,?,-,false,-
com.storm-enroute,scalameter-core_2.11,0.10,-,-,?,-,false,-
com.storm-enroute,scalameter-core_2.12,0.10.1,-,-,?,-,false,-
com.talkingdata.fregata,core,0.0.3,-,-,?,-,false,-
com.talkingdata.fregata,spark,0.0.3,-,-,?,-,false,-
com.terheyden,java-extensions,0.2.5,-,-,?,-,false,-
com.tokenopoly.coinbridge,coinbase-commerce-core,0.2.5-beta,-,-,?,-,false,-
com.tresata,akka-http-spnego_2.11,0.3.0,-,-,?,-,false,-
com.tresata,akka-http-spnego_2.12,0.3.0,-,-,?,-,false,-
com.tresata,spark-datasetops_2.11,0.4.0,-,-,?,-,false,-
com.tresata,spark-kafka_2.10,0.9.0,-,-,?,-,false,-
com.tresata,spark-kafka_2.11,0.9.0,-,-,?,-,false,-
com.tresata,spark-skewjoin_2.10,0.5.0,-,-,?,-,false,-
com.tresata,spark-skewjoin_2.11,0.5.0,-,-,?,-,false,-
com.tresata,spark-sorted_2.11,1.5.0,-,-,?,-,false,-
com.tresata,spark-wordtophrase_2.10,0.1.0,-,-,?,-,false,-
com.tresata,spark-wordtophrase_2.11,0.1.0,-,-,?,-,false,-
com.victorlaerte,javafx-asynctask,1.0.0,-,-,?,-,false,-
com.victorlaerte,jfx-asynctask,1.0.1,-,-,?,-,false,-
com.walksocket,redchest,0.0.2,-,-,?,-,false,-
com.wichell,framework-config,1.0.0,-,-,?,-,false,-
com.wichell,framework-core,1.0.0,-,-,?,-,false,-
com.wichell,framework-dao,1.0.0,-,-,?,-,false,-
com.wichell,framework-dfs,1.0.0,-,-,?,-,false,-
com.wichell,framework-ecache,1.0.0,-,-,?,-,false,-
com.wichell,framework-lock,1.0.0,-,-,?,-,false,-
com.wichell,framework-log-api,1.0.0,-,-,?,-,false,-
com.wichell,framework-log-kafka,1.0.0,-,-,?,-,false,-
com.wichell,framework-log-log4j,1.0.0,-,-,?,-,false,-
com.wichell,framework-mq-rocketmq,1.0.0,-,-,?,-,false,-
com.wichell,framework-pagination-api,1.0.0,-,-,?,-,false,-
com.wichell,framework-pagination-mybatis,1.0.0,-,-,?,-,false,-
com.wichell,framework-proxy,1.0.0,-,-,?,-,false,-
com.wichell,framework-proxy-mybatis,1.0.0,-,-,?,-,false,-
com.wichell,framework-redis,1.0.0,-,-,?,-,false,-
com.wichell,framework-rpc,1.0.0,-,-,?,-,false,-
com.wichell,framework-text,1.0.0,-,-,?,-,false,-
com.wichell,framework-timer-quartz,1.0.0,-,-,?,-,false,-
com.wichell,framework-web,1.0.0,-,-,?,-,false,-
com.wichell,framework-web-security,1.0.0,-,-,?,-,false,-
com.wichell,framework-wechat,1.0.0,-,-,?,-,false,-
com.wichell,wichell-common,1.2.0,-,-,?,-,false,-
com.xlson.groovycsv,groovycsv,1.3,-,-,?,-,false,-
com.yycdev,douyu-sdk,1.0.0,-,-,?,-,false,-
net.i2p.client,mstreaming,0.9.36,-,-,?,-,false,-
net.i2p.client,streaming,0.9.36,-,-,?,-,false,-
net.i2p,i2p,0.9.36,-,-,?,-,false,-
net.i2p,router,0.9.36,-,-,?,-,false,-
net.i2p,servlet-i2p,0.9.36,-,-,?,-,false,-
net.intelie.live,live-api,2.20.0,-,-,?,-,false,-
net.intelie.live,plugin-annotations,2.20.0,-,-,?,-,false,-
org.finra.herd,herd-app,0.77.0,-,-,?,-,false,-
org.finra.herd,herd-build-tools,0.77.0,-,-,?,-,false,-
org.finra.herd,herd-core,0.77.0,-,-,?,-,false,-
org.finra.herd,herd-dao,0.77.0,-,-,?,-,false,-
org.finra.herd,herd-docs-javadoc,0.77.0,-,-,?,-,false,-
org.finra.herd,herd-docs-swagger,0.77.0,-,-,?,-,false,-
org.finra.herd,herd-downloader,0.77.0,org.apache.logging.log4j,-,explicit,java.base,false,sun.misc.Unsafe                          See http://openjdk.java.net/jeps/260 + sun.security.x509.X500Name               Use javax.security.auth.x500.X500Principal @since 1.4
org.finra.herd,herd-model,0.77.0,-,-,?,-,false,-
org.finra.herd,herd-model-api,0.77.0,-,-,?,-,false,-
org.finra.herd,herd-model-api-15,0.77.0,-,-,?,-,false,-
org.finra.herd,herd-rest,0.77.0,-,-,?,-,false,-
org.finra.herd,herd-retention-expiration-destroyer,0.77.0,org.apache.logging.log4j,-,explicit,java.base,false,sun.misc.Unsafe                          See http://openjdk.java.net/jeps/260 + sun.security.x509.X500Name               Use javax.security.auth.x500.X500Principal @since 1.4
org.finra.herd,herd-retention-expiration-exporter,0.77.0,org.apache.logging.log4j,-,explicit,java.base,false,sun.misc.Unsafe                          See http://openjdk.java.net/jeps/260 + sun.security.x509.X500Name               Use javax.security.auth.x500.X500Principal @since 1.4
org.finra.herd,herd-scripts-bootstrap,0.77.0,-,-,?,-,false,-
org.finra.herd,herd-scripts-cloud-formation,0.77.0,-,-,?,-,false,-
org.finra.herd,herd-scripts-sql,0.77.0,-,-,?,-,false,-
org.finra.herd,herd-sdk,0.77.0,-,-,?,-,false,-
org.finra.herd,herd-service,0.77.0,-,-,?,-,false,-
org.finra.herd,herd-swaggergen-maven-plugin,0.77.0,-,-,?,-,false,-
org.finra.herd,herd-tools-common,0.77.0,-,-,?,-,false,-
org.finra.herd,herd-ui,0.77.0,-,-,?,-,false,-
org.finra.herd,herd-uploader,0.77.0,org.apache.logging.log4j,-,explicit,java.base,false,sun.misc.Unsafe                          See http://openjdk.java.net/jeps/260 + sun.security.x509.X500Name               Use javax.security.auth.x500.X500Principal @since 1.4
