groupId,artifactId,version,moduleName,moduleVersion,moduleMode,moduleDependencies,jdepsToolError,jdepsViolations
com.dopsun.chatbot,chatbot-cli,0.2.0,-,-,?,-,false,-
com.github.achatain,java-webapp-authentication,1.1.0,-,-,?,-,false,-
com.github.agfsapi4j,agfsapi4j,1.0.1,-,-,?,-,false,-
com.github.alexmao86,jweb-common,1.1.4,-,-,?,-,false,-
com.github.alexmao86,jweb-maven-plugin,1.0.6,-,-,?,-,false,-
com.github.alexmao86,maven-jweb-plugin,1.0.2,-,-,?,-,false,-
com.github.alexmao86,springframework-moquette-broker,1.0,-,-,?,-,false,-
com.github.all3fox,lyra2,1.3,-,-,?,-,false,-
com.github.almasb,fxgl,0.5.4,-,-,?,-,false,-
com.github.almasb,fxgl-base,0.5.4,-,-,?,-,false,-
com.github.andtankian,Ribrest,1.10.3,-,-,?,-,false,-
com.github.anerdib,plain-object-mapper,0.0.1,-,-,?,-,false,-
com.github.atsushi130,builderkit,0.7.0,-,-,?,-,false,-
com.github.batkinson,jrsync,1.4.3,-,-,?,-,false,-
com.github.boyazuo,shiro-spring-boot-autoconfigure,1.0.3,-,-,?,-,false,-
com.github.boyazuo,shiro-spring-boot-starter,1.0.3,-,-,?,-,false,-
com.github.cedrickring,reactor-mongodb,1.7.1,-,-,?,-,false,-
com.github.chrisdchristo,capsule-maven-plugin,1.5.1,-,-,?,-,false,-
com.github.chrisdchristo,pipe,1.0.0,-,-,?,-,false,-
com.github.chrisdchristo,pipe-marshal-bson,1.0.0,-,-,?,-,false,-
com.github.chrisdchristo,pipe-marshal-json,1.0.0,-,-,?,-,false,-
com.github.costin3141,fastgraph,0.2.18,-,-,?,-,false,-
com.github.crashvb,chromedriver,2.41,-,-,?,-,false,-
com.github.czgov,camel-isds,0.4.0,-,-,?,-,false,-
com.github.dakatsuka,akka-http-oauth2-client_2.11,0.2.0,-,-,?,-,false,-
com.github.dakatsuka,akka-http-oauth2-client_2.12,0.2.0,-,-,?,-,false,-
com.github.dakatsuka,akka-http-useragent-support_2.11,0.2.0,-,-,?,-,false,-
com.github.dakatsuka,akka-http-useragent-support_2.12,0.2.0,-,-,?,-,false,-
com.github.dramer,Bichromate,3.7,-,-,?,-,false,-
com.github.dsulimchuk.dynamicquery,dynamic-query,1.0.5,-,-,?,-,false,-
com.github.EDM-zhou,auto-switch-datasource,1.0.1-RELEASE,-,-,?,-,false,-
com.github.EDM-zhou,ueditor2,2.0.0-RELEASE,-,-,?,-,false,-
com.github.egatlovs,variable-management,2.0.0,-,-,?,-,false,-
com.github.ejahns,bessel-zeros,1.1.1,-,-,?,-,false,-
com.github.ejahns,brine,0.4.0,-,-,?,-,false,-
com.github.ejahns,selenium-stateful,1.1.1,-,-,?,-,false,-
com.github.eliayng,compress-maven-plugin,1.0.2,-,-,?,-,false,-
com.github.emc-mongoose,mongoose-api-common,4.0.0-alpha5,-,-,?,-,false,-
com.github.emc-mongoose,mongoose-api-manager,3.5.0-alpha0,-,-,?,-,false,-
com.github.emc-mongoose,mongoose-api-metrics,4.0.0-alpha5,-,-,?,-,false,-
com.github.emc-mongoose,mongoose-api-model,4.0.0-alpha5,-,-,?,-,false,-
com.github.emc-mongoose,mongoose-common,3.5.0,-,-,?,-,false,-
com.github.emc-mongoose,mongoose-load-controller,4.0.0-alpha5,-,-,?,-,false,-
com.github.emc-mongoose,mongoose-load-generator,4.0.0-alpha5,-,-,?,-,false,-
com.github.emc-mongoose,mongoose-load-monitor,3.5.0,-,-,?,-,false,-
com.github.emc-mongoose,mongoose-model,3.5.0,-,-,?,-,false,-
com.github.emc-mongoose,mongoose-run,3.5.1,-,-,?,-,false,-
com.github.emc-mongoose,mongoose-scenario,4.0.0-alpha5,-,-,?,-,false,-
com.github.emc-mongoose,mongoose-scenario-json,4.0.0-alpha5,-,-,?,-,false,-
com.github.emc-mongoose,mongoose-storage-driver,4.0.0-alpha5,-,-,?,-,false,-
com.github.emc-mongoose,mongoose-storage-driver-atmos,0.1.6,-,-,?,-,false,-
com.github.emc-mongoose,mongoose-storage-driver-builder,4.0.0-alpha5,-,-,?,-,false,-
com.github.emc-mongoose,mongoose-storage-driver-emc-s3,0.1.7,-,-,?,-,false,-
com.github.emc-mongoose,mongoose-storage-driver-fs,0.1.12,-,-,?,-,false,-
com.github.emc-mongoose,mongoose-storage-driver-hdfs,0.1.9,-,-,?,-,false,sun.misc.Cleaner                         Use java.lang.ref.PhantomReference @since 1.2 or java.lang.ref.Cleaner @since 9 + sun.misc.Signal                          See http://openjdk.java.net/jeps/260 + sun.misc.SignalHandler                   See http://openjdk.java.net/jeps/260 + sun.misc.Unsafe                          See http://openjdk.java.net/jeps/260
com.github.emc-mongoose,mongoose-storage-driver-mock,4.0.0-alpha5,-,-,?,-,false,-
com.github.emc-mongoose,mongoose-storage-driver-mock-dummy,4.0.0-alpha5,-,-,?,-,false,-
com.github.emc-mongoose,mongoose-storage-driver-net,4.0.0-alpha5,-,-,?,-,false,-
com.github.emc-mongoose,mongoose-storage-driver-net-http,4.0.0-alpha5,-,-,?,-,false,-
com.github.emc-mongoose,mongoose-storage-driver-net-http-amzs3,4.0.0-alpha5,-,-,?,-,false,-
com.github.emc-mongoose,mongoose-storage-driver-net-http-atmos,3.5.0,-,-,?,-,false,-
com.github.emc-mongoose,mongoose-storage-driver-net-http-emc,4.0.0-alpha5,-,-,?,-,false,-
com.github.emc-mongoose,mongoose-storage-driver-net-http-emc-atmos,4.0.0-alpha5,-,-,?,-,false,-
com.github.emc-mongoose,mongoose-storage-driver-net-http-emc-s3,4.0.0-alpha5,-,-,?,-,false,-
com.github.emc-mongoose,mongoose-storage-driver-net-http-s3,3.5.0,-,-,?,-,false,-
com.github.emc-mongoose,mongoose-storage-driver-net-http-swift,4.0.0-alpha5,-,-,?,-,false,-
com.github.emc-mongoose,mongoose-storage-driver-net-mock,3.6.2,-,-,?,-,false,-
com.github.emc-mongoose,mongoose-storage-driver-nio,4.0.0-alpha5,-,-,?,-,false,-
com.github.emc-mongoose,mongoose-storage-driver-nio-fs,4.0.0-alpha5,-,-,?,-,false,-
com.github.emc-mongoose,mongoose-storage-driver-nio-mock,3.6.2,-,-,?,-,false,-
com.github.emc-mongoose,mongoose-storage-driver-s3,0.1.7,-,-,?,-,false,-
com.github.emc-mongoose,mongoose-storage-driver-service,4.0.0-alpha5,-,-,?,-,false,-
com.github.emc-mongoose,mongoose-storage-driver-swift,0.1.6,-,-,?,-,false,-
com.github.emc-mongoose,mongoose-storage-driver-viprfs,0.1.0,-,-,?,-,false,-
com.github.emc-mongoose,mongoose-storage-mock,3.3.0,-,-,?,-,false,-
com.github.emc-mongoose,mongoose-tests-perf,4.0.0-alpha5,-,-,?,-,false,-
com.github.emc-mongoose,mongoose-tests-system,4.0.0-alpha5,-,-,?,-,false,-
com.github.emc-mongoose,mongoose-tests-unit,4.0.0-alpha5,-,-,?,-,false,-
com.github.emc-mongoose,mongoose-ui,4.0.0-alpha5,-,-,?,-,false,-
com.github.emc-mongoose,nagaina,3.6.10,-,-,?,-,false,-
com.github.ffalcinelli,jdivert,1.1,-,-,?,-,false,-
com.github.fhuss,kafka-streams-cep,1.0.0,-,-,?,-,false,-
com.github.fluentfuture,mu,1.4,-,-,?,-,false,-
com.github.fzakaria,ascii85,1.1,-,-,?,-,false,-
com.github.giulianini.track4j,track4j,1.0.0,-,-,?,-,false,-
com.github.haitaowang123,MyBaseUtils,1.0.1,-,-,?,-,false,-
com.github.iaja,scalaldavis_2.11,0.1.2,-,-,?,-,false,-
com.github.janbols,spock-dbunit,0.4,-,-,?,-,false,-
com.github.jesg,phantomjsdriver,3.0.0-beta1,-,-,?,-,false,-
com.github.jnthnclt,os.lab.base,1.6,-,-,?,-,false,sun.misc.Unsafe                          See http://openjdk.java.net/jeps/260
com.github.jnthnclt,os.lab.collections,1.6,-,-,?,-,false,-
com.github.jnthnclt,os.lab.consistency,1.6,-,-,?,-,false,-
com.github.jnthnclt,os.lab.core,1.6,-,-,?,-,false,sun.misc.Unsafe                          See http://openjdk.java.net/jeps/260
com.github.jnthnclt,os.lab.nn,1.6,-,-,?,-,false,-
com.github.jnthnclt,os.lab.roaring,1.6,-,-,?,-,false,-
com.github.johanbrorson,webdriver-ui-mapper,2.1.0,-,-,?,-,false,-
com.github.joshjdevl.libsodiumjni,libsodium-jni,2.0.1,-,-,?,-,false,-
com.github.kahlkn,artoria,0.5.32.beta,-,-,?,-,false,-
com.github.kahlkn.artoria,artoria,0.5.30.beta,-,-,?,-,false,-
com.github.kahlkn,yui-email,0.1.1.alpha,-,-,?,-,false,-
com.github.kahlkn,yui-poi,0.1.1.alpha,-,-,?,-,false,-
com.github.kahlkn,yui-test,0.1.1.alpha,-,-,?,-,false,-
com.github.kahlkn.yui,yui-email,0.1.1.alpha,-,-,?,-,false,-
com.github.kahlkn.yui,yui-logging,0.1.1.alpha,-,-,?,-,false,-
com.github.kahlkn.yui,yui-poi,0.1.1.alpha,-,-,?,-,false,-
com.github.kahlkn.yui,yui-template,0.1.1.alpha,-,-,?,-,false,-
com.github.kahlkn.yui,yui-test,0.1.1.alpha,-,-,?,-,false,-
com.github.kahlkn.yui,yui-zookeeper,0.1.1.alpha,-,-,?,-,false,-
com.github.kahlkn,yui-zookeeper,0.1.1.alpha,-,-,?,-,false,-
com.github.kanekotic,scala-local-toggle_2.12,0.0.28,-,-,?,-,false,-
com.github.karamelsoft.testing,data-driven-testing-api,0.3.1,-,-,?,-,false,-
com.github.karamelsoft.testing,data-driven-testing-camel,0.3.1,-,-,?,-,false,-
com.github.karamelsoft.testing,data-driven-testing-core,0.3.1,-,-,?,-,false,-
com.github.karamelsoft.testing,data-driven-testing-database,0.3.1,-,-,?,-,false,sun.misc.Unsafe                          See http://openjdk.java.net/jeps/260
com.github.karamelsoft.testing,data-driven-testing-json,0.3.1,-,-,?,-,false,-
com.github.karamelsoft.testing,data-driven-testing-rest,0.3.1,-,-,?,-,false,sun.misc.Unsafe                          See http://openjdk.java.net/jeps/260
com.github.karamelsoft.testing,data-driven-testing-xml,0.3.1,-,-,?,-,false,-
com.github.kaskadee,knack,1.8.1,-,-,?,-,false,-
com.github.kevinstern,software-and-algorithms,1.0,-,-,?,-,false,-
com.github.kiambogo,scrava_2.11,1.3.0,-,-,?,-,false,-
com.github.kiambogo,scrava_2.12,1.3.0,-,-,?,-,false,-
com.github.kink80,cognitoauth,1.0,-,-,?,-,false,-
com.github.kostasdrakonakis,android-navigator-annotations,1.2.2,-,-,?,-,false,-
com.github.kostasdrakonakis,android-navigator-compiler,1.2.2,-,-,?,-,false,-
com.github.ksyun-sdk,gebu-java-sdk-core,2.2.3,-,-,?,-,false,-
com.github.ksyun-sdk,gebu-java-sdk-kec,2.2.3,-,-,?,-,false,-
com.github.ksyun-sdk,ksyun-java-sdk-core,2.0.2.1,-,-,?,-,false,-
com.github.ksyun-sdk,ksyun-java-sdk-kec,2.1.8,-,-,?,-,false,-
com.github.kuljaninemir,spring-boot-execution-metric-aspectj,0.0.3,-,-,?,-,false,-
com.github.kuljaninemir,spring-boot-ftp-client,2.0.03,-,-,?,-,false,-
com.github.labai,opa,1.2.0,-,-,?,-,false,-
com.github.labai,ted-driver,0.1.3,-,-,?,-,false,-
com.github.lbitonti,liquibase-hana,3.1.1,-,-,?,-,false,-
com.github.luismanuelamengual,NeoGroup-HttpServer,1.2.0,-,-,?,-,false,-
com.github.luismanuelamengual,NeoGroup-Sparks,1.2.0,-,-,?,-,false,-
com.github.luismanuelamengual,NeoGroup-Sparks-ConsoleModule,1.2.1,-,-,?,-,false,-
com.github.luismanuelamengual,NeoGroup-Sparks-FreemarkerViewFactory,1.0,-,-,?,-,false,-
com.github.luismanuelamengual,NeoGroup-Sparks-VelocityViewFactory,1.0,-,-,?,-,false,-
com.github.luismanuelamengual,NeoGroup-Sparks-WebModule,1.2.0,-,-,?,-,false,-
com.github.luismanuelamengual,NeoGroup-Utils,1.0.2,-,-,?,-,false,-
com.github.luismanuelamengual,NeoGroup-Warp,1.0.1,-,-,?,-,false,-
com.github.luismanuelamengual,warlauncher-maven-plugin,1.0.2,-,-,?,-,false,-
com.github.magrossi,log4j2-elasticsearch-appender,0.1.0,-,-,?,-,false,-
com.github.marty912.jahia.tools,jahia-utils,2.0.0,-,-,?,-,false,-
com.github.mathiewz,enum-converter,0.0.3,-,-,?,-,false,-
com.github.mathiewz,java-blockchain,0.0.1,-,-,?,-,false,-
com.github.mathiewz,modernized-slick,1.1.0,-,-,?,-,false,-
com.github.mathiewz.slick,modernized-slick,1.0.1,-,-,?,-,false,-
com.github.mauricio,db-async-common_2.12,0.2.21,-,-,?,-,false,-
com.github.mauricio,mysql-async_2.12,0.2.21,-,-,?,-,false,-
com.github.mauricio,postgresql-async_2.12,0.2.21,-,-,?,-,false,-
com.github.maven-nar,nar-maven-plugin,3.5.2,-,-,?,-,false,-
com.github.michedev,nostream,1.1.0,-,-,?,-,false,-
com.github.mryurihi,tbnbt,0.1.3,-,-,?,-,false,-
com.github.muyu8890,yuyang-fast-web,0.2.0,-,-,?,-,false,-
com.github.neelrs,common-collection-operations,1.0.3,-,-,?,-,false,-
com.github.neelrs,common-collections-operations,1.0.3,-,-,?,-,false,-
com.github.nstojiljkovic,play-swagger_2.12,0.7.8,-,-,?,-,false,-
com.github.nstojiljkovic,play-swagger-jackson_2.12,0.7.8,-,-,?,-,false,-
com.github.nstojiljkovic,quill-trait_2.11,0.1.2,-,-,?,-,false,-
com.github.nstojiljkovic,quill-trait_2.12,0.1.2,-,-,?,-,false,-
com.github.nstojiljkovic,quill-trait-core_2.11,0.1.2,-,-,?,-,false,-
com.github.nstojiljkovic,quill-trait-core_2.12,0.1.2,-,-,?,-,false,-
com.github.nstojiljkovic,quill-trait-core_sjs0.6_2.11,0.1.2,-,-,?,-,false,-
com.github.nstojiljkovic,quill-trait-core_sjs0.6_2.12,0.1.2,-,-,?,-,false,-
com.github.nyholmniklas,arithmetic,1.0.0,-,-,?,-,false,-
com.github.pascalgn,properties-maven-extension,0.3.1,-,-,?,-,false,-
com.github.pauldambra,moduluschecker,0.0.0,-,-,?,-,false,-
com.github.percychuang,modest-core,0.0.1,-,-,?,-,false,-
com.github.percychuang,modest-datasource,0.0.1,-,-,?,-,false,-
com.github.percychuang,modest-file,0.0.1,-,-,?,-,false,-
com.github.percychuang,modest-jms,0.0.1,-,-,?,-,false,-
com.github.percychuang,modest-log,0.0.1,-,-,?,-,false,-
com.github.percychuang,modest-mybatis,0.0.1,-,-,?,-,false,-
com.github.percychuang,modest-redis,0.0.1,-,-,?,-,false,-
com.github.percychuang,modest-rpc,0.0.1,-,-,?,-,false,-
com.github.percychuang,modest-starter,0.0.1,-,-,?,-,false,-
com.github.percychuang,modest-util,0.0.1,-,-,?,-,false,sun.misc.BASE64Decoder                   Use java.util.Base64 @since 1.8 + sun.misc.BASE64Encoder                   Use java.util.Base64 @since 1.8
com.github.piotr-kalanski,class2sql_2.11,0.1.6,-,-,?,-,false,-
com.github.piotr-kalanski,csv2class_2.11,0.3.3,-,-,?,-,false,-
com.github.piotr-kalanski,data-model-generator_2.11,0.7.7,-,-,?,-,false,-
com.github.piotr-kalanski,data-quality-monitoring_2.11,0.3.8,-,-,?,-,false,-
com.github.piotr-kalanski,dbtable2class_2.11,0.3.2,-,-,?,-,false,-
com.github.piotr-kalanski,es-client_2.11,0.3.0,-,-,?,-,false,-
com.github.piotr-kalanski,kafka-admin-rest,0.4.1,-,-,?,-,false,-
com.github.piotr-kalanski.kafka,kafka-streams-app-archetype,0.1,-,-,?,-,false,-
com.github.piotr-kalanski.kafka,kafka-streams-app-common,0.1,-,-,?,-,false,-
com.github.piotr-kalanski.kafka,kafka-streams-app-test,0.1,-,-,?,-,false,-
com.github.piotr-kalanski.kafka,kafka-streams-examples,0.1,-,-,?,-,false,-
com.github.piotr-kalanski,kafka-streams-app-archetype,0.2.0,-,-,?,-,false,-
com.github.piotr-kalanski,kafka-streams-app-common,0.2.0,-,-,?,-,false,-
com.github.piotr-kalanski,kafka-streams-app-test,0.2.0,-,-,?,-,false,-
com.github.piotr-kalanski,kafka-streams-examples,0.1.3,-,-,?,-,false,-
com.github.piotr-kalanski,spark-local_2.1.0_2.11,0.6.0,-,-,?,-,false,-
com.github.piotr-kalanski,spark-local_2.11,0.5.0,-,-,?,-,false,-
com.github.piotr-kalanski,spark-local_2.1.1_2.11,0.6.0,-,-,?,-,false,-
com.github.piotr-kalanski,sparkschema2class_2.11,0.1.0,-,-,?,-,false,-
com.github.piotr-kalanski,splot,0.2.0,-,-,?,-,false,-
com.github.prologdb,runtime-core-js,1.0.0-RC1,-,-,?,-,false,-
com.github.prologdb,runtime-core-jvm,1.0.0-RC1,-,-,?,-,false,-
com.github.prologdb,runtime-parser-jvm,1.0.0-RC1,-,-,?,-,false,-
com.github.puddingspudding,confluence-maven-plugin,1.2.0,-,-,?,-,false,-
com.github.puddingspudding,predicates,0.4,-,-,?,-,false,-
com.github.puddingspudding,taodb,0.2.0,-,-,?,-,false,-
com.github.rac021,Charset-Detector,1.0,-,-,?,-,false,-
com.github.rac021,G-Jax-Api,1.1,-,-,?,-,false,-
com.github.rac021,G-Jax-Security-Provider,1.1,-,-,?,-,false,-
com.github.rac021,G-Jax-Service-Discovery,1.1,-,-,?,-,false,-
com.github.rage28,log4j2-slack,1.1,-,-,?,-,false,-
com.github.rexenpub,rest-framework-core,1.0,-,-,?,-,false,-
com.github.rnnds,sequentia,0.0.1,-,-,?,-,false,-
com.github.roundrop,logback-oneline-converter,1.1.0,-,-,?,-,false,-
com.github.roundrop,scalikejdbc-sqlsyntax-ext_2.11,1.2.0,-,-,?,-,false,-
com.github.roundrop,scalikejdbc-sqlsyntax-ext_2.12,1.2.0,-,-,?,-,false,-
com.github.ruediste.elasticsearchAppender,appender,0.0.1,-,-,?,-,false,-
com.github.ruediste.salta,salta-core,0.3,-,-,?,-,false,-
com.github.ruediste.salta,salta-core-test,0.3,-,-,?,-,false,-
com.github.ruediste.salta,salta-guice,0.3,-,-,?,-,false,-
com.github.ruediste.salta,salta-jsr330,0.3,-,-,?,-,false,-
com.github.salomonbrys.kodein,kodein,4.1.0,-,-,?,-,false,-
com.github.salomonbrys.kodein,kodein-conf,4.1.0,-,-,?,-,false,-
com.github.salomonbrys.kodein,kodein-core,4.1.0,-,-,?,-,false,-
com.github.salomonbrys.kodein,kodein-erased,4.1.0,-,-,?,-,false,-
com.github.salomonbrys.kodein,kodein-js,4.1.0,-,-,?,-,false,-
com.github.salomonbrys.kodein,kodein-js-conf,4.1.0,-,-,?,-,false,-
com.github.salomonbrys.kodein,kodein-jxinject,4.1.0,-,-,?,-,false,-
com.github.salomonbrys.kotson,kotson,2.5.0,-,-,?,-,false,-
com.github.satoshun.RxKeepOrder,rxkeeporder,0.3.0,-,-,?,-,false,-
com.github.satoshun.RxKeepOrder,rxkeeporder-kotlin,0.3.0,-,-,?,-,false,-
com.github.satoshun.RxKotlinCache,rxkotlincache,0.1.2,-,-,?,-,false,-
com.github.scopt,scopt_2.10,3.7.0,-,-,?,-,false,-
com.github.scopt,scopt_2.11,3.7.0,-,-,?,-,false,-
com.github.scopt,scopt_2.12,3.7.0,-,-,?,-,false,-
com.github.scopt,scopt_2.13.0-M2,3.7.0,-,-,?,-,false,-
com.github.scopt,scopt_2.13.0-M3,3.7.0,-,-,?,-,false,-
com.github.scopt,scopt_2.13.0-M4,3.7.0,-,-,?,-,false,-
com.github.scopt,scopt_native0.2_2.11,3.6.0,-,-,?,-,false,-
com.github.scopt,scopt_native0.3_2.11,3.7.0,-,-,?,-,false,-
com.github.scopt,scopt_sjs0.6_2.10,3.7.0,-,-,?,-,false,-
com.github.scopt,scopt_sjs0.6_2.11,3.7.0,-,-,?,-,false,-
com.github.scopt,scopt_sjs0.6_2.12,3.7.0,-,-,?,-,false,-
com.github.scopt,scopt_sjs0.6_2.13.0-M2,3.7.0,-,-,?,-,false,-
com.github.segator,jbinary-maven-plugin,1.0.3,-,-,?,-,false,-
com.github.sergiofgonzalez,waterfall-config,1.0.0,-,-,?,-,false,-
com.github.slimish,kinesis-junit-rule,1.0.0,-,-,?,-,false,-
com.github.spt-oss,embedded-mariadb,0.1.8,-,-,?,-,false,-
com.github.spt-oss,embedded-redis,0.1.6,-,-,?,-,false,-
com.github.spt-oss,flyway-plus,4.2.0.0,-,-,?,-,false,-
com.github.spt-oss,h2-plus,0.3.1,-,-,?,-,false,-
com.github.spt-oss,java-settings,0.1.11,-,-,?,-,false,-
com.github.spt-oss,settings,0.1.10,-,-,?,-,false,-
com.github.spt-oss,slf4j-plus,1.7.25.0,-,-,?,-,false,-
com.github.spt-oss,spring-boot-starter-data-jpa-plus,2.0.2.0,-,-,?,-,false,-
com.github.spt-oss,spring-boot-starter-data-redis-plus,2.0.2.0,-,-,?,-,false,-
com.github.spt-oss,spring-boot-starter-json-plus,2.0.2.0,-,-,?,-,false,-
com.github.spt-oss,spring-boot-starter-plus,2.0.2.0,-,-,?,-,false,-
com.github.spt-oss,spring-boot-starter-security-plus,2.0.2.0,-,-,?,-,false,-
com.github.spt-oss,spring-boot-starter-test-plus,0.5.0,-,-,?,-,false,-
com.github.spt-oss,spring-boot-starter-web-plus,2.0.2.0,-,-,?,-,false,-
com.github.spt-oss,spt-java-commons,1.8.0.1,-,-,?,-,false,-
com.github.spt-oss,spt-java-settings,0.1.0,-,-,?,-,false,-
com.github.spt-oss,usertype-core-plus,0.2.1,-,-,?,-,false,-
com.github.svezfaz,akka-stream-checkpoint-core_2.11,0.0.3,-,-,?,-,false,-
com.github.svezfaz,akka-stream-checkpoint-core_2.12,0.0.3,-,-,?,-,false,-
com.github.svezfaz,akka-stream-checkpoint-dropwizard_2.11,0.0.3,-,-,?,-,false,-
com.github.svezfaz,akka-stream-checkpoint-dropwizard_2.12,0.0.3,-,-,?,-,false,-
com.github.svezfaz,akka-stream-checkpoint-kamon_2.11,0.0.3,-,-,?,-,false,-
com.github.svezfaz,akka-stream-checkpoint-kamon_2.12,0.0.3,-,-,?,-,false,-
com.github.tbje,sn-shell_native0.3_2.11,0.1,-,-,?,-,false,-
com.github.thinker0,mesos-health-checker,1.0.3,-,-,?,-,false,-
com.github.thinker0.metrics,metrics-opentsdb,1.1.5,-,-,?,-,false,-
com.github.thinker0,servo-opentsdb-publisher,1.0.1,-,-,?,-,false,-
com.github.tomtom-international.james,james-agent-common,1.1.3,-,-,?,-,false,-
com.github.tomtom-international.james,james-controller-webservice-api,1.1.3,-,-,?,-,false,-
com.github.tomtom-international.james,james-controller-webservice-client,1.1.3,-,-,?,-,false,-
com.github.ukase,handlebars-helpers-petrovich4j,1.7,-,-,?,-,false,-
com.github.vedenin.atoms,annotations,1.1,-,-,?,-,false,-
com.github.vedenin.atoms,atoms-htmlparser,0.1-jsoup-draft,-,-,?,-,false,-
com.github.vedenin.atoms,atoms-io,0.1-default-draft,-,-,?,-,false,-
com.github.vedenin.atoms,atoms-strings,0.1-default-draft,-,-,?,-,false,-
com.github.vedenin.atoms,collections,1.0-guava,-,-,?,-,false,-
com.github.vedenin,gwt_dnd,1.0,-,-,?,-,false,-
com.github.vibraedge,prac,0.0.2,-,-,?,-,false,-
com.github.waffle.demo,waffle-spring-boot-filter,1.9.1,-,-,?,-,false,-
com.github.waffle.demo,waffle-spring-boot-filter2,1.9.1,-,-,?,-,false,-
com.github.waffle,waffle-jetty,1.9.1,-,-,?,-,false,-
com.github.waffle,waffle-jna,1.9.1,-,-,?,-,false,-
com.github.waffle,waffle-shiro,1.9.1,-,-,?,-,false,-
com.github.waffle,waffle-spring-boot-autoconfigure,1.9.1,-,-,?,-,false,-
com.github.waffle,waffle-spring-boot-autoconfigure2,1.9.1,-,-,?,-,false,-
com.github.waffle,waffle-spring-boot-starter,1.9.1,-,-,?,-,false,-
com.github.waffle,waffle-spring-boot-starter2,1.9.1,-,-,?,-,false,-
com.github.waffle,waffle-spring-security3,1.8.3,-,-,?,-,false,-
com.github.waffle,waffle-spring-security4,1.9.1,-,-,?,-,false,-
com.github.waffle,waffle-spring-security5,1.9.1,-,-,?,-,false,-
com.github.waffle,waffle-tests,1.9.1,-,-,?,-,false,-
com.github.waffle,waffle-tomcat6,1.8.3,-,-,?,-,false,-
com.github.waffle,waffle-tomcat7,1.9.1,-,-,?,-,false,-
com.github.waffle,waffle-tomcat8,1.9.1,-,-,?,-,false,-
com.github.waffle,waffle-tomcat85,1.9.1,-,-,?,-,false,-
com.github.waffle,waffle-tomcat9,1.9.1,-,-,?,-,false,-
com.github.warmuuh,libsass-maven-plugin,0.2.10-libsass_3.5.3,-,-,?,-,false,-
com.github.wkp111,SocketSimple,1.0.2,-,-,?,-,false,-
com.github.wyukawa.elasticsearch.unofficial.jdbc.driver,elasticsearch-jdbc-driver,0.0.8,-,-,?,-,false,-
com.github.xiaoping1988.spring.boot,mybatis-ping-spring-boot,1.0.1,-,-,?,-,false,-
com.github.xiaoping1988.spring.boot,mybatis-ping-spring-boot-autoconfigure,1.0.1,-,-,?,-,false,-
com.github.xiaoping1988.spring.boot,mybatis-ping-spring-boot-starter,1.0.1,-,-,?,-,false,-
com.github.xiaoping1988.spring.boot,ping-spring-boot-sample-mybatis,1.0.1,-,-,?,-,false,-
com.github.xiaoping1988.spring.boot,swagger-ping-spring-boot-autoconfigure,1.0.1,-,-,?,-,false,-
com.github.xiaoping1988.spring.boot,swagger-ping-spring-boot-starter,1.0.1,-,-,?,-,false,-
com.github.xjtushilei,scriptspider,0.3,-,-,?,-,false,-
com.github.yamingd.android,sqlite-annotation,2.2.0,-,-,?,-,false,-
com.github.yamingd.android,sqlite-compiler,2.2.0,-,-,?,-,false,-
com.github.yanglifan.navi,navi-core,1.1.0,-,-,?,-,false,-
com.github.yanglifan.navi,navi-spring,1.1.0,-,-,?,-,false,-
com.github.youyinnn,YouDBUtils,1.0,-,-,?,-,false,-
com.github.youyinnn,you-db-utils,2.2.3,-,-,?,-,false,-
com.github.youyinnn,you-im,1.0,-,-,?,-,false,-
com.github.youyinnn,YouIM,1.0,-,-,?,-,false,-
com.github.youyinnn,you-quick-jetty,1.1,-,-,?,-,false,-
com.github.youyinnn,you-web-utils,1.8.4-jdkv1.7,-,-,?,-,false,sun.misc.BASE64Decoder                   Use java.util.Base64 @since 1.8
com.github.yuyenews,goddess-aop,0.1.1,-,-,?,-,false,-
com.github.yuyenews,goddess-core,0.1.1,-,-,?,-,false,-
com.github.yuyenews,goddess-ioc,0.1.1,-,-,?,-,false,-
com.github.yuyenews,goddess-jdbc,0.1.1,-,-,?,-,false,-
com.github.yuyenews,goddess-mvc,0.1.1,-,-,?,-,false,-
com.github.yuyenews,goddess-netty,0.1.1,-,-,?,-,false,-
com.github.yuyenews,goddess-server,0.1.1,-,-,?,-,false,-
com.github.yuyenews,goddess-start-all,0.1.1,-,-,?,-,false,-
com.github.yuyenews,goddess-start-simple,0.1.1,-,-,?,-,false,-
com.harana,scalajs-react-autoresponsive-macros_sjs0.6_2.12,1.0.0,-,-,?,-,false,-
com.harana,scalajs-react-autoresponsive_sjs0.6_2.12,1.0.0,-,-,?,-,false,-
me.schlaubi,commandCord,2.1.0,-,-,?,-,false,-
