groupId,artifactId,version,moduleName,moduleVersion,moduleMode,moduleDependencies,jdepsToolError,jdepsViolations
com.agapsys,agreste-core,0.1.0-20170606,-,-,?,-,false,-
com.agapsys,agreste-test,0.1.0-20170415,-,-,?,-,false,-
com.agapsys,console-utils,0.1.0-20170330,-,-,?,-,false,-
com.agapsys,embedded-servlet-container,0.1.0-20170513,-,-,?,-,false,-
com.agapsys,jpa-scanner-maven-plugin,0.1.0-20170330,-,-,?,-,false,-
com.agapsys,jpa-utils,0.1.0-20170527,-,-,?,-,false,-
com.agapsys,rcf-core,0.1.0-20170604,-,-,?,-,false,-
com.agapsys,rcf-scanner-maven-plugin,0.1.0-20170413,-,-,?,-,false,-
com.agapsys,scanner-maven-plugin-lib,0.1.0-20170322,-,-,?,-,false,-
com.agapsys,simple-http-client,0.1.0-20170513,-,-,?,-,false,-
com.agapsys,smtp-sender,0.1.0-20170413,-,-,?,-,false,-
com.agapsys,testing-servlet-container,0.1.0-20170513,-,-,?,-,false,-
com.agapsys,web-app-toolkit-core,0.1.0-20170603,-,-,?,-,false,-
com.agapsys,web-app-toolkit-test,0.1.0-20170415,-,-,?,-,false,-
com.aldaviva.easter4j,easter4j-calendar,1.0.0,-,-,?,-,false,-
com.aldaviva.easter4j,easter4j-core,1.0.0,-,-,?,-,false,-
com.aldaviva.easter4j,easter4j-jdk8,1.0.0,-,-,?,-,false,-
com.aldaviva.easter4j,easter4j-jodatime,1.0.0,-,-,?,-,false,-
com.aldaviva.easter4j,easter4j-test,1.0.0,-,-,?,-,false,-
com.apcc4m,sdoc,1.0.0,-,-,?,-,false,-
com.astutebits,jsquint-api,0.3.0,-,-,?,-,false,-
com.astutebits,jsquint-checkstyle,0.3.0,-,-,?,-,false,-
com.astutebits,jsquint-codenarc,0.2.0,-,-,?,-,false,-
com.astutebits,jsquint-findbugs,0.3.0,-,-,?,-,false,-
com.astutebits,jsquint-maven-plugin,0.3.0,-,-,?,-,false,-
com.astutebits,jsquint-pmd,0.3.0,-,-,?,-,false,-
com.bekioui.maven.plugin,merge-maven-plugin,1.1.0,-,-,?,-,false,-
com.calendarfx,recurrence,8.5.0,-,-,?,-,false,-
com.calendarfx,view,8.5.0,-,-,?,-,false,-
com.carmatechnologies.servlet,pam-servlet-filter,1.1.0,-,-,?,-,false,-
com.cognifide.cq.actions,com.cognifide.cq.actions.api,6.4.0,-,-,?,-,false,-
com.cognifide.cq.actions,com.cognifide.cq.actions.core,6.4.0,-,-,?,-,false,-
com.cognifide.cq.actions,com.cognifide.cq.actions.msg.push,6.4.0,-,-,?,-,false,-
com.cognifide.cq.actions,com.cognifide.cq.actions.msg.replication,6.4.0,-,-,?,-,false,-
com.cognifide.cq.actions,com.cognifide.cq.actions.msg.websocket,6.4.0,-,-,?,-,false,-
com.cognifide.cq,cqsm-bundle,3.1.0,-,-,?,-,false,-
com.cognifide.qa.bb,bb-aem-classic,1.5.0,-,-,?,-,false,-
com.cognifide.qa.bb,bb-aem-common,1.5.0,-,-,?,-,false,-
com.cognifide.qa.bb,bb-aem-integration-tests,1.1.4,-,-,?,-,false,-
com.cognifide.qa.bb,bb-core,1.5.0,-,-,?,-,false,-
com.cognifide.qa.bb,bb-core-tests,1.4.0,-,-,?,-,false,-
com.cognifide.qa.bb,bb-email,1.5.0,-,-,?,-,false,-
com.cognifide.qa.bb,bb-integration-tests,1.5.0,-,-,?,-,false,-
com.cognifide.qa.bb,bb-junit,1.5.0,-,-,?,-,false,-
com.cognifide.qa.bb,bb-junit5,1.5.0,-,-,?,-,false,-
com.cognifide.qa.bb,bb-reports,1.5.0,-,-,?,-,false,-
com.cognifide.qa.bb,bb-traffic,1.5.0,-,-,?,-,false,-
com.cognifide.slice,slice-base-test,4.4.0,-,-,?,-,false,-
com.cognifide.slice,slice-core,4.4.0,-,-,?,-,false,-
com.cognifide.slice,slice-core-api,4.4.0,-,-,?,-,false,-
com.cognifide.slice,slice-core-test,4.4.0,-,-,?,-,false,-
com.cognifide.slice,slice-mapper,4.4.0,-,-,?,-,false,-
com.cognifide.slice,slice-mapper-api,4.4.0,-,-,?,-,false,-
com.cognifide.slice,slice-mapper-test,4.4.0,-,-,?,-,false,-
com.cognifide.slice,slice-persistence,4.4.0,-,-,?,-,false,-
com.cognifide.slice,slice-persistence-api,4.4.0,-,-,?,-,false,-
com.concurrentli,concurrentli,1.1.0,-,-,?,-,false,-
com.daaso-consultancy,concise-xml-parser,0.9-java8-beta,-,-,?,-,false,-
com.daaso-consultancy,jpa-util,1.0-java8,-,-,?,-,false,-
com.daodecode,scalaj-collection_2.11,0.2.0,-,-,?,-,false,-
com.daodecode,scalaj-collection_2.12,0.2.0,-,-,?,-,false,-
com.daodecode,scalaj-googleoptional_2.11,0.2.0,-,-,?,-,false,-
com.daodecode,scalaj-googleoptional_2.12,0.2.0,-,-,?,-,false,-
com.daodecode,scalax-collection_2.11,0.2.2,-,-,?,-,false,-
com.daodecode,scalax-collection_2.12,0.2.2,-,-,?,-,false,-
com.databricks,SnpEff,4.3.1,-,-,?,-,false,-
com.databricks,spark-avro_2.10,4.0.0,-,-,?,-,false,-
com.databricks,spark-avro_2.11,4.0.0,-,-,?,-,false,-
com.datatorrent,netlet,1.3.2,-,-,?,-,false,-
com.devialab,graphql-schema-generator_2.12,0.0.1,-,-,?,-,false,-
com.devialab,jackson-jsonld-maven,0.0.4,-,-,?,-,false,-
com.eatthepath,fast-uuid,0.1,-,-,?,-,false,-
com.eqela,jkop-java-console,1.0.20180421,-,-,?,-,false,-
com.genability,genability-client,1.10.0,-,-,?,-,false,-
com.hp.autonomy.aci.client,aci-annotations-processor,1.0.1,-,-,?,-,false,-
com.hp.autonomy.aci.client,aci-api,12.0.0,-,-,?,-,false,-
com.hp.autonomy.aci.content,content-parameter-api,3.0.1,-,-,?,-,false,-
com.hp.autonomy.frontend,aci-types,0.24.1,-,-,?,-,false,-
com.hp.autonomy.frontend.configuration,configuration-authentication,0.13.0,-,-,?,-,false,-
com.hp.autonomy.frontend.configuration,configuration-idol,5.6.0,-,-,?,-,false,-
com.hp.autonomy.frontend.configuration,configuration-impl,2.1.3,-,-,?,-,false,-
com.hp.autonomy.frontend,haven-search-components-core,0.60.1,-,-,?,-,false,-
com.hp.autonomy.frontend,haven-search-components-hod,0.60.1,-,-,?,-,false,-
com.hp.autonomy.frontend,haven-search-components-idol,0.60.1,-,-,?,-,false,-
com.hp.autonomy.frontend,idol-types,1.16.1,-,-,?,-,false,-
com.hp.autonomy.frontend,logging,1.1.4,-,-,?,-,false,-
com.hp.autonomy.frontend.reports.powerpoint,powerpoint-report,1.1.0,-,-,?,-,false,-
com.hp.autonomy.frontend.user,idol-user-service,3.6.0,-,-,?,-,false,-
com.hp.autonomy.hod,hod-spring-caching,0.6.0,-,-,?,-,false,-
com.hp.autonomy.hod,hod-sso-spring-security,0.9.0,-,-,?,-,false,-
com.hp.autonomy.hod,java-hod-client,0.25.1,-,-,?,-,false,-
com.hp.jipp,jipp-core,0.6.1,-,-,?,-,false,-
com.hp.jipp,jipp-pdl,0.6.1,-,-,?,-,false,-
com.hp.score.sdk,score-content-sdk,1.10.7,-,-,?,-,false,-
com.inexas,oak,0.1.7,-,-,?,-,false,-
com.inexas,util,0.1.6,-,-,?,-,false,-
com.ingres.jdbc,iijdbc,10.2-4.1.10,-,-,?,-,false,-
com.jayantkrish.jklol,jklol,1.2.1,-,-,?,-,false,-
com.jayantkrish.pnp,pnp_2.11,0.1.3,-,-,?,-,false,-
com.johnsnowlabs.nlp,spark-nlp_2.11,1.6.2,-,-,?,-,false,-
com.libfintech,verification,2.1,-,-,?,-,false,-
com.liferay,com.liferay.asset.publisher.web,1.3.6,-,-,?,-,false,-
com.liferay,com.liferay.dynamic.data.mapping.form.field.type,2.0.5,-,-,?,-,false,-
com.liferay,com.liferay.exportimport.service,3.3.0,-,-,?,-,false,-
com.liferay,com.liferay.frontend.editor.lang,1.0.2,-,-,?,-,false,-
com.liferay,com.liferay.layout.admin.web,1.0.18,-,-,?,-,false,-
com.liferay,com.liferay.petra.doulos,3.2.3,-,-,?,-,false,sun.misc.Unsafe                          See http://openjdk.java.net/jeps/260
com.liferay,com.liferay.petra.mail,1.0.5,-,-,?,-,false,-
com.liferay,com.liferay.polls.service,3.0.10,-,-,?,-,false,-
com.liferay,com.liferay.portal.background.task.service,2.0.10,-,-,?,-,false,-
com.liferay,com.liferay.portal.configuration.cluster,2.1.2,-,-,?,-,false,-
com.liferay,com.liferay.portal.configuration.extender,2.0.7,-,-,?,-,false,-
com.liferay,com.liferay.portal.configuration.module.configuration,2.0.4,-,-,?,-,false,-
com.liferay,com.liferay.portal.language.extender,2.0.2,-,-,?,-,false,-
com.liferay,com.liferay.portal.language.servlet.filter,2.0.2,-,-,?,-,false,-
com.liferay,com.liferay.portal.lock.service,2.0.6,-,-,?,-,false,-
com.liferay,com.liferay.portal.messaging,3.0.4,-,-,?,-,false,-
com.liferay,com.liferay.portal.monitoring,4.0.9,-,-,?,-,false,-
com.liferay,com.liferay.portal.remote.http.tunnel.extender,2.0.2,-,-,?,-,false,-
com.liferay,com.liferay.portal.remote.rest.extender,2.0.4,-,-,?,-,false,-
com.liferay,com.liferay.portal.scheduler.quartz,2.1.2,-,-,?,-,false,-
com.liferay,com.liferay.portal.scripting.executor,2.1.1,-,-,?,-,false,-
com.liferay,com.liferay.portal.search,3.4.5,-,-,?,-,false,-
com.liferay,com.liferay.portal.search.solr,2.0.7,-,-,?,-,false,-
com.liferay,com.liferay.portal.search.web,1.1.10,-,-,?,-,false,-
com.liferay,com.liferay.portal.security.antisamy,2.0.4,-,-,?,-,false,-
com.liferay,com.liferay.portal.security.auth.verifier,2.0.2,-,-,?,-,false,-
com.liferay,com.liferay.portal.security.service.access.policy.service,2.0.11,-,-,?,-,false,-
com.liferay,com.liferay.portal.settings.authentication.ldap.web,1.0.7,-,-,?,-,false,-
com.liferay,com.liferay.portal.store.cmis,2.0.4,-,-,?,-,false,-
com.liferay,com.liferay.portal.store.file.system,2.0.3,-,-,?,-,false,-
com.liferay,com.liferay.portal.store.jcr,2.0.2,-,-,?,-,false,-
com.liferay,com.liferay.portal.store.s3,2.0.5,-,-,?,-,false,-
com.liferay,com.liferay.portal.template.freemarker,2.0.14,-,-,?,-,false,-
com.liferay,com.liferay.portal.template.velocity,2.0.8,-,-,?,-,false,-
com.liferay,com.liferay.portal.template.xsl,2.0.2,-,-,?,-,false,-
com.liferay,com.liferay.portal.workflow.kaleo.api,2.0.1,-,-,?,-,false,-
com.liferay,com.liferay.portal.workflow.kaleo.definition.api,2.0.2,-,-,?,-,false,-
com.liferay,com.liferay.portal.workflow.kaleo.definition.impl,2.0.1,-,-,?,-,false,-
com.liferay,com.liferay.portal.workflow.kaleo.runtime.impl,2.0.7,-,-,?,-,false,-
com.liferay,com.liferay.portal.workflow.kaleo.service,2.0.14,-,-,?,-,false,-
com.liferay,com.liferay.portal.workflow.task.web,1.0.11,-,-,?,-,false,-
com.liferay,com.liferay.product.navigation.control.menu.theme.contributor,2.0.4,-,-,?,-,false,-
com.liferay,com.liferay.product.navigation.control.menu.web,2.0.7,-,-,?,-,false,-
com.liferay,com.liferay.push.notifications.service,1.0.7,-,-,?,-,false,-
com.liferay.portal,com.liferay.portal.impl,2.24.0,-,-,?,-,false,-
com.martensigwart,fakeload,0.4.0,-,-,?,-,false,-
com.mendhak.gradlecrowdin,crowdin-plugin,0.1.0,-,-,?,-,false,-
com.mobgen.halo.android,halo-content-annotations,2.5.4,-,-,?,-,false,-
com.mobgen.halo.android,halo-content-processor,2.5.4,-,-,?,-,false,-
com.mobgen.halo.android,halo-plugin,2.5.4,-,-,?,-,false,-
com.mohamnag,javafx-webview-debugger,0.0.1,-,-,?,-,false,-
com.n3twork.dynamap,dynamap,0.9.42,-,-,?,-,false,-
com.noctarius.borabora,borabora,1.0.0-MS1,-,-,?,-,false,sun.misc.Unsafe                          See http://openjdk.java.net/jeps/260
com.noctarius.snowcast,snowcast,1.0.0,-,-,?,-,false,sun.misc.Unsafe                          See http://openjdk.java.net/jeps/260
com.orendainx.hortonworks.trucking,commons_2.12,0.5.0,-,-,?,-,false,-
com.orendainx.hortonworks.trucking,enrichment_2.12,0.5.0,-,-,?,-,false,-
com.orendainx.hortonworks.trucking,schema-registrar_2.12,0.5.0,-,-,?,-,false,-
com.orendainx.hortonworks.trucking,simulator_2.12,0.5.0,-,-,?,-,false,-
com.orendainx.trucking,trucking-commons_2.12,0.5.4,-,-,?,-,false,-
com.orendainx.trucking,trucking-enrichment_2.12,0.5.4,-,-,?,-,false,-
com.orendainx.trucking,trucking-schema-registrar_2.12,0.5.4,-,-,?,-,false,-
com.orendainx.trucking,trucking-simulator_2.12,0.5.4,-,-,?,-,false,-
com.pingidentity.oss,token-binding-java,1.0.0,-,-,?,-,false,-
com.quantarray,skylark_2.11,0.16.0,-,-,?,-,false,-
com.quantarray,skylark_2.12,0.17.0,-,-,?,-,false,-
com.quantarray,skylark-measure_2.11,0.16.0,-,-,?,-,false,-
com.quantarray,skylark-measure_2.12,0.17.0,-,-,?,-,false,-
com.quantarray,skylark-measure-macros_2.11,0.16.0,-,-,?,-,false,-
com.quantarray,skylark-measure-macros_2.12,0.17.0,-,-,?,-,false,-
com.rapatao.sparkjava,spark-spring-annotation-support,1.0.0,-,-,?,-,false,-
com.rapatao.sparkjava,spark-spring-core,1.0.0,-,-,?,-,false,-
com.rapatao.sparkjava,spark-spring-xml-support,1.0.0,-,-,?,-,false,-
com.rapatao.vertx,vertx-java-helper,0.0.7,-,-,?,-,false,-
com.rudolfschmidt,alkun,4.0.0,com.rudolfschmidt.alkun,-,explicit,gson + com.rudolfschmidt.http + jdk.httpserver + java.logging + java.base,true,-
com.rudolfschmidt,amr,1.0,-,-,?,-,false,-
com.rudolfschmidt.http,http,1.0.1,com.rudolfschmidt.http,-,explicit,java.base,false,-
com.rudolfschmidt,javase8-assembly-archetype,1.1,-,-,?,-,false,-
com.rudolfschmidt,majara,2.0,-,-,?,-,false,-
com.rudolfschmidt,najm,1.3,-,-,?,-,false,-
com.sauldhernandez,autoschema_2.11,1.0.4,-,-,?,-,false,-
com.sauldhernandez,autoschema_2.12,1.0.4,-,-,?,-,false,-
com.scireum,jpod,2.0,-,-,?,-,false,-
com.scireum,sirius-biz,7.0-rc7,-,-,?,-,false,-
com.scireum,sirius-ipl,2.0-rc4,-,-,?,-,false,-
com.scireum,sirius-kernel,12.0-rc18,-,-,?,-,false,-
com.serjltt.moshi,moshi-lazy-adapters,2.2,-,-,?,-,false,-
com.serphacker.serposcope,core,2.9.0,-,-,?,-,false,-
com.serphacker.serposcope,scraper,2.9.0,-,-,?,-,false,-
com.serphacker.serposcope,web,2.9.0,-,-,?,-,false,-
com.silvermindsoftware.stripes,stripes-guice,4.0.0,-,-,?,-,false,-
com.soento.cms,soento-cms-devtools,1.0.0-RELEASE,-,-,?,-,false,-
com.soento.cms,soento-cms-sample,1.0.0-RELEASE,-,-,?,-,false,-
com.soento.cms,soento-cms-system,1.0.0-RELEASE,-,-,?,-,false,-
com.soento.framework,framework-core,0.0.1,-,-,?,-,false,-
com.soento.framework,framework-persistence,0.0.1,-,-,?,-,false,-
com.soento.framework,framework-web,0.0.1,-,-,?,-,false,-
com.soento,soento-cms,1.0.2-RELEASE,-,-,?,-,false,-
com.soento,soento-cms-devtools,1.0.0-RELEASE,-,-,?,-,false,-
com.soento,soento-core,1.0.2-RELEASE,-,-,?,-,false,-
com.soento,soento-web,1.0.2-RELEASE,-,-,?,-,false,-
com.soento,soento-websocket,1.0.2-RELEASE,-,-,?,-,false,-
com.storedobject,so-common,1.0.0,-,-,?,-,false,-
com.swisscom.cloud.sb,broker,4.1.2,-,-,?,-,false,sun.reflect.generics.reflectiveObjects.NotImplementedException Removed. See http://openjdk.java.net/jeps/260
com.swisscom.cloud.sb,client,4.1.2,-,-,?,-,false,-
com.swisscom.cloud.sb,model,4.1.2,-,-,?,-,false,-
com.synopsys.integration,coverity-common,0.1.2,-,-,?,-,false,-
com.synopsys.integration,Int-Swip-Common-Library,0.0.1,-,-,?,-,false,-
com.synopsys.integration,swip-common,0.1.2,-,-,?,-,false,-
com.twilio,guardrail_2.12,0.37.1-M1,-,-,?,-,false,-
com.twilio,guardrail-maven-plugin_2.12,0.37.1-M1,-,-,?,-,false,-
com.twilio.sdk,twilio,7.24.1,-,-,?,-,false,-
com.twilio.sdk,twilio-java-sdk,7.0.0-rc-10,-,-,?,-,false,-
com.uchicom,csve,1.0.0,-,-,?,-,false,-
com.uchicom,cws,1.0.0,-,-,?,-,false,-
com.uchicom,jsong,0.1.0,-,-,?,-,false,-
com.uchicom,rept,0.0.1,-,-,?,-,false,-
com.uchicom,server,0.1.0,-,-,?,-,false,-
com.uchicom,ui,1.1.0,-,-,?,-,false,-
com.uchicom,util,1.0.0,-,-,?,-,false,-
com.uchicom,wjm,0.1,-,-,?,-,false,-
com.viber,viber-bot,1.0.11,-,-,?,-,false,-
