groupId,artifactId,version,moduleName,moduleVersion,moduleMode,moduleDependencies,jdepsToolError,jdepsViolations
com.beeinstant,metrics,1.1.7,-,-,?,-,false,-
com.britesnow,snow,2.0.9,-,-,?,-,false,-
com.elephantdrummer,drummer,1.2.3,-,-,?,-,false,-
com.elephantdrummer,drummer-spring-integrator,1.0.0,-,-,?,-,false,-
com.elfinitiy,arg-parser,0.1.1,-,-,?,-,false,-
com.finovertech,vertx-config-aws-ssm,0.3.0,-,-,?,-,false,-
com.google.api-ads,ads-lib,4.0.0,-,-,?,-,false,-
com.google.api-ads,ads-lib-appengine,4.0.0,-,-,?,-,false,-
com.google.api-ads,ads-lib-axis,4.0.0,-,-,?,-,false,-
com.google.api-ads,adwords-appengine,4.0.0,-,-,?,-,false,-
com.google.api-ads,adwords-axis,4.0.0,-,-,?,-,false,-
com.google.api-ads,adwords-extension-ratelimiter,0.1.3,-,-,?,-,false,-
com.google.api-ads,dfp-appengine,4.0.0,-,-,?,-,false,-
com.google.api-ads,dfp-axis,4.0.0,-,-,?,-,false,-
com.google.api-ads,google-ads,0.3.1,-,-,?,-,false,-
com.google.appengine,appengine-agentimpl-sdk,1.9.49,-,-,?,-,false,-
com.google.appengine,appengine-api-1.0-sdk,1.9.64,-,-,?,-,false,sun.misc.Unsafe                          See http://openjdk.java.net/jeps/260
com.google.appengine,appengine-api-labs,1.9.64,-,-,?,-,false,sun.misc.Unsafe                          See http://openjdk.java.net/jeps/260
com.google.appengine,appengine-api-stubs,1.9.64,-,-,?,-,false,-
com.google.appengine,appengine-endpoints,1.9.64,-,-,?,-,false,-
com.google.appengine,appengine-endpoints-deps,1.9.64,-,-,?,-,false,-
com.google.appengine,appengine-jsr107cache,1.9.64,-,-,?,-,false,-
com.google.appengine,appengine-local-endpoints,1.9.64,-,-,?,-,false,-
com.google.appengine,appengine-local-runtime,1.9.64,-,-,?,-,false,sun.misc.Unsafe                          See http://openjdk.java.net/jeps/260 + sun.reflect.Reflection                   Use java.lang.StackWalker @since 9
com.google.appengine,appengine-local-runtime-shared,1.9.64,-,-,?,-,false,-
com.google.appengine,appengine-maven-plugin,1.9.64,-,-,?,-,false,-
com.google.appengine,appengine-remote-api,1.9.64,-,-,?,-,false,sun.misc.Unsafe                          See http://openjdk.java.net/jeps/260
com.google.appengine,appengine-testing,1.9.64,-,-,?,-,false,sun.misc.Unsafe                          See http://openjdk.java.net/jeps/260
com.google.appengine,appengine-tools-sdk,1.9.64,-,-,?,-,false,sun.misc.Unsafe                          See http://openjdk.java.net/jeps/260
com.google.appengine,gradle-appengine-plugin,1.9.59,-,-,?,-,false,-
com.google.appengine.tools,appengine-gcs-client,0.8,-,-,?,-,false,-
com.google.appengine.tools,appengine-mapreduce,0.9,-,-,?,-,false,-
com.google.cloud.trace,annotation,0.7.0,-,-,?,-,false,-
com.google.cloud.trace,appengine-standard-service,0.7.0,-,-,?,-,false,-
com.google.cloud.trace,core,0.7.0,-,-,?,-,false,-
com.google.cloud.trace,guice-annotation,0.7.0,-,-,?,-,false,-
com.google.cloud.trace,guice-core,0.7.0,-,-,?,-,false,-
com.google.cloud.trace,guice-google-auth,0.7.0,-,-,?,-,false,-
com.google.cloud.trace,guice-java-timestamp,0.7.0,-,-,?,-,false,-
com.google.cloud.trace,guice-joda-timestamp,0.7.0,-,-,?,-,false,-
com.google.cloud.trace,guice-servlet,0.7.0,-,-,?,-,false,-
com.google.cloud.trace,guice-single-thread-scheduler,0.7.0,-,-,?,-,false,-
com.google.cloud.trace,guice-v1,0.7.0,-,-,?,-,false,-
com.google.cloud.trace,implementation,0.7.0,-,-,?,-,false,-
com.google.cloud.trace,java-timestamp,0.7.0,-,-,?,-,false,-
com.google.cloud.trace,joda-timestamp,0.7.0,-,-,?,-,false,-
com.google.cloud.trace,logging-service,0.7.0,-,-,?,-,false,-
com.google.cloud.trace,service,0.7.0,-,-,?,-,false,-
com.google.cloud.trace,servlet,0.7.0,-,-,?,-,false,-
com.google.cloud.trace,sink,0.3.2,-,-,?,-,false,-
com.google.cloud.trace,trace-grpc-api-service,0.7.0,-,-,?,-,false,-
com.google.cloud.trace.v1,grpc-consumer,0.7.0,-,-,?,-,false,-
com.google.cloud.trace.v1,http-consumer,0.7.0,-,-,?,-,false,-
com.google.cloud.trace.v1,sink,0.7.0,-,-,?,-,false,-
com.google.gms,google-services,3.1.1,-,-,?,-,false,-
com.google.gradle,osdetector-gradle-plugin,1.6.0,-,-,?,-,false,-
com.google.truth.extensions,truth-java8-extension,0.42,-,-,?,-,false,-
com.google.truth.extensions,truth-liteproto-extension,0.42,-,-,?,-,false,-
com.google.truth.extensions,truth-proto-extension,0.42,-,-,?,-,false,-
com.google.truth.extensions,truth-re2j-extension,0.42,-,-,?,-,false,-
com.google.truth,truth,0.42,-,-,?,-,false,-
com.hanhuy.android,iota_2.10,2.0.0-RC3,-,-,?,-,false,-
com.hanhuy.android,iota_2.11,2.0.0-RC3,-,-,?,-,false,-
com.hanhuy.android,iota-pure_2.11,0.2,-,-,?,-,false,-
com.hanhuy,sirc,1.1.6-pfn.3,-,-,?,-,false,-
com.joptimizer,joptimizer,5.0.0,-,-,?,-,false,-
com.kinja,macrame_2.11,1.2.7,-,-,?,-,false,-
com.kinja,macrame_2.12,1.2.7,-,-,?,-,false,-
com.kinja,macrame-play_2.11,1.1.2-play-2.6.x,-,-,?,-,false,-
com.kinja,macrame-play_2.12,1.1.2-play-2.6.x,-,-,?,-,false,-
com.kinja,macrame-scalaz_2.11,1.0.2-scalaz-7.2.x,-,-,?,-,false,-
com.kinja,macrame-scalaz_2.12,1.0.2-scalaz-7.2.x,-,-,?,-,false,-
com.kinja,safe-config_2.11,1.1.1,-,-,?,-,false,-
com.kinja,safe-config_2.12,1.1.1,-,-,?,-,false,-
com.kinja,soy_2.11,3.0.0,-,-,?,-,false,-
com.mikesamuel,json-sanitizer,1.2.0,-,-,?,-,false,-
com.nicopolyptic,state_2.12,0.0.1,-,-,?,-,false,-
com.nicopolyptic,vlog_2.12,0.0.1,-,-,?,-,false,-
com.rationaleemotions,junitreport,1.0.0,-,-,?,-,false,-
com.rationaleemotions,just-ask,1.0.3,-,-,?,-,false,-
com.rationaleemotions,simple-se-pageobjects,1.0.3,-,-,?,-,false,-
com.rationaleemotions,simple-ssh,1.0.2,-,-,?,-,false,-
com.rationaleemotions,talk2grid,1.2.0,-,-,?,-,false,-
com.rivieracode,RivieraRealm.Lib,1.0.0,-,-,?,-,false,-
com.rivieracode,RivieraVault.Lib,1.0.0,-,-,?,-,false,-
com.socrata,soda-api-java,0.10.1,-,-,?,-,false,-
com.socrata,soda-consumer-scala_2.10,2.0.9,-,-,?,-,false,-
com.socrata,soda-consumer-scala_2.11,2.0.9,-,-,?,-,false,-
com.socrata,soda-publisher-scala_2.11,2.0.9,-,-,?,-,false,-
com.socrata,soda-publisher-scala_2.12,2.0.9,-,-,?,-,false,-
com.socrata,soda-scala_2.10,2.0.6,-,-,?,-,false,-
com.socrata,soda-scala_2.11,2.0.6,-,-,?,-,false,-
com.socrata,soda-scala_2.12,2.0.6,-,-,?,-,false,-
com.sprylab.android.texturevideoview,sample,1.2.1,-,-,?,-,false,-
com.sprylab.android.texturevideoview,texturevideoview,1.2.1,-,-,?,-,false,-
com.sprylab.webinloop,ant-webinloop-task,0.9.0,-,-,?,-,false,-
com.sprylab.webinloop,webinloop,0.9.0,-,-,?,-,false,-
com.sprylab.webinloop,webinloop-maven-plugin,0.9.0,-,-,?,-,false,-
com.sprylab.xar,xar,0.9.7,-,-,?,-,false,-
com.sprylab.xar,xar-cli,0.9.7,-,-,?,-,false,-
com.sprylab.xar,xar-http,0.9.7,-,-,?,-,false,-
com.truthbean.code,excel4j,0.0.2-RELEASE,-,-,?,-,false,-
com.woorea,ceilometer-client,3.2.4,-,-,?,-,false,-
com.woorea,ceilometer-model,3.2.4,-,-,?,-,false,-
com.woorea,cinder-client,3.2.4,-,-,?,-,false,-
com.woorea,cinder-model,3.2.4,-,-,?,-,false,-
com.woorea,glance-client,3.2.4,-,-,?,-,false,-
com.woorea,glance-model,3.2.4,-,-,?,-,false,-
com.woorea,heat-client,3.2.4,-,-,?,-,false,-
com.woorea,heat-model,3.2.4,-,-,?,-,false,-
com.woorea,jersey2-connector,3.2.4,-,-,?,-,false,-
com.woorea,jersey-connector,3.2.4,-,-,?,-,false,-
com.woorea,keystone-client,3.2.4,-,-,?,-,false,-
com.woorea,keystone-model,3.2.4,-,-,?,-,false,-
com.woorea,nova-client,3.2.4,-,-,?,-,false,-
com.woorea,nova-model,3.2.4,-,-,?,-,false,-
com.woorea,openstack-client,3.2.4,-,-,?,-,false,-
com.woorea,openstack-console,3.2.4,-,-,?,-,false,-
com.woorea,openstack-examples,3.2.4,-,-,?,-,false,-
com.woorea,quantum-client,3.2.4,-,-,?,-,false,-
com.woorea,quantum-model,3.2.4,-,-,?,-,false,-
com.woorea,resteasy-connector,3.2.4,-,-,?,-,false,-
com.woorea,swift-client,3.2.4,-,-,?,-,false,-
com.woorea,swift-model,3.2.4,-,-,?,-,false,-
com.yunyear.code,api-doc,1.0.0,-,-,?,-,false,-
