groupId,artifactId,version,moduleName,moduleVersion,moduleMode,moduleDependencies,jdepsToolError,jdepsViolations
cn.antcore,spring-boot-starter-ant-kafka,0.0.1-RELEASE,-,-,?,-,false,-
com.ardikars.common,common,1.2.0.RC1,-,-,?,-,false,-
com.ardikars.common,common-annotation,1.2.0.RC1,-,-,?,-,false,-
com.ardikars.common,common-net,1.2.0.RC1,-,-,?,-,false,-
com.ardikars.common,common-util,1.2.0.RC1,-,-,?,-,false,-
com.bitmovin.api,bitmovin-java,1.34.0,-,-,?,-,false,-
com.deltaprojects,lagom-opentracing_2.11,0.2.3,-,-,?,-,false,-
com.deltaprojects,lagom-opentracing_2.12,0.2.3,-,-,?,-,false,-
com.github.skjolber,3d-bin-container-packing,1.0.9,-,-,?,-,false,-
com.helger,jcodemodel,3.1.0,com.helger.jcodemodel,-,automatic,-,false,-
com.lihaoyi,ammonite_2.11.3,1.1.2-29-2e6570e,-,-,?,-,false,-
com.lihaoyi,ammonite_2.11.4,1.1.2-29-2e6570e,-,-,?,-,false,-
com.lihaoyi,ammonite_2.11.5,1.1.2-29-2e6570e,-,-,?,-,false,-
com.lihaoyi,ammonite_2.11.6,1.1.2-29-2e6570e,-,-,?,-,false,-
com.lihaoyi,ammonite_2.11.7,1.1.2-29-2e6570e,-,-,?,-,false,-
com.lihaoyi,ammonite_2.11.8,1.1.2-29-2e6570e,-,-,?,-,false,-
com.lihaoyi,ammonite_2.12.1,1.1.2-29-2e6570e,-,-,?,-,false,-
com.lihaoyi,ammonite_2.12.2,1.1.2-29-2e6570e,-,-,?,-,false,-
com.lihaoyi,ammonite_2.12.3,1.1.2-29-2e6570e,-,-,?,-,false,-
com.lihaoyi,ammonite_2.12.4,1.1.2-29-2e6570e,-,-,?,-,false,-
com.lihaoyi,ammonite_2.12.6,1.1.2-29-2e6570e,-,-,?,-,false,-
com.lihaoyi,ammonite-interp_2.11.3,1.1.2-29-2e6570e,-,-,?,-,false,-
com.lihaoyi,ammonite-interp_2.11.4,1.1.2-29-2e6570e,-,-,?,-,false,-
com.lihaoyi,ammonite-interp_2.11.5,1.1.2-29-2e6570e,-,-,?,-,false,-
com.lihaoyi,ammonite-interp_2.11.6,1.1.2-29-2e6570e,-,-,?,-,false,-
com.lihaoyi,ammonite-interp_2.11.7,1.1.2-29-2e6570e,-,-,?,-,false,-
com.lihaoyi,ammonite-interp_2.11.8,1.1.2-29-2e6570e,-,-,?,-,false,-
com.lihaoyi,ammonite-interp_2.12.2,1.1.2-29-2e6570e,-,-,?,-,false,-
com.lihaoyi,ammonite-interp_2.12.3,1.1.2-29-2e6570e,-,-,?,-,false,-
com.lihaoyi,ammonite-interp_2.12.4,1.1.2-29-2e6570e,-,-,?,-,false,-
com.lihaoyi,ammonite-interp_2.12.6,1.1.2-29-2e6570e,-,-,?,-,false,-
com.lihaoyi,ammonite-ops_2.12,1.1.2-29-2e6570e,-,-,?,-,false,-
com.lihaoyi,ammonite-repl_2.11.3,1.1.2-29-2e6570e,-,-,?,-,false,sun.misc.Signal                          See http://openjdk.java.net/jeps/260 + sun.misc.SignalHandler                   See http://openjdk.java.net/jeps/260
com.lihaoyi,ammonite-repl_2.11.4,1.1.2-29-2e6570e,-,-,?,-,false,sun.misc.Signal                          See http://openjdk.java.net/jeps/260 + sun.misc.SignalHandler                   See http://openjdk.java.net/jeps/260
com.lihaoyi,ammonite-repl_2.11.5,1.1.2-29-2e6570e,-,-,?,-,false,sun.misc.Signal                          See http://openjdk.java.net/jeps/260 + sun.misc.SignalHandler                   See http://openjdk.java.net/jeps/260
com.lihaoyi,ammonite-repl_2.11.6,1.1.2-29-2e6570e,-,-,?,-,false,sun.misc.Signal                          See http://openjdk.java.net/jeps/260 + sun.misc.SignalHandler                   See http://openjdk.java.net/jeps/260
com.lihaoyi,ammonite-repl_2.11.7,1.1.2-29-2e6570e,-,-,?,-,false,sun.misc.Signal                          See http://openjdk.java.net/jeps/260 + sun.misc.SignalHandler                   See http://openjdk.java.net/jeps/260
com.lihaoyi,ammonite-repl_2.11.8,1.1.2-29-2e6570e,-,-,?,-,false,sun.misc.Signal                          See http://openjdk.java.net/jeps/260 + sun.misc.SignalHandler                   See http://openjdk.java.net/jeps/260
com.lihaoyi,ammonite-repl_2.12.1,1.1.2-29-2e6570e,-,-,?,-,false,sun.misc.Signal                          See http://openjdk.java.net/jeps/260 + sun.misc.SignalHandler                   See http://openjdk.java.net/jeps/260
com.lihaoyi,ammonite-repl_2.12.2,1.1.2-29-2e6570e,-,-,?,-,false,sun.misc.Signal                          See http://openjdk.java.net/jeps/260 + sun.misc.SignalHandler                   See http://openjdk.java.net/jeps/260
com.lihaoyi,ammonite-repl_2.12.3,1.1.2-29-2e6570e,-,-,?,-,false,sun.misc.Signal                          See http://openjdk.java.net/jeps/260 + sun.misc.SignalHandler                   See http://openjdk.java.net/jeps/260
com.lihaoyi,ammonite-repl_2.12.4,1.1.2-29-2e6570e,-,-,?,-,false,sun.misc.Signal                          See http://openjdk.java.net/jeps/260 + sun.misc.SignalHandler                   See http://openjdk.java.net/jeps/260
com.lihaoyi,ammonite-repl_2.12.6,1.1.2-29-2e6570e,-,-,?,-,false,sun.misc.Signal                          See http://openjdk.java.net/jeps/260 + sun.misc.SignalHandler                   See http://openjdk.java.net/jeps/260
com.lihaoyi,ammonite-runtime_2.12,1.1.2-29-2e6570e,-,-,?,-,false,-
com.lihaoyi,ammonite-shell_2.11.3,1.1.2-29-2e6570e,-,-,?,-,false,-
com.lihaoyi,ammonite-shell_2.11.4,1.1.2-29-2e6570e,-,-,?,-,false,-
com.lihaoyi,ammonite-shell_2.11.5,1.1.2-29-2e6570e,-,-,?,-,false,-
com.lihaoyi,ammonite-shell_2.11.6,1.1.2-29-2e6570e,-,-,?,-,false,-
com.lihaoyi,ammonite-shell_2.11.7,1.1.2-29-2e6570e,-,-,?,-,false,-
com.lihaoyi,ammonite-shell_2.12.1,1.1.2-29-2e6570e,-,-,?,-,false,-
com.lihaoyi,ammonite-shell_2.12.2,1.1.2-29-2e6570e,-,-,?,-,false,-
com.lihaoyi,ammonite-shell_2.12.3,1.1.2-29-2e6570e,-,-,?,-,false,-
com.lihaoyi,ammonite-shell_2.12.4,1.1.2-29-2e6570e,-,-,?,-,false,-
com.lihaoyi,ammonite-shell_2.12.6,1.1.2-29-2e6570e,-,-,?,-,false,-
com.lihaoyi,ammonite-sshd_2.11.3,1.1.2-29-2e6570e,-,-,?,-,false,-
com.lihaoyi,ammonite-sshd_2.11.4,1.1.2-29-2e6570e,-,-,?,-,false,-
com.lihaoyi,ammonite-sshd_2.11.5,1.1.2-29-2e6570e,-,-,?,-,false,-
com.lihaoyi,ammonite-sshd_2.11.6,1.1.2-29-2e6570e,-,-,?,-,false,-
com.lihaoyi,ammonite-sshd_2.11.7,1.1.2-29-2e6570e,-,-,?,-,false,-
com.lihaoyi,ammonite-sshd_2.12.1,1.1.2-29-2e6570e,-,-,?,-,false,-
com.lihaoyi,ammonite-sshd_2.12.2,1.1.2-29-2e6570e,-,-,?,-,false,-
com.lihaoyi,ammonite-sshd_2.12.3,1.1.2-29-2e6570e,-,-,?,-,false,-
com.lihaoyi,ammonite-sshd_2.12.4,1.1.2-29-2e6570e,-,-,?,-,false,-
com.lihaoyi,ammonite-sshd_2.12.6,1.1.2-29-2e6570e,-,-,?,-,false,-
com.lihaoyi,ammonite-terminal_2.12,1.1.2-29-2e6570e,-,-,?,-,false,-
com.lihaoyi,ammonite-util_2.12,1.1.2-29-2e6570e,-,-,?,-,false,-
com.lihaoyi,mill-contrib_2.12,0.2.6-19-807e47,-,-,?,-,false,-
com.lihaoyi,mill-contrib-buildinfo_2.12,0.2.6-19-807e47,-,-,?,-,false,-
com.lihaoyi,mill-contrib-scalapblib_2.12,0.2.6-19-807e47,-,-,?,-,false,-
com.lihaoyi,mill-contrib-testng,0.2.6-19-807e47,-,-,?,-,false,-
com.lihaoyi,mill-contrib-twirllib_2.12,0.2.6-19-807e47,-,-,?,-,false,-
com.lihaoyi,mill-core_2.12,2018-02-10T22-20-56-317Z-719ff8a6d79093d390b0d5ce7d01755e65fcd484,-,-,?,-,false,-
com.lihaoyi,mill-core-moduledefs_2.12,0.2.6-19-807e47,-,-,?,-,false,-
com.lihaoyi,mill-dev_2.12,0.2.6-19-807e47,-,-,?,-,false,-
com.lihaoyi,mill-integration_2.12,2018-02-10T22-20-56-317Z-719ff8a6d79093d390b0d5ce7d01755e65fcd484,-,-,?,-,false,-
com.lihaoyi,mill-main_2.12,2018-02-10T22-20-56-317Z-719ff8a6d79093d390b0d5ce7d01755e65fcd484,-,-,?,-,false,-
com.lihaoyi,mill-main-client,0.2.6-19-807e47,-,-,?,-,false,-
com.lihaoyi,mill-main-graphviz_2.12,0.2.6-19-807e47,-,-,?,-,false,-
com.lihaoyi,mill-scalajslib_2.12,2018-02-10T22-20-56-317Z-719ff8a6d79093d390b0d5ce7d01755e65fcd484,-,-,?,-,false,-
com.lihaoyi,mill-scalajslib-jsbridges-0.6_2.12,2018-02-10T22-20-56-317Z-719ff8a6d79093d390b0d5ce7d01755e65fcd484,-,-,?,-,false,-
com.lihaoyi,mill-scalajslib-jsbridges-1.0_2.12,2018-02-10T22-20-56-317Z-719ff8a6d79093d390b0d5ce7d01755e65fcd484,-,-,?,-,false,-
com.lihaoyi,mill-scalalib_2.12,2018-02-10T22-20-56-317Z-719ff8a6d79093d390b0d5ce7d01755e65fcd484,-,-,?,-,false,-
com.lihaoyi,mill-scalalib-backgroundwrapper,0.2.6-19-807e47,-,-,?,-,false,-
com.lihaoyi,mill-scalalib-worker_2.12,0.2.6-19-807e47,-,-,?,-,false,-
com.lihaoyi,mill-scalanativelib_2.12,0.2.6-19-807e47,-,-,?,-,false,-
com.lihaoyi,mill-scalanativelib-scalanativebridges-0.3_2.12,0.2.6-19-807e47,-,-,?,-,false,-
com.rookout,rook,0.1.25,-,-,?,-,false,sun.misc.JavaLangAccess                  Removed. See http://openjdk.java.net/jeps/260 + sun.misc.SharedSecrets                   Removed. See http://openjdk.java.net/jeps/260 + sun.misc.Unsafe                          See http://openjdk.java.net/jeps/260 + sun.security.x509.X500Name               Use javax.security.auth.x500.X500Principal @since 1.4
com.stripe,stripe-java,6.5.0,-,-,?,-,false,-
com.wuzhenpay,java-sdk-openapi,1.0.1,-,-,?,-,false,-
com.yahoo.vespa,annotations,6.277.15,-,-,?,-,false,-
com.yahoo.vespa,application,6.277.15,-,-,?,-,false,-
com.yahoo.vespa,application-deploy-plugin,6.277.15,-,-,?,-,false,-
com.yahoo.vespa,application-model,6.277.15,-,-,?,-,false,-
com.yahoo.vespa,application-preprocessor,6.277.15,-,-,?,-,false,-
com.yahoo.vespa,athenz-identity-provider-service,6.277.15,-,-,?,-,false,-
com.yahoo.vespa,bundle-plugin,6.277.15,-,-,?,-,false,-
com.yahoo.vespa,bundle-plugin-test,6.277.15,-,-,?,-,false,-
com.yahoo.vespa,chain,6.277.15,-,-,?,-,false,-
com.yahoo.vespa,clustercontroller-apps,6.277.15,-,-,?,-,false,-
com.yahoo.vespa,clustercontroller-apputil,6.277.15,-,-,?,-,false,-
com.yahoo.vespa,clustercontroller-core,6.277.15,-,-,?,-,false,-
com.yahoo.vespa,clustercontroller-standalone,6.277.15,-,-,?,-,false,-
com.yahoo.vespa,clustercontroller-utils,6.277.15,-,-,?,-,false,-
com.yahoo.vespa,component,6.277.15,-,-,?,-,false,-
com.yahoo.vespa,config,6.277.15,-,-,?,-,false,-
com.yahoo.vespa,config-application-package,6.277.15,-,-,?,-,false,-
com.yahoo.vespa,config-bundle,6.277.15,-,-,?,-,false,-
com.yahoo.vespa,config-class-plugin,6.277.15,-,-,?,-,false,-
com.yahoo.vespa,configdefinitions,6.277.15,-,-,?,-,false,-
com.yahoo.vespa,configgen,6.277.15,-,-,?,-,false,-
com.yahoo.vespa,config-lib,6.277.15,-,-,?,-,false,-
com.yahoo.vespa,config-model,6.277.15,-,-,?,-,false,-
com.yahoo.vespa,config-model-api,6.277.15,-,-,?,-,false,-
com.yahoo.vespa,config-model-fat,6.277.15,-,-,?,-,false,-
com.yahoo.vespa,config-provisioning,6.277.15,-,-,?,-,false,-
com.yahoo.vespa,config-proxy,6.277.15,-,-,?,-,false,-
com.yahoo.vespa,configserver,6.277.15,-,-,?,-,false,-
com.yahoo.vespa,container,6.277.15,-,-,?,-,false,-
com.yahoo.vespa,container-accesslogging,6.277.15,-,-,?,-,false,-
com.yahoo.vespa,container-core,6.277.15,-,-,?,-,false,-
com.yahoo.vespa,container-dev,6.277.15,-,-,?,-,false,-
com.yahoo.vespa,container-di,6.277.15,-,-,?,-,false,-
com.yahoo.vespa,container-disc,6.277.15,-,-,?,-,false,-
com.yahoo.vespa,container-integration-test,6.277.15,-,-,?,-,false,-
com.yahoo.vespa,container-jersey2,6.277.15,-,-,?,-,false,-
com.yahoo.vespa,container-messagebus,6.277.15,-,-,?,-,false,-
com.yahoo.vespa,container-search,6.277.15,-,-,?,-,false,-
com.yahoo.vespa,container-search-and-docproc,6.277.15,-,-,?,-,false,-
com.yahoo.vespa,container-search-gui,6.277.15,-,-,?,-,false,-
com.yahoo.vespa,container-test,6.277.15,-,-,?,-,false,-
com.yahoo.vespa,controller-api,6.277.15,-,-,?,-,false,-
com.yahoo.vespa,controller-server,6.277.15,-,-,?,-,false,-
com.yahoo.vespa,defaults,6.277.15,-,-,?,-,false,-
com.yahoo.vespa,docker-api,6.277.15,-,-,?,-,false,-
com.yahoo.vespa,docproc,6.277.15,-,-,?,-,false,-
com.yahoo.vespa,docprocs,6.277.15,-,-,?,-,false,-
com.yahoo.vespa,document,6.277.15,-,-,?,-,false,-
com.yahoo.vespa,documentapi,6.277.15,-,-,?,-,false,-
com.yahoo.vespa,fileacquirer,6.277.15,-,-,?,-,false,-
com.yahoo.vespa,filedistribution,6.277.15,-,-,?,-,false,-
com.yahoo.vespa,fsa,6.277.15,-,-,?,-,false,-
com.yahoo.vespa,indexinglanguage,6.277.15,-,-,?,-,false,-
com.yahoo.vespa,jaxrs_client_utils,6.277.15,-,-,?,-,false,-
com.yahoo.vespa,jaxrs_utils,6.277.15,-,-,?,-,false,-
com.yahoo.vespa,jdisc_core,6.277.15,-,-,?,-,false,-
com.yahoo.vespa,jdisc_http_service,6.277.15,-,-,?,-,false,-
com.yahoo.vespa,jdisc_jetty,6.277.15,-,-,?,-,false,-
com.yahoo.vespa,jdisc_messagebus_service,6.277.15,-,-,?,-,false,-
com.yahoo.vespa,jdisc-security-filters,6.277.15,-,-,?,-,false,-
com.yahoo.vespa,jrt,6.277.15,-,-,?,-,false,-
com.yahoo.vespa,linguistics,6.277.15,-,-,?,-,false,-
com.yahoo.vespa,logd,6.277.15,-,-,?,-,false,-
com.yahoo.vespa,logserver,6.277.15,-,-,?,-,false,-
com.yahoo.vespa,messagebus,6.277.15,-,-,?,-,false,-
com.yahoo.vespa,messagebus-disc,6.277.15,-,-,?,-,false,-
com.yahoo.vespa,metrics,6.277.15,-,-,?,-,false,-
com.yahoo.vespa,model-evaluation,6.277.15,-,-,?,-,false,-
com.yahoo.vespa,node-admin,6.277.15,-,-,?,-,false,-
com.yahoo.vespa,node-maintainer,6.277.15,-,-,?,-,false,-
com.yahoo.vespa,node-repository,6.277.15,-,-,?,-,false,-
com.yahoo.vespa,orchestrator,6.277.15,-,-,?,-,false,-
com.yahoo.vespa,orchestrator-restapi,6.277.15,-,-,?,-,false,-
com.yahoo.vespa,predicate-search,6.277.15,-,-,?,-,false,-
com.yahoo.vespa,predicate-search-core,6.277.15,-,-,?,-,false,-
com.yahoo.vespa,processing,6.277.15,-,-,?,-,false,-
com.yahoo.vespa,provided-dependencies,6.277.15,-,-,?,-,false,-
com.yahoo.vespa,searchcore,6.277.15,-,-,?,-,false,-
com.yahoo.vespa,searchlib,6.277.15,-,-,?,-,false,-
com.yahoo.vespa,searchsummary,6.277.15,-,-,?,-,false,-
com.yahoo.vespa,service-monitor,6.277.15,-,-,?,-,false,-
com.yahoo.vespa,serviceview,6.277.15,-,-,?,-,false,-
com.yahoo.vespa,simplemetrics,6.277.15,-,-,?,-,false,-
com.yahoo.vespa,standalone-container,6.277.15,-,-,?,-,false,-
com.yahoo.vespa,statistics,6.277.15,-,-,?,-,false,-
com.yahoo.vespa,storage,6.277.15,-,-,?,-,false,-
com.yahoo.vespa,testutil,6.277.15,-,-,?,-,false,-
com.yahoo.vespa,vdslib,6.277.15,-,-,?,-,false,-
com.yahoo.vespa,vespa-application-maven-plugin,6.277.15,-,-,?,-,false,-
com.yahoo.vespa,vespa-athenz,6.277.15,-,-,?,-,false,-
com.yahoo.vespa,vespaclient-container-plugin,6.277.15,-,-,?,-,false,-
com.yahoo.vespa,vespaclient-core,6.277.15,-,-,?,-,false,-
com.yahoo.vespa,vespaclient-java,6.277.15,-,-,?,-,false,-
com.yahoo.vespa,vespa-documentgen-plugin,6.277.15,-,-,?,-,false,-
com.yahoo.vespa,vespa_feed_perf,6.277.15,-,-,?,-,false,-
com.yahoo.vespa,vespa-hadoop,6.277.15,-,-,?,-,false,sun.misc.Unsafe                          See http://openjdk.java.net/jeps/260
com.yahoo.vespa,vespa-http-client,6.277.15,-,-,?,-,false,-
com.yahoo.vespa,vespajlib,6.277.15,-,-,?,-,false,-
com.yahoo.vespa,vespalog,6.277.15,-,-,?,-,false,-
com.yahoo.vespa,vsm,6.277.15,-,-,?,-,false,-
com.yahoo.vespa,yolean,6.277.15,-,-,?,-,false,-
com.yahoo.vespa,zkfacade,6.277.15,-,-,?,-,false,-
io.logz.sawmill,sawmill-benchmark,1.1.50,-,-,?,-,false,-
io.logz.sawmill,sawmill-core,1.1.50,-,-,?,-,false,-
io.smartup.zipkin,zipkin-datadog-reporter-autoconfigure,1.0.3,-,-,?,-,false,-
io.smartup.zipkin,zipkin-datadog-reporter-core,1.0.3,-,-,?,-,false,-
io.smartup.zipkin,zipkin-datadog-reporter-starter,1.0.3,-,-,?,-,false,-
la.renzhen.basis.rtpt,rtpt-admin-server-starter,1.1.1,-,-,?,-,false,-
la.renzhen.basis.rtpt,rtpt-client-starter,1.1.1,-,-,?,-,false,-
la.renzhen.basis.rtpt,rtpt-config,1.1.1,-,-,?,-,false,-
net.tascalate.concurrent,net.tascalate.concurrent.lib,0.6.7,-,-,?,-,false,-
org.sonarsource.dotnet,sonar-csharp-plugin,7.4.0.6452,-,-,?,-,false,sun.misc.Unsafe                          See http://openjdk.java.net/jeps/260
org.sonarsource.dotnet,sonar-dotnet-shared-library,7.4.0.6452,-,-,?,-,false,-
org.sonarsource.dotnet,sonar-dotnet-tests-library,7.4.0.6452,-,-,?,-,false,-
org.wso2.carbon.data,org.wso2.carbon.dataservices.common,4.4.74,-,-,?,-,false,-
org.wso2.carbon.data,org.wso2.carbon.dataservices.core,4.4.74,-,-,?,-,false,-
org.wso2.carbon.data,org.wso2.carbon.dataservices.fileupload.stub,4.4.74,-,-,?,-,false,-
org.wso2.carbon.data,org.wso2.carbon.dataservices.google.tokengen,4.4.74,-,-,?,-,false,-
org.wso2.carbon.data,org.wso2.carbon.dataservices.odata.endpoint,4.4.74,-,-,?,-,false,-
org.wso2.carbon.data,org.wso2.carbon.dataservices.sql.driver,4.4.74,-,-,?,-,false,-
org.wso2.carbon.data,org.wso2.carbon.dataservices.stub,4.4.74,-,-,?,-,false,-
org.wso2.carbon.data,org.wso2.carbon.dataservices.task,4.4.74,-,-,?,-,false,-
org.wso2.carbon.data,org.wso2.carbon.dataservices.task.stub,4.4.74,-,-,?,-,false,-
org.wso2.carbon.data,org.wso2.carbon.dataservices.task.ui,4.4.74,-,-,?,-,false,-
org.wso2.carbon.data,org.wso2.carbon.dataservices.ui,4.4.74,-,-,?,-,false,-
org.wso2.carbon.data,org.wso2.carbon.datasource.reader.cassandra,4.4.74,-,-,?,-,false,-
org.wso2.carbon.data,org.wso2.carbon.datasource.reader.hadoop,4.4.74,-,-,?,-,false,-
org.wso2.carbon.data,org.wso2.carbon.datasource.reader.mongo,4.4.74,-,-,?,-,false,-
org.wso2.carbon.data,org.wso2.carbon.dbconsole.ui,4.4.74,-,-,?,-,false,-
org.wso2.carbon.identity.governance,org.wso2.carbon.identity.account.suspension.notification.task,1.1.35,-,-,?,-,false,-
org.wso2.carbon.identity.governance,org.wso2.carbon.identity.captcha,1.1.35,-,-,?,-,false,-
org.wso2.carbon.identity.governance,org.wso2.carbon.identity.governance,1.1.35,-,-,?,-,false,-
org.wso2.carbon.identity.governance,org.wso2.carbon.identity.password.history,1.1.35,-,-,?,-,false,-
org.wso2.carbon.identity.governance,org.wso2.carbon.identity.password.policy,1.1.35,-,-,?,-,false,-
org.wso2.carbon.identity.governance,org.wso2.carbon.identity.piicontroller,1.1.35,-,-,?,-,false,-
org.wso2.carbon.identity.governance,org.wso2.carbon.identity.recovery,1.1.35,-,-,?,-,false,-
org.wso2.carbon.identity.governance,org.wso2.carbon.identity.recovery.stub,1.1.35,-,-,?,-,false,-
org.wso2.carbon.identity.governance,org.wso2.carbon.identity.recovery.ui,1.1.35,-,-,?,-,false,-
org.wso2.carbon.identity.governance,org.wso2.carbon.identity.user.export.core,1.1.35,-,-,?,-,false,-
