groupId,artifactId,version,moduleName,moduleVersion,moduleMode,moduleDependencies,jdepsToolError,jdepsViolations
at.researchstudio.sat,won-bot,0.2,-,-,?,-,false,-
at.researchstudio.sat,won-core,0.2,-,-,?,-,false,sun.security.x509.X500Name               Use javax.security.auth.x500.X500Principal @since 1.4
at.researchstudio.sat,won-cryptography,0.2,-,-,?,-,false,-
at.researchstudio.sat,won-facets-tx,0.2,-,-,?,-,false,-
at.researchstudio.sat,won-matcher,0.2,-,-,?,-,false,-
at.researchstudio.sat,won-matcher-rescal,0.2,-,-,?,-,false,-
at.researchstudio.sat,won-matcher-service,0.2,-,-,?,-,false,-
at.researchstudio.sat,won-matcher-solr,0.2,-,-,?,-,false,-
at.researchstudio.sat,won-matcher-sparql,0.2,-,-,?,-,false,-
at.researchstudio.sat,won-matcher-utils,0.2,-,-,?,-,false,-
at.researchstudio.sat,won-node,0.2,-,-,?,-,false,-
at.researchstudio.sat,won-ontology-validator,0.2,-,-,?,-,false,-
at.researchstudio.sat,won-owner,0.2,-,-,?,-,false,-
at.researchstudio.sat,won-utils-conversation,0.2,-,-,?,-,false,-
at.researchstudio.sat,won-utils-crawl,0.2,-,-,?,-,false,-
at.researchstudio.sat,won-utils-goals,0.2,-,-,?,-,false,-
at.researchstudio.sat,won-utils-import,0.2,-,-,?,-,false,-
at.researchstudio.sat,won-utils-mail,0.2,-,-,?,-,false,-
com.codingame.gameengine,core,2.9,-,-,?,-,false,-
com.codingame.gameengine,module-entities,2.9,-,-,?,-,false,-
com.codingame.gameengine,runner,2.9,-,-,?,-,false,-
com.github.biopet,ngs-utils_2.12,0.5,-,-,?,-,false,-
com.github.biopet,seqstat_2.11,1.0.1,-,-,?,-,false,-
com.github.biopet,tool-utils_2.12,0.5,-,-,?,-,false,-
com.github.hoantran-it.library,utility-library,1.4,-,-,?,-,false,-
com.google.apis,google-api-services-youtubeAnalytics,v2-rev52-1.24.1,-,-,?,-,false,-
com.google.apis,google-api-services-youtubereporting,v1-rev538-1.24.1,-,-,?,-,false,-
com.graphaware.neo4j,expire,3.4.5.52.4,-,-,?,-,false,-
com.graphaware.neo4j,recommendation-engine,3.4.5.52.11,-,-,?,-,false,-
com.graphaware.neo4j,resttest,3.4.5.52.18,-,-,?,-,false,sun.misc.Unsafe                          See http://openjdk.java.net/jeps/260 + sun.security.x509.X500Name               Use javax.security.auth.x500.X500Principal @since 1.4
com.graphaware.neo4j,timetree,3.4.5.52.28,-,-,?,-,false,-
com.jillesvangurp,jsonj,2.50,-,-,?,-,false,-
com.taobao.open-link-platform,miniapp-session-sdk,1.0,-,-,?,-,false,-
com.weaverplatform,sdk-java,3.9.0,-,-,?,-,false,-
de.westnordost,osmapi,2.0,-,-,?,-,false,-
io.hekate,hekate-all,2.6.0,-,-,?,-,false,-
io.hekate,hekate-codec-fst,2.6.0,-,-,?,-,false,-
io.hekate,hekate-codec-kryo,2.6.0,-,-,?,-,false,-
io.hekate,hekate-core,2.6.0,-,-,?,-,false,-
io.hekate,hekate-jclouds-aws,2.6.0,-,-,?,-,false,-
io.hekate,hekate-jclouds-core,2.6.0,-,-,?,-,false,-
io.hekate,hekate-kubernetes,2.6.0,-,-,?,-,false,-
io.hekate,hekate-metrics-cloudwatch,2.6.0,-,-,?,-,false,-
io.hekate,hekate-metrics-influxdb,2.6.0,-,-,?,-,false,-
io.hekate,hekate-metrics-statsd,2.6.0,-,-,?,-,false,-
io.hekate,hekate-spring,2.6.0,-,-,?,-,false,-
io.hekate,hekate-spring-boot,2.6.0,-,-,?,-,false,-
io.hekate,hekate-zookeeper,2.6.0,-,-,?,-,false,-
io.jaegertracing,jaeger-client,0.30.5,-,-,?,-,false,-
io.jaegertracing,jaeger-core,0.30.5,-,-,?,-,false,-
io.jaegertracing,jaeger-crossdock,0.30.5,-,-,?,-,false,-
io.jaegertracing,jaeger-micrometer,0.30.5,-,-,?,-,false,-
io.jaegertracing,jaeger-thrift,0.30.5,-,-,?,-,false,-
io.jaegertracing,jaeger-tracerresolver,0.30.5,-,-,?,-,false,-
io.jaegertracing,jaeger-zipkin,0.30.5,-,-,?,-,false,-
org.encry,encry-common_2.12,0.8.3,-,-,?,-,false,-
org.molgenis,molgenis-amazon-bucket,7.0.0-RELEASE,-,-,?,-,false,-
org.molgenis,molgenis-api-tests,7.0.0-RELEASE,-,-,?,-,false,-
org.molgenis,molgenis-app-manager,7.0.0-RELEASE,-,-,?,-,false,-
org.molgenis,molgenis-beacon,7.0.0-RELEASE,-,-,?,-,false,-
org.molgenis,molgenis-bootstrap,7.0.0-RELEASE,-,-,?,-,false,-
org.molgenis,molgenis-core,7.0.0-RELEASE,-,-,?,-,false,-
org.molgenis,molgenis-core-ui,7.0.0-RELEASE,-,-,?,-,false,-
org.molgenis,molgenis-data,7.0.0-RELEASE,-,-,?,-,false,-
org.molgenis,molgenis-data-cache,7.0.0-RELEASE,-,-,?,-,false,-
org.molgenis,molgenis-data-csv,7.0.0-RELEASE,-,-,?,-,false,-
org.molgenis,molgenis-data-elasticsearch,7.0.0-RELEASE,-,-,?,-,false,-
org.molgenis,molgenis-data-excel,7.0.0-RELEASE,-,-,?,-,false,-
org.molgenis,molgenis-dataexplorer,7.0.0-RELEASE,-,-,?,-,false,-
org.molgenis,molgenis-data-file,7.0.0-RELEASE,-,-,?,-,false,-
org.molgenis,molgenis-data-i18n,7.0.0-RELEASE,-,-,?,-,false,-
org.molgenis,molgenis-data-import,7.0.0-RELEASE,-,-,?,-,false,-
org.molgenis,molgenis-data-index,7.0.0-RELEASE,-,-,?,-,false,-
org.molgenis,molgenis-data-migrate,7.0.0-RELEASE,-,-,?,-,false,-
org.molgenis,molgenis-data-platform,7.0.0-RELEASE,-,-,?,-,false,-
org.molgenis,molgenis-data-plugin,7.0.0-RELEASE,-,-,?,-,false,-
org.molgenis,molgenis-data-postgresql,7.0.0-RELEASE,-,-,?,-,false,-
org.molgenis,molgenis-data-rest,7.0.0-RELEASE,-,-,?,-,false,-
org.molgenis,molgenis-data-rest-client,7.0.0-RELEASE,-,-,?,-,false,-
org.molgenis,molgenis-data-row-edit,7.0.0-RELEASE,-,-,?,-,false,-
org.molgenis,molgenis-data-security,7.0.0-RELEASE,-,-,?,-,false,-
org.molgenis,molgenis-data-validation,7.0.0-RELEASE,-,-,?,-,false,-
org.molgenis,molgenis-data-vcf,7.0.0-RELEASE,-,-,?,-,false,-
org.molgenis,molgenis-fair,7.0.0-RELEASE,-,-,?,-,false,-
org.molgenis,molgenis-file-ingester,7.0.0-RELEASE,-,-,?,-,false,-
org.molgenis,molgenis-genomebrowser,7.0.0-RELEASE,-,-,?,-,false,-
org.molgenis,molgenis-i18n,7.0.0-RELEASE,-,-,?,-,false,-
org.molgenis,molgenis-jobs,7.0.0-RELEASE,-,-,?,-,false,-
org.molgenis,molgenis-js,7.0.0-RELEASE,-,-,?,-,false,-
org.molgenis,molgenis-metadata-manager,7.0.0-RELEASE,-,-,?,-,false,-
org.molgenis,molgenis-navigator,7.0.0-RELEASE,-,-,?,-,false,-
org.molgenis,molgenis-one-click-importer,7.0.0-RELEASE,-,-,?,-,false,-
org.molgenis,molgenis-ontology,7.0.0-RELEASE,-,-,?,-,false,-
org.molgenis,molgenis-ontology-core,7.0.0-RELEASE,-,-,?,-,false,-
org.molgenis,molgenis-platform-integration-tests,7.0.0-RELEASE,-,-,?,-,false,-
org.molgenis,molgenis-python,7.0.0-RELEASE,-,-,?,-,false,-
org.molgenis,molgenis-questionnaires,7.0.0-RELEASE,-,-,?,-,false,-
org.molgenis,molgenis-r,7.0.0-RELEASE,-,-,?,-,false,-
org.molgenis,molgenis-scripts,7.0.0-RELEASE,-,-,?,-,false,-
org.molgenis,molgenis-scripts-core,7.0.0-RELEASE,-,-,?,-,false,-
org.molgenis,molgenis-searchall,7.0.0-RELEASE,-,-,?,-,false,-
org.molgenis,molgenis-security,7.0.0-RELEASE,-,-,?,-,false,-
org.molgenis,molgenis-security-core,7.0.0-RELEASE,-,-,?,-,false,-
org.molgenis,molgenis-security-ui,7.0.0-RELEASE,-,-,?,-,false,-
org.molgenis,molgenis-semantic-mapper,7.0.0-RELEASE,-,-,?,-,false,-
org.molgenis,molgenis-semantic-search,7.0.0-RELEASE,-,-,?,-,false,-
org.molgenis,molgenis-settings,7.0.0-RELEASE,-,-,?,-,false,-
org.molgenis,molgenis-settings-ui,7.0.0-RELEASE,-,-,?,-,false,-
org.molgenis,molgenis-swagger,7.0.0-RELEASE,-,-,?,-,false,-
org.molgenis,molgenis-test,7.0.0-RELEASE,-,-,?,-,false,-
org.molgenis,molgenis-util,7.0.0-RELEASE,-,-,?,-,false,-
org.molgenis,molgenis-web,7.0.0-RELEASE,-,-,?,-,false,-
org.sunbird,cloud-store-sdk,1.0,-,-,?,-,false,-
org.webjars,swagger-ui,3.18.1,-,-,?,-,false,-
