groupId,artifactId,version,moduleName,moduleVersion,moduleMode,moduleDependencies,jdepsToolError,jdepsViolations
ch.epfl.lamp,dotty_0.10,0.10.0-bin-20180821-9dd92a9-NIGHTLY,-,-,?,-,false,-
ch.epfl.lamp,dotty-compiler_0.10,0.10.0-bin-20180821-9dd92a9-NIGHTLY,-,-,?,-,false,-
ch.epfl.lamp,dotty-doc_0.10,0.10.0-bin-20180821-9dd92a9-NIGHTLY,-,-,?,-,false,-
ch.epfl.lamp,dotty-interfaces,0.10.0-bin-20180821-9dd92a9-NIGHTLY,-,-,?,-,false,-
ch.epfl.lamp,dotty-language-server_0.10,0.10.0-bin-20180821-9dd92a9-NIGHTLY,-,-,?,-,false,-
ch.epfl.lamp,dotty-library_0.10,0.10.0-bin-20180821-9dd92a9-NIGHTLY,-,-,?,-,false,sun.misc.Unsafe                          See http://openjdk.java.net/jeps/260
ch.epfl.lamp,scala-compiler,0.10.0-bin-20180821-9dd92a9-NIGHTLY,-,-,?,-,false,-
ch.epfl.lamp,scala-library,0.10.0-bin-20180821-9dd92a9-NIGHTLY,-,-,?,-,false,-
ch.epfl.lamp,scalap,0.10.0-bin-20180821-9dd92a9-NIGHTLY,-,-,?,-,false,-
ch.epfl.lamp,scala-reflect,0.10.0-bin-20180821-9dd92a9-NIGHTLY,-,-,?,-,false,-
com.github.memorylorry,JSON2SQL,1.0.0,-,-,?,-,false,-
com.google.apis,google-api-services-binaryauthorization,v1beta1-rev2-1.22.0,-,-,?,-,false,-
com.google.apis,google-api-services-cloudresourcemanager,v2-rev26-1.24.1,-,-,?,-,false,-
com.google.apis,google-api-services-jobs,v3-rev3-1.24.1,-,-,?,-,false,-
com.google.apis,google-api-services-language,v1-rev439-1.24.1,-,-,?,-,false,-
com.google.apis,google-api-services-serviceusage,v1-rev40-1.24.1,-,-,?,-,false,-
com.smoketurner.dropwizard,atomix-core,1.3.5-1,-,-,?,-,false,-
com.smoketurner.dropwizard,atomix-example,1.3.5-1,-,-,?,-,false,sun.misc.Cleaner                         Use java.lang.ref.PhantomReference @since 1.2 or java.lang.ref.Cleaner @since 9 + sun.misc.Unsafe                          See http://openjdk.java.net/jeps/260 + sun.reflect.Reflection                   Use java.lang.StackWalker @since 9 + sun.security.x509.X500Name               Use javax.security.auth.x500.X500Principal @since 1.4
com.smoketurner.dropwizard,consul-core,1.3.5-2,-,-,?,-,false,-
com.smoketurner.dropwizard,consul-example,1.3.5-2,-,-,?,-,false,sun.misc.Unsafe                          See http://openjdk.java.net/jeps/260 + sun.reflect.Reflection                   Use java.lang.StackWalker @since 9
com.smoketurner.dropwizard,consul-ribbon,1.3.5-2,-,-,?,-,false,-
io.dropwizard.modules,dropwizard-protobuf,1.3.5-2,-,-,?,-,false,-
net.technearts,rip,0.0.8,-,-,?,-,false,-
org.reaktivity,nukleus-kafka.spec,0.74,-,-,?,-,false,-
org.reaktivity,nukleus-tcp,0.54,-,-,?,-,false,-
