groupId,artifactId,version,moduleName,moduleVersion,moduleMode,moduleDependencies,jdepsToolError,jdepsViolations
ch.epfl.lamp,dotty_0.10,0.10.0-bin-20180824-675b2ac-NIGHTLY,-,-,?,-,false,-
ch.epfl.lamp,dotty-compiler_0.10,0.10.0-bin-20180824-675b2ac-NIGHTLY,-,-,?,-,false,-
ch.epfl.lamp,dotty-doc_0.10,0.10.0-bin-20180824-675b2ac-NIGHTLY,-,-,?,-,false,-
ch.epfl.lamp,dotty-interfaces,0.10.0-bin-20180824-675b2ac-NIGHTLY,-,-,?,-,false,-
ch.epfl.lamp,dotty-language-server_0.10,0.10.0-bin-20180824-675b2ac-NIGHTLY,-,-,?,-,false,-
ch.epfl.lamp,dotty-library_0.10,0.10.0-bin-20180824-675b2ac-NIGHTLY,-,-,?,-,false,sun.misc.Unsafe                          See http://openjdk.java.net/jeps/260
ch.epfl.lamp,scala-compiler,0.10.0-bin-20180824-675b2ac-NIGHTLY,-,-,?,-,false,-
ch.epfl.lamp,scala-library,0.10.0-bin-20180824-675b2ac-NIGHTLY,-,-,?,-,false,-
ch.epfl.lamp,scalap,0.10.0-bin-20180824-675b2ac-NIGHTLY,-,-,?,-,false,-
ch.epfl.lamp,scala-reflect,0.10.0-bin-20180824-675b2ac-NIGHTLY,-,-,?,-,false,-
com.actimust,play-spring-loader,1.0.0,-,-,?,-,false,-
com.alexdupre,bitcoincash-lib_2.11,0.9.18,-,-,?,-,false,-
com.alexdupre,bitcoincash-lib_2.12,0.9.18,-,-,?,-,false,-
com.alexdupre,bitpay_2.11,1.0,-,-,?,-,false,-
com.alexdupre,bitpay_2.12,1.0,-,-,?,-,false,-
com.alexdupre,coinpayments_2.12,1.0.1,-,-,?,-,false,-
com.alexdupre,litecoin-lib_2.11,0.9.17,-,-,?,-,false,-
com.alexdupre,litecoin-lib_2.12,0.9.17,-,-,?,-,false,-
com.alexdupre.shapeshift,shapeshift-dispatch0112_2.11,1.1,-,-,?,-,false,sun.security.util.HostnameChecker        Use javax.net.ssl.SSLParameters.setEndpointIdentificationAlgorithm("HTTPS") @since 1.7 +                                          or javax.net.ssl.HttpsURLConnection.setHostnameVerifier() @since 1.4
com.alexdupre.shapeshift,shapeshift-dispatch0113_2.11,1.1,-,-,?,-,false,-
com.alexdupre.shapeshift,shapeshift-gigahorse_2.11,2.1,-,-,?,-,false,-
com.alexdupre.shapeshift,shapeshift-gigahorse_2.12,2.1,-,-,?,-,false,-
com.alexdupre.shapeshift,shapeshift-playws23_2.11,1.1,-,-,?,-,false,-
com.alexdupre.shapeshift,shapeshift-playws24_2.11,1.1,-,-,?,-,false,-
com.alexdupre.shapeshift,shapeshift-playws25_2.11,1.1,-,-,?,-,false,-
com.bluelotussoftware,tomcat-security-valves,1.0.0,-,-,?,-,false,-
com.deusdatsolutions,migrantverde,1.0,-,-,?,-,false,-
com.eneco,kafka-connect-ftp,0.1.4,-,-,?,-,false,-
com.ferega.procrun,processrunner_2.10,0.1.6,-,-,?,-,false,-
com.ferega.procrun,processrunner_2.11,0.1.6,-,-,?,-,false,-
com.ferega.procrun,processrunner_2.12,0.1.6,-,-,?,-,false,-
com.google.apis,google-api-services-serviceconsumermanagement,v1-rev138-1.25.0,-,-,?,-,false,-
com.google.apis,google-api-services-servicecontrol,v1-rev99-1.25.0,-,-,?,-,false,-
com.google.apis,google-api-services-servicemanagement,v1-rev409-1.25.0,-,-,?,-,false,-
com.google.apis,google-api-services-serviceusage,v1-rev42-1.25.0,-,-,?,-,false,-
com.google.apis,google-api-services-serviceuser,v1-rev72-1.25.0,-,-,?,-,false,-
com.google.apis,google-api-services-sheets,v4-rev538-1.25.0,-,-,?,-,false,-
com.google.apis,google-api-services-siteVerification,v1-rev60-1.25.0,-,-,?,-,false,-
com.google.apis,google-api-services-slides,v1-rev316-1.25.0,-,-,?,-,false,-
com.google.apis,google-api-services-sourcerepo,v1-rev23-1.25.0,-,-,?,-,false,-
com.google.apis,google-api-services-spanner,v1-rev39-1.25.0,-,-,?,-,false,-
com.google.apis,google-api-services-speech,v1-rev55-1.25.0,-,-,?,-,false,-
com.google.apis,google-api-services-sqladmin,v1beta4-rev62-1.25.0,-,-,?,-,false,-
com.google.apis,google-api-services-storagetransfer,v1-rev74-1.25.0,-,-,?,-,false,-
com.google.apis,google-api-services-storage,v1-rev136-1.25.0,-,-,?,-,false,-
com.jaredrummler,android-shell,1.0.0,-,-,?,-,false,-
com.jaredrummler,blocking-dialog,1.0.0,-,-,?,-,false,-
com.jaredrummler,html-builder,1.0.0,-,-,?,-,false,-
com.joefkelley,argyle_2.12,1.0.0,-,-,?,-,false,-
com.kroger.oss,snow-globe,2.0-45-g4a76ecc,-,-,?,-,false,-
com.kroger.oss.snowGlobe,snow-globe,1.0-137-gb6e8588,-,-,?,-,false,-
com.ksyun,ks3-kss-java-sdk,0.8.7,-,-,?,-,false,-
com.ksyun,ksc-sdk-java-cdn,0.2.9,-,-,?,-,false,-
com.ksyun,ksc-sdk-java-core,0.2.9,-,-,?,-,false,-
com.ksyun,ksc-sdk-java-epc,0.2.9,-,-,?,-,false,-
com.ksyun,ksc-sdk-java-kec,0.2.9,-,-,?,-,false,-
com.ksyun,ksc-sdk-java-ket,0.2.9,-,-,?,-,false,-
com.ksyun,ksc-sdk-java-kls,0.2.9,-,-,?,-,false,-
com.ksyun,ksc-sdk-java-kvs,1.0.3,-,-,?,-,false,-
com.ksyun,ksc-sdk-java-live,0.2.9,-,-,?,-,false,-
com.ksyun,ksc-sdk-java-monitor,0.2.9,-,-,?,-,false,-
com.ksyun,ksc-sdk-java-network,0.2.9,-,-,?,-,false,-
com.ksyun,ksc-sdk-java-offline,1.0.3,-,-,?,-,false,-
com.ksyun,ksc-sdk-java-sts,0.2.9,-,-,?,-,false,-
com.ksyun,ksc-sdk-java-tag,0.2.9,-,-,?,-,false,-
com.ksyun,ksc-sdk-java-vcs,0.2.9,-,-,?,-,false,-
com.logitags,cibet-core,2.1,-,-,?,-,false,-
com.logitags,cibet-envers,2.1,-,-,?,-,false,-
com.logitags,cibet-integrationtest,2.1,-,-,?,-,false,-
com.logitags,cibet-jpa,2.1,-,-,?,-,false,-
com.logitags,cibet-shiro,2.1,-,-,?,-,false,-
com.logitags,cibet-springsecurity,2.1,-,-,?,-,false,-
com.lqiong,poibin_2.12,0.0.3,-,-,?,-,false,-
com.minlia.cloud,minlia-cloud-common,1.0.2.RELEASE,-,-,?,-,false,-
com.minlia.cloud,minlia-cloud-starter,1.0.2.RELEASE,-,-,?,-,false,-
com.minlia.cloud.modules,module-data,1.0.0.RELEASE,-,-,?,-,false,-
com.minlia.cloud.modules,module-swagger,1.0.0.RELEASE,-,-,?,-,false,-
com.minlia.cloud,releaser,0.0.4,-,-,?,-,false,-
com.minlia.cloud.starter,cloud-starter-context,2.0.0.RELEASE,-,-,?,-,false,-
com.minlia.cloud.starter,cloud-starter-data,2.0.0.RELEASE,-,-,?,-,false,-
com.minlia.cloud.starter,cloud-starter-exception,2.0.0.RELEASE,-,-,?,-,false,-
com.minlia.cloud.starter,cloud-starter-i18n,2.0.0.RELEASE,-,-,?,-,false,-
com.minlia.cloud.starter,cloud-starter-loggable,2.0.0.RELEASE,-,-,?,-,false,-
com.minlia.cloud.starter,cloud-starter-stateful,2.0.0.RELEASE,-,-,?,-,false,-
com.minlia.cloud.starter,cloud-starter-swagger,2.0.0.RELEASE,-,-,?,-,false,-
com.minlia.cloud.thirdparty,spring-data-batis,1.0.0.RELEASE,-,-,?,-,false,-
com.minlia.cloud.thirdparty,spring-data-batis-starter,1.0.0.RELEASE,-,-,?,-,false,-
com.minlia.cross,minlia-cross,1.0.9.RELEASE,-,-,?,-,false,-
com.minlia.iot,minlia-iot,1.0.5.RELEASE,-,-,?,-,false,-
com.minlia.iot.sample,xapi-sample,1.0.5.RELEASE,-,-,?,-,false,-
com.minlia.iot,xapi-brcb,1.0.5.RELEASE,-,-,?,-,false,-
com.minlia.iot,xapi-kuaidiniao,1.0.5.RELEASE,-,-,?,-,false,-
com.minlia.iot,xapi-swiftpass,1.0.5.RELEASE,-,-,?,-,false,-
com.minlia.rocket,minlia-rocket,2.0.4.RELEASE,-,-,?,-,false,-
com.minlia.rocket,minlia-rocket-autoconfigure,2.0.4.RELEASE,-,-,?,-,false,-
com.minlia.rocket,minlia-rocket-starter,2.0.4.RELEASE,-,-,?,-,false,-
com.minlia.rocket,minlia-rocket-starter-data-jpa,2.0.4.RELEASE,-,-,?,-,false,-
com.minlia.rocket,minlia-rocket-starter-data-mybatis,2.0.4.RELEASE,-,-,?,-,false,-
com.minlia.rocket,minlia-rocket-starter-i18n,2.0.4.RELEASE,-,-,?,-,false,-
com.minlia.rocket,minlia-rocket-starter-loggable,2.0.4.RELEASE,-,-,?,-,false,-
com.minlia.rocket,minlia-rocket-starter-pretend,2.0.4.RELEASE,-,-,?,-,false,-
com.minlia.rocket,minlia-rocket-starter-problem,2.0.4.RELEASE,-,-,?,-,false,-
com.minlia.rocket,minlia-rocket-starter-security,2.0.4.RELEASE,-,-,?,-,false,-
com.minlia.rocket,minlia-rocket-starter-swagger,2.0.4.RELEASE,-,-,?,-,false,-
com.outr,arangodb-scala_2.11,0.2.0,-,-,?,-,false,-
com.outr,arangodb-scala_2.12,0.2.0,-,-,?,-,false,-
com.outr,canvg-scala-js_sjs0.6_2.11,1.4.0_1,-,-,?,-,false,-
com.outr,canvg-scala-js_sjs0.6_2.12,1.4.0_1,-,-,?,-,false,-
com.outr,examplejs_sjs0.6_2.12,1.0.1,-,-,?,-,false,-
com.outr,examplejvm_2.12,1.0.1,-,-,?,-,false,-
com.outr,geoscala_2.11,1.0.7,-,-,?,-,false,-
com.outr,geoscala_2.12,1.0.7,-,-,?,-,false,-
com.outr,giant-scala_2.11,1.1.1,-,-,?,-,false,-
com.outr,giant-scala_2.12,1.1.1,-,-,?,-,false,-
com.outr,giant-scala-macros_2.11,1.1.1,-,-,?,-,false,-
com.outr,giant-scala-macros_2.12,1.1.1,-,-,?,-,false,-
com.outr,giant-scala-macros_sjs0.6_2.11,1.1.1,-,-,?,-,false,-
com.outr,giant-scala-macros_sjs0.6_2.12,1.1.1,-,-,?,-,false,-
com.outr,giant-scala_sjs0.6_2.11,1.1.1,-,-,?,-,false,-
com.outr,giant-scala_sjs0.6_2.12,1.1.1,-,-,?,-,false,-
com.outr,hasher_2.10,1.2.1,-,-,?,-,false,-
com.outr,hasher_2.11,1.2.1,-,-,?,-,false,-
com.outr,hasher_2.12,1.2.1,-,-,?,-,false,-
com.outr,iconsole_2.12,1.0.1,-,-,?,-,false,-
com.outr,iconsole-core_2.12,1.0.1,-,-,?,-,false,-
com.outr,iconsole-core_sjs0.6_2.12,1.0.1,-,-,?,-,false,-
com.outr,iconsole_sjs0.6_2.12,1.0.1,-,-,?,-,false,-
com.outr,irpatch_sjs0.6_2.11,2.3.1,-,-,?,-,false,-
com.outr,irpatch_sjs0.6_2.12,2.3.1,-,-,?,-,false,-
com.outr,jefe-application_2.11,2.0.0-M1,-,-,?,-,false,-
com.outr,jefe-application_2.12,2.0.0-M1,-,-,?,-,false,-
com.outr,jefe-boot_2.11,2.0.0-M1,-,-,?,-,false,-
com.outr,jefe-boot_2.12,2.0.0-M1,-,-,?,-,false,-
com.outr,jefe-client_2.11,2.0.0-M1,-,-,?,-,false,-
com.outr,jefe-client_2.12,2.0.0-M1,-,-,?,-,false,-
com.outr,jefe-core_2.11,2.0.0-M1,-,-,?,-,false,-
com.outr,jefe-core_2.12,2.0.0-M1,-,-,?,-,false,-
com.outr,jefe-example_2.12,1.2.4,-,-,?,-,false,-
com.outr,jefe-launch_2.11,2.0.0-M1,-,-,?,-,false,-
com.outr,jefe-launch_2.12,2.0.0-M1,-,-,?,-,false,-
com.outr,jefe-manager_2.12,1.2.4,-,-,?,-,false,-
com.outr,jefe-optimizer_2.12,1.2.4,-,-,?,-,false,-
com.outr,jefe-pack_2.12,1.2.4,-,-,?,-,false,-
com.outr,jefe-resolve_2.11,2.0.0-M1,-,-,?,-,false,-
com.outr,jefe-resolve_2.12,2.0.0-M1,-,-,?,-,false,-
com.outr,jefe-runner_2.12,1.2.4,-,-,?,-,false,-
com.outr,jefe-server_2.11,2.0.0-M1,-,-,?,-,false,-
com.outr,jefe-server_2.12,2.0.0-M1,-,-,?,-,false,-
com.outr,lucene4s_2.11,1.8.4,-,-,?,-,false,-
com.outr,lucene4s_2.12,1.8.4,-,-,?,-,false,-
com.outr,lucene4s_2.13.0-M2,1.6.0,-,-,?,-,false,-
com.outr,opentype-scala-js_sjs0.6_2.11,0.7.3,-,-,?,-,false,-
com.outr,opentype-scala-js_sjs0.6_2.12,0.7.3,-,-,?,-,false,-
com.outr,perfolation_2.11,1.0.4,-,-,?,-,false,-
com.outr,perfolation_2.12,1.0.4,-,-,?,-,false,-
com.outr,perfolation-macros_2.11,1.0.4,-,-,?,-,false,-
com.outr,perfolation-macros_2.12,1.0.4,-,-,?,-,false,-
com.outr,perfolation-macros_native0.3_2.11,1.0.4,-,-,?,-,false,-
com.outr,perfolation-macros_sjs0.6_2.11,1.0.4,-,-,?,-,false,-
com.outr,perfolation-macros_sjs0.6_2.12,1.0.4,-,-,?,-,false,-
com.outr,perfolation_native0.3_2.11,1.0.4,-,-,?,-,false,-
com.outr,perfolation_sjs0.6_2.11,1.0.4,-,-,?,-,false,-
com.outr,perfolation_sjs0.6_2.12,1.0.4,-,-,?,-,false,-
com.outr,pica-scala-js_sjs0.6_2.11,3.0.5,-,-,?,-,false,-
com.outr,pica-scala-js_sjs0.6_2.12,3.0.5,-,-,?,-,false,-
com.outr,pica-scala-js_sjs0.6_2.13.0-M1,3.0.5,-,-,?,-,false,-
com.outr,profig_2.11,2.3.1,-,-,?,-,false,-
com.outr,profig_2.12,2.3.1,-,-,?,-,false,-
com.outr,profig-input_2.11,2.3.1,-,-,?,-,false,-
com.outr,profig-input_2.12,2.3.1,-,-,?,-,false,-
com.outr,profig-input_sjs0.6_2.11,2.3.1,-,-,?,-,false,-
com.outr,profig-input_sjs0.6_2.12,2.3.1,-,-,?,-,false,-
com.outr,profig-macros_2.11,2.3.1,-,-,?,-,false,-
com.outr,profig-macros_2.12,2.3.1,-,-,?,-,false,-
com.outr,profig-macros_sjs0.6_2.11,2.3.1,-,-,?,-,false,-
com.outr,profig-macros_sjs0.6_2.12,2.3.1,-,-,?,-,false,-
com.outr,profig_sjs0.6_2.11,2.3.1,-,-,?,-,false,-
com.outr,profig_sjs0.6_2.12,2.3.1,-,-,?,-,false,-
com.outr,psd-scala-js_sjs0.6_2.11,3.2.0.1,-,-,?,-,false,-
com.outr,psd-scala-js_sjs0.6_2.12,3.2.0.1,-,-,?,-,false,-
com.outr,psd-scala-js_sjs0.6_2.13.0-M1,3.2.0.1,-,-,?,-,false,-
com.outr,reactify_2.11,3.0.2,-,-,?,-,false,-
com.outr,reactify_2.12,3.0.2,-,-,?,-,false,-
com.outr,reactify_2.13.0-M1,2.2.0,-,-,?,-,false,-
com.outr,reactify_2.13.0-M2,2.3.0,-,-,?,-,false,-
com.outr,reactifyjs_sjs0.6_2.11,2.0.5,-,-,?,-,false,-
com.outr,reactifyjs_sjs0.6_2.12,2.0.5,-,-,?,-,false,-
com.outr,reactifyjs_sjs0.6_2.13.0-M1,2.0.5,-,-,?,-,false,-
com.outr,reactifyjs_sjs1.0.0-M1_2.11,2.2.0,-,-,?,-,false,-
com.outr,reactifyjs_sjs1.0.0-M1_2.12,2.2.0,-,-,?,-,false,-
com.outr,reactifyjs_sjs1.0.0-M1_2.13.0-M1,2.2.0,-,-,?,-,false,-
com.outr,reactifyjvm_2.11,2.0.5,-,-,?,-,false,-
com.outr,reactifyjvm_2.12,2.0.5,-,-,?,-,false,-
com.outr,reactifyjvm_2.13.0-M1,2.0.5,-,-,?,-,false,-
com.outr,reactify_native0.3_2.11,3.0.2,-,-,?,-,false,-
com.outr,reactify_sjs0.6_2.11,3.0.2,-,-,?,-,false,-
com.outr,reactify_sjs0.6_2.12,3.0.2,-,-,?,-,false,-
com.outr,reactify_sjs0.6_2.13.0-M1,2.2.0,-,-,?,-,false,-
com.outr,reactify_sjs0.6_2.13.0-M2,2.3.0,-,-,?,-,false,-
com.outr,scalajs-pixijs_sjs0.6_2.11,4.5.3,-,-,?,-,false,-
com.outr,scalajs-pixijs_sjs0.6_2.12,4.5.3,-,-,?,-,false,-
com.outr,scala-stripe_2.11,1.1.1,-,-,?,-,false,-
com.outr,scala-stripe_2.12,1.1.1,-,-,?,-,false,-
com.outr,scala-stripe_sjs0.6_2.11,1.1.1,-,-,?,-,false,-
com.outr,scala-stripe_sjs0.6_2.12,1.1.1,-,-,?,-,false,-
com.outr,scarango_2.11,0.8.7,-,-,?,-,false,-
com.outr,scarango_2.12,0.8.7,-,-,?,-,false,-
com.outr,scarango-core_2.11,0.8.7,-,-,?,-,false,-
com.outr,scarango-core_2.12,0.8.7,-,-,?,-,false,-
com.outr,scarango-core_sjs0.6_2.11,0.8.7,-,-,?,-,false,-
com.outr,scarango-core_sjs0.6_2.12,0.8.7,-,-,?,-,false,-
com.outr,scarango-driver_2.11,0.8.7,-,-,?,-,false,-
com.outr,scarango-driver_2.12,0.8.7,-,-,?,-,false,-
com.outr,scribe_2.11,2.5.3,-,-,?,-,false,-
com.outr,scribe_2.12,2.5.3,-,-,?,-,false,-
com.outr,scribe-extras_2.11,2.4.0,-,-,?,-,false,-
com.outr,scribe-extras_2.12,2.4.0,-,-,?,-,false,-
com.outr,scribe-extras_native0.3_2.11,2.4.0,-,-,?,-,false,-
com.outr,scribe-extras_sjs0.6_2.11,2.4.0,-,-,?,-,false,-
com.outr,scribe-extras_sjs0.6_2.12,2.4.0,-,-,?,-,false,-
com.outr,scribejs_sjs0.6_2.11,1.4.4,-,-,?,-,false,-
com.outr,scribejs_sjs0.6_2.12,1.4.4,-,-,?,-,false,-
com.outr,scribejvm_2.11,1.4.4,-,-,?,-,false,-
com.outr,scribejvm_2.12,1.4.4,-,-,?,-,false,-
com.outr,scribe-logstash_2.11,2.5.3,-,-,?,-,false,-
com.outr,scribe-logstash_2.12,2.5.3,-,-,?,-,false,-
com.outr,scribe-macros_2.11,2.5.3,-,-,?,-,false,-
com.outr,scribe-macros_2.12,2.5.3,-,-,?,-,false,-
com.outr,scribe-macros_native0.3_2.11,2.5.3,-,-,?,-,false,-
com.outr,scribe-macros_sjs0.6_2.11,2.5.3,-,-,?,-,false,-
com.outr,scribe-macros_sjs0.6_2.12,2.5.3,-,-,?,-,false,-
com.outr,scribe_native0.3_2.11,2.5.3,-,-,?,-,false,-
com.outr,scribe_sjs0.6_2.11,2.5.3,-,-,?,-,false,-
com.outr,scribe_sjs0.6_2.12,2.5.3,-,-,?,-,false,-
com.outr,scribe-slack_2.11,2.5.3,-,-,?,-,false,-
com.outr,scribe-slack_2.12,2.5.3,-,-,?,-,false,-
com.outr,scribe-slf4j_2.11,2.5.3,-,-,?,-,false,-
com.outr,scribe-slf4j_2.12,2.5.3,-,-,?,-,false,-
com.outr,scribe-swlf4j18_2.11,2.5.3,-,-,?,-,false,-
com.outr,scribe-swlf4j18_2.12,2.5.3,-,-,?,-,false,-
com.outr,smartystreets-scala-sdk_2.11,1.0.7,-,-,?,-,false,-
com.outr,smartystreets-scala-sdk_2.12,1.0.7,-,-,?,-,false,-
com.outr,uberterm_2.11,1.0.10,-,-,?,-,false,-
com.outr,uberterm_2.12,1.0.10,-,-,?,-,false,-
com.outr,uberterm-api_2.11,1.0.10,-,-,?,-,false,-
com.outr,uberterm-api_2.12,1.0.10,-,-,?,-,false,-
com.outr,uberterm-api_sjs0.6_2.11,1.0.10,-,-,?,-,false,-
com.outr,uberterm-api_sjs0.6_2.12,1.0.10,-,-,?,-,false,-
com.outr,uberterm_sjs0.6_2.11,1.0.10,-,-,?,-,false,-
com.outr,uberterm_sjs0.6_2.12,1.0.10,-,-,?,-,false,-
com.outr,webfontloader-scala-js_sjs0.6_2.11,1.6.28,-,-,?,-,false,-
com.outr,webfontloader-scala-js_sjs0.6_2.12,1.6.28,-,-,?,-,false,-
com.ouyanglol,quick-spring,1.0,-,-,?,-,false,-
com.persist,persist-logging_2.12,1.3.2,-,-,?,-,false,-
com.premiumminds,billy-core,3.0.0,-,-,?,-,false,-
com.premiumminds,billy-core-jpa,3.0.0,-,-,?,-,false,-
com.premiumminds,billy-gin,3.0.0,-,-,?,-,false,-
com.premiumminds,billy-portugal,3.0.0,-,-,?,-,false,-
com.premiumminds,billy-spain,3.0.0,-,-,?,-,false,-
com.premiumminds,pm-persistence-utils,1.2,-,-,?,-,false,-
com.premiumminds,pm-webapp-utils,1.5,-,-,?,-,false,-
com.premiumminds,pm-wicket-utils,3.1,-,-,?,-,false,-
com.premiumminds,wicket-crudifier,3.0,-,-,?,-,false,-
com.racodond.sonarqube.plugin.gherkin,gherkin-checks,1.7,-,-,?,-,false,-
com.racodond.sonarqube.plugin.gherkin,gherkin-checks-testkit,1.7,-,-,?,-,false,-
com.racodond.sonarqube.plugin.gherkin,gherkin-frontend,1.7,-,-,?,-,false,-
com.racodond.sonarqube.plugin.gherkin,sonar-gherkin-plugin,1.7,-,-,?,-,false,sun.misc.Unsafe                          See http://openjdk.java.net/jeps/260
com.recipegrace,bbc_2.12,0.0.1,-,-,?,-,false,-
com.recipegrace,biglibrary_2.11,0.0.5,-,-,?,-,false,-
com.recipegrace,core_2.11,0.0.5,-,-,?,-,false,-
com.recipegrace,electric_2.11,0.0.5,-,-,?,-,false,-
com.simianquant,ammonite-kernel_2.11,0.3.0,-,-,?,-,false,-
com.simianquant,ammonite-kernel_2.12,0.3.0,-,-,?,-,false,-
com.simianquant,sbt-jni-macros_2.10,0.1.3,-,-,?,-,false,-
com.simianquant,sbt-jni-macros_2.11,0.1.3,-,-,?,-,false,-
com.simianquant,sbt-jni-macros_2.12,0.1.3,-,-,?,-,false,-
com.simianquant,sntb_2.11,0.3,-,-,?,-,false,-
com.simianquant,sntb_native0.3_2.11,0.3.3,-,-,?,-,false,-
com.simianquant,typequux_2.11,0.7.2,-,-,?,-,false,-
com.simianquant,typequux_2.12,0.7.2,-,-,?,-,false,-
com.simianquant,typequux_native0.1_2.11,0.6.5,-,-,?,-,false,-
com.simianquant,typequux_native0.2_2.11,0.6.6,-,-,?,-,false,-
com.simianquant,typequux_native0.3_2.11,0.7.2,-,-,?,-,false,-
com.simianquant,typequux_sjs0.6_2.11,0.7.2,-,-,?,-,false,-
com.simianquant,typequux_sjs0.6_2.12,0.7.2,-,-,?,-,false,-
com.univocity,univocity-common-api,2.0.1,-,-,?,-,false,-
com.univocity,univocity-common-parser-api,2.2.0,-,-,?,-,false,-
com.univocity,univocity-html-parser-api,2.2.0,-,-,?,-,false,-
com.univocity,univocity-license-api,1.0.0,-,-,?,-,false,-
com.univocity,univocity-output-tester,2.1,-,-,?,-,false,-
com.univocity,univocity-parsers,2.7.5,-,-,?,-,false,-
io.github.lamp-china.ledis,lamp-ledis-spring-boot-autoconfigure,0.0.2,-,-,?,-,false,-
top.jfunc.common,converter,1.4,-,-,?,-,false,-
top.jfunc.common,network-converter,1.4,-,-,?,-,false,-
