groupId,artifactId,version,moduleName,moduleVersion,moduleMode,moduleDependencies,jdepsToolError,jdepsViolations
com.adobe.api.platform.runtime,mesos-actor,0.0.8,-,-,?,-,false,-
co.mercenary-creators,mercenary-creators-minio,1.0.0-RELEASE,-,-,?,-,false,-
com.google.api-client,google-api-client,1.25.0,-,-,?,-,false,-
com.google.api-client,google-api-client-android,1.25.0,-,-,?,-,false,-
com.google.api-client,google-api-client-appengine,1.25.0,-,-,?,-,false,-
com.google.api-client,google-api-client-gson,1.25.0,-,-,?,-,false,-
com.google.api-client,google-api-client-jackson2,1.25.0,-,-,?,-,false,-
com.google.api-client,google-api-client-java6,1.25.0,-,-,?,-,false,-
com.google.api-client,google-api-client-protobuf,1.25.0,-,-,?,-,false,-
com.google.api-client,google-api-client-servlet,1.25.0,-,-,?,-,false,-
com.google.api-client,google-api-client-xml,1.25.0,-,-,?,-,false,-
com.google.apis,google-api-services-dlp,v2-rev29-1.24.1,-,-,?,-,false,-
com.google.apis,google-api-services-ml,v1-rev57-1.22.0,-,-,?,-,false,-
com.google.apis,google-api-services-serviceconsumermanagement,v1-rev136-1.24.1,-,-,?,-,false,-
com.google.apis,google-api-services-serviceusage,v1-rev41-1.23.0,-,-,?,-,false,-
com.google.http-client,google-http-client,1.25.0,-,-,?,-,false,-
com.google.http-client,google-http-client-android,1.25.0,-,-,?,-,false,-
com.google.http-client,google-http-client-appengine,1.25.0,-,-,?,-,false,-
com.google.http-client,google-http-client-findbugs,1.25.0,-,-,?,-,false,-
com.google.http-client,google-http-client-gson,1.25.0,-,-,?,-,false,-
com.google.http-client,google-http-client-jackson,1.25.0,-,-,?,-,false,-
com.google.http-client,google-http-client-jackson2,1.25.0,-,-,?,-,false,-
com.google.http-client,google-http-client-jdo,1.25.0,-,-,?,-,false,-
com.google.http-client,google-http-client-protobuf,1.25.0,-,-,?,-,false,-
com.google.http-client,google-http-client-test,1.25.0,-,-,?,-,false,-
com.google.http-client,google-http-client-xml,1.25.0,-,-,?,-,false,-
com.ibm.wala,com.ibm.wala.cast,1.5.0,-,-,?,-,false,-
com.ibm.wala,com.ibm.wala.cast.java,1.5.0,-,-,?,-,false,-
com.ibm.wala,com.ibm.wala.cast.java.ecj,1.5.0,-,-,?,-,false,-
com.ibm.wala,com.ibm.wala.cast.js,1.5.0,-,-,?,-,false,-
com.ibm.wala,com.ibm.wala.cast.js.rhino,1.5.0,-,-,?,-,false,-
com.ibm.wala,com.ibm.wala.core,1.5.0,-,-,?,-,false,-
com.ibm.wala,com.ibm.wala.dalvik,1.5.0,-,-,?,-,false,-
com.ibm.wala,com.ibm.wala.scandroid,1.5.0,-,-,?,-,false,-
com.ibm.wala,com.ibm.wala.shrike,1.5.0,-,-,?,-,false,-
com.ibm.wala,com.ibm.wala.util,1.5.0,-,-,?,-,false,-
