groupId,artifactId,version,moduleName,moduleVersion,moduleMode,moduleDependencies,jdepsToolError,jdepsViolations
com.aamend,spark-gdelt,1.0,-,-,?,-,false,-
com.aamend.spark,pathogen,1.0.1,-,-,?,-,false,-
com.aamend.spark,spark-gdelt,2.0,-,-,?,-,false,-
com.akeyless-security,akeyless-java-sdk,0.0.4,-,-,?,-,false,-
com.akeyless-security.auth.swagger,akeyless-auth-api,1.0.0,-,-,?,-,false,-
com.akeyless-security.kfm.swagger,akeyless-kfm-api,1.0.0,-,-,?,-,false,-
com.akeyless-security.uam.swagger,akeyless-uam-api,1.0.0,-,-,?,-,false,-
com.arcusx.chrono,arcusx-chrono,1.3,-,-,?,-,false,-
com.basistech,adm-common-test,2.4.4,-,-,?,-,false,-
com.basistech,adm-json,2.4.4,-,-,?,-,false,-
com.basistech,adm-model,2.4.4,-,-,?,-,false,-
com.basistech,adm-taglets,2.4.4,-,-,?,-,false,-
com.basistech,bbh-maven-plugin,3.0.1,-,-,?,-,false,-
com.basistech,common-api,36.2.0,-,-,?,-,false,-
com.basistech,common-api-jackson,36.2.0,-,-,?,-,false,-
com.basistech.rosette,rosette-api,1.10.1,-,-,?,-,false,-
com.basistech.rosette,rosette-api-annotations,1.10.1,-,-,?,-,false,-
com.basistech.rosette,rosette-api-common,1.10.1,-,-,?,-,false,-
com.basistech.rosette,rosette-api-examples,1.10.1,-,-,?,-,false,-
com.basistech.rosette,rosette-api-json,1.10.1,-,-,?,-,false,-
com.basistech.rosette,rosette-api-model,1.10.1,-,-,?,-,false,-
com.basistech.tclre,tcl-regex,0.13.8,-,-,?,-,false,-
com.bullhorn,sdk-rest,1.2.39,-,-,?,-,false,-
com.codnos,dbgp-interfaces,1.0.0,-,-,?,-,false,-
com.comoyo.commons,amazonaws-utils,1.4.61,-,-,?,-,false,-
com.comoyo.commons,emjar,1.4.61,-,-,?,-,false,-
com.comoyo.commons,emjar-demo,1.4.61,-,-,?,-,false,-
com.comoyo.commons,emjar-maven-plugin,1.4.61,-,-,?,-,false,-
com.comoyo.commons,logging-context,1.4.61,-,-,?,-,false,-
com.comoyo.commons,logging-context-gelf,1.4.61,-,-,?,-,false,-
com.comoyo.commons,logging-context-json,1.4.61,-,-,?,-,false,-
com.comoyo.commons,logging-utilities,1.4.61,-,-,?,-,false,-
com.comoyo.maven.plugins,protoc-bundled-plugin,1.4.61,-,-,?,-,false,-
com.comoyo.protobuf,pb-json,1.4.61,-,-,?,-,false,-
com.crypteron,ciphercore,2018.1.1.0,-,-,?,-,false,-
com.crypteron,cipherdb-agent-hibernate4,2018.1.1.0,-,-,?,-,false,-
com.crypteron,cipherdb-agent-hibernate5,2018.1.1.0,-,-,?,-,false,-
com.crypteron,cipherobject,2018.1.1.0,-,-,?,-,false,-
com.crypteron,cipherstor,2018.1.1.0,-,-,?,-,false,-
com.crypteron,crypteron-commons,2018.1.1.0,-,-,?,-,false,-
com.crypteron,crypteron-jce,2017.7.1.2,-,-,?,-,false,-
com.dampcake,bencode,1.2,-,-,?,-,false,-
com.diabolicallabs,vertx-cron,3.5.0,-,-,?,-,false,-
com.discord4j,Discord4J,2.10.1,-,-,?,-,false,-
com.dracoon,dracoon-crypto-sdk,1.0.1,-,-,?,-,false,-
com.dracoon,dracoon-sdk,1.0.0-beta1,-,-,?,-,false,-
com.easycodebox,easycode-auth-model,0.3.1,-,-,?,-,false,-
com.easycodebox,easycode-common,0.3.1,-,-,?,-,false,-
com.easycodebox,easycode-idgenerator,0.3.1,-,-,?,-,false,-
com.easycodebox,easycode-jdbc,0.3.1,-,-,?,-,false,-
com.easycodebox,easycode-jdbc-mybatis,0.3.1,-,-,?,-,false,-
com.easycodebox,easycode-login,0.3.1,-,-,?,-,false,-
com.elegantmonkeys,lagom-google-pubsub-broker_2.12,1.0.0-RC1,-,-,?,-,false,-
com.elegantmonkeys,lagom-google-pubsub-client_2.12,1.0.0-RC1,-,-,?,-,false,-
com.elegantmonkeys,lagom-javadsl-google-pubsub-broker_2.12,1.0.0-RC1,-,-,?,-,false,-
com.elegantmonkeys,lagom-javadsl-google-pubsub-client_2.12,1.0.0-RC1,-,-,?,-,false,-
com.elegantmonkeys,lagom-scaladsl-google-pubsub-broker_2.12,1.0.0-RC1,-,-,?,-,false,-
com.elegantmonkeys,lagom-scaladsl-google-pubsub-client_2.12,1.0.0-RC1,-,-,?,-,false,-
com.elegantmonkeys,monaka_2.12,1.0.0-RC2,-,-,?,-,false,-
com.enriquegrodrigo,spark-crowd_2.11,0.1.5,-,-,?,-,false,-
com.ericsson.commonlibrary,proxy,1.2.0,-,-,?,-,false,-
com.freeletics.rxredux,rxredux,1.0.0,-,-,?,-,false,-
com.fuzzylite,jfuzzylite,6.0.1,-,-,?,-,false,-
com.greghaskins,spectrum,1.2.0,-,-,?,-,false,-
com.handcraftedbits.edgeifier,edgeifier-api,1.0.0,-,-,?,-,false,-
com.handcraftedbits.edgeifier,edgeifier-impl,1.0.0,-,-,?,-,false,-
com.handcraftedbits,handcraftedbits-codequality,1.0.7,-,-,?,-,false,-
com.handcraftedbits,handcraftedbits-license,1.0.2,-,-,?,-,false,-
com.handcraftedbits.web,flaky,1.0.3,-,-,?,-,false,-
com.hummeling,if97,1.0.5,-,-,?,-,false,-
com.jianggujin,JCodec,1.0.0,-,-,?,-,false,-
com.jianggujin,JHttp,1.0.1,-,-,?,-,false,-
com.jianggujin,JModuleLink,1.0.0,-,-,?,-,false,-
com.jianggujin,JModuleLinkMvc,1.0.0,-,-,?,-,false,-
com.jianggujin,JRegistry,1.0.0,-,-,?,-,false,-
com.jianggujin,JSocket,1.0.0,-,-,?,-,false,-
com.jillesvangurp,jsonj,2.51,-,-,?,-,false,-
com.jillesvangurp,spring-depend,0.2,-,-,?,-,false,-
com.kastkode,springsandwich,1.0.2,-,-,?,-,false,-
com.kf5,java-client,1.0.4,-,-,?,-,false,-
com.klinec,ant-javacard,18.3.20,-,-,?,-,false,-
com.klinec,gradle-javacard,1.6.1,-,-,?,-,false,-
com.klinec,javacard-tools,0.0.1,-,-,?,-,false,-
com.klinec,jcardsim,3.0.5.1,-,-,?,-,false,-
com.ktanx,ktanx-autocoder,1.0.0,-,-,?,-,false,-
com.ktanx,ktanx-common,2.0.5,-,-,?,-,false,-
com.ktanx,ktanx-jdbc,1.0.5,-,-,?,-,false,-
com.ktanx,ktanx-jdbc-dbutils,1.0.5,-,-,?,-,false,-
com.ktanx,ktanx-jdbc-springjdbc,1.0.5,-,-,?,-,false,-
com.ktanx,ktanx-jdbc-test,1.0.5,-,-,?,-,false,-
com.lambeta,underscore.string.java,0.2.0,-,-,?,-,false,-
com.madeorsk,emojisfx,1.0,-,-,?,-,false,-
com.mailjet,mailjet-client,4.1.1,-,-,?,-,false,-
com.mastercard.api,assurance-iq,1.0.5,-,-,?,-,false,-
com.mastercard.api,audiences,1.0.4,-,-,?,-,false,-
com.mastercard.api,billpayapi,1.0.0,-,-,?,-,false,-
com.mastercard.api,bintable,1.0.0,-,-,?,-,false,-
com.mastercard.api,blockchain,0.0.2,-,-,?,-,false,-
com.mastercard.api,blockchain-b2bxb,0.0.4,-,-,?,-,false,-
com.mastercard.api,crossborder,1.0.0,-,-,?,-,false,-
com.mastercard.api,currency-conversion,1.0.1,-,-,?,-,false,-
com.mastercard.api,disbursements,1.0.4,-,-,?,-,false,-
com.mastercard.api,fraud-scoring,1.0.4,-,-,?,-,false,-
com.mastercard.api,installments-fi,1.0.4,-,-,?,-,false,-
com.mastercard.api,installments-non-fi,1.0.4,-,-,?,-,false,-
com.mastercard.api,locations,1.0.4,-,-,?,-,false,-
com.mastercard.api,lost-stolen,1.0.4,-,-,?,-,false,-
com.mastercard.api,mapping-services,1.0.0,-,-,?,-,false,-
com.mastercard.api,mastercom,2.0.0,-,-,?,-,false,-
com.mastercard.api,match,1.0.4,-,-,?,-,false,-
com.mastercard.api,maws,1.0.0,-,-,?,-,false,-
com.mastercard.api,mcaid-analytics,1.0.1,-,-,?,-,false,-
com.mastercard.api,mc-on,1.0.2,-,-,?,-,false,-
com.mastercard.api,mdes-customer-service,1.0.6,-,-,?,-,false,-
com.mastercard.api,mdes-merchants,1.0.1,-,-,?,-,false,-
com.mastercard.api,mdes-pam,1.0.0,-,-,?,-,false,-
com.mastercard.api,media-measurement,2.0.0,-,-,?,-,false,-
com.mastercard.api,merchant-identifier,1.0.4,-,-,?,-,false,-
com.mastercard.api,merchant-performance,0.0.1,-,-,?,-,false,-
com.mastercard.api,moneysend,1.0.2,-,-,?,-,false,-
com.mastercard.api,mpqr-accept,1.0.0,-,-,?,-,false,-
com.mastercard.api,p2m,1.0.2,-,-,?,-,false,-
com.mastercard.api,p2p,1.0.4,-,-,?,-,false,-
com.mastercard.api,parameter-management-services,1.0.3,-,-,?,-,false,-
com.mastercard.api,personalized-loyalty-offers,1.0.4,-,-,?,-,false,-
com.mastercard.api,places,1.0.5,-,-,?,-,false,-
com.mastercard.api,qkr,1.2.0,-,-,?,-,false,-
com.mastercard.api,remittance,1.0.3,-,-,?,-,false,-
com.mastercard.api,repower,1.0.2,-,-,?,-,false,-
com.mastercard.api,retail-location-insights,1.0.4,-,-,?,-,false,-
com.mastercard.api,sdk-api-core,1.4.21,-,-,?,-,false,-
com.mastercard.api,sector-insights,1.0.4,-,-,?,-,false,-
com.mastercard.api,spendalerts,1.0.5,-,-,?,-,false,-
com.mastercard.api,spendcontrols,1.0.4,-,-,?,-,false,-
com.mastercard.api,spending-pulse,1.0.4,-,-,?,-,false,-
com.mastercard.api,stp,1.0.0,-,-,?,-,false,-
com.mastercard.api,stp-api-sdk,1.0.0,-,-,?,-,false,-
com.mastercard.api,transfer,1.0.0,-,-,?,-,false,-
com.mastercard.api,travel-recommender,1.0.0,-,-,?,-,false,-
com.mastercard.api,vending,1.0.2,-,-,?,-,false,-
com.mastercard.developer,oauth1-signer,1.0.0,-,-,?,-,false,-
com.mastercard.masterpass.merchant,mastercard-masterpass-merchant,1.3.1,-,-,?,-,false,-
com.mastercard.merchant.checkout,mastercard-merchant-checkout,2.2.2,-,-,?,-,false,-
com.mastercard.merchant.onboarding,mastercard-merchant-onboarding,1.1.0,-,-,?,-,false,-
com.mastercard.psp.payment,mastercard-psp-payment,1.2.2,-,-,?,-,false,-
com.mastercard.sdk.core,mastercard-sdk-core,2.1.1,-,-,?,-,false,-
com.mastercard.sdk.token,mastercard-sdk-token,1.1.0,-,-,?,-,false,-
com.mcconnellsoftware.dynamodb-lock,dynamodb-lock,0.1-alpha-2,-,-,?,-,false,-
com.meaningcloud,MeaningCloudClient,0.9,-,-,?,-,false,-
com.meaningcloud,meaningcloud-sdk,0.9.2,-,-,?,-,false,-
com.mindoo.domino,domino-jna,0.9.19,-,-,?,-,false,-
com.moz.qless,qless-java,0.3.0,-,-,?,-,false,-
com.neumob,neumob-android,3.7.1,-,-,?,-,false,-
com.novartis.opensource,yada-api,8.5.0,-,-,?,-,false,-
com.octagonsoftware,rtttl,2.0.0,-,-,?,-,false,-
com.opdar.platform,gulosity-platform,1.1,-,-,?,-,false,sun.reflect.generics.reflectiveObjects.ParameterizedTypeImpl Removed. See http://openjdk.java.net/jeps/260
com.opdar.plugins,gulosity-mybatis-plugin,v1.1.1,-,-,?,-,false,sun.reflect.generics.reflectiveObjects.ParameterizedTypeImpl Removed. See http://openjdk.java.net/jeps/260
com.ost,ost-sdk-java,1.1.0,-,-,?,-,false,-
com.purbon,fairsearch-core,0.1,-,-,?,-,false,-
com.purej,purej-vminspect,1.3.0,-,-,?,-,false,-
com.qiniu,android-netdiag,0.1.1,-,-,?,-,false,-
com.qiniu,happy-dns,0.2.13,-,-,?,-,false,-
com.qiniu,happy-dns-java,0.1.6,-,-,?,-,false,-
com.qiniu,ip17mon,0.2.2,-,-,?,-,false,-
com.qiniu,logging-pandora-udf,1.0.1,-,-,?,-,false,-
com.qiniu.pili,pili-sdk-java,2.1.4,-,-,?,-,false,-
com.qiniu,qiniu-android-sdk,7.3.12,-,-,?,-,false,-
com.qiniu,qiniu-java-sdk,7.2.14,-,-,?,-,false,-
com.qiniu,qiniu-logging-plugin-log4j,1.0.0,-,-,?,-,false,-
com.qiniu,qiniu-logging-plugin-log4j2,1.0.0,-,-,?,-,false,-
com.qiniu,qiniu-logging-plugin-logback,1.0.0,-,-,?,-,false,-
com.qiniu,qiniu-pandora-sdk,2.0.5,-,-,?,-,false,-
com.qiniu,transform-plugin-sdk,2.0,-,-,?,-,false,-
com.rosette.elasticsearch,rosette-elasticsearch-plugin,6.3.2.0,-,-,?,-,false,-
com.sflpro.identity,identity-api-client,0.0.7,-,-,?,-,false,-
com.sflpro.identity,identity-api-common,0.0.7,-,-,?,-,false,-
com.sflpro.identity,identity-api-facade,0.0.4,-,-,?,-,false,-
com.sflpro.identity,identity-api-web,0.0.4,-,-,?,-,false,-
com.sflpro.identity,identity-core-datatypes,0.0.7,-,-,?,-,false,-
com.sflpro.identity,identity-core-db-entities,0.0.4,-,-,?,-,false,-
com.sflpro.identity,identity-core-db-repositories,0.0.4,-,-,?,-,false,-
com.sflpro.identity,identity-core-services,0.0.4,-,-,?,-,false,-
com.sflpro.identity,identity-core-services-impl,0.0.4,-,-,?,-,false,-
com.sflpro.notifier,api-client-library,1.4.3,-,-,?,-,false,-
com.sflpro.notifier,api-model,1.4.3,-,-,?,-,false,-
com.squareup.osstrich,osstrich,1.3.0,-,-,?,-,false,sun.misc.Unsafe                          See http://openjdk.java.net/jeps/260
com.squareup.spoon,spoon-client,1.7.1,-,-,?,-,false,-
com.squareup.spoon,spoon-maven-plugin,1.7.1,-,-,?,-,false,-
com.squareup.spoon,spoon-runner,1.7.1,-,-,?,-,false,-
com.squareup.wire,wire-compiler,2.3.0-RC1,-,-,?,-,false,-
com.squareup.wire,wire-gson-support,2.3.0-RC1,-,-,?,-,false,-
com.squareup.wire,wire-java-generator,2.3.0-RC1,-,-,?,-,false,-
com.squareup.wire,wire-maven-plugin,2.3.0-RC1,-,-,?,-,false,-
com.squareup.wire,wire-sample,2.3.0-RC1,-,-,?,-,false,-
com.squareup.wire,wire-schema,2.3.0-RC1,-,-,?,-,false,-
com.squareup.wire,wire-testing,2.3.0-RC1,-,-,?,-,false,-
com.squareup.wire,wire-tests,2.3.0-RC1,-,-,?,-,false,-
com.stratio.akka.auth,akka-oauth2-client_211,0.4.0,-,-,?,-,false,-
com.stratio.cassandra,cassandra-lucene-index-builder,3.11.1.0,-,-,?,-,false,-
com.stratio.cassandra,cassandra-lucene-index-plugin,3.11.1.0,-,-,?,-,false,-
com.stratio.common,common-utils_2.11,0.12.0,-,-,?,-,false,-
com.stratio.qa,bdt,0.7.0,-,-,?,-,false,-
com.stratio.sparta,sparta-auth-interface,0.2.3,-,-,?,-,false,-
com.stratio.spray.auth,spray-oauth2-client_2.10,0.4.0,-,-,?,-,false,-
com.stratio.spray.auth,spray-oauth2-client_2.11,0.3.2,-,-,?,-,false,-
com.stratio.tikitakka,common,0.3.0,-,-,?,-,false,-
com.stratio.tikitakka,core,0.3.0,-,-,?,-,false,-
com.stratio.tikitakka,discovery,0.3.0,-,-,?,-,false,-
com.stratio.tikitakka,orchestration,0.3.0,-,-,?,-,false,-
com.tantowi.maven,tomcat-maven-plugin,1.0.0,-,-,?,-,false,-
com.taxonic.carml,carml-commons,0.2.1,-,-,?,-,false,-
com.taxonic.carml,carml-engine,0.2.1,-,-,?,-,false,-
com.taxonic.carml,carml-logical-source-resolver,0.2.1,-,-,?,-,false,-
com.taxonic.carml,carml-logical-source-resolver-csv,0.2.1,-,-,?,-,false,-
com.taxonic.carml,carml-logical-source-resolver-jsonpath,0.2.1,-,-,?,-,false,-
com.taxonic.carml,carml-logical-source-resolver-xpath,0.2.1,-,-,?,-,false,-
com.taxonic.carml,carml-model,0.2.1,-,-,?,-,false,-
com.taxonic.carml,carml-rdf-mapper,0.2.1,-,-,?,-,false,-
com.teamtter.maven,cifriendly-maven-plugin,1.0.8,-,-,?,-,false,-
com.teamtter.mavennatives,nativedependencies-maven-plugin,1.0.6,-,-,?,-,false,-
com.teamtter.test,test-categories,0.0.4,-,-,?,-,false,-
com.testcompose,junit-extension,0.3.1,-,-,?,-,false,-
com.thdlee,THDJson,1.0,-,-,?,-,false,-
com.toceansoft,tocean-security-oauth2-api,1.0.3-RELEASE,-,-,?,-,false,-
com.tuzhihai,fileutil,1.0.0.RELEASE,-,-,?,-,false,-
com.vmunier,scalajs-scripts_2.10,1.1.2,-,-,?,-,false,-
com.vmunier,scalajs-scripts_2.11,1.1.2,-,-,?,-,false,-
com.vmunier,scalajs-scripts_2.12,1.1.2,-,-,?,-,false,-
com.voodoodyne.gstrap,gstrap,0.39,-,-,?,-,false,-
com.voodoodyne.gstrap,gstrap-gae,0.7,-,-,?,-,false,-
com.voodoodyne.gstrap,gstrap-gae-test,0.7,-,-,?,-,false,-
com.voodoodyne.gstrap,gstrap-test,0.39,-,-,?,-,false,-
com.voodoodyne.hattery,hattery,0.40,-,-,?,-,false,-
com.voodoodyne.jackson.jsog,jackson-jsog,1.1.1,-,-,?,-,false,-
com.voodoodyne.postguice,postguice,0.9,-,-,?,-,false,-
com.voodoodyne.postguice,postguice-test,0.9,-,-,?,-,false,-
com.wubaer.sghd,common-console,1.0.2,-,-,?,-,false,-
com.wubaer.sghd,common-event,1.0.2,-,-,?,-,false,-
com.wubaer.sghd,common-ramcache,1.0.2,-,-,?,-,false,-
com.wubaer.sghd,common-resource,1.0.2,-,-,?,-,false,-
com.wubaer.sghd,common-scheduler,1.0.2,-,-,?,-,false,-
com.wubaer.sghd,common-socket,1.0.2,-,-,?,-,false,-
com.wubaer.sghd,common-utils,1.0.2,-,-,?,-,false,sun.misc.BASE64Decoder                   Use java.util.Base64 @since 1.8 + sun.misc.BASE64Encoder                   Use java.util.Base64 @since 1.8
com.xiongyingqi,simplify-commons,1.1,-,-,?,-,false,-
com.xiongyingqi,simplify-http,1.1,-,-,?,-,false,-
com.xiongyingqi,simplify-logic,1.1,-,-,?,-,false,-
com.xiongyingqi,simplify-platform,1.1,-,-,?,-,false,-
com.zbj.zop,openapi-java-sdk,2.3.2,-,-,?,-,false,-
com.zbj.zop,rop-client,1.0.4,-,-,?,-,false,-
