groupId,artifactId,version,moduleName,moduleVersion,moduleMode,moduleDependencies,jdepsToolError,jdepsViolations
com.hankcs,hanlp,portable-1.6.8,-,-,?,-,false,sun.reflect.FieldAccessor                Removed. See http://openjdk.java.net/jeps/260 + sun.reflect.ReflectionFactory            See http://openjdk.java.net/jeps/260
net.masterthought,cucumber-sandwich,3.20.0,-,-,?,-,false,-
net.masterthought,maven-cucumber-reporting,3.20.0,-,-,?,-,false,-
net.sourceforge.plantuml,plantuml,8059,-,-,?,-,false,-
org.glassfish.jersey.bundles,apidocs,2.27,-,-,?,-,false,-
org.glassfish.jersey.bundles.repackaged,jersey-guava,2.26-b03,-,-,?,-,false,sun.misc.Unsafe                          See http://openjdk.java.net/jeps/260
org.glassfish.jersey.bundles.repackaged,jersey-jsr166e,2.26-b02,-,-,?,-,false,sun.misc.Unsafe                          See http://openjdk.java.net/jeps/260
org.glassfish.jersey.core,jersey-client,2.27,-,-,?,-,false,-
org.glassfish.jersey.core,jersey-common,2.27,-,-,?,-,false,sun.misc.Contended                       Removed. See http://openjdk.java.net/jeps/260 + sun.misc.Unsafe                          See http://openjdk.java.net/jeps/260
org.glassfish.jersey.core,jersey-server,2.27,-,-,?,-,false,-
org.glassfish.jersey.examples,assemblies,2.27,-,-,?,-,false,-
org.glassfish.jersey.examples,clipboard,2.27,-,-,?,-,false,-
org.glassfish.jersey.examples,clipboard-programmatic,2.27,-,-,?,-,false,-
org.glassfish.jersey.examples,declarative-linking,2.27,-,-,?,-,false,-
org.glassfish.jersey.examples,entity-filtering,2.27,-,-,?,-,false,-
org.glassfish.jersey.examples,entity-filtering-security,2.27,-,-,?,-,false,-
org.glassfish.jersey.examples,exception-mapping,2.27,-,-,?,-,false,-
org.glassfish.jersey.examples,groovy,2.27,-,-,?,-,false,-
org.glassfish.jersey.examples,helloworld,2.27,-,-,?,-,false,-
org.glassfish.jersey.examples,helloworld-benchmark,2.27,-,-,?,-,false,-
org.glassfish.jersey.examples,helloworld-cdi2-se,2.27,-,-,?,-,false,-
org.glassfish.jersey.examples,helloworld-netty,2.27,-,-,?,-,false,-
org.glassfish.jersey.examples,helloworld-spring-annotations,2.27,-,-,?,-,false,-
org.glassfish.jersey.examples,helloworld-weld,2.27,-,-,?,-,false,-
org.glassfish.jersey.examples,http-patch,2.27,-,-,?,-,false,-
org.glassfish.jersey.examples,https-clientserver-grizzly,2.27,-,-,?,-,false,-
org.glassfish.jersey.examples,http-trace,2.27,-,-,?,-,false,-
org.glassfish.jersey.examples,jaxb,2.27,-,-,?,-,false,-
org.glassfish.jersey.examples,jaxrs-types-injection,2.27,-,-,?,-,false,-
org.glassfish.jersey.examples,json-jackson1,2.27,-,-,?,-,false,-
org.glassfish.jersey.examples,json-jackson,2.27,-,-,?,-,false,-
org.glassfish.jersey.examples,json-moxy,2.27,-,-,?,-,false,-
org.glassfish.jersey.examples,json-with-padding,2.27,-,-,?,-,false,-
org.glassfish.jersey.examples,managed-client,2.27,-,-,?,-,false,-
org.glassfish.jersey.examples,oauth-client-twitter,2.27,-,-,?,-,false,-
org.glassfish.jersey.examples,open-tracing,2.27,-,-,?,-,false,-
org.glassfish.jersey.examples.osgi-helloworld-webapp,additional-bundle,2.27,-,-,?,-,false,-
org.glassfish.jersey.examples.osgi-helloworld-webapp,alternate-version-bundle,2.27,-,-,?,-,false,-
org.glassfish.jersey.examples.osgi-helloworld-webapp,lib-bundle,2.27,-,-,?,-,false,-
org.glassfish.jersey.examples.osgi-http-service,bundle,2.27,-,-,?,-,false,-
org.glassfish.jersey.examples,reload,2.27,-,-,?,-,false,-
org.glassfish.jersey.examples,server-async,2.27,-,-,?,-,false,-
org.glassfish.jersey.examples,server-async-managed,2.27,-,-,?,-,false,-
org.glassfish.jersey.examples,server-async-standalone-client,2.27,-,-,?,-,false,-
org.glassfish.jersey.examples,server-sent-events,2.26-b03,-,-,?,-,false,-
org.glassfish.jersey.examples,server-sent-events-jaxrs,2.27,-,-,?,-,false,-
org.glassfish.jersey.examples,simple-console,2.27,-,-,?,-,false,-
org.glassfish.jersey.examples,sparklines,2.27,-,-,?,-,false,-
org.glassfish.jersey.examples,sse-twitter-aggregator,2.27,-,-,?,-,false,-
org.glassfish.jersey.examples,system-properties-example,2.27,-,-,?,-,false,-
org.glassfish.jersey.examples,tone-generator,2.27,-,-,?,-,false,-
org.glassfish.jersey.examples,xml-moxy,2.27,-,-,?,-,false,-
org.glassfish.jersey.ext,jersey-mvc-jsp,2.27,-,-,?,-,false,-
org.glassfish.jersey.incubator,jersey-gae-integration,2.27,-,-,?,-,false,-
org.glassfish.jersey.incubator,jersey-jdk-connector,2.26-b04,-,-,?,-,false,-
org.glassfish.jersey.incubator,jersey-open-tracing,2.27,-,-,?,-,false,-
org.glassfish.jersey.inject,jersey-cdi2-se,2.27,-,-,?,-,false,-
org.glassfish.jersey.inject,jersey-hk2,2.27,-,-,?,-,false,-
org.glassfish.jersey.test-framework,jersey-test-framework-core,2.27,-,-,?,-,false,-
org.glassfish.jersey.test-framework,jersey-test-framework-util,2.27,-,-,?,-,false,-
org.glassfish.jersey.test-framework.maven,container-runner-maven-plugin,2.27,-,-,?,-,false,-
org.glassfish.jersey.test-framework.maven,custom-enforcer-rules,2.27,-,-,?,-,false,-
org.glassfish.jersey.test-framework,memleak-test-common,2.27,-,-,?,-,false,-
org.glassfish.jersey.test-framework.providers,jersey-test-framework-provider-external,2.27,-,-,?,-,false,-
org.glassfish.jersey.test-framework.providers,jersey-test-framework-provider-grizzly2,2.27,-,-,?,-,false,-
org.glassfish.jersey.test-framework.providers,jersey-test-framework-provider-inmemory,2.27,-,-,?,-,false,-
org.glassfish.jersey.test-framework.providers,jersey-test-framework-provider-jdk-http,2.27,-,-,?,-,false,-
org.glassfish.jersey.test-framework.providers,jersey-test-framework-provider-jetty,2.27,-,-,?,-,false,-
org.glassfish.jersey.test-framework.providers,jersey-test-framework-provider-netty,2.27,-,-,?,-,false,-
org.glassfish.jersey.test-framework.providers,jersey-test-framework-provider-simple,2.27,-,-,?,-,false,-
