groupId,artifactId,version,moduleName,moduleVersion,moduleMode,moduleDependencies,jdepsToolError,jdepsViolations
com.thoughtworks.compute,benchmark_2.11,0.2.0,-,-,?,-,false,-
com.thoughtworks.compute,benchmark_2.12,0.2.0,-,-,?,-,false,-
com.thoughtworks.compute,benchmarks_2.11,0.4.3,-,-,?,-,false,-
com.thoughtworks.compute,benchmarks_2.12,0.4.3,-,-,?,-,false,-
com.thoughtworks.compute,closeables_2.11,0.1.1,-,-,?,-,false,-
com.thoughtworks.compute,closeables_2.12,0.1.1,-,-,?,-,false,-
com.thoughtworks.compute,compute-scala_2.11,0.1.1,-,-,?,-,false,-
com.thoughtworks.compute,compute-scala_2.12,0.1.1,-,-,?,-,false,-
com.thoughtworks.compute,cpu_2.11,0.4.3,-,-,?,-,false,-
com.thoughtworks.compute,cpu_2.12,0.4.3,-,-,?,-,false,-
com.thoughtworks.compute,expressions_2.11,0.4.3,-,-,?,-,false,-
com.thoughtworks.compute,expressions_2.12,0.4.3,-,-,?,-,false,-
com.thoughtworks.compute,gpu_2.11,0.4.3,-,-,?,-,false,-
com.thoughtworks.compute,gpu_2.12,0.4.3,-,-,?,-,false,-
com.thoughtworks.compute,memory_2.11,0.4.3,-,-,?,-,false,-
com.thoughtworks.compute,memory_2.12,0.4.3,-,-,?,-,false,-
com.thoughtworks.compute,ndimensionalaffinetransform_2.11,0.4.3,-,-,?,-,false,-
com.thoughtworks.compute,ndimensionalaffinetransform_2.12,0.4.3,-,-,?,-,false,-
com.thoughtworks.compute,opencl_2.11,0.4.3,-,-,?,-,false,-
com.thoughtworks.compute,opencl_2.12,0.4.3,-,-,?,-,false,-
com.thoughtworks.compute,openclcodegenerator_2.11,0.1.1,-,-,?,-,false,-
com.thoughtworks.compute,openclcodegenerator_2.12,0.1.1,-,-,?,-,false,-
com.thoughtworks.compute,openclkernelbuilder_2.11,0.4.3,-,-,?,-,false,-
com.thoughtworks.compute,openclkernelbuilder_2.12,0.4.3,-,-,?,-,false,-
com.thoughtworks.compute,tensors_2.11,0.4.3,-,-,?,-,false,-
com.thoughtworks.compute,tensors_2.12,0.4.3,-,-,?,-,false,-
com.thoughtworks.compute,trees_2.11,0.4.3,-,-,?,-,false,-
com.thoughtworks.compute,trees_2.12,0.4.3,-,-,?,-,false,-
com.thoughtworks.deeplearning,bufferedlayer_2.11,1.0.0-RC7,-,-,?,-,false,-
com.thoughtworks.deeplearning,bufferedlayer_2.12,1.0.0-RC7,-,-,?,-,false,-
com.thoughtworks.deeplearning,caller_2.12,2.0.0-M3,-,-,?,-,false,-
com.thoughtworks.deeplearning,cumulativelayer_2.10,1.0.0,-,-,?,-,false,-
com.thoughtworks.deeplearning,cumulativelayer_2.11,1.0.0,-,-,?,-,false,-
com.thoughtworks.deeplearning,cumulativelayer_2.12,1.0.0,-,-,?,-,false,-
com.thoughtworks.deeplearning,deeplearning_2.11,2.2.0-M1,-,-,?,-,false,-
com.thoughtworks.deeplearning,differentiable_2.11,2.0.0-M4,-,-,?,-,false,-
com.thoughtworks.deeplearning,differentiable_2.12,2.0.0-M4,-,-,?,-,false,-
com.thoughtworks.deeplearning,differentiableany_2.10,1.0.0,-,-,?,-,false,-
com.thoughtworks.deeplearning,differentiableany_2.11,1.0.0,-,-,?,-,false,-
com.thoughtworks.deeplearning,differentiable-any_2.11,2.0.0-M4,-,-,?,-,false,-
com.thoughtworks.deeplearning,differentiableany_2.12,1.0.0,-,-,?,-,false,-
com.thoughtworks.deeplearning,differentiable-any_2.12,2.0.0-M4,-,-,?,-,false,-
com.thoughtworks.deeplearning,differentiableboolean_2.11,1.0.0,-,-,?,-,false,-
com.thoughtworks.deeplearning,differentiableboolean_2.12,1.0.0,-,-,?,-,false,-
com.thoughtworks.deeplearning,differentiablecoproduct_2.10,1.0.0,-,-,?,-,false,-
com.thoughtworks.deeplearning,differentiablecoproduct_2.12,1.0.0,-,-,?,-,false,-
com.thoughtworks.deeplearning,differentiabledouble_2.10,1.0.0,-,-,?,-,false,-
com.thoughtworks.deeplearning,differentiable-double_2.11,2.0.0-M4,-,-,?,-,false,-
com.thoughtworks.deeplearning,differentiabledouble_2.12,1.0.0,-,-,?,-,false,-
com.thoughtworks.deeplearning,differentiable-double_2.12,2.0.0-M4,-,-,?,-,false,-
com.thoughtworks.deeplearning,differentiablefloat_2.10,1.0.0,-,-,?,-,false,-
com.thoughtworks.deeplearning,differentiablefloat_2.11,1.0.0,-,-,?,-,false,-
com.thoughtworks.deeplearning,differentiablefloat_2.12,1.0.0,-,-,?,-,false,-
com.thoughtworks.deeplearning,differentiable-float_2.12,2.0.0-M4,-,-,?,-,false,-
com.thoughtworks.deeplearning,differentiablehlist_2.11,1.0.0,-,-,?,-,false,-
com.thoughtworks.deeplearning,differentiablehlist_2.12,1.0.0,-,-,?,-,false,-
com.thoughtworks.deeplearning,differentiableindarray_2.10,1.0.0,-,-,?,-,false,-
com.thoughtworks.deeplearning,differentiableindarray_2.11,1.0.0,-,-,?,-,false,-
com.thoughtworks.deeplearning,differentiableint_2.10,1.0.0,-,-,?,-,false,-
com.thoughtworks.deeplearning,differentiableint_2.12,1.0.0,-,-,?,-,false,-
com.thoughtworks.deeplearning,differentiablenothing_2.10,1.0.0,-,-,?,-,false,-
com.thoughtworks.deeplearning,differentiablenothing_2.12,1.0.0,-,-,?,-,false,-
com.thoughtworks.deeplearning,differentiableseq_2.10,1.0.0,-,-,?,-,false,-
com.thoughtworks.deeplearning,differentiableseq_2.11,1.0.0,-,-,?,-,false,-
com.thoughtworks.deeplearning,differentiableseq_2.12,1.0.0,-,-,?,-,false,-
com.thoughtworks.deeplearning.etl,cifar100_2.11,0.2.0,-,-,?,-,false,-
com.thoughtworks.deeplearning.etl,cifar10_2.11,1.1.0,-,-,?,-,false,-
com.thoughtworks.deeplearning,jupyter-differentiable_2.11,2.0.0-M4,-,-,?,-,false,-
com.thoughtworks.deeplearning,jupyter-differentiable_2.12,2.0.0-M4,-,-,?,-,false,-
com.thoughtworks.deeplearning,layer_2.10,1.0.0,-,-,?,-,false,-
com.thoughtworks.deeplearning,layer_2.11,1.0.0,-,-,?,-,false,-
com.thoughtworks.deeplearning,layer_2.12,1.0.0,-,-,?,-,false,-
com.thoughtworks.deeplearning,lift_2.10,1.0.0-RC6,-,-,?,-,false,-
com.thoughtworks.deeplearning,lift_2.12,2.0.0-M4,-,-,?,-,false,-
com.thoughtworks.deeplearning,logs_2.11,2.0.0-M4,-,-,?,-,false,-
com.thoughtworks.deeplearning,logs_2.12,2.0.0-M4,-,-,?,-,false,-
com.thoughtworks.deeplearning,math_2.11,2.0.0-M4,-,-,?,-,false,-
com.thoughtworks.deeplearning,nd4j-android-arm-native,1.0.0-RC9,-,-,?,-,false,-
com.thoughtworks.deeplearning,nd4j-android-x86-native,1.0.0-RC9,-,-,?,-,false,-
com.thoughtworks.deeplearning,nd4j-linux-ppc64le-cuda-7_5,1.0.0-RC9,-,-,?,-,false,-
com.thoughtworks.deeplearning,nd4j-linux-ppc64le-cuda-8_0,1.0.0-RC9,-,-,?,-,false,-
com.thoughtworks.deeplearning,nd4j-linux-x86_64-cuda-7_5,1.0.0-RC9,-,-,?,-,false,-
com.thoughtworks.deeplearning,nd4j-linux-x86_64-cuda-8_0,1.0.0-RC9,-,-,?,-,false,-
com.thoughtworks.deeplearning,nd4j-linux-x86_64-native,1.0.0-RC9,-,-,?,-,false,-
com.thoughtworks.deeplearning,nd4j-macosx-x86_64-cuda-7_5,1.0.0-RC9,-,-,?,-,false,-
com.thoughtworks.deeplearning,nd4j-macosx-x86_64-cuda-8_0,1.0.0-RC9,-,-,?,-,false,-
com.thoughtworks.deeplearning,nd4j-platform,1.0.0-RC9,-,-,?,-,false,-
com.thoughtworks.deeplearning,nd4j-windows-x86_64-cuda-7_5,1.0.0-RC9,-,-,?,-,false,-
com.thoughtworks.deeplearning,nd4j-windows-x86_64-cuda-8_0,1.0.0-RC9,-,-,?,-,false,-
com.thoughtworks.deeplearning,plugins-builtins_2.11,2.2.0-M1,-,-,?,-,false,-
com.thoughtworks.deeplearning,plugins-builtins_2.12,2.2.0-M1,-,-,?,-,false,-
com.thoughtworks.deeplearning,plugins-cumulativedoublelayers_2.11,2.2.0-M1,-,-,?,-,false,-
com.thoughtworks.deeplearning,plugins-cumulativedoublelayers_2.12,2.2.0-M1,-,-,?,-,false,-
com.thoughtworks.deeplearning,plugins-cumulativefloatlayers_2.11,2.2.0-M1,-,-,?,-,false,-
com.thoughtworks.deeplearning,plugins-cumulativefloatlayers_2.12,2.2.0-M1,-,-,?,-,false,-
com.thoughtworks.deeplearning,plugins-cumulativeindarraylayers_2.11,2.2.0-M1,-,-,?,-,false,-
com.thoughtworks.deeplearning,plugins-cumulativeindarraylayers_2.12,2.2.0-M1,-,-,?,-,false,-
com.thoughtworks.deeplearning,plugins-doublelayers_2.11,2.2.0-M1,-,-,?,-,false,-
com.thoughtworks.deeplearning,plugins-doublelayers_2.12,2.2.0-M1,-,-,?,-,false,-
com.thoughtworks.deeplearning,plugins-doubleliterals_2.11,2.2.0-M1,-,-,?,-,false,-
com.thoughtworks.deeplearning,plugins-doubletraining_2.11,2.2.0-M1,-,-,?,-,false,-
com.thoughtworks.deeplearning,plugins-doubleweights_2.11,2.2.0-M1,-,-,?,-,false,-
com.thoughtworks.deeplearning,plugins-doubleweights_2.12,2.2.0-M1,-,-,?,-,false,-
com.thoughtworks.deeplearning,plugins-floatlayers_2.11,2.2.0-M1,-,-,?,-,false,-
com.thoughtworks.deeplearning,plugins-floatlayers_2.12,2.2.0-M1,-,-,?,-,false,-
com.thoughtworks.deeplearning,plugins-floatliterals_2.11,2.2.0-M1,-,-,?,-,false,-
com.thoughtworks.deeplearning,plugins-floatliterals_2.12,2.2.0-M1,-,-,?,-,false,-
com.thoughtworks.deeplearning,plugins-floattraining_2.11,2.2.0-M1,-,-,?,-,false,-
com.thoughtworks.deeplearning,plugins-floattraining_2.12,2.2.0-M1,-,-,?,-,false,-
com.thoughtworks.deeplearning,plugins-floatweights_2.11,2.2.0-M1,-,-,?,-,false,-
com.thoughtworks.deeplearning,plugins-floatweights_2.12,2.2.0-M1,-,-,?,-,false,-
com.thoughtworks.deeplearning,plugins-hlists_2.11,2.2.0-M1,-,-,?,-,false,-
com.thoughtworks.deeplearning,plugins-implicitssingleton_2.11,2.2.0-M1,-,-,?,-,false,-
com.thoughtworks.deeplearning,plugins-implicitssingleton_2.12,2.2.0-M1,-,-,?,-,false,-
com.thoughtworks.deeplearning,plugins-indarraylayers_2.11,2.2.0-M1,-,-,?,-,false,-
com.thoughtworks.deeplearning,plugins-indarraylayers_2.12,2.2.0-M1,-,-,?,-,false,-
com.thoughtworks.deeplearning,plugins-indarrayliterals_2.11,2.2.0-M1,-,-,?,-,false,-
com.thoughtworks.deeplearning,plugins-indarrayliterals_2.12,2.2.0-M1,-,-,?,-,false,-
com.thoughtworks.deeplearning,plugins-indarraytraining_2.11,2.2.0-M1,-,-,?,-,false,-
com.thoughtworks.deeplearning,plugins-indarraytraining_2.12,2.2.0-M1,-,-,?,-,false,-
com.thoughtworks.deeplearning,plugins-indarrayweights_2.11,2.2.0-M1,-,-,?,-,false,-
com.thoughtworks.deeplearning,plugins-indarrayweights_2.12,2.2.0-M1,-,-,?,-,false,-
com.thoughtworks.deeplearning,plugins-layers_2.12,2.2.0-M1,-,-,?,-,false,-
com.thoughtworks.deeplearning,plugins-logging_2.11,2.2.0-M1,-,-,?,-,false,-
com.thoughtworks.deeplearning,plugins-names_2.12,2.2.0-M1,-,-,?,-,false,-
com.thoughtworks.deeplearning,plugins-operators_2.11,2.2.0-M1,-,-,?,-,false,-
com.thoughtworks.deeplearning,plugins-products_2.12,2.2.0-M1,-,-,?,-,false,-
com.thoughtworks.deeplearning,plugins-rawdoublelayers_2.11,2.0.0-RC1,-,-,?,-,false,-
com.thoughtworks.deeplearning,plugins-rawdoublelayers_2.12,2.0.0-RC1,-,-,?,-,false,-
com.thoughtworks.deeplearning,plugins-rawfloatlayers_2.12,2.0.0-RC1,-,-,?,-,false,-
com.thoughtworks.deeplearning,plugins-rawindarraylayers_2.12,2.0.0-RC1,-,-,?,-,false,-
com.thoughtworks.deeplearning,plugins-training_2.12,2.2.0-M1,-,-,?,-,false,-
com.thoughtworks.deeplearning,plugins-weights_2.11,2.2.0-M1,-,-,?,-,false,-
com.thoughtworks.deeplearning,plugins-weights_2.12,2.2.0-M1,-,-,?,-,false,-
com.thoughtworks.deeplearning,poly_2.11,1.0.0,-,-,?,-,false,-
com.thoughtworks.deeplearning,poly_2.12,1.0.0,-,-,?,-,false,-
com.thoughtworks.deeplearning,symbolic_2.10,1.0.0,-,-,?,-,false,-
com.thoughtworks.deeplearning,symbolic_2.11,1.0.0,-,-,?,-,false,-
com.thoughtworks.deeplearning,tape_2.11,2.0.0-M4,-,-,?,-,false,-
com.thoughtworks.deeplearning,tape_2.12,2.0.0-M4,-,-,?,-,false,-
com.thoughtworks.deeplearning,tapefactories_2.11,2.0.0-M4,-,-,?,-,false,-
com.thoughtworks.deeplearning,tapefactories_2.12,2.0.0-M4,-,-,?,-,false,-
com.thoughtworks.dsl,annotations_2.12,1.0.0-RC1,-,-,?,-,false,-
com.thoughtworks.dsl,compilerplugin_2.11,1.0.0-RC1,-,-,?,-,false,-
com.thoughtworks.dsl,compilerplugin_2.12,1.0.0-RC1,-,-,?,-,false,-
com.thoughtworks.dsl,compilerplugins-bangnotation_2.12,1.0.0-RC15,-,-,?,-,false,-
com.thoughtworks.dsl,compilerplugins-bangnotation_2.13.0-M4,1.0.0-RC15,-,-,?,-,false,-
com.thoughtworks.dsl,compilerplugins-reseteverywhere_2.11,1.0.0-RC15,-,-,?,-,false,-
com.thoughtworks.dsl,compilerplugins-reseteverywhere_2.12,1.0.0-RC15,-,-,?,-,false,-
com.thoughtworks.dsl,compilerplugins-reseteverywhere_2.13.0-M4,1.0.0-RC15,-,-,?,-,false,-
com.thoughtworks.dsl,delimitedcontinuation-annotations_2.11,0.1.0,-,-,?,-,false,-
com.thoughtworks.dsl,delimitedcontinuation-annotations_2.12,0.1.0,-,-,?,-,false,-
com.thoughtworks.dsl,delimitedcontinuation-compilerplugin_2.11,0.1.0,-,-,?,-,false,-
com.thoughtworks.dsl,delimitedcontinuation-compilerplugin_2.12,0.1.0,-,-,?,-,false,-
com.thoughtworks.dsl,domains-cats_2.11,1.0.0-RC15,-,-,?,-,false,-
com.thoughtworks.dsl,domains-cats_2.12,1.0.0-RC15,-,-,?,-,false,-
com.thoughtworks.dsl,domains-cats_2.13.0-M4,1.0.0-RC15,-,-,?,-,false,-
com.thoughtworks.dsl,domains-cats_sjs0.6_2.11,1.0.0-RC15,-,-,?,-,false,-
com.thoughtworks.dsl,domains-cats_sjs0.6_2.12,1.0.0-RC15,-,-,?,-,false,-
com.thoughtworks.dsl,domains-cats_sjs0.6_2.13.0-M4,1.0.0-RC15,-,-,?,-,false,-
com.thoughtworks.dsl,domains-exceptionhandling_2.11,1.0.0-RC1,-,-,?,-,false,-
com.thoughtworks.dsl,domains-exceptionhandling_2.12,1.0.0-RC1,-,-,?,-,false,-
com.thoughtworks.dsl,domains-raii_2.11,1.0.0-RC3,-,-,?,-,false,-
com.thoughtworks.dsl,domains-scalaz_2.12,1.0.0-RC15,-,-,?,-,false,-
com.thoughtworks.dsl,domains-scalaz_2.13.0-M4,1.0.0-RC15,-,-,?,-,false,-
com.thoughtworks.dsl,domains-scalaz_sjs0.6_2.11,1.0.0-RC15,-,-,?,-,false,-
com.thoughtworks.dsl,domains-scalaz_sjs0.6_2.12,1.0.0-RC15,-,-,?,-,false,-
com.thoughtworks.dsl,domains-scalaz_sjs0.6_2.13.0-M4,1.0.0-RC15,-,-,?,-,false,-
com.thoughtworks.dsl,domains-task_2.11,1.0.0-RC15,-,-,?,-,false,-
com.thoughtworks.dsl,domains-task_2.12,1.0.0-RC15,-,-,?,-,false,-
com.thoughtworks.dsl,domains-task_2.13.0-M4,1.0.0-RC15,-,-,?,-,false,-
com.thoughtworks.dsl,domains-task_sjs0.6_2.12,1.0.0-RC15,-,-,?,-,false,-
com.thoughtworks.dsl,domains-task_sjs0.6_2.13.0-M4,1.0.0-RC15,-,-,?,-,false,-
com.thoughtworks.dsl,dsl_2.11,1.0.0-RC15,-,-,?,-,false,-
com.thoughtworks.dsl,dsl_2.12,1.0.0-RC15,-,-,?,-,false,-
com.thoughtworks.dsl,dsl_2.13.0-M4,1.0.0-RC15,-,-,?,-,false,-
com.thoughtworks.dsl,dsl-scala_2.11,0.1.0,-,-,?,-,false,-
com.thoughtworks.dsl,dsl-scala_2.12,0.1.0,-,-,?,-,false,-
com.thoughtworks.dsl,dsl_sjs0.6_2.12,1.0.0-RC15,-,-,?,-,false,-
com.thoughtworks.dsl,dsl_sjs0.6_2.13.0-M4,1.0.0-RC15,-,-,?,-,false,-
com.thoughtworks.dsl,instructions-catsflatmap_2.11,1.0.0-RC1,-,-,?,-,false,-
com.thoughtworks.dsl,instructions-catsflatmap_2.12,1.0.0-RC1,-,-,?,-,false,-
com.thoughtworks.dsl,instructions-each_2.11,1.0.0-RC1,-,-,?,-,false,-
com.thoughtworks.dsl,instructions-each_2.12,1.0.0-RC1,-,-,?,-,false,-
com.thoughtworks.dsl,instructions-scalazbind_2.11,1.0.0-RC1,-,-,?,-,false,-
com.thoughtworks.dsl,instructions-shift_2.11,1.0.0-RC1,-,-,?,-,false,-
com.thoughtworks.dsl,instructions-shift_2.12,1.0.0-RC1,-,-,?,-,false,-
com.thoughtworks.dsl,instructions-yield_2.11,1.0.0-RC1,-,-,?,-,false,-
com.thoughtworks.dsl,instructions-yield_2.12,1.0.0-RC1,-,-,?,-,false,-
com.thoughtworks.dsl,keywords-asynchronousio_2.11,1.0.0-RC15,-,-,?,-,false,-
com.thoughtworks.dsl,keywords-asynchronousio_2.12,1.0.0-RC15,-,-,?,-,false,-
com.thoughtworks.dsl,keywords-asynchronousio_2.13.0-M4,1.0.0-RC15,-,-,?,-,false,-
com.thoughtworks.dsl,keywords-asynchronousio_sjs0.6_2.11,1.0.0-RC15,-,-,?,-,false,-
com.thoughtworks.dsl,keywords-asynchronousio_sjs0.6_2.12,1.0.0-RC15,-,-,?,-,false,-
com.thoughtworks.dsl,keywords-asynchronousio_sjs0.6_2.13.0-M4,1.0.0-RC15,-,-,?,-,false,-
com.thoughtworks.dsl,keywords-autoclose_2.11,1.0.0-RC14,-,-,?,-,false,-
com.thoughtworks.dsl,keywords-autoclose_2.12,1.0.0-RC14,-,-,?,-,false,-
com.thoughtworks.dsl,keywords-autoclose_sjs0.6_2.11,1.0.0-RC14,-,-,?,-,false,-
com.thoughtworks.dsl,keywords-autoclose_sjs0.6_2.12,1.0.0-RC14,-,-,?,-,false,-
com.thoughtworks.dsl,keywords-await_2.11,1.0.0-RC15,-,-,?,-,false,-
com.thoughtworks.dsl,keywords-await_2.12,1.0.0-RC15,-,-,?,-,false,-
com.thoughtworks.dsl,keywords-await_2.13.0-M4,1.0.0-RC15,-,-,?,-,false,-
com.thoughtworks.dsl,keywords-await_sjs0.6_2.12,1.0.0-RC15,-,-,?,-,false,-
com.thoughtworks.dsl,keywords-await_sjs0.6_2.13.0-M4,1.0.0-RC15,-,-,?,-,false,-
com.thoughtworks.dsl,keywords-break_2.11,1.0.0-RC15,-,-,?,-,false,-
com.thoughtworks.dsl,keywords-break_2.12,1.0.0-RC15,-,-,?,-,false,-
com.thoughtworks.dsl,keywords-break_2.13.0-M4,1.0.0-RC15,-,-,?,-,false,-
com.thoughtworks.dsl,keywords-break_sjs0.6_2.11,1.0.0-RC15,-,-,?,-,false,-
com.thoughtworks.dsl,keywords-break_sjs0.6_2.13.0-M4,1.0.0-RC15,-,-,?,-,false,-
com.thoughtworks.dsl,keywords-catch_2.11,1.0.0-RC15,-,-,?,-,false,-
com.thoughtworks.dsl,keywords-catch_2.12,1.0.0-RC15,-,-,?,-,false,-
com.thoughtworks.dsl,keywords-catch_sjs0.6_2.11,1.0.0-RC15,-,-,?,-,false,-
com.thoughtworks.dsl,keywords-catch_sjs0.6_2.12,1.0.0-RC15,-,-,?,-,false,-
com.thoughtworks.dsl,keywords-catch_sjs0.6_2.13.0-M4,1.0.0-RC15,-,-,?,-,false,-
com.thoughtworks.dsl,keywords-each_2.12,1.0.0-RC15,-,-,?,-,false,-
com.thoughtworks.dsl,keywords-each_2.13.0-M4,1.0.0-RC15,-,-,?,-,false,-
com.thoughtworks.dsl,keywords-each_sjs0.6_2.11,1.0.0-RC15,-,-,?,-,false,-
com.thoughtworks.dsl,keywords-each_sjs0.6_2.12,1.0.0-RC15,-,-,?,-,false,-
com.thoughtworks.dsl,keywords-each_sjs0.6_2.13.0-M4,1.0.0-RC15,-,-,?,-,false,-
com.thoughtworks.dsl,keywords-fork_2.11,1.0.0-RC15,-,-,?,-,false,-
com.thoughtworks.dsl,keywords-fork_2.12,1.0.0-RC15,-,-,?,-,false,-
com.thoughtworks.dsl,keywords-fork_2.13.0-M4,1.0.0-RC15,-,-,?,-,false,-
com.thoughtworks.dsl,keywords-fork_sjs0.6_2.11,1.0.0-RC15,-,-,?,-,false,-
com.thoughtworks.dsl,keywords-fork_sjs0.6_2.12,1.0.0-RC15,-,-,?,-,false,-
com.thoughtworks.dsl,keywords-fork_sjs0.6_2.13.0-M4,1.0.0-RC15,-,-,?,-,false,-
com.thoughtworks.dsl,keywords-hang_2.11,1.0.0-RC14,-,-,?,-,false,-
com.thoughtworks.dsl,keywords-hang_2.12,1.0.0-RC14,-,-,?,-,false,-
com.thoughtworks.dsl,keywords-hang_sjs0.6_2.12,1.0.0-RC14,-,-,?,-,false,-
com.thoughtworks.dsl,keywords-monadic_2.11,1.0.0-RC15,-,-,?,-,false,-
com.thoughtworks.dsl,keywords-monadic_2.12,1.0.0-RC15,-,-,?,-,false,-
com.thoughtworks.dsl,keywords-monadic_sjs0.6_2.11,1.0.0-RC15,-,-,?,-,false,-
com.thoughtworks.dsl,keywords-monadic_sjs0.6_2.12,1.0.0-RC15,-,-,?,-,false,-
com.thoughtworks.dsl,keywords-monadic_sjs0.6_2.13.0-M4,1.0.0-RC15,-,-,?,-,false,-
com.thoughtworks.dsl,keywords-return_2.11,1.0.0-RC15,-,-,?,-,false,-
com.thoughtworks.dsl,keywords-return_2.13.0-M4,1.0.0-RC15,-,-,?,-,false,-
com.thoughtworks.dsl,keywords-return_sjs0.6_2.11,1.0.0-RC15,-,-,?,-,false,-
com.thoughtworks.dsl,keywords-return_sjs0.6_2.12,1.0.0-RC15,-,-,?,-,false,-
com.thoughtworks.dsl,keywords-return_sjs0.6_2.13.0-M4,1.0.0-RC15,-,-,?,-,false,-
com.thoughtworks.dsl,keywords-scope_2.11,1.0.0-RC3,-,-,?,-,false,-
com.thoughtworks.dsl,keywords-scope_2.12,1.0.0-RC3,-,-,?,-,false,-
com.thoughtworks.dsl,keywords-shift_2.11,1.0.0-RC15,-,-,?,-,false,-
com.thoughtworks.dsl,keywords-shift_2.12,1.0.0-RC15,-,-,?,-,false,-
com.thoughtworks.dsl,keywords-shift_2.13.0-M4,1.0.0-RC15,-,-,?,-,false,-
com.thoughtworks.dsl,keywords-shift_sjs0.6_2.12,1.0.0-RC15,-,-,?,-,false,-
com.thoughtworks.dsl,keywords-shift_sjs0.6_2.13.0-M4,1.0.0-RC15,-,-,?,-,false,-
com.thoughtworks.dsl,keywords-using_2.11,1.0.0-RC15,-,-,?,-,false,-
com.thoughtworks.dsl,keywords-using_2.12,1.0.0-RC15,-,-,?,-,false,-
com.thoughtworks.dsl,keywords-using_2.13.0-M4,1.0.0-RC15,-,-,?,-,false,-
com.thoughtworks.dsl,keywords-using_sjs0.6_2.12,1.0.0-RC15,-,-,?,-,false,-
com.thoughtworks.dsl,keywords-using_sjs0.6_2.13.0-M4,1.0.0-RC15,-,-,?,-,false,-
com.thoughtworks.dsl,keywords-yield_2.11,1.0.0-RC15,-,-,?,-,false,-
com.thoughtworks.dsl,keywords-yield_2.12,1.0.0-RC15,-,-,?,-,false,-
com.thoughtworks.dsl,keywords-yield_2.13.0-M4,1.0.0-RC15,-,-,?,-,false,-
com.thoughtworks.dsl,keywords-yield_sjs0.6_2.11,1.0.0-RC15,-,-,?,-,false,-
com.thoughtworks.dsl,keywords-yield_sjs0.6_2.12,1.0.0-RC15,-,-,?,-,false,-
com.thoughtworks.dsl,keywords-yield_sjs0.6_2.13.0-M4,1.0.0-RC15,-,-,?,-,false,-
com.thoughtworks.dsl,task_2.11,1.0.0-RC13,-,-,?,-,false,-
com.thoughtworks.dsl,task_2.12,1.0.0-RC13,-,-,?,-,false,-
com.thoughtworks.dsl,task_sjs0.6_2.12,1.0.0-RC13,-,-,?,-,false,-
com.thoughtworks.each,each_2.10,3.3.1,-,-,?,-,false,-
com.thoughtworks.each,each_2.11,3.3.1,-,-,?,-,false,-
com.thoughtworks.each,each_2.12,3.3.1,-,-,?,-,false,-
com.thoughtworks.each,each_sjs0.6_2.10,3.3.1,-,-,?,-,false,-
com.thoughtworks.each,each_sjs0.6_2.11,3.3.1,-,-,?,-,false,-
com.thoughtworks.each,each_sjs0.6_2.12,3.3.1,-,-,?,-,false,-
com.thoughtworks.gauge,gauge-api-client,1.0.13,-,-,?,-,false,-
com.thoughtworks.gauge,gauge-java,0.6.8,-,-,?,-,false,-
com.thoughtworks.gauge.gradle,gauge-gradle-plugin,1.7.3,-,-,?,-,false,-
com.thoughtworks.gauge.maven,gauge-archetype-java,1.5.2,-,-,?,-,false,-
com.thoughtworks.gauge.maven,gauge-archetype-selenium,1.5.2,-,-,?,-,false,-
com.thoughtworks.gauge.maven,gauge-maven-plugin,1.3.3,-,-,?,-,false,-
com.thoughtworks.implicit-dependent-type,implicit-dependent-type_2.10,2.0.0,-,-,?,-,false,-
com.thoughtworks.implicit-dependent-type,implicit-dependent-type_2.11,2.0.0,-,-,?,-,false,-
com.thoughtworks.implicit-dependent-type,implicit-dependent-type_2.12,2.0.0,-,-,?,-,false,-
com.thoughtworks.raii,asynchronous_2.11,3.0.0-M11,-,-,?,-,false,-
com.thoughtworks.raii,asynchronous_2.12,3.0.0-M11,-,-,?,-,false,-
com.thoughtworks.raii,asynchronouspool_2.11,3.0.0-M11,-,-,?,-,false,-
com.thoughtworks.raii,asynchronouspool_2.12,3.0.0-M11,-,-,?,-,false,-
com.thoughtworks.raii,asynchronouspool_sjs0.6_2.11,3.0.0-M11,-,-,?,-,false,-
com.thoughtworks.raii,asynchronouspool_sjs0.6_2.12,3.0.0-M11,-,-,?,-,false,-
com.thoughtworks.raii,asynchronoussemaphore_2.11,3.0.0-M11,-,-,?,-,false,-
com.thoughtworks.raii,asynchronoussemaphore_2.12,3.0.0-M11,-,-,?,-,false,-
com.thoughtworks.raii,asynchronoussemaphore_sjs0.6_2.11,3.0.0-M11,-,-,?,-,false,-
com.thoughtworks.raii,asynchronoussemaphore_sjs0.6_2.12,3.0.0-M11,-,-,?,-,false,-
com.thoughtworks.raii,asynchronous_sjs0.6_2.11,3.0.0-M11,-,-,?,-,false,-
com.thoughtworks.raii,asynchronous_sjs0.6_2.12,3.0.0-M11,-,-,?,-,false,-
com.thoughtworks.raii,covariant_2.11,3.0.0-M11,-,-,?,-,false,-
com.thoughtworks.raii,covariant_2.12,3.0.0-M11,-,-,?,-,false,-
com.thoughtworks.raii,covariant_sjs0.6_2.11,3.0.0-M11,-,-,?,-,false,-
com.thoughtworks.raii,covariant_sjs0.6_2.12,3.0.0-M11,-,-,?,-,false,-
com.thoughtworks.raii,eithertnondeterminism_2.11,1.0.0-M2,-,-,?,-,false,-
com.thoughtworks.raii,eithertnondeterminism_2.12,1.0.0-M2,-,-,?,-,false,-
com.thoughtworks.raii,eithertnondeterminism_sjs0.6_2.11,1.0.0-M2,-,-,?,-,false,-
com.thoughtworks.raii,eithertnondeterminism_sjs0.6_2.12,1.0.0-M2,-,-,?,-,false,-
com.thoughtworks.raii,invariant_2.11,3.0.0-M11,-,-,?,-,false,-
com.thoughtworks.raii,invariant_2.12,3.0.0-M11,-,-,?,-,false,-
com.thoughtworks.raii,invariant_sjs0.6_2.11,3.0.0-M11,-,-,?,-,false,-
com.thoughtworks.raii,invariant_sjs0.6_2.12,3.0.0-M11,-,-,?,-,false,-
com.thoughtworks.raii,ownership_2.11,1.0.0-M4,-,-,?,-,false,-
com.thoughtworks.raii,ownership_2.12,1.0.0-M4,-,-,?,-,false,-
com.thoughtworks.raii,ownership_sjs0.6_2.11,1.0.0-M4,-,-,?,-,false,-
com.thoughtworks.raii,ownership_sjs0.6_2.12,1.0.0-M4,-,-,?,-,false,-
com.thoughtworks.raii,package_2.11,1.0.0-M2,-,-,?,-,false,-
com.thoughtworks.raii,package_2.12,1.0.0-M2,-,-,?,-,false,-
com.thoughtworks.raii,package_sjs0.6_2.11,1.0.0-M2,-,-,?,-,false,-
com.thoughtworks.raii,package_sjs0.6_2.12,1.0.0-M2,-,-,?,-,false,-
com.thoughtworks.raii,raii-scala_2.11,1.0.0-M2,-,-,?,-,false,-
com.thoughtworks.raii,raii-scala_2.12,1.0.0-M2,-,-,?,-,false,-
com.thoughtworks.raii,raiitask_2.11,1.0.0-M2,-,-,?,-,false,-
com.thoughtworks.raii,raiitask_2.12,1.0.0-M2,-,-,?,-,false,-
com.thoughtworks.raii,resourcefactoryt_2.11,1.0.0-M2,-,-,?,-,false,-
com.thoughtworks.raii,resourcefactoryt_2.12,1.0.0-M2,-,-,?,-,false,-
com.thoughtworks.raii,resourcefactoryt_sjs0.6_2.11,1.0.0-M2,-,-,?,-,false,-
com.thoughtworks.raii,resourcefactoryt_sjs0.6_2.12,1.0.0-M2,-,-,?,-,false,-
com.thoughtworks.raii,resourcet_2.11,1.0.0-M3,-,-,?,-,false,-
com.thoughtworks.raii,resourcet_2.12,1.0.0-M3,-,-,?,-,false,-
com.thoughtworks.raii,resourcet_sjs0.6_2.11,1.0.0-M3,-,-,?,-,false,-
com.thoughtworks.raii,resourcet_sjs0.6_2.12,1.0.0-M3,-,-,?,-,false,-
com.thoughtworks.raii,sde-raii_2.11,1.0.0-M2,-,-,?,-,false,-
com.thoughtworks.raii,sde-raii_2.12,1.0.0-M2,-,-,?,-,false,-
com.thoughtworks.raii,sde-raii_sjs0.6_2.11,1.0.0-M2,-,-,?,-,false,-
com.thoughtworks.raii,sde-raii_sjs0.6_2.12,1.0.0-M2,-,-,?,-,false,-
com.thoughtworks.raii,shared_2.11,3.0.0-M11,-,-,?,-,false,-
com.thoughtworks.raii,shared_2.12,3.0.0-M11,-,-,?,-,false,-
com.thoughtworks.raii,shared_sjs0.6_2.11,3.0.0-M11,-,-,?,-,false,-
com.thoughtworks.raii,shared_sjs0.6_2.12,3.0.0-M11,-,-,?,-,false,-
com.thoughtworks.tryt,covariant_2.10,2.1.0,-,-,?,-,false,-
com.thoughtworks.tryt,covariant_2.11,2.1.0,-,-,?,-,false,-
com.thoughtworks.tryt,covariant_2.12,2.1.0,-,-,?,-,false,-
com.thoughtworks.tryt,covariant_2.13.0-M4,2.1.0,-,-,?,-,false,-
com.thoughtworks.tryt,covariant_sjs0.6_2.10,2.1.0,-,-,?,-,false,-
com.thoughtworks.tryt,covariant_sjs0.6_2.11,2.1.0,-,-,?,-,false,-
com.thoughtworks.tryt,covariant_sjs0.6_2.12,2.1.0,-,-,?,-,false,-
com.thoughtworks.tryt,covariant_sjs0.6_2.13.0-M4,2.1.0,-,-,?,-,false,-
com.thoughtworks.tryt,invariant_2.10,2.1.0,-,-,?,-,false,-
com.thoughtworks.tryt,invariant_2.11,2.1.0,-,-,?,-,false,-
com.thoughtworks.tryt,invariant_2.12,2.1.0,-,-,?,-,false,-
com.thoughtworks.tryt,invariant_2.13.0-M4,2.1.0,-,-,?,-,false,-
com.thoughtworks.tryt,invariant_sjs0.6_2.10,2.1.0,-,-,?,-,false,-
com.thoughtworks.tryt,invariant_sjs0.6_2.11,2.1.0,-,-,?,-,false,-
com.thoughtworks.tryt,invariant_sjs0.6_2.12,2.1.0,-,-,?,-,false,-
com.thoughtworks.tryt,invariant_sjs0.6_2.13.0-M4,2.1.0,-,-,?,-,false,-
com.thoughtworks.tryt,tryt_2.10,1.1.0,-,-,?,-,false,-
com.thoughtworks.tryt,tryt_2.11,1.1.0,-,-,?,-,false,-
com.thoughtworks.tryt,tryt_2.12,1.1.0,-,-,?,-,false,-
com.thoughtworks.tryt,tryt_sjs0.6_2.10,1.1.0,-,-,?,-,false,-
com.thoughtworks.tryt,tryt_sjs0.6_2.11,1.1.0,-,-,?,-,false,-
com.thoughtworks.tryt,tryt_sjs0.6_2.12,1.1.0,-,-,?,-,false,-
com.thoughtworks.zerocost,continuation_2.11,1.0.0-M0,-,-,?,-,false,-
com.thoughtworks.zerocost,continuation_2.12,1.0.0-M0,-,-,?,-,false,-
com.thoughtworks.zerocost,liftio_2.11,1.0.0-M0,-,-,?,-,false,-
com.thoughtworks.zerocost,liftio_2.12,1.0.0-M0,-,-,?,-,false,-
com.thoughtworks.zerocost,multipleexception_2.11,1.0.0-M0,-,-,?,-,false,-
com.thoughtworks.zerocost,multipleexception_2.12,1.0.0-M0,-,-,?,-,false,-
com.thoughtworks.zerocost,parallel_2.11,1.0.0-M0,-,-,?,-,false,-
com.thoughtworks.zerocost,parallel_2.12,1.0.0-M0,-,-,?,-,false,-
com.thoughtworks.zerocost,raii_2.11,1.0.0-M0,-,-,?,-,false,-
com.thoughtworks.zerocost,raii_2.12,1.0.0-M0,-,-,?,-,false,-
com.thoughtworks.zerocost,resourcet_2.11,1.0.0-M0,-,-,?,-,false,-
com.thoughtworks.zerocost,resourcet_2.12,1.0.0-M0,-,-,?,-,false,-
com.thoughtworks.zerocost,task_2.11,1.0.0-M0,-,-,?,-,false,-
com.thoughtworks.zerocost,task_2.12,1.0.0-M0,-,-,?,-,false,-
com.thoughtworks.zerocost,tryt_2.11,1.0.0-M0,-,-,?,-,false,-
com.thoughtworks.zerocost,tryt_2.12,1.0.0-M0,-,-,?,-,false,-
