groupId,artifactId,version,moduleName,moduleVersion,moduleMode,moduleDependencies,jdepsToolError,jdepsViolations
co.mercenary-creators,mercenary-creators-minio-autoconfigure,1.0.0-RELEASE,-,-,?,-,false,-
com.github.pshirshov.izumi.r2,distage-app_2.12,0.5.51,-,-,?,-,false,-
com.github.pshirshov.izumi.r2,distage-cats_2.12,0.5.51,-,-,?,-,false,-
com.github.pshirshov.izumi.r2,distage-config_2.12,0.5.51,-,-,?,-,false,-
com.github.pshirshov.izumi.r2,distage-core_2.12,0.5.51,-,-,?,-,false,-
com.github.pshirshov.izumi.r2,distage-model_2.12,0.5.51,-,-,?,-,false,-
com.github.pshirshov.izumi.r2,distage-plugins_2.12,0.5.51,-,-,?,-,false,-
com.github.pshirshov.izumi.r2,distage-proxy-cglib_2.12,0.5.51,-,-,?,-,false,-
com.github.pshirshov.izumi.r2,distage-roles_2.12,0.5.51,-,-,?,-,false,-
com.github.pshirshov.izumi.r2,distage-static_2.12,0.5.51,-,-,?,-,false,-
com.github.pshirshov.izumi.r2,fastparse-shaded_2.12,0.5.51,-,-,?,-,false,-
com.github.pshirshov.izumi.r2,fundamentals-collections_2.12,0.5.51,-,-,?,-,false,-
com.github.pshirshov.izumi.r2,fundamentals-functional_2.12,0.5.51,-,-,?,-,false,-
com.github.pshirshov.izumi.r2,fundamentals-platform_2.12,0.5.51,-,-,?,-,false,-
com.github.pshirshov.izumi.r2,fundamentals-reflection_2.12,0.5.51,-,-,?,-,false,-
com.github.pshirshov.izumi.r2,idealingua-compiler_2.12,0.5.51,-,-,?,-,false,sun.misc.Unsafe                          See http://openjdk.java.net/jeps/260
com.github.pshirshov.izumi.r2,idealingua-core_2.12,0.5.51,-,-,?,-,false,-
com.github.pshirshov.izumi.r2,idealingua-model_2.12,0.5.51,-,-,?,-,false,-
com.github.pshirshov.izumi.r2,idealingua-runtime-rpc-c-sharp_2.12,0.5.51,-,-,?,-,false,-
com.github.pshirshov.izumi.r2,idealingua-runtime-rpc-go_2.12,0.5.51,-,-,?,-,false,-
com.github.pshirshov.izumi.r2,idealingua-runtime-rpc-http4s_2.12,0.5.51,-,-,?,-,false,-
com.github.pshirshov.izumi.r2,idealingua-runtime-rpc-scala_2.12,0.5.51,-,-,?,-,false,-
com.github.pshirshov.izumi.r2,idealingua-runtime-rpc-typescript_2.12,0.5.51,-,-,?,-,false,-
com.github.pshirshov.izumi.r2,idealingua-test-defs_2.12,0.5.51,-,-,?,-,false,-
com.github.pshirshov.izumi.r2,izumi-r2_2.12,0.5.51,-,-,?,-,false,-
com.github.pshirshov.izumi.r2,logstage-adapter-slf4j_2.12,0.5.51,-,-,?,-,false,-
com.github.pshirshov.izumi.r2,logstage-api-base_2.12,0.5.51,-,-,?,-,false,-
com.github.pshirshov.izumi.r2,logstage-api-base-macro_2.12,0.5.51,-,-,?,-,false,-
com.github.pshirshov.izumi.r2,logstage-api-logger_2.12,0.5.51,-,-,?,-,false,-
com.github.pshirshov.izumi.r2,logstage-di_2.12,0.5.51,-,-,?,-,false,-
com.github.pshirshov.izumi.r2,logstage-rendering-circe_2.12,0.5.51,-,-,?,-,false,-
com.github.pshirshov.izumi.r2,logstage-sink-slf4j_2.12,0.5.51,-,-,?,-,false,-
com.google.apis,google-api-services-androidpublisher,v3-rev19-1.24.1,-,-,?,-,false,-
com.google.apis,google-api-services-jobs,v3-rev4-1.24.1,-,-,?,-,false,-
com.google.apis,google-api-services-ml,v1-rev57-1.24.1,-,-,?,-,false,-
com.google.oauth-client,google-oauth-client,1.25.0,-,-,?,-,false,-
com.google.oauth-client,google-oauth-client-appengine,1.25.0,-,-,?,-,false,-
com.google.oauth-client,google-oauth-client-java6,1.25.0,-,-,?,-,false,-
com.google.oauth-client,google-oauth-client-jetty,1.25.0,-,-,?,-,false,-
com.google.oauth-client,google-oauth-client-servlet,1.25.0,-,-,?,-,false,-
com.xfmeet,aspect-log,1.0,-,-,?,-,false,-
foundation.icon,icon-sdk,0.9.2,-,-,?,-,false,-
org.digitalmediaserver,cuelib-core,2.0.0,-,-,?,-,false,-
org.digitalmediaserver,cuelib-id3,2.0.0,-,-,?,-,false,-
org.digitalmediaserver,cuelib-tools,2.0.0,-,-,?,-,false,-
org.opencb.biodata,biodata-formats,1.4.0,-,-,?,-,false,-
org.opencb.biodata,biodata-models,1.4.0,-,-,?,-,false,-
org.opencb.biodata,biodata-tools,1.4.0,-,-,?,-,false,-
org.opencb.commons,commons-datastore-core,3.7.0,-,-,?,-,false,-
org.opencb.commons,commons-datastore-mongodb,3.7.0,-,-,?,-,false,-
org.opencb.commons,commons-lib,3.7.0,-,-,?,-,false,-
