groupId,artifactId,version,moduleName,moduleVersion,moduleMode,moduleDependencies,jdepsToolError,jdepsViolations
org.darkphoenixs,connectionpool-client,1.2.7,-,-,?,-,false,-
org.darkphoenixs,log4j,1.3.5,-,-,?,-,false,-
org.darkphoenixs,messagequeue-framework,1.5.3,-,-,?,-,false,-
org.dispatchhttp,dispatch-all_2.11,1.0.0-M1,-,-,?,-,false,-
org.dispatchhttp,dispatch-core_2.11,1.0.0-M1,-,-,?,-,false,-
org.dispatchhttp,dispatch-json4s-native_2.11,1.0.0-M1,-,-,?,-,false,-
org.dispatchhttp,dispatch-jsoup_2.11,1.0.0-M1,-,-,?,-,false,-
org.dspace,dspace-api,6.3,-,-,?,-,false,-
org.dspace,dspace-api-lang,6.0.6,-,-,?,-,false,-
org.dspace,dspace-lni-client,5.9,-,-,?,-,false,-
org.dspace,dspace-replicate,6.0,-,-,?,-,false,-
org.dspace,dspace-services,6.3,-,-,?,-,false,-
org.dspace.modules,additions,6.3,-,-,?,-,false,-
org.dspace,orcid-jaxb-api,2.1.0,-,-,?,-,false,-
org.dspace,xoai-common,4.2.0,-,-,?,-,false,-
org.dspace,xoai-data-provider,4.2.0,-,-,?,-,false,-
org.dspace,xoai-service-provider,4.2.0,-,-,?,-,false,-
org.protokruft,protokruft,1.1.0,-,-,?,-,false,-
org.specs2,specs2-analysis_2.13.0-M4,4.3.4,-,-,?,-,false,-
org.specs2,specs2-cats_2.10,3.9.0,-,-,?,-,false,-
org.specs2,specs2-cats_sjs0.6_2.11,4.3.4,-,-,?,-,false,-
org.specs2,specs2-common_2.12,4.3.4,-,-,?,-,false,-
org.specs2,specs2-common_2.13.0-M3,4.2.1-ca75f1d09-20180530093100,-,-,?,-,false,-
org.specs2,specs2-common_sjs0.6_2.13.0-M4,4.3.4,-,-,?,-,false,-
org.specs2,specs2-core_2.12,4.3.4,-,-,?,-,false,-
org.specs2,specs2-core_2.13.0-M3,4.2.1-ca75f1d09-20180530093100,-,-,?,-,false,-
org.specs2,specs2-core_sjs0.6_2.13.0-M4,4.3.4,-,-,?,-,false,-
org.specs2,specs2-form_2.13.0-M4,4.3.4,-,-,?,-,false,-
org.specs2,specs2-fp_2.11,4.3.4,-,-,?,-,false,-
org.specs2,specs2-fp_2.13.0-M2,4.0.2-3eab439-20180109215419,-,-,?,-,false,-
org.specs2,specs2-fp_sjs0.6_2.12,4.3.4,-,-,?,-,false,-
org.specs2,specs2-fp_sjs0.6_2.13.0-M3,4.2.1-ca75f1d09-20180530093100,-,-,?,-,false,-
org.specs2,specs2-gwt_2.11,4.3.4,-,-,?,-,false,-
org.specs2,specs2-gwt_2.13.0-M2,4.0.2,-,-,?,-,false,-
org.specs2,specs2-html_2.12,4.3.4,-,-,?,-,false,-
org.specs2,specs2-html_2.13.0-M3,4.2.1-ca75f1d09-20180530093100,-,-,?,-,false,-
org.specs2,specs2-junit_2.11,4.3.4,-,-,?,-,false,-
org.specs2,specs2-junit_2.13.0-M2,4.0.2,-,-,?,-,false,-
org.specs2,specs2-junit_sjs0.6_2.12,4.3.4,-,-,?,-,false,-
org.specs2,specs2-junit_sjs0.6_2.13.0-M3,4.2.1-ca75f1d09-20180530093100,-,-,?,-,false,-
org.specs2,specs2-markdown_2.10,3.10.0,-,-,?,-,false,-
org.specs2,specs2-markdown_2.13.0-M1,3.9.5,-,-,?,-,false,-
org.specs2,specs2-matcher_2.13.0-M4,4.3.4,-,-,?,-,false,-
org.specs2,specs2-matcher-extra_2.12,4.3.4,-,-,?,-,false,-
org.specs2,specs2-matcher-extra_2.13.0-M3,4.2.1-ca75f1d09-20180530093100,-,-,?,-,false,-
org.specs2,specs2-matcher-extra_sjs0.6_2.13.0-M4,4.3.4,-,-,?,-,false,-
org.specs2,specs2-mock_2.11,4.3.4,-,-,?,-,false,-
org.specs2,specs2-mock_2.13.0-M2,4.0.2,-,-,?,-,false,-
org.specs2,specs2-mock_sjs0.6_2.12,4.3.4,-,-,?,-,false,-
org.specs2,specs2-mock_sjs0.6_2.13.0-M3,4.2.1-ca75f1d09-20180530093100,-,-,?,-,false,-
org.specs2,specs2-scalacheck_2.11,4.3.4,-,-,?,-,false,-
org.specs2,specs2-scalacheck_2.13.0-M2,4.0.2,-,-,?,-,false,-
org.specs2,specs2-scalacheck_sjs0.6_2.12,4.3.4,-,-,?,-,false,-
org.specs2,specs2-scalacheck_sjs0.6_2.13.0-M3,4.2.1-ca75f1d09-20180530093100,-,-,?,-,false,-
org.specs2,specs2-scalaz_2.13.0-M2,4.0.2,-,-,?,-,false,-
org.specs2,specs2-scalaz_sjs0.6_2.12,4.3.4,-,-,?,-,false,-
org.specs2,specs2-scalaz_sjs0.6_2.13.0-M3,4.2.1-ca75f1d09-20180530093100,-,-,?,-,false,-
org.specs2,specs2-shapeless_2.13.0-M4,4.3.4,-,-,?,-,false,-
org.specs2,specs2-tests_2.10,3.10.0,-,-,?,-,false,-
