groupId,artifactId,version,moduleName,moduleVersion,moduleMode,moduleDependencies,jdepsToolError,jdepsViolations
ch.epfl.scala,scalafix-cli_2.11.12,0.6.0-M16,-,-,?,-,false,-
ch.epfl.scala,scalafix-cli_2.12.6,0.6.0-M16,-,-,?,-,false,-
ch.epfl.scala,scalafix-core_2.11,0.6.0-M16,-,-,?,-,false,-
ch.epfl.scala,scalafix-core_2.12,0.6.0-M16,-,-,?,-,false,-
ch.epfl.scala,scalafix-interfaces,0.6.0-M16,-,-,?,-,false,-
ch.epfl.scala,scalafix-reflect_2.11.12,0.6.0-M16,-,-,?,-,false,-
ch.epfl.scala,scalafix-reflect_2.12.6,0.6.0-M16,-,-,?,-,false,-
ch.epfl.scala,scalafix-testkit_2.11.12,0.6.0-M16,-,-,?,-,false,-
ch.epfl.scala,scalafix-testkit_2.12.6,0.6.0-M16,-,-,?,-,false,-
com.bitplan,com.bitplan.fritzbox,0.0.5,-,-,?,-,false,-
com.blackducksoftware.integration,hub-common-api,4.8.0.3,-,-,?,-,false,-
com.blackducksoftware.integration,hub-common-reporting,7.0.3,-,-,?,-,false,-
com.blackducksoftware.integration,hub-common-rest,12.0.3,-,-,?,-,false,-
com.github.dkhalansky,paradise-ng_2.12,0.1.0,-,-,?,-,false,-
com.github.dkhalansky,paradisenglib_2.12,0.1.0,-,-,?,-,false,-
com.github.dkhalansky,paradisengplugin_2.12,0.1.0,-,-,?,-,false,-
com.github.tornaia,java-offline-geoip,0.1.3,-,-,?,-,false,-
io.dronefleet.mavlink,mavlink,1.0.4,-,-,?,-,false,-
io.dronefleet.mavlink,mavlink-protocol,1.0.4,-,-,?,-,false,-
io.github.prashant-ramcharan,courgette-jvm,2.4.2,-,-,?,-,false,-
it.grabz.grabzit,grabzit,3.3.0,-,-,?,-,false,-
us.abstracta,dm3270-lib,0.6,-,-,?,-,false,-
