groupId,artifactId,version,moduleName,moduleVersion,moduleMode,moduleDependencies,jdepsToolError,jdepsViolations
com.aol.cyclops,cyclops-all,7.2.4,-,-,?,-,false,-
com.aol.cyclops,cyclops-clojure,9.0.0-MI7,-,-,?,-,false,-
com.aol.cyclops,cyclops-closures,7.2.4,-,-,?,-,false,-
com.aol.cyclops,cyclops-core,7.3.1,-,-,?,-,false,-
com.aol.cyclops,cyclops-dexx,9.0.0-MI7,-,-,?,-,false,-
com.aol.cyclops,cyclops-feature-toggle,7.2.4,-,-,?,-,false,-
com.aol.cyclops,cyclops-for-comprehensions,7.2.4,-,-,?,-,false,-
com.aol.cyclops,cyclops-functionaljava,9.0.0-MI7,-,-,?,-,false,-
com.aol.cyclops,cyclops-functions,7.3.1,-,-,?,-,false,-
com.aol.cyclops,cyclops-guava,9.0.0-MI7,-,-,?,-,false,-
com.aol.cyclops,cyclops-higherkindedtypes,8.4.2,-,-,?,-,false,-
com.aol.cyclops,cyclops-invokedynamic,7.2.4,-,-,?,-,false,-
com.aol.cyclops,cyclops-javaslang,8.4.2,-,-,?,-,false,-
com.aol.cyclops,cyclops-mixins,7.2.4,-,-,?,-,false,-
com.aol.cyclops,cyclops-monad-api,7.2.4,-,-,?,-,false,-
com.aol.cyclops,cyclops-monad-functions,7.2.4,-,-,?,-,false,-
com.aol.cyclops,cyclops-pattern-matching,7.3.1,-,-,?,-,false,-
com.aol.cyclops,cyclops-pattern-matching-collections,7.2.4,-,-,?,-,false,-
com.aol.cyclops,cyclops-pattern-matching-recursive,7.2.4,-,-,?,-,false,-
com.aol.cyclops,cyclops-reactor,9.0.0-MI7,-,-,?,-,false,-
com.aol.cyclops,cyclops-rx,9.0.0-MI7,-,-,?,-,false,-
com.aol.cyclops,cyclops-rxjava2,9.0.0-MI7,-,-,?,-,false,-
com.aol.cyclops,cyclops-scala,9.0.0-MI7,-,-,?,-,false,-
com.aol.cyclops,cyclops-sequence-api,7.2.4,-,-,?,-,false,-
com.aol.cyclops,cyclops-streams,7.3.1,-,-,?,-,false,-
com.aol.cyclops,cyclops-sum-types,8.4.2,-,-,?,-,false,-
com.aol.cyclops,cyclops-trampoline,7.2.4,-,-,?,-,false,-
com.aol.cyclops,cyclops-try,7.2.4,-,-,?,-,false,-
com.aol.cyclops,cyclops-tuples,7.2.4,-,-,?,-,false,-
com.aol.cyclops,cyclops-typeclasses,8.4.2,-,-,?,-,false,-
com.aol.cyclops,cyclops-validation,7.2.4,-,-,?,-,false,-
com.aol.cyclops,cyclops-vavr,9.0.0-MI7,-,-,?,-,false,-
com.aol.microservices,micro-application-register,0.91.11,-,-,?,-,false,-
com.aol.microservices,micro-boot,0.91.11,-,-,?,-,false,-
com.aol.microservices,micro-curator,0.91.11,-,-,?,-,false,-
com.aol.microservices,micro-elasticache,0.91.11,-,-,?,-,false,-
com.aol.microservices,micro-event-metrics,0.91.11,-,-,?,-,false,-
com.aol.microservices,micro-general-exception-mapper,0.91.11,-,-,?,-,false,-
com.aol.microservices,micro-guava,0.91.11,-,-,?,-,false,-
com.aol.microservices,micro-hibernate,0.91.11,-,-,?,-,false,-
com.aol.microservices,micro-jackson-configuration,0.91.11,-,-,?,-,false,-
com.aol.microservices,micro-jersey,0.91.11,-,-,?,-,false,-
com.aol.microservices,micro-log4j,0.91.11,-,-,?,-,false,-
com.aol.microservices,micro-manifest-comparator,0.91.11,-,-,?,-,false,-
com.aol.microservices,micro-metrics-datadog,0.91.11,-,-,?,-,false,-
com.aol.microservices,micro-mysql,0.91.11,-,-,?,-,false,-
com.aol.microservices,micro-s3,0.91.11,-,-,?,-,false,-
com.aol.microservices,micro-slack,0.91.11,-,-,?,-,false,-
com.aol.microservices,micro-spring-boot,0.91.11,-,-,?,-,false,-
com.aol.microservices,micro-swagger,0.91.11,-,-,?,-,false,-
com.aol.microservices,micro-tomcat,0.91.11,-,-,?,-,false,-
com.aol.microservices,micro-tomcat-with-jersey,0.91.11,-,-,?,-,false,-
com.aol.simplereact,cyclops-react,2.1.1,-,-,?,-,false,-
com.gu,acquisitions-value-calculator-client_2.11,2.0.2,-,-,?,-,false,-
com.gu,acquisitions-value-calculator-service_2.11,1.0,-,-,?,-,false,-
com.gu,atom-publisher-lib_2.11,1.1.17,-,-,?,-,false,-
com.gu,atom-renderer_2.11,0.14.6,-,-,?,-,false,-
com.gu,atom-renderer-email_2.12,0.14.6,-,-,?,-,false,-
com.gu,configraun_2.12,0.3,-,-,?,-,false,-
com.gu,configuration-magic_2.10,1.4.0,-,-,?,-,false,-
com.gu,configuration-magic-core_2.12,1.4.0,-,-,?,-,false,-
com.gu,configuration-magic-play2-6_2.12,1.4.0,-,-,?,-,false,-
com.gu,content-api-client_2.12,12.7,-,-,?,-,false,-
com.gu,content-api-client-aws_2.12,0.5,-,-,?,-,false,-
com.gu,content-api-client-default_2.12,12.7,-,-,?,-,false,-
com.gu,content-api-firehose-client_2.12,0.11,-,-,?,-,false,-
com.gu,content-api-models_2.11,12.7,-,-,?,-,false,-
com.gu,content-api-models-json,11.26,-,-,?,-,false,-
com.gu,content-api-models-json_2.12,12.7,-,-,?,-,false,-
com.gu,content-api-models-scala,11.23,-,-,?,-,false,-
com.gu,content-api-models-scala_2.12,12.7,-,-,?,-,false,-
com.gu,content-atom-model_2.11,2.4.61,-,-,?,-,false,-
com.gu,content-authorisation-common_2.12,0.4,-,-,?,-,false,-
com.gu,content-entity-model_2.11,0.1.5,-,-,?,-,false,-
com.gu,cross-platform-navigation_2.11,1.0,-,-,?,-,false,-
com.gu,editorial-permissions-client_2.12,2.0,-,-,?,-,false,-
com.gu,editorial-production-metrics-lib_2.11,0.17,-,-,?,-,false,-
com.gu,emr-cluster-manager_2.11,0.1.18,-,-,?,-,false,-
com.gu,exact-target-lists_2.11,0.2,-,-,?,-,false,-
com.gu,facia-json_2.11,2.6.3,-,-,?,-,false,-
com.gu,facia-json-play25_2.11,2.6.3,-,-,?,-,false,-
com.gu,facia-json-play26_2.12,2.6.3,-,-,?,-,false,-
com.gu,fapi-client-play26_2.11,2.6.1,-,-,?,-,false,-
com.gu,fastly-api-client_2.12,0.2.6,-,-,?,-,false,-
com.gu,feature-switching-core_2.11,1.3,-,-,?,-,false,-
com.gu,feature-switching-scalatra_2.11,1.3,-,-,?,-,false,-
com.gu,fezziwig_2.11,0.8,-,-,?,-,false,-
com.gu,hmac-headers_2.12,1.1.2,-,-,?,-,false,-
com.gu.identity.api,identity-api-client-lib_2.11,3.120,-,-,?,-,false,-
com.gu.identity.api,identity-api-client-lib_2.12,3.120,-,-,?,-,false,-
com.gu,identity-cookie_2.11,3.66,-,-,?,-,false,-
com.gu.identity,identity-cookie_2.11,3.120,-,-,?,-,false,-
com.gu.identity,identity-cookie_2.12,3.120,-,-,?,-,false,-
com.gu.identity,identity-crypto_2.11,3.120,-,-,?,-,false,-
com.gu.identity,identity-crypto_2.12,3.120,-,-,?,-,false,-
com.gu.identity,identity-model_2.11,3.120,-,-,?,-,false,-
com.gu.identity,identity-model_2.12,3.120,-,-,?,-,false,-
com.gu.identity,identity-play-auth_2.11,2.4,-,-,?,-,false,-
com.gu.identity,identity-play-auth_2.12,2.5,-,-,?,-,false,-
com.gu.identity,identity-request_2.11,3.120,-,-,?,-,false,-
com.gu.identity,identity-request_2.12,3.120,-,-,?,-,false,-
com.gu,identity-test-users_2.12,0.7,-,-,?,-,false,-
com.gu,kinesis-logback-appender,1.4.3,-,-,?,-,false,-
com.gu,management_2.11,5.41,-,-,?,-,false,-
com.gu,management-internal_2.11,5.41,-,-,?,-,false,-
com.gu,management-logback_2.11,5.41,-,-,?,-,false,-
com.gu,management-servlet-api_2.12,5.41,-,-,?,-,false,-
com.gu,marley_2.12,0.2.13,-,-,?,-,false,-
com.gu,memsub-common-play-auth_2.11,1.2,-,-,?,-,false,-
com.gu,mobile-notifications-client_2.11,1.2,-,-,?,-,false,-
com.gu,mobile-notifications-client-play-2-4_2.10,0.5.35,-,-,?,-,false,-
com.gu,nitf-scala_2.12,3.6.2,-,-,?,-,false,-
com.gu,ophan-event-model_2.11,0.0.2,-,-,?,-,false,-
com.gu,pan-domain-auth-core_2.11,0.7.1,-,-,?,-,false,-
com.gu,pan-domain-auth-play_2-4-0_2.11,0.5.1,-,-,?,-,false,-
com.gu,pan-domain-auth-play_2-5_2.11,0.5.1,-,-,?,-,false,-
com.gu,pan-domain-auth-play_2-6_2.12,0.7.1,-,-,?,-,false,-
com.gu,pan-domain-auth-verification_2.11,0.7.1,-,-,?,-,false,-
com.gu,play-brotli-filter_2.12,0.5,-,-,?,-,false,-
com.gu,play-googleauth_2.12,0.7.7,-,-,?,-,false,-
com.gu.play-secret-rotation,aws-parameterstore_2.11,0.12,-,-,?,-,false,-
com.gu.play-secret-rotation,aws-parameterstore_2.12,0.12,-,-,?,-,false,-
com.gu.play-secret-rotation,aws-parameterstore-lambda_2.11,0.12,-,-,?,-,false,sun.misc.Unsafe                          See http://openjdk.java.net/jeps/260
com.gu.play-secret-rotation,aws-parameterstore-lambda_2.12,0.12,-,-,?,-,false,-
com.gu.play-secret-rotation,aws-secretsmanager_2.12,0.5,-,-,?,-,false,-
com.gu.play-secret-rotation,core_2.11,0.12,-,-,?,-,false,-
com.gu.play-secret-rotation,core_2.12,0.12,-,-,?,-,false,-
com.gu,request-authentication-filter_2.11,1.24,-,-,?,-,false,-
com.gu,scanamo_2.12,1.0.0-M7,-,-,?,-,false,-
com.gu,scanamo-alpakka_2.12,1.0.0-M7,-,-,?,-,false,-
com.gu,scanamo-formats_2.11,1.0.0-M7,-,-,?,-,false,-
com.gu,scanamo-refined_2.12,1.0.0-M7,-,-,?,-,false,-
com.gu,scanamo-scrooge_2.11,0.1.4,-,-,?,-,false,-
com.gu,scanamo-testkit_2.11,1.0.0-M7,-,-,?,-,false,-
com.gu,story-model_2.11,1.1,-,-,?,-,false,-
com.gu,story-packages-model_2.11,1.0.7,-,-,?,-,false,-
com.gu,support-config_2.12,0.16,-,-,?,-,false,-
com.gu,support-internationalisation_2.11,0.9,-,-,?,-,false,-
com.gu,support-models_2.12,0.32,-,-,?,-,false,-
com.gu,thrift-serializer_2.12,2.1.1,-,-,?,-,false,-
com.gu,tip_2.11,0.3.2,-,-,?,-,false,-
com.gu,ztmp-scala-automation_2.10,1.11,-,-,?,-,false,-
com.highrung,highrung-play_2.11,0.9.0,-,-,?,-,false,-
com.intelligt.modbus,jlibmodbus,1.2.9.7,-,-,?,-,false,-
com.ning.billing,recurly-java-library,0.18.0,-,-,?,-,false,-
com.ning,compress-lzf,1.0.4,-,-,?,-,false,sun.misc.Unsafe                          See http://openjdk.java.net/jeps/260
com.squidpony,squidlib,3.0.0-b9,-,-,?,-,false,-
com.squidpony,squidlib-extra,3.0.0-b9,-,-,?,-,false,-
com.squidpony,squidlib-util,3.0.0-b9,-,-,?,-,false,-
org.apache.systemml,systemml,1.2.0,-,-,?,-,false,-
