groupId,artifactId,version,moduleName,moduleVersion,moduleMode,moduleDependencies,jdepsToolError,jdepsViolations
com.lihaoyi,amm-2.11.12_2.11,1.0.5-25-b3b801e8,-,-,?,-,false,-
com.lihaoyi,amm-2.11.3_2.11,1.0.5-25-b3b801e8,-,-,?,-,false,-
com.lihaoyi,amm-2.11.9_2.11,1.0.5-25-b3b801e8,-,-,?,-,false,-
com.lihaoyi,amm-interp-2.11.11_2.11,1.0.5-25-b3b801e8,-,-,?,-,false,-
com.lihaoyi,amm-interp-2.12.0_2.12,1.0.5-25-b3b801e8,-,-,?,-,false,-
com.lihaoyi,ammonite_2.11.5,1.1.2-30-53edc31,-,-,?,-,false,-
com.lihaoyi,ammonite_2.11.9,1.1.2-30-53edc31,-,-,?,-,false,-
com.lihaoyi,ammonite_2.12.0,1.1.2-30-53edc31,-,-,?,-,false,-
com.lihaoyi,ammonite-compiler_2.10.6,1.0.3-7-1dada91,-,-,?,-,false,-
com.lihaoyi,ammonite-compiler_2.11.5,1.1.0-18-0dc8a8e,-,-,?,-,false,-
com.lihaoyi,ammonite-compiler_2.12.0,1.1.0-18-0dc8a8e,-,-,?,-,false,-
com.lihaoyi,ammonite-compiler_2.12.4,1.1.0-18-0dc8a8e,-,-,?,-,false,-
com.lihaoyi,ammonite-interp_2.11,1.1.0-34-b991be4,-,-,?,-,false,-
com.lihaoyi,ammonite-interp_2.11.11,1.1.2-30-53edc31,-,-,?,-,false,-
com.lihaoyi,ammonite-interp_2.12.1,1.1.2-30-53edc31,-,-,?,-,false,-
com.lihaoyi,ammonite-ops_2.11,1.1.2-30-53edc31,-,-,?,-,false,-
com.lihaoyi,ammonite-repl_2.11.5,1.1.2-30-53edc31,-,-,?,-,false,sun.misc.Signal                          See http://openjdk.java.net/jeps/260 + sun.misc.SignalHandler                   See http://openjdk.java.net/jeps/260
com.lihaoyi,ammonite-repl_2.11.9,1.1.2-30-53edc31,-,-,?,-,false,sun.misc.Signal                          See http://openjdk.java.net/jeps/260 + sun.misc.SignalHandler                   See http://openjdk.java.net/jeps/260
com.lihaoyi,ammonite-repl_2.12.0,1.1.2-30-53edc31,-,-,?,-,false,sun.misc.Signal                          See http://openjdk.java.net/jeps/260 + sun.misc.SignalHandler                   See http://openjdk.java.net/jeps/260
com.lihaoyi,ammonite-runtime_2.11.11,0.9.3,-,-,?,-,false,-
com.lihaoyi,ammonite-runtime_2.11.8,0.9.3,-,-,?,-,false,-
com.lihaoyi,ammonite-shell_2.10.5,1.0.3-7-1dada91,-,-,?,-,false,-
com.lihaoyi,ammonite-shell_2.11.4,1.1.2-30-53edc31,-,-,?,-,false,-
com.lihaoyi,ammonite-shell_2.11.8,1.1.2-30-53edc31,-,-,?,-,false,-
com.lihaoyi,ammonite-shell_2.12.3,1.1.2-30-53edc31,-,-,?,-,false,-
com.lihaoyi,ammonite-sshd_2.11,1.1.0-34-b991be4,-,-,?,-,false,-
com.lihaoyi,ammonite-sshd_2.11.11,1.1.2-30-53edc31,-,-,?,-,false,-
com.lihaoyi,ammonite-sshd_2.11.6,1.1.2-30-53edc31,-,-,?,-,false,-
com.lihaoyi,ammonite-sshd_2.12.1,1.1.2-30-53edc31,-,-,?,-,false,-
com.lihaoyi,ammonite-util_2.11.11,0.9.3,-,-,?,-,false,-
com.lihaoyi,ammonite-util_2.11,1.1.2-30-53edc31,-,-,?,-,false,-
com.lihaoyi,ammonite-util_2.11.6,0.9.3,-,-,?,-,false,-
com.lihaoyi,ammonite-util_2.12.1,0.9.3,-,-,?,-,false,-
com.lihaoyi,amm-repl-2.11.9_2.11,1.0.5-25-b3b801e8,-,-,?,-,false,sun.misc.Signal                          See http://openjdk.java.net/jeps/260 + sun.misc.SignalHandler                   See http://openjdk.java.net/jeps/260
com.lihaoyi,amm-runtime-2.12.6_2.12,1.0.5-25-b3b801e8,-,-,?,-,false,-
com.lihaoyi,amm-util-2.12.6_2.12,1.0.5-25-b3b801e8,-,-,?,-,false,-
com.lihaoyi,classparse_2.11,1.0.0,-,-,?,-,false,-
com.lihaoyi,classparse_sjs0.6_2.12,1.0.0,-,-,?,-,false,-
com.lihaoyi,cssparse_2.12,1.0.0,-,-,?,-,false,-
com.lihaoyi,fansi_2.11,0.2.5,-,-,?,-,false,-
com.lihaoyi,fansi_sjs0.6_2.12,0.2.5,-,-,?,-,false,-
com.lihaoyi,fastparse_2.11,1.0.0,-,-,?,-,false,-
com.lihaoyi,fastparse-byte_2.10,1.0.0,-,-,?,-,false,-
com.lihaoyi,fastparse-byte_native0.3_2.11,1.0.0,-,-,?,-,false,-
com.lihaoyi,fastparse_sjs0.6_2.10,1.0.0,-,-,?,-,false,-
com.lihaoyi,fastparse-utils_sjs0.6_2.10,1.0.0,-,-,?,-,false,-
com.lihaoyi,geny_sjs0.6_2.10,0.1.2,-,-,?,-,false,-
com.lihaoyi,mill-client,0.2.0-5-b10c47,-,-,?,-,false,-
com.lihaoyi,mill-core_2.12,2018-02-10T22-20-56-317Z-719ff8a6d79093d390b0d5ce7d01755e65fcd484,-,-,?,-,false,-
com.lihaoyi,mill-json-js-2.11.11_sjs0.6_2.11,0.6.0-RC1,-,-,?,-,false,-
com.lihaoyi,mill-json-js-2.12.4_sjs0.6_2.12,0.6.0-RC1,-,-,?,-,false,-
com.lihaoyi,mill-main_2.12,2018-02-10T22-20-56-317Z-719ff8a6d79093d390b0d5ce7d01755e65fcd484,-,-,?,-,false,-
com.lihaoyi,mill-main-graphviz_2.12,0.2.6-27-613878,-,-,?,-,false,-
com.lihaoyi,mill-twirllib_2.12,0.2.6-14-d4de5f,-,-,?,-,false,-
com.lihaoyi,mill-upickle-jvm-2.11.11_2.11,0.6.0-RC1,-,-,?,-,false,-
com.lihaoyi,mill-upickle-jvm-2.12.4_2.12,0.6.0-RC1,-,-,?,-,false,-
com.lihaoyi,pprint_sjs0.6_2.12,0.5.3,-,-,?,-,false,-
com.lihaoyi,pythonparse_2.11,1.0.0,-,-,?,-,false,-
com.lihaoyi,pythonparse_sjs0.6_2.12,1.0.0,-,-,?,-,false,-
com.lihaoyi,scalaparse_sjs0.6_2.10,1.0.0,-,-,?,-,false,-
com.lihaoyi,scalarx_sjs0.6_2.11,0.4.0,-,-,?,-,false,-
com.lihaoyi,scalatags_sjs0.6_2.10,0.6.7,-,-,?,-,false,-
com.lihaoyi,scalatags_sjs1.0.0-M1_2.10,0.6.7,-,-,?,-,false,-
com.lihaoyi,scalatex-site_sjs0.6_2.12,0.3.8,-,-,?,-,false,-
com.lihaoyi,shell-2.11.4_2.11,1.0.5-25-b3b801e8,-,-,?,-,false,-
com.lihaoyi,shell-2.11.6_2.11,1.0.5-25-b3b801e8,-,-,?,-,false,-
com.lihaoyi,shell-2.12.2_2.12,1.0.5-25-b3b801e8,-,-,?,-,false,-
com.lihaoyi,sourcecode_2.10,0.1.4,-,-,?,-,false,-
com.lihaoyi,sshd-2.11.11_2.11,1.0.5-25-b3b801e8,-,-,?,-,false,-
com.lihaoyi,sshd-2.11.6_2.11,1.0.5-25-b3b801e8,-,-,?,-,false,-
com.lihaoyi,sshd-2.12.0_2.12,1.0.5-25-b3b801e8,-,-,?,-,false,-
com.lihaoyi,sshd-2.12.4_2.12,1.0.5-25-b3b801e8,-,-,?,-,false,-
com.lihaoyi,terminal-2.12.6_2.12,1.0.5-25-b3b801e8,-,-,?,-,false,-
com.lihaoyi,upickle-json_2.12,0.6.0-RC5,-,-,?,-,false,-
com.lihaoyi,upickle_sjs0.6_2.12,0.6.6,-,-,?,-,false,-
com.lihaoyi,utest_2.11,0.6.4,-,-,?,-,false,-
com.lihaoyi,utest_2.13.0-M2,0.6.4,-,-,?,-,false,-
com.lihaoyi,utest_sjs0.6_2.12,0.6.4,-,-,?,-,false,-
com.lihaoyi,utest_sjs1.0.0-M1_2.12,0.6.3,-,-,?,-,false,-
com.lihaoyi,utest_sjs1.0.0-M2_2.13.0-M2,0.6.3,-,-,?,-,false,-
hu.webarticum,jpluginmanager,0.1,-,-,?,-,false,-
org.fujion.webjars,webjar-codemirror,5.40.0,-,-,?,-,false,-
org.fujion.webjars,webjar-plotly-js,1.40.1,-,-,?,-,false,-
