groupId,artifactId,version,moduleName,moduleVersion,moduleMode,moduleDependencies,jdepsToolError,jdepsViolations
com.audienceproject,spark-dynamodb_2.11,0.3.0,-,-,?,-,false,-
com.centit.framework,centit-ip-adapter,1.1.1808,-,-,?,-,false,-
com.centit.framework,centit-ip-adapter-jdbc,1.1.1808,-,-,?,-,false,-
com.centit.framework,centit-ip-app,1.1.1808,-,-,?,-,false,-
com.centit.framework,centit-ip-app-config,1.1.1808,-,-,?,-,false,-
com.centit.framework,centit-ip-module,1.1.1808,-,-,?,-,false,-
com.centit.framework,centit-persistence-config,1.1.1808,-,-,?,-,false,-
com.centit.framework,centit-persistence-core,1.1.1808,-,-,?,-,false,-
com.centit.framework,centit-persistence-hibernate,1.1.1808,-,-,?,-,false,-
com.centit.framework,centit-persistence-hibernate-config,1.1.1808,-,-,?,-,false,-
com.centit.framework,centit-persistence-jdbc,1.1.1808,-,-,?,-,false,-
com.centit.framework,centit-persistence-jdbc-config,1.1.1808,-,-,?,-,false,-
com.centit.framework,centit-persistence-mybatis,1.1.1808,-,-,?,-,false,-
com.centit.framework,centit-persistence-mybatis-config,1.1.1808,-,-,?,-,false,-
com.centit.framework,framework-adapter,4.2.1808,-,-,?,-,false,-
com.centit.framework,framework-config,4.2.1808,-,-,?,-,false,-
com.centit.framework,framework-core,4.2.1808,-,-,?,-,false,-
com.centit.framework,framework-core-web,4.2.1808,-,-,?,-,false,-
com.centit.framework,framework-filter,4.2.1808,-,-,?,-,false,-
com.centit.framework,framework-persistence-core,4.2.1808,-,-,?,-,false,-
com.centit.framework,framework-persistence-hibernate,4.2.1808,-,-,?,-,false,-
com.centit.framework,framework-persistence-jdbc,4.2.1808,-,-,?,-,false,-
com.centit.framework,framework-persistence-mybatis,4.2.1808,-,-,?,-,false,-
com.centit.framework,framework-security,4.2.1808,-,-,?,-,false,-
com.centit.framework,framework-system-config,4.2.1808,-,-,?,-,false,-
com.centit.framework,framework-system-module,4.2.1808,-,-,?,-,false,-
com.centit.framework,framework-system-static,4.2.1808,-,-,?,-,false,-
com.centit.framework,framework-system-static-config,4.2.1808,-,-,?,-,false,-
com.centit.framework,framework-system-static-jdbc,4.2.1808,-,-,?,-,false,-
com.centit.framework,framework-system-view-easyui,4.2.1808,-,-,?,-,false,-
com.centit.framework,framework-system-web,4.2.1808,-,-,?,-,false,-
com.codacy,codacy-analysis-core_2.12,0.1.0-alpha3.3108,-,-,?,-,false,-
com.epam.jdi,jdi-commons,1.1.27,-,-,?,-,false,-
com.epam.jdi,jdi-http,1.1.27,-,-,?,-,false,-
com.epam.jdi,jdi-http-cucumber,1.1.27,-,-,?,-,false,-
com.epam.jdi,jdi-matchers,2.0.23,-,-,?,-,false,-
com.epam.jdi,jdi-uitest-core,1.1.27,-,-,?,-,false,-
com.epam.jdi,jdi-uitest-cucumber,1.1.27,-,-,?,-,false,-
com.epam.jdi,jdi-uitest-gui,1.1.27,-,-,?,-,false,sun.reflect.generics.reflectiveObjects.NotImplementedException Removed. See http://openjdk.java.net/jeps/260
com.epam.jdi,jdi-uitest-mobile,1.1.27,-,-,?,-,false,-
com.epam.jdi,jdi-uitest-web,1.1.27,-,-,?,-,false,-
com.epam.jdi,jdi-uitest-win,1.1.27,-,-,?,-,false,sun.reflect.generics.reflectiveObjects.NotImplementedException Removed. See http://openjdk.java.net/jeps/260
com.github.liujiebang,pay,1.1.2,-,-,?,-,false,-
com.github.tankist88,carpenter-core,0.0.2,-,-,?,-,false,-
com.github.tankist88,guava-extension,0.0.3,-,-,?,-,false,-
com.github.tankist88,jodatime-extension,0.0.3,-,-,?,-,false,-
org.gradoop,gradoop-accumulo,0.4.1,-,-,?,-,false,-
org.gradoop,gradoop-checkstyle,0.4.1,-,-,?,-,false,-
org.gradoop,gradoop-common,0.4.1,-,-,?,-,false,-
org.gradoop,gradoop-examples,0.4.1,-,-,?,-,false,sun.misc.Unsafe                          See http://openjdk.java.net/jeps/260
org.gradoop,gradoop-flink,0.4.1,-,-,?,-,false,-
org.gradoop,gradoop-hbase,0.4.1,-,-,?,-,false,-
org.gradoop,gradoop-store-api,0.4.1,-,-,?,-,false,-
org.graylog.jest,jest,5.0.0-beta.1,-,-,?,-,false,-
org.graylog.jest,jest-common,5.0.0-beta.1,-,-,?,-,false,-
org.graylog.jest,jest-droid,5.0.0-beta.1,-,-,?,-,false,sun.misc.Unsafe                          See http://openjdk.java.net/jeps/260
org.in-cal,incal-core_2.11,0.0.5,-,-,?,-,false,-
org.lyranthe,fs2-mongodb_2.11,0.4.0,-,-,?,-,false,-
org.lyranthe,fs2-mongodb_2.12,0.4.0,-,-,?,-,false,-
org.weixin4j.spring.boot,weixin4j-spring-boot-autoconfigure,1.0.0,-,-,?,-,false,-
org.weixin4j.spring.boot,weixin4j-spring-boot-starter,1.0.0,-,-,?,-,false,-
org.weixin4j,weixin4j-spring,1.0.0,-,-,?,-,false,-
top.jfunc.json,json-common,1.0,-,-,?,-,false,-
za.co.absa.cobrix,cobol-parser,0.2.3,-,-,?,-,false,-
za.co.absa.cobrix,spark-cobol,0.2.3,-,-,?,-,false,-
