groupId,artifactId,version,moduleName,moduleVersion,moduleMode,moduleDependencies,jdepsToolError,jdepsViolations
com.amazonaws,aws-java-sdk,1.11.395,-,-,?,-,false,-
com.amazonaws,aws-java-sdk-acm,1.11.395,-,-,?,-,false,-
com.amazonaws,aws-java-sdk-acmpca,1.11.395,-,-,?,-,false,-
com.amazonaws,aws-java-sdk-alexaforbusiness,1.11.395,-,-,?,-,false,-
com.amazonaws,aws-java-sdk-api-gateway,1.11.395,-,-,?,-,false,-
com.amazonaws,aws-java-sdk-applicationautoscaling,1.11.395,-,-,?,-,false,-
com.amazonaws,aws-java-sdk-appstream,1.11.395,-,-,?,-,false,-
com.amazonaws,aws-java-sdk-appsync,1.11.395,-,-,?,-,false,-
com.amazonaws,aws-java-sdk-athena,1.11.395,-,-,?,-,false,-
com.amazonaws,aws-java-sdk-autoscaling,1.11.395,-,-,?,-,false,-
com.amazonaws,aws-java-sdk-autoscalingplans,1.11.395,-,-,?,-,false,-
com.amazonaws,aws-java-sdk-batch,1.11.395,-,-,?,-,false,-
com.amazonaws,aws-java-sdk-budgets,1.11.395,-,-,?,-,false,-
com.amazonaws,aws-java-sdk-bundle,1.11.395,-,-,?,-,false,sun.misc.Unsafe                          See http://openjdk.java.net/jeps/260 + sun.security.x509.X500Name               Use javax.security.auth.x500.X500Principal @since 1.4
com.amazonaws,aws-java-sdk-cloud9,1.11.395,-,-,?,-,false,-
com.amazonaws,aws-java-sdk-clouddirectory,1.11.395,-,-,?,-,false,-
com.amazonaws,aws-java-sdk-cloudformation,1.11.395,-,-,?,-,false,-
com.amazonaws,aws-java-sdk-cloudfront,1.11.395,-,-,?,-,false,-
com.amazonaws,aws-java-sdk-cloudhsm,1.11.395,-,-,?,-,false,-
com.amazonaws,aws-java-sdk-cloudhsmv2,1.11.395,-,-,?,-,false,-
com.amazonaws,aws-java-sdk-cloudsearch,1.11.395,-,-,?,-,false,-
com.amazonaws,aws-java-sdk-cloudtrail,1.11.395,-,-,?,-,false,-
com.amazonaws,aws-java-sdk-cloudwatch,1.11.395,-,-,?,-,false,-
com.amazonaws,aws-java-sdk-cloudwatchmetrics,1.11.395,-,-,?,-,false,-
com.amazonaws,aws-java-sdk-codebuild,1.11.395,-,-,?,-,false,-
com.amazonaws,aws-java-sdk-codecommit,1.11.395,-,-,?,-,false,-
com.amazonaws,aws-java-sdk-codedeploy,1.11.395,-,-,?,-,false,-
com.amazonaws,aws-java-sdk-code-generator,1.11.395,-,-,?,-,false,-
com.amazonaws,aws-java-sdk-codegen-maven-plugin,1.11.395,-,-,?,-,false,-
com.amazonaws,aws-java-sdk-codepipeline,1.11.395,-,-,?,-,false,-
com.amazonaws,aws-java-sdk-codestar,1.11.395,-,-,?,-,false,-
com.amazonaws,aws-java-sdk-cognitoidentity,1.11.395,-,-,?,-,false,-
com.amazonaws,aws-java-sdk-cognitoidp,1.11.395,-,-,?,-,false,-
com.amazonaws,aws-java-sdk-cognitosync,1.11.395,-,-,?,-,false,-
com.amazonaws,aws-java-sdk-comprehend,1.11.395,-,-,?,-,false,-
com.amazonaws,aws-java-sdk-config,1.11.395,-,-,?,-,false,-
com.amazonaws,aws-java-sdk-connect,1.11.395,-,-,?,-,false,-
com.amazonaws,aws-java-sdk-core,1.11.395,-,-,?,-,false,-
com.amazonaws,aws-java-sdk-costandusagereport,1.11.395,-,-,?,-,false,-
com.amazonaws,aws-java-sdk-costexplorer,1.11.395,-,-,?,-,false,-
com.amazonaws,aws-java-sdk-datapipeline,1.11.395,-,-,?,-,false,-
com.amazonaws,aws-java-sdk-dax,1.11.395,-,-,?,-,false,-
com.amazonaws,aws-java-sdk-devicefarm,1.11.395,-,-,?,-,false,-
com.amazonaws,aws-java-sdk-directconnect,1.11.395,-,-,?,-,false,-
com.amazonaws,aws-java-sdk-directory,1.11.395,-,-,?,-,false,-
com.amazonaws,aws-java-sdk-discovery,1.11.395,-,-,?,-,false,-
com.amazonaws,aws-java-sdk-dlm,1.11.395,-,-,?,-,false,-
com.amazonaws,aws-java-sdk-dms,1.11.395,-,-,?,-,false,-
com.amazonaws,aws-java-sdk-dynamodb,1.11.395,-,-,?,-,false,-
com.amazonaws,aws-java-sdk-ec2,1.11.395,-,-,?,-,false,-
com.amazonaws,aws-java-sdk-ecr,1.11.395,-,-,?,-,false,-
com.amazonaws,aws-java-sdk-ecs,1.11.395,-,-,?,-,false,-
com.amazonaws,aws-java-sdk-efs,1.11.395,-,-,?,-,false,-
com.amazonaws,aws-java-sdk-eks,1.11.395,-,-,?,-,false,-
com.amazonaws,aws-java-sdk-elasticache,1.11.395,-,-,?,-,false,-
com.amazonaws,aws-java-sdk-elasticbeanstalk,1.11.395,-,-,?,-,false,-
com.amazonaws,aws-java-sdk-elasticloadbalancing,1.11.395,-,-,?,-,false,-
com.amazonaws,aws-java-sdk-elasticloadbalancingv2,1.11.395,-,-,?,-,false,-
com.amazonaws,aws-java-sdk-elasticsearch,1.11.395,-,-,?,-,false,-
com.amazonaws,aws-java-sdk-elastictranscoder,1.11.395,-,-,?,-,false,-
com.amazonaws,aws-java-sdk-emr,1.11.395,-,-,?,-,false,-
com.amazonaws,aws-java-sdk-events,1.11.395,-,-,?,-,false,-
com.amazonaws,aws-java-sdk-fms,1.11.395,-,-,?,-,false,-
com.amazonaws,aws-java-sdk-gamelift,1.11.395,-,-,?,-,false,-
com.amazonaws,aws-java-sdk-glacier,1.11.395,-,-,?,-,false,-
com.amazonaws,aws-java-sdk-glue,1.11.395,-,-,?,-,false,-
com.amazonaws,aws-java-sdk-greengrass,1.11.395,-,-,?,-,false,-
com.amazonaws,aws-java-sdk-guardduty,1.11.395,-,-,?,-,false,-
com.amazonaws,aws-java-sdk-health,1.11.395,-,-,?,-,false,-
com.amazonaws,aws-java-sdk-iam,1.11.395,-,-,?,-,false,-
com.amazonaws,aws-java-sdk-importexport,1.11.395,-,-,?,-,false,-
com.amazonaws,aws-java-sdk-inspector,1.11.395,-,-,?,-,false,-
com.amazonaws,aws-java-sdk-iot,1.11.395,-,-,?,-,false,-
com.amazonaws,aws-java-sdk-iot1clickdevices,1.11.395,-,-,?,-,false,-
com.amazonaws,aws-java-sdk-iot1clickprojects,1.11.395,-,-,?,-,false,-
com.amazonaws,aws-java-sdk-iotanalytics,1.11.395,-,-,?,-,false,-
com.amazonaws,aws-java-sdk-iotjobsdataplane,1.11.395,-,-,?,-,false,-
com.amazonaws,aws-java-sdk-kinesis,1.11.395,-,-,?,-,false,-
com.amazonaws,aws-java-sdk-kinesisvideo,1.11.395,-,-,?,-,false,-
com.amazonaws,aws-java-sdk-kms,1.11.395,-,-,?,-,false,-
com.amazonaws,aws-java-sdk-lambda,1.11.395,-,-,?,-,false,-
com.amazonaws,aws-java-sdk-lex,1.11.395,-,-,?,-,false,-
com.amazonaws,aws-java-sdk-lexmodelbuilding,1.11.395,-,-,?,-,false,-
com.amazonaws,aws-java-sdk-lightsail,1.11.395,-,-,?,-,false,-
com.amazonaws,aws-java-sdk-logs,1.11.395,-,-,?,-,false,-
com.amazonaws,aws-java-sdk-machinelearning,1.11.395,-,-,?,-,false,-
com.amazonaws,aws-java-sdk-macie,1.11.395,-,-,?,-,false,-
com.amazonaws,aws-java-sdk-marketplacecommerceanalytics,1.11.395,-,-,?,-,false,-
com.amazonaws,aws-java-sdk-marketplaceentitlement,1.11.395,-,-,?,-,false,-
com.amazonaws,aws-java-sdk-marketplacemeteringservice,1.11.395,-,-,?,-,false,-
com.amazonaws,aws-java-sdk-mechanicalturkrequester,1.11.395,-,-,?,-,false,-
com.amazonaws,aws-java-sdk-mediaconvert,1.11.395,-,-,?,-,false,-
com.amazonaws,aws-java-sdk-medialive,1.11.395,-,-,?,-,false,-
com.amazonaws,aws-java-sdk-mediapackage,1.11.395,-,-,?,-,false,-
com.amazonaws,aws-java-sdk-mediastore,1.11.395,-,-,?,-,false,-
com.amazonaws,aws-java-sdk-mediastoredata,1.11.395,-,-,?,-,false,-
com.amazonaws,aws-java-sdk-mediatailor,1.11.395,-,-,?,-,false,-
com.amazonaws,aws-java-sdk-migrationhub,1.11.395,-,-,?,-,false,-
com.amazonaws,aws-java-sdk-mobile,1.11.395,-,-,?,-,false,-
com.amazonaws,aws-java-sdk-models,1.11.395,-,-,?,-,false,-
com.amazonaws,aws-java-sdk-mq,1.11.395,-,-,?,-,false,-
com.amazonaws,aws-java-sdk-neptune,1.11.395,-,-,?,-,false,-
com.amazonaws,aws-java-sdk-opensdk,1.11.395,-,-,?,-,false,-
com.amazonaws,aws-java-sdk-opsworks,1.11.395,-,-,?,-,false,-
com.amazonaws,aws-java-sdk-opsworkscm,1.11.395,-,-,?,-,false,-
com.amazonaws,aws-java-sdk-organizations,1.11.395,-,-,?,-,false,-
com.amazonaws,aws-java-sdk-osgi,1.11.395,-,-,?,-,false,-
com.amazonaws,aws-java-sdk-pi,1.11.395,-,-,?,-,false,-
com.amazonaws,aws-java-sdk-pinpoint,1.11.395,-,-,?,-,false,-
com.amazonaws,aws-java-sdk-polly,1.11.395,-,-,?,-,false,-
com.amazonaws,aws-java-sdk-pricing,1.11.395,-,-,?,-,false,-
com.amazonaws,aws-java-sdk-rds,1.11.395,-,-,?,-,false,-
com.amazonaws,aws-java-sdk-redshift,1.11.395,-,-,?,-,false,-
com.amazonaws,aws-java-sdk-rekognition,1.11.395,-,-,?,-,false,-
com.amazonaws,aws-java-sdk-resourcegroups,1.11.395,-,-,?,-,false,-
com.amazonaws,aws-java-sdk-resourcegroupstaggingapi,1.11.395,-,-,?,-,false,-
com.amazonaws,aws-java-sdk-route53,1.11.395,-,-,?,-,false,-
com.amazonaws,aws-java-sdk-s3,1.11.395,-,-,?,-,false,-
com.amazonaws,aws-java-sdk-sagemaker,1.11.395,-,-,?,-,false,-
com.amazonaws,aws-java-sdk-sagemakerruntime,1.11.395,-,-,?,-,false,-
com.amazonaws,aws-java-sdk-secretsmanager,1.11.395,-,-,?,-,false,-
com.amazonaws,aws-java-sdk-serverlessapplicationrepository,1.11.395,-,-,?,-,false,-
com.amazonaws,aws-java-sdk-servermigration,1.11.395,-,-,?,-,false,-
com.amazonaws,aws-java-sdk-servicecatalog,1.11.395,-,-,?,-,false,-
com.amazonaws,aws-java-sdk-servicediscovery,1.11.395,-,-,?,-,false,-
com.amazonaws,aws-java-sdk-ses,1.11.395,-,-,?,-,false,-
com.amazonaws,aws-java-sdk-shield,1.11.395,-,-,?,-,false,-
com.amazonaws,aws-java-sdk-simpledb,1.11.395,-,-,?,-,false,-
com.amazonaws,aws-java-sdk-simpleworkflow,1.11.395,-,-,?,-,false,-
com.amazonaws,aws-java-sdk-snowball,1.11.395,-,-,?,-,false,-
com.amazonaws,aws-java-sdk-sns,1.11.395,-,-,?,-,false,-
com.amazonaws,aws-java-sdk-sqs,1.11.395,-,-,?,-,false,-
com.amazonaws,aws-java-sdk-ssm,1.11.395,-,-,?,-,false,-
com.amazonaws,aws-java-sdk-stepfunctions,1.11.395,-,-,?,-,false,-
com.amazonaws,aws-java-sdk-storagegateway,1.11.395,-,-,?,-,false,-
com.amazonaws,aws-java-sdk-sts,1.11.395,-,-,?,-,false,-
com.amazonaws,aws-java-sdk-support,1.11.395,-,-,?,-,false,-
com.amazonaws,aws-java-sdk-test-utils,1.11.395,-,-,?,-,false,-
com.amazonaws,aws-java-sdk-transcribe,1.11.395,-,-,?,-,false,-
com.amazonaws,aws-java-sdk-translate,1.11.395,-,-,?,-,false,-
com.amazonaws,aws-java-sdk-waf,1.11.395,-,-,?,-,false,-
com.amazonaws,aws-java-sdk-workdocs,1.11.395,-,-,?,-,false,-
com.amazonaws,aws-java-sdk-workmail,1.11.395,-,-,?,-,false,-
com.amazonaws,aws-java-sdk-workspaces,1.11.395,-,-,?,-,false,-
com.amazonaws,aws-java-sdk-xray,1.11.395,-,-,?,-,false,-
com.amazonaws,jmespath-java,1.11.395,-,-,?,-,false,-
com.aol.microservices,micro-async-data-loader,0.91.11,-,-,?,-,false,-
com.aol.microservices,micro-async-data-writer,0.91.11,-,-,?,-,false,-
com.aol.microservices,micro-client,0.91.11,-,-,?,-,false,-
com.aol.microservices,micro-core,0.91.11,-,-,?,-,false,-
com.aol.microservices,micro-cors,0.91.11,-,-,?,-,false,-
com.aol.microservices,micro-couchbase,0.91.11,-,-,?,-,false,-
com.aol.microservices,micro-dbcp,0.91.11,-,-,?,-,false,-
com.aol.microservices,micro-dist-lock,0.91.11,-,-,?,-,false,-
com.aol.microservices,micro-error-codes,0.91.11,-,-,?,-,false,-
com.aol.microservices,micro-events,0.91.11,-,-,?,-,false,-
com.aol.microservices,micro-grizzly,0.91.11,-,-,?,-,false,-
com.aol.microservices,micro-grizzly-with-jersey,0.91.11,-,-,?,-,false,-
com.aol.microservices,micro-hikaricp,0.91.11,-,-,?,-,false,-
com.aol.microservices,micro-ip-tracker,0.91.11,-,-,?,-,false,-
com.aol.microservices,micro-javaslang,0.90.6,-,-,?,-,false,-
com.aol.microservices,micro-jdbc,0.91.11,-,-,?,-,false,-
com.aol.microservices,micro-jmx-metrics,0.91.11,-,-,?,-,false,-
com.aol.microservices,micro-logback,0.91.11,-,-,?,-,false,-
com.aol.microservices,micro-log-streamer,0.91.11,-,-,?,-,false,-
com.aol.microservices,micro-machine-stats,0.91.11,-,-,?,-,false,-
com.aol.microservices,micro-metrics,0.91.11,-,-,?,-,false,-
com.aol.microservices,micro-reactive,0.91.11,-,-,?,-,false,-
com.aol.microservices,micro-transactions,0.91.11,-,-,?,-,false,-
com.aol.obi,android-tokenization-lib,1.1,-,-,?,-,false,-
com.aol.obi,android-tokenization-stech-lib,1.2,-,-,?,-,false,-
com.aol.one.reporting,forecast-api-client_2.11,3.1.7,-,-,?,-,false,-
com.aquenos.epics.jackie.diirt,epics-jackie-diirt-datasource,1.0.3,-,-,?,-,false,-
com.aquenos.epics.jackie.diirt,epics-jackie-diirt-datasource-ca,1.0.3,-,-,?,-,false,-
com.aquenos.epics.jackie.diirt,epics-jackie-diirt-datasource-jackie,1.0.3,-,-,?,-,false,-
com.aquenos.epics.jackie.diirt,epics-jackie-diirt-vtype,1.0.3,-,-,?,-,false,-
com.aquenos.epics.jackie,epics-jackie-client,2.0.0,-,-,?,-,false,-
com.aquenos.epics.jackie,epics-jackie-common,2.0.0,-,-,?,-,false,-
com.bertramlabs.plugins,karman-aws,1.1.16,-,-,?,-,false,-
com.bertramlabs.plugins,karman-grails,1.1.16,-,-,?,-,false,-
com.bertramlabs.plugins,karman-openstack,1.1.16,-,-,?,-,false,-
com.betterconfig,betterconfig-client,1.1.1,-,-,?,-,false,-
com.bobpaulin.maven.jsonp,jsonp-maven-plugin,0.0.3,-,-,?,-,false,-
com.daioware,collections,1.0.2-RELEASE,-,-,?,-,false,-
com.daioware.collections,concurrent,1.0.1-RELEASE,-,-,?,-,false,-
com.daioware.net,distributed,1.0.0-RELEASE,-,-,?,-,false,-
com.daioware.net,socket,1.0.0-RELEASE,-,-,?,-,false,com.sun.net.ssl.internal.ssl.Provider    Use java.security.Security.getProvider(provider-name) @since 1.3
com.daioware,templates,1.0.0-RELEASE,-,-,?,-,false,-
com.daioware,time,1.0.0-RELEASE,-,-,?,-,false,-
com.danavalerie.util,dana-util,1.4,-,-,?,-,false,-
com.danielflower.apprunner,app-runner,2.0.9,-,-,?,-,false,sun.misc.Unsafe                          See http://openjdk.java.net/jeps/260 + sun.reflect.Reflection                   Use java.lang.StackWalker @since 9 + sun.security.x509.X500Name               Use javax.security.auth.x500.X500Principal @since 1.4
com.danielflower.apprunner,app-runner-router,1.8.4,-,-,?,-,false,sun.misc.Unsafe                          See http://openjdk.java.net/jeps/260 + sun.reflect.Reflection                   Use java.lang.StackWalker @since 9
com.danielflower.apprunner,javasysmon,0.3.5.1,-,-,?,-,false,-
com.danielflower.apprunner,restabuild,0.3.2,-,-,?,-,false,sun.misc.Unsafe                          See http://openjdk.java.net/jeps/260 + sun.reflect.Reflection                   Use java.lang.StackWalker @since 9 + sun.security.x509.X500Name               Use javax.security.auth.x500.X500Principal @since 1.4
com.danielflower.ronin.muserver,mu-server,0.0.5,-,-,?,-,false,-
com.easemob,rest-java-sdk,1.0.5,-,-,?,-,false,-
com.ecwid.consul,consul-api,1.4.0,-,-,?,-,false,-
com.ecwid,maleorang,3.0-0.9.6,-,-,?,-,false,-
com.gabechurch,parsertest_2.11,0.1.0,-,-,?,-,false,-
com.gabrielittner.auto.value,auto-value-cursor,1.1.0,-,-,?,-,false,sun.misc.Unsafe                          See http://openjdk.java.net/jeps/260
com.gabrielittner.auto.value,auto-value-cursor-annotations,1.1.0,-,-,?,-,false,-
com.gabrielittner.github-diff,github-diff,0.1.2,-,-,?,-,false,-
com.gabrielittner.threetenbp,compiler,0.3.0,-,-,?,-,false,-
com.github.mideo,sssh_2.12,0.0.3,-,-,?,-,false,-
com.google.apis,google-api-services-cloudprofiler,v2-rev7-1.25.0,-,-,?,-,false,-
com.google.apis,google-api-services-discovery,v1-rev67-1.25.0,-,-,?,-,false,-
com.google.apis,google-api-services-dlp,v2-rev29-1.25.0,-,-,?,-,false,-
com.google.apis,google-api-services-dns,v2beta1-rev75-1.25.0,-,-,?,-,false,-
com.google.apis,google-api-services-doubleclickbidmanager,v1-rev57-1.25.0,-,-,?,-,false,-
com.google.apis,google-api-services-doubleclicksearch,v2-rev188-1.25.0,-,-,?,-,false,-
com.google.apis,google-api-services-drive,v3-rev127-1.25.0,-,-,?,-,false,-
com.google.apis,google-api-services-firebasedynamiclinks,v1-rev845-1.25.0,-,-,?,-,false,-
com.google.apis,google-api-services-firebaserules,v1-rev278-1.25.0,-,-,?,-,false,-
com.google.apis,google-api-services-firestore,v1-rev4-1.25.0,-,-,?,-,false,-
com.google.apis,google-api-services-fitness,v1-rev36-1.25.0,-,-,?,-,false,-
com.google.apis,google-api-services-fusiontables,v2-rev27-1.25.0,-,-,?,-,false,-
com.google.apis,google-api-services-gamesConfiguration,v1configuration-rev209-1.25.0,-,-,?,-,false,-
com.google.apis,google-api-services-gamesManagement,v1management-rev279-1.25.0,-,-,?,-,false,-
com.google.apis,google-api-services-games,v1-rev291-1.25.0,-,-,?,-,false,-
com.google.apis,google-api-services-genomics,v2alpha1-rev30-1.25.0,-,-,?,-,false,-
com.hectorlopezfernandez.pebble,joda-time-extension,1.0.3,-,-,?,-,false,-
com.keyholesoftware,khs-spring-boot-api-statistics-starter,1.0.1,-,-,?,-,false,-
com.keyholesoftware,khs-spring-boot-publish-swagger-starter,1.0.0,-,-,?,-,false,-
com.liferay,com.liferay.dynamic.data.mapping.api,3.8.8,-,-,?,-,false,-
com.metamx,emitter,0.6.0,-,-,?,-,false,-
com.metamx,http-client,1.2.0,-,-,?,-,false,-
com.metamx,java-util,1.3.3,-,-,?,-,false,sun.misc.Cleaner                         Use java.lang.ref.PhantomReference @since 1.2 or java.lang.ref.Cleaner @since 9
com.metamx,rainer_2.11,0.5.0,-,-,?,-,false,-
com.metamx,rainer_2.12,0.5.0,-,-,?,-,false,-
com.metamx,scala-util_2.10,1.13.6,-,-,?,-,false,-
com.metamx,scala-util_2.11,1.13.6,-,-,?,-,false,-
com.metamx,scala-util_2.12,1.13.6,-,-,?,-,false,-
com.metamx,server-metrics,0.5.2,-,-,?,-,false,-
com.mytaxi.apis,phrase-java-client,1.0.5,-,-,?,-,false,-
com.mytaxi.core,spring-property-repositories,1.0.1,-,-,?,-,false,-
com.mytaxi.maven.plugins,phrase-plugin,1.0.4,-,-,?,-,false,-
com.nirmata.workflow,nirmata-workflow,0.9.1,-,-,?,-,false,-
com.nthportal,app-shell_2.12,1.2.0,-,-,?,-,false,-
com.nthportal,cancellable-task_2.11,1.0.0,-,-,?,-,false,-
com.nthportal,cancellable-task_2.12,1.0.0,-,-,?,-,false,-
com.nthportal,convert_2.11,0.5.0,-,-,?,-,false,-
com.nthportal,convert_2.12,0.5.0,-,-,?,-,false,-
com.nthportal,convert_sjs0.6_2.11,0.5.0,-,-,?,-,false,-
com.nthportal,convert_sjs0.6_2.12,0.5.0,-,-,?,-,false,-
com.nthportal,extra-predef_2.12,1.1.0,-,-,?,-,false,-
com.nthportal,future-queue_2.11,1.2.0,-,-,?,-,false,-
com.nthportal,future-queue_2.12,1.2.0,-,-,?,-,false,-
com.nthportal,play-json-value-format_2.12,0.2.0,-,-,?,-,false,-
com.nthportal,testing-utils_2.11,1.0.0,-,-,?,-,false,-
com.nthportal,testing-utils_2.12,1.0.0,-,-,?,-,false,-
com.nthportal,versions_2.11,1.2.2,-,-,?,-,false,-
com.nthportal,versions_2.12,2.0.1,-,-,?,-,false,-
com.plainflow.analytics.java,analytics,2.0.0-p1,-,-,?,-,false,-
com.plainflow.analytics.java,analytics-cli,2.0.0-p1,-,-,?,-,false,-
com.plainflow.analytics.java,analytics-core,2.0.0-p1,-,-,?,-,false,-
com.plainflow.analytics.java,analytics-sample,2.0.0-p1,-,-,?,-,false,-
com.plainflow.analytics.java,analytics-spring-boot-starter,2.0.0-p1,-,-,?,-,false,-
com.tickaroo.tikxml,annotation,0.8.13,-,-,?,-,false,-
com.tickaroo.tikxml,auto-value-tikxml,0.8.13,-,-,?,-,false,-
com.tickaroo.tikxml,converter-date-rfc3339,0.8.13,-,-,?,-,false,-
com.tickaroo.tikxml,converter-htmlescape,0.8.13,-,-,?,-,false,-
com.tickaroo.tikxml,core,0.8.13,-,-,?,-,false,-
com.tickaroo.tikxml,processor,0.8.13,-,-,?,-,false,-
com.tickaroo.tikxml,processor-common,0.8.13,-,-,?,-,false,-
com.tickaroo.tikxml,retrofit-converter,0.8.13,-,-,?,-,false,-
com.umeng.analytics,analytics,6.1.4,-,-,?,-,false,-
com.umeng.analytics,dplus,6.1.1.001,-,-,?,-,false,-
com.umeng.sdk,analytics,7.5.3,-,-,?,-,false,-
com.umeng.sdk,common,1.5.3,-,-,?,-,false,-
com.umeng.sdk,debug,1.0.0,-,-,?,-,false,-
com.umeng.sdk,utdid,1.1.5.3,-,-,?,-,false,-
com.vlkan.hrrs,hrrs-api,0.5,-,-,?,-,false,-
com.vlkan.hrrs,hrrs-commons,0.5,-,-,?,-,false,-
com.vlkan.hrrs,hrrs-distiller,0.5,-,-,?,-,false,-
com.vlkan.hrrs,hrrs-distiller-base64,0.5,-,-,?,-,false,sun.misc.Unsafe                          See http://openjdk.java.net/jeps/260
com.vlkan.hrrs,hrrs-example-spring,0.5,-,-,?,-,false,-
com.vlkan.hrrs,hrrs-replayer,0.5,-,-,?,-,false,-
com.vlkan.hrrs,hrrs-replayer-base64,0.5,-,-,?,-,false,sun.misc.Unsafe                          See http://openjdk.java.net/jeps/260
com.vlkan.hrrs,hrrs-serializer-base64,0.5,-,-,?,-,false,-
com.vlkan.hrrs,hrrs-servlet-filter,0.5,-,-,?,-,false,-
com.vlkan.hrrs,hrrs-servlet-filter-base64,0.5,-,-,?,-,false,-
com.vlkan.log4j2,log4j2-logstash-layout,0.11,-,-,?,-,false,-
com.vlkan.log4j2,log4j2-logstash-layout-demo,0.11,-,-,?,-,false,-
com.vlkan.log4j2,log4j2-logstash-layout-fatjar,0.11,-,-,?,-,false,-
com.vlkan.log4j2,log4j2-redis-appender,0.4,-,-,?,-,false,-
com.vlkan.log4j2,log4j2-redis-appender-fatjar,0.4,-,-,?,-,false,sun.misc.Unsafe                          See http://openjdk.java.net/jeps/260
com.vlkan,quasar-maven-plugin,0.7.9,-,-,?,-,false,-
com.vlkan.rfos,rotating-fos,0.6,-,-,?,-,false,-
com.vorstella,metrics-kafka,0.0.1,-,-,?,-,false,-
com.vwo,hybrid,2.4.2,-,-,?,-,false,-
com.vwo,mobile,2.4.2,-,-,?,-,false,-
io.zonky.test.postgres,embedded-postgres-binaries-darwin-amd64,10.4.0,-,-,?,-,false,-
io.zonky.test.postgres,embedded-postgres-binaries-linux-amd64,10.4.0,-,-,?,-,false,-
io.zonky.test.postgres,embedded-postgres-binaries-linux-amd64-alpine,10.4.0,-,-,?,-,false,-
io.zonky.test.postgres,embedded-postgres-binaries-linux-arm32v6,10.4.0,-,-,?,-,false,-
io.zonky.test.postgres,embedded-postgres-binaries-linux-arm32v6-alpine,10.4.0,-,-,?,-,false,-
io.zonky.test.postgres,embedded-postgres-binaries-linux-arm32v7,10.4.0,-,-,?,-,false,-
io.zonky.test.postgres,embedded-postgres-binaries-linux-arm64v8,10.4.0,-,-,?,-,false,-
io.zonky.test.postgres,embedded-postgres-binaries-linux-arm64v8-alpine,10.4.0,-,-,?,-,false,-
io.zonky.test.postgres,embedded-postgres-binaries-linux-i386,10.4.0,-,-,?,-,false,-
io.zonky.test.postgres,embedded-postgres-binaries-linux-i386-alpine,10.4.0,-,-,?,-,false,-
io.zonky.test.postgres,embedded-postgres-binaries-linux-ppc64le,10.4.0,-,-,?,-,false,-
io.zonky.test.postgres,embedded-postgres-binaries-linux-ppc64le-alpine,10.4.0,-,-,?,-,false,-
io.zonky.test.postgres,embedded-postgres-binaries-windows-amd64,10.4.0,-,-,?,-,false,-
io.zonky.test.postgres,embedded-postgres-binaries-windows-i386,10.4.0,-,-,?,-,false,-
moe.tristan,easyfxml,1.1.8,-,-,?,-,false,-
org.sqldroid,sqldroid,1.1.0-rc1,-,-,?,-,false,-
ws.osiris,osiris-aws,0.10.0,-,-,?,-,false,-
ws.osiris,osiris-aws-deploy,0.10.0,-,-,?,-,false,-
ws.osiris,osiris-core,0.10.0,-,-,?,-,false,-
ws.osiris,osiris-integration,0.10.0,-,-,?,-,false,-
ws.osiris,osiris-local-server,0.10.0,-,-,?,-,false,-
ws.osiris,osiris-maven-plugin,0.10.0,-,-,?,-,false,-
ws.osiris,osiris-server,0.10.0,-,-,?,-,false,-
