groupId,artifactId,version,moduleName,moduleVersion,moduleMode,moduleDependencies,jdepsToolError,jdepsViolations
org.wso2.samples.is,gdpr-qsg,2.0.0-m3,-,-,?,-,false,-
org.wso2.samples.is,org.wso2.carbon.identity.conditional.auth.sample,2.0.0-m3,-,-,?,-,false,-
org.wso2.samples.is,org.wso2.carbon.identity.oauth.client.auth.sample,2.0.0-m3,-,-,?,-,false,-
org.wso2.samples.is,org.wso2.carbon.identity.post.authn.handler.disclaimer,2.0.0-m3,-,-,?,-,false,-
org.wso2.samples.is,org.wso2.samples.is.qsg,2.0.0-m3,-,-,?,-,false,-
