groupId,artifactId,version,moduleName,moduleVersion,moduleMode,moduleDependencies,jdepsToolError,jdepsViolations
com.alipay.rdf.file,rdf-file-core,2.1.1,-,-,?,-,false,-
com.github.bingoohuang,eql,0.1.3,-,-,?,-,false,-
com.github.phantomthief,zkconfig-resources,1.1.25,-,-,?,-,false,-
com.google.apis,google-api-services-container,v1-rev54-1.24.1,-,-,?,-,false,-
com.google.apis,google-api-services-drive,v3-rev127-1.24.1,-,-,?,-,false,-
com.google.apis,google-api-services-oslogin,v1-rev23-1.23.0,-,-,?,-,false,-
com.google.apis,google-api-services-toolresults,v1beta3-rev445-1.24.1,-,-,?,-,false,-
com.groupbyinc,common-api,181,-,-,?,-,false,-
com.groupbyinc,common-blip-client,181,-,-,?,-,false,-
com.groupbyinc,common-direct-beacon-client,181,-,-,?,-,false,-
com.groupbyinc,common-feature-flag,181,-,-,?,-,false,-
com.groupbyinc,common-flux,181,-,-,?,-,false,sun.misc.Unsafe                          See http://openjdk.java.net/jeps/260 + sun.security.x509.X500Name               Use javax.security.auth.x500.X500Principal @since 1.4
com.groupbyinc,common-flux-stage-internal,181,-,-,?,-,false,-
com.groupbyinc,common-flux-stage-services,181,-,-,?,-,false,sun.misc.Unsafe                          See http://openjdk.java.net/jeps/260 + sun.security.x509.X500Name               Use javax.security.auth.x500.X500Principal @since 1.4
com.groupbyinc,common-flux-stage-shaded,181,-,-,?,-,false,sun.misc.Unsafe                          See http://openjdk.java.net/jeps/260 + sun.security.x509.X500Name               Use javax.security.auth.x500.X500Principal @since 1.4
com.groupbyinc,common-http,181,-,-,?,-,false,-
com.groupbyinc,common-jackson,181,-,-,?,-,false,-
com.groupbyinc,common-jackson-internal,181,-,-,?,-,false,-
com.groupbyinc,common-joda,181,-,-,?,-,false,-
com.groupbyinc,common-manager,181,-,-,?,-,false,-
com.groupbyinc,common-model,181,-,-,?,-,false,-
com.groupbyinc,common-net,181,-,-,?,-,false,-
com.groupbyinc,common-security,181,-,-,?,-,false,-
com.groupbyinc,common-test,181,-,-,?,-,false,-
com.groupbyinc,common-test-internal,181,-,-,?,-,false,-
com.groupbyinc,common-util,181,-,-,?,-,false,-
com.groupbyinc,common-util-internal,181,-,-,?,-,false,-
com.groupbyinc,common-web,181,-,-,?,-,false,-
io.github.xinyang-pan.crypto4j,crypto4j-binance,0.1.1,-,-,?,-,false,-
io.github.xinyang-pan.crypto4j,crypto4j-core,0.1.1,-,-,?,-,false,-
io.github.xinyang-pan.crypto4j,crypto4j-huobi,0.1.1,-,-,?,-,false,-
io.github.xinyang-pan.crypto4j,crypto4j-okex,0.1.1,-,-,?,-,false,-
org.datacrafts,logging_2.11,0.1.7,-,-,?,-,false,-
org.datacrafts,logging_2.12,0.1.7,-,-,?,-,false,-
org.datacrafts,noschema_2.11,0.1.7,-,-,?,-,false,-
org.datacrafts,noschema_2.12,0.1.7,-,-,?,-,false,-
org.datacrafts,noschema-avro_2.11,0.1.7,-,-,?,-,false,-
org.datacrafts,noschema-avro_2.12,0.1.7,-,-,?,-,false,-
org.datacrafts,noschema-json_2.11,0.1.7,-,-,?,-,false,-
org.datacrafts,noschema-json_2.12,0.1.7,-,-,?,-,false,-
org.datacrafts,noschema-thrift_2.11,0.1.7,-,-,?,-,false,-
org.datacrafts,noschema-thrift_2.12,0.1.7,-,-,?,-,false,-
org.realityforge.arez,arez-core,0.105,-,-,?,-,false,-
org.realityforge.arez,arez-gwt-output-qa,0.105,-,-,?,-,false,-
org.realityforge.arez,arez-processor,0.105,-,-,?,-,false,sun.misc.Unsafe                          See http://openjdk.java.net/jeps/260
org.realityforge.arez.networkstatus,arez-networkstatus,0.30,-,-,?,-,false,-
org.realityforge.arez.promise,arez-promise,0.30,-,-,?,-,false,-
org.realityforge.arez.spytools,arez-spytools,0.29,-,-,?,-,false,-
org.realityforge.arez.ticker,arez-ticker,0.30,-,-,?,-,false,-
org.realityforge.arez.timeddisposer,arez-timeddisposer,0.30,-,-,?,-,false,-
org.realityforge.arez.when,arez-when,0.02,-,-,?,-,false,-
