groupId,artifactId,version,moduleName,moduleVersion,moduleMode,moduleDependencies,jdepsToolError,jdepsViolations
com.liferay,com.liferay.comment.page.comments.web,1.0.3,-,-,?,-,false,-
com.liferay,com.liferay.configuration.admin.web,1.0.12,-,-,?,-,false,-
com.liferay,com.liferay.contacts.web,1.0.18,-,-,?,-,false,-
com.liferay,com.liferay.currency.converter.web,1.0.7,-,-,?,-,false,-
com.liferay,com.liferay.dictionary.web,1.0.5,-,-,?,-,false,-
com.liferay,com.liferay.directory.web,1.0.6,-,-,?,-,false,-
com.liferay,com.liferay.document.library.repository.cmis.api,1.0.3,-,-,?,-,false,-
com.liferay,com.liferay.document.library.repository.cmis.impl,2.0.8,-,-,?,-,false,-
com.liferay,com.liferay.document.library.repository.search,2.0.2,-,-,?,-,false,-
com.liferay,com.liferay.document.library.service,1.1.11,-,-,?,-,false,-
com.liferay,com.liferay.document.library.web,1.2.0,-,-,?,-,false,-
com.liferay,com.liferay.dynamic.data.lists.web,1.1.14,-,-,?,-,false,-
com.liferay,com.liferay.dynamic.data.mapping.data.provider.web,1.0.7,-,-,?,-,false,-
com.liferay,com.liferay.dynamic.data.mapping.form.field.type,2.0.5,-,-,?,-,false,-
com.liferay,com.liferay.dynamic.data.mapping.form.renderer,2.1.4,-,-,?,-,false,-
com.liferay,com.liferay.dynamic.data.mapping.form.values.factory,2.0.6,-,-,?,-,false,-
com.liferay,com.liferay.dynamic.data.mapping.io,2.0.10,-,-,?,-,false,-
com.liferay,com.liferay.dynamic.data.mapping.lang,2.0.2,-,-,?,-,false,-
com.liferay,com.liferay.dynamic.data.mapping.service,2.2.4,-,-,?,-,false,-
com.liferay,com.liferay.dynamic.data.mapping.validator,2.1.4,-,-,?,-,false,-
com.liferay,com.liferay.dynamic.data.mapping.web,1.0.17,-,-,?,-,false,-
com.liferay,com.liferay.exportimport.service,3.3.0,-,-,?,-,false,-
com.liferay,com.liferay.exportimport.web,1.0.15,-,-,?,-,false,-
com.liferay,com.liferay.flags.web,2.0.4,-,-,?,-,false,-
com.liferay,com.liferay.flash.web,1.0.1,-,-,?,-,false,-
com.liferay,com.liferay.frontend.css.rtl.servlet,1.0.3,-,-,?,-,false,-
com.liferay,com.liferay.frontend.css.web,1.0.16,-,-,?,-,false,-
com.liferay,com.liferay.frontend.editor.alloyeditor.web,1.0.10,-,-,?,-,false,-
com.liferay,com.liferay.frontend.editor.tinymce.web,1.0.6,-,-,?,-,false,-
com.liferay,com.liferay.frontend.js.loader.modules.extender,1.0.6,-,-,?,-,false,-
com.liferay,com.liferay.frontend.js.web,1.0.20,-,-,?,-,false,-
com.liferay,com.liferay.frontend.taglib,2.0.8,-,-,?,-,false,-
com.liferay,com.liferay.frontend.theme.unstyled,2.0.16,-,-,?,-,false,-
com.liferay,com.liferay.google.maps.web,1.0.3,-,-,?,-,false,-
com.liferay,com.liferay.hello.velocity.web,2.0.3,-,-,?,-,false,-
com.liferay,com.liferay.hello.world.web,2.0.3,-,-,?,-,false,-
com.liferay,com.liferay.iframe.web,1.0.5,-,-,?,-,false,-
com.liferay,com.liferay.image.uploader.web,1.0.10,-,-,?,-,false,-
com.liferay,com.liferay.item.selector.taglib,1.0.8,-,-,?,-,false,-
com.liferay,com.liferay.item.selector.web,2.0.4,-,-,?,-,false,-
com.liferay,com.liferay.journal.content.search.web,1.0.5,-,-,?,-,false,-
com.liferay,com.liferay.journal.content.web,1.1.6,-,-,?,-,false,-
com.liferay,com.liferay.journal.service,3.4.6,-,-,?,-,false,-
com.liferay,com.liferay.journal.web,1.4.0,-,-,?,-,false,-
com.liferay,com.liferay.knowledge.base.service,1.1.11,-,-,?,-,false,-
com.liferay,com.liferay.knowledge.base.web,1.0.21,-,-,?,-,false,-
com.liferay,com.liferay.layout.admin.web,1.0.18,-,-,?,-,false,-
com.liferay,com.liferay.license.manager.web,2.0.3,-,-,?,-,false,-
com.liferay,com.liferay.loan.calculator.web,1.0.4,-,-,?,-,false,-
com.liferay,com.liferay.login.web,1.1.4,-,-,?,-,false,-
com.liferay,com.liferay.mail.reader.web,1.0.5,-,-,?,-,false,-
com.liferay,com.liferay.message.boards.comment,2.0.6,-,-,?,-,false,-
com.liferay,com.liferay.message.boards.web,1.2.1,-,-,?,-,false,-
com.liferay,com.liferay.microblogs.web,2.0.8,-,-,?,-,false,-
com.liferay,com.liferay.mobile.device.rules.web,1.0.12,-,-,?,-,false,-
com.liferay,com.liferay.monitoring.web,1.0.6,-,-,?,-,false,-
com.liferay,com.liferay.nested.portlets.web,2.0.3,-,-,?,-,false,-
com.liferay,com.liferay.network.utilities.web,1.0.5,-,-,?,-,false,-
com.liferay,com.liferay.password.generator.web,1.0.5,-,-,?,-,false,-
com.liferay,com.liferay.social.activity.web,2.0.3,-,-,?,-,false,-
com.liferay,com.liferay.social.group.statistics.web,2.0.3,-,-,?,-,false,-
com.liferay,com.liferay.social.requests.web,1.0.3,-,-,?,-,false,-
com.liferay,com.liferay.social.user.statistics.web,2.1.1,-,-,?,-,false,-
