groupId,artifactId,version,moduleName,moduleVersion,moduleMode,moduleDependencies,jdepsToolError,jdepsViolations
com.adamratzman,spotify-api-kotlin,1.0.3,-,-,?,-,false,-
com.adamratzman,spotify-web-api-kotlin,3.1.3,-,-,?,-,false,-
com.alternativepayments,ap-java-sdk,0.1.3,-,-,?,-,false,-
com.amihaiemil.web,camel,1.0.3,-,-,?,-,false,-
com.amihaiemil.web,charles,1.1.1,-,-,?,-,false,-
com.amihaiemil.web,docker-java-api,0.0.3,-,-,?,-,false,-
com.amihaiemil.web,mention-notifications-ejb,2.0.0,-,-,?,-,false,-
com.amirkhawaja,ksuid,1.0.0,-,-,?,-,false,-
com.anatawa12.kotlinScriptRunner,KotlinScriptRunner,1.0,-,-,?,-,false,-
com.andree-surya,moji4j,1.2.0,-,-,?,-,false,-
com.appadhoc,adhoc-java,0.0.10,-,-,?,-,false,-
com.autodesk,com-autodesk-client,1.0.1,-,-,?,-,false,-
com.autodesk,forge-java-sdk,1.0.1,-,-,?,-,false,-
com.baomidou,dynamic-datasource-spring-boot-starter,2.1.1,-,-,?,-,false,-
com.baomidou,kaptcha-spring-boot-starter,1.1.0,-,-,?,-,false,-
com.baomidou,kisso,3.7.1,-,-,?,-,false,-
com.baomidou,lock4j-spring-boot-starter,1.0.0,-,-,?,-,false,-
com.baomidou,locker-spring-boot-starter,1.0.0,-,-,?,-,false,-
com.baomidou,mybatis-plus,3.0-gamma,-,-,?,-,false,-
com.baomidou,mybatis-plus-annotation,3.0-gamma,-,-,?,-,false,-
com.baomidou,mybatis-plus-boot-starter,3.0-gamma,-,-,?,-,false,-
com.baomidou,mybatis-plus-core,3.0-gamma,-,-,?,-,false,-
com.baomidou,mybatis-plus-extension,3.0-gamma,-,-,?,-,false,sun.misc.BASE64Encoder                   Use java.util.Base64 @since 1.8
com.baomidou,mybatis-plus-generate,2.3.1,-,-,?,-,false,-
com.baomidou,mybatis-plus-generator,3.0-gamma,-,-,?,-,false,-
com.baomidou,mybatisplus-spring-boot-starter,1.0.5,-,-,?,-,false,-
com.baomidou,mybatis-plus-support,2.3.1,-,-,?,-,false,-
com.bhinneka.coral,coral-core,0.7.0,-,-,?,-,false,-
com.biboheart,bh-brick,0.0.4,-,-,?,-,false,-
com.blossom-project,blossom-autoconfigure,1.1.0.M3,-,-,?,-,false,-
com.blossom-project,blossom-core-association-user-group,1.1.0.M3,-,-,?,-,false,-
com.blossom-project,blossom-core-association-user-role,1.1.0.M3,-,-,?,-,false,-
com.blossom-project,blossom-core-cache,1.1.0.M3,-,-,?,-,false,-
com.blossom-project,blossom-core-common,1.1.0.M3,-,-,?,-,false,-
com.blossom-project,blossom-core-crypto,1.1.0.M3,-,-,?,-,false,-
com.blossom-project,blossom-core-group,1.1.0.M3,-,-,?,-,false,-
com.blossom-project,blossom-core-role,1.1.0.M3,-,-,?,-,false,-
com.blossom-project,blossom-core-scheduler,1.1.0.M3,-,-,?,-,false,-
com.blossom-project,blossom-core-user,1.1.0.M3,-,-,?,-,false,-
com.blossom-project,blossom-core-validation,1.1.0.M3,-,-,?,-,false,-
com.blossom-project,blossom-module-articles,1.1.0.M3,-,-,?,-,false,-
com.blossom-project,blossom-module-bpmn,1.1.0.M3,-,-,?,-,false,-
com.blossom-project,blossom-module-filemanager,1.1.0.M3,-,-,?,-,false,-
com.blossom-project,blossom-starter-articles,1.1.0.M3,-,-,?,-,false,-
com.blossom-project,blossom-starter-basic,1.1.0.M3,-,-,?,-,false,-
com.blossom-project,blossom-starter-bpmn,1.1.0.M3,-,-,?,-,false,-
com.blossom-project,blossom-starter-filemanager,1.1.0.M3,-,-,?,-,false,-
com.blossom-project,blossom-starter-ui-api,1.1.0.M3,-,-,?,-,false,-
com.blossom-project,blossom-starter-ui-web,1.1.0.M3,-,-,?,-,false,-
com.blossom-project,blossom-ui-api,1.1.0.M3,-,-,?,-,false,-
com.blossom-project,blossom-ui-common,1.1.0.M3,-,-,?,-,false,-
com.blossom-project,blossom-ui-web,1.1.0.M3,-,-,?,-,false,-
com.blossom-project.tools,blossom-tools-simple-module-generator,1.1.0.M3,-,-,?,-,false,-
com.codangcoding,elm-android,1.0-1,-,-,?,-,false,-
com.cognitect,anomalies,0.1.12,-,-,?,-,false,-
com.cognitect,hmac-authn,0.1.194,-,-,?,-,false,-
com.cognitect,http-client,0.1.84,-,-,?,-,false,-
com.cognitect,s3-creds,0.1.22,-,-,?,-,false,-
com.cognitect,transcriptor,0.1.5,-,-,?,-,false,-
com.cognitect,transit-clj,0.8.313,-,-,?,-,false,-
com.cognitect,transit-cljs,0.8.256,-,-,?,-,false,-
com.cognitect,transit-java,0.8.337,-,-,?,-,false,-
com.cognitect,transit-js,0.8.861,-,-,?,-,false,-
com.cosium.code,maven-git-code-format,1.18,-,-,?,-,false,-
com.cosium.junixsocket,junixsocket-common,2.0.4.3,-,-,?,-,false,-
com.cosium.junixsocket,junixsocket-demo,2.0.4.3,-,-,?,-,false,-
com.cosium.junixsocket,junixsocket-mysql,2.0.4.3,-,-,?,-,false,-
com.cosium.junixsocket,junixsocket-native-common,2.0.4.3,-,-,?,-,false,-
com.cosium.junixsocket,junixsocket-rmi,2.0.4.3,-,-,?,-,false,-
com.cosium.logging,annotation-processor-logger,1.0,-,-,?,-,false,-
com.cosium.vet,vet,3.19,com.cosium.vet,-,explicit,java.base,false,-
com.decodified,hetznercloud-java,1.1.2a,-,-,?,-,false,-
com.decodified,hetznercloud-java_2.12,1.1.1.0,-,-,?,-,false,-
com.decodified,scala-ssh_2.10,0.9.0,-,-,?,-,false,-
com.decodified,scala-ssh_2.11,0.9.0,-,-,?,-,false,-
com.decodified,scala-ssh_2.12,0.9.0,-,-,?,-,false,-
com.disruptive-technologies,client,0.1.0,-,-,?,-,false,-
com.djrapitops,AbstractPluginFramework,3.2.0,-,-,?,-,false,-
com.em248,bosh-util-starter,0.0.2,-,-,?,-,false,-
com.expleague,commons,1.4.1,-,-,?,-,false,-
com.expleague,jmll,1.4.1,-,-,?,-,false,sun.reflect.generics.reflectiveObjects.NotImplementedException Removed. See http://openjdk.java.net/jeps/260
com.fanmei,pay4j,1.0.3,-,-,?,-,false,-
com.fonedynamics,fonedynamics-apiclient,1.3,-,-,?,-,false,-
com.frontangle,iceberg-charts,1.2.0,-,-,?,-,false,-
com.github.dakusui,floorplan,4.1.2,-,-,?,-,false,-
com.github.shalousun,smart-doc,1.0,-,-,?,-,false,-
com.glispa.combo,combo-core,1.4.1,-,-,?,-,false,-
com.glispa.combo,combo-url,1.4.1,-,-,?,-,false,-
com.glispa,kafka-client-metrics-influxdb-reporter,0.0.4,-,-,?,-,false,-
com.google.apis,google-api-services-abusiveexperiencereport,v1-rev9-1.25.0,-,-,?,-,false,-
com.google.apis,google-api-services-acceleratedmobilepageurl,v1-rev360-1.25.0,-,-,?,-,false,-
com.google.apis,google-api-services-adexchangebuyer2,v2beta1-rev686-1.25.0,-,-,?,-,false,-
com.google.apis,google-api-services-adexchangebuyer,v2beta1-rev2-1.21.0,-,-,?,-,false,-
com.google.apis,google-api-services-adexchangeseller,v2.0-rev114-1.25.0,-,-,?,-,false,-
com.google.apis,google-api-services-adexperiencereport,v1-rev19-1.25.0,-,-,?,-,false,-
com.google.apis,google-api-services-admin-datatransfer,datatransfer_v1-rev19-1.25.0,-,-,?,-,false,-
com.google.apis,google-api-services-admin-reports,reports_v1-rev76-1.25.0,-,-,?,-,false,-
com.google.apis,google-api-services-adsensehost,v4.1-rev515-1.25.0,-,-,?,-,false,-
com.google.apis,google-api-services-adsense,v1.4-rev443-1.25.0,-,-,?,-,false,-
com.google.apis,google-api-services-analyticsreporting,v4-rev126-1.25.0,-,-,?,-,false,-
com.google.apis,google-api-services-analytics,v3-rev159-1.25.0,-,-,?,-,false,-
com.google.apis,google-api-services-androiddeviceprovisioning,v1-rev52-1.25.0,-,-,?,-,false,-
com.google.apis,google-api-services-androidenterprise,v1-rev144-1.25.0,-,-,?,-,false,-
com.google.apis,google-api-services-androidmanagement,v1-rev50-1.25.0,-,-,?,-,false,-
com.google.apis,google-api-services-androidpublisher,v3-rev19-1.25.0,-,-,?,-,false,-
com.google.apis,google-api-services-appengine,v1-rev75-1.25.0,-,-,?,-,false,-
com.google.apis,google-api-services-appstate,v1-rev277-1.25.0,-,-,?,-,false,-
com.htmlhifive,pitalium,1.2.4,-,-,?,-,false,-
com.icfolson.aem.library,aem-library-api,11.0.0,-,-,?,-,false,-
com.icfolson.aem.library,aem-library-core,11.0.0,-,-,?,-,false,-
com.icfolson.aem.library,aem-library-models,11.0.0,-,-,?,-,false,-
com.icfolson.aem.library,aem-library-ui,11.0.0,-,-,?,-,false,-
com.insidecoding,updatr,1.18,-,-,?,-,false,-
com.interelgroup,core3_2.11,2.2.0,-,-,?,-,false,-
com.interelgroup,core3_2.12,2.2.0,-,-,?,-,false,-
com.interelgroup,meta_2.11,2.2.0,-,-,?,-,false,-
com.interelgroup,meta_2.12,2.2.0,-,-,?,-,false,-
com.inversoft,barista,0.5.0,-,-,?,-,false,-
com.inversoft,jackson5,2.4.1,-,-,?,-,false,-
com.inversoft,java-error,2.2.0,-,-,?,-,false,-
com.inversoft.passport,passport-java-client,1.22.2,-,-,?,-,false,-
com.inversoft,prime-jwt,1.3.1,-,-,?,-,false,-
com.inversoft,prime-transformer,2.1.0,-,-,?,-,false,-
com.inversoft,restify,3.2.0,-,-,?,-,false,-
com.knockdata,spark-highcharts,0.6.6,-,-,?,-,false,sun.misc.BASE64Decoder                   Use java.util.Base64 @since 1.8 + sun.misc.BASE64Encoder                   Use java.util.Base64 @since 1.8
com.mercateo,common.rest.schemagen,0.18.15,-,-,?,-,false,-
com.mercateo,default-immutables,1.2.2,-,-,?,-,false,-
com.mercateo.eventstore,client-common,0.2.35,-,-,?,-,false,-
com.mercateo.eventstore,client-reader,0.2.35,-,-,?,-,false,-
com.mercateo.eventstore,client-writer,0.2.35,-,-,?,-,false,-
com.mercateo,json-schema,0.1.12,-,-,?,-,false,-
com.mercateo.oss,spring-junit5-embed-redisson,0.9.0,-,-,?,-,false,-
com.mercateo,reflection,1.2.14,-,-,?,-,false,-
com.mercateo.rest,rest-hateoas-client,0.5.0,-,-,?,-,false,-
com.mercateo.rest,rest-jersey-utils,0.0.25,-,-,?,-,false,-
com.mercateo.rest,rest-schemagen-spring,0.2.0,-,-,?,-,false,-
com.mercateo,rest-schemagen-spring,0.1.12,-,-,?,-,false,-
com.mercateo.spring,spring-security-jwt,0.5.4,-,-,?,-,false,-
com.mercateo.sqs,sqs-utils,0.0.4,-,-,?,-,false,-
com.mpatric,mp3agic,0.9.1,-,-,?,-,false,-
com.navercorp.arcus,arcus-java-client,1.11.2,-,-,?,-,false,-
com.navercorp.arcus,arcus-spring,1.9.7,-,-,?,-,false,-
com.navercorp,nbase-arc-java-client,1.5.4,-,-,?,-,false,-
com.nortal.banklink,banklink-authentication,2.1.15,-,-,?,-,false,-
com.nortal.banklink,banklink-core,2.1.15,-,-,?,-,false,-
com.nortal.banklink,banklink-link,2.1.15,-,-,?,-,false,-
com.nortal.banklink,banklink-payment,2.1.15,-,-,?,-,false,-
com.nortal.jroad,xtee-client-ariregv6,4.2.5,-,-,?,-,false,-
com.nortal.jroad,xtee-client-digiluguv6,4.2.5,-,-,?,-,false,-
com.nortal.jroad,xtee-client-emkis,4.2.5,-,-,?,-,false,-
com.nortal.jroad,xtee-client-emtav6,4.2.5,-,-,?,-,false,-
com.nortal.jroad,xtee-client-evkrv6,4.2.5,-,-,?,-,false,-
com.nortal.jroad,xtee-client-jvis,4.2.5,-,-,?,-,false,-
com.nortal.jroad,xtee-client-kirstv6,4.2.5,-,-,?,-,false,-
com.nortal.jroad,xtee-client-krv6,4.2.5,-,-,?,-,false,-
com.nortal.jroad,xtee-client-ljvis,4.2.5,-,-,?,-,false,-
com.nortal.jroad,xtee-client-lkfv6,4.2.5,-,-,?,-,false,-
com.nortal.jroad,xtee-client-lrv6,4.2.5,-,-,?,-,false,-
com.nortal.jroad,xtee-client-ravimiregister,4.2.5,-,-,?,-,false,-
com.nortal.jroad,xtee-client-rrv6,4.2.5,-,-,?,-,false,-
com.nortal.jroad,xtee-client-test,4.2.5,-,-,?,-,false,-
com.nortal.jroad,xtee-client-transport,4.2.5,-,-,?,-,false,-
com.nortal.jroad,xtee-common,4.2.5,-,-,?,-,false,-
com.nortal.jroad,xtee-server,4.2.5,-,-,?,-,false,-
com.nortal.jroad,xtee-typegen,4.2.5,-,-,?,-,false,-
com.nrinaudo,fetch-core_2.10,0.2.3,-,-,?,-,false,-
com.nrinaudo,fetch-core_2.11,0.2.3,-,-,?,-,false,-
com.nrinaudo,fetch-core_2.12,0.2.3,-,-,?,-,false,-
com.nrinaudo,fetch-json4s-jackson_2.10,0.2.3,-,-,?,-,false,-
com.nrinaudo,fetch-json4s-jackson_2.11,0.2.3,-,-,?,-,false,-
com.nrinaudo,fetch-json4s-jackson_2.12,0.2.3,-,-,?,-,false,-
com.nrinaudo,fetch-json4s-native_2.10,0.2.3,-,-,?,-,false,-
com.nrinaudo,fetch-json4s-native_2.11,0.2.3,-,-,?,-,false,-
com.nrinaudo,fetch-json4s-native_2.12,0.2.3,-,-,?,-,false,-
com.nrinaudo,fetch-tagsoup_2.10,0.2.3,-,-,?,-,false,-
com.nrinaudo,fetch-tagsoup_2.11,0.2.3,-,-,?,-,false,-
com.nrinaudo,fetch-tagsoup_2.12,0.2.3,-,-,?,-,false,-
com.nrinaudo,kantan.codecs_2.10,0.2.1,-,-,?,-,false,-
com.nrinaudo,kantan.codecs_2.11,0.4.0,-,-,?,-,false,-
com.nrinaudo,kantan.codecs_2.12,0.4.0,-,-,?,-,false,-
com.nrinaudo,kantan.codecs-cats_2.10,0.2.1,-,-,?,-,false,-
com.nrinaudo,kantan.codecs-cats_2.11,0.4.0,-,-,?,-,false,-
com.nrinaudo,kantan.codecs-cats_2.12,0.4.0,-,-,?,-,false,-
com.nrinaudo,kantan.codecs-cats-laws_2.10,0.2.1,-,-,?,-,false,-
com.nrinaudo,kantan.codecs-cats-laws_2.11,0.4.0,-,-,?,-,false,-
com.nrinaudo,kantan.codecs-cats-laws_2.12,0.4.0,-,-,?,-,false,-
com.nrinaudo,kantan.codecs-cats-laws_sjs0.6_2.11,0.4.0,-,-,?,-,false,-
com.nrinaudo,kantan.codecs-cats-laws_sjs0.6_2.12,0.4.0,-,-,?,-,false,-
com.nrinaudo,kantan.codecs-cats_sjs0.6_2.11,0.4.0,-,-,?,-,false,-
com.nrinaudo,kantan.codecs-cats_sjs0.6_2.12,0.4.0,-,-,?,-,false,-
com.nrinaudo,kantan.codecs-enumeratum_2.11,0.4.0,-,-,?,-,false,-
com.nrinaudo,kantan.codecs-enumeratum_2.12,0.4.0,-,-,?,-,false,-
com.nrinaudo,kantan.codecs-enumeratum-laws_2.11,0.4.0,-,-,?,-,false,-
com.nrinaudo,kantan.codecs-enumeratum-laws_2.12,0.4.0,-,-,?,-,false,-
com.nrinaudo,kantan.codecs-enumeratum-laws_sjs0.6_2.11,0.4.0,-,-,?,-,false,-
com.nrinaudo,kantan.codecs-enumeratum-laws_sjs0.6_2.12,0.4.0,-,-,?,-,false,-
com.nrinaudo,kantan.codecs-enumeratum_sjs0.6_2.11,0.4.0,-,-,?,-,false,-
com.nrinaudo,kantan.codecs-enumeratum_sjs0.6_2.12,0.4.0,-,-,?,-,false,-
com.nrinaudo,kantan.codecs-java8_2.10,0.2.1,-,-,?,-,false,-
com.nrinaudo,kantan.codecs-java8_2.11,0.4.0,-,-,?,-,false,-
com.nrinaudo,kantan.codecs-java8_2.12,0.4.0,-,-,?,-,false,-
com.nrinaudo,kantan.codecs-java8-laws_2.10,0.2.1,-,-,?,-,false,-
com.nrinaudo,kantan.codecs-java8-laws_2.11,0.4.0,-,-,?,-,false,-
com.nrinaudo,kantan.codecs-java8-laws_2.12,0.4.0,-,-,?,-,false,-
com.nrinaudo,kantan.codecs-joda-time_2.10,0.2.1,-,-,?,-,false,-
com.nrinaudo,kantan.codecs-joda-time_2.11,0.4.0,-,-,?,-,false,-
com.nrinaudo,kantan.codecs-joda-time_2.12,0.4.0,-,-,?,-,false,-
com.nrinaudo,kantan.codecs-joda-time-laws_2.10,0.2.1,-,-,?,-,false,-
com.nrinaudo,kantan.codecs-joda-time-laws_2.11,0.4.0,-,-,?,-,false,-
com.nrinaudo,kantan.codecs-joda-time-laws_2.12,0.4.0,-,-,?,-,false,-
com.nrinaudo,kantan.codecs-laws_2.10,0.2.1,-,-,?,-,false,-
com.nrinaudo,kantan.codecs-laws_2.11,0.4.0,-,-,?,-,false,-
com.nrinaudo,kantan.codecs-laws_2.12,0.4.0,-,-,?,-,false,-
com.nrinaudo,kantan.codecs-laws_sjs0.6_2.11,0.4.0,-,-,?,-,false,-
com.nrinaudo,kantan.codecs-laws_sjs0.6_2.12,0.4.0,-,-,?,-,false,-
com.nrinaudo,kantan.codecs-libra_2.11,0.4.0,-,-,?,-,false,-
com.nrinaudo,kantan.codecs-libra_2.12,0.4.0,-,-,?,-,false,-
com.nrinaudo,kantan.codecs-libra-laws_2.11,0.4.0,-,-,?,-,false,-
com.nrinaudo,kantan.codecs-libra-laws_2.12,0.4.0,-,-,?,-,false,-
com.nrinaudo,kantan.codecs-refined_2.11,0.4.0,-,-,?,-,false,-
com.nrinaudo,kantan.codecs-refined_2.12,0.4.0,-,-,?,-,false,-
com.nrinaudo,kantan.codecs-refined-laws_2.11,0.4.0,-,-,?,-,false,-
com.nrinaudo,kantan.codecs-refined-laws_2.12,0.4.0,-,-,?,-,false,-
com.nrinaudo,kantan.codecs-refined-laws_sjs0.6_2.11,0.4.0,-,-,?,-,false,-
com.nrinaudo,kantan.codecs-refined-laws_sjs0.6_2.12,0.4.0,-,-,?,-,false,-
com.nrinaudo,kantan.codecs-refined_sjs0.6_2.11,0.4.0,-,-,?,-,false,-
com.nrinaudo,kantan.codecs-refined_sjs0.6_2.12,0.4.0,-,-,?,-,false,-
com.nrinaudo,kantan.codecs-scalatest_2.11,0.3.0,-,-,?,-,false,-
com.nrinaudo,kantan.codecs-scalatest_2.12,0.3.0,-,-,?,-,false,-
com.nrinaudo,kantan.codecs-scalaz_2.10,0.2.1,-,-,?,-,false,-
com.nrinaudo,kantan.codecs-scalaz_2.11,0.4.0,-,-,?,-,false,-
com.nrinaudo,kantan.codecs-scalaz_2.12,0.4.0,-,-,?,-,false,-
com.nrinaudo,kantan.codecs-scalaz-laws_2.10,0.2.1,-,-,?,-,false,-
com.nrinaudo,kantan.codecs-scalaz-laws_2.11,0.4.0,-,-,?,-,false,-
com.nrinaudo,kantan.codecs-scalaz-laws_2.12,0.4.0,-,-,?,-,false,-
com.nrinaudo,kantan.codecs-scalaz-laws_sjs0.6_2.11,0.4.0,-,-,?,-,false,-
com.nrinaudo,kantan.codecs-scalaz-laws_sjs0.6_2.12,0.4.0,-,-,?,-,false,-
com.nrinaudo,kantan.codecs-scalaz_sjs0.6_2.11,0.4.0,-,-,?,-,false,-
com.nrinaudo,kantan.codecs-scalaz_sjs0.6_2.12,0.4.0,-,-,?,-,false,-
com.nrinaudo,kantan.codecs-shapeless_2.10,0.2.1,-,-,?,-,false,-
com.nrinaudo,kantan.codecs-shapeless_2.11,0.4.0,-,-,?,-,false,-
com.nrinaudo,kantan.codecs-shapeless_2.12,0.4.0,-,-,?,-,false,-
com.nrinaudo,kantan.codecs-shapeless-laws_2.10,0.2.1,-,-,?,-,false,-
com.nrinaudo,kantan.codecs-shapeless-laws_2.11,0.4.0,-,-,?,-,false,-
com.nrinaudo,kantan.codecs-shapeless-laws_2.12,0.4.0,-,-,?,-,false,-
com.nrinaudo,kantan.codecs-shapeless-laws_sjs0.6_2.11,0.4.0,-,-,?,-,false,-
com.nrinaudo,kantan.codecs-shapeless-laws_sjs0.6_2.12,0.4.0,-,-,?,-,false,-
com.nrinaudo,kantan.codecs-shapeless_sjs0.6_2.11,0.4.0,-,-,?,-,false,-
com.nrinaudo,kantan.codecs-shapeless_sjs0.6_2.12,0.4.0,-,-,?,-,false,-
com.nrinaudo,kantan.codecs_sjs0.6_2.11,0.4.0,-,-,?,-,false,-
com.nrinaudo,kantan.codecs_sjs0.6_2.12,0.4.0,-,-,?,-,false,-
com.nrinaudo,kantan.csv_2.10,0.2.1,-,-,?,-,false,-
com.nrinaudo,kantan.csv_2.11,0.4.0,-,-,?,-,false,-
com.nrinaudo,kantan.csv_2.12,0.4.0,-,-,?,-,false,-
com.nrinaudo,kantan.csv-cats_2.10,0.2.1,-,-,?,-,false,-
com.nrinaudo,kantan.csv-cats_2.11,0.4.0,-,-,?,-,false,-
com.nrinaudo,kantan.csv-cats_2.12,0.4.0,-,-,?,-,false,-
com.nrinaudo,kantan.csv-cats_sjs0.6_2.11,0.4.0,-,-,?,-,false,-
com.nrinaudo,kantan.csv-cats_sjs0.6_2.12,0.4.0,-,-,?,-,false,-
com.nrinaudo,kantan.csv-commons_2.10,0.2.1,-,-,?,-,false,-
com.nrinaudo,kantan.csv-commons_2.11,0.3.1,-,-,?,-,false,-
com.nrinaudo,kantan.csv-commons_2.12,0.3.1,-,-,?,-,false,-
com.nrinaudo,kantan.csv-enumeratum_2.11,0.4.0,-,-,?,-,false,-
com.nrinaudo,kantan.csv-enumeratum_2.12,0.4.0,-,-,?,-,false,-
com.nrinaudo,kantan.csv-enumeratum_sjs0.6_2.11,0.4.0,-,-,?,-,false,-
com.nrinaudo,kantan.csv-enumeratum_sjs0.6_2.12,0.4.0,-,-,?,-,false,-
com.nrinaudo,kantan.csv-generic_2.10,0.2.1,-,-,?,-,false,-
com.nrinaudo,kantan.csv-generic_2.11,0.4.0,-,-,?,-,false,-
com.nrinaudo,kantan.csv-generic_2.12,0.4.0,-,-,?,-,false,-
com.nrinaudo,kantan.csv-generic_sjs0.6_2.11,0.4.0,-,-,?,-,false,-
com.nrinaudo,kantan.csv-generic_sjs0.6_2.12,0.4.0,-,-,?,-,false,-
com.nrinaudo,kantan.csv-jackson_2.10,0.2.1,-,-,?,-,false,-
com.nrinaudo,kantan.csv-jackson_2.11,0.3.1,-,-,?,-,false,-
com.nrinaudo,kantan.csv-jackson_2.12,0.3.1,-,-,?,-,false,-
com.nrinaudo,kantan.csv-java8_2.10,0.2.1,-,-,?,-,false,-
com.nrinaudo,kantan.csv-java8_2.11,0.4.0,-,-,?,-,false,-
com.nrinaudo,kantan.csv-java8_2.12,0.4.0,-,-,?,-,false,-
com.nrinaudo,kantan.csv-joda-time_2.10,0.2.1,-,-,?,-,false,-
com.nrinaudo,kantan.csv-joda-time_2.11,0.4.0,-,-,?,-,false,-
com.nrinaudo,kantan.csv-joda-time_2.12,0.4.0,-,-,?,-,false,-
com.nrinaudo,kantan.csv-laws_2.10,0.2.1,-,-,?,-,false,-
com.nrinaudo,kantan.csv-laws_2.11,0.4.0,-,-,?,-,false,-
com.nrinaudo,kantan.csv-laws_2.12,0.4.0,-,-,?,-,false,-
com.nrinaudo,kantan.csv-laws_sjs0.6_2.11,0.4.0,-,-,?,-,false,-
com.nrinaudo,kantan.csv-laws_sjs0.6_2.12,0.4.0,-,-,?,-,false,-
com.nrinaudo,kantan.csv-libra_2.11,0.4.0,-,-,?,-,false,-
com.nrinaudo,kantan.csv-libra_2.12,0.4.0,-,-,?,-,false,-
com.nrinaudo,kantan.csv-opencsv_2.10,0.1.17,-,-,?,-,false,-
com.nrinaudo,kantan.csv-opencsv_2.11,0.1.17,-,-,?,-,false,-
com.nrinaudo,kantan.csv-opencsv_2.12,0.1.17,-,-,?,-,false,-
com.nrinaudo,kantan.csv-refined_2.11,0.4.0,-,-,?,-,false,-
com.nrinaudo,kantan.csv-refined_2.12,0.4.0,-,-,?,-,false,-
com.nrinaudo,kantan.csv-refined_sjs0.6_2.11,0.4.0,-,-,?,-,false,-
com.nrinaudo,kantan.csv-refined_sjs0.6_2.12,0.4.0,-,-,?,-,false,-
com.nrinaudo,kantan.csv-scalaz_2.10,0.2.1,-,-,?,-,false,-
com.nrinaudo,kantan.csv-scalaz_2.11,0.4.0,-,-,?,-,false,-
com.nrinaudo,kantan.csv-scalaz_2.12,0.4.0,-,-,?,-,false,-
com.nrinaudo,kantan.csv-scalaz_sjs0.6_2.11,0.4.0,-,-,?,-,false,-
com.nrinaudo,kantan.csv-scalaz_sjs0.6_2.12,0.4.0,-,-,?,-,false,-
com.nrinaudo,kantan.csv-scalaz-stream_2.10,0.1.17,-,-,?,-,false,-
com.nrinaudo,kantan.csv-scalaz-stream_2.11,0.1.17,-,-,?,-,false,-
com.nrinaudo,kantan.csv-scalaz-stream_2.12,0.1.17,-,-,?,-,false,-
com.nrinaudo,kantan.csv_sjs0.6_2.11,0.4.0,-,-,?,-,false,-
com.nrinaudo,kantan.csv_sjs0.6_2.12,0.4.0,-,-,?,-,false,-
com.nrinaudo,kantan.regex_2.10,0.2.0,-,-,?,-,false,-
com.nrinaudo,kantan.regex_2.11,0.4.0,-,-,?,-,false,-
com.nrinaudo,kantan.regex_2.12,0.4.0,-,-,?,-,false,-
com.nrinaudo,kantan.regex-cats_2.10,0.2.0,-,-,?,-,false,-
com.nrinaudo,kantan.regex-cats_2.11,0.4.0,-,-,?,-,false,-
com.nrinaudo,kantan.regex-cats_2.12,0.4.0,-,-,?,-,false,-
com.nrinaudo,kantan.regex-cats_sjs0.6_2.11,0.4.0,-,-,?,-,false,-
com.nrinaudo,kantan.regex-cats_sjs0.6_2.12,0.4.0,-,-,?,-,false,-
com.nrinaudo,kantan.regex-enumeratum_2.11,0.4.0,-,-,?,-,false,-
com.nrinaudo,kantan.regex-enumeratum_2.12,0.4.0,-,-,?,-,false,-
com.nrinaudo,kantan.regex-enumeratum_sjs0.6_2.11,0.4.0,-,-,?,-,false,-
com.nrinaudo,kantan.regex-enumeratum_sjs0.6_2.12,0.4.0,-,-,?,-,false,-
com.nrinaudo,kantan.regex-generic_2.10,0.2.0,-,-,?,-,false,-
com.nrinaudo,kantan.regex-generic_2.11,0.4.0,-,-,?,-,false,-
com.nrinaudo,kantan.regex-generic_2.12,0.4.0,-,-,?,-,false,-
com.nrinaudo,kantan.regex-generic_sjs0.6_2.11,0.4.0,-,-,?,-,false,-
com.nrinaudo,kantan.regex-generic_sjs0.6_2.12,0.4.0,-,-,?,-,false,-
com.nrinaudo,kantan.regex-java8_2.10,0.2.0,-,-,?,-,false,-
com.nrinaudo,kantan.regex-java8_2.11,0.4.0,-,-,?,-,false,-
com.nrinaudo,kantan.regex-java8_2.12,0.4.0,-,-,?,-,false,-
com.nrinaudo,kantan.regex-joda-time_2.10,0.2.0,-,-,?,-,false,-
com.nrinaudo,kantan.regex-joda-time_2.11,0.4.0,-,-,?,-,false,-
com.nrinaudo,kantan.regex-joda-time_2.12,0.4.0,-,-,?,-,false,-
com.nrinaudo,kantan.regex-laws_2.10,0.2.0,-,-,?,-,false,-
com.nrinaudo,kantan.regex-laws_2.11,0.4.0,-,-,?,-,false,-
com.nrinaudo,kantan.regex-laws_2.12,0.4.0,-,-,?,-,false,-
com.nrinaudo,kantan.regex-laws_sjs0.6_2.11,0.4.0,-,-,?,-,false,-
com.nrinaudo,kantan.regex-laws_sjs0.6_2.12,0.4.0,-,-,?,-,false,-
com.nrinaudo,kantan.regex-libra_2.11,0.4.0,-,-,?,-,false,-
com.nrinaudo,kantan.regex-libra_2.12,0.4.0,-,-,?,-,false,-
com.nrinaudo,kantan.regex-refined_2.11,0.4.0,-,-,?,-,false,-
com.nrinaudo,kantan.regex-refined_2.12,0.4.0,-,-,?,-,false,-
com.nrinaudo,kantan.regex-refined_sjs0.6_2.11,0.4.0,-,-,?,-,false,-
com.nrinaudo,kantan.regex-refined_sjs0.6_2.12,0.4.0,-,-,?,-,false,-
com.nrinaudo,kantan.regex-scalaz_2.10,0.2.0,-,-,?,-,false,-
com.nrinaudo,kantan.regex-scalaz_2.11,0.4.0,-,-,?,-,false,-
com.nrinaudo,kantan.regex-scalaz_2.12,0.4.0,-,-,?,-,false,-
com.nrinaudo,kantan.regex-scalaz_sjs0.6_2.11,0.4.0,-,-,?,-,false,-
com.nrinaudo,kantan.regex-scalaz_sjs0.6_2.12,0.4.0,-,-,?,-,false,-
com.nrinaudo,kantan.regex_sjs0.6_2.11,0.4.0,-,-,?,-,false,-
com.nrinaudo,kantan.regex_sjs0.6_2.12,0.4.0,-,-,?,-,false,-
com.nrinaudo,kantan.xpath_2.10,0.2.0,-,-,?,-,false,-
com.nrinaudo,kantan.xpath_2.11,0.4.0,-,-,?,-,false,-
com.nrinaudo,kantan.xpath_2.12,0.4.0,-,-,?,-,false,-
com.nrinaudo,kantan.xpath-cats_2.10,0.2.0,-,-,?,-,false,-
com.nrinaudo,kantan.xpath-cats_2.11,0.4.0,-,-,?,-,false,-
com.nrinaudo,kantan.xpath-cats_2.12,0.4.0,-,-,?,-,false,-
com.nrinaudo,kantan.xpath-enumeratum_2.11,0.4.0,-,-,?,-,false,-
com.nrinaudo,kantan.xpath-enumeratum_2.12,0.4.0,-,-,?,-,false,-
com.nrinaudo,kantan.xpath-java8_2.10,0.2.0,-,-,?,-,false,-
com.nrinaudo,kantan.xpath-java8_2.11,0.4.0,-,-,?,-,false,-
com.nrinaudo,kantan.xpath-java8_2.12,0.4.0,-,-,?,-,false,-
com.nrinaudo,kantan.xpath-joda-time_2.10,0.2.0,-,-,?,-,false,-
com.nrinaudo,kantan.xpath-joda-time_2.11,0.4.0,-,-,?,-,false,-
com.nrinaudo,kantan.xpath-joda-time_2.12,0.4.0,-,-,?,-,false,-
com.nrinaudo,kantan.xpath-laws_2.10,0.2.0,-,-,?,-,false,-
com.nrinaudo,kantan.xpath-laws_2.11,0.4.0,-,-,?,-,false,-
com.nrinaudo,kantan.xpath-laws_2.12,0.4.0,-,-,?,-,false,-
com.nrinaudo,kantan.xpath-libra_2.11,0.4.0,-,-,?,-,false,-
com.nrinaudo,kantan.xpath-libra_2.12,0.4.0,-,-,?,-,false,-
com.nrinaudo,kantan.xpath-nekohtml_2.10,0.2.0,-,-,?,-,false,-
com.nrinaudo,kantan.xpath-nekohtml_2.11,0.4.0,-,-,?,-,false,-
com.nrinaudo,kantan.xpath-nekohtml_2.12,0.4.0,-,-,?,-,false,-
com.nrinaudo,kantan.xpath-refined_2.11,0.4.0,-,-,?,-,false,-
com.nrinaudo,kantan.xpath-refined_2.12,0.4.0,-,-,?,-,false,-
com.nrinaudo,kantan.xpath-scalaz_2.10,0.2.0,-,-,?,-,false,-
com.nrinaudo,kantan.xpath-scalaz_2.11,0.4.0,-,-,?,-,false,-
com.nrinaudo,kantan.xpath-scalaz_2.12,0.4.0,-,-,?,-,false,-
com.nurego,nurego-java,1.0.21,-,-,?,-,false,-
com.offbytwo.datatables,datatables-models,0.1.1,-,-,?,-,false,-
com.offbytwo.jenkins,jenkins-client,0.3.8,-,-,?,-,false,-
com.offbytwo.maven.plugins,maven-dependency-plugin,3.1.1.MDEP568,-,-,?,-,false,-
com.paligot,koxlim,0.1.0,-,-,?,-,false,-
com.sarbacane,sarbacane-sdk,1.0.7,-,-,?,-,false,-
com.seanshubin.detangler,detangler-analysis,0.9.2,-,-,?,-,false,-
com.seanshubin.detangler,detangler-bytecode,0.9.2,-,-,?,-,false,-
com.seanshubin.detangler,detangler-collection,0.9.2,-,-,?,-,false,-
com.seanshubin.detangler,detangler-compare,0.9.2,-,-,?,-,false,-
com.seanshubin.detangler,detangler-console,0.9.2,-,-,?,-,false,-
com.seanshubin.detangler,detangler-contract,0.9.2,-,-,?,-,false,-
com.seanshubin.detangler,detangler-contract-test,0.9.2,-,-,?,-,false,-
com.seanshubin.detangler,detangler-data,0.9.2,-,-,?,-,false,-
com.seanshubin.detangler,detangler-domain,0.9.2,-,-,?,-,false,-
com.seanshubin.detangler,detangler-graphviz,0.9.2,-,-,?,-,false,-
com.seanshubin.detangler,detangler-maven-plugin,0.9.2,-,-,?,-,false,-
com.seanshubin.detangler,detangler-model,0.9.2,-,-,?,-,false,-
com.seanshubin.detangler,detangler-report,0.9.2,-,-,?,-,false,-
com.seanshubin.detangler,detangler-scanner,0.9.2,-,-,?,-,false,-
com.seanshubin.detangler,detangler-timer,0.9.2,-,-,?,-,false,-
com.seanshubin.detangler,detangler-zip,0.9.2,-,-,?,-,false,-
com.seanshubin.devon,devon-domain,1.1.2,-,-,?,-,false,-
com.seanshubin.devon,devon-parser,1.1.2,-,-,?,-,false,-
com.seanshubin.devon,devon-reflection,1.1.2,-,-,?,-,false,-
com.seanshubin.devon,devon-rules,1.1.2,-,-,?,-,false,-
com.seanshubin.devon,devon-string,1.1.2,-,-,?,-,false,-
com.seanshubin.devon,devon-tokenizer,1.1.2,-,-,?,-,false,-
com.seanshubin.http.values,http-values-client-apache,1.0.1,-,-,?,-,false,-
com.seanshubin.http.values,http-values-client-google,1.0.1,-,-,?,-,false,-
com.seanshubin.http.values,http-values-domain,1.0.1,-,-,?,-,false,-
com.seanshubin.http.values,http-values-server-jetty,1.0.1,-,-,?,-,false,-
com.seleniumtests,seleniumtestsframework,5.7,-,-,?,-,false,-
com.simboss.sdk,simboss-java-sdk,1.0.0,-,-,?,-,false,-
com.spingo,op-rabbit_2.11,2.1.0,-,-,?,-,false,-
com.spingo,op-rabbit_2.12,2.1.0,-,-,?,-,false,-
com.spingo,op-rabbit-airbrake_2.12,2.1.0,-,-,?,-,false,-
com.spingo,op-rabbit-akka-stream_2.11,2.1.0,-,-,?,-,false,-
com.spingo,op-rabbit-akka-stream_2.12,2.1.0,-,-,?,-,false,-
com.spingo,op-rabbit-circe_2.11,2.1.0,-,-,?,-,false,-
com.spingo,op-rabbit-circe_2.12,2.1.0,-,-,?,-,false,-
com.spingo,op-rabbit-core_2.11,2.1.0,-,-,?,-,false,-
com.spingo,op-rabbit-core_2.12,2.1.0,-,-,?,-,false,-
com.spingo,op-rabbit-json4s_2.12,2.1.0,-,-,?,-,false,-
com.spingo,op-rabbit-play-json_2.11,2.1.0,-,-,?,-,false,-
com.spingo,op-rabbit-play-json_2.12,2.1.0,-,-,?,-,false,-
com.spingo,op-rabbit-spray-json_2.11,2.1.0,-,-,?,-,false,-
com.spingo,op-rabbit-spray-json_2.12,2.1.0,-,-,?,-,false,-
com.splinter-log,splinter-logging-util,1.2,-,-,?,-,false,-
com.streamlio,streamlio-api,0.0.1,-,-,?,-,false,sun.misc.Cleaner                         Use java.lang.ref.PhantomReference @since 1.2 or java.lang.ref.Cleaner @since 9 + sun.misc.Unsafe                          See http://openjdk.java.net/jeps/260 + sun.security.x509.X500Name               Use javax.security.auth.x500.X500Principal @since 1.4
com.suse.salt,salt-netapi-client,0.14.0,-,-,?,-,false,-
com.thizzer.jtouchbar,jtouchbar,0.1.0,-,-,?,-,false,-
com.totaalsoftware.testlog,testlog,1.1.0,-,-,?,-,false,-
com.tsc9526,monalisa-orm,2.1.0,-,-,?,-,false,-
com.tsc9526,monalisa-service,2.0.0,-,-,?,-,false,-
com.tylerthrailkill,axon-kotlin,0.1.5,-,-,?,-,false,-
com.tylerthrailkill,axon-kotlin-test,0.2.1,-,-,?,-,false,-
com.vimeo.networking,vimeo-networking,1.1.2,-,-,?,-,false,-
com.vimeo.stag,stag-library,2.5.1,-,-,?,-,false,-
com.vimeo.stag,stag-library-compiler,2.5.1,-,-,?,-,false,-
com.waicool20.skrypton,skrypton-api,1.0.0-alpha,-,-,?,-,false,-
com.waicool20.skrypton,skrypton-native-linux64,1.0.0-alpha,-,-,?,-,false,sun.reflect.Reflection                   Use java.lang.StackWalker @since 9
com.waicool20.skrypton,skrypton-native-windows64,1.0.0-alpha,-,-,?,-,false,sun.reflect.Reflection                   Use java.lang.StackWalker @since 9
com.worldline.sips,payment-sdk,1.0.1,-,-,?,-,false,-
com.worldline.sips,payment-sdk-common,1.0.1,-,-,?,-,false,-
com.wywy,log4j-plugin-fluency,1.3.2,-,-,?,-,false,-
com.xspacesoft.kowalski7cc,botclient,0.1.0,-,-,?,-,false,-
io.github.lamp-china.ledis,lamp-ledis-spring-boot-starter,0.0.2,-,-,?,-,false,-
io.laserdisc,laserdisc-core_2.11,0.1.14,-,-,?,-,false,-
io.laserdisc,laserdisc-core_sjs0.6_2.11,0.1.14,-,-,?,-,false,-
io.laserdisc,laserdisc-fs2_2.11,0.1.14,-,-,?,-,false,-
io.laserdisc,log-effect-core_2.11,0.2.2,-,-,?,-,false,-
io.laserdisc,log-effect-core_2.12,0.2.2,-,-,?,-,false,-
io.laserdisc,log-effect-fs2_2.11,0.2.2,-,-,?,-,false,-
io.laserdisc,log-effect-fs2_2.12,0.2.2,-,-,?,-,false,-
io.laserdisc,log-effect-zio_2.11,0.2.2,-,-,?,-,false,-
io.laserdisc,log-effect-zio_2.12,0.2.2,-,-,?,-,false,-
io.syndesis.common,common-model,1.5.3,-,-,?,-,false,-
io.syndesis.common,common-resteasy-spring-boot-starter,1.5.3,-,-,?,-,false,-
io.syndesis.common,common-util,1.5.3,-,-,?,-,false,-
io.syndesis.connector,connector-activemq,1.5.3,-,-,?,-,false,-
io.syndesis.connector,connector-amqp,1.5.3,-,-,?,-,false,-
io.syndesis.connector,connector-aws-s3,1.5.3,-,-,?,-,false,-
io.syndesis.connector,connector-dropbox,1.5.3,-,-,?,-,false,-
io.syndesis.connector,connector-ftp,1.5.3,-,-,?,-,false,-
io.syndesis.connector,connector-gmail,1.5.3,-,-,?,-,false,-
io.syndesis.connector,connector-http,1.5.3,-,-,?,-,false,-
io.syndesis.connector,connector-irc,1.5.3,-,-,?,-,false,-
io.syndesis.connector,connector-kafka,1.5.3,-,-,?,-,false,-
io.syndesis.connector,connector-log,1.5.3,-,-,?,-,false,-
io.syndesis.connector,connector-mqtt,1.5.3,-,-,?,-,false,-
io.syndesis.connector,connector-rest-swagger,1.5.3,-,-,?,-,false,-
io.syndesis.connector,connector-salesforce,1.5.3,-,-,?,-,false,-
io.syndesis.connector,connector-servicenow,1.5.3,-,-,?,-,false,-
io.syndesis.connector,connector-sftp,1.5.3,-,-,?,-,false,-
io.syndesis.connector,connector-slack,1.5.3,-,-,?,-,false,-
io.syndesis.connector,connector-sql,1.5.3,-,-,?,-,false,-
io.syndesis.connector,connector-support-catalog,1.5.3,-,-,?,-,false,-
io.syndesis.connector,connector-support-maven-plugin,1.5.3,-,-,?,-,false,-
io.syndesis.connector,connector-support-test,1.5.3,-,-,?,-,false,-
io.syndesis.connector,connector-support-util,1.5.3,-,-,?,-,false,-
io.syndesis.connector,connector-support-verifier,1.5.3,-,-,?,-,false,-
io.syndesis.connector,connector-telegram,1.5.3,-,-,?,-,false,-
io.syndesis.connector,connector-timer,1.5.3,-,-,?,-,false,-
io.syndesis.connector,connector-twitter,1.5.3,-,-,?,-,false,-
io.syndesis.connector,connector-webhook,1.5.3,-,-,?,-,false,-
io.syndesis.extension,extension-annotation-processor,1.5.3,-,-,?,-,false,-
io.syndesis.extension,extension-api,1.5.3,-,-,?,-,false,-
io.syndesis.extension,extension-converter,1.5.3,-,-,?,-,false,-
io.syndesis.extension,extension-example-log-step,1.5.3,-,-,?,-,false,-
io.syndesis.extension,extension-maven-plugin,1.5.3,-,-,?,-,false,-
io.syndesis.integration,integration-api,1.5.3,-,-,?,-,false,-
io.syndesis.integration,integration-component-proxy,1.5.3,-,-,?,-,false,-
io.syndesis.integration,integration-project-generator,1.5.3,-,-,?,-,false,-
io.syndesis.integration,integration-runtime,1.5.3,-,-,?,-,false,-
io.syndesis.meta,meta,1.5.3,-,-,?,-,false,-
io.syndesis.server,server-builder-image-generator,1.5.3,-,-,?,-,false,-
io.syndesis.server,server-builder-maven-plugin,1.5.3,-,-,?,-,false,-
io.syndesis.server,server-connector-generator,1.5.3,-,-,?,-,false,-
io.syndesis.server,server-controller,1.5.3,-,-,?,-,false,-
io.syndesis.server,server-credential,1.5.3,-,-,?,-,false,-
io.syndesis.server,server-dao,1.5.3,-,-,?,-,false,-
io.syndesis.server,server-endpoint,1.5.3,-,-,?,-,false,-
io.syndesis.server,server-filestore,1.5.3,-,-,?,-,false,-
io.syndesis.server,server-inspector,1.5.3,-,-,?,-,false,-
io.syndesis.server,server-jsondb,1.5.3,-,-,?,-,false,-
io.syndesis.server,server-logging-jsondb,1.5.3,-,-,?,-,false,-
io.syndesis.server,server-metrics-jsondb,1.5.3,-,-,?,-,false,-
io.syndesis.server,server-metrics-prometheus,1.5.3,-,-,?,-,false,-
io.syndesis.server,server-monitoring,1.5.3,-,-,?,-,false,-
io.syndesis.server,server-openshift,1.5.3,-,-,?,-,false,-
io.syndesis.server,server-runtime,1.5.3,-,-,?,-,false,-
io.syndesis.server,server-update-controller,1.5.3,-,-,?,-,false,-
io.syndesis.server,server-verifier,1.5.3,-,-,?,-,false,-
io.syndesis.server,syndesis-cli,1.5.3,-,-,?,-,false,-
io.syndesis,syndesis-documentation-maven-plugin,1.5.3,-,-,?,-,false,-
org.akka-js,akkajsactorstream_sjs0.6_2.11,1.2.5.15,-,-,?,-,false,-
org.akka-js,akkajsactorstream_sjs0.6_2.12,1.2.5.15,-,-,?,-,false,-
org.akka-js,akkajstestkit_sjs0.6_2.11,1.2.5.15,-,-,?,-,false,-
org.akka-js,akkajstestkit_sjs0.6_2.12,1.2.5.15,-,-,?,-,false,-
