groupId,artifactId,version,moduleName,moduleVersion,moduleMode,moduleDependencies,jdepsToolError,jdepsViolations
com.approvaltests,approvaltests,2.0.0,-,-,?,-,false,-
com.approvaltests,approvaltests-hadoop,2.0.0,-,-,?,-,false,-
com.approvaltests,approvaltests-util,2.0.0,-,-,?,-,false,-
com.approvaltests,CounterDisplay,2.0.0,-,-,?,-,false,-
com.approvaltests,HtmlLocker,2.0.0,-,-,?,-,false,-
com.arakelian,arakelian-docker-junit,1.0.1,-,-,?,-,false,-
com.arakelian,docker-junit-rule,2.2.1,-,-,?,-,false,sun.misc.Signal                          See http://openjdk.java.net/jeps/260 + sun.misc.SignalHandler                   See http://openjdk.java.net/jeps/260 + sun.misc.Unsafe                          See http://openjdk.java.net/jeps/260
com.arakelian,elastic-indexer,2.5.0,-,-,?,-,false,sun.misc.Unsafe                          See http://openjdk.java.net/jeps/260
com.arakelian,faker,2.2.0,-,-,?,-,false,sun.misc.Unsafe                          See http://openjdk.java.net/jeps/260
com.arakelian,graphql-parser,1.0.8,-,-,?,-,false,-
com.arakelian,jackson-utils,1.9.5,-,-,?,-,false,sun.misc.Unsafe                          See http://openjdk.java.net/jeps/260
com.arakelian,java-jq,0.9.4,-,-,?,-,false,-
com.arakelian,jdbc-key-value-store,1.0.2,-,-,?,-,false,-
com.arakelian,json-filter,1.9.0,-,-,?,-,false,-
com.arakelian,key-value-store,1.9.5,-,-,?,-,false,-
com.arakelian,more-commons,1.9.1,-,-,?,-,false,-
com.arakelian,spring-test-utils,1.0.2,-,-,?,-,false,-
com.bertoncelj,fcm-client,1.1.0,-,-,?,-,false,-
com.bitmovin.api,bitmovin-java,1.34.0,-,-,?,-,false,-
com.celeral,utils,1.1.0,-,-,?,-,false,-
com.cyphercove.gdx,covetools,1.1.1,-,-,?,-,false,-
com.cyphercove.gdx,flexbatch,1.1.1,-,-,?,-,false,-
com.cyphercove.gdx,gdxtokryo,1.1.1,-,-,?,-,false,-
com.deliveredtechnologies,RuleBook,0.1,-,-,?,-,false,-
com.deliveredtechnologies,rulebook,0.3,-,-,?,-,false,-
com.deliveredtechnologies,rulebook-core,0.10,-,-,?,-,false,-
com.deliveredtechnologies,rulebook-spring,0.10,-,-,?,-,false,-
com.easypost,easypost-api-client,4.0.0,-,-,?,-,false,-
com.eyougo,mybatis-typehandlers-postgis,1.0,-,-,?,-,false,-
com.foreach.across,across-autoconfigure,1.0.1.RELEASE,-,-,?,-,false,-
com.foreach.across,across-core,3.1.0.RELEASE,-,-,?,-,false,-
com.foreach.across,across-test,3.1.0.RELEASE,-,-,?,-,false,-
com.foreach.across,across-web,3.1.0.RELEASE,-,-,?,-,false,-
com.foreach.across.modules,across-hibernate-module,3.0.0.RELEASE,-,-,?,-,false,-
com.foreach.across.modules,admin-web-module,3.0.1.RELEASE,-,-,?,-,false,-
com.foreach.across.modules,bootstrap-ui-module,2.1.0.RELEASE,-,-,?,-,false,-
com.foreach.across.modules,debug-web-module,2.0.0.RELEASE,-,-,?,-,false,-
com.foreach.across.modules,dynamic-forms-module,0.0.1.RELEASE,-,-,?,-,false,-
com.foreach.across.modules,ehcache-module,1.0.1.RELEASE,-,-,?,-,false,-
com.foreach.across.modules,entity-module,3.1.0.RELEASE,-,-,?,-,false,-
com.foreach.across.modules,file-manager-module,1.2.0.RELEASE,-,-,?,-,false,-
com.foreach.across.modules,ldap-module,1.0.1.RELEASE,-,-,?,-,false,-
com.foreach.across.modules,logging-module,1.1.0.RELEASE,-,-,?,-,false,-
com.foreach.across.modules,oauth2-module,2.0.1.RELEASE,-,-,?,-,false,-
com.foreach.across.modules,properties-module,1.1.1.RELEASE,-,-,?,-,false,-
com.foreach.across.modules,spring-batch-module,1.0.1.RELEASE,-,-,?,-,false,-
com.foreach.across.modules,spring-batch-test-web,1.0.1.RELEASE,-,-,?,-,false,-
com.foreach.across.modules,spring-mobile-module,2.0.0.RELEASE,-,-,?,-,false,-
com.foreach.across.modules,spring-security-acl-module,3.0.1.RELEASE,-,-,?,-,false,-
com.foreach.across.modules,spring-security-module,3.0.2.RELEASE,-,-,?,-,false,-
com.foreach.across.modules,user-module,3.0.0.RELEASE,-,-,?,-,false,-
com.foreach.across.modules,web-cms-module,0.0.5.RELEASE,-,-,?,-,false,-
com.foreach.imageserver,imageserver-admin,4.0.0.RELEASE,-,-,?,-,false,-
com.foreach.imageserver,imageserver-client,4.0.0.RELEASE,-,-,?,-,false,-
com.foreach.imageserver,imageserver-core,4.0.0.RELEASE,-,-,?,-,false,-
com.foreach.libs,common-concurrent,1.1,-,-,?,-,false,-
com.foreach.libs,common-hibernate,1.1,-,-,?,-,false,-
com.foreach.libs,common-mybatis,1.1,-,-,?,-,false,-
com.foreach.libs,common-spring,1.1,-,-,?,-,false,-
com.foreach.libs,common-test,1.1,-,-,?,-,false,-
com.foreach.libs,common-web,1.1,-,-,?,-,false,-
com.godatadriven.gatling,druid-feeder_2.12,0.2.0,-,-,?,-,false,-
com.haulmont.yarg,yarg,2.0.12,-,-,?,-,false,-
com.haulmont.yarg,yarg-api,2.0.12,-,-,?,-,false,-
com.haulmont.yarg,yarg-console,2.0.12,-,-,?,-,false,-
com.haulmont.yarg,yarg-server,2.0.12,-,-,?,-,false,-
com.holidaycheck,amqp-akka-streams_2.11,2.0.0,-,-,?,-,false,-
com.holidaycheck,amqp-akka-streams_2.12,2.0.0,-,-,?,-,false,-
com.ikasoa,ikasoa-core,0.5.4-ALPHA,-,-,?,-,false,-
com.ikasoa,ikasoa-rpc,0.3.3-ALPHA2,-,-,?,-,false,-
com.ikasoa,ikasoa-spring-boot-starter,0.1.2-ALPHA,-,-,?,-,false,-
com.ikasoa,ikasoa-zk,0.1,-,-,?,-,false,-
com.itechtopus.tanks,BattleFieldAPI,1.0,-,-,?,-,false,-
com.jrummyapps,blocking-dialog,1.0.0,-,-,?,-,false,-
com.kestreldigital.conjuror,conjuror,1.0.0,-,-,?,-,false,-
com.lifeomic,fhirlib,0.4.1,-,-,?,-,false,-
com.lifeomic,spark-vcf,0.3.0,-,-,?,-,false,-
com.lifeonwalden,app-cache-caffeine,1.0.9,-,-,?,-,false,-
com.lifeonwalden,app-cache-common,1.0.9,-,-,?,-,false,-
com.lifeonwalden,app-cache-compacted,1.0.9,-,-,?,-,false,-
com.lifeonwalden,app-cache-redis,1.0.9,-,-,?,-,false,-
com.lifeonwalden,app-cache-service,1.0.9,-,-,?,-,false,-
com.lifeonwalden,app-common,1.0.9,-,-,?,-,false,-
com.lifeonwalden,app-example-bean,1.0.9,-,-,?,-,false,-
com.lifeonwalden,app-example-common,1.0.9,-,-,?,-,false,-
com.lifeonwalden,app-example-provider,1.0.9,-,-,?,-,false,-
com.lifeonwalden,app-example-service,1.0.9,-,-,?,-,false,-
com.lifeonwalden,app-example-service-impl,1.0.9,-,-,?,-,false,-
com.lifeonwalden,app-gateway-auth,1.0.9,-,-,?,-,false,-
com.lifeonwalden,app-gateway-common,1.0.9,-,-,?,-,false,-
com.lifeonwalden,app-gateway-front,1.0.9,-,-,?,-,false,-
com.lifeonwalden,app-jms,1.0.9,-,-,?,-,false,-
com.lifeonwalden,app-microservice-common,1.0.9,-,-,?,-,false,-
com.lifeonwalden,app-microservice-consumer,1.0.9,-,-,?,-,false,-
com.lifeonwalden,app-microservice-consumer-auth,1.0.9,-,-,?,-,false,-
com.lifeonwalden,app-microservice-provider,1.0.9,-,-,?,-,false,-
com.lifeonwalden,DDLGenerator,2.2.2,-,-,?,-,false,-
com.lifeonwalden,ddlgenerator-maven-plugin,0.0.2,-,-,?,-,false,-
com.lifeonwalden,forestbatis,0.0.5,-,-,?,-,false,-
com.lifeonwalden,spring-scheduler,0.2.10,-,-,?,-,false,-
com.maxleap,cloud-code-base,2.4.9,-,-,?,-,false,-
com.maxleap,cloud-code-sdk,2.4.9,-,-,?,-,false,-
com.maxleap,cloud-code-test,2.4.9,-,-,?,-,false,-
com.mitobit.camel,camel-nexmo,1.0.0,-,-,?,-,false,-
com.nedap.healthcare.archie,aom,0.4.6,-,-,?,-,false,-
com.nedap.healthcare.archie,base,0.4.6,-,-,?,-,false,-
com.nedap.healthcare.archie,grammars,0.4.6,-,-,?,-,false,-
com.nedap.healthcare.archie,modeldoc,0.4.6,-,-,?,-,false,-
com.nedap.healthcare.archie,openehr-rm,0.4.6,-,-,?,-,false,-
com.nedap.healthcare.archie,referencemodels,0.4.6,-,-,?,-,false,-
com.nedap.healthcare.archie,tools,0.4.6,-,-,?,-,false,-
com.nedap.healthcare.archie,utils,0.4.6,-,-,?,-,false,-
com.nedap.retail.services,examples,1.47,-,-,?,-,false,sun.misc.Unsafe                          See http://openjdk.java.net/jeps/260
com.nedap.retail.services,messages,1.47,-,-,?,-,false,-
com.netapp.santricity,santricity-java-client,1.1,-,-,?,-,false,-
com.piksel.sequoia,sequoia-client-sdk,2.0.0,-,-,?,-,false,-
com.pkulak.httpclient,httpclient,1.0,-,-,?,-,false,-
com.qcloud,cos_api,5.4.5,-,-,?,-,false,-
com.qcloud,qcloud-image-sdk,2.0.1,-,-,?,-,false,-
com.qcloud,qcloud-java-sdk,2.0.7,-,-,?,-,false,-
com.qcloud,qcloud-sdk,2.1.6,-,-,?,-,false,-
com.qcloud,vod_api,1.1.1,-,-,?,-,false,-
com.raquo,airstream_sjs0.6_2.11,0.2,-,-,?,-,false,-
com.raquo,airstream_sjs0.6_2.12,0.2,-,-,?,-,false,-
com.raquo,dombuilder_2.11,0.8,-,-,?,-,false,-
com.raquo,dombuilder_2.12,0.8,-,-,?,-,false,-
com.raquo,dombuilder_sjs0.6_2.11,0.8,-,-,?,-,false,-
com.raquo,dombuilder_sjs0.6_2.12,0.8,-,-,?,-,false,-
com.raquo,domtestutils_sjs0.6_2.11,0.8,-,-,?,-,false,-
com.raquo,domtestutils_sjs0.6_2.12,0.8,-,-,?,-,false,-
com.raquo,domtypes_2.11,0.8,-,-,?,-,false,-
com.raquo,domtypes_2.12,0.8,-,-,?,-,false,-
com.raquo,domtypes_sjs0.6_2.11,0.8,-,-,?,-,false,-
com.raquo,domtypes_sjs0.6_2.12,0.8,-,-,?,-,false,-
com.raquo,laminar_sjs0.6_2.11,0.3,-,-,?,-,false,-
com.raquo,laminar_sjs0.6_2.12,0.3,-,-,?,-,false,-
com.raquo,root_2.11,0.7,-,-,?,-,false,-
com.raquo,root_2.12,0.7,-,-,?,-,false,-
com.raquo,snabbdom_sjs0.6_2.11,0.1.1,-,-,?,-,false,-
com.raquo,snabbdom_sjs0.6_2.12,0.1.1,-,-,?,-,false,-
com.raquo.xstream,xstream_sjs0.6_2.11,0.3.1,-,-,?,-,false,-
com.raquo.xstream,xstream_sjs0.6_2.12,0.3.1,-,-,?,-,false,-
com.savoirtech.aetos,features,4.1.1.0,-,-,?,-,false,-
com.savoirtech.eos,eos-core,1.2.0,-,-,?,-,false,-
com.savoirtech.eos,eos-itest-bundle,1.2.0,-,-,?,-,false,-
com.savoirtech.eos,eos-itest-features,1.2.0,-,-,?,-,false,-
com.savoirtech.eos,eos-itest-pax,1.2.0,-,-,?,-,false,-
com.savoirtech.hecate,hecate-annotation,4.0.0,-,-,?,-,false,-
com.savoirtech.hecate,hecate-core,4.0.0,-,-,?,-,false,-
com.savoirtech.hecate,hecate-gson,4.0.0,-,-,?,-,false,-
com.savoirtech.hecate,hecate-joda-time,4.0.0,-,-,?,-,false,-
com.savoirtech.hecate,hecate-karaf,4.0.0,-,-,?,-,false,-
com.savoirtech.hecate,hecate-karaf-itest,4.0.0,-,-,?,-,false,-
com.savoirtech.hecate,hecate-pojo,4.0.0,-,-,?,-,false,-
com.savoirtech.hecate,hecate-test,4.0.0,-,-,?,-,false,-
com.sopranoworks,bolt_2.11,0.14,-,-,?,-,false,-
com.sopranoworks,bolt_2.12,0.14,-,-,?,-,false,-
com.steenhq,Application,1.1,-,-,?,-,false,-
com.tobedevoured.modelcitizen,core,0.8.2,-,-,?,-,false,-
com.tobedevoured.modelcitizen,spring,0.8.2,-,-,?,-,false,-
com.tobedevoured.naether,core,0.15.4,-,-,?,-,false,-
com.traackr,mongo-follower,1.0.1,-,-,?,-,false,-
com.unboundid.product.scim2,scim2-sdk-client,2.1.3,-,-,?,-,false,-
com.unboundid.product.scim2,scim2-sdk-common,2.1.3,-,-,?,-,false,-
com.unboundid.product.scim2,scim2-sdk-server,2.1.3,-,-,?,-,false,-
com.unboundid.product.scim2,scim2-ubid-extensions,2.1.3,-,-,?,-,false,-
com.unboundid.product.scim,scim-ldap,1.8.19,-,-,?,-,false,-
com.unboundid.product.scim,scim-sdk,1.8.19,-,-,?,-,false,-
com.unboundid,server-sdk,6.2.0.2,-,-,?,-,false,-
com.unboundid,server-sdk-archetype,1.0.14,-,-,?,-,false,-
com.unboundid,server-sdk-docs-maven-plugin,1.0.14,-,-,?,-,false,-
com.unboundid,unboundid-ldapsdk,4.0.7,-,-,?,-,false,-
com.unboundid,unboundid-ldapsdk-commercial-edition,3.2.1,-,-,?,-,false,-
com.unboundid,unboundid-ldapsdk-minimal-edition,3.2.1,-,-,?,-,false,-
com.upwork.donkey,donkey-core,0.1,-,-,?,-,false,-
com.urbanairship,java-client,3.0.1,-,-,?,-,false,-
com.wix,accord-api_2.11,0.7.2,-,-,?,-,false,-
com.wix,accord-api_2.13.0-M2,0.7.2,-,-,?,-,false,-
com.wix,accord-api_sjs0.6_2.12,0.7.2,-,-,?,-,false,-
com.wix,accord-core_2.12,0.7.2,-,-,?,-,false,-
com.wix,accord-core_sjs0.6_2.13.0-M2,0.7.2,-,-,?,-,false,-
com.wix,accord-java8_2.11,0.7.2,-,-,?,-,false,-
com.wix,accord-java8_2.13.0-M2,0.7.2,-,-,?,-,false,-
com.wix,accord-joda_2.11,0.7.2,-,-,?,-,false,-
com.wix,accord-joda_2.13.0-M2,0.7.2,-,-,?,-,false,-
com.wix,accord-scalatest_2.13.0-M2,0.7.2,-,-,?,-,false,-
com.wix,accord-scalatest_sjs0.6_2.12,0.7.2,-,-,?,-,false,-
com.wix,accord-spring3_2.11,0.7.2,-,-,?,-,false,-
com.wix,accord-spring3_2.13.0-M2,0.7.2,-,-,?,-,false,-
com.wix,http-testkit-client_2.11,0.1.19,-,-,?,-,false,-
com.wix,http-testkit-core_2.11,0.1.19,-,-,?,-,false,-
com.wix,http-testkit-marshaller-jackson_2.11,0.1.19,-,-,?,-,false,-
com.wix,http-testkit-scala-test_2.11,0.1.18,-,-,?,-,false,-
com.wix,http-testkit-scalatest_2.12,0.1.19,-,-,?,-,false,-
com.wix,http-testkit-specs2_2.12,0.1.19,-,-,?,-,false,-
com.wix,media-platform-java-sdk,5.17.0,-,-,?,-,false,-
com.wix.openrest,openrest4j-api,1.32.0,-,-,?,-,false,-
com.wix.openrest,openrest4j-client,1.32.0,-,-,?,-,false,-
com.wix.pay,credit-card,1.8.0,-,-,?,-,false,-
com.wix.pay,credit-card-networks,1.4.0,-,-,?,-,false,-
com.wix.pay,libpay-api,1.5.0,-,-,?,-,false,-
com.wix.pay,libpay-paypal,1.0.0,-,-,?,-,false,-
com.wix.pay,libpay-paypal-common,1.0.0,-,-,?,-,false,-
com.wix.pay,libpay-paypal-testkit,1.0.0,-,-,?,-,false,-
com.wix.pay,libpay-testkit,1.5.0,-,-,?,-,false,-
com.wix.pay,smaug-client,1.8.0,-,-,?,-,false,-
com.wix.pay,smaug-client-api,1.8.0,-,-,?,-,false,-
com.wix.pay,smaug-testkit,1.8.0,-,-,?,-,false,-
com.wix.restaurants,common-protocol-api,1.12.0,-,-,?,-,false,-
com.wix.restaurants,common-protocol-testkit,1.12.0,-,-,?,-,false,-
com.wix.restaurants,wix-restaurants-api,1.20.0,-,-,?,-,false,-
com.wix.restaurants,wix-restaurants-authentication-api,1.12.0,-,-,?,-,false,-
com.wix.restaurants,wix-restaurants-authentication-client,1.12.0,-,-,?,-,false,-
com.wix.restaurants,wix-restaurants-availability-api,1.9.0,-,-,?,-,false,-
com.wix.restaurants,wix-restaurants-availability-utils,1.9.0,-,-,?,-,false,-
com.wix.restaurants,wix-restaurants-java-client,1.20.0,-,-,?,-,false,-
com.wix.restaurants,wix-restaurants-java-examples,1.20.0,-,-,?,-,false,-
com.wix.restaurants,wix-restaurants-json,1.7.0,-,-,?,-,false,-
com.wix.restaurants,wix-restaurants-jsonclient,1.9.0,-,-,?,-,false,-
com.wix,specs2-jmock_2.11,1.3.0,-,-,?,-,false,-
com.wix,wix-embedded-mysql,4.1.2,-,-,?,-,false,-
com.xfers,xfers-java,1.6.0,-,-,?,-,false,-
