groupId,artifactId,version,moduleName,moduleVersion,moduleMode,moduleDependencies,jdepsToolError,jdepsViolations
com.codahale,shamir,0.6.1,com.codahale.shamir,-,automatic,-,false,-
com.fizzed,stork-assembly,2.8.0,-,-,?,-,false,-
com.fizzed,stork-core,2.8.0,-,-,?,-,false,-
com.fizzed,stork-deploy,2.8.0,-,-,?,-,false,-
com.fizzed,stork-launcher,2.8.0,-,-,?,-,false,-
com.fizzed,stork-maven-plugin,2.8.0,-,-,?,-,false,-
com.graphaware.neo4j,nlp-stanfordnlp,3.4.6.52.12,-,-,?,-,false,sun.misc.Unsafe                          See http://openjdk.java.net/jeps/260
com.groupbyinc,api-java-flux,2.5.134,-,-,?,-,false,-
io.github.classgraph,classgraph,4.0.7,io.github.classgraph,4.0.7,explicit,java.base,false,-
