groupId,artifactId,version,moduleName,moduleVersion,moduleMode,moduleDependencies,jdepsToolError,jdepsViolations
cc.iliz.mybatis.shading,mybatis-sharding,1.1.1,-,-,?,-,false,-
com.bertramlabs.plugins,handlebars-asset-pipeline,3.0.5,-,-,?,-,false,-
com.bertramlabs.plugins,jsx-asset-pipeline,3.0.5,-,-,?,-,false,-
com.github.binarywang,weixin-java-common,3.1.6.BETA,-,-,?,-,false,-
com.github.binarywang,weixin-java-cp,3.1.6.BETA,-,-,?,-,false,-
com.github.binarywang,weixin-java-miniapp,3.1.6.BETA,-,-,?,-,false,-
com.github.binarywang,weixin-java-mp,3.1.6.BETA,-,-,?,-,false,-
com.github.binarywang,weixin-java-open,3.1.6.BETA,-,-,?,-,false,-
com.github.binarywang,weixin-java-pay,3.1.6.BETA,-,-,?,-,false,-
com.github.nruzic.commons.conventions,nruzic-commons-conventions,1.0.0-alpha2,-,-,?,-,false,-
com.github.slaout.fork.info.cukesthreads,cucumber-core,1.2.4,-,-,?,-,false,-
com.github.slaout.fork.info.cukesthreads,cucumber-java,1.2.4,-,-,?,-,false,-
com.github.slaout.fork.info.cukesthreads,cucumber-java8,1.2.4,-,-,?,-,false,sun.reflect.ConstantPool                 Removed. See http://openjdk.java.net/jeps/260
com.github.slaout.fork.info.cukesthreads,cucumber-junit,1.2.4,-,-,?,-,false,-
com.github.slaout.fork.info.cukesthreads,cucumber-spring,1.2.4,-,-,?,-,false,-
com.github.slaout.fork.info.cukesthreads,cucumber-testng,1.2.4,-,-,?,-,false,-
com.goldmansachs.jdmn,jdmn-core,2.1.0,-,-,?,-,false,-
com.goldmansachs.jdmn,jdmn-jpa-integration-tests,2.1.0,-,-,?,-,false,-
com.goldmansachs.jdmn,jdmn-maven-plugin,2.1.0,-,-,?,-,false,-
com.google.apis,google-api-services-searchconsole,v1-rev370-1.24.1,-,-,?,-,false,-
com.google.apis,google-api-services-youtubereporting,v1-rev539-1.24.1,-,-,?,-,false,-
com.ibm.etcd,etcd-java,0.0.7,-,-,?,-,false,-
com.mobius-software.iot,dtls-async-client,1.0.3,-,-,?,-,false,-
com.sap.cloud.lm.sl.cf,com.sap.cloud.lm.sl.cf.api,1.65.0,-,-,?,-,false,-
com.sap.cloud.lm.sl.cf,com.sap.cloud.lm.sl.cf.client,1.65.0,-,-,?,-,false,-
com.sap.cloud.lm.sl.cf,com.sap.cloud.lm.sl.cf.core,1.65.0,-,-,?,-,false,-
com.sap.cloud.lm.sl.cf,com.sap.cloud.lm.sl.cf.persistence,1.65.0,-,-,?,-,false,-
com.sap.cloud.lm.sl.cf,com.sap.cloud.lm.sl.cf.process,1.65.0,-,-,?,-,false,-
org.xtext,xtext-android-gradle-plugin,2.0.1,-,-,?,-,false,-
org.xtext,xtext-gradle-builder,2.0.1,-,-,?,-,false,-
org.xtext,xtext-gradle-plugin,2.0.1,-,-,?,-,false,-
org.xtext,xtext-gradle-protocol,2.0.1,-,-,?,-,false,-
org.xtext,xtext-idea-gradle-plugin,2.0.1,-,-,?,-,false,-
