groupId,artifactId,version,moduleName,moduleVersion,moduleMode,moduleDependencies,jdepsToolError,jdepsViolations
cd.go.plugin,go-plugin-api-experimental,18.8.0-7296,-,-,?,-,false,-
com.google.apis,google-api-services-adsensehost,v4.1-rev513-1.18.0-rc,-,-,?,-,false,-
com.google.apis,google-api-services-adsense,v1.4-rev441-1.24.1,-,-,?,-,false,-
com.google.apis,google-api-services-appsactivity,v1-rev175-1.22.0,-,-,?,-,false,-
com.google.apis,google-api-services-cloudresourcemanager,v2-rev29-1.24.1,-,-,?,-,false,-
com.ibm.cos-aspera,cos-aspera-linux-64,0.1.163444,-,-,?,-,false,-
com.ibm.cos-aspera,cos-aspera-mac-10.13-64,0.1.163444,-,-,?,-,false,-
com.ibm.cos-aspera,cos-aspera-win-v140_xp-64,0.1.163444,-,-,?,-,false,-
