groupId,artifactId,version,moduleName,moduleVersion,moduleMode,moduleDependencies,jdepsToolError,jdepsViolations
com.bertramlabs.plugins,ember-asset-pipeline,3.0.4,-,-,?,-,false,-
com.bertramlabs.plugins,handlebars-asset-pipeline,3.0.4,-,-,?,-,false,-
com.bertramlabs.plugins,jsx-asset-pipeline,3.0.4,-,-,?,-,false,-
com.bertramlabs.plugins,less-asset-pipeline,3.0.4,-,-,?,-,false,-
com.bertramlabs.plugins,ratpack-asset-pipeline,3.0.4,-,-,?,-,false,-
com.bertramlabs.plugins,sass-asset-pipeline,3.0.4,-,-,?,-,false,-
com.google.apis,google-api-services-abusiveexperiencereport,v1-rev9-1.24.1,-,-,?,-,false,-
com.notronix,JaLAPI,0.0.26,-,-,?,-,false,-
com.speedment.example,basic-example,3.1.5,-,-,?,-,false,-
com.speedment.example,custom-typemapper,3.1.5,-,-,?,-,false,-
com.speedment,generator-deploy,3.1.5,-,-,?,-,false,-
com.speedment.generator,generator-core,3.1.5,-,-,?,-,false,-
com.speedment.generator,generator-standard,3.1.5,-,-,?,-,false,-
com.speedment.generator,generator-translator,3.1.5,-,-,?,-,false,-
com.speedment.plugins,enum-generator,3.1.5,-,-,?,-,false,-
com.speedment.plugins,json-stream,3.1.5,-,-,?,-,false,-
com.speedment.plugins,spring-generator,3.1.5,-,-,?,-,false,-
com.speedment.runtime,connector-mariadb,3.1.5,-,-,?,-,false,-
com.speedment.runtime,connector-mysql,3.1.5,-,-,?,-,false,-
com.speedment.runtime,connector-postgres,3.1.5,-,-,?,-,false,-
com.speedment,runtime-deploy,3.1.5,-,-,?,-,false,-
com.speedment.runtime,runtime-application,3.1.5,-,-,?,-,false,-
com.speedment.runtime,runtime-bulk,3.1.5,-,-,?,-,false,-
com.speedment.runtime,runtime-compute,3.1.5,-,-,?,-,false,-
com.speedment.runtime,runtime-config,3.1.5,-,-,?,-,false,-
com.speedment.runtime,runtime-core,3.1.5,-,-,?,-,false,-
com.speedment.runtime,runtime-field,3.1.5,-,-,?,-,false,-
com.speedment.runtime,runtime-join,3.1.5,-,-,?,-,false,-
com.speedment.runtime,runtime-typemapper,3.1.5,-,-,?,-,false,-
com.speedment.runtime,runtime-welcome,3.1.5,-,-,?,-,false,-
com.speedment,speedment-maven-plugin,3.1.5,-,-,?,-,false,-
com.speedment,tool-deploy,3.1.5,-,-,?,-,false,-
com.speedment.tool,tool-actions,3.1.5,-,-,?,-,false,-
com.speedment.tool,tool-config,3.1.5,-,-,?,-,false,-
com.speedment.tool,tool-core,3.1.5,-,-,?,-,false,-
com.speedment.tool,tool-propertyeditor,3.1.5,-,-,?,-,false,-
org.reaktivity,nukleus-tcp,0.55,-,-,?,-,false,-
org.requirementsascode,requirementsascodeextract,0.9.2,-,-,?,-,false,-
ru.d-shap,assertions,1.2,-,-,?,-,false,-
uk.staygrounded,pushsafer-client,1.1,-,-,?,-,false,-
