com.marklogic,marklogic-xcc,9.0.6,-,-,?,-,false,sun.security.krb5.Credentials            Use com.sun.security.jgss + sun.security.krb5.KrbException           Use com.sun.security.jgss + sun.security.krb5.PrincipalName          Use com.sun.security.jgss
com.51sole.jxyq123,wstro_utils,1.1,-,-,?,-,false,-
com.activitystream,as-sdk,0.1.25,-,-,?,-,false,sun.reflect.generics.reflectiveObjects.NotImplementedException Removed. See http://openjdk.java.net/jeps/260
com.activitystream,sdk,0.5.14,-,-,?,-,false,-
com.adform,bitmap-dsl_2.10,0.4.7,-,-,?,-,false,-
com.adform,bitmap-dsl_2.11,0.4.7,-,-,?,-,false,-
com.adform,bitmap-dsl_2.12,0.4.7,-,-,?,-,false,-
com.algolia,algoliasearch,2.18.1,-,-,?,-,false,-
com.algolia,algoliasearch-appengine,2.18.1,-,-,?,-,false,-
com.algolia,algoliasearch-async,2.18.1,-,-,?,-,false,-
com.algolia,algoliasearch-common,2.18.1,-,-,?,-,false,-
com.algolia,algoliasearch-scala_2.11,1.28.0,-,-,?,-,false,-
com.algolia,algoliasearch-scala_2.12,1.28.0,-,-,?,-,false,-
com.algolia,algoliasearch-tests,2.18.1,-,-,?,-,false,-
com.assylias,jbloomberg,3.6,-,-,?,-,false,-
com.davfx.ninio,ninio-core,3.0.21,-,-,?,-,false,-
com.davfx.ninio,ninio-csv,3.0.21,-,-,?,-,false,-
com.davfx.ninio,ninio-dns,3.0.21,-,-,?,-,false,-
com.davfx.ninio,ninio-http,3.0.21,-,-,?,-,false,-
com.davfx.ninio,ninio-ping,3.0.21,-,-,?,-,false,-
com.davfx.ninio,ninio-proxy,3.0.21,-,-,?,-,false,-
com.davfx.ninio,ninio-script,3.0.21,-,-,?,-,false,sun.security.action.GetPropertyAction    Use java.security.PrivilegedAction @since 1.1 + sun.security.util.SecurityConstants      Use appropriate java.security.Permission subclass @since 1.1
com.davfx.ninio,ninio-snmp,3.0.21,-,-,?,-,false,-
com.davfx.ninio,ninio-sort,3.0.21,-,-,?,-,false,-
com.davfx.ninio,ninio-ssh,3.0.21,-,-,?,-,false,-
com.davfx.ninio,ninio-string,3.0.21,-,-,?,-,false,-
com.davfx.ninio,ninio-telnet,3.0.21,-,-,?,-,false,-
com.davfx.ninio,ninio-util,3.0.21,-,-,?,-,false,-
com.dbrsn,kafka-versioned-scodec_2.12,0.0.2,-,-,?,-,false,-
com.dbrsn,universal-health-check-core_2.12,0.0.5,-,-,?,-,false,-
com.dbrsn,universal-health-check-http4s_2.12,0.0.5,-,-,?,-,false,-
com.devebot.opflow,opflow-core,0.1.23,-,-,?,-,false,-
com.devebot.opflow,opflow-java,0.1.3,-,-,?,-,false,-
com.dorkbox,Licensing,1.1.0,-,-,?,-,false,-
com.dorkbox,SystemTray,3.15,-,-,?,-,false,-
com.dorkbox,Version,1.0,-,-,?,-,false,-
com.epam.jdi,jdi-commons,1.1.28,-,-,?,-,false,-
com.epam.jdi,jdi-http,1.1.28,-,-,?,-,false,-
com.epam.jdi,jdi-http-cucumber,1.1.28,-,-,?,-,false,-
com.epam.jdi,jdi-matchers,2.0.23,-,-,?,-,false,-
com.epam.jdi,jdi-uitest-core,1.1.28,-,-,?,-,false,-
com.epam.jdi,jdi-uitest-cucumber,1.1.28,-,-,?,-,false,-
com.epam.jdi,jdi-uitest-gui,1.1.28,-,-,?,-,false,sun.reflect.generics.reflectiveObjects.NotImplementedException Removed. See http://openjdk.java.net/jeps/260
com.epam.jdi,jdi-uitest-mobile,1.1.28,-,-,?,-,false,-
com.epam.jdi,jdi-uitest-web,1.1.28,-,-,?,-,false,-
com.epam.jdi,jdi-uitest-win,1.1.28,-,-,?,-,false,sun.reflect.generics.reflectiveObjects.NotImplementedException Removed. See http://openjdk.java.net/jeps/260
com.esotericsoftware,kryo,5.0.0-RC1,-,-,?,-,false,sun.misc.Cleaner                         Use java.lang.ref.PhantomReference @since 1.2 or java.lang.ref.Cleaner @since 9 + sun.misc.Unsafe                          See http://openjdk.java.net/jeps/260
com.esotericsoftware,kryo-benchmarks,5.0.0-RC1,-,-,?,-,false,-
com.esotericsoftware,kryo-shaded,4.0.2,-,-,?,-,false,sun.misc.Cleaner                         Use java.lang.ref.PhantomReference @since 1.2 or java.lang.ref.Cleaner @since 9 + sun.misc.Unsafe                          See http://openjdk.java.net/jeps/260
com.esotericsoftware,reflectasm,1.11.7,-,-,?,-,false,-
com.esotericsoftware.spine,spine-libgdx,3.6.53.1,-,-,?,-,false,-
com.esotericsoftware.yamlbeans,yamlbeans,1.13,-,-,?,-,false,-
com.google.apis,google-api-services-bigquerydatatransfer,v1-rev83-1.25.0,-,-,?,-,false,-
com.icexxx,icefilter,1.1,-,-,?,-,false,-
com.icexxx,iceformat,1.0,-,-,?,-,false,-
com.icexxx,iceforward,1.1,-,-,?,-,false,-
com.icexxx,icegen,1.0.1,-,-,?,-,false,-
com.icexxx,iceroot,2.0.1,-,-,?,-,false,-
com.icexxx,iceroot-ext,2.0.1,-,-,?,-,false,-
com.icexxx,iceservlet,1.1,-,-,?,-,false,-
com.icexxx,icetag,1.1,-,-,?,-,false,-
com.icexxx,icetask,1.0,-,-,?,-,false,-
com.icexxx,iceworkday,1.0,-,-,?,-,false,-
com.icexxx,icewx,1.0.5,-,-,?,-,false,-
com.indeed.logstash.log4j,jsonevent-layout,1.6.6,-,-,?,-,false,-
com.indeed,lsmtree-core,1.0.7,-,-,?,-,false,-
com.indeed,lsmtree-recordcache,1.0.7,-,-,?,-,false,-
com.indeed,lsmtree-recordlog,1.0.7,-,-,?,-,false,-
com.indeed,mph-table,1.0.5,-,-,?,-,false,-
com.indeed,proctor-ant-plugin,1.1.65,-,-,?,-,false,-
com.indeed,proctor-builder,1.1.65,-,-,?,-,false,-
com.indeed,proctor-codegen,1.1.65,-,-,?,-,false,-
com.indeed,proctor-codegen-test,1.1.65,-,-,?,-,false,-
com.indeed,proctor-common,1.1.65,-,-,?,-,false,-
com.indeed,proctor-consumer,1.1.65,-,-,?,-,false,-
com.indeed,proctor-maven-plugin,1.1.65,-,-,?,-,false,-
com.indeed,proctor-pipet-core,0.0.2,-,-,?,-,false,-
com.indeed,proctor-store,1.1.65,-,-,?,-,false,-
com.indeed,proctor-store-git,1.1.65,-,-,?,-,false,-
com.indeed,proctor-store-svn,1.1.65,-,-,?,-,false,-
com.indeed,proctor-webapp-library,1.1.13,-,-,?,-,false,-
com.indeed.sandbox,mph-table-test-publish,1.0.26,-,-,?,-,false,-
com.indeed,status-core,1.0.26,-,-,?,-,false,-
com.indeed,status-web,1.0.26,-,-,?,-,false,-
com.indeed,util-compress,1.0.25,-,-,?,-,false,-
com.indeed,util-core,1.0.25,-,-,?,-,false,-
com.indeed,util-io,1.0.25,-,-,?,-,false,-
com.indeed,util-mmap,1.0.25,-,-,?,-,false,sun.misc.Unsafe                          See http://openjdk.java.net/jeps/260
com.indeed,util-serialization,1.0.25,-,-,?,-,false,-
com.indeed,util-urlparsing,1.0.25,-,-,?,-,false,-
com.indeed,util-varexport,1.0.25,-,-,?,-,false,-
com.indeed,util-zookeeper,1.0.25,-,-,?,-,false,-
com.indeed,vw-wrapper,5.1.3,-,-,?,-,false,-
com.indeed,wagon-maven-plugin-ssh-agent,1.2,-,-,?,-,false,-
com.iovation.launchkey,sdk,4.2.1,-,-,?,-,false,-
com.iovation.launchkey,sdk-examples-cli,4.2.1,-,-,?,-,false,-
com.iovation.launchkey,sdk-examples-spring-mvc,4.2.1,-,-,?,-,false,-
com.iovation.launchkey,sdk-integration-tests,4.2.1,-,-,?,-,false,-
com.laamella,dtotabase,1.2,-,-,?,-,false,-
com.laamella,mpu6502,0.1,-,-,?,-,false,-
com.laamella,parameter-source,1.0,-,-,?,-,false,-
com.laimiux.rxtube,rxtube,0.0.3,-,-,?,-,false,-
com.limemojito.oss.aws,aws-cleaner,4.0.1,-,-,?,-,false,sun.misc.Unsafe                          See http://openjdk.java.net/jeps/260 + sun.reflect.Reflection                   Use java.lang.StackWalker @since 9
com.mannanlive,btcmarkets-java,0.1,-,-,?,-,false,-
com.marklogic,marklogic-client-api,4.1.0,-,-,?,-,false,-
com.marklogic,marklogic-corb,2.4.1,-,-,?,-,false,-
com.marklogic,marklogic-data-hub,3.0.0,-,-,?,-,false,-
com.marklogic,marklogic-data-movement-components,1.0,-,-,?,-,false,-
com.marklogic,marklogic-jena,3.0.5,-,-,?,-,false,-
com.marklogic,marklogic-mapreduce2,2.2.6,-,-,?,-,false,-
com.marklogic,marklogic-rdf4j,1.2.2-M1,-,-,?,-,false,-
com.marklogic,ml-app-deployer,3.6.3,-,-,?,-,false,-
com.marklogic,mlcp,9.0.6,-,-,?,-,false,-
com.marklogic,mlcp-util,0.9.0,-,-,?,-,false,-
com.marklogic,ml-gradle,3.6.3,-,-,?,-,false,-
com.marklogic,ml-javaclient-util,3.6.0,-,-,?,-,false,-
com.meancat,dropwizard-swagger,1.0.5-5,-,-,?,-,false,-
com.michaelpardo,oolong,1.0.0,-,-,?,-,false,-
com.michaelwflaherty,cleverbotapi,1.0.2,-,-,?,-,false,-
com.netshoes,distributed-process-worker,0.0.7,-,-,?,-,false,-
com.netshoes,distributed-process-worker-support-test,0.0.7,-,-,?,-,false,-
com.netshoes,spring-cloud-sleuth-amqp,0.10,-,-,?,-,false,-
com.netshoes,spring-cloud-sleuth-amqp-starter,0.10,-,-,?,-,false,-
com.nexthink,root_2.11,1.1.1,-,-,?,-,false,-
com.nexthink,root_2.12,1.1.0,-,-,?,-,false,-
com.nexthink,scala-parser-combinators-completion_2.11,1.1.1,-,-,?,-,false,-
com.nexthink,scala-parser-combinators-completion_2.12,1.1.1,-,-,?,-,false,-
com.nexthink,scala-parser-combinators-completion-async_2.11,1.1.1,-,-,?,-,false,-
com.nexthink,scala-parser-combinators-completion-async_2.12,1.1.1,-,-,?,-,false,-
com.oneeyedmen,k-sera,1.0.0,-,-,?,-,false,-
com.oneeyedmen,okeydoke,1.1.0,-,-,?,-,false,-
com.parmet,mysql2h2-converter,0.2.1,-,-,?,-,false,-
com.parmet,mysql2h2-parser,0.2.1,-,-,?,-,false,-
com.positiverobot,guvna,2.1.0,-,-,?,-,false,-
com.qasymphony.qtest,qtest-sdk-java,1.4.9,-,-,?,-,false,-
com.qbcps,qbcollections,2.6,-,-,?,-,false,-
com.qualinsight.mojo.cobertura,qualinsight-mojo-cobertura-conversion,2.0.0,-,-,?,-,false,-
com.qualinsight.mojo.cobertura,qualinsight-mojo-cobertura-core,2.0.0,-,-,?,-,false,-
com.qualinsight.plugins.sonarqube,qualinsight-plugins-sonarqube-smell-api,4.0.0,-,-,?,-,false,-
com.qualinsight.plugins.sonarqube,qualinsight-plugins-sonarqube-smell-plugin,4.0.0,-,-,?,-,false,-
com.quinsoft.zeidon,jasper-reports,1.5.0,-,-,?,-,false,-
com.quinsoft.zeidon,javascript,1.5.0,-,-,?,-,false,-
com.quinsoft.zeidon,object-browser,1.5.0,-,-,?,-,false,-
com.quinsoft.zeidon,zeidon-android,1.5.0,-,-,?,-,false,-
com.quinsoft.zeidon,zeidon-jconsole-plugin,1.5.0,-,-,?,-,false,-
com.quinsoft.zeidon,zeidon-joe,1.5.0,-,-,?,-,false,-
com.quinsoft.zeidon,zeidon-operations,1.5.0,-,-,?,-,false,-
com.quinsoft.zeidon,zeidon-scala,1.5.0,-,-,?,-,false,-
com.quinsoft.zeidon,zeidon-scalatra-rest,1.5.0,-,-,?,-,false,-
com.quinsoft.zeidon,zruby,1.5.0,-,-,?,-,false,-
com.rongyiapp,liveconfig,1.0,-,-,?,-,false,-
com.rongyiapp,spring-cloud-eureka-versioned-filter,0.0.1,-,-,?,-,false,-
com.servicerocket.confluence.plugin,servicerocket-utility-library,2.3.3,-,-,?,-,false,-
com.servicerocket.confluence.randombits,core,2.3.2,-,-,?,-,false,-
com.sibvisions.jvx,jvxall,2.7,-,-,?,-,false,-
com.sibvisions.jvx,jvxclient,2.7,-,-,?,-,false,-
com.sibvisions.jvx,jvxserver,2.7,-,-,?,-,false,-
com.solidstategroup,bullet-train-client,1.1,-,-,?,-,false,-
com.stellarstation.api,stellarstation-api,0.0.6,-,-,?,-,false,-
com.sword-group.bizdock.desktop,maf-desktop-app,17.0.1,-,-,?,-,false,-
com.sword-group.bizdock.desktop,maf-desktop-datamodel,17.0.1,-,-,?,-,false,-
com.sword-group.bizdock.lib,app-framework,17.0.1,-,-,?,-,false,-
com.sword-group.bizdock.lib,maf-defaultplugins-extension,17.0.1,-,-,?,-,false,-
com.vimhe,easy-import,1.0.0-RELEASE,-,-,?,-,false,-
com.wandrell.maven.skins,docs-maven-skin,1.1.1,-,-,?,-,false,-
com.wandrell.tabletop,dice,1.0.4,-,-,?,-,false,-
com.wandrell.tabletop.dreadball,dreadball-model-api,0.7.4,-,-,?,-,false,-
com.wandrell.tabletop.dreadball,dreadball-model-default,0.6.1,-,-,?,-,false,-
com.wandrell.tabletop.dreadball,dreadball-model-json,0.7.1,-,-,?,-,false,-
com.wandrell.tabletop.dreadball,dreadball-model-persistence,0.6.4,-,-,?,-,false,-
com.wandrell.velocity,maven-site-fixer,1.0.0,-,-,?,-,false,-
com.wandrell.velocity,velocity-config-tool,1.0.0,-,-,?,-,false,-
com.weightwatchers,reactive-kinesis_2.11,0.6.10,-,-,?,-,false,-
com.weightwatchers,reactive-kinesis_2.12,0.6.10,-,-,?,-,false,-
com.xfmeet,aspect-log,1.0,-,-,?,-,false,-
com.yukihirai0505,common_2.11,2.1,-,-,?,-,false,-
com.yukihirai0505,ifollower_2.11,2.1,-,-,?,-,false,-
com.yukihirai0505,ipost_2.11,2.1,-,-,?,-,false,-
com.yukihirai0505,iservice_2.11,2.4.1,-,-,?,-,false,-
com.yukihirai0505,scala-request-json_2.11,2.2,-,-,?,-,false,-
com.yukihirai0505,sfacebook_2.11,0.0.2,-,-,?,-,false,-
com.yukihirai0505,sinstagram_2.11,0.2.9,-,-,?,-,false,-
