groupId,artifactId,version,moduleName,moduleVersion,moduleMode,moduleDependencies,jdepsToolError,jdepsViolations
ch.sharedvd.jaxb-plugins,xjc-non-null-getter,1.0.0,-,-,?,-,false,-
com.github.amaranthsoftware,structlog,0.0.6-RELEASE,-,-,?,-,false,-
com.github.assemblits,dynamo,1.0.3,-,-,?,-,false,-
com.github.atdixon,vivean,0.4.0-beta,-,-,?,-,false,-
com.github.atdixon,vivean-bench,0.4.0-beta,-,-,?,-,false,-
com.github.atdixon,vivean-quality,0.4.0-beta,-,-,?,-,false,-
com.github.atdixon,vroom,0.3.13,-,-,?,-,false,-
com.github.atdixon,vroom-bench,0.3.13,-,-,?,-,false,-
com.github.atdixon,vroom-quality,0.3.13,-,-,?,-,false,-
com.github.austinc,jnrepl,1.2,-,-,?,-,false,-
com.github.bigwheel,tapandpipe_2.12,1.0,-,-,?,-,false,-
com.github.bigwheel,thpy_2.12,0.1.0,-,-,?,-,false,-
com.github.blink-ai,slack-sdk,0.0.3,-,-,?,-,false,-
com.github.botaruibo,xvcode,1.0,-,-,?,-,false,-
com.github.busti,scalajs-interactjs_sjs0.6_2.12,1.0,-,-,?,-,false,-
com.github.davgeek,Stringer,1.0.0,-,-,?,-,false,-
com.github.dionmcm,ncts-syndication-client-cli,0.0.5,-,-,?,-,false,-
com.github.dionmcm,ncts-syndication-client-library,0.0.5,-,-,?,-,false,-
com.github.dionmcm,ncts-syndication-client-plugin,0.0.5,-,-,?,-,false,-
com.github.docker-java,docker-java,3.1.0-rc-4,-,-,?,-,false,-
com.github.dux-king,spring-rbac-replace,1.0.6,-,-,?,-,false,-
com.github.dwickern,akka-stream-alpakka-jms_2.11,0.17-PR799,-,-,?,-,false,-
com.github.dwickern,akka-stream-alpakka-jms_2.12,0.17-PR799,-,-,?,-,false,-
com.github.dwickern,playframework-leak-prevention_2.11,0.4,-,-,?,-,false,-
com.github.dwickern,scala-nameof_2.10,1.0.3,-,-,?,-,false,-
com.github.dwickern,scala-nameof_2.11,1.0.3,-,-,?,-,false,-
com.github.dwickern,scala-nameof_2.12,1.0.3,-,-,?,-,false,-
com.github.dwickern,scala-nameof_sjs0.6_2.10,1.0.3,-,-,?,-,false,-
com.github.dwickern,scala-nameof_sjs0.6_2.11,1.0.3,-,-,?,-,false,-
com.github.dwickern,scala-nameof_sjs0.6_2.12,1.0.3,-,-,?,-,false,-
com.github.dwickern,swagger-scala-module_2.10,1.0.5-PR46,-,-,?,-,false,-
com.github.dwickern,swagger-scala-module_2.11,1.0.5-PR46,-,-,?,-,false,-
com.github.dwickern,swagger-scala-module_2.12,1.0.5-PR46,-,-,?,-,false,-
com.github.eliux,megacmd4j,1.2.1-alpha,-,-,?,-,false,-
com.github.embeditcz.dbadvisor,dbadvisor-core,1.0.0,-,-,?,-,false,-
com.github.embeditcz.dbadvisor,dbadvisor-integration-test,1.0.0,-,-,?,-,false,-
com.github.erchu,beancp,1.0.2,-,-,?,-,false,-
com.github.esempla,validator,0.2,-,-,?,-,false,-
com.github.fakemongo,fongo,2.2.0-RC2,-,-,?,-,false,sun.misc.Unsafe                          See http://openjdk.java.net/jeps/260 + sun.reflect.generics.reflectiveObjects.NotImplementedException Removed. See http://openjdk.java.net/jeps/260
com.github.fsanaulla,chronicler_2.11,0.3.3,-,-,?,-,false,-
com.github.fsanaulla,chronicler_2.12,0.3.3,-,-,?,-,false,-
com.github.fsanaulla,chronicler-akka-http_2.11,0.3.3,-,-,?,-,false,-
com.github.fsanaulla,chronicler-akka-http_2.12,0.3.3,-,-,?,-,false,-
com.github.fsanaulla,chronicler-async-http_2.11,0.3.3,-,-,?,-,false,-
com.github.fsanaulla,chronicler-async-http_2.12,0.3.3,-,-,?,-,false,-
com.github.fsanaulla,chronicler-core_2.11,0.2.9,-,-,?,-,false,-
com.github.fsanaulla,chronicler-core_2.12,0.2.9,-,-,?,-,false,-
com.github.fsanaulla,chronicler-core-api_2.11,0.3.3,-,-,?,-,false,-
com.github.fsanaulla,chronicler-core-api_2.12,0.3.3,-,-,?,-,false,-
com.github.fsanaulla,chronicler-core-model_2.11,0.3.3,-,-,?,-,false,-
com.github.fsanaulla,chronicler-core-model_2.12,0.3.3,-,-,?,-,false,-
com.github.fsanaulla,chronicler-macros_2.11,0.3.3,-,-,?,-,false,-
com.github.fsanaulla,chronicler-macros_2.12,0.3.3,-,-,?,-,false,-
com.github.fsanaulla,chronicler-spark-ds_2.11,0.1.0,-,-,?,-,false,-
com.github.fsanaulla,chronicler-spark-rdd_2.11,0.1.0,-,-,?,-,false,-
com.github.fsanaulla,chronicler-spark-streaming_2.11,0.1.0,-,-,?,-,false,-
com.github.fsanaulla,chronicler-testing_2.11,0.2.6,-,-,?,-,false,-
com.github.fsanaulla,chronicler-testing_2.12,0.2.6,-,-,?,-,false,-
com.github.fsanaulla,chronicler-udp_2.11,0.3.3,-,-,?,-,false,-
com.github.fsanaulla,chronicler-udp_2.12,0.3.3,-,-,?,-,false,-
com.github.fsanaulla,chronicler-url-http_2.11,0.3.3,-,-,?,-,false,-
com.github.fsanaulla,chronicler-url-http_2.12,0.3.3,-,-,?,-,false,-
com.github.fsanaulla,core-testing_2.11,0.1.7,-,-,?,-,false,-
com.github.fsanaulla,core-testing_2.12,0.1.7,-,-,?,-,false,-
com.github.fsanaulla,scalacheck-generators_2.11,0.1.3,-,-,?,-,false,-
com.github.fsanaulla,scalacheck-generators_2.12,0.1.3,-,-,?,-,false,-
com.github.fsanaulla,scalatest-embedinflux_2.11,0.1.7,-,-,?,-,false,-
com.github.fsanaulla,scalatest-embedinflux_2.12,0.1.7,-,-,?,-,false,-
com.github.fsanaulla,specs2-embedinflux_2.11,0.1.7,-,-,?,-,false,-
com.github.fsanaulla,specs2-embedinflux_2.12,0.1.7,-,-,?,-,false,-
com.github.funthomas424242,rades-annotations,3.1.1,-,-,?,-,false,-
com.github.funthomas424242,rades.tag-generator,1.0.0,-,-,?,-,false,-
com.github.gcauchis,ScalablePress4j,0.1.2,-,-,?,-,false,-
com.github.gdjennings,elrest,2.0.2,-,-,?,-,false,-
com.github.gmcoringa,coordinator,0.0.2,-,-,?,-,false,-
com.github.greatermkemeetup,slack-integrations-api,1.1.0,-,-,?,-,false,-
com.github.greatermkemeetup,slack-integrations-core,1.1.0,-,-,?,-,false,-
com.github.greatermkemeetup,spring-restdocs-postman,0.0.1,-,-,?,-,false,-
com.github.gusenov,indexes,0.0.1,-,-,?,-,false,-
com.github.gusenov,sqlite-utils,0.0.1,-,-,?,-,false,-
com.github.hongxuchen,sbib_2.11,0.0.1,-,-,?,-,false,-
com.github.hongxuchen,sbib-macro_2.11,0.0.1,-,-,?,-,false,-
com.github.icecooly,ElephantJdbc,1.0.0,-,-,?,-,false,-
com.github.icecooly,ElephantRPC,1.0.0,-,-,?,-,false,-
com.github.icecooly,FastHttpClient,1.4,-,-,?,-,false,-
com.github.icecooly,PoiUtils,1.1,-,-,?,-,false,-
com.github.icecooly,SmartJdbc,1.0.8,-,-,?,-,false,-
com.github.icecooly,SmartJdbc-Spring,1.0.0,-,-,?,-,false,-
com.github.icecooly,WeixinAutoChat,1.0.0,-,-,?,-,false,-
com.github.java-json-tools,jackson-coreutils,1.9,-,-,?,-,false,-
com.github.java-json-tools,json-patch,1.10,-,-,?,-,false,-
com.github.java-json-tools,json-schema-core,1.2.10,-,-,?,-,false,-
com.github.java-json-tools,json-schema-validator,2.2.10,-,-,?,-,false,-
com.github.jc-roman,gatling-amqp_2.12,0.0.10,-,-,?,-,false,-
com.github.jhonyscamacho,abstract-domain,2.0.0,-,-,?,-,false,-
com.github.jhonyscamacho,abstract-persistence,2.0.0,-,-,?,-,false,-
com.github.jhonyscamacho,abstract-service,2.0.0,-,-,?,-,false,-
com.github.jhonyscamacho,authentication,2.0.2,-,-,?,-,false,-
com.github.jhonyscamacho,bootstrap-object,2.1.0,-,-,?,-,false,-
com.github.jhonyscamacho,email-dispatcher,1.0.0,-,-,?,-,false,-
com.github.jhonyscamacho,file-manager,1.0.1,-,-,?,-,false,-
com.github.jhonyscamacho,final-user,2.0.0,-,-,?,-,false,-
com.github.jhonyscamacho,jsf-component,1.0.0,-,-,?,-,false,-
com.github.jhonyscamacho,jsf-util,1.0.0,-,-,?,-,false,-
com.github.jhonyscamacho,notification-reset-password,1.0.0,-,-,?,-,false,-
com.github.jhonyscamacho,notifier,1.0.0,-,-,?,-,false,-
com.github.jhonyscamacho,simple-email,1.0.0,-,-,?,-,false,-
com.github.jhonyscamacho,util,2.0.0,-,-,?,-,false,-
com.github.jhonyscamacho,validators,1.0.1,-,-,?,-,false,-
com.github.jhonyscamacho,web-configuration,2.0.0,-,-,?,-,false,-
com.github.jhonyscamacho,web-file-uploaded,1.0.0,-,-,?,-,false,-
com.github.ji4597056,spring-websocket-forward,1.0.2.RELEASE,-,-,?,-,false,-
com.github.joaquimsn,querysearch,0.2.0,-,-,?,-,false,-
com.github.jrachiele,java-timeseries,0.2.1,-,-,?,-,false,-
com.github.jrachiele,math,0.3,-,-,?,-,false,-
com.github.jrachiele,timeseries,0.3,-,-,?,-,false,-
com.github.jsqlparser,jsqlparser,1.2,-,-,?,-,false,-
com.github.ka4ok85,watson-campaign-automation-spring,0.0.4,-,-,?,-,false,-
com.github.kostasdrakonakis,android-navigator-annotations,1.2.3,-,-,?,-,false,-
com.github.kostasdrakonakis,android-navigator-compiler,1.2.3,-,-,?,-,false,-
com.github.ladutsko,isbn-core,1.0.8,-,-,?,-,false,-
com.github.ladutsko,spring-boot-starter-hjson,2.0.0,-,-,?,-,false,-
com.github.ladutsko,spring-boot-starter-hocon,2.0.0,-,-,?,-,false,-
com.github.ladutsko,spring-boot-starter-toml,2.0.0,-,-,?,-,false,-
com.github.lastrix,asn1s-api,0.2-ALPHA,-,-,?,-,false,-
com.github.lastrix,asn1s-core,0.2-ALPHA,-,-,?,-,false,-
com.github.lastrix,asn1s-databind,0.2-ALPHA,-,-,?,-,false,-
com.github.lastrix,asn1s-io,0.2-ALPHA,-,-,?,-,false,-
com.github.lastrix,asn1s-schema,0.2-ALPHA,-,-,?,-,false,-
com.github.lastrix,asn1s-tests,0.2-ALPHA,-,-,?,-,false,-
com.github.lordrex34.config,commons-annotation-config,1.0.5,-,-,?,-,false,-
com.github.lordrex34.reflection,commons-reflection-utils,1.0.2,-,-,?,-,false,-
com.github.lukaszbudnik.gugis,gugis,1.0.1,-,-,?,-,false,-
com.github.macgregor,endlessfrontier-model,0.0.1,-,-,?,-,false,-
com.github.magicae,hibernate-snowball-id-generator,0.2.0,-,-,?,-,false,-
com.github.malliina,util-audio_2.11,2.0.1,-,-,?,-,false,-
com.github.marschall,charsequences,0.5.3,com.github.marschall.charsequences,-,explicit,java.base,false,-
com.github.marschall,getrandom-provider-benchmarks,0.1.1,-,-,?,-,false,sun.misc.Unsafe                          See http://openjdk.java.net/jeps/260
com.github.marschall,jdeps-maven-plugin,0.4.2,-,-,?,-,false,-
com.github.marschall,line-parser,0.5.0,com.github.marschall.lineparser,-,explicit,jdk.unsupported + java.base,false,-
com.github.marschall,memoryfilesystem,1.2.2,com.github.marschall.memoryfilesystem,-,explicit,java.annotation + java.base,false,-
com.github.marschall,stored-procedure-proxy,0.11.0,com.github.marschall.stored.procedure.proxy,-,explicit,java.sql + spring.beans + spring.core + postgresql + spring.jdbc + spring.tx + java.base,false,-
com.github.marschall,string-dedup-parser,0.3.0,com.github.marschall.stringdedupparser,-,explicit,com.github.marschall.lineparser + com.github.marschall.charsequences + java.base,true,-
com.github.marschall,threeten-jpa-h2-eclipselink,1.11,-,-,?,-,false,-
com.github.marschall,threeten-jpa-jdbc42-hibernate,1.11,-,-,?,-,false,-
com.github.marschall,threeten-jpa-mssql-eclipselink,1.11,-,-,?,-,false,-
com.github.marschall,threeten-jpa-oracle-eclipselink,1.11,-,-,?,-,false,-
com.github.marschall,threeten-jpa-test,1.11,-,-,?,-,false,-
com.github.maskwerewolf,flower-core,1.0,-,-,?,-,false,-
com.github.maskwerewolf,flower-mysql,1.0,-,-,?,-,false,-
com.github.mautini,schemaorg-java,1.0.1,-,-,?,-,false,-
com.github.messenger4j,messenger4j,1.0.0,-,-,?,-,false,-
com.github.mibo,jaxrsdoc,1.1.0,org.glassfish.java.json,-,explicit,java.base,false,-
com.github.mibo,jaxrs-doc-maven-plugin,1.1.0,-,-,?,-,false,-
com.github.misberner.duzzt,duzzt-annotations,0.1.0,-,-,?,-,false,-
com.github.misberner.duzzt,duzzt-processor,0.1.0,-,-,?,-,false,-
com.github.mygreen,excel-cellformatter,0.10,-,-,?,-,false,-
com.github.mygreen,super-csv-annotation,2.2,-,-,?,-,false,-
com.github.mygreen,xlsmapper,2.0,-,-,?,-,false,-
com.github.myzhan,locust4j,1.0.1,-,-,?,-,false,-
com.github.nic-luo,ossrh-demo,1.0,-,-,?,-,false,-
com.github.nic-luo,rober-base,1.0,-,-,?,-,false,-
com.github.nic-luo,rober-dataform,1.0,-,-,?,-,false,-
com.github.nic-luo,rober-office,1.0,-,-,?,-,false,-
com.github.nic-luo,rober-runtime,1.0,-,-,?,-,false,-
com.github.nic-luo,rober-sql,1.0,-,-,?,-,false,-
com.github.panga,java-beans-lite,1.0.2,com.github.panga.beans,-,automatic,-,false,-
com.github.panga,lite-beans,1.0.0,lite.beans,-,automatic,-,false,-
com.github.peterbencze,serritor,1.4.0,-,-,?,-,false,-
com.github.pipauwel,EXPRESStoOWL,0.2,-,-,?,-,false,-
com.github.pipauwel,ifcParserLib,0.2,-,-,?,-,false,-
com.github.pipauwel,IFCtoRDF,0.2,-,-,?,-,false,-
com.github.poslegm,scala-phash_2.12,1.1.0,-,-,?,-,false,-
com.github.ptrajdos,MulanMultiSearch,0.1.1,-,-,?,-,false,-
com.github.ptrajdos,PiecewiseLinearClassifiers,1.0.1,-,-,?,-,false,-
com.github.ptrajdos,WekaEnsembleSystems,1.0.0,-,-,?,-,false,-
com.github.ptrajdos,WekaNearestCentroid,1.2.6,-,-,?,-,false,-
com.github.ptrajdos,WekaTools,0.1.2,-,-,?,-,false,-
com.github.rafelbev,logback-mattermost-appender,1.0.0,-,-,?,-,false,-
com.github.richardwrq,krouter-annotation,0.1.3,-,-,?,-,false,-
com.github.richardwrq,krouter-compiler,0.1.4,-,-,?,-,false,-
com.github.richardwrq,krouter-gradle-plugin,0.1.8,-,-,?,-,false,-
com.github.rkpunjal.sqlsafe,sql-injection-safe,1.0.2,-,-,?,-,false,-
com.github.rodrigotm,ciashop-java,1.0.4,-,-,?,-,false,-
com.github.rosklyar,nem-library,1.1,-,-,?,-,false,-
com.github.rozidan,modelmapper-spring-boot-starter,1.0.0,-,-,?,-,false,-
com.github.saftsau,xREL4J,1.1,-,-,?,-,false,-
com.github.sahindagdelen,JavaHereApi,1.0,-,-,?,-,false,-
com.github.sarveswaran-m,util.concurrent.blockingMap,0.91,-,-,?,-,false,-
com.github.seasarorg.mayaa,mayaa,1.1.34,-,-,?,-,false,-
com.github.sebhoss.yosql,yosql-maven-plugin,0.0.1,-,-,?,-,false,-
com.github.sn42.gwt,gwt-rpc-async-processor,0.1,-,-,?,-,false,-
com.github.somchit,jv2d-core,1.0.0,-,-,?,-,false,-
com.github.spotbugs,sonar-findbugs-plugin,3.7.0,-,-,?,-,false,-
com.github.spotbugs,spotbugs,3.1.6,com.github.spotbugs.spotbugs,-,automatic,-,false,com.apple.eawt.Application               Use java.awt.Desktop and JEP 272 @since 9 + com.apple.eawt.ApplicationAdapter        Use java.awt.Desktop and JEP 272 @since 9 + com.apple.eawt.ApplicationEvent          Use java.awt.Desktop and JEP 272 @since 9 + com.apple.eawt.ApplicationListener       Use java.awt.Desktop and JEP 272 @since 9
com.github.spotbugs,spotbugs-annotations,3.1.6,com.github.spotbugs.annotations,-,automatic,-,false,-
com.github.spotbugs,spotbugs-ant,3.1.6,com.github.spotbugs.ant,-,automatic,-,false,-
com.github.spotbugs,spotbugs-maven-plugin,3.1.6,-,-,?,-,false,-
com.github.spotbugs,test-harness,3.1.6,com.github.spotbugs.test,-,automatic,-,false,-
com.github.spotbugs,test-harness-core,3.1.6,com.github.spotbugs.test.core,-,automatic,-,false,-
com.github.spotbugs,test-harness-jupiter,3.1.6,com.github.spotbugs.test.jupiter,-,automatic,-,false,-
com.github.spucman,xml-splitter,0.2.0,-,-,?,-,false,-
com.github.ssmplus,ssmplus-controller,3.4.2,-,-,?,-,false,-
com.github.ssmplus,ssmplus-entity,3.4.2,-,-,?,-,false,-
com.github.ssmplus,ssmplus-interface,3.4.2,-,-,?,-,false,-
com.github.ssmplus,ssmplus-service,3.4.2,-,-,?,-,false,-
com.github.susom,database,2.5,-,-,?,-,false,-
com.github.susom,database-goodies,1.0,-,-,?,-,false,-
com.github.susom,server-logging,1.0,-,-,?,-,false,-
com.github.susom,vertx-parent-files,1.1,-,-,?,-,false,-
com.github.swissquote,carnotzet-core,1.7.6,-,-,?,-,false,-
com.github.swissquote,carnotzet-orchestrator-docker-compose,1.7.6,-,-,?,-,false,-
com.github.swissquote,zet-maven-plugin,1.7.6,-,-,?,-,false,-
com.github.swri-robotics,bag-reader-java,1.10.0,-,-,?,-,false,-
com.github.swri-robotics,lz4,1.5.0,-,-,?,-,false,sun.misc.Unsafe                          See http://openjdk.java.net/jeps/260
com.github.tarao,namedcap_2.11,0.0.2,-,-,?,-,false,-
com.github.tarao,namedcap_2.12,0.0.2,-,-,?,-,false,-
com.github.tarao,nonempty_2.11,0.0.7,-,-,?,-,false,-
com.github.tarao,nonempty_2.12,0.0.7,-,-,?,-,false,-
com.github.tarao,slick-jdbc-extension_2.11,0.0.8,-,-,?,-,false,-
com.github.tarao,slick-jdbc-extension_2.12,0.0.8,-,-,?,-,false,-
com.github.themrmilchmann.kopt,kopt,0.4.0,com.github.themrmilchmann.kopt,-,explicit,jsr305 + java.base + kotlin.stdlib,true,-
com.github.themrmilchmann.kraton,kraton,0.1.1,-,-,?,-,false,-
com.github.themrmilchmann.kraton,kraton-gradle,0.1.1,-,-,?,-,false,-
com.github.themrmilchmann.kraton,kraton-lang-java,0.1.1,-,-,?,-,false,-
com.github.themrmilchmann.mjl,mjl-events,1.1.3,com.github.themrmilchmann.mjl.events,-,explicit,jsr305 + java.base,true,-
com.github.tiagompalte,tcc-porta-servico,1.0.14,-,-,?,-,false,-
com.github.tomakehurst,wiremock,2.18.0,-,-,?,-,false,-
com.github.tomakehurst,wiremock-standalone,2.18.0,-,-,?,-,false,sun.misc.Unsafe                          See http://openjdk.java.net/jeps/260
com.github.tomasmikula,hasheq_2.11,0.3,-,-,?,-,false,-
com.github.tomasmikula,hasheq_2.12,0.3,-,-,?,-,false,-
com.github.tomasmikula,pascal_2.10,0.3,-,-,?,-,false,-
com.github.tomasmikula,pascal_2.11,0.3,-,-,?,-,false,-
com.github.tomasmikula,pascal_2.12,0.3,-,-,?,-,false,-
com.github.tomasmikula,pascal_2.13.0-M1,0.2,-,-,?,-,false,-
com.github.tomasmikula,pascal_2.13.0-M2,0.2.1,-,-,?,-,false,-
com.github.tomasmikula,pascal_2.13.0-M4,0.3,-,-,?,-,false,-
com.github.tomschi,commons-annotation,0.2.0,-,-,?,-,false,-
com.github.tomschi,commons-aspect,0.2.0,-,-,?,-,false,-
com.github.tomschi,commons-data,0.2.0,-,-,?,-,false,-
com.github.tomschi,commons-data-test,0.1.0,-,-,?,-,false,-
com.github.tomschi,commons-slf4j,0.2.0,-,-,?,-,false,-
com.github.tomschi,commons-spring-data,0.2.0,-,-,?,-,false,-
com.github.tomschi,commons-spring-data-jpa,0.2.0,-,-,?,-,false,-
com.github.twalcari,java-prettify,2.0.4,-,-,?,-,false,-
com.github.twalcari,syntaxhighlighterfx,3.0.0,syntaxhighlighterfx,-,explicit,javafx.base + javafx.controls + java.logging + reactfx + javafx.graphics + java.base + richtextfx,true,-
com.github.txxs,common-response,1.0.1,-,-,?,-,false,-
com.github.txxs,common-utils,1.0.2,-,-,?,-,false,-
com.github.txxs,springboot-memcached,1.0.1,-,-,?,-,false,-
com.github.txxs,zookeeper-distributelock,1.0.1,-,-,?,-,false,-
com.github.uosdmlab,spark-nkp_2.11,0.3.3,-,-,?,-,false,-
com.github.vivekkothari,dropwizard-trim,1.2.4,-,-,?,-,false,-
com.github.vivekkothari,yamlparser,0.0.3,-,-,?,-,false,-
com.github.votoanthuan,sigar,1.6.4,-,-,?,-,false,sun.misc.Signal                          See http://openjdk.java.net/jeps/260 + sun.misc.SignalHandler                   See http://openjdk.java.net/jeps/260
com.github.wajda,scala-ts_2.11,0.4.0.0,-,-,?,-,false,-
com.github.wasiqb.coteafs,appium,2.2.0,-,-,?,-,false,-
com.github.wasiqb.coteafs,configs,1.6.0,-,-,?,-,false,-
com.github.wasiqb.coteafs,error,1.5.0,-,-,?,-,false,-
com.github.wasiqb.coteafs,logger,1.6.0,-,-,?,-,false,-
com.github.wasiqb.coteafs,services,1.0.0-beta6,-,-,?,-,false,-
com.github.william-hill-online,cassandra-gradle-plugin,0.3,-,-,?,-,false,-
com.github.william-hill-online,cassandra-maven-plugin,1.2,-,-,?,-,false,-
com.github.william-hill-online,wiremock-gradle-plugin,0.4.1,-,-,?,-,false,-
com.github.wuyanlin,dajar,1.0.2,-,-,?,-,false,-
com.github.xapn,test-as-you-think-core,0.8-m1,-,-,?,-,false,-
com.github.xfslove,shiro-uaa-auth-server,1.0.0,-,-,?,-,false,-
com.github.xfslove,shiro-uaa-common,1.0.0,-,-,?,-,false,-
com.github.xfslove,shiro-uaa-resource-server,1.0.0,-,-,?,-,false,-
com.github.xfslove,spreadsheet-mapper,1.3.1,-,-,?,-,false,-
com.github.xyyxhcj,cj-utils,1.0.7,-,-,?,-,false,-
com.github.yangjianzhou,spring-boot-unitils-starter,1.2.0.RELEASE,-,-,?,-,false,-
com.github.zhangdongsheng2,first_maven_zds,0.0.1,-,-,?,-,false,-
com.github.zhengzhanpeng,efficient_cache,1.0.0,-,-,?,-,false,-
com.github.zhengzhanpeng,recurrent-search,1.0.0,-,-,?,-,false,-
com.github.zhengzhanpeng,recurrent_search_framework,1.2.3,-,-,?,-,false,-
io.symphonia,lambda-logging,1.0.2,-,-,?,-,false,-
io.symphonia,lambda-metrics,1.0.2,-,-,?,-,false,-
io.symphonia,lambda-metrics-maven-plugin,1.0.2,-,-,?,-,false,-
io.symphonia,lambda-monitoring-sample-project,1.0.2,-,-,?,-,false,sun.misc.Unsafe                          See http://openjdk.java.net/jeps/260 + sun.reflect.Reflection                   Use java.lang.StackWalker @since 9
org.facebook4j,facebook4j-core,2.4.12,-,-,?,-,false,-
org.jusecase,builders-generator,0.6.0,-,-,?,-,false,-
