groupId,artifactId,version,moduleName,moduleVersion,moduleMode,moduleDependencies,jdepsToolError,jdepsViolations
com.acheck21.java,checks,1.0.0,-,-,?,-,false,-
com.adrianhurt,play-bootstrap_2.10,1.2-P24-B4,-,-,?,-,false,-
com.adrianhurt,play-bootstrap_2.11,1.2-P26-B4,-,-,?,-,false,-
com.adrianhurt,play-bootstrap_2.12,1.2-P26-B4,-,-,?,-,false,-
com.adrianhurt,play-bootstrap-core_2.10,1.2-P24,-,-,?,-,false,-
com.adrianhurt,play-bootstrap-core_2.11,1.2-P26,-,-,?,-,false,-
com.adrianhurt,play-bootstrap-core_2.12,1.2-P26,-,-,?,-,false,-
com.aliyun,aliyun-java-sdk-openanalytics-open,1.0.1,-,-,?,-,false,-
com.arronlong,httpclientutil,1.0,-,-,?,-,false,-
com.arronlong.httpclientutil,httpclientutil,1.0,-,-,?,-,false,-
com.auth0,auth0,1.8.0,-,-,?,-,false,-
com.auth0,auth0-spring-security-api,1.1.0,-,-,?,-,false,-
com.auth0,auth0-spring-security-mvc,1.3.0,-,-,?,-,false,-
com.auth0,guardian,0.3.0,-,-,?,-,false,-
com.auth0,java-jwt,3.4.0,-,-,?,-,false,-
com.auth0,jwks-rsa,0.6.0,-,-,?,-,false,-
com.auth0,mvc-auth-commons,1.0.0,-,-,?,-,false,-
com.axondevgroup,contrib-maven-git-policy,1.1,-,-,?,-,false,-
com.axondevgroup,maven-git-policy,1.0,-,-,?,-,false,-
com.codepoetics,fluvius-api,1.10,-,-,?,-,false,-
com.codepoetics,fluvius-core,1.10,-,-,?,-,false,-
com.codepoetics,fluvius-json,1.10,-,-,?,-,false,-
com.codepoetics,octarine-bson,0.18,-,-,?,-,false,-
com.codepoetics,octarine-functional,0.18,-,-,?,-,false,-
com.codepoetics,octarine-json,0.18,-,-,?,-,false,-
com.codepoetics,octarine-recordjoins,0.18,-,-,?,-,false,-
com.codepoetics,octarine-test,0.18,-,-,?,-,false,-
com.codepoetics,protonpack,1.15,-,-,?,-,false,-
com.codepoetics,vaporetto,1.2,-,-,?,-,false,-
com.crivano,swaggerservlet,1.13.0,-,-,?,-,false,-
com.cuisongliu,beetl-spring-boot-autoconfigure,1.5,-,-,?,-,false,-
com.cuisongliu,beetl-spring-boot-starter,1.5,-,-,?,-,false,-
com.cuisongliu,druid-spring-boot-autoconfigure,1.3,-,-,?,-,false,-
com.cuisongliu,druid-spring-boot-starter,1.3,-,-,?,-,false,-
com.cuisongliu,fastjson-spring-boot-autoconfigure,1.0,-,-,?,-,false,-
com.cuisongliu,fastjson-spring-boot-starter,1.0,-,-,?,-,false,-
com.cuisongliu,jwt-spring-boot-autoconfigure,1.3,-,-,?,-,false,-
com.cuisongliu,jwt-spring-boot-starter,1.3,-,-,?,-,false,-
com.cuisongliu,kaptcha-spring-boot-autoconfigure,1.3,-,-,?,-,false,-
com.cuisongliu,kaptcha-spring-boot-starter,1.3,-,-,?,-,false,-
com.cuisongliu,orderbyhelper-spring-boot-autoconfigure,1.0.2,-,-,?,-,false,-
com.cuisongliu,orderbyhelper-spring-boot-starter,1.0.2,-,-,?,-,false,-
com.cuisongliu,springboot,1.0.5,-,-,?,-,false,-
com.cuisongliu,swagger-spring-boot-autoconfigure,1.1,-,-,?,-,false,-
com.cuisongliu,swagger-spring-boot-starter,1.1,-,-,?,-,false,-
com.cuisongliu,usrcloud-spring-boot-autoconfigure,1.4.1,-,-,?,-,false,-
com.cuisongliu,usrcloud-spring-boot-starter,1.4.1,-,-,?,-,false,-
com.ecsteam.cloudfoundry,firehosenozzle,0.0.1,-,-,?,-,false,-
com.formulasearchengine,basex-backend,1.0.1,-,-,?,-,false,-
com.formulasearchengine,mathmlconverters,1.0.0,-,-,?,-,false,-
com.formulasearchengine,mathmlquerygenerator,1.0.0,-,-,?,-,false,-
com.formulasearchengine,mathmltools,0.4.0,-,-,?,-,false,-
com.formulasearchengine.mathmltools,mathml-converters,2.0.1,-,-,?,-,false,-
com.formulasearchengine.mathmltools,mathml-core,2.0.1,-,-,?,-,false,-
com.formulasearchengine.mathmltools,mathml-gold,2.0.1,-,-,?,-,false,-
com.formulasearchengine.mathmltools,mathml-libs,2.0.1,-,-,?,-,false,-
com.formulasearchengine.mathmltools,mathml-similarity,2.0.1,-,-,?,-,false,-
com.formulasearchengine.mathmltools,mathml-utils,2.0.1,-,-,?,-,false,-
com.github.bigwheel,util-backports_2.12,1.0,-,-,?,-,false,-
com.google.apis,google-api-services-runtimeconfig,v1-rev425-1.25.0,-,-,?,-,false,-
com.google.apis,google-api-services-safebrowsing,v4-rev69-1.25.0,-,-,?,-,false,-
com.google.apis,google-api-services-script,v1-rev248-1.25.0,-,-,?,-,false,-
com.google.apis,google-api-services-searchconsole,v1-rev370-1.25.0,-,-,?,-,false,-
com.holon-platform.core,documentation-core,5.2.0-alpha1,-,-,?,-,false,-
com.holon-platform.core,holon-async-datastore,5.2.0-alpha1,com.holonplatform.async.datastore,-,automatic,-,false,-
com.holon-platform.core,holon-async-http,5.2.0-alpha1,com.holonplatform.async.http,-,automatic,-,false,-
com.holon-platform.core,holon-auth,5.2.0-alpha1,com.holonplatform.auth,-,automatic,-,false,-
com.holon-platform.core,holon-auth-jwt,5.2.0-alpha1,com.holonplatform.auth.jwt,-,automatic,-,false,-
com.holon-platform.core,holon-core,5.2.0-alpha1,com.holonplatform.core,-,automatic,-,false,-
com.holon-platform.core,holon-http,5.2.0-alpha1,com.holonplatform.http,-,automatic,-,false,-
com.holon-platform.core,holon-spring,5.2.0-alpha1,com.holonplatform.spring,-,automatic,-,false,-
com.holon-platform.core,holon-spring-boot,5.2.0-alpha1,com.holonplatform.spring.boot,-,automatic,-,false,-
com.holon-platform.core,holon-spring-security,5.2.0-alpha1,com.holonplatform.spring.security,-,automatic,-,false,-
com.holon-platform.core,holon-starter,5.2.0-alpha1,-,-,?,-,false,-
com.holon-platform.core,holon-starter-security,5.2.0-alpha1,-,-,?,-,false,-
com.holon-platform.core,holon-starter-test,5.2.0-alpha1,-,-,?,-,false,-
com.holon-platform,documentation,5.2.0-alpha1,-,-,?,-,false,-
com.holon-platform,holon-shared,1.0.5,-,-,?,-,false,-
com.holon-platform.jaxrs,documentation-jaxrs,5.2.0-alpha1,-,-,?,-,false,-
com.holon-platform.jaxrs,holon-jaxrs-client,5.2.0-alpha1,com.holonplatform.jaxrs.client,-,automatic,-,false,-
com.holon-platform.jaxrs,holon-jaxrs-commons,5.2.0-alpha1,com.holonplatform.jaxrs,-,automatic,-,false,-
com.holon-platform.jaxrs,holon-jaxrs-server,5.2.0-alpha1,com.holonplatform.jaxrs.server,-,automatic,-,false,-
com.holon-platform.jaxrs,holon-jaxrs-spring-boot-client,5.2.0-alpha1,com.holonplatform.jaxrs.spring.boot,-,automatic,-,false,-
com.holon-platform.jaxrs,holon-jaxrs-spring-boot-jersey,5.2.0-alpha1,com.holonplatform.jaxrs.spring.boot.jersey,-,automatic,-,false,-
com.holon-platform.jaxrs,holon-jaxrs-spring-boot-resteasy,5.2.0-alpha1,com.holonplatform.jaxrs.spring.boot.resteasy,-,automatic,-,false,-
com.holon-platform.jaxrs,holon-jaxrs-spring-security,5.2.0-alpha1,com.holonplatform.jaxrs.server.security,-,automatic,-,false,-
com.holon-platform.jaxrs,holon-jaxrs-swagger,5.2.0-alpha1,com.holonplatform.jaxrs.swagger,-,automatic,-,false,-
com.holon-platform.jaxrs,holon-starter-jersey,5.2.0-alpha1,-,-,?,-,false,-
com.holon-platform.jaxrs,holon-starter-jersey-client,5.2.0-alpha1,-,-,?,-,false,-
com.holon-platform.jaxrs,holon-starter-jersey-client-gson,5.2.0-alpha1,-,-,?,-,false,-
com.holon-platform.jaxrs,holon-starter-jersey-gson,5.2.0-alpha1,-,-,?,-,false,-
com.holon-platform.jaxrs,holon-starter-jersey-undertow,5.2.0-alpha1,-,-,?,-,false,-
com.holon-platform.jaxrs,holon-starter-jersey-undertow-gson,5.2.0-alpha1,-,-,?,-,false,-
com.holon-platform.jaxrs,holon-starter-resteasy,5.2.0-alpha1,-,-,?,-,false,-
com.holon-platform.jaxrs,holon-starter-resteasy-client,5.2.0-alpha1,-,-,?,-,false,-
com.holon-platform.jaxrs,holon-starter-resteasy-client-gson,5.2.0-alpha1,-,-,?,-,false,-
com.holon-platform.jaxrs,holon-starter-resteasy-gson,5.2.0-alpha1,-,-,?,-,false,-
com.holon-platform.jaxrs,holon-starter-resteasy-undertow,5.2.0-alpha1,-,-,?,-,false,-
com.holon-platform.jaxrs,holon-starter-resteasy-undertow-gson,5.2.0-alpha1,-,-,?,-,false,-
com.holon-platform.jdbc,documentation-datastore-jdbc,5.2.0-alpha1,-,-,?,-,false,-
com.holon-platform.jdbc,documentation-jdbc,5.2.0-alpha1,-,-,?,-,false,-
com.holon-platform.jdbc,holon-datastore-jdbc,5.2.0-alpha1,com.holonplatform.datastore.jdbc,-,automatic,-,false,-
com.holon-platform.jdbc,holon-datastore-jdbc-composer,5.2.0-alpha1,com.holonplatform.datastore.jdbc.composer,-,automatic,-,false,-
com.holon-platform.jdbc,holon-datastore-jdbc-spring,5.2.0-alpha1,com.holonplatform.datastore.jdbc.spring,-,automatic,-,false,-
com.holon-platform.jdbc,holon-datastore-jdbc-spring-boot,5.2.0-alpha1,com.holonplatform.datastore.jdbc.spring.boot,-,automatic,-,false,-
com.holon-platform.jdbc,holon-jdbc,5.2.0-alpha1,-,-,?,-,false,-
com.holon-platform.jdbc,holon-jdbc-spring,5.2.0-alpha1,com.holonplatform.jdbc.spring,-,automatic,-,false,-
com.holon-platform.jdbc,holon-jdbc-spring-boot,5.2.0-alpha1,com.holonplatform.jdbc.spring.boot,-,automatic,-,false,-
com.holon-platform.jdbc,holon-starter-jdbc,5.2.0-alpha1,-,-,?,-,false,-
com.holon-platform.jdbc,holon-starter-jdbc-datastore,5.2.0-alpha1,-,-,?,-,false,-
com.holon-platform.jdbc,holon-starter-jdbc-datastore-hikaricp,5.2.0-alpha1,-,-,?,-,false,-
com.holon-platform.jdbc,holon-starter-jdbc-hikaricp,5.2.0-alpha1,-,-,?,-,false,-
com.holon-platform.jpa,documentation-datastore-jpa,5.2.0-alpha1,-,-,?,-,false,-
com.holon-platform.jpa,documentation-datastore-jpa-querydsl,5.2.0-alpha1,-,-,?,-,false,-
com.holon-platform.jpa,documentation-jpa,5.2.0-alpha1,-,-,?,-,false,-
com.holon-platform.jpa,holon-datastore-jpa,5.2.0-alpha1,com.holonplatform.datastore.jpa,-,automatic,-,false,-
com.holon-platform.jpa,holon-datastore-jpa-querydsl,5.2.0-alpha1,com.holonplatform.datastore.jpa.querydsl,-,automatic,-,false,-
com.holon-platform.jpa,holon-datastore-jpa-spring,5.2.0-alpha1,com.holonplatform.jpa.spring,-,automatic,-,false,-
com.holon-platform.jpa,holon-datastore-jpa-spring-boot,5.2.0-alpha1,com.holonplatform.jpa.spring.boot,-,automatic,-,false,-
com.holon-platform.jpa,holon-jpa-bean-processors,5.2.0-alpha1,com.holonplatform.jpa.processors,-,automatic,-,false,-
com.holon-platform.jpa,holon-starter-jpa-eclipselink,5.2.0-alpha1,-,-,?,-,false,-
com.holon-platform.jpa,holon-starter-jpa-hibernate,5.2.0-alpha1,-,-,?,-,false,-
com.holon-platform.jpa,holon-starter-jpa-querydsl-eclipselink,5.2.0-alpha1,-,-,?,-,false,-
com.holon-platform.jpa,holon-starter-jpa-querydsl-hibernate,5.2.0-alpha1,-,-,?,-,false,-
com.holon-platform.json,documentation-json,5.2.0-alpha1,-,-,?,-,false,-
com.holon-platform.json,holon-gson,5.2.0-alpha1,com.holonplatform.gson,-,automatic,-,false,-
com.holon-platform.json,holon-gson-jaxrs,5.2.0-alpha1,com.holonplatform.gson.jaxrs,-,automatic,-,false,-
com.holon-platform.json,holon-gson-spring,5.2.0-alpha1,com.holonplatform.gson.spring,-,automatic,-,false,-
com.holon-platform.json,holon-jackson,5.2.0-alpha1,com.holonplatform.jackson,-,automatic,-,false,-
com.holon-platform.json,holon-jackson-jaxrs,5.2.0-alpha1,com.holonplatform.jackson.jaxrs,-,automatic,-,false,-
com.holon-platform.json,holon-jackson-spring,5.2.0-alpha1,com.holonplatform.jackson.spring,-,automatic,-,false,-
com.holon-platform.json,holon-json,5.2.0-alpha1,com.holonplatform.json,-,automatic,-,false,-
com.holon-platform.test,holon-release-test,1.0.1-beta,-,-,?,-,false,-
com.holon-platform.vaadin7,documentation-vaadin,5.2.0-alpha1,-,-,?,-,false,-
com.holon-platform.vaadin7,holon-starter-vaadin,5.2.0-alpha1,-,-,?,-,false,-
com.holon-platform.vaadin7,holon-starter-vaadin-undertow,5.2.0-alpha1,-,-,?,-,false,-
com.holon-platform.vaadin7,holon-vaadin,5.2.0-alpha1,com.holonplatform.vaadin7,-,automatic,-,false,-
com.holon-platform.vaadin7,holon-vaadin-navigator,5.2.0-alpha1,com.holonplatform.vaadin7.navigator,-,automatic,-,false,-
com.holon-platform.vaadin7,holon-vaadin-spring,5.2.0-alpha1,com.holonplatform.vaadin7.spring,-,automatic,-,false,-
com.holon-platform.vaadin7,holon-vaadin-spring-boot,5.2.0-alpha1,com.holonplatform.vaadin7.spring.boot,-,automatic,-,false,-
com.holon-platform.vaadin,documentation-vaadin,5.2.0-alpha1,-,-,?,-,false,-
com.holon-platform.vaadin,holon-starter-vaadin,5.2.0-alpha1,-,-,?,-,false,-
com.holon-platform.vaadin,holon-starter-vaadin-undertow,5.2.0-alpha1,-,-,?,-,false,-
com.holon-platform.vaadin,holon-vaadin,5.2.0-alpha1,com.holonplatform.vaadin,-,automatic,-,false,-
com.holon-platform.vaadin,holon-vaadin-navigator,5.2.0-alpha1,com.holonplatform.vaadin.navigator,-,automatic,-,false,-
com.holon-platform.vaadin,holon-vaadin-spring,5.2.0-alpha1,com.holonplatform.vaadin.spring,-,automatic,-,false,-
com.holon-platform.vaadin,holon-vaadin-spring-boot,5.2.0-alpha1,com.holonplatform.vaadin.spring.boot,-,automatic,-,false,-
com.hypertino,binders_2.10,1.2.5,-,-,?,-,false,-
com.hypertino,binders_2.11,1.2.7,-,-,?,-,false,-
com.hypertino,binders_2.12,1.2.7,-,-,?,-,false,-
com.hypertino,binders_sjs0.6_2.10,1.2.5,-,-,?,-,false,-
com.hypertino,binders_sjs0.6_2.11,1.2.7,-,-,?,-,false,-
com.hypertino,binders_sjs0.6_2.12,1.2.7,-,-,?,-,false,-
com.hypertino,cassandra-binders_2.11,0.4.0,-,-,?,-,false,-
com.hypertino,cassandra-binders_2.12,0.4.0,-,-,?,-,false,-
com.hypertino,expression-parser_2.11,0.2.1,-,-,?,-,false,-
com.hypertino,expression-parser_2.12,0.2.1,-,-,?,-,false,-
com.hypertino,hyperbus-utils_2.11,0.2.0,-,-,?,-,false,-
com.hypertino,hyperbus-utils_2.12,0.2.0,-,-,?,-,false,-
com.hypertino,hyperfacade_2.11,0.2-SNAPSHOT-D,-,-,?,-,false,-
com.hypertino,inflector_2.10,1.0.10,-,-,?,-,false,-
com.hypertino,inflector_2.11,1.0.10,-,-,?,-,false,-
com.hypertino,inflector_2.12,1.0.10,-,-,?,-,false,-
com.hypertino,inflector_sjs0.6_2.10,1.0.10,-,-,?,-,false,-
com.hypertino,inflector_sjs0.6_2.11,1.0.10,-,-,?,-,false,-
com.hypertino,inflector_sjs0.6_2.12,1.0.10,-,-,?,-,false,-
com.hypertino,json-binders_2.11,1.2.1,-,-,?,-,false,-
com.hypertino,json-binders_2.12,1.2.1,-,-,?,-,false,-
com.hypertino,json-binders_sjs0.6_2.11,1.2.1,-,-,?,-,false,-
com.hypertino,json-binders_sjs0.6_2.12,1.2.1,-,-,?,-,false,-
com.hypertino,json-time-binders_2.11,1.2.1,-,-,?,-,false,-
com.hypertino,json-time-binders_2.12,1.2.1,-,-,?,-,false,-
com.hypertino,json-time-binders_sjs0.6_2.11,1.2.1,-,-,?,-,false,-
com.hypertino,json-time-binders_sjs0.6_2.12,1.2.1,-,-,?,-,false,-
com.hypertino,language-utils_2.11,0.1.3,-,-,?,-,false,-
com.hypertino,language-utils_2.12,0.1.3,-,-,?,-,false,-
com.hypertino,raml-parser-2,1.0.18,-,-,?,-,false,-
com.hypertino,scala-uri_2.10,0.4.17-NO-SPRAY,-,-,?,-,false,-
com.hypertino,scala-uri_2.11,0.4.19-NO-SPRAY,-,-,?,-,false,-
com.hypertino,scala-uri_2.12,0.4.19-NO-SPRAY,-,-,?,-,false,-
com.hypertino,service-config_2.11,0.2.9,-,-,?,-,false,-
com.hypertino,service-config_2.12,0.2.9,-,-,?,-,false,-
com.hypertino,service-control_2.11,0.5.0,-,-,?,-,false,-
com.hypertino,service-control_2.12,0.5.0,-,-,?,-,false,-
com.hypertino,service-metrics_2.11,0.3.1,-,-,?,-,false,-
com.hypertino,service-metrics_2.12,0.3.1,-,-,?,-,false,-
com.hypertino,service-metrics-graphite_2.11,0.3.0,-,-,?,-,false,-
com.hypertino,service-metrics-graphite_2.12,0.3.0,-,-,?,-,false,-
com.hypertino,typesafe-config-binders_2.10,0.2.1,-,-,?,-,false,-
com.hypertino,typesafe-config-binders_2.11,0.2.1,-,-,?,-,false,-
com.hypertino,typesafe-config-binders_2.12,0.2.1,-,-,?,-,false,-
com.hypertino,yagi,1.0.18,-,-,?,-,false,-
com.iblotus,taobao-api,1.0,-,-,?,-,false,-
com.identityx.auth,daon-http-digest-auth,4.4.0.10,-,-,?,-,false,-
com.identityx,IdentityXClientSDK,4.4.0.10,-,-,?,-,false,-
com.identityx,IdentityXRestDef,4.4.0.10,-,-,?,-,false,-
com.iz2use,autoregister_2.11,0.0.6,-,-,?,-,false,-
com.jatun.open.tools,business-logic-command,1.0.2,-,-,?,-,false,-
com.jatun.open.tools,rest-resources,1.0.0,-,-,?,-,false,-
com.joseflavio,copaiba,1.0-A12,-,-,?,-,false,-
com.joseflavio,iperoxo,1.0-A17,-,-,?,-,false,-
com.joseflavio,unhadegato,1.0-A15,-,-,?,-,false,-
com.joseflavio,urucum,1.0-A11,-,-,?,-,false,-
com.lmax,angler,1.0.6,-,-,?,-,false,-
com.lmax,disruptor,3.4.2,-,-,?,-,false,sun.misc.Unsafe                          See http://openjdk.java.net/jeps/260
com.lmax,simple-dsl,2.2,-,-,?,-,false,-
com.marcinmoskala,DiscreteMathToolkit,1.0.3,-,-,?,-,false,-
com.massfords,effectively-final,1.0,-,-,?,-,false,-
com.massfords,jaxb-visitor,2.7,-,-,?,-,false,-
com.meltmedia.dropwizard,dropwizard-crypto,0.3.1,-,-,?,-,false,-
com.meltmedia.dropwizard,dropwizard-etcd,0.5.0,-,-,?,-,false,-
com.meltmedia.dropwizard,dropwizard-jest,0.4.0,-,-,?,-,false,-
com.meltmedia.dropwizard,dropwizard-jest-multicast,1.2.1,-,-,?,-,false,-
com.meltmedia.dropwizard,dropwizard-jongo,0.5.0,-,-,?,-,false,-
com.meltmedia.dropwizard,dropwizard-mongo,0.5.0,-,-,?,-,false,-
com.meltmedia.jgroups,jgroups-aws,1.6.1,-,-,?,-,false,-
com.microsoft.azure,azure-batch,4.0.0,-,-,?,-,false,-
com.miguelfonseca.completely,completely-core,0.8.0,-,-,?,-,false,-
com.nachinius,linkcuttrees_2.12,0.1.1,-,-,?,-,false,-
com.nachinius,splaytrees_2.12,0.1.1,-,-,?,-,false,-
com.nachinius,stomp-for-akka-streams_2.12,0.1.2,-,-,?,-,false,-
com.nachinius,van-emde-boas-tree_2.12,0.1.3,-,-,?,-,false,-
com.navigamez,greex,1.0,-,-,?,-,false,-
com.netflix.nebula,nebula-dependency-recommender,6.1.2,-,-,?,-,false,-
com.nosixtools,hotconfig,1.0.2,-,-,?,-,false,-
com.nullables,json-rpc-lib-binding,0.0.1,-,-,?,-,false,-
com.nullables,json-rpc-lib-client,0.0.1,-,-,?,-,false,-
com.nullables,json-rpc-lib-server,0.0.1,-,-,?,-,false,-
com.orhanobut,mockwebserverplus,1.0.0,-,-,?,-,false,-
com.orhanobut.tracklytics,tracklytics-plugin,2.0.0,-,-,?,-,false,-
com.panforge,robots,1.2.1,-,-,?,-,false,-
com.pelzer.util,pelzer-util,1.11.5,-,-,?,-,false,-
com.pragmaticobjects.oo.atom,atom-basis,0.0.13,-,-,?,-,false,-
com.pragmaticobjects.oo.atom,atom-maven-plugin,0.0.13,-,-,?,-,false,-
com.pragmaticobjects.oo.tests,tests-core,0.0.0,-,-,?,-,false,-
com.pragmaticobjects.oo.tests,tests-junit5,0.0.0,-,-,?,-,false,-
com.pramyness,shiro-redis-spring-boot-starter,2.2.10,-,-,?,-,false,-
com.qdesrame,openapi-diff,1.2.0,-,-,?,-,false,-
com.rms.miu,slick-cats_2.11,0.7.1.1,-,-,?,-,false,-
com.rms.miu,slick-cats_2.12,0.7.1.1,-,-,?,-,false,-
com.salaryrobot,salaryrobot-api,0.4.0,-,-,?,-,false,-
com.scalableminds,play-mongev_2.11,0.4.2,-,-,?,-,false,-
com.securionpay,securionpay-java,2.4.0,-,-,?,-,false,-
com.skylarwatson,blinky,1.2.2,-,-,?,-,false,sun.misc.Unsafe                          See http://openjdk.java.net/jeps/260
com.soecode.wx-tools,wx-tools,2.1.4-RELEASE,-,-,?,-,false,sun.misc.Unsafe                          See http://openjdk.java.net/jeps/260
com.soklet,soklet,1.2.1,-,-,?,-,false,-
com.soklet,soklet-guice,1.0.5,-,-,?,-,false,-
com.soklet,soklet-jetty,1.0.13,-,-,?,-,false,-
com.taboola,backstage-api-java-client,1.0.2-beta-03,-,-,?,-,false,-
com.taboola,taboola-cronyx,1.0-RELEASE,-,-,?,-,false,-
com.taboola,taboola-cronyx-api,1.0-RELEASE,-,-,?,-,false,-
com.taboola,taboola-cronyx-bundle-examples,1.0-RELEASE,-,-,?,-,false,-
com.taboola,taboola-cronyx-server-example,1.0-RELEASE,-,-,?,-,false,-
com.thomaskint,minidao,1.1.10,-,-,?,-,false,-
com.thomsonreuters.ema,ema,3.2.1.0,-,-,?,-,false,-
com.thomsonreuters.upa.ansi,ansipage,3.2.1.0,-,-,?,-,false,-
com.thomsonreuters.upa,upa,3.2.1.0,-,-,?,-,false,-
com.thomsonreuters.upa.valueadd.cache,upaValueAddCache,3.2.1.0,-,-,?,-,false,-
com.thomsonreuters.upa.valueadd,upaValueAdd,3.2.1.0,-,-,?,-,false,-
com.wijdemans,jaxrs-error-handling,1.1.1,-,-,?,-,false,-
com.wijdemans,jaxrs-standard,1.1.0,-,-,?,-,false,-
com.wijdemans,valueobjects,0.2.0,-,-,?,-,false,-
com.willowtreeapps.assertk,assertk,0.10,-,-,?,-,false,-
com.willowtreeapps.assertk,assertk-common,0.12,-,-,?,-,false,-
com.willowtreeapps.assertk,assertk-js,0.12,-,-,?,-,false,-
com.willowtreeapps.assertk,assertk-jvm,0.12,-,-,?,-,false,-
com.willowtreeapps.opentest4k,opentest4k-common,1.1.0,-,-,?,-,false,-
com.willowtreeapps.opentest4k,opentest4k-js,1.1.0,-,-,?,-,false,-
com.willowtreeapps.opentest4k,opentest4k-jvm,1.1.0,-,-,?,-,false,-
com.zerocracy,jstk,0.21,-,-,?,-,false,-
org.sonatype.ossindex.maven,ossindex-maven-common,3.0.1,-,-,?,-,false,-
org.sonatype.ossindex.maven,ossindex-maven-enforcer-rules,3.0.1,-,-,?,-,false,-
org.sonatype.ossindex.maven,ossindex-maven-plugin,3.0.1,-,-,?,-,false,-
org.sonatype.ossindex.maven,ossindex-maven-testsuite,3.0.1,-,-,?,-,false,-
org.sonatype.ossindex,ossindex-service-api,1.0.3,-,-,?,-,false,-
org.sonatype.ossindex,ossindex-service-client,1.0.3,-,-,?,-,false,-
org.wvlet.airframe,airframe_2.11,0.56,-,-,?,-,false,-
org.wvlet.airframe,airframe_2.12,0.56,-,-,?,-,false,-
org.wvlet.airframe,airframe_2.13.0-M4,0.56,-,-,?,-,false,-
org.wvlet.airframe,airframe-bootstrap_2.11,0.56,-,-,?,-,false,-
org.wvlet.airframe,airframe-bootstrap_2.12,0.56,-,-,?,-,false,-
org.wvlet.airframe,airframe-bootstrap_2.13.0-M4,0.56,-,-,?,-,false,-
org.wvlet.airframe,airframe-codec_2.11,0.56,-,-,?,-,false,-
org.wvlet.airframe,airframe-codec_2.12,0.56,-,-,?,-,false,-
org.wvlet.airframe,airframe-codec_2.13.0-M4,0.56,-,-,?,-,false,-
org.wvlet.airframe,airframe-config_2.11,0.56,-,-,?,-,false,-
org.wvlet.airframe,airframe-config_2.12,0.56,-,-,?,-,false,-
org.wvlet.airframe,airframe-config_2.13.0-M4,0.56,-,-,?,-,false,-
org.wvlet.airframe,airframe-control_2.11,0.56,-,-,?,-,false,-
org.wvlet.airframe,airframe-control_2.12,0.56,-,-,?,-,false,-
org.wvlet.airframe,airframe-control_2.13.0-M4,0.56,-,-,?,-,false,-
org.wvlet.airframe,airframe-control_sjs0.6_2.12,0.56,-,-,?,-,false,-
org.wvlet.airframe,airframe-http_2.11,0.56,-,-,?,-,false,-
org.wvlet.airframe,airframe-http_2.12,0.56,-,-,?,-,false,-
org.wvlet.airframe,airframe-http_2.13.0-M4,0.56,-,-,?,-,false,-
org.wvlet.airframe,airframe-http-finagle_2.11,0.56,-,-,?,-,false,-
org.wvlet.airframe,airframe-http-finagle_2.12,0.56,-,-,?,-,false,-
org.wvlet.airframe,airframe-jdbc_2.11,0.56,-,-,?,-,false,-
org.wvlet.airframe,airframe-jdbc_2.12,0.56,-,-,?,-,false,-
org.wvlet.airframe,airframe-jdbc_2.13.0-M4,0.56,-,-,?,-,false,-
org.wvlet.airframe,airframe-jmx_2.11,0.56,-,-,?,-,false,-
org.wvlet.airframe,airframe-jmx_2.12,0.56,-,-,?,-,false,-
org.wvlet.airframe,airframe-jmx_2.13.0-M4,0.56,-,-,?,-,false,-
org.wvlet.airframe,airframe-json_2.11,0.56,-,-,?,-,false,-
org.wvlet.airframe,airframe-json_2.12,0.56,-,-,?,-,false,-
org.wvlet.airframe,airframe-json_2.13.0-M4,0.56,-,-,?,-,false,-
org.wvlet.airframe,airframe-json_sjs0.6_2.12,0.56,-,-,?,-,false,-
org.wvlet.airframe,airframe-log_2.11,0.56,-,-,?,-,false,-
org.wvlet.airframe,airframe-log_2.12,0.56,-,-,?,-,false,-
org.wvlet.airframe,airframe-log_2.13.0-M4,0.56,-,-,?,-,false,-
org.wvlet.airframe,airframe-log_sjs0.6_2.12,0.56,-,-,?,-,false,-
org.wvlet.airframe,airframe-metrics_2.11,0.56,-,-,?,-,false,-
org.wvlet.airframe,airframe-metrics_2.12,0.56,-,-,?,-,false,-
org.wvlet.airframe,airframe-metrics_2.13.0-M4,0.56,-,-,?,-,false,-
org.wvlet.airframe,airframe-metrics_sjs0.6_2.12,0.56,-,-,?,-,false,-
org.wvlet.airframe,airframe-msgpack_2.11,0.56,-,-,?,-,false,-
org.wvlet.airframe,airframe-msgpack_2.12,0.56,-,-,?,-,false,-
org.wvlet.airframe,airframe-msgpack_2.13.0-M4,0.56,-,-,?,-,false,-
org.wvlet.airframe,airframe-msgpack_sjs0.6_2.12,0.56,-,-,?,-,false,-
org.wvlet.airframe,airframe-opts_2.11,0.56,-,-,?,-,false,-
org.wvlet.airframe,airframe-opts_2.12,0.56,-,-,?,-,false,-
org.wvlet.airframe,airframe-opts_2.13.0-M4,0.56,-,-,?,-,false,-
org.wvlet.airframe,airframe-scaladoc_2.11,0.56,-,-,?,-,false,-
org.wvlet.airframe,airframe-scaladoc_2.12,0.56,-,-,?,-,false,-
org.wvlet.airframe,airframe-scaladoc_2.13.0-M4,0.56,-,-,?,-,false,-
org.wvlet.airframe,airframe_sjs0.6_2.12,0.56,-,-,?,-,false,-
org.wvlet.airframe,airframe-spec_2.11,0.56,-,-,?,-,false,-
org.wvlet.airframe,airframe-spec_2.12,0.56,-,-,?,-,false,-
org.wvlet.airframe,airframe-spec_2.13.0-M4,0.56,-,-,?,-,false,-
org.wvlet.airframe,airframe-spec_sjs0.6_2.12,0.56,-,-,?,-,false,-
org.wvlet.airframe,airframe-stream_2.11,0.56,-,-,?,-,false,-
org.wvlet.airframe,airframe-stream_2.12,0.56,-,-,?,-,false,-
org.wvlet.airframe,airframe-stream_2.13.0-M4,0.56,-,-,?,-,false,-
org.wvlet.airframe,airframe-surface_2.11,0.56,-,-,?,-,false,-
org.wvlet.airframe,airframe-surface_2.12,0.56,-,-,?,-,false,-
org.wvlet.airframe,airframe-surface_2.13.0-M4,0.56,-,-,?,-,false,-
org.wvlet.airframe,airframe-surface_sjs0.6_2.12,0.56,-,-,?,-,false,-
org.wvlet.airframe,airframe-tablet_2.11,0.56,-,-,?,-,false,-
org.wvlet.airframe,airframe-tablet_2.12,0.56,-,-,?,-,false,-
org.wvlet.airframe,airframe-tablet_2.13.0-M4,0.56,-,-,?,-,false,-
