groupId,artifactId,version,moduleName,moduleVersion,moduleMode,moduleDependencies,jdepsToolError,jdepsViolations
com.bitplan.multimodule,multimodule1,0.0.3,-,-,?,-,false,-
com.bitplan.multimodule,multimodule2,0.0.3,-,-,?,-,false,-
com.epam.jdi,jdi-commons,1.1.29,-,-,?,-,false,-
com.epam.jdi,jdi-http,1.1.29,-,-,?,-,false,-
com.epam.jdi,jdi-http-cucumber,1.1.29,-,-,?,-,false,-
com.epam.jdi,jdi-matchers,2.0.23,-,-,?,-,false,-
com.epam.jdi,jdi-uitest-core,1.1.29,-,-,?,-,false,-
com.epam.jdi,jdi-uitest-cucumber,1.1.29,-,-,?,-,false,-
com.epam.jdi,jdi-uitest-gui,1.1.29,-,-,?,-,false,sun.reflect.generics.reflectiveObjects.NotImplementedException Removed. See http://openjdk.java.net/jeps/260
com.epam.jdi,jdi-uitest-mobile,1.1.29,-,-,?,-,false,-
com.epam.jdi,jdi-uitest-web,1.1.29,-,-,?,-,false,-
com.epam.jdi,jdi-uitest-win,1.1.29,-,-,?,-,false,sun.reflect.generics.reflectiveObjects.NotImplementedException Removed. See http://openjdk.java.net/jeps/260
com.google.apis,google-api-services-adexchangebuyer,v2beta1-rev2-1.21.0,-,-,?,-,false,-
com.google.apis,google-api-services-analyticsreporting,v4-rev126-1.25.0,-,-,?,-,false,-
com.google.apis,google-api-services-analytics,v3-rev159-1.25.0,-,-,?,-,false,-
com.google.apis,google-api-services-androiddeviceprovisioning,v1-rev52-1.25.0,-,-,?,-,false,-
com.google.apis,google-api-services-bigquery,v2-rev402-1.25.0,-,-,?,-,false,-
com.google.apis,google-api-services-blogger,v3-rev61-1.25.0,-,-,?,-,false,-
com.google.apis,google-api-services-calendar,v3-rev337-1.25.0,-,-,?,-,false,-
com.google.apis,google-api-services-chat,v1-rev32-1.25.0,-,-,?,-,false,-
com.google.apis,google-api-services-civicinfo,v2-rev33-1.25.0,-,-,?,-,false,-
com.google.apis,google-api-services-cloudbilling,v1-rev23-1.25.0,-,-,?,-,false,-
com.google.apis,google-api-services-clouddebugger,v2-rev253-1.25.0,-,-,?,-,false,-
com.google.apis,google-api-services-cloudfunctions,v1-rev52-1.25.0,-,-,?,-,false,-
com.google.apis,google-api-services-cloudkms,v1-rev60-1.25.0,-,-,?,-,false,-
com.google.apis,google-api-services-cloudprofiler,v2-rev8-1.25.0,-,-,?,-,false,-
com.google.apis,google-api-services-cloudresourcemanager,v2-rev29-1.25.0,-,-,?,-,false,-
com.google.apis,google-api-services-cloudshell,v1-rev55-1.25.0,-,-,?,-,false,-
com.google.apis,google-api-services-composer,v1-rev2-1.25.0,-,-,?,-,false,-
com.google.apis,google-api-services-dataflow,v1b4-rev7-1.20.0,-,-,?,-,false,-
com.google.apis,google-api-services-deploymentmanager,v2-rev69-1.25.0,-,-,?,-,false,-
com.google.apis,google-api-services-dialogflow,v2-rev31-1.25.0,-,-,?,-,false,-
com.google.apis,google-api-services-digitalassetlinks,v1-rev20-1.25.0,-,-,?,-,false,-
com.google.apis,google-api-services-discovery,v1-rev67-1.25.0,-,-,?,-,false,-
com.google.apis,google-api-services-dlp,v2-rev29-1.25.0,-,-,?,-,false,-
com.google.apis,google-api-services-drive,v3-rev127-1.25.0,-,-,?,-,false,-
com.google.apis,google-api-services-firebaserules,v1-rev278-1.25.0,-,-,?,-,false,-
com.google.apis,google-api-services-fitness,v1-rev36-1.25.0,-,-,?,-,false,-
com.google.apis,google-api-services-gamesManagement,v1management-rev279-1.25.0,-,-,?,-,false,-
com.google.apis,google-api-services-gmail,v1-rev95-1.25.0,-,-,?,-,false,-
com.google.apis,google-api-services-groupsmigration,v1-rev56-1.25.0,-,-,?,-,false,-
com.google.apis,google-api-services-iap,v1beta1-rev7-1.25.0,-,-,?,-,false,-
com.google.apis,google-api-services-identitytoolkit,v3-rev252-1.25.0,-,-,?,-,false,-
com.google.apis,google-api-services-kgsearch,v1-rev230-1.25.0,-,-,?,-,false,-
com.google.apis,google-api-services-language,v1-rev439-1.25.0,-,-,?,-,false,-
com.google.apis,google-api-services-licensing,v1-rev57-1.25.0,-,-,?,-,false,-
com.google.apis,google-api-services-manufacturers,v1-rev89-1.25.0,-,-,?,-,false,-
com.google.apis,google-api-services-partners,v2-rev67-1.25.0,-,-,?,-,false,-
com.google.apis,google-api-services-photoslibrary,v1-rev1-1.23.0,-,-,?,-,false,-
com.google.apis,google-api-services-playcustomapp,v1-rev10-1.25.0,-,-,?,-,false,-
com.google.apis,google-api-services-plus,v1-rev555-1.25.0,-,-,?,-,false,-
com.google.apis,google-api-services-poly,v1-rev48-1.25.0,-,-,?,-,false,-
com.google.apis,google-api-services-replicapool,v1beta2-rev22-1.23.0,-,-,?,-,false,-
com.google.apis,google-api-services-runtimeconfig,v1-rev425-1.25.0,-,-,?,-,false,-
com.google.apis,google-api-services-safebrowsing,v4-rev69-1.25.0,-,-,?,-,false,-
com.google.apis,google-api-services-serviceconsumermanagement,v1-rev138-1.25.0,-,-,?,-,false,-
com.google.apis,google-api-services-servicecontrol,v1-rev99-1.25.0,-,-,?,-,false,-
com.google.apis,google-api-services-serviceuser,v1-rev72-1.25.0,-,-,?,-,false,-
com.google.apis,google-api-services-sheets,v4-rev538-1.25.0,-,-,?,-,false,-
com.google.apis,google-api-services-siteVerification,v1-rev60-1.25.0,-,-,?,-,false,-
com.google.apis,google-api-services-slides,v1-rev316-1.25.0,-,-,?,-,false,-
com.google.apis,google-api-services-speech,v1-rev55-1.25.0,-,-,?,-,false,-
com.google.apis,google-api-services-storagetransfer,v1-rev74-1.25.0,-,-,?,-,false,-
com.google.apis,google-api-services-supportcases,v2-rev1-1.22.0,-,-,?,-,false,-
com.google.apis,google-api-services-taskqueue,v1beta2-rev47-1.23.0,-,-,?,-,false,-
com.google.apis,google-api-services-texttospeech,v1-rev5-1.25.0,-,-,?,-,false,-
com.google.apis,google-api-services-toolresults,v1beta3-rev446-1.25.0,-,-,?,-,false,-
com.google.apis,google-api-services-tracing,v2-rev6-1.22.0,-,-,?,-,false,-
com.google.apis,google-api-services-vault,v1-rev14-1.25.0,-,-,?,-,false,-
com.google.apis,google-api-services-videointelligence,v1-rev13-1.25.0,-,-,?,-,false,-
com.google.apis,google-api-services-vision,v1-rev392-1.25.0,-,-,?,-,false,-
com.google.apis,google-api-services-webfonts,v1-rev59-1.25.0,-,-,?,-,false,-
com.google.apis,google-api-services-websecurityscanner,v1alpha-rev79-1.25.0,-,-,?,-,false,-
org.codelibs,curl4j,1.2.0,-,-,?,-,false,-
org.codelibs.elasticsearch.lib,grok,6.4.0,-,-,?,-,false,-
org.codelibs.elasticsearch.lib,plugin-classloader,6.4.0,-,-,?,-,false,-
org.codelibs.elasticsearch.module,aggs-matrix-stats,6.4.0,-,-,?,-,false,-
org.codelibs.elasticsearch.module,analysis-common,6.4.0,-,-,?,-,false,-
org.codelibs.elasticsearch.module,ingest-common,6.4.0,-,-,?,-,false,-
org.codelibs.elasticsearch.module,lang-expression,6.4.0,-,-,?,-,false,-
org.codelibs.elasticsearch.module,lang-mustache,6.4.0,-,-,?,-,false,-
org.codelibs.elasticsearch.module,lang-painless,6.4.0,-,-,?,-,false,-
org.codelibs.elasticsearch.module,mapper-extras,6.4.0,-,-,?,-,false,-
org.codelibs.elasticsearch.module,parent-join,6.4.0,-,-,?,-,false,-
org.codelibs.elasticsearch.module,percolator,6.4.0,-,-,?,-,false,-
org.codelibs.elasticsearch.module,rank-eval,6.4.0,-,-,?,-,false,-
org.codelibs.elasticsearch.module,reindex,6.4.0,-,-,?,-,false,-
org.codelibs.elasticsearch.module,repository-url,6.4.0,-,-,?,-,false,-
org.codelibs.elasticsearch.module,scripting-painless-spi,6.4.0,-,-,?,-,false,-
org.codelibs.elasticsearch.module,transport-netty4,6.4.0,-,-,?,-,false,-
org.codelibs.elasticsearch.module,tribe,6.4.0,-,-,?,-,false,-
org.corpus-tools,pepper-framework,3.2.1,-,-,?,-,false,-
org.corpus-tools,pepper-lib,3.2.1,-,-,?,-,false,-
org.corpus-tools,pepperModules-GrAFModules,2.0.7,-,-,?,-,false,-
org.corpus-tools,pepper-newModule,3.2.1,-,-,?,-,false,-
