groupId,artifactId,version,moduleName,moduleVersion,moduleMode,moduleDependencies,jdepsToolError,jdepsViolations
org.leapframework,jmms-core,0.5.0,-,-,?,-,false,-
org.leapframework,leap-annnotations,0.7.7b,-,-,?,-,false,-
org.leapframework,leap-htpl,0.7.7b,-,-,?,-,false,-
org.leapframework,leap-orm,0.7.7b,-,-,?,-,false,-
org.leapframework,leap-spring-boot,0.7.7b,-,-,?,-,false,-
org.leapframework,leap-webapi,0.7.7b,-,-,?,-,false,-
org.sakaiproject.assignment,sakai-assignment-api,12.3,-,-,?,-,false,-
org.sakaiproject.assignment,sakai-assignment-bundles,12.3,-,-,?,-,false,-
org.sakaiproject.assignment,sakai-assignment-impl,11.4,-,-,?,-,false,-
org.sakaiproject.calendaring,external-calendaring-service-api,12.3,-,-,?,-,false,-
org.sakaiproject.calendaring,external-calendaring-service-impl,11.4,-,-,?,-,false,-
org.sakaiproject.calendar,sakai-calendar-api,12.3,-,-,?,-,false,-
org.sakaiproject.calendar,sakai-calendar-bundles,12.3,-,-,?,-,false,-
org.sakaiproject.calendar,sakai-calendar-hbm,12.3,-,-,?,-,false,-
org.sakaiproject.calendar,sakai-calendar-impl,11.4,-,-,?,-,false,-
org.sakaiproject.calendar,sakai-calendar-util,12.3,-,-,?,-,false,-
org.sakaiproject.common,archive-api,12.3,-,-,?,-,false,-
org.sakaiproject.common,archive-impl2,11.4,-,-,?,-,false,-
org.sakaiproject.common,common-cartridge,12.3,-,-,?,-,false,-
org.sakaiproject.common,import-impl,12.3,-,-,?,-,false,-
org.sakaiproject.common,sakai-archive-import,12.3,-,-,?,-,false,-
org.sakaiproject.common,sakai-common-api,12.3,-,-,?,-,false,-
org.sakaiproject.common,sakai-common-composite-component,11.4,-,-,?,-,false,-
org.sakaiproject.common,sakai-common-composite-component-data,12.3,-,-,?,-,false,-
org.sakaiproject.common,sakai-common-edu-person-api,12.1,-,-,?,-,false,-
org.sakaiproject.common,sakai-common-manager-api,12.1,-,-,?,-,false,-
org.sakaiproject.common,sakai-common-type-api,12.1,-,-,?,-,false,-
org.sakaiproject.common,sakai-import-bb55,12.3,-,-,?,-,false,-
org.sakaiproject.common,sakai-import-bb6,12.3,-,-,?,-,false,-
org.sakaiproject.common,sakai-import-bb6-resource,12.3,-,-,?,-,false,-
org.sakaiproject.common,sakai-import-content,12.3,-,-,?,-,false,-
org.sakaiproject.common,sakai-import-util,12.3,-,-,?,-,false,-
org.sakaiproject.common,sakai-privacy-api,12.3,-,-,?,-,false,-
org.sakaiproject.common,sakai-privacy-hbm,12.3,-,-,?,-,false,-
org.sakaiproject.common,sakai-privacy-impl,11.4,-,-,?,-,false,-
org.sakaiproject.commons,commons-api,12.3,-,-,?,-,false,-
org.sakaiproject.commons,commons-impl,12.3,-,-,?,-,false,-
org.sakaiproject,configuration-bundles,12.3,-,-,?,-,false,-
org.sakaiproject.courier,sakai-courier-api,12.3,-,-,?,-,false,-
org.sakaiproject.courier,sakai-courier-impl,11.4,-,-,?,-,false,-
org.sakaiproject.courier,sakai-courier-util,12.3,-,-,?,-,false,-
org.sakaiproject.delegatedaccess,delegatedaccess-api,12.3,-,-,?,-,false,-
org.sakaiproject.delegatedaccess,delegatedaccess-impl,11.4,-,-,?,-,false,-
org.sakaiproject.emailtemplateservice,emailtemplateservice-api,12.3,-,-,?,-,false,-
org.sakaiproject.emailtemplateservice,emailtemplateservice-impl,11.4,-,-,?,-,false,-
org.sakaiproject.endorsed,sakai-endorsed-i18n,12.3,-,-,?,-,false,-
org.sakaiproject.entitybroker,entitybroker-api,12.3,-,-,?,-,false,-
org.sakaiproject.entitybroker,entitybroker-impl,12.3,-,-,?,-,false,-
org.sakaiproject.entitybroker,entitybroker-mocks,12.3,-,-,?,-,false,-
org.sakaiproject.entitybroker,entitybroker-restimpl,12.3,-,-,?,-,false,-
org.sakaiproject.entitybroker,entitybroker-utils,12.3,-,-,?,-,false,-
org.sakaiproject.kernel,sakai-component-manager,12.3,-,-,?,-,false,-
org.sakaiproject.kernel,sakai-kernel-api,12.3,-,-,?,-,false,-
org.sakaiproject.kernel,sakai-kernel-common,12.3,-,-,?,-,false,-
org.sakaiproject.kernel,sakai-kernel-impl,12.3,-,-,?,-,false,-
org.sakaiproject.kernel,sakai-kernel-private,12.3,-,-,?,-,false,-
org.sakaiproject.kernel,sakai-kernel-storage-util,12.3,-,-,?,-,false,-
org.sakaiproject.kernel,sakai-kernel-util,12.3,-,-,?,-,false,-
org.sakaiproject.login,login-api,12.3,-,-,?,-,false,-
org.sakaiproject.login,login-impl,11.4,-,-,?,-,false,-
org.sakaiproject.login,login-render-engine-impl,11.4,-,-,?,-,false,-
org.sakaiproject.mailsender,mailsender-api,12.3,-,-,?,-,false,-
org.sakaiproject.mailsender,mailsender-impl,11.4,-,-,?,-,false,-
org.sakaiproject.msgcntr,messageforums-api,12.3,-,-,?,-,false,-
org.sakaiproject.msgcntr,messageforums-component-impl,11.4,-,-,?,-,false,-
org.sakaiproject.msgcntr,messageforums-hbm,12.3,-,-,?,-,false,-
org.sakaiproject.oauth,oauth-api,12.3,-,-,?,-,false,-
org.sakaiproject.oauth,oauth-dao-hbm,12.3,-,-,?,-,false,-
org.sakaiproject.oauth,oauth-dao-memory,11.4,-,-,?,-,false,-
org.sakaiproject.oauth,oauth-dao-server-config,11.4,-,-,?,-,false,-
org.sakaiproject.oauth,oauth-impl,11.4,-,-,?,-,false,-
org.sakaiproject.pasystem,pasystem-api,12.3,-,-,?,-,false,-
org.sakaiproject.pasystem,pasystem-impl,11.4,-,-,?,-,false,-
org.sakaiproject.polls,polls-api,12.3,-,-,?,-,false,-
org.sakaiproject.polls,polls-impl,11.4,-,-,?,-,false,-
org.sakaiproject.portal,sakai-portal-api,12.3,-,-,?,-,false,-
org.sakaiproject.portal,sakai-portal-impl,12.3,-,-,?,-,false,-
org.sakaiproject.portal,sakai-portal-render-api,12.3,-,-,?,-,false,-
org.sakaiproject.portal,sakai-portal-render-engine-impl,11.4,-,-,?,-,false,-
org.sakaiproject.portal,sakai-portal-render-impl,11.4,-,-,?,-,false,-
org.sakaiproject.portal,sakai-portal-service-impl,11.4,-,-,?,-,false,-
org.sakaiproject.portal,sakai-portal-util,12.3,-,-,?,-,false,-
org.sakaiproject.presence,sakai-presence-api,12.3,-,-,?,-,false,-
org.sakaiproject.presence,sakai-presence-impl,11.4,-,-,?,-,false,-
org.sakaiproject.presence,sakai-presence-util,12.3,-,-,?,-,false,-
org.sakaiproject,sakai-allhands-provider,12.3,-,-,?,-,false,-
org.sakaiproject,sakai-citations-web2bridge,12.3,-,-,?,-,false,-
org.sakaiproject,sakai-citations-xserver,12.3,-,-,?,-,false,-
org.sakaiproject,sakai-coursemanagement-authz-provider-impl,12.3,-,-,?,-,false,-
org.sakaiproject,sakai-dav-server,12.3,-,-,?,-,false,-
org.sakaiproject,sakai-help-api,12.3,-,-,?,-,false,-
org.sakaiproject,sakai-import-announcement,12.3,-,-,?,-,false,-
org.sakaiproject,sakai-imsent-provider,12.3,-,-,?,-,false,-
org.sakaiproject,sakai-jldap-provider,12.3,-,-,?,-,false,-
org.sakaiproject,sakai-jldap-provider-mock,12.3,-,-,?,-,false,-
org.sakaiproject,sakai-openldap-provider,12.3,-,-,?,-,false,-
org.sakaiproject,sakai-podcasts-api,12.3,-,-,?,-,false,-
org.sakaiproject,sakai-podcasts-impl,11.4,-,-,?,-,false,-
org.sakaiproject,sakai-postem-hbm,12.3,-,-,?,-,false,-
org.sakaiproject,sakai-radeox,12.3,-,-,?,-,false,-
org.sakaiproject,sakai-rights-api,11.4,-,-,?,-,false,-
org.sakaiproject,sakai-rights-impl,11.4,-,-,?,-,false,-
org.sakaiproject,sakai-rwiki-diff,12.3,-,-,?,-,false,-
org.sakaiproject,sakai-rwiki-model,12.3,-,-,?,-,false,-
org.sakaiproject,sakai-sample-provider,12.3,-,-,?,-,false,-
org.sakaiproject,sakai-syllabus-api,12.3,-,-,?,-,false,-
org.sakaiproject,sakai-syllabus-hbm,12.3,-,-,?,-,false,-
org.sakaiproject,sakai-syllabus-impl,11.4,-,-,?,-,false,-
org.sakaiproject,sakai-userdetail-provider,12.3,-,-,?,-,false,-
org.sakaiproject,sakai-usermembership-api,12.3,-,-,?,-,false,-
org.sakaiproject,sakai-usermembership-impl,11.4,-,-,?,-,false,-
org.sakaiproject.samigo,samigo-api,12.3,-,-,?,-,false,-
org.sakaiproject.samigo,samigo-cp,12.3,-,-,?,-,false,-
org.sakaiproject.samigo,samigo-hibernate,12.3,-,-,?,-,false,-
org.sakaiproject.samigo,samigo-impl,12.3,-,-,?,-,false,-
org.sakaiproject.samigo,samigo-import,12.3,-,-,?,-,false,-
org.sakaiproject.samigo,samigo-qti,12.3,-,-,?,-,false,-
org.sakaiproject.samigo,samigo-services,12.3,-,-,?,-,false,-
org.sakaiproject.samigo,samlite-impl,12.3,-,-,?,-,false,-
org.sakaiproject.search.elasticsearch,elasticsearch-api,12.3,-,-,?,-,false,-
org.sakaiproject.search.elasticsearch,elasticsearch-impl,11.4,-,-,?,-,false,-
org.sakaiproject.search.elasticsearch,elasticsearch-util,12.3,-,-,?,-,false,-
org.sakaiproject.search,search-api,12.3,-,-,?,-,false,-
org.sakaiproject.search,search-impl,11.4,-,-,?,-,false,-
org.sakaiproject.search,search-model,12.3,-,-,?,-,false,-
org.sakaiproject.search,search-test-1.7,12.3,-,-,?,-,false,-
org.sakaiproject.search,search-util,12.3,-,-,?,-,false,-
org.sakaiproject,shared-i18n-bundles,11.4,-,-,?,-,false,-
org.sakaiproject.signup,signup-api,12.3,-,-,?,-,false,-
org.sakaiproject.signup,signup-impl,11.4,-,-,?,-,false,-
org.sakaiproject.sitemanage,sakai-siteassociation-api,11.4,-,-,?,-,false,-
org.sakaiproject.sitemanage,sakai-siteassociation-hbm,11.4,-,-,?,-,false,-
org.sakaiproject.sitemanage,sakai-siteassociation-impl,11.4,-,-,?,-,false,-
org.sakaiproject.sitemanage,sakai-siteassociation-util,11.4,-,-,?,-,false,-
org.sakaiproject.sitemanage,sakai-site-manage-api,12.3,-,-,?,-,false,-
org.sakaiproject.sitemanage,sakai-site-manage-hbm,12.3,-,-,?,-,false,-
org.sakaiproject.sitemanage,sakai-site-manage-impl,11.4,-,-,?,-,false,-
org.sakaiproject.sitemanage,sakai-site-manage-util,12.3,-,-,?,-,false,-
org.sakaiproject.site,sakai-mergedlist-util,12.3,-,-,?,-,false,-
org.sakaiproject.sitestats,sitestats-api,12.3,-,-,?,-,false,-
org.sakaiproject.sitestats,sitestats-bundle,12.3,-,-,?,-,false,-
org.sakaiproject.sitestats,sitestats-impl,11.4,-,-,?,-,false,-
org.sakaiproject.sitestats,sitestats-impl-hib,12.3,-,-,?,-,false,-
org.sakaiproject.webjars,ckeditor-a11ychecker,1.1.1,-,-,?,-,false,-
org.sakaiproject.webjars,ckeditor-autosave,786318aefed553a62cebbe4cd10b67c3ab266437,-,-,?,-,false,-
org.sakaiproject.webjars,ckeditor-balloonpanel,4.9.2,-,-,?,-,false,-
org.sakaiproject.webjars,ckeditor-image2,4.9.2,-,-,?,-,false,-
org.sakaiproject.webjars,ckeditor-wordcount,4897cb23a9f2ca7fb6b792add4350fb9e2a1722c,-,-,?,-,false,-
