groupId,artifactId,version,moduleName,moduleVersion,moduleMode,moduleDependencies,jdepsToolError,jdepsViolations
com.liferay,com.liferay.css.builder,2.1.0,-,-,?,-,false,-
com.liferay,com.liferay.jenkins.results.parser,1.0.55,-,-,?,-,false,-
com.liferay,com.liferay.journal.service,3.4.6,-,-,?,-,false,-
com.liferay,com.liferay.portal.tools.theme.builder,1.0.2,-,-,?,-,false,-
com.liferay,com.liferay.poshi.runner,1.0.65,-,-,?,-,false,-
com.liferay,com.liferay.product.navigation.control.menu.api,3.0.0,-,-,?,-,false,-
com.liferay,com.liferay.product.navigation.control.menu.theme.contributor,2.0.4,-,-,?,-,false,-
com.liferay,com.liferay.product.navigation.control.menu.web,2.0.7,-,-,?,-,false,-
com.liferay,com.liferay.product.navigation.control.panel,2.0.2,-,-,?,-,false,-
com.liferay,com.liferay.product.navigation.product.menu.theme.contributor,2.0.5,-,-,?,-,false,-
com.liferay,com.liferay.registry.api,1.1.0,-,-,?,-,false,-
com.liferay.portal,com.liferay.portal.kernel,2.33.0,-,-,?,-,false,-
