groupId,artifactId,version,moduleName,moduleVersion,moduleMode,moduleDependencies,jdepsToolError,jdepsViolations
com.google.apis,google-api-services-serviceusage,v1-rev42-1.25.0,-,-,?,-,false,-
com.google.apis,google-api-services-serviceuser,v1-rev72-1.25.0,-,-,?,-,false,-
com.google.apis,google-api-services-sheets,v4-rev538-1.25.0,-,-,?,-,false,-
com.google.apis,google-api-services-siteVerification,v1-rev60-1.25.0,-,-,?,-,false,-
com.google.apis,google-api-services-slides,v1-rev316-1.25.0,-,-,?,-,false,-
com.google.apis,google-api-services-sourcerepo,v1-rev23-1.25.0,-,-,?,-,false,-
com.google.apis,google-api-services-spanner,v1-rev39-1.25.0,-,-,?,-,false,-
com.google.apis,google-api-services-speech,v1-rev55-1.25.0,-,-,?,-,false,-
com.google.apis,google-api-services-sqladmin,v1beta4-rev62-1.25.0,-,-,?,-,false,-
com.google.apis,google-api-services-storagetransfer,v1-rev74-1.25.0,-,-,?,-,false,-
com.google.apis,google-api-services-storage,v1-rev136-1.25.0,-,-,?,-,false,-
com.google.apis,google-api-services-streetviewpublish,v1-rev210-1.25.0,-,-,?,-,false,-
com.google.apis,google-api-services-surveys,v2-rev16-1.25.0,-,-,?,-,false,-
com.google.apis,google-api-services-tagmanager,v2-rev11-1.25.0,-,-,?,-,false,-
com.google.apis,google-api-services-tasks,v1-rev55-1.25.0,-,-,?,-,false,-
com.google.apis,google-api-services-texttospeech,v1-rev5-1.25.0,-,-,?,-,false,-
com.google.apis,google-api-services-toolresults,v1beta3-rev446-1.25.0,-,-,?,-,false,-
com.google.apis,google-api-services-tpu,v1-rev4-1.25.0,-,-,?,-,false,-
com.google.apis,google-api-services-translate,v2-rev51-1.25.0,-,-,?,-,false,-
com.google.apis,google-api-services-urlshortener,v1-rev56-1.25.0,-,-,?,-,false,-
com.google.apis,google-api-services-vault,v1-rev14-1.25.0,-,-,?,-,false,-
com.sun.grizzly,grizzly-cachetest,1.9.65,-,-,?,-,false,-
com.sun.grizzly,grizzly-comet,1.9.65,-,-,?,-,false,-
com.sun.grizzly,grizzly-cometd,1.9.65,-,-,?,-,false,-
com.sun.grizzly,grizzly-cometd-client,1.9.65,-,-,?,-,false,-
com.sun.grizzly,grizzly-cometd-webserver,1.9.65,-,-,?,-,false,sun.misc.Unsafe                          See http://openjdk.java.net/jeps/260
com.sun.grizzly,grizzly-comet-webserver,1.9.65,-,-,?,-,false,sun.misc.Unsafe                          See http://openjdk.java.net/jeps/260
com.sun.grizzly,grizzly-compat,1.9.65,-,-,?,-,false,-
com.sun.grizzly,grizzly-config,1.9.65,-,-,?,-,false,-
com.sun.grizzly,grizzly-framework,1.9.65,-,-,?,-,false,-
com.sun.grizzly,grizzly-http,1.9.65,-,-,?,-,false,-
com.sun.grizzly,grizzly-http-ajp,1.9.65,-,-,?,-,false,-
com.sun.grizzly,grizzly-http-servlet,1.9.65,-,-,?,-,false,-
com.sun.grizzly,grizzly-http-webserver,1.9.65,-,-,?,-,false,sun.misc.Unsafe                          See http://openjdk.java.net/jeps/260
com.sun.grizzly,grizzly-hudson,1.9.65,-,-,?,-,false,sun.misc.Unsafe                          See http://openjdk.java.net/jeps/260
com.sun.grizzly,grizzly-lzma,1.9.65,-,-,?,-,false,-
com.sun.grizzly,grizzly-nio-framework,1.9.65,-,-,?,-,false,sun.misc.Unsafe                          See http://openjdk.java.net/jeps/260
com.sun.grizzly,grizzly-rcm,1.9.65,-,-,?,-,false,-
com.sun.grizzly,grizzly-servlet-deployer,1.9.65,-,-,?,-,false,-
com.sun.grizzly,grizzly-utils,1.9.65,-,-,?,-,false,sun.misc.Unsafe                          See http://openjdk.java.net/jeps/260
com.sun.grizzly,grizzly-websockets,1.9.65,-,-,?,-,false,-
com.sun.grizzly.osgi,grizzly-httpservice,1.9.65,-,-,?,-,false,-
com.sun.grizzly.osgi,grizzly-httpservice-bundle,1.9.65,-,-,?,-,false,sun.misc.Unsafe                          See http://openjdk.java.net/jeps/260
com.sun.grizzly.samples,grizzly-embed-samples,1.9.65,-,-,?,-,false,sun.misc.Unsafe                          See http://openjdk.java.net/jeps/260
com.sun.grizzly.samples,grizzly-framework-samples,1.9.65,-,-,?,-,false,sun.misc.Unsafe                          See http://openjdk.java.net/jeps/260
com.sun.grizzly.samples,grizzly-multiple-adapter,1.9.65,-,-,?,-,false,sun.misc.Unsafe                          See http://openjdk.java.net/jeps/260
com.sun.mail,android-activation,1.6.1,-,-,?,-,false,-
com.sun.mail,android-mail,1.6.1,java.mail,-,automatic,-,false,-
com.sun.mail,dsn,1.6.1,-,-,?,-,false,-
com.sun.mail,gimap,1.6.1,-,-,?,-,false,-
com.sun.mail,imap,1.6.1,-,-,?,-,false,-
com.sun.mail,javax.mail,1.6.1,java.mail,-,automatic,-,false,-
com.sun.mail,logging-mailhandler,1.6.1,-,-,?,-,false,-
com.sun.mail,mailapi,1.6.1,java.mail,-,automatic,-,false,-
com.sun.mail,pop3,1.6.1,-,-,?,-,false,-
com.sun.mail,smtp,1.6.1,-,-,?,-,false,-
com.sun.woodstock,webui-jsf,4.0.2.14,-,-,?,-,false,-
com.sun.woodstock,webui-jsf-suntheme,4.0.2.14,-,-,?,-,false,-
com.sun.xml.bind.external,relaxng-datatype,2.4.0-b180725.0644,com.sun.tools.rngdatatype,-,explicit,java.base,false,-
com.sun.xml.bind.external,rngom,2.4.0-b180725.0644,com.sun.tools.rngom,-,explicit,com.sun.tools.rngdatatype + java.xml + java.base + java.logging,true,-
com.sun.xml.bind,jaxb-core,2.3.0.1,-,-,?,-,false,-
com.sun.xml.bind,jaxb-extra-osgi,2.3.0,-,-,?,-,false,com.sun.org.apache.xml.internal.resolver.Catalog Use javax.xml.catalog @since 9 + com.sun.org.apache.xml.internal.resolver.tools.CatalogResolver Use javax.xml.catalog @since 9
com.sun.xml.bind,jaxb-jxc,2.4.0-b180725.0644,com.sun.tools.jxc,-,explicit,java.xml.bind + com.sun.xml.bind + com.sun.xml.txw2 + java.compiler + java.base + com.sun.tools.xjc + jdk.compiler + java.logging,true,-
com.sun.xml.bind,jaxb-xjc,2.4.0-b180725.0644,com.sun.tools.xjc,-,explicit,com.sun.tools.rngdatatype + java.xml.bind + com.sun.xml.txw2 + java.desktop + java.compiler + java.base + jdk.compiler + com.sun.xml.dtdparser + com.sun.istack.tools + com.sun.xml.bind + com.sun.istack.runtime + com.sun.tools.rngom + com.sun.codemodel + java.logging + com.sun.xml.xsom,true,-
com.sun.xml.bind.mvn,tests,2.4.0-b180725.0644,-,-,?,-,false,-
org.eurekaclinical,eureka-client,4.0-Beta-6,-,-,?,-,false,-
org.eurekaclinical,eurekaclinical-protempa-client,2.0-Beta-2,-,-,?,-,false,-
xin.xihc,CommonUtils,1.13,-,-,?,-,false,-
