groupId,artifactId,version,moduleName,moduleVersion,moduleMode,moduleDependencies,jdepsToolError,jdepsViolations
com.appdynamics,appdynamics-gradle-plugin,4.5.0.1068,-,-,?,-,false,-
com.appdynamics,appdynamics-injector,4.5.0.1068,-,-,?,-,false,-
com.appdynamics,appdynamics-maven-plugin,4.5.0.1068,-,-,?,-,false,-
com.appdynamics,appdynamics-native-crash-handler,4.5.0.1068,-,-,?,-,false,-
com.appdynamics,appdynamics-runtime,4.5.0.1068,-,-,?,-,false,-
com.artnaseef,activemq-log-forwarder,1.0.0,-,-,?,-,false,-
com.artnaseef,correlation-id-utils,1.1.1,-,-,?,-,false,-
com.artnaseef,cucumber-spring-boot,1.0.0,-,-,?,-,false,-
com.artnaseef,gson-log-marshaller,1.0.0,-,-,?,-,false,-
com.artnaseef,jaxb-cache,1.0.0,-,-,?,-,false,-
com.artnaseef,log-appender-all,1.0.0,-,-,?,-,false,-
com.artnaseef,logback-appender,1.0.0,-,-,?,-,false,-
com.artnaseef,log-forwarder-api,1.0.0,-,-,?,-,false,-
com.aymanmadkour.jgears,jgears-validator,1.1,-,-,?,-,false,-
com.box,box-java-sdk,2.23.0,-,-,?,-,false,-
com.box,castle-committer-api_2.10,1.0.1,-,-,?,-,false,-
com.box,castle-core_2.10,1.0.8,-,-,?,-,false,-
com.box,castle-retry_2.10,1.0.0,-,-,?,-,false,-
com.box,castle-router_2.10,1.0.3,-,-,?,-,false,-
com.box,json-patch,1.16,-,-,?,-,false,-
com.bstek.uflo,uflo-console,2.1.4,-,-,?,-,false,-
com.bstek.uflo,uflo-console-hibernate3,2.1.4,-,-,?,-,false,-
com.bstek.uflo,uflo-console-hibernate4,2.1.4,-,-,?,-,false,-
com.bstek.uflo,uflo-core,2.1.4,-,-,?,-,false,-
com.bstek.uflo,uflo-core-hibernate3,2.1.4,-,-,?,-,false,-
com.bstek.uflo,uflo-core-hibernate4,2.1.4,-,-,?,-,false,-
com.bstek.ureport,ureport2-console,2.2.9,-,-,?,-,false,-
com.bstek.ureport,ureport2-core,2.2.9,-,-,?,-,false,-
com.bstek.ureport,ureport2-font,2.0.1,-,-,?,-,false,-
com.bstek.urule,urule-console,2.1.6,-,-,?,-,false,-
com.bstek.urule,urule-console-pro,2.0.6,-,-,?,-,false,-
com.bstek.urule,urule-core,2.1.6,-,-,?,-,false,-
com.bstek.urule,urule-core-pro,2.0.6,-,-,?,-,false,-
com.camunda.consulting.util,camunda-util-demo-data-generator,0.5.3,-,-,?,-,false,-
com.camunda.consulting.util,camunda-util-demo-support,0.4.3,-,-,?,-,false,-
com.camunda.consulting.webapp,camunda-webapp-customized-webjar,7.7.2,-,-,?,-,false,-
com.cars,docker-secrets,0.2.0,-,-,?,-,false,-
com.cedricwalter,git-branch-renamer-maven-plugin,1.5.0,-,-,?,-,false,-
com.cedricwalter,properties-sync-maven-plugin,1.0,-,-,?,-,false,-
com.clickntap,stripecube,1.45,-,-,?,-,false,-
com.clickntap,stripecubeui,1.7,-,-,?,-,false,-
com.connctd.tracing.stackdriver,stackdriver-opentracing,1.0.0,-,-,?,-,false,sun.reflect.generics.reflectiveObjects.NotImplementedException Removed. See http://openjdk.java.net/jeps/260
com.creditdatamw.labs,zerocell-core,0.3.0,-,-,?,-,false,-
com.creditdatamw.labs,zerocell-example,0.3.0,-,-,?,-,false,-
com.creditdatamw.labs,zerocell-processor,0.3.0,-,-,?,-,false,-
com.devonfw.cobigen,core,5.0.0,-,-,?,-,false,-
com.devonfw.cobigen,core-api,5.0.0,-,-,?,-,false,-
com.devonfw.cobigen,core-test,5.0.0,-,-,?,-,false,-
com.devonfw.cobigen,htmlplugin,2.0.0,-,-,?,-,false,-
com.devonfw.cobigen,javaplugin,2.0.0,-,-,?,-,false,-
com.devonfw.cobigen,javaplugin-model,2.0.0,-,-,?,-,false,-
com.devonfw.cobigen,jsonplugin,2.0.0,-,-,?,-,false,-
com.devonfw.cobigen,maven-plugin,4.0.0,-,-,?,-,false,-
com.devonfw.cobigen,maven-test,4.0.0,-,-,?,-,false,-
com.devonfw.cobigen,openapiplugin,2.0.0,-,-,?,-,false,-
com.devonfw.cobigen,openapiplugin-model,2.0.0,-,-,?,-,false,-
com.devonfw.cobigen,propertyplugin,2.0.0,-,-,?,-,false,-
com.devonfw.cobigen,tempeng-freemarker,2.0.0,-,-,?,-,false,-
com.devonfw.cobigen,tempeng-velocity,2.0.0,-,-,?,-,false,-
com.devonfw.cobigen,templates-oasp4j,2.4.3,-,-,?,-,false,-
com.devonfw.cobigen,templates-oasp4js,2.4.0,-,-,?,-,false,-
com.devonfw.cobigen,textmerger,2.0.0,-,-,?,-,false,-
com.devonfw.cobigen,tsplugin,2.0.0,-,-,?,-,false,-
com.devonfw.cobigen,xmlplugin,4.0.0,-,-,?,-,false,-
com.devonfw.microservices,microservices,2.4.0,-,-,?,-,false,-
com.devonfw.modules,devonfw-async,2.4.0,-,-,?,-,false,-
com.devonfw.modules,devonfw-compose-redis,2.4.0,-,-,?,-,false,-
com.devonfw.modules,devonfw-i18n,2.4.0,-,-,?,-,false,-
com.devonfw.modules,devonfw-integration,2.4.0,-,-,?,-,false,-
com.devonfw.modules,devonfw-reporting,2.4.0,-,-,?,-,false,-
com.devonfw.modules,devonfw-winauth-ad,2.4.0,-,-,?,-,false,-
com.devonfw.modules,devonfw-winauth-sso,2.4.0,-,-,?,-,false,-
com.devonfw.starter,devonfw-async-starter,2.4.0,-,-,?,-,false,-
com.devonfw.starter,devonfw-compose-redis-starter,2.4.0,-,-,?,-,false,-
com.devonfw.starter,devonfw-i18n-starter,2.4.0,-,-,?,-,false,-
com.devonfw.starter,devonfw-integration-starter,2.4.0,-,-,?,-,false,-
com.devonfw.starter,devonfw-microservices-starter,2.4.0,-,-,?,-,false,-
com.devonfw.starter,devonfw-reporting-starter,2.4.0,-,-,?,-,false,-
com.devonfw.starter,devonfw-winauth-ad-starter,2.4.0,-,-,?,-,false,-
com.devonfw.starter,devonfw-winauth-sso-starter,2.4.0,-,-,?,-,false,-
com.driver733,vk-uploader,0.4,-,-,?,-,false,-
com.epam.jdi,jdi-commons,1.1.28,-,-,?,-,false,-
com.epam.jdi,jdi-http,1.1.28,-,-,?,-,false,-
com.epam.jdi,jdi-http-cucumber,1.1.28,-,-,?,-,false,-
com.epam.jdi,jdi-matchers,2.0.23,-,-,?,-,false,-
com.epam.jdi,jdi-uitest-core,1.1.28,-,-,?,-,false,-
com.epam.jdi,jdi-uitest-cucumber,1.1.28,-,-,?,-,false,-
com.epam.jdi,jdi-uitest-gui,1.1.28,-,-,?,-,false,sun.reflect.generics.reflectiveObjects.NotImplementedException Removed. See http://openjdk.java.net/jeps/260
com.epam.jdi,jdi-uitest-mobile,1.1.28,-,-,?,-,false,-
com.epam.jdi,jdi-uitest-web,1.1.28,-,-,?,-,false,-
com.epam.jdi,jdi-uitest-win,1.1.28,-,-,?,-,false,sun.reflect.generics.reflectiveObjects.NotImplementedException Removed. See http://openjdk.java.net/jeps/260
com.fluxtion.extension,runtime-plugins,1.0.2,-,-,?,-,false,-
com.fluxtion,fluxtionfx-maven-plugin,1.0.0,-,-,?,-,false,-
com.fluxtion,fluxtion-maven-plugin,1.0.8,-,-,?,-,false,-
com.fluxtion,fluxtion-statemachine-maven-plugin,1.0.2,-,-,?,-,false,-
com.fluxtion,visualiser,1.0.2,-,-,?,-,false,-
com.foresee.platform,public-api-sdk,1.0.0-M11,-,-,?,-,false,-
com.frugalmechanic,fm-common_2.11,0.24.0,-,-,?,-,false,-
com.frugalmechanic,fm-common_2.12,0.24.0,-,-,?,-,false,-
com.frugalmechanic,fm-common_sjs0.6_2.11,0.24.0,-,-,?,-,false,-
com.frugalmechanic,fm-common_sjs0.6_2.12,0.24.0,-,-,?,-,false,-
com.frugalmechanic,fm-flatfile_2.11,0.11.0,-,-,?,-,false,-
com.frugalmechanic,fm-flatfile_2.12,0.11.0,-,-,?,-,false,-
com.frugalmechanic,fm-html_2.11,0.4.0,-,-,?,-,false,-
com.frugalmechanic,fm-html_2.12,0.6.0,-,-,?,-,false,-
com.frugalmechanic,fm-http_2.11,0.23.0,-,-,?,-,false,sun.misc.Signal                          See http://openjdk.java.net/jeps/260 + sun.misc.SignalHandler                   See http://openjdk.java.net/jeps/260
com.frugalmechanic,fm-http_2.12,0.23.0,-,-,?,-,false,sun.misc.Signal                          See http://openjdk.java.net/jeps/260 + sun.misc.SignalHandler                   See http://openjdk.java.net/jeps/260
com.frugalmechanic,fm-lazyseq_2.11,0.9.0,-,-,?,-,false,-
com.frugalmechanic,fm-lazyseq_2.12,0.9.0,-,-,?,-,false,-
com.frugalmechanic,fm-serializer_2.11,0.13.0,-,-,?,-,false,-
com.frugalmechanic,fm-serializer_2.12,0.13.0,-,-,?,-,false,-
com.frugalmechanic,fm-xml_2.11,0.11.0,-,-,?,-,false,-
com.frugalmechanic,fm-xml_2.12,0.11.0,-,-,?,-,false,-
com.fusioncharts.fusionexport,fusionexport,1.0.0-rc,-,-,?,-,false,-
com.goshippo,shippo-java-client,1.3.0,-,-,?,-,false,-
com.jakehschwartz,datadog-scala_2.12,1.3.0,-,-,?,-,false,-
com.jakehschwartz,finatra-swagger_2.12,18.8.0,-,-,?,-,false,-
com.king.king-http-client,king-http-client,3.0.6,-,-,?,-,false,-
com.lazydsr,lazydsr-commons,1.1.4,-,-,?,-,false,-
com.lazydsr,lazydsr-utils,1.1.5,-,-,?,-,false,sun.misc.BASE64Decoder                   Use java.util.Base64 @since 1.8 + sun.misc.BASE64Encoder                   Use java.util.Base64 @since 1.8
com.mapcode,mapcode,2.4.7,-,-,?,-,false,-
com.messagemedia.messages.sdk,messages,1.0.0,-,-,?,-,false,-
com.messagemedia.sdk,messages,1.2.0,-,-,?,-,false,-
com.mikerusoft,jsonable,1.2.11,-,-,?,-,false,-
com.mzlion,easy-okhttp,1.1.4,-,-,?,-,false,-
com.mzlion,mzlion-core,1.1.2,-,-,?,-,false,-
com.nicopaez.collections,com.nicopaez.collections,1.0.0,-,-,?,-,false,-
com.nikialeksey,og,0.0.2,-,-,?,-,false,-
com.ppiech.auto.value,auto-value-jackson,0.1.2,-,-,?,-,false,-
com.ppiech.auto.value,jackson-auto,0.1.2,-,-,?,-,false,-
com.redislabs,jedis,3.0.0-m1,-,-,?,-,false,-
com.redislabs,jredisearch,0.11.0,-,-,?,-,false,-
com.redislabs,jredisearch-jedis,3.0.0-20180508,-,-,?,-,false,-
com.redislabs,JRedisGraph,1.0.1,-,-,?,-,false,-
com.redislabs,jredisgraph,1.0.3,-,-,?,-,false,-
com.redislabs,spark-redis,2.3.0,-,-,?,-,false,-
com.sendinblue,sendinblue,2.0,-,-,?,-,false,-
com.sendinblue,sib-api-v3-sdk,3.0.0,-,-,?,-,false,-
com.seq,sequence-sdk,2.2,-,-,?,-,false,-
com.sikulix,sikulix1tigervnc,1.1.1,-,-,?,-,false,-
com.sikulix,sikulixapi,1.1.2,-,-,?,-,false,-
com.sikulix,sikulixlibslux,1.1.1,-,-,?,-,false,-
com.sikulix,sikulixlibsmac,1.1.1,-,-,?,-,false,-
com.sikulix,sikulixlibswin,1.1.1,-,-,?,-,false,-
com.suisrc.core,suisrc-core,1.0.1-Final,-,-,?,-,false,-
com.suisrc.jaxrsapi,annotation,1.0.2,-,-,?,-,false,-
com.suisrc.jaxrsapi,core,1.0.3,-,-,?,-,false,-
com.suisrc.jaxrsapi,jaxrsapi-annotation,1.0.5-Final,-,-,?,-,false,-
com.suisrc.jaxrsapi,jaxrsapi-core,1.0.5-Final,-,-,?,-,false,-
com.suisrc.three,three-core,1.0.2-Final,-,-,?,-,false,-
com.thoughtworks.binding,binding_2.10,11.0.1,-,-,?,-,false,-
com.thoughtworks.binding,binding_2.11,11.0.1,-,-,?,-,false,-
com.thoughtworks.binding,binding_2.12,11.0.1,-,-,?,-,false,-
com.thoughtworks.binding,binding_sjs0.6_2.10,11.0.1,-,-,?,-,false,-
com.thoughtworks.binding,binding_sjs0.6_2.11,11.0.1,-,-,?,-,false,-
com.thoughtworks.binding,binding_sjs0.6_2.12,11.0.1,-,-,?,-,false,-
com.thoughtworks.binding,dom_sjs0.6_2.10,11.0.1,-,-,?,-,false,-
com.thoughtworks.binding,dom_sjs0.6_2.11,11.0.1,-,-,?,-,false,-
com.thoughtworks.binding,dom_sjs0.6_2.12,11.0.1,-,-,?,-,false,-
com.thoughtworks.binding,futurebinding_2.10,11.0.1,-,-,?,-,false,-
com.thoughtworks.binding,futurebinding_2.11,11.0.1,-,-,?,-,false,-
com.thoughtworks.binding,futurebinding_2.12,11.0.1,-,-,?,-,false,-
com.thoughtworks.binding,futurebinding_sjs0.6_2.10,11.0.1,-,-,?,-,false,-
com.thoughtworks.binding,futurebinding_sjs0.6_2.11,11.0.1,-,-,?,-,false,-
com.thoughtworks.binding,futurebinding_sjs0.6_2.12,11.0.1,-,-,?,-,false,-
com.thoughtworks.binding,fxml_2.10,11.0.1,-,-,?,-,false,-
com.thoughtworks.binding,fxml_2.11,11.0.1,-,-,?,-,false,-
com.thoughtworks.binding,fxml_2.12,11.0.1,-,-,?,-,false,-
com.thoughtworks.binding,fxml_sjs0.6_2.10,11.0.1,-,-,?,-,false,-
com.thoughtworks.binding,fxml_sjs0.6_2.11,11.0.1,-,-,?,-,false,-
com.thoughtworks.binding,fxml_sjs0.6_2.12,11.0.1,-,-,?,-,false,-
com.thoughtworks.binding,jspromisebinding_sjs0.6_2.10,11.0.1,-,-,?,-,false,-
com.thoughtworks.binding,jspromisebinding_sjs0.6_2.11,11.0.1,-,-,?,-,false,-
com.thoughtworks.binding,jspromisebinding_sjs0.6_2.12,11.0.1,-,-,?,-,false,-
com.thoughtworks.binding,route_sjs0.6_2.10,11.0.1,-,-,?,-,false,-
com.thoughtworks.binding,route_sjs0.6_2.11,11.0.1,-,-,?,-,false,-
com.thoughtworks.binding,route_sjs0.6_2.12,11.0.1,-,-,?,-,false,-
com.thoughtworks.binding,xmlextractor_2.10,11.0.1,-,-,?,-,false,-
com.thoughtworks.binding,xmlextractor_2.11,11.0.1,-,-,?,-,false,-
com.thoughtworks.binding,xmlextractor_2.12,11.0.1,-,-,?,-,false,-
com.thoughtworks.binding,xmlextractor_sjs0.6_2.10,11.0.1,-,-,?,-,false,-
com.thoughtworks.binding,xmlextractor_sjs0.6_2.11,11.0.1,-,-,?,-,false,-
com.thoughtworks.binding,xmlextractor_sjs0.6_2.12,11.0.1,-,-,?,-,false,-
com.thoughtworks.continuation,continuation_2.11,2.0.0-M6,-,-,?,-,false,-
com.thoughtworks.continuation,continuation_2.12,2.0.0-M6,-,-,?,-,false,-
com.thoughtworks.continuation,continuation_sjs0.6_2.11,2.0.0-M6,-,-,?,-,false,-
com.thoughtworks.continuation,continuation_sjs0.6_2.12,2.0.0-M6,-,-,?,-,false,-
com.thoughtworks.dsl,annotations_2.11,1.0.0-RC1,-,-,?,-,false,-
com.thoughtworks.dsl,compilerplugins-bangnotation_2.11,1.0.0-RC15,-,-,?,-,false,-
com.thoughtworks.dsl,domains-raii_2.12,1.0.0-RC3,-,-,?,-,false,-
com.thoughtworks.dsl,domains-scalaz_2.11,1.0.0-RC15,-,-,?,-,false,-
com.thoughtworks.dsl,domains-task_sjs0.6_2.11,1.0.0-RC15,-,-,?,-,false,-
com.thoughtworks.dsl,dsl_sjs0.6_2.11,1.0.0-RC15,-,-,?,-,false,-
com.thoughtworks.dsl,instructions-scalazbind_2.12,1.0.0-RC1,-,-,?,-,false,-
com.thoughtworks.dsl,keywords-await_sjs0.6_2.11,1.0.0-RC15,-,-,?,-,false,-
com.thoughtworks.dsl,keywords-break_sjs0.6_2.12,1.0.0-RC15,-,-,?,-,false,-
com.thoughtworks.dsl,keywords-catch_2.13.0-M4,1.0.0-RC15,-,-,?,-,false,-
com.thoughtworks.dsl,keywords-each_2.11,1.0.0-RC15,-,-,?,-,false,-
com.thoughtworks.dsl,keywords-hang_sjs0.6_2.11,1.0.0-RC14,-,-,?,-,false,-
com.thoughtworks.dsl,keywords-monadic_2.13.0-M4,1.0.0-RC15,-,-,?,-,false,-
com.thoughtworks.dsl,keywords-return_2.12,1.0.0-RC15,-,-,?,-,false,-
com.thoughtworks.dsl,keywords-shift_sjs0.6_2.11,1.0.0-RC15,-,-,?,-,false,-
com.thoughtworks.dsl,keywords-using_sjs0.6_2.11,1.0.0-RC15,-,-,?,-,false,-
com.thoughtworks.dsl,task_sjs0.6_2.11,1.0.0-RC13,-,-,?,-,false,-
com.thoughtworks.future,concurrent-converters_2.10,1.0.0-M0,-,-,?,-,false,-
com.thoughtworks.future,concurrent-converters_2.11,1.0.0-M0,-,-,?,-,false,-
com.thoughtworks.future,concurrent-converters_2.12,1.0.0-M0,-,-,?,-,false,-
com.thoughtworks.future,concurrent-execution_2.10,1.0.0-M0,-,-,?,-,false,-
com.thoughtworks.future,concurrent-execution_2.11,1.0.0-M0,-,-,?,-,false,-
com.thoughtworks.future,concurrent-execution_2.12,1.0.0-M0,-,-,?,-,false,-
com.thoughtworks.future,continuation_2.10,1.0.0-M0,-,-,?,-,false,-
com.thoughtworks.future,continuation_2.11,1.0.0-M3,-,-,?,-,false,-
com.thoughtworks.future,continuation_2.12,1.0.0-M3,-,-,?,-,false,-
com.thoughtworks.future,continuation_sjs0.6_2.11,1.0.0-M3,-,-,?,-,false,-
com.thoughtworks.future,continuation_sjs0.6_2.12,1.0.0-M3,-,-,?,-,false,-
com.thoughtworks.future,future_2.10,1.0.0-M0,-,-,?,-,false,-
com.thoughtworks.future,future_2.11,2.0.0-M6,-,-,?,-,false,-
com.thoughtworks.future,future_2.12,2.0.0-M6,-,-,?,-,false,-
com.thoughtworks.future,future_sjs0.6_2.11,2.0.0-M6,-,-,?,-,false,-
com.thoughtworks.future,future_sjs0.6_2.12,2.0.0-M6,-,-,?,-,false,-
com.thoughtworks.future,multipleexception_2.11,2.0.0-M6,-,-,?,-,false,-
com.thoughtworks.future,multipleexception_2.12,2.0.0-M6,-,-,?,-,false,-
com.thoughtworks.future,multipleexception_sjs0.6_2.11,2.0.0-M6,-,-,?,-,false,-
com.thoughtworks.future,multipleexception_sjs0.6_2.12,2.0.0-M6,-,-,?,-,false,-
com.thoughtworks.future,scalaz-continuationinstance_2.10,1.0.0-M0,-,-,?,-,false,-
com.thoughtworks.future,scalaz-continuationinstance_2.11,1.0.0-M0,-,-,?,-,false,-
com.thoughtworks.future,scalaz-continuationinstance_2.12,1.0.0-M0,-,-,?,-,false,-
com.thoughtworks.future,scalaz-taskinstance_2.10,1.0.0-M0,-,-,?,-,false,-
com.thoughtworks.future,scalaz-taskinstance_2.11,1.0.0-M0,-,-,?,-,false,-
com.thoughtworks.future,scalaz-taskinstance_2.12,1.0.0-M0,-,-,?,-,false,-
com.thoughtworks.future,sde-task_2.10,1.0.0-M0,-,-,?,-,false,-
com.thoughtworks.future,sde-task_2.11,1.0.0-M0,-,-,?,-,false,-
com.thoughtworks.future,sde-task_2.12,1.0.0-M0,-,-,?,-,false,-
com.thoughtworks.import,import_2.11,2.0.2,-,-,?,-,false,-
com.thoughtworks.import,import_2.12,2.0.2,-,-,?,-,false,-
com.thoughtworks.import,url_2.11,1.0.0,-,-,?,-,false,-
com.thoughtworks.import,url_2.12,1.0.0,-,-,?,-,false,-
com.trigersoft,jaque,2.1.3,-,-,?,-,false,-
com.truward.brikar,brikar-client,1.9.39,-,-,?,-,false,-
com.truward.brikar,brikar-common,1.9.39,-,-,?,-,false,-
com.truward.brikar,brikar-error-response,1.8.35,-,-,?,-,false,-
com.truward.brikar,brikar-error-response-parser,1.8.35,-,-,?,-,false,-
com.truward.brikar,brikar-maintenance,1.9.39,-,-,?,-,false,-
com.truward.brikar,brikar-rpc-explorer-support,1.8.32,-,-,?,-,false,-
com.truward.brikar,brikar-rpc-rest,1.8.32,-,-,?,-,false,-
com.truward.brikar,brikar-server,1.9.39,-,-,?,-,false,-
com.truward.brikar.error,error-model,2.0.3,-,-,?,-,false,-
com.truward.brikar.error,jetty-rest-errors,2.0.3,-,-,?,-,false,-
com.truward.brikar.error,rest-errors,2.0.3,-,-,?,-,false,-
com.truward.brikar.error,rest-errors-parser,2.0.3,-,-,?,-,false,-
com.truward.brikar.protobuf,brikar-protobuf-http-bin,1.8.35,-,-,?,-,false,-
com.truward.brikar.protobuf,brikar-protobuf-http-json,1.8.35,-,-,?,-,false,-
com.truward.brikar.protobuf,spring-protobuf-http-bin,2.0.1,-,-,?,-,false,-
com.truward.brikar.protobuf,spring-protobuf-http-json,2.0.1,-,-,?,-,false,-
com.truward.brikar.rpc,brikar-rpc-explorer-support,1.9.39,-,-,?,-,false,-
com.truward.brikar.rpc,brikar-rpc-rest,1.9.39,-,-,?,-,false,-
com.truward.kvdao,kvdao-model,0.0.2,-,-,?,-,false,-
com.truward.kvdao,kvdao-xodus,0.0.2,-,-,?,-,false,-
com.truward.orion,user-service-model,1.0.9,-,-,?,-,false,-
com.truward.orion,user-service-spring-security,1.0.9,-,-,?,-,false,-
com.truward.protobuf,protobuf-jackson,1.0.3,-,-,?,-,false,-
com.truward.protobuf,protobuf-jaxrs,1.0.2,-,-,?,-,false,-
com.truward.protobuf,protobuf-jaxrs-jackson,1.0.2,-,-,?,-,false,-
com.truward.semantic,semantic-id,3.0.3,-,-,?,-,false,-
com.wcinformatics.umls.server,term-server-admin-mojo,1.5.1-fg-rc,-,-,?,-,false,-
com.wcinformatics.umls.server,term-server-custom,1.5.1-fg-rc,-,-,?,-,false,-
com.wcinformatics.umls.server,term-server-examples,1.5.1-fg-rc,-,-,?,-,false,-
com.wcinformatics.umls.server,term-server-integration-test,1.5.1-fg-rc,-,-,?,-,false,-
com.wcinformatics.umls.server,term-server-jpa-model,1.5.1-fg-rc,-,-,?,-,false,-
com.wcinformatics.umls.server,term-server-jpa-services,1.5.1-fg-rc,-,-,?,-,false,-
com.wcinformatics.umls.server,term-server-model,1.5.1-fg-rc,-,-,?,-,false,-
com.wcinformatics.umls.server,term-server-rest-client,1.5.1-fg-rc,-,-,?,-,false,-
com.wcinformatics.umls.server,term-server-services,1.5.1-fg-rc,-,-,?,-,false,-
com.wdtinc,mapbox-vector-tile,3.0.0,-,-,?,-,false,-
com.wuyushuo,vplus-core,1.1.2,-,-,?,-,false,-
com.wuyushuo,vplus-data,1.1.2,-,-,?,-,false,-
com.wuyushuo,vplus-html,1.1.2,-,-,?,-,false,-
com.wuyushuo,vplus-mvc,1.1.2,-,-,?,-,false,-
com.wuyushuo,vplus-tutorial,1.1.2,-,-,?,-,false,-
com.wuyushuo,wuyu-assets-wms,1.0.6,-,-,?,-,false,-
com.wuyushuo,wuyu-assets-www,1.0.6,-,-,?,-,false,-
com.wuyushuo,wuyu-module-bureau,1.2.9,-,-,?,-,false,-
com.wuyushuo,wuyu-module-facet,1.2.7,-,-,?,-,false,-
com.wuyushuo,wuyu-module-fragment,1.2.9,-,-,?,-,false,-
com.wuyushuo,wuyu-module-hunter,1.2.9,-,-,?,-,false,-
com.wuyushuo,wuyu-module-means,1.2.9,-,-,?,-,false,-
com.wuyushuo,wuyu-module-policy,1.0.4,-,-,?,-,false,-
com.wuyushuo,wuyu-module-stream,1.2.9,-,-,?,-,false,-
com.wuyushuo,wuyu-module-unzone,1.0.6,-,-,?,-,false,-
com.zerotoheroes,hs-game-converter,1.0.12,-,-,?,-,false,-
com.zerotoheroes,hs-game-entities,1.0.25,-,-,?,-,false,-
com.zerotoheroes,hs-game-parser,1.0.25,-,-,?,-,false,-
