groupId,artifactId,version,moduleName,moduleVersion,moduleMode,moduleDependencies,jdepsToolError,jdepsViolations
ch.sharedvd.jaxb-plugins,xjc-non-null-getter,1.0.0,-,-,?,-,false,-
com.cinchapi,accent4j,1.0.0,-,-,?,-,false,sun.misc.Unsafe                          See http://openjdk.java.net/jeps/260
com.github.alonsodomin.cron4s,cron4s_2.11,0.4.5,-,-,?,-,false,-
com.github.alonsodomin.cron4s,cron4s_2.12,0.4.5,-,-,?,-,false,-
com.github.alonsodomin.cron4s,cron4s-core_2.11,0.4.5,-,-,?,-,false,-
com.github.alonsodomin.cron4s,cron4s-core_2.12,0.4.5,-,-,?,-,false,-
com.github.alonsodomin.cron4s,cron4s-core_sjs0.6_2.11,0.4.5,-,-,?,-,false,-
com.github.alonsodomin.cron4s,cron4s-core_sjs0.6_2.12,0.4.5,-,-,?,-,false,-
com.github.alonsodomin.cron4s,cron4s-joda_2.11,0.4.5,-,-,?,-,false,-
com.github.alonsodomin.cron4s,cron4s-joda_2.12,0.4.5,-,-,?,-,false,-
com.github.alonsodomin.cron4s,cron4s-momentjs_sjs0.6_2.11,0.4.5,-,-,?,-,false,-
com.github.alonsodomin.cron4s,cron4s-momentjs_sjs0.6_2.12,0.4.5,-,-,?,-,false,-
com.github.alonsodomin.cron4s,cron4s_sjs0.6_2.11,0.4.5,-,-,?,-,false,-
com.github.alonsodomin.cron4s,cron4s_sjs0.6_2.12,0.4.5,-,-,?,-,false,-
com.github.alonsodomin.cron4s,cron4s-testkit_2.11,0.4.5,-,-,?,-,false,-
com.github.alonsodomin.cron4s,cron4s-testkit_2.12,0.4.5,-,-,?,-,false,-
com.github.alonsodomin.cron4s,cron4s-testkit_sjs0.6_2.11,0.4.5,-,-,?,-,false,-
com.github.alonsodomin.cron4s,cron4s-testkit_sjs0.6_2.12,0.4.5,-,-,?,-,false,-
com.github.antechrestos,restclienttest,1.1.1,-,-,?,-,false,-
com.github.apuex.pa,pa-mhs,1.0.0,-,-,?,-,false,-
com.github.apuex.pa,pa-utility,1.0.0,-,-,?,-,false,-
com.github.apuex.springbootsolution,codegen_2.12,1.0.3,-,-,?,-,false,-
com.github.apuex.springbootsolution,runtime_2.12,1.0.3,-,-,?,-,false,-
com.github.apuex.springbootsolution,spring-boot-solution_2.12,1.0.3,-,-,?,-,false,-
com.github.astrolabsoftware,spark3d_2.11,0.2.1,-,-,?,-,false,-
com.github.astrolabsoftware,spark-fits_2.11,0.6.0,-,-,?,-,false,-
com.github.autoscaler,autoscale-acceptance-tests,1.3.0-158,-,-,?,-,false,-
com.github.autoscaler,autoscale-api,1.3.0-158,-,-,?,-,false,-
com.github.autoscaler,autoscale-core,1.3.0-158,-,-,?,-,false,-
com.github.autoscaler,autoscale-dockerswarm-shared,1.3.0-158,-,-,?,-,false,-
com.github.autoscaler,autoscale-marathon-shared,1.3.0-158,-,-,?,-,false,-
com.github.autoscaler,autoscale-scaler-dockerswarm,1.3.0-158,-,-,?,-,false,-
com.github.autoscaler,autoscale-scaler-marathon,1.3.0-158,-,-,?,-,false,-
com.github.autoscaler,autoscale-source-dockerswarm,1.3.0-158,-,-,?,-,false,-
com.github.autoscaler,autoscale-source-marathon,1.3.0-158,-,-,?,-,false,-
com.github.autoscaler,autoscale-workload-rabbit,1.3.0-158,-,-,?,-,false,-
com.github.barakb,asyncrmi,1.0.3,-,-,?,-,false,-
com.github.blutorange,log4jcat,0.1,-,-,?,-,false,-
com.github.blutorange,primefaces.monaco,0.14.2,-,-,?,-,false,-
com.github.brunoais,wrapped-exception,0.3.0,-,-,?,-,false,-
com.github.captainmaximo,smtp-client,0.1,-,-,?,-,false,-
com.github.cgdon,fqueue,1.1.1,-,-,?,-,false,-
com.github.cgdon,jexpr-core,0.0.2,-,-,?,-,false,-
com.github.chajath,guice-aqueduct,1.2,-,-,?,-,false,-
com.github.cukedoctor,cukedoctor-converter,1.1.3,-,-,?,-,false,-
com.github.cukedoctor,cukedoctor-extension,1.1.3,-,-,?,-,false,-
com.github.cukedoctor,cukedoctor-main,1.1.3,-,-,?,-,false,sun.misc.Signal                          See http://openjdk.java.net/jeps/260 + sun.misc.SignalHandler                   See http://openjdk.java.net/jeps/260 + sun.misc.Unsafe                          See http://openjdk.java.net/jeps/260
com.github.cukedoctor,cukedoctor-maven-plugin,1.1.3,-,-,?,-,false,-
com.github.dadrus.jpa-unit,jpa-unit4,0.5.0,-,-,?,-,false,-
com.github.dadrus.jpa-unit,jpa-unit5,0.5.0,-,-,?,-,false,-
com.github.dadrus.jpa-unit,jpa-unit-cdi,0.5.0,-,-,?,-,false,-
com.github.dadrus.jpa-unit,jpa-unit-concordion,0.5.0,-,-,?,-,false,-
com.github.dadrus.jpa-unit,jpa-unit-core,0.5.0,-,-,?,-,false,-
com.github.dadrus.jpa-unit,jpa-unit-cucumber,0.5.0,-,-,?,-,false,-
com.github.dadrus.jpa-unit,jpa-unit-integration-base-test,0.1.0,-,-,?,-,false,-
com.github.dadrus.jpa-unit,jpa-unit-jpa2.0-eclipselink-integration-test,0.1.0,-,-,?,-,false,-
com.github.dadrus.jpa-unit,jpa-unit-jpa2.0-hibernate-integration-test,0.1.0,-,-,?,-,false,-
com.github.dadrus.jpa-unit,jpa-unit-jpa2.1-eclipselink-integration-test,0.1.0,-,-,?,-,false,-
com.github.dadrus.jpa-unit,jpa-unit-jpa2.1-hibernate-integration-test,0.1.0,-,-,?,-,false,-
com.github.dadrus.jpa-unit,jpa-unit-jpa-mongodb-hibernate-ogm-integration-test,0.1.0,-,-,?,-,false,-
com.github.dadrus.jpa-unit,jpa-unit-mongodb,0.5.0,-,-,?,-,false,-
com.github.dadrus.jpa-unit,jpa-unit-neo4j,0.5.0,-,-,?,-,false,-
com.github.dadrus.jpa-unit,jpa-unit-rdbms,0.5.0,-,-,?,-,false,-
com.github.dadrus.jpa-unit,jpa-unit-test-model,0.1.0,-,-,?,-,false,-
com.github.davidmoten,aws-helper,0.2.2,-,-,?,-,false,-
com.github.davidmoten,aws-maven-plugin,0.2.18,-,-,?,-,false,-
com.github.davidmoten,example,1.9.0.1,-,-,?,-,false,-
com.github.davidmoten,flatbuffers-java,1.9.0.1,-,-,?,-,false,-
com.github.davidmoten,geo,0.7.6,-,-,?,-,false,-
com.github.davidmoten,geo-mem,0.7.6,-,-,?,-,false,-
com.github.davidmoten,grib2json,0.8.0.3,-,-,?,-,false,-
com.github.davidmoten,guava-mini,0.1.2,-,-,?,-,false,-
com.github.davidmoten,hilbert-curve,0.1.4,-,-,?,-,false,-
com.github.davidmoten,io-extras,0.1,com.github.davidmoten.io.extras,-,automatic,-,false,-
com.github.davidmoten,java-builder2,0.1,com.github.davidmoten.javabuilder2,-,automatic,-,false,-
com.github.davidmoten,rtree,0.8.6,-,-,?,-,false,-
com.github.davidmoten,rxjava2-aws,0.1.14,com.github.davidmoten.rxjava2.aws,-,automatic,-,false,-
com.github.davidmoten,rxjava2-extras,0.1.26,com.github.davidmoten.rxjava2.extras,-,automatic,-,false,sun.misc.Unsafe                          See http://openjdk.java.net/jeps/260
com.github.davidmoten,rxjava2-jdbc,0.1-RC38,com.github.davidmoten.rxjava2.jdbc,-,automatic,-,false,-
com.github.davidmoten,rxjava2-jdbc-stored-procedure,0.1-RC38,-,-,?,-,false,-
com.github.davidmoten,rxjava2-pool,0.1-RC38,com.github.davidmoten.rxjava2.pool,-,automatic,-,false,-
com.github.davidmoten,rxjava-aws,0.1.9,-,-,?,-,false,-
com.github.davidmoten,rxjava-extras,0.8.0.17,-,-,?,-,false,-
com.github.davidmoten,rxjava-file,0.4.7,-,-,?,-,false,-
com.github.davidmoten,rxjava-jdbc,0.7.16,-,-,?,-,false,-
com.github.davidmoten,rxjava-slf4j,0.6.11,-,-,?,-,false,-
com.github.davidmoten,state-machine-annotations,0.2.7,-,-,?,-,false,-
com.github.davidmoten,state-machine-example-shopping,0.2.7,-,-,?,-,false,-
com.github.davidmoten,state-machine-generator,0.2.7,-,-,?,-,false,-
com.github.davidmoten,state-machine-maven-plugin,0.2.7,-,-,?,-,false,-
com.github.davidmoten,state-machine-persistence,0.2.7,-,-,?,-,false,-
com.github.davidmoten,state-machine-runtime,0.2.7,-,-,?,-,false,-
com.github.davidmoten,state-machine-test,0.2.7,-,-,?,-,false,-
com.github.davidmoten,subethasmtp,4.0-RC8,-,-,?,-,false,-
com.github.davidmoten,word-wrap,0.1.5,com.github.davidmoten.wordwrap,-,automatic,-,false,-
com.github.dexecutor,dexecutor-core,2.0.2,-,-,?,-,false,-
com.github.dexecutor,dexecutor-ignite,1.1.0,-,-,?,-,false,-
com.github.dgdevel,repeat,0.1.4,-,-,?,-,false,-
com.github.dibyaranjan,base-converter,0.5-beta,-,-,?,-,false,-
com.github.dimovelev,metrics-sampler-core,0.9.0,-,-,?,-,false,-
com.github.dimovelev,metrics-sampler-extension-apache-status,0.9.0,-,-,?,-,false,-
com.github.dimovelev,metrics-sampler-extension-base,0.9.0,-,-,?,-,false,-
com.github.dimovelev,metrics-sampler-extension-elasticsearch,0.9.0,-,-,?,-,false,-
com.github.dimovelev,metrics-sampler-extension-exec,0.9.0,-,-,?,-,false,-
com.github.dimovelev,metrics-sampler-extension-graphite,0.9.0,-,-,?,-,false,-
com.github.dimovelev,metrics-sampler-extension-http,0.9.0,-,-,?,-,false,-
com.github.dimovelev,metrics-sampler-extension-jdbc,0.9.0,-,-,?,-,false,-
com.github.dimovelev,metrics-sampler-extension-jmx,0.9.0,-,-,?,-,false,-
com.github.dimovelev,metrics-sampler-extension-kafka-manager,0.9.0,-,-,?,-,false,-
com.github.dimovelev,metrics-sampler-extension-memcached,0.9.0,-,-,?,-,false,-
com.github.dimovelev,metrics-sampler-extension-oracle-nosql,0.9.0,-,-,?,-,false,-
com.github.dimovelev,metrics-sampler-extension-redis,0.9.0,-,-,?,-,false,-
com.github.dimovelev,metrics-sampler-extension-webmethods,0.9.0,-,-,?,-,false,-
com.github.dimovelev,metrics-sampler-tests,0.9.0,-,-,?,-,false,-
com.github.dt209,sfdcclient,0.2,-,-,?,-,false,-
com.github.ethendev,easypage,1.0.1,-,-,?,-,false,-
com.github.expdev07,bungee-plugin,1.4,-,-,?,-,false,-
com.github.expdev07,commy-bungee,1.4,-,-,?,-,false,-
com.github.expdev07,commy-core,1.4,-,-,?,-,false,-
com.github.expdev07,commy-spigot,1.4,-,-,?,-,false,-
com.github.expdev07,spigot-plugin,1.4,-,-,?,-,false,-
com.github.fburato,highweel-modules-cli,1.0.0,-,-,?,-,false,-
com.github.fburato,highweel-modules-utils,1.0.0,-,-,?,-,false,-
com.github.fburato,highwheel-ant,2.0,-,-,?,-,false,-
com.github.fburato,highwheel-bytecode,2.0,-,-,?,-,false,-
com.github.fburato,highwheel-core,2.0,-,-,?,-,false,-
com.github.fburato,highwheel-maven,2.0,-,-,?,-,false,-
com.github.fburato,highwheel-model,2.0,-,-,?,-,false,-
com.github.fburato,highwheel-modules,2.0,-,-,?,-,false,-
com.github.fburato,highwheel-modules-cli,2.0,-,-,?,-,false,-
com.github.fburato,highwheel-modules-core,1.2.0,-,-,?,-,false,-
com.github.fburato,highwheel-modules-maven,2.0,-,-,?,-,false,-
com.github.fburato,highwheel-modules-maven-plugin,1.2.0,-,-,?,-,false,-
com.github.fburato,highwheel-modules-utils,1.2.0,-,-,?,-,false,-
com.github.fburato,highwheel-parser,2.0,-,-,?,-,false,-
com.github.fburato,highwheel-utils,2.0,-,-,?,-,false,-
com.github.frodoking,app-architecture-framework,1.4,-,-,?,-,false,-
com.github.grimsa.hibernate,single-table-bulk-id-strategy,1.2,-,-,?,-,false,-
com.github.gwtmaterialdesign,gwt-material,2.1,-,-,?,-,false,-
com.github.gwtmaterialdesign,gwt-material-addins,2.1,-,-,?,-,false,-
com.github.gwtmaterialdesign,gwt-material-amcharts,2.1,-,-,?,-,false,-
com.github.gwtmaterialdesign,gwt-material-archetype,2.1,-,-,?,-,false,-
com.github.gwtmaterialdesign,gwt-material-errai-archetype,2.0.1,-,-,?,-,false,-
com.github.gwtmaterialdesign,gwt-material-jquery,2.1,-,-,?,-,false,-
com.github.gwtmaterialdesign,gwt-material-pwa-archetype,2.1,-,-,?,-,false,-
com.github.gwtmaterialdesign,gwt-material-table,2.1,-,-,?,-,false,-
com.github.gwtmaterialdesign,gwt-material-themes,2.1,-,-,?,-,false,-
com.github.hirofumi,protoroutes-generator_2.12,0.1.0-M1,-,-,?,-,false,-
com.github.hirofumi,protoroutes-runtime-ajax_sjs0.6_2.12,0.1.0-M1,-,-,?,-,false,-
com.github.hirofumi,protoroutes-runtime-play26_2.12,0.1.0-M1,-,-,?,-,false,-
com.github.hirofumi,xgboost4j_2.11,0.80-p1,-,-,?,-,false,-
com.github.hirofumi,xgboost4j_2.12,0.80-p1,-,-,?,-,false,-
com.github.hirofumi,xgboost4j-flink_2.11,0.80-p1,-,-,?,-,false,-
com.github.hirofumi,xgboost4j-spark_2.11,0.80-p1,-,-,?,-,false,-
com.github.hypfvieh,bluez-dbus,0.0.2,-,-,?,-,false,-
com.github.hypfvieh,dbus-java,2.7.5,-,-,?,-,false,-
com.github.hypfvieh,java-utils,1.0.3,-,-,?,-,false,-
com.github.hypfvieh,java-utils-extended,1.0.1,-,-,?,-,false,-
com.github.hypfvieh,libmatthew,0.8.3,-,-,?,-,false,-
com.github.hypfvieh.paulmann,paulmann-bt-cmdline,0.0.1,-,-,?,-,false,-
com.github.hypfvieh.paulmann,paulmann-bt-lib,0.0.2,-,-,?,-,false,-
com.github.ibole,microservice-discovery,1.0.6,-,-,?,-,false,-
com.github.ibole,microservice-test,1.0.6,-,-,?,-,false,-
com.github.japkit,japkit-active-annotations,1.16,-,-,?,-,false,-
com.github.japkit,japkit-all,1.16,-,-,?,-,false,-
com.github.japkit,japkit-all-javael3,1.16,-,-,?,-,false,-
com.github.japkit,japkit-all-nogroovy,1.16,-,-,?,-,false,-
com.github.japkit,japkit-annotation-processor,1.16,-,-,?,-,false,-
com.github.japkit,japkit-annotations,1.16,-,-,?,-,false,-
com.github.japkit,japkit-annotationtemplates,1.16,-,-,?,-,false,-
com.github.japkit,japkit-groovy,1.16,-,-,?,-,false,-
com.github.japkit,japkit-javael3,1.16,-,-,?,-,false,-
com.github.japkit,japkit-juel,1.16,-,-,?,-,false,-
com.github.javafaker,javafaker,0.15,-,-,?,-,false,-
com.github.jcute,jcute-base,0.1.2,-,-,?,-,false,sun.misc.Unsafe                          See http://openjdk.java.net/jeps/260
com.github.jcute,jcute-basic,0.0.7,-,-,?,-,false,-
com.github.jcute,jcute-boot,0.0.7,-,-,?,-,false,-
com.github.jcute,jcute-core,0.1.5,-,-,?,-,false,sun.misc.Unsafe                          See http://openjdk.java.net/jeps/260
com.github.jcute,jcute-core-aspect,0.0.7,-,-,?,-,false,-
com.github.jcute,jcute-core-bean,0.0.7,-,-,?,-,false,-
com.github.jcute,jcute-core-config,0.0.7,-,-,?,-,false,-
com.github.jcute,jcute-core-context,0.0.7,-,-,?,-,false,-
com.github.jcute,jcute-core-plugin,0.0.7,-,-,?,-,false,-
com.github.jcute,jcute-core-proxy,0.0.7,-,-,?,-,false,-
com.github.jcute,jcute-core-scanner,0.0.7,-,-,?,-,false,-
com.github.jcute,jcute-example,0.1.5,-,-,?,-,false,-
com.github.jcute,jcute-examples,0.1.2,-,-,?,-,false,-
com.github.jcute,jcute-plugin-cache,0.1.2,-,-,?,-,false,-
com.github.jcute,jcute-plugin-shutdown,0.1.2,-,-,?,-,false,-
com.github.jiayuhan-it,hadoop-annotations,2.7.3JYHTEST,-,-,?,-,false,-
com.github.jiayuhan-it,hadoop-ant,2.7.3JYHTEST,-,-,?,-,false,-
com.github.jiayuhan-it,hadoop-archives,2.7.3JYHTEST,-,-,?,-,false,-
com.github.jiayuhan-it,hadoop-assemblies,2.7.3JYHTEST,-,-,?,-,false,-
com.github.jiayuhan-it,hadoop-auth,2.7.3JYHTEST,-,-,?,-,false,-
com.github.jiayuhan-it,hadoop-aws,2.7.3JYHTEST,-,-,?,-,false,-
com.github.jiayuhan-it,hadoop-azure,2.7.3JYHTEST,-,-,?,-,false,-
com.github.jiayuhan-it,hadoop-build-tools,2.7.3JYHTEST,-,-,?,-,false,-
com.github.jiayuhan-it,hadoop-client,2.7.3JYHTEST,-,-,?,-,false,-
com.github.jiayuhan-it,hadoop-common,2.7.3JYHTEST,-,-,?,-,false,sun.misc.Cleaner                         Use java.lang.ref.PhantomReference @since 1.2 or java.lang.ref.Cleaner @since 9 + sun.misc.Signal                          See http://openjdk.java.net/jeps/260 + sun.misc.SignalHandler                   See http://openjdk.java.net/jeps/260 + sun.misc.Unsafe                          See http://openjdk.java.net/jeps/260
com.github.jiayuhan-it,hadoop-datajoin,2.7.3JYHTEST,-,-,?,-,false,-
com.github.jiayuhan-it,hadoop-distcp,2.7.3JYHTEST,-,-,?,-,false,-
com.github.jiayuhan-it,hadoop-extras,2.7.3JYHTEST,-,-,?,-,false,-
com.github.jiayuhan-it,hadoop-gridmix,2.7.3JYHTEST,-,-,?,-,false,-
com.github.jiayuhan-it,hadoop-hdfs,2.7.3JYHTEST,-,-,?,-,false,sun.misc.Unsafe                          See http://openjdk.java.net/jeps/260
com.github.jiayuhan-it,hadoop-hdfs-nfs,2.7.3JYHTEST,-,-,?,-,false,-
com.github.jiayuhan-it,hadoop-mapreduce-client-app,2.7.3JYHTEST,-,-,?,-,false,-
com.github.jiayuhan-it,hadoop-mapreduce-client-common,2.7.3JYHTEST,-,-,?,-,false,-
com.github.jiayuhan-it,hadoop-mapreduce-client-core,2.7.3JYHTEST,-,-,?,-,false,-
com.github.jiayuhan-it,hadoop-mapreduce-client-hs,2.7.3JYHTEST,-,-,?,-,false,-
com.github.jiayuhan-it,hadoop-mapreduce-client-hs-plugins,2.7.3JYHTEST,-,-,?,-,false,-
com.github.jiayuhan-it,hadoop-mapreduce-client-jobclient,2.7.3JYHTEST,-,-,?,-,false,-
com.github.jiayuhan-it,hadoop-mapreduce-client-shuffle,2.7.3JYHTEST,-,-,?,-,false,-
com.github.jiayuhan-it,hadoop-mapreduce-examples,2.7.3JYHTEST,-,-,?,-,false,-
com.github.jiayuhan-it,hadoop-maven-plugins,2.7.3JYHTEST,-,-,?,-,false,-
com.github.jiayuhan-it,hadoop-minicluster,2.7.3JYHTEST,-,-,?,-,false,-
com.github.jiayuhan-it,hadoop-minikdc,2.7.3JYHTEST,-,-,?,-,false,-
com.github.jiayuhan-it,hadoop-nfs,2.7.3JYHTEST,-,-,?,-,false,-
com.github.jiayuhan-it,hadoop-openstack,2.7.3JYHTEST,-,-,?,-,false,-
com.github.jiayuhan-it,hadoop-rumen,2.7.3JYHTEST,-,-,?,-,false,-
com.github.jiayuhan-it,hadoop-sls,2.7.3JYHTEST,-,-,?,-,false,-
com.github.jiayuhan-it,hadoop-streaming,2.7.3JYHTEST,-,-,?,-,false,-
com.github.jiayuhan-it,hadoop-yarn-api,2.7.3JYHTEST,-,-,?,-,false,-
com.github.jiayuhan-it,hadoop-yarn-applications-distributedshell,2.7.3JYHTEST,-,-,?,-,false,-
com.github.jiayuhan-it,hadoop-yarn-applications-unmanaged-am-launcher,2.7.3JYHTEST,-,-,?,-,false,-
com.github.jiayuhan-it,hadoop-yarn-client,2.7.3JYHTEST,-,-,?,-,false,-
com.github.jiayuhan-it,hadoop-yarn-common,2.7.3JYHTEST,-,-,?,-,false,-
com.github.jiayuhan-it,hadoop-yarn-registry,2.7.3JYHTEST,-,-,?,-,false,-
com.github.jiayuhan-it,hadoop-yarn-server-applicationhistoryservice,2.7.3JYHTEST,-,-,?,-,false,-
com.github.jiayuhan-it,hadoop-yarn-server-common,2.7.3JYHTEST,-,-,?,-,false,-
com.github.jiayuhan-it,hadoop-yarn-server-nodemanager,2.7.3JYHTEST,-,-,?,-,false,-
com.github.jiayuhan-it,hadoop-yarn-server-resourcemanager,2.7.3JYHTEST,-,-,?,-,false,-
com.github.jiayuhan-it,hadoop-yarn-server-sharedcachemanager,2.7.3JYHTEST,-,-,?,-,false,-
com.github.jiayuhan-it,hadoop-yarn-server-tests,2.7.3JYHTEST,-,-,?,-,false,-
com.github.jiayuhan-it,hadoop-yarn-server-web-proxy,2.7.3JYHTEST,-,-,?,-,false,-
com.github.jm-lab,jmlab-javafx-component,0.1.0,-,-,?,-,false,-
com.github.jm-lab,jmlab-utils-elasticsearch,0.5.1,-,-,?,-,false,-
com.github.jm-lab,jmlab-utils-java9,0.1.1,-,-,?,-,false,-
com.github.jm-lab,jmlab-utils-kafka,0.10.1,-,-,?,-,false,-
com.github.jstumpp,spring-whoops,0.1.0,-,-,?,-,false,-
com.github.kciomek,polyrun,1.0.0,-,-,?,-,false,-
com.github.ketan,dsl,0.2.0-2,-,-,?,-,false,-
com.github.kpavlov.fixio,benchmark,1.2,-,-,?,-,false,-
com.github.kpavlov.fixio,examples,1.2,-,-,?,-,false,-
com.github.kpavlov.fixio,fixio,1.2,-,-,?,-,false,-
com.github.kpavlov.jreactive8583,netty-iso8583,0.2.1,-,-,?,-,false,-
com.github.ksoichiro,gradle-console-reporter,0.5.0,-,-,?,-,false,-
com.github.ksoichiro,gradle-eclipse-aar-plugin,0.3.1,-,-,?,-,false,-
com.github.ksoichiro,gradle-web-resource-plugin,1.7.3,-,-,?,-,false,-
com.github.lanchon.dexpatcher,multidexlib2,2.2.4,-,-,?,-,false,-
com.github.lgigek,thrall,1.0.2,-,-,?,-,false,-
com.github.luxlang,lein-luxc,0.5.0,-,-,?,-,false,-
com.github.luxlang,stdlib,0.5.0,-,-,?,-,false,-
com.github.maiflai,gradle-scalatest,0.22,-,-,?,-,false,-
com.github.matejtymes,javafixes,1.2.0,-,-,?,-,false,-
com.github.mehmetakiftutuncu,errors_2.11,1.2,-,-,?,-,false,-
com.github.mehmetakiftutuncu,errors_2.12,1.2,-,-,?,-,false,-
com.github.mfathi91,jconunit,3.0.0,-,-,?,-,false,-
com.github.mfathi91,persian-date-time,4.0.0,-,-,?,-,false,-
com.github.mob41.blapi,broadlink-java-api,1.0.1,-,-,?,-,false,-
com.github.museadmin,infinite-state-machine,1.1.3,-,-,?,-,false,-
com.github.museadmin,infinite-state-machine-common,1.1.5,-,-,?,-,false,-
com.github.museadmin,infinite-state-machine-core-action-pack,1.1.3,-,-,?,-,false,-
com.github.MyEclipse1214,pybuiltin4j,1.0.0,-,-,?,-,false,-
com.github.n15g,spring-boot-gae,1.1.0-beta-3,-,-,?,-,false,-
com.github.nfalco79,junit4osgi-bundle,1.2.10,-,-,?,-,false,-
com.github.nfalco79,junit4osgi-gui,1.2.10,-,-,?,-,false,-
com.github.nfalco79,junit4osgi-registry,1.2.10,-,-,?,-,false,-
com.github.nfalco79,junit4osgi-runner,1.2.10,-,-,?,-,false,-
com.github.nfalco79,tools-ant,1.1.1,-,-,?,-,false,-
com.github.NicholasMolyneaux,scala-custom_2.12,1.1.1,-,-,?,-,false,-
com.github.nikolaybespalov,gt-ozi,0.1.0,-,-,?,-,false,-
com.github.nikolaybespalov,imageio-ozf,0.1.4,-,-,?,-,false,-
com.github.nikolaybespalov,jul4nt,0.1.5,-,-,?,-,false,-
com.github.nikolaybespalov,windows-event-log-handler,0.1.4,-,-,?,-,false,-
com.github.nimbus-org,nimbus,1.2.4,-,-,?,-,false,sun.misc.Unsafe                          See http://openjdk.java.net/jeps/260 + sun.reflect.ReflectionFactory            See http://openjdk.java.net/jeps/260 + sun.reflect.ReflectionFactory$GetReflectionFactoryAction Removed. See http://openjdk.java.net/jeps/260
com.github.ofmooseandmen,halo,2018.03.1,-,-,?,-,false,-
com.github.ooknight.ui,axios,0.17.1.1,-,-,?,-,false,-
com.github.ooknight.ui,bootstrap3,3.3.7.1,-,-,?,-,false,-
com.github.ooknight.ui,bootstrap,4.1.3.1,-,-,?,-,false,-
com.github.ooknight.ui,jquery2,2.2.4.1,-,-,?,-,false,-
com.github.ooknight.ui,jquery,3.3.1.1,-,-,?,-,false,-
com.github.ooknight.ui,mdui,0.4.1.1,-,-,?,-,false,-
com.github.ooknight.ui,semantic-ui,2.3.1.1,-,-,?,-,false,-
com.github.ooknight.ui,vuetify,1.0.17.1,-,-,?,-,false,-
com.github.ppadial.mavenbase,pom-policy,2,-,-,?,-,false,-
com.github.ppadial,pihole-api-client,0.3.0,-,-,?,-,false,-
com.github.ppadial,testrail-api-client,0.2.1,-,-,?,-,false,-
com.github.princesslana,ErisCasper-Data,0.6.3,-,-,?,-,false,-
com.github.princesslana,ErisCasper.java,0.3.0,-,-,?,-,false,-
com.github.qcloudsms,qcloudsms,1.0.5,-,-,?,-,false,-
com.github.qcloudsms,sms,0.9.2,-,-,?,-,false,-
com.github.quartzwebui,quartz-webui,1.1.1,-,-,?,-,false,-
com.github.quintans,ezsql-common,1.0.0,-,-,?,-,false,-
com.github.quintans,ezsql-orm,1.0.0,-,-,?,-,false,-
com.github.rebue.mbgx,mbgx,1.0.7,-,-,?,-,false,-
com.github.rebue.robotech,robotech-api,1.0.7,-,-,?,-,false,-
com.github.rebue.robotech,robotech-bll,1.0.7,-,-,?,-,false,-
com.github.rebue.scx,config-server,1.0.7,-,-,?,-,false,-
com.github.rebue.scx,eureka-server,1.0.7,-,-,?,-,false,-
com.github.rebue.scx,zuul-server,1.0.7,-,-,?,-,false,-
com.github.rebue.wheel,wheel-core,1.0.7,-,-,?,-,false,-
com.github.rebue.wheel,wheel-protostuff,1.0.7,-,-,?,-,false,-
com.github.rebue.wheel,wheel-test,1.0.7,-,-,?,-,false,-
com.github.rebue.wheel,wheel-turing,1.0.7,-,-,?,-,false,sun.misc.BASE64Decoder                   Use java.util.Base64 @since 1.8
com.github.richardroda.util,closeit,1.3,com.github.richardroda.util.closeit,-,automatic,-,false,-
com.github.rlon008,spring-stateless-security,1.2,-,-,?,-,false,-
com.github.rlon008,testamation-common,1.3,-,-,?,-,false,-
com.github.rlon008,testamation-core,1.3,-,-,?,-,false,-
com.github.rlon008,testamation-hibernate-support,1.3,-,-,?,-,false,-
com.github.rlon008,testamation-httpmock-jetty,1.3,-,-,?,-,false,-
com.github.rlon008,testamation-httpmock-tomcat,1.3,-,-,?,-,false,-
com.github.rlon008,testamation-jdk7-common,1.2,-,-,?,-,false,-
com.github.rlon008,testamation-jdk7-core,1.2,-,-,?,-,false,-
com.github.rlon008,testamation-jdk7-hibernate-support,1.2,-,-,?,-,false,-
com.github.rlon008,testamation-jdk7-httpmock-jetty,1.2,-,-,?,-,false,-
com.github.rlon008,testamation-jdk7-httpmock-tomcat,1.2,-,-,?,-,false,-
com.github.rlon008,testamation-jdk7-test-common,1.2,-,-,?,-,false,-
com.github.rlon008,testamation-test-common,1.3,-,-,?,-,false,-
com.github.rodionmoiseev.gradle.plugins,idea-utils,0.4-rc1,-,-,?,-,false,-
com.github.sabomichal,immutable-xjc-plugin,1.4,-,-,?,-,false,-
com.github.sabomichal,liquibase-mssql,1.6.4,-,-,?,-,false,-
com.github.sabomichal,spring-injector,1.0,-,-,?,-,false,-
com.github.sbahmani,jalcal,1.4,-,-,?,-,false,-
com.github.serlockholmes,easy-aop,0.1.1,-,-,?,-,false,-
com.github.serlockholmes,easy-core,0.1.1,-,-,?,-,false,-
com.github.serlockholmes,easy-ioc,0.1.1,-,-,?,-,false,-
com.github.serlockholmes,easy-jdbc,0.1.1,-,-,?,-,false,-
com.github.serlockholmes,easy-mvc,0.1.1,-,-,?,-,false,-
com.github.serlockholmes,easy-netty,0.1.1,-,-,?,-,false,-
com.github.serlockholmes,easy-server,0.1.1,-,-,?,-,false,-
com.github.serlockholmes,easy-start,0.1.0,-,-,?,-,false,-
com.github.serlockholmes,easy-start-all,0.1.1,-,-,?,-,false,-
com.github.serlockholmes,easy-start-simple,0.1.1,-,-,?,-,false,-
com.github.sijojosan21,arya-core,0.0.5-RELEASE,-,-,?,-,false,-
com.github.sitangshupal,easyServiceAutomator,1.0.1,-,-,?,-,false,-
com.github.sitangshupal.ServiceAutomator,easyServiceAutomator,1.0.0,-,-,?,-,false,-
com.github.slugify,slugify,2.2,-,-,?,-,false,-
com.github.slugify,slugify-integration-jstl,2.2,-,-,?,-,false,-
com.github.soshibby,swedbank,1.2.1,-,-,?,-,false,-
com.github.starhq,utils,1.0,-,-,?,-,false,sun.reflect.Reflection                   Use java.lang.StackWalker @since 9
com.github.stefanocke.japkit,japkit-active-annotations,1.11,-,-,?,-,false,-
com.github.stefanocke.japkit,japkit-all,1.11,-,-,?,-,false,-
com.github.stefanocke.japkit,japkit-all-javael3,1.11,-,-,?,-,false,-
com.github.stefanocke.japkit,japkit-all-nogroovy,1.11,-,-,?,-,false,-
com.github.stefanocke.japkit,japkit-annotation-processor,1.11,-,-,?,-,false,-
com.github.stefanocke.japkit,japkit-annotations,1.11,-,-,?,-,false,-
com.github.stefanocke.japkit,japkit-annotationtemplates,1.11,-,-,?,-,false,-
com.github.stefanocke.japkit,japkit-groovy,1.11,-,-,?,-,false,-
com.github.stefanocke.japkit,japkit-javael3,1.11,-,-,?,-,false,-
com.github.stefanocke.japkit,japkit-juel,1.11,-,-,?,-,false,-
com.github.super-sean,task-pipeline-app-plugin,1.0.12,-,-,?,-,false,-
com.github.super-sean,task-pipeline-core,1.0.12,-,-,?,-,false,-
com.github.super-sean,task-pipeline-worker-plugin,1.0.11,-,-,?,-,false,-
com.github.tfaga.lynx,lynx-core,1.2.0,-,-,?,-,false,-
com.github.tix-measurements,tix-time-core,2.2.3,-,-,?,-,false,-
com.github.toastshaman,dropwizard-auth-jwt,1.1.2-0,-,-,?,-,false,-
com.github.typeutils,typeutils,0.0.1,-,-,?,-,false,-
com.github.ufofind,com,1.0.2,-,-,?,-,false,-
com.github.underscorenico,sparsal_2.10,0.2.0,-,-,?,-,false,-
com.github.underscorenico,sparsal_2.11,0.2.0,-,-,?,-,false,-
com.github.underscorenico,sparsal_2.12,0.2.0,-,-,?,-,false,-
com.github.vaadin4qbanos,jsclipboard,1.0.12,-,-,?,-,false,-
com.github.winteryoung,yanwte2-core,1.0.0,-,-,?,-,false,-
com.github.winteryoung,yanwte2-spring,1.0.0,-,-,?,-,false,-
com.github.winteryoung,yanwte-core,1.2.9,-,-,?,-,false,-
com.github.winteryoung,yanwte-spring,1.2.9,-,-,?,-,false,-
com.github.wmacevoy,cfg,1.1,-,-,?,-,false,-
com.github.wmacevoy,kiss,1.0,-,-,?,-,false,-
com.github.wpic,less-maven-plugin,1.5,-,-,?,-,false,-
com.github.wumpz,diffutils,2.2,-,-,?,-,false,-
com.github.xuanyue202,bloom-filter,1.2.1,-,-,?,-,false,-
com.github.xuanyue202,composer-sdk-java-annotation,0.16.2-fixed,-,-,?,-,false,-
com.github.xuanyue202,composer-sdk-java-bna,0.16.2-fixed,-,-,?,-,false,-
com.github.xuanyue202,composer-sdk-java-bna-plugin,0.16.2-fixed,-,-,?,-,false,-
com.github.xuanyue202,composer-sdk-java-client,0.16.2-fixed,-,-,?,-,false,-
com.github.xuanyue202,composer-sdk-java-codegen,0.16.2-fixed,-,-,?,-,false,-
com.github.xuanyue202,composer-sdk-java-common,0.16.2-fixed,-,-,?,-,false,-
com.github.xuanyue202,composer-sdk-java-driver-fabric-v1,0.16.2-fixed,-,-,?,-,false,-
com.github.xuanyue202,composer-sdk-java-system-cto,0.16.2-fixed,-,-,?,-,false,-
com.github.xuanyue202,fabric-sdk-java,1.0.5,-,-,?,-,false,-
com.github.ykechan,jacobi,1.0.0-RC1,-,-,?,-,false,-
com.github.youwenwu,api-generator,0.0.1,-,-,?,-,false,-
com.github.zerkseez,gwtpojo-annotations,1.0.0-ALPHA,-,-,?,-,false,-
com.github.zerkseez,gwtpojo-codegen,1.0.0-ALPHA,-,-,?,-,false,-
com.github.zerkseez,gwtpojo-core,1.0.0-ALPHA,-,-,?,-,false,-
com.github.zerkseez,gwtpojo-maven-plugin,1.0.0-ALPHA,-,-,?,-,false,-
com.github.zhanhb,thymeleaf-layout-dialect,2.3.0,-,-,?,-,false,-
com.github.zm-dev,fatesdk,1.7.1,-,-,?,-,false,-
net.alantea,glide,0.2.4,-,-,?,-,false,-
net.alantea,storex,0.4.1,-,-,?,-,false,-
org.jusecase,builders-generator,0.6.0,-,-,?,-,false,-
