groupId,artifactId,version,moduleName,moduleVersion,moduleMode,moduleDependencies,jdepsToolError,jdepsViolations
com.github.a2mz,microspark_2.11,2.0,-,-,?,-,false,-
com.github.a2mz,microspark_2.12,2.0,-,-,?,-,false,-
com.github.abashev,vfs-s3,2.4.1,-,-,?,-,false,-
com.github.adowrath,chaiJ-core,0.2.0,-,-,?,-,false,-
com.github.adowrath,chaiJ-junit,0.2.0,-,-,?,-,false,-
com.github.anno4j,alibaba-composition-object,2.4,-,-,?,-,false,-
com.github.anno4j,alibaba-repository-object,2.4,-,-,?,-,false,-
com.github.anno4j,alibaba-store-blob,2.4,-,-,?,-,false,-
com.github.anno4j,anno4j-compile-tool,2.4,-,-,?,-,false,-
com.github.anno4j,anno4j-core,2.4,-,-,?,-,false,-
com.github.anno4j,anno4j-extension-sparqlmm,2.4,-,-,?,-,false,-
com.github.anno4j,anno4j-ontologies-mico,2.3.0,-,-,?,-,false,-
com.github.anno4j,anno4j-recommendation,2.4,-,-,?,-,false,-
com.github.arteam,dropwizard-http2-client,0.4,-,-,?,-,false,-
com.github.arteam,dropwizard-jdbi3,1.2.1,-,-,?,-,false,-
com.github.arteam,jdit,0.8,-,-,?,-,false,-
com.github.arteam,metrics-jdbi3,1.0-rc3,-,-,?,-,false,-
com.github.arteam,simple-json-rpc-client,0.9,-,-,?,-,false,-
com.github.arteam,simple-json-rpc-core,0.9,-,-,?,-,false,-
com.github.arteam,simple-json-rpc-server,0.9,-,-,?,-,false,-
com.github.bohrqiu.dubbo,dubbo-cache-common,1.2,-,-,?,-,false,-
com.github.bohrqiu.dubbo,dubbo-cache-core,1.2,-,-,?,-,false,-
com.github.brunoabdon.domino,domino,1.0.0,-,-,?,-,false,-
com.github.chenlei2,spring-boot-mybatis-rw-starter,0.0.1,-,-,?,-,false,-
com.github.cmlbeliever,cacheable-search-mvc,2.1.1,-,-,?,-,false,-
com.github.codedrinker,facebook-messenger,1.0.0,-,-,?,-,false,-
com.github.deinok,java-task-threading,0.1.3,-,-,?,-,false,-
com.github.deinok,sakai-api-java,0.3.0,-,-,?,-,false,-
com.github.dkhalansky,paradise-ng_2.12,0.1.0,-,-,?,-,false,-
com.github.dkhalansky,paradisenglib_2.12,0.1.1,-,-,?,-,false,-
com.github.dkhalansky,paradisengplugin_2.12,0.1.1,-,-,?,-,false,sun.misc.Unsafe                          See http://openjdk.java.net/jeps/260
com.github.edwgiz,maven-shade-plugin.log4j2-cachefile-transformer,2.8.1,-,-,?,-,false,-
com.github.fancyerii,httpclientfetcher,1.0.1,-,-,?,-,false,-
com.github.fancyerii,ifeng_crawler,1.0.1,-,-,?,-,false,-
com.github.fancyerii,url_crawler,1.1.4,-,-,?,-,false,-
com.github.fracpete,command-to-code-weka-package,2017.10.9,-,-,?,-,false,-
com.github.fracpete,deps4j,0.0.2,-,-,?,-,false,-
com.github.fracpete,gpsformats4j,0.0.2,-,-,?,-,false,-
com.github.fracpete,graphviz-treevisualize-weka-package,2018.5.13,-,-,?,-,false,-
com.github.fracpete,inetutils4j,0.0.2,-,-,?,-,false,-
com.github.fracpete,jclipboardhelper,0.1.2,-,-,?,-,false,-
com.github.fracpete,jshell-scripting,0.0.2,-,-,?,-,false,-
com.github.fracpete,jshell-scripting-weka-package,2018.8.11,-,-,?,-,false,-
com.github.fracpete,latex-maven-archetype,1.4.4,-,-,?,-,false,-
com.github.fracpete,latex-maven-plugin,1.4.4,-,-,?,-,false,-
com.github.fracpete,loadlib4j,0.0.1,-,-,?,-,false,-
com.github.fracpete,maven-dependency-helper,0.0.2,-,-,?,-,false,-
com.github.fracpete,minify-meka,0.0.3,-,-,?,-,false,-
com.github.fracpete,minify-weka,0.0.6,-,-,?,-,false,-
com.github.fracpete,multisearch-weka-package,2018.8.16,-,-,?,-,false,-
com.github.fracpete,musicg,1.4.2.2,-,-,?,-,false,-
com.github.fracpete,mxexpression-weka-package,2018.3.2,-,-,?,-,false,-
com.github.fracpete,processoutput4j,0.0.7,-,-,?,-,false,-
com.github.fracpete,quicken4j,0.0.2,-,-,?,-,false,-
com.github.fracpete,rsync4j,3.1.2-8,-,-,?,-,false,-
com.github.fracpete,rsync4j-all,3.1.2-12,-,-,?,-,false,-
com.github.fracpete,rsync4j-core,3.1.2-12,-,-,?,-,false,-
com.github.fracpete,rsync4j-windows-x86,3.1.2-12,-,-,?,-,false,-
com.github.fracpete,rsync4j-windows-x86_64,3.1.2-12,-,-,?,-,false,-
com.github.fracpete,simple-argparse4j,0.0.5,-,-,?,-,false,-
com.github.fracpete,simpleini4j,0.0.1,-,-,?,-,false,-
com.github.fracpete,sizeofag,1.0.4,-,-,?,-,false,-
com.github.fracpete,vfsjfilechooser2,0.2.8,-,-,?,-,false,-
com.github.fracpete,wekaclassalgos,2017.10.18,-,-,?,-,false,-
com.github.fracpete,weka-virtualenv,0.0.22,-,-,?,-,false,-
com.github.galigator.openllet,openllet-cli,2.6.4,-,-,?,-,false,-
com.github.galigator.openllet,openllet-core,2.6.4,-,-,?,-,false,-
com.github.galigator.openllet,openllet-distribution,2.6.4,-,-,?,-,false,-
com.github.galigator.openllet,openllet-examples,2.6.4,-,-,?,-,false,-
com.github.galigator.openllet,openllet-explanation,2.6.4,-,-,?,-,false,-
com.github.galigator.openllet,openllet-functions,2.6.4,-,-,?,-,false,-
com.github.galigator.openllet,openllet-jena,2.6.4,-,-,?,-,false,-
com.github.galigator.openllet,openllet-modularity,2.6.4,-,-,?,-,false,-
com.github.galigator.openllet,openllet-owlapi,2.6.4,-,-,?,-,false,-
com.github.galigator.openllet,openllet-pellint,2.6.4,-,-,?,-,false,-
com.github.galigator.openllet,openllet-profiler,2.6.4,-,-,?,-,false,-
com.github.galigator.openllet,openllet-protege,2.6.4,-,-,?,-,false,-
com.github.galigator.openllet,openllet-query,2.6.4,-,-,?,-,false,-
com.github.galigator.openllet,openllet-test,2.6.4,-,-,?,-,false,-
com.github.gert-wijns,TypeSafeQueryBuilder,3.0.1,-,-,?,-,false,-
com.github.gh351135612,logger-sc,1.1,-,-,?,-,false,-
com.github.goodforgod,dummymaker,1.1.1,-,-,?,-,false,-
com.github.gradeawarrior,selenium-pagemodel,2.3,-,-,?,-,false,-
com.github.guoyaohui,common-util,0.0.1,-,-,?,-,false,-
com.github.hayasshi,akkahttp_easyrouter_2.11,0.2.4,-,-,?,-,false,-
com.github.hayasshi,akkahttp_easyrouter_2.12,0.0.1,-,-,?,-,false,-
com.github.hayasshi,akka-http-router_2.11,0.3.0,-,-,?,-,false,-
com.github.hayasshi,akka-http-router_2.12,0.3.0,-,-,?,-,false,-
com.github.heiqs,crashFinder,2.1.2,-,-,?,-,false,-
com.github.hongframework,basic,1.0.2,-,-,?,-,false,-
com.github.hongframework,extension,1.0.2,-,-,?,-,false,-
com.github.hongframework,hframe-beans,1.0.2,-,-,?,-,false,-
com.github.hongframework,hframe-common,1.0.2,-,-,?,-,false,com.sun.crypto.provider.SunJCE           Use java.security.Security.getProvider(provider-name) @since 1.3 + sun.misc.BASE64Decoder                   Use java.util.Base64 @since 1.8 + sun.misc.BASE64Encoder                   Use java.util.Base64 @since 1.8
com.github.hongframework,hframe-deployer,1.0.2,-,-,?,-,false,-
com.github.hongframework,hframe-webcore,1.0.2,-,-,?,-,false,sun.misc.BASE64Encoder                   Use java.util.Base64 @since 1.8
com.github.hongframework,hframe-webgenerator,1.0.2,-,-,?,-,false,-
com.github.hongframework,hframe-workflow,1.0.2,-,-,?,-,false,-
com.github.jcustenborder,cef-parser,0.0.1.7,-,-,?,-,false,-
com.github.jcustenborder,cef-parserImpl,0.0.1.4,-,-,?,-,false,-
com.github.jcustenborder,docker-compose-junit-extension,0.0.1.2,-,-,?,-,false,-
com.github.jcustenborder,docker-properties,0.1.1,-,-,?,-,false,-
com.github.jcustenborder.kafka.connect,connect-utils,0.3.140,-,-,?,-,false,-
com.github.jcustenborder.kafka.connect,connect-utils-testing,0.3.140,-,-,?,-,false,-
com.github.jcustenborder.kafka.connect,connect-utils-testing-data,0.3.140,-,-,?,-,false,-
com.github.jcustenborder.kafka.connect,guava-repackaged,20.0,-,-,?,-,false,sun.misc.Unsafe                          See http://openjdk.java.net/jeps/260
com.github.jcustenborder.kafka.connect,jackson-repackaged,2.8.5,-,-,?,-,false,-
com.github.jcustenborder.kafka.connect,kafka-connect-assemblies,1.0.0.0,-,-,?,-,false,-
com.github.jcustenborder.kafka.connect,kafka-connect-cassandra,0.1.11,-,-,?,-,false,-
com.github.jcustenborder.kafka.connect,kafka-connect-cdc,0.0.1.5,-,-,?,-,false,-
com.github.jcustenborder.kafka.connect,kafka-connect-cdc-mssql,0.0.1.50,-,-,?,-,false,-
com.github.jcustenborder.kafka.connect,kafka-connect-cdc-test,0.0.1.5,-,-,?,-,false,-
com.github.jcustenborder.kafka.connect,kafka-connect-checkstyle,1.0.0.0,-,-,?,-,false,-
com.github.jcustenborder.kafka.connect,kafka-connect-documentation-plugin,0.1.3,-,-,?,-,false,-
com.github.jcustenborder.kafka.connect,kafka-connect-flume-avro,0.2.0.7,-,-,?,-,false,-
com.github.jcustenborder.kafka.connect,kafka-connect-influxdb,0.1.0.13,-,-,?,-,false,-
com.github.jcustenborder.kafka.connect,kafka-connect-jms,0.0.1.10,-,-,?,-,false,-
com.github.jcustenborder.kafka.connect,kafka-connect-jmx,0.1.0.2,-,-,?,-,false,-
com.github.jcustenborder.kafka.connect,kafka-connect-kinesis,0.1.0.11,-,-,?,-,false,-
com.github.jcustenborder.kafka.connect,kafka-connect-maprdb,0.1.4,-,-,?,-,false,-
com.github.jcustenborder.kafka.connect,kafka-connect-memcached,0.1.0.5,-,-,?,-,false,-
com.github.jcustenborder.kafka.connect,kafka-connect-mqtt,0.1.5,-,-,?,-,false,-
com.github.jcustenborder.kafka.connect,kafka-connect-quickstart,2.0.0-cp1,-,-,?,-,false,-
com.github.jcustenborder.kafka.connect,kafka-connect-rabbitmq,0.0.2.16,-,-,?,-,false,-
com.github.jcustenborder.kafka.connect,kafka-connect-redis,0.0.2.2,-,-,?,-,false,-
com.github.jcustenborder.kafka.connect,kafka-connect-salesforce,0.3.25,-,-,?,-,false,-
com.github.jcustenborder.kafka.connect,kafka-connect-servlet,0.1.0.10,-,-,?,-,false,-
com.github.jcustenborder.kafka.connect,kafka-connect-simulator,0.1.118,-,-,?,-,false,-
com.github.jcustenborder.kafka.connect,kafka-connect-snmp,0.0.1.9,-,-,?,-,false,-
com.github.jcustenborder.kafka.connect,kafka-connect-solr,0.1.24,-,-,?,-,false,-
com.github.jcustenborder.kafka.connect,kafka-connect-splunk,0.2.0.28,-,-,?,-,false,-
com.github.jcustenborder.kafka.connect,kafka-connect-spooldir,1.0.31,-,-,?,-,false,-
com.github.jcustenborder.kafka.connect,kafka-connect-statsd,0.1.20,-,-,?,-,false,-
com.github.jcustenborder.kafka.connect,kafka-connect-style-assemblies,1.1.0.0.4,-,-,?,-,false,-
com.github.jcustenborder.kafka.connect,kafka-connect-style-checkstyle,1.1.0.0.4,-,-,?,-,false,-
com.github.jcustenborder.kafka.connect,kafka-connect-style-licensing,1.1.0.0.4,-,-,?,-,false,-
com.github.jcustenborder.kafka.connect,kafka-connect-syslog,0.2.16,-,-,?,-,false,-
com.github.jcustenborder.kafka.connect,kafka-connect-transform-archive,0.1.0.3,-,-,?,-,false,-
com.github.jcustenborder.kafka.connect,kafka-connect-transform-cef,0.1.0.7,-,-,?,-,false,-
com.github.jcustenborder.kafka.connect,kafka-connect-transform-common,0.1.0.14,-,-,?,-,false,-
com.github.jcustenborder.kafka.connect,kafka-connect-transform-maxmind,0.1.0.7,-,-,?,-,false,-
com.github.jcustenborder.kafka.connect,kafka-connect-transform-xml,0.1.0.4,-,-,?,-,false,-
com.github.jcustenborder.kafka.connect,kafka-connect-twitter,0.2.26,-,-,?,-,false,-
com.github.jcustenborder.kafka.connect,kafka-connect-vertica,0.2.0.4,-,-,?,-,false,-
com.github.jcustenborder.kafka.connect,kafka-connect-webhook,0.1.0.7,-,-,?,-,false,-
com.github.jcustenborder.kafka.connect,kafka-connect-xml,0.0.1.2,-,-,?,-,false,-
com.github.jcustenborder.kafka.connect,xjc-kafka-connect-plugin,0.0.1.2,-,-,?,-,false,-
com.github.jcustenborder.kafka,kafka-jackson,0.0.1.2,-,-,?,-,false,-
com.github.jcustenborder.kafka,kafka-jaxb,0.0.1.2,-,-,?,-,false,-
com.github.jcustenborder.netty,netty-codec-netflow,0.0.1.4,-,-,?,-,false,-
com.github.jcustenborder.netty,netty-codec-statsd,0.1.5,-,-,?,-,false,-
com.github.jcustenborder.netty,netty-codec-syslog,0.3.23,-,-,?,-,false,-
com.github.jcustenborder.netty,palo-alto-syslog-parser,0.1.7,-,-,?,-,false,-
com.github.jcustenborder.parsers,extended-log-format,0.0.1.5,-,-,?,-,false,-
com.github.jcustenborder,salesforce-restclient,0.1.1.6,-,-,?,-,false,-
com.github.jcustenborder,vertica-stream-writer,0.0.1.12,-,-,?,-,false,-
com.github.jetose,swagger-spring-boot-starter,1.0.3.RELEASE,-,-,?,-,false,-
com.github.khoanguyen0791,tradeking-api,1.3.1,-,-,?,-,false,-
com.github.khoanguyen0791,tradeking-model,1.3.1,-,-,?,-,false,-
com.github.knightliao.canalx,canalx-select-db-json,0.0.2,-,-,?,-,false,-
com.github.knightliao.test,jutf,1.0.3,-,-,?,-,false,-
com.github.knightliao.test,jutf-spring,1.0.3,-,-,?,-,false,-
com.github.liujiebang,pay,1.1.3,-,-,?,-,false,-
com.github.maricn,logback-slack-appender,1.4.0,-,-,?,-,false,-
com.github.massamany,wiremockcsv,1.1.1,-,-,?,-,false,-
com.github.megafonweblab.histone,histone-acceptance-test,1.9.2,-,-,?,-,false,-
com.github.megafonweblab.histone,histone-java-v2,1.9.2,-,-,?,-,false,-
com.github.megafonweblab.histone,histone-spring,1.9.2,-,-,?,-,false,-
com.github.megafonweblab.histone,java-compiler,1.9.2,-,-,?,-,false,-
com.github.minhlong293,clientpool,0.11.0-3,-,-,?,-,false,-
com.github.minlingchao1,spring-boot-dynamic-datasource-starter,1.0.0,-,-,?,-,false,-
com.github.minlingchao1,spring-boot-elasticsearch-starter,1.0.0,-,-,?,-,false,-
com.github.minlingchao1,spring-boot-j2cache-starter,1.0.0,-,-,?,-,false,-
com.github.minlingchao1,spring-boot-messaging-starter,1.0.0,-,-,?,-,false,-
com.github.minlingchao1,spring-boot-websocket-starter,1.0.0,-,-,?,-,false,-
com.github.mizool.jcache,cache-annotations-ri-cdi,0.3,-,-,?,-,false,-
com.github.mizool.jcache,cache-annotations-ri-common,0.3,-,-,?,-,false,-
com.github.mizool.jcache,cache-annotations-ri-guice,0.3,-,-,?,-,false,-
com.github.mizool.jcache,cache-annotations-ri-spring,0.3,-,-,?,-,false,-
com.github.mizool.jcache,cache-ri-impl,0.3,-,-,?,-,false,-
com.github.mizool.jediscache,jediscache,0.2,-,-,?,-,false,-
com.github.mizool,mizool-core,0.24.2,-,-,?,-,false,-
com.github.mizool.technology,technology-aws,0.24.2,-,-,?,-,false,-
com.github.mizool.technology,technology-cache,0.24.2,-,-,?,-,false,-
com.github.mizool.technology,technology-cassandra,0.24.2,-,-,?,-,false,-
com.github.mizool.technology,technology-cassandra-datasource,0.13,-,-,?,-,false,-
com.github.mizool.technology,technology-jackson,0.24.2,-,-,?,-,false,-
com.github.mizool.technology,technology-web,0.24.2,-,-,?,-,false,-
com.github.nithril,smtp-connection-pool,1.3.0,-,-,?,-,false,-
com.github.npetzall.testcontainers.junit,generic,0.1.0,-,-,?,-,false,-
com.github.npetzall.testcontainers.junit,jdbc,0.1.0,-,-,?,-,false,-
com.github.obase,obase-config,1.2.0,-,-,?,-,false,-
com.github.obase,obase-data,1.2.0,-,-,?,-,false,-
com.github.obase,obase-jedis,1.2.0,-,-,?,-,false,-
com.github.obase,obase-loader,0.8.3,-,-,?,-,false,-
com.github.obase,obase-mysql,1.2.0,-,-,?,-,false,-
com.github.obase,obase-mysql-annotation,1.2.0,-,-,?,-,false,-
com.github.obase,obase-risedsn,1.2.0,-,-,?,-,false,-
com.github.obase,obase-test,1.2.0,-,-,?,-,false,-
com.github.obase,obase-util,1.2.0,-,-,?,-,false,-
com.github.obase,obase-webc,1.2.0,-,-,?,-,false,-
com.github.obase,obase-webc-yyudb,1.2.0,-,-,?,-,false,-
com.github.oboehm,gdv-xport-lib,3.2.1,-,-,?,-,false,-
com.github.panhongan,java-utils,0.1.8,-,-,?,-,false,-
com.github.panhongan,scala-utils,0.0.4,-,-,?,-,false,-
com.github.petka5,PriorityQMergeSort,0.0.3,-,-,?,-,false,-
com.github.phoenix-young,testng-ex,0.4.7,-,-,?,-,false,-
com.github.plippe,scalatra-standalone_2.12,0.0.3,-,-,?,-,false,-
com.github.rishabh9,mdc-propagation-dispatcher_2.11,0.0.5,-,-,?,-,false,-
com.github.rishabh9,play-jongo_2.11,2.0.1-jongo1.3,-,-,?,-,false,-
com.github.rishabh9,riko,1.0.0,-,-,?,-,false,-
com.github.romanowski,hoardercore_2.10,1.0.2,-,-,?,-,false,-
com.github.romanowski,hoardercore_2.12,1.0.2,-,-,?,-,false,-
com.github.rworsnop,vertx-beans,1.4.0,-,-,?,-,false,-
com.github.sadikovi,spark-netflow_2.10,2.0.4,-,-,?,-,false,-
com.github.sadikovi,spark-netflow_2.11,2.0.4,-,-,?,-,false,-
com.github.skeychen,dswork-config,8.8.1,-,-,?,-,false,-
com.github.skeychen,dswork-core,8.8.1,-,-,?,-,false,com.sun.image.codec.jpeg.JPEGCodec       Use javax.imageio @since 1.4 + com.sun.image.codec.jpeg.JPEGImageEncoder Use javax.imageio @since 1.4 + sun.misc.BASE64Decoder                   Use java.util.Base64 @since 1.8 + sun.misc.BASE64Encoder                   Use java.util.Base64 @since 1.8
com.github.skeychen,dswork-cs,8.8.1,-,-,?,-,false,-
com.github.skeychen,dswork-ee,8.8.1,-,-,?,-,false,-
com.github.skeychen,dswork-flow,8.8.1,-,-,?,-,false,-
com.github.skeychen,dswork-html,8.8.1,-,-,?,-,false,-
com.github.skeychen,dswork-http,8.8.1,-,-,?,-,false,-
com.github.skeychen,dswork-jdbc,8.8.1,-,-,?,-,false,-
com.github.skeychen,dswork-mvc,8.8.1,-,-,?,-,false,-
com.github.skeychen,dswork-ognl,8.8.1,-,-,?,-,false,-
com.github.skeychen,dswork-spring,8.8.1,-,-,?,-,false,-
com.github.skeychen,dswork-sso,8.8.1,-,-,?,-,false,-
com.github.skeychen,dswork-web,8.8.1,-,-,?,-,false,-
com.github.stefanvstein,candy,0.1,-,-,?,-,false,-
com.github.stefanvstein,grit,0.1,-,-,?,-,false,-
com.github.stephenc.continuous,git-timestamp-maven-plugin,1.1,-,-,?,-,false,-
com.github.stephenc.eaio-uuid,uuid,3.4.2,-,-,?,-,false,-
com.github.stephenc.monte,monte-screen-recorder,0.7.7.0,-,-,?,-,false,-
com.github.stephenc.nonmavenjar,non-maven-jar-maven-plugin,1.2,-,-,?,-,false,-
com.github.styxco,messages,1.0.1,-,-,?,-,false,-
com.github.thecookielab,PoloniexClient,1.1.1,-,-,?,-,false,-
com.github.thonill,XMLReader,0.9.4,-,-,?,-,false,-
com.github.tonivade,claudb,1.2.0,-,-,?,-,false,-
com.github.tonivade,claudb-maven-plugin,1.2.0,-,-,?,-,false,-
com.github.tonivade,equalizer,0.3.0,-,-,?,-,false,-
com.github.tonivade,purefun,0.2.0,com.github.tonivade.purefun,-,automatic,-,false,-
com.github.tonivade,resp-server,0.10.0,-,-,?,-,false,-
com.github.tonivade,spring-boot-starter-respmvc,0.2.0,-,-,?,-,false,-
com.github.tonivade,tinydb,0.13.0,-,-,?,-,false,-
com.github.tonivade,tinydb-maven-plugin,0.9.0,-,-,?,-,false,-
com.github.tonivade,zeromock,0.2.0,-,-,?,-,false,-
com.github.tonivade,zeromock-api,0.10.0,-,-,?,-,false,-
com.github.tonivade,zeromock-core,0.9.0,-,-,?,-,false,-
com.github.tonivade,zeromock-junit4,0.10.0,-,-,?,-,false,-
com.github.tonivade,zeromock-junit5,0.10.0,-,-,?,-,false,-
com.github.tonivade,zeromock-server,0.10.0,-,-,?,-,false,-
com.github.trevershick,ldap-test-utils,2.0.1,-,-,?,-,false,-
com.github.troxid,vrepapiscala_2.10,0.3.6,-,-,?,-,false,-
com.github.troxid,vrepapiscala_2.11,0.3.6,-,-,?,-,false,-
com.github.troxid,vrepapiscala_2.12,0.3.6,-,-,?,-,false,-
com.github.unafraid.plugins,Plugins-API,1.1.1,-,-,?,-,false,-
com.github.unafraid.plugins,Plugins-DB,1.1.1,-,-,?,-,false,-
com.github.unafraid.telegram-apis,CoreAPI,1.0.2,-,-,?,-,false,-
com.github.unafraid.telegram-apis,InlineMenuAPI,1.0.2,-,-,?,-,false,-
com.github.unafraid,voting-reward-api,1.0.3,-,-,?,-,false,-
com.github.vergil-ong,ong.base,0.0.1,-,-,?,-,false,-
com.github.vicenthy.filehelpers4j,FileHelpers4J,0.0.2,-,-,?,-,false,-
com.github.vvidovic.inspektr,inspektr-aspects,1.8.GA,-,-,?,-,false,-
com.github.vvidovic.inspektr,inspektr-audit,1.8.GA,-,-,?,-,false,-
com.github.vvidovic.inspektr,inspektr-common,1.8.GA,-,-,?,-,false,-
com.github.vvidovic.inspektr,inspektr-error,1.8.GA,-,-,?,-,false,-
com.github.vvidovic.inspektr,inspektr-support-spring,1.8.GA,-,-,?,-,false,-
com.github.wangdy,ebean-gradle-plugin,10.1.2,-,-,?,-,false,-
com.github.wenweihu86.raft,raft-java-core,1.8.0,-,-,?,-,false,-
com.github.wenweihu86.rpc,rpc-java,1.8.0,-,-,?,-,false,-
com.github.xbynet,crawler-core,0.3.0,-,-,?,-,false,-
com.github.xbynet,crawler-selenium,0.3.0,-,-,?,-,false,-
com.github.xbynet,crawler-server,0.3.0,-,-,?,-,false,-
com.github.xuwei-k,applybuilder_2.10,0.2.3,-,-,?,-,false,-
com.github.xuwei-k,applybuilder_2.11,0.2.3,-,-,?,-,false,-
com.github.xuwei-k,applybuilder_2.13.0-M1,0.2.3,-,-,?,-,false,-
com.github.xuwei-k,applybuilder_2.13.0-M2,0.2.3,-,-,?,-,false,-
com.github.xuwei-k,applybuilder_2.13.0-M4,0.2.3,-,-,?,-,false,-
com.github.xuwei-k,applybuilder70_2.12,0.1.6,-,-,?,-,false,-
com.github.xuwei-k,applybuilder_native0.3_2.11,0.2.3,-,-,?,-,false,-
com.github.xuwei-k,applybuilder_sjs0.6_2.10,0.2.3,-,-,?,-,false,-
com.github.xuwei-k,applybuilder_sjs0.6_2.11,0.2.3,-,-,?,-,false,-
com.github.xuwei-k,applybuilder_sjs0.6_2.12,0.2.3,-,-,?,-,false,-
com.github.xuwei-k,applybuilder_sjs0.6_2.13.0-M1,0.2.3,-,-,?,-,false,-
com.github.xuwei-k,applybuilder_sjs0.6_2.13.0-M2,0.2.3,-,-,?,-,false,-
com.github.xuwei-k,applybuilder_sjs0.6_2.13.0-M3,0.2.3,-,-,?,-,false,-
com.github.xuwei-k,ghscala_2.11,0.5.0,-,-,?,-,false,-
com.github.xuwei-k,ghscala_2.12,0.5.0,-,-,?,-,false,-
com.github.xuwei-k,gitter-scala_2.10,0.3.0,-,-,?,-,false,-
com.github.xuwei-k,gitter-scala_2.11,0.3.0,-,-,?,-,false,-
com.github.xuwei-k,gitter-scala_2.12,0.3.0,-,-,?,-,false,-
com.github.xuwei-k,httpmock_2.12,0.4.0,-,-,?,-,false,-
com.github.xuwei-k,httpz_2.10,0.5.1,-,-,?,-,false,-
com.github.xuwei-k,httpz_2.12,0.5.1,-,-,?,-,false,-
com.github.xuwei-k,httpz-apache_2.10,0.5.1,-,-,?,-,false,-
com.github.xuwei-k,httpz-apache_2.11,0.5.1,-,-,?,-,false,-
com.github.xuwei-k,httpz-async_2.10,0.5.1,-,-,?,-,false,-
com.github.xuwei-k,httpz-async_2.11,0.5.1,-,-,?,-,false,-
com.github.xuwei-k,httpz-native_2.10,0.5.1,-,-,?,-,false,-
com.github.xuwei-k,httpz-native_2.12,0.5.1,-,-,?,-,false,-
com.github.xuwei-k,httpz-native-client_2.10,0.5.1,-,-,?,-,false,-
com.github.xuwei-k,httpz-native-client_2.12,0.5.1,-,-,?,-,false,-
com.github.xuwei-k,httpz-scalaj_2.10,0.5.1,-,-,?,-,false,-
com.github.xuwei-k,httpz-scalaj_2.11,0.5.1,-,-,?,-,false,-
com.github.xuwei-k,iarray_2.11,0.4.1,-,-,?,-,false,-
com.github.xuwei-k,iarray_2.12,0.4.1,-,-,?,-,false,-
com.github.xuwei-k,iarray_2.13.0-M1,0.4.0,-,-,?,-,false,-
com.github.xuwei-k,iarray_2.13.0-M2,0.4.1,-,-,?,-,false,-
com.github.xuwei-k,iarray_2.13.0-M3,0.4.1,-,-,?,-,false,-
com.github.xuwei-k,iarray_native0.3_2.11,0.4.1,-,-,?,-,false,-
com.github.xuwei-k,iarray_sjs0.6_2.11,0.4.1,-,-,?,-,false,-
com.github.xuwei-k,iarray_sjs0.6_2.12,0.4.1,-,-,?,-,false,-
com.github.xuwei-k,iarray_sjs0.6_2.13.0-M2,0.4.1,-,-,?,-,false,-
com.github.xuwei-k,iarray_sjs0.6_2.13.0-M3,0.4.1,-,-,?,-,false,-
com.github.xuwei-k,mima_2.10,0.1.1,-,-,?,-,false,-
com.github.xuwei-k,mima_2.12,0.1.5,-,-,?,-,false,-
com.github.xuwei-k,msgpack4z-argonaut_2.12,0.5.1,-,-,?,-,false,-
com.github.xuwei-k,msgpack4z-argonaut_native0.3_2.11,0.5.1,-,-,?,-,false,-
com.github.xuwei-k,msgpack4z-argonaut_sjs0.6_2.11,0.5.1,-,-,?,-,false,-
com.github.xuwei-k,msgpack4z-circe_2.11,0.6.0,-,-,?,-,false,-
com.github.xuwei-k,msgpack4z-circe_2.12,0.6.0,-,-,?,-,false,-
com.github.xuwei-k,msgpack4z-circe_sjs0.6_2.12,0.6.0,-,-,?,-,false,-
com.github.xuwei-k,msgpack4z-core_2.12,0.3.9,-,-,?,-,false,-
com.github.xuwei-k,msgpack4z-core_2.13.0-M1,0.3.7,-,-,?,-,false,-
com.github.xuwei-k,msgpack4z-core_2.13.0-M3,0.3.9,-,-,?,-,false,-
com.github.xuwei-k,msgpack4z-core_2.13.0-M4,0.3.9,-,-,?,-,false,-
com.github.xuwei-k,msgpack4z-core_native0.2_2.11,0.3.7,-,-,?,-,false,-
com.github.xuwei-k,msgpack4z-core_native0.3_2.11,0.3.9,-,-,?,-,false,-
com.github.xuwei-k,msgpack4z-core_sjs0.6_2.11,0.3.9,-,-,?,-,false,-
com.github.xuwei-k,msgpack4z-core_sjs0.6_2.13.0-M1,0.3.7,-,-,?,-,false,-
com.github.xuwei-k,msgpack4z-core_sjs0.6_2.13.0-M2,0.3.8,-,-,?,-,false,-
com.github.xuwei-k,msgpack4z-core_sjs0.6_2.13.0-M4,0.3.9,-,-,?,-,false,-
com.github.xuwei-k,msgpack4z-jawn_2.11,0.3.9,-,-,?,-,false,-
com.github.xuwei-k,msgpack4z-jawn_2.13.0-M4,0.3.9,-,-,?,-,false,-
com.github.xuwei-k,msgpack4z-native_2.11,0.3.5,-,-,?,-,false,-
com.github.xuwei-k,msgpack4z-native_2.12,0.3.5,-,-,?,-,false,-
com.github.xuwei-k,msgpack4z-native_2.13.0-M1,0.3.3,-,-,?,-,false,-
com.github.xuwei-k,msgpack4z-native_2.13.0-M2,0.3.4,-,-,?,-,false,-
com.github.xuwei-k,msgpack4z-native_2.13.0-M3,0.3.5,-,-,?,-,false,-
com.github.xuwei-k,msgpack4z-native_native0.1_2.11,0.3.2,-,-,?,-,false,-
com.github.xuwei-k,msgpack4z-native_native0.3_2.11,0.3.5,-,-,?,-,false,-
com.github.xuwei-k,msgpack4z-native_sjs0.6_2.11,0.3.5,-,-,?,-,false,-
com.github.xuwei-k,msgpack4z-native_sjs0.6_2.12,0.3.5,-,-,?,-,false,-
com.github.xuwei-k,msgpack4z-native_sjs0.6_2.13.0-M2,0.3.4,-,-,?,-,false,-
com.github.xuwei-k,msgpack4z-native_sjs0.6_2.13.0-M3,0.3.5,-,-,?,-,false,-
com.github.xuwei-k,msgpack4z-native_sjs0.6_2.13.0-M4,0.3.5,-,-,?,-,false,-
com.github.xuwei-k,msgpack4z-native_sjs1.0.0-M1_2.11,0.3.3,-,-,?,-,false,-
com.github.xuwei-k,msgpack4z-native_sjs1.0.0-M1_2.12,0.3.3,-,-,?,-,false,-
com.github.xuwei-k,msgpack4z-play_2.11,0.5.2,-,-,?,-,false,-
com.github.xuwei-k,msgpack4z-play_2.12,0.5.2,-,-,?,-,false,-
com.github.xuwei-k,msgpack4z-play_2.13.0-M3,0.5.2,-,-,?,-,false,-
com.github.xuwei-k,msgpack4z-play_2.13.0-M4,0.5.2,-,-,?,-,false,-
com.github.xuwei-k,msgpack4z-play_sjs0.6_2.12,0.5.2,-,-,?,-,false,-
com.github.xuwei-k,msgpack4z-play_sjs0.6_2.13.0-M1,0.5.1,-,-,?,-,false,-
com.github.xuwei-k,msgpack4z-play_sjs0.6_2.13.0-M3,0.5.2,-,-,?,-,false,-
com.github.xuwei-k,msgpack4z-play_sjs0.6_2.13.0-M4,0.5.2,-,-,?,-,false,-
com.github.xuwei-k,nobox_2.12,0.2.0,-,-,?,-,false,-
com.github.xuwei-k,nobox_2.13.0-M1,0.2.0,-,-,?,-,false,-
com.github.xuwei-k,nobox_2.13.0-M3,0.2.0,-,-,?,-,false,-
com.github.xuwei-k,nobox_native0.3_2.11,0.2.0,-,-,?,-,false,-
com.github.xuwei-k,nobox_sjs0.6_2.11,0.2.0,-,-,?,-,false,-
com.github.xuwei-k,nobox_sjs0.6_2.13.0-M1,0.2.0,-,-,?,-,false,-
com.github.xuwei-k,nobox_sjs0.6_2.13.0-M2,0.2.0,-,-,?,-,false,-
com.github.xuwei-k,optparse-applicative_2.11,0.8.0,-,-,?,-,false,-
com.github.xuwei-k,optparse-applicative_2.13.0-M4,0.8.0,-,-,?,-,false,-
com.github.xuwei-k,optparse-applicative_2.13.0-M4-pre-20d3c21,0.8.0,-,-,?,-,false,-
com.github.xuwei-k,optparse-applicative_native0.3_2.11,0.8.0,-,-,?,-,false,-
com.github.xuwei-k,optparse-applicative_sjs0.6_2.11,0.8.0,-,-,?,-,false,-
com.github.xuwei-k,optparse-applicative_sjs0.6_2.12,0.8.0,-,-,?,-,false,-
com.github.xuwei-k,optparse-applicative_sjs0.6_2.13.0-M3,0.8.0,-,-,?,-,false,-
com.github.xuwei-k,pj_2.10,0.1.1,-,-,?,-,false,-
com.github.xuwei-k,pj_2.12,0.1.1,-,-,?,-,false,-
com.github.xuwei-k,pj-app_2.10,0.1.1,-,-,?,-,false,-
com.github.xuwei-k,pj-app_2.11,0.1.1,-,-,?,-,false,-
com.github.xuwei-k,pj-app_2.12,0.1.1,-,-,?,-,false,-
com.github.xuwei-k,play2scalaz_2.12,0.5.1,-,-,?,-,false,-
com.github.xuwei-k,play2scalaz_2.13.0-M1,0.5.0,-,-,?,-,false,-
com.github.xuwei-k,play2scalaz_2.13.0-M3,0.5.1,-,-,?,-,false,-
com.github.xuwei-k,play2scalaz_sjs0.6_2.11,0.5.1,-,-,?,-,false,-
com.github.xuwei-k,play2scalaz_sjs0.6_2.13.0-M1,0.5.0,-,-,?,-,false,-
com.github.xuwei-k,play-json-extra_2.10,0.3.1,-,-,?,-,false,-
com.github.xuwei-k,play-json-extra_2.12,0.5.1,-,-,?,-,false,-
com.github.xuwei-k,play-json-extra_2.13.0-M1,0.5.0,-,-,?,-,false,-
com.github.xuwei-k,play-json-extra_2.13.0-M3,0.5.1,-,-,?,-,false,-
com.github.xuwei-k,play-json-extra_sjs0.6_2.11,0.5.1,-,-,?,-,false,-
com.github.xuwei-k,play-json-extra_sjs0.6_2.13.0-M1,0.5.0,-,-,?,-,false,-
com.github.xuwei-k,qiitascala_2.10,0.3.0,-,-,?,-,false,-
com.github.xuwei-k,qiitascala_2.11,0.3.0,-,-,?,-,false,-
com.github.xuwei-k,qiitascala_2.12,0.3.0,-,-,?,-,false,-
com.github.xuwei-k,scalapb-playjson_2.10,0.5.0,-,-,?,-,false,-
com.github.xuwei-k,scalapb-playjson_2.11,0.5.0,-,-,?,-,false,-
com.github.xuwei-k,scalapb-playjson_2.12,0.5.0,-,-,?,-,false,-
com.github.xuwei-k,scalapb-playjson_sjs0.6_2.10,0.5.0,-,-,?,-,false,-
com.github.xuwei-k,scalapb-playjson_sjs0.6_2.12,0.5.0,-,-,?,-,false,-
com.github.xuwei-k,scalaz-magnolia_2.12,0.1.0,-,-,?,-,false,-
com.github.xuwei-k,scalaz-magnolia_sjs0.6_2.12,0.1.0,-,-,?,-,false,-
com.github.xuwei-k,sonatype_2.12,0.1.2,-,-,?,-,false,-
com.github.xuwei-k,usagi_2.10,0.2.2,-,-,?,-,false,-
com.github.xuwei-k,usagi_2.11,0.2.2,-,-,?,-,false,-
com.github.xuwei-k,zeroapply_2.12,0.2.2,-,-,?,-,false,-
com.github.xuwei-k,zeroapply_2.13.0-M1,0.2.2,-,-,?,-,false,-
com.github.xuwei-k,zeroapply_2.13.0-M2,0.2.2,-,-,?,-,false,-
com.github.xuwei-k,zeroapply_2.13.0-M3,0.2.2,-,-,?,-,false,-
com.github.xuwei-k,zeroapply_2.13.0-M4,0.2.2,-,-,?,-,false,-
com.github.xuwei-k,zeroapply_2.13.0-M4-pre-20d3c21,0.2.2,-,-,?,-,false,-
com.github.xuwei-k,zeroapply-scalaz_2.11,0.2.2,-,-,?,-,false,-
com.github.xuwei-k,zeroapply-scalaz_2.12,0.2.2,-,-,?,-,false,-
com.github.xuwei-k,zeroapply-scalaz_2.13.0-M1,0.2.2,-,-,?,-,false,-
com.github.xuwei-k,zeroapply-scalaz_2.13.0-M2,0.2.2,-,-,?,-,false,-
com.github.xuwei-k,zeroapply-scalaz_2.13.0-M4,0.2.2,-,-,?,-,false,-
com.github.xuwei-k,zeroapply-scalaz_2.13.0-M4-pre-20d3c21,0.2.2,-,-,?,-,false,-
com.github.yairharel81,evuv-exp-parser,1.2,-,-,?,-,false,-
com.github.zaplatynski,archive-packagetype,1.0.0,-,-,?,-,false,-
com.github.zaplatynski,fsm-packagetype,2.3.0,-,-,?,-,false,-
com.github.zhicwu,cassandra-jdbc-driver,0.6.4,-,-,?,-,false,-
com.github.zxhTom,bottom,1.0.0,-,-,?,-,false,-
com.github.zxhTom,common,1.0,-,-,?,-,false,-
com.github.zxhTom,core-base,1.0.1,-,-,?,-,false,-
com.github.zxhTom,office-aspose,1.0.0,-,-,?,-,false,-
com.github.zxhTom,zxhtomframework,1.0.0,-,-,?,-,false,-
