groupId,artifactId,version,moduleName,moduleVersion,moduleMode,moduleDependencies,jdepsToolError,jdepsViolations
com.annimon,tgbots-module,0.1,-,-,?,-,false,-
com.bertramlabs.plugins,less-asset-pipeline,3.0.5,-,-,?,-,false,-
com.bertramlabs.plugins,ratpack-asset-pipeline,3.0.5,-,-,?,-,false,-
com.bertramlabs.plugins,sass-asset-pipeline,3.0.5,-,-,?,-,false,-
com.google.apis,google-api-services-content,v2sandbox-rev91-1.24.1,-,-,?,-,false,-
com.google.apis,google-api-services-poly,v1-rev48-1.24.1,-,-,?,-,false,-
com.google.apis,google-api-services-servicemanagement,v1-rev409-1.23.0,-,-,?,-,false,-
com.google.apis,google-api-services-serviceuser,v1-rev72-1.22.0,-,-,?,-,false,-
com.twilio.sdk,twilio,7.24.1,-,-,?,-,false,-
io.gravitee.gateway,gravitee-gateway-buffer,1.18.1,-,-,?,-,false,-
io.gravitee.gateway,gravitee-gateway-el,1.18.1,-,-,?,-,false,-
io.gravitee.gateway,gravitee-gateway-env,1.18.1,-,-,?,-,false,-
io.gravitee.gateway,gravitee-gateway-policy,1.18.1,-,-,?,-,false,-
io.gravitee.gateway,gravitee-gateway-reactor,1.18.1,-,-,?,-,false,-
io.gravitee.gateway,gravitee-gateway-reporting,1.18.1,-,-,?,-,false,-
io.gravitee.gateway,gravitee-gateway-repository,1.18.1,-,-,?,-,false,-
io.gravitee.gateway,gravitee-gateway-resource,1.18.1,-,-,?,-,false,-
io.gravitee.gateway.handlers,gravitee-gateway-handlers-api,1.18.1,-,-,?,-,false,-
io.gravitee.gateway.http,gravitee-gateway-http-client-core,1.16.6,-,-,?,-,false,-
io.gravitee.gateway.http,gravitee-gateway-http-client-vertx,1.16.6,-,-,?,-,false,-
io.gravitee.gateway.security,gravitee-gateway-security-apikey,1.18.1,-,-,?,-,false,-
io.gravitee.gateway.security,gravitee-gateway-security-core,1.18.1,-,-,?,-,false,-
io.gravitee.gateway.security,gravitee-gateway-security-jwt,1.18.1,-,-,?,-,false,-
io.gravitee.gateway.security,gravitee-gateway-security-keyless,1.18.1,-,-,?,-,false,-
io.gravitee.gateway.security,gravitee-gateway-security-oauth2,1.18.1,-,-,?,-,false,-
io.gravitee.gateway.services,gravitee-gateway-services-apikeyscache,1.18.1,-,-,?,-,false,-
io.gravitee.gateway.services,gravitee-gateway-services-core,1.18.1,-,-,?,-,false,-
io.gravitee.gateway.services,gravitee-gateway-services-endpoint-discovery-consul,1.18.1,-,-,?,-,false,-
io.gravitee.gateway.services,gravitee-gateway-services-healthcheck,1.18.1,-,-,?,-,false,-
io.gravitee.gateway.services,gravitee-gateway-services-localregistry,1.18.1,-,-,?,-,false,-
io.gravitee.gateway.services,gravitee-gateway-services-monitoring,1.18.1,-,-,?,-,false,-
io.gravitee.gateway.services,gravitee-gateway-services-node-healthcheck,1.18.1,-,-,?,-,false,-
io.gravitee.gateway.services,gravitee-gateway-services-subscriptions-cache,1.18.1,-,-,?,-,false,-
io.gravitee.gateway.services,gravitee-gateway-services-sync,1.18.1,-,-,?,-,false,-
io.gravitee.gateway.standalone,gravitee-gateway-standalone-bootstrap,1.18.1,-,-,?,-,false,-
io.gravitee.gateway.standalone,gravitee-gateway-standalone-container,1.18.1,-,-,?,-,false,-
io.gravitee.management,gravitee-management-api-fetcher,1.18.1,-,-,?,-,false,-
io.gravitee.management,gravitee-management-api-model,1.18.1,-,-,?,-,false,-
io.gravitee.management,gravitee-management-api-repository,1.18.1,-,-,?,-,false,-
io.gravitee.management,gravitee-management-api-rest,1.18.1,-,-,?,-,false,-
io.gravitee.management,gravitee-management-api-security,1.18.1,-,-,?,-,false,-
io.gravitee.management,gravitee-management-api-service,1.18.1,-,-,?,-,false,-
io.gravitee.management.idp,gravitee-management-api-idp-api,1.18.1,-,-,?,-,false,-
io.gravitee.management.idp,gravitee-management-api-idp-core,1.18.1,-,-,?,-,false,-
io.gravitee.management.idp,gravitee-management-api-idp-ldap,1.18.1,-,-,?,-,false,-
io.gravitee.management.idp,gravitee-management-api-idp-memory,1.18.1,-,-,?,-,false,-
io.gravitee.management.idp,gravitee-management-api-idp-repository,1.18.1,-,-,?,-,false,-
io.gravitee.management.services,gravitee-management-api-services-core,1.18.1,-,-,?,-,false,-
io.gravitee.management.services,gravitee-management-api-services-dynamic-properties,1.18.1,-,-,?,-,false,-
io.gravitee.management.services,gravitee-management-api-services-healthcheck,1.18.1,-,-,?,-,false,-
io.gravitee.management.services,gravitee-management-api-services-subscriptions,1.18.1,-,-,?,-,false,-
io.gravitee.management.services,gravitee-management-api-services-sync,1.18.1,-,-,?,-,false,-
io.gravitee.management.standalone,gravitee-management-api-standalone-bootstrap,1.18.1,-,-,?,-,false,-
io.gravitee.management.standalone,gravitee-management-api-standalone-container,1.18.1,-,-,?,-,false,-
org.corpus-tools,pepperModules-GrAFModules,2.0.6,-,-,?,-,false,-
org.elasticsearch.client,elasticsearch-rest-client,6.4.0,-,-,?,-,false,-
org.elasticsearch.client,elasticsearch-rest-client-sniffer,6.4.0,-,-,?,-,false,-
org.elasticsearch.client,elasticsearch-rest-high-level-client,6.4.0,-,-,?,-,false,-
org.elasticsearch.client,transport,6.4.0,-,-,?,-,false,-
org.elasticsearch,elasticsearch,6.4.0,-,-,?,-,true,-
org.elasticsearch,elasticsearch-cli,6.4.0,-,-,?,-,false,-
org.elasticsearch,elasticsearch-core,6.4.0,-,-,?,-,true,-
org.elasticsearch,elasticsearch-hadoop,6.4.0,-,-,?,-,false,-
org.elasticsearch,elasticsearch-hadoop-cascading,6.4.0,-,-,?,-,false,-
org.elasticsearch,elasticsearch-hadoop-hive,6.4.0,-,-,?,-,false,-
org.elasticsearch,elasticsearch-hadoop-mr,6.4.0,-,-,?,-,false,-
org.elasticsearch,elasticsearch-hadoop-pig,6.4.0,-,-,?,-,false,-
org.elasticsearch,elasticsearch-secure-sm,6.4.0,-,-,?,-,false,-
org.elasticsearch,elasticsearch-spark-13_2.10,6.4.0,-,-,?,-,false,-
org.elasticsearch,elasticsearch-spark-13_2.11,6.4.0,-,-,?,-,false,-
org.elasticsearch,elasticsearch-spark-20_2.10,6.4.0,-,-,?,-,false,-
org.elasticsearch,elasticsearch-spark-20_2.11,6.4.0,-,-,?,-,false,-
org.elasticsearch,elasticsearch-storm,6.4.0,-,-,?,-,false,-
org.elasticsearch,elasticsearch-x-content,6.4.0,-,-,?,-,false,-
org.elasticsearch.gradle,build-tools,6.4.0,-,-,?,-,false,-
org.elasticsearch.plugin,aggs-matrix-stats-client,6.4.0,-,-,?,-,false,-
org.elasticsearch.plugin,elasticsearch-scripting-painless-spi,6.4.0,-,-,?,-,false,-
org.elasticsearch.plugin,lang-mustache-client,6.4.0,-,-,?,-,false,-
org.elasticsearch.plugin,parent-join-client,6.4.0,-,-,?,-,false,-
org.elasticsearch.plugin,percolator-client,6.4.0,-,-,?,-,false,-
org.elasticsearch.plugin,rank-eval-client,6.4.0,-,-,?,-,false,-
org.elasticsearch.plugin,reindex-client,6.4.0,-,-,?,-,false,-
org.elasticsearch.plugin,transport-netty4-client,6.4.0,-,-,?,-,false,-
org.elasticsearch,rest-api-spec,6.4.0,-,-,?,-,false,-
org.elasticsearch.test,framework,6.4.0,-,-,?,-,false,-
org.elasticsearch.test,hdfs-fixture,6.4.0,-,-,?,-,false,-
org.elasticsearch.test,krb5kdc-fixture,6.4.0,-,-,?,-,false,-
org.elasticsearch.test,logger-usage,6.4.0,-,-,?,-,false,-
org.elasticsearch.test,old-elasticsearch,6.4.0,-,-,?,-,false,-
org.jetbrains.kotlinx,kotlinx-coroutines-android,0.25.0,-,-,?,-,true,-
org.jetbrains.kotlinx,kotlinx-coroutines-core,0.25.0,-,-,?,-,true,-
org.jetbrains.kotlinx,kotlinx-coroutines-core-common,0.25.0,-,-,?,-,false,-
org.jetbrains.kotlinx,kotlinx-coroutines-core-js,0.25.0,-,-,?,-,false,-
org.jetbrains.kotlinx,kotlinx-coroutines-guava,0.25.0,-,-,?,-,true,-
org.jetbrains.kotlinx,kotlinx-coroutines-javafx,0.25.0,-,-,?,-,true,-
org.jetbrains.kotlinx,kotlinx-coroutines-jdk8,0.25.0,-,-,?,-,true,-
org.jetbrains.kotlinx,kotlinx-coroutines-nio,0.25.0,-,-,?,-,true,-
org.jetbrains.kotlinx,kotlinx-coroutines-quasar,0.25.0,-,-,?,-,true,-
org.jetbrains.kotlinx,kotlinx-coroutines-reactive,0.25.0,-,-,?,-,true,-
org.jetbrains.kotlinx,kotlinx-coroutines-reactor,0.25.0,-,-,?,-,true,-
org.jetbrains.kotlinx,kotlinx-coroutines-rx1,0.25.0,-,-,?,-,true,-
org.jetbrains.kotlinx,kotlinx-coroutines-rx2,0.25.0,-,-,?,-,true,-
org.jetbrains.kotlinx,kotlinx-coroutines-slf4j,0.25.0,-,-,?,-,true,-
org.jetbrains.kotlinx,kotlinx-coroutines-swing,0.25.0,-,-,?,-,true,-
org.smartboot.socket,aio-core,1.3.15,-,-,?,-,false,-
org.smartboot.socket,aio-pro,1.3.15,-,-,?,-,false,-
org.web3j,web3j-gradle-plugin,0.1.0,-,-,?,-,false,-
