groupId,artifactId,version,moduleName,moduleVersion,moduleMode,moduleDependencies,jdepsToolError,jdepsViolations
com.deltaprojects,lagom-opentracing_2.11,0.2.2,-,-,?,-,false,-
com.deltaprojects,lagom-opentracing_2.12,0.2.2,-,-,?,-,false,-
com.github.secdec.astam-correlator,threadfix-cli-lib,1.2.17,-,-,?,-,false,-
com.github.secdec.astam-correlator,threadfix-entities,1.2.17,-,-,?,-,false,-
com.github.secdec.astam-correlator,threadfix-ham,1.2.17,-,-,?,-,false,-
com.google.apis,google-api-services-youtubereporting,v1-rev537-1.24.1,-,-,?,-,false,-
com.jparams,to-string-tester,1.1.1,-,-,?,-,false,-
com.openthinks.libs,openlibs.utilities,1.2.2,-,-,?,-,false,-
com.quhaodian.discover,discover_user_oauth,1.8.3,-,-,?,-,false,-
com.samstarling,finagle-prometheus_2.11,0.0.11,-,-,?,-,false,-
com.samstarling,finagle-prometheus_2.12,0.0.11,-,-,?,-,false,-
com.scireum,sirius-biz,7.0-rc7,-,-,?,-,false,-
io.dgraph,dgraph4j,1.4.1,-,-,?,-,false,-
io.findify,clickhouse-akka-stream_2.11,0.4.3,-,-,?,-,false,-
io.findify,clickhouse-akka-stream_2.12,0.4.3,-,-,?,-,false,-
io.lightlink,lightlink-core,1.2.3,-,-,?,-,false,-
io.lightlink,test-def,1.2.3,-,-,?,-,false,-
org.b3log,latke,2.4.9,-,-,?,-,false,-
org.b3log,latke-repository-h2,2.4.9,-,-,?,-,false,-
org.b3log,latke-repository-mysql,2.4.9,-,-,?,-,false,-
org.b3log,latke-repository-oracle,2.4.9,-,-,?,-,false,-
org.b3log,latke-repository-sqlserver,2.4.9,-,-,?,-,false,-
org.elasql,elasql,0.2.1,-,-,?,-,false,-
org.encry,encry-common_2.12,0.8.2,-,-,?,-,false,-
org.encry,prism_2.12,0.8.2,-,-,?,-,false,-
org.vanilladb,bench,0.3.0,-,-,?,-,false,-
