groupId,artifactId,version,moduleName,moduleVersion,moduleMode,moduleDependencies,jdepsToolError,jdepsViolations
com.dopsun.chatbot,chatbot-cli,0.2.0,-,-,?,-,false,-
com.github.ajrnz,mill-dgraph_2.12,0.2.0,-,-,?,-,false,-
com.github.ajrnz,scemplate_2.12,0.5.1,-,-,?,-,false,-
com.github.alexandrnikitin,bloom-filter_2.10,0.10.1,-,-,?,-,false,sun.misc.Unsafe                          See http://openjdk.java.net/jeps/260
com.github.alexandrnikitin,bloom-filter_2.11,0.10.1,-,-,?,-,false,sun.misc.Unsafe                          See http://openjdk.java.net/jeps/260
com.github.alexandrnikitin,bloom-filter_2.12,0.10.1,-,-,?,-,false,sun.misc.Unsafe                          See http://openjdk.java.net/jeps/260
com.github.alexmojaki,s3-stream-upload,1.0.1,-,-,?,-,false,-
com.github.almasb,fxgl,0.5.4,-,-,?,-,false,-
com.github.almasb,fxgl-base,0.5.4,-,-,?,-,false,-
com.github.amitkhosla,in-memory-queue,1.1.1,-,-,?,-,false,-
com.github.amitkhosla,in-memory-queue-annotations,1.1.1,-,-,?,-,false,-
com.github.amitkhosla,memory-pool,1.1.1,-,-,?,-,false,-
com.github.amitkhosla,traffic-controller-annotations,1.1.1,-,-,?,-,false,-
com.github.amitkhosla,traffic-controller-core,1.1.1,-,-,?,-,false,-
com.github.andyglow,scala-xml-diff_2.11,2.0.3,-,-,?,-,false,-
com.github.andyglow,scala-xml-diff_2.12,2.0.3,-,-,?,-,false,-
com.github.andyglow,websocket-scala-client_2.11,0.2.4,-,-,?,-,false,-
com.github.andyglow,websocket-scala-client_2.12,0.2.4,-,-,?,-,false,-
com.github.aniketwadkar78,com.github.aniketwadkar78,1.0.3,-,-,?,-,false,-
com.github.antonsjava,jalw,2.0,-,-,?,-,false,-
com.github.antonsjava,jaul,1.3,-,-,?,-,false,-
com.github.antonsjava,json,1.0,-,-,?,-,false,-
com.github.antonsjava,slformatter,1.1,-,-,?,-,false,-
com.github.antonsjava,tostringer,1.0,-,-,?,-,false,-
com.github.arosini,wildstyle-generator,0.1,-,-,?,-,false,-
com.github.arucard21.simplyrestful,simplyrestful,0.6,-,-,?,-,false,-
com.github.arucard21.simplyrestful,simplyrestful-jetty,0.5,-,-,?,-,false,-
com.github.arucard21.simplyrestful,simplyrestful-spring-boot,0.2,-,-,?,-,false,-
com.github.attiand,feed-archive-stream,1.0,-,-,?,-,false,-
com.github.automately,j2v8_all_x86_64,4.7.1,-,-,?,-,false,-
com.github.awesome-it-ternopil,scalty_2.11,0.4.5,-,-,?,-,false,-
com.github.awesome-it-ternopil,scalty_2.12,0.4.5,-,-,?,-,false,-
com.github.ayberkcansever,mercury,1.0.0,-,-,?,-,false,-
com.github.azakordonets,fabricator_2.10,2.1.4,-,-,?,-,false,sun.misc.BASE64Encoder                   Use java.util.Base64 @since 1.8
com.github.azakordonets,fabricator_2.11,2.1.5,-,-,?,-,false,sun.misc.BASE64Encoder                   Use java.util.Base64 @since 1.8
com.github.azakordonets,fabricator_2.12,2.1.5,-,-,?,-,false,sun.misc.BASE64Encoder                   Use java.util.Base64 @since 1.8
com.github.azapen6,okkam-http_2.12,0.1.1,-,-,?,-,false,-
com.github.azapen6,okkam-json_2.12,0.1.0,-,-,?,-,false,-
com.github.bishoku,chunk-processor,0.0.2-RELEASE,-,-,?,-,false,-
com.github.brake.threegpp,telecom-charsets,1.0.1,com.github.brake.threegpp.telecom_charsets,-,automatic,-,false,-
com.github.bruce-cloud,fastclone,1.0.RELEASE,-,-,?,-,false,sun.misc.Cleaner                         Use java.lang.ref.PhantomReference @since 1.2 or java.lang.ref.Cleaner @since 9 + sun.misc.Unsafe                          See http://openjdk.java.net/jeps/260
com.github.bwsoft.iris,message,1.1.4,-,-,?,-,false,-
com.github.carlopantaleo,entity-comparator,1.0.1,-,-,?,-,false,-
com.github.carlopantaleo,jmodel-base-dao,0.1.4,-,-,?,-,false,-
com.github.carlopantaleo,jmodel-maven-plugin,0.1.4,-,-,?,-,false,-
com.github.carlopantaleo,jmodel-sample-project,0.1.4,-,-,?,-,false,-
com.github.carueda,cfg_2.11,0.2.0,-,-,?,-,false,-
com.github.carueda,cfg_2.12,0.3.0,-,-,?,-,false,-
com.github.carueda,tscfg_2.11,0.9.3,-,-,?,-,false,-
com.github.carueda,tscfg_2.12,0.9.4,-,-,?,-,false,-
com.github.caspar-chen,hoe,0.0.3,-,-,?,-,false,-
com.github.caspar-chen,swagger-ui-layer,0.0.6,-,-,?,-,false,-
com.github.cd-butterfly,retrofit-annotations,1.0.3,-,-,?,-,false,-
com.github.cd-butterfly,retrofit-compiler,1.0.3,-,-,?,-,false,-
com.github.chandu0101,sri-addons_sjs0.6_2.11,0.7.1,-,-,?,-,false,-
com.github.chandu0101,sri-addons_sjs0.6_2.12,0.7.1,-,-,?,-,false,-
com.github.chandu0101,sri-core_sjs0.6_2.11,0.7.1,-,-,?,-,false,-
com.github.chandu0101,sri-core_sjs0.6_2.12,0.7.1,-,-,?,-,false,-
com.github.chandu0101,sri-mobile_sjs0.6_2.11,0.7.1,-,-,?,-,false,-
com.github.chandu0101,sri-mobile_sjs0.6_2.12,0.7.1,-,-,?,-,false,-
com.github.chandu0101,sri-scalacss_sjs0.6_2.11,2017.1.0,-,-,?,-,false,-
com.github.chandu0101,sri-scalacss_sjs0.6_2.12,2017.1.0,-,-,?,-,false,-
com.github.chandu0101,sri-universal_sjs0.6_2.11,0.7.1,-,-,?,-,false,-
com.github.chandu0101,sri-universal_sjs0.6_2.12,0.7.1,-,-,?,-,false,-
com.github.chandu0101,sri-web_sjs0.6_2.11,0.7.1,-,-,?,-,false,-
com.github.chandu0101,sri-web_sjs0.6_2.12,0.7.1,-,-,?,-,false,-
com.github.chaosfirebolt.converter,roman-numeral-converter,1.0.0,-,-,?,-,false,-
com.github.ChenChiaHung,testrail-maven-plugin,1.3,-,-,?,-,false,-
com.github.combineads,hbase-testing-util-shaded,4.13.1,-,-,?,-,false,sun.misc.Cleaner                         Use java.lang.ref.PhantomReference @since 1.2 or java.lang.ref.Cleaner @since 9 + sun.misc.Signal                          See http://openjdk.java.net/jeps/260 + sun.misc.SignalHandler                   See http://openjdk.java.net/jeps/260 + sun.misc.URLClassPath                    Removed. See http://openjdk.java.net/jeps/260 + sun.misc.Unsafe                          See http://openjdk.java.net/jeps/260 + sun.security.x509.X500Name               Use javax.security.auth.x500.X500Principal @since 1.4
com.github.combineads,phoenix-core-shaded,4.13.1,-,-,?,-,false,sun.misc.Cleaner                         Use java.lang.ref.PhantomReference @since 1.2 or java.lang.ref.Cleaner @since 9 + sun.misc.Signal                          See http://openjdk.java.net/jeps/260 + sun.misc.SignalHandler                   See http://openjdk.java.net/jeps/260 + sun.misc.URLClassPath                    Removed. See http://openjdk.java.net/jeps/260 + sun.misc.Unsafe                          See http://openjdk.java.net/jeps/260 + sun.security.x509.X500Name               Use javax.security.auth.x500.X500Principal @since 1.4
com.github.combineads,presto-hbase-testing-util-shaded,1.0-cdh5.11.2,-,-,?,-,false,sun.misc.Cleaner                         Use java.lang.ref.PhantomReference @since 1.2 or java.lang.ref.Cleaner @since 9 + sun.misc.Signal                          See http://openjdk.java.net/jeps/260 + sun.misc.SignalHandler                   See http://openjdk.java.net/jeps/260 + sun.misc.URLClassPath                    Removed. See http://openjdk.java.net/jeps/260 + sun.misc.Unsafe                          See http://openjdk.java.net/jeps/260 + sun.security.x509.X500Name               Use javax.security.auth.x500.X500Principal @since 1.4
com.github.combineads,presto-phoenix-core-shaded,1.0-cdh5.11.2,-,-,?,-,false,sun.misc.Cleaner                         Use java.lang.ref.PhantomReference @since 1.2 or java.lang.ref.Cleaner @since 9 + sun.misc.Signal                          See http://openjdk.java.net/jeps/260 + sun.misc.SignalHandler                   See http://openjdk.java.net/jeps/260 + sun.misc.URLClassPath                    Removed. See http://openjdk.java.net/jeps/260 + sun.misc.Unsafe                          See http://openjdk.java.net/jeps/260 + sun.security.x509.X500Name               Use javax.security.auth.x500.X500Principal @since 1.4
com.github.complate,complate-http4k,0.1.1,-,-,?,-,false,-
com.github.complate,complate-spring-mvc,0.5.0,-,-,?,-,false,-
com.github.connollyst,jolt-maven-plugin,0.1.0.1,-,-,?,-,false,-
com.github.crazyxxl,spring-boot-start-demo-jwt,0.0.1-RELEASE,-,-,?,-,false,-
com.github.crazyxxl,spring-boot-starter-jwt,1.0.0,-,-,?,-,false,-
com.github.demidenko05,a-apache-jsp,1.0.5,-,-,?,-,false,-
com.github.demidenko05,a-apache-jspc,1.0.5,-,-,?,-,false,-
com.github.demidenko05,a-javabeans8,1.0.2,-,-,?,-,false,sun.misc.IOUtils                         Removed. See http://openjdk.java.net/jeps/260 + sun.misc.JavaLangAccess                  Removed. See http://openjdk.java.net/jeps/260 + sun.misc.JavaSecurityAccess              Removed. See http://openjdk.java.net/jeps/260 + sun.misc.SharedSecrets                   Removed. See http://openjdk.java.net/jeps/260 + sun.misc.Unsafe                          See http://openjdk.java.net/jeps/260 + sun.misc.VM                              Removed. See http://openjdk.java.net/jeps/260 + sun.security.util.SecurityConstants      Use appropriate java.security.Permission subclass @since 1.1
com.github.demidenko05,a-jetty,1.0.4,-,-,?,-,false,-
com.github.demidenko05,a-jetty-base,1.0.4,-,-,?,-,false,-
com.github.demidenko05,a-jetty-swing,1.0.4,-,-,?,-,false,-
com.github.demidenko05,taglibs-standard-impl,1.0.5,-,-,?,-,false,-
com.github.demidenko05,taglibs-standard-spec,1.0.5,-,-,?,-,false,-
com.github.democratati,doc-fisc-parser,1.0.0,-,-,?,-,false,-
com.github.domino-osgi,domino_2.10,1.1.2,-,-,?,-,false,-
com.github.domino-osgi,domino_2.11,1.1.2,-,-,?,-,false,-
com.github.domino-osgi,domino_2.12,1.1.2,-,-,?,-,false,-
com.github.domino-osgi,domino-java,0.2.0,-,-,?,-,false,-
com.github.dongfg.plugin,mybatis-generator-comment-plugin,1.0.0,-,-,?,-,false,-
com.github.dongfg.plugin,mybatis-generator-lombok-plugin,1.0.0,-,-,?,-,false,-
com.github.dramer,Bichromate,3.7,-,-,?,-,false,-
com.github.dtreskunov,easyssl,0.6.6,-,-,?,-,false,-
com.github.dzuvic,jtsgen-annotations,0.4.0,-,-,?,-,false,-
com.github.dzuvic,jtsgen-processor,0.4.0,-,-,?,-,false,-
com.github.eacasanovaspedre.fluk,fluk,1.2-BETA,-,-,?,-,false,-
com.github.eloyzone,jalali-calendar,1.0.0,-,-,?,-,false,-
com.github.enpassant,ickenham_2.11,1.4.1,-,-,?,-,false,-
com.github.enpassant,ickenham_2.12,1.4.1,-,-,?,-,false,-
com.github.enpassant,ickenham-json4s_2.11,1.4.1,-,-,?,-,false,-
com.github.enpassant,ickenham-json4s_2.12,1.4.1,-,-,?,-,false,-
com.github.enpassant,ickenham_native0.3_2.11,1.4.1,-,-,?,-,false,-
com.github.enpassant,ickenham-spring-mvc_2.11,1.4.1,-,-,?,-,false,-
com.github.enpassant,ickenham-spring-mvc_2.12,1.4.1,-,-,?,-,false,-
com.github.felixgail,gplaymusic,0.3.5,-,-,?,-,false,-
com.github.fengcone,phasmida,1.1-RELEASE,-,-,?,-,false,-
com.github.fsimoncelli,jmoney,1.0.0,-,-,?,-,false,-
com.github.goranstack.esox,esox-core,2.1.2,-,-,?,-,false,-
com.github.goranstack.esox,esox-gui,2.1.2,-,-,?,-,false,-
com.github.grimmjo,jaxrs-analyzer-gradle-plugin,0.2,-,-,?,-,false,-
com.github.grozandrei,exposable-annotation,1.0,-,-,?,-,false,-
com.github.grozandrei,exposable-processor,1.0,-,-,?,-,false,-
com.github.guoxuedong,java-erasure,1.0,-,-,?,-,false,-
com.github.gvolpe,console4cats_2.11,0.2,-,-,?,-,false,-
com.github.gvolpe,console4cats_2.12,0.2,-,-,?,-,false,-
com.github.gvolpe,fs2-rabbit_2.11,0.9,-,-,?,-,false,-
com.github.gvolpe,fs2-rabbit_2.12,0.9,-,-,?,-,false,-
com.github.gvolpe,fs2-rabbit-circe_2.11,0.9,-,-,?,-,false,-
com.github.gvolpe,fs2-rabbit-circe_2.12,0.9,-,-,?,-,false,-
com.github.gvolpe,fs2-redis_2.12,0.1.0,-,-,?,-,false,-
com.github.gvolpe,http4s-auth_2.11,0.1,-,-,?,-,false,-
com.github.gvolpe,http4s-auth-examples_2.11,0.1,-,-,?,-,false,-
com.github.gvolpe,http4s-tracer_2.11,1.0-M2,-,-,?,-,false,-
com.github.gvolpe,http4s-tracer_2.12,1.0-M2,-,-,?,-,false,-
com.github.hazendaz,build-tools,1.1.8,-,-,?,-,false,-
com.github.hazendaz,displaytag,2.2.2,-,-,?,-,false,-
com.github.hazendaz,htmlcompressor,1.6.4,-,-,?,-,false,-
com.github.hazendaz,javabean-tester,2.0.0-beta3,-,-,?,-,false,-
com.github.hazendaz.maven,makeself-maven-plugin,1.1.2,-,-,?,-,false,-
com.github.hazendaz.maven,smartsprites-maven-plugin,2.0.0,-,-,?,-,false,-
com.github.hazendaz,scriptable-dataset,2.0.0,-,-,?,-,false,-
com.github.hazendaz.spotbugs,spotbugs-maven-plugin,3.1.0-RC4,-,-,?,-,false,-
com.github.hoantran-it.library,aws-service,1.2.4,-,-,?,-,false,-
com.github.hoantran-it.library,utility-library,1.4,-,-,?,-,false,-
com.github.hxbkx,ExcelUtils,1.4.2,-,-,?,-,false,-
com.github.igor-g,spring-data-dynamodb,4.5.1,-,-,?,-,false,-
com.github.imkrmgn,speechtotext-websockets-java,0.0.8,-,-,?,-,false,-
com.github.isdream,cluster-dispatcher,1.2.1,-,-,?,-,false,-
com.github.isdream,cluster-watcher,1.1.2,-,-,?,-,false,-
com.github.isdream,jointware-core,2.0.0,-,-,?,-,false,-
com.github.isdream,jointware-kubernetes,2.0.0,-,-,?,-,false,-
com.github.isdream,jointware-openshift,2.0.0,-,-,?,-,false,-
com.github.javactic,javactic,2.1.0,-,-,?,-,false,-
com.github.jbellis,jamm,0.3.2,-,-,?,-,false,sun.misc.Unsafe                          See http://openjdk.java.net/jeps/260
com.github.jep42,easycsvmap,0.0.4,-,-,?,-,false,-
com.github.jep42,robotframework-easycsvmap,0.0.4,-,-,?,-,false,-
com.github.jep42,robotframework-easycsvmap-remoteserver,0.0.4,-,-,?,-,false,-
com.github.jep42,robotframework-formatcompare,0.0.3,-,-,?,-,false,-
com.github.jep42,robotframework-formatcompare-remoteserver,0.0.3,-,-,?,-,false,-
com.github.jepsar,timeago-jsf,1.0,-,-,?,-,false,-
com.github.jeroenr,k8s-svc-discovery_2.11,0.6,-,-,?,-,false,-
com.github.jlinqer,jlinqer,1.0.1,-,-,?,-,false,-
com.github.jsimone,webapp-runner,9.0.11.0,-,-,?,-,false,sun.misc.Unsafe                          See http://openjdk.java.net/jeps/260 + sun.security.x509.X500Name               Use javax.security.auth.x500.X500Principal @since 1.4
com.github.jsimone,webapp-runner-main,9.0.11.0,-,-,?,-,false,-
com.github.jsimone,webapp-runner-memcached,9.0.11.0,-,-,?,-,false,-
com.github.jsimone,webapp-runner-redis,9.0.11.0,-,-,?,-,false,-
com.github.julien-truffaut,monocle_2.10,1.5.0,-,-,?,-,false,-
com.github.julien-truffaut,monocle_2.11,1.5.1-cats,-,-,?,-,false,-
com.github.julien-truffaut,monocle_2.12,1.5.1-cats,-,-,?,-,false,-
com.github.julien-truffaut,monocle-core_2.10,1.5.0,-,-,?,-,false,-
com.github.julien-truffaut,monocle-core_2.11,1.5.1-cats,-,-,?,-,false,-
com.github.julien-truffaut,monocle-core_2.12,1.5.1-cats,-,-,?,-,false,-
com.github.julien-truffaut,monocle-core_sjs0.6_2.10,1.5.0,-,-,?,-,false,-
com.github.julien-truffaut,monocle-core_sjs0.6_2.11,1.5.1-cats,-,-,?,-,false,-
com.github.julien-truffaut,monocle-core_sjs0.6_2.12,1.5.1-cats,-,-,?,-,false,-
com.github.julien-truffaut,monocle-generic_2.10,1.5.0,-,-,?,-,false,-
com.github.julien-truffaut,monocle-generic_2.11,1.5.1-cats,-,-,?,-,false,-
com.github.julien-truffaut,monocle-generic_2.12,1.5.1-cats,-,-,?,-,false,-
com.github.julien-truffaut,monocle-generic_sjs0.6_2.10,1.5.0,-,-,?,-,false,-
com.github.julien-truffaut,monocle-generic_sjs0.6_2.11,1.5.1-cats,-,-,?,-,false,-
com.github.julien-truffaut,monocle-generic_sjs0.6_2.12,1.5.1-cats,-,-,?,-,false,-
com.github.julien-truffaut,monoclejs_2.10,1.5.0,-,-,?,-,false,-
com.github.julien-truffaut,monoclejs_2.11,1.5.1-cats,-,-,?,-,false,-
com.github.julien-truffaut,monoclejs_2.12,1.5.1-cats,-,-,?,-,false,-
com.github.julien-truffaut,monoclejvm_2.10,1.5.0,-,-,?,-,false,-
com.github.julien-truffaut,monoclejvm_2.11,1.5.1-cats,-,-,?,-,false,-
com.github.julien-truffaut,monoclejvm_2.12,1.5.1-cats,-,-,?,-,false,-
com.github.julien-truffaut,monocle-law_2.10,1.5.0,-,-,?,-,false,-
com.github.julien-truffaut,monocle-law_2.11,1.5.1-cats,-,-,?,-,false,-
com.github.julien-truffaut,monocle-law_2.12,1.5.1-cats,-,-,?,-,false,-
com.github.julien-truffaut,monocle-law_sjs0.6_2.10,1.5.0,-,-,?,-,false,-
com.github.julien-truffaut,monocle-law_sjs0.6_2.11,1.5.1-cats,-,-,?,-,false,-
com.github.julien-truffaut,monocle-law_sjs0.6_2.12,1.5.1-cats,-,-,?,-,false,-
com.github.julien-truffaut,monocle-macro_2.10,1.5.0,-,-,?,-,false,-
com.github.julien-truffaut,monocle-macro_2.11,1.5.1-cats,-,-,?,-,false,-
com.github.julien-truffaut,monocle-macro_2.12,1.5.1-cats,-,-,?,-,false,-
com.github.julien-truffaut,monocle-macro_sjs0.6_2.10,1.5.0,-,-,?,-,false,-
com.github.julien-truffaut,monocle-macro_sjs0.6_2.11,1.5.1-cats,-,-,?,-,false,-
com.github.julien-truffaut,monocle-macro_sjs0.6_2.12,1.5.1-cats,-,-,?,-,false,-
com.github.julien-truffaut,monocle-refined_2.10,1.5.0,-,-,?,-,false,-
com.github.julien-truffaut,monocle-refined_2.11,1.5.1-cats,-,-,?,-,false,-
com.github.julien-truffaut,monocle-refined_2.12,1.5.1-cats,-,-,?,-,false,-
com.github.julien-truffaut,monocle-refined_sjs0.6_2.10,1.5.0,-,-,?,-,false,-
com.github.julien-truffaut,monocle-refined_sjs0.6_2.11,1.5.1-cats,-,-,?,-,false,-
com.github.julien-truffaut,monocle-refined_sjs0.6_2.12,1.5.1-cats,-,-,?,-,false,-
com.github.julien-truffaut,monocle-state_2.10,1.5.0,-,-,?,-,false,-
com.github.julien-truffaut,monocle-state_2.11,1.5.1-cats,-,-,?,-,false,-
com.github.julien-truffaut,monocle-state_2.12,1.5.1-cats,-,-,?,-,false,-
com.github.julien-truffaut,monocle-state_sjs0.6_2.10,1.5.0,-,-,?,-,false,-
com.github.julien-truffaut,monocle-state_sjs0.6_2.11,1.5.1-cats,-,-,?,-,false,-
com.github.julien-truffaut,monocle-state_sjs0.6_2.12,1.5.1-cats,-,-,?,-,false,-
com.github.julien-truffaut,monocle-unsafe_2.10,1.5.0,-,-,?,-,false,-
com.github.julien-truffaut,monocle-unsafe_2.11,1.5.1-cats,-,-,?,-,false,-
com.github.julien-truffaut,monocle-unsafe_2.12,1.5.1-cats,-,-,?,-,false,-
com.github.julien-truffaut,monocle-unsafe_sjs0.6_2.10,1.5.0,-,-,?,-,false,-
com.github.julien-truffaut,monocle-unsafe_sjs0.6_2.11,1.5.1-cats,-,-,?,-,false,-
com.github.julien-truffaut,monocle-unsafe_sjs0.6_2.12,1.5.1-cats,-,-,?,-,false,-
com.github.julien-truffaut,newts_2.11,0.3.2,-,-,?,-,false,-
com.github.julien-truffaut,newts_2.12,0.3.2,-,-,?,-,false,-
com.github.julien-truffaut,newts-core_2.11,0.3.2,-,-,?,-,false,-
com.github.julien-truffaut,newts-core_2.12,0.3.2,-,-,?,-,false,-
com.github.julien-truffaut,newts-core_sjs0.6_2.11,0.3.2,-,-,?,-,false,-
com.github.julien-truffaut,newts-core_sjs0.6_2.12,0.3.2,-,-,?,-,false,-
com.github.julien-truffaut,newtsjs_2.11,0.3.2,-,-,?,-,false,-
com.github.julien-truffaut,newtsjs_2.12,0.3.2,-,-,?,-,false,-
com.github.julien-truffaut,newtsjvm_2.11,0.3.2,-,-,?,-,false,-
com.github.julien-truffaut,newtsjvm_2.12,0.3.2,-,-,?,-,false,-
com.github.junahan,struts2-protobuf-plugin,1.0.0,-,-,?,-,false,-
com.github.junahan,struts2-protobuf-plugin-demo-client,1.0.0,-,-,?,-,false,-
com.github.junahan,struts2-protobuf-plugin-demo-model,1.0.0,-,-,?,-,false,-
com.github.kangliang2007,swagger-ui-layer,1.2,-,-,?,-,false,-
com.github.kostasdrakonakis,android-navigator-annotations,1.2.2,-,-,?,-,false,-
com.github.kostasdrakonakis,android-navigator-compiler,1.2.2,-,-,?,-,false,-
com.github.krraghavan,fongo,2.0.14,-,-,?,-,false,sun.misc.Unsafe                          See http://openjdk.java.net/jeps/260 + sun.reflect.generics.reflectiveObjects.NotImplementedException Removed. See http://openjdk.java.net/jeps/260
com.github.krraghavan,mongodb-aggregate-query-support-core,0.8.2,-,-,?,-,false,-
com.github.krraghavan,mongodb-aggregate-query-support-reactive,0.8.2,-,-,?,-,false,-
com.github.krraghavan,mongodb-aggregate-query-support-spring4,0.8.2,-,-,?,-,false,-
com.github.langlan,langlan-sql-weaver,1.1.0,-,-,?,-,false,-
com.github.lauhwong,uupgrade-annotation,1.0.1,-,-,?,-,false,-
com.github.lauhwong,uupgrade-compiler,1.0.1,-,-,?,-,false,-
com.github.lburgazzoli,atomix-boot-node,1.0.2,-,-,?,-,false,-
com.github.lburgazzoli,atomix-boot-starter-client,1.0.2,-,-,?,-,false,-
com.github.lburgazzoli,atomix-boot-starter-common,1.0.2,-,-,?,-,false,-
com.github.lburgazzoli,atomix-boot-starter-replica,1.0.2,-,-,?,-,false,-
com.github.lburgazzoli,atomix-client-leadership,1.0.2,-,-,?,-,false,-
com.github.lburgazzoli,atomix-client-listener,1.0.2,-,-,?,-,false,-
com.github.lburgazzoli,etcd4j-v3,0.0.8,-,-,?,-,false,-
com.github.lburgazzoli,gradle-karaf-plugin,0.1.1,-,-,?,-,false,-
com.github.lburgazzoli,hazelcast-discovery-dns,3.7.5,-,-,?,-,false,-
com.github.lburgazzoli,hazelcast-discovery-etcd,3.7.5,-,-,?,-,false,-
com.github.lishengguo,node-dubbo-interface,0.0.1,-,-,?,-,false,-
com.github.lishengguo,node-dubbo-service,0.0.1,-,-,?,-,false,-
com.github.macdao,moscow,0.3.0,-,-,?,-,false,-
com.github.marsbits.restfbmessenger,restfbmessenger-core,2.2.1,-,-,?,-,false,-
com.github.marsbits.restfbmessenger,restfbmessenger-spring-boot-starter,2.2.0,-,-,?,-,false,-
com.github.martinq108,qspring-utils,1.0.0,-,-,?,-,false,-
com.github.mjeanroy,dbunit-plus,0.2.0,-,-,?,-,false,-
com.github.mjeanroy,exiftool-lib,2.3.0,-,-,?,-,false,-
com.github.mjeanroy,junit-customclassloader,0.1.1,-,-,?,-,false,-
com.github.mjeanroy,junit-runif,0.2.0,-,-,?,-,false,-
com.github.mjeanroy,junit-servers-core,0.8.0,-,-,?,-,false,-
com.github.mjeanroy,junit-servers-jetty,0.8.0,-,-,?,-,false,-
com.github.mjeanroy,junit-servers-tomcat,0.8.0,-,-,?,-,false,-
com.github.mjeanroy,node-maven-plugin,0.2.0,-,-,?,-,false,-
com.github.mjeanroy,rest-assert-assertj,0.2.0,-,-,?,-,false,-
com.github.mjeanroy,rest-assert-core,0.2.0,-,-,?,-,false,-
com.github.mjeanroy,rest-assert-unit,0.2.0,-,-,?,-,false,-
com.github.mozvip,hclient,0.0.3,-,-,?,-,false,-
com.github.mozvip,theaudiodb-client,0.1.0,-,-,?,-,false,-
com.github.msteinbeck,sig4j,1.0.0,-,-,?,-,false,-
com.github.mxsm,dubbotest,1.0,-,-,?,-,false,-
com.github.narender-singh,rocket,1.1.0,-,-,?,-,false,sun.misc.Signal                          See http://openjdk.java.net/jeps/260 + sun.misc.SignalHandler                   See http://openjdk.java.net/jeps/260
com.github.nkutsche,woodstox-core,5.2.1,-,-,?,-,false,-
com.github.nmorel.gwtjackson,gwt-jackson,0.15.3,-,-,?,-,false,-
com.github.nmorel.gwtjackson,gwt-jackson-guava,0.15.3,-,-,?,-,false,-
com.github.nmorel.gwtjackson,gwt-jackson-objectify,0.15.3,-,-,?,-,false,-
com.github.nmorel.gwtjackson,gwt-jackson-remotelogging,0.15.3,-,-,?,-,false,-
com.github.nmorel.gwtjackson,gwt-jackson-rest-api,0.5.1,-,-,?,-,false,-
com.github.nmorel.gwtjackson,gwt-jackson-rest-processor,0.5.1,-,-,?,-,false,-
com.github.npathai,hamcrest-optional,2.0.0,-,-,?,-,false,-
com.github.nut077,excelfreedom,1.0.0,-,-,?,-,false,-
com.github.nut077,excel-freedom,1.0.2,-,-,?,-,false,-
com.github.nut077,freedom-utilities,1.0.0,-,-,?,-,false,-
com.github.nut077,pdffreedom,1.0.0,-,-,?,-,false,-
com.github.nut077,pdf-freedom,1.0.3,-,-,?,-,false,-
com.github.nut077,utilities-freedom,1.0.0,-,-,?,-,false,-
com.github.oletraveler,bones_2.11,0.4.2,-,-,?,-,false,-
com.github.oletraveler,bones-json-lift_2.11,0.4.2,-,-,?,-,false,-
com.github.oletraveler,bones-rest-unfiltered_2.11,0.4.0,-,-,?,-,false,-
com.github.oletraveler,datadefinition-to-oas3-interpreter_2.11,0.4.0,-,-,?,-,false,-
com.github.onslip,gradle-one-jar,1.0.5,-,-,?,-,false,-
com.github.openasn1,openasn1-codec,0.5.0b,-,-,?,-,false,-
com.github.openasn1,openasn1-compiler,0.5.0b,-,-,?,-,false,-
com.github.oskin1,encryscript_2.12,0.3.2,-,-,?,-,false,-
com.github.oskin1,encry-tl_2.12,0.1.7,-,-,?,-,false,-
com.github.oskin1,prism_2.12,0.2.2,-,-,?,-,false,-
com.github.peter-gergely-horvath,dyna4jdbc,3.1.1,-,-,?,-,false,-
com.github.phisgr,gatling-grpc_2.12,0.1.0,-,-,?,-,false,-
com.github.pingbu,pingbu-logger,1.0,-,-,?,-,false,-
com.github.pingbu,pingbu-nlp,1.1.1,-,-,?,-,false,-
com.github.pingbu,pingbu-pinyin,1.0.3,-,-,?,-,false,-
com.github.pingbu,pingbu-search,1.0,-,-,?,-,false,-
com.github.pingbu,pingbu-storage,1.0,-,-,?,-,false,-
com.github.pvdberg1998,hashkode,1.2.3,-,-,?,-,false,-
com.github.pvdberg1998,pnet,1.5.10,-,-,?,-,false,-
com.github.quartzweb,quartz-web,1.2.0,-,-,?,-,false,-
com.github.raghubs81,jreport,1.0,-,-,?,-,false,-
com.github.reniec-idaas,idaas_sdk_java,1.1.11,-,-,?,-,false,-
com.github.rlazoti,finagle-metrics_2.11,0.0.12,-,-,?,-,false,-
com.github.rlazoti,finagle-metrics_2.12,0.0.12,-,-,?,-,false,-
com.github.rmannibucau,asciidoctor2dita,0.0.3,-,-,?,-,false,-
com.github.rmannibucau,cdi2guice,1.0.8,-,-,?,-,false,-
com.github.rmannibucau,common-maven-plugin,1.0.7,-,-,?,-,false,-
com.github.rmannibucau,demo-jaxrs,0.0.14,-,-,?,-,false,-
com.github.rmannibucau,dita-maven-plugin,1.0.0,-,-,?,-,false,-
com.github.rmannibucau,jaxrs-analyzer-extension,0.0.6,-,-,?,-,false,-
com.github.rmannibucau,maven-log-configurer-extension,1.0.0,-,-,?,-,false,-
com.github.rmannibucau,maven-travis-output,1.0.0,-,-,?,-,false,-
com.github.rmannibucau,playx-cdi,0.0.14,-,-,?,-,false,-
com.github.rmannibucau,playx-ioc,0.0.14,-,-,?,-,false,-
com.github.rmannibucau,playx-microprofile-config,0.0.14,-,-,?,-,false,-
com.github.rmannibucau,playx-servlet,0.0.14,-,-,?,-,false,-
com.github.rmannibucau,playx-swagger,0.0.14,-,-,?,-,false,-
com.github.rmannibucau.sirona,sirona-aop,0.6,-,-,?,-,false,-
com.github.rmannibucau.sirona,sirona-api,0.6,-,-,?,-,false,-
com.github.rmannibucau.sirona,sirona-aspectj,0.6,-,-,?,-,false,-
com.github.rmannibucau.sirona,sirona-boomerang,0.6,-,-,?,-,false,-
com.github.rmannibucau.sirona,sirona-cassandra,0.6,-,-,?,-,false,-
com.github.rmannibucau.sirona,sirona-cdi,0.6,-,-,?,-,false,-
com.github.rmannibucau.sirona,sirona-core,0.6,-,-,?,-,false,-
com.github.rmannibucau.sirona,sirona-cube,0.6,-,-,?,-,false,-
com.github.rmannibucau.sirona,sirona-ehcache-agent,0.6,-,-,?,-,false,-
com.github.rmannibucau.sirona,sirona-graphite,0.6,-,-,?,-,false,-
com.github.rmannibucau.sirona,sirona-hazelcast-agent,0.6,-,-,?,-,false,-
com.github.rmannibucau.sirona,sirona-hazelcast-gui,0.6,-,-,?,-,false,-
com.github.rmannibucau.sirona,sirona-javaagent,0.6,-,-,?,-,false,-
com.github.rmannibucau.sirona,sirona-jaxrs2,0.6,-,-,?,-,false,-
com.github.rmannibucau.sirona,sirona-jaxrs-cxf-26,0.6,-,-,?,-,false,-
com.github.rmannibucau.sirona,sirona-jdbc,0.6,-,-,?,-,false,-
com.github.rmannibucau.sirona,sirona-jpa,0.6,-,-,?,-,false,-
com.github.rmannibucau.sirona,sirona-jta,0.6,-,-,?,-,false,-
com.github.rmannibucau.sirona,sirona-mail-alerter,0.6,-,-,?,-,false,-
com.github.rmannibucau.sirona,sirona-plugins-api,0.6,-,-,?,-,false,-
com.github.rmannibucau.sirona,sirona-pull,0.6,-,-,?,-,false,-
com.github.rmannibucau.sirona,sirona-reporting-api,0.6,-,-,?,-,false,-
com.github.rmannibucau.sirona,sirona-spring,0.6,-,-,?,-,false,-
com.github.rmannibucau.sirona,sirona-store-memory,0.6,-,-,?,-,false,sun.misc.Unsafe                          See http://openjdk.java.net/jeps/260
com.github.rmannibucau.sirona,sirona-tomee-agent,0.6,-,-,?,-,false,-
com.github.rmannibucau.sirona,sirona-web,0.6,-,-,?,-,false,-
com.github.rmannibucau.sirona,sirona-websocket-client,0.6,-,-,?,-,false,-
com.github.rmannibucau.sirona,sirona-websocket-server,0.6,-,-,?,-,false,-
com.github.robtimus,data-url,1.0,-,-,?,-,false,-
com.github.robtimus,fs-core,1.2,-,-,?,-,false,-
com.github.robtimus,ftp-fs,1.2.1,-,-,?,-,false,-
com.github.robtimus,i18n-maven-plugin,1.0,-,-,?,-,false,-
com.github.robtimus,io-functions,1.0,-,-,?,-,false,-
com.github.robtimus,sftp-fs,1.2.1,-,-,?,-,false,-
com.github.robtimus,sql-functions,1.0,-,-,?,-,false,-
com.github.royqh1979,jeasygraphics,1.0.1,-,-,?,-,false,-
com.github.royqh1979,JEasyGraphics,1.0,-,-,?,-,false,-
com.github.rzykov,fastml4j_2.11,0.1,-,-,?,-,false,-
com.github.s7connector,s7connector,2.1,-,-,?,-,false,-
com.github.salat,salat-core_2.10,1.11.2,-,-,?,-,false,-
com.github.salat,salat-core_2.11,1.11.2,-,-,?,-,false,-
com.github.salat,salat-core_2.12,1.11.2,-,-,?,-,false,-
com.github.salat,salat-util_2.10,1.11.2,-,-,?,-,false,-
com.github.salat,salat-util_2.11,1.11.2,-,-,?,-,false,-
com.github.salat,salat-util_2.12,1.11.2,-,-,?,-,false,-
com.github.salesforce-marketingcloud,fuelsdk,1.2.2,-,-,?,-,false,-
com.github.sbaudoin,sonar-yaml-plugin,1.0.0,-,-,?,-,false,-
com.github.sbaudoin,yamllint,1.0.1,-,-,?,-,false,-
com.github.sepp2k,sexyopt_2.12,0.1.1,-,-,?,-,false,-
com.github.servicenow.stl4j,stl-decomp-4j,1.0.3,-,-,?,-,false,-
com.github.shiguruikai,combinatoricskt,1.3.0,com.github.shiguruikai.combinatoricskt,-,automatic,-,false,-
com.github.shredder121,jda-async-packetprovider,1.3,-,-,?,-,false,-
com.github.smitajit,es-rest-mock,1.0.0,-,-,?,-,false,-
com.github.spring-data-dynamodb,spring-data-dynamodb,5.0.2,-,-,?,-,false,-
com.github.tencentyun,tls-sig-api,1.0,-,-,?,-,false,-
com.github.thangiee,freasy-monad_2.11,0.7.0,-,-,?,-,false,-
com.github.thangiee,freasy-monad_2.12,0.7.0,-,-,?,-,false,-
com.github.thangiee,freasy-monad_sjs0.6_2.11,0.7.0,-,-,?,-,false,-
com.github.thangiee,freasy-monad_sjs0.6_2.12,0.7.0,-,-,?,-,false,-
com.github.the-watchmen,boot-helpr,1.1.1,-,-,?,-,false,-
com.github.torresmi,remotedata,1.1,-,-,?,-,false,-
com.github.tsingjyujing,geo-library-2.10,2.7,-,-,?,-,false,-
com.github.tsingjyujing,geo-library,2.8.8-2.10,-,-,?,-,false,-
com.github.tsingjyujing,lofka-utils,1.7,-,-,?,-,false,-
com.github.tuupertunut,powershell-lib-java,1.1.0,-,-,?,-,false,-
com.github.umeshsp,json-comparator,1.3,-,-,?,-,false,-
com.github.venkatramanm,common,1.16,-,-,?,-,false,-
com.github.venkatramanm.swf-all,swf,2.5,-,-,?,-,false,-
com.github.venkatramanm.swf-all,swf-db,2.5,-,-,?,-,false,-
com.github.venkatramanm.swf-all,swf-db-io-json,2.5,-,-,?,-,false,-
com.github.venkatramanm.swf-all,swf-db-io-xls,2.5,-,-,?,-,false,-
com.github.venkatramanm.swf-all,swf-db-io-xml,2.5,-,-,?,-,false,-
com.github.venkatramanm.swf-all,swf-maven-plugin,2.5,-,-,?,-,false,-
com.github.venkatramanm.swf-all,swf-plugin-bugs,2.5,-,-,?,-,false,-
com.github.venkatramanm.swf-all,swf-plugin-collab,2.5,-,-,?,-,false,-
com.github.venkatramanm.swf-all,swf-plugin-mail,2.5,-,-,?,-,false,-
com.github.venth.failsafe,reactor,0.1.0,-,-,?,-,false,-
com.github.venth.failsafe,rxjava2,0.1.4,-,-,?,-,false,-
com.github.venth.tools,latrine,0.1.4,-,-,?,-,false,-
com.github.vickumar1981,stringdistance_2.11,1.0.6,-,-,?,-,false,-
com.github.vickumar1981,stringdistance_2.12,1.0.6,-,-,?,-,false,-
com.github.victornoel.eo,eo-envelopes,0.0.3,-,-,?,-,false,-
com.github.vmicelli,jcomplex,1.0,-,-,?,-,false,-
com.github.wangyanrui,spring-boot-starter-swagger,1.0.0.RELEASE,-,-,?,-,false,-
com.github.weaselflink,js2junit,1.2,-,-,?,-,false,-
com.github.wnm3,API4JSON,1.0.0,-,-,?,-,false,-
com.github.xenoby,auxlib_native0.3.6-16-g2519ab6690_2.11,0.3.6-16-g2519ab6690,-,-,?,-,false,-
com.github.xenoby,auxlib_native0.3.6-20-g0afae98f36_2.11,0.3.6-20-g0afae98f36,-,-,?,-,false,-
com.github.xenoby,fastparse_2.11,1.0.0,-,-,?,-,false,-
com.github.xenoby,fastparse_native0.3.6-20-g0afae98f36_2.11,1.0.0,-,-,?,-,false,-
com.github.xenoby,fastparse-utils_2.11,1.0.0,-,-,?,-,false,-
com.github.xenoby,fastparse-utils_native0.3.6-20-g0afae98f36_2.11,1.0.0,-,-,?,-,false,-
com.github.xenoby,javalib_native0.3.6-16-g2519ab6690_2.11,0.3.6-16-g2519ab6690,-,-,?,-,false,-
com.github.xenoby,javalib_native0.3.6-20-g0afae98f36_2.11,0.3.6-20-g0afae98f36,-,-,?,-,false,-
com.github.xenoby,lenses_2.11,0.7.0-rc7,-,-,?,-,false,-
com.github.xenoby,lenses_native0.3.6-20-g0afae98f36_2.11,0.7.0-rc7,-,-,?,-,false,-
com.github.xenoby,lenses_sjs0.6_2.11,0.7.0-rc7,-,-,?,-,false,-
com.github.xenoby,nativelib_native0.3.6-16-g2519ab6690_2.11,0.3.6-16-g2519ab6690,-,-,?,-,false,-
com.github.xenoby,nativelib_native0.3.6-20-g0afae98f36_2.11,0.3.6-20-g0afae98f36,-,-,?,-,false,-
com.github.xenoby,nir_2.10,0.3.6-20-g0afae98f36,-,-,?,-,false,-
com.github.xenoby,nir_2.12,0.3.6-20-g0afae98f36,-,-,?,-,false,-
com.github.xenoby,nscplugin_2.11.12,0.3.6-20-g0afae98f36,-,-,?,-,false,-
com.github.xenoby,protobuf-runtime-scala_2.11,0.7.0-rc7,-,-,?,-,false,-
com.github.xenoby,protobuf-runtime-scala_native0.3.6-20-g0afae98f36_2.11,0.7.0-rc7,-,-,?,-,false,-
com.github.xenoby,scalafix-cli_2.11.12,0.6.0-M12-patch2,-,-,?,-,false,-
com.github.xenoby,scalafix-cli_2.12.6,0.6.0-M12-patch2,-,-,?,-,false,-
com.github.xenoby,scalafix-core_2.11,0.6.0-M12-patch2,-,-,?,-,false,-
com.github.xenoby,scalafix-core_2.12,0.6.0-M12-patch2,-,-,?,-,false,-
com.github.xenoby,scalafix-reflect_2.11.12,0.6.0-M12-patch2,-,-,?,-,false,-
com.github.xenoby,scalafix-reflect_2.12.6,0.6.0-M12-patch2,-,-,?,-,false,-
com.github.xenoby,scalafix-testkit_2.11.12,0.6.0-M12-patch2,-,-,?,-,false,-
com.github.xenoby,scalafix-testkit_2.12.6,0.6.0-M12-patch2,-,-,?,-,false,-
com.github.xenoby,scalalib_native0.3.6-16-g2519ab6690_2.11,0.3.6-16-g2519ab6690,-,-,?,-,false,-
com.github.xenoby,scalalib_native0.3.6-20-g0afae98f36_2.11,0.3.6-20-g0afae98f36,-,-,?,-,false,-
com.github.xenoby,scalapb-runtime_2.11,0.7.0-rc7,-,-,?,-,false,-
com.github.xenoby,scalapb-runtime_native0.3.6-20-g0afae98f36_2.11,0.7.0-rc7,-,-,?,-,false,-
com.github.xenoby,semanticdb3_2.11,3.2.0-5-7bb9e64f,-,-,?,-,false,-
com.github.xenoby,semanticdb3_native0.3.6-20-g0afae98f36_2.11,3.2.0-5-7bb9e64f,-,-,?,-,false,-
com.github.xenoby,sourcecode_2.11,0.1.4,-,-,?,-,false,-
com.github.xenoby,sourcecode_2.12,0.1.4,-,-,?,-,false,-
com.github.xenoby,sourcecode_native0.3.6-20-g0afae98f36_2.11,0.1.4,-,-,?,-,false,-
com.github.xenoby,test-interface_native0.3.6-16-g2519ab6690_2.11,0.3.6-16-g2519ab6690,-,-,?,-,false,-
com.github.xenoby,test-interface_native0.3.6-20-g0afae98f36_2.11,0.3.6-20-g0afae98f36,-,-,?,-,false,-
com.github.xenoby,test-interface-sbt-defs_native0.3.6-16-g2519ab6690_2.11,0.3.6-16-g2519ab6690,-,-,?,-,false,-
com.github.xenoby,test-interface-sbt-defs_native0.3.6-20-g0afae98f36_2.11,0.3.6-20-g0afae98f36,-,-,?,-,false,-
com.github.xenoby,test-interface-serialization_native0.3.6-16-g2519ab6690_2.11,0.3.6-16-g2519ab6690,-,-,?,-,false,-
com.github.xenoby,test-interface-serialization_native0.3.6-20-g0afae98f36_2.11,0.3.6-20-g0afae98f36,-,-,?,-,false,-
com.github.xenoby,tools_2.10,0.3.6-20-g0afae98f36,-,-,?,-,false,-
com.github.xenoby,tools_2.12,0.3.6-20-g0afae98f36,-,-,?,-,false,-
com.github.xenoby,utest_2.11,0.6.0,-,-,?,-,false,-
com.github.xenoby,utest_2.12,0.6.0,-,-,?,-,false,-
com.github.xenoby,utest_native0.3.6-20-g0afae98f36_2.11,0.6.0,-,-,?,-,false,-
com.github.xenoby,util_2.10,0.3.6-20-g0afae98f36,-,-,?,-,false,-
com.github.xenoby,util_2.12,0.3.6-20-g0afae98f36,-,-,?,-,false,-
com.github.yadickson,autoplsp,1.5.4,-,-,?,-,false,-
com.github.yannrichet,Rsession,2.0.4,-,-,?,-,false,-
com.github.youtongluan,sumk,1.8.2,-,-,?,-,false,-
com.github.yuanmomo,common-mbg-plugin,1.0.0,-,-,?,-,false,-
com.github.ywilkof,spark-jobs-rest-client,1.3.9,-,-,?,-,false,-
com.github.zern-king,spring-boot-autoconfigure,0.0.1,-,-,?,-,false,-
com.github.zuacaldeira,flex-app-backend,1.2.3,-,-,?,-,false,-
com.github.zuacaldeira,flex-crawlers,1.12,-,-,?,-,false,-
com.github.zyzxxx,testa,0.0.1,-,-,?,-,false,-
com.github.zyzxxx,testb,0.0.1,-,-,?,-,false,-
com.github.zyzxxx,test-core,0.0.1.RELEASE,-,-,?,-,false,-
com.github.zyzxxx,TestDemo,0.0.1,-,-,?,-,false,-
com.github.zyzxxx,test-test,0.0.1.RELEASE,-,-,?,-,false,-
com.harana,scalajs-react-autoresponsive-macros_sjs0.6_2.12,1.0.0,-,-,?,-,false,-
com.harana,scalajs-react-autoresponsive_sjs0.6_2.12,1.0.0,-,-,?,-,false,-
me.schlaubi,commandCord,2.1.0,-,-,?,-,false,-
