groupId,artifactId,version,moduleName,moduleVersion,moduleMode,moduleDependencies,jdepsToolError,jdepsViolations
org.atmosphere,atmosphere-annotations,2.4.30,-,-,?,-,false,-
org.atmosphere,atmosphere-compat-jbossweb,2.0.1,-,-,?,-,false,-
org.atmosphere,atmosphere-jersey,2.4.30,-,-,?,-,false,-
org.atmosphere,atmosphere-jgroups,2.4.21,-,-,?,-,false,-
org.atmosphere,atmosphere-jms,2.4.21,-,-,?,-,false,-
org.atmosphere,atmosphere-kafka,2.4.21,-,-,?,-,false,-
org.atmosphere,atmosphere-rabbitmq,2.4.21,-,-,?,-,false,-
org.atmosphere,atmosphere-runtime-native,2.4.30,-,-,?,-,false,-
org.atmosphere,atmosphere-samples-commons,2.4.28,-,-,?,-,false,-
org.atmosphere,atmosphere-vertx-assembly,3.0.0,-,-,?,-,false,-
org.butterfaces,components,3.0.5,-,-,?,-,false,sun.reflect.generics.reflectiveObjects.NotImplementedException Removed. See http://openjdk.java.net/jeps/260
org.fedoraproject.xmvn,xmvn-api,3.0.0,-,-,?,-,false,-
org.fedoraproject.xmvn,xmvn-bisect,3.0.0,-,-,?,-,false,-
org.fedoraproject.xmvn,xmvn-connector-aether,3.0.0,-,-,?,-,false,-
org.fedoraproject.xmvn,xmvn-connector-gradle,3.0.0,-,-,?,-,false,-
org.fedoraproject.xmvn,xmvn-connector-ivy,3.0.0,-,-,?,-,false,-
org.fedoraproject.xmvn,xmvn-core,3.0.0,-,-,?,-,false,-
org.fedoraproject.xmvn,xmvn-install,3.0.0,-,-,?,-,false,-
org.fedoraproject.xmvn,xmvn-mojo,3.0.0,-,-,?,-,false,-
org.fedoraproject.xmvn,xmvn-resolve,3.0.0,-,-,?,-,false,-
org.fedoraproject.xmvn,xmvn-subst,3.0.0,-,-,?,-,false,-
org.flexiblepower.defpi,api,18.6.1,-,-,?,-,false,-
org.flexiblepower.defpi,codegen-common,18.6.1,-,-,?,-,false,-
org.flexiblepower.defpi,commons,18.6.1,-,-,?,-,false,-
org.flexiblepower.defpi,defpi-maven-plugin,18.6.1,-,-,?,-,false,-
org.flexiblepower.defpi,orchestrator,18.6.1,-,-,?,-,false,-
org.flexiblepower.defpi,python-codegen,18.6.1,-,-,?,-,false,-
org.flexiblepower.defpi,service,18.6.1,-,-,?,-,false,-
org.gannacademy.cdf,graphics,1.0,-,-,?,-,false,-
org.gannacademy.cdf,turtle-logo,1.0,-,-,?,-,false,-
org.javasimon,javasimon-console-embed,4.1.4,-,-,?,-,false,-
org.javasimon,javasimon-core,4.1.4,-,-,?,-,false,-
org.javasimon,javasimon-javaee,4.1.4,-,-,?,-,false,-
org.javasimon,javasimon-jdbc41,4.1.4,-,-,?,-,false,-
org.javasimon,javasimon-spring,4.1.4,-,-,?,-,false,-
org.jdbdt,jdbdt,1.1.0,-,-,?,-,false,-
org.jhardware,jHardware,0.8.6,-,-,?,-,false,-
org.jtrim2,jtrim-access,2.0.3,-,-,?,-,false,-
org.jtrim2,jtrim-cache,2.0.3,-,-,?,-,false,-
org.jtrim2,jtrim-collections,2.0.3,-,-,?,-,false,-
org.jtrim2,jtrim-concurrent,2.0.3,-,-,?,-,false,-
org.jtrim2,jtrim-event-track,2.0.3,-,-,?,-,false,-
org.jtrim2,jtrim-executor,2.0.3,-,-,?,-,false,-
org.jtrim2,jtrim-image,2.0.3,-,-,?,-,false,-
org.jtrim2,jtrim-image-query,2.0.3,-,-,?,-,false,-
org.jtrim2,jtrim-image-transform,2.0.3,-,-,?,-,false,-
org.jtrim2,jtrim-logs,2.0.3,-,-,?,-,false,-
org.jtrim2,jtrim-property,2.0.3,-,-,?,-,false,-
org.jtrim2,jtrim-query,2.0.3,-,-,?,-,false,-
org.jtrim2,jtrim-swing-component,2.0.3,-,-,?,-,false,-
org.jtrim2,jtrim-swing-concurrent,2.0.3,-,-,?,-,false,-
org.jtrim2,jtrim-swing-property,2.0.3,-,-,?,-,false,-
org.jtrim2,jtrim-swing-query,2.0.3,-,-,?,-,false,-
org.jtrim2,jtrim-task-graph,2.0.3,-,-,?,-,false,-
org.jtrim2,jtrim-ui-concurrent,2.0.3,-,-,?,-,false,-
org.jtrim2,jtrim-ui-query,2.0.3,-,-,?,-,false,-
org.jtrim2,jtrim-utils,2.0.3,-,-,?,-,false,-
org.kurento,kms-api-core,6.7.1,-,-,?,-,false,-
org.kurento,kms-api-elements,6.7.1,-,-,?,-,false,-
org.kurento,kms-api-filters,6.7.1,-,-,?,-,false,-
org.kurento,kurento-client,6.7.1,-,-,?,-,false,-
org.kurento,kurento-commons,6.7.1,-,-,?,-,false,-
org.kurento,kurento-jsonrpc-client,6.7.1,-,-,?,-,false,-
org.kurento,kurento-jsonrpc-client-jetty,6.7.1,-,-,?,-,false,-
org.kurento,kurento-jsonrpc-server,6.7.1,-,-,?,-,false,-
org.kurento,kurento-maven-plugin,6.7.0,-,-,?,-,false,-
org.kurento,kurento-module-creator,6.7.0,-,-,?,-,false,-
org.kurento,kurento-qa-config,6.7.0,-,-,?,-,false,-
org.kurento,kurento-repository-client,6.7.1,-,-,?,-,false,-
org.kurento,kurento-repository-internal,6.7.1,-,-,?,-,false,-
org.kurento,kurento-test,6.7.1,-,-,?,-,false,-
org.kurento,kurento-utils-js,6.7.0,-,-,?,-,false,-
org.rocksdb,rocksdbjni,5.14.2,-,-,?,-,false,-
org.shaneking,org.shaneking.crypto,0.0.3,-,-,?,-,false,-
org.shaneking,org.shaneking.ling,0.0.3,-,-,?,-,false,-
org.shaneking,org.shaneking.skava,0.0.5,-,-,?,-,false,-
org.shaneking,org.shaneking.sql,0.0.3,-,-,?,-,false,-
org.soulwing.prospecto,prospecto-api,1.4.5,-,-,?,-,false,-
org.soulwing.prospecto,prospecto-cdi-scope,1.4.5,-,-,?,-,false,-
org.soulwing.prospecto,prospecto-jackson,1.4.5,-,-,?,-,false,-
org.soulwing.prospecto,prospecto-jaxb,1.4.5,-,-,?,-,false,-
org.soulwing.prospecto,prospecto-jaxrs,1.4.5,-,-,?,-,false,-
org.soulwing.prospecto,prospecto-matchers,1.4.5,-,-,?,-,false,-
org.soulwing.prospecto,prospecto-runtime,1.4.5,-,-,?,-,false,-
org.soulwing.prospecto,prospecto-tests,1.4.5,-,-,?,-,false,-
org.soulwing.snmp,tnm4j,1.0.7,-,-,?,-,false,-
org.soulwing.ssl,ssl-context-tools,1.0.3,-,-,?,-,false,-
org.unitils,unitils-database,3.4.6,-,-,?,-,false,-
org.unitils,unitils-inject,3.4.6,-,-,?,-,false,-
org.unitils,unitils-spring,3.4.6,-,-,?,-,false,-
org.unitils,unitils-testng,3.4.6,-,-,?,-,false,-
org.wso2.extension.siddhi.io.http,org.wso2.extension.siddhi.io.http.coverge.test,1.0.35,-,-,?,-,false,-
org.wso2.extension.siddhi.io.http,siddhi-io-http,1.0.35,-,-,?,-,false,-
org.wso2.extension.siddhi.io.http,siddhi-io-http-osgi-tests,1.0.35,-,-,?,-,false,-
org.wso2.extension.siddhi.io.sqs,siddhi-io-sqs,1.0.5,-,-,?,-,false,-
org.wso2.extension.siddhi.io.websocket,siddhi-io-websocket,1.0.8,-,-,?,-,false,-
org.wso2.extension.siddhi.io.wso2event,siddhi-io-wso2event,4.0.15,-,-,?,-,false,-
org.wso2.extension.siddhi.io.wso2event,siddhi-io-wso2event-osgi-tests,4.0.15,-,-,?,-,false,-
org.xifix.maven,jasperreport-maven-plugin,0.0.5,-,-,?,-,false,-
