groupId,artifactId,version,moduleName,moduleVersion,moduleMode,moduleDependencies,jdepsToolError,jdepsViolations
com.github.gianttreelp,bukkit-exposed-extensions,1.0,-,-,?,-,false,-
com.github.nikolaybespalov,gt-ozi,0.1.0,-,-,?,-,false,-
com.google.apis,google-api-services-classroom,v1-rev196-1.24.1,-,-,?,-,false,-
com.google.apis,google-api-services-datastore,v1-rev59-1.24.1,-,-,?,-,false,-
com.google.apis,google-api-services-firebasedynamiclinks,v1-rev845-1.24.1,-,-,?,-,false,-
com.google.apis,google-api-services-logging,v2-rev600-1.24.1,-,-,?,-,false,-
com.google.apis,google-api-services-monitoring,v3-rev468-1.24.1,-,-,?,-,false,-
com.google.apis,google-api-services-people,v1-rev329-1.24.1,-,-,?,-,false,-
com.google.apis,google-api-services-script,v1-rev247-1.24.1,-,-,?,-,false,-
com.google.auth,google-auth-library-appengine,0.11.0,-,-,?,-,false,-
com.google.auth,google-auth-library-credentials,0.11.0,-,-,?,-,false,-
com.google.auth,google-auth-library-oauth2-http,0.11.0,-,-,?,-,false,-
com.whisk,docker-testkit-config_2.10,0.9.8,-,-,?,-,false,-
com.whisk,docker-testkit-config_2.11,0.9.8,-,-,?,-,false,-
com.whisk,docker-testkit-config_2.12,0.9.8,-,-,?,-,false,-
com.whisk,docker-testkit-core_2.10,0.9.8,-,-,?,-,false,-
com.whisk,docker-testkit-core_2.11,0.10.0-beta4,-,-,?,-,false,-
com.whisk,docker-testkit-core_2.12,0.10.0-beta5,-,-,?,-,false,-
com.whisk,docker-testkit-impl-docker-java_2.10,0.9.8,-,-,?,-,false,-
com.whisk,docker-testkit-impl-docker-java_2.11,0.9.8,-,-,?,-,false,-
com.whisk,docker-testkit-impl-docker-java_2.12,0.9.8,-,-,?,-,false,-
com.whisk,docker-testkit-impl-spotify_2.10,0.9.8,-,-,?,-,false,-
com.whisk,docker-testkit-impl-spotify_2.11,0.9.8,-,-,?,-,false,-
com.whisk,docker-testkit-impl-spotify_2.12,0.9.8,-,-,?,-,false,-
com.whisk,docker-testkit-impl-spotify-shaded_2.10,0.9.8,-,-,?,-,false,-
com.whisk,docker-testkit-impl-spotify-shaded_2.11,0.9.8,-,-,?,-,false,-
com.whisk,docker-testkit-impl-spotify-shaded_2.12,0.9.8,-,-,?,-,false,-
com.whisk,docker-testkit-samples_2.10,0.9.8,-,-,?,-,false,-
com.whisk,docker-testkit-samples_2.11,0.10.0-beta4,-,-,?,-,false,-
com.whisk,docker-testkit-samples_2.12,0.10.0-beta5,-,-,?,-,false,-
com.whisk,docker-testkit-scalatest_2.10,0.9.8,-,-,?,-,false,-
com.whisk,docker-testkit-scalatest_2.11,0.10.0-beta4,-,-,?,-,false,-
com.whisk,docker-testkit-scalatest_2.12,0.10.0-beta5,-,-,?,-,false,-
com.whisk,docker-testkit-specs2_2.10,0.9.8,-,-,?,-,false,-
com.whisk,docker-testkit-specs2_2.11,0.9.8,-,-,?,-,false,-
com.whisk,docker-testkit-specs2_2.12,0.9.8,-,-,?,-,false,-
de.it-tw,log4j2-Java6-extras,1.0,-,-,?,-,false,-
io.lenar,easy-log,1.2.0,-,-,?,-,false,-
io.mateu.archetypes,mdd-archetype,0.0.26,-,-,?,-,false,-
net.sf.treeds4j,treeds4j,2.1,-,-,?,-,false,-
org.logevents,logevents,0.1.4,-,-,?,-,false,-
