groupId,artifactId,version,moduleName,moduleVersion,moduleMode,moduleDependencies,jdepsToolError,jdepsViolations
cn.jiangzeyin,dbutil,1.2.9,-,-,?,-,false,-
com.bitplan.multimodule,multimodule1,0.0.3,-,-,?,-,false,-
com.bitplan.multimodule,multimodule2,0.0.3,-,-,?,-,false,-
com.google.apis,google-api-services-abusiveexperiencereport,v1-rev9-1.25.0,-,-,?,-,false,-
com.google.apis,google-api-services-acceleratedmobilepageurl,v1-rev360-1.25.0,-,-,?,-,false,-
com.google.apis,google-api-services-adexchangebuyer2,v2beta1-rev686-1.25.0,-,-,?,-,false,-
com.google.apis,google-api-services-adexchangeseller,v2.0-rev114-1.25.0,-,-,?,-,false,-
com.google.apis,google-api-services-adexperiencereport,v1-rev19-1.25.0,-,-,?,-,false,-
com.google.apis,google-api-services-admin-datatransfer,datatransfer_v1-rev19-1.25.0,-,-,?,-,false,-
com.google.apis,google-api-services-admin-directory,directory_v1-rev103-1.25.0,-,-,?,-,false,-
com.google.apis,google-api-services-admin-reports,reports_v1-rev76-1.25.0,-,-,?,-,false,-
com.google.apis,google-api-services-adsensehost,v4.1-rev515-1.25.0,-,-,?,-,false,-
com.google.apis,google-api-services-adsense,v1.4-rev443-1.25.0,-,-,?,-,false,-
com.google.apis,google-api-services-androidpublisher,v3-rev19-1.25.0,-,-,?,-,false,-
com.google.apis,google-api-services-appengine,v1-rev75-1.25.0,-,-,?,-,false,-
com.google.apis,google-api-services-appsactivity,v1-rev178-1.25.0,-,-,?,-,false,-
com.google.apis,google-api-services-bigquerydatatransfer,v1-rev83-1.25.0,-,-,?,-,false,-
com.google.apis,google-api-services-classroom,v1-rev196-1.25.0,-,-,?,-,false,-
com.google.apis,google-api-services-cloudbuild,v1-rev763-1.25.0,-,-,?,-,false,-
com.google.apis,google-api-services-clouderrorreporting,v1beta1-rev303-1.25.0,-,-,?,-,false,-
com.google.apis,google-api-services-cloudiot,v1-rev20170922-1.22.0,-,-,?,-,false,-
com.google.apis,google-api-services-container,v1-rev54-1.25.0,-,-,?,-,false,-
com.google.apis,google-api-services-content,v2sandbox-rev91-1.25.0,-,-,?,-,false,-
com.google.apis,google-api-services-customsearch,v1-rev72-1.25.0,-,-,?,-,false,-
com.google.apis,google-api-services-datastore,v1-rev61-1.25.0,-,-,?,-,false,-
com.google.apis,google-api-services-dfareporting,v3.2-rev2-1.25.0,-,-,?,-,false,-
com.google.apis,google-api-services-dns,v2beta1-rev75-1.25.0,-,-,?,-,false,-
com.google.apis,google-api-services-doubleclickbidmanager,v1-rev57-1.25.0,-,-,?,-,false,-
com.google.apis,google-api-services-doubleclicksearch,v2-rev188-1.25.0,-,-,?,-,false,-
com.google.apis,google-api-services-firebasedynamiclinks,v1-rev845-1.25.0,-,-,?,-,false,-
com.google.apis,google-api-services-firebaseremoteconfig,v1-rev14-1.23.0,-,-,?,-,false,-
com.google.apis,google-api-services-firestore,v1-rev4-1.25.0,-,-,?,-,false,-
com.google.apis,google-api-services-flightavailability,v1-rev1-1.22.0,-,-,?,-,false,-
com.google.apis,google-api-services-fusiontables,v2-rev27-1.25.0,-,-,?,-,false,-
com.google.apis,google-api-services-genomics,v2alpha1-rev30-1.25.0,-,-,?,-,false,-
com.google.apis,google-api-services-groupssettings,v1-rev75-1.25.0,-,-,?,-,false,-
com.google.apis,google-api-services-iamcredentials,v1-rev8-1.25.0,-,-,?,-,false,-
com.google.apis,google-api-services-iam,v1-rev258-1.25.0,-,-,?,-,false,-
com.google.apis,google-api-services-logging,v2-rev600-1.25.0,-,-,?,-,false,-
com.google.apis,google-api-services-mirror,v1-rev103-1.25.0,-,-,?,-,false,-
com.google.apis,google-api-services-ml,v1-rev57-1.25.0,-,-,?,-,false,-
com.google.apis,google-api-services-oauth2,v2-rev140-1.25.0,-,-,?,-,false,-
com.google.apis,google-api-services-oslogin,v1-rev23-1.25.0,-,-,?,-,false,-
com.google.apis,google-api-services-pagespeedonline,v4-rev13-1.25.0,-,-,?,-,false,-
com.google.apis,google-api-services-people,v1-rev329-1.25.0,-,-,?,-,false,-
com.google.apis,google-api-services-playmoviespartner,v1-rev36-1.23.0,-,-,?,-,false,-
com.google.apis,google-api-services-plusDomains,v1-rev459-1.25.0,-,-,?,-,false,-
com.google.apis,google-api-services-prediction,v1.6-rev67-1.23.0,-,-,?,-,false,-
com.google.apis,google-api-services-pubsub,v1-rev398-1.25.0,-,-,?,-,false,-
com.google.apis,google-api-services-qpxExpress,v1-rev25-1.23.0,-,-,?,-,false,-
com.google.apis,google-api-services-redis,v1beta1-rev9-1.25.0,-,-,?,-,false,-
com.google.apis,google-api-services-replicapoolupdater,v1beta1-rev38-1.25.0,-,-,?,-,false,-
com.google.apis,google-api-services-script,v1-rev248-1.25.0,-,-,?,-,false,-
com.google.apis,google-api-services-searchconsole,v1-rev370-1.25.0,-,-,?,-,false,-
com.google.apis,google-api-services-sourcerepo,v1-rev23-1.25.0,-,-,?,-,false,-
com.google.apis,google-api-services-spanner,v1-rev39-1.25.0,-,-,?,-,false,-
com.google.apis,google-api-services-spectrum,v1explorer-rev52-1.24.1,-,-,?,-,false,-
com.google.apis,google-api-services-sqladmin,v1beta4-rev62-1.25.0,-,-,?,-,false,-
com.google.apis,google-api-services-streetviewpublish,v1-rev210-1.25.0,-,-,?,-,false,-
com.google.apis,google-api-services-surveys,v2-rev16-1.25.0,-,-,?,-,false,-
com.google.apis,google-api-services-tagmanager,v2-rev11-1.25.0,-,-,?,-,false,-
com.google.apis,google-api-services-tpu,v1-rev4-1.25.0,-,-,?,-,false,-
com.google.apis,google-api-services-youtubeAnalytics,v2-rev53-1.25.0,-,-,?,-,false,-
com.google.apis,google-api-services-youtubereporting,v1-rev539-1.25.0,-,-,?,-,false,-
com.wuzhenpay,java-sdk-openapi,1.0.2,-,-,?,-,false,-
de.kgrupp,inoks-java-utils,0.7.1.1,-,-,?,-,false,-
org.codelibs,curl4j,1.2.0,-,-,?,-,false,-
org.codelibs.elasticsearch.lib,grok,6.4.0,-,-,?,-,false,-
org.codelibs.elasticsearch.lib,plugin-classloader,6.4.0,-,-,?,-,false,-
org.codelibs.elasticsearch.module,aggs-matrix-stats,6.4.0,-,-,?,-,false,-
org.codelibs.elasticsearch.module,analysis-common,6.4.0,-,-,?,-,false,-
org.codelibs.elasticsearch.module,ingest-common,6.4.0,-,-,?,-,false,-
org.codelibs.elasticsearch.module,lang-expression,6.4.0,-,-,?,-,false,-
org.codelibs.elasticsearch.module,lang-mustache,6.4.0,-,-,?,-,false,-
org.codelibs.elasticsearch.module,lang-painless,6.4.0,-,-,?,-,false,-
org.codelibs.elasticsearch.module,mapper-extras,6.4.0,-,-,?,-,false,-
org.codelibs.elasticsearch.module,parent-join,6.4.0,-,-,?,-,false,-
org.codelibs.elasticsearch.module,percolator,6.4.0,-,-,?,-,false,-
org.codelibs.elasticsearch.module,rank-eval,6.4.0,-,-,?,-,false,-
org.codelibs.elasticsearch.module,reindex,6.4.0,-,-,?,-,false,-
org.codelibs.elasticsearch.module,repository-url,6.4.0,-,-,?,-,false,-
org.codelibs.elasticsearch.module,scripting-painless-spi,6.4.0,-,-,?,-,false,-
org.codelibs.elasticsearch.module,transport-netty4,6.4.0,-,-,?,-,false,-
org.codelibs.elasticsearch.module,tribe,6.4.0,-,-,?,-,false,-
org.corpus-tools,pepper-framework,3.2.1,-,-,?,-,false,-
org.corpus-tools,pepper-lib,3.2.1,-,-,?,-,false,-
org.corpus-tools,pepper-newModule,3.2.1,-,-,?,-,false,-
org.daijie,daijie-fastdfs-spring-boot-starter,1.1.3-RELEASE,-,-,?,-,false,-
org.daijie,daijie-jdbc-plugin,1.1.3-RELEASE,-,-,?,-,false,-
org.daijie,daijie-shiro-spring-boot-starter,1.1.3-RELEASE,-,-,?,-,false,-
org.daijie,daijie-workflow-spring-boot-starter,1.1.3-RELEASE,-,-,?,-,false,-
