groupId,artifactId,version,moduleName,moduleVersion,moduleMode,moduleDependencies,jdepsToolError,jdepsViolations
cc.protea.foundation.http,http,0.2.3,-,-,?,-,false,-
com.1stleg,jnativehook,2.1.0,-,-,?,-,false,-
com.aerse,mail,1.3,-,-,?,-,false,-
com.aerse.maven,apt-maven-plugin,1.10,-,-,?,-,false,-
com.aerse.maven,deb-maven-plugin,1.5,-,-,?,-,false,-
com.aerse.maven,deps-maven-plugin,1.0,-,-,?,-,false,-
com.aerse,rrd4j-light,3.7,-,-,?,-,false,sun.misc.Cleaner                         Use java.lang.ref.PhantomReference @since 1.2 or java.lang.ref.Cleaner @since 9
com.aerse,swift-maven,1.1,-,-,?,-,false,-
com.aerse,uploader,1.14,-,-,?,-,false,-
com.aerse,yaCSV,1.2,-,-,?,-,false,-
com.aggrepoint.framework,apdao,0.5.1,-,-,?,-,false,-
com.aggrepoint.framework,aputils,0.5.1,-,-,?,-,false,-
com.aggrepoint.framework,winlet,0.5.1,-,-,?,-,false,-
com.almworks.integers,generator-maven-plugin,1.0.5,-,-,?,-,false,-
com.almworks.integers,integers,1.1.1,-,-,?,-,false,-
com.almworks.integers,integers-wrappers,1.1.1,-,-,?,-,false,-
com.almworks.jira.structure,structure-api,16.10.0,-,-,?,-,false,-
com.andrewjamesjohnson,example-application,1.0.0,-,-,?,-,false,-
com.andrewjamesjohnson,java-8-functional-utils,1.0.0,-,-,?,-,false,-
com.andrewjamesjohnson,junit-parameterized-test-case,1.0.1,-,-,?,-,false,-
com.annimon,stream,1.2.1,-,-,?,-,false,-
com.annimon,stream-test,1.2.1,-,-,?,-,false,-
com.annimon,tgbots-module,0.1,-,-,?,-,false,-
com.azimo,scala-updatable-config_2.12,0.1.1,-,-,?,-,false,-
com.barrybecker4,bb4-adventure,1.4,-,-,?,-,false,-
com.barrybecker4,bb4-A-star,1.4,-,-,?,-,false,-
com.barrybecker4,bb4-blockade,1.4,-,-,?,-,false,-
com.barrybecker4,bb4-bridge,1.4,-,-,?,-,false,-
com.barrybecker4,bb4-cave,1.4,-,-,?,-,false,-
com.barrybecker4,bb4-chess,1.4,-,-,?,-,false,-
com.barrybecker4,bb4-common,1.4,-,-,?,-,false,-
com.barrybecker4,bb4-conway,1.4,-,-,?,-,false,-
com.barrybecker4,bb4-dice,1.4,-,-,?,-,false,-
com.barrybecker4,bb4-fluid,1.4,-,-,?,-,false,-
com.barrybecker4,bb4-fractalexplorer,1.4,-,-,?,-,false,-
com.barrybecker4,bb4-galactic,1.4,-,-,?,-,false,-
com.barrybecker4,bb4-game,1.4,-,-,?,-,false,-
com.barrybecker4,bb4-go,1.4,-,-,?,-,false,-
com.barrybecker4,bb4-gomoku,1.4,-,-,?,-,false,-
com.barrybecker4,bb4-habitat,1.4,-,-,?,-,false,-
com.barrybecker4,bb4-henonexplorer,1.4,-,-,?,-,false,-
com.barrybecker4,bb4-hex,1.4,-,-,?,-,false,-
com.barrybecker4,bb4-hiq,1.4,-,-,?,-,false,-
com.barrybecker4,bb4-liquid,1.4,-,-,?,-,false,-
com.barrybecker4,bb4-lsystem,1.4,-,-,?,-,false,-
com.barrybecker4,bb4-mancala,1.4,-,-,?,-,false,-
com.barrybecker4,bb4-maze,1.4,-,-,?,-,false,-
com.barrybecker4,bb4-multiplayer,1.4,-,-,?,-,false,-
com.barrybecker4,bb4-optimization,1.4,-,-,?,-,false,-
com.barrybecker4,bb4-poker,1.4,-,-,?,-,false,-
com.barrybecker4,bb4-predprey,1.4,-,-,?,-,false,-
com.barrybecker4,bb4-puzzle,1.4,-,-,?,-,false,-
com.barrybecker4,bb4-reactiondiffusion,1.4,-,-,?,-,false,-
com.barrybecker4,bb4-redpuzzle,1.4,-,-,?,-,false,-
com.barrybecker4,bb4-set,1.4,-,-,?,-,false,-
com.barrybecker4,bb4-simulation,1.4,-,-,?,-,false,-
com.barrybecker4,bb4-slidingpuzzle,1.4,-,-,?,-,false,-
com.barrybecker4,bb4-snake,1.4,-,-,?,-,false,-
com.barrybecker4,bb4-sound,1.4,-,-,?,-,false,-
com.barrybecker4,bb4-stock,1.4,-,-,?,-,false,-
com.barrybecker4,bb4-sudoku,1.4,-,-,?,-,false,-
com.barrybecker4,bb4-tantrix,1.4,-,-,?,-,false,-
com.barrybecker4,bb4-tictactoe,1.4,-,-,?,-,false,-
com.barrybecker4,bb4-trading,1.4,-,-,?,-,false,-
com.barrybecker4,bb4-trebuchet,1.4,-,-,?,-,false,-
com.barrybecker4,bb4-twopails,1.4,-,-,?,-,false,-
com.barrybecker4,bb4-twoplayer,1.4,-,-,?,-,false,-
com.barrybecker4,bb4-ui,1.4,-,-,?,-,false,-
com.barrybecker4,bb4-verhulst,1.4,-,-,?,-,false,-
com.bbende.tripod,tripod-search-api,0.5.2,-,-,?,-,false,-
com.bbende.tripod,tripod-search-lucene,0.5.2,-,-,?,-,false,-
com.bbende.tripod,tripod-search-solr,0.5.2,-,-,?,-,false,-
com.canoo.dolphin-platform,dolphin-platform-bean-validation,1.0.0.CR5,-,-,?,-,false,-
com.canoo.dolphin-platform,dolphin-platform-client,1.0.0.CR5,-,-,?,-,false,-
com.canoo.dolphin-platform,dolphin-platform-client-javafx,1.0.0.CR5,-,-,?,-,false,-
com.canoo.dolphin-platform,dolphin-platform-client-swing,1.0.0.CR5,-,-,?,-,false,-
com.canoo.dolphin-platform,dolphin-platform-core,1.0.0.CR5,-,-,?,-,false,-
com.canoo.dolphin-platform,dolphin-platform-date-time-converter,1.0.0.CR2,-,-,?,-,false,-
com.canoo.dolphin-platform,dolphin-platform-distributed-eventbus,1.0.0.CR5,-,-,?,-,false,-
com.canoo.dolphin-platform,dolphin-platform-logger,1.0.0.CR5,-,-,?,-,false,-
com.canoo.dolphin-platform,dolphin-platform-reactive,1.0.0.CR5,-,-,?,-,false,-
com.canoo.dolphin-platform,dolphin-platform-remoting-client,1.0.0.CR5,-,-,?,-,false,-
com.canoo.dolphin-platform,dolphin-platform-remoting-client-javafx,1.0.0.CR5,-,-,?,-,false,-
com.canoo.dolphin-platform,dolphin-platform-remoting-common,1.0.0.CR5,-,-,?,-,false,-
com.canoo.dolphin-platform,dolphin-platform-remoting-server,1.0.0.CR5,-,-,?,-,false,-
com.canoo.dolphin-platform,dolphin-platform-remoting-server-javaee,1.0.0.CR5,-,-,?,-,false,-
com.canoo.dolphin-platform,dolphin-platform-remoting-server-spring,1.0.0.CR5,-,-,?,-,false,-
com.canoo.dolphin-platform,dolphin-platform-rpm-client,0.16.0,-,-,?,-,false,-
com.canoo.dolphin-platform,dolphin-platform-rpm-client-javafx,0.16.0,-,-,?,-,false,-
com.canoo.dolphin-platform,dolphin-platform-rpm-common,0.16.0,-,-,?,-,false,-
com.canoo.dolphin-platform,dolphin-platform-rpm-server,0.16.0,-,-,?,-,false,-
com.canoo.dolphin-platform,dolphin-platform-security-client,1.0.0.CR5,-,-,?,-,false,-
com.canoo.dolphin-platform,dolphin-platform-security-common,1.0.0.CR5,-,-,?,-,false,-
com.canoo.dolphin-platform,dolphin-platform-security-server,1.0.0.CR5,-,-,?,-,false,-
com.canoo.dolphin-platform,dolphin-platform-security-server-javaee,1.0.0.CR5,-,-,?,-,false,-
com.canoo.dolphin-platform,dolphin-platform-security-server-spring,1.0.0.CR5,-,-,?,-,false,-
com.canoo.dolphin-platform,dolphin-platform-server,1.0.0.CR5,-,-,?,-,false,-
com.canoo.dolphin-platform,dolphin-platform-server-javaee,1.0.0.CR5,-,-,?,-,false,-
com.canoo.dolphin-platform,dolphin-platform-server-spring,1.0.0.CR5,-,-,?,-,false,-
com.canoo.dolphin-platform,dolphin-platform-spring-controller-tester,1.0.0.CR5,-,-,?,-,false,-
com.canoo.dolphin-platform,dolphin-remoting-client,0.17.0,-,-,?,-,false,-
com.canoo.dolphin-platform,dolphin-remoting-combined,0.17.0,-,-,?,-,false,-
com.canoo.dolphin-platform,dolphin-remoting-server,0.17.0,-,-,?,-,false,-
com.canoo.dolphin-platform,dolphin-remoting-shared,0.17.0,-,-,?,-,false,-
com.consultwithcase.patternplus,patternplus,1.0,-,-,?,-,false,-
com.dieselpoint,norm,0.8.2,-,-,?,-,false,-
com.dkanejs.maven.plugins,docker-compose-maven-plugin,2.0.1,-,-,?,-,false,-
com.energizedwork,jfconfig,4.1.1,-,-,?,-,false,-
com.energizedwork,jfconfig-factories-jdkclock,0.0.9,-,-,?,-,false,-
com.gdetotut,jundo-framework,1.15,-,-,?,-,false,-
com.google.apis,google-api-services-admin-directory,directory_v1-rev103-1.25.0,-,-,?,-,false,-
com.google.apis,google-api-services-androidmanagement,v1-rev50-1.25.0,-,-,?,-,false,-
com.google.apis,google-api-services-androidpublisher,v3-rev19-1.25.0,-,-,?,-,false,-
com.google.apis,google-api-services-appengine,v1-rev75-1.25.0,-,-,?,-,false,-
com.google.apis,google-api-services-appsactivity,v1-rev177-1.25.0,-,-,?,-,false,-
com.google.apis,google-api-services-appstate,v1-rev277-1.25.0,-,-,?,-,false,-
com.google.apis,google-api-services-bigquerydatatransfer,v1-rev82-1.25.0,-,-,?,-,false,-
com.google.apis,google-api-services-bigquery,v2-rev402-1.25.0,-,-,?,-,false,-
com.google.apis,google-api-services-binaryauthorization,v1beta1-rev2-1.25.0,-,-,?,-,false,-
com.google.apis,google-api-services-blogger,v3-rev61-1.25.0,-,-,?,-,false,-
com.google.apis,google-api-services-books,v1-rev103-1.25.0,-,-,?,-,false,-
com.google.apis,google-api-services-calendar,v3-rev337-1.25.0,-,-,?,-,false,-
com.google.apis,google-api-services-chat,v1-rev32-1.25.0,-,-,?,-,false,-
com.google.apis,google-api-services-civicinfo,v2-rev33-1.25.0,-,-,?,-,false,-
com.google.apis,google-api-services-classroom,v1-rev196-1.25.0,-,-,?,-,false,-
com.graphhopper,directions-api-client,0.10.1-2,-,-,?,-,false,-
com.graphhopper,directions-api-client-examples,0.9.0,-,-,?,-,false,-
com.graphhopper,directions-api-client-hc,0.11.0-pre5,-,-,?,-,false,-
com.graphhopper,directions-api-client-optimized,0.9.0,-,-,?,-,false,-
com.graphhopper.external,hmm-lib,1.0.0,-,-,?,-,false,-
com.graphhopper.external,jackson-datatype-jts,0.10-2.5-2,-,-,?,-,false,-
com.graphhopper,graphhopper-android,0.10.alpha3,-,-,?,-,false,-
com.graphhopper,graphhopper-api,0.11.0-pre5,-,-,?,-,false,-
com.graphhopper,graphhopper-isochrone,0.11.0-pre5,-,-,?,-,false,-
com.graphhopper,graphhopper-map-matching-core,0.10.0,-,-,?,-,false,-
com.graphhopper,graphhopper-map-matching-web,0.10.0,-,-,?,-,false,-
com.graphhopper,graphhopper-navigation-mapbox,0.11.0-pre1,-,-,?,-,false,-
com.graphhopper,graphhopper-reader-gtfs,0.11.0-pre5,-,-,?,-,false,-
com.graphhopper,graphhopper-reader-json,0.10.3,-,-,?,-,false,-
com.graphhopper,graphhopper-tools,0.11.0-pre5,-,-,?,-,false,-
com.graphhopper,graphhopper-web,0.11.0-pre5,-,-,?,-,false,com.sun.image.codec.jpeg.JPEGCodec       Use javax.imageio @since 1.4 + com.sun.image.codec.jpeg.JPEGDecodeParam Use javax.imageio @since 1.4 + com.sun.image.codec.jpeg.JPEGEncodeParam Use javax.imageio @since 1.4 + com.sun.image.codec.jpeg.JPEGImageDecoder Use javax.imageio @since 1.4 + com.sun.image.codec.jpeg.JPEGImageEncoder Use javax.imageio @since 1.4 + com.sun.image.codec.jpeg.JPEGQTable      Use javax.imageio @since 1.4 + sun.awt.image.codec.JPEGParam            Use javax.imageio @since 1.4 + sun.misc.Unsafe                          See http://openjdk.java.net/jeps/260 + sun.reflect.Reflection                   Use java.lang.StackWalker @since 9
com.graphhopper,jsprit-analysis,1.7.2,-,-,?,-,false,-
com.graphhopper,jsprit-instances,1.7.2,-,-,?,-,false,-
com.graphhopper,jsprit-io,1.7.2,-,-,?,-,false,-
com.greensopinion.swagger,jaxrs-gen,1.3.5,-,-,?,-,false,-
com.hreeinfo.commons,commons-box-app,0.8.1,-,-,?,-,false,-
com.hreeinfo.commons,commons-box-bean,0.5,-,-,?,-,false,-
com.hreeinfo.commons,commons-box-data,0.5,-,-,?,-,false,-
com.hreeinfo.commons,commons-box-ext,0.8.1,-,-,?,-,false,-
com.hreeinfo.commons,commons-box-io,0.5,-,-,?,-,false,-
com.hreeinfo.commons,commons-box-log-slf4j,0.8.1,-,-,?,-,false,-
com.hreeinfo.commons,commons-box-server,0.5,-,-,?,-,false,-
com.hreeinfo.commons,commons-box-spring,0.5,-,-,?,-,false,-
com.hreeinfo.commons,commons-box-test,0.8.1,-,-,?,-,false,-
com.hreeinfo.commons,commons-box-web,0.5,-,-,?,-,false,-
com.hreeinfo.commons,commons-embed-server,1.0,-,-,?,-,false,-
com.hreeinfo.commons,commons-embed-server-jetty,1.0,-,-,?,-,false,-
com.hreeinfo.commons,commons-embed-server-payara,1.0,-,-,?,-,false,-
com.hreeinfo.commons,commons-embed-server-tomcat,1.0,-,-,?,-,false,-
com.hreeinfo.commons,hotswap-agent,1.3.0,-,-,?,-,false,sun.misc.Unsafe                          See http://openjdk.java.net/jeps/260 + sun.reflect.ReflectionFactory            See http://openjdk.java.net/jeps/260 + sun.security.action.GetBooleanAction     Use java.security.PrivilegedAction @since 1.1
com.hreeinfo.plugins,gradle-corebox-common-plugin,1.0,-,-,?,-,false,-
com.hreeinfo.plugins,gradle-corebox-plugins,1.0,-,-,?,-,false,-
com.hreeinfo.plugins,gradle-corebox-server-plugin,1.0,-,-,?,-,false,-
com.hreeinfo.plugins,gradle-corebox-vaadin-plugin,1.0,-,-,?,-,false,-
com.hreeinfo.plugins,gradle-corebox-web-plugin,1.0,-,-,?,-,false,-
com.hreeinfo.vaadin.addons,highchartsapi,2.2.0.HREEINFO,-,-,?,-,false,-
com.huemulsolutions.bigdata,datagovernance,0.9.1,-,-,?,-,false,-
com.huemulsolutions.bigdata,warehouse,0.9,-,-,?,-,false,-
com.ibanity.apis,ibanity-java,1.2.20180620100803,-,-,?,-,false,-
com.idealista,elves,0.0.13,-,-,?,-,false,-
com.idealista,format-preserving-encryption,1.0.0,-,-,?,-,false,-
com.imwot.db,imwot-db,2.0,-,-,?,-,false,-
com.imwot.distributed,imwot-dschedule,1.0,-,-,?,-,false,-
com.imwot.middleware.socket,imwot-middleware-socket,1.0,-,-,?,-,false,-
com.imwot.socket,imwot-socket,3.0,-,-,?,-,false,-
com.jeppeman,highlite-annotations,1.1.2,-,-,?,-,false,-
com.jeppeman,highlite-compiler,1.1.2,-,-,?,-,false,-
com.jlhood,metrics-cloudwatch,1.0.1,-,-,?,-,false,-
com.liveramp,commons,1.3,-,-,?,-,false,-
com.madavan,beaker-client_2.12,2.0.4,-,-,?,-,false,-
com.madavan,beaker-common_2.12,2.0.4,-,-,?,-,false,-
com.madavan,beaker-protobuf,2.0.4,-,-,?,-,false,-
com.madavan,beaker-server_2.12,2.0.4,-,-,?,-,false,-
com.madavan,caustic-common_2.12,1.3.1,-,-,?,-,false,-
com.madavan,caustic-compiler_2.12,2.0.3,-,-,?,-,false,-
com.madavan,caustic-grammar,2.0.3,-,-,?,-,false,-
com.madavan,caustic-library_2.12,2.0.3,-,-,?,-,false,-
com.madavan,caustic-mysql_2.12,1.0.0,-,-,?,-,false,-
com.madavan,caustic-postgres_2.12,1.0.0,-,-,?,-,false,-
com.madavan,caustic-runtime_2.12,2.0.3,-,-,?,-,false,-
com.madavan,caustic-service_2.12,1.3.1,-,-,?,-,false,-
com.madavan,caustic-thrift,1.3.1,-,-,?,-,false,-
com.madavan,schema-mysql_2.12,1.0.3,-,-,?,-,false,-
com.madavan,schema-postgresql_2.12,1.0.3,-,-,?,-,false,-
com.madavan,schema-runtime_2.12,1.0.3,-,-,?,-,false,-
com.monederobingo,libs,0.0.9,-,-,?,-,false,-
com.nedap.healthcare,archie,0.3.16,-,-,?,-,false,-
com.nedap.healthcare.archie,archie-all,0.4.6,-,-,?,-,false,-
com.nedap.healthcare.archie,archie-utils,0.4.6,-,-,?,-,false,-
com.nedap.healthcare.archie,bmm,0.4.6,-,-,?,-,false,-
com.nedap.healthcare.archie,i18n,0.4.6,-,-,?,-,false,-
com.nedap.healthcare.archie,odin,0.4.6,-,-,?,-,false,-
com.nedap.healthcare.archie,path-queries,0.4.6,-,-,?,-,false,-
com.nedap.healthcare.archie,test-rm,0.4.6,-,-,?,-,false,-
com.northernwall,Hadrian,1.15.2,-,-,?,-,false,-
com.pdf4me,pdf4me,0.8.2,-,-,?,-,false,-
com.pragmatickm,pragmatickm-all-book,1.2.4,-,-,?,-,false,-
com.pragmatickm,pragmatickm-book,1.6.5,-,-,?,-,false,-
com.pragmatickm,pragmatickm-contact-all-book,1.2.4,-,-,?,-,false,-
com.pragmatickm,pragmatickm-contact-book,1.4.4,-,-,?,-,false,-
com.pragmatickm,pragmatickm-contact-model,1.3.4,-,-,?,-,false,-
com.pragmatickm,pragmatickm-contact-model-book,1.3.4,-,-,?,-,false,-
com.pragmatickm,pragmatickm-contact-servlet,1.3.4,-,-,?,-,false,-
com.pragmatickm,pragmatickm-contact-servlet-book,1.3.4,-,-,?,-,false,-
com.pragmatickm,pragmatickm-contact-style,1.3.4,-,-,?,-,false,-
com.pragmatickm,pragmatickm-contact-style-book,1.3.4,-,-,?,-,false,-
com.pragmatickm,pragmatickm-contact-taglib,1.3.4,-,-,?,-,false,-
com.pragmatickm,pragmatickm-contact-taglib-book,1.3.4,-,-,?,-,false,-
com.pragmatickm,pragmatickm-contact-view,1.3.4,-,-,?,-,false,-
com.pragmatickm,pragmatickm-contact-view-book,1.3.4,-,-,?,-,false,-
com.pragmatickm,pragmatickm-parent-book,1.0.2,-,-,?,-,false,-
com.pragmatickm,pragmatickm-password-all-book,1.2.4,-,-,?,-,false,-
com.pragmatickm,pragmatickm-password-book,1.4.4,-,-,?,-,false,-
com.pragmatickm,pragmatickm-password-model,1.3.4,-,-,?,-,false,-
com.pragmatickm,pragmatickm-password-model-book,1.3.4,-,-,?,-,false,-
com.pragmatickm,pragmatickm-password-servlet,1.3.4,-,-,?,-,false,-
com.pragmatickm,pragmatickm-password-servlet-book,1.3.4,-,-,?,-,false,-
com.pragmatickm,pragmatickm-password-style,1.3.4,-,-,?,-,false,-
com.pragmatickm,pragmatickm-password-style-book,1.3.4,-,-,?,-,false,-
com.pragmatickm,pragmatickm-password-taglib,1.3.4,-,-,?,-,false,-
com.pragmatickm,pragmatickm-password-taglib-book,1.3.4,-,-,?,-,false,-
com.pragmatickm,pragmatickm-password-view,1.3.4,-,-,?,-,false,-
com.pragmatickm,pragmatickm-password-view-book,1.3.4,-,-,?,-,false,-
com.pragmatickm,pragmatickm-procedure-all-book,1.2.4,-,-,?,-,false,-
com.pragmatickm,pragmatickm-procedure-book,1.4.4,-,-,?,-,false,-
com.pragmatickm,pragmatickm-procedure-model,1.3.4,-,-,?,-,false,-
com.pragmatickm,pragmatickm-procedure-model-book,1.3.4,-,-,?,-,false,-
com.pragmatickm,pragmatickm-procedure-servlet,1.3.4,-,-,?,-,false,-
com.pragmatickm,pragmatickm-procedure-servlet-book,1.3.4,-,-,?,-,false,-
com.pragmatickm,pragmatickm-procedure-style,1.3.4,-,-,?,-,false,-
com.pragmatickm,pragmatickm-procedure-style-book,1.3.4,-,-,?,-,false,-
com.pragmatickm,pragmatickm-procedure-taglib,1.3.4,-,-,?,-,false,-
com.pragmatickm,pragmatickm-procedure-taglib-book,1.3.4,-,-,?,-,false,-
com.pragmatickm,pragmatickm-procedure-view,1.3.4,-,-,?,-,false,-
com.pragmatickm,pragmatickm-procedure-view-book,1.3.4,-,-,?,-,false,-
com.pragmatickm,pragmatickm-task-all-book,1.2.4,-,-,?,-,false,-
com.pragmatickm,pragmatickm-task-book,1.4.4,-,-,?,-,false,-
com.pragmatickm,pragmatickm-task-model,1.3.4,-,-,?,-,false,-
com.pragmatickm,pragmatickm-task-model-book,1.3.4,-,-,?,-,false,-
com.pragmatickm,pragmatickm-task-servlet,1.3.4,-,-,?,-,false,-
com.pragmatickm,pragmatickm-task-servlet-book,1.3.4,-,-,?,-,false,-
com.pragmatickm,pragmatickm-task-style,1.3.4,-,-,?,-,false,-
com.pragmatickm,pragmatickm-task-style-book,1.3.4,-,-,?,-,false,-
com.pragmatickm,pragmatickm-task-taglib,1.3.4,-,-,?,-,false,-
com.pragmatickm,pragmatickm-task-taglib-book,1.3.4,-,-,?,-,false,-
com.pragmatickm,pragmatickm-task-view,1.3.4,-,-,?,-,false,-
com.pragmatickm,pragmatickm-task-view-book,1.3.4,-,-,?,-,false,-
com.proofpoint.discovery,discovery-server,1.30,-,-,?,-,false,-
com.proofpoint.platform,audit,1.84,-,-,?,-,false,-
com.proofpoint.platform,bootstrap,1.84,-,-,?,-,false,-
com.proofpoint.platform,concurrent,1.84,-,-,?,-,false,-
com.proofpoint.platform,configuration,1.84,-,-,?,-,false,-
com.proofpoint.platform,discovery,1.84,-,-,?,-,false,-
com.proofpoint.platform,event,1.84,-,-,?,-,false,-
com.proofpoint.platform,http-client,1.84,-,-,?,-,false,-
com.proofpoint.platform,http-server,1.84,-,-,?,-,false,-
com.proofpoint.platform,jaxrs,1.84,-,-,?,-,false,-
com.proofpoint.platform,jmx,1.84,-,-,?,-,false,-
com.proofpoint.platform,jmx-http,1.84,-,-,?,-,false,-
com.proofpoint.platform,json,1.84,-,-,?,-,false,-
com.proofpoint.platform,launcher,1.84,-,-,?,-,false,sun.misc.Signal                          See http://openjdk.java.net/jeps/260 + sun.misc.SignalHandler                   See http://openjdk.java.net/jeps/260 + sun.misc.Unsafe                          See http://openjdk.java.net/jeps/260
com.proofpoint.platform,log,1.84,-,-,?,-,false,-
com.proofpoint.platform,node,1.84,-,-,?,-,false,-
com.proofpoint.platform,openapi,1.84,-,-,?,-,false,-
com.proofpoint.platform,packaging,1.84,-,-,?,-,false,-
com.proofpoint.platform,reporting,1.84,-,-,?,-,false,-
com.proofpoint.platform,reporting-client,1.84,-,-,?,-,false,-
com.proofpoint.platform,reporting-prometheus,1.84,-,-,?,-,false,-
com.proofpoint.platform,sample-server,1.84,-,-,?,-,false,-
com.proofpoint.platform,skeleton-server,1.84,-,-,?,-,false,-
com.proofpoint.platform,stats,1.84,-,-,?,-,false,-
com.proofpoint.platform,testing,1.84,-,-,?,-,false,-
com.proofpoint.platform,trace-token,1.84,-,-,?,-,false,-
com.proofpoint.platform,units,1.84,-,-,?,-,false,-
com.rainbowpunch,jetedge,0.10.0,-,-,?,-,false,-
com.razorpay,razorpay-java,1.3.8,-,-,?,-,false,-
com.scientiamobile.wurflcloud,client-java,1.0.9,-,-,?,-,false,-
com.sdklite,exif,0.2.0,-,-,?,-,false,-
com.sdklite,gesture,0.0.1,-,-,?,-,false,-
com.sdklite.jacoco,gradle,0.1.0,-,-,?,-,false,-
com.sdklite,net,0.0.5,-,-,?,-,false,-
com.sdklite.publishing,maven,0.2.0,-,-,?,-,false,-
com.sdklite,rpc,0.0.4,-,-,?,-,false,-
com.sdklite.spi,annotations,0.1.0,-,-,?,-,false,-
com.sdklite.spi,gradle,0.1.0,-,-,?,-,false,-
com.sdklite.spi,loader,0.1.0,-,-,?,-,false,-
com.seleniumtests,seleniumtestsframework,5.7,-,-,?,-,false,-
com.siftscience,sift-java,2.1.1,-,-,?,-,false,-
com.slickqa,slickqa-java-client,1.0.2-1,-,-,?,-,false,-
com.slickqa,slickqa-junit,1.0.0-4,-,-,?,-,false,-
com.slickqa,slickqa-testng,1.0.0-17,-,-,?,-,false,-
com.slickqa,slick-webdriver-java,1.0.0-31,-,-,?,-,false,sun.reflect.generics.reflectiveObjects.NotImplementedException Removed. See http://openjdk.java.net/jeps/260
com.slickqa,testng,7.0.0-7,-,-,?,-,false,-
com.spencerwi,Either.java,2.0.0,-,-,?,-,false,-
com.spring4all,mongodb-plus-spring-boot-starter,1.0.0.RELEASE,-,-,?,-,false,-
com.spring4all,spring-boot-starter-hbase,1.0.0.RELEASE,-,-,?,-,false,-
com.spring4all,spring-boot-starter-swagger,1.5.1.RELEASE,-,-,?,-,false,-
com.spring4all,swagger-spring-boot-starter,1.7.1.RELEASE,-,-,?,-,false,-
com.sudicode,fogbugz-to-github,0.1.0,-,-,?,-,false,-
com.sudicode,github-extensions,0.1.0,-,-,?,-,false,sun.misc.Unsafe                          See http://openjdk.java.net/jeps/260 + sun.reflect.Reflection                   Use java.lang.StackWalker @since 9
com.teotas,jenkins-api,1.0,-,-,?,-,false,-
com.universalmediaserver,external-maven-plugin,0.2,-,-,?,-,false,-
com.uqpay.sdk,uqpay-payment,1.0,-,-,?,-,false,-
com.uwetrottmann.thetvdb-java,thetvdb-java,1.6.1,-,-,?,-,false,-
com.uwetrottmann.tmdb2,tmdb-java,1.9.0,-,-,?,-,false,-
com.uwetrottmann.trakt5,trakt-java,5.10.0,-,-,?,-,false,-
com.vectorprint,Config,8.2,-,-,?,-,false,-
com.vectorprint,VectorPrintCommon,3.9,-,-,?,-,false,-
com.xmlcalabash,xmlcalabash,1.1.21-98,-,-,?,-,false,-
com.xmlcalabash,xmlcalabash1-gradle,1.3.5,-,-,?,-,false,-
com.xmlcalabash,xmlcalabash1-rdf,1.1.4,-,-,?,-,false,-
com.xmlcalabash,xmlcalabash1-sendmail,1.1.4,-,-,?,-,false,-
io.laserdisc,laserdisc-core_2.11,0.1.14,-,-,?,-,false,-
io.laserdisc,laserdisc-core_sjs0.6_2.11,0.1.14,-,-,?,-,false,-
io.laserdisc,laserdisc-fs2_2.11,0.1.14,-,-,?,-,false,-
io.laserdisc,log-effect-core_2.11,0.2.2,-,-,?,-,false,-
io.laserdisc,log-effect-core_2.12,0.2.2,-,-,?,-,false,-
io.laserdisc,log-effect-fs2_2.11,0.2.2,-,-,?,-,false,-
io.laserdisc,log-effect-fs2_2.12,0.2.2,-,-,?,-,false,-
io.laserdisc,log-effect-zio_2.11,0.2.2,-,-,?,-,false,-
io.laserdisc,log-effect-zio_2.12,0.2.2,-,-,?,-,false,-
io.syndesis.common,common-model,1.5.3,-,-,?,-,false,-
io.syndesis.common,common-resteasy-spring-boot-starter,1.5.3,-,-,?,-,false,-
io.syndesis.common,common-util,1.5.3,-,-,?,-,false,-
io.syndesis.connector,connector-activemq,1.5.3,-,-,?,-,false,-
io.syndesis.connector,connector-amqp,1.5.3,-,-,?,-,false,-
io.syndesis.connector,connector-aws-s3,1.5.3,-,-,?,-,false,-
io.syndesis.connector,connector-dropbox,1.5.3,-,-,?,-,false,-
io.syndesis.connector,connector-ftp,1.5.3,-,-,?,-,false,-
io.syndesis.connector,connector-gmail,1.5.3,-,-,?,-,false,-
io.syndesis.connector,connector-http,1.5.3,-,-,?,-,false,-
io.syndesis.connector,connector-irc,1.5.3,-,-,?,-,false,-
io.syndesis.connector,connector-kafka,1.5.3,-,-,?,-,false,-
io.syndesis.connector,connector-log,1.5.3,-,-,?,-,false,-
io.syndesis.connector,connector-mqtt,1.5.3,-,-,?,-,false,-
io.syndesis.connector,connector-rest-swagger,1.5.3,-,-,?,-,false,-
io.syndesis.connector,connector-salesforce,1.5.3,-,-,?,-,false,-
io.syndesis.connector,connector-servicenow,1.5.3,-,-,?,-,false,-
io.syndesis.connector,connector-sftp,1.5.3,-,-,?,-,false,-
io.syndesis.connector,connector-slack,1.5.3,-,-,?,-,false,-
io.syndesis.connector,connector-sql,1.5.3,-,-,?,-,false,-
io.syndesis.connector,connector-support-catalog,1.5.3,-,-,?,-,false,-
io.syndesis.connector,connector-support-maven-plugin,1.5.3,-,-,?,-,false,-
io.syndesis.connector,connector-support-test,1.5.3,-,-,?,-,false,-
io.syndesis.connector,connector-support-util,1.5.3,-,-,?,-,false,-
io.syndesis.connector,connector-support-verifier,1.5.3,-,-,?,-,false,-
io.syndesis.connector,connector-telegram,1.5.3,-,-,?,-,false,-
io.syndesis.connector,connector-timer,1.5.3,-,-,?,-,false,-
io.syndesis.connector,connector-twitter,1.5.3,-,-,?,-,false,-
io.syndesis.connector,connector-webhook,1.5.3,-,-,?,-,false,-
io.syndesis.extension,extension-annotation-processor,1.5.3,-,-,?,-,false,-
io.syndesis.extension,extension-api,1.5.3,-,-,?,-,false,-
io.syndesis.extension,extension-converter,1.5.3,-,-,?,-,false,-
io.syndesis.extension,extension-example-log-step,1.5.3,-,-,?,-,false,-
io.syndesis.extension,extension-maven-plugin,1.5.3,-,-,?,-,false,-
io.syndesis.integration,integration-api,1.5.3,-,-,?,-,false,-
io.syndesis.integration,integration-component-proxy,1.5.3,-,-,?,-,false,-
io.syndesis.integration,integration-project-generator,1.5.3,-,-,?,-,false,-
io.syndesis.integration,integration-runtime,1.5.3,-,-,?,-,false,-
io.syndesis.meta,meta,1.5.3,-,-,?,-,false,-
io.syndesis.server,server-builder-image-generator,1.5.3,-,-,?,-,false,-
io.syndesis.server,server-builder-maven-plugin,1.5.3,-,-,?,-,false,-
io.syndesis.server,server-connector-generator,1.5.3,-,-,?,-,false,-
io.syndesis.server,server-controller,1.5.3,-,-,?,-,false,-
io.syndesis.server,server-credential,1.5.3,-,-,?,-,false,-
io.syndesis.server,server-dao,1.5.3,-,-,?,-,false,-
io.syndesis.server,server-endpoint,1.5.3,-,-,?,-,false,-
io.syndesis.server,server-filestore,1.5.3,-,-,?,-,false,-
io.syndesis.server,server-inspector,1.5.3,-,-,?,-,false,-
io.syndesis.server,server-jsondb,1.5.3,-,-,?,-,false,-
io.syndesis.server,server-logging-jsondb,1.5.3,-,-,?,-,false,-
io.syndesis.server,server-metrics-jsondb,1.5.3,-,-,?,-,false,-
io.syndesis.server,server-metrics-prometheus,1.5.3,-,-,?,-,false,-
io.syndesis.server,server-monitoring,1.5.3,-,-,?,-,false,-
io.syndesis.server,server-openshift,1.5.3,-,-,?,-,false,-
io.syndesis.server,server-runtime,1.5.3,-,-,?,-,false,-
io.syndesis.server,server-update-controller,1.5.3,-,-,?,-,false,-
io.syndesis.server,server-verifier,1.5.3,-,-,?,-,false,-
io.syndesis.server,syndesis-cli,1.5.3,-,-,?,-,false,-
io.syndesis,syndesis-documentation-maven-plugin,1.5.3,-,-,?,-,false,-
io.zonky.test.postgres,embedded-postgres-binaries-darwin-amd64,10.4.0,-,-,?,-,false,-
io.zonky.test.postgres,embedded-postgres-binaries-linux-amd64,10.4.0,-,-,?,-,false,-
io.zonky.test.postgres,embedded-postgres-binaries-linux-amd64-alpine,10.4.0,-,-,?,-,false,-
io.zonky.test.postgres,embedded-postgres-binaries-linux-arm32v6,10.4.0,-,-,?,-,false,-
io.zonky.test.postgres,embedded-postgres-binaries-linux-arm32v6-alpine,10.4.0,-,-,?,-,false,-
io.zonky.test.postgres,embedded-postgres-binaries-linux-arm32v7,10.4.0,-,-,?,-,false,-
io.zonky.test.postgres,embedded-postgres-binaries-linux-arm64v8,10.4.0,-,-,?,-,false,-
io.zonky.test.postgres,embedded-postgres-binaries-linux-arm64v8-alpine,10.4.0,-,-,?,-,false,-
io.zonky.test.postgres,embedded-postgres-binaries-linux-i386,10.4.0,-,-,?,-,false,-
io.zonky.test.postgres,embedded-postgres-binaries-linux-i386-alpine,10.4.0,-,-,?,-,false,-
io.zonky.test.postgres,embedded-postgres-binaries-linux-ppc64le,10.4.0,-,-,?,-,false,-
io.zonky.test.postgres,embedded-postgres-binaries-linux-ppc64le-alpine,10.4.0,-,-,?,-,false,-
io.zonky.test.postgres,embedded-postgres-binaries-windows-amd64,10.4.0,-,-,?,-,false,-
io.zonky.test.postgres,embedded-postgres-binaries-windows-i386,10.4.0,-,-,?,-,false,-
org.akka-js,akkajsactorstream_sjs0.6_2.11,1.2.5.15,-,-,?,-,false,-
org.akka-js,akkajsactorstream_sjs0.6_2.12,1.2.5.15,-,-,?,-,false,-
org.akka-js,akkajsactortyped_sjs0.6_2.12,1.2.5.15,-,-,?,-,false,-
org.akka-js,akkajsstreamtestkit_sjs0.6_2.11,1.2.5.15,-,-,?,-,false,-
org.akka-js,akkajsstreamtestkit_sjs0.6_2.12,1.2.5.15,-,-,?,-,false,-
org.akka-js,akkajstestkit_sjs0.6_2.11,1.2.5.15,-,-,?,-,false,-
org.jooby,jooby,1.5.1,-,-,?,-,false,-
org.jooby,jooby-akka,1.5.1,-,-,?,-,false,-
org.jooby,jooby-apitool,1.5.1,-,-,?,-,false,-
org.jooby,jooby-assets,1.5.1,-,-,?,-,false,-
org.jooby,jooby-assets-autoprefixer,1.5.1,-,-,?,-,false,-
org.jooby,jooby-assets-babel,1.5.1,-,-,?,-,false,-
org.jooby,jooby-assets-clean-css,1.5.1,-,-,?,-,false,-
org.jooby,jooby-assets-closure-compiler,1.5.1,-,-,?,-,false,-
org.jooby,jooby-assets-csslint,1.5.1,-,-,?,-,false,-
org.jooby,jooby-assets-j2v8,1.5.1,-,-,?,-,false,-
org.jooby,jooby-assets-jscs,1.5.1,-,-,?,-,false,-
org.jooby,jooby-assets-jshint,1.5.1,-,-,?,-,false,-
org.jooby,jooby-assets-less,1.5.1,-,-,?,-,false,-
org.jooby,jooby-assets-less4j,1.5.1,-,-,?,-,false,-
org.jooby,jooby-assets-ng-annotate,1.5.1,-,-,?,-,false,-
org.jooby,jooby-assets-nodejs,1.5.1,-,-,?,-,false,-
org.jooby,jooby-assets-requirejs,1.5.1,-,-,?,-,false,-
org.jooby,jooby-assets-rollup,1.5.1,-,-,?,-,false,-
org.jooby,jooby-assets-sass,1.5.1,-,-,?,-,false,-
org.jooby,jooby-assets-svg-sprites,1.5.1,-,-,?,-,false,-
org.jooby,jooby-assets-svg-symbol,1.5.1,-,-,?,-,false,-
org.jooby,jooby-assets-uglify,1.5.1,-,-,?,-,false,-
org.jooby,jooby-assets-yui-compressor,1.5.1,-,-,?,-,false,-
org.jooby,jooby-aws,1.5.1,-,-,?,-,false,-
org.jooby,jooby-banner,1.5.1,-,-,?,-,false,-
org.jooby,jooby-caffeine,1.5.1,-,-,?,-,false,-
org.jooby,jooby-camel,1.5.1,-,-,?,-,false,-
org.jooby,jooby-cassandra,1.5.1,-,-,?,-,false,-
org.jooby,jooby-commons-email,1.5.1,-,-,?,-,false,-
org.jooby,jooby-consul,1.5.1,-,-,?,-,false,-
org.jooby,jooby-couchbase,1.5.1,-,-,?,-,false,-
org.jooby,jooby-crash,1.5.1,-,-,?,-,false,-
org.jooby,jooby-csl,1.5.1,-,-,?,-,false,-
org.jooby,jooby-dist,1.5.1,-,-,?,-,false,-
org.jooby,jooby-ebean,1.5.1,-,-,?,-,false,-
org.jooby,jooby-ehcache,1.5.1,-,-,?,-,false,-
org.jooby,jooby-elasticsearch,1.5.1,-,-,?,-,false,-
org.jooby,jooby-eventbus,1.5.1,-,-,?,-,false,-
org.jooby,jooby-executor,1.5.1,-,-,?,-,false,-
org.jooby,jooby-filewatcher,1.5.1,-,-,?,-,false,-
org.jooby,jooby-flyway,1.5.1,-,-,?,-,false,-
org.jooby,jooby-frontend,1.5.1,-,-,?,-,false,-
org.jooby,jooby-ftl,1.5.1,-,-,?,-,false,-
org.jooby,jooby-gradle-plugin,1.5.1,-,-,?,-,false,-
org.jooby,jooby-gson,1.5.1,-,-,?,-,false,-
org.jooby,jooby-guava-cache,1.5.1,-,-,?,-,false,-
org.jooby,jooby-hazelcast,1.5.1,-,-,?,-,false,-
org.jooby,jooby-hbm,1.5.1,-,-,?,-,false,-
org.jooby,jooby-hbs,1.5.1,-,-,?,-,false,-
org.jooby,jooby-hbv,1.5.1,-,-,?,-,false,-
org.jooby,jooby-jackson,1.5.1,-,-,?,-,false,-
org.jooby,jooby-jade,1.5.1,-,-,?,-,false,-
org.jooby,jooby-jdbc,1.5.1,-,-,?,-,false,-
org.jooby,jooby-jdbi,1.5.1,-,-,?,-,false,-
org.jooby,jooby-jdbi3,1.5.1,-,-,?,-,false,-
org.jooby,jooby-jedis,1.5.1,-,-,?,-,false,-
org.jooby,jooby-jetty,1.5.1,-,-,?,-,false,-
org.jooby,jooby-jongo,1.5.1,-,-,?,-,false,-
org.jooby,jooby-jooq,1.5.1,-,-,?,-,false,-
org.jooby,jooby-lang-kotlin,1.5.1,-,-,?,-,false,-
org.jooby,jooby-livereload,1.5.1,-,-,?,-,false,-
org.jooby,jooby-maven-plugin,1.5.1,-,-,?,-,false,-
org.jooby,jooby-metrics,1.5.1,-,-,?,-,false,-
org.jooby,jooby-micrometer,1.5.1,-,-,?,-,false,-
org.jooby,jooby-mongodb,1.5.1,-,-,?,-,false,-
org.jooby,jooby-mongodb-rx,1.5.1,-,-,?,-,false,-
org.jooby,jooby-morphia,1.5.1,-,-,?,-,false,-
org.jooby,jooby-neo4j,1.5.1,-,-,?,-,false,-
org.jooby,jooby-netty,1.5.1,-,-,?,-,false,-
org.jooby,jooby-pac4j,1.5.1,-,-,?,-,false,-
org.jooby,jooby-pac4j2,1.5.1,-,-,?,-,false,-
org.jooby,jooby-pebble,1.5.1,-,-,?,-,false,-
org.jooby,jooby-quartz,1.5.1,-,-,?,-,false,-
org.jooby,jooby-querydsl,1.5.1,-,-,?,-,false,-
org.jooby,jooby-reactor,1.5.1,-,-,?,-,false,-
org.jooby,jooby-requery,1.5.1,-,-,?,-,false,-
org.jooby,jooby-rocker,1.5.1,-,-,?,-,false,-
org.jooby,jooby-run,1.5.1,-,-,?,-,false,-
org.jooby,jooby-rxjava,1.5.1,-,-,?,-,false,-
org.jooby,jooby-rxjava-jdbc,1.5.1,-,-,?,-,false,-
org.jooby,jooby-scanner,1.5.1,-,-,?,-,false,-
org.jooby,jooby-servlet,1.5.1,-,-,?,-,false,-
org.jooby,jooby-sitemap,1.5.1,-,-,?,-,false,-
org.jooby,jooby-spymemcached,1.5.1,-,-,?,-,false,-
org.jooby,jooby-thymeleaf,1.5.1,-,-,?,-,false,-
org.jooby,jooby-unbescape,1.5.1,-,-,?,-,false,-
org.jooby,jooby-undertow,1.5.1,-,-,?,-,false,-
org.jooby,jooby-whoops,1.5.1,-,-,?,-,false,-
