groupId,artifactId,version,moduleName,moduleVersion,moduleMode,moduleDependencies,jdepsToolError,jdepsViolations
org.wso2.carbon.dashboards,dashboards-web-component,4.0.29,-,-,?,-,false,-
org.wso2.carbon.dashboards,org.wso2.carbon.dashboards.api,4.0.29,-,-,?,-,false,-
org.wso2.carbon.dashboards,org.wso2.carbon.dashboards.core,4.0.29,-,-,?,-,false,-
org.wso2.carbon.dashboards.samples,org.wso2.carbon.dashboards.samples.endpoint,4.0.29,-,-,?,-,false,-
org.wso2.carbon.dashboards,universal-widget,4.0.29,-,-,?,-,false,-
