groupId,artifactId,version,moduleName,moduleVersion,moduleMode,moduleDependencies,jdepsToolError,jdepsViolations
com.aliyun,aliyun-java-sdk-imm,1.7.4,-,-,?,-,false,-
com.google.apis,google-api-services-oslogin,v1-rev23-1.24.1,-,-,?,-,false,-
com.stripe,stripe-java,6.6.0,-,-,?,-,false,-
fi.metatavu.metaform,metaform-api-client,0.0.16,-,-,?,-,false,-
fi.metatavu.metaform,metaform-api-spec,0.0.28,-,-,?,-,false,-
info.johtani.elasticsearch.plugin.ingest,ingest-csv,6.4.0.0,-,-,?,-,false,-
org.http4k,http4k-resilience4j,3.35.1,-,-,?,-,false,-
org.http4k,http4k-security-oauth,3.35.1,-,-,?,-,false,-
org.http4k,http4k-server-apache,3.35.1,-,-,?,-,false,-
org.http4k,http4k-server-jetty,3.35.1,-,-,?,-,false,-
org.http4k,http4k-serverless-lambda,3.35.1,-,-,?,-,false,-
org.http4k,http4k-server-netty,3.35.1,-,-,?,-,false,-
org.http4k,http4k-server-undertow,3.35.1,-,-,?,-,false,-
org.http4k,http4k-testing-hamkrest,3.35.1,-,-,?,-,false,-
org.http4k,http4k-testing-webdriver,3.35.1,-,-,?,-,false,-
tech.iooo.boot,iooo-boot-core,1.0.7.RELEASE,-,-,?,-,false,-
tech.iooo.boot,iooo-spring-boot-vertx-starter,1.0.7.RELEASE,-,-,?,-,false,-
top.sulpures,json-scala,1.1-RELEASE,-,-,?,-,false,-
