groupId,artifactId,version,moduleName,moduleVersion,moduleMode,moduleDependencies,jdepsToolError,jdepsViolations
com.1spatial,dwg-lib,0.8,-,-,?,-,false,-
com.garethahealy.amq6-dual-jaas-plugin,amq6-dual-jaas-plugin-parent,1.4.0,-,-,?,-,false,-
com.garethahealy.camel-dynamic-loadbalancer,dynamic-lb-core,1.0.1,-,-,?,-,false,-
com.garethahealy.camel-dynamic-loadbalancer,dynamic-lb-example1,1.0.1,-,-,?,-,false,-
com.garethahealy.camel-dynamic-loadbalancer,dynamic-lb-example2-consumer,1.0.1,-,-,?,-,false,-
com.garethahealy.camel-dynamic-loadbalancer,dynamic-lb-example2-producer,1.0.1,-,-,?,-,false,-
com.garethahealy.camel-dynamic-loadbalancer,dynamic-lb-features,1.0.1,-,-,?,-,false,-
com.garethahealy.camel-file-loadbalancer,lb-core,1.0.0,-,-,?,-,false,-
com.garethahealy.camel-file-loadbalancer,lb-example1,1.0.0,-,-,?,-,false,-
com.garethahealy.camel-file-loadbalancer,lb-features,1.0.0,-,-,?,-,false,-
com.garethahealy.elastic-postman,scraper,1.0.1,-,-,?,-,false,-
com.garethahealy.filetransfer-bridge,filetransfer-bridge,1.1.0,-,-,?,-,false,-
com.garethahealy.ibmq-to-amq-bridge,ibmq-to-amq-bridge,1.1.0,-,-,?,-,false,-
com.garethahealy.quota-limits-generator,quota-limits-generator-parent,1.0.1,-,-,?,-,false,-
com.hazelcast,hazelcast,3.10.4,-,-,?,-,false,sun.misc.Unsafe                          See http://openjdk.java.net/jeps/260
com.hazelcast,hazelcast-aws,2.2,-,-,?,-,false,-
com.hazelcast,hazelcast-client,3.10.4,-,-,?,-,false,-
com.hazelcast,hazelcast-code-generator,3.6-EA3,-,-,?,-,false,-
com.hazelcast,hazelcast-spring,3.10.4,-,-,?,-,false,-
com.hazelcast,hazelcast-tomcat7-sessionmanager,1.1.3,-,-,?,-,false,-
com.hazelcast.jet,hazelcast-jet,0.6.1,com.hazelcast.jet,-,automatic,-,false,sun.misc.Unsafe                          See http://openjdk.java.net/jeps/260
com.hazelcast.jet,hazelcast-jet-cascading,0.3.1,-,-,?,-,false,-
com.hazelcast.jet,hazelcast-jet-core,0.6.1,com.hazelcast.jet.core,-,automatic,-,false,-
com.hazelcast.jet,hazelcast-jet-hadoop,0.6.1,com.hazelcast.jet.hadoop,-,automatic,-,false,-
com.hazelcast.jet,hazelcast-jet-spring,0.6.1,com.hazelcast.jet.spring,-,automatic,-,false,-
com.jfastnet,jfastnet,0.3.7,-,-,?,-,false,-
com.lihaoyi,amm-2.11.7_2.11,1.0.5-25-b3b801e8,-,-,?,-,false,-
com.lihaoyi,amm-interp-2.11.8_2.11,1.0.5-25-b3b801e8,-,-,?,-,false,-
com.lihaoyi,amm-interp-2.12.6_2.12,1.0.5-25-b3b801e8,-,-,?,-,false,-
com.lihaoyi,ammonite_2.11.7,1.1.2-30-53edc31,-,-,?,-,false,-
com.lihaoyi,ammonite_2.12.6,1.1.2-30-53edc31,-,-,?,-,false,-
com.lihaoyi,ammonite-interp_2.11.8,1.1.2-30-53edc31,-,-,?,-,false,-
com.lihaoyi,ammonite-repl_2.11.7,1.1.2-30-53edc31,-,-,?,-,false,sun.misc.Signal                          See http://openjdk.java.net/jeps/260 + sun.misc.SignalHandler                   See http://openjdk.java.net/jeps/260
com.lihaoyi,ammonite-repl_2.12.6,1.1.2-30-53edc31,-,-,?,-,false,sun.misc.Signal                          See http://openjdk.java.net/jeps/260 + sun.misc.SignalHandler                   See http://openjdk.java.net/jeps/260
com.lihaoyi,ammonite-runtime_2.11.6,0.9.3,-,-,?,-,false,-
com.lihaoyi,ammonite-shell_2.11,1.1.0-34-b991be4,-,-,?,-,false,-
com.lihaoyi,ammonite-shell_2.11.11,1.1.2-30-53edc31,-,-,?,-,false,-
com.lihaoyi,ammonite-shell_2.12.1,1.1.2-30-53edc31,-,-,?,-,false,-
com.lihaoyi,ammonite-sshd_2.11.8,1.1.2-30-53edc31,-,-,?,-,false,-
com.lihaoyi,amm-repl-2.11.7_2.11,1.0.5-25-b3b801e8,-,-,?,-,false,sun.misc.Signal                          See http://openjdk.java.net/jeps/260 + sun.misc.SignalHandler                   See http://openjdk.java.net/jeps/260
com.lihaoyi,geny_sjs0.6_2.12,0.1.2,-,-,?,-,false,-
com.lihaoyi,mill-scalajslib-jsbridges-0.6_2.12,2018-02-10T22-20-56-317Z-719ff8a6d79093d390b0d5ce7d01755e65fcd484,-,-,?,-,false,-
com.lihaoyi,mill-testng,0.2.6-14-d4de5f,-,-,?,-,false,-
com.lihaoyi,pprint_sjs0.6_2.10,0.5.3,-,-,?,-,false,-
com.lihaoyi,pythonparse_sjs0.6_2.10,1.0.0,-,-,?,-,false,-
com.lihaoyi,scalaparse_2.11,1.0.0,-,-,?,-,false,-
com.lihaoyi,scalarx_2.12,0.4.0,-,-,?,-,false,-
com.lihaoyi,shell-2.11.11_2.11,1.0.5-25-b3b801e8,-,-,?,-,false,-
com.lihaoyi,sourcecode_sjs0.6_2.11,0.1.4,-,-,?,-,false,-
com.lihaoyi,ujson_2.11,0.6.6,-,-,?,-,false,-
com.lihaoyi,ujson-js-2.12.4_sjs0.6_2.12,0.6.3,-,-,?,-,false,-
com.lihaoyi,utest_sjs0.6_2.10,0.6.4,-,-,?,-,false,-
com.lihaoyi,utest_sjs1.0.0-M3_2.12,0.6.4,-,-,?,-,false,-
com.mysaasa,MySaasa-Server,0.1.2,-,-,?,-,false,-
com.nqzero,directio,0.9.0,-,-,?,-,false,-
com.nqzero,orator,0.9.1,-,-,?,-,false,-
com.nqzero,srlutils,0.9.3,-,-,?,-,false,sun.misc.Unsafe                          See http://openjdk.java.net/jeps/260
com.playfab,client-sdk,0.73.180809,-,-,?,-,false,-
com.playfab,combo-sdk,0.73.180809,-,-,?,-,false,-
com.playfab,server-sdk,0.73.180809,-,-,?,-,false,-
com.somtacode,somta-core,1.0.2,-,-,?,-,false,-
com.vdurmont,emoji-java,4.0.0,-,-,?,-,false,-
com.vdurmont,semver4j,2.2.0,-,-,?,-,false,-
