groupId,artifactId,version,moduleName,moduleVersion,moduleMode,moduleDependencies,jdepsToolError,jdepsViolations
org.cloudi,cloudi_api_java,1.7.3,org.cloudi,-,automatic,-,false,-
org.everrest,everrest-assured,1.13.6,-,-,?,-,false,-
org.everrest,everrest-core,1.13.6,-,-,?,-,false,-
org.everrest,everrest-groovy,1.13.6,-,-,?,-,false,-
org.everrest,everrest-integration-guice,1.13.6,-,-,?,-,false,-
org.everrest,everrest-test,1.13.6,-,-,?,-,false,-
org.everrest,everrest-websockets,1.13.6,-,-,?,-,false,-
org.finra.herd,herd-app,0.77.0,-,-,?,-,false,-
org.finra.herd,herd-build-tools,0.77.0,-,-,?,-,false,-
org.finra.herd,herd-core,0.77.0,-,-,?,-,false,-
org.finra.herd,herd-dao,0.77.0,-,-,?,-,false,-
org.finra.herd,herd-docs-javadoc,0.77.0,-,-,?,-,false,-
org.finra.herd,herd-docs-swagger,0.77.0,-,-,?,-,false,-
org.finra.herd,herd-downloader,0.77.0,org.apache.logging.log4j,-,explicit,java.base,false,sun.misc.Unsafe                          See http://openjdk.java.net/jeps/260 + sun.security.x509.X500Name               Use javax.security.auth.x500.X500Principal @since 1.4
org.finra.herd,herd-model,0.77.0,-,-,?,-,false,-
org.finra.herd,herd-model-api,0.77.0,-,-,?,-,false,-
org.finra.herd,herd-model-api-15,0.77.0,-,-,?,-,false,-
org.finra.herd,herd-rest,0.77.0,-,-,?,-,false,-
org.finra.herd,herd-retention-expiration-destroyer,0.77.0,org.apache.logging.log4j,-,explicit,java.base,false,sun.misc.Unsafe                          See http://openjdk.java.net/jeps/260 + sun.security.x509.X500Name               Use javax.security.auth.x500.X500Principal @since 1.4
org.finra.herd,herd-retention-expiration-exporter,0.77.0,org.apache.logging.log4j,-,explicit,java.base,false,sun.misc.Unsafe                          See http://openjdk.java.net/jeps/260 + sun.security.x509.X500Name               Use javax.security.auth.x500.X500Principal @since 1.4
org.finra.herd,herd-scripts-bootstrap,0.77.0,-,-,?,-,false,-
org.finra.herd,herd-scripts-cloud-formation,0.77.0,-,-,?,-,false,-
org.finra.herd,herd-scripts-sql,0.77.0,-,-,?,-,false,-
org.finra.herd,herd-sdk,0.77.0,-,-,?,-,false,-
org.finra.herd,herd-service,0.77.0,-,-,?,-,false,-
org.finra.herd,herd-swaggergen-maven-plugin,0.77.0,-,-,?,-,false,-
org.finra.herd,herd-tools-common,0.77.0,-,-,?,-,false,-
org.finra.herd,herd-ui,0.77.0,-,-,?,-,false,-
org.finra.herd,herd-uploader,0.77.0,org.apache.logging.log4j,-,explicit,java.base,false,sun.misc.Unsafe                          See http://openjdk.java.net/jeps/260 + sun.security.x509.X500Name               Use javax.security.auth.x500.X500Principal @since 1.4
org.finra.herd,herd-web-assets,0.38.0,-,-,?,-,false,-
org.finra.jtaf,jtaf-extwebdriver,1.5.5,-,-,?,-,false,-
org.finra.megasparkdiff,mega-spark-diff,0.1.7,-,-,?,-,false,-
org.leapframework,jmms-engine,0.5.0,-,-,?,-,false,-
org.leapframework,jmms-modules-redis,0.5.0,-,-,?,-,false,-
org.leapframework,jmms-plugins-redis-api-reader,0.5.0,-,-,?,-,false,-
org.leapframework,jmms-plugins-swagger-doc,0.5.0,-,-,?,-,false,-
org.leapframework,jmms-protocols-scim,0.5.0,-,-,?,-,false,-
org.leapframework,jmms-sdk,0.5.0,-,-,?,-,false,-
org.leapframework,jmms-testing,0.5.0,-,-,?,-,false,-
org.leapframework,leap,0.7.7b,-,-,?,-,false,-
org.leapframework,leap-agent,0.7.7b,-,-,?,-,false,-
org.leapframework,leap-core,0.7.7b,-,-,?,-,false,-
org.leapframework,leap-db,0.7.7b,-,-,?,-,false,-
org.leapframework,leap-junit,0.7.7b,-,-,?,-,false,-
org.leapframework,leap-lang,0.7.7b,-,-,?,-,false,-
org.leapframework,leap-oauth2,0.6.1b,-,-,?,-,false,-
org.leapframework,leap-oauth2-server,0.7.7b,-,-,?,-,false,-
org.leapframework,leap-oauth2-webapp,0.7.7b,-,-,?,-,false,-
org.leapframework,leap-spring-boot-orm,0.7.7b,-,-,?,-,false,-
org.leapframework,leap-spring-boot-web,0.7.7b,-,-,?,-,false,-
org.leapframework,leap-web,0.7.7b,-,-,?,-,false,-
org.leapframework,leap-websecurity,0.7.7b,-,-,?,-,false,-
org.leapframework,leap-webunit,0.7.7b,-,-,?,-,false,-
org.leapframework,spring-boot-starter-jmms,0.5.0,-,-,?,-,false,-
org.logback-extensions,logback-ext-loggly,0.1.5,-,-,?,-,false,-
org.logback-extensions,logback-ext-spring,0.1.5,-,-,?,-,false,-
org.lwjgl,lwjgl-assimp,3.2.0,org.lwjgl.assimp,-,explicit,java.base + org.lwjgl,true,-
org.lwjgl,lwjgl-egl,3.2.0,org.lwjgl.egl,-,explicit,org.lwjgl + java.base,true,-
org.lwjgl,lwjgl-glfw,3.2.0,org.lwjgl.glfw,-,explicit,org.lwjgl.egl + org.lwjgl + java.base + org.lwjgl.opengl + org.lwjgl.vulkan,true,-
org.lwjgl,lwjgl-jawt,3.2.0,org.lwjgl.jawt,-,explicit,org.lwjgl + java.base,true,-
org.lwjgl,lwjgl-lz4,3.2.0,org.lwjgl.lz4,-,explicit,java.base + org.lwjgl,true,-
org.lwjgl,lwjgl-nanovg,3.2.0,org.lwjgl.nanovg,-,explicit,org.lwjgl.opengles + org.lwjgl.opengl + org.lwjgl + java.base,true,-
org.lwjgl,lwjgl-nfd,3.2.0,org.lwjgl.nfd,-,explicit,java.base + org.lwjgl,true,-
org.lwjgl,lwjgl-nuklear,3.2.0,org.lwjgl.nuklear,-,explicit,org.lwjgl + java.base,true,-
org.lwjgl,lwjgl-odbc,3.2.0,org.lwjgl.odbc,-,explicit,java.base + org.lwjgl,true,-
org.lwjgl,lwjgl-openal,3.2.0,org.lwjgl.openal,-,explicit,org.lwjgl + java.base,true,-
org.lwjgl,lwjgl-opencl,3.2.0,org.lwjgl.opencl,-,explicit,org.lwjgl + java.base,true,-
org.lwjgl,lwjgl-opengl,3.2.0,org.lwjgl.opengl,-,explicit,org.lwjgl + java.base,true,-
org.lwjgl,lwjgl-opengles,3.2.0,org.lwjgl.opengles,-,explicit,org.lwjgl + java.base + org.lwjgl.egl,true,-
org.lwjgl,lwjgl-openvr,3.2.0,org.lwjgl.openvr,-,explicit,org.lwjgl + java.base,true,-
org.lwjgl,lwjgl-rpmalloc,3.2.0,org.lwjgl.rpmalloc,-,explicit,org.lwjgl + java.base,true,-
org.lwjgl,lwjgl-stb,3.2.0,org.lwjgl.stb,-,explicit,org.lwjgl + java.base,true,-
org.lwjgl,lwjgl-tinyfd,3.2.0,org.lwjgl.tinyfd,-,explicit,org.lwjgl + java.base,true,-
org.lwjgl,lwjgl-vma,3.2.0,org.lwjgl.vma,-,explicit,java.base + org.lwjgl + org.lwjgl.vulkan,true,-
org.lwjgl,lwjgl-vulkan,3.2.0,org.lwjgl.vulkan,-,explicit,org.lwjgl + java.base,true,-
org.lwjgl,lwjgl-xxhash,3.2.0,org.lwjgl.xxhash,-,explicit,java.base + org.lwjgl,true,-
org.lwjgl,lwjgl-yoga,3.2.0,org.lwjgl.yoga,-,explicit,org.lwjgl + java.base,true,-
org.lwjgl,lwjgl-zstd,3.2.0,org.lwjgl.zstd,-,explicit,java.base + org.lwjgl,true,-
org.lwjgl.osgi,org.lwjgl.assimp,3.2.0,-,-,?,-,false,-
org.lwjgl.osgi,org.lwjgl.bgfx,3.2.0,-,-,?,-,false,-
org.lwjgl.osgi,org.lwjgl.egl,3.2.0,-,-,?,-,false,-
org.lwjgl.osgi,org.lwjgl.glfw,3.2.0,-,-,?,-,false,-
org.lwjgl.osgi,org.lwjgl.jawt,3.2.0,-,-,?,-,false,-
org.lwjgl.osgi,org.lwjgl.lmdb,3.2.0,-,-,?,-,false,-
org.lwjgl.osgi,org.lwjgl.lwjgl,3.2.0,-,-,?,-,false,sun.misc.Unsafe                          See http://openjdk.java.net/jeps/260
org.lwjgl.osgi,org.lwjgl.nanovg,3.2.0,-,-,?,-,false,-
org.lwjgl.osgi,org.lwjgl.nfd,3.2.0,-,-,?,-,false,-
org.lwjgl.osgi,org.lwjgl.nuklear,3.2.0,-,-,?,-,false,-
org.lwjgl.osgi,org.lwjgl.openal,3.2.0,-,-,?,-,false,-
org.lwjgl.osgi,org.lwjgl.opencl,3.2.0,-,-,?,-,false,-
org.lwjgl.osgi,org.lwjgl.opengl,3.2.0,-,-,?,-,false,-
org.lwjgl.osgi,org.lwjgl.opengles,3.2.0,-,-,?,-,false,-
org.lwjgl.osgi,org.lwjgl.ovr,3.2.0,-,-,?,-,false,-
org.lwjgl.osgi,org.lwjgl.par,3.2.0,-,-,?,-,false,-
org.lwjgl.osgi,org.lwjgl.sse,3.2.0,-,-,?,-,false,-
org.lwjgl.osgi,org.lwjgl.stb,3.2.0,-,-,?,-,false,-
org.lwjgl.osgi,org.lwjgl.tinyfd,3.2.0,-,-,?,-,false,-
org.lwjgl.osgi,org.lwjgl.vma,3.2.0,-,-,?,-,false,-
org.lwjgl.osgi,org.lwjgl.vulkan,3.2.0,-,-,?,-,false,-
org.lwjgl.osgi,org.lwjgl.xxhash,3.2.0,-,-,?,-,false,-
org.minijax,minijax-archetype,0.0.14,-,-,?,-,false,-
org.minijax,minijax-archetype-quickstart,0.3.12,-,-,?,-,false,-
org.minijax,minijax-avatar,0.3.12,-,-,?,-,false,-
org.minijax,minijax-client,0.3.12,-,-,?,-,false,-
org.minijax,minijax-cloudwatch,0.3.12,-,-,?,-,false,-
org.minijax,minijax-core,0.3.12,-,-,?,-,false,-
org.minijax,minijax-data,0.0.20,-,-,?,-,false,-
org.minijax,minijax-db,0.3.12,-,-,?,-,false,-
org.minijax,minijax-eclipselink,0.0.29,-,-,?,-,false,-
org.minijax,minijax-entity,0.0.20,-,-,?,-,false,-
org.minijax,minijax-gplus,0.3.12,-,-,?,-,false,-
org.minijax,minijax-json,0.3.12,-,-,?,-,false,-
org.minijax,minijax-liquibase,0.3.12,-,-,?,-,false,-
org.minijax,minijax-mustache,0.3.12,-,-,?,-,false,-
org.minijax,minijax-s3,0.3.12,-,-,?,-,false,-
org.minijax,minijax-security,0.3.12,-,-,?,-,false,-
org.minijax,minijax-swagger,0.3.12,-,-,?,-,false,-
org.minijax,minijax-undertow,0.3.12,-,-,?,-,false,-
org.minijax,minijax-undertow-websocket,0.3.12,-,-,?,-,false,-
org.minijax,minijax-validator,0.3.12,-,-,?,-,false,-
org.minijax,minijax-view,0.3.12,-,-,?,-,false,-
org.minijax,minijax-websocket,0.2.6,-,-,?,-,false,-
org.moallemi.gradle.advanced-build-version,gradle-plugin,1.6.0,-,-,?,-,false,-
org.programmiersportgruppe,j-maven-tester,2,-,-,?,-,false,-
org.quicktheories,coverage,0.25,-,-,?,-,false,-
org.quicktheories,quicktheories,0.25,-,-,?,-,false,-
org.trimou,trimness-core,1.0.0.Beta1,-,-,?,-,false,-
org.trimou,trimou-core,2.5.0.Final,-,-,?,-,false,-
org.trimou,trimou-extension-cdi,2.5.0.Final,-,-,?,-,false,-
org.trimou,trimou-extension-dropwizard,2.5.0.Final,-,-,?,-,false,-
org.trimou,trimou-extension-el,2.5.0.Final,-,-,?,-,false,-
org.trimou,trimou-extension-gson,2.5.0.Final,-,-,?,-,false,-
org.trimou,trimou-extension-json-p,2.5.0.Final,-,-,?,-,false,-
org.trimou,trimou-extension-minify,2.5.0.Final,-,-,?,-,false,-
org.trimou,trimou-extension-prettytime,2.5.0.Final,-,-,?,-,false,-
org.trimou,trimou-extension-servlet,2.5.0.Final,-,-,?,-,false,-
org.trimou,trimou-extension-spring4-mvc,2.5.0.Final,-,-,?,-,false,-
org.trimou,trimou-extension-spring-boot-starter,2.5.0.Final,-,-,?,-,false,-
org.trimou,trimou-extension-spring-mvc,2.5.0.Final,-,-,?,-,false,-
