groupId,artifactId,version,moduleName,moduleVersion,moduleMode,moduleDependencies,jdepsToolError,jdepsViolations
com.github.abhijithpradeep,spring-request-cache,1.0.0-001,-,-,?,-,false,-
com.github.adchilds,jythonscript,2.0.1,-,-,?,-,false,-
com.github.agourlay,cornichon_2.11,0.15.3,-,-,?,-,false,-
com.github.agourlay,cornichon_2.12,0.15.3,-,-,?,-,false,-
com.github.agourlay,cornichon-check_2.12,0.16.2,-,-,?,-,false,-
com.github.agourlay,cornichon-core_2.11,0.16.1,-,-,?,-,false,-
com.github.agourlay,cornichon-core_2.12,0.16.2,-,-,?,-,false,-
com.github.agourlay,cornichon-experimental_2.11,0.15.3,-,-,?,-,false,-
com.github.agourlay,cornichon-experimental_2.12,0.15.3,-,-,?,-,false,-
com.github.agourlay,cornichon-http-mock_2.11,0.16.1,-,-,?,-,false,-
com.github.agourlay,cornichon-http-mock_2.12,0.16.2,-,-,?,-,false,-
com.github.agourlay,cornichon-kafka_2.11,0.16.1,-,-,?,-,false,-
com.github.agourlay,cornichon-kafka_2.12,0.16.2,-,-,?,-,false,-
com.github.agourlay,cornichon-scalatest_2.11,0.16.1,-,-,?,-,false,-
com.github.agourlay,cornichon-scalatest_2.12,0.16.2,-,-,?,-,false,-
com.github.agourlay,cornichon-test-framework_2.11,0.16.1,-,-,?,-,false,-
com.github.agourlay,cornichon-test-framework_2.12,0.16.2,-,-,?,-,false,-
com.github.agourlay,json-2-csv_2.11,0.3.0,-,-,?,-,false,-
com.github.agourlay,json-2-csv_2.12,0.4.1,-,-,?,-,false,-
com.github.aivancioglo,RestTest,2.1.4,-,-,?,-,false,-
com.github.aivancioglo,resttest,3.0.5,-,-,?,-,false,-
com.github.aivancioglo,resttest-java,1.3.0,-,-,?,-,false,-
com.github.aizuzi,fastadapter_annotation,0.3.9,-,-,?,-,false,-
com.github.aizuzi,fastadapter_processor,0.3.9,-,-,?,-,false,-
com.github.ajalt,clikt,1.4.0,-,-,?,-,false,-
com.github.ajalt,colormath,1.2.0,-,-,?,-,false,-
com.github.ajalt,mordant,1.2.0,-,-,?,-,false,-
com.github.almondtools,conmatch,0.1.13,-,-,?,-,false,-
com.github.almondtools,rexlex,0.2.13,-,-,?,-,false,-
com.github.andreas-maier-ntt,swagger-jaxb,1.13,-,-,?,-,false,-
com.github.Andy-Shao,Gear,3.2.13.RELEASE,-,-,?,-,false,-
com.github.Andy-Shao,GearEE,3.2.10.RELEASE,-,-,?,-,false,-
com.github.Andy-Shao,GearEE-Redis,0.0.1.RELEASE,-,-,?,-,false,-
com.github.Andy-Shao,GearEE-Spring,3.2.10.RELEASE,-,-,?,-,false,-
com.github.Andy-Shao,GearEE-ZK,0.0.1.RELEASE,-,-,?,-,false,-
com.github.astonbitecode,scakka-zoo-cache,0.2.1,-,-,?,-,false,-
com.github.babylikebird,com.snowflake.id,0.0.1,-,-,?,-,false,-
com.github.battermann,com-github-battermann-pureapp_2.12,0.1.0,-,-,?,-,false,-
com.github.battermann,pureapp_2.12,0.6.0,-,-,?,-,false,-
com.github.cafapi,caf-api,1.15.0-1,-,-,?,-,false,-
com.github.cafapi,caf-utils,1.15.0-1,-,-,?,-,false,sun.reflect.Reflection                   Use java.lang.StackWalker @since 9
com.github.cafapi.cipher,cipher-jasypt,1.15.0-1,-,-,?,-,false,-
com.github.cafapi.cipher,cipher-null,1.15.0-1,-,-,?,-,false,-
com.github.cafapi.codec,codec-json,1.15.0-1,-,-,?,-,false,-
com.github.cafapi.codec,codec-json-lzf,1.15.0-1,-,-,?,-,false,-
com.github.cafapi.codec,codec-yaml,1.15.0-1,-,-,?,-,false,-
com.github.cafapi.config,config-caf,1.15.0-1,-,-,?,-,false,-
com.github.cafapi.config,config-decoder,1.15.0-1,-,-,?,-,false,-
com.github.cafapi.config,config-file,1.15.0-1,-,-,?,-,false,-
com.github.cafapi.config,config-rest,1.15.0-1,-,-,?,-,false,-
com.github.cafapi.config,config-system,1.15.0-1,-,-,?,-,false,-
com.github.cafapi.decoder,decoder-js,1.15.0-1,-,-,?,-,false,-
com.github.cafapi.election,election-null,1.15.0-1,-,-,?,-,false,-
com.github.cafapi,swagger-ui,1.15.0-1,-,-,?,-,false,-
com.github.cafapi.util,util-jerseycompat,1.15.0-1,-,-,?,-,false,-
com.github.cafapi.util,util-liquibase-installer,1.15.0-1,-,-,?,-,false,sun.misc.Unsafe                          See http://openjdk.java.net/jeps/260
com.github.cafapi.util,util-moduleloader,1.15.0-1,-,-,?,-,false,-
com.github.cafapi.util,util-naming,1.15.0-1,-,-,?,-,false,-
com.github.cafapi.util,util-process-identifier,1.15.0-1,-,-,?,-,false,-
com.github.cafapi.util,util-ref,1.15.0-1,-,-,?,-,false,-
com.github.cafapi.util,util-testing,1.15.0-1,-,-,?,-,false,-
com.github.choppythelumberjack,trivial-codegen_2.11,1.0.1,-,-,?,-,false,-
com.github.choppythelumberjack,trivial-codegen_2.12,1.0.1,-,-,?,-,false,-
com.github.choppythelumberjack,tryclose_2.11,1.0.0,-,-,?,-,false,-
com.github.choppythelumberjack,tryclose_2.12,1.0.0,-,-,?,-,false,-
com.github.chrbayer84,jarpatch,0.7,-,-,?,-,false,-
com.github.cirola2000,idol-metadata,0.0.1,-,-,?,-,false,-
com.github.d3no.sms-sdk-java,arithmetic,1.0.snapshot,-,-,?,-,false,-
com.github.daggerok,daggerok-context,1.0.1,-,-,?,-,false,-
com.github.daggerok,kotlin-html-dsl,1.0.PLUS,-,-,?,-,false,-
com.github.danielflower.mavenplugins,gitlog-maven-plugin,1.13.12,-,-,?,-,false,-
com.github.danielflower.mavenplugins,multi-module-maven-release-plugin,3.0.0,-,-,?,-,false,-
com.github.danny02,JOpenCTM,1.5.2,-,-,?,-,false,-
com.github.darren-fu,resty-pass,1.5.1,-,-,?,-,false,sun.reflect.generics.reflectiveObjects.ParameterizedTypeImpl Removed. See http://openjdk.java.net/jeps/260
com.github.deepexi,optimus-archetype-hsf,1.3.11,-,-,?,-,false,-
com.github.deepexi,optimus-archetype-hsf-jpa,1.2.1,-,-,?,-,false,-
com.github.deepexi,optimus-archetype-java,1.1.1,-,-,?,-,false,-
com.github.deepexi,optimus-commons,1.0.5,-,-,?,-,false,-
com.github.drinkjava2,dbutils-pro,1.7.0,-,-,?,-,false,-
com.github.drinkjava2,jbeanbox,2.4.7,-,-,?,-,false,-
com.github.drinkjava2,jdbpro,2.0.2,-,-,?,-,false,-
com.github.drinkjava2,jdialects,2.0.2,-,-,?,-,false,-
com.github.drinkjava2,jsqlbox,2.0.2,-,-,?,-,false,-
com.github.drinkjava2,jsqlbox-java8,2.0.2,-,-,?,-,false,-
com.github.drinkjava2,jtransactions,2.0.2,-,-,?,-,false,-
com.github.drinkjava2,jwebbox,2.1.1,-,-,?,-,false,-
com.github.duanxinyuan,library-apache-dbutils,1.0.0,-,-,?,-,false,-
com.github.duanxinyuan,library-cache,1.2.0,-,-,?,-,false,-
com.github.duanxinyuan,library-common-util,1.5.0,-,-,?,-,false,-
com.github.duanxinyuan,library-escrow-auth,1.0.0,-,-,?,-,false,-
com.github.duanxinyuan,library-escrow-coordinate,1.0.0,-,-,?,-,false,-
com.github.duanxinyuan,library-escrow-logistics,1.0.0,-,-,?,-,false,-
com.github.duanxinyuan,library-escrow-pay,1.0.0,-,-,?,-,false,-
com.github.duanxinyuan,library-json,1.3.0,-,-,?,-,false,-
com.github.duanxinyuan,library-network-akka,1.0.0,-,-,?,-,false,-
com.github.duanxinyuan,library-network-http,1.0.0,-,-,?,-,false,-
com.github.duanxinyuan,library-network-netty,1.0.0,-,-,?,-,false,-
com.github.duanxinyuan,library-network-okhttp,1.0.0,-,-,?,-,false,-
com.github.duanxinyuan,library-springboot-kafka,1.0.0,-,-,?,-,false,-
com.github.duanxinyuan,library-springboot-rabbit,1.0.0,-,-,?,-,false,-
com.github.duanxinyuan,library-springboot-redis,1.0.0,-,-,?,-,false,-
com.github.dzhey,droidworker-annotations,0.3.1,-,-,?,-,false,-
com.github.dzhey,droidworker-annotations-compiler,0.3.1,-,-,?,-,false,-
com.github.dzieciou.testing,curl-logger,1.0.3,-,-,?,-,false,-
com.github.egateam,commons,0.0.8,-,-,?,-,false,-
com.github.egateam,jrange,0.0.11,-,-,?,-,false,-
com.github.egateam,jrunlist,0.1.5,-,-,?,-,false,-
com.github.eljah,jcharts-gae-compatible,0.7-RELEASE,-,-,?,-,false,-
com.github.elopteryx,bean-mirror,1.0.0,com.github.elopteryx.reflect,-,explicit,java.base,false,-
com.github.elopteryx,upload-parser,2.2.1,com.github.elopteryx.upload,-,automatic,-,false,-
com.github.elopteryx,upload-parser-jaxrs,2.2.1,com.github.elopteryx.upload.rs,-,automatic,-,false,-
com.github.esap120,scala-elo_2.10,1.0.1,-,-,?,-,false,-
com.github.esap120,scala-elo_2.11,1.0.1,-,-,?,-,false,-
com.github.esap120,scala-elo_2.12,1.0.1,-,-,?,-,false,-
com.github.essobedo,application-manager,1.1.2,-,-,?,-,false,-
com.github.freva,ascii-table,1.1.0,-,-,?,-,false,-
com.github.gentity,gentity-core,0.12,-,-,?,-,false,-
com.github.gentity,gentity-maven-plugin,0.12,-,-,?,-,false,-
com.github.gentity,gentity-test,0.12,-,-,?,-,false,-
com.github.gphat,censorinus_2.11,2.1.15,-,-,?,-,false,-
com.github.gphat,censorinus_2.12,2.1.15,-,-,?,-,false,-
com.github.gphat,datadog-scala_2.10,1.2.0,-,-,?,-,false,-
com.github.gphat,datadog-scala_2.11,1.2.0,-,-,?,-,false,-
com.github.gphat,wabisabi_2.10,2.1.10,-,-,?,-,false,-
com.github.gphat,wabisabi_2.11,2.2.1,-,-,?,-,false,-
com.github.gphat,wabisabi_2.12,2.2.1,-,-,?,-,false,-
com.github.grignaak.collections,cow-collections,0.9.16,-,-,?,-,false,-
com.github.grignaak,cow-collections,1.0.0,-,-,?,-,false,-
com.github.halfmatthalfcat,stringmetric_2.10,0.28.0,-,-,?,-,false,-
com.github.halfmatthalfcat,stringmetric_2.12,0.28.0,-,-,?,-,false,-
com.github.halfmatthalfcat,stringmetric-cli_2.11,0.28.0,-,-,?,-,false,-
com.github.halfmatthalfcat,stringmetric-core_2.12,0.28.0,-,-,?,-,false,-
com.github.handywings,hdw-common,1.0.5,-,-,?,-,false,-
com.github.ichoran,kse_2.11,0.6.0,-,-,?,-,false,sun.misc.Unsafe                          See http://openjdk.java.net/jeps/260
com.github.ichoran,kse_2.12,0.6.0,-,-,?,-,false,sun.misc.Unsafe                          See http://openjdk.java.net/jeps/260
com.github.igor-suhorukov,aether-grape,1.9,-,-,?,-,false,sun.misc.Unsafe                          See http://openjdk.java.net/jeps/260
com.github.igor-suhorukov,camel-aws,2.20.1.2,-,-,?,-,false,-
com.github.igor-suhorukov,camel-mpd,1.0,-,-,?,-,false,-
com.github.igor-suhorukov,camel-url-handler,2.20.1.3,-,-,?,-,false,-
com.github.igor-suhorukov,chromedriver,2.34,-,-,?,-,false,-
com.github.igor-suhorukov,dom-transformation,1.2,-,-,?,-,false,-
com.github.igor-suhorukov,dropship,1.9,-,-,?,-,false,sun.misc.Unsafe                          See http://openjdk.java.net/jeps/260
com.github.igor-suhorukov,extract-javadoc,1.0,-,-,?,-,false,-
com.github.igor-suhorukov,groovy-grape-aether,2.4.15,-,-,?,-,false,sun.misc.Unsafe                          See http://openjdk.java.net/jeps/260
com.github.igor-suhorukov,instagramscraper,2.2,-,-,?,-,false,-
com.github.igor-suhorukov,java-as-script,1.2,-,-,?,-,false,sun.misc.Unsafe                          See http://openjdk.java.net/jeps/260
com.github.igor-suhorukov,maven-cli,3.3.9,-,-,?,-,false,-
com.github.igor-suhorukov,mvn-classloader,1.9,-,-,?,-,false,sun.misc.Unsafe                          See http://openjdk.java.net/jeps/260
com.github.igor-suhorukov,phantomjs-runner,1.2,-,-,?,-,false,-
com.github.igor-suhorukov,postgresql-runner,2.5,-,-,?,-,false,-
com.github.igor-suhorukov,url-stream-handler-provider,1.2,-,-,?,-,false,-
com.github.insanusmokrassar,AutoORM,0.9.1,-,-,?,-,false,-
com.github.insanusmokrassar,AutoPostBotLikesPlugin,0.2,-,-,?,-,false,-
com.github.insanusmokrassar,AutoPostSmartTimerTrigger,0.7,-,-,?,-,false,-
com.github.insanusmokrassar,AutoPostTelegramBot,0.3.8,-,-,?,-,false,-
com.github.insanusmokrassar,BotIncomeMessagesListener,0.9b,-,-,?,-,false,-
com.github.insanusmokrassar,ConfigsRemapper,0.2.5b,-,-,?,-,false,-
com.github.insanusmokrassar,FSM,1.2.5,-,-,?,-,false,-
com.github.insanusmokrassar,HandlersSystem,1.2,-,-,?,-,false,-
com.github.insanusmokrassar,HtmlParser,0.3,-,-,?,-,false,-
com.github.insanusmokrassar,IObjectK,1.11.3,-,-,?,-,false,-
com.github.insanusmokrassar,IObjectKObservable,1.0,-,-,?,-,false,-
com.github.insanusmokrassar,IObjectKRealisations,1.11.2,-,-,?,-,false,-
com.github.insanusmokrassar,IOC,1.3,-,-,?,-,false,-
com.github.insanusmokrassar,JDBCAutoORMDriver,0.9,-,-,?,-,false,-
com.github.insanusmokrassar,TelegramBotBase,0.8.1b,-,-,?,-,false,-
com.github.insanusmokrassar,utils,0.6.7,-,-,?,-,false,-
com.github.jameshnsears,xqa-commons-qpid-jms,1.4,-,-,?,-,false,-
com.github.jezza,lava,0.2,-,-,?,-,false,-
com.github.jinahya,bit-io,1.3.7,-,-,?,-,false,-
com.github.jinahya,cubrid-jdbc-driver-10.0.0.1376,10.0.0.1376-1.0.0,-,-,?,-,false,-
com.github.jinahya,cubrid-jdbc-driver-10.1.0.7663,1.0.0,-,-,?,-,false,-
com.github.jinahya,cubrid-jdbc-driver-10.1.1.7691,10.1.1.7691-1.0.0,-,-,?,-,false,-
com.github.jinahya,cubrid-jdbc-driver-8.4.1.33006,1.0.0,-,-,?,-,false,-
com.github.jinahya,cubrid-jdbc-driver-8.4.1.34002,1.0.0,-,-,?,-,false,-
com.github.jinahya,cubrid-jdbc-driver-8.4.4.17007,1.0.0,-,-,?,-,false,-
com.github.jinahya,cubrid-jdbc-driver-8.4.4.18002,1.0.0,-,-,?,-,false,-
com.github.jinahya,cubrid-jdbc-driver-9.0.0.0478,1.0.0,-,-,?,-,false,-
com.github.jinahya,cubrid-jdbc-driver-9.2.1.0020,1.0.0,-,-,?,-,false,-
com.github.jinahya,cubrid-jdbc-driver-9.2.28.0004,1.0.0,-,-,?,-,false,-
com.github.jinahya,cubrid-jdbc-driver-9.2.29.0001,1.0.0,-,-,?,-,false,-
com.github.jinahya,cubrid-jdbc-driver-9.3.7.0008,9.3.7.0008-1.0.0,-,-,?,-,false,-
com.github.jinahya,cubrid-jdbc-driver-9.3.8.0003,9.3.8.0003-1.0.0,-,-,?,-,false,-
com.github.jinahya,cubrid-jdbc-driver-9.3.9.0002,1.0.0,-,-,?,-,false,-
com.github.jinahya,database-metadata-bind,2.0.2,-,-,?,-,false,-
com.github.jinahya,id-codec,1.1.7,-,-,?,-,false,-
com.github.jinahya,json-java-retrotranslated,20180130,-,-,?,-,false,-
com.github.jinahya,json-retrotranslated,20171018,-,-,?,-,false,-
com.github.jinahya,openfire-bind,0.1.9,-,-,?,-,false,-
com.github.jinahya,rfc5849,1.1.8,-,-,?,-,false,-
com.github.jkugiya,aws-v4-signer-scala_2.11,0.13,-,-,?,-,false,-
com.github.jkugiya,aws-v4-signer-scala_2.12,0.13,-,-,?,-,false,-
com.github.jobservice,job-service-config,2.5.0-284,-,-,?,-,false,-
com.github.jobservice,job-service-contract,2.5.0-284,-,-,?,-,false,-
com.github.jobservice,job-service-db,2.5.0-284,-,-,?,-,false,-
com.github.jobservice,job-service-db-client,2.5.0-284,-,-,?,-,false,-
com.github.jobservice,worker-batch-testing,3.0.0-100,-,-,?,-,false,-
com.github.jobservice,worker-globfilter-batch-plugin,2.2.0-126,-,-,?,-,false,-
com.github.jonasborn,snip,1.0.0-BETA,-,-,?,-,false,-
com.github.karthicks,gremlin-objects,3.3.1-RC1,-,-,?,-,false,-
com.github.karthicks,tinkergraph-test,3.3.1-RC1,-,-,?,-,false,-
com.github.khud,kshell-repl-api,0.2.3-1.2.41,-,-,?,-,false,-
com.github.kostasdrakonakis,android-navigator-annotations,1.2.0,-,-,?,-,false,-
com.github.kostasdrakonakis,android-navigator-compiler,1.2.0,-,-,?,-,false,-
com.github.krdev.icapclient,icapclient,0.0.13,-,-,?,-,false,-
com.github.krdev.imapnio,imapnio.core,1.0.23,-,-,?,-,false,-
com.github.krdev.popclient,popclient,0.0.1,-,-,?,-,false,-
com.github.krdev.sledclient,sledclient,0.0.2,-,-,?,-,false,-
com.github.kuros,random-jpa,1.0.1,-,-,?,-,false,-
com.github.lafa.cache,cache,1.0.1,com.google.common,-,automatic,-,false,sun.misc.Unsafe                          See http://openjdk.java.net/jeps/260
com.github.lafa.common,common.core,1.0.6,-,-,?,-,false,-
com.github.lafa.jmetrics,jmetrics.annotation,1.0.12,-,-,?,-,false,-
com.github.lafa.jmetrics,jmetrics.core,1.0.12,-,-,?,-,false,-
com.github.lafa.jmetrics,jmetrics.jmx,1.0.12,-,-,?,-,false,-
com.github.lafa.jsonpath,json-path,2.4.0,-,-,?,-,false,-
com.github.lafa.jsonpath,json-path-assert,1.0.2,-,-,?,-,false,-
com.github.lafa.jsonpath,json-path-web-test,1.0.2,-,-,?,-,false,-
com.github.lafa.pdfbox,debugger-app,1.0.0,-,-,?,-,false,-
com.github.lafa.pdfbox,fontbox,1.0.1,-,-,?,-,false,-
com.github.lafa.pdfbox,pdfbox,1.0.1,-,-,?,-,false,-
com.github.lafa.pdfbox,preflight,1.0.1,-,-,?,-,false,-
com.github.lafa.pdfbox,preflight-app,1.0.1,-,-,?,-,false,-
com.github.lafa.pdfbox,xmpbox,1.0.1,-,-,?,-,false,-
com.github.lafa.popclient,popclient,0.0.18,-,-,?,-,false,-
com.github.lafa.sledclient,sledclient,0.0.2,-,-,?,-,false,-
com.github.lafa.tikaNoExternal,tika-app,1.0.10,-,-,?,-,false,sun.misc.Cleaner                         Use java.lang.ref.PhantomReference @since 1.2 or java.lang.ref.Cleaner @since 9 + sun.misc.Unsafe                          See http://openjdk.java.net/jeps/260 + sun.reflect.generics.reflectiveObjects.NotImplementedException Removed. See http://openjdk.java.net/jeps/260
com.github.lafa.tikaNoExternal,tika-batch,1.0.10,-,-,?,-,false,-
com.github.lafa.tikaNoExternal,tika-bundle,1.0.6,-,-,?,-,false,-
com.github.lafa.tikaNoExternal,tika-core,1.0.10,-,-,?,-,false,-
com.github.lafa.tikaNoExternal,tika-example,1.0.10,-,-,?,-,false,-
com.github.lafa.tikaNoExternal,tika-external,1.0.10,-,-,?,-,false,-
com.github.lafa.tikaNoExternal,tika-java7,1.0.10,-,-,?,-,false,-
com.github.lafa.tikaNoExternal,tika-langdetect,1.0.10,-,-,?,-,false,-
com.github.lafa.tikaNoExternal,tika-parsers,1.0.10,-,-,?,-,false,-
com.github.lafa.tikaNoExternal,tika-serialization,1.0.10,-,-,?,-,false,-
com.github.lafa.tikaNoExternal,tika-server,1.0.6,-,-,?,-,false,sun.misc.Cleaner                         Use java.lang.ref.PhantomReference @since 1.2 or java.lang.ref.Cleaner @since 9 + sun.misc.Unsafe                          See http://openjdk.java.net/jeps/260 + sun.reflect.generics.reflectiveObjects.NotImplementedException Removed. See http://openjdk.java.net/jeps/260
com.github.lafa.tikaNoExternal,tika-translate,1.0.10,-,-,?,-,false,-
com.github.lafa.tikaNoExternal,tika-xmp,1.0.10,-,-,?,-,false,-
com.github.lafa.twelvemonkeyspurejava.common,common-image,1.0.1,-,-,?,-,false,-
com.github.lafa.twelvemonkeyspurejava.common,common-io,1.0.1,-,-,?,-,false,-
com.github.lafa.twelvemonkeyspurejava.common,common-lang,1.0.1,-,-,?,-,false,-
com.github.lafa.twelvemonkeyspurejava.contrib,contrib,1.0.1,-,-,?,-,false,-
com.github.lafa.twelvemonkeyspurejava.imageio,imageio-batik,1.0.1,-,-,?,-,false,-
com.github.lafa.twelvemonkeyspurejava.imageio,imageio-bmp,1.0.1,-,-,?,-,false,-
com.github.lafa.twelvemonkeyspurejava.imageio,imageio-clippath,1.0.1,-,-,?,-,false,-
com.github.lafa.twelvemonkeyspurejava.imageio,imageio-core,1.0.1,-,-,?,-,false,-
com.github.lafa.twelvemonkeyspurejava.imageio,imageio-hdr,1.0,-,-,?,-,false,-
com.github.lafa.twelvemonkeyspurejava.imageio,imageio-icns,1.0,-,-,?,-,false,-
com.github.lafa.twelvemonkeyspurejava.imageio,imageio-iff,1.0,-,-,?,-,false,-
com.github.lafa.twelvemonkeyspurejava.imageio,imageio-jpeg,1.0.1,-,-,?,-,false,-
com.github.lafa.twelvemonkeyspurejava.imageio,imageio-metadata,1.0.1,-,-,?,-,false,-
com.github.lafa.twelvemonkeyspurejava.imageio,imageio-pcx,1.0,-,-,?,-,false,-
com.github.lafa.twelvemonkeyspurejava.imageio,imageio-pdf,1.0,-,-,?,-,false,-
com.github.lafa.twelvemonkeyspurejava.imageio,imageio-pict,1.0,-,-,?,-,false,-
com.github.lafa.twelvemonkeyspurejava.imageio,imageio-pnm,1.0,-,-,?,-,false,-
com.github.lafa.twelvemonkeyspurejava.imageio,imageio-psd,1.0,-,-,?,-,false,-
com.github.lafa.twelvemonkeyspurejava.imageio,imageio-reference,1.0.1,-,-,?,-,false,-
com.github.lafa.twelvemonkeyspurejava.imageio,imageio-sgi,1.0,-,-,?,-,false,-
com.github.lafa.twelvemonkeyspurejava.imageio,imageio-tga,1.0,-,-,?,-,false,-
com.github.lafa.twelvemonkeyspurejava.imageio,imageio-thumbsdb,1.0,-,-,?,-,false,-
com.github.lafa.twelvemonkeyspurejava.imageio,imageio-tiff,1.0.1,-,-,?,-,false,-
com.github.lafa.twelvemonkeyspurejava.servlet,servlet,1.0.1,-,-,?,-,false,-
com.github.lalyos,jfiglet,0.0.8,-,-,?,-,false,-
com.github.ldeitos,extendedValidation,1.1.02,-,-,?,-,false,-
com.github.ldeitos,extendedValidation-core,1.1.02,-,-,?,-,false,-
com.github.ldeitos,extendedValidation-test-support,1.1.02,-,-,?,-,false,-
com.github.ldzzdl,easyexcel4j,1.0.0,-,-,?,-,false,-
com.github.leixuan6,jade-all,1.0.3,-,-,?,-,false,-
com.github.liaochong,html2excel,0.0.1,-,-,?,-,false,-
com.github.liaochong,ratel-tools-core,1.0.0,-,-,?,-,false,-
com.github.liaochong,ratel-tools-validator,1.0.0,-,-,?,-,false,-
com.github.liaochong,spring-boot-starter-converter,1.1.0,-,-,?,-,false,-
com.github.loki-afro,metalarchives-api,0.5.0,-,-,?,-,false,-
com.github.lpezet.antiope,antiope-core,0.0.2,-,-,?,-,false,-
com.github.lpezet.java,bufferediterator,0.0.2,-,-,?,-,false,-
com.github.lpezet.java,patterns,0.0.3,-,-,?,-,false,-
com.github.luanhaipeng,jettyboot,1.0.16,-,-,?,-,false,-
com.github.lukajcb,rxscala-js_sjs0.6_2.10,0.15.2,-,-,?,-,false,-
com.github.lukajcb,rxscala-js_sjs0.6_2.11,0.15.2,-,-,?,-,false,-
com.github.lukajcb,rxscala-js_sjs0.6_2.12,0.15.2,-,-,?,-,false,-
com.github.manliogit,javatags,0.4.3,-,-,?,-,false,-
com.github.marks-yag,punner,0.9.4,-,-,?,-,false,-
com.github.marks-yag,punner-maven-plugin,0.9.9,-,-,?,-,false,-
com.github.martinhaeusler,chronos,0.9.1,-,-,?,-,false,-
com.github.martinhaeusler,org.chronos.chronodb,0.9.1,-,-,?,-,false,-
com.github.martinhaeusler,org.chronos.chronograph,0.9.1,-,-,?,-,false,-
com.github.martinhaeusler,org.chronos.chronosphere,0.9.1,-,-,?,-,false,-
com.github.martinhaeusler,org.chronos.common,0.9.1,-,-,?,-,false,-
com.github.martinhaeusler,org.chronos.common.testing,0.9.1,-,-,?,-,false,-
com.github.mazine,infer-hierarchy-type-parameter,1.1.0,-,-,?,-,false,-
com.github.micheal-swiggs,mailchimp-java,0.5.4,-,-,?,-,false,-
com.github.mikkoi.maven.enforcer.rule,property-usage-rule,0.0.3,-,-,?,-,false,-
com.github.mkopylec,charon-spring-boot-starter,3.0.2,-,-,?,-,false,-
com.github.mkopylec,errorest-spring-boot-starter,2.0.0,-,-,?,-,false,-
com.github.mkopylec,recaptcha-spring-boot-starter,2.2.0,-,-,?,-,false,-
com.github.mkopylec,session-couchbase-spring-boot-starter,3.0.0,-,-,?,-,false,-
com.github.mkyrychenko,vin-utils,1.1.0,-,-,?,-,false,-
com.github.nickscha,geom,0.0.2,-,-,?,-,false,-
com.github.paulcwarren,content-fs-spring-boot-starter,0.2.0,-,-,?,-,false,-
com.github.paulcwarren,content-jpa-spring-boot-starter,0.2.0,-,-,?,-,false,-
com.github.paulcwarren,content-mongo-spring-boot-starter,0.2.0,-,-,?,-,false,-
com.github.paulcwarren,content-rest-spring-boot-starter,0.2.0,-,-,?,-,false,-
com.github.paulcwarren,content-s3-spring-boot-starter,0.2.0,-,-,?,-,false,-
com.github.paulcwarren,content-solr-spring-boot-starter,0.2.0,-,-,?,-,false,-
com.github.paulcwarren,ginkgo4j,1.0.9,-,-,?,-,false,-
com.github.paulcwarren,spring-cloud-nfs-connector-cloudfoundry,1.0.0,-,-,?,-,false,-
com.github.paulcwarren,spring-content-autoconfigure,0.2.0,-,-,?,-,false,-
com.github.paulcwarren,spring-content-commons,0.2.0,-,-,?,-,false,-
com.github.paulcwarren,spring-content-docx4j,0.2.0,-,-,?,-,false,-
com.github.paulcwarren,spring-content-elasticsearch,0.2.0,-,-,?,-,false,-
com.github.paulcwarren,spring-content-fs,0.2.0,-,-,?,-,false,-
com.github.paulcwarren,spring-content-fs-boot-starter,0.2.0,-,-,?,-,false,-
com.github.paulcwarren,spring-content-jpa,0.2.0,-,-,?,-,false,-
com.github.paulcwarren,spring-content-jpa-boot-starter,0.2.0,-,-,?,-,false,-
com.github.paulcwarren,spring-content-mongo,0.2.0,-,-,?,-,false,-
com.github.paulcwarren,spring-content-mongo-boot-starter,0.2.0,-,-,?,-,false,-
com.github.paulcwarren,spring-content-renditions,0.2.0,-,-,?,-,false,-
com.github.paulcwarren,spring-content-renditions-boot-starter,0.2.0,-,-,?,-,false,-
com.github.paulcwarren,spring-content-rest,0.2.0,-,-,?,-,false,-
com.github.paulcwarren,spring-content-rest-boot-starter,0.2.0,-,-,?,-,false,-
com.github.paulcwarren,spring-content-s3,0.2.0,-,-,?,-,false,-
com.github.paulcwarren,spring-content-s3-boot-starter,0.2.0,-,-,?,-,false,-
com.github.paulcwarren,spring-content-solr,0.2.0,-,-,?,-,false,-
com.github.paulcwarren,spring-content-solr-boot-starter,0.2.0,-,-,?,-,false,-
com.github.pinguet62,java2typescript-maven-plugin,1.0,-,-,?,-,false,-
com.github.poad,tuple4j,0.0.2,-,-,?,-,false,-
com.github.ptdien,rancher-maven-plugin,1.0.2,-,-,?,-,false,-
com.github.ptitnoony.components,fxtreemap,0.2,-,-,?,-,false,-
com.github.ptitnoony.components,fxtreeMap,0.2,-,-,?,-,false,-
com.github.ptitnoony.components,FxTreeMap,0.2,-,-,?,-,false,-
com.github.ptitnoony,gameutils,1.0,-,-,?,-,false,-
com.github.qiyueW,JWeb,2.0,-,-,?,-,false,-
com.github.rapidboot,rapidboot-mybatis,1.0,-,-,?,-,false,-
com.github.rblessings,simple-jdbc-data-repository,3.2.4-RELEASE,-,-,?,-,false,-
com.github.rblessings,smart-data-repository,4.0.14-RELEASE,-,-,?,-,false,-
com.github.rblessings,smart-query-builder-repository,1.0.0-RELEASE,-,-,?,-,false,-
com.github.riteshkukreja,vertx-annotations,1.0.0,-,-,?,-,false,-
com.github.rjolly,flying-saucer,9.1.12,-,-,?,-,false,-
com.github.rjolly,jshellscriptengine,1.0,-,-,?,-,false,-
com.github.rjolly,mappanel,1.0,-,-,?,-,false,-
com.github.rutledgepaulv,q-builders,1.6,-,-,?,-,false,-
com.github.s3curitybug,similarity-uniform-fuzzy-hash,1.8.4,-,-,?,-,false,-
com.github.sergeygrigorev,gson-object-scala-syntax_2.11,0.4.0,-,-,?,-,false,-
com.github.sergeygrigorev,gson-object-scala-syntax_2.12,0.4.0,-,-,?,-,false,-
com.github.shaykhsalman,CommonServices,1.5.0,-,-,?,-,false,-
com.github.sikorka,tiny-log,2.1,-,-,?,-,false,-
com.github.SnipyJulmy,scalacolor_2.12,1.0,-,-,?,-,false,-
com.github.songdongsheng,identifier,2.3.0,-,-,?,-,false,-
com.github.souzen,light-jpf,0.0.6,light.jpf,-,explicit,commons.lang3 + java.base + slf4j.api,true,-
com.github.souzen,light-jpf-maven-plugin,0.0.6,-,-,?,-,false,-
com.github.stefaniniinspiring,pugtsdb,1.0,-,-,?,-,false,-
com.github.stefanofornari,webtoolkitlib,2.0.0,-,-,?,-,false,-
com.github.steven-lang,weka-kt,0.0.7,-,-,?,-,false,-
com.github.superad.pdf.kit,pdf-kit,1.1-RELEASE,-,-,?,-,false,-
com.github.systemdir.gml,GMLWriterForYed,2.1.0,-,-,?,-,false,-
com.github.tianzi94wob,frame-task,1.0.0.RELEASES,-,-,?,-,false,-
com.github.tkawachi,play-filter-only_2.11,0.2.0,-,-,?,-,false,-
com.github.tkawachi,play-filter-only_2.12,0.2.0,-,-,?,-,false,-
com.github.tkawachi,wcs_2.10,1.6.0,-,-,?,-,false,-
com.github.tkawachi,wcs_2.11,1.6.0,-,-,?,-,false,-
com.github.tkawachi,wcs_2.12,1.6.0,-,-,?,-,false,-
com.github.tonethink,ctsTools,2.1.0,-,-,?,-,false,-
com.github.tonethink,HttpContext-web,1.0.0,-,-,?,-,false,-
com.github.tornaia,java-offline-geoip,0.1.5,-,-,?,-,false,-
com.github.trifectalabs,polyline-scala_2.11,1.2.0,-,-,?,-,false,-
com.github.triplet.gradle,play-publisher,1.2.2,-,-,?,-,false,-
com.github.vatbub,awsEc2InstanceRebooter,1.0,-,-,?,-,false,-
com.github.vatbub,commandlineUserPromptProcessor,1.0,-,-,?,-,false,-
com.github.vatbub,common,0.1.4,-,-,?,-,false,-
com.github.vatbub,common.core,0.1.4,-,-,?,-,false,-
com.github.vatbub,common.internet,0.1.4,-,-,?,-,false,-
com.github.vatbub,common.updater,0.1.4,-,-,?,-,false,-
com.github.vatbub,common.view,0.1.4,-,-,?,-,false,-
com.github.vatbub,common.view.core,0.1.4,-,-,?,-,false,-
com.github.vatbub,common.view.motd,0.1.4,-,-,?,-,false,-
com.github.vatbub,common.view.motd.core,0.1.4,-,-,?,-,false,-
com.github.vatbub,common.view.reporting,0.1.4,-,-,?,-,false,-
com.github.vatbub,common.view.tagarea,0.1.4,-,-,?,-,false,-
com.github.vatbub,mslinks,1.0.4,-,-,?,-,false,-
com.github.vatbub,randomusers,1.3,-,-,?,-,false,-
com.github.vatbub,randomusers.offlinePictures,1.3,-,-,?,-,false,-
com.github.vatbub,safeAPIKeyStore.client,1.1,-,-,?,-,false,-
com.github.vatbub,safeAPIKeyStore.common,1.1,-,-,?,-,false,-
com.github.vatbub,safeAPIKeyStore.server,1.1,-,-,?,-,false,-
com.github.vatbub,virustotal-maven-plugin,1.1,-,-,?,-,false,-
com.github.vatbub,VirustotalPublicV2.0,1.1.rB,-,-,?,-,false,-
com.github.vector4wang,vw-crawler,0.0.6-SNAPSHOTS,-,-,?,-,false,-
com.github.vendigo,ace-mybatis,0.9.1,-,-,?,-,false,-
com.github.vendigo,ace-test,1.1.1,-,-,?,-,false,-
com.github.vitaliylevashin,plugin-helper,1.1,-,-,?,-,false,-
com.github.vsonnier,hppcrt,0.7.5,-,-,?,-,false,-
com.github.wellingr,akka-persistence-jdbc_2.11,3.0.0,-,-,?,-,false,-
com.github.wellingr,akka-persistence-jdbc_2.12,3.0.0,-,-,?,-,false,-
com.github.winx402,river,1.1.2,-,-,?,-,false,-
com.github.xiaodongliang,xiaodongtest,0.0.2,-,-,?,-,false,-
com.github.zengfr.project,com.github.zengfr.project.common,0.0.1,-,-,?,-,false,-
com.github.zengfr.project,com.github.zengfr.project.spider,0.0.1,-,-,?,-,false,-
com.lihaoyi,cask_2.12,0.1.6,-,-,?,-,false,-
com.lihaoyi,mill-contrib_2.12,0.2.6-26-146d58,-,-,?,-,false,-
com.lihaoyi,mill-contrib-buildinfo_2.12,0.2.6-26-146d58,-,-,?,-,false,-
com.lihaoyi,mill-contrib-scalapblib_2.12,0.2.6-26-146d58,-,-,?,-,false,-
com.lihaoyi,mill-contrib-testng,0.2.6-26-146d58,-,-,?,-,false,-
com.lihaoyi,mill-contrib-twirllib_2.12,0.2.6-26-146d58,-,-,?,-,false,-
com.lihaoyi,mill-dev_2.12,0.2.6-26-146d58,-,-,?,-,false,-
com.lihaoyi,mill-integration_2.12,2018-02-10T22-20-56-317Z-719ff8a6d79093d390b0d5ce7d01755e65fcd484,-,-,?,-,false,-
com.lihaoyi,mill-main_2.12,2018-02-10T22-20-56-317Z-719ff8a6d79093d390b0d5ce7d01755e65fcd484,-,-,?,-,false,-
com.lihaoyi,mill-main-client,0.2.6-26-146d58,-,-,?,-,false,-
com.lihaoyi,mill-main-core_2.12,0.2.6-26-146d58,-,-,?,-,false,-
com.lihaoyi,mill-main-graphviz_2.12,0.2.6-26-146d58,-,-,?,-,false,-
com.lihaoyi,mill-main-moduledefs_2.12,0.2.6-26-146d58,-,-,?,-,false,-
com.lihaoyi,mill-scalajslib_2.12,2018-02-10T22-20-56-317Z-719ff8a6d79093d390b0d5ce7d01755e65fcd484,-,-,?,-,false,-
com.lihaoyi,mill-scalajslib-worker-0.6_2.12,0.2.6-26-146d58,-,-,?,-,false,-
com.lihaoyi,mill-scalajslib-worker-1.0_2.12,0.2.6-26-146d58,-,-,?,-,false,-
com.lihaoyi,mill-scalalib_2.12,2018-02-10T22-20-56-317Z-719ff8a6d79093d390b0d5ce7d01755e65fcd484,-,-,?,-,false,-
com.lihaoyi,mill-scalalib-backgroundwrapper,0.2.6-26-146d58,-,-,?,-,false,-
com.lihaoyi,mill-scalalib-worker_2.12,0.2.6-26-146d58,-,-,?,-,false,-
com.lihaoyi,mill-scalanativelib_2.12,0.2.6-26-146d58,-,-,?,-,false,-
com.lihaoyi,mill-scalanativelib-worker-0.3_2.12,0.2.6-26-146d58,-,-,?,-,false,-
io.github.sa1nt,ibm-heapdump-spring-boot-actuator-starter,0.8,-,-,?,-,false,-
org.codelibs,elasticsearch-cluster-runner,6.4.0.0,-,-,?,-,false,-
org.corpus-tools,pepper-framework,3.2.2,-,-,?,-,false,-
org.corpus-tools,pepper-lib,3.2.2,-,-,?,-,false,-
org.corpus-tools,pepper-newModule,3.2.2,-,-,?,-,false,-
org.wso2.extension.siddhi.io.email,siddhi-io-email,1.0.19,-,-,?,-,false,-
org.wso2.extension.siddhi.io.http,org.wso2.extension.siddhi.io.http.coverge.test,1.0.34,-,-,?,-,false,-
org.wso2.extension.siddhi.io.http,siddhi-io-http,1.0.34,-,-,?,-,false,-
org.wso2.extension.siddhi.io.http,siddhi-io-http-osgi-tests,1.0.34,-,-,?,-,false,-
