groupId,artifactId,version,moduleName,moduleVersion,moduleMode,moduleDependencies,jdepsToolError,jdepsViolations
com.liferay,com.liferay.application.list.api,2.1.4,-,-,?,-,false,-
com.liferay,com.liferay.asset.display.web,1.0.2,-,-,?,-,false,-
com.liferay,com.liferay.asset.publisher.layout.prototype,1.0.4,-,-,?,-,false,-
com.liferay,com.liferay.asset.tags.admin.web,1.0.4,-,-,?,-,false,-
com.liferay,com.liferay.asset.tags.service,2.0.2,-,-,?,-,false,-
com.liferay,com.liferay.asset.web,2.0.2,-,-,?,-,false,-
com.liferay,com.liferay.blogs.service,1.0.9,-,-,?,-,false,-
com.liferay,com.liferay.calendar.web,1.0.13,-,-,?,-,false,-
com.liferay,com.liferay.chat.web,1.0.3,-,-,?,-,false,-
com.liferay,com.liferay.document.library.google.docs,2.0.9,-,-,?,-,false,-
com.liferay,com.liferay.document.library.layout.set.prototype,2.0.3,-,-,?,-,false,-
com.liferay,com.liferay.document.library.repository.search,2.0.2,-,-,?,-,false,-
com.liferay,com.liferay.dynamic.data.lists.web,1.1.14,-,-,?,-,false,-
com.liferay,com.liferay.dynamic.data.mapping.data.provider.web,1.0.7,-,-,?,-,false,-
com.liferay,com.liferay.dynamic.data.mapping.service,2.2.4,-,-,?,-,false,-
com.liferay,com.liferay.dynamic.data.mapping.type.checkbox,2.0.7,-,-,?,-,false,-
com.liferay,com.liferay.dynamic.data.mapping.type.editor,2.0.7,-,-,?,-,false,-
com.liferay,com.liferay.dynamic.data.mapping.type.radio,2.0.10,-,-,?,-,false,-
com.liferay,com.liferay.dynamic.data.mapping.type.validation,2.0.4,-,-,?,-,false,-
com.liferay,com.liferay.exportimport.resources.importer,1.2.6,-,-,?,-,false,-
com.liferay,com.liferay.exportimport.service,3.3.0,-,-,?,-,false,-
com.liferay,com.liferay.flags.service,2.0.7,-,-,?,-,false,-
com.liferay,com.liferay.fragment.api,1.0.3,-,-,?,-,false,-
com.liferay,com.liferay.frontend.editor.ckeditor.web,1.0.14,-,-,?,-,false,-
com.liferay,com.liferay.frontend.image.editor.capability.effects,1.0.5,-,-,?,-,false,-
com.liferay,com.liferay.frontend.image.editor.capability.resize,1.0.5,-,-,?,-,false,-
com.liferay,com.liferay.frontend.js.bundle.config.extender,1.0.4,-,-,?,-,false,-
com.liferay,com.liferay.frontend.js.loader.modules.extender,1.0.6,-,-,?,-,false,-
com.liferay,com.liferay.frontend.js.polyfill.babel.web,1.0.3,-,-,?,-,false,-
com.liferay,com.liferay.frontend.theme.styled,2.0.14,-,-,?,-,false,-
com.liferay,com.liferay.gradle.plugins.js.transpiler,2.2.1,-,-,?,-,false,-
com.liferay,com.liferay.gradle.plugins.lang.builder,1.0.5,-,-,?,-,false,-
com.liferay,com.liferay.gradle.plugins.maven.plugin.builder,1.0.12,-,-,?,-,false,-
com.liferay,com.liferay.gradle.plugins.patcher,1.0.12,-,-,?,-,false,-
com.liferay,com.liferay.gradle.plugins.tlddoc.builder,1.2.0,-,-,?,-,false,-
com.liferay,com.liferay.gradle.plugins.workspace,1.7.1,-,-,?,-,false,-
com.liferay,com.liferay.gradle.plugins.wsdd.builder,1.0.9,-,-,?,-,false,-
com.liferay,com.liferay.gradle.plugins.wsdl.builder,1.0.9,-,-,?,-,false,-
com.liferay,com.liferay.gradle.plugins.xml.formatter,1.0.6,-,-,?,-,false,-
com.liferay,com.liferay.hello.world.web,2.0.3,-,-,?,-,false,-
com.liferay,com.liferay.item.selector.api,2.1.0,-,-,?,-,false,-
com.liferay,com.liferay.journal.content.asset.addon.entry.ratings,2.0.2,-,-,?,-,false,-
com.liferay,com.liferay.journal.content.asset.addon.entry.related.assets,2.0.2,-,-,?,-,false,-
com.liferay,com.liferay.journal.content.search.web,1.0.5,-,-,?,-,false,-
com.liferay,com.liferay.journal.editor.configuration,1.0.2,-,-,?,-,false,-
com.liferay,com.liferay.knowledge.base.editor.configuration,1.0.1,-,-,?,-,false,-
com.liferay,com.liferay.layout.item.selector.web,1.1.1,-,-,?,-,false,-
com.liferay,com.liferay.layout.set.prototype.api,1.0.2,-,-,?,-,false,-
com.liferay,com.liferay.layout.set.prototype.impl,1.1.0,-,-,?,-,false,-
com.liferay,com.liferay.layout.type.controller.node,2.0.2,-,-,?,-,false,-
com.liferay,com.liferay.mail.reader.api,1.0.1,-,-,?,-,false,-
com.liferay,com.liferay.map.api,2.0.1,-,-,?,-,false,-
com.liferay,com.liferay.mentions.service,2.0.5,-,-,?,-,false,-
com.liferay,com.liferay.message.boards.api,3.1.0,-,-,?,-,false,-
com.liferay,com.liferay.message.boards.parser.bbcode,2.0.5,-,-,?,-,false,-
com.liferay,com.liferay.notifications.web,1.0.13,-,-,?,-,false,-
com.liferay,com.liferay.password.generator.web,1.0.5,-,-,?,-,false,-
com.liferay,com.liferay.password.policies.admin.web,1.0.12,-,-,?,-,false,-
com.liferay,com.liferay.petra.json.web.service.client,1.3.3,-,-,?,-,false,-
com.liferay,com.liferay.polls.web,2.0.8,-,-,?,-,false,-
com.liferay,com.liferay.portal.cache,2.2.0,-,-,?,-,false,-
com.liferay,com.liferay.portal.cache.ehcache.provider,2.0.2,-,-,?,-,false,sun.misc.Unsafe                          See http://openjdk.java.net/jeps/260
com.liferay,com.liferay.portal.cache.single,2.0.2,-,-,?,-,false,-
com.liferay,com.liferay.portal.instances.web,1.0.4,-,-,?,-,false,-
com.liferay,com.liferay.portal.output.stream.container,2.0.3,-,-,?,-,false,-
com.liferay,com.liferay.portal.remote.axis.extender,1.0.4,-,-,?,-,false,com.sun.net.ssl.KeyManager               Use javax.net.ssl @since 1.4 + com.sun.net.ssl.KeyManagerFactory        Use javax.net.ssl @since 1.4 + com.sun.net.ssl.SSLContext               Use javax.net.ssl @since 1.4 + com.sun.net.ssl.TrustManager             Use javax.net.ssl @since 1.4 + com.sun.net.ssl.TrustManagerFactory      Use javax.net.ssl @since 1.4 + com.sun.net.ssl.X509TrustManager         Use javax.net.ssl @since 1.4 + com.sun.net.ssl.internal.ssl.Provider    Use java.security.Security.getProvider(provider-name) @since 1.3 + sun.awt.image.codec.JPEGImageEncoderImpl Use javax.imageio @since 1.4 + sun.security.provider.Sun                Use java.security.Security.getProvider(provider-name) @since 1.3
com.liferay,com.liferay.portal.remote.json.web.service.extender,2.0.4,-,-,?,-,false,-
com.liferay,com.liferay.portal.scheduler.quartz,2.1.2,-,-,?,-,false,-
com.liferay,com.liferay.portal.search,3.4.5,-,-,?,-,false,-
com.liferay,com.liferay.portal.search.solr,2.0.7,-,-,?,-,false,-
com.liferay,com.liferay.portal.security.antisamy,2.0.4,-,-,?,-,false,-
com.liferay,com.liferay.portal.security.auto.login,2.0.3,-,-,?,-,false,-
com.liferay,com.liferay.portal.security.service.access.policy.service,2.0.11,-,-,?,-,false,-
com.liferay,com.liferay.portal.security.sso.google,2.0.2,-,-,?,-,false,-
com.liferay,com.liferay.portal.security.sso.ntlm,3.0.7,-,-,?,-,false,-
com.liferay,com.liferay.portal.settings.authentication.google.web,1.0.2,-,-,?,-,false,-
com.liferay,com.liferay.portal.settings.authentication.ntlm.web,1.0.3,-,-,?,-,false,-
com.liferay,com.liferay.portal.spring.extender,2.0.8,-,-,?,-,false,-
com.liferay,com.liferay.portal.store.safe.file.name.wrapper,1.0.1,-,-,?,-,false,-
com.liferay,com.liferay.portal.tools.wsdd.builder,1.0.6,-,-,?,-,false,-
com.liferay,com.liferay.portal.workflow.kaleo.definition.api,2.0.2,-,-,?,-,false,-
com.liferay,com.liferay.portal.workflow.kaleo.definition.impl,2.0.1,-,-,?,-,false,-
com.liferay,com.liferay.portal.workflow.kaleo.service,2.0.14,-,-,?,-,false,-
com.liferay,com.liferay.portlet.configuration.icon.refresh,2.0.2,-,-,?,-,false,-
com.liferay,com.liferay.portlet.configuration.sharing.web,2.0.3,-,-,?,-,false,-
com.liferay,com.liferay.portlet.configuration.toolbar.contributor.locator.api,2.0.2,-,-,?,-,false,-
com.liferay,com.liferay.portlet.configuration.web,1.0.11,-,-,?,-,false,-
com.liferay,com.liferay.portlet.display.template.web,2.0.5,-,-,?,-,false,-
com.liferay,com.liferay.product.navigation.control.panel,2.0.2,-,-,?,-,false,-
com.liferay,com.liferay.product.navigation.simulation.theme.contributor,2.0.2,-,-,?,-,false,-
com.liferay,com.liferay.product.navigation.site.administration,2.0.3,-,-,?,-,false,-
com.liferay,com.liferay.product.navigation.user,2.0.2,-,-,?,-,false,-
com.liferay,com.liferay.project.templates,2.1.0,-,-,?,-,false,-
com.liferay,com.liferay.project.templates.api,1.0.2,-,-,?,-,false,-
com.liferay,com.liferay.project.templates.content.targeting.rule,1.0.1,-,-,?,-,false,-
com.liferay,com.liferay.project.templates.control.menu.entry,1.0.1,-,-,?,-,false,-
com.liferay,com.liferay.project.templates.fragment,1.0.1,-,-,?,-,false,-
com.liferay,com.liferay.project.templates.mvc.portlet,1.0.1,-,-,?,-,false,-
com.liferay,com.liferay.project.templates.portlet,1.0.1,-,-,?,-,false,-
com.liferay,com.liferay.project.templates.portlet.toolbar.contributor,1.0.1,-,-,?,-,false,-
com.liferay,com.liferay.push.notifications.sender.android,1.0.3,-,-,?,-,false,-
com.liferay,com.liferay.push.notifications.web,1.0.4,-,-,?,-,false,-
com.liferay,com.liferay.roles.admin.api,2.0.1,-,-,?,-,false,-
com.liferay,com.liferay.roles.admin.impl,1.0.6,-,-,?,-,false,-
com.liferay,com.liferay.roles.selector.web,1.0.5,-,-,?,-,false,-
com.liferay,com.liferay.rss.util,1.0.4,-,-,?,-,false,-
com.liferay,com.liferay.rss.web,2.1.3,-,-,?,-,false,-
com.liferay,com.liferay.shopping.web,1.0.8,-,-,?,-,false,-
com.liferay,com.liferay.site.navigation.breadcrumb.web,2.0.5,-,-,?,-,false,-
com.liferay,com.liferay.site.navigation.taglib,2.0.4,-,-,?,-,false,-
com.liferay,com.liferay.social.office.upgrade.association,1.0.2,-,-,?,-,false,-
com.liferay,com.liferay.staging.bar.web,1.0.8,-,-,?,-,false,-
com.liferay,com.liferay.sync.service,1.3.3,-,-,?,-,false,-
com.liferay,com.liferay.tld.formatter,1.0.1,-,-,?,-,false,-
com.liferay,com.liferay.translator.web,1.0.4,-,-,?,-,false,-
com.liferay,com.liferay.user.groups.admin.api,2.0.1,-,-,?,-,false,-
com.liferay,com.liferay.user.groups.admin.impl,1.0.4,-,-,?,-,false,-
com.liferay,com.liferay.weather.web,1.0.2,-,-,?,-,false,-
com.liferay,com.liferay.web.form.web,1.0.5,-,-,?,-,false,-
com.liferay,com.liferay.wiki.api,2.2.2,-,-,?,-,false,-
com.liferay,com.liferay.wiki.layout.prototype,1.0.5,-,-,?,-,false,-
com.liferay,com.liferay.wsrp.api,1.0.4,-,-,?,-,false,-
com.liferay,com.liferay.xsl.content.web,2.0.3,-,-,?,-,false,-
com.liferay.commerce,com.liferay.commerce.order.web,1.0.1,-,-,?,-,false,-
com.liferay.commerce,com.liferay.commerce.price.list.web,1.0.1,-,-,?,-,false,-
com.liferay.commerce,com.liferay.commerce.product.catalog.rule.web,1.0.1,-,-,?,-,false,-
org.sonatype.ossindex.maven,ossindex-maven-common,3.0.1,-,-,?,-,false,-
org.sonatype.ossindex.maven,ossindex-maven-enforcer-rules,3.0.1,-,-,?,-,false,-
org.sonatype.ossindex.maven,ossindex-maven-plugin,3.0.1,-,-,?,-,false,-
org.sonatype.ossindex.maven,ossindex-maven-testsuite,3.0.1,-,-,?,-,false,-
org.sonatype.ossindex,ossindex-service-api,1.0.3,-,-,?,-,false,-
org.sonatype.ossindex,ossindex-service-client,1.0.3,-,-,?,-,false,-
