groupId,artifactId,version,moduleName,moduleVersion,moduleMode,moduleDependencies,jdepsToolError,jdepsViolations
com.alipay.rdf.file,rdf-file-oss,2.1.1,-,-,?,-,false,-
com.aliyun,aliyun-java-sdk-ecs,4.10.1,-,-,?,-,false,-
com.aliyun,aliyun-java-sdk-snsuapi,1.7.0,-,-,?,-,false,-
com.google.apis,google-api-services-clouderrorreporting,v1beta1-rev303-1.24.1,-,-,?,-,false,-
com.google.apis,google-api-services-serviceusage,v1-rev41-1.24.1,-,-,?,-,false,-
com.google.apis,google-api-services-toolresults,v1beta3-rev445-1.23.0,-,-,?,-,false,-
com.mercadopago,dx-java,1.0.20,-,-,?,-,false,-
io.chrisdavenport,log4cats-core_2.11,0.1.1,-,-,?,-,false,-
io.chrisdavenport,log4cats-core_2.12,0.1.1,-,-,?,-,false,-
io.chrisdavenport,log4cats-core_sjs0.6_2.11,0.1.1,-,-,?,-,false,-
io.chrisdavenport,log4cats-core_sjs0.6_2.12,0.1.1,-,-,?,-,false,-
io.chrisdavenport,log4cats-log4s_2.11,0.1.1,-,-,?,-,false,-
io.chrisdavenport,log4cats-log4s_2.12,0.1.1,-,-,?,-,false,-
io.chrisdavenport,log4cats-log4s_sjs0.6_2.11,0.1.1,-,-,?,-,false,-
io.chrisdavenport,log4cats-log4s_sjs0.6_2.12,0.1.1,-,-,?,-,false,-
io.chrisdavenport,log4cats-noop_2.11,0.1.1,-,-,?,-,false,-
io.chrisdavenport,log4cats-noop_2.12,0.1.1,-,-,?,-,false,-
io.chrisdavenport,log4cats-noop_sjs0.6_2.11,0.1.1,-,-,?,-,false,-
io.chrisdavenport,log4cats-noop_sjs0.6_2.12,0.1.1,-,-,?,-,false,-
io.chrisdavenport,log4cats-scribe_2.11,0.1.1,-,-,?,-,false,-
io.chrisdavenport,log4cats-scribe_2.12,0.1.1,-,-,?,-,false,-
io.chrisdavenport,log4cats-scribe_sjs0.6_2.11,0.1.1,-,-,?,-,false,-
io.chrisdavenport,log4cats-scribe_sjs0.6_2.12,0.1.1,-,-,?,-,false,-
io.chrisdavenport,log4cats-slf4j_2.11,0.1.1,-,-,?,-,false,-
io.chrisdavenport,log4cats-slf4j_2.12,0.1.1,-,-,?,-,false,-
io.chrisdavenport,log4cats-slf4j-internal_2.11,0.1.1,-,-,?,-,false,-
io.chrisdavenport,log4cats-slf4j-internal_2.12,0.1.1,-,-,?,-,false,-
io.chrisdavenport,log4cats-testing_2.11,0.1.1,-,-,?,-,false,-
io.chrisdavenport,log4cats-testing_2.12,0.1.1,-,-,?,-,false,-
io.chrisdavenport,log4cats-testing_sjs0.6_2.11,0.1.1,-,-,?,-,false,-
io.chrisdavenport,log4cats-testing_sjs0.6_2.12,0.1.1,-,-,?,-,false,-
io.chrisdavenport,log4scalaz-log4s_2.11,0.1.1,-,-,?,-,false,-
io.chrisdavenport,log4scalaz-log4s_2.12,0.1.1,-,-,?,-,false,-
io.github.xinyang-pan.crypto4j,crypto4j-binance,0.1.0,-,-,?,-,false,-
io.github.xinyang-pan.crypto4j,crypto4j-core,0.1.0,-,-,?,-,false,-
io.github.xinyang-pan.crypto4j,crypto4j-huobi,0.1.0,-,-,?,-,false,-
io.github.xinyang-pan.crypto4j,crypto4j-okex,0.1.0,-,-,?,-,false,-
org.fastquery,fastquery,1.0.53,-,-,?,-,false,-
org.realityforge.arez.browserlocation,arez-browserlocation,0.31,-,-,?,-,false,-
org.realityforge.arez.idlestatus,arez-idlestatus,0.32,-,-,?,-,false,-
top.jfunc.report,imexporter,1.3,-,-,?,-,false,-
