groupId,artifactId,version,moduleName,moduleVersion,moduleMode,moduleDependencies,jdepsToolError,jdepsViolations
com.chrisnewland,jitwatch,1.1.5,-,-,?,-,false,-
com.chrisnewland,jitwatch-ui,1.1.5,-,-,?,-,false,-
com.englishtown.vertx,vertx-cassandra,3.6.1,-,-,?,-,false,-
com.englishtown.vertx,vertx-cassandra-mapping,3.6.1,-,-,?,-,false,-
com.englishtown.vertx,vertx-curator,3.2.0,-,-,?,-,false,-
com.englishtown.vertx,vertx-hk2,2.5.0,-,-,?,-,false,-
com.englishtown.vertx,vertx-httpservlet,2.2.1,-,-,?,-,false,-
com.englishtown.vertx,vertx-jersey,4.7.0,-,-,?,-,false,-
com.englishtown.vertx,vertx-jersey-jackson,4.7.0,-,-,?,-,false,-
com.englishtown.vertx,vertx-jersey-metrics,4.7.0,-,-,?,-,false,-
com.englishtown.vertx,vertx-jersey-swagger,4.7.0,-,-,?,-,false,-
com.englishtown.vertx,vertx-mail-service,2.4.0,-,-,?,-,false,-
com.englishtown.vertx,vertx-when,4.3.1,-,-,?,-,false,-
com.github.bigwheel,util-backports_2.12,1.0,-,-,?,-,false,-
com.github.takezoe,runtime-scaladoc-reader_2.12,1.0.0,-,-,?,-,false,-
com.graphaware.integration.neo4j,neo4j-tests-integration,3.3.2.1,-,-,?,-,false,-
com.graphaware.neo4j,expire,3.4.6.52.4,-,-,?,-,false,-
com.graphaware.neo4j,runtime-api,3.4.6.52,-,-,?,-,false,-
com.graphaware.neo4j,server,3.4.6.52,-,-,?,-,false,-
com.graphaware.neo4j,tests,3.4.6.52,-,-,?,-,false,-
com.graphaware.neo4j,timetree,3.4.6.52.28,-,-,?,-,false,-
com.graphaware.neo4j,tx-api,3.4.6.52,-,-,?,-,false,-
com.graphaware.neo4j,uuid,3.4.6.52.17,-,-,?,-,false,-
com.graphaware.offheap,offheap,1.0.0,-,-,?,-,false,sun.misc.Unsafe                          See http://openjdk.java.net/jeps/260
com.groupbyinc,api-java-flux,2.5.135,-,-,?,-,false,-
com.groupbyinc,common-api,181,-,-,?,-,false,-
com.groupbyinc,common-blip-client,181,-,-,?,-,false,-
com.groupbyinc,common-direct-beacon-client,181,-,-,?,-,false,-
com.groupbyinc,common-feature-flag,181,-,-,?,-,false,-
com.groupbyinc,common-flux,181,-,-,?,-,false,sun.misc.Unsafe                          See http://openjdk.java.net/jeps/260 + sun.security.x509.X500Name               Use javax.security.auth.x500.X500Principal @since 1.4
com.groupbyinc,common-flux-nologgers,129,org.apache.logging.log4j,-,explicit,java.base,false,sun.misc.Unsafe                          See http://openjdk.java.net/jeps/260 + sun.security.x509.X500Name               Use javax.security.auth.x500.X500Principal @since 1.4
com.groupbyinc,common-flux-nologgers-stage,129,org.apache.logging.log4j,-,explicit,java.base,false,sun.misc.Unsafe                          See http://openjdk.java.net/jeps/260 + sun.security.x509.X500Name               Use javax.security.auth.x500.X500Principal @since 1.4
com.groupbyinc,common-flux-stage,129,org.apache.logging.log4j,-,explicit,java.base,false,sun.misc.Unsafe                          See http://openjdk.java.net/jeps/260 + sun.security.x509.X500Name               Use javax.security.auth.x500.X500Principal @since 1.4
com.groupbyinc,common-flux-stage-internal,181,-,-,?,-,false,-
com.groupbyinc,common-flux-stage-shaded,181,-,-,?,-,false,sun.misc.Unsafe                          See http://openjdk.java.net/jeps/260 + sun.security.x509.X500Name               Use javax.security.auth.x500.X500Principal @since 1.4
com.groupbyinc,common-http,181,-,-,?,-,false,-
com.groupbyinc,common-jackson-internal,181,-,-,?,-,false,-
com.groupbyinc,common-joda,181,-,-,?,-,false,-
com.groupbyinc,common-manager,181,-,-,?,-,false,-
com.groupbyinc,common-net,181,-,-,?,-,false,-
com.groupbyinc,common-security,181,-,-,?,-,false,-
com.groupbyinc,common-spring-boot,92,-,-,?,-,false,-
com.groupbyinc,common-test,181,-,-,?,-,false,-
com.groupbyinc,common-test-internal,181,-,-,?,-,false,-
com.groupbyinc,common-util,181,-,-,?,-,false,-
com.groupbyinc,common-util-internal,181,-,-,?,-,false,-
com.groupbyinc,common-web,181,-,-,?,-,false,-
com.groupbyinc,experiment-bucket-utility,129,-,-,?,-,false,-
com.groupbyinc,internal-api-java,1.7,-,-,?,-,false,-
com.groupbyinc,internal-recommendations-api-java,1.0.1,-,-,?,-,false,-
com.kerb4j,kerb4j-client,0.0.8,-,-,?,-,false,-
com.kerb4j,kerb4j-common,0.0.8,-,-,?,-,false,-
com.kerb4j,kerb4j-server-common,0.0.8,-,-,?,-,false,-
com.kerb4j,kerb4j-server-spring-security,0.0.8,-,-,?,-,false,-
com.kerb4j,kerb4j-server-tomcat,0.0.8,-,-,?,-,false,-
com.kuaihuoyun.ctms,ctms-sdk,1.0.1,-,-,?,-,false,-
com.kuaihuoyun.server,ctms-sdk,1.0,-,-,?,-,false,-
com.netflix.conductor,conductor-client,1.11.4,-,-,?,-,false,-
com.netflix.conductor,conductor-common,1.11.4,-,-,?,-,false,-
com.netflix.conductor,conductor-contribs,1.11.4,-,-,?,-,false,-
com.netflix.conductor,conductor-core,1.11.4,-,-,?,-,false,-
com.netflix.conductor,conductor-es2-persistence,1.11.4,-,-,?,-,false,sun.misc.Unsafe                          See http://openjdk.java.net/jeps/260 + sun.security.x509.X500Name               Use javax.security.auth.x500.X500Principal @since 1.4
com.netflix.conductor,conductor-es5-persistence,1.11.4,-,-,?,-,false,-
com.netflix.conductor,conductor-jersey,1.11.4,-,-,?,-,false,-
com.netflix.conductor,conductor-mysql-persistence,1.11.4,-,-,?,-,false,-
com.netflix.conductor,conductor-redis-persistence,1.11.4,-,-,?,-,false,-
com.netflix.conductor,conductor-test-harness,1.11.4,-,-,?,-,false,-
com.netflix.conductor,conductor-ui,1.11.4,-,-,?,-,false,-
com.zaxxer,HikariCP,3.2.0,com.zaxxer.hikari,-,automatic,-,false,-
com.zaxxer,HikariCP-java7,2.4.13,-,-,?,-,false,-
com.zaxxer,HikariCP-java9ea,2.6.1,-,-,?,-,false,-
com.zaxxer,influx4j,1.12,-,-,?,-,false,sun.misc.Contended                       Removed. See http://openjdk.java.net/jeps/260 + sun.misc.Unsafe                          See http://openjdk.java.net/jeps/260
com.zaxxer,nuprocess,1.2.4,-,-,?,-,false,-
com.zaxxer,sansorm,3.7,-,-,?,-,false,-
com.zaxxer,SparseBitSet,1.2,-,-,?,-,false,-
org.wvlet.airframe,airframe_2.11,0.56,-,-,?,-,false,-
org.wvlet.airframe,airframe_2.12,0.56,-,-,?,-,false,-
org.wvlet.airframe,airframe_2.13.0-M4,0.56,-,-,?,-,false,-
org.wvlet.airframe,airframe-bootstrap_2.11,0.56,-,-,?,-,false,-
org.wvlet.airframe,airframe-bootstrap_2.12,0.56,-,-,?,-,false,-
org.wvlet.airframe,airframe-bootstrap_2.13.0-M4,0.56,-,-,?,-,false,-
org.wvlet.airframe,airframe-codec_2.11,0.56,-,-,?,-,false,-
org.wvlet.airframe,airframe-codec_2.12,0.56,-,-,?,-,false,-
org.wvlet.airframe,airframe-codec_2.13.0-M4,0.56,-,-,?,-,false,-
org.wvlet.airframe,airframe-config_2.11,0.56,-,-,?,-,false,-
org.wvlet.airframe,airframe-config_2.12,0.56,-,-,?,-,false,-
org.wvlet.airframe,airframe-config_2.13.0-M4,0.56,-,-,?,-,false,-
org.wvlet.airframe,airframe-control_2.11,0.56,-,-,?,-,false,-
org.wvlet.airframe,airframe-control_2.12,0.56,-,-,?,-,false,-
org.wvlet.airframe,airframe-control_2.13.0-M4,0.56,-,-,?,-,false,-
org.wvlet.airframe,airframe-control_sjs0.6_2.12,0.56,-,-,?,-,false,-
org.wvlet.airframe,airframe-http_2.11,0.56,-,-,?,-,false,-
org.wvlet.airframe,airframe-http_2.12,0.56,-,-,?,-,false,-
org.wvlet.airframe,airframe-http_2.13.0-M4,0.56,-,-,?,-,false,-
org.wvlet.airframe,airframe-http-finagle_2.11,0.56,-,-,?,-,false,-
org.wvlet.airframe,airframe-http-finagle_2.12,0.56,-,-,?,-,false,-
org.wvlet.airframe,airframe-jdbc_2.11,0.56,-,-,?,-,false,-
org.wvlet.airframe,airframe-jdbc_2.12,0.56,-,-,?,-,false,-
org.wvlet.airframe,airframe-jdbc_2.13.0-M4,0.56,-,-,?,-,false,-
org.wvlet.airframe,airframe-jmx_2.11,0.56,-,-,?,-,false,-
org.wvlet.airframe,airframe-jmx_2.12,0.56,-,-,?,-,false,-
org.wvlet.airframe,airframe-jmx_2.13.0-M4,0.56,-,-,?,-,false,-
org.wvlet.airframe,airframe-json_2.11,0.56,-,-,?,-,false,-
org.wvlet.airframe,airframe-json_2.12,0.56,-,-,?,-,false,-
org.wvlet.airframe,airframe-json_2.13.0-M4,0.56,-,-,?,-,false,-
org.wvlet.airframe,airframe-json_sjs0.6_2.12,0.56,-,-,?,-,false,-
org.wvlet.airframe,airframe-log_2.11,0.56,-,-,?,-,false,-
org.wvlet.airframe,airframe-log_2.12,0.56,-,-,?,-,false,-
org.wvlet.airframe,airframe-log_2.13.0-M4,0.56,-,-,?,-,false,-
org.wvlet.airframe,airframe-log_sjs0.6_2.12,0.56,-,-,?,-,false,-
org.wvlet.airframe,airframe-metrics_2.11,0.56,-,-,?,-,false,-
org.wvlet.airframe,airframe-metrics_2.12,0.56,-,-,?,-,false,-
org.wvlet.airframe,airframe-metrics_2.13.0-M4,0.56,-,-,?,-,false,-
org.wvlet.airframe,airframe-metrics_sjs0.6_2.12,0.56,-,-,?,-,false,-
org.wvlet.airframe,airframe-msgpack_2.11,0.56,-,-,?,-,false,-
org.wvlet.airframe,airframe-msgpack_2.12,0.56,-,-,?,-,false,-
org.wvlet.airframe,airframe-msgpack_2.13.0-M4,0.56,-,-,?,-,false,-
org.wvlet.airframe,airframe-msgpack_sjs0.6_2.12,0.56,-,-,?,-,false,-
org.wvlet.airframe,airframe-opts_2.11,0.56,-,-,?,-,false,-
org.wvlet.airframe,airframe-opts_2.12,0.56,-,-,?,-,false,-
org.wvlet.airframe,airframe-opts_2.13.0-M4,0.56,-,-,?,-,false,-
org.wvlet.airframe,airframe-scaladoc_2.11,0.56,-,-,?,-,false,-
org.wvlet.airframe,airframe-scaladoc_2.12,0.56,-,-,?,-,false,-
org.wvlet.airframe,airframe-scaladoc_2.13.0-M4,0.56,-,-,?,-,false,-
org.wvlet.airframe,airframe_sjs0.6_2.12,0.56,-,-,?,-,false,-
org.wvlet.airframe,airframe-spec_2.11,0.56,-,-,?,-,false,-
org.wvlet.airframe,airframe-spec_2.12,0.56,-,-,?,-,false,-
org.wvlet.airframe,airframe-spec_2.13.0-M4,0.56,-,-,?,-,false,-
org.wvlet.airframe,airframe-spec_sjs0.6_2.12,0.56,-,-,?,-,false,-
org.wvlet.airframe,airframe-stream_2.11,0.56,-,-,?,-,false,-
org.wvlet.airframe,airframe-stream_2.12,0.56,-,-,?,-,false,-
org.wvlet.airframe,airframe-stream_2.13.0-M4,0.56,-,-,?,-,false,-
org.wvlet.airframe,airframe-surface_2.11,0.56,-,-,?,-,false,-
org.wvlet.airframe,airframe-surface_2.12,0.56,-,-,?,-,false,-
org.wvlet.airframe,airframe-surface_2.13.0-M4,0.56,-,-,?,-,false,-
org.wvlet.airframe,airframe-surface_sjs0.6_2.12,0.56,-,-,?,-,false,-
org.wvlet.airframe,airframe-tablet_2.11,0.56,-,-,?,-,false,-
org.wvlet.airframe,airframe-tablet_2.12,0.56,-,-,?,-,false,-
org.wvlet.airframe,airframe-tablet_2.13.0-M4,0.56,-,-,?,-,false,-
