groupId,artifactId,version,moduleName,moduleVersion,moduleMode,moduleDependencies,jdepsToolError,jdepsViolations
cn.jiangzeyin,dbutil,1.2.9,-,-,?,-,false,-
com.github.3cpj,cpj-swagger,1.2.2,-,-,?,-,false,-
com.github.abhishek8908,selenium-drivers-download-plugin,1.2,-,-,?,-,false,-
com.github.agadar,javacommander,3.0.0,-,-,?,-,false,-
com.github.agadar.javacommander,javacommander,2.0.0,-,-,?,-,false,-
com.github.agadar,nationstates-api-java-wrapper,3.0.0,-,-,?,-,false,-
com.github.ajurasz,embedded-es-annotation,0.1,-,-,?,-,false,-
com.github.alanverbner,bip39_2.12,1.0,-,-,?,-,false,-
com.github.alessio-santacroce,multiline-string-literals,1.1.0,-,-,?,-,false,-
com.github.alexanderwe,bananaj,1.2.5-alpha,-,-,?,-,false,-
com.github.alexcojocaru,elasticsearch-maven-plugin,6.7,-,-,?,-,false,-
com.github.alexsandrospecht,Cnpj4J,0.9.3,-,-,?,-,false,-
com.github.alexvictoor,marbletest4j,1.3,-,-,?,-,false,-
com.github.amr,mimetypes,0.0.3,-,-,?,-,false,-
com.github.andr83,scalaconfig_2.10,0.4,-,-,?,-,false,-
com.github.andr83,scalaconfig_2.11,0.4,-,-,?,-,false,-
com.github.andr83,scalaconfig_2.12,0.4,-,-,?,-,false,-
com.github.aoiroaoino,totuple_2.11,0.1.2,-,-,?,-,false,-
com.github.aoiroaoino,totuple_2.12,0.1.2,-,-,?,-,false,-
com.github.a-pz,struts2-thymeleaf3-plugin,1.1.2-RELEASE,-,-,?,-,false,-
com.github.aravinu19,Enquode-log-window,1.0.0,-,-,?,-,false,-
com.github.asaokawasaki,jcifsomitservlet,0.0.1,-,-,?,-,false,-
com.github.autofixture,autofixturegenerator,2.1.10,-,-,?,-,false,sun.misc.Unsafe                          See http://openjdk.java.net/jeps/260
com.github.avarabyeu.jashing.extensions,jashing-cvs,0.0.16,-,-,?,-,false,-
com.github.avarabyeu.jashing.extensions,jashing-git,0.0.16,-,-,?,-,false,-
com.github.avarabyeu.jashing.extensions,jashing-social,0.0.16,-,-,?,-,false,-
com.github.avarabyeu.jashing.extensions,jashing-svn,0.0.16,-,-,?,-,false,-
com.github.avarabyeu.jashing,jashing,0.0.16,-,-,?,-,false,-
com.github.avarabyeu,restendpoint-jdk6,0.2.3,-,-,?,-,false,-
com.github.avarabyeu,restendpoint-jdk6-repacked,0.2.1,-,-,?,-,false,sun.misc.Unsafe                          See http://openjdk.java.net/jeps/260
com.github.bdwashbu,c_engine_2.11,0.0.1,-,-,?,-,false,-
com.github.bdwashbu,cengine_2.11,0.0.5,-,-,?,-,false,sun.misc.Unsafe                          See http://openjdk.java.net/jeps/260
com.github.bluejoe2008,solr-sql,0.9.1,-,-,?,-,false,-
com.github.bluejoe2008,spark-http-stream,0.9.1,-,-,?,-,false,-
com.github.bluejoe2008,spring-beans-writer,0.9,-,-,?,-,false,-
com.github.bob007abc,fun,1.0.0,-,-,?,-,false,-
com.github.bpark.cdi,cdi-bean-utils,1.0.3,-,-,?,-,false,-
com.github.bpark.cdi,cdi-locking-api,1.0.0,-,-,?,-,false,-
com.github.brainlag,nsq-client,1.0.0.RC4,-,-,?,-,false,-
com.github.bwfdm,dspace-connector,0.1.0,-,-,?,-,false,-
com.github.carl-xiao,redis-tool,1.0,-,-,?,-,false,-
com.github.catalystcode,speechtotext-websockets-java,0.0.7,-,-,?,-,false,-
com.github.catalystcode,streaming-bing_2.11,0.0.1,-,-,?,-,false,-
com.github.catalystcode,streaming-facebook_2.11,0.0.3,-,-,?,-,false,-
com.github.catalystcode,streaming-instagram_2.11,0.0.7,-,-,?,-,false,-
com.github.catalystcode,streaming-reddit_2.11,0.0.2,-,-,?,-,false,-
com.github.catalystcode,streaming-rss-html_2.11,1.0.3,-,-,?,-,false,-
com.github.cflint,CFLint,1.4.0,-,-,?,-,false,-
com.github.chaoohua,erp,1.0.0,-,-,?,-,false,-
com.github.christophersmith,summer-mqtt-core,1.0.0,-,-,?,-,false,-
com.github.christophersmith,summer-mqtt-paho,1.0.0,-,-,?,-,false,-
com.github.cloudfoundry-community,nats-client,0.6.7,-,-,?,-,false,-
com.github.cloudfoundry-community,nats-client-spring,0.6.7,-,-,?,-,false,-
com.github.cloudfoundry-community,snotel,0.5,-,-,?,-,false,-
com.github.cloudfoundry-community,snotel-spring-boot-config,0.5,-,-,?,-,false,-
com.github.cloudfoundry-community,snotel-spring-boot-starter,0.5,-,-,?,-,false,-
com.github.cmhdave,gradle-gatling-plugin,1.3,-,-,?,-,false,-
com.github.congyh,wechat-platform-core,0.3,-,-,?,-,false,-
com.github.crab2died,Excel4J,2.1.4-Final2,-,-,?,-,false,-
com.github.crab2died,log4j-redis-appender,1.0.0,-,-,?,-,false,-
com.github.curtcox,Mite,0.1,-,-,?,-,false,-
com.github.danielgindi,helpers,1.3.9,-,-,?,-,false,-
com.github.decioamador,jdocuments-generator,2.1.1,-,-,?,-,false,-
com.github.devilyaos,AutoGenerate,0.3,-,-,?,-,false,-
com.github.dingey,agile-core,1.0,-,-,?,-,false,-
com.github.dingey,api-doc,1.0.0,-,-,?,-,false,-
com.github.dingey,jdbc-mapper,2.0,-,-,?,-,false,-
com.github.dingey,kit,1.5,-,-,?,-,false,-
com.github.dingey,toolkit,1.2,-,-,?,-,false,-
com.github.dmkwon,blue-hive-spring-starter,1.0.2,-,-,?,-,false,-
com.github.dreamroute,excel-helper,1.8-RELEASE,-,-,?,-,false,-
com.github.dreamroute,grator,1.0-RELEASE,-,-,?,-,false,-
com.github.dreamroute,locker,1.1-RELEASE,-,-,?,-,false,-
com.github.dreamroute,sqlprinter,1.0-RELEASE,-,-,?,-,false,-
com.github.duhemm,bloopstrap_2.12,7073539d,-,-,?,-,false,-
com.github.earchitecture.reuse.datatable,reuse-datatable-thymeleaf,0.1.2.0,-,-,?,-,false,-
com.github.earchitecture.reuse,reuse-core,0.1.2.0,-,-,?,-,false,-
com.github.earchitecture.reuse,reuse-model,0.1.2.0,-,-,?,-,false,-
com.github.earchitecture.reuse,reuse-service,0.1.2.0,-,-,?,-,false,-
com.github.earchitecture.reuse,reuse-view,0.1.2.0,-,-,?,-,false,-
com.github.enerccio,gson-utilities,1.1.0,-,-,?,-,false,-
com.github.falydoor,limesurvey-rc,0.6,-,-,?,-,false,-
com.github.faster-framework,faster-framework-admin,1.0.5.RELEASE,-,-,?,-,false,-
com.github.faster-framework,faster-framework-admin-spring-boot-autoconfigure,1.0.5.RELEASE,-,-,?,-,false,-
com.github.faster-framework,faster-framework-admin-spring-boot-starter,1.0.5.RELEASE,-,-,?,-,false,-
com.github.faster-framework,faster-framework-core,1.0.5.RELEASE,-,-,?,-,false,-
com.github.faster-framework,faster-framework-core-spring-boot-autoconfigure,1.0.5.RELEASE,-,-,?,-,false,-
com.github.faster-framework,faster-framework-core-spring-boot-starter,1.0.5.RELEASE,-,-,?,-,false,-
com.github.fedeoasi,news-api-client_2.12,0.4,-,-,?,-,false,-
com.github.fedorov-s-n.graphs,graphs,1.0.1,-,-,?,-,false,-
com.github.ferstl,depgraph-maven-plugin,3.2.1,-,-,?,-,false,-
com.github.ferstl,pedantic-pom-enforcers,1.3.1,-,-,?,-,false,-
com.github.ferstl,spring-jdbc-oracle,2.0.0,-,-,?,-,false,-
com.github.ferstl,spring-jdbc-oracle-integrationtests,2.0.0,-,-,?,-,false,-
com.github.ferstl,spring-jdbc-oracle-ojdbc,2.0.0,-,-,?,-,false,-
com.github.fraunhoferfokus.xtensions,de.fhg.fokus.xtensions,1.1.0,de.fhg.fokus.xtensions,-,automatic,-,false,-
com.github.furkandogan,web-automation-template,1.0,-,-,?,-,false,-
com.github.gongfuboy,gongfuboy-uitls,0.0.4,-,-,?,-,false,-
com.github.gzm55.maven,parent-repositories-extension,0.0.5,-,-,?,-,false,-
com.github.gzm55.maven,project-settings-extension,0.1.1,-,-,?,-,false,-
com.github.haiger,crab-java,1.0.0,-,-,?,-,false,-
com.github.haiger.starter,crab-spring-boot-starter,1.0.2,-,-,?,-,false,-
com.github.harti2006,neo4j-server-maven-plugin,1.0.1,-,-,?,-,false,-
com.github.houbb,api,0.0.4,-,-,?,-,false,-
com.github.houbb,cat-limiter,1.0.0,-,-,?,-,false,com.sun.tools.javac.code.Flags           Use javax.tools and javax.lang.model @since 1.6 + com.sun.tools.javac.code.Symbol          Use javax.tools and javax.lang.model @since 1.6 + com.sun.tools.javac.code.Symbol$ClassSymbol Use javax.tools and javax.lang.model @since 1.6 + com.sun.tools.javac.processing.JavacProcessingEnvironment Use javax.tools and javax.lang.model @since 1.6 + com.sun.tools.javac.tree.JCTree          Use com.sun.source @since 1.6 + com.sun.tools.javac.tree.JCTree$JCBlock  Use com.sun.source @since 1.6 + com.sun.tools.javac.tree.JCTree$JCClassDecl Use com.sun.source @since 1.6 + com.sun.tools.javac.tree.JCTree$JCCompilationUnit Use com.sun.source @since 1.6 + com.sun.tools.javac.tree.JCTree$JCExpression Use com.sun.source @since 1.6 + com.sun.tools.javac.tree.JCTree$JCExpressionStatement Use com.sun.source @since 1.6 + com.sun.tools.javac.tree.JCTree$JCFieldAccess Use com.sun.source @since 1.6 + com.sun.tools.javac.tree.JCTree$JCIdent  Use com.sun.source @since 1.6 + com.sun.tools.javac.tree.JCTree$JCImport Use com.sun.source @since 1.6 + com.sun.tools.javac.tree.JCTree$JCLiteral Use com.sun.source @since 1.6 + com.sun.tools.javac.tree.JCTree$JCMethodDecl Use com.sun.source @since 1.6 + com.sun.tools.javac.tree.JCTree$JCMethodInvocation Use com.sun.source @since 1.6 + com.sun.tools.javac.tree.JCTree$JCModifiers Use com.sun.source @since 1.6 + com.sun.tools.javac.tree.JCTree$JCNewClass Use com.sun.source @since 1.6 + com.sun.tools.javac.tree.JCTree$JCStatement Use com.sun.source @since 1.6 + com.sun.tools.javac.tree.JCTree$JCVariableDecl Use com.sun.source @since 1.6 + com.sun.tools.javac.tree.JCTree$Visitor  Use com.sun.source @since 1.6 + com.sun.tools.javac.tree.TreeMaker       Use com.sun.source @since 1.6 + com.sun.tools.javac.tree.TreeTranslator  Use com.sun.source @since 1.6 + com.sun.tools.javac.util.Context         Use javax.tools and javax.lang.model @since 1.6 + com.sun.tools.javac.util.List            Use javax.tools and javax.lang.model @since 1.6 + com.sun.tools.javac.util.ListBuffer      Use javax.tools and javax.lang.model @since 1.6 + com.sun.tools.javac.util.Name            Use javax.tools and javax.lang.model @since 1.6 + com.sun.tools.javac.util.Name$Table      Use javax.tools and javax.lang.model @since 1.6 + com.sun.tools.javac.util.Names           Use javax.tools and javax.lang.model @since 1.6
com.github.houbb,crawl,1.0.0,-,-,?,-,false,sun.misc.BASE64Decoder                   Use java.util.Base64 @since 1.8 + sun.misc.BASE64Encoder                   Use java.util.Base64 @since 1.8
com.github.houbb,doc-api,1.0.1,-,-,?,-,false,-
com.github.houbb,gen-maven-plugin,1.0.4,-,-,?,-,false,-
com.github.houbb,junitperf,2.0.1,-,-,?,-,false,-
com.github.houbb,log-integration,1.1.3,-,-,?,-,false,-
com.github.houbb,markdown-toc,1.0.4,-,-,?,-,false,-
com.github.houbb,mvc-annotation,0.0.1,-,-,?,-,false,-
com.github.houbb,mvc-core,0.0.1,-,-,?,-,false,-
com.github.houbb,opencc4j,1.0.2,-,-,?,-,false,-
com.github.houbb,paradise-common,1.1.6,-,-,?,-,false,-
com.github.houbb,paradise-core,1.1.3,-,-,?,-,false,com.sun.tools.javac.code.Flags           Use javax.tools and javax.lang.model @since 1.6 + com.sun.tools.javac.processing.JavacProcessingEnvironment Use javax.tools and javax.lang.model @since 1.6 + com.sun.tools.javac.tree.JCTree          Use com.sun.source @since 1.6 + com.sun.tools.javac.tree.JCTree$JCBlock  Use com.sun.source @since 1.6 + com.sun.tools.javac.tree.JCTree$JCClassDecl Use com.sun.source @since 1.6 + com.sun.tools.javac.tree.JCTree$JCExpression Use com.sun.source @since 1.6 + com.sun.tools.javac.tree.JCTree$JCMethodDecl Use com.sun.source @since 1.6 + com.sun.tools.javac.tree.JCTree$JCModifiers Use com.sun.source @since 1.6 + com.sun.tools.javac.tree.JCTree$JCVariableDecl Use com.sun.source @since 1.6 + com.sun.tools.javac.tree.JCTree$Visitor  Use com.sun.source @since 1.6 + com.sun.tools.javac.tree.TreeMaker       Use com.sun.source @since 1.6 + com.sun.tools.javac.tree.TreeTranslator  Use com.sun.source @since 1.6 + com.sun.tools.javac.util.Context         Use javax.tools and javax.lang.model @since 1.6 + com.sun.tools.javac.util.List            Use javax.tools and javax.lang.model @since 1.6 + com.sun.tools.javac.util.ListBuffer      Use javax.tools and javax.lang.model @since 1.6 + com.sun.tools.javac.util.Name            Use javax.tools and javax.lang.model @since 1.6 + com.sun.tools.javac.util.Name$Table      Use javax.tools and javax.lang.model @since 1.6 + com.sun.tools.javac.util.Names           Use javax.tools and javax.lang.model @since 1.6
com.github.houbb,paradise-enhance,1.1.6,-,-,?,-,false,-
com.github.houbb,paradise-response-code,1.1.0,-,-,?,-,false,-
com.github.houbb,paradise-spring,1.1.6,-,-,?,-,false,-
com.github.houbb,paradise-test,1.1.5,-,-,?,-,false,-
com.github.houbb,word-checker,0.0.1,-,-,?,-,false,-
com.github.huntersherms,Pojo2Parquet,0.0.5,-,-,?,-,false,-
com.github.indrabasak,patra-web,1.0.0,-,-,?,-,false,-
com.github.jarod,qqwry-java,0.7.1,-,-,?,-,false,-
com.github.javaclub,cdl-client,2.3.9,-,-,?,-,false,-
com.github.javaclub,configcenter-client,2.1.3,-,-,?,-,false,-
com.github.javaclub,jobcenter-monitor,1.1.2,-,-,?,-,false,-
com.github.javaclub,jorm,1.1.0,-,-,?,-,false,-
com.github.javaclub,monitor,1.2.3,-,-,?,-,false,-
com.github.javaclub,mq,2.1.10,-,-,?,-,false,-
com.github.javaclub,mq-common,2.1.10,-,-,?,-,false,-
com.github.javaclub,sword,1.1.9,-,-,?,-,false,-
com.github.javaclub,toolbox,2.0.1,-,-,?,-,false,-
com.github.jbricks.soap2jms,s2j_client,0.1.0,-,-,?,-,false,-
com.github.jbricks.soap2jms,s2j_common,0.1.0,-,-,?,-,false,-
com.github.jcategory,jcategory,0.0.1,-,-,?,-,false,-
com.github.jherculesqz,core-fw,1.0,-,-,?,-,false,-
com.github.jmchilton.blend4j,blend4j,0.2.0,-,-,?,-,false,-
com.github.jmchilton.galaxybootstrap,galaxybootstrap,0.7.0,-,-,?,-,false,-
com.github.joschi.nosqlunit,nosqlunit-elasticsearch-http,1.0.0-4+jackson,-,-,?,-,false,-
com.github.julianthome,autorex,1.0,-,-,?,-,false,-
com.github.julianthome,inmemantlr-api,1.6,-,-,?,-,false,-
com.github.julianthome,inmemantlr-tool,1.5,-,-,?,-,false,-
com.github.kardapoltsev,ast-parser_2.10,5.0.4,-,-,?,-,false,-
com.github.kardapoltsev,ast-parser_2.11,5.0.4,-,-,?,-,false,-
com.github.kardapoltsev,ast-parser_2.12,5.0.4,-,-,?,-,false,-
com.github.kardapoltsev,json4s-java-time_2.10,1.0.4,-,-,?,-,false,-
com.github.kardapoltsev,json4s-java-time_2.11,1.0.4,-,-,?,-,false,-
com.github.kardapoltsev,json4s-java-time_2.12,1.0.4,-,-,?,-,false,-
com.github.keyhan,jbsbe,0.0.5,-,-,?,-,false,-
com.github.kislayverma.rulette,rulette-core,1.3.0,-,-,?,-,false,-
com.github.kislayverma.rulette,rulette-engine,1.3.0,-,-,?,-,false,-
com.github.kislayverma.rulette,rulette-examples,1.3.0,-,-,?,-,false,-
com.github.kislayverma.rulette,rulette-mysql-provider,1.3.0,-,-,?,-,false,-
com.github.kod4n,rancher-client,1.0.1,-,-,?,-,false,-
com.github.kondaurovdev,akka_http_2.11,0.1.1,-,-,?,-,false,-
com.github.kondaurovdev,apache_common_2.11,0.1.1,-,-,?,-,false,-
com.github.kondaurovdev,apache_poi_2.11,0.1.1,-,-,?,-,false,-
com.github.kondaurovdev,casbah_2.11,0.1.1,-,-,?,-,false,-
com.github.kondaurovdev,core_2.11,0.1.1,-,-,?,-,false,-
com.github.kondaurovdev,http_client_2.11,0.1.1,-,-,?,-,false,-
com.github.kondaurovdev,joda_2.11,0.1.1,-,-,?,-,false,-
com.github.kondaurovdev,json_extra_2.11,0.1.1,-,-,?,-,false,-
com.github.kondaurovdev,json_generic_2.11,1.0.0,-,-,?,-,false,-
com.github.kondaurovdev,json_generic_2.12,1.1.0,-,-,?,-,false,-
com.github.kondaurovdev,json_schema_2.11,0.1.1,-,-,?,-,false,-
com.github.kondaurovdev,json_schema_2.12,1.0.0,-,-,?,-,false,-
com.github.kondaurovdev,logging_2.11,0.1.1,-,-,?,-,false,-
com.github.kondaurovdev,play_json_2.11,0.1.1,-,-,?,-,false,-
com.github.kondaurovdev,play_json_2.12,1.1.0,-,-,?,-,false,-
com.github.kondaurovdev,snippets_2.11,0.1.1,-,-,?,-,false,-
com.github.kondaurovdev,snippets_2.12,1.0.0,-,-,?,-,false,-
com.github.kondaurovdev,typeconfig_2.11,1.0.0,-,-,?,-,false,-
com.github.kondaurovdev,typeconfig_2.12,1.0.1,-,-,?,-,false,-
com.github.kondaurovdev,xml_2.11,0.1.1,-,-,?,-,false,-
com.github.krzemin,octopus_2.11,0.3.3,-,-,?,-,false,-
com.github.krzemin,octopus_2.12,0.3.3,-,-,?,-,false,-
com.github.krzemin,octopus-cats_2.11,0.3.3,-,-,?,-,false,-
com.github.krzemin,octopus-cats_2.12,0.3.3,-,-,?,-,false,-
com.github.krzemin,octopus-cats_sjs0.6_2.11,0.3.3,-,-,?,-,false,-
com.github.krzemin,octopus-cats_sjs0.6_2.12,0.3.3,-,-,?,-,false,-
com.github.krzemin,octopus-scalaz_2.11,0.3.3,-,-,?,-,false,-
com.github.krzemin,octopus-scalaz_2.12,0.3.3,-,-,?,-,false,-
com.github.krzemin,octopus-scalaz_sjs0.6_2.11,0.3.3,-,-,?,-,false,-
com.github.krzemin,octopus-scalaz_sjs0.6_2.12,0.3.3,-,-,?,-,false,-
com.github.krzemin,octopus_sjs0.6_2.11,0.3.3,-,-,?,-,false,-
com.github.krzemin,octopus_sjs0.6_2.12,0.3.3,-,-,?,-,false,-
com.github.leanjaxrs,jaxrs-lean-swagger-codegen-plugin,0.9,-,-,?,-,false,-
com.github.leanjaxrs,jaxrs-lean-swagger-codegen-tests,0.9,-,-,?,-,false,-
com.github.lespaul361,Commons-CommonRoutines,1.2.3,-,-,?,-,false,-
com.github.lespaul361,Commons-NotificationWrapper,1.0.4,-,-,?,-,false,-
com.github.lespaul361,Commons-Version,1.0.0,-,-,?,-,false,-
com.github.lespaul361,eBaySDK1027,1027.0.0,-,-,?,-,false,-
com.github.lespaul361,ebaysdkcore939,939.0.0,-,-,?,-,false,-
com.github.lespaul361,ebaysdkcore,939,-,-,?,-,false,-
com.github.lespaul361,JCommunique,2.0.0,-,-,?,-,false,-
com.github.lespaul361,selectlistbox,1.0.2,-,-,?,-,false,-
com.github.limansky,mongoquery-casbah_2.10,0.6,-,-,?,-,false,-
com.github.limansky,mongoquery-casbah_2.11,0.6,-,-,?,-,false,-
com.github.limansky,mongoquery-casbah_2.12,0.6,-,-,?,-,false,-
com.github.limansky,mongoquery-core_2.10,0.6,-,-,?,-,false,-
com.github.limansky,mongoquery-core_2.11,0.6,-,-,?,-,false,-
com.github.limansky,mongoquery-core_2.12,0.6,-,-,?,-,false,-
com.github.limansky,mongoquery-reactive_2.10,0.6,-,-,?,-,false,-
com.github.limansky,mongoquery-reactive_2.11,0.6,-,-,?,-,false,-
com.github.limansky,mongoquery-reactive_2.12,0.6,-,-,?,-,false,-
com.github.littlenewbie,mybatis-jpa,1.1.0,-,-,?,-,false,-
com.github.liuanxin,api-document,0.2.6,-,-,?,-,false,-
com.github.liuanxin,api-info,1.2.2,-,-,?,-,false,-
com.github.liuanxin,mybatis-page,1.2.3,-,-,?,-,false,-
com.github.liuanxin,mybatis-redis-cache,1.2.5,-,-,?,-,false,-
com.github.liyang0211,optional-utils,1.0.1,-,-,?,-,false,-
com.github.marc-christian-schulze.structs4java,structs4java-core,1.0.31,-,-,?,-,false,-
com.github.marc-christian-schulze.structs4java,structs4java-maven-plugin,1.0.31,-,-,?,-,false,-
com.github.marcoferrer.krotoplus,kroto-plus-compiler,0.1.3,-,-,?,-,false,sun.misc.Unsafe                          See http://openjdk.java.net/jeps/260
com.github.marcoferrer.krotoplus,kroto-plus-coroutines,0.1.3,-,-,?,-,false,-
com.github.marcoferrer.krotoplus,kroto-plus-gradle-plugin,0.1.3,-,-,?,-,false,-
com.github.marcoferrer.krotoplus,kroto-plus-message,0.1.3,-,-,?,-,false,-
com.github.marcoferrer.krotoplus,kroto-plus-test,0.1.3,-,-,?,-,false,-
com.github.marcoferrer.krotoplus,protoc-gen-kroto-plus,0.1.3,-,-,?,-,false,-
com.github.masahitojp,botan-core,0.6.4,-,-,?,-,false,-
com.github.mathianasj,spring-data-jpa-rsql,0.0.2,-,-,?,-,false,-
com.github.mawillers,multiindex,1.0.0,-,-,?,-,false,-
com.github.mojeskamlapure,sqoop,1.4.6-bandwidth-control,-,-,?,-,false,-
com.github.mojeskamlapure,sqoop-test,1.4.6-bandwidth-control,-,-,?,-,false,-
com.github.monnetproject,bliss.betalm,1.18.4,-,-,?,-,false,-
com.github.monnetproject,bliss.clesa,1.18.4,-,-,?,-,false,-
com.github.monnetproject,bliss.common,1.18.4,-,-,?,-,false,-
com.github.monnetproject,bliss.experiments,1.18.4,-,-,?,-,false,-
com.github.monnetproject,bliss.kcca,1.18.4,-,-,?,-,false,-
com.github.monnetproject,bliss.lda,1.18.4,-,-,?,-,false,-
com.github.monnetproject,bliss.lsa,1.18.4,-,-,?,-,false,-
com.github.monnetproject,bliss.monnet,1.18.4,-,-,?,-,false,-
com.github.monnetproject,bliss.sparsemath,1.18.4,-,-,?,-,false,-
com.github.monnetproject,bndannotation,1.18.4,-,-,?,-,false,-
com.github.monnetproject,clesa,1.18.4,-,-,?,-,false,-
com.github.monnetproject,coal,1.18.4,-,-,?,-,false,-
com.github.monnetproject,coal.nlp.core,1.18.4,-,-,?,-,false,-
com.github.monnetproject,coal.nlp.sim,1.18.4,-,-,?,-,false,-
com.github.monnetproject,coal.translation,1.18.4,-,-,?,-,false,-
com.github.monnetproject,coal.web,1.18.4,-,-,?,-,false,-
com.github.monnetproject,framework.config,1.18.4,-,-,?,-,false,-
com.github.monnetproject,framework.launcher,1.18.4,-,-,?,-,false,-
com.github.monnetproject,framework.services,1.18.4,-,-,?,-,false,-
com.github.monnetproject,framework.xmlreporter,1.18.4,-,-,?,-,false,-
com.github.monnetproject,kap.core,1.18.4,-,-,?,-,false,-
com.github.monnetproject,kap.gelato,1.18.4,-,-,?,-,false,-
com.github.monnetproject,kap.gelato.web,1.18.4,-,-,?,-,false,-
com.github.monnetproject,kap.laif,1.18.4,-,-,?,-,false,-
com.github.monnetproject,language,1.18.4,-,-,?,-,false,-
com.github.monnetproject,lemon.api,1.18.4,-,-,?,-,false,-
com.github.monnetproject,lemon.api.oils,1.18.4,-,-,?,-,false,-
com.github.monnetproject,lemon.generator.nlp.basic,1.18.4,-,-,?,-,false,-
com.github.monnetproject,lemon.generator.nlp.core,1.18.4,-,-,?,-,false,-
com.github.monnetproject,lemon.generator.nlp.stanford,1.18.4,-,-,?,-,false,-
com.github.monnetproject,lemon.generator.stl,1.18.4,-,-,?,-,false,-
com.github.monnetproject,lemon.generator.stl.web,1.18.4,-,-,?,-,false,-
com.github.monnetproject,lemon.generator.util,1.18.4,-,-,?,-,false,-
com.github.monnetproject,lemon.mustache,1.18.4,-,-,?,-,false,-
com.github.monnetproject,lemon.mustache.web,1.18.4,-,-,?,-,false,-
com.github.monnetproject,ontology,1.18.4,-,-,?,-,false,-
com.github.monnetproject,ontology.label,1.18.4,-,-,?,-,false,-
com.github.monnetproject,ontology.owlapi,1.18.4,-,-,?,-,false,-
com.github.monnetproject,osgirun,1.18.4,-,-,?,-,false,-
com.github.monnetproject,translation.chunker,1.18.4,-,-,?,-,false,-
com.github.monnetproject,translation.controller,1.18.4,-,-,?,-,false,-
com.github.monnetproject,translation.controller.web,1.18.4,-,-,?,-,false,-
com.github.monnetproject,translation.core,1.18.4,-,-,?,-,false,-
com.github.monnetproject,translation.decomposer,1.18.4,-,-,?,-,false,-
com.github.monnetproject,translation.evalmetrics,1.18.4,-,-,?,-,false,-
com.github.monnetproject,translation.evaluation,1.18.4,-,-,?,-,false,-
com.github.monnetproject,translation.feat,1.18.4,-,-,?,-,false,-
com.github.monnetproject,translation.fidel,1.18.4,-,-,?,-,false,-
com.github.monnetproject,translation.jmert,1.18.4,-,-,?,-,false,-
com.github.monnetproject,translation.langmodel,1.18.4,-,-,?,-,false,-
com.github.monnetproject,translation.opm,1.18.4,-,-,?,-,false,-
com.github.monnetproject,translation.phrasal,1.18.4,-,-,?,-,false,-
com.github.monnetproject,translation.quality,1.18.4,-,-,?,-,false,-
com.github.monnetproject,translation.sources,1.18.4,-,-,?,-,false,-
com.github.monnetproject,translation.sqlpt,1.18.4,-,-,?,-,false,-
com.github.monnetproject,wiktionary2lemon.project,1.18.4,-,-,?,-,false,-
com.github.movabletype,mt-data-api-sdk-java,0.0.5,-,-,?,-,false,-
com.github.mpilquist,simulacrum_2.10,0.13.0,-,-,?,-,false,-
com.github.mpilquist,simulacrum_2.11,0.13.0,-,-,?,-,false,-
com.github.mpilquist,simulacrum_2.12,0.13.0,-,-,?,-,false,-
com.github.mpilquist,simulacrum_2.13.0-M1,0.11.0,-,-,?,-,false,-
com.github.mpilquist,simulacrum_2.13.0-M3,0.12.0,-,-,?,-,false,-
com.github.mpilquist,simulacrum_2.13.0-M4,0.13.0,-,-,?,-,false,-
com.github.mpilquist,simulacrum_native0.3_2.11,0.13.0,-,-,?,-,false,-
com.github.mpilquist,simulacrum_sjs0.6_2.10,0.13.0,-,-,?,-,false,-
com.github.mpilquist,simulacrum_sjs0.6_2.11,0.13.0,-,-,?,-,false,-
com.github.mpilquist,simulacrum_sjs0.6_2.12,0.13.0,-,-,?,-,false,-
com.github.mpilquist,simulacrum_sjs0.6_2.13.0-M1,0.11.0,-,-,?,-,false,-
com.github.mpilquist,simulacrum_sjs0.6_2.13.0-M3,0.12.0,-,-,?,-,false,-
com.github.mpilquist,simulacrum_sjs0.6_2.13.0-M4,0.13.0,-,-,?,-,false,-
com.github.mreutegg,laszip4j,0.5,-,-,?,-,false,-
com.github.mustafabayar,EasyDiameter,0.0.1,-,-,?,-,false,-
com.github.mynlp,jigg,0.7.2,-,-,?,-,false,-
com.github.ndrew,jasmine-maven-plugin,2.3.1,-,-,?,-,false,-
com.github.nebelritter.dice-roller,dice-roller,0.0.3,-,-,?,-,false,-
com.github.nosix-me,hotconfig,1.0.0,-,-,?,-,false,-
com.github.osvaldopina,linkbuilder,0.3.0,-,-,?,-,false,-
com.github.pathikrit,better-files_2.11,3.6.0,-,-,?,-,false,-
com.github.pathikrit,better-files_2.12,3.6.0,-,-,?,-,false,-
com.github.pathikrit,better-files-akka_2.11,3.6.0,-,-,?,-,false,-
com.github.pathikrit,better-files-akka_2.12,3.6.0,-,-,?,-,false,-
com.github.patjlm,mustache-ant,1.1.0,-,-,?,-,false,-
com.github.pcmehlitz,worldwind-pcm,2.1.0.187,-,-,?,-,false,-
com.github.peterchen82,iaac4j-aliyun-ros,1.1,-,-,?,-,false,-
com.github.prasanta-biswas,testng-cucumber,1.0.0,-,-,?,-,false,-
com.github.prchen,spring-boot-starter-antares,0.0.2,-,-,?,-,false,-
com.github.prominence,openweathermap-api,1.1,-,-,?,-,false,-
com.github.qiangjie,aptsharedpreferences-annotations,1.0.3,-,-,?,-,false,-
com.github.qiangjie,aptsharedpreferences-compiler,1.0.3,-,-,?,-,false,-
com.github.qskyline,util,0.0.13,-,-,?,-,false,-
com.github.romewing,webmagic-spring-boot-autoconfigure,1.0,-,-,?,-,false,-
com.github.romewing,webmagic-spring-boot-samples,1.0,-,-,?,-,false,-
com.github.romewing,webmagic-spring-boot-starter,1.0,-,-,?,-,false,-
com.github.rssh,scala-gopher_2.11,0.99.10,-,-,?,-,false,-
com.github.rssh,scala-gopher_2.12,0.99.10,-,-,?,-,false,-
com.github.rubenqba,heatmap,1.3,-,-,?,-,false,-
com.github.rvanheest,spickle_2.11,1.1.0,-,-,?,-,false,-
com.github.rvanheest,spickle_2.12,1.1.0,-,-,?,-,false,-
com.github.sevastyandark,logio,0.2.0,-,-,?,-,false,-
com.github.shadskii,reactorfx,1.8.0,-,-,?,-,false,-
com.github.silicosciences,javafx-chart-zooming,0.0.4,-,-,?,-,false,-
com.github.simongregersen,maven-deploy-test,1.1,-,-,?,-,false,-
com.github.skarpushin,summerb,2.5.18,-,-,?,-,false,-
com.github.skarpushin,swingpm,1.6.4,-,-,?,-,false,-
com.github.smallmiro,nbasearc-spring-boot-autoconfigure,1.0.2,-,-,?,-,false,-
com.github.smallmiro,nbasearc-spring-boot-starter,1.0.2,-,-,?,-,false,-
com.github.snieking,utilities,1.1.4,-,-,?,-,false,-
com.github.snowdream,annotation,0.7,-,-,?,-,false,-
com.github.snowdream.gvi,lib,0.7,-,-,?,-,false,-
com.github.snowdream,snowdreamframework-core,0.0.1,-,-,?,-,false,-
com.github.snowdream,snowdreamframework-core-impl,0.0.1,-,-,?,-,false,-
com.github.snowdream,toybricks,0.9.10,-,-,?,-,false,-
com.github.snowdream.toybricks,android-toybricks-gradle-plugin,0.9.10,-,-,?,-,false,-
com.github.snowdream.toybricks,annotation,0.9.10,-,-,?,-,false,-
com.github.snowdream.toybricks,processor,0.9.10,-,-,?,-,false,-
com.github.snowdream,util,0.2.1,-,-,?,-,false,-
com.github.snowdream.util,log,0.1.1,-,-,?,-,false,-
com.github.snowdream.util,logImpl,0.1.1,-,-,?,-,false,-
com.github.sovaalexandr,maxmind-geoip2-async_2.12,1.0.0,-,-,?,-,false,-
com.github.sovaalexandr,maxmind-geoip2-async-guice_2.12,1.0.0,-,-,?,-,false,-
com.github.spapageo.reactor,reactor-guava-eventbus,0.1.0.BETA,-,-,?,-,false,-
com.github.sszuev,fasttext,1.0.0,-,-,?,-,false,-
com.github.stefanofornari,webtoolkitlib,2.0.0,-,-,?,-,false,-
com.github.stengerh,simple-pdf-writer,1.0.0,-,-,?,-,false,-
com.github.superutils,utils-code,1.5.0,-,-,?,-,false,-
com.github.superutils,utils-common,1.5.0,-,-,?,-,false,-
com.github.superutils,utils-datasource,1.5.0,-,-,?,-,false,-
com.github.superutils,utils-mybatis,1.5.0,-,-,?,-,false,-
com.github.superutils,utils-spring,1.5.0,-,-,?,-,false,-
com.github.t3hnar,scala-bcrypt_2.10,3.1,-,-,?,-,false,-
com.github.t3hnar,scala-bcrypt_2.12,3.1,-,-,?,-,false,-
com.github.t3hnar,scalax_2.11,3.4,-,-,?,-,false,-
com.github.t3hnar,scalax_2.12,3.4,-,-,?,-,false,-
com.github.taintech,bittrex-client_2.12,0.2,-,-,?,-,false,-
com.github.takawitter,trie4j,0.9.8,-,-,?,-,false,sun.misc.Unsafe                          See http://openjdk.java.net/jeps/260
com.github.thorbenkuck,CLIParser,1.0,-,-,?,-,false,-
com.github.thorbenkuck,Keller,1.4.5.1,-,-,?,-,false,-
com.github.thorbenkuck,keller-cache,1.0,-,-,?,-,false,-
com.github.thorbenkuck,keller-comm,1.0,-,-,?,-,false,-
com.github.thorbenkuck,keller-core,1.0.2,-,-,?,-,false,-
com.github.thorbenkuck,keller-di,1.0.1,-,-,?,-,false,-
com.github.thorbenkuck,keller-events,1.0,-,-,?,-,false,-
com.github.thorbenkuck,keller-mvp,1.0,-,-,?,-,false,-
com.github.thorbenkuck,keller-nio,1.0,-,-,?,-,false,-
com.github.thorbenkuck,keller-repo,1.0,-,-,?,-,false,-
com.github.thorbenkuck,keller-state,1.1,-,-,?,-,false,-
com.github.thorbenkuck,NetCom2,1.0.2,-,-,?,-,false,-
com.github.thorbenkuck,Scripting,0.2.1,-,-,?,-,false,-
com.github.thstock,docker-java-parser,0.2.0,-,-,?,-,false,-
com.github.tornaia,java-offline-geoip,0.1.5,-,-,?,-,false,-
com.github.trentonadams,au-log4j,1.1.3,-,-,?,-,false,-
com.github.trentonadams,lpa,0.3.2,-,-,?,-,false,-
com.github.ua-parser,uap-java,1.4.0,-,-,?,-,false,-
com.github.uchibori3,mfcloud-invoice_2.12,0.1.1,-,-,?,-,false,-
com.github.vitopn,randito,0.0.12,-,-,?,-,false,-
com.github.vldrus,cachedrowset-wrapper,1.0.2,-,-,?,-,false,com.sun.rowset.CachedRowSetImpl          Use javax.sql.rowset.RowSetProvider @since 1.7
com.github.vldrus,tuple,1.0.1,-,-,?,-,false,-
com.github.waikato,fcms-doc-modifier,0.0.12,-,-,?,-,false,-
com.github.waikato,fcms-widgets,0.0.14,-,-,?,-,false,-
com.github.waikato,jclasslocator,0.0.12,-,-,?,-,false,-
com.github.waikato,jeneric-cmdline,0.0.6,-,-,?,-,false,-
com.github.wz2cool,mybatis-dynamic-query,2.0.2,-,-,?,-,false,-
com.github.xiaodongw,grpc-rx-stub,0.5.0,-,-,?,-,false,-
com.github.xiaodongw,swagger-finatra_2.11,0.7.2,-,-,?,-,false,-
com.github.yaroslav-orel,ExtendNG,1.1,-,-,?,-,false,-
com.github.zainab-ali,fs2-reactive-streams_2.11,0.6.0,-,-,?,-,false,-
com.github.zainab-ali,fs2-reactive-streams_2.12,0.6.0,-,-,?,-,false,-
com.github.zainab-ali,libra_2.11,0.2.0,-,-,?,-,false,-
com.github.zainab-ali,libra_2.12,0.2.0,-,-,?,-,false,-
com.github.zyndev,fastsql,0.0.3,-,-,?,-,false,sun.reflect.generics.reflectiveObjects.NotImplementedException Removed. See http://openjdk.java.net/jeps/260
com.wuzhenpay,java-sdk-openapi,1.0.2,-,-,?,-,false,-
de.kgrupp,inoks-java-utils,0.7.1.1,-,-,?,-,false,-
org.codelibs,elasticsearch-cluster-runner,6.4.0.0,-,-,?,-,false,-
org.corpus-tools,pepper-framework,3.2.2,-,-,?,-,false,-
org.corpus-tools,pepper-lib,3.2.2,-,-,?,-,false,-
org.corpus-tools,pepper-newModule,3.2.2,-,-,?,-,false,-
org.daijie,daijie-fastdfs-spring-boot-starter,1.1.3-RELEASE,-,-,?,-,false,-
org.daijie,daijie-jdbc-plugin,1.1.3-RELEASE,-,-,?,-,false,-
org.daijie,daijie-shiro-spring-boot-starter,1.1.3-RELEASE,-,-,?,-,false,-
org.daijie,daijie-workflow-spring-boot-starter,1.1.3-RELEASE,-,-,?,-,false,-
