groupId,artifactId,version,moduleName,moduleVersion,moduleMode,moduleDependencies,jdepsToolError,jdepsViolations
am.ik.yavi,yavi,0.0.4,-,-,?,-,false,-
com.expedia.apiary,apiary-metastore-listener,0.0.1,-,-,?,-,false,-
com.spotify,flo-api-generator,0.3.2,-,-,?,-,false,-
com.spotify,flo-bigquery,0.3.2,-,-,?,-,false,-
com.spotify,flo-freezer,0.3.2,-,-,?,-,false,-
com.spotify,flo-runner,0.3.2,-,-,?,-,false,-
com.spotify,flo-scala_2.11,0.3.2,-,-,?,-,false,-
com.spotify,flo-scala_2.12,0.3.2,-,-,?,-,false,-
com.spotify,flo-scio_2.11,0.3.2,-,-,?,-,false,-
com.spotify,flo-scio_2.12,0.3.2,-,-,?,-,false,-
com.spotify,flo-styx,0.3.2,-,-,?,-,false,-
com.spotify,flo-workflow,0.3.2,-,-,?,-,false,-
com.wirktop,esutils,1.0.11,-,-,?,-,false,-
com.yahoo.vespa,annotations,6.278.1,-,-,?,-,false,-
com.yahoo.vespa,application,6.278.1,-,-,?,-,false,-
com.yahoo.vespa,application-deploy-plugin,6.278.1,-,-,?,-,false,-
com.yahoo.vespa,application-model,6.278.1,-,-,?,-,false,-
com.yahoo.vespa,application-preprocessor,6.278.1,-,-,?,-,false,-
com.yahoo.vespa,athenz-identity-provider-service,6.278.1,-,-,?,-,false,-
com.yahoo.vespa,bundle-plugin,6.278.1,-,-,?,-,false,-
com.yahoo.vespa,bundle-plugin-test,6.278.1,-,-,?,-,false,-
com.yahoo.vespa,chain,6.278.1,-,-,?,-,false,-
com.yahoo.vespa,clustercontroller-apps,6.278.1,-,-,?,-,false,-
com.yahoo.vespa,clustercontroller-apputil,6.278.1,-,-,?,-,false,-
com.yahoo.vespa,clustercontroller-core,6.278.1,-,-,?,-,false,-
com.yahoo.vespa,clustercontroller-standalone,6.278.1,-,-,?,-,false,-
com.yahoo.vespa,clustercontroller-utils,6.278.1,-,-,?,-,false,-
com.yahoo.vespa,component,6.278.1,-,-,?,-,false,-
com.yahoo.vespa,config,6.278.1,-,-,?,-,false,-
com.yahoo.vespa,config-application-package,6.278.1,-,-,?,-,false,-
com.yahoo.vespa,config-bundle,6.278.1,-,-,?,-,false,-
com.yahoo.vespa,config-class-plugin,6.278.1,-,-,?,-,false,-
com.yahoo.vespa,configdefinitions,6.278.1,-,-,?,-,false,-
com.yahoo.vespa,configgen,6.278.1,-,-,?,-,false,-
com.yahoo.vespa,config-lib,6.278.1,-,-,?,-,false,-
com.yahoo.vespa,config-model,6.278.1,-,-,?,-,false,-
com.yahoo.vespa,config-model-api,6.278.1,-,-,?,-,false,-
com.yahoo.vespa,config-model-fat,6.278.1,-,-,?,-,false,-
com.yahoo.vespa,config-provisioning,6.278.1,-,-,?,-,false,-
com.yahoo.vespa,config-proxy,6.278.1,-,-,?,-,false,-
com.yahoo.vespa,configserver,6.278.1,-,-,?,-,false,-
com.yahoo.vespa,container,6.278.1,-,-,?,-,false,-
com.yahoo.vespa,container-accesslogging,6.278.1,-,-,?,-,false,-
com.yahoo.vespa,container-core,6.278.1,-,-,?,-,false,-
com.yahoo.vespa,container-dev,6.278.1,-,-,?,-,false,-
com.yahoo.vespa,container-di,6.278.1,-,-,?,-,false,-
com.yahoo.vespa,container-disc,6.278.1,-,-,?,-,false,-
com.yahoo.vespa,container-integration-test,6.278.1,-,-,?,-,false,-
com.yahoo.vespa,container-jersey2,6.278.1,-,-,?,-,false,-
com.yahoo.vespa,container-messagebus,6.278.1,-,-,?,-,false,-
com.yahoo.vespa,container-search,6.278.1,-,-,?,-,false,-
com.yahoo.vespa,container-search-and-docproc,6.278.1,-,-,?,-,false,-
com.yahoo.vespa,container-search-gui,6.278.1,-,-,?,-,false,-
com.yahoo.vespa,container-test,6.278.1,-,-,?,-,false,-
com.yahoo.vespa,controller-api,6.278.1,-,-,?,-,false,-
com.yahoo.vespa,controller-server,6.278.1,-,-,?,-,false,-
com.yahoo.vespa,defaults,6.278.1,-,-,?,-,false,-
com.yahoo.vespa,docker-api,6.278.1,-,-,?,-,false,-
com.yahoo.vespa,docproc,6.278.1,-,-,?,-,false,-
com.yahoo.vespa,docprocs,6.278.1,-,-,?,-,false,-
com.yahoo.vespa,document,6.278.1,-,-,?,-,false,-
com.yahoo.vespa,documentapi,6.278.1,-,-,?,-,false,-
com.yahoo.vespa,fileacquirer,6.278.1,-,-,?,-,false,-
com.yahoo.vespa,filedistribution,6.278.1,-,-,?,-,false,-
com.yahoo.vespa,fsa,6.278.1,-,-,?,-,false,-
com.yahoo.vespa,indexinglanguage,6.278.1,-,-,?,-,false,-
com.yahoo.vespa,jaxrs_client_utils,6.278.1,-,-,?,-,false,-
com.yahoo.vespa,jaxrs_utils,6.278.1,-,-,?,-,false,-
com.yahoo.vespa,jdisc_core,6.278.1,-,-,?,-,false,-
com.yahoo.vespa,jdisc_http_service,6.278.1,-,-,?,-,false,-
com.yahoo.vespa,jdisc_jetty,6.278.1,-,-,?,-,false,-
com.yahoo.vespa,jdisc_messagebus_service,6.278.1,-,-,?,-,false,-
com.yahoo.vespa,jdisc-security-filters,6.278.1,-,-,?,-,false,-
com.yahoo.vespa,jrt,6.278.1,-,-,?,-,false,-
com.yahoo.vespa,linguistics,6.278.1,-,-,?,-,false,-
com.yahoo.vespa,logd,6.278.1,-,-,?,-,false,-
com.yahoo.vespa,logserver,6.278.1,-,-,?,-,false,-
com.yahoo.vespa,messagebus,6.278.1,-,-,?,-,false,-
com.yahoo.vespa,messagebus-disc,6.278.1,-,-,?,-,false,-
com.yahoo.vespa,metrics,6.278.1,-,-,?,-,false,-
com.yahoo.vespa,model-evaluation,6.278.1,-,-,?,-,false,-
com.yahoo.vespa,node-admin,6.278.1,-,-,?,-,false,-
com.yahoo.vespa,node-maintainer,6.278.1,-,-,?,-,false,-
com.yahoo.vespa,node-repository,6.278.1,-,-,?,-,false,-
com.yahoo.vespa,orchestrator,6.278.1,-,-,?,-,false,-
com.yahoo.vespa,orchestrator-restapi,6.278.1,-,-,?,-,false,-
com.yahoo.vespa,predicate-search,6.278.1,-,-,?,-,false,-
com.yahoo.vespa,predicate-search-core,6.278.1,-,-,?,-,false,-
com.yahoo.vespa,processing,6.278.1,-,-,?,-,false,-
com.yahoo.vespa,provided-dependencies,6.278.1,-,-,?,-,false,-
com.yahoo.vespa,searchcore,6.278.1,-,-,?,-,false,-
com.yahoo.vespa,searchlib,6.278.1,-,-,?,-,false,-
com.yahoo.vespa,searchsummary,6.278.1,-,-,?,-,false,-
com.yahoo.vespa,service-monitor,6.278.1,-,-,?,-,false,-
com.yahoo.vespa,serviceview,6.278.1,-,-,?,-,false,-
com.yahoo.vespa,simplemetrics,6.278.1,-,-,?,-,false,-
com.yahoo.vespa,standalone-container,6.278.1,-,-,?,-,false,-
com.yahoo.vespa,statistics,6.278.1,-,-,?,-,false,-
com.yahoo.vespa,storage,6.278.1,-,-,?,-,false,-
com.yahoo.vespa,testutil,6.278.1,-,-,?,-,false,-
com.yahoo.vespa,vdslib,6.278.1,-,-,?,-,false,-
com.yahoo.vespa,vespa-application-maven-plugin,6.278.1,-,-,?,-,false,-
com.yahoo.vespa,vespa-athenz,6.278.1,-,-,?,-,false,-
com.yahoo.vespa,vespaclient-container-plugin,6.278.1,-,-,?,-,false,-
com.yahoo.vespa,vespaclient-core,6.278.1,-,-,?,-,false,-
com.yahoo.vespa,vespaclient-java,6.278.1,-,-,?,-,false,-
com.yahoo.vespa,vespa-documentgen-plugin,6.278.1,-,-,?,-,false,-
com.yahoo.vespa,vespa_feed_perf,6.278.1,-,-,?,-,false,-
com.yahoo.vespa,vespa-hadoop,6.278.1,-,-,?,-,false,sun.misc.Unsafe                          See http://openjdk.java.net/jeps/260
com.yahoo.vespa,vespa-http-client,6.278.1,-,-,?,-,false,-
com.yahoo.vespa,vespajlib,6.278.1,-,-,?,-,false,-
com.yahoo.vespa,vespalog,6.278.1,-,-,?,-,false,-
com.yahoo.vespa,vsm,6.278.1,-,-,?,-,false,-
com.yahoo.vespa,yolean,6.278.1,-,-,?,-,false,-
com.yahoo.vespa,zkfacade,6.278.1,-,-,?,-,false,-
de.adorsys,hbci4j-adorsys,3.3.0,-,-,?,-,false,-
de.halfbit,autoplay,0.3.3,-,-,?,-,false,-
dk.bankdata.gradle.swagger,gradle-swagger-plugin,2.0.1,-,-,?,-,false,-
io.scalaland,catnip_2.12,0.2,-,-,?,-,false,-
io.scalaland,catnip_sjs0.6_2.12,0.2,-,-,?,-,false,-
org.scalaz,deriving-macro_2.11,1.0.0,-,-,?,-,false,-
org.scalaz,deriving-macro_2.12,1.0.0,-,-,?,-,false,-
org.scalaz,deriving-plugin_2.11,1.0.0,-,-,?,-,false,-
org.scalaz,deriving-plugin_2.12,1.0.0,-,-,?,-,false,-
org.scalaz,scalaz-deriving_2.11,1.0.0,-,-,?,-,false,-
org.scalaz,scalaz-deriving_2.12,1.0.0,-,-,?,-,false,-
org.scalaz,scalaz-deriving-base_2.11,1.0.0,-,-,?,-,false,-
org.scalaz,scalaz-deriving-base_2.12,1.0.0,-,-,?,-,false,-
org.scalaz,scalaz-deriving-jsonformat_2.11,1.0.0,-,-,?,-,false,-
org.scalaz,scalaz-deriving-jsonformat_2.12,1.0.0,-,-,?,-,false,-
org.scalaz,scalaz-deriving-magnolia_2.11,1.0.0,-,-,?,-,false,-
org.scalaz,scalaz-deriving-magnolia_2.12,1.0.0,-,-,?,-,false,-
org.scalaz,scalaz-deriving-scalacheck_2.11,1.0.0,-,-,?,-,false,-
org.scalaz,scalaz-deriving-scalacheck_2.12,1.0.0,-,-,?,-,false,-
org.scalaz,scalaz-deriving-shapeless_2.11,1.0.0,-,-,?,-,false,-
org.scalaz,scalaz-deriving-shapeless_2.12,1.0.0,-,-,?,-,false,-
org.scalaz,scalaz-deriving-xmlformat_2.11,1.0.0,-,-,?,-,false,-
org.scalaz,scalaz-deriving-xmlformat_2.12,1.0.0,-,-,?,-,false,-
top.infra,spring-boot-commons,1.0.1,-,-,?,-,false,-
top.infra,spring-boot-test-support,1.0.1,-,-,?,-,false,-
