groupId,artifactId,version,moduleName,moduleVersion,moduleMode,moduleDependencies,jdepsToolError,jdepsViolations
com.bernardomg.velocity,maven-site-fixer,1.1.2,-,-,?,-,false,-
com.bernardomg.velocity,velocity-config-tool,1.1.1,-,-,?,-,false,-
com.clianz,cloudant-spring-boot-starter,2.0.0,-,-,?,-,false,-
com.clianz,spur-framework,0.0.3,-,-,?,-,false,-
com.daveoxley.cbus,cgateinterface,1.0.4,-,-,?,-,false,-
com.degoos,Languages,1.6,-,-,?,-,false,-
com.degoos,WetSponge,2.1.1,-,-,?,-,false,sun.misc.Unsafe                          See http://openjdk.java.net/jeps/260 + sun.reflect.ConstructorAccessor          Removed. See http://openjdk.java.net/jeps/260 + sun.reflect.FieldAccessor                Removed. See http://openjdk.java.net/jeps/260 + sun.reflect.ReflectionFactory            See http://openjdk.java.net/jeps/260
com.diffplug.durian,durian-debug,1.1.0,-,-,?,-,false,-
com.diffplug.durian,durian-rx,3.0.0,-,-,?,-,false,-
com.diffplug.durian,durian-swt,3.0.0,-,-,?,-,false,-
com.diffplug.durian,durian-swt.cocoa.macosx.x86_64,3.0.0,-,-,?,-,false,-
com.diffplug.durian,durian-swt.gtk.linux.x86,3.0.0,-,-,?,-,false,-
com.diffplug.durian,durian-swt.gtk.linux.x86_64,3.0.0,-,-,?,-,false,-
com.diffplug.durian,durian-swt.os,3.0.0,-,-,?,-,false,-
com.diffplug.durian,durian-swt.win32.win32.x86,3.0.0,-,-,?,-,false,-
com.diffplug.durian,durian-swt.win32.win32.x86_64,3.0.0,-,-,?,-,false,-
com.diffplug.gradle,goomph,3.16.0,-,-,?,-,false,-
com.diffplug.gradle,image-grinder,2.0.0,-,-,?,-,false,-
com.diffplug.gradle.spotless,spotless,2.4.1,-,-,?,-,false,sun.misc.Unsafe                          See http://openjdk.java.net/jeps/260
com.diffplug.matsim,matconsolectl,4.5.0,-,-,?,-,false,-
com.diffplug.matsim,matfilerw,3.0.1,-,-,?,-,false,sun.misc.Cleaner                         Use java.lang.ref.PhantomReference @since 1.2 or java.lang.ref.Cleaner @since 9
com.diffplug.spotless,spotless-eclipse-base,3.0.0,-,-,?,-,false,-
com.diffplug.spotless,spotless-eclipse-cdt,9.4.3,-,-,?,-,false,-
com.diffplug.spotless,spotless-eclipse-groovy,2.9.2,org.objectweb.asm,6.0_BETA,explicit,java.base,false,sun.misc.Unsafe                          See http://openjdk.java.net/jeps/260
com.diffplug.spotless,spotless-eclipse-jdt,4.8.0,-,-,?,-,false,-
com.diffplug.spotless,spotless-eclipse-wtp,3.9.5,-,-,?,-,false,-
com.diffplug.spotless,spotless-ext-eclipse-jdt,4.7.2,-,-,?,-,false,-
com.diffplug.spotless,spotless-ext-greclipse,2.3.0,-,-,?,-,false,java.awt.peer.ComponentPeer              Should not use. See https://bugs.openjdk.java.net/browse/JDK-8037739 + sun.misc.Unsafe                          See http://openjdk.java.net/jeps/260
com.diffplug.spotless,spotless-lib,3.0.0.RC2,-,-,?,-,false,-
com.diffplug.spotless,spotless-lib-extra,3.0.0.RC2,-,-,?,-,false,-
com.diffplug.spotless,spotless-maven-plugin,1.14.0,-,-,?,-,false,-
com.diffplug.spotless,spotless-plugin-gradle,3.14.0,-,-,?,-,false,-
com.faunadb,faunadb-android,2.5.3,-,-,?,-,false,-
com.faunadb,faunadb-common,2.5.3,-,-,?,-,false,-
com.faunadb,faunadb-java,2.5.3,-,-,?,-,false,-
com.faunadb,faunadb-java-dsl,2.5.3,-,-,?,-,false,-
com.faunadb,faunadb-scala_2.11,1.3.0-RC1,-,-,?,-,false,-
com.faunadb,faunadb-scala_2.12,2.5.3,-,-,?,-,false,-
com.gmaslowski,camel-test-support,1.0,-,-,?,-,false,-
com.lightbend.lagom,lagom-api_2.11,1.5.0-M2,-,-,?,-,false,-
com.lightbend.lagom,lagom-descriptor-generator_2.10,0.0.2,-,-,?,-,false,-
com.lightbend.lagom,lagom-javadsl-client_2.12,1.5.0-M2,-,-,?,-,false,-
com.lightbend.lagom,lagom-javadsl-integration-client_2.11,1.5.0-M2,-,-,?,-,false,-
com.lightbend.lagom,lagom-javadsl-kafka-broker_2.11,1.5.0-M2,-,-,?,-,false,-
com.lightbend.lagom,lagom-javadsl-play-integration_2.12,1.5.0-M2,-,-,?,-,false,-
com.lightbend.lagom,lagom-kafka-server_2.11,1.5.0-M2,-,-,?,-,false,-
com.lightbend.lagom,lagom-log4j2_2.11,1.5.0-M2,-,-,?,-,false,-
com.lightbend.lagom,lagom-maven-plugin,1.5.0-M2,-,-,?,-,false,-
com.lightbend.lagom,lagom-scaladsl-broker_2.12,1.5.0-M2,-,-,?,-,false,-
com.lightbend.lagom,lagom-scaladsl-persistence-jdbc_2.12,1.5.0-M2,-,-,?,-,false,-
com.lightbend.lagom,lagom-scaladsl-play-json_2.12,1.5.0-M2,-,-,?,-,false,-
com.lightbend.lagom,lagom-service-locator_2.11,1.5.0-M2,-,-,?,-,false,-
com.lightbend.lagom,lagom-service-registration_2.12,1.5.0-M2,-,-,?,-,false,-
com.loopfor.scalop,scalop_2.12,2.2,-,-,?,-,false,-
com.loopfor.zookeeper,zookeeper-cli,1.4,-,-,?,-,false,-
com.loopfor.zookeeper,zookeeper-client_2.12,1.4,-,-,?,-,false,-
com.mcxiaoke.gradle,packer-helper,1.0.9,-,-,?,-,false,-
com.mcxiaoke.gradle,packer-ng,1.0.9,-,-,?,-,false,-
com.mcxiaoke.packer-ng,cli,2.0.1,-,-,?,-,false,-
com.mcxiaoke.packer-ng,common,2.0.1,-,-,?,-,false,-
com.mcxiaoke.packer-ng,plugin,2.0.1,-,-,?,-,false,-
com.nfbsoftware,clever-java,1.0.15,-,-,?,-,false,-
com.nfbsoftware,cloudconvert,1.0.4,-,-,?,-,false,-
com.nfbsoftware,java-xml,1.0.10,-,-,?,-,false,-
com.nfbsoftware,sans-server-plugin,1.0.54,-,-,?,-,false,-
com.notronix,AlbacoreDeed,2.0.1,-,-,?,-,false,-
com.notronix,Deadbolt,1.0.001,-,-,?,-,false,-
com.notronix,Hibermate,1.0.005,-,-,?,-,false,-
com.notronix,JaLAPI,0.0.26,-,-,?,-,false,-
com.peterphi.std.config,service-manager-api,9.7.3,-,-,?,-,false,-
com.peterphi.std.guice,stdlib-guice-common,9.7.3,-,-,?,-,false,-
com.peterphi.std.guice,stdlib-guice-freemarker,9.7.3,-,-,?,-,false,-
com.peterphi.std.guice,stdlib-guice-hibernate,9.7.3,-,-,?,-,false,-
com.peterphi.std.guice,stdlib-guice-hibernate-testing,9.7.3,-,-,?,-,false,-
com.peterphi.std.guice,stdlib-guice-liquibase,9.7.3,-,-,?,-,false,-
com.peterphi.std.guice,stdlib-guice-metrics,9.7.3,-,-,?,-,false,-
com.peterphi.std.guice,stdlib-guice-testing,9.7.3,-,-,?,-,false,-
com.peterphi.std.guice,stdlib-guice-webapp,9.7.3,-,-,?,-,false,-
com.peterphi.std.guice,stdlib-xml-testing,9.7.3,-,-,?,-,false,-
com.peterphi.std,stdlib,9.7.3,-,-,?,-,false,-
com.peterphi.std,stdlib-azure,9.7.3,-,-,?,-,false,-
com.peterphi.std,stdlib-rules,9.7.3,-,-,?,-,false,-
com.peterphi.std.util.carbon,carbon-client,9.7.3,-,-,?,-,false,-
com.peterphi.user-manager,user-manager-api,9.7.3,-,-,?,-,false,-
com.profesorfalken,jPowerShell,2.1,-,-,?,-,false,-
com.profesorfalken,jSensors,2.1,-,-,?,-,false,-
com.profesorfalken,payzen-ws-stubs,1.0.3,-,-,?,-,false,-
com.profesorfalken,WMI4Java,1.6.2,-,-,?,-,false,-
com.sigpwned,jacoco-badge-maven-plugin,0.1.4,-,-,?,-,false,-
com.sigpwned,jsonification,3.0.5,-,-,?,-,false,-
com.sqlapp,sqlapp-command,0.8.5,-,-,?,-,false,-
com.sqlapp,sqlapp-core,0.8.5,-,-,?,-,false,-
com.sqlapp,sqlapp-core-db2,0.8.5,-,-,?,-,false,-
com.sqlapp,sqlapp-core-derby,0.8.5,-,-,?,-,false,-
com.sqlapp,sqlapp-core-firebird,0.8.5,-,-,?,-,false,-
com.sqlapp,sqlapp-core-h2,0.8.5,-,-,?,-,false,-
com.sqlapp,sqlapp-core-hirdb,0.8.5,-,-,?,-,false,-
com.sqlapp,sqlapp-core-hsql,0.8.5,-,-,?,-,false,-
com.sqlapp,sqlapp-core-informix,0.8.5,-,-,?,-,false,-
com.sqlapp,sqlapp-core-mariadb,0.8.5,-,-,?,-,false,-
com.sqlapp,sqlapp-core-mdb,0.8.5,-,-,?,-,false,-
com.sqlapp,sqlapp-core-mysql,0.8.5,-,-,?,-,false,-
com.sqlapp,sqlapp-core-oracle,0.8.5,-,-,?,-,false,-
com.sqlapp,sqlapp-core-phoenix,0.8.5,-,-,?,-,false,-
com.sqlapp,sqlapp-core-postgres,0.8.5,-,-,?,-,false,-
com.sqlapp,sqlapp-core-saphana,0.8.5,-,-,?,-,false,-
com.sqlapp,sqlapp-core-spanner,0.8.5,-,-,?,-,false,-
com.sqlapp,sqlapp-core-sqlite,0.8.5,-,-,?,-,false,-
com.sqlapp,sqlapp-core-sqlserver,0.8.5,-,-,?,-,false,-
com.sqlapp,sqlapp-core-sybase,0.8.5,-,-,?,-,false,-
com.sqlapp,sqlapp-core-symfoware,0.8.5,-,-,?,-,false,-
com.sqlapp,sqlapp-core-test,0.8.5,-,-,?,-,false,-
com.sqlapp,sqlapp-core-virtica,0.8.5,-,-,?,-,false,-
com.sqlapp,sqlapp-gradle-plugin,0.8.5,-,-,?,-,false,-
com.sqlapp,sqlapp-graphviz,0.8.5,-,-,?,-,false,-
com.taradevko,com.taradevko.aem.seo,0.1.1,-,-,?,-,false,-
com.tascape,reactor,1.2.36,-,-,?,-,false,-
com.tascape,reactor-junit4,4.12.1,-,-,?,-,false,-
com.tascape,reactor-x-appium,1.0.3,-,-,?,-,false,-
com.tascape,reactor-x-ios-libimobiledevice,1.2.1,-,-,?,-,false,-
com.tascape,reactor-x-ios-uiat,1.2.1,-,-,?,-,false,-
com.tascape,reactor-x-webui,1.4.1,-,-,?,-,false,-
com.vimalselvam,cucumber-extentsreport,3.1.1,-,-,?,-,false,-
com.vimalselvam,testng-extentsreport,1.3.1,-,-,?,-,false,-
