groupId,artifactId,version,moduleName,moduleVersion,moduleMode,moduleDependencies,jdepsToolError,jdepsViolations
ch.streamly,chronicle-flux,0.0.6,-,-,?,-,false,-
co.fs2,fs2-core_2.11,1.0.0-M4,-,-,?,-,false,-
co.fs2,fs2-core_2.12,1.0.0-M4,-,-,?,-,false,-
co.fs2,fs2-core_sjs0.6_2.11,1.0.0-M4,-,-,?,-,false,-
co.fs2,fs2-core_sjs0.6_2.12,1.0.0-M4,-,-,?,-,false,-
co.fs2,fs2-io_2.11,1.0.0-M4,-,-,?,-,false,-
co.fs2,fs2-io_2.12,1.0.0-M4,-,-,?,-,false,-
com.asana,asana,0.8.0,-,-,?,-,false,-
com.blackducksoftware.integration,hub-common,37.0.0,-,-,?,-,false,-
com.blackducksoftware.integration,hub-common-api,4.8.0.2,-,-,?,-,false,-
com.github.shynixn.petblocks,petblocks-api,7.2.2,-,-,?,-,false,-
com.github.shynixn.petblocks,petblocks-bukkit-api,7.2.2,-,-,?,-,false,-
com.github.shynixn.petblocks,petblocks-bukkit-plugin,7.2.2,-,-,?,-,false,sun.misc.Unsafe                          See http://openjdk.java.net/jeps/260
com.github.shynixn.petblocks,petblocks-core,7.2.2,-,-,?,-,false,-
com.github.shynixn.petblocks,petblocks-sponge-api,7.2.2,-,-,?,-,false,-
com.github.shynixn.petblocks,petblocks-sponge-plugin,7.2.2,-,-,?,-,false,-
com.github.tinosteinort,beanrepository,1.7.0,-,-,?,-,false,-
com.google.apis,google-api-services-adexchangebuyer2,v2beta1-rev685-1.24.1,-,-,?,-,false,-
com.google.apis,google-api-services-discovery,v1-rev67-1.24.1,-,-,?,-,false,-
com.google.apis,google-api-services-iap,v1beta1-rev7-1.24.1,-,-,?,-,false,-
com.google.cloud.tools,jib-maven-plugin,0.9.9,-,-,?,-,false,-
com.hubspot.jackson,jackson-datatype-protobuf,0.9.10-preJackson2.7-proto3,-,-,?,-,false,-
com.intendia.gwt,rxjava2-gwt,2.2.0-gwt1,-,-,?,-,false,-
com.johnsnowlabs.nlp,spark-nlp_2.11,1.6.2,-,-,?,-,false,-
com.jsunsoft,conditional-apply,0.0.1,-,-,?,-,false,-
com.liferay.portal,com.liferay.portal.impl,2.24.0,-,-,?,-,false,-
com.liferay.portal,com.liferay.portal.kernel,2.33.0,-,-,?,-,false,-
com.liferay.portal,com.liferay.portal.test,2.0.0,-,-,?,-,false,-
com.netflix.conductor,conductor-client,1.11.1,-,-,?,-,false,-
com.netflix.conductor,conductor-common,1.11.1,-,-,?,-,false,-
com.netflix.conductor,conductor-contribs,1.11.1,-,-,?,-,false,-
com.netflix.conductor,conductor-core,1.11.1,-,-,?,-,false,-
com.netflix.conductor,conductor-es2-persistence,1.11.1,-,-,?,-,false,sun.misc.Unsafe                          See http://openjdk.java.net/jeps/260 + sun.security.x509.X500Name               Use javax.security.auth.x500.X500Principal @since 1.4
com.netflix.conductor,conductor-es5-persistence,1.11.1,-,-,?,-,false,-
com.netflix.conductor,conductor-jersey,1.11.1,-,-,?,-,false,-
com.netflix.conductor,conductor-mysql-persistence,1.11.1,-,-,?,-,false,-
com.netflix.conductor,conductor-redis-persistence,1.11.1,-,-,?,-,false,-
com.netflix.conductor,conductor-test-harness,1.11.1,-,-,?,-,false,-
com.netflix.conductor,conductor-ui,1.11.1,-,-,?,-,false,-
com.proofpoint.platform,audit,1.84,-,-,?,-,false,-
com.proofpoint.platform,bootstrap,1.84,-,-,?,-,false,-
com.proofpoint.platform,concurrent,1.84,-,-,?,-,false,-
com.proofpoint.platform,configuration,1.84,-,-,?,-,false,-
com.proofpoint.platform,discovery,1.84,-,-,?,-,false,-
com.proofpoint.platform,event,1.84,-,-,?,-,false,-
com.proofpoint.platform,http-client,1.84,-,-,?,-,false,-
com.proofpoint.platform,http-server,1.84,-,-,?,-,false,-
com.proofpoint.platform,jaxrs,1.84,-,-,?,-,false,-
com.proofpoint.platform,jmx,1.84,-,-,?,-,false,-
com.proofpoint.platform,jmx-http,1.84,-,-,?,-,false,-
com.proofpoint.platform,json,1.84,-,-,?,-,false,-
com.proofpoint.platform,launcher,1.84,-,-,?,-,false,sun.misc.Signal                          See http://openjdk.java.net/jeps/260 + sun.misc.SignalHandler                   See http://openjdk.java.net/jeps/260 + sun.misc.Unsafe                          See http://openjdk.java.net/jeps/260
com.proofpoint.platform,log,1.84,-,-,?,-,false,-
com.proofpoint.platform,node,1.84,-,-,?,-,false,-
com.proofpoint.platform,openapi,1.84,-,-,?,-,false,-
com.proofpoint.platform,packaging,1.84,-,-,?,-,false,-
com.proofpoint.platform,reporting,1.84,-,-,?,-,false,-
com.proofpoint.platform,reporting-client,1.84,-,-,?,-,false,-
com.proofpoint.platform,reporting-prometheus,1.84,-,-,?,-,false,-
com.proofpoint.platform,sample-server,1.84,-,-,?,-,false,-
com.proofpoint.platform,skeleton-server,1.84,-,-,?,-,false,-
com.proofpoint.platform,stats,1.84,-,-,?,-,false,-
com.proofpoint.platform,testing,1.84,-,-,?,-,false,-
com.proofpoint.platform,trace-token,1.84,-,-,?,-,false,-
com.proofpoint.platform,units,1.84,-,-,?,-,false,-
com.riskified,riskified-sdk,1.1.0,-,-,?,-,false,-
com.squareup.inject,assisted-inject-annotations,0.2.0,-,-,?,-,false,-
com.squareup.inject,assisted-inject-annotations-dagger2,0.2.0,-,-,?,-,false,-
com.squareup.inject,assisted-inject-processor,0.2.0,-,-,?,-,false,-
com.squareup.inject,assisted-inject-processor-dagger2,0.2.0,-,-,?,-,false,-
com.squareup.inject,inflation-inject,0.2.0,-,-,?,-,false,-
com.squareup.inject,inflation-inject-processor,0.2.0,-,-,?,-,false,-
com.tibco.plugins,bw6-maven-plugin,2.0.0,-,-,?,-,false,-
com.typesafe.play,build-link,2.7.0-M2,-,-,?,-,false,-
com.typesafe.play,filters-helpers_2.11,2.7.0-M2,-,-,?,-,false,-
com.typesafe.play,filters-helpers_2.12,2.7.0-M2,-,-,?,-,false,-
com.typesafe.play,play_2.11,2.7.0-M2,-,-,?,-,false,-
com.typesafe.play,play_2.12,2.7.0-M2,-,-,?,-,false,-
com.typesafe.play,play-ahc-ws_2.11,2.7.0-M2,-,-,?,-,false,-
com.typesafe.play,play-ahc-ws_2.12,2.7.0-M2,-,-,?,-,false,-
com.typesafe.play,play-akka-http2-support_2.11,2.7.0-M2,-,-,?,-,false,-
com.typesafe.play,play-akka-http2-support_2.12,2.7.0-M2,-,-,?,-,false,-
com.typesafe.play,play-akka-http-server_2.11,2.7.0-M2,-,-,?,-,false,-
com.typesafe.play,play-akka-http-server_2.12,2.7.0-M2,-,-,?,-,false,-
com.typesafe.play,play-cache_2.11,2.7.0-M2,-,-,?,-,false,-
com.typesafe.play,play-cache_2.12,2.7.0-M2,-,-,?,-,false,-
com.typesafe.play,play-docs_2.11,2.7.0-M2,-,-,?,-,false,-
com.typesafe.play,play-docs_2.12,2.7.0-M2,-,-,?,-,false,-
com.typesafe.play,play-ehcache_2.11,2.7.0-M2,-,-,?,-,false,-
com.typesafe.play,play-ehcache_2.12,2.7.0-M2,-,-,?,-,false,-
com.typesafe.play,play-exceptions,2.7.0-M2,-,-,?,-,false,-
com.typesafe.play,play-guice_2.11,2.7.0-M2,-,-,?,-,false,-
com.typesafe.play,play-guice_2.12,2.7.0-M2,-,-,?,-,false,-
com.typesafe.play,play-integration-test_2.11,2.7.0-M2,-,-,?,-,false,-
com.typesafe.play,play-integration-test_2.12,2.7.0-M2,-,-,?,-,false,-
com.typesafe.play,play-java_2.11,2.7.0-M2,-,-,?,-,false,-
com.typesafe.play,play-java_2.12,2.7.0-M2,-,-,?,-,false,-
com.typesafe.play,play-java-forms_2.11,2.7.0-M2,-,-,?,-,false,-
com.typesafe.play,play-java-forms_2.12,2.7.0-M2,-,-,?,-,false,-
com.typesafe.play,play-java-jdbc_2.11,2.7.0-M2,-,-,?,-,false,-
com.typesafe.play,play-java-jdbc_2.12,2.7.0-M2,-,-,?,-,false,-
com.typesafe.play,play-java-jpa_2.11,2.7.0-M2,-,-,?,-,false,-
com.typesafe.play,play-java-jpa_2.12,2.7.0-M2,-,-,?,-,false,-
com.typesafe.play,play-jcache_2.11,2.7.0-M2,-,-,?,-,false,-
com.typesafe.play,play-jcache_2.12,2.7.0-M2,-,-,?,-,false,-
com.typesafe.play,play-jdbc_2.11,2.7.0-M2,-,-,?,-,false,-
com.typesafe.play,play-jdbc_2.12,2.7.0-M2,-,-,?,-,false,-
com.typesafe.play,play-jdbc-api_2.11,2.7.0-M2,-,-,?,-,false,-
com.typesafe.play,play-jdbc-api_2.12,2.7.0-M2,-,-,?,-,false,-
com.typesafe.play,play-jdbc-evolutions_2.11,2.7.0-M2,-,-,?,-,false,-
com.typesafe.play,play-jdbc-evolutions_2.12,2.7.0-M2,-,-,?,-,false,-
com.typesafe.play,play-joda-forms_2.11,2.7.0-M2,-,-,?,-,false,-
com.typesafe.play,play-joda-forms_2.12,2.7.0-M2,-,-,?,-,false,-
com.typesafe.play,play-logback_2.11,2.7.0-M2,-,-,?,-,false,-
com.typesafe.play,play-logback_2.12,2.7.0-M2,-,-,?,-,false,-
com.typesafe.play,play-netty-server_2.11,2.7.0-M2,-,-,?,-,false,-
com.typesafe.play,play-netty-server_2.12,2.7.0-M2,-,-,?,-,false,-
com.typesafe.play,play-netty-utils,2.6.18,-,-,?,-,false,-
com.typesafe.play,play-omnidoc_2.11,2.7.0-M2,-,-,?,-,false,-
com.typesafe.play,play-omnidoc_2.12,2.7.0-M2,-,-,?,-,false,-
com.typesafe.play,play-openid_2.11,2.7.0-M2,-,-,?,-,false,-
com.typesafe.play,play-openid_2.12,2.7.0-M2,-,-,?,-,false,-
com.typesafe.play,play-server_2.11,2.7.0-M2,-,-,?,-,false,sun.security.x509.X500Name               Use javax.security.auth.x500.X500Principal @since 1.4
com.typesafe.play,play-server_2.12,2.7.0-M2,-,-,?,-,false,sun.security.x509.X500Name               Use javax.security.auth.x500.X500Principal @since 1.4
com.typesafe.play,play-specs2_2.11,2.7.0-M2,-,-,?,-,false,-
com.typesafe.play,play-specs2_2.12,2.7.0-M2,-,-,?,-,false,-
com.typesafe.play,play-streams_2.11,2.7.0-M2,-,-,?,-,false,-
com.typesafe.play,play-streams_2.12,2.7.0-M2,-,-,?,-,false,-
com.typesafe.play,play-test_2.11,2.7.0-M2,-,-,?,-,false,-
com.typesafe.play,play-test_2.12,2.7.0-M2,-,-,?,-,false,-
com.typesafe.play,play-ws_2.11,2.7.0-M2,-,-,?,-,false,-
com.typesafe.play,play-ws_2.12,2.7.0-M2,-,-,?,-,false,-
com.typesafe.play,routes-compiler_2.11,2.7.0-M2,-,-,?,-,false,-
com.typesafe.play,routes-compiler_2.12,2.7.0-M2,-,-,?,-,false,-
com.typesafe.play,run-support_2.10,2.7.0-M2,-,-,?,-,false,-
com.typesafe.play,run-support_2.12,2.7.0-M2,-,-,?,-,false,-
com.typesafe.play,sbt-routes-compiler_2.10,2.7.0-M2,-,-,?,-,false,-
com.typesafe.play,sbt-routes-compiler_2.12,2.7.0-M2,-,-,?,-,false,-
enterprises.orbital.eve.esi,client,1.0.0.20180820,-,-,?,-,false,-
io.github.graphql-java,graphql-java-annotations,6.0,-,-,?,-,false,-
io.github.shibabandit,gdx-navmesh,0.1.0,-,-,?,-,false,-
org.jasig.portlet.notification,notification-component-icon,4.1.2,-,-,?,-,false,-
org.jasig.portlet.notification,notification-modal,4.1.2,-,-,?,-,false,-
org.jasig.portlet.notification,notification-portlet-api,4.1.2,-,-,?,-,false,-
org.jasig.portlet.notification,notification-portlet-webcomponents,4.1.2,-,-,?,-,false,-
org.javalite,activejdbc,2.1,-,-,?,-,false,-
org.javalite,activejdbc-instrumentation,2.1,-,-,?,-,false,-
org.javalite,app-config,2.1,-,-,?,-,false,-
org.javalite,javalite-common,2.1,-,-,?,-,false,-
org.leapframework,leap,0.7.7b,-,-,?,-,false,-
org.leapframework,leap-agent,0.7.7b,-,-,?,-,false,-
org.leapframework,leap-annnotations,0.7.7b,-,-,?,-,false,-
org.leapframework,leap-core,0.7.7b,-,-,?,-,false,-
org.leapframework,leap-db,0.7.7b,-,-,?,-,false,-
org.leapframework,leap-htpl,0.7.7b,-,-,?,-,false,-
org.leapframework,leap-junit,0.7.7b,-,-,?,-,false,-
org.leapframework,leap-lang,0.7.7b,-,-,?,-,false,-
org.leapframework,leap-oauth2-server,0.7.7b,-,-,?,-,false,-
org.leapframework,leap-oauth2-webapp,0.7.7b,-,-,?,-,false,-
org.leapframework,leap-orm,0.7.7b,-,-,?,-,false,-
org.leapframework,leap-spring-boot,0.7.7b,-,-,?,-,false,-
org.leapframework,leap-spring-boot-orm,0.7.7b,-,-,?,-,false,-
org.leapframework,leap-spring-boot-web,0.7.7b,-,-,?,-,false,-
org.leapframework,leap-web,0.7.7b,-,-,?,-,false,-
org.leapframework,leap-webapi,0.7.7b,-,-,?,-,false,-
org.leapframework,leap-websecurity,0.7.7b,-,-,?,-,false,-
org.leapframework,leap-webunit,0.7.7b,-,-,?,-,false,-
org.pitest,pitest-junit5-plugin,0.7,-,-,?,-,false,-
org.typelevel,cats-effect_2.11,1.0.0-RC3,-,-,?,-,false,-
org.typelevel,cats-effect_2.12,1.0.0-RC3,-,-,?,-,false,-
org.typelevel,cats-effect_2.13.0-M4,1.0.0-RC3,-,-,?,-,false,-
org.typelevel,cats-effect-laws_2.11,1.0.0-RC3,-,-,?,-,false,-
org.typelevel,cats-effect-laws_2.12,1.0.0-RC3,-,-,?,-,false,-
org.typelevel,cats-effect-laws_2.13.0-M4,1.0.0-RC3,-,-,?,-,false,-
org.typelevel,cats-effect-laws_sjs0.6_2.11,1.0.0-RC3,-,-,?,-,false,-
org.typelevel,cats-effect-laws_sjs0.6_2.12,1.0.0-RC3,-,-,?,-,false,-
org.typelevel,cats-effect-laws_sjs0.6_2.13.0-M4,1.0.0-RC3,-,-,?,-,false,-
org.typelevel,cats-effect_sjs0.6_2.11,1.0.0-RC3,-,-,?,-,false,-
org.typelevel,cats-effect_sjs0.6_2.12,1.0.0-RC3,-,-,?,-,false,-
org.typelevel,cats-effect_sjs0.6_2.13.0-M4,1.0.0-RC3,-,-,?,-,false,-
org.virtuslab,beholder_2.11,1.2.0,-,-,?,-,false,-
pl.codewise,commons-aws-core,1.0.0,-,-,?,-,false,-
pl.codewise,commons-aws-spring,1.0.0,-,-,?,-,false,-
pl.codewise,commons-aws-test,1.0.0,-,-,?,-,false,-
