groupId,artifactId,version,moduleName,moduleVersion,moduleMode,moduleDependencies,jdepsToolError,jdepsViolations
com.datastax.oss.simulacron,simulacron-common,0.8.6,-,-,?,-,false,-
com.datastax.oss.simulacron,simulacron-driver-3x,0.8.6,-,-,?,-,false,-
com.datastax.oss.simulacron,simulacron-http-server,0.8.6,-,-,?,-,false,-
com.datastax.oss.simulacron,simulacron-native-protocol-json,0.8.6,-,-,?,-,false,-
com.datastax.oss.simulacron,simulacron-native-server,0.8.6,-,-,?,-,false,-
com.datastax.oss.simulacron,simulacron-standalone,0.8.6,-,-,?,-,false,sun.misc.Unsafe                          See http://openjdk.java.net/jeps/260 + sun.reflect.Reflection                   Use java.lang.StackWalker @since 9 + sun.security.x509.X500Name               Use javax.security.auth.x500.X500Principal @since 1.4
com.gitee.lopssh,mybatis-auditlog-plugin,1.0.0,-,-,?,-,false,-
com.google.apis,google-api-services-classroom,v1-rev196-1.24.1,-,-,?,-,false,-
com.google.apis,google-api-services-cloudtrace,v2-rev49-1.24.1,-,-,?,-,false,-
com.google.apis,google-api-services-logging,v2-rev600-1.23.0,-,-,?,-,false,-
com.google.apis,google-api-services-script,v1-rev247-1.23.0,-,-,?,-,false,-
com.groupbyinc,api-java-flux,2.5.133,-,-,?,-,false,-
de.philippkatz.maven.plugins,test-parser-plugin,3.1.0,-,-,?,-,false,-
edu.berkeley.cs,chisel-iotesters_2.11,1.2.3,-,-,?,-,false,-
edu.berkeley.cs,chisel-iotesters_2.12,1.2.3,-,-,?,-,false,-
org.valiktor,valiktor-core,0.2.0,-,-,?,-,false,-
org.valiktor,valiktor-javamoney,0.2.0,-,-,?,-,false,-
org.valiktor,valiktor-javatime,0.2.0,-,-,?,-,false,-
org.valiktor,valiktor-spring,0.2.0,-,-,?,-,false,-
org.valiktor,valiktor-spring-boot-autoconfigure,0.2.0,-,-,?,-,false,-
org.valiktor,valiktor-spring-boot-starter,0.2.0,-,-,?,-,false,-
