groupId,artifactId,version,moduleName,moduleVersion,moduleMode,moduleDependencies,jdepsToolError,jdepsViolations
am.ik.yavi,yavi,0.0.2,-,-,?,-,false,-
com.aliyun,aliyun-java-sdk-cloudapi,4.6.0,-,-,?,-,false,-
com.aliyun,aliyun-java-sdk-dataworks,3.0.0,-,-,?,-,false,-
com.dispalt.relay,relay-macro_sjs0.6_2.12,0.10.3,-,-,?,-,false,-
com.github.alexcojocaru,elasticsearch-maven-plugin,6.7,-,-,?,-,false,-
com.github.jlangch,venice,0.8.5,-,-,?,-,false,-
com.google.apis,google-api-services-container,v1-rev54-1.24.1,-,-,?,-,false,-
com.googlecode.libphonenumber,carrier,1.91,-,-,?,-,false,-
com.googlecode.libphonenumber,demo,8.9.12,-,-,?,-,false,-
com.googlecode.libphonenumber,geocoder,2.101,-,-,?,-,false,-
com.googlecode.libphonenumber,libphonenumber,8.9.12,-,-,?,-,false,-
com.googlecode.libphonenumber,prefixmapper,2.101,-,-,?,-,false,-
fi.metatavu.metaform,metaform-api-client,0.0.15,-,-,?,-,false,-
fi.metatavu.metaform,metaform-api-spec,0.0.27,-,-,?,-,false,-
org.smartboot.http,smart-http-server,1.0.1,-,-,?,-,false,-
