groupId,artifactId,version,moduleName,moduleVersion,moduleMode,moduleDependencies,jdepsToolError,jdepsViolations
com.twitter,algebird-core_2.11,0.13.4,-,-,?,-,false,-
com.twitter,algebird-spark_2.11,0.13.0,-,-,?,-,false,-
com.twitter,algebird-test_2.12,0.13.4,-,-,?,-,false,-
com.twitter,algebird-util_2.10,0.13.4,-,-,?,-,false,-
com.twitter,benchmark-server_2.12,17.10.0,-,-,?,-,false,-
com.twitter,bijection_2.12,0.9.6,-,-,?,-,false,-
com.twitter,bijection-avro_2.12,0.9.6,-,-,?,-,false,-
com.twitter,bijection-clojure_2.11,0.9.6,-,-,?,-,false,-
com.twitter,bijection-core_2.11,0.9.6,-,-,?,-,false,-
com.twitter,bijection-guava_2.11,0.9.6,-,-,?,-,false,-
com.twitter,bijection-hbase_2.12,0.9.6,-,-,?,-,false,-
com.twitter,bijection-jodatime_2.10,0.9.6,-,-,?,-,false,-
com.twitter,bijection-json_2.10,0.9.6,-,-,?,-,false,-
com.twitter,bijection-macros_2.10,0.9.6,-,-,?,-,false,-
com.twitter,bijection-netty_2.11,0.9.6,-,-,?,-,false,-
com.twitter,bijection-protobuf_2.10,0.9.6,-,-,?,-,false,-
com.twitter,chill_2.12,0.9.3,-,-,?,-,false,sun.reflect.ReflectionFactory            See http://openjdk.java.net/jeps/260
com.twitter,chill-akka_2.10,0.9.3,-,-,?,-,false,-
com.twitter,chill-avro_2.10,0.9.3,-,-,?,-,false,-
com.twitter,chill-bijection_2.11,0.9.3,-,-,?,-,false,-
com.twitter.common,application-action,0.0.91,-,-,?,-,false,-
com.twitter.common,base,0.0.116,-,-,?,-,false,-
com.twitter.common,collections,0.0.111,-,-,?,-,false,-
com.twitter.common,io,0.0.69,-,-,?,-,false,-
com.twitter.common,jdk-logging,0.0.83,-,-,?,-,false,-
com.twitter.common,metrics,0.0.39,-,-,?,-,false,-
com.twitter.common,objectsize,0.0.12,-,-,?,-,false,-
com.twitter.common,quantity,0.0.100,-,-,?,-,false,-
com.twitter.common,stat,0.0.75,-,-,?,-,false,-
com.twitter.common,stats,0.0.116,-,-,?,-,false,-
com.twitter.common,stats-provider,0.0.94,-,-,?,-,false,-
com.twitter.common,stats-registry,0.0.2,-,-,?,-,false,-
com.twitter.common,stats-util,0.0.60,-,-,?,-,false,-
com.twitter.common,util-executor-service-shutdown,0.0.68,-,-,?,-,false,-
com.twitter.common,util-sampler,0.0.79,-,-,?,-,false,-
com.twitter.common,util-system-mocks,0.0.105,-,-,?,-,false,-
com.twitter,finagle-exp_2.11,18.8.0,-,-,?,-,false,-
com.twitter,finagle-http_2.12,18.8.0,-,-,?,-,false,-
com.twitter,finagle-init_2.12,18.8.0,-,-,?,-,false,-
com.twitter,finagle-integration_2.12,18.8.0,-,-,?,-,false,-
com.twitter,finagle-netty3-http_2.12,18.2.0,-,-,?,-,false,-
com.twitter,finagle-netty4-http_2.11,18.8.0,-,-,?,-,false,-
com.twitter,finagle-stream_2.12,6.44.0,-,-,?,-,false,-
com.twitter,finagle-thrift_2.11,18.8.0,-,-,?,-,false,sun.misc.Unsafe                          See http://openjdk.java.net/jeps/260
com.twitter,finagle-zipkin_2.11,18.2.0,-,-,?,-,false,-
com.twitter,finatra-benchmarks_2.11,17.11.0,-,-,?,-,false,-
com.twitter.finatra,finatra-scalap-compiler-deps_2.12,2.0.0,-,-,?,-,false,-
com.twitter,inject-modules_2.12,18.8.0,-,-,?,-,false,-
com.twitter,inject-thrift-client_2.12,18.8.0,-,-,?,-,false,-
com.twitter,java-http-server_2.12,17.10.0,-,-,?,-,false,-
com.twitter,root_2.11,17.10.0,-,-,?,-,false,-
com.twitter,rsc_2.11,0.0.0-294-d7114447,-,-,?,-,false,-
com.twitter,rsc-rules_2.11,0.0.0-294-d7114447,-,-,?,-,false,-
com.twitter,scalding-args_2.12,0.17.4,-,-,?,-,false,-
com.twitter,scalding-date_2.11,0.17.4,-,-,?,-,false,-
com.twitter,scalding-db_2.11,0.17.4,-,-,?,-,false,-
com.twitter,scalding-json_2.12,0.17.4,-,-,?,-,false,-
com.twitter,scalding-parquet_2.11,0.17.4,-,-,?,-,false,-
com.twitter,scalding-serialization_2.11,0.17.4,-,-,?,-,false,-
com.twitter,scrooge-core_2.11,18.8.0,-,-,?,-,false,-
com.twitter,storehaus-cache_2.12,0.15.0,-,-,?,-,false,-
com.twitter,streaming-example_2.12,17.10.0,-,-,?,-,false,-
com.twitter,tormenta-avro_2.12,0.12.0,-,-,?,-,false,-
com.twitter,tormenta-core_2.11,0.12.0,-,-,?,-,false,-
com.twitter,twitter-server_2.12,18.8.0,-,-,?,-,false,-
com.twitter,twitter-server-slf4j-log4j12_2.12,18.8.0,-,-,?,-,false,-
com.twitter,util-cache_2.12,18.8.0,-,-,?,-,false,-
com.twitter,util-cache-guava_2.11,18.8.0,-,-,?,-,false,-
com.twitter,util-collection_2.12,18.8.0,-,-,?,-,false,-
com.twitter,util-events_2.11,7.0.0,-,-,?,-,false,-
com.twitter,util-jvm_2.11,18.8.0,-,-,?,-,false,-
com.twitter,util-reflect_2.11,18.8.0,-,-,?,-,false,-
com.twitter,util-security_2.12,18.8.0,-,-,?,-,false,-
com.twitter,util-slf4j-jul-bridge_2.11,18.8.0,-,-,?,-,false,-
com.twitter,util-zk_2.11,18.8.0,-,-,?,-,false,-
