groupId,artifactId,version,moduleName,moduleVersion,moduleMode,moduleDependencies,jdepsToolError,jdepsViolations
org.glassfish.external,javahelp,2.0.06,-,-,?,-,false,-
org.glassfish.external,management-api,3.2.1-b003,-,-,?,-,false,-
org.glassfish.fighterfish,osgi-cdi-api,1.0.1,-,-,?,-,false,-
org.glassfish.fighterfish,osgi-ee-resources,2.0.1,-,-,?,-,false,-
org.glassfish.fighterfish,osgi-ejb-container,1.0.4,-,-,?,-,false,-
org.glassfish.fighterfish,osgi-jdbc,1.0.2,-,-,?,-,false,-
org.glassfish.fighterfish,osgi-jpa,1.0.3,-,-,?,-,false,-
org.glassfish.fighterfish,osgi-jpa-extension,1.0.3,-,-,?,-,false,-
org.glassfish.fighterfish,osgi-jta,1.0.2,-,-,?,-,false,-
org.glassfish.fighterfish,osgi-web-container,2.0.1,-,-,?,-,false,-
org.glassfish.gmbal,gmbal,4.0.0-b002,-,-,?,-,false,-
org.glassfish.hk2,caching-aop-example-runner,2.5.0-b62,-,-,?,-,false,-
org.glassfish.hk2,caching-aop-example-system,2.5.0-b62,-,-,?,-,false,-
org.glassfish.hk2,config-generator,2.5.0-b53,-,-,?,-,false,-
org.glassfish.hk2,consolidatedbundle-maven-plugin,2.5.0-b61,-,-,?,-,false,-
org.glassfish.hk2,contract-bundle,2.5.0-b62,-,-,?,-,false,-
org.glassfish.hk2,ctm-example,2.5.0-b56,-,-,?,-,false,-
org.glassfish.hk2,custom-resolver-example,2.5.0-b62,-,-,?,-,false,-
org.glassfish.hk2.external,aopalliance-repackaged,2.5.0-b62,-,-,?,-,false,-
org.glassfish.hk2.external,javax.inject,2.5.0-b62,-,-,?,-,false,-
org.glassfish.hk2,faux-sdp-bundle,2.5.0-b62,-,-,?,-,false,-
org.glassfish.hk2,guice-bridge,2.5.0-b62,-,-,?,-,false,-
org.glassfish.hk2,hk2,2.5.0-b62,-,-,?,-,false,-
org.glassfish.hk2,hk2-collections-tests,2.5.0-b62,-,-,?,-,false,-
org.glassfish.hk2,hk2-config-hub-integration,2.5.0-b56,-,-,?,-,false,-
org.glassfish.hk2,hk2-configuration-hub,2.5.0-b62,-,-,?,-,false,-
org.glassfish.hk2,hk2-configuration-integration,2.5.0-b62,-,-,?,-,false,-
org.glassfish.hk2,hk2-core,2.5.0-b62,-,-,?,-,false,-
org.glassfish.hk2,hk2-dependency-verifier,2.5.0-b42,-,-,?,-,false,-
org.glassfish.hk2,hk2-extras,2.5.0-b62,-,-,?,-,false,-
org.glassfish.hk2,hk2-jmx,2.5.0-b62,-,-,?,-,false,-
org.glassfish.hk2,hk2-junitrunner,2.5.0-b62,-,-,?,-,false,-
org.glassfish.hk2,hk2-locator,2.5.0-b62,-,-,?,-,false,-
org.glassfish.hk2,hk2-locator-extras,2.5.0-b62,-,-,?,-,false,-
org.glassfish.hk2,hk2-locator-no-proxies2,2.5.0-b62,-,-,?,-,false,-
org.glassfish.hk2,hk2-locator-no-proxies,2.5.0-b62,-,-,?,-,false,-
org.glassfish.hk2,hk2-maven,2.5.0-b42,-,-,?,-,false,-
org.glassfish.hk2,hk2-metadata-generator,2.5.0-b62,-,-,?,-,false,-
org.glassfish.hk2,hk2-metadata-generator-test1,2.5.0-b62,-,-,?,-,false,-
org.glassfish.hk2,hk2-pbuf,2.5.0-b62,-,-,?,-,false,-
org.glassfish.hk2,hk2-runlevel,2.5.0-b62,-,-,?,-,false,-
org.glassfish.hk2,hk2-runlevel-extras,2.5.0-b62,-,-,?,-,false,-
org.glassfish.hk2,hk2-testng,2.5.0-b62,-,-,?,-,false,-
org.glassfish.hk2,hk2-utils,2.5.0-b62,-,-,?,-,false,-
org.glassfish.hk2,hk2-xml,2.5.0-b62,-,-,?,-,false,-
org.glassfish.hk2,hk2-xml-integration-test,2.5.0-b62,-,-,?,-,false,-
org.glassfish.hk2,hk2-xml-schema,2.5.0-b62,-,-,?,-,false,-
org.glassfish.hk2,interceptor-events,2.5.0-b62,-,-,?,-,false,-
org.glassfish.hk2,no-hk2-bundle,2.5.0-b62,-,-,?,-,false,-
org.glassfish.hk2,operations-example,2.5.0-b62,-,-,?,-,false,-
org.glassfish.hk2,osgi-adapter-test,2.5.0-b62,-,-,?,-,false,-
org.glassfish.hk2,security-lockdown-example-runner,2.5.0-b62,-,-,?,-,false,-
org.glassfish.hk2,security-lockdown-example-system,2.5.0-b62,-,-,?,-,false,-
org.glassfish.hk2,spring-bridge,2.5.0-b62,-,-,?,-,false,-
org.glassfish.hk2,test-module-startup,2.5.0-b62,-,-,?,-,false,-
org.glassfish.hk2,threading-event-example,2.5.0-b62,-,-,?,-,false,-
org.glassfish.hk2,webserver-configuration-example,2.5.0-b62,-,-,?,-,false,-
org.glassfish.hk2,xml-configuration-example,2.5.0-b62,-,-,?,-,false,-
