groupId,artifactId,version,moduleName,moduleVersion,moduleMode,moduleDependencies,jdepsToolError,jdepsViolations
ch.epfl.lamp,dotty_0.10,0.10.0-bin-20180824-675b2ac-NIGHTLY,-,-,?,-,false,-
ch.epfl.lamp,dotty-compiler_0.10,0.10.0-bin-20180824-675b2ac-NIGHTLY,-,-,?,-,false,-
ch.epfl.lamp,dotty-doc_0.10,0.10.0-bin-20180824-675b2ac-NIGHTLY,-,-,?,-,false,-
ch.epfl.lamp,dotty-interfaces,0.10.0-bin-20180824-675b2ac-NIGHTLY,-,-,?,-,false,-
ch.epfl.lamp,dotty-language-server_0.10,0.10.0-bin-20180824-675b2ac-NIGHTLY,-,-,?,-,false,-
ch.epfl.lamp,dotty-library_0.10,0.10.0-bin-20180824-675b2ac-NIGHTLY,-,-,?,-,false,sun.misc.Unsafe                          See http://openjdk.java.net/jeps/260
ch.epfl.lamp,scala-compiler,0.10.0-bin-20180824-675b2ac-NIGHTLY,-,-,?,-,false,-
ch.epfl.lamp,scala-library,0.10.0-bin-20180824-675b2ac-NIGHTLY,-,-,?,-,false,-
ch.epfl.lamp,scalap,0.10.0-bin-20180824-675b2ac-NIGHTLY,-,-,?,-,false,-
ch.epfl.lamp,scala-reflect,0.10.0-bin-20180824-675b2ac-NIGHTLY,-,-,?,-,false,-
com.appaloosa-store,appaloosa-client,1.9,-,-,?,-,false,-
com.bizrateinsights,metrics-cloudwatch,1.4,-,-,?,-,false,-
com.bpodgursky,jbool_expressions,1.17,-,-,?,-,false,-
com.cloudant,cloudant-client,2.13.0,-,-,?,-,false,-
com.cloudant,cloudant-client-cache,0.4.0,-,-,?,-,false,-
com.cloudant,cloudant-client-cache-in-process,0.4.0,-,-,?,-,false,-
com.cloudant,cloudant-client-cache-redis,0.4.0,-,-,?,-,false,-
com.cloudant,cloudant-http,2.13.0,-,-,?,-,false,-
com.cloudant,cloudant-spring-boot-starter,0.0.3,-,-,?,-,false,-
com.cloudant,cloudant-spring-framework,0.0.3,-,-,?,-,false,-
com.cloudant,cloudant-sync-datastore-android,2.3.0,-,-,?,-,false,-
com.cloudant,cloudant-sync-datastore-android-encryption,2.3.0,-,-,?,-,false,-
com.cloudant,cloudant-sync-datastore-core,2.3.0,-,-,?,-,false,-
com.cloudant,cloudant-sync-datastore-javase,2.3.0,-,-,?,-,false,-
com.cloudant,kafka-connect-cloudant,0.100.2-kafka-1.0.0,-,-,?,-,false,-
com.facebook.jcommon,collections,0.1.32,-,-,?,-,false,-
com.facebook.jcommon,collections-foundation,0.1.32,-,-,?,-,false,-
com.facebook.jcommon,concurrency,0.1.32,-,-,?,-,false,-
com.facebook.jcommon,concurrent-stats,0.1.32,-,-,?,-,false,-
com.facebook.jcommon,config,0.1.32,-,-,?,-,false,-
com.facebook.jcommon,data,0.1.32,-,-,?,-,false,-
com.facebook.jcommon,lifecycle,0.1.32,-,-,?,-,false,-
com.facebook.jcommon,logging,0.1.32,-,-,?,-,false,-
com.facebook.jcommon,logging-log4j,0.1.32,-,-,?,-,false,-
com.facebook.jcommon,logging-util,0.1.32,-,-,?,-,false,-
com.facebook.jcommon,memory,0.1.32,-,-,?,-,false,sun.misc.Unsafe                          See http://openjdk.java.net/jeps/260
com.facebook.jcommon,stats,0.1.32,-,-,?,-,false,sun.misc.Unsafe                          See http://openjdk.java.net/jeps/260
com.facebook.jcommon,testing,0.1.32,-,-,?,-,false,-
com.facebook.jcommon,tools,0.1.32,-,-,?,-,false,-
com.facebook.jcommon,util,0.1.32,-,-,?,-,false,-
com.facebook.jcommon,zookeeper,0.1.32,-,-,?,-,false,-
com.facebook.presto.hadoop,hadoop-apache1,1.2.1-1,-,-,?,-,false,-
com.facebook.presto.hadoop,hadoop-apache2,2.7.4-3,-,-,?,-,false,sun.misc.Cleaner                         Use java.lang.ref.PhantomReference @since 1.2 or java.lang.ref.Cleaner @since 9 + sun.misc.Signal                          See http://openjdk.java.net/jeps/260 + sun.misc.SignalHandler                   See http://openjdk.java.net/jeps/260 + sun.misc.Unsafe                          See http://openjdk.java.net/jeps/260 + sun.security.x509.X500Name               Use javax.security.auth.x500.X500Principal @since 1.4
com.facebook.presto.hadoop,hadoop-cdh4,4.7.1-1,-,-,?,-,false,sun.misc.Signal                          See http://openjdk.java.net/jeps/260 + sun.misc.SignalHandler                   See http://openjdk.java.net/jeps/260 + sun.misc.Unsafe                          See http://openjdk.java.net/jeps/260
com.facebook.presto,presto-accumulo,0.208,-,-,?,-,false,-
com.facebook.presto,presto-array,0.208,-,-,?,-,false,-
com.facebook.presto,presto-atop,0.208,-,-,?,-,false,-
com.facebook.presto,presto-base-jdbc,0.208,-,-,?,-,false,-
com.facebook.presto,presto-benchmark,0.208,-,-,?,-,false,-
com.facebook.presto,presto-benchmark-driver,0.208,-,-,?,-,false,-
com.facebook.presto,presto-blackhole,0.208,-,-,?,-,false,-
com.facebook.presto,presto-bytecode,0.192,-,-,?,-,false,-
com.facebook.presto,presto-cassandra,0.208,-,-,?,-,false,-
com.facebook.presto,presto-client,0.208,-,-,?,-,false,-
com.facebook.presto,presto-example-http,0.208,-,-,?,-,false,-
com.facebook.presto,presto-geospatial,0.208,-,-,?,-,false,-
com.facebook.presto,presto-geospatial-toolkit,0.208,-,-,?,-,false,-
com.facebook.presto,presto-hive,0.208,-,-,?,-,false,sun.misc.Unsafe                          See http://openjdk.java.net/jeps/260
com.facebook.presto,presto-hive-cdh4,0.178,-,-,?,-,false,-
com.facebook.presto,presto-hive-cdh5,0.178,-,-,?,-,false,-
com.facebook.presto,presto-hive-hadoop1,0.178,-,-,?,-,false,-
com.facebook.presto,presto-jdbc,0.208,-,-,?,-,false,sun.misc.Unsafe                          See http://openjdk.java.net/jeps/260
com.facebook.presto,presto-jmx,0.208,-,-,?,-,false,-
com.facebook.presto,presto-main,0.208,-,-,?,-,false,-
com.facebook.presto,presto-matching,0.208,-,-,?,-,false,-
com.facebook.presto,presto-maven-plugin,0.4,-,-,?,-,false,-
com.facebook.presto,presto-memory,0.208,-,-,?,-,false,-
com.facebook.presto,presto-memory-context,0.208,-,-,?,-,false,-
com.facebook.presto,presto-ml,0.208,-,-,?,-,false,-
com.facebook.presto,presto-orc,0.208,-,-,?,-,false,sun.misc.Unsafe                          See http://openjdk.java.net/jeps/260
com.facebook.presto,presto-parser,0.208,-,-,?,-,false,-
com.facebook.presto,presto-postgresql,0.208,-,-,?,-,false,-
com.facebook.presto,presto-product-tests,0.208,-,-,?,-,false,-
com.facebook.presto,presto-rcfile,0.208,-,-,?,-,false,-
com.facebook.presto,presto-redis,0.208,-,-,?,-,false,-
com.facebook.presto,presto-redshift,0.208,-,-,?,-,false,-
com.facebook.presto,presto-resource-group-managers,0.208,-,-,?,-,false,-
com.facebook.presto,presto-server,0.208,-,-,?,-,false,-
com.facebook.presto,presto-spi,0.208,-,-,?,-,false,sun.misc.Unsafe                          See http://openjdk.java.net/jeps/260
com.facebook.presto,presto-sqlserver,0.208,-,-,?,-,false,-
com.facebook.presto,presto-teradata-functions,0.208,-,-,?,-,false,-
com.facebook.presto,presto-testing-server-launcher,0.208,-,-,?,-,false,-
com.facebook.presto,presto-tests,0.208,-,-,?,-,false,-
com.facebook.presto,presto-thrift-connector,0.208,-,-,?,-,false,-
com.facebook.presto,presto-thrift-connector-api,0.208,-,-,?,-,false,-
com.facebook.presto,presto-tpch,0.208,-,-,?,-,false,-
com.facebook.presto,presto-verifier,0.208,-,-,?,-,false,-
com.facebook.swift,swift2thrift-generator-cli,0.23.1,-,-,?,-,false,-
com.facebook.swift,swift-annotations,0.23.1,-,-,?,-,false,-
com.facebook.swift,swift-codec,0.23.1,-,-,?,-,false,-
com.facebook.swift,swift-generator,0.23.1,-,-,?,-,false,-
com.facebook.swift,swift-generator-cli,0.23.1,-,-,?,-,false,-
com.facebook.swift,swift-idl-parser,0.23.1,-,-,?,-,false,-
com.facebook.swift,swift-javadoc,0.23.1,-,-,?,-,false,-
com.facebook.swift,swift-service,0.23.1,-,-,?,-,false,-
com.google.apis,google-api-services-appsactivity,v1-rev178-1.25.0,-,-,?,-,false,-
com.google.apis,google-api-services-cloudprofiler,v2-rev8-1.25.0,-,-,?,-,false,-
com.google.apis,google-api-services-plus,v1-rev555-1.25.0,-,-,?,-,false,-
com.google.apis,google-api-services-reseller,v1sandbox-rev60-1.22.0,-,-,?,-,false,-
com.google.apis,google-api-services-servicebroker,v1-rev9-1.25.0,-,-,?,-,false,-
com.google.apis,google-api-services-serviceconsumermanagement,v1-rev138-1.25.0,-,-,?,-,false,-
com.google.apis,google-api-services-servicecontrol,v1-rev99-1.25.0,-,-,?,-,false,-
com.google.apis,google-api-services-servicemanagement,v1-rev409-1.25.0,-,-,?,-,false,-
com.google.apis,google-api-services-serviceusage,v1-rev42-1.25.0,-,-,?,-,false,-
com.gozefo.brahma,brahma-dao,1.0.1,-,-,?,-,false,-
com.gozefo.brahma,brahma-hibernateutils,1.0.1,-,-,?,-,false,-
com.hurence.logisland,logisland-cyber-security-plugin,0.14.0,-,-,?,-,false,-
com.hurence.logisland,logisland-ip-to-geo-service-api,0.14.0,-,-,?,-,false,-
com.hurence.logisland,logisland-querymatcher-plugin,0.14.0,-,-,?,-,false,-
com.hurence.logisland,logisland-spark_2_1-engine_2.11,0.14.0,-,-,?,-,false,-
com.imadethatcow,hipchat-scala_2.11,1.2,-,-,?,-,false,-
com.jongsoft.lang,collections,0.0.2,com.jongsoft.lang.collection,-,explicit,com.jongsoft.lang.common + java.base,true,-
com.jongsoft.lang,commons,0.0.2,com.jongsoft.lang.common,-,explicit,java.base,false,-
com.jongsoft.lang,functional,0.0.2,com.jongsoft.lang.functional,-,explicit,com.jongsoft.lang.common + java.base,true,-
com.jongsoft.test,testing-utils-jms,0.1.3,-,-,?,-,false,-
com.jongsoft.utils,highchart-core,2.2.4,-,-,?,-,false,-
com.jongsoft.utils,highchart-export-server,2.2.4,-,-,?,-,false,-
com.jongsoft.utils,highchart-phantomjs,2.2.4,-,-,?,-,false,-
com.jongsoft.utils,highchart-web,2.2.4,-,-,?,-,false,-
com.mihnita,color-loggers,1.0.5,-,-,?,-,false,-
com.mopano,hibernate-array-contributor,1.0,-,-,?,-,false,-
com.mopano,hibernate-json-contributor,1.1,-,-,?,-,false,-
com.petersamokhin,vk-bot-java-sdk,0.1.3,-,-,?,-,false,-
com.pushradar,pushradar-java,1.0.2,-,-,?,-,false,-
com.seismicgames,jersey-swagger-archetype,1.0.2,-,-,?,-,false,-
com.site24x7.apminsight.java,apminsight-javaagent-api,3.9.2,-,-,?,-,false,-
com.taxjar,taxjar-java,1.1.0,-,-,?,-,false,-
com.thecoderscorner.tcmenu,tcMenuJavaAPI,0.8,-,-,?,-,false,-
com.trasier,trasier-client-api,0.9.8,-,-,?,-,false,-
com.trasier,trasier-client-core,0.9.8,-,-,?,-,false,-
com.trasier,trasier-client-pubsub,0.9.8,-,-,?,-,false,-
com.trasier,trasier-client-pubsub-shaded,0.9.8,-,-,?,-,false,sun.misc.Unsafe                          See http://openjdk.java.net/jeps/260 + sun.security.x509.X500Name               Use javax.security.auth.x500.X500Principal @since 1.4
com.trasier,trasier-client-spring,0.9.8,-,-,?,-,false,-
com.trasier,trasier-client-spring4,0.9.5,-,-,?,-,false,-
com.trasier,trasier-client-spring4-interceptor,0.9.5,-,-,?,-,false,-
com.trasier,trasier-client-spring4-shaded,0.9.5,-,-,?,-,false,-
com.trasier,trasier-client-spring4-sleuth,0.9.5,-,-,?,-,false,-
com.trasier,trasier-client-spring-interceptor-rest,0.9.8,-,-,?,-,false,-
com.trasier,trasier-client-spring-interceptor-servlet,0.9.8,-,-,?,-,false,-
com.trasier,trasier-client-spring-interceptor-ws,0.9.8,-,-,?,-,false,-
com.trasier,trasier-client-spring-shaded,0.9.8,-,-,?,-,false,-
com.trasier,trasier-client-spring-sleuth,0.9.8,-,-,?,-,false,-
com.unittesters,munit-db-testcontainers-connector,0.0.3,-,-,?,-,false,-
com.zoepepper,scalajs-jsjoda-as-java-time_sjs0.6_2.11,1.1.1,-,-,?,-,false,-
com.zoepepper,scalajs-jsjoda-as-java-time_sjs0.6_2.12,1.1.2,-,-,?,-,false,-
com.zoepepper,scalajs-jsjoda_sjs0.6_2.11,1.1.1,-,-,?,-,false,-
com.zoepepper,scalajs-jsjoda_sjs0.6_2.12,1.1.2,-,-,?,-,false,-
io.github.lamp-china.ledis,lamp-ledis-core,0.0.2,-,-,?,-,false,-
io.github.lamp-china.ledis,lamp-ledis-spring,0.0.2,-,-,?,-,false,-
io.github.lamp-china.ledis,lamp-ledis-spring-boot-autoconfigure,0.0.2,-,-,?,-,false,-
org.eurekaclinical,eurekaclinical-protempa-client,2.0-Beta-1,-,-,?,-,false,-
org.eurekaclinical,protempa-bconfigs-ini4j-ini,5.0-Beta-12,-,-,?,-,false,-
org.eurekaclinical,protempa-bcp-serviceloader,5.0-Beta-12,-,-,?,-,false,-
org.eurekaclinical,protempa-bp-serviceloader,5.0-Beta-12,-,-,?,-,false,-
org.eurekaclinical,protempa-dsb-file,5.0-Beta-12,-,-,?,-,false,-
org.eurekaclinical,protempa-dsb-relationaldb,5.0-Beta-12,-,-,?,-,false,-
org.eurekaclinical,protempa-framework,5.0-Beta-12,-,-,?,-,false,-
org.eurekaclinical,protempa-ksb-protege,5.0-Beta-12,-,-,?,-,false,-
org.eurekaclinical,protempa-test-suite,5.0-Beta-12,-,-,?,-,false,-
top.jfunc.common,converter,1.4,-,-,?,-,false,-
top.jfunc.common,network-converter,1.4,-,-,?,-,false,-
