groupId,artifactId,version,moduleName,moduleVersion,moduleMode,moduleDependencies,jdepsToolError,jdepsViolations
com.manorrock.herring,herring,1.2.0,-,-,?,-,false,-
eu.coldrye.junit,enum-test-base,1.0.0,-,-,?,-,false,-
eu.coldrye.junit,file-assertions,1.0.0,-,-,?,-,false,-
eu.coldrye.junit,junit-common,1.2.0,-,-,?,-,false,-
eu.coldrye.junit,junit-env-extension,1.0.4,-,-,?,-,false,-
eu.coldrye.junit,junit-testing-common,1.0.2,-,-,?,-,false,-
org.mockito,mockito-scala_2.11,0.3.2,-,-,?,-,false,-
org.mockito,mockito-scala_2.12,0.3.2,-,-,?,-,false,-
org.ops4j.pax.exam,pax-exam,4.12.0,-,-,?,-,false,-
org.ops4j.pax.exam,pax-exam-cdi,4.12.0,-,-,?,-,false,-
org.ops4j.pax.exam,pax-exam-cm,4.12.0,-,-,?,-,false,-
org.ops4j.pax.exam,pax-exam-container-rbc-client,4.12.0,-,-,?,-,false,-
org.ops4j.pax.exam,pax-exam-container-remote,4.12.0,-,-,?,-,false,-
org.ops4j.pax.exam,pax-exam-container-tomcat,4.12.0,-,-,?,-,false,-
org.ops4j.pax.exam,pax-exam-container-weld,4.12.0,-,-,?,-,false,-
org.ops4j.pax.exam,pax-exam-container-wildfly90,4.12.0,-,-,?,-,false,-
org.ops4j.pax.exam,pax-exam-junit4,4.12.0,-,-,?,-,false,-
org.ops4j.pax.exam,pax-exam-link-mvn,4.12.0,-,-,?,-,false,-
org.ops4j.pax.exam,pax-exam-spi,4.12.0,-,-,?,-,false,-
org.ops4j.pax.jdbc,pax-jdbc,1.3.0,-,-,?,-,false,-
org.ops4j.pax.jdbc,pax-jdbc-checkstyle-rules,1.3.0,-,-,?,-,false,-
org.ops4j.pax.jdbc,pax-jdbc-common,1.3.0,-,-,?,-,false,-
org.ops4j.pax.jdbc,pax-jdbc-config,1.3.0,-,-,?,-,false,-
org.ops4j.pax.jdbc,pax-jdbc-db2,1.3.0,-,-,?,-,false,-
org.ops4j.pax.jdbc,pax-jdbc-derby,1.3.0,-,-,?,-,false,-
org.ops4j.pax.jdbc,pax-jdbc-derbyclient,1.3.0,-,-,?,-,false,-
org.ops4j.pax.jdbc,pax-jdbc-hsqldb,1.3.0,-,-,?,-,false,-
org.ops4j.pax.jdbc,pax-jdbc-itest,1.3.0,-,-,?,-,false,-
org.ops4j.pax.jdbc,pax-jdbc-jtds,1.3.0,-,-,?,-,false,-
org.ops4j.pax.jdbc,pax-jdbc-karaf-itest,1.3.0,-,-,?,-,false,-
org.ops4j.pax.jdbc,pax-jdbc-mariadb,1.3.0,-,-,?,-,false,-
org.ops4j.pax.jdbc,pax-jdbc-mssql,1.3.0,-,-,?,-,false,-
org.ops4j.pax.jdbc,pax-jdbc-mysql,1.3.0,-,-,?,-,false,-
org.ops4j.pax.jdbc,pax-jdbc-oracle,1.3.0,-,-,?,-,false,-
org.ops4j.pax.jdbc,pax-jdbc-pool-aries,1.3.0,-,-,?,-,false,-
org.ops4j.pax.jdbc,pax-jdbc-pool-c3p0,1.3.0,-,-,?,-,false,-
org.ops4j.pax.jdbc,pax-jdbc-pool-common,1.3.0,-,-,?,-,false,-
org.ops4j.pax.jdbc,pax-jdbc-pool-dbcp2,1.3.0,-,-,?,-,false,-
org.ops4j.pax.jdbc,pax-jdbc-pool-hikaricp,1.3.0,-,-,?,-,false,-
org.ops4j.pax.jdbc,pax-jdbc-pool-narayana,1.3.0,-,-,?,-,false,-
org.ops4j.pax.jdbc,pax-jdbc-pool-transx,1.3.0,-,-,?,-,false,-
org.ops4j.pax.jdbc,pax-jdbc-sqlite,1.3.0,-,-,?,-,false,-
org.ops4j.pax.jdbc,pax-jdbc-teradata,1.3.0,-,-,?,-,false,-
org.ops4j.pax.keycloak,pax-keycloak-core,0.2.0,-,-,?,-,false,-
org.ops4j.pax.keycloak,pax-keycloak-hawtio,0.2.0,-,-,?,-,false,-
org.ops4j.pax.keycloak,pax-keycloak-jaas,0.2.0,-,-,?,-,false,-
org.ops4j.pax.keycloak,pax-keycloak-jetty,0.2.0,-,-,?,-,false,-
org.ops4j.pax.keycloak,pax-keycloak-tomcat,0.2.0,-,-,?,-,false,-
org.ops4j.pax.keycloak,pax-keycloak-undertow,0.2.0,-,-,?,-,false,-
org.ops4j.pax.tinybundles,tinybundles,3.0.0,-,-,?,-,false,-
org.ops4j.pax.url,pax-url-aether,2.5.4,-,-,?,-,false,-
org.ops4j.pax.url,pax-url-aether-support,2.5.4,-,-,?,-,false,-
org.ops4j.pax.url,pax-url-assembly,2.5.4,-,-,?,-,false,-
org.ops4j.pax.url,pax-url-cache,2.5.4,-,-,?,-,false,-
org.ops4j.pax.url,pax-url-classpath,2.5.4,-,-,?,-,false,-
org.ops4j.pax.url,pax-url-commons,2.5.4,-,-,?,-,false,-
org.ops4j.pax.url,pax-url-dir,2.5.4,-,-,?,-,false,-
org.ops4j.pax.url,pax-url-link,2.5.4,-,-,?,-,false,-
org.ops4j.pax.url,pax-url-obr,2.5.4,-,-,?,-,false,-
org.ops4j.pax.url,pax-url-reference,2.5.4,-,-,?,-,false,-
org.ops4j.pax.url,pax-url-war,2.5.4,-,-,?,-,false,-
org.ops4j.pax.url,pax-url-wrap,2.5.4,-,-,?,-,false,-
org.ops4j.pax.web.itest.container,pax-web-itest-container-jetty,7.2.3,-,-,?,-,false,-
org.ops4j.pax.web.itest.container,pax-web-itest-container-tomcat,7.2.3,-,-,?,-,false,-
org.ops4j.pax.web.itest.container,pax-web-itest-container-undertow,7.2.3,-,-,?,-,false,-
org.ops4j.pax.web.itest,pax-web-itest-base,7.2.3,-,-,?,-,false,-
org.ops4j.pax.web.itest,pax-web-itest-common,7.2.3,-,-,?,-,false,-
org.ops4j.pax.web.itest,pax-web-itest-karaf,7.2.3,-,-,?,-,false,-
org.ops4j.pax.web,pax-web-api,7.2.3,-,-,?,-,false,-
org.ops4j.pax.web,pax-web-deployer,7.2.3,-,-,?,-,false,-
org.ops4j.pax.web,pax-web-extender-war,7.2.3,-,-,?,-,false,-
org.ops4j.pax.web,pax-web-extender-whiteboard,7.2.3,-,-,?,-,false,-
org.ops4j.pax.web,pax-web-itest-karaf,3.3.2,-,-,?,-,false,-
org.ops4j.pax.web,pax-web-jetty,7.2.3,-,-,?,-,false,-
org.ops4j.pax.web,pax-web-jetty-bundle,7.2.3,-,-,?,-,false,-
org.ops4j.pax.web,pax-web-jsp,7.2.3,-,-,?,-,false,-
org.ops4j.pax.web,pax-web-resources-api,7.2.3,-,-,?,-,false,-
org.ops4j.pax.web,pax-web-resources-jsf,7.2.3,-,-,?,-,false,-
org.ops4j.pax.web,pax-web-runtime,7.2.3,-,-,?,-,false,-
org.ops4j.pax.web,pax-web-spi,7.2.3,-,-,?,-,false,-
org.ops4j.pax.web,pax-web-tomcat,7.2.3,-,-,?,-,false,-
org.ops4j.pax.web,pax-web-undertow,7.2.3,-,-,?,-,false,-
org.ops4j.pax.web.samples,authentication,7.2.3,-,-,?,-,false,-
org.ops4j.pax.web.samples,helloworld-hs,7.2.3,-,-,?,-,false,-
org.ops4j.pax.web.samples,helloworld-jsp,7.2.3,-,-,?,-,false,-
org.ops4j.pax.web.samples,helloworld-jsp-noclasses,7.2.3,-,-,?,-,false,-
org.ops4j.pax.web.samples,helloworld-wc,7.2.3,-,-,?,-,false,-
org.ops4j.pax.web.samples,http-custom-context,7.2.3,-,-,?,-,false,-
org.ops4j.pax.web.samples,jetty-auth-config-fragment,7.2.3,-,-,?,-,false,-
org.ops4j.pax.web.samples,jetty-config-fragment,7.2.3,-,-,?,-,false,-
org.ops4j.pax.web.samples,jsf-resourcehandler-myfaces,7.2.3,-,-,?,-,false,-
org.ops4j.pax.web.samples,jsf-resourcehandler-resourcebundle,7.2.3,-,-,?,-,false,-
org.ops4j.pax.web.samples,jsf-resourcehandler-resourcebundle-override,7.2.3,-,-,?,-,false,-
org.ops4j.pax.web.samples,provision,7.2.3,-,-,?,-,false,-
org.ops4j.pax.web.samples,tomcat-auth-config-fragment,7.2.3,-,-,?,-,false,-
org.ops4j.pax.web.samples,tomcat-config-fragment,7.2.3,-,-,?,-,false,-
org.ops4j.pax.web.samples,undertow-auth-config-fragment,7.2.3,-,-,?,-,false,-
org.ops4j.pax.web.samples,wab-jetty-web,7.2.3,-,-,?,-,false,-
org.ops4j.pax.web.samples,war-jsf-cdi,7.2.3,-,-,?,-,false,-
org.ops4j.pax.web.samples.web-fragment,fragment,7.2.3,-,-,?,-,false,-
org.ops4j.pax.web.samples.web-fragment,war,7.2.3,-,-,?,-,false,-
org.ops4j.pax.web.samples,web-jersey,7.2.3,-,-,?,-,false,-
org.ops4j.pax.web.samples,whiteboard,7.2.3,-,-,?,-,false,-
org.ops4j.pax.web.samples,whiteboard-blueprint,7.2.3,-,-,?,-,false,-
org.ops4j.pax.web.samples,whiteboard-ds,7.2.3,-,-,?,-,false,-
org.ops4j.pax.web.samples,whiteboard-extended,7.2.3,-,-,?,-,false,-
