groupId,artifactId,version,moduleName,moduleVersion,moduleMode,moduleDependencies,jdepsToolError,jdepsViolations
am.ik.yavi,yavi,0.0.8,-,-,?,-,false,-
com.conductor,stream-utils,1.2.1,-,-,?,-,false,-
com.gitee.sergius,api-generator,1.0.0,-,-,?,-,false,-
com.github.aro-tech,extended-mockito,2.21.0.1,-,-,?,-,false,-
com.github.aro-tech,tdd-mixins-core,1.1.20,-,-,?,-,false,-
com.groupbyinc,api-java-flux,2.5.137,-,-,?,-,false,-
com.ibm.cos-aspera,cos-aspera-linux-64,0.1.163682,-,-,?,-,false,-
com.ibm.cos-aspera,cos-aspera-mac-10.13-64,0.1.163682,-,-,?,-,false,-
com.ibm.cos-aspera,cos-aspera-win-v140_xp-64,0.1.163682,-,-,?,-,false,-
com.jamesmurty.utils,java-xmlbuilder,1.2,-,-,?,-,false,-
com.js-lib,js-commons,1.1.3,-,-,?,-,false,-
com.js-lib,js-csv,1.0.0,-,-,?,-,false,-
com.js-lib,js-dom,1.0.0,-,-,?,-,false,-
com.js-lib,js-dom-api,1.0,-,-,?,-,false,-
com.js-lib,js-email-api,1.0,-,-,?,-,false,-
com.js-lib,js-fop,1.0.0,-,-,?,-,false,-
com.js-lib,js-hibernate,1.1.0,-,-,?,-,false,-
com.js-lib,js-javamail,1.0.0,-,-,?,-,false,-
com.js-lib,js-json,1.0.0,-,-,?,-,false,-
com.js-lib,js-json-api,1.0,-,-,?,-,false,-
com.js-lib,js-log4j,1.0.0,-,-,?,-,false,-
com.js-lib,js-net-client,1.0.0,-,-,?,-,false,-
com.js-lib,js-soap,1.0.0,-,-,?,-,false,-
com.js-lib,js-template-api,1.0,-,-,?,-,false,-
com.js-lib,js-transaction-api,1.0,-,-,?,-,false,-
com.js-lib,js-unit,1.0.0,-,-,?,-,false,-
com.js-lib,js-xhtml-template,1.0.0,-,-,?,-,false,-
com.js-lib,tiny-container,1.0.0,-,-,?,-,false,-
com.lifeway.aws,scala-lambda-handler_2.12,0.1.0,-,-,?,-,false,-
com.lightbend.akka,akka-management-cluster-http_2.11,0.6,-,-,?,-,false,-
com.lightbend.akka,akka-management-cluster-http_2.12,0.6,-,-,?,-,false,-
com.lightbend.akka,akka-stream-alpakka-amqp_2.11,0.20,akka.stream.alpakka.amqp,-,automatic,-,false,-
com.lightbend.akka,akka-stream-alpakka-amqp_2.12,0.20,akka.stream.alpakka.amqp,-,automatic,-,false,-
com.lightbend.akka,akka-stream-alpakka-awslambda_2.11,0.20,akka.stream.alpakka.aws.lambda,-,automatic,-,false,-
com.lightbend.akka,akka-stream-alpakka-awslambda_2.12,0.20,akka.stream.alpakka.aws.lambda,-,automatic,-,false,-
com.lightbend.akka,akka-stream-alpakka-azure-storage-queue_2.11,0.20,akka.stream.alpakka.azure.storagequeue,-,automatic,-,false,-
com.lightbend.akka,akka-stream-alpakka-azure-storage-queue_2.12,0.20,akka.stream.alpakka.azure.storagequeue,-,automatic,-,false,-
com.lightbend.akka,akka-stream-alpakka-cassandra_2.11,0.20,akka.stream.alpakka.cassandra,-,automatic,-,false,-
com.lightbend.akka,akka-stream-alpakka-cassandra_2.12,0.20,akka.stream.alpakka.cassandra,-,automatic,-,false,-
com.lightbend.akka,akka-stream-alpakka-csv_2.11,0.20,akka.stream.alpakka.csv,-,automatic,-,false,-
com.lightbend.akka,akka-stream-alpakka-csv_2.12,0.20,akka.stream.alpakka.csv,-,automatic,-,false,-
com.lightbend.akka,akka-stream-alpakka-dynamodb_2.11,0.20,akka.stream.alpakka.aws.dynamodb,-,automatic,-,false,-
com.lightbend.akka,akka-stream-alpakka-dynamodb_2.12,0.20,akka.stream.alpakka.aws.dynamodb,-,automatic,-,false,-
com.lightbend.akka,akka-stream-alpakka-elasticsearch_2.11,0.20,akka.stream.alpakka.elasticsearch,-,automatic,-,false,-
com.lightbend.akka,akka-stream-alpakka-elasticsearch_2.12,0.20,akka.stream.alpakka.elasticsearch,-,automatic,-,false,-
com.lightbend.akka,akka-stream-alpakka-file_2.11,0.20,akka.stream.alpakka.file,-,automatic,-,false,-
com.lightbend.akka,akka-stream-alpakka-file_2.12,0.20,akka.stream.alpakka.file,-,automatic,-,false,-
com.lightbend.akka,akka-stream-alpakka-ftp_2.11,0.20,akka.stream.alpakka.ftp,-,automatic,-,false,-
com.lightbend.akka,akka-stream-alpakka-ftp_2.12,0.20,akka.stream.alpakka.ftp,-,automatic,-,false,-
com.lightbend.akka,akka-stream-alpakka-geode_2.11,0.20,akka.stream.alpakka.geode,-,automatic,-,false,-
com.lightbend.akka,akka-stream-alpakka-geode_2.12,0.20,akka.stream.alpakka.geode,-,automatic,-,false,-
com.lightbend.akka,akka-stream-alpakka-google-cloud-pub-sub_2.11,0.20,akka.stream.alpakka.google.cloud.pubsub,-,automatic,-,false,-
com.lightbend.akka,akka-stream-alpakka-google-cloud-pub-sub_2.12,0.20,akka.stream.alpakka.google.cloud.pubsub,-,automatic,-,false,-
com.lightbend.akka,akka-stream-alpakka-google-fcm_2.11,0.20,akka.stream.alpakka.google.firebase.fcm,-,automatic,-,false,-
com.lightbend.akka,akka-stream-alpakka-google-fcm_2.12,0.20,akka.stream.alpakka.google.firebase.fcm,-,automatic,-,false,-
com.lightbend.akka,akka-stream-alpakka-hbase_2.11,0.20,akka.stream.alpakka.hbase,-,automatic,-,false,-
com.lightbend.akka,akka-stream-alpakka-hbase_2.12,0.20,akka.stream.alpakka.hbase,-,automatic,-,false,-
com.lightbend.akka,akka-stream-alpakka-hdfs_2.11,0.20,akka.stream.alpakka.hdfs,-,automatic,-,false,-
com.lightbend.akka,akka-stream-alpakka-hdfs_2.12,0.20,akka.stream.alpakka.hdfs,-,automatic,-,false,-
com.lightbend.akka,akka-stream-alpakka-ironmq_2.11,0.20,akka.stream.alpakka.ironmq,-,automatic,-,false,-
com.lightbend.akka,akka-stream-alpakka-ironmq_2.12,0.20,akka.stream.alpakka.ironmq,-,automatic,-,false,-
com.lightbend.akka,akka-stream-alpakka-jms_2.11,0.20,akka.stream.alpakka.jms,-,automatic,-,false,-
com.lightbend.akka,akka-stream-alpakka-jms_2.12,0.20,akka.stream.alpakka.jms,-,automatic,-,false,-
com.lightbend.akka,akka-stream-alpakka-json-streaming_2.11,0.20,akka.stream.alpakka.json.streaming,-,automatic,-,false,-
com.lightbend.akka,akka-stream-alpakka-json-streaming_2.12,0.20,akka.stream.alpakka.json.streaming,-,automatic,-,false,-
com.lightbend.akka,akka-stream-alpakka-kinesis_2.11,0.20,akka.stream.alpakka.aws.kinesis,-,automatic,-,false,-
com.lightbend.akka,akka-stream-alpakka-kinesis_2.12,0.20,akka.stream.alpakka.aws.kinesis,-,automatic,-,false,-
com.lightbend.akka,akka-stream-alpakka-kudu_2.11,0.20,akka.stream.alpakka.kudu,-,automatic,-,false,-
com.lightbend.akka,akka-stream-alpakka-kudu_2.12,0.20,akka.stream.alpakka.kudu,-,automatic,-,false,-
com.lightbend.akka,akka-stream-alpakka-mongodb_2.11,0.20,akka.stream.alpakka.mongodb,-,automatic,-,false,-
com.lightbend.akka,akka-stream-alpakka-mongodb_2.12,0.20,akka.stream.alpakka.mongodb,-,automatic,-,false,-
com.lightbend.akka,akka-stream-alpakka-mqtt_2.11,0.20,akka.stream.alpakka.mqtt,-,automatic,-,false,-
com.lightbend.akka,akka-stream-alpakka-mqtt_2.12,0.20,akka.stream.alpakka.mqtt,-,automatic,-,false,-
com.lightbend.akka,akka-stream-alpakka-orientdb_2.11,0.20,akka.stream.alpakka.orientdb,-,automatic,-,false,-
com.lightbend.akka,akka-stream-alpakka-orientdb_2.12,0.20,akka.stream.alpakka.orientdb,-,automatic,-,false,-
com.lightbend.akka,akka-stream-alpakka-s3_2.11,0.20,akka.stream.alpakka.aws.s3,-,automatic,-,false,-
com.lightbend.akka,akka-stream-alpakka-s3_2.12,0.20,akka.stream.alpakka.aws.s3,-,automatic,-,false,-
com.lightbend.akka,akka-stream-alpakka-simple-codecs_2.11,0.20,akka.stream.alpakka.simplecodecs,-,automatic,-,false,-
com.lightbend.akka,akka-stream-alpakka-simple-codecs_2.12,0.20,akka.stream.alpakka.simplecodecs,-,automatic,-,false,-
com.lightbend.akka,akka-stream-alpakka-slick_2.11,0.20,akka.stream.alpakka.slick,-,automatic,-,false,-
com.lightbend.akka,akka-stream-alpakka-slick_2.12,0.20,akka.stream.alpakka.slick,-,automatic,-,false,-
com.lightbend.akka,akka-stream-alpakka-sns_2.11,0.20,akka.stream.alpakka.aws.sns,-,automatic,-,false,-
com.lightbend.akka,akka-stream-alpakka-sns_2.12,0.20,akka.stream.alpakka.aws.sns,-,automatic,-,false,-
com.lightbend.akka,akka-stream-alpakka-solr_2.11,0.20,akka.stream.alpakka.solr,-,automatic,-,false,-
com.lightbend.akka,akka-stream-alpakka-solr_2.12,0.20,akka.stream.alpakka.solr,-,automatic,-,false,-
com.lightbend.akka,akka-stream-alpakka-spring-web_2.11,0.20,akka.stream.alpakka.spring.web,-,automatic,-,false,-
com.lightbend.akka,akka-stream-alpakka-spring-web_2.12,0.20,akka.stream.alpakka.spring.web,-,automatic,-,false,-
com.lightbend.akka,akka-stream-alpakka-sqs_2.11,0.20,akka.stream.alpakka.aws.sqs,-,automatic,-,false,-
com.lightbend.akka,akka-stream-alpakka-sqs_2.12,0.20,akka.stream.alpakka.aws.sqs,-,automatic,-,false,-
com.lightbend.akka,akka-stream-alpakka-sse_2.11,0.20,akka.stream.alpakka.sse,-,automatic,-,false,-
com.lightbend.akka,akka-stream-alpakka-sse_2.12,0.20,akka.stream.alpakka.sse,-,automatic,-,false,-
com.lightbend.akka,akka-stream-alpakka-text_2.11,0.20,akka.stream.alpakka.text,-,automatic,-,false,-
com.lightbend.akka,akka-stream-alpakka-text_2.12,0.20,akka.stream.alpakka.text,-,automatic,-,false,-
com.lightbend.akka,akka-stream-alpakka-udp_2.11,0.20,akka.stream.alpakka.udp,-,automatic,-,false,-
com.lightbend.akka,akka-stream-alpakka-udp_2.12,0.20,akka.stream.alpakka.udp,-,automatic,-,false,-
com.lightbend.akka,akka-stream-alpakka-unix-domain-socket_2.11,0.20,akka.stream.alpakka.unixdomainsocket,-,automatic,-,false,-
com.lightbend.akka,akka-stream-alpakka-unix-domain-socket_2.12,0.20,akka.stream.alpakka.unixdomainsocket,-,automatic,-,false,-
com.lightbend.akka,akka-stream-alpakka-xml_2.11,0.20,akka.stream.alpakka.xml,-,automatic,-,false,-
com.lightbend.akka,akka-stream-alpakka-xml_2.12,0.20,akka.stream.alpakka.xml,-,automatic,-,false,-
com.lightbend.akka,akka-stream-azure-storage-queue_2.11,0.11,-,-,?,-,false,-
com.lightbend.akka,akka-stream-azure-storage-queue_2.12,0.11,-,-,?,-,false,-
com.lightbend.akka.discovery,akka-discovery_2.11,0.17.0,-,-,?,-,false,-
com.lightbend.akka.discovery,akka-discovery_2.12,0.17.0,-,-,?,-,false,-
com.lightbend.akka.discovery,akka-discovery-aggregate_2.11,0.17.0,-,-,?,-,false,-
com.lightbend.akka.discovery,akka-discovery-aggregate_2.12,0.17.0,-,-,?,-,false,-
com.lightbend.akka.discovery,akka-discovery-aws-api_2.11,0.17.0,-,-,?,-,false,-
com.lightbend.akka.discovery,akka-discovery-aws-api_2.12,0.17.0,-,-,?,-,false,-
com.lightbend.akka.discovery,akka-discovery-aws-api-async_2.11,0.17.0,-,-,?,-,false,-
com.lightbend.akka.discovery,akka-discovery-aws-api-async_2.12,0.17.0,-,-,?,-,false,-
com.lightbend.akka.discovery,akka-discovery-config_2.11,0.17.0,-,-,?,-,false,-
com.lightbend.akka.discovery,akka-discovery-config_2.12,0.17.0,-,-,?,-,false,-
com.lightbend.akka.discovery,akka-discovery-consul_2.11,0.17.0,-,-,?,-,false,-
com.lightbend.akka.discovery,akka-discovery-consul_2.12,0.17.0,-,-,?,-,false,-
com.lightbend.akka.discovery,akka-discovery-dns_2.11,0.17.0,-,-,?,-,false,-
com.lightbend.akka.discovery,akka-discovery-dns_2.12,0.17.0,-,-,?,-,false,-
com.lightbend.akka.discovery,akka-discovery-kubernetes-api_2.11,0.17.0,-,-,?,-,false,-
com.lightbend.akka.discovery,akka-discovery-kubernetes-api_2.12,0.17.0,-,-,?,-,false,-
com.lightbend.akka.discovery,akka-discovery-marathon-api_2.11,0.17.0,-,-,?,-,false,-
com.lightbend.akka.discovery,akka-discovery-marathon-api_2.12,0.17.0,-,-,?,-,false,-
com.lightbend.akka.grpc,akka-grpc-codegen_2.12,0.2,-,-,?,-,false,-
com.lightbend.akka.grpc,akka-grpc-interop-tests_2.12,0.2,-,-,?,-,false,-
com.lightbend.akka.grpc,akka-grpc-maven-plugin,0.2,-,-,?,-,false,-
com.lightbend.akka.grpc,akka-grpc-runtime_2.12,0.2,-,-,?,-,false,-
com.lightbend.akka.grpc,akka-grpc-scalapb-protoc-plugin_2.12,0.2,-,-,?,-,false,-
com.lightbend.akka.management,akka-discovery_2.11,0.7,-,-,?,-,false,-
com.lightbend.akka.management,akka-discovery_2.12,0.7,-,-,?,-,false,-
com.lightbend.akka.management,akka-discovery-dns_2.11,0.7,-,-,?,-,false,-
com.lightbend.akka.management,akka-discovery-dns_2.12,0.7,-,-,?,-,false,-
com.lightbend.akka.management,akka-management_2.11,0.17.0,-,-,?,-,false,-
com.lightbend.akka.management,akka-management_2.12,0.17.0,-,-,?,-,false,-
com.lightbend.akka.management,akka-management-cluster-bootstrap_2.11,0.17.0,-,-,?,-,false,-
com.lightbend.akka.management,akka-management-cluster-bootstrap_2.12,0.17.0,-,-,?,-,false,-
com.lightbend.akka.management,akka-management-cluster-http_2.11,0.17.0,-,-,?,-,false,-
com.lightbend.akka.management,akka-management-cluster-http_2.12,0.17.0,-,-,?,-,false,-
com.lightbend.constructr,constructr-akka-testing_2.11,0.4.1,-,-,?,-,false,-
com.lightbend.constructr,constructr-akka-testing_2.12,0.4.1,-,-,?,-,false,-
com.lightbend.constructr,constructr-coordination-zookeeper_2.11,0.4.1,-,-,?,-,false,-
com.lightbend.constructr,constructr-coordination-zookeeper_2.12,0.4.1,-,-,?,-,false,-
com.lightbend.constructr,constructr-zookeeper-root_2.11,0.4.1,-,-,?,-,false,-
com.lightbend.constructr,constructr-zookeeper-root_2.12,0.4.1,-,-,?,-,false,-
com.lightbend,kafka-streams-query_2.11,0.1.1,-,-,?,-,false,-
com.lightbend,kafka-streams-query_2.12,0.1.1,-,-,?,-,false,-
com.lightbend,kafka-streams-scala_2.11,0.2.1,-,-,?,-,false,-
com.lightbend,kafka-streams-scala_2.12,0.2.1,-,-,?,-,false,-
com.lightbend,lagom13-java-service-locator-dns_2.11,2.3.0,-,-,?,-,false,-
com.lightbend,lagom13-scala-service-locator-dns_2.11,2.3.0,-,-,?,-,false,-
com.lightbend,lagom14-java-service-locator-dns_2.11,2.3.0,-,-,?,-,false,-
com.lightbend,lagom14-java-service-locator-dns_2.12,2.3.0,-,-,?,-,false,-
com.lightbend,lagom14-scala-service-locator-dns_2.11,2.3.0,-,-,?,-,false,-
com.lightbend,lagom14-scala-service-locator-dns_2.12,2.3.0,-,-,?,-,false,-
com.lightbend.lagom,api-tools_2.11,1.5.0-M2,-,-,?,-,false,-
com.lightbend.lagom,api-tools_2.12,1.5.0-M2,-,-,?,-,false,-
com.lightbend.lagom,build-link,1.3.11,-,-,?,-,false,-
com.lightbend.lagom,lagom-api_2.12,1.5.0-M2,-,-,?,-,false,-
com.lightbend.lagom,lagom-build-tool-support,1.5.0-M2,-,-,?,-,false,-
com.lightbend.lagom,lagom-cassandra-server_2.11,1.5.0-M2,-,-,?,-,false,-
com.lightbend.lagom,lagom-cassandra-server_2.12,1.5.0-M2,-,-,?,-,false,-
com.lightbend.lagom,lagom-client_2.11,1.5.0-M2,-,-,?,-,false,-
com.lightbend.lagom,lagom-client_2.12,1.5.0-M2,-,-,?,-,false,-
com.lightbend.lagom,lagom-cluster-core_2.11,1.5.0-M2,-,-,?,-,false,-
com.lightbend.lagom,lagom-cluster-core_2.12,1.5.0-M2,-,-,?,-,false,-
com.lightbend.lagom,lagom-core_2.11,1.2.3,-,-,?,-,false,-
com.lightbend.lagom,lagom-core-testkit_2.11,1.5.0-M2,-,-,?,-,false,-
com.lightbend.lagom,lagom-core-testkit_2.12,1.5.0-M2,-,-,?,-,false,-
com.lightbend.lagom,lagom-descriptor-generator-api_2.10,0.0.2,-,-,?,-,false,-
com.lightbend.lagom,lagom-descriptor-renderer-javadsl_2.10,0.0.2,-,-,?,-,false,-
com.lightbend.lagom,lagom-descriptor-renderer-scaladsl_2.10,0.0.2,-,-,?,-,false,-
com.lightbend.lagom,lagom-javadsl-api_2.11,1.5.0-M2,-,-,?,-,false,-
com.lightbend.lagom,lagom-javadsl-api_2.12,1.5.0-M2,-,-,?,-,false,-
com.lightbend.lagom,lagom-javadsl-broker_2.11,1.5.0-M2,-,-,?,-,false,-
com.lightbend.lagom,lagom-javadsl-broker_2.12,1.5.0-M2,-,-,?,-,false,-
com.lightbend.lagom,lagom-javadsl-client_2.11,1.5.0-M2,-,-,?,-,false,-
com.lightbend.lagom,lagom-javadsl-cluster_2.11,1.5.0-M2,-,-,?,-,false,-
com.lightbend.lagom,lagom-javadsl-cluster_2.12,1.5.0-M2,-,-,?,-,false,-
com.lightbend.lagom,lagom-javadsl-immutables_2.11,1.5.0-M2,-,-,?,-,false,-
com.lightbend.lagom,lagom-javadsl-immutables_2.12,1.5.0-M2,-,-,?,-,false,-
com.lightbend.lagom,lagom-javadsl-integration-client_2.12,1.5.0-M2,-,-,?,-,false,-
com.lightbend.lagom,lagom-javadsl-jackson_2.11,1.5.0-M2,-,-,?,-,false,-
com.lightbend.lagom,lagom-javadsl-jackson_2.12,1.5.0-M2,-,-,?,-,false,-
com.lightbend.lagom,lagom-javadsl-kafka-broker_2.12,1.5.0-M2,-,-,?,-,false,-
com.lightbend.lagom,lagom-javadsl-kafka-client_2.11,1.5.0-M2,-,-,?,-,false,-
com.lightbend.lagom,lagom-javadsl-kafka-client_2.12,1.5.0-M2,-,-,?,-,false,-
com.lightbend.lagom,lagom-javadsl-persistence_2.11,1.5.0-M2,-,-,?,-,false,-
com.lightbend.lagom,lagom-javadsl-persistence_2.12,1.5.0-M2,-,-,?,-,false,-
com.lightbend.lagom,lagom-javadsl-persistence-cassandra_2.11,1.5.0-M2,-,-,?,-,false,-
com.lightbend.lagom,lagom-javadsl-persistence-cassandra_2.12,1.5.0-M2,-,-,?,-,false,-
com.lightbend.lagom,lagom-javadsl-persistence-jdbc_2.11,1.5.0-M2,-,-,?,-,false,-
com.lightbend.lagom,lagom-javadsl-persistence-jdbc_2.12,1.5.0-M2,-,-,?,-,false,-
com.lightbend.lagom,lagom-javadsl-persistence-jpa_2.11,1.5.0-M2,-,-,?,-,false,-
com.lightbend.lagom,lagom-javadsl-persistence-jpa_2.12,1.5.0-M2,-,-,?,-,false,-
com.lightbend.lagom,lagom-javadsl-play-integration_2.11,1.5.0-M2,-,-,?,-,false,-
com.lightbend.lagom,lagom-javadsl-pubsub_2.11,1.5.0-M2,-,-,?,-,false,-
com.lightbend.lagom,lagom-javadsl-pubsub_2.12,1.5.0-M2,-,-,?,-,false,-
com.lightbend.lagom,lagom-javadsl-server_2.11,1.5.0-M2,-,-,?,-,false,-
com.lightbend.lagom,lagom-javadsl-server_2.12,1.5.0-M2,-,-,?,-,false,-
com.lightbend.lagom,lagom-javadsl-testkit_2.11,1.5.0-M2,-,-,?,-,false,-
com.lightbend.lagom,lagom-javadsl-testkit_2.12,1.5.0-M2,-,-,?,-,false,-
com.lightbend.lagom,lagom-kafka-broker_2.11,1.5.0-M2,-,-,?,-,false,-
com.lightbend.lagom,lagom-kafka-broker_2.12,1.5.0-M2,-,-,?,-,false,-
com.lightbend.lagom,lagom-kafka-client_2.11,1.5.0-M2,-,-,?,-,false,-
com.lightbend.lagom,lagom-kafka-client_2.12,1.5.0-M2,-,-,?,-,false,-
com.lightbend.lagom,lagom-kafka-server_2.12,1.5.0-M2,-,-,?,-,false,-
com.lightbend.lagom,lagom-log4j2_2.12,1.5.0-M2,-,-,?,-,false,-
com.lightbend.lagom,lagom-logback_2.11,1.5.0-M2,-,-,?,-,false,-
com.lightbend.lagom,lagom-logback_2.12,1.5.0-M2,-,-,?,-,false,-
com.lightbend.lagom,lagom-persistence-cassandra-core_2.11,1.5.0-M2,-,-,?,-,false,-
com.lightbend.lagom,lagom-persistence-cassandra-core_2.12,1.5.0-M2,-,-,?,-,false,-
com.lightbend.lagom,lagom-persistence-core_2.11,1.5.0-M2,-,-,?,-,false,-
com.lightbend.lagom,lagom-persistence-core_2.12,1.5.0-M2,-,-,?,-,false,-
com.lightbend.lagom,lagom-persistence-jdbc-core_2.11,1.5.0-M2,-,-,?,-,false,-
com.lightbend.lagom,lagom-persistence-jdbc-core_2.12,1.5.0-M2,-,-,?,-,false,-
com.lightbend.lagom,lagom-persistence-testkit_2.11,1.5.0-M2,-,-,?,-,false,-
com.lightbend.lagom,lagom-persistence-testkit_2.12,1.5.0-M2,-,-,?,-,false,-
com.lightbend.lagom,lagom-play-integration_2.11,1.2.3,-,-,?,-,false,-
com.lightbend.lagom,lagom-reloadable-server_2.11,1.5.0-M2,-,-,?,-,false,-
com.lightbend.lagom,lagom-reloadable-server_2.12,1.5.0-M2,-,-,?,-,false,-
com.lightbend.lagom,lagom-sbt-scripted-library_2.11,1.3.11,-,-,?,-,false,-
com.lightbend.lagom,lagom-scaladsl-api_2.11,1.5.0-M2,-,-,?,-,false,-
com.lightbend.lagom,lagom-scaladsl-api_2.12,1.5.0-M2,-,-,?,-,false,-
com.lightbend.lagom,lagom-scaladsl-broker_2.11,1.5.0-M2,-,-,?,-,false,-
com.lightbend.lagom,lagom-scaladsl-client_2.11,1.5.0-M2,-,-,?,-,false,-
com.lightbend.lagom,lagom-scaladsl-client_2.12,1.5.0-M2,-,-,?,-,false,-
com.lightbend.lagom,lagom-scaladsl-cluster_2.11,1.5.0-M2,-,-,?,-,false,-
com.lightbend.lagom,lagom-scaladsl-cluster_2.12,1.5.0-M2,-,-,?,-,false,-
com.lightbend.lagom,lagom-scaladsl-dev-mode_2.11,1.5.0-M2,-,-,?,-,false,-
com.lightbend.lagom,lagom-scaladsl-dev-mode_2.12,1.5.0-M2,-,-,?,-,false,-
com.lightbend.lagom,lagom-scaladsl-kafka-broker_2.11,1.5.0-M2,-,-,?,-,false,-
com.lightbend.lagom,lagom-scaladsl-kafka-broker_2.12,1.5.0-M2,-,-,?,-,false,-
com.lightbend.lagom,lagom-scaladsl-kafka-client_2.11,1.5.0-M2,-,-,?,-,false,-
com.lightbend.lagom,lagom-scaladsl-kafka-client_2.12,1.5.0-M2,-,-,?,-,false,-
com.lightbend.lagom,lagom-scaladsl-persistence_2.11,1.5.0-M2,-,-,?,-,false,-
com.lightbend.lagom,lagom-scaladsl-persistence_2.12,1.5.0-M2,-,-,?,-,false,-
com.lightbend.lagom,lagom-scaladsl-persistence-cassandra_2.11,1.5.0-M2,-,-,?,-,false,-
com.lightbend.lagom,lagom-scaladsl-persistence-cassandra_2.12,1.5.0-M2,-,-,?,-,false,-
com.lightbend.lagom,lagom-scaladsl-persistence-jdbc_2.11,1.5.0-M2,-,-,?,-,false,-
com.lightbend.lagom,lagom-scaladsl-play-json_2.11,1.5.0-M2,-,-,?,-,false,-
com.lightbend.lagom,lagom-scaladsl-pubsub_2.11,1.5.0-M2,-,-,?,-,false,-
com.lightbend.lagom,lagom-scaladsl-pubsub_2.12,1.5.0-M2,-,-,?,-,false,-
com.lightbend.lagom,lagom-scaladsl-server_2.11,1.5.0-M2,-,-,?,-,false,-
com.lightbend.lagom,lagom-scaladsl-server_2.12,1.5.0-M2,-,-,?,-,false,-
com.lightbend.lagom,lagom-scaladsl-testkit_2.11,1.5.0-M2,-,-,?,-,false,-
com.lightbend.lagom,lagom-scaladsl-testkit_2.12,1.5.0-M2,-,-,?,-,false,-
com.lightbend.lagom,lagom-server_2.11,1.5.0-M2,-,-,?,-,false,-
com.lightbend.lagom,lagom-server_2.12,1.5.0-M2,-,-,?,-,false,-
com.lightbend.lagom,lagom-service-locator_2.12,1.5.0-M2,-,-,?,-,false,-
com.lightbend.lagom,lagom-service-registration_2.11,1.5.0-M2,-,-,?,-,false,-
com.lightbend.lagom,lagom-service-registry-client_2.11,1.5.0-M2,-,-,?,-,false,-
com.lightbend.lagom,lagom-service-registry-client_2.12,1.5.0-M2,-,-,?,-,false,-
com.lightbend.lagom,lagom-service-registry-client-core_2.11,1.5.0-M2,-,-,?,-,false,-
com.lightbend.lagom,lagom-service-registry-client-core_2.12,1.5.0-M2,-,-,?,-,false,-
com.lightbend.lagom,lagom-spi,1.2.3,-,-,?,-,false,-
com.lightbend.lagom,lagom-spi_2.11,1.5.0-M2,-,-,?,-,false,-
com.lightbend.lagom,lagom-spi_2.12,1.5.0-M2,-,-,?,-,false,-
com.lightbend.lagom,maven-archetype-lagom-java,1.5.0-M2,-,-,?,-,false,-
com.lightbend.lagom,openapi-parser_2.10,0.0.2,-,-,?,-,false,-
com.lightbend,lagom-service-locator-dns_2.11,1.0.2,-,-,?,-,false,-
com.lightbend.microprofile.reactive.streams,lightbend-microprofile-reactive-streams-akka,1.0.0-M1,-,-,?,-,false,-
com.lightbend.microprofile.reactive.streams,lightbend-microprofile-reactive-streams-zerodep,1.0.0-M1,-,-,?,-,false,-
com.lightbend.paradox,paradox_2.10,0.4.0,-,-,?,-,false,-
com.lightbend.paradox,paradox_2.12,0.4.0,-,-,?,-,false,-
com.lightbend.paradox,paradox-theme-generic,0.4.0,-,-,?,-,false,-
com.lightbend.paradox,testkit_2.10,0.4.0,-,-,?,-,false,-
com.lightbend.paradox,testkit_2.12,0.4.0,-,-,?,-,false,-
com.lightbend.play,play-file-watch_2.10,1.1.7,-,-,?,-,false,-
com.lightbend.play,play-file-watch_2.11,1.1.7,-,-,?,-,false,-
com.lightbend.play,play-file-watch_2.12,1.1.7,-,-,?,-,false,-
com.lightbend.play,play-socket-io_2.11,1.0.0-beta-2,-,-,?,-,false,-
com.lightbend.play,play-socket-io_2.12,1.0.0-beta-2,-,-,?,-,false,-
com.lightbend.play,play-spring-loader_2.11,0.0.2,-,-,?,-,false,-
com.lightbend.play,play-spring-loader_2.12,0.0.2,-,-,?,-,false,-
com.lightbend.rp,reactive-app-maven-plugin,0.3.0,-,-,?,-,false,-
com.lightbend.rp,reactive-lib_2.11,0.9.0,-,-,?,-,false,-
com.lightbend.rp,reactive-lib-akka-cluster-bootstrap_2.11,0.9.0,-,-,?,-,false,-
com.lightbend.rp,reactive-lib-akka-cluster-bootstrap_2.12,0.9.0,-,-,?,-,false,-
com.lightbend.rp,reactive-lib-akka-management_2.11,0.9.0,-,-,?,-,false,-
com.lightbend.rp,reactive-lib-akka-management_2.12,0.9.0,-,-,?,-,false,-
com.lightbend.rp,reactive-lib-async-dns_2.11,0.9.0,-,-,?,-,false,-
com.lightbend.rp,reactive-lib-async-dns_2.12,0.9.0,-,-,?,-,false,-
com.lightbend.rp,reactive-lib-common_2.11,0.9.0,-,-,?,-,false,-
com.lightbend.rp,reactive-lib-common_2.12,0.9.0,-,-,?,-,false,-
com.lightbend.rp,reactive-lib-play-http-binding_2.11,0.9.0,-,-,?,-,false,-
com.lightbend.rp,reactive-lib-play-http-binding_2.12,0.9.0,-,-,?,-,false,-
com.lightbend.rp,reactive-lib-secrets_2.11,0.9.0,-,-,?,-,false,-
com.lightbend.rp,reactive-lib-secrets_2.12,0.9.0,-,-,?,-,false,-
com.lightbend.rp,reactive-lib-service-discovery_2.11,0.9.0,-,-,?,-,false,-
com.lightbend.rp,reactive-lib-service-discovery_2.12,0.9.0,-,-,?,-,false,-
com.lightbend.rp,reactive-lib-service-discovery-lagom13-java,0.4.0,-,-,?,-,false,-
com.lightbend.rp,reactive-lib-service-discovery-lagom13-scala_2.11,0.4.0,-,-,?,-,false,-
com.lightbend.rp,reactive-lib-service-discovery-lagom14-java,0.4.0,-,-,?,-,false,-
com.lightbend.rp,reactive-lib-service-discovery-lagom14-java_2.11,0.9.0,-,-,?,-,false,-
com.lightbend.rp,reactive-lib-service-discovery-lagom14-java_2.12,0.9.0,-,-,?,-,false,-
com.lightbend.rp,reactive-lib-service-discovery-lagom14-scala_2.11,0.9.0,-,-,?,-,false,-
com.lightbend.rp,reactive-lib-service-discovery-lagom14-scala_2.12,0.9.0,-,-,?,-,false,-
com.lightbend.rp,reactive-lib-status_2.11,0.9.0,-,-,?,-,false,-
com.lightbend.rp,reactive-lib-status_2.12,0.9.0,-,-,?,-,false,-
com.lightbend,service-locator-dns_2.11,2.3.0,-,-,?,-,false,-
com.lightbend,service-locator-dns_2.12,2.3.0,-,-,?,-,false,-
com.pryv,commons,2.1.2,-,-,?,-,false,-
com.remondis.limbus,limbus-engine-interfaces,2.0.1,-,-,?,-,false,-
com.remondis.limbus,limbus-monitoring-influx,2.0.1,-,-,?,-,false,-
com.remondis.limbus,limbus-showcase-plugin,2.0.1,-,-,?,-,false,-
com.remondis.limbus,limbus-task-scheduler,2.0.1,-,-,?,-,false,-
com.remondis.limbus,limbus-utils,2.0.1,-,-,?,-,false,-
com.remondis.limbus,limbus-vfs,2.0.1,-,-,?,-,false,-
com.societegenerale.ci-droid.tasks-consumer,ci-droid-tasks-consumer-autoconfigure,1.0.5,-,-,?,-,false,-
com.societegenerale.ci-droid.tasks-consumer,ci-droid-tasks-consumer-infrastructure,1.0.5,-,-,?,-,false,-
com.societegenerale.ci-droid.tasks-consumer,ci-droid-tasks-consumer-services,1.0.5,-,-,?,-,false,-
com.societegenerale.ci-droid.tasks-consumer,ci-droid-tasks-consumer-starter,1.0.5,-,-,?,-,false,-
com.tenkiv.coral.jdk,core,0.13.0.0,-,-,?,-,false,-
com.tenkiv.tekdaqc,java-library,2.2.0.1,-,-,?,-,false,-
org.jmotor,scala-i18n_2.11,1.0.6,-,-,?,-,false,-
org.jmotor,scala-i18n_2.12,1.0.6,-,-,?,-,false,-
