groupId,artifactId,version,moduleName,moduleVersion,moduleMode,moduleDependencies,jdepsToolError,jdepsViolations
com.bugsnag,bugsnag,3.2.1,-,-,?,-,false,-
com.cognitect,http-client,0.1.84,-,-,?,-,false,-
com.gilt.urbanairship4s,core_2.11,0.2.0,-,-,?,-,false,-
com.gilt.urbanairship4s,core_2.12,0.2.0,-,-,?,-,false,-
com.gilt.urbanairship4s,http4s-client_2.11,0.2.0,-,-,?,-,false,-
com.gilt.urbanairship4s,http4s-client_2.12,0.2.0,-,-,?,-,false,-
com.github.bigwheel,tapandpipe_2.12,1.0,-,-,?,-,false,-
com.github.secdec.astam-correlator,threadfix-cli-lib,1.2.17,-,-,?,-,false,-
com.github.secdec.astam-correlator,threadfix-entities,1.2.17,-,-,?,-,false,-
com.github.secdec.astam-correlator,threadfix-ham,1.2.17,-,-,?,-,false,-
com.google.apis,google-api-services-youtubereporting,v1-rev537-1.24.1,-,-,?,-,false,-
com.harium.etyl,etyl-gdx-android,1.2.0,-,-,?,-,false,-
com.jparams,to-string-tester,1.1.1,-,-,?,-,false,-
com.samstarling,finagle-prometheus_2.11,0.0.11,-,-,?,-,false,-
com.samstarling,finagle-prometheus_2.12,0.0.11,-,-,?,-,false,-
io.findify,clickhouse-akka-stream_2.11,0.4.3,-,-,?,-,false,-
io.findify,clickhouse-akka-stream_2.12,0.4.3,-,-,?,-,false,-
io.lightlink,lightlink-core,1.2.3,-,-,?,-,false,-
io.lightlink,test-def,1.2.3,-,-,?,-,false,-
org.b3log,latke,2.4.9,-,-,?,-,false,-
org.b3log,latke-repository-h2,2.4.9,-,-,?,-,false,-
org.b3log,latke-repository-mysql,2.4.9,-,-,?,-,false,-
org.b3log,latke-repository-oracle,2.4.9,-,-,?,-,false,-
org.b3log,latke-repository-sqlserver,2.4.9,-,-,?,-,false,-
org.elasql,bench,0.2.0,-,-,?,-,false,-
org.elasql,elasql,0.2.1,-,-,?,-,false,-
org.encry,encry-common_2.12,0.8.2,-,-,?,-,false,-
sh.almond,almond-spark_2.11,0.1.3,-,-,?,-,false,-
sh.almond,channels_2.11,0.1.3,-,-,?,-,false,-
sh.almond,channels_2.12,0.1.3,-,-,?,-,false,-
sh.almond,echo_2.11,0.1.3,-,-,?,-,false,-
sh.almond,echo_2.12,0.1.3,-,-,?,-,false,-
sh.almond,interpreter_2.11,0.1.3,-,-,?,-,false,-
sh.almond,interpreter_2.12,0.1.3,-,-,?,-,false,-
sh.almond,interpreter-api_2.11,0.1.3,-,-,?,-,false,-
sh.almond,interpreter-api_2.12,0.1.3,-,-,?,-,false,-
sh.almond,kernel_2.11,0.1.3,-,-,?,-,false,-
sh.almond,kernel_2.12,0.1.3,-,-,?,-,false,-
sh.almond,logger_2.11,0.1.3,-,-,?,-,false,-
sh.almond,logger_2.12,0.1.3,-,-,?,-,false,-
sh.almond,protocol_2.11,0.1.3,-,-,?,-,false,-
sh.almond,protocol_2.12,0.1.3,-,-,?,-,false,-
sh.almond,scala-interpreter_2.11.12,0.1.3,-,-,?,-,false,-
sh.almond,scala-interpreter_2.12.6,0.1.3,-,-,?,-,false,-
sh.almond,scala-kernel_2.11.12,0.1.3,-,-,?,-,false,-
sh.almond,scala-kernel_2.12.6,0.1.3,-,-,?,-,false,-
sh.almond,scala-kernel-api_2.11.12,0.1.3,-,-,?,-,false,-
sh.almond,scala-kernel-api_2.12.6,0.1.3,-,-,?,-,false,-
