groupId,artifactId,version,moduleName,moduleVersion,moduleMode,moduleDependencies,jdepsToolError,jdepsViolations
org.wso2.carbon.apimgt,org.wso2.carbon.apimgt.api,6.3.135,-,-,?,-,false,-
org.wso2.carbon.apimgt,org.wso2.carbon.apimgt.authenticator.oidc,6.3.135,-,-,?,-,false,-
org.wso2.carbon.apimgt,org.wso2.carbon.apimgt.authenticator.oidc.stub,6.3.135,-,-,?,-,false,-
org.wso2.carbon.apimgt,org.wso2.carbon.apimgt.authenticator.oidc.ui,6.3.135,-,-,?,-,false,-
org.wso2.carbon.apimgt,org.wso2.carbon.apimgt.broker.lifecycle,6.3.135,-,-,?,-,false,-
org.wso2.carbon.apimgt,org.wso2.carbon.apimgt.core,7.0.169,-,-,?,-,false,-
org.wso2.carbon.apimgt,org.wso2.carbon.apimgt.gateway,6.3.135,-,-,?,-,false,-
org.wso2.carbon.apimgt,org.wso2.carbon.apimgt.gateway.stub,6.3.135,-,-,?,-,false,-
org.wso2.carbon.apimgt,org.wso2.carbon.apimgt.handlers.security.stub,6.3.135,-,-,?,-,false,-
org.wso2.carbon.apimgt,org.wso2.carbon.apimgt.hostobjects,6.3.135,-,-,?,-,false,-
org.wso2.carbon.apimgt,org.wso2.carbon.apimgt.hostobjects.oidc,6.3.135,-,-,?,-,false,-
org.wso2.carbon.apimgt,org.wso2.carbon.apimgt.impl,6.3.135,-,-,?,-,false,-
org.wso2.carbon.apimgt,org.wso2.carbon.apimgt.jms.listener,6.3.135,-,-,?,-,false,-
org.wso2.carbon.apimgt,org.wso2.carbon.apimgt.keymgt,6.3.135,-,-,?,-,false,-
org.wso2.carbon.apimgt,org.wso2.carbon.apimgt.keymgt.client,6.3.135,-,-,?,-,false,-
org.wso2.carbon.apimgt,org.wso2.carbon.apimgt.keymgt.stub,6.3.135,-,-,?,-,false,-
org.wso2.carbon.apimgt,org.wso2.carbon.apimgt.registry.cache.stub,6.3.135,-,-,?,-,false,-
org.wso2.carbon.apimgt,org.wso2.carbon.apimgt.rest.api.admin,7.0.169,-,-,?,-,false,-
org.wso2.carbon.apimgt,org.wso2.carbon.apimgt.rest.api.publisher,7.0.169,-,-,?,-,false,-
org.wso2.carbon.apimgt,org.wso2.carbon.apimgt.rest.api.store,7.0.169,-,-,?,-,false,-
org.wso2.carbon.apimgt,org.wso2.carbon.apimgt.rest.api.util,6.3.135,-,-,?,-,false,-
org.wso2.carbon.apimgt,org.wso2.carbon.apimgt.statsupdate.stub,6.3.135,-,-,?,-,false,-
org.wso2.carbon.apimgt,org.wso2.carbon.apimgt.throttle.service.interceptors,6.3.135,-,-,?,-,false,-
org.wso2.carbon.apimgt,org.wso2.carbon.apimgt.throttling.siddhi.extension,7.0.169,-,-,?,-,false,-
org.wso2.carbon.apimgt,org.wso2.carbon.apimgt.tier.cache.stub,6.3.135,-,-,?,-,false,-
org.wso2.carbon.apimgt,org.wso2.carbon.apimgt.usage.client,6.3.135,-,-,?,-,false,-
org.wso2.carbon.apimgt,org.wso2.carbon.apimgt.usage.publisher,6.3.135,-,-,?,-,false,-
org.wso2.carbon.apimgt,org.wso2.carbon.forum,6.3.135,-,-,?,-,false,-
org.wso2.carbon.apimgt,org.wso2.carbon.hostobjects.sso,6.3.135,-,-,?,-,false,-
org.wso2.carbon.devicemgt,org.wso2.carbon.apimgt.annotations,3.1.35,-,-,?,-,false,-
org.wso2.carbon.devicemgt,org.wso2.carbon.apimgt.application.extension,3.1.35,-,-,?,-,false,-
org.wso2.carbon.devicemgt,org.wso2.carbon.apimgt.handlers,3.1.35,-,-,?,-,false,-
org.wso2.carbon.devicemgt,org.wso2.carbon.apimgt.integration.client,3.1.35,-,-,?,-,false,-
org.wso2.carbon.devicemgt,org.wso2.carbon.apimgt.integration.generated.client,3.1.35,-,-,?,-,false,-
org.wso2.carbon.devicemgt,org.wso2.carbon.apimgt.webapp.publisher,3.1.35,-,-,?,-,false,-
org.wso2.carbon.devicemgt,org.wso2.carbon.certificate.mgt.core,3.1.35,-,-,?,-,false,-
org.wso2.carbon.devicemgt,org.wso2.carbon.complex.policy.decision.point,3.1.35,-,-,?,-,false,-
org.wso2.carbon.devicemgt,org.wso2.carbon.device.mgt.analytics.data.publisher,3.1.35,-,-,?,-,false,-
org.wso2.carbon.devicemgt,org.wso2.carbon.device.mgt.api,4.0.4,-,-,?,-,false,-
org.wso2.carbon.devicemgt,org.wso2.carbon.device.mgt.common,4.0.6,-,-,?,-,false,-
org.wso2.carbon.devicemgt,org.wso2.carbon.device.mgt.core,4.0.6,-,-,?,-,false,-
org.wso2.carbon.devicemgt,org.wso2.carbon.device.mgt.extensions,3.1.35,-,-,?,-,false,-
org.wso2.carbon.devicemgt,org.wso2.carbon.device.mgt.extensions.device.type.deployer,3.1.35,-,-,?,-,false,-
org.wso2.carbon.devicemgt,org.wso2.carbon.device.mgt.extensions.pull.notification,3.1.35,-,-,?,-,false,-
org.wso2.carbon.devicemgt,org.wso2.carbon.device.mgt.extensions.push.notification.provider.fcm,3.1.35,-,-,?,-,false,-
org.wso2.carbon.devicemgt,org.wso2.carbon.device.mgt.extensions.push.notification.provider.http,3.1.35,-,-,?,-,false,-
org.wso2.carbon.devicemgt,org.wso2.carbon.device.mgt.extensions.push.notification.provider.mqtt,3.1.35,-,-,?,-,false,-
org.wso2.carbon.devicemgt,org.wso2.carbon.device.mgt.extensions.push.notification.provider.xmpp,3.1.35,-,-,?,-,false,-
org.wso2.carbon.devicemgt,org.wso2.carbon.device.mgt.oauth.extensions,3.1.35,-,-,?,-,false,-
org.wso2.carbon.devicemgt,org.wso2.carbon.device.mgt.url.printer,3.1.35,-,-,?,-,false,-
org.wso2.carbon.devicemgt,org.wso2.carbon.email.sender.core,3.1.35,-,-,?,-,false,-
org.wso2.carbon.devicemgt,org.wso2.carbon.identity.authenticator.backend.oauth,3.1.35,-,-,?,-,false,-
org.wso2.carbon.devicemgt,org.wso2.carbon.identity.jwt.client.extension,3.1.35,-,-,?,-,false,-
org.wso2.carbon.devicemgt,org.wso2.carbon.policy.decision.point,3.1.35,-,-,?,-,false,-
org.wso2.carbon.devicemgt,org.wso2.carbon.policy.information.point,3.1.35,-,-,?,-,false,-
org.wso2.carbon.devicemgt,org.wso2.carbon.policy.mgt.common,3.1.35,-,-,?,-,false,-
org.wso2.carbon.devicemgt,org.wso2.carbon.policy.mgt.core,3.1.35,-,-,?,-,false,-
org.wso2.carbon.devicemgt,org.wso2.carbon.webapp.authenticator.framework,3.1.35,-,-,?,-,false,-
org.wso2.carbon.devicemgt,test-coverage,3.1.35,-,-,?,-,false,-
org.wso2.carbon.identity.conditional.auth.functions,org.wso2.carbon.conditional.auth.functions.session,0.1.28,-,-,?,-,false,-
org.wso2.carbon.identity.conditional.auth.functions,org.wso2.carbon.identity.conditional.auth.functions.analytics,0.1.28,-,-,?,-,false,-
org.wso2.carbon.identity.conditional.auth.functions,org.wso2.carbon.identity.conditional.auth.functions.common,0.1.28,-,-,?,-,false,-
org.wso2.carbon.identity.conditional.auth.functions,org.wso2.carbon.identity.conditional.auth.functions.http,0.1.28,-,-,?,-,false,-
org.wso2.carbon.identity.conditional.auth.functions,org.wso2.carbon.identity.conditional.auth.functions.notification,0.1.28,-,-,?,-,false,-
org.wso2.carbon.identity.conditional.auth.functions,org.wso2.carbon.identity.conditional.auth.functions.test.utils,0.1.28,-,-,?,-,false,-
org.wso2.carbon.identity.conditional.auth.functions,org.wso2.carbon.identity.conditional.auth.functions.user,0.1.28,-,-,?,-,false,-
