groupId,artifactId,version,moduleName,moduleVersion,moduleMode,moduleDependencies,jdepsToolError,jdepsViolations
am.ik.yavi,yavi,0.0.8,-,-,?,-,false,-
com.bigstep,sparkbench_2.11,1.0.14,-,-,?,-,false,-
com.caseykulm.oauthheader,oauthheader,0.4.0,-,-,?,-,false,-
com.caseykulm.oauthheader,oauthheader-services,0.4.0,-,-,?,-,false,-
com.chrisomeara,pillar-core_2.11,3.0.0,-,-,?,-,false,-
com.clevergang.libs,fluent-spring-jdbctemplate,1.0.0,-,-,?,-,false,-
com.configcat,configcat-client,1.1.3,-,-,?,-,false,-
com.dukescript.api,charts,1.0,-,-,?,-,false,-
com.dukescript.api,junit-browser-runner,1.0,-,-,?,-,false,-
com.dukescript.api,kt-mvvm,0.3,-,-,?,-,false,-
com.dukescript.archetype,crud4j-archetype,0.23,-,-,?,-,false,-
com.dukescript.archetype,knockout4j-archetype,0.23,-,-,?,-,false,-
com.dukescript.archetype,visual-archetype,0.23,-,-,?,-,false,-
com.dukescript.canvas,canvas-api,0.11,-,-,?,-,false,-
com.dukescript.libraries,net.java.html.lib,0.5,-,-,?,-,false,-
com.dukescript.libraries,net.java.html.lib.angular,0.5,-,-,?,-,false,-
com.dukescript.libraries,net.java.html.lib.dom,0.5,-,-,?,-,false,-
com.dukescript.libraries,net.java.html.lib.jquery,0.5,-,-,?,-,false,-
com.dukescript.libraries,net.java.html.lib.ko,0.5,-,-,?,-,false,-
com.dukescript.libraries,net.java.html.lib.node,0.5,-,-,?,-,false,-
com.dukescript.libraries,net.java.html.lib.snapsvg,0.5,-,-,?,-,false,-
com.dukescript.libraries,typings-maven-plugin,0.5,-,-,?,-,false,-
com.dukescript.presenters,android,1.5.1,-,-,?,-,false,-
com.dukescript.presenters,browser,1.5.1,-,-,?,-,false,-
com.dukescript.presenters,generic,1.5.1,-,-,?,-,false,-
com.dukescript.presenters,ios,1.5.1,-,-,?,-,false,-
com.dukescript.presenters,moe,1.5.1,-,-,?,-,false,-
com.dukescript.presenters,renderer,1.5.1,-,-,?,-,false,-
com.dukescript.presenters,webkit,1.5.1,-,-,?,-,false,-
com.flashflexpro,flash-aws,0.0.1,-,-,?,-,false,-
com.flashflexpro,multi-env-props,0.0.2,-,-,?,-,false,-
com.flashflexpro,simple-amf-all,0.0.1,-,-,?,-,false,-
com.ghgande,j2mod,2.5.1,-,-,?,-,false,-
com.gitee.sergius,api-generator,1.0.0,-,-,?,-,false,-
com.google.apis,google-api-services-vision,v1-rev392-1.25.0,-,-,?,-,false,-
com.google.apis,google-api-services-youtubeAnalytics,v2-rev53-1.25.0,-,-,?,-,false,-
com.graphql-java,graphiql-spring-boot-autoconfigure,5.0.2,-,-,?,-,false,-
com.graphql-java,graphiql-spring-boot-starter,5.0.2,-,-,?,-,false,-
com.graphql-java,graphql-java,2018-08-23T21-16-30-141b8e4,-,-,?,-,false,-
com.graphql-java,graphql-java-annotations,3.0.3,-,-,?,-,false,-
com.graphql-java,graphql-java-servlet,6.1.2,-,-,?,-,false,-
com.graphql-java,graphql-java-tools,5.2.3,-,-,?,-,false,sun.reflect.generics.reflectiveObjects.WildcardTypeImpl Removed. See http://openjdk.java.net/jeps/260
com.graphql-java,graphql-spring-boot-autoconfigure,5.0.2,-,-,?,-,false,-
com.graphql-java,graphql-spring-boot-starter,5.0.2,-,-,?,-,false,-
com.graphql-java,graphql-spring-boot-starter-test,5.0.2,-,-,?,-,false,-
com.graphql-java,graphql-spring-boot-test,5.0.2,-,-,?,-,false,-
com.graphql-java,graphql-spring-boot-test-autoconfigure,5.0.2,-,-,?,-,false,-
com.graphql-java,java-dataloader,2.0.2,-,-,?,-,false,-
com.graphql-java,nadel,2018-08-23T17-28-02-881a2a5,-,-,?,-,false,-
com.graphql-java,voyager-spring-boot-autoconfigure,5.0.2,-,-,?,-,false,-
com.graphql-java,voyager-spring-boot-starter,5.0.2,-,-,?,-,false,-
com.gregmarut.commons,filecache,0.5,-,-,?,-,false,-
com.griddynamics.qa.atg,common-atg-utils,1.2.6,-,-,?,-,false,-
com.griddynamics.qa,common-hybris-utils,1.2.6,-,-,?,-,false,-
com.griddynamics.qa,common-logger,1.2.6,-,-,?,-,false,-
com.griddynamics.qa,common-properties-utils,1.2.6,-,-,?,-,false,-
com.griddynamics.qa,common-resources-utils,1.2.6,-,-,?,-,false,-
com.griddynamics.qa,common-tools,1.2.6,-,-,?,-,false,-
com.griddynamics.qa,common-ui-utils,1.2.6,-,-,?,-,false,-
com.griddynamics.qa,core-framework,1.2.6,-,-,?,-,false,-
com.griddynamics.qa,jbehave-web-fake,1.2.6,-,-,?,-,false,-
com.griddynamics.qa,mobile,1.2.6,-,-,?,-,false,-
com.griddynamics.qa,sprimber-engine,1.0.1,-,-,?,-,false,-
com.griddynamics.qa,sprimber-spring-boot-autoconfigure,1.0.1,-,-,?,-,false,-
com.griddynamics.qa,sprimber-spring-boot-starter,1.0.1,-,-,?,-,false,-
com.griddynamics.qa,sprimber-test,1.0.1,-,-,?,-,false,-
com.griddynamics.qa,stubs-soap-common,1.2.6,-,-,?,-,false,-
com.griddynamics.qa,stubs-tools,1.2.6,-,-,?,-,false,-
com.groupbyinc,api-java-flux,2.5.137,-,-,?,-,false,-
com.jfireframework,allSql,1.2.M4,-,-,?,-,false,sun.misc.Unsafe                          See http://openjdk.java.net/jeps/260
com.jfireframework,baseutil,1.2.2,-,-,?,-,false,com.sun.net.ssl.internal.ssl.Provider    Use java.security.Security.getProvider(provider-name) @since 1.3 + sun.misc.Cleaner                         Use java.lang.ref.PhantomReference @since 1.2 or java.lang.ref.Cleaner @since 9 + sun.misc.Unsafe                          See http://openjdk.java.net/jeps/260 + sun.reflect.MethodAccessor               Removed. See http://openjdk.java.net/jeps/260
com.jfireframework,codejson,1.0.1,-,-,?,-,false,-
com.jfireframework,futureactor,1.0.1,-,-,?,-,false,-
com.jfireframework,jfire,2.0.M6,-,-,?,-,false,sun.misc.Unsafe                          See http://openjdk.java.net/jeps/260
com.jfireframework,jfire-sql-starter,1.0.6,-,-,?,-,false,-
com.jfireframework,jnet,1.1,-,-,?,-,false,-
com.jfireframework,licp,1.0,-,-,?,-,false,sun.misc.Unsafe                          See http://openjdk.java.net/jeps/260
com.jfireframework,validator,1.0.1,-,-,?,-,false,-
com.jsoniter,jsoniter,0.9.23,-,-,?,-,false,-
com.kdgregory.log4j,aws-appenders,1.2.2,-,-,?,-,false,-
com.kemichal,function-queue_2.11,1.0.0,-,-,?,-,false,-
com.kemichal,function-queue_2.12,1.0.0,-,-,?,-,false,-
com.lambdazen.bitsy,bitsy,3.0.3,-,-,?,-,false,-
com.lambdazen.pixy,pixy,1.0.0,-,-,?,-,false,-
com.marcospassos,phpserializer,0.8.0,-,-,?,-,false,-
com.mauter,http-server,1.0.0,-,-,?,-,false,-
com.nikhaldimann,inieditor,r6,-,-,?,-,false,-
com.ongres.scram,client,1.0.0-beta.2,-,-,?,-,false,-
com.ongres.scram,common,1.0.0-beta.2,-,-,?,-,false,-
com.paymentwall,paymentwall-java,2.0.2,-,-,?,-,false,-
com.plenigo,java-sdk,1.7.1,-,-,?,-,false,-
com.plenigo,java-sdk-commons,1.7.2,-,-,?,-,false,-
com.quartzdesk,quartzdesk-agent,3.4.2,-,-,?,-,false,sun.reflect.Reflection                   Use java.lang.StackWalker @since 9
com.quartzdesk,quartzdesk-api,3.4.2,-,-,?,-,false,-
com.revinate,assertj-json,1.2.0,-,-,?,-,false,-
com.revinate,guava-rate-limiter,19.1,-,-,?,-,false,-
com.revinate,henicea,1.1.1,-,-,?,-,false,-
com.revinate,sendgrid-java,3.0.6,-,-,?,-,false,-
com.revinate,ship-java,1.6.0,-,-,?,-,false,-
com.riskalyze,alerts-kotlin,1.0.0,-,-,?,-,false,-
com.riskalyze,finfolio-api-client,1.0.0,-,-,?,-,false,-
com.societegenerale.ci-droid.tasks-consumer,ci-droid-tasks-consumer-autoconfigure,1.0.5,-,-,?,-,false,-
com.societegenerale.ci-droid.tasks-consumer,ci-droid-tasks-consumer-infrastructure,1.0.5,-,-,?,-,false,-
com.societegenerale.ci-droid.tasks-consumer,ci-droid-tasks-consumer-services,1.0.5,-,-,?,-,false,-
com.societegenerale.ci-droid.tasks-consumer,ci-droid-tasks-consumer-starter,1.0.5,-,-,?,-,false,-
com.softos.net,snmp4j-wrapper,1.0.1,-,-,?,-,false,-
com.testlitmus,CucumberExecutionSummary,1.2.0,-,-,?,-,false,-
com.tguzik,valueclasses,1.0.2,-,-,?,-,false,-
com.tingyun,tingyun-agent-api,3.0.0,-,-,?,-,false,-
com.topperbotics,dolores-lib,1.1.0,-,-,?,-,false,-
com.turbo-rpc,turbo-jcl,0.0.9,-,-,?,-,false,-
com.turbo-rpc,turbo-kryo,0.0.9,-,-,?,-,false,-
com.turbo-rpc,turbo-protostuff,0.0.9,-,-,?,-,false,-
com.turbo-rpc,turbo-register-zk,0.0.9,-,-,?,-,false,-
com.turbo-rpc,turbo-rpc,0.0.9,-,-,?,-,false,-
com.turbo-rpc,turbo-spring-boot-starter,0.0.9,-,-,?,-,false,-
com.turbo-rpc,turbo-utils,0.0.9,-,-,?,-,false,sun.misc.Unsafe                          See http://openjdk.java.net/jeps/260
com.virjar,dungproxy-client,0.0.8,-,-,?,-,false,-
com.virjar,dungproxy-webmagic5,0.0.1,-,-,?,-,false,-
com.virjar,dungproxy-webmagic6,0.0.1,-,-,?,-,false,-
com.virjar,dungproxy-webmagic7,0.0.3,-,-,?,-,false,-
com.virjar,sipsoup,1.5,-,-,?,-,false,-
com.virjar,vscrawler-core,0.3.1,-,-,?,-,false,-
com.virjar,vscrawler-web-api,0.3.1,-,-,?,-,false,-
com.virjar,xsoup-to-sipsoup,1.1,-,-,?,-,false,-
com.vivi,scarm_2.12,0.1.0,-,-,?,-,false,-
com.wizarius,orm,0.0.1,-,-,?,-,false,-
com.wizarius,wizarius-orm,0.0.2,-,-,?,-,false,-
com.wxmlabs,smx,0.1,-,-,?,-,false,-
com.xishankeji,Porter-Bridge-Http,1.0.5-final1,-,-,?,-,false,-
com.xishankeji,Porter-Bridge-Servlet,1.0.5-final1,-,-,?,-,false,-
com.xishankeji,Porter-Core,1.0.5-final1,-,-,?,-,false,-
com.xishankeji,Porter-DB,1.0.5-final1,-,-,?,-,false,-
com.xishankeji,Porter-DB-Droid,1.0.5-final1,-,-,?,-,false,-
com.xishankeji,Porter-UIBinder,1.0.5-final1,-,-,?,-,false,-
com.xishankeji,Porter-UIBinder-FX,1.0.5-final1,-,-,?,-,false,-
com.zackehh,jive,1.1.1,-,-,?,-,false,-
