groupId,artifactId,version,moduleName,moduleVersion,moduleMode,moduleDependencies,jdepsToolError,jdepsViolations
com.github.siom79.japicmp,japicmp,0.13.0,-,-,?,-,false,-
com.github.siom79.japicmp,japicmp-ant-task,0.13.0,-,-,?,-,false,-
com.github.siom79.japicmp,japicmp-maven-plugin,0.13.0,-,-,?,-,false,-
com.google.apis,google-api-services-streetviewpublish,v1-rev206-1.24.1,-,-,?,-,false,-
com.google.cloud.tools,appengine-gradle-plugin,2.0.0-rc2,-,-,?,-,false,-
com.microsoft.azure,adal4j,1.6.2,-,-,?,-,false,-
com.natpryce,krouton,2.3.0.0,-,-,?,-,false,-
com.spotify,annoy-jni,0.1.4,-,-,?,-,false,-
io.atomicbits,scraml-dsl-android,0.8.3,-,-,?,-,false,-
io.atomicbits,scraml-dsl-java,0.8.3,-,-,?,-,false,-
io.atomicbits,scraml-dsl-scala_2.10,0.8.3,-,-,?,-,false,-
io.atomicbits,scraml-dsl-scala_2.11,0.8.3,-,-,?,-,false,-
io.atomicbits,scraml-dsl-scala_2.12,0.8.3,-,-,?,-,false,-
io.atomicbits,scraml-generator_2.10,0.8.3,-,-,?,-,false,sun.misc.BASE64Decoder                   Use java.util.Base64 @since 1.8
io.atomicbits,scraml-generator_2.11,0.8.3,-,-,?,-,false,sun.misc.BASE64Decoder                   Use java.util.Base64 @since 1.8
io.atomicbits,scraml-generator_2.12,0.8.3,-,-,?,-,false,sun.misc.BASE64Decoder                   Use java.util.Base64 @since 1.8
io.atomicbits,scraml-gen-simulation_2.10,0.8.3,-,-,?,-,false,-
io.atomicbits,scraml-gen-simulation_2.11,0.8.3,-,-,?,-,false,-
io.atomicbits,scraml-gen-simulation_2.12,0.8.3,-,-,?,-,false,-
io.atomicbits,scraml-raml-parser_2.10,0.8.3,-,-,?,-,false,-
io.atomicbits,scraml-raml-parser_2.11,0.8.3,-,-,?,-,false,-
io.atomicbits,scraml-raml-parser_2.12,0.8.3,-,-,?,-,false,-
org.corpus-tools,graphannis-api,0.9.0,-,-,?,-,false,-
su.izotov,ObjectLR,0.6,-,-,?,-,false,-
