groupId,artifactId,version,moduleName,moduleVersion,moduleMode,moduleDependencies,jdepsToolError,jdepsViolations
com.ardikars.common,common,1.2.0.RC1,-,-,?,-,false,-
com.ardikars.common,common-annotation,1.2.0.RC1,-,-,?,-,false,-
com.ardikars.common,common-net,1.2.0.RC1,-,-,?,-,false,-
com.ardikars.common,common-util,1.2.0.RC1,-,-,?,-,false,-
com.ardikars.jxnet,jxnet,1.1.4,-,-,?,-,false,-
com.ardikars.jxnet,jxnet-context,1.4.0.RC1,-,-,?,-,false,-
com.ardikars.jxnet,jxnet-core,1.4.0.RC1,-,-,?,-,false,-
com.ardikars.jxnet,jxnet-packet,1.1.4,-,-,?,-,false,-
com.ardikars.jxnet,jxnet-util,1.1.4,-,-,?,-,false,-
com.cisco.deviot,gateway-java-sdk,0.1.0,-,-,?,-,false,-
com.cisco.maven.plugins,device-package-maven-plugin,1.0.0,-,-,?,-,false,-
com.cisco.oss.foundation,commons,1.0.4-2,-,-,?,-,false,-
com.cisco.oss.foundation,http-client-apache,1.2.2-4,-,-,?,-,false,-
com.cisco.oss.foundation,http-client-common,1.1.3-4,-,-,?,-,false,-
com.cisco.oss.foundation,http-server-api,1.4.0-3,-,-,?,-,false,-
com.cisco.oss.foundation,logging-api,1.2.1-3,-,-,?,-,false,-
com.cisco.oss.foundation,logging-log4j,1.2.1-2,-,-,?,-,false,-
com.cisco.oss.foundation,monitoring-jmx-lib,1.0.3-5,-,-,?,-,false,-
com.cisco.oss.foundation.queue,queue-api,1.1.1-2,-,-,?,-,false,-
com.cisco.oss.foundation.queue,queue-rabbitmq,1.5.4-8,-,-,?,-,false,-
com.conveyal,gtfs-lib,3.3.0,-,-,?,-,false,-
com.conveyal,osm-lib,1.4.0,-,-,?,-,false,-
com.conveyal,r5,2017-11-10_13.36.$%7Bgit.commit.id.abbrev%7D,-,-,?,-,false,-
com.cybermkd,MongodbPlugin,1.0.8.2,-,-,?,-,false,-
com.datamountaineer,avro-kcql,0.6,-,-,?,-,false,-
com.datamountaineer,avro-kcql_2.11,1.0,-,-,?,-,false,-
com.datamountaineer,json-kcql,0.7,-,-,?,-,false,-
com.datamountaineer,json-kcql_2.11,1.0,-,-,?,-,false,-
com.datamountaineer,json-sql_2.11,0.1,-,-,?,-,false,-
com.datamountaineer,kafka-connect-azure-documentdb,1.1.0,-,-,?,-,false,-
com.datamountaineer,kafka-connect-blockchain,1.1.0,-,-,?,-,false,-
com.datamountaineer,kafka-connect-bloomberg,1.1.0,-,-,?,-,false,-
com.datamountaineer,kafka-connect-cassandra,1.1.0,-,-,?,-,false,-
com.datamountaineer,kafka-connect-cli,1.0.5,-,-,?,-,false,-
com.datamountaineer,kafka-connect-coap,1.1.0,-,-,?,-,false,-
com.datamountaineer,kafka-connect-common,1.1.5,-,-,?,-,false,sun.misc.Unsafe                          See http://openjdk.java.net/jeps/260
com.datamountaineer,kafka-connect-druid,1.1.0,-,-,?,-,false,-
com.datamountaineer,kafka-connect-elastic,1.1.0,-,-,?,-,false,-
com.datamountaineer,kafka-connect-elastic5,1.1.0,-,-,?,-,false,-
com.datamountaineer,kafka-connect-elastic6,1.1.0,-,-,?,-,false,-
com.datamountaineer,kafka-connect-ftp,1.1.0,-,-,?,-,false,-
com.datamountaineer,kafka-connect-hazelcast,1.1.0,-,-,?,-,false,-
com.datamountaineer,kafka-connect-hbase,1.1.0,-,-,?,-,false,-
com.datamountaineer,kafka-connect-influxdb,1.1.0,-,-,?,-,false,-
com.datamountaineer,kafka-connect-jms,1.1.0,-,-,?,-,false,-
com.datamountaineer,kafka-connect-kudu,1.1.0,-,-,?,-,false,-
com.datamountaineer,kafka-connect-mongodb,1.1.0,-,-,?,-,false,-
com.datamountaineer,kafka-connect-mqtt,1.1.0,-,-,?,-,false,-
com.datamountaineer,kafka-connect-pulsar,1.1.0,-,-,?,-,false,-
com.datamountaineer,kafka-connect-redis,1.1.0,-,-,?,-,false,-
com.datamountaineer,kafka-connect-rethink,1.1.0,-,-,?,-,false,-
com.datamountaineer,kafka-connect-transformers,1.0.0,-,-,?,-,false,-
com.datamountaineer,kafka-connect-voltdb,1.1.0,-,-,?,-,false,-
com.datamountaineer,kafka-connect-yahoo,1.1.0,-,-,?,-,false,-
com.datamountaineer,kafka-testkit,0.7,-,-,?,-,false,-
com.datamountaineer,kcql,2.8.2,-,-,?,-,false,-
com.datamountaineer,kstreams-kcql,0.1,-,-,?,-,false,sun.misc.Unsafe                          See http://openjdk.java.net/jeps/260 + sun.security.x509.X500Name               Use javax.security.auth.x500.X500Principal @since 1.4
com.datamountaineer,stream-reactor,1.1.0,-,-,?,-,false,-
com.diakogiannis.alexius.security,AESEncryptor,1.2.7,-,-,?,-,false,-
com.elastisys,elastisys.buildtools,1.3,-,-,?,-,false,-
com.elastisys.scale,cloudpool.api,5.2.1,-,-,?,-,false,-
com.elastisys.scale,cloudpool.aws.autoscaling,5.2.1,-,-,?,-,false,sun.misc.Unsafe                          See http://openjdk.java.net/jeps/260 + sun.reflect.Reflection                   Use java.lang.StackWalker @since 9
com.elastisys.scale,cloudpool.aws.commons,5.2.1,-,-,?,-,false,-
com.elastisys.scale,cloudpool.aws.ec2,5.2.1,-,-,?,-,false,sun.misc.Unsafe                          See http://openjdk.java.net/jeps/260 + sun.reflect.Reflection                   Use java.lang.StackWalker @since 9
com.elastisys.scale,cloudpool.aws.spot,5.2.1,-,-,?,-,false,sun.misc.Unsafe                          See http://openjdk.java.net/jeps/260 + sun.reflect.Reflection                   Use java.lang.StackWalker @since 9
com.elastisys.scale,cloudpool.azure,5.2.1,-,-,?,-,false,sun.misc.Unsafe                          See http://openjdk.java.net/jeps/260 + sun.reflect.Reflection                   Use java.lang.StackWalker @since 9
com.elastisys.scale,cloudpool.citycloud,5.2.1,-,-,?,-,false,sun.misc.Unsafe                          See http://openjdk.java.net/jeps/260 + sun.reflect.Reflection                   Use java.lang.StackWalker @since 9
com.elastisys.scale,cloudpool.commons,5.2.1,-,-,?,-,false,-
com.elastisys.scale,cloudpool.gce,4.2.1,-,-,?,-,false,sun.misc.Unsafe                          See http://openjdk.java.net/jeps/260 + sun.reflect.Reflection                   Use java.lang.StackWalker @since 9
com.elastisys.scale,cloudpool.google.commons,5.2.1,-,-,?,-,false,-
com.elastisys.scale,cloudpool.google.compute,5.2.1,-,-,?,-,false,sun.misc.Unsafe                          See http://openjdk.java.net/jeps/260 + sun.reflect.Reflection                   Use java.lang.StackWalker @since 9
com.elastisys.scale,cloudpool.google.container,5.2.1,-,-,?,-,false,sun.misc.Unsafe                          See http://openjdk.java.net/jeps/260 + sun.reflect.Reflection                   Use java.lang.StackWalker @since 9
com.elastisys.scale,cloudpool.kubernetes,5.2.1,-,-,?,-,false,sun.misc.Unsafe                          See http://openjdk.java.net/jeps/260 + sun.reflect.Reflection                   Use java.lang.StackWalker @since 9
com.elastisys.scale,cloudpool.multipool,5.2.1,-,-,?,-,false,-
com.elastisys.scale,cloudpool.openstack,5.2.1,-,-,?,-,false,sun.misc.Unsafe                          See http://openjdk.java.net/jeps/260 + sun.reflect.Reflection                   Use java.lang.StackWalker @since 9
com.elastisys.scale,commons.buildtools,2.2.8,-,-,?,-,false,-
com.elastisys.scale,commons.cli,2.3.1,-,-,?,-,false,-
com.elastisys.scale,commons.json,2.3.1,-,-,?,-,false,-
com.elastisys.scale,commons.logreplayer,2.3.1,-,-,?,-,false,sun.misc.Unsafe                          See http://openjdk.java.net/jeps/260 + sun.reflect.Reflection                   Use java.lang.StackWalker @since 9 + sun.security.x509.X500Name               Use javax.security.auth.x500.X500Principal @since 1.4
com.elastisys.scale,commons.net,2.3.1,-,-,?,-,false,-
com.elastisys.scale,commons.openstack,2.3.1,-,-,?,-,false,-
com.elastisys.scale,commons.rest,2.3.1,-,-,?,-,false,-
com.elastisys.scale,commons.security,2.3.1,-,-,?,-,false,-
com.elastisys.scale,commons.server,2.3.1,-,-,?,-,false,-
com.elastisys.scale,commons.util,2.3.1,-,-,?,-,false,-
com.excelsiorjet,excelsior-jet-api,1.2.0,-,-,?,-,false,-
com.excelsiorjet,excelsior-jet-gradle-plugin,1.2.0,-,-,?,-,false,-
com.excelsiorjet,excelsior-jet-maven-plugin,1.2.0,-,-,?,-,false,-
com.fazecast,jSerialComm,2.2.0,com.fazecast.jSerialComm,-,explicit,java.base,false,-
com.fluffypeople,managesievej,0.2.2,-,-,?,-,false,-
com.genmymodel.emf.gwt,emf-common,2.12.4,-,-,?,-,false,-
com.genmymodel.emf.gwt,emf-ecore,2.12.4,-,-,?,-,false,-
com.genmymodel.emf.gwt,emf-edit,2.12.4,-,-,?,-,false,-
com.gkatzioura.maven.cloud,azure-storage-wagon,1.0,-,-,?,-,false,-
com.gkatzioura.maven.cloud,cloud-storage-core,1.0,-,-,?,-,false,-
com.gkatzioura.maven.cloud,google-storage-wagon,1.0,-,-,?,-,false,-
com.gkatzioura.maven.cloud,s3-storage-wagon,1.0,-,-,?,-,false,-
com.jbirdvegas.groovy.utils,GClassUtils,1.0,-,-,?,-,false,-
com.jpaquery,jpaquery,0.19,-,-,?,-,false,-
com.lassitercg,jsf-sheet,1.5,-,-,?,-,false,-
com.liyaos,scala-forklift-core_2.11,0.3.1,-,-,?,-,false,-
com.liyaos,scala-forklift-core_2.12,0.3.1,-,-,?,-,false,-
com.liyaos,scala-forklift-git-tools_2.11,0.3.1,-,-,?,-,false,-
com.liyaos,scala-forklift-git-tools_2.12,0.3.1,-,-,?,-,false,-
com.liyaos,scala-forklift-plain_2.11,0.3.1,-,-,?,-,false,-
com.liyaos,scala-forklift-plain_2.12,0.3.1,-,-,?,-,false,-
com.liyaos,scala-forklift-slick_2.11,0.3.1,-,-,?,-,false,-
com.liyaos,scala-forklift-slick_2.12,0.3.1,-,-,?,-,false,-
com.loginradius.sdk,java-sdk,4.0.0,-,-,?,-,false,-
com.malinskiy.marathon,core,0.2.1,-,-,?,-,false,-
com.malinskiy.marathon,execution-timeline,0.2.1,-,-,?,-,false,-
com.malinskiy.marathon,marathon-gradle-plugin,0.2.1,-,-,?,-,false,-
com.malinskiy.marathon,marathon-html-report,0.2.1,-,-,?,-,false,-
com.malinskiy.marathon,vendor-android,0.2.1,-,-,?,-,false,-
com.malinskiy.sheldon2,compiler,1.0.1,-,-,?,-,false,-
com.malinskiy.sheldon2,core,1.0.1,-,-,?,-,false,-
com.malinskiy.sheldon,compiler,1.0.1,-,-,?,-,false,-
com.malinskiy.sheldon,core,1.0.1,-,-,?,-,false,-
com.masasdani,nangka,0.0.6,-,-,?,-,false,-
com.mparticle,java-sdk,2.0.0,-,-,?,-,false,-
com.offbynull.coroutines,ant-plugin,1.5.1,-,-,?,-,false,-
com.offbynull.coroutines,build-tools,1.5.1,-,-,?,-,false,-
com.offbynull.coroutines,gradle-plugin,1.5.1,-,-,?,-,false,-
com.offbynull.coroutines,instrumenter,1.5.1,-,-,?,-,false,-
com.offbynull.coroutines,java-agent,1.5.1,-,-,?,-,false,-
com.offbynull.coroutines,maven-plugin,1.5.1,-,-,?,-,false,-
com.offbynull.coroutines,user,1.5.1,-,-,?,-,false,-
com.palominolabs.metrics,metrics-guice,3.2.2,-,-,?,-,false,-
com.rajivprab,cava,2.0.8,-,-,?,-,false,-
com.rajivprab,sava,6.0.24,-,-,?,-,false,-
com.rtstatistics,api-client,1.0.12,-,-,?,-,false,-
com.singingbush,dub-client,0.2.1,-,-,?,-,false,-
com.singingbush,sdlang,2.1.0,-,-,?,-,false,-
com.technochord.stripe,stripe-service,1.0.0,-,-,?,-,false,-
com.tencent.angel,angel-dist,1.5.1,-,-,?,-,false,-
com.tencent.angel,angel-ps-core,1.5.1,-,-,?,-,false,-
com.tencent.angel,angel-ps-examples,1.5.1,-,-,?,-,false,-
com.tencent.angel,angel-ps-mllib,1.5.1,-,-,?,-,false,-
com.tencent.angel,angel-ps-psf,1.5.1,-,-,?,-,false,-
com.tencent.angel,angel-ps-serving,1.5.1,-,-,?,-,false,-
com.tencent.angel,angel-ps-tools,1.5.1,-,-,?,-,false,-
com.tencent.angel,spark-on-angel-core,1.5.1,-,-,?,-,false,sun.misc.Cleaner                         Use java.lang.ref.PhantomReference @since 1.2 or java.lang.ref.Cleaner @since 9
com.tencent.angel,spark-on-angel-examples,1.5.1,-,-,?,-,false,-
com.tencent.angel,spark-on-angel-mllib,1.5.1,-,-,?,-,false,-
com.tencent.bugly,symtabfileuploader,2.1.0,-,-,?,-,false,-
com.tencent.tars,tars-client,1.0.3,-,-,?,-,false,sun.misc.Unsafe                          See http://openjdk.java.net/jeps/260
com.tencent.tars,tars-context,1.0.3,-,-,?,-,false,-
com.tencent.tars,tars-core,1.0.3,-,-,?,-,false,sun.misc.Unsafe                          See http://openjdk.java.net/jeps/260
com.tencent.tars,tars-maven-plugin,1.0.3,-,-,?,-,false,-
com.tencent.tars,tars-net,1.0.3,-,-,?,-,false,-
com.tencent.tars,tars-protobuf,1.0.3,-,-,?,-,false,-
com.tencent.tars,tars-server,1.0.3,-,-,?,-,false,sun.misc.Unsafe                          See http://openjdk.java.net/jeps/260
com.tencent.tars,tars-spring,1.0.3,-,-,?,-,false,-
com.tencent.tsf,dubbo-hystrix,0.1.1,-,-,?,-,false,-
com.ursful.framework,ursful-orm,1.2.7,-,-,?,-,false,-
com.willwinder.lbry4j,lbry4j,1.0,-,-,?,-,false,-
com.willwinder.robinhood4j,robinhood4j,0.1,-,-,?,-,false,-
com.willwinder.universalgcodesender,ugs-core-,2.0-JUL-26-2018,-,-,?,-,false,-
com.willwinder.universalgcodesender,ugs-core,2.0-JUL-27-2018,-,-,?,-,false,-
com.xpcagey,cagey-config-api,1.0.0,-,-,?,-,false,-
com.xpcagey,cagey-config-core,1.0.0,-,-,?,-,false,-
com.xpcagey,cagey-config-lightbend,1.0.0,-,-,?,-,false,-
com.xpcagey,cagey-config-spi,1.0.0,-,-,?,-,false,-
com.xpcagey,logback-cloudwatch-appender,1.0.0,-,-,?,-,false,-
com.yunhetong,sdk,0.0.5-RELEASE,-,-,?,-,false,sun.misc.BASE64Decoder                   Use java.util.Base64 @since 1.8 + sun.misc.BASE64Encoder                   Use java.util.Base64 @since 1.8
com.zhyea.ar4j.core,ar4j-core,0.1,-,-,?,-,false,-
com.zhyea.ar4j.ext,ar4j-ext,0.1,-,-,?,-,false,-
