groupId,artifactId,version,moduleName,moduleVersion,moduleMode,moduleDependencies,jdepsToolError,jdepsViolations
com.aestasit.infrastructure.sshoogr,sshoogr,0.9.26,-,-,?,-,false,-
com.airbnb.android,epoxy-annotations,2.16.3,-,-,?,-,false,-
com.airbnb.android,epoxy-processor,2.16.3,-,-,?,-,false,com.sun.tools.javac.code.Symbol          Use javax.tools and javax.lang.model @since 1.6 + com.sun.tools.javac.code.Symbol$ClassSymbol Use javax.tools and javax.lang.model @since 1.6 + com.sun.tools.javac.code.Symbol$VarSymbol Use javax.tools and javax.lang.model @since 1.6 + com.sun.tools.javac.tree.JCTree          Use com.sun.source @since 1.6 + com.sun.tools.javac.tree.JCTree$JCFieldAccess Use com.sun.source @since 1.6 + com.sun.tools.javac.tree.JCTree$Visitor  Use com.sun.source @since 1.6 + com.sun.tools.javac.tree.TreeScanner     Use com.sun.source @since 1.6
com.airbnb.android,paris-annotations,1.0.0,-,-,?,-,false,-
com.airbnb.android,paris-processor,1.0.0,-,-,?,-,false,com.sun.tools.javac.code.Symbol          Use javax.tools and javax.lang.model @since 1.6 + com.sun.tools.javac.code.Symbol$ClassSymbol Use javax.tools and javax.lang.model @since 1.6 + com.sun.tools.javac.code.Symbol$VarSymbol Use javax.tools and javax.lang.model @since 1.6 + com.sun.tools.javac.tree.JCTree          Use com.sun.source @since 1.6 + com.sun.tools.javac.tree.JCTree$JCFieldAccess Use com.sun.source @since 1.6 + com.sun.tools.javac.tree.JCTree$Visitor  Use com.sun.source @since 1.6 + com.sun.tools.javac.tree.TreeScanner     Use com.sun.source @since 1.6 + com.sun.tools.javac.util.Name            Use javax.tools and javax.lang.model @since 1.6
com.airbnb,deeplinkdispatch,3.1.1,-,-,?,-,false,-
com.airbnb,deeplinkdispatch-processor,3.1.1,-,-,?,-,false,-
com.airbnb.okreplay,gradle-plugin,1.4.0,-,-,?,-,false,-
com.airbnb.okreplay,junit,1.4.0,-,-,?,-,false,-
com.airbnb.okreplay,noop,1.4.0,-,-,?,-,false,-
com.airbnb.okreplay,okreplay,1.4.0,-,-,?,-,false,-
com.airbnb,rxgroups,1.0.0-alpha2,-,-,?,-,false,-
com.airbnb,rxgroups-processor,1.0.0-alpha2,-,-,?,-,false,-
com.airbnb.walkman,gradle-plugin,1.0.3,-,-,?,-,false,-
com.airbnb.walkman,junit,1.0.3,-,-,?,-,false,-
com.airbnb.walkman,walkman,1.0.3,-,-,?,-,false,-
com.aparapi,aparapi,1.9.0,-,-,?,-,false,-
com.aparapi,aparapi-examples,1.9.0,-,-,?,-,false,-
com.aparapi,aparapi-jni,1.4.1,-,-,?,-,false,-
com.bluebreezecf,spark-job-server-client,1.0.0,-,-,?,-,false,-
com.callr,callr-sdk-java,1.5.0,-,-,?,-,false,-
com.codingapi,sds-delivery,2.0.2,-,-,?,-,false,-
com.codingapi,sds-socket,2.0.2,-,-,?,-,false,-
com.codingapi,transaction-dubbo,4.1.0,-,-,?,-,false,-
com.codingapi,transaction-motan,4.1.0,-,-,?,-,false,-
com.codingapi,transaction-springcloud,4.1.0,-,-,?,-,false,-
com.codingapi,tx-client,4.1.0,-,-,?,-,false,-
com.codingapi,tx-plugins-db,4.1.0,-,-,?,-,false,-
com.codingapi,tx-plugins-nodb,4.0.3.M2,-,-,?,-,false,-
com.codingapi,tx-plugins-redis,4.0.3.M2,-,-,?,-,false,-
com.datatiny.tools,ChineseNoReco,1.0.1,-,-,?,-,false,-
com.dmanchester,playfop_2.11,1.0,-,-,?,-,false,-
com.dmanchester,playfop_2.12,1.0,-,-,?,-,false,-
com.dragishak,aerospike-monix_2.11,0.0.3,-,-,?,-,false,-
com.dragishak,aerospike-monix_2.12,0.0.3,-,-,?,-,false,-
com.dragishak,monocle-cats_2.10,1.2,-,-,?,-,false,-
com.dragishak,monocle-cats_2.11,1.2,-,-,?,-,false,-
com.dragishak,monocle-cats_2.12,1.2,-,-,?,-,false,-
com.dtstack.jlogstash,input.file,1.0.0,-,-,?,-,false,-
com.dtstack.jlogstash,input.kafka,1.0.0,-,-,?,-,false,-
com.dtstack.jlogstash,input.netty,1.0.0,-,-,?,-,false,-
com.dtstack.jlogstash,input.stdin,1.0.0,-,-,?,-,false,-
com.dtstack.jlogstash,input.tcp,1.0.0,-,-,?,-,false,-
com.dtstack.jlogstash,jlogstash,1.0.0,-,-,?,-,false,-
com.dtstack.jlogstash,output.elasticsearch,1.0.0,-,-,?,-,false,-
com.dtstack.jlogstash,output.elasticsearch5,1.0.0,-,-,?,-,false,-
com.dtstack.jlogstash,output.file,1.0.0,-,-,?,-,false,-
com.dtstack.jlogstash,output.kafka,1.0.0,-,-,?,-,false,-
com.dtstack.jlogstash,output.netty,1.0.0,-,-,?,-,false,-
com.dtstack.jlogstash,output.performance,1.0.0,-,-,?,-,false,-
com.dtstack.jlogstash,output.stdout,1.0.0,-,-,?,-,false,-
com.dtstack.logstash,input.beats,1.0.0,-,-,?,-,false,-
com.foreveross,spring-boot-starter-dubbox,2.3.8,-,-,?,-,false,-
com.ginsberg,cirkle,1.0.1,-,-,?,-,false,-
com.ginsberg,java-timestream,1.1.0,-,-,?,-,false,-
com.gregmarut.commons,android,0.5,-,-,?,-,false,-
com.gregmarut.commons,encryption,0.5,-,-,?,-,false,-
com.gregmarut.commons,network,0.5,-,-,?,-,false,-
com.gregmarut.commons,util,0.5,-,-,?,-,false,-
com.gregmarut.resty,resty-android,1.4.2,-,-,?,-,false,-
com.gregmarut.resty,resty-client,1.4.2,-,-,?,-,false,-
com.gregmarut.resty,resty-core,1.4.2,-,-,?,-,false,-
com.gregmarut.resty,server-it,1.4.2,-,-,?,-,false,-
com.gregmarut.support,test-beangen,2.6.1-RELEASE,-,-,?,-,false,-
com.heroku.agent,heroku-javaagent,2.0,-,-,?,-,false,-
com.heroku.agent,heroku-java-metrics-agent,3.7,-,-,?,-,false,sun.misc.Unsafe                          See http://openjdk.java.net/jeps/260
com.heroku.api,heroku-api,0.32,-,-,?,-,false,-
com.heroku.api,heroku-api-integration-tests,0.32,-,-,?,-,false,-
com.heroku.api,heroku-http-apache,0.32,-,-,?,-,false,-
com.heroku.api,heroku-http-finagle,0.32,-,-,?,-,false,-
com.heroku.api,heroku-http-jersey-client,0.32,-,-,?,-,false,-
com.heroku.api,heroku-http-ning-async,0.32,-,-,?,-,false,-
com.heroku.api,heroku-json-gson,0.32,-,-,?,-,false,-
com.heroku.api,heroku-json-jackson,0.32,-,-,?,-,false,-
com.heroku.api,heroku-json-jersey-client,0.32,-,-,?,-,false,-
com.heroku.sdk,env-keystore,1.0.7,-,-,?,-,false,-
com.heroku.sdk,heroku-deploy,2.0.5,-,-,?,-,false,-
com.heroku.sdk,heroku-deploy-complete,2.0.5,-,-,?,-,false,sun.misc.Unsafe                          See http://openjdk.java.net/jeps/260
com.heroku.sdk,heroku-maven-plugin,2.0.5,-,-,?,-,false,-
com.holdenkarau,spark-testing-base_2.10,2.2.1_0.10.0,-,-,?,-,false,-
com.holdenkarau,spark-testing-base_2.11,2.3.1_0.10.0,-,-,?,-,false,-
com.ing,baker_2.11,0.2.38,-,-,?,-,false,-
com.ing.baker,baker-baas_2.11,1.3.1,-,-,?,-,false,-
com.ing.baker,baker-baas_2.12,1.3.1,-,-,?,-,false,-
com.ing.baker,baker-compiler_2.11,1.3.5,-,-,?,-,false,-
com.ing.baker,baker-compiler_2.12,1.3.5,-,-,?,-,false,-
com.ing.baker,baker-intermediate-language_2.11,1.3.5,-,-,?,-,false,-
com.ing.baker,baker-intermediate-language_2.12,1.3.5,-,-,?,-,false,-
com.ing.baker,baker-recipe-dsl_2.11,1.3.5,-,-,?,-,false,-
com.ing.baker,baker-recipe-dsl_2.12,1.3.5,-,-,?,-,false,-
com.ing.baker,baker-runtime_2.11,1.3.5,-,-,?,-,false,-
com.ing.baker,baker-runtime_2.12,1.3.5,-,-,?,-,false,-
com.ing.baker,baker-types_2.11,1.3.5,-,-,?,-,false,-
com.ing.baker,baker-types_2.12,1.3.5,-,-,?,-,false,-
com.ing.baker,compiler_2.11,1.1.18,-,-,?,-,false,-
com.ing.baker,intermediate-language_2.11,1.1.18,-,-,?,-,false,-
com.ing.baker,petrinet-akka_2.11,1.1.3,-,-,?,-,false,-
com.ing.baker,petrinet-api_2.11,1.3.5,-,-,?,-,false,-
com.ing.baker,petrinet-api_2.12,1.3.5,-,-,?,-,false,-
com.ing.baker,recipe-dsl_2.11,1.1.18,-,-,?,-,false,-
com.ing.baker,runtime_2.11,1.1.18,-,-,?,-,false,-
com.integralblue,hibernate-springcache,1.0.2,-,-,?,-,false,-
com.integralblue,log4jdbc-spring-boot-starter,1.0.2,-,-,?,-,false,-
com.integralblue,sqs-jms-ra,1.0.0,-,-,?,-,false,-
com.janeluo,jfinal-plus,2.2.0.r3,-,-,?,-,false,-
com.jeesuite,jeesuite-cache,1.2.0,-,-,?,-,false,-
com.jeesuite,jeesuite-common,1.2.0,-,-,?,-,false,-
com.jeesuite,jeesuite-common2,1.2.0,-,-,?,-,false,-
com.jeesuite,jeesuite-confcenter-client,1.1.4,-,-,?,-,false,-
com.jeesuite,jeesuite-config-client,1.2.0,-,-,?,-,false,-
com.jeesuite,jeesuite-filesystem,1.2.0,-,-,?,-,false,-
com.jeesuite,jeesuite-kafka,1.2.0,-,-,?,-,false,-
com.jeesuite,jeesuite-mybatis,1.2.0,-,-,?,-,false,-
com.jeesuite,jeesuite-rest,1.1.8,-,-,?,-,false,-
com.jeesuite,jeesuite-scheduler,1.2.0,-,-,?,-,false,-
com.jeesuite,jeesuite-spring,1.2.0,-,-,?,-,false,-
com.jeesuite,jeesuite-springboot-starter,1.2.0,-,-,?,-,false,-
com.jeesuite,jeesuite-springweb,1.2.0,-,-,?,-,false,-
com.jparams,data-file,1.0.1,-,-,?,-,false,-
com.jparams,data-store,3.1.4,-,-,?,-,false,-
com.jparams,jparams-junit4,1.0.4,-,-,?,-,false,-
com.jparams,jparams-junit4-test,1.0.1,-,-,?,-,false,-
com.jparams,object-builder,1.0.7,-,-,?,-,false,sun.misc.Unsafe                          See http://openjdk.java.net/jeps/260
com.jparams,to-string-tester,1.1.2,-,-,?,-,false,-
com.jparams,to-string-verifier,1.0.1,-,-,?,-,false,-
com.legalshield,retrobomb,0.1.0,-,-,?,-,false,-
com.littlenb,mybatis-jpa,2.1.2,-,-,?,-,false,-
com.littlenb,snowflake,1.0.2,-,-,?,-,false,-
com.memtrip.cucumber.smoothie,gherkin-binding,1.0.3,-,-,?,-,false,-
com.memtrip.cucumber.smoothie,gherkin-parser,1.0.3,-,-,?,-,false,-
com.netemera,netemera-scala-client_2.12,0.3.38,-,-,?,-,false,-
com.nextbreakpoint,com.nextbreakpoint.fork,1.4.0,-,-,?,-,false,-
com.nextbreakpoint,com.nextbreakpoint.nextfractal.contextfree,2.0.3,-,-,?,-,false,-
com.nextbreakpoint,com.nextbreakpoint.nextfractal.core,2.0.3,-,-,?,-,false,-
com.nextbreakpoint,com.nextbreakpoint.nextfractal.mandelbrot,2.0.3,-,-,?,-,false,-
com.nextbreakpoint,com.nextbreakpoint.nextfractal.runtime,2.0.3,-,-,?,-,false,-
com.nextbreakpoint,com.nextbreakpoint.sqltemplate,1.5.1,-,-,?,-,false,-
com.pinterest,secor,0.26,-,-,?,-,false,-
com.pugwoo,hessoa,0.5.3,-,-,?,-,false,-
com.pugwoo,nimble-orm,0.8.7,-,-,?,-,false,-
com.pugwoo,nimbleorm-spring-boot-starter,0.0.2,-,-,?,-,false,-
com.pugwoo,spring-mvc-conf,0.2.5,-,-,?,-,false,-
com.pugwoo,webext-spring-boot-starter,0.0.2,-,-,?,-,false,-
com.pugwoo,woo-utils,0.4.5,-,-,?,-,false,-
com.samajackun.arco,arco-compiler,0.1.1,-,-,?,-,false,-
com.samajackun.arco,arco-maven-plugin,0.1.1,-,-,?,-,false,-
com.samajackun.arco,arco-rt,0.1.1,-,-,?,-,false,-
com.sandflow,regxmllib,1.1.2,-,-,?,-,false,-
com.scalyr,logback-log4j-appenders,6.0.6,-,-,?,-,false,-
com.scalyr,scalyr-client,6.0.1,-,-,?,-,false,-
com.seebo,seebo-android-sdk,3.1.1,-,-,?,-,false,-
com.sndyuk,logback-more-appenders,1.4.3,-,-,?,-,false,-
com.someok,someok-restdocs-extend,1.0.15,-,-,?,-,false,-
com.sonymobile,lumbermill-aws-kcl,0.0.26,-,-,?,-,false,-
com.sonymobile,lumbermill-graphite,0.0.26,-,-,?,-,false,-
com.sonymobile,lumbermill-http-server,0.0.26,-,-,?,-,false,-
com.sonymobile,lumbermill-influxdb,0.0.26,-,-,?,-,false,-
com.sonymobile,lumbermill-simple-samples,0.0.26,-,-,?,-,false,-
com.sonymobile.tools.gerrit,gerrit-events,2.12.1,-,-,?,-,false,-
com.trulioo,normalized-api,1.0.0,-,-,?,-,false,-
com.trulioo,normalizedapi,1.0.1,-,-,?,-,false,-
com.twingly,twingly-search,1.1.1,-,-,?,-,false,-
com.vgaidarji,dependencies-overview,1.0.0,-,-,?,-,false,-
com.ximpleware,vtd-xml,2.13.4,-,-,?,-,false,-
com.yakirchen,transform,0.0.1,-,-,?,-,false,-
com.yusufaytas,dlock-all,0.2,-,-,?,-,false,-
com.yusufaytas,dlock-core,0.2,-,-,?,-,false,-
com.yusufaytas,dlock-examples,0.2,-,-,?,-,false,-
com.yusufaytas,dlock-jdbc,0.2,-,-,?,-,false,-
com.yusufaytas,dlock-spring,0.2,-,-,?,-,false,-
com.zhranklin,scala-tricks_2.11,0.1.0,-,-,?,-,false,-
com.zhranklin,scala-tricks_2.12,0.1.0,-,-,?,-,false,-
