groupId,artifactId,version,moduleName,moduleVersion,moduleMode,moduleDependencies,jdepsToolError,jdepsViolations
com.adobe.api.platform.runtime,mesos-actor,0.0.8,-,-,?,-,false,-
co.mercenary-creators,mercenary-creators-minio,1.0.0-RELEASE,-,-,?,-,false,-
com.github.pshirshov.izumi.r2,distage-app_2.12,0.5.51,-,-,?,-,false,-
com.github.pshirshov.izumi.r2,distage-cats_2.12,0.5.51,-,-,?,-,false,-
com.github.pshirshov.izumi.r2,distage-config_2.12,0.5.51,-,-,?,-,false,-
com.github.pshirshov.izumi.r2,distage-core_2.12,0.5.51,-,-,?,-,false,-
com.github.pshirshov.izumi.r2,distage-model_2.12,0.5.51,-,-,?,-,false,-
com.github.pshirshov.izumi.r2,distage-plugins_2.12,0.5.51,-,-,?,-,false,-
com.github.pshirshov.izumi.r2,distage-proxy-cglib_2.12,0.5.51,-,-,?,-,false,-
com.github.pshirshov.izumi.r2,distage-roles_2.12,0.5.51,-,-,?,-,false,-
com.github.pshirshov.izumi.r2,distage-static_2.12,0.5.51,-,-,?,-,false,-
com.github.pshirshov.izumi.r2,fastparse-shaded_2.12,0.5.51,-,-,?,-,false,-
com.github.pshirshov.izumi.r2,fundamentals-collections_2.12,0.5.51,-,-,?,-,false,-
com.github.pshirshov.izumi.r2,fundamentals-functional_2.12,0.5.51,-,-,?,-,false,-
com.github.pshirshov.izumi.r2,fundamentals-platform_2.12,0.5.51,-,-,?,-,false,-
com.github.pshirshov.izumi.r2,fundamentals-reflection_2.12,0.5.51,-,-,?,-,false,-
com.github.pshirshov.izumi.r2,idealingua-compiler_2.12,0.5.51,-,-,?,-,false,sun.misc.Unsafe                          See http://openjdk.java.net/jeps/260
com.github.pshirshov.izumi.r2,idealingua-core_2.12,0.5.51,-,-,?,-,false,-
com.github.pshirshov.izumi.r2,idealingua-model_2.12,0.5.51,-,-,?,-,false,-
com.github.pshirshov.izumi.r2,idealingua-runtime-rpc-c-sharp_2.12,0.5.51,-,-,?,-,false,-
com.github.pshirshov.izumi.r2,idealingua-runtime-rpc-go_2.12,0.5.51,-,-,?,-,false,-
com.github.pshirshov.izumi.r2,idealingua-runtime-rpc-http4s_2.12,0.5.51,-,-,?,-,false,-
com.github.pshirshov.izumi.r2,idealingua-runtime-rpc-scala_2.12,0.5.51,-,-,?,-,false,-
com.github.pshirshov.izumi.r2,idealingua-runtime-rpc-typescript_2.12,0.5.51,-,-,?,-,false,-
com.github.pshirshov.izumi.r2,idealingua-test-defs_2.12,0.5.51,-,-,?,-,false,-
com.github.pshirshov.izumi.r2,izumi-r2_2.12,0.5.51,-,-,?,-,false,-
com.github.pshirshov.izumi.r2,logstage-adapter-slf4j_2.12,0.5.51,-,-,?,-,false,-
com.github.pshirshov.izumi.r2,logstage-api-base_2.12,0.5.51,-,-,?,-,false,-
com.github.pshirshov.izumi.r2,logstage-api-base-macro_2.12,0.5.51,-,-,?,-,false,-
com.github.pshirshov.izumi.r2,logstage-api-logger_2.12,0.5.51,-,-,?,-,false,-
com.github.pshirshov.izumi.r2,logstage-di_2.12,0.5.51,-,-,?,-,false,-
com.github.pshirshov.izumi.r2,logstage-rendering-circe_2.12,0.5.51,-,-,?,-,false,-
com.github.pshirshov.izumi.r2,logstage-sink-slf4j_2.12,0.5.51,-,-,?,-,false,-
com.google.api-client,google-api-client,1.25.0,-,-,?,-,false,-
com.google.api-client,google-api-client-android,1.25.0,-,-,?,-,false,-
com.google.api-client,google-api-client-appengine,1.25.0,-,-,?,-,false,-
com.google.api-client,google-api-client-gson,1.25.0,-,-,?,-,false,-
com.google.api-client,google-api-client-jackson2,1.25.0,-,-,?,-,false,-
com.google.api-client,google-api-client-java6,1.25.0,-,-,?,-,false,-
com.google.api-client,google-api-client-protobuf,1.25.0,-,-,?,-,false,-
com.google.api-client,google-api-client-servlet,1.25.0,-,-,?,-,false,-
com.google.api-client,google-api-client-xml,1.25.0,-,-,?,-,false,-
com.google.apis,google-api-services-dlp,v2-rev29-1.24.1,-,-,?,-,false,-
com.google.apis,google-api-services-ml,v1-rev57-1.22.0,-,-,?,-,false,-
com.google.apis,google-api-services-serviceconsumermanagement,v1-rev136-1.24.1,-,-,?,-,false,-
com.google.apis,google-api-services-serviceusage,v1-rev41-1.23.0,-,-,?,-,false,-
com.google.http-client,google-http-client,1.25.0,-,-,?,-,false,-
com.google.http-client,google-http-client-android,1.25.0,-,-,?,-,false,-
com.google.http-client,google-http-client-appengine,1.25.0,-,-,?,-,false,-
com.google.http-client,google-http-client-findbugs,1.25.0,-,-,?,-,false,-
com.google.http-client,google-http-client-gson,1.25.0,-,-,?,-,false,-
com.google.http-client,google-http-client-jackson,1.25.0,-,-,?,-,false,-
com.google.http-client,google-http-client-jackson2,1.25.0,-,-,?,-,false,-
com.google.http-client,google-http-client-jdo,1.25.0,-,-,?,-,false,-
com.google.http-client,google-http-client-protobuf,1.25.0,-,-,?,-,false,-
com.google.http-client,google-http-client-test,1.25.0,-,-,?,-,false,-
com.google.http-client,google-http-client-xml,1.25.0,-,-,?,-,false,-
com.google.oauth-client,google-oauth-client,1.25.0,-,-,?,-,false,-
com.google.oauth-client,google-oauth-client-appengine,1.25.0,-,-,?,-,false,-
com.google.oauth-client,google-oauth-client-java6,1.25.0,-,-,?,-,false,-
com.google.oauth-client,google-oauth-client-jetty,1.25.0,-,-,?,-,false,-
com.google.oauth-client,google-oauth-client-servlet,1.25.0,-,-,?,-,false,-
com.ibm.wala,com.ibm.wala.cast.java,1.5.0,-,-,?,-,false,-
com.ibm.wala,com.ibm.wala.cast.java.ecj,1.5.0,-,-,?,-,false,-
com.ibm.wala,com.ibm.wala.cast.js,1.5.0,-,-,?,-,false,-
com.ibm.wala,com.ibm.wala.cast.js.rhino,1.5.0,-,-,?,-,false,-
com.ibm.wala,com.ibm.wala.dalvik,1.5.0,-,-,?,-,false,-
com.ibm.wala,com.ibm.wala.scandroid,1.5.0,-,-,?,-,false,-
com.xfmeet,aspect-log,1.0,-,-,?,-,false,-
foundation.icon,icon-sdk,0.9.2,-,-,?,-,false,-
org.digitalmediaserver,cuelib-core,2.0.0,-,-,?,-,false,-
org.digitalmediaserver,cuelib-id3,2.0.0,-,-,?,-,false,-
org.digitalmediaserver,cuelib-tools,2.0.0,-,-,?,-,false,-
org.opencb.commons,commons-datastore-core,3.7.0,-,-,?,-,false,-
org.opencb.commons,commons-datastore-mongodb,3.7.0,-,-,?,-,false,-
org.opencb.commons,commons-lib,3.7.0,-,-,?,-,false,-
