groupId,artifactId,version,moduleName,moduleVersion,moduleMode,moduleDependencies,jdepsToolError,jdepsViolations
com.github.tornaia,java-offline-geoip,0.1.4,-,-,?,-,false,-
com.madewithtea,mockedstreams_2.11,2.1.0,-,-,?,-,false,-
com.madewithtea,mockedstreams_2.12,2.1.0,-,-,?,-,false,-
com.sksamuel.elastic4s,elastic4s-aws_2.11,6.3.6,-,-,?,-,false,-
com.sksamuel.elastic4s,elastic4s-aws_2.12,6.3.6,-,-,?,-,false,-
com.sksamuel.elastic4s,elastic4s-cats-effect_2.11,6.3.6,-,-,?,-,false,-
com.sksamuel.elastic4s,elastic4s-circe_2.10,6.0.0-rc1,-,-,?,-,false,-
com.sksamuel.elastic4s,elastic4s-circe_2.11,6.3.6,-,-,?,-,false,-
com.sksamuel.elastic4s,elastic4s-circe_2.12,6.3.6,-,-,?,-,false,-
com.sksamuel.elastic4s,elastic4s-core_2.10,6.0.0-rc1,-,-,?,-,false,-
com.sksamuel.elastic4s,elastic4s-core_2.11,6.3.6,-,-,?,-,false,-
com.sksamuel.elastic4s,elastic4s-core_2.12,6.3.6,-,-,?,-,false,-
com.sksamuel.elastic4s,elastic4s-core-tests_2.11,5.1.5,-,-,?,-,false,-
com.sksamuel.elastic4s,elastic4s-core-tests_2.12,5.1.5,-,-,?,-,false,-
com.sksamuel.elastic4s,elastic4s-embedded_2.10,6.0.0-rc1,-,-,?,-,false,-
com.sksamuel.elastic4s,elastic4s-embedded_2.11,6.3.6,-,-,?,-,false,-
com.sksamuel.elastic4s,elastic4s-embedded_2.12,6.3.6,-,-,?,-,false,-
com.sksamuel.elastic4s,elastic4s-examples_2.11,2.4.1,-,-,?,-,false,-
com.sksamuel.elastic4s,elastic4s-examples_2.12,2.4.1,-,-,?,-,false,-
com.sksamuel.elastic4s,elastic4s-http_2.10,6.0.0-rc1,-,-,?,-,false,-
com.sksamuel.elastic4s,elastic4s-http_2.11,6.3.6,-,-,?,-,false,-
com.sksamuel.elastic4s,elastic4s-http_2.12,6.3.6,-,-,?,-,false,-
com.sksamuel.elastic4s,elastic4s-http-streams_2.11,6.3.6,-,-,?,-,false,-
com.sksamuel.elastic4s,elastic4s-http-streams_2.12,6.3.6,-,-,?,-,false,-
com.sksamuel.elastic4s,elastic4s-jackson_2.10,6.0.0-rc1,-,-,?,-,false,-
com.sksamuel.elastic4s,elastic4s-jackson_2.11,6.3.6,-,-,?,-,false,-
com.sksamuel.elastic4s,elastic4s-jackson_2.12,6.3.6,-,-,?,-,false,-
com.sksamuel.elastic4s,elastic4s-json4s_2.10,6.0.0-rc1,-,-,?,-,false,-
com.sksamuel.elastic4s,elastic4s-json4s_2.11,6.3.6,-,-,?,-,false,-
com.sksamuel.elastic4s,elastic4s-json4s_2.12,6.3.6,-,-,?,-,false,-
com.sksamuel.elastic4s,elastic4s-monix_2.11,6.3.6,-,-,?,-,false,-
com.sksamuel.elastic4s,elastic4s-monix_2.12,6.3.6,-,-,?,-,false,-
com.sksamuel.elastic4s,elastic4s-play-json_2.10,6.0.0-rc1,-,-,?,-,false,-
com.sksamuel.elastic4s,elastic4s-play-json_2.11,6.3.6,-,-,?,-,false,-
com.sksamuel.elastic4s,elastic4s-play-json_2.12,6.3.6,-,-,?,-,false,-
com.sksamuel.elastic4s,elastic4s-scalaz_2.11,6.3.6,-,-,?,-,false,-
com.sksamuel.elastic4s,elastic4s-scalaz_2.12,6.3.6,-,-,?,-,false,-
com.sksamuel.elastic4s,elastic4s-spray-json_2.10,6.0.0-rc1,-,-,?,-,false,-
com.sksamuel.elastic4s,elastic4s-spray-json_2.12,6.3.6,-,-,?,-,false,-
com.sksamuel.elastic4s,elastic4s-streams_2.11,5.6.6,-,-,?,-,false,-
com.sksamuel.elastic4s,elastic4s-streams_2.12,5.6.6,-,-,?,-,false,-
com.sksamuel.elastic4s,elastic4s-sttp_2.11,6.3.6,-,-,?,-,false,-
com.sksamuel.elastic4s,elastic4s-sttp_2.12,6.3.6,-,-,?,-,false,-
com.sksamuel.elastic4s,elastic4s-tcp_2.10,6.0.0-rc1,-,-,?,-,false,-
com.sksamuel.elastic4s,elastic4s-tcp_2.11,6.2.10,-,-,?,-,false,-
com.sksamuel.elastic4s,elastic4s-tcp_2.12,6.2.10,-,-,?,-,false,-
com.sksamuel.elastic4s,elastic4s-testkit_2.10,6.0.0-rc1,-,-,?,-,false,-
com.sksamuel.elastic4s,elastic4s-testkit_2.11,6.3.6,-,-,?,-,false,-
com.sksamuel.elastic4s,elastic4s-testkit_2.12,6.3.6,-,-,?,-,false,-
com.sksamuel.elastic4s,elastic4s-tests_2.10,6.0.0-rc1,-,-,?,-,false,-
com.sksamuel.elastic4s,elastic4s-tests_2.11,6.3.6,-,-,?,-,false,-
com.sksamuel.elastic4s,elastic4s-tests_2.12,6.3.6,-,-,?,-,false,-
com.sksamuel.elastic4s,elastic4s-xpack-security_2.11,6.2.10,-,-,?,-,false,-
com.sksamuel.elastic4s,elastic4s-xpack-security_2.12,6.2.10,-,-,?,-,false,-
com.sksamuel.pulsar4s,pulsar4s-akka-streams_2.11,2.0.0,-,-,?,-,false,-
com.sksamuel.pulsar4s,pulsar4s-cats-effect_2.12,2.1.0,-,-,?,-,false,-
com.sksamuel.pulsar4s,pulsar4s-circe_2.11,2.0.0,-,-,?,-,false,-
com.sksamuel.pulsar4s,pulsar4s-core_2.12,2.1.0,-,-,?,-,false,-
com.sksamuel.pulsar4s,pulsar4s-jackson_2.12,2.1.0,-,-,?,-,false,-
com.sksamuel.pulsar4s,pulsar4s-json4s_2.12,2.1.0,-,-,?,-,false,-
com.sksamuel.pulsar4s,pulsar4s-monix_2.12,2.1.0,-,-,?,-,false,-
com.sksamuel.pulsar4s,pulsar4s-play-json_2.12,2.1.0,-,-,?,-,false,-
com.sksamuel.pulsar4s,pulsar4s-reactive-streams_2.12,2.1.0,-,-,?,-,false,-
com.sksamuel.pulsar4s,pulsar4s-scalaz_2.11,2.0.0,-,-,?,-,false,-
com.sksamuel.pulsar4s,pulsar4s-spray-json_2.11,2.0.0,-,-,?,-,false,-
com.sksamuel.pulsar4s,pulsar4s-streams_2.12,1.0.1,-,-,?,-,false,-
io.mateu.archetypes,mdd-archetype,0.0.27,-,-,?,-,false,-
