groupId,artifactId,version,moduleName,moduleVersion,moduleMode,moduleDependencies,jdepsToolError,jdepsViolations
com.ecfront.dew,cluster-common,1.2.2-RC,-,-,?,-,false,-
com.ecfront.dew,cluster-spi-ignite,1.2.2-RC,-,-,?,-,false,-
com.ecfront.dew,cluster-spi-rabbit,1.2.2-RC,-,-,?,-,false,-
com.ecfront.dew,logger,1.1.4,-,-,?,-,false,-
com.ecfront.dew,monitor,1.2.2-RC,-,-,?,-,false,-
com.ecfront.dew,wsgateway,1.1.4,-,-,?,-,false,-
com.eventflit,eventflit-http-java,0.1.0,-,-,?,-,false,-
com.eventflit,eventflit-java-client,0.1.0,-,-,?,-,false,-
com.hashicorp.nomad,nomad-scala-sdk_2.11,0.7.0.2,-,-,?,-,false,-
com.hashicorp.nomad,nomad-scala-sdk_2.12,0.7.0.2,-,-,?,-,false,-
com.hashicorp.nomad,nomad-scala-sdk_2.13.0-M1,0.6.3,-,-,?,-,false,-
com.hashicorp.nomad,nomad-scala-sdk_2.13.0-M2,0.7.0.2,-,-,?,-,false,-
com.hashicorp.nomad,nomad-sdk,0.7.0.2,-,-,?,-,false,-
com.hashicorp.nomad,nomad-testkit,0.7.0.2,-,-,?,-,false,-
com.madgag,animated-gif-lib,1.4,-,-,?,-,false,-
com.madgag,bfg,1.13.0,-,-,?,-,false,sun.misc.Unsafe                          See http://openjdk.java.net/jeps/260
com.madgag,bfg-library_2.11,1.12.16,-,-,?,-,false,-
com.madgag,bfg-library_2.12,1.13.0,-,-,?,-,false,-
com.madgag,bfg-test_2.11,1.12.16,-,-,?,-,false,-
com.madgag,bfg-test_2.12,1.13.0,-,-,?,-,false,-
com.madgag,play-git-hub_2.11,4.6,-,-,?,-,false,-
com.madgag,rate-limit-status_2.11,0.4,-,-,?,-,false,-
com.madgag,rate-limit-status_2.12,0.4,-,-,?,-,false,-
com.madgag.scala-git,scala-git_2.11,3.5,-,-,?,-,false,-
com.madgag.scala-git,scala-git_2.12,4.0,-,-,?,-,false,-
com.madgag.scala-git,scala-git-test_2.11,3.5,-,-,?,-,false,-
com.madgag.scala-git,scala-git-test_2.12,4.0,-,-,?,-,false,-
com.madgag,scala-io_2.12,0.4.9,-,-,?,-,false,-
com.madgag,scala-io-core_2.12,0.4.9,-,-,?,-,false,-
com.madgag,scala-io-file_2.12,0.4.9,-,-,?,-,false,-
com.madgag,scala-textmatching_2.11,2.4,-,-,?,-,false,-
com.madgag,scala-textmatching_2.12,2.4,-,-,?,-,false,-
com.madgag.spongycastle,bcpg-jdk15on,1.58.0.0,-,-,?,-,false,-
com.madgag.spongycastle,bcpkix-jdk15on,1.58.0.0,-,-,?,-,false,-
com.madgag.spongycastle,bctls-jdk15on,1.58.0.0,-,-,?,-,false,-
com.madgag.spongycastle,core,1.58.0.0,-,-,?,-,false,-
com.madgag.spongycastle,prov,1.58.0.0,-,-,?,-,false,-
com.madgag.spongycastle,test,1.58.0.0,-,-,?,-,false,-
com.madgag,use-newer-java,0.1,-,-,?,-,false,-
com.madgag,util-compress,1.35,-,-,?,-,false,-
com.madgag,util-diff,1.35,-,-,?,-,false,-
com.madgag,util-intervals,1.35,-,-,?,-,false,-
com.madgag,util-misc,1.35,-,-,?,-,false,-
com.remondis.limbus,limbus-engine-api,2.0.1,-,-,?,-,false,-
com.remondis.limbus,limbus-engine-impl,2.0.1,-,-,?,-,false,sun.misc.CompoundEnumeration             Removed. See http://openjdk.java.net/jeps/260
com.remondis.limbus,limbus-event-multicaster,2.0.1,-,-,?,-,false,-
com.remondis.limbus,limbus-jsse,2.0.1,-,-,?,-,false,-
com.remondis.limbus,limbus-launcher,2.0.1,-,-,?,-,false,-
com.remondis.limbus,limbus-logging-jdk,2.0.1,-,-,?,-,false,-
com.remondis.limbus,limbus-logging-log4j,2.0.1,-,-,?,-,false,-
com.remondis.limbus,limbus-monitoring,2.0.1,-,-,?,-,false,-
com.remondis.limbus,limbus-properties,2.0.1,-,-,?,-,false,-
com.remondis.limbus,limbus-showcase-launcher,2.0.1,-,-,?,-,false,-
com.remondis.limbus,limbus-staging,2.0.1,-,-,?,-,false,-
com.remondis.limbus,limbus-system,2.0.1,-,-,?,-,false,-
com.remondis,remap,4.0.1,com.remondis.remap,-,automatic,-,false,-
com.tvd12,ezyfox-core,1.3.1,-,-,?,-,false,-
com.tvd12,ezyfox-server-codec,0.0.2,-,-,?,-,false,-
com.tvd12,ezyfox-server-common,0.0.2,-,-,?,-,false,-
com.tvd12,ezyfox-server-io,0.0.1,-,-,?,-,false,-
com.tvd12,ezyfox-server-jackson,1.0.0,-,-,?,-,false,-
com.tvd12,ezyfox-server-msgpack,0.0.1,-,-,?,-,false,-
com.tvd12,ezyfox-server-security,0.0.1,-,-,?,-,false,-
com.tvd12,ezyfox-sfs2x,1.3.1,-,-,?,-,false,-
com.tvd12,properties-file,1.0.4,-,-,?,-,false,-
com.tvd12,restful-client,1.0.3,-,-,?,-,false,-
com.zhaofutao,codis4j,0.0.4,-,-,?,-,false,-
