groupId,artifactId,version,moduleName,moduleVersion,moduleMode,moduleDependencies,jdepsToolError,jdepsViolations
ai.houyi,dorado-core,0.0.14,-,-,?,-,false,-
ai.houyi,dorado-spring-boot-starter,0.0.14,-,-,?,-,false,-
ai.houyi,dorado-swagger,0.0.14,-,-,?,-,false,-
ai.houyi,dorado-swagger-ui,0.0.14,-,-,?,-,false,-
com.aliyun.openservices,log-loghub-producer,0.1.14,-,-,?,-,false,-
com.bitplan.simplegraph,com.bitplan.simplegraph.bundle,0.0.2,-,-,?,-,false,-
com.bitplan.simplegraph,com.bitplan.simplegraph-core,0.0.2,-,-,?,-,false,-
com.bitplan.simplegraph,com.bitplan.simplegraph.excel,0.0.2,-,-,?,-,false,-
com.bitplan.simplegraph,com.bitplan.simplegraph.filesystem,0.0.2,-,-,?,-,false,-
com.bitplan.simplegraph,com.bitplan.simplegraph.github,0.0.2,-,-,?,-,false,-
com.bitplan.simplegraph,com.bitplan.simplegraph.html,0.0.2,-,-,?,-,false,-
com.bitplan.simplegraph,com.bitplan.simplegraph.java,0.0.2,-,-,?,-,false,-
com.bitplan.simplegraph,com.bitplan.simplegraph.json,0.0.2,-,-,?,-,false,-
com.bitplan.simplegraph,com.bitplan.simplegraph.map,0.0.2,-,-,?,-,false,-
com.bitplan.simplegraph,com.bitplan.simplegraph.mediawiki,0.0.2,-,-,?,-,false,-
com.bitplan.simplegraph,com.bitplan.simplegraph.pdf,0.0.2,-,-,?,-,false,-
com.bitplan.simplegraph,com.bitplan.simplegraph.powerpoint,0.0.2,-,-,?,-,false,-
com.bitplan.simplegraph,com.bitplan.simplegraph.smw,0.0.2,-,-,?,-,false,-
com.bitplan.simplegraph,com.bitplan.simplegraph.snmp,0.0.2,-,-,?,-,false,-
com.bitplan.simplegraph,com.bitplan.simplegraph.sql,0.0.2,-,-,?,-,false,-
com.bitplan.simplegraph,com.bitplan.simplegraph.triplestore,0.0.2,-,-,?,-,false,-
com.bitplan.simplegraph,com.bitplan.simplegraph.wikidata,0.0.2,-,-,?,-,false,-
com.bitplan.simplegraph,com.bitplan.simplegraph.word,0.0.2,-,-,?,-,false,-
com.bitplan.simplegraph,com.bitplan.simplegraph.xml,0.0.2,-,-,?,-,false,-
com.commercetools.sdk.jvm.core,commercetools-convenience,1.35.0,-,-,?,-,false,-
com.commercetools.sdk.jvm.core,commercetools-internal-docs,1.35.0,-,-,?,-,false,-
com.commercetools.sdk.jvm.core,commercetools-internal-processors,1.35.0,-,-,?,-,false,-
com.commercetools.sdk.jvm.core,commercetools-java-client,1.35.0,-,-,?,-,false,-
com.commercetools.sdk.jvm.core,commercetools-java-client-ahc-1_8,1.35.0,-,-,?,-,false,-
com.commercetools.sdk.jvm.core,commercetools-java-client-ahc-1_9,1.35.0,-,-,?,-,false,-
com.commercetools.sdk.jvm.core,commercetools-java-client-ahc-2_0,1.35.0,-,-,?,-,false,-
com.commercetools.sdk.jvm.core,commercetools-java-client-apache-async,1.35.0,-,-,?,-,false,-
com.commercetools.sdk.jvm.core,commercetools-java-client-core,1.35.0,-,-,?,-,false,-
com.commercetools.sdk.jvm.core,commercetools-models,1.35.0,-,-,?,-,false,-
com.commercetools.sdk.jvm.core,commercetools-sdk-base,1.35.0,-,-,?,-,false,-
com.commercetools.sdk.jvm.core,sdk-http,1.35.0,-,-,?,-,false,-
com.commercetools.sdk.jvm.core,sdk-http-ahc-1_8,1.35.0,-,-,?,-,false,-
com.commercetools.sdk.jvm.core,sdk-http-ahc-1_9,1.35.0,-,-,?,-,false,-
com.commercetools.sdk.jvm.core,sdk-http-ahc-2_0,1.35.0,-,-,?,-,false,-
com.commercetools.sdk.jvm.core,sdk-http-apache-async,1.35.0,-,-,?,-,false,-
com.gitee.hengboy,mybatis-pageable-core,1.0.6.RELEASE,-,-,?,-,false,-
com.gitee.hengboy,spring-boot-autoconfigure-mybatis-pageable,1.0.6.RELEASE,-,-,?,-,false,-
com.gitee.hengboy,spring-boot-starter-mybatis-pageable,1.0.6.RELEASE,-,-,?,-,false,-
com.github.deepexi,optimus-archetype-hsf,1.3.11,-,-,?,-,false,-
com.github.differentway,couchbase-testcontainer,1.12,-,-,?,-,false,-
com.google.apis,google-api-services-dialogflow,v2-rev31-1.24.1,-,-,?,-,false,-
com.neotys.neoload,common-reader,1.0.1,-,-,?,-,false,-
com.neotys.neoload,loadrunner-reader,1.0.1,-,-,?,-,false,-
com.neotys.neoload,neoload-project,1.0.1,-,-,?,-,false,-
com.neotys.neoload,neoload-writer,1.0.1,-,-,?,-,false,-
io.github.jhipster,jhipster-framework,2.0.16,-,-,?,-,false,-
io.gravitee.gateway,gravitee-gateway-buffer,1.18.1,-,-,?,-,false,-
io.gravitee.gateway,gravitee-gateway-el,1.18.1,-,-,?,-,false,-
io.gravitee.gateway,gravitee-gateway-env,1.18.1,-,-,?,-,false,-
io.gravitee.gateway,gravitee-gateway-policy,1.18.1,-,-,?,-,false,-
io.gravitee.gateway,gravitee-gateway-reactor,1.18.1,-,-,?,-,false,-
io.gravitee.gateway,gravitee-gateway-reporting,1.18.1,-,-,?,-,false,-
io.gravitee.gateway,gravitee-gateway-repository,1.18.1,-,-,?,-,false,-
io.gravitee.gateway,gravitee-gateway-resource,1.18.1,-,-,?,-,false,-
io.gravitee.gateway.handlers,gravitee-gateway-handlers-api,1.18.1,-,-,?,-,false,-
io.gravitee.gateway.http,gravitee-gateway-http-client-core,1.16.6,-,-,?,-,false,-
io.gravitee.gateway.http,gravitee-gateway-http-client-vertx,1.16.6,-,-,?,-,false,-
io.gravitee.gateway.security,gravitee-gateway-security-apikey,1.18.1,-,-,?,-,false,-
io.gravitee.gateway.security,gravitee-gateway-security-core,1.18.1,-,-,?,-,false,-
io.gravitee.gateway.security,gravitee-gateway-security-jwt,1.18.1,-,-,?,-,false,-
io.gravitee.gateway.security,gravitee-gateway-security-keyless,1.18.1,-,-,?,-,false,-
io.gravitee.gateway.security,gravitee-gateway-security-oauth2,1.18.1,-,-,?,-,false,-
io.gravitee.gateway.services,gravitee-gateway-services-apikeyscache,1.18.1,-,-,?,-,false,-
io.gravitee.gateway.services,gravitee-gateway-services-core,1.18.1,-,-,?,-,false,-
io.gravitee.gateway.services,gravitee-gateway-services-endpoint-discovery-consul,1.18.1,-,-,?,-,false,-
io.gravitee.gateway.services,gravitee-gateway-services-healthcheck,1.18.1,-,-,?,-,false,-
io.gravitee.gateway.services,gravitee-gateway-services-localregistry,1.18.1,-,-,?,-,false,-
io.gravitee.gateway.services,gravitee-gateway-services-monitoring,1.18.1,-,-,?,-,false,-
io.gravitee.gateway.services,gravitee-gateway-services-node-healthcheck,1.18.1,-,-,?,-,false,-
io.gravitee.gateway.services,gravitee-gateway-services-subscriptions-cache,1.18.1,-,-,?,-,false,-
io.gravitee.gateway.services,gravitee-gateway-services-sync,1.18.1,-,-,?,-,false,-
io.gravitee.gateway.standalone,gravitee-gateway-standalone-bootstrap,1.18.1,-,-,?,-,false,-
io.gravitee.gateway.standalone,gravitee-gateway-standalone-container,1.18.1,-,-,?,-,false,-
io.lsn.spring,utilities,1.0.7,-,-,?,-,false,-
nl.talsmasoftware,lazy4j,1.0.0,nl.talsmasoftware.lazy4j,-,explicit,java.base,false,-
org.jetbrains.kotlinx,atomicfu,0.11.2,-,-,?,-,false,-
org.jetbrains.kotlinx,atomicfu-common,0.11.2,-,-,?,-,false,-
org.jetbrains.kotlinx,atomicfu-gradle-plugin,0.11.2,-,-,?,-,false,-
org.jetbrains.kotlinx,atomicfu-js,0.11.2,-,-,?,-,false,-
org.jetbrains.kotlinx,atomicfu-maven-plugin,0.11.2,-,-,?,-,false,-
org.jetbrains.kotlinx,atomicfu-transformer,0.11.2,-,-,?,-,false,-
org.talend.sdk.component,component-api,1.0.4,org.talend.sdk.component.api,-,automatic,-,false,-
