groupId,artifactId,version,moduleName,moduleVersion,moduleMode,moduleDependencies,jdepsToolError,jdepsViolations
org.chtijbug.drools,chtijbug-organizationalunit-manager,2.0.10,-,-,?,-,false,-
org.chtijbug.drools,drools-framework-car-insurance-model,2.0.10,-,-,?,-,false,-
org.chtijbug.drools,drools-framework-common,2.0.10,-,-,?,-,false,-
org.chtijbug.drools,drools-framewor-kie-server-rest-drools,2.0.10,-,-,?,-,false,-
org.chtijbug.drools,drools-framework-kie-server-client-connector,2.0.10,-,-,?,-,false,-
org.chtijbug.drools,drools-framework-kie-server-services-drools,2.0.10,-,-,?,-,false,-
org.chtijbug.drools,drools-framework-login,2.0.10,-,-,?,-,false,-
org.chtijbug.drools,drools-framework-loyalty-model,2.0.10,-,-,?,-,false,-
org.chtijbug.drools,drools-framework-rest-guvnor,2.0.10,-,-,?,-,false,-
org.chtijbug.drools,drools-framework-runtime-base,2.0.10,-,-,?,-,false,-
org.chtijbug.drools,drools-framework-runtime-entity,2.0.10,-,-,?,-,false,-
org.chtijbug.drools,drools-framework-runtime-supervision,1.5.2,-,-,?,-,false,-
org.chtijbug.drools,drools-framework-swimming-pool-model,2.0.10,-,-,?,-,false,-
org.chtijbug.drools,drools-platform-entity,0.5.5,-,-,?,-,false,-
org.chtijbug.drools,drools-platform-knowledge,0.5.5,-,-,?,-,false,-
org.chtijbug.drools,drools-platform-login,0.5.5,-,-,?,-,false,-
org.chtijbug.drools,drools-platform-persistence,0.5.5,-,-,?,-,false,-
org.chtijbug.drools,drools-runner-generator,1.5.2,-,-,?,-,false,-
org.chtijbug.drools,drools-runtime-builder,0.5.5,-,-,?,-,false,-
org.chtijbug.drools,kie-drools-framework-rest-backend,2.0.10,-,-,?,-,false,-
org.chtijbug.drools,kie-drools-framework-rest-pojo,2.0.10,-,-,?,-,false,-
org.chtijbug.drools,loyalty-model,0.5.5,-,-,?,-,false,-
org.chtijbug.drools,maven-guvnor-install-pojo-plugin,1.5.1,-,-,?,-,false,-
org.chtijbug.drools,swimming-pool-model,0.5.5,-,-,?,-,false,-
org.embulk,guice-bootstrap,0.3.1,-,-,?,-,false,-
org.iherus,qrcgen,1.2.1,-,-,?,-,false,-
org.iherus,qrext4j,1.3.1,-,-,?,-,false,-
org.iherus.shiro,shiro-redis,1.1.0,-,-,?,-,false,-
org.iru.common,iru-schemas,1.16,-,-,?,-,false,-
org.iru.epd,epd-messages,1.1.1,-,-,?,-,false,-
org.iru.external.org.w3.schemas,w3-xmldsig-schema,1.4,-,-,?,-,false,-
org.iru.external.org.w3.schemas,w3-xmlmime-schema,1.4,-,-,?,-,false,-
org.iru.maven.plugins,jaxbdeps-maven-plugin,1.0.3,-,-,?,-,false,-
org.iru.maven.plugins,jaxbgenser-maven-plugin,1.0.4,-,-,?,-,false,-
org.iru.rts.classic.egis,egis-bo,2.12,-,-,?,-,false,-
org.iru.rts.classic.egis,egis-ws,2.12,-,-,?,-,false,-
org.iru.rts.classic.tchq,tchq-bo,2.12,-,-,?,-,false,-
org.iru.rts.classic.tchq,tchq-ws,2.12,-,-,?,-,false,-
org.iru.rts.classic.tirepd,b2g-ws,2.12,-,-,?,-,false,-
org.iru.rts.classic.tirepd,g2b-ws,2.12,-,-,?,-,false,-
org.iru.rts.classic.tvqr,tvqr-bo,2.12,-,-,?,-,false,-
org.iru.rts.classic.tvqr,tvqr-ws,2.12,-,-,?,-,false,-
org.iru.rts.classic.wsrq,safetirreconciliation-bo,2.12,-,-,?,-,false,-
org.iru.rts.classic.wsrq,wsrq-ws,2.12,-,-,?,-,false,-
org.iru.rts.classic.wsst,safetirupload-bo,2.12,-,-,?,-,false,-
org.iru.rts.classic.wsst,wsst-ws,2.12,-,-,?,-,false,-
org.iru.rtsplus,rtsplus-carnet-sei,2.12,-,-,?,-,false,-
org.iru.rtsplus,rtsplus-model,2.12,-,-,?,-,false,-
org.iru.rtsplus,rtsplus-termination-sei,2.12,-,-,?,-,false,-
org.iru.rtsplus,rtsplus-voucher-sei,2.12,-,-,?,-,false,-
org.iru.tirplus,tirplus-model,1.2,-,-,?,-,false,-
org.iru.tirplus,tirplus-sei,1.2,-,-,?,-,false,-
org.jgrapht,jgrapht-core,1.2.0,org.jgrapht.core,-,automatic,-,false,-
org.jgrapht,jgrapht-demo,1.2.0,org.jgrapht.demo,-,automatic,-,false,-
org.jgrapht,jgrapht-ext,1.2.0,org.jgrapht.ext,-,automatic,-,false,-
org.jgrapht,jgrapht-guava,1.2.0,org.jgrapht.guava,-,automatic,-,false,-
org.jgrapht,jgrapht-io,1.2.0,org.jgrapht.io,-,automatic,-,false,-
org.jpedal,OpenViewerFX,20151002,-,-,?,-,false,-
org.jpmml,jpmml-codemodel,1.0.1,-,-,?,-,false,-
org.jpmml,jpmml-converter,1.3.3,-,-,?,-,false,-
org.jpmml,jpmml-evaluator-spark,1.1.0,-,-,?,-,false,-
org.jpmml,jpmml-lightgbm,1.2.2,-,-,?,-,false,-
org.jpmml,jpmml-r,1.3.10,-,-,?,-,false,-
org.jpmml,jpmml-sklearn,1.5.4,-,-,?,-,false,-
org.jpmml,jpmml-sparkml,1.4.5,-,-,?,-,false,-
org.jpmml,jpmml-xgboost,1.3.3,-,-,?,-,false,-
org.jpmml,pmml-agent,1.4.6,-,-,?,-,false,-
org.jpmml,pmml-evaluator,1.4.3,-,-,?,-,false,-
org.jpmml,pmml-evaluator-extension,1.4.3,-,-,?,-,false,-
org.jpmml,pmml-evaluator-spark,1.0.0,-,-,?,-,false,-
org.jpmml,pmml-evaluator-test,1.4.3,-,-,?,-,false,-
org.jpmml,pmml-knime,1.4.3,-,-,?,-,false,-
org.jpmml,pmml-maven-plugin,1.4.6,-,-,?,-,false,-
org.jpmml,pmml-model,1.4.6,-,-,?,-,false,-
org.jpmml,pmml-model-gwt,1.4.6,-,-,?,-,false,-
org.jpmml,pmml-model-jackson,1.4.6,-,-,?,-,false,-
org.jpmml,pmml-model-metro,1.4.6,-,-,?,-,false,-
org.jpmml,pmml-model-moxy,1.4.6,-,-,?,-,false,-
org.jpmml,pmml-rattle,1.4.3,-,-,?,-,false,-
org.jpmml,pmml-sas,1.4.3,-,-,?,-,false,-
org.jpmml,pmml-schema,1.3.9,-,-,?,-,false,-
org.jpmml,pmml-schema-gwt,1.3.9,-,-,?,-,false,-
org.jpmml,pmml-xjc,1.4.6,-,-,?,-,false,-
org.jppf,jppf-admin,6.0-beta,-,-,?,-,false,-
org.jppf,jppf-client,6.0-beta,-,-,?,-,false,-
org.jppf,jppf-common,6.0-beta,-,-,?,-,false,-
org.jppf,jppf-jmxremote-nio,6.0-beta,-,-,?,-,false,-
org.jppf,jppf-jmxremote_optional,1.2.1,-,-,?,-,false,-
org.jppf,jppf-node,6.0-beta,-,-,?,-,false,-
org.jppf,jppf-server,6.0-beta,-,-,?,-,false,-
org.mariadb.jdbc,mariadb-java-client,2.2.6,org.mariadb.jdbc,-,automatic,-,false,-
org.mariadb.jdbc,mariadb-java-client-jre6,1.6.1,-,-,?,-,false,-
org.mariadb.jdbc,mariadb-java-client-jre7,1.6.1,-,-,?,-,false,-
org.mdkt.compiler,InMemoryJavaCompiler,1.3.0,-,-,?,-,false,-
org.moeaframework,moeaframework,2.12,-,-,?,-,false,-
org.openksavi.sponge,sponge-api,1.4.1,-,-,?,-,false,-
org.openksavi.sponge,sponge-camel,1.4.1,-,-,?,-,false,-
org.openksavi.sponge,sponge-groovy,1.4.1,-,-,?,-,false,-
org.openksavi.sponge,sponge-jruby,1.4.1,-,-,?,-,false,-
org.openksavi.sponge,sponge-jython,1.4.1,-,-,?,-,false,-
org.openksavi.sponge,sponge-signal,1.4.1,-,-,?,-,false,sun.misc.Signal                          See http://openjdk.java.net/jeps/260 + sun.misc.SignalHandler                   See http://openjdk.java.net/jeps/260
org.opennms.core.wsman,org.opennms.core.wsman.api,1.2.2,-,-,?,-,false,-
org.opennms.core.wsman,org.opennms.core.wsman.cli,1.2.2,-,-,?,-,false,sun.misc.Unsafe                          See http://openjdk.java.net/jeps/260
org.opennms.core.wsman,org.opennms.core.wsman.cxf,1.2.2,-,-,?,-,false,-
org.opennms.core.wsman,org.opennms.core.wsman.itests,1.2.2,-,-,?,-,false,-
org.opennms.elasticsearch,elasticsearch-drift-plugin,1.0.0,-,-,?,-,false,-
org.opennms.gizmo,gizmo-api,1.0.0,-,-,?,-,false,-
org.opennms.gizmo,gizmo-docker,1.0.0,-,-,?,-,false,-
org.opennms.gizmo,gizmo-k8s,1.0.0,-,-,?,-,false,-
org.opennms.gizmo,gizmo-utils,1.0.0,-,-,?,-,false,-
org.opennms.newts,newts-aggregate,1.5.0,-,-,?,-,false,-
org.opennms.newts,newts-api,1.5.0,-,-,?,-,false,-
org.opennms.newts,newts-cassandra,1.5.0,-,-,?,-,false,-
org.opennms.newts,newts-cassandra-common,1.5.0,-,-,?,-,false,-
org.opennms.newts,newts-cassandra-search,1.5.0,-,-,?,-,false,-
org.opennms.newts,newts-cassandra-test,1.5.0,-,-,?,-,false,-
org.opennms.newts,newts-graphite,1.5.0,-,-,?,-,false,-
org.opennms.newts,newts-gsod,1.5.0,-,-,?,-,false,-
org.opennms.newts,newts-metrics-reporter,1.5.0,-,-,?,-,false,-
org.opennms.newts,newts-queryparser,1.5.0,-,-,?,-,false,-
org.opennms.newts,newts-rest,1.5.0,-,-,?,-,false,-
org.opennms.newts,newts-stress,1.5.0,-,-,?,-,false,-
org.opennms.newts,newts-ui,1.5.0,-,-,?,-,false,-
org.ops4j.pax.cdi,pax-cdi-checkstyle-rules,1.0.0,-,-,?,-,false,-
org.ops4j.pax.cdi,pax-cdi-extender,1.0.0,-,-,?,-,false,-
org.ops4j.pax.cdi,pax-cdi-extension,1.0.0,-,-,?,-,false,-
org.ops4j.pax.cdi,pax-cdi-jetty-openwebbeans,1.0.0,-,-,?,-,false,-
org.ops4j.pax.cdi,pax-cdi-jetty-weld,1.0.0,-,-,?,-,false,-
org.ops4j.pax.cdi,pax-cdi-openwebbeans,1.0.0,-,-,?,-,false,-
org.ops4j.pax.cdi,pax-cdi-undertow-openwebbeans,1.0.0,-,-,?,-,false,-
org.ops4j.pax.cdi,pax-cdi-undertow-weld,1.0.0,-,-,?,-,false,-
org.ops4j.pax.cdi,pax-cdi-web,1.0.0,-,-,?,-,false,-
org.ops4j.pax.cdi.samples,pax-cdi-sample3,1.0.0,-,-,?,-,false,-
org.ops4j.pax.cdi.samples,pax-cdi-sample3-client,1.0.0,-,-,?,-,false,-
org.ops4j.pax.cdi.samples,pax-cdi-sample5-client2,1.0.0,-,-,?,-,false,-
org.ops4j.pax.transx,pax-transx-checkstyle-rules,0.4.0,-,-,?,-,false,-
org.ops4j.pax.transx,pax-transx-connection,0.4.0,-,-,?,-,false,-
org.ops4j.pax.transx,pax-transx-connector,0.4.0,-,-,?,-,false,-
org.ops4j.pax.transx,pax-transx-itests,0.4.0,-,-,?,-,false,-
org.ops4j.pax.transx,pax-transx-itests-logback,0.4.0,-,-,?,-,false,-
org.ops4j.pax.transx,pax-transx-jdbc,0.4.0,-,-,?,-,false,-
org.ops4j.pax.transx,pax-transx-jms,0.4.0,-,-,?,-,false,-
org.ops4j.pax.transx,pax-transx-tm-api,0.4.0,-,-,?,-,false,-
org.ops4j.pax.transx,pax-transx-tm-atomikos,0.4.0,-,-,?,-,false,-
org.ops4j.pax.transx,pax-transx-tm-core,0.4.0,-,-,?,-,false,-
org.ops4j.pax.transx,pax-transx-tm-geronimo,0.4.0,-,-,?,-,false,-
org.ops4j.pax.transx,pax-transx-tm-narayana,0.4.0,-,-,?,-,false,-
org.qamatic,mintleaf-cmd,1.8.31,-,-,?,-,false,sun.reflect.generics.reflectiveObjects.NotImplementedException Removed. See http://openjdk.java.net/jeps/260
org.qamatic,mintleaf-core,1.8.31,-,-,?,-,false,sun.reflect.generics.reflectiveObjects.NotImplementedException Removed. See http://openjdk.java.net/jeps/260
org.qamatic,mintleaf-dbexamples,1.8.31,-,-,?,-,false,-
org.recast4j,detour,1.0.7,-,-,?,-,false,-
org.recast4j,detour-crowd,1.0.7,-,-,?,-,false,-
org.recast4j,detour-extras,1.0.7,-,-,?,-,false,-
org.recast4j,detour-tile-cache,1.0.7,-,-,?,-,false,-
org.recast4j,recast,1.0.7,-,-,?,-,false,-
org.redkalex,redkale-plugins,1.9.6,-,-,?,-,false,-
org.scaldi,scaldi-play_2.11,0.5.17,-,-,?,-,false,-
org.scaldi,scaldi-play_2.12,0.5.17,-,-,?,-,false,-
org.sidao,jsets-shiro-spring-boot-starter,1.0.4,-,-,?,-,false,-
org.sidao,kafka-logback-spring-boot-starter,1.1.0,-,-,?,-,false,-
org.sidao,swagger2-spring-boot-starter,2.0.0.RELEASE,-,-,?,-,false,-
org.sourcelab,kafka-connect-client,1.0.3,-,-,?,-,false,-
org.sourcelab,kafka-webview-plugin,1.0.0,-,-,?,-,false,-
org.sourcelab,kafka-webview-ui,1.0.0,-,-,?,-,false,-
