groupId,artifactId,version,moduleName,moduleVersion,moduleMode,moduleDependencies,jdepsToolError,jdepsViolations
com.appslandia,appslandia-plum-javaee8,2.4,-,-,?,-,false,-
com.bitplan.rest,com.bitplan.simplerest,0.0.12,-,-,?,-,false,-
com.bitplan.vzjava,com.bitplan.vzjava,0.0.1,-,-,?,-,false,-
com.electronwill,nbj,3.1.0,-,-,?,-,false,-
com.github.deepexi,optimus-archetype-java,1.1.1,-,-,?,-,false,-
com.google.apis,google-api-services-youtubeAnalytics,v2-rev51-1.24.1,-,-,?,-,false,-
com.hubspot.dropwizard,dropwizard-guice,1.3.5.0,-,-,?,-,false,-
com.ibm.watson.developer_cloud,assistant,6.5.0,-,-,?,-,false,-
com.ibm.watson.developer_cloud,conversation,6.5.0,-,-,?,-,false,-
com.ibm.watson.developer_cloud,core,6.5.0,-,-,?,-,false,-
com.ibm.watson.developer_cloud,discovery,6.5.0,-,-,?,-,false,-
com.ibm.watson.developer_cloud,java-sdk,6.5.0,-,-,?,-,false,-
com.ibm.watson.developer_cloud,language-translator,6.5.0,-,-,?,-,false,-
com.ibm.watson.developer_cloud,natural-language-classifier,6.5.0,-,-,?,-,false,-
com.ibm.watson.developer_cloud,natural-language-understanding,6.5.0,-,-,?,-,false,-
com.ibm.watson.developer_cloud,personality-insights,6.5.0,-,-,?,-,false,-
com.ibm.watson.developer_cloud,speech-to-text,6.5.0,-,-,?,-,false,-
com.ibm.watson.developer_cloud,text-to-speech,6.5.0,-,-,?,-,false,-
com.ibm.watson.developer_cloud,tone-analyzer,6.5.0,-,-,?,-,false,-
com.ibm.watson.developer_cloud,visual-recognition,6.5.0,-,-,?,-,false,-
com.liferay,com.liferay.gradle.plugins,3.12.49,-,-,?,-,false,-
com.liferay,com.liferay.gradle.plugins.defaults,5.4.48,-,-,?,-,false,-
com.liferay,com.liferay.gradle.plugins.service.builder,1.0.51,-,-,?,-,false,-
com.liferay,com.liferay.portal.tools.service.builder,1.0.192,-,-,?,-,false,-
com.sbuslab,utils,1.0.23,-,-,?,-,false,-
com.trivago.rta,cluecumber-report-plugin,1.3.0,-,-,?,-,false,-
io.dgraph,dgraph4j,1.4.2,-,-,?,-,false,-
org.http4k,http4k-aws,3.35.1,-,-,?,-,false,-
org.http4k,http4k-contract,3.35.1,-,-,?,-,false,-
org.http4k,http4k-core,3.35.1,-,-,?,-,false,-
org.http4k,http4k-template-dust,3.35.1,-,-,?,-,false,-
org.http4k,http4k-template-handlebars,3.35.1,-,-,?,-,false,-
org.jgrapes,org.jgrapes.osgi.demo.portal,0.9.8,-,-,?,-,false,-
org.jgrapes,org.jgrapes.portal.base,0.19.3,-,-,?,-,false,-
org.jgrapes,org.jgrapes.portal.bootstrap4,0.19.3,-,-,?,-,false,-
org.jgrapes,org.jgrapes.portal.jqueryui,0.19.3,-,-,?,-,false,-
org.jgrapes,org.jgrapes.portal.providers.chartjs,0.19.3,-,-,?,-,false,-
org.jgrapes,org.jgrapes.portal.providers.datatables,0.19.3,-,-,?,-,false,-
org.jgrapes,org.jgrapes.portal.providers.fontawesome,0.19.3,-,-,?,-,false,-
org.jgrapes,org.jgrapes.portal.providers.markdownit,0.19.3,-,-,?,-,false,-
org.jgrapes,org.jgrapes.portal.providers.vuejs,0.19.3,-,-,?,-,false,-
org.jgrapes,org.jgrapes.portlets.markdowndisplay,0.19.3,-,-,?,-,false,-
org.jgrapes,org.jgrapes.portlets.sysinfo,0.19.3,-,-,?,-,false,-
org.springframework.cloud,spring-cloud-function-adapter-aws,1.0.1.RELEASE,-,-,?,-,false,-
org.springframework.cloud,spring-cloud-function-adapter-azure,1.0.1.RELEASE,-,-,?,-,false,-
org.springframework.cloud,spring-cloud-function-adapter-openwhisk,1.0.1.RELEASE,-,-,?,-,false,-
org.springframework.cloud,spring-cloud-function-compiler,1.0.1.RELEASE,-,-,?,-,false,-
org.springframework.cloud,spring-cloud-function-context,1.0.1.RELEASE,-,-,?,-,false,-
org.springframework.cloud,spring-cloud-function-core,1.0.1.RELEASE,-,-,?,-,false,-
org.springframework.cloud,spring-cloud-function-deployer,1.0.1.RELEASE,-,-,?,-,false,-
org.springframework.cloud,spring-cloud-function-stream,1.0.1.RELEASE,-,-,?,-,false,-
org.springframework.cloud,spring-cloud-function-task,1.0.1.RELEASE,-,-,?,-,false,-
org.springframework.cloud,spring-cloud-function-web,1.0.1.RELEASE,-,-,?,-,false,-
org.springframework.cloud,spring-cloud-starter-function-web,1.0.1.RELEASE,-,-,?,-,false,-
org.springframework.cloud,spring-cloud-stream-binder-servlet,1.0.1.RELEASE,-,-,?,-,false,-
