groupId,artifactId,version,moduleName,moduleVersion,moduleMode,moduleDependencies,jdepsToolError,jdepsViolations
com.cinchapi,accent4j,1.0.0,-,-,?,-,false,sun.misc.Unsafe                          See http://openjdk.java.net/jeps/260
com.github.514687572,STIP-generator,1.0.6,-,-,?,-,false,-
com.github.akurilov,confuse,1.1.4,-,-,?,-,false,-
com.github.akurilov,confuse-io-json,1.0.3,-,-,?,-,false,-
com.github.akurilov,fiber4j,1.0.2,-,-,?,-,false,-
com.github.akurilov,java-commons,2.1.5,-,-,?,-,false,-
com.github.akurilov,java-concurrent,2.0.5,-,-,?,-,false,-
com.github.akurilov,java-coroutines,1.1.3,-,-,?,-,false,-
com.github.akurilov,netty-connection-pool,1.0.7,-,-,?,-,false,-
com.github.ankurcha,google-cloud-logging-logback-slf4j,1.1.11,-,-,?,-,false,-
com.github.apanimesh061,vader-sentiment-analyzer,1.0,-,-,?,-,false,-
com.github.berkesa,datatree-adapters,1.0.6,-,-,?,-,false,-
com.github.berkesa,datatree-core,1.0.6,-,-,?,-,false,-
com.github.berkesa,datatree-promise,1.0.4,-,-,?,-,false,-
com.github.berkesa,moleculer-java,1.0.4,-,-,?,-,false,-
com.github.berkesa,moleculer-java-repl,1.0.3,-,-,?,-,false,-
com.github.brianway,webporter-collector-zhihu,1.0,-,-,?,-,false,-
com.github.brianway,webporter-core,1.0,-,-,?,-,false,-
com.github.brianway,webporter-data-elasticsearch,1.0,-,-,?,-,false,-
com.github.caryyu,spring-embedded-redis-server,1.1,-,-,?,-,false,-
com.github.catalpaflat,module-push,1.0.0,-,-,?,-,false,-
com.github.catalpaflat,module-sms,1.0.1,-,-,?,-,false,-
com.github.catalpaflat,module-third-party-login,1.0.0,-,-,?,-,false,-
com.github.catalpaflat,parameters-verify,1.0.2,-,-,?,-,false,-
com.github.chouheiwa,wallet,2.1.14,-,-,?,-,false,-
com.github.cianfree,timeout-cache,1.0.0,-,-,?,-,false,-
com.github.cloveros,EasyApi,1.0.0,-,-,?,-,false,sun.misc.Unsafe                          See http://openjdk.java.net/jeps/260 + sun.reflect.annotation.AnnotationType    Removed. See http://openjdk.java.net/jeps/260
com.github.code2358,jcdk-maven-plugin,0.1.0,-,-,?,-,false,-
com.github.code2358,jcdk-wrapper,0.1.0,-,-,?,-,false,-
com.github.darrenjw,scala-glm_2.11,0.3,-,-,?,-,false,-
com.github.darrenjw,scala-glm_2.12,0.3,-,-,?,-,false,-
com.github.darrenjw,scala-view_2.11,0.5,-,-,?,-,false,-
com.github.darrenjw,scala-view_2.12,0.5,-,-,?,-,false,-
com.github.donhac,optimus-archetype-hsf,1.1.1,-,-,?,-,false,-
com.github.donhac,optimus-archetype-java,1.1.0,-,-,?,-,false,-
com.github.donhac,optimus-commons,1.0.4,-,-,?,-,false,-
com.github.donhac,stonehenge-archetype-hsf,1.0.3,-,-,?,-,false,-
com.github.donhac,stonehenge-archetype-java,1.0.8,-,-,?,-,false,-
com.github.donhac,stonehenge-commons,1.0.4,-,-,?,-,false,-
com.github.dotengine,dotEngine-java-sdk,0.1.2,-,-,?,-,false,-
com.github.dramer,Bichromate,3.7,-,-,?,-,false,-
com.github.dyorgio.runtime,cpu-watcher,1.0.1,-,-,?,-,false,sun.misc.Signal                          See http://openjdk.java.net/jeps/260 + sun.misc.SignalHandler                   See http://openjdk.java.net/jeps/260
com.github.dyorgio.runtime,out-process,1.1.0,-,-,?,-,false,-
com.github.dyorgio.runtime,run-as-root,1.0.1,-,-,?,-,false,-
com.github.ecolabardini,jdig,0.0.2,-,-,?,-,false,-
com.github.erihoss,img2a,1.2.1,-,-,?,-,false,-
com.github.fabriziocucci,yacl4j-core,0.9.2,-,-,?,-,false,-
com.github.fabriziocucci,yacl4j-core-dependencies,0.9.2,-,-,?,-,false,-
com.github.fabriziocucci,yacl4j-http,0.9.2,-,-,?,-,false,-
com.github.fabriziocucci,yacl4j-repackaged-jackson,0.9.0,-,-,?,-,false,-
com.github.fluentxml4j,fluentxml4j,1.0.3,-,-,?,-,false,-
com.github.fluentxml4j,fluentxml4j-core,2.2.1,-,-,?,-,false,-
com.github.fluentxml4j,fluentxml4j-junit,2.2.1,-,-,?,-,false,-
com.github.fluentxml4j,fluentxml4j-util,2.2.1,-,-,?,-,false,-
com.github.freeseawind,littleluck,2.0.1,-,-,?,-,false,-
com.github.growth2,lazybones-mybatis-generator-plugin,0.0.3,-,-,?,-,false,-
com.github.gsdenys,junit-server-cmis,2.0.0-beta,-,-,?,-,false,sun.reflect.generics.reflectiveObjects.NotImplementedException Removed. See http://openjdk.java.net/jeps/260
com.github.guillaumedd,gstlib_2.11,0.1.2,-,-,?,-,false,-
com.github.guillaumedd,gstlib_2.12,0.1.2,-,-,?,-,false,-
com.github.guolf,solr-sdk,0.0.5,-,-,?,-,false,-
com.github.hale-lee,RuleEngine,0.2.0,-,-,?,-,false,-
com.github.jasonfry89,dropwizard-swagger,1.2.4,-,-,?,-,false,-
com.github.javawxl,javawxl-common,1.0.3,-,-,?,-,false,-
com.github.jurajburian,mailer_2.11,1.2.2,-,-,?,-,false,-
com.github.jurajburian,mailer_2.12,1.2.3,-,-,?,-,false,-
com.github.just-4-fun,core-utils,1.0,-,-,?,-,false,-
com.github.just-4-fun.core-utils,core-utils,1.0,-,-,?,-,false,-
com.github.kevbradwick,cucumber-selenium-archetype,1.0.1,-,-,?,-,false,-
com.github.kokorin.jaffree,jaffree,0.5.8,-,-,?,-,false,-
com.github.kokorin,jebml,2.3.1,-,-,?,-,false,-
com.github.kostasdrakonakis,android-navigator-annotations,1.2.2,-,-,?,-,false,-
com.github.kostasdrakonakis,android-navigator-compiler,1.2.2,-,-,?,-,false,-
com.github.lambdasawa,rga4s-core_2.12,0.1.0,-,-,?,-,false,-
com.github.lambdasawa,rga4s-sttp_2.12,0.1.0,-,-,?,-,false,-
com.github.lfantinel,jboss-as-controller,1.0.3,-,-,?,-,false,-
com.github.lodsve,lodsve-3rd,2.5.10,-,-,?,-,false,-
com.github.lodsve,lodsve-amqp,2.5.10,-,-,?,-,false,-
com.github.lodsve,lodsve-cache,2.5.10,-,-,?,-,false,-
com.github.lodsve,lodsve-core,2.5.10,-,-,?,-,false,sun.misc.BASE64Decoder                   Use java.util.Base64 @since 1.8 + sun.misc.BASE64Encoder                   Use java.util.Base64 @since 1.8
com.github.lodsve,lodsve-dfs,2.5.10,-,-,?,-,false,-
com.github.lodsve,lodsve-dubbo,2.5.9,-,-,?,-,false,-
com.github.lodsve,lodsve-fs,2.5.9,-,-,?,-,false,-
com.github.lodsve,lodsve-mongodb,2.5.10,-,-,?,-,false,-
com.github.lodsve,lodsve-mvc,2.5.9,-,-,?,-,false,-
com.github.lodsve,lodsve-mybatis,2.5.10,-,-,?,-,false,-
com.github.lodsve,lodsve-redis,2.5.10,-,-,?,-,false,-
com.github.lodsve,lodsve-search,2.5.10,-,-,?,-,false,-
com.github.lodsve,lodsve-security,2.5.10,-,-,?,-,false,-
com.github.lodsve,lodsve-test,2.5.10,-,-,?,-,false,-
com.github.lodsve,lodsve-validate,2.5.10,-,-,?,-,false,-
com.github.lodsve,lodsve-web,2.5.10,-,-,?,-,false,-
com.github.lodsve,lodsve-wechat,2.5.10,-,-,?,-,false,-
com.github.lodsve,lodsve-workflow,2.5.10,-,-,?,-,false,-
com.github.log0ymxm,scala-overpunch_2.11,1.0.3,-,-,?,-,false,-
com.github.log0ymxm,spark-mapper_2.11,1.0.0,-,-,?,-,false,-
com.github.lookfirst,sardine,5.8,-,-,?,-,false,-
com.github.lsiu.maven.plugins,websphere-maven-plugin,1.1.3,-,-,?,-,false,-
com.github.marcospereira,play-hocon-i18n_2.11,1.0.1,-,-,?,-,false,-
com.github.marcospereira,play-hocon-i18n_2.12,1.0.1,-,-,?,-,false,-
com.github.markusbernhardt,proxy-vole,1.0.5,-,-,?,-,false,-
com.github.markusbernhardt,spring-context-template,1.0.4,-,-,?,-,false,-
com.github.mmarquee,ui-automation,0.4.3,-,-,?,-,false,-
com.github.moceanapi,moceanapisdk,0.0.17,-,-,?,-,false,-
com.github.moc-yuto,sansyo_2.11,0.2.0,-,-,?,-,false,-
com.github.msimw,mcache,1.0,-,-,?,-,false,-
com.github.msimw,retrofit2-spring,1.1,-,-,?,-,false,-
com.github.msimw,validation,1.0,-,-,?,-,false,-
com.github.ofofs,reggen,1.0.0,-,-,?,-,false,-
com.github.pagehelper,pagehelper,5.1.4,-,-,?,-,false,-
com.github.pagehelper,pagehelper-spring-boot-autoconfigure,1.2.5,-,-,?,-,false,-
com.github.pagehelper,pagehelper-spring-boot-sample-annotation,1.2.5,-,-,?,-,false,-
com.github.pagehelper,pagehelper-spring-boot-sample-xml,1.2.5,-,-,?,-,false,-
com.github.pagehelper,pagehelper-spring-boot-starter,1.2.5,-,-,?,-,false,-
com.github.passionke,starry,1.0,-,-,?,-,false,-
com.github.phuonghuynh,gitflow-maven-plugin,1.6.3,-,-,?,-,false,-
com.github.pnowy.nc,nativeCriteria-core,3.0.0,-,-,?,-,false,-
com.github.pnowy.nc,nativeCriteria-root,3.0.0,-,-,?,-,false,-
com.github.pnowy.nc,nativeCriteria-spring,3.0.0,-,-,?,-,false,-
com.github.pnowy.nc,nativeCriteria-test,3.0.0,-,-,?,-,false,-
com.github.pscosta,kafka-proto-api,1.0,-,-,?,-,false,com.sun.tools.javac.code.Symbol          Use javax.tools and javax.lang.model @since 1.6 + com.sun.tools.javac.code.Symbol$ClassSymbol Use javax.tools and javax.lang.model @since 1.6 + com.sun.tools.javac.code.Symbol$TypeSymbol Use javax.tools and javax.lang.model @since 1.6 + com.sun.tools.javac.code.Type            Use javax.tools and javax.lang.model @since 1.6 + com.sun.tools.javac.util.List            Use javax.tools and javax.lang.model @since 1.6 + com.sun.tools.javac.util.Name            Use javax.tools and javax.lang.model @since 1.6
com.github.robindevilliers,cascade,1.0,-,-,?,-,false,-
com.github.robozonky.distribution,robozonky-distribution-installer-4.6.0-cr-1,4.6.0-cr-1,java.xml.bind,-,explicit,java.activation + java.desktop + java.xml + java.logging + java.base,false,-
com.github.robozonky.installer,robozonky-installer-panels,4.5.3,com.github.robozonky.installer.panels,-,automatic,-,false,-
com.github.robozonky,robozonky-api,4.7.6,com.github.robozonky.api,-,automatic,-,false,-
com.github.robozonky,robozonky-app,4.7.6,com.github.robozonky.app,-,automatic,-,false,-
com.github.robozonky,robozonky-cli,4.7.6,com.github.robozonky.robozonky-cli,-,automatic,-,false,-
com.github.robozonky,robozonky-common,4.7.6,com.github.robozonky.common,-,automatic,-,false,-
com.github.robozonky,robozonky-installer,4.7.6,com.github.robozonky.installer,-,automatic,-,false,-
com.github.robozonky,robozonky-integration-zonkoid,4.7.6,com.github.robozonky.integration.zonkoid,-,automatic,-,false,-
com.github.robozonky,robozonky-marketplaces,4.3.4,com.github.robozonky.marketplaces,-,automatic,-,false,-
com.github.robozonky,robozonky-notifications,4.7.6,com.github.robozonky.notifications,-,automatic,-,false,-
com.github.robozonky,robozonky-strategy-natural,4.7.6,com.github.robozonky.strategy.natural,-,automatic,-,false,-
com.github.robozonky,robozonky-test,4.7.6,com.github.robozonky.test,-,automatic,-,false,-
com.github.rwsargent,autograder-utils,2.3,-,-,?,-,false,-
com.github.rwsargent,requirejs-maven-plugin-sm,1.1.0,-,-,?,-,false,-
com.github.sahand77,willow-test2,1.3.7,-,-,?,-,false,-
com.github.sterkh66,geospatial_2.11,0.1,-,-,?,-,false,-
com.github.swiftech,swiftdao,0.2.3,-,-,?,-,false,-
com.github.swiftech,swifttime,0.1,-,-,?,-,false,-
com.github.taixiongliu,hapi,1.0.3,-,-,?,-,false,-
com.github.takemikami,selica_2.11,0.0.2,-,-,?,-,false,-
com.github.tcnh,fitnesse,20180817,-,-,?,-,false,-
com.github.tcnh,fitnesse-autocomplete-responder,1.0.8,-,-,?,-,false,-
com.github.tcnh,fitnesse-bootstrap-plus-theme,1.0.8,-,-,?,-,false,-
com.github.tedzhdz,wxpay-sdk,3.0.10,-,-,?,-,false,-
com.github.therapi,therapi-json-rpc,0.4.0,-,-,?,-,false,-
com.github.therapi,therapi-runtime-javadoc,0.6.0,-,-,?,-,false,-
com.github.therapi,therapi-runtime-javadoc-scribe,0.6.0,-,-,?,-,false,-
com.github.tototoshi,play-joda-routes-binder_2.11,1.2.0,-,-,?,-,false,-
com.github.tototoshi,play-joda-routes-binder_2.12,1.2.0,-,-,?,-,false,-
com.github.tototoshi,play-json4s-api_2.11,0.8.0,-,-,?,-,false,-
com.github.tototoshi,play-json4s-api_2.12,0.8.0,-,-,?,-,false,-
com.github.tototoshi,play-json4s-core_2.11,0.8.0,-,-,?,-,false,-
com.github.tototoshi,play-json4s-core_2.12,0.8.0,-,-,?,-,false,-
com.github.tototoshi,play-json4s-jackson_2.11,0.8.0,-,-,?,-,false,-
com.github.tototoshi,play-json4s-jackson_2.12,0.8.0,-,-,?,-,false,-
com.github.tototoshi,play-json4s-native_2.11,0.8.0,-,-,?,-,false,-
com.github.tototoshi,play-json4s-native_2.12,0.8.0,-,-,?,-,false,-
com.github.tototoshi,play-json4s-test-core_2.11,0.8.0,-,-,?,-,false,-
com.github.tototoshi,play-json4s-test-core_2.12,0.8.0,-,-,?,-,false,-
com.github.tototoshi,play-json4s-test-jackson_2.11,0.8.0,-,-,?,-,false,-
com.github.tototoshi,play-json4s-test-jackson_2.12,0.8.0,-,-,?,-,false,-
com.github.tototoshi,play-json4s-test-native_2.11,0.8.0,-,-,?,-,false,-
com.github.tototoshi,play-json4s-test-native_2.12,0.8.0,-,-,?,-,false,-
com.github.tototoshi,play-json-generic_2.11,0.1.2,-,-,?,-,false,-
com.github.tototoshi,play-json-generic_2.12,0.1.2,-,-,?,-,false,-
com.github.tototoshi,play-json-naming_2.11,1.2.0,-,-,?,-,false,-
com.github.tototoshi,play-json-naming_2.12,1.2.0,-,-,?,-,false,-
com.github.tototoshi,play-ws-standalone-json4s-core_2.11,0.1.0,-,-,?,-,false,-
com.github.tototoshi,play-ws-standalone-json4s-core_2.12,0.1.0,-,-,?,-,false,-
com.github.tototoshi,play-ws-standalone-json4s-jackson_2.11,0.1.0,-,-,?,-,false,-
com.github.tototoshi,play-ws-standalone-json4s-jackson_2.12,0.1.0,-,-,?,-,false,-
com.github.tototoshi,play-ws-standalone-json4s-native_2.11,0.1.0,-,-,?,-,false,-
com.github.tototoshi,play-ws-standalone-json4s-native_2.12,0.1.0,-,-,?,-,false,-
com.github.tototoshi,reverse-router-extension_2.11,0.2.0,-,-,?,-,false,-
com.github.tototoshi,reverse-router-extension_2.12,0.2.0,-,-,?,-,false,-
com.github.tototoshi,scala-csv_2.10,1.3.5,-,-,?,-,false,-
com.github.tototoshi,scala-csv_2.11,1.3.5,-,-,?,-,false,-
com.github.tototoshi,scala-csv_2.12,1.3.5,-,-,?,-,false,-
com.github.tototoshi,scala-fixture_2.11,0.3.0,-,-,?,-,false,-
com.github.tototoshi,scala-fixture_2.12,0.3.0,-,-,?,-,false,-
com.github.tototoshi,scala-fixture-play_2.11,0.3.0,-,-,?,-,false,-
com.github.tototoshi,scala-fixture-play_2.12,0.3.0,-,-,?,-,false,-
com.github.tototoshi,slick-joda-mapper_2.11,2.3.0,-,-,?,-,false,-
com.github.tototoshi,slick-joda-mapper_2.12,2.3.0,-,-,?,-,false,-
com.github.ttarcher,mybatis-generator-plugin,1.1.2,-,-,?,-,false,-
com.github.viswaramamoorthy,gradle-util-plugins,0.1.0-RELEASE,-,-,?,-,false,-
com.github.wxisme,bloomfilter,1.0.0,-,-,?,-,false,-
com.github.yannick-mayeur.mvnTest,mvnTest,1,-,-,?,-,false,-
com.github.yannick-mayeur,org.eclipse.january,2.1.0,-,-,?,-,false,-
com.github.yannick-mayeur,org.eclipse.january.asserts,2.1.0,-,-,?,-,false,-
com.github.yannick-mayeur,org.eclipse.january.examples,2.1.0,-,-,?,-,false,-
com.github.yannick-mayeur,org.eclipse.january.test,2.1.0,-,-,?,-,false,-
com.github.yaoakeji,hibatis,1.4.26,-,-,?,-,false,-
com.github.z3d1k,ktlint-maven-plugin,0.1.5,-,-,?,-,false,-
com.github.zsxneil,log4j-redis-appender,1.0.0,-,-,?,-,false,-
com.github.ztan.ezy-locality,ezy-locality-ad,0.1.4,-,-,?,-,false,-
com.github.ztan.ezy-locality,ezy-locality-all-countries,0.1.4,-,-,?,-,false,-
com.github.ztan.ezy-locality,ezy-locality-anglosphere,0.1.4,-,-,?,-,false,-
com.github.ztan.ezy-locality,ezy-locality-ar,0.1.4,-,-,?,-,false,-
com.github.ztan.ezy-locality,ezy-locality-as,0.1.4,-,-,?,-,false,-
com.github.ztan.ezy-locality,ezy-locality-at,0.1.4,-,-,?,-,false,-
com.github.ztan.ezy-locality,ezy-locality-au,0.1.4,-,-,?,-,false,-
com.github.ztan.ezy-locality,ezy-locality-ax,0.1.4,-,-,?,-,false,-
com.github.ztan.ezy-locality,ezy-locality-bd,0.1.4,-,-,?,-,false,-
com.github.ztan.ezy-locality,ezy-locality-be,0.1.4,-,-,?,-,false,-
com.github.ztan.ezy-locality,ezy-locality-bg,0.1.4,-,-,?,-,false,-
com.github.ztan.ezy-locality,ezy-locality-bm,0.1.4,-,-,?,-,false,-
com.github.ztan.ezy-locality,ezy-locality-br,0.1.4,-,-,?,-,false,-
com.github.ztan.ezy-locality,ezy-locality-by,0.1.4,-,-,?,-,false,-
com.github.ztan.ezy-locality,ezy-locality-ca,0.1.4,-,-,?,-,false,-
com.github.ztan.ezy-locality,ezy-locality-ch,0.1.4,-,-,?,-,false,-
com.github.ztan.ezy-locality,ezy-locality-co,0.1.4,-,-,?,-,false,-
com.github.ztan.ezy-locality,ezy-locality-core,0.1.4,-,-,?,-,false,-
com.github.ztan.ezy-locality,ezy-locality-cr,0.1.4,-,-,?,-,false,-
com.github.ztan.ezy-locality,ezy-locality-cz,0.1.4,-,-,?,-,false,-
com.github.ztan.ezy-locality,ezy-locality-de,0.1.4,-,-,?,-,false,-
com.github.ztan.ezy-locality,ezy-locality-dk,0.1.4,-,-,?,-,false,-
com.github.ztan.ezy-locality,ezy-locality-do,0.1.4,-,-,?,-,false,-
com.github.ztan.ezy-locality,ezy-locality-dz,0.1.4,-,-,?,-,false,-
com.github.ztan.ezy-locality,ezy-locality-es,0.1.4,-,-,?,-,false,-
com.github.ztan.ezy-locality,ezy-locality-fi,0.1.4,-,-,?,-,false,-
com.github.ztan.ezy-locality,ezy-locality-fm,0.1.4,-,-,?,-,false,-
com.github.ztan.ezy-locality,ezy-locality-fo,0.1.4,-,-,?,-,false,-
com.github.ztan.ezy-locality,ezy-locality-fr,0.1.4,-,-,?,-,false,-
com.github.ztan.ezy-locality,ezy-locality-gb,0.1.4,-,-,?,-,false,-
com.github.ztan.ezy-locality,ezy-locality-gf,0.1.4,-,-,?,-,false,-
com.github.ztan.ezy-locality,ezy-locality-gg,0.1.4,-,-,?,-,false,-
com.github.ztan.ezy-locality,ezy-locality-gl,0.1.4,-,-,?,-,false,-
com.github.ztan.ezy-locality,ezy-locality-gp,0.1.4,-,-,?,-,false,-
com.github.ztan.ezy-locality,ezy-locality-gt,0.1.4,-,-,?,-,false,-
com.github.ztan.ezy-locality,ezy-locality-gu,0.1.4,-,-,?,-,false,-
com.github.ztan.ezy-locality,ezy-locality-hr,0.1.4,-,-,?,-,false,-
com.github.ztan.ezy-locality,ezy-locality-hu,0.1.4,-,-,?,-,false,-
com.github.ztan.ezy-locality,ezy-locality-ie,0.1.4,-,-,?,-,false,-
com.github.ztan.ezy-locality,ezy-locality-im,0.1.4,-,-,?,-,false,-
com.github.ztan.ezy-locality,ezy-locality-in,0.1.4,-,-,?,-,false,-
com.github.ztan.ezy-locality,ezy-locality-is,0.1.4,-,-,?,-,false,-
com.github.ztan.ezy-locality,ezy-locality-it,0.1.4,-,-,?,-,false,-
com.github.ztan.ezy-locality,ezy-locality-je,0.1.4,-,-,?,-,false,-
com.github.ztan.ezy-locality,ezy-locality-jp,0.1.4,-,-,?,-,false,-
com.github.ztan.ezy-locality,ezy-locality-li,0.1.4,-,-,?,-,false,-
com.github.ztan.ezy-locality,ezy-locality-lk,0.1.4,-,-,?,-,false,-
com.github.ztan.ezy-locality,ezy-locality-lt,0.1.4,-,-,?,-,false,-
com.github.ztan.ezy-locality,ezy-locality-lu,0.1.4,-,-,?,-,false,-
com.github.ztan.ezy-locality,ezy-locality-lv,0.1.4,-,-,?,-,false,-
com.github.ztan.ezy-locality,ezy-locality-mc,0.1.4,-,-,?,-,false,-
com.github.ztan.ezy-locality,ezy-locality-md,0.1.4,-,-,?,-,false,-
com.github.ztan.ezy-locality,ezy-locality-mh,0.1.4,-,-,?,-,false,-
com.github.ztan.ezy-locality,ezy-locality-mk,0.1.4,-,-,?,-,false,-
com.github.ztan.ezy-locality,ezy-locality-mp,0.1.4,-,-,?,-,false,-
com.github.ztan.ezy-locality,ezy-locality-mq,0.1.4,-,-,?,-,false,-
com.github.ztan.ezy-locality,ezy-locality-mt,0.1.4,-,-,?,-,false,-
com.github.ztan.ezy-locality,ezy-locality-mx,0.1.4,-,-,?,-,false,-
com.github.ztan.ezy-locality,ezy-locality-my,0.1.4,-,-,?,-,false,-
com.github.ztan.ezy-locality,ezy-locality-nc,0.1.4,-,-,?,-,false,-
com.github.ztan.ezy-locality,ezy-locality-nl,0.1.4,-,-,?,-,false,-
com.github.ztan.ezy-locality,ezy-locality-no,0.1.4,-,-,?,-,false,-
com.github.ztan.ezy-locality,ezy-locality-nz,0.1.4,-,-,?,-,false,-
com.github.ztan.ezy-locality,ezy-locality-ph,0.1.4,-,-,?,-,false,-
com.github.ztan.ezy-locality,ezy-locality-pk,0.1.4,-,-,?,-,false,-
com.github.ztan.ezy-locality,ezy-locality-pl,0.1.4,-,-,?,-,false,-
com.github.ztan.ezy-locality,ezy-locality-pm,0.1.4,-,-,?,-,false,-
com.github.ztan.ezy-locality,ezy-locality-pr,0.1.4,-,-,?,-,false,-
com.github.ztan.ezy-locality,ezy-locality-pt,0.1.4,-,-,?,-,false,-
com.github.ztan.ezy-locality,ezy-locality-pw,0.1.4,-,-,?,-,false,-
com.github.ztan.ezy-locality,ezy-locality-re,0.1.4,-,-,?,-,false,-
com.github.ztan.ezy-locality,ezy-locality-ro,0.1.4,-,-,?,-,false,-
com.github.ztan.ezy-locality,ezy-locality-ru,0.1.4,-,-,?,-,false,-
com.github.ztan.ezy-locality,ezy-locality-se,0.1.4,-,-,?,-,false,-
com.github.ztan.ezy-locality,ezy-locality-si,0.1.4,-,-,?,-,false,-
com.github.ztan.ezy-locality,ezy-locality-sj,0.1.4,-,-,?,-,false,-
com.github.ztan.ezy-locality,ezy-locality-sk,0.1.4,-,-,?,-,false,-
com.github.ztan.ezy-locality,ezy-locality-sm,0.1.4,-,-,?,-,false,-
com.github.ztan.ezy-locality,ezy-locality-th,0.1.4,-,-,?,-,false,-
com.github.ztan.ezy-locality,ezy-locality-tr,0.1.4,-,-,?,-,false,-
com.github.ztan.ezy-locality,ezy-locality-ua,0.1.4,-,-,?,-,false,-
com.github.ztan.ezy-locality,ezy-locality-us,0.1.4,-,-,?,-,false,-
com.github.ztan.ezy-locality,ezy-locality-uy,0.1.4,-,-,?,-,false,-
com.github.ztan.ezy-locality,ezy-locality-va,0.1.4,-,-,?,-,false,-
com.github.ztan.ezy-locality,ezy-locality-vi,0.1.4,-,-,?,-,false,-
com.github.ztan.ezy-locality,ezy-locality-wf,0.1.4,-,-,?,-,false,-
com.github.ztan.ezy-locality,ezy-locality-yt,0.1.4,-,-,?,-,false,-
com.github.ztan.ezy-locality,ezy-locality-za,0.1.4,-,-,?,-,false,-
com.harana,scalajs-react-autoresponsive-macros_sjs0.6_2.12,1.0.0,-,-,?,-,false,-
com.harana,scalajs-react-autoresponsive_sjs0.6_2.12,1.0.0,-,-,?,-,false,-
me.schlaubi,commandCord,2.1.0,-,-,?,-,false,-
net.alantea,glide,0.2.4,-,-,?,-,false,-
net.alantea,storex,0.4.1,-,-,?,-,false,-
