groupId,artifactId,version,moduleName,moduleVersion,moduleMode,moduleDependencies,jdepsToolError,jdepsViolations
com.aibton,aibton-core,1.0.9,-,-,?,-,false,-
com.bitplan.multimodule,multimodule1,0.0.3,-,-,?,-,false,-
com.bitplan.multimodule,multimodule2,0.0.3,-,-,?,-,false,-
com.caravelo,banwire-java-client,1.0.0,-,-,?,-,false,-
com.epam.jdi,jdi-commons,1.1.29,-,-,?,-,false,-
com.epam.jdi,jdi-http,1.1.29,-,-,?,-,false,-
com.epam.jdi,jdi-http-cucumber,1.1.29,-,-,?,-,false,-
com.epam.jdi,jdi-matchers,2.0.23,-,-,?,-,false,-
com.epam.jdi,jdi-uitest-core,1.1.29,-,-,?,-,false,-
com.epam.jdi,jdi-uitest-cucumber,1.1.29,-,-,?,-,false,-
com.epam.jdi,jdi-uitest-gui,1.1.29,-,-,?,-,false,sun.reflect.generics.reflectiveObjects.NotImplementedException Removed. See http://openjdk.java.net/jeps/260
com.epam.jdi,jdi-uitest-mobile,1.1.29,-,-,?,-,false,-
com.epam.jdi,jdi-uitest-web,1.1.29,-,-,?,-,false,-
com.epam.jdi,jdi-uitest-win,1.1.29,-,-,?,-,false,sun.reflect.generics.reflectiveObjects.NotImplementedException Removed. See http://openjdk.java.net/jeps/260
com.google.auth,google-auth-library-appengine,0.11.0,-,-,?,-,false,-
com.google.auth,google-auth-library-credentials,0.11.0,-,-,?,-,false,-
com.google.auth,google-auth-library-oauth2-http,0.11.0,-,-,?,-,false,-
com.google.endpoints,endpoints-framework,2.1.2,-,-,?,-,false,-
com.google.endpoints,endpoints-framework-all,2.1.2,-,-,?,-,false,sun.misc.Unsafe                          See http://openjdk.java.net/jeps/260
com.google.endpoints,endpoints-framework-auth,1.0.10,-,-,?,-,false,-
com.google.endpoints,endpoints-framework-guice,2.1.2,-,-,?,-,false,-
com.google.endpoints,endpoints-framework-tools,2.1.2,-,-,?,-,false,-
com.google.endpoints,endpoints-management-api-client,1.0.10,-,-,?,-,false,-
com.google.endpoints,endpoints-management-auth,1.0.10,-,-,?,-,false,-
com.google.endpoints,endpoints-management-config,1.0.10,-,-,?,-,false,-
com.google.endpoints,endpoints-management-control,1.0.10,-,-,?,-,false,-
com.google.endpoints,endpoints-management-control-all,1.0.10,-,-,?,-,false,sun.misc.Unsafe                          See http://openjdk.java.net/jeps/260
com.google.endpoints,endpoints-management-control-appengine,1.0.10,-,-,?,-,false,-
com.google.endpoints,endpoints-management-control-appengine-all,1.0.10,-,-,?,-,false,sun.misc.Unsafe                          See http://openjdk.java.net/jeps/260
com.google.endpoints,endpoints-management-protos,1.0.10,-,-,?,-,false,-
com.google.escapevelocity,escapevelocity,0.9,-,-,?,-,false,-
com.google.flatbuffers,flatbuffers-java,1.9.0,-,-,?,-,false,-
com.google.flatbuffers,flatbuffers-java-grpc,1.9.0,-,-,?,-,false,-
com.google.googlejavaformat,google-java-format,1.6,com.google.googlejavaformat,-,automatic,-,false,-
com.google.googlejavaformat,google-java-format-eclipse-plugin,1.3.0,-,-,?,-,false,-
com.google.guava,guava,26.0-jre,com.google.common,-,automatic,-,false,sun.misc.Unsafe                          See http://openjdk.java.net/jeps/260
com.google.guava,guava-beta-checker,1.0,-,-,?,-,false,com.sun.tools.javac.code.Symbol          Use javax.tools and javax.lang.model @since 1.6 + com.sun.tools.javac.code.Symbol$PackageSymbol Use javax.tools and javax.lang.model @since 1.6 + com.sun.tools.javac.util.List            Use javax.tools and javax.lang.model @since 1.6 + com.sun.tools.javac.util.Name            Use javax.tools and javax.lang.model @since 1.6
com.google.guava,guava-gwt,26.0-jre,-,-,?,-,false,-
com.google.guava,guava-testlib,26.0-jre,-,-,?,-,false,-
com.google.guava,guava-tests,23.3-jre,-,-,?,-,false,-
com.google.gwt.gwtmockito,gwtmockito,1.1.8,-,-,?,-,false,-
com.google.gwt.gwtmockito,gwtmockito-sample,1.1.8,-,-,?,-,false,-
com.google.gwt,gwt-servlet,2.8.2,-,-,?,-,false,sun.misc.Unsafe                          See http://openjdk.java.net/jeps/260
com.google.http-client,google-http-client,1.25.0,-,-,?,-,false,-
com.google.http-client,google-http-client-android,1.25.0,-,-,?,-,false,-
com.google.http-client,google-http-client-appengine,1.25.0,-,-,?,-,false,-
com.google.http-client,google-http-client-findbugs,1.25.0,-,-,?,-,false,-
com.google.http-client,google-http-client-gson,1.25.0,-,-,?,-,false,-
com.google.http-client,google-http-client-jackson,1.25.0,-,-,?,-,false,-
com.google.http-client,google-http-client-jackson2,1.25.0,-,-,?,-,false,-
com.google.http-client,google-http-client-jdo,1.25.0,-,-,?,-,false,-
com.google.http-client,google-http-client-protobuf,1.25.0,-,-,?,-,false,-
com.google.http-client,google-http-client-test,1.25.0,-,-,?,-,false,-
com.google.http-client,google-http-client-xml,1.25.0,-,-,?,-,false,-
com.google.instrumentation,instrumentation-api,0.4.3,-,-,?,-,false,-
com.google.monitoring-client,contrib,1.0.4,-,-,?,-,false,-
com.google.monitoring-client,junit,1.0.2,-,-,?,-,false,-
com.google.monitoring-client,metrics,1.0.4,-,-,?,-,false,-
com.google.monitoring-client,stackdriver,1.0.4,-,-,?,-,false,-
com.google.template,soy,2018-03-14,-,-,?,-,false,-
com.google.zxing,core,3.3.3,-,-,?,-,false,-
com.google.zxing,javase,3.3.3,-,-,?,-,false,-
com.intuit.benten,benten-archetype,0.1.3,-,-,?,-,false,-
com.intuit.benten,benten-common,0.1.3,-,-,?,-,false,-
com.intuit.benten,benten-core,0.1.3,-,-,?,-,false,-
com.intuit.benten,benten-examples,0.1.3,-,-,?,-,false,-
com.intuit.benten,benten-jenkins-bolt,0.1.3,-,-,?,-,false,-
com.intuit.benten,benten-jira-bolt,0.1.3,-,-,?,-,false,-
com.intuit.benten,benten-mock,0.1.3,-,-,?,-,false,-
com.intuit.karate,karate-apache,0.8.0.1,-,-,?,-,false,-
com.intuit.karate,karate-archetype,0.8.0.1,-,-,?,-,false,-
com.intuit.karate,karate-core,0.8.0.1,-,-,?,-,false,-
com.intuit.karate,karate-gatling,0.8.0.1,-,-,?,-,false,-
com.intuit.karate,karate-import,0.4.3.3,-,-,?,-,false,-
com.intuit.karate,karate-jersey,0.8.0.1,-,-,?,-,false,-
com.intuit.karate,karate-junit4,0.8.0.1,-,-,?,-,false,-
com.intuit.karate,karate-mock-http,0.4.3.1,-,-,?,-,false,-
com.intuit.karate,karate-mock-servlet,0.8.0.1,-,-,?,-,false,-
com.intuit.karate,karate-netty,0.8.0.1,-,-,?,-,false,sun.misc.Unsafe                          See http://openjdk.java.net/jeps/260 + sun.security.x509.X500Name               Use javax.security.auth.x500.X500Principal @since 1.4
com.intuit.karate,karate-testng,0.8.0.1,-,-,?,-,false,-
com.intuit.quickbooks-online,ipp-java-qbapihelper,4.0.5,-,-,?,-,false,-
com.intuit.quickbooks-online,ipp-v3-java-data,4.0.5,-,-,?,-,false,-
com.intuit.quickbooks-online,ipp-v3-java-devkit,4.0.5,-,-,?,-,false,-
com.intuit.quickbooks-online,oauth2-platform-api,4.0.5,-,-,?,-,false,-
com.intuit.wasabi,wasabi-analytics,1.0.20180728071504,-,-,?,-,false,-
com.intuit.wasabi,wasabi-analytics-objects,1.0.20180728071504,-,-,?,-,false,-
com.intuit.wasabi,wasabi-api,1.0.20180728071504,-,-,?,-,false,-
com.intuit.wasabi,wasabi-assignment,1.0.20180728071504,-,-,?,-,false,-
com.intuit.wasabi,wasabi-assignment-objects,1.0.20180728071504,-,-,?,-,false,-
com.intuit.wasabi,wasabi-auditlog,1.0.20180728071504,-,-,?,-,false,-
com.intuit.wasabi,wasabi-auditlog-objects,1.0.20180728071504,-,-,?,-,false,-
com.intuit.wasabi,wasabi-authentication,1.0.20180728071504,-,-,?,-,false,-
com.intuit.wasabi,wasabi-authentication-objects,1.0.20180728071504,-,-,?,-,false,-
com.intuit.wasabi,wasabi-authorization,1.0.20180728071504,-,-,?,-,false,-
com.intuit.wasabi,wasabi-authorization-objects,1.0.20180728071504,-,-,?,-,false,-
com.intuit.wasabi,wasabi-cassandra-datastax,1.0.20180728071504,-,-,?,-,false,-
com.intuit.wasabi,wasabi-database,1.0.20180728071504,-,-,?,-,false,-
com.intuit.wasabi,wasabi-email,1.0.20180728071504,-,-,?,-,false,-
com.intuit.wasabi,wasabi-event,1.0.20180728071504,-,-,?,-,false,-
com.intuit.wasabi,wasabi-eventlog,1.0.20180728071504,-,-,?,-,false,-
com.intuit.wasabi,wasabi-event-objects,1.0.20180728071504,-,-,?,-,false,-
com.intuit.wasabi,wasabi-exceptions,1.0.20180728071504,-,-,?,-,false,-
com.intuit.wasabi,wasabi-experiment,1.0.20180728071504,-,-,?,-,false,-
com.intuit.wasabi,wasabi-experiment-objects,1.0.20180728071504,-,-,?,-,false,-
com.intuit.wasabi,wasabi-export,1.0.20180728071504,-,-,?,-,false,-
com.intuit.wasabi,wasabi-feedback,1.0.20180728071504,-,-,?,-,false,-
com.intuit.wasabi,wasabi-feedback-objects,1.0.20180728071504,-,-,?,-,false,-
com.intuit.wasabi,wasabi-functional-test,1.0.20180728071504,-,-,?,-,false,-
com.intuit.wasabi,wasabi-main,1.0.20180728071504,-,-,?,-,false,-
com.intuit.wasabi,wasabi-repository-datastax,1.0.20180728071504,-,-,?,-,false,-
com.intuit.wasabi,wasabi-swagger-ui,1.0.20180728071504,-,-,?,-,false,-
com.intuit.wasabi,wasabi-user-directory,1.0.20180728071504,-,-,?,-,false,-
com.intuit.wasabi,wasabi-util,1.0.20180728071504,-,-,?,-,false,-
com.lastB7,enjoy-sql,3.3.4,-,-,?,-,false,-
com.mydaco,java-client,1.1.0,-,-,?,-,false,-
com.mydaco,mydaco-interface,0.0.2,-,-,?,-,false,-
com.sabre.oss.conf4j,conf4j-ck,1.0,-,-,?,-,false,-
com.sabre.oss.conf4j,conf4j-extras-json,1.0,-,-,?,-,false,-
com.sabre.oss.yare,yare-core,0.5,-,-,?,-,false,-
com.sabre.oss.yare,yare-dsl,0.5,-,-,?,-,false,-
com.sabre.oss.yare,yare-engine,0.5,-,-,?,-,false,-
com.sabre.oss.yare,yare-examples,0.5,-,-,?,-,false,-
com.sabre.oss.yare,yare-invoker-js,0.5,-,-,?,-,false,-
com.sabre.oss.yare,yare-model,0.5,-,-,?,-,false,-
com.sabre.oss.yare,yare-model-converters,0.5,-,-,?,-,false,-
com.sabre.oss.yare,yare-model-validators,0.5,-,-,?,-,false,-
com.sabre.oss.yare,yare-performance,0.5,-,-,?,-,false,-
com.sabre.oss.yare,yare-serializer-json,0.5,-,-,?,-,false,-
com.sabre.oss.yare,yare-serializer-validation,0.5,-,-,?,-,false,-
com.sabre.oss.yare,yare-serializer-xml,0.5,-,-,?,-,false,-
com.sachinhandiekar,jInstagram,1.2.2,-,-,?,-,false,-
com.sachinhandiekar,jMusixMatch,1.1.4,-,-,?,-,false,-
com.sachinhandiekar,spring-social-live,1.0.4,-,-,?,-,false,-
com.trustev,trustev-java,2.0.11,-,-,?,-,false,-
com.yaoakeji,hibatis,1.4.27,-,-,?,-,false,-
org.codelibs,curl4j,1.2.0,-,-,?,-,false,-
org.codelibs.elasticsearch.lib,grok,6.4.0,-,-,?,-,false,-
org.codelibs.elasticsearch.lib,plugin-classloader,6.4.0,-,-,?,-,false,-
org.codelibs.elasticsearch.module,aggs-matrix-stats,6.4.0,-,-,?,-,false,-
org.codelibs.elasticsearch.module,analysis-common,6.4.0,-,-,?,-,false,-
org.codelibs.elasticsearch.module,ingest-common,6.4.0,-,-,?,-,false,-
org.codelibs.elasticsearch.module,lang-expression,6.4.0,-,-,?,-,false,-
org.codelibs.elasticsearch.module,lang-mustache,6.4.0,-,-,?,-,false,-
org.codelibs.elasticsearch.module,lang-painless,6.4.0,-,-,?,-,false,-
org.codelibs.elasticsearch.module,mapper-extras,6.4.0,-,-,?,-,false,-
org.codelibs.elasticsearch.module,parent-join,6.4.0,-,-,?,-,false,-
org.codelibs.elasticsearch.module,percolator,6.4.0,-,-,?,-,false,-
org.codelibs.elasticsearch.module,rank-eval,6.4.0,-,-,?,-,false,-
org.codelibs.elasticsearch.module,reindex,6.4.0,-,-,?,-,false,-
org.codelibs.elasticsearch.module,repository-url,6.4.0,-,-,?,-,false,-
org.codelibs.elasticsearch.module,scripting-painless-spi,6.4.0,-,-,?,-,false,-
org.codelibs.elasticsearch.module,transport-netty4,6.4.0,-,-,?,-,false,-
org.codelibs.elasticsearch.module,tribe,6.4.0,-,-,?,-,false,-
org.corpus-tools,pepper-framework,3.2.1,-,-,?,-,false,-
org.corpus-tools,pepper-lib,3.2.1,-,-,?,-,false,-
org.corpus-tools,pepperModules-GrAFModules,2.0.7,-,-,?,-,false,-
org.corpus-tools,pepper-newModule,3.2.1,-,-,?,-,false,-
