groupId,artifactId,version,moduleName,moduleVersion,moduleMode,moduleDependencies,jdepsToolError,jdepsViolations
com.aliyun,aliyun-java-sdk-ecs,4.10.0,-,-,?,-,false,-
com.google.apis,google-api-services-adsensehost,v4.1-rev513-1.23.0,-,-,?,-,false,-
com.google.apis,google-api-services-appsactivity,v1-rev175-1.24.1,-,-,?,-,false,-
com.google.apis,google-api-services-cloudresourcemanager,v2-rev29-1.24.1,-,-,?,-,false,-
com.google.apis,google-api-services-plusDomains,v1-rev459-1.24.1,-,-,?,-,false,-
com.google.apis,google-api-services-plus,v1-rev555-1.24.1,-,-,?,-,false,-
com.google.apis,google-api-services-safebrowsing,v4-rev69-1.24.1,-,-,?,-,false,-
com.google.apis,google-api-services-toolresults,v1beta3-rev444-1.24.1,-,-,?,-,false,-
com.uber.motif,motif,0.0.7,-,-,?,-,false,-
com.uber.motif,motif-compiler,0.0.7,-,-,?,-,false,-
com.uber.motif,motif-ir,0.0.7,-,-,?,-,false,-
org.webpieces,core,1.9.117,-,-,?,-,false,-
org.webpieces,core-asyncserver,1.9.117,-,-,?,-,false,-
org.webpieces,core-channelmanager2,1.9.117,-,-,?,-,false,-
org.webpieces,core-datawrapper,1.9.117,-,-,?,-,false,-
org.webpieces,core-ddl,1.9.117,-,-,?,-,false,-
org.webpieces,core-mock,1.9.117,-,-,?,-,false,-
org.webpieces,core-ssl,1.9.117,-,-,?,-,false,-
org.webpieces,core-statemachine,1.9.117,-,-,?,-,false,-
org.webpieces,core-util,1.9.117,-,-,?,-,false,-
org.webpieces,gradle-plugin-htmlcompiler,1.9.117,-,-,?,-,false,-
org.webpieces,http1_1-client,1.9.117,-,-,?,-,false,-
org.webpieces,http1_1-parser,1.9.117,-,-,?,-,false,-
org.webpieces,http,1.9.117,-,-,?,-,false,-
org.webpieces,http2-client,1.9.117,-,-,?,-,false,-
org.webpieces,http2-engine,1.9.117,-,-,?,-,false,-
org.webpieces,http2-hpack,1.9.117,-,-,?,-,false,-
org.webpieces,http2-parser,1.9.117,-,-,?,-,false,-
org.webpieces,http2to1_1-client,1.9.117,-,-,?,-,false,-
org.webpieces,http2-translations,1.9.117,-,-,?,-,false,-
org.webpieces,http-backpressure-tests,1.9.117,-,-,?,-,false,-
org.webpieces,http-fortesting-plugins,1.9.117,-,-,?,-,false,-
org.webpieces,http-frontend2,1.9.117,-,-,?,-,false,-
org.webpieces,http-router,1.9.117,-,-,?,-,false,-
org.webpieces,http-router-dev,1.9.117,-,-,?,-,false,-
org.webpieces,http-shared,1.9.117,-,-,?,-,false,-
org.webpieces,http-templating,1.9.117,-,-,?,-,false,-
org.webpieces,http-templating-dev,1.9.117,-,-,?,-,false,-
org.webpieces,http-webserver,1.9.117,-,-,?,-,false,-
org.webpieces,http-webserver-test,1.9.117,-,-,?,-,false,-
org.webpieces,plugin-backend,1.9.117,-,-,?,-,false,-
org.webpieces,plugin-documentation,1.9.117,-,-,?,-,false,-
org.webpieces,plugin-h2db,1.9.117,-,-,?,-,false,-
org.webpieces,plugin-hibernate,1.9.117,-,-,?,-,false,-
org.webpieces,plugin-install-sslcert,1.9.117,-,-,?,-,false,-
org.webpieces,plugin-json-jackson,1.9.117,-,-,?,-,false,-
org.webpieces,projectcreator,1.9.117,-,-,?,-,false,-
org.webpieces,runtimecompile,1.9.117,-,-,?,-,false,-
org.webpieces,templateProject,1.9.117,-,-,?,-,false,-
org.webpieces,webpiecesServerBuilder,1.9.117,-,-,?,-,false,-
org.webpieces,WEBPIECESxAPPNAME,1.9.117,-,-,?,-,false,-
org.webpieces,WEBPIECESxAPPNAME-dev,1.9.117,-,-,?,-,false,-
org.webpieces,webserver,1.9.117,-,-,?,-,false,-
org.webpieces,webserver-plugins,1.9.117,-,-,?,-,false,-
