groupId,artifactId,version,moduleName,moduleVersion,moduleMode,moduleDependencies,jdepsToolError,jdepsViolations
com.andrelanouette.solr4j,solr4j-all,1.0.3,-,-,?,-,false,-
com.andrelanouette.solr4j,solr4j-core,1.0.3,-,-,?,-,false,-
com.andrelanouette.solr4j,solr4j-demo,1.0.2,-,-,?,-,false,-
com.andrelanouette.solr4j,solr4j-distrib,6.6.0,-,-,?,-,false,-
com.arpnetworking,artemis_2.11,0.1.7,-,-,?,-,false,-
com.arpnetworking.build,build-resources,1.2.5,-,-,?,-,false,-
com.arpnetworking.commons,commons,1.17.0,-,-,?,-,false,-
com.arpnetworking.commons,javassist-maven-core,0.2.1,-,-,?,-,false,-
com.arpnetworking.commons,javassist-maven-plugin,0.2.1,-,-,?,-,false,-
com.arpnetworking.kairosdb,kairosdb-histograms,2.0.0,-,-,?,-,false,-
com.arpnetworking.logback,logback-steno,1.18.1,-,-,?,-,false,-
com.arpnetworking.metrics.extras,apache-http-sink-extra,0.9.1,-,-,?,-,false,sun.misc.Unsafe                          See http://openjdk.java.net/jeps/260
com.arpnetworking.metrics.extras,codahale-extra,0.7.0,-,-,?,-,false,-
com.arpnetworking.metrics.extras,codahale-replace,0.7.0,-,-,?,-,false,sun.misc.Unsafe                          See http://openjdk.java.net/jeps/260
com.arpnetworking.metrics.extras,codahale-shaded,0.7.0,-,-,?,-,false,sun.misc.Unsafe                          See http://openjdk.java.net/jeps/260
com.arpnetworking.metrics.extras,file-sink-extra,0.8.0,-,-,?,-,false,sun.reflect.Reflection                   Use java.lang.StackWalker @since 9
com.arpnetworking.metrics.extras,incubator-extra,0.6.2,-,-,?,-,false,-
com.arpnetworking.metrics.extras,jvm-extra,0.10.0,-,-,?,-,false,-
com.arpnetworking.metrics,generator,1.2.2,-,-,?,-,false,-
com.arpnetworking.metrics,metrics-aggregator-daemon,1.11.1,-,-,?,-,false,-
com.arpnetworking.metrics,metrics-aggregator-protocol,1.0.5,-,-,?,-,false,-
com.arpnetworking.metrics,metrics-client,0.10.0,-,-,?,-,false,-
com.arpnetworking.metrics,metrics-cluster-aggregator,1.7.1,-,-,?,-,false,-
com.arpnetworking.metrics,metrics-portal_2.11,0.8.0,-,-,?,-,false,-
com.arxanfintech,java-common,2.1.1a,-,-,?,-,false,-
com.arxanfintech,tomago-sdk-java,1.5.1,-,-,?,-,false,-
com.arxanfintech,wallet-sdk-java,2.1test,-,-,?,-,false,-
com.automattic,elasticsearch-statsd,6.2.4.0,-,-,?,-,false,-
com.axiomalaska,jdbc-named-parameters,1.1,-,-,?,-,false,-
com.axlabs,ip2asn2cc,0.0.1,-,-,?,-,false,-
com.contactlab.api,client,2.18.1,-,-,?,-,false,-
com.contactlab.hub,sdk-java,1.6.0,-,-,?,-,false,-
com.contactlab.hub,sdk-scala,1.1.3,-,-,?,-,false,-
com.contactlab.hub,sdk-scala-macros,1.1.3,-,-,?,-,false,-
com.coreos,jetcd-common,0.0.2,-,-,?,-,false,-
com.coreos,jetcd-core,0.0.2,-,-,?,-,false,-
com.coreos,jetcd-osgi,0.0.2,-,-,?,-,false,-
com.coreos,jetcd-resolver,0.0.2,-,-,?,-,false,-
com.coreos,jetcd-resolver-dns-srv,0.0.2,-,-,?,-,false,-
com.coreos,jetcd-watch-example,0.0.1,-,-,?,-,false,-
com.ctosb,ctosb-core,1.0.3,-,-,?,-,false,-
com.ctosb,ctosb-ueditor,1.1.2-official,-,-,?,-,false,-
com.danidemi,template-generator-maven-plugin,0.0.7,-,-,?,-,false,-
com.dimafeng,testcontainers-scala_2.10,0.14.0,-,-,?,-,false,-
com.dimafeng,testcontainers-scala_2.11,0.20.0,-,-,?,-,false,-
com.dimafeng,testcontainers-scala_2.12,0.20.0,-,-,?,-,false,-
com.engagetech.dropwizard.modules,dropwizard-elasticsearch,1.2.0-2-ES6.0.1-4,-,-,?,-,false,-
com.flowlogix,flowlogix-datamodel,2.3.1,-,-,?,-,false,-
com.flowlogix,flowlogix-jee,2.3.1,-,-,?,-,false,-
com.flowlogix,flowlogix-tapestry,2.3.1,-,-,?,-,false,-
com.flowlogix,flowlogix-tapestry-gwt,2.3.1,-,-,?,-,false,-
com.fortanix,sdkms-client,2.6.741,-,-,?,-,false,-
com.getshoutout.shoutout.sdk,shoutout-java-sdk,7.0.1,-,-,?,-,false,-
com.hardis.adelia,tdk-web-objects,9.6.10-rc1-rc1-rc1-rc1-rc1,-,-,?,-,false,-
com.hardis.collectd,jcollectd,1.0.3,-,-,?,-,false,-
com.hardis.log4j,log4j-redis-appender,1.0.12,-,-,?,-,false,-
com.hardis.log4j,redis-appender,1.0.2,-,-,?,-,false,-
com.hardis.reflex,tdk,9.8.0-rc2,-,-,?,-,false,-
com.hardis.reflex,tdk-standard-business,9.7.0,-,-,?,-,false,-
com.hardis.reflex,tdk-standard-programs,9.7.1-rc1,-,-,?,-,false,-
com.hardis.reflex,tdk-test-common,9.7.0,-,-,?,-,false,-
com.hardis.reflex,tdk-test-samples,9.7.0,-,-,?,-,false,-
com.humegatech,car2go-connector,1.3.0,-,-,?,-,false,-
com.humegatech,car2gosling,1.1.2,-,-,?,-,false,-
com.itranswarp,warpdb,3.6,-,-,?,-,false,-
com.joliciel.jochre,jochre-core,2.0.6,-,-,?,-,false,-
com.joliciel.jochre,jochre-search,2.0.6,-,-,?,-,false,-
com.joliciel.jochre,jochre-utils,2.0.6,-,-,?,-,false,-
com.joliciel.jochre,jochre-yiddish,2.0.6,-,-,?,-,false,-
com.joliciel.talismane,talismane-core,5.1.2,-,-,?,-,false,-
com.joliciel.talismane,talismane-en,3.0.7,-,-,?,-,false,-
com.joliciel.talismane,talismane-examples,5.1.2,-,-,?,-,false,-
com.joliciel.talismane,talismane-extensions,5.1.2,-,-,?,-,false,-
com.joliciel.talismane,talismane-fr,5.1.2,-,-,?,-,false,-
com.joliciel.talismane,talismane-machine-learning,5.1.2,-,-,?,-,false,-
com.joliciel.talismane,talismane-utils,5.1.2,-,-,?,-,false,-
com.kotlinnlp,conllio,0.2.4,-,-,?,-,false,-
com.kotlinnlp,dependencytree,0.3.2,-,-,?,-,false,-
com.kotlinnlp,frameextractor,0.3.0,-,-,?,-,false,-
com.kotlinnlp,geolocation,0.1.0,-,-,?,-,false,-
com.kotlinnlp,hanclassifier,0.3.0,-,-,?,-,false,-
com.kotlinnlp,languagedetector,0.4.3,-,-,?,-,false,-
com.kotlinnlp,linguisticdescription,0.9.1,-,-,?,-,false,-
com.kotlinnlp,morphologicalanalyzer,0.3.1,-,-,?,-,false,-
com.kotlinnlp,neuralparser,0.4.2,-,-,?,-,false,-
com.kotlinnlp,neuraltokenizer,0.4.1,-,-,?,-,false,-
com.kotlinnlp,nlpserver,0.4.2,-,-,?,-,false,-
com.kotlinnlp,progressindicator,1.0.0,-,-,?,-,false,-
com.kotlinnlp,simplednn,0.11.0,-,-,?,-,false,-
com.kotlinnlp,syntaxdecoder,0.2.3,-,-,?,-,false,-
com.kotlinnlp,tokensencoder,0.3.1,-,-,?,-,false,-
com.kotlinnlp,utils,2.1.0,-,-,?,-,false,-
com.mainstreethub,dropwizard-json-log-bundle,1.3.5-1,-,-,?,-,false,-
com.mesosphere.cosmos,cosmos_2.11,0.4.4,-,-,?,-,false,-
com.mesosphere.cosmos,cosmos_2.12,0.6.0,-,-,?,-,false,-
com.mesosphere.cosmos,cosmos-bijection_2.11,0.3.1,-,-,?,-,false,-
com.mesosphere.cosmos,cosmos-common_2.11,0.4.4,-,-,?,-,false,-
com.mesosphere.cosmos,cosmos-common_2.12,0.6.0,-,-,?,-,false,-
com.mesosphere.cosmos,cosmos-finch_2.11,0.3.1,-,-,?,-,false,-
com.mesosphere.cosmos,cosmos-http_2.11,0.3.1,-,-,?,-,false,-
com.mesosphere.cosmos,cosmos-integration-tests_2.11,0.4.4,-,-,?,-,false,-
com.mesosphere.cosmos,cosmos-integration-tests_2.12,0.6.0,-,-,?,-,false,-
com.mesosphere.cosmos,cosmos-json_2.11,0.3.1,-,-,?,-,false,-
com.mesosphere.cosmos,cosmos-jsonschema_2.11,0.3.1,-,-,?,-,false,-
com.mesosphere.cosmos,cosmos-model_2.11,0.3.1,-,-,?,-,false,-
com.mesosphere.cosmos,cosmos-render_2.11,0.3.1,-,-,?,-,false,-
com.mesosphere.cosmos,cosmos-server_2.11,0.4.4,-,-,?,-,false,-
com.mesosphere.cosmos,cosmos-server_2.12,0.6.0,-,-,?,-,false,-
com.mesosphere.cosmos,cosmos-test-common_2.11,0.4.4,-,-,?,-,false,-
com.mesosphere.cosmos,cosmos-test-common_2.12,0.6.0,-,-,?,-,false,-
com.mesosphere,marathon-client,0.6.0,-,-,?,-,false,-
com.mesosphere,mesos-http-adapter,0.4.1,-,-,?,-,false,-
com.mesosphere.mesos.rx.java.example,mesos-rxjava-example-framework,0.2.0,-,-,?,-,false,-
com.mesosphere.mesos.rx.java,mesos-rxjava-client,0.2.0,-,-,?,-,false,-
com.mesosphere.mesos.rx.java,mesos-rxjava-protobuf-client,0.2.0,-,-,?,-,false,-
com.mesosphere.mesos.rx.java,mesos-rxjava-recordio,0.2.0,-,-,?,-,false,-
com.mesosphere.mesos.rx.java,mesos-rxjava-test,0.2.0,-,-,?,-,false,-
com.mesosphere.mesos.rx.java,mesos-rxjava-util,0.2.0,-,-,?,-,false,-
com.miglayout,lib-miglayout-NB80,5.2,-,-,?,-,false,-
com.miglayout,miglayout-core,5.2,-,-,?,-,false,-
com.miglayout,miglayout-demo,5.2,-,-,?,-,false,-
com.miglayout,miglayout-examples,5.2,-,-,?,-,false,-
com.miglayout,miglayout-ideutil,5.2,-,-,?,-,false,-
com.miglayout,miglayout-javafx,5.2,-,-,?,-,false,-
com.miglayout,miglayout-swing,5.2,-,-,?,-,false,-
com.miglayout,miglayout-swt,5.2,-,-,?,-,false,-
com.navelplace,jsemver,0.1.5,-,-,?,-,false,-
com.orsonpdf,orsonpdf,1.8,-,-,?,-,false,-
com.peersafe,abi_chainsql,1.4.4,-,-,?,-,false,-
com.peersafe,chainsql,1.4.3,-,-,?,-,false,-
com.quadient.dataservices,dataservices-client-api,0.9,-,-,?,-,false,-
com.quadient.dataservices,dataservices-client-jersey,0.9,-,-,?,-,false,-
com.quadient.dataservices,dataservices-client-sample-app,0.4,-,-,?,-,false,-
com.quadient.dataservices,dataservices-client-swagger-model,0.9,-,-,?,-,false,-
com.r4tings.recommender,r4tings-assessment,0.0.1,-,-,?,-,false,-
com.r4tings.recommender,r4tings-common,0.0.1,-,-,?,-,false,-
com.r4tings.recommender,r4tings-data,0.0.1,-,-,?,-,false,-
com.r4tings.recommender,r4tings-model,0.0.1,-,-,?,-,false,-
com.reprezen.jsonoverlay,jsonoverlay,3.0.2-201808081303,-,-,?,-,false,-
com.reprezen.kaizen,openapi-parser,3.0.1-201808070540,-,-,?,-,false,-
com.rfksystems,blake2b,1.0.0,-,-,?,-,false,-
com.rfksystems,commander,1.0.5,-,-,?,-,false,-
com.rfksystems,intersocket,0.2.1,-,-,?,-,false,-
com.rfksystems,meson,1.0.3,-,-,?,-,false,-
com.rfksystems,tibit,1.0.0,-,-,?,-,false,-
com.rfksystems,vertx_utils,1.0.1,-,-,?,-,false,-
com.sematext.android,sematext-logsene,1.0.2,-,-,?,-,false,-
com.sematext.autocomplete,st-AutoComplete,1.6.7.1.0,-,-,?,-,false,-
com.sematext.querysegmenter,st-QuerySegmenter-core,1.3.7.1.0,-,-,?,-,false,-
com.sematext.querysegmenter,st-QuerySegmenter-solr,1.3.7.1.0,-,-,?,-,false,-
com.sematext.solr,st-ReSearcher-core,1.12.7.1.0,-,-,?,-,false,-
com.sematext.solr,st-ReSearcher-dym,1.12.7.1.0,-,-,?,-,false,-
com.sematext.solr,st-ReSearcher-relaxer,1.12.7.1.0,-,-,?,-,false,-
com.showapi.javasdk,com.showapi.javasdk,0.0.1,-,-,?,-,false,-
com.sigmaflare,binancej,1.0.4,-,-,?,-,false,-
com.sinnerschrader.aem.react,aem-react-api,0.24.3,-,-,?,-,false,-
com.sinnerschrader.aem.react,core,0.24.3,-,-,?,-,false,-
com.sinnerschrader.aem.react,democore,0.24.3,-,-,?,-,false,-
com.sinnerschrader.aem.react,generate-typescript-maven-plugin,0.24.3,-,-,?,-,false,-
com.sinnerschrader.aem.spa,aem-react-api,0.24.4,-,-,?,-,false,-
com.sinnerschrader.aem.spa,core,0.24.4,-,-,?,-,false,-
com.sinnerschrader.aem.spa,democore,0.24.4,-,-,?,-,false,-
com.sinnerschrader.aem.spa,generate-typescript-maven-plugin,0.24.4,-,-,?,-,false,-
com.sinnerschrader.vw.aem.react,aem-react-api,0.23.1,-,-,?,-,false,-
com.sinnerschrader.vw.aem.react,core,0.23.1,-,-,?,-,false,-
com.sinnerschrader.vw.aem.react,generate-typescript-maven-plugin,0.23.1,-,-,?,-,false,-
com.tersesystems.debugjsse,debugjsse,0.5.2,-,-,?,-,false,-
com.theinternate,reformatory,0.1.3,-,-,?,-,false,-
com.thesamet,kdtree_2.10,1.0.5,-,-,?,-,false,-
com.thesamet,kdtree_2.11,1.0.5,-,-,?,-,false,-
com.thesamet,kdtree_2.12,1.0.5,-,-,?,-,false,-
com.thesamet.scalapb,compilerplugin_2.10,0.8.0-RC1,-,-,?,-,false,-
com.thesamet.scalapb,compilerplugin_2.11,0.8.0-RC1,-,-,?,-,false,-
com.thesamet.scalapb,compilerplugin_2.12,0.8.0-RC1,-,-,?,-,false,-
com.thesamet.scalapb,compilerplugin-shaded_2.10,0.8.0-RC1,-,-,?,-,false,sun.misc.Unsafe                          See http://openjdk.java.net/jeps/260
com.thesamet.scalapb,compilerplugin-shaded_2.11,0.8.0-RC1,-,-,?,-,false,sun.misc.Unsafe                          See http://openjdk.java.net/jeps/260
com.thesamet.scalapb,compilerplugin-shaded_2.12,0.8.0-RC1,-,-,?,-,false,sun.misc.Unsafe                          See http://openjdk.java.net/jeps/260
com.thesamet.scalapb,lenses_2.10,0.8.0-RC1,-,-,?,-,false,-
com.thesamet.scalapb,lenses_2.11,0.8.0-RC1,-,-,?,-,false,-
com.thesamet.scalapb,lenses_2.12,0.8.0-RC1,-,-,?,-,false,-
com.thesamet.scalapb,lenses_2.13.0-M1,0.7.0-test1,-,-,?,-,false,-
com.thesamet.scalapb,lenses_2.13.0-M2,0.7.0-test2,-,-,?,-,false,-
com.thesamet.scalapb,lenses_2.13.0-M3,0.7.0,-,-,?,-,false,-
com.thesamet.scalapb,lenses_native0.3_2.11,0.8.0-RC1,-,-,?,-,false,-
com.thesamet.scalapb,lenses_sjs0.6_2.10,0.8.0-RC1,-,-,?,-,false,-
com.thesamet.scalapb,lenses_sjs0.6_2.11,0.8.0-RC1,-,-,?,-,false,-
com.thesamet.scalapb,lenses_sjs0.6_2.12,0.8.0-RC1,-,-,?,-,false,-
com.thesamet.scalapb,lenses_sjs0.6_2.13.0-M1,0.7.0-test1,-,-,?,-,false,-
com.thesamet.scalapb,lenses_sjs0.6_2.13.0-M2,0.7.0-test2,-,-,?,-,false,-
com.thesamet.scalapb,lenses_sjs0.6_2.13.0-M3,0.7.0,-,-,?,-,false,-
com.thesamet.scalapb,protobuf-runtime-scala_2.10,0.7.1,-,-,?,-,false,-
com.thesamet.scalapb,protobuf-runtime-scala_2.11,0.7.1,-,-,?,-,false,-
com.thesamet.scalapb,protobuf-runtime-scala_2.12,0.7.1,-,-,?,-,false,-
com.thesamet.scalapb,protobuf-runtime-scala_2.13.0-M1,0.7.0,-,-,?,-,false,-
com.thesamet.scalapb,protobuf-runtime-scala_2.13.0-M2,0.7.1,-,-,?,-,false,-
com.thesamet.scalapb,protobuf-runtime-scala_native0.3_2.11,0.7.1,-,-,?,-,false,-
com.thesamet.scalapb,protobuf-runtime-scala_sjs0.6_2.10,0.7.1,-,-,?,-,false,-
com.thesamet.scalapb,protobuf-runtime-scala_sjs0.6_2.11,0.7.1,-,-,?,-,false,-
com.thesamet.scalapb,protobuf-runtime-scala_sjs0.6_2.12,0.7.1,-,-,?,-,false,-
com.thesamet.scalapb,protobuf-runtime-scala_sjs0.6_2.13.0-M1,0.7.0,-,-,?,-,false,-
com.thesamet.scalapb,protobuf-runtime-scala_sjs0.6_2.13.0-M2,0.7.1,-,-,?,-,false,-
com.thesamet.scalapb,protoc-bridge_2.10,0.7.3,-,-,?,-,false,-
com.thesamet.scalapb,protoc-bridge_2.11,0.7.3,-,-,?,-,false,-
com.thesamet.scalapb,protoc-bridge_2.12,0.7.3,-,-,?,-,false,-
com.thesamet.scalapb,scalapbc_2.10,0.8.0-RC1,-,-,?,-,false,-
com.thesamet.scalapb,scalapbc_2.11,0.8.0-RC1,-,-,?,-,false,-
com.thesamet.scalapb,scalapbc_2.12,0.8.0-RC1,-,-,?,-,false,-
com.thesamet.scalapb,scalapb-json4s_2.10,0.7.1,-,-,?,-,false,-
com.thesamet.scalapb,scalapb-json4s_2.11,0.7.1,-,-,?,-,false,-
com.thesamet.scalapb,scalapb-json4s_2.12,0.7.1,-,-,?,-,false,-
com.thesamet.scalapb,scalapb-runtime_2.10,0.8.0-RC1,-,-,?,-,false,-
com.thesamet.scalapb,scalapb-runtime_2.11,0.8.0-RC1,-,-,?,-,false,-
com.thesamet.scalapb,scalapb-runtime_2.12,0.8.0-RC1,-,-,?,-,false,-
com.thesamet.scalapb,scalapb-runtime-grpc_2.10,0.8.0-RC1,-,-,?,-,false,-
com.thesamet.scalapb,scalapb-runtime-grpc_2.11,0.8.0-RC1,-,-,?,-,false,-
com.thesamet.scalapb,scalapb-runtime-grpc_2.12,0.8.0-RC1,-,-,?,-,false,-
com.thesamet.scalapb,scalapb-runtime_native0.3_2.11,0.8.0-RC1,-,-,?,-,false,-
com.thesamet.scalapb,scalapb-runtime_sjs0.6_2.10,0.8.0-RC1,-,-,?,-,false,-
com.thesamet.scalapb,scalapb-runtime_sjs0.6_2.11,0.8.0-RC1,-,-,?,-,false,-
com.thesamet.scalapb,scalapb-runtime_sjs0.6_2.12,0.8.0-RC1,-,-,?,-,false,-
com.thesamet.scalapb,sparksql-scalapb_2.10,0.7.0,-,-,?,-,false,-
com.thesamet.scalapb,sparksql-scalapb_2.11,0.7.0,-,-,?,-,false,-
com.thesamet.scalapb,sparksql-scalapb-gen_2.10,0.7.0,-,-,?,-,false,-
com.thesamet.scalapb,sparksql-scalapb-gen_2.11,0.7.0,-,-,?,-,false,-
com.thesamet.test,test-protos,0.1,-,-,?,-,false,-
com.threerings,getdown,1.7.1,-,-,?,-,false,-
com.threerings,ooo-util,1.4.2,-,-,?,-,false,-
com.threerings,react,1.5.4,-,-,?,-,false,-
com.threerings,tripleplay,2.0.3,-,-,?,-,false,-
com.threerings,tripleplay-convert-flump-libs,2.0.3,-,-,?,-,false,-
com.threerings,tripleplay-java-lwjgl2,2.0.3,-,-,?,-,false,-
com.threerings,tripleplay-java-swt,2.0.3,-,-,?,-,false,-
com.threerings,tripleplay-tools,2.0.3,-,-,?,-,false,-
com.tonylawrence,funk,1.2.2,-,-,?,-,false,-
com.tonylawrence,kotlens,0.2.2,-,-,?,-,false,-
com.vanniktech,gradle-android-javadoc-plugin,0.3.0,-,-,?,-,false,-
com.vanniktech,gradle-code-quality-tools-plugin,0.12.0,-,-,?,-,false,-
com.vanniktech,gradle-maven-publish-plugin,0.5.0,-,-,?,-,false,-
com.vanniktech,onactivityresult-compiler,0.7.0,-,-,?,-,false,-
com.vericite,vc-api-java,1.0,-,-,?,-,false,-
com.vericite,vericite-lms-api,1.4,-,-,?,-,false,-
com.vladmihalcea,db-util,1.0.3,-,-,?,-,false,-
com.vladmihalcea.flexy-pool,flexy-atomikos,2.0.0,-,-,?,-,false,-
com.vladmihalcea.flexy-pool,flexy-bonecp,2.0.0,-,-,?,-,false,-
com.vladmihalcea.flexy-pool,flexy-btm,2.0.0,-,-,?,-,false,-
com.vladmihalcea.flexy-pool,flexy-c3p0,2.0.0,-,-,?,-,false,-
com.vladmihalcea.flexy-pool,flexy-codahale-metrics,1.3.0,-,-,?,-,false,-
com.vladmihalcea.flexy-pool,flexy-common-adapter,2.0.0,-,-,?,-,false,-
com.vladmihalcea.flexy-pool,flexy-dbcp,2.0.0,-,-,?,-,false,-
com.vladmihalcea.flexy-pool,flexy-dbcp2,2.0.0,-,-,?,-,false,-
com.vladmihalcea.flexy-pool,flexy-dropwizard3-metrics,2.0.0,-,-,?,-,false,-
com.vladmihalcea.flexy-pool,flexy-dropwizard-metrics,2.0.0,-,-,?,-,false,-
com.vladmihalcea.flexy-pool,flexy-druid,2.0.0,-,-,?,-,false,-
com.vladmihalcea.flexy-pool,flexy-glassfish,2.0.0,-,-,?,-,false,-
com.vladmihalcea.flexy-pool,flexy-hikaricp,2.0.0,-,-,?,-,false,-
com.vladmihalcea.flexy-pool,flexy-java-ee,2.0.0,-,-,?,-,false,-
com.vladmihalcea.flexy-pool,flexy-pool-core,2.0.0,-,-,?,-,false,-
com.vladmihalcea.flexy-pool,flexy-pool-core-java7,1.3.0,-,-,?,-,false,-
com.vladmihalcea.flexy-pool,flexy-pool-core-java9,2.0.0,-,-,?,-,false,-
com.vladmihalcea.flexy-pool,flexy-test-hikaricp-java8,2.0.0,-,-,?,-,false,-
com.vladmihalcea.flexy-pool,flexy-tomcatcp,2.0.0,-,-,?,-,false,-
com.vladmihalcea.flexy-pool,flexy-tomee,2.0.0,-,-,?,-,false,-
com.vladmihalcea.flexy-pool,flexy-vibur,2.0.0,-,-,?,-,false,-
com.vladmihalcea,hibernate-types-4,2.2.3,-,-,?,-,false,-
com.vladmihalcea,hibernate-types-43,2.2.3,-,-,?,-,false,-
com.vladmihalcea,hibernate-types-52,2.2.3,-,-,?,-,false,-
com.vladmihalcea,hibernate-types-5,2.2.3,-,-,?,-,false,-
com.waspring.framework,antenna-access,1.0.0,-,-,?,-,false,-
com.waspring.framework,antenna-client,1.0.0,-,-,?,-,false,-
com.waspring.framework,antenna-config,1.0.0,-,-,?,-,false,-
com.waspring.framework,antenna-core,1.0.0,-,-,?,-,false,sun.misc.BASE64Decoder                   Use java.util.Base64 @since 1.8 + sun.misc.BASE64Encoder                   Use java.util.Base64 @since 1.8
com.waspring.framework,antenna-monitor,1.0.0,-,-,?,-,false,-
com.waspring.framework,antenna-preservation,1.0.0,-,-,?,-,false,-
com.waspring.framework,antenna-service,1.0.0,-,-,?,-,false,-
com.waspring,wacache,1.0.0,-,-,?,-,false,-
com.waspring.wasdb,wasdb,1.0.0,-,-,?,-,false,-
com.waspring.wasdb,wasdbtools,1.0.0,-,-,?,-,false,-
com.waspring,wasexport,1.0.0,-,-,?,-,false,-
com.waspring.wasindoor,wascore,v0.0.1,-,-,?,-,false,-
com.waspring.wasindoor,wasindoor,v0.0.1,-,-,?,-,false,-
com.waspring.wasindoor,wasserver,v0.0.1,-,-,?,-,false,sun.misc.BASE64Decoder                   Use java.util.Base64 @since 1.8 + sun.misc.BASE64Encoder                   Use java.util.Base64 @since 1.8
com.waspring.wasindoor,wasservice,v0.0.1,-,-,?,-,false,-
com.worthent.foundation,worthent-foundation,1.0.0,-,-,?,-,false,-
com.wuzhenpay,java-sdk-openapi,1.0.2,-,-,?,-,false,-
com.xebialabs.overthere,overthere,5.0.3,-,-,?,-,false,-
com.xebialabs.restito,restito,0.9.3,-,-,?,-,false,-
com.xfinity,blueprint-annotations,1.0.0,-,-,?,-,false,-
com.xfinity,blueprint-compiler,1.0.0,-,-,?,-,false,com.sun.tools.javac.code.Symbol          Use javax.tools and javax.lang.model @since 1.6 + com.sun.tools.javac.code.Symbol$ClassSymbol Use javax.tools and javax.lang.model @since 1.6 + com.sun.tools.javac.code.Symbol$MethodSymbol Use javax.tools and javax.lang.model @since 1.6 + com.sun.tools.javac.code.Symbol$VarSymbol Use javax.tools and javax.lang.model @since 1.6 + com.sun.tools.javac.code.Type            Use javax.tools and javax.lang.model @since 1.6 + com.sun.tools.javac.code.Type$ClassType  Use javax.tools and javax.lang.model @since 1.6 + com.sun.tools.javac.util.List            Use javax.tools and javax.lang.model @since 1.6 + com.sun.tools.javac.util.Name            Use javax.tools and javax.lang.model @since 1.6 + com.sun.tools.javac.util.Pair            Use javax.tools and javax.lang.model @since 1.6
com.xfinity,resourceprovider-compiler,0.11,-,-,?,-,false,com.sun.tools.javac.code.Symbol          Use javax.tools and javax.lang.model @since 1.6 + com.sun.tools.javac.code.Symbol$VarSymbol Use javax.tools and javax.lang.model @since 1.6
com.xfinity,resourceprovider-library,0.11,-,-,?,-,false,-
com.xfinity,rmvp-annotations,0.9.4,-,-,?,-,false,-
com.xfinity,rmvp-compiler,0.9.4,-,-,?,-,false,com.sun.tools.javac.code.Symbol          Use javax.tools and javax.lang.model @since 1.6 + com.sun.tools.javac.code.Symbol$ClassSymbol Use javax.tools and javax.lang.model @since 1.6 + com.sun.tools.javac.code.Symbol$MethodSymbol Use javax.tools and javax.lang.model @since 1.6 + com.sun.tools.javac.code.Symbol$VarSymbol Use javax.tools and javax.lang.model @since 1.6 + com.sun.tools.javac.code.Type            Use javax.tools and javax.lang.model @since 1.6 + com.sun.tools.javac.code.Type$ClassType  Use javax.tools and javax.lang.model @since 1.6 + com.sun.tools.javac.util.List            Use javax.tools and javax.lang.model @since 1.6 + com.sun.tools.javac.util.Name            Use javax.tools and javax.lang.model @since 1.6 + com.sun.tools.javac.util.Pair            Use javax.tools and javax.lang.model @since 1.6
com.yotpo,metorikku_2.11,0.0.18,-,-,?,-,false,-
com.yubico,u2flib-server-attestation,0.19.0,-,-,?,-,false,-
com.yubico,u2flib-server-core,0.19.0,-,-,?,-,false,-
com.yubico,u2flib-server-demo,0.19.0,-,-,?,-,false,-
com.yubico,yubico-demo-server,3.0.2,-,-,?,-,false,-
com.yubico,yubico-jaas-module,3.0.2,-,-,?,-,false,-
com.yubico,yubico-validation-client1,3.0.2,-,-,?,-,false,-
com.yubico,yubico-validation-client2,3.0.2,-,-,?,-,false,-
