groupId,artifactId,version,moduleName,moduleVersion,moduleMode,moduleDependencies,jdepsToolError,jdepsViolations
com.atypon.wayf,wayf-client-java,0.0.7,-,-,?,-,false,-
com.cedarsoft,annotations,8.5.1,-,-,?,-,false,-
com.cedarsoft.annotations,instrumentation,8.5.1,-,-,?,-,false,-
com.cedarsoft.annotations,instrumentation-test2,8.5.1,-,-,?,-,false,-
com.cedarsoft.annotations,instrumentation-test,8.5.1,-,-,?,-,false,-
com.cedarsoft.commons,app,8.5.1,-,-,?,-,false,-
com.cedarsoft.commons,collections,8.1.1,-,-,?,-,false,-
com.cedarsoft.commons,concurrent,8.5.1,-,-,?,-,false,-
com.cedarsoft.commons,exception-handling,8.5.1,-,-,?,-,false,-
com.cedarsoft.commons,guice,8.5.1,-,-,?,-,false,-
com.cedarsoft.commons,id,8.5.1,-,-,?,-,false,-
com.cedarsoft.commons,image,8.5.1,-,-,?,-,false,-
com.cedarsoft.commons,inject,8.5.1,-,-,?,-,false,-
com.cedarsoft.commons,license,8.5.1,-,-,?,-,false,-
com.cedarsoft.commons,mail,8.5.1,-,-,?,-,false,-
com.cedarsoft.commons,objectaccess,8.1.1,-,-,?,-,false,-
com.cedarsoft.commons,provider,8.1.1,-,-,?,-,false,-
com.cedarsoft.commons,registry,8.1.1,-,-,?,-,false,-
com.cedarsoft.commons,renderer,8.1.1,-,-,?,-,false,-
com.cedarsoft.commons,struct,8.1.1,-,-,?,-,false,-
com.cedarsoft.commons,test-utils,8.5.1,-,-,?,-,false,-
com.cedarsoft.commons,time,8.5.1,-,-,?,-,false,-
com.cedarsoft.commons,version,8.5.1,-,-,?,-,false,-
com.cedarsoft.commons,workflow,8.5.1,-,-,?,-,false,-
com.cedarsoft.commons,zip,8.5.1,-,-,?,-,false,-
com.cedarsoft,osgi-validator-maven-plugin,8.5.1,-,-,?,-,false,-
com.cedarsoft,photos,8.5.1,-,-,?,-,false,-
com.cedarsoft,roach-motel,8.5.1,-,-,?,-,false,-
com.cedarsoft,serialization,8.5.1,-,-,?,-,false,-
com.cedarsoft.serialization.commons-serializers,jackson,8.5.1,-,-,?,-,false,-
com.cedarsoft.serialization.commons-serializers,stax-mate,8.5.1,-,-,?,-,false,-
com.cedarsoft.serialization,jackson,8.5.1,-,-,?,-,false,-
com.cedarsoft.serialization,neo4j,8.5.1,-,-,?,-,false,-
com.cedarsoft.serialization.neo4j,test-utils,8.5.1,-,-,?,-,false,-
com.cedarsoft.serialization.samples,demo1,8.5.1,-,-,?,-,false,-
com.cedarsoft.serialization.samples,evolution,8.5.1,-,-,?,-,false,-
com.cedarsoft.serialization.samples,stax,8.5.1,-,-,?,-,false,-
com.cedarsoft.serialization.samples,stax-mate,8.5.1,-,-,?,-,false,-
com.cedarsoft.serialization,stax,8.5.1,-,-,?,-,false,-
com.cedarsoft.serialization,stax-mate,8.5.1,-,-,?,-,false,-
com.cedarsoft.serialization.test,performance,8.5.1,-,-,?,-,false,-
com.cedarsoft.serialization,test-utils,8.5.1,-,-,?,-,false,-
com.cedarsoft.serialization.test,xalan-bug,8.5.1,-,-,?,-,false,-
com.cedarsoft,spring,8.5.1,-,-,?,-,false,-
com.cedarsoft,tornadofx,8.5.1,-,-,?,-,false,-
com.jonfreer,siren,1.1.0,-,-,?,-,false,-
com.pingunaut.maven.plugin,wicketmessages-maven-plugin,0.2.0,-,-,?,-,false,-
com.pkrete.xrd4j,client,0.0.17,-,-,?,-,false,com.sun.net.ssl.internal.ssl.Provider    Use java.security.Security.getProvider(provider-name) @since 1.3
com.pkrete.xrd4j,common,0.0.17,-,-,?,-,false,-
com.pkrete.xrd4j,rest,0.0.17,-,-,?,-,false,-
com.pkrete.xrd4j,server,0.0.17,-,-,?,-,false,-
com.vanniktech,gradle-android-apk-size-plugin,0.4.0,-,-,?,-,false,-
com.vanniktech,gradle-android-junit-jacoco-plugin,0.12.0,-,-,?,-,false,-
com.vanniktech,gradle-dependency-graph-generator-plugin,0.5.0,-,-,?,-,false,-
com.vanniktech,junit4-rules,0.2.0,-,-,?,-,false,-
com.vanniktech,onactivityresult-annotations,0.7.0,-,-,?,-,false,-
com.worldofbooks,wob-spring-boot-starter,2.0.4.2,-,-,?,-,false,-
