groupId,artifactId,version,moduleName,moduleVersion,moduleMode,moduleDependencies,jdepsToolError,jdepsViolations
org.analogweb,analogweb-circe_2.11,0.10.1,-,-,?,-,false,-
org.analogweb,analogweb-circe_2.12,0.10.1,-,-,?,-,false,-
org.analogweb,analogweb-core,0.10.1,-,-,?,-,false,-
org.analogweb,analogweb-guice,0.10.1,-,-,?,-,false,-
org.analogweb,analogweb-json4s_2.11,0.10.1,-,-,?,-,false,-
org.analogweb,analogweb-json4s_2.12,0.10.1,-,-,?,-,false,-
org.analogweb,analogweb-netty,0.10.1,-,-,?,-,false,-
org.analogweb,analogweb-scala_2.11,0.10.1,-,-,?,-,false,-
org.analogweb,analogweb-scala_2.12,0.10.1,-,-,?,-,false,-
org.analogweb,analogweb-servlet,0.10.1,-,-,?,-,false,-
org.analogweb,analogweb-slf4j,0.10.1,-,-,?,-,false,-
org.chiknrice,concordion-spring-runner,1.0.0,-,-,?,-,false,-
org.easyarch,netpet,1.0.1,-,-,?,-,false,sun.misc.BASE64Decoder                   Use java.util.Base64 @since 1.8 + sun.misc.BASE64Encoder                   Use java.util.Base64 @since 1.8
org.jsondoc,jsondoc-core,1.2.19,-,-,?,-,false,-
org.jsondoc,jsondoc-maven-plugin,1.2.19,-,-,?,-,false,-
org.jsondoc,jsondoc-springmvc,1.2.19,-,-,?,-,false,-
org.jsondoc,jsondoc-ui,1.2.19,-,-,?,-,false,-
org.jsondoc,jsondoc-ui-webjar,1.2.19,-,-,?,-,false,-
org.jsondoc,spring-boot-starter-jsondoc,1.2.19,-,-,?,-,false,-
org.kanomchan,kanomchanCore,1.1.8,-,-,?,-,false,-
org.kanomchan.struts,kanomchanStrutsDBI18n,1.1.8,-,-,?,-,false,-
org.kanomchan.struts,kanomchanStrutsTag,1.1.8,-,-,?,-,false,-
org.microbean,microbean-cdi,0.4.2,-,-,?,-,false,-
org.microbean,microbean-configuration,0.4.2,-,-,?,-,false,-
org.microbean,microbean-datasource-cdi-hikaricp,0.1.1,-,-,?,-,false,-
org.microbean,microbean-development-annotations,0.1.3,-,-,?,-,false,-
org.microbean,microbean-helm,2.8.2.1.1.1,-,-,?,-,false,-
org.microbean,microbean-jersey-container-grizzly2-http-cdi,0.2.3,-,-,?,-,false,-
org.microbean,microbean-jersey-container-grizzly2-http-cdi-extension,0.2.3,-,-,?,-,false,-
org.microbean,microbean-kubernetes,0.1.2,-,-,?,-,false,-
org.microbean,microbean-kubernetes-controller-cdi,0.1.4,-,-,?,-,false,-
org.microbean,microbean-launcher,0.2.0,-,-,?,-,false,-
org.microbean,microbean-maven-cdi,0.3.4,-,-,?,-,false,-
org.microbean,microbean-narayana-jta-cdi,0.0.3,-,-,?,-,false,-
org.microbean,microbean-service-broker-api,2.13.0-alpha3,-,-,?,-,false,-
org.microbean,microbean-service-broker-jaxrs,2.13.0-alpha3,-,-,?,-,false,-
org.microbean,microbean-service-broker-jaxrs-jackson,2.13.0-alpha2,-,-,?,-,false,-
org.neo4j.build,build-resources,3.5.0-alpha07,-,-,?,-,false,-
org.neo4j.build,examples-assembly-descriptor,46,-,-,?,-,false,-
org.neo4j.build,licensecheck-config,3.5.0-alpha01,org.neo4j.licensecheck,-,automatic,-,false,-
org.neo4j,neo4j-cypher-compiler-3.2,3.2.12,-,-,?,-,false,-
org.neo4j,neo4j-cypher-planner-spi-3.4,3.4.6,org.neo4j.cypher.internal.planner.v3_4.spi,-,automatic,-,false,-
org.neo4j,neo4j-ogm-embedded-driver,3.1.2,org.neo4j.ogm.drivers.embedded,-,automatic,-,false,-
org.quattor.maven,cfg-module,1.59,-,-,?,-,false,-
org.quattor.maven,quattor-build-maven-plugin,1.59,-,-,?,-,false,-
org.quattor.pan,panc,10.7,-,-,?,-,false,-
org.quattor.pan,panc-docs,10.7,-,-,?,-,false,-
org.quattor.pan,panc-maven-archetype,10.7,-,-,?,-,false,-
org.quattor.pan,panc-maven-plugin,10.7,-,-,?,-,false,-
org.red5,red5-client,1.0.10-M9,-,-,?,-,false,-
org.red5,red5-io,1.0.10-M9,-,-,?,-,false,-
org.red5,red5-server,1.0.10-M9,-,-,?,-,false,-
org.red5,red5-server-common,1.0.10-M9,-,-,?,-,false,-
org.red5,red5-service,1.0.10-M9,-,-,?,-,false,-
org.red5,tomcatplugin,1.20,-,-,?,-,false,-
org.red5,websocket,1.15,-,-,?,-,false,-
org.swordapp,sword2-client,0.9.3,-,-,?,-,false,-
