groupId,artifactId,version,moduleName,moduleVersion,moduleMode,moduleDependencies,jdepsToolError,jdepsViolations
com.aegisql,conveyor-configurator,1.3.13,-,-,?,-,false,-
com.aegisql,conveyor-core,1.3.13,-,-,?,-,false,-
com.aegisql,conveyor-parallel,1.3.13,-,-,?,-,false,-
com.aegisql.conveyor-persistence-jdbc,conveyor-persistence-jdbc,1.3.13,-,-,?,-,false,-
com.aegisql,ftry,1.0.3,-,-,?,-,false,-
com.aegisql.id_builder,id_builder,1.0.0,-,-,?,-,false,-
com.aegisql.persistence,conveyor-persistence-core,1.3.13,-,-,?,-,false,-
com.aegisql.persistence,conveyor-persistence-mapdb,1.3.3,-,-,?,-,false,-
com.bcgdv.jwt,play-securityfilter,1.0,-,-,?,-,false,-
com.bcgdv.jwt,token-generation,1.1,-,-,?,-,false,-
com.bcgdv,play-apiclient,1.0,-,-,?,-,false,-
com.bcgdv,requestidgenerator,1.0,-,-,?,-,false,-
com.chargebee,chargebee-java,2.5.9,-,-,?,-,false,-
com.cldellow,manu-cli,0.2.2,-,-,?,-,false,-
com.cldellow,manu-common,0.2.2,-,-,?,-,false,-
com.cldellow,manu-format,0.2.2,-,-,?,-,false,-
com.cldellow,manu-serve,0.2.2,-,-,?,-,false,-
com.coherentlogic.cmr.api,cmr-api-core-boot,2.0.3-RELEASE,-,-,?,-,false,-
com.coherentlogic.cmr.api,cmr-api-utils,2.0.3-RELEASE,-,-,?,-,false,-
com.coherentlogic.cmr.api,cmr-fred-client-int,2.0.3-RELEASE,-,-,?,-,false,-
com.coherentlogic.cmr.api,cmr-lei-client-int,2.0.3-RELEASE,-,-,?,-,false,-
com.coherentlogic.cmr.api,cmr-openfigi-client-int,2.0.3-RELEASE,-,-,?,-,false,-
com.coherentlogic.cmr.api,cmr-quandl-client-int,2.0.3-RELEASE,-,-,?,-,false,-
com.coherentlogic.cmr.api,cmr-treasurydirect-client-int,2.0.3-RELEASE,-,-,?,-,false,-
com.coherentlogic.cmr.api,cmr-worldbank-client-int,2.0.3-RELEASE,-,-,?,-,false,-
com.coherentlogic.coherent.data.adapter.openfigi.client,openfigi-client-configuration,2.0.3-RELEASE,-,-,?,-,false,-
com.coherentlogic.coherent.data.adapter.openfigi.client,openfigi-client-core,2.0.3-RELEASE,-,-,?,-,false,-
com.coherentlogic.coherent.data.adapter.openfigi.client,openfigi-client-db-int,2.0.3-RELEASE,-,-,?,-,false,-
com.coherentlogic.coherent.data.adapter.openfigi.client,openfigi-client-embedded,2.0.2.1-RELEASE,-,-,?,-,false,-
com.coherentlogic.geofred.client,geofred-client-core,2.0.3-RELEASE,-,-,?,-,false,-
com.cxense.sdk,cx-java-sdk,1.0.3,-,-,?,-,false,-
com.edwardraff,JSAT,0.0.9,-,-,?,-,false,-
com.egzosn,pay-java-ali,2.10.2,-,-,?,-,false,-
com.egzosn,pay-java-common,2.10.2,-,-,?,-,false,-
com.egzosn,pay-java-fuiou,2.10.2,-,-,?,-,false,-
com.egzosn,pay-java-payoneer,2.10.2,-,-,?,-,false,-
com.egzosn,pay-java-paypal,2.10.2,-,-,?,-,false,-
com.egzosn,pay-java-union,2.10.2,-,-,?,-,false,-
com.egzosn,pay-java-wx,2.10.2,-,-,?,-,false,-
com.egzosn,pay-java-wx-youdian,2.10.2,-,-,?,-,false,-
com.eurodyn.qlack2.be,qlack2-be-explorer-api,2.3.6,-,-,?,-,false,-
com.eurodyn.qlack2.be,qlack2-be-explorer-impl,2.3.6,-,-,?,-,false,-
com.eurodyn.qlack2.be,qlack2-be-explorer-web,2.3.6,-,-,?,-,false,-
com.eurodyn.qlack2.be,qlack2-be-forms-api,2.3.6,-,-,?,-,false,-
com.eurodyn.qlack2.be,qlack2-be-forms-client-api,2.3.6,-,-,?,-,false,-
com.eurodyn.qlack2.be,qlack2-be-forms-impl,2.3.6,-,-,?,-,false,-
com.eurodyn.qlack2.be,qlack2-be-forms-orbeon-proxy,2.3.6,-,-,?,-,false,-
com.eurodyn.qlack2.be,qlack2-be-forms-orbeon-rest,2.3.6,-,-,?,-,false,-
com.eurodyn.qlack2.be,qlack2-be-forms-web,2.3.6,-,-,?,-,false,-
com.eurodyn.qlack2.be,qlack2-be-qbe-client,2.3.6,-,-,?,-,false,-
com.eurodyn.qlack2.be,qlack2-be-rules-api,2.3.6,-,-,?,-,false,-
com.eurodyn.qlack2.be,qlack2-be-rules-impl,2.3.6,-,-,?,-,false,-
com.eurodyn.qlack2.be,qlack2-be-rules-web,2.3.6,-,-,?,-,false,-
com.eurodyn.qlack2.be,qlack2-be-workflow-api,2.3.6,-,-,?,-,false,-
com.eurodyn.qlack2.be,qlack2-be-workflow-client-api,2.3.6,-,-,?,-,false,-
com.eurodyn.qlack2.be,qlack2-be-workflow-impl,2.3.6,-,-,?,-,false,-
com.eurodyn.qlack2.be,qlack2-be-workflow-web,2.3.6,-,-,?,-,false,-
com.eurodyn.qlack2.common,qlack2-common-util,2.3.6,-,-,?,-,false,-
com.eurodyn.qlack2.fuse,qlack2-fuse-aaa-api,2.3.6,-,-,?,-,false,-
com.eurodyn.qlack2.fuse,qlack2-fuse-aaa-commands,2.3.6,-,-,?,-,false,-
com.eurodyn.qlack2.fuse,qlack2-fuse-aaa-impl,2.3.6,-,-,?,-,false,-
com.eurodyn.qlack2.fuse,qlack2-fuse-aaa-test,2.2.4,-,-,?,-,false,-
com.eurodyn.qlack2.fuse,qlack2-fuse-auditing-api,2.3.6,-,-,?,-,false,-
com.eurodyn.qlack2.fuse,qlack2-fuse-auditing-client-api,2.2.4,-,-,?,-,false,-
com.eurodyn.qlack2.fuse,qlack2-fuse-auditing-client-impl,2.2.4,-,-,?,-,false,-
com.eurodyn.qlack2.fuse,qlack2-fuse-auditing-impl,2.3.6,-,-,?,-,false,-
com.eurodyn.qlack2.fuse,qlack2-fuse-auditing-test,2.2.4,-,-,?,-,false,-
com.eurodyn.qlack2.fuse,qlack2-fuse-blog-api,2.3.6,-,-,?,-,false,-
com.eurodyn.qlack2.fuse,qlack2-fuse-blog-impl,2.3.6,-,-,?,-,false,-
com.eurodyn.qlack2.fuse,qlack2-fuse-blog-test,2.2.4,-,-,?,-,false,-
com.eurodyn.qlack2.fuse,qlack2-fuse-caching-api,2.3.6,-,-,?,-,false,-
com.eurodyn.qlack2.fuse,qlack2-fuse-caching-cli,2.3.6,-,-,?,-,false,-
com.eurodyn.qlack2.fuse,qlack2-fuse-caching-local,2.3.6,-,-,?,-,false,-
com.eurodyn.qlack2.fuse,qlack2-fuse-caching-memcached,2.3.6,-,-,?,-,false,-
com.eurodyn.qlack2.fuse,qlack2-fuse-caching-redis,2.3.6,-,-,?,-,false,-
com.eurodyn.qlack2.fuse,qlack2-fuse-calendar-api,2.3.6,-,-,?,-,false,-
com.eurodyn.qlack2.fuse,qlack2-fuse-calendar-impl,2.3.6,-,-,?,-,false,-
com.eurodyn.qlack2.fuse,qlack2-fuse-calendar-test,2.2.4,-,-,?,-,false,-
com.eurodyn.qlack2.fuse,qlack2-fuse-chat-im-api,2.3.6,-,-,?,-,false,-
com.eurodyn.qlack2.fuse,qlack2-fuse-chat-im-impl,2.3.6,-,-,?,-,false,-
com.eurodyn.qlack2.fuse,qlack2-fuse-chat-im-test,2.2.4,-,-,?,-,false,-
com.eurodyn.qlack2.fuse,qlack2-fuse-clipboard-api,2.3.6,-,-,?,-,false,-
com.eurodyn.qlack2.fuse,qlack2-fuse-clipboard-impl,2.3.6,-,-,?,-,false,-
com.eurodyn.qlack2.fuse,qlack2-fuse-clipboard-test,2.2.4,-,-,?,-,false,-
com.eurodyn.qlack2.fuse,qlack2-fuse-component-library-api,2.3.6,-,-,?,-,false,-
com.eurodyn.qlack2.fuse,qlack2-fuse-component-library-impl,2.3.6,-,-,?,-,false,-
com.eurodyn.qlack2.fuse,qlack2-fuse-component-library-test,2.2.4,-,-,?,-,false,-
com.eurodyn.qlack2.fuse,qlack2-fuse-content-manager-api,2.3.6,-,-,?,-,false,-
com.eurodyn.qlack2.fuse,qlack2-fuse-content-manager-impl,2.3.6,-,-,?,-,false,-
com.eurodyn.qlack2.fuse,qlack2-fuse-content-manager-test,2.2.4,-,-,?,-,false,-
com.eurodyn.qlack2.fuse,qlack2-fuse-crypto-api,2.3.6,-,-,?,-,false,-
com.eurodyn.qlack2.fuse,qlack2-fuse-crypto-impl,2.3.6,-,-,?,-,false,-
com.eurodyn.qlack2.fuse,qlack2-fuse-crypto-test,2.2.4,-,-,?,-,false,-
com.eurodyn.qlack2.fuse,qlack2-fuse-event-publisher-api,2.3.6,-,-,?,-,false,-
com.eurodyn.qlack2.fuse,qlack2-fuse-event-publisher-impl,2.3.6,-,-,?,-,false,-
com.eurodyn.qlack2.fuse,qlack2-fuse-file-upload-api,2.3.6,-,-,?,-,false,-
com.eurodyn.qlack2.fuse,qlack2-fuse-file-upload-commands,2.3.6,-,-,?,-,false,-
com.eurodyn.qlack2.fuse,qlack2-fuse-file-upload-impl,2.3.6,-,-,?,-,false,-
com.eurodyn.qlack2.fuse,qlack2-fuse-file-upload-rest,2.3.6,-,-,?,-,false,-
com.eurodyn.qlack2.fuse,qlack2-fuse-file-upload-rest-api,2.2.4,-,-,?,-,false,-
com.eurodyn.qlack2.fuse,qlack2-fuse-file-upload-rest-impl,2.2.4,-,-,?,-,false,-
com.eurodyn.qlack2.fuse,qlack2-fuse-forum-api,2.3.6,-,-,?,-,false,-
com.eurodyn.qlack2.fuse,qlack2-fuse-forum-impl,2.3.6,-,-,?,-,false,-
com.eurodyn.qlack2.fuse,qlack2-fuse-forum-test,2.2.4,-,-,?,-,false,-
com.eurodyn.qlack2.fuse,qlack2-fuse-idm-api,2.3.6,-,-,?,-,false,-
com.eurodyn.qlack2.fuse,qlack2-fuse-idm-impl,2.3.6,-,-,?,-,false,-
com.eurodyn.qlack2.fuse,qlack2-fuse-idm-test,2.2.4,-,-,?,-,false,-
com.eurodyn.qlack2.fuse,qlack2-fuse-imaging-api,2.3.6,-,-,?,-,false,-
com.eurodyn.qlack2.fuse,qlack2-fuse-imaging-impl,2.3.6,-,-,?,-,false,-
com.eurodyn.qlack2.fuse,qlack2-fuse-imaging-test,2.2.4,-,-,?,-,false,-
com.eurodyn.qlack2.fuse,qlack2-fuse-lexicon-api,2.3.6,-,-,?,-,false,-
com.eurodyn.qlack2.fuse,qlack2-fuse-lexicon-impl,2.3.6,-,-,?,-,false,-
com.eurodyn.qlack2.fuse,qlack2-fuse-lexicon-test,2.2.4,-,-,?,-,false,-
com.eurodyn.qlack2.fuse,qlack2-fuse-mailing-api,2.3.6,-,-,?,-,false,-
com.eurodyn.qlack2.fuse,qlack2-fuse-mailing-commands,2.2.4,-,-,?,-,false,-
com.eurodyn.qlack2.fuse,qlack2-fuse-mailing-impl,2.3.6,-,-,?,-,false,-
com.eurodyn.qlack2.fuse,qlack2-fuse-mailing-test,2.2.4,-,-,?,-,false,-
com.eurodyn.qlack2.fuse,qlack2-fuse-rules-runtime-api,2.3.6,-,-,?,-,false,-
com.eurodyn.qlack2.fuse,qlack2-fuse-rules-runtime-impl,2.3.6,-,-,?,-,false,-
com.eurodyn.qlack2.fuse,qlack2-fuse-scheduler-api,2.3.6,-,-,?,-,false,-
com.eurodyn.qlack2.fuse,qlack2-fuse-scheduler-impl,2.3.6,-,-,?,-,false,-
com.eurodyn.qlack2.fuse,qlack2-fuse-scheduler-test,2.2.4,-,-,?,-,false,-
com.eurodyn.qlack2.fuse,qlack2-fuse-search-api,2.3.6,-,-,?,-,false,-
com.eurodyn.qlack2.fuse,qlack2-fuse-search-impl,2.3.6,-,-,?,-,false,-
com.eurodyn.qlack2.fuse,qlack2-fuse-search-test,2.2.4,-,-,?,-,false,-
com.eurodyn.qlack2.fuse,qlack2-fuse-security-proxy-api,2.3.6,-,-,?,-,false,-
com.eurodyn.qlack2.fuse,qlack2-fuse-security-proxy-impl,2.3.6,-,-,?,-,false,-
com.eurodyn.qlack2.fuse,qlack2-fuse-security-proxy-test,2.2.4,-,-,?,-,false,-
com.eurodyn.qlack2.fuse,qlack2-fuse-settings-api,2.3.6,-,-,?,-,false,-
com.eurodyn.qlack2.fuse,qlack2-fuse-settings-impl,2.3.6,-,-,?,-,false,-
com.eurodyn.qlack2.fuse,qlack2-fuse-settings-shell,2.3.6,-,-,?,-,false,-
com.eurodyn.qlack2.fuse,qlack2-fuse-settings-test,2.3.2,-,-,?,-,false,-
com.eurodyn.qlack2.fuse,qlack2-fuse-simm-api,2.3.6,-,-,?,-,false,-
com.eurodyn.qlack2.fuse,qlack2-fuse-simm-impl,2.3.6,-,-,?,-,false,-
com.eurodyn.qlack2.fuse,qlack2-fuse-simm-test,2.2.4,-,-,?,-,false,-
com.eurodyn.qlack2.fuse,qlack2-fuse-template-service-api,2.3.6,-,-,?,-,false,-
com.eurodyn.qlack2.fuse,qlack2-fuse-template-service-impl,2.3.6,-,-,?,-,false,-
com.eurodyn.qlack2.fuse,qlack2-fuse-ticket-server-api,2.3.6,-,-,?,-,false,-
com.eurodyn.qlack2.fuse,qlack2-fuse-ticket-server-commands,2.3.2,-,-,?,-,false,-
com.eurodyn.qlack2.fuse,qlack2-fuse-ticket-server-impl,2.3.6,-,-,?,-,false,-
com.eurodyn.qlack2.fuse,qlack2-fuse-ticket-server-test,2.2.4,-,-,?,-,false,-
com.eurodyn.qlack2.fuse,qlack2-fuse-wiki-api,2.3.6,-,-,?,-,false,-
com.eurodyn.qlack2.fuse,qlack2-fuse-wiki-impl,2.3.6,-,-,?,-,false,-
com.eurodyn.qlack2.fuse,qlack2-fuse-wiki-test,2.3.1,-,-,?,-,false,-
com.eurodyn.qlack2.fuse,qlack2-fuse-workflow-runtime-aaa-bridge,2.3.6,-,-,?,-,false,-
com.eurodyn.qlack2.fuse,qlack2-fuse-workflow-runtime-api,2.3.6,-,-,?,-,false,-
com.eurodyn.qlack2.fuse,qlack2-fuse-workflow-runtime-impl,2.3.6,-,-,?,-,false,-
com.eurodyn.qlack2.patches,qlack2-patches-cxf-rt-rs-security-sso-saml,2.3.2,-,-,?,-,false,-
com.eurodyn.qlack2.patches,qlack2-patches-imageio-batik,2.3.6,-,-,?,-,false,-
com.eurodyn.qlack2.util,qlack2-util-apache-santuario-fragment,2.3.6,-,-,?,-,false,-
com.eurodyn.qlack2.util,qlack2-util-atmosphere-api,2.3.6,-,-,?,-,false,-
com.eurodyn.qlack2.util,qlack2-util-atmosphere-commands,2.3.6,-,-,?,-,false,-
com.eurodyn.qlack2.util,qlack2-util-atmosphere-impl,2.3.6,-,-,?,-,false,-
com.eurodyn.qlack2.util,qlack2-util-avail-check-core,2.3.6,-,-,?,-,false,-
com.eurodyn.qlack2.util,qlack2-util-avail-check-elasticsearch,2.3.6,-,-,?,-,false,-
com.eurodyn.qlack2.util,qlack2-util-avail-check-mariadb,2.3.6,-,-,?,-,false,-
com.eurodyn.qlack2.util,qlack2-util-avail-check-mysql,2.3.6,-,-,?,-,false,-
com.eurodyn.qlack2.util,qlack2-util-avail-check-oracle,2.3.6,-,-,?,-,false,-
com.eurodyn.qlack2.util,qlack2-util-cluster-core,2.3.6,-,-,?,-,false,-
com.eurodyn.qlack2.util,qlack2-util-cluster-dummy,2.3.6,-,-,?,-,false,-
com.eurodyn.qlack2.util,qlack2-util-cluster-hazelcast,2.3.6,-,-,?,-,false,-
com.eurodyn.qlack2.util,qlack2-util-datasource-generic,2.3.6,-,-,?,-,false,-
com.eurodyn.qlack2.util,qlack2-util-datasource-mongodb,2.3.6,-,-,?,-,false,-
com.eurodyn.qlack2.util,qlack2-util-datasource-mysql-xa,2.3.6,-,-,?,-,false,-
com.eurodyn.qlack2.util,qlack2-util-db-check-core,2.2.3,-,-,?,-,false,-
com.eurodyn.qlack2.util,qlack2-util-db-check-oracle,2.2.3,-,-,?,-,false,-
com.eurodyn.qlack2.util,qlack2-util-docker,2.3.6,-,-,?,-,false,-
com.eurodyn.qlack2.util,qlack2-util-drivers-ojdbc8,2.3.6,-,-,?,-,false,-
com.eurodyn.qlack2.util,qlack2-util-hibernate-validator,2.3.6,-,-,?,-,false,-
com.eurodyn.qlack2.util,qlack2-util-jbpm-runtime,2.2.4,-,-,?,-,false,-
com.eurodyn.qlack2.util,qlack2-util-jbpm-util-hibernate-core-kie,2.3.6,-,-,?,-,false,-
com.eurodyn.qlack2.util,qlack2-util-jndi-alias,2.3.6,-,-,?,-,false,-
com.eurodyn.qlack2.util,qlack2-util-jrebel-pax-web-plugin,2.3.6,-,-,?,-,false,-
com.eurodyn.qlack2.util,qlack2-util-jsr-validator-util,2.3.6,-,-,?,-,false,-
com.eurodyn.qlack2.util,qlack2-util-jwt,2.3.6,-,-,?,-,false,-
com.eurodyn.qlack2.util,qlack2-util-liquibase-api,2.3.6,-,-,?,-,false,-
com.eurodyn.qlack2.util,qlack2-util-liquibase-impl,2.3.6,-,-,?,-,false,-
com.eurodyn.qlack2.util,qlack2-util-networking,2.3.6,-,-,?,-,false,-
com.eurodyn.qlack2.util,qlack2-util-orbeon-runtime,2.3.6,-,-,?,-,false,-
com.eurodyn.qlack2.util,qlack2-util-rest,2.3.6,-,-,?,-,false,-
com.eurodyn.qlack2.util,qlack2-util-sso,2.3.6,-,-,?,-,false,-
com.eurodyn.qlack2.util,qlack2-util-testing,2.3.6,-,-,?,-,false,-
com.eurodyn.qlack2.util,qlack2-util-twelvemonkeys,2.3.6,-,-,?,-,false,-
com.eurodyn.qlack2.util,qlack2-util-validator-util,2.3.6,-,-,?,-,false,-
com.eurodyn.qlack2.webdesktop.apps,qlack2-wdapps-app-management-api,2.3.6,-,-,?,-,false,-
com.eurodyn.qlack2.webdesktop.apps,qlack2-wdapps-app-management-impl,2.3.6,-,-,?,-,false,-
com.eurodyn.qlack2.webdesktop.apps,qlack2-wdapps-app-management-web,2.3.6,-,-,?,-,false,-
com.eurodyn.qlack2.webdesktop.apps,qlack2-wdapps-archetypes-barebones,2.3.6,-,-,?,-,false,-
com.eurodyn.qlack2.webdesktop.apps,qlack2-wdapps-messaging-demo,2.3.6,-,-,?,-,false,-
com.eurodyn.qlack2.webdesktop.apps,qlack2-wdapps-my-photo-impl,2.3.6,-,-,?,-,false,-
com.eurodyn.qlack2.webdesktop.apps,qlack2-wdapps-user-management-api,2.3.6,-,-,?,-,false,-
com.eurodyn.qlack2.webdesktop.apps,qlack2-wdapps-user-management-impl,2.3.6,-,-,?,-,false,-
com.eurodyn.qlack2.webdesktop.apps,qlack2-wdapps-user-management-web,2.3.6,-,-,?,-,false,-
com.eurodyn.qlack2.webdesktop,qlack2-wd-api,2.3.6,-,-,?,-,false,-
com.eurodyn.qlack2.webdesktop,qlack2-wd-config,2.3.6,-,-,?,-,false,-
com.eurodyn.qlack2.webdesktop,qlack2-wd-docs,2.3.6,-,-,?,-,false,-
com.eurodyn.qlack2.webdesktop,qlack2-wd-impl,2.3.6,-,-,?,-,false,-
com.eurodyn.qlack2.webdesktop,qlack2-wd-web,2.3.6,-,-,?,-,false,-
com.eurodyn.qlack2.webdesktop,qlack2-wd-web-api,2.3.6,-,-,?,-,false,-
com.eurodyn.qp,ed-qp-checkstyle,1.1.0,-,-,?,-,false,-
com.eurodyn.qp,ed-qp-owasp,1.1.0,-,-,?,-,false,-
com.eurodyn.qp,ed-qp-pmd,1.1.0,-,-,?,-,false,-
com.frejo,force-rest-api,0.0.40,-,-,?,-,false,-
com.groupdocs,groupdocs-annotation,18.4,-,-,?,-,false,sun.reflect.Reflection                   Use java.lang.StackWalker @since 9
com.groupdocs,groupdocs-assembly,18.5,-,-,?,-,false,sun.reflect.Reflection                   Use java.lang.StackWalker @since 9
com.groupdocs,groupdocs-comparison,17.3.2,-,-,?,-,false,-
com.groupdocs,groupdocs-conversion,17.12,-,-,?,-,false,com.sun.image.codec.jpeg.ImageFormatException Use javax.imageio @since 1.4 + com.sun.image.codec.jpeg.JPEGCodec       Use javax.imageio @since 1.4 + com.sun.image.codec.jpeg.JPEGDecodeParam Use javax.imageio @since 1.4 + com.sun.image.codec.jpeg.JPEGEncodeParam Use javax.imageio @since 1.4 + com.sun.image.codec.jpeg.JPEGImageDecoder Use javax.imageio @since 1.4 + com.sun.image.codec.jpeg.JPEGImageEncoder Use javax.imageio @since 1.4 + com.sun.image.codec.jpeg.JPEGQTable      Use javax.imageio @since 1.4 + sun.awt.image.codec.JPEGParam            Use javax.imageio @since 1.4 + sun.security.action.GetPropertyAction    Use java.security.PrivilegedAction @since 1.1
com.groupdocs,groupdocs-editor,17.9,-,-,?,-,false,-
com.groupdocs,groupdocs-metadata,18.5,-,-,?,-,false,-
com.groupdocs,groupdocs-signature,18.4,-,-,?,-,false,-
com.groupdocs,groupdocs-viewer,17.5.0,-,-,?,-,false,sun.reflect.Reflection                   Use java.lang.StackWalker @since 9
com.groupdocs,groupdocs-watermark,18.3,-,-,?,-,false,-
com.hyp3r,kinesis-logback-appender,0.0.6,-,-,?,-,false,-
com.iopipe,iopipe,1.6.0,-,-,?,-,false,-
com.jarredweb.repo,webjar,0.3-beta,-,-,?,-,false,-
com.jslsolucoes,cdi-misc,1.0.3,-,-,?,-,false,-
com.jslsolucoes,db-migrate,1.0.0,-,-,?,-,false,-
com.jslsolucoes,error-mail,1.0.4,-,-,?,-,false,-
com.jslsolucoes,file-system,1.0.6,-,-,?,-,false,-
com.jslsolucoes,ftp-client,1.0.0,-,-,?,-,false,-
com.jslsolucoes,gitflow,1.0.1,-,-,?,-,false,-
com.jslsolucoes,gitlab,1.0.1,-,-,?,-,false,-
com.jslsolucoes,http-client,1.0.0,-,-,?,-,false,-
com.jslsolucoes,i18n,1.0.0,-,-,?,-,false,-
com.jslsolucoes,junit,1.0.0,-,-,?,-,false,-
com.jslsolucoes,mail,1.0.3,-,-,?,-,false,-
com.jslsolucoes,maven-embedded,1.0.8,-,-,?,-,false,-
com.jslsolucoes,nexus,1.0.0,-,-,?,-,false,-
com.jslsolucoes,ojdbc6,11.2.0.1.0,-,-,?,-,false,-
com.jslsolucoes,properties,1.0.0,-,-,?,-,false,-
com.jslsolucoes,runtime,1.0.3,-,-,?,-,false,-
com.jslsolucoes,tagria-lib,1.0.17,-,-,?,-,false,-
com.jslsolucoes,template,1.0.3,-,-,?,-,false,-
com.jslsolucoes,vraptor4-audit,1.0.0,-,-,?,-,false,-
com.jslsolucoes,vraptor4-auth,1.0.0,-,-,?,-,false,-
com.jslsolucoes,vraptor4-jpa,1.0.1,-,-,?,-,false,-
com.jslsolucoes,vraptor4-misc,1.0.1,-,-,?,-,false,-
com.jslsolucoes,vraptor4-scheduler,1.0.5,-,-,?,-,false,-
com.jspcore,logcapture,0.4.6,-,-,?,-,false,-
com.jspcore,sensitive-config,0.0.2,-,-,?,-,false,-
com.kloudless,kloudless-java,1.1.0,-,-,?,-,false,-
com.levigo.jbig2,levigo-jbig2-imageio,2.0,-,-,?,-,false,-
com.liferay,com.liferay.jenkins.results.parser,1.0.55,-,-,?,-,false,-
com.machinepublishers,jbrowserdriver,1.0.0,-,-,?,-,false,-
com.nappin,play-recaptcha_2.11,2.3,-,-,?,-,false,-
com.nappin,play-recaptcha_2.12,2.3,-,-,?,-,false,-
com.natpryce,hamkrest,1.6.0.0,-,-,?,-,false,-
com.natpryce,konfig,1.6.10.0,-,-,?,-,false,-
com.natpryce,krouton,2.3.1.0,-,-,?,-,false,-
com.natpryce,result4k,1.4.1,-,-,?,-,false,-
com.natpryce,snodge,3.6.0.0,-,-,?,-,false,-
com.natpryce,snodge-standalone,3.1.0.1,-,-,?,-,false,-
com.nequissimus,circe-kafka_2.11,1.0.2,-,-,?,-,false,-
com.nequissimus,circe-kafka_2.12,2.0.0,-,-,?,-,false,-
com.panemu,tiwulfx,2.0,-,-,?,-,false,-
com.phenixidentity,junit-when,0.3,-,-,?,-,false,-
com.ppolivka.solr.extensions,softmax,1.1.3,-,-,?,-,false,-
com.practicingtechie,glacier-backup-cli_2.11,0.4.3,-,-,?,-,false,-
com.qingcloud,qingcloud-sdk-java,1.0.0,-,-,?,-,false,-
com.restfb,restfb,2.9.0,-,-,?,-,false,-
com.sauloaraujo,stubby-mock-mvc-tests,0.0.2,-,-,?,-,false,-
com.sauloaraujo,url-detector,0.1.17,-,-,?,-,false,-
com.sdibt,korm,0.0.64,-,-,?,-,false,-
com.tomgibara.ezo,ezo,2.0.0,-,-,?,-,false,-
com.vision4j,classification,1.3.5,-,-,?,-,false,-
com.vision4j,grpc-classifier,1.3.0,-,-,?,-,false,-
com.vision4j,grpc-segmentation,1.0.0,-,-,?,-,false,-
com.vision4j,segmentation,1.2.5,-,-,?,-,false,-
com.vision4j,vgg16-deeplearning4j-classifier,1.3.0,-,-,?,-,false,-
com.vision4j,vision-utils,1.2.4,-,-,?,-,false,-
com.whisk,circe-derivation_2.12,0.9.0-whisk.0,-,-,?,-,false,-
com.whisk,circe-derivation_sjs0.6_2.12,0.9.0-whisk.0,-,-,?,-,false,-
com.whisk,docker-testkit-config_2.10,0.9.8,-,-,?,-,false,-
com.whisk,docker-testkit-config_2.11,0.9.8,-,-,?,-,false,-
com.whisk,docker-testkit-config_2.12,0.9.8,-,-,?,-,false,-
com.whisk,docker-testkit-core_2.10,0.9.8,-,-,?,-,false,-
com.whisk,docker-testkit-core_2.11,0.10.0-beta4,-,-,?,-,false,-
com.whisk,docker-testkit-core_2.12,0.10.0-beta5,-,-,?,-,false,-
com.whisk,docker-testkit-impl-docker-java_2.10,0.9.8,-,-,?,-,false,-
com.whisk,docker-testkit-impl-docker-java_2.11,0.9.8,-,-,?,-,false,-
com.whisk,docker-testkit-impl-docker-java_2.12,0.9.8,-,-,?,-,false,-
com.whisk,docker-testkit-impl-spotify_2.10,0.9.8,-,-,?,-,false,-
com.whisk,docker-testkit-impl-spotify_2.11,0.9.8,-,-,?,-,false,-
com.whisk,docker-testkit-impl-spotify_2.12,0.9.8,-,-,?,-,false,-
com.whisk,docker-testkit-impl-spotify-shaded_2.10,0.9.8,-,-,?,-,false,-
com.whisk,docker-testkit-impl-spotify-shaded_2.11,0.9.8,-,-,?,-,false,-
com.whisk,docker-testkit-impl-spotify-shaded_2.12,0.9.8,-,-,?,-,false,-
com.whisk,docker-testkit-samples_2.10,0.9.8,-,-,?,-,false,-
com.whisk,docker-testkit-samples_2.11,0.10.0-beta4,-,-,?,-,false,-
com.whisk,docker-testkit-samples_2.12,0.10.0-beta5,-,-,?,-,false,-
com.whisk,docker-testkit-scalatest_2.10,0.9.8,-,-,?,-,false,-
com.whisk,docker-testkit-scalatest_2.11,0.10.0-beta4,-,-,?,-,false,-
com.whisk,docker-testkit-scalatest_2.12,0.10.0-beta5,-,-,?,-,false,-
com.whisk,docker-testkit-specs2_2.10,0.9.8,-,-,?,-,false,-
com.whisk,docker-testkit-specs2_2.11,0.9.8,-,-,?,-,false,-
com.whisk,docker-testkit-specs2_2.12,0.9.8,-,-,?,-,false,-
com.whisk,finagle-kubernetes-resolver_2.12,0.1.1,-,-,?,-,false,-
com.whisk,finagle-postgres_2.12,0.4.3-finagle7,-,-,?,-,false,-
com.whisk,finatra-swagger_2.12,17.11.0-whisk,-,-,?,-,false,-
com.whisk,hulk-circe_2.12,0.2.3,-,-,?,-,false,-
com.whisk,hulk-core_2.12,0.2.3,-,-,?,-,false,-
com.whisk,hulk-testing_2.12,0.2.3,-,-,?,-,false,-
com.whisk,mysql-util-circe_2.12,0.3.2,-,-,?,-,false,-
com.whisk,mysql-util-core_2.12,0.3.2,-,-,?,-,false,-
com.whisk,mysql-util-testing_2.12,0.3.2,-,-,?,-,false,-
com.whisk,reactiverogue-bson_2.11,0.5.0.rc2,-,-,?,-,false,-
com.whisk,reactiverogue-bson_2.12,0.5.0.rc3,-,-,?,-,false,-
com.whisk,reactiverogue-core_2.11,0.5.0.rc2,-,-,?,-,false,-
com.whisk,reactiverogue-core_2.12,0.5.0.rc3,-,-,?,-,false,-
com.whisk,reactiverogue-record-dsl_2.11,0.5.0.rc2,-,-,?,-,false,-
com.whisk,reactiverogue-record-dsl_2.12,0.5.0.rc3,-,-,?,-,false,-
com.whisk,scalapb-playjson_2.11,0.2.1,-,-,?,-,false,-
com.whisk,scalapb-playjson_2.12,0.2.1,-,-,?,-,false,-
com.whisk,scharpa_2.11,0.6.0,-,-,?,-,false,-
com.whisk,scharpa_2.12,0.6.0,-,-,?,-,false,-
com.whisk,soli-analysis-common-de,0.1.0,-,-,?,-,false,-
com.xing.api,api-client,3.0.5,-,-,?,-,false,-
com.zivver,web-push_2.11,0.2.1,-,-,?,-,false,-
com.zivver,web-push_2.12,0.2.1,-,-,?,-,false,-
