groupId,artifactId,version,moduleName,moduleVersion,moduleMode,moduleDependencies,jdepsToolError,jdepsViolations
com.github.nruzic.commons.assemblies,nruzic-commons-assemblies,1.0.0-alpha1,-,-,?,-,false,-
com.github.nruzic.commons.conventions,nruzic-commons-conventions,1.0.0-alpha3,-,-,?,-,false,-
com.github.zakgof,velvetdb-core,0.6.0,-,-,?,-,false,-
com.github.zakgof,velvetdb-dynamodb,0.6.0,-,-,?,-,false,-
com.github.zakgof,velvetdb-serializer-elsa,0.6.0,-,-,?,-,false,-
com.github.zakgof,velvetdb-serializer-kryo,0.6.0,-,-,?,-,false,-
com.github.zakgof,velvetdb-xodus,0.6.0,-,-,?,-,false,-
com.heartlandpaymentsystems,globalpayments-sdk,5.4,-,-,?,-,false,-
com.microsoft.azure,azure-storage-blob,10.0.4-rc,-,-,?,-,false,-
com.netflix.titus,titus-api-definitions,0.0.1-rc38,-,-,?,-,false,-
com.yoctopuce.java,yoctolib,1.10.31874,-,-,?,-,false,-
com.yoctopuce.java,yoctolib-jee,1.10.31874,-,-,?,-,false,-
io.cryptocontrol,crypto-news-api,2.3.0,-,-,?,-,false,-
io.jaegertracing,jaeger-client,0.30.6,-,-,?,-,false,-
io.jaegertracing,jaeger-core,0.30.6,-,-,?,-,false,-
io.jaegertracing,jaeger-crossdock,0.30.6,-,-,?,-,false,-
io.jaegertracing,jaeger-micrometer,0.30.6,-,-,?,-,false,-
io.jaegertracing,jaeger-thrift,0.30.6,-,-,?,-,false,-
io.jaegertracing,jaeger-tracerresolver,0.30.6,-,-,?,-,false,-
io.jaegertracing,jaeger-zipkin,0.30.6,-,-,?,-,false,-
org.ibissource,ibis-struts,1.2.9.4,-,-,?,-,false,-
org.openbaton,sdk,6.0.0-RC2,-,-,?,-,false,-
org.specs2,specs2-analysis_2.11,4.3.4,-,-,?,-,false,-
org.specs2,specs2-analysis_2.12,4.3.4,-,-,?,-,false,-
org.specs2,specs2-analysis_2.13.0-M4,4.3.4,-,-,?,-,false,-
org.specs2,specs2-analysis_sjs0.6_2.11,4.3.4,-,-,?,-,false,-
org.specs2,specs2-analysis_sjs0.6_2.12,4.3.4,-,-,?,-,false,-
org.specs2,specs2-analysis_sjs0.6_2.13.0-M4,4.3.4,-,-,?,-,false,-
org.specs2,specs2-cats_2.11,4.3.4,-,-,?,-,false,-
org.specs2,specs2-cats_2.12,4.3.4,-,-,?,-,false,-
org.specs2,specs2-cats_sjs0.6_2.11,4.3.4,-,-,?,-,false,-
org.specs2,specs2-cats_sjs0.6_2.12,4.3.4,-,-,?,-,false,-
org.specs2,specs2-common_2.11,4.3.4,-,-,?,-,false,-
org.specs2,specs2-common_2.12,4.3.4,-,-,?,-,false,-
org.specs2,specs2-common_2.13.0-M4,4.3.4,-,-,?,-,false,-
org.specs2,specs2-common_sjs0.6_2.11,4.3.4,-,-,?,-,false,-
org.specs2,specs2-common_sjs0.6_2.12,4.3.4,-,-,?,-,false,-
org.specs2,specs2-common_sjs0.6_2.13.0-M4,4.3.4,-,-,?,-,false,-
org.specs2,specs2-core_2.11,4.3.4,-,-,?,-,false,-
org.specs2,specs2-core_2.12,4.3.4,-,-,?,-,false,-
org.specs2,specs2-core_2.13.0-M4,4.3.4,-,-,?,-,false,-
org.specs2,specs2-core_sjs0.6_2.11,4.3.4,-,-,?,-,false,-
org.specs2,specs2-core_sjs0.6_2.12,4.3.4,-,-,?,-,false,-
org.specs2,specs2-core_sjs0.6_2.13.0-M4,4.3.4,-,-,?,-,false,-
org.specs2,specs2-form_2.11,4.3.4,-,-,?,-,false,-
org.specs2,specs2-form_2.12,4.3.4,-,-,?,-,false,-
org.specs2,specs2-form_2.13.0-M4,4.3.4,-,-,?,-,false,-
org.specs2,specs2-fp_2.11,4.3.4,-,-,?,-,false,-
org.specs2,specs2-fp_2.12,4.3.4,-,-,?,-,false,-
org.specs2,specs2-fp_2.13.0-M4,4.3.4,-,-,?,-,false,-
org.specs2,specs2-fp_sjs0.6_2.11,4.3.4,-,-,?,-,false,-
org.specs2,specs2-fp_sjs0.6_2.12,4.3.4,-,-,?,-,false,-
org.specs2,specs2-fp_sjs0.6_2.13.0-M4,4.3.4,-,-,?,-,false,-
org.specs2,specs2-gwt_2.11,4.3.4,-,-,?,-,false,-
org.specs2,specs2-gwt_2.12,4.3.4,-,-,?,-,false,-
org.specs2,specs2-gwt_2.13.0-M4,4.3.4,-,-,?,-,false,-
org.specs2,specs2-html_2.11,4.3.4,-,-,?,-,false,-
org.specs2,specs2-html_2.12,4.3.4,-,-,?,-,false,-
org.specs2,specs2-html_2.13.0-M4,4.3.4,-,-,?,-,false,-
org.specs2,specs2-junit_2.11,4.3.4,-,-,?,-,false,-
org.specs2,specs2-junit_2.12,4.3.4,-,-,?,-,false,-
org.specs2,specs2-junit_2.13.0-M4,4.3.4,-,-,?,-,false,-
org.specs2,specs2-junit_sjs0.6_2.11,4.3.4,-,-,?,-,false,-
org.specs2,specs2-junit_sjs0.6_2.12,4.3.4,-,-,?,-,false,-
org.specs2,specs2-junit_sjs0.6_2.13.0-M4,4.3.4,-,-,?,-,false,-
org.specs2,specs2-markdown_2.11,4.3.4,-,-,?,-,false,-
org.specs2,specs2-markdown_2.12,4.3.4,-,-,?,-,false,-
org.specs2,specs2-markdown_2.13.0-M4,4.3.4,-,-,?,-,false,-
org.specs2,specs2-matcher_2.11,4.3.4,-,-,?,-,false,-
org.specs2,specs2-matcher_2.12,4.3.4,-,-,?,-,false,-
org.specs2,specs2-matcher_2.13.0-M4,4.3.4,-,-,?,-,false,-
org.specs2,specs2-matcher-extra_2.11,4.3.4,-,-,?,-,false,-
org.specs2,specs2-matcher-extra_2.12,4.3.4,-,-,?,-,false,-
org.specs2,specs2-matcher-extra_2.13.0-M4,4.3.4,-,-,?,-,false,-
org.specs2,specs2-matcher-extra_sjs0.6_2.11,4.3.4,-,-,?,-,false,-
org.specs2,specs2-matcher-extra_sjs0.6_2.12,4.3.4,-,-,?,-,false,-
org.specs2,specs2-matcher-extra_sjs0.6_2.13.0-M4,4.3.4,-,-,?,-,false,-
org.specs2,specs2-matcher_sjs0.6_2.11,4.3.4,-,-,?,-,false,-
org.specs2,specs2-matcher_sjs0.6_2.12,4.3.4,-,-,?,-,false,-
org.specs2,specs2-matcher_sjs0.6_2.13.0-M4,4.3.4,-,-,?,-,false,-
org.specs2,specs2-mock_2.11,4.3.4,-,-,?,-,false,-
org.specs2,specs2-mock_2.12,4.3.4,-,-,?,-,false,-
org.specs2,specs2-mock_2.13.0-M4,4.3.4,-,-,?,-,false,-
org.specs2,specs2-mock_sjs0.6_2.11,4.3.4,-,-,?,-,false,-
org.specs2,specs2-mock_sjs0.6_2.12,4.3.4,-,-,?,-,false,-
org.specs2,specs2-mock_sjs0.6_2.13.0-M4,4.3.4,-,-,?,-,false,-
org.specs2,specs2-scalacheck_2.11,4.3.4,-,-,?,-,false,-
org.specs2,specs2-scalacheck_2.12,4.3.4,-,-,?,-,false,-
org.specs2,specs2-scalacheck_2.13.0-M4,4.3.4,-,-,?,-,false,-
org.specs2,specs2-scalacheck_sjs0.6_2.11,4.3.4,-,-,?,-,false,-
org.specs2,specs2-scalacheck_sjs0.6_2.12,4.3.4,-,-,?,-,false,-
org.specs2,specs2-scalacheck_sjs0.6_2.13.0-M4,4.3.4,-,-,?,-,false,-
org.specs2,specs2-scalaz_2.11,4.3.4,-,-,?,-,false,-
org.specs2,specs2-scalaz_2.12,4.3.4,-,-,?,-,false,-
org.specs2,specs2-scalaz_2.13.0-M4,4.3.4,-,-,?,-,false,-
org.specs2,specs2-scalaz_sjs0.6_2.11,4.3.4,-,-,?,-,false,-
org.specs2,specs2-scalaz_sjs0.6_2.12,4.3.4,-,-,?,-,false,-
org.specs2,specs2-scalaz_sjs0.6_2.13.0-M4,4.3.4,-,-,?,-,false,-
org.specs2,specs2-shapeless_2.11,4.3.4,-,-,?,-,false,-
org.specs2,specs2-shapeless_2.12,4.3.4,-,-,?,-,false,-
org.specs2,specs2-shapeless_2.13.0-M4,4.3.4,-,-,?,-,false,-
org.specs2,specs2-shapeless_sjs0.6_2.11,4.3.4,-,-,?,-,false,-
org.specs2,specs2-shapeless_sjs0.6_2.12,4.3.4,-,-,?,-,false,-
org.specs2,specs2-shapeless_sjs0.6_2.13.0-M4,4.3.4,-,-,?,-,false,-
org.specs2,specs2-tests_2.11,4.3.4,-,-,?,-,false,-
org.specs2,specs2-tests_2.12,4.3.4,-,-,?,-,false,-
org.wso2.carbon.apimgt,apim-ballerina-plugin,7.0.170,-,-,?,-,false,-
org.wso2.carbon.apimgt,org.wso2.carbon.apimgt.ballerina.native,7.0.170,-,-,?,-,false,-
org.wso2.carbon.apimgt,org.wso2.carbon.apimgt.ballerina.publisher,7.0.170,-,-,?,-,false,-
org.wso2.carbon.apimgt,org.wso2.carbon.apimgt.core,7.0.170,-,-,?,-,false,-
org.wso2.carbon.apimgt,org.wso2.carbon.apimgt.rest.api.admin,7.0.170,-,-,?,-,false,-
org.wso2.carbon.apimgt,org.wso2.carbon.apimgt.rest.api.analytics,7.0.170,-,-,?,-,false,-
org.wso2.carbon.apimgt,org.wso2.carbon.apimgt.rest.api.authenticator,7.0.170,-,-,?,-,false,-
org.wso2.carbon.apimgt,org.wso2.carbon.apimgt.rest.api.commons,7.0.170,-,-,?,-,false,-
org.wso2.carbon.apimgt,org.wso2.carbon.apimgt.rest.api.configurations,7.0.170,-,-,?,-,false,-
org.wso2.carbon.apimgt,org.wso2.carbon.apimgt.rest.api.core,7.0.170,-,-,?,-,false,-
org.wso2.carbon.apimgt,org.wso2.carbon.apimgt.rest.api.publisher,7.0.170,-,-,?,-,false,-
org.wso2.carbon.apimgt,org.wso2.carbon.apimgt.rest.api.store,7.0.170,-,-,?,-,false,-
org.wso2.carbon.apimgt,org.wso2.carbon.apimgt.throttling.siddhi.extension,7.0.170,-,-,?,-,false,-
org.wso2.carbon.dashboards,dashboards-web-component,4.0.29,-,-,?,-,false,-
org.wso2.carbon.dashboards,org.wso2.carbon.dashboards.api,4.0.29,-,-,?,-,false,-
org.wso2.carbon.dashboards,org.wso2.carbon.dashboards.core,4.0.29,-,-,?,-,false,-
org.wso2.carbon.dashboards.samples,org.wso2.carbon.dashboards.samples.endpoint,4.0.29,-,-,?,-,false,-
org.wso2.carbon.dashboards,universal-widget,4.0.29,-,-,?,-,false,-
