groupId,artifactId,version,moduleName,moduleVersion,moduleMode,moduleDependencies,jdepsToolError,jdepsViolations
ch.epfl.lamp,dotty_0.10,0.10.0-bin-20180820-05e27f3-NIGHTLY,-,-,?,-,false,-
ch.epfl.lamp,dotty-compiler_0.10,0.10.0-bin-20180820-05e27f3-NIGHTLY,-,-,?,-,false,-
ch.epfl.lamp,dotty-doc_0.10,0.10.0-bin-20180820-05e27f3-NIGHTLY,-,-,?,-,false,-
ch.epfl.lamp,dotty-interfaces,0.10.0-bin-20180820-05e27f3-NIGHTLY,-,-,?,-,false,-
ch.epfl.lamp,dotty-language-server_0.10,0.10.0-bin-20180820-05e27f3-NIGHTLY,-,-,?,-,false,-
ch.epfl.lamp,dotty-library_0.10,0.10.0-bin-20180820-05e27f3-NIGHTLY,-,-,?,-,false,sun.misc.Unsafe                          See http://openjdk.java.net/jeps/260
ch.epfl.lamp,scala-compiler,0.10.0-bin-20180820-05e27f3-NIGHTLY,-,-,?,-,false,-
ch.epfl.lamp,scala-library,0.10.0-bin-20180820-05e27f3-NIGHTLY,-,-,?,-,false,-
ch.epfl.lamp,scalap,0.10.0-bin-20180820-05e27f3-NIGHTLY,-,-,?,-,false,-
ch.epfl.lamp,scala-reflect,0.10.0-bin-20180820-05e27f3-NIGHTLY,-,-,?,-,false,-
cn.ibaijia,jsm-frame,1.3.2,-,-,?,-,false,-
com.github.bingoohuang,settingbean-orm,0.0.6,-,-,?,-,false,-
com.github.estigma88,jdhtuq-chord-spring-boot-starter,2.0.1,-,-,?,-,false,-
com.github.estigma88,jdhtuq-dhash-spring-boot-starter,2.0.1,-,-,?,-,false,-
com.github.jeffreyning,nh-micro-nhs,1.0.2-RELEASE,-,-,?,-,false,-
com.github.nyla-solutions,gedi-geode-extensions-core,1.1.5,-,-,?,-,false,-
com.github.nyla-solutions,nyla.solutions.core,1.1.7,-,-,?,-,false,-
com.github.oshi,oshi-core,3.8.0,-,-,?,-,false,-
com.github.oshi,oshi-core-shaded,3.8.0,-,-,?,-,false,-
com.github.oshi,oshi-json,3.8.0,-,-,?,-,false,-
com.github.tianjing,tgtools.excel,1.0.3,-,-,?,-,false,-
com.google.apis,google-api-services-texttospeech,v1-rev5-1.24.1,-,-,?,-,false,-
com.google.apis,google-api-services-vision,v1-rev391-1.24.1,-,-,?,-,false,-
com.jdcloud.sdk,disk,0.7.1,-,-,?,-,false,-
com.jdcloud.sdk,nc,0.2.3,-,-,?,-,false,-
com.jdcloud.sdk,rds,0.2.8,-,-,?,-,false,-
com.jdcloud.sdk,vm,1.0.3,-,-,?,-,false,-
com.jdcloud.sdk,vpc,0.4.1,-,-,?,-,false,-
com.liumapp.qtools.date,qtools-date,v1.0.0,-,-,?,-,false,-
com.liumapp.qtools.file,qtools-file,v1.0.0,-,-,?,-,false,-
com.liumapp.qtools.http,qtools-http,v1.0.0,-,-,?,-,false,-
com.liumapp.qtools.pic,qtools-pic,v1.0.0,-,-,?,-,false,-
com.liumapp.qtools.security.encrypt,qtools-security-encrypt,v1.0.0,-,-,?,-,false,sun.misc.BASE64Decoder                   Use java.util.Base64 @since 1.8 + sun.misc.BASE64Encoder                   Use java.util.Base64 @since 1.8
com.liumapp.qtools.str,qtools-str,v1.0.0,-,-,?,-,false,-
com.sanctionco.thunder,api,2.0.0,-,-,?,-,false,-
com.sanctionco.thunder,application,2.0.0,-,-,?,-,false,sun.misc.Unsafe                          See http://openjdk.java.net/jeps/260 + sun.reflect.Reflection                   Use java.lang.StackWalker @since 9 + sun.reflect.annotation.AnnotationParser  Removed. See http://openjdk.java.net/jeps/260 + sun.reflect.annotation.AnnotationType    Removed. See http://openjdk.java.net/jeps/260 + sun.reflect.annotation.EnumConstantNotPresentExceptionProxy Removed. See http://openjdk.java.net/jeps/260 + sun.reflect.annotation.ExceptionProxy    Removed. See http://openjdk.java.net/jeps/260
com.sanctionco.thunder,client,2.0.0,-,-,?,-,false,-
io.github.pellse,assembler-akka-stream,0.1.2,-,-,?,-,false,-
io.github.pellse,assembler-core,0.1.2,-,-,?,-,false,-
io.github.pellse,assembler-flux,0.1.2,-,-,?,-,false,-
io.github.pellse,assembler-rxjava,0.1.2,-,-,?,-,false,-
io.github.pellse,assembler-util,0.1.2,-,-,?,-,false,-
org.leapframework,jmms-core,0.5.0,-,-,?,-,false,-
org.leapframework,jmms-engine,0.5.0,-,-,?,-,false,-
org.leapframework,jmms-modules-redis,0.5.0,-,-,?,-,false,-
org.leapframework,jmms-plugins-redis-api-reader,0.5.0,-,-,?,-,false,-
org.leapframework,jmms-plugins-swagger-doc,0.5.0,-,-,?,-,false,-
org.leapframework,jmms-protocols-scim,0.5.0,-,-,?,-,false,-
org.leapframework,jmms-sdk,0.5.0,-,-,?,-,false,-
org.leapframework,jmms-testing,0.5.0,-,-,?,-,false,-
org.leapframework,spring-boot-starter-jmms,0.5.0,-,-,?,-,false,-
org.scalaz,scalaz-zio_2.11,0.1.0-344913e,-,-,?,-,false,-
org.scalaz,scalaz-zio_2.12,0.1.0-0812841,-,-,?,-,false,-
org.scalaz,scalaz-zio-interop_2.11,0.1.0-344913e,-,-,?,-,false,-
org.scalaz,scalaz-zio-interop_2.12,0.1.0-0812841,-,-,?,-,false,-
org.scalaz,scalaz-zio-interop_sjs0.6_2.11,0.1.0-344913e,-,-,?,-,false,-
org.scalaz,scalaz-zio-interop_sjs0.6_2.12,0.1.0-0812841,-,-,?,-,false,-
org.scalaz,scalaz-zio_sjs0.6_2.11,0.1.0-344913e,-,-,?,-,false,-
org.scalaz,scalaz-zio_sjs0.6_2.12,0.1.0-0812841,-,-,?,-,false,-
org.webpieces,core,1.9.116,-,-,?,-,false,-
org.webpieces,core-asyncserver,1.9.116,-,-,?,-,false,-
org.webpieces,core-channelmanager2,1.9.116,-,-,?,-,false,-
org.webpieces,core-datawrapper,1.9.116,-,-,?,-,false,-
org.webpieces,core-ddl,1.9.116,-,-,?,-,false,-
org.webpieces,core-mock,1.9.116,-,-,?,-,false,-
org.webpieces,core-ssl,1.9.116,-,-,?,-,false,-
org.webpieces,core-statemachine,1.9.116,-,-,?,-,false,-
org.webpieces,core-util,1.9.116,-,-,?,-,false,-
org.webpieces,gradle-plugin-htmlcompiler,1.9.116,-,-,?,-,false,-
org.webpieces,http1_1-client,1.9.116,-,-,?,-,false,-
org.webpieces,http1_1-parser,1.9.116,-,-,?,-,false,-
org.webpieces,http,1.9.116,-,-,?,-,false,-
org.webpieces,http2-client,1.9.116,-,-,?,-,false,-
org.webpieces,http2-engine,1.9.116,-,-,?,-,false,-
org.webpieces,http2-hpack,1.9.116,-,-,?,-,false,-
org.webpieces,http2-parser,1.9.116,-,-,?,-,false,-
org.webpieces,http2to1_1-client,1.9.116,-,-,?,-,false,-
org.webpieces,http2-translations,1.9.116,-,-,?,-,false,-
org.webpieces,http-backpressure-tests,1.9.116,-,-,?,-,false,-
org.webpieces,http-fortesting-plugins,1.9.116,-,-,?,-,false,-
org.webpieces,http-frontend2,1.9.116,-,-,?,-,false,-
org.webpieces,http-router,1.9.116,-,-,?,-,false,-
org.webpieces,http-router-dev,1.9.116,-,-,?,-,false,-
org.webpieces,http-shared,1.9.116,-,-,?,-,false,-
org.webpieces,http-templating,1.9.116,-,-,?,-,false,-
org.webpieces,http-templating-dev,1.9.116,-,-,?,-,false,-
org.webpieces,http-webserver,1.9.116,-,-,?,-,false,-
org.webpieces,http-webserver-test,1.9.116,-,-,?,-,false,-
org.webpieces,plugin-backend,1.9.116,-,-,?,-,false,-
org.webpieces,plugin-documentation,1.9.116,-,-,?,-,false,-
org.webpieces,plugin-h2db,1.9.116,-,-,?,-,false,-
org.webpieces,plugin-hibernate,1.9.116,-,-,?,-,false,-
org.webpieces,plugin-install-sslcert,1.9.116,-,-,?,-,false,-
org.webpieces,plugin-json-jackson,1.9.116,-,-,?,-,false,-
org.webpieces,projectcreator,1.9.116,-,-,?,-,false,-
org.webpieces,runtimecompile,1.9.116,-,-,?,-,false,-
org.webpieces,templateProject,1.9.116,-,-,?,-,false,-
org.webpieces,webpiecesServerBuilder,1.9.116,-,-,?,-,false,-
org.webpieces,WEBPIECESxAPPNAME,1.9.116,-,-,?,-,false,-
org.webpieces,WEBPIECESxAPPNAME-dev,1.9.116,-,-,?,-,false,-
org.webpieces,webserver,1.9.116,-,-,?,-,false,-
org.webpieces,webserver-plugins,1.9.116,-,-,?,-,false,-
