groupId,artifactId,version,moduleName,moduleVersion,moduleMode,moduleDependencies,jdepsToolError,jdepsViolations
com.acjay,taggy_2.11,1.0.0,-,-,?,-,false,-
com.acjay,taggy_2.12,1.0.0,-,-,?,-,false,-
com.acjay,taggy_sjs0.6_2.11,1.0.0,-,-,?,-,false,-
com.acjay,taggy_sjs0.6_2.12,1.0.0,-,-,?,-,false,-
com.ackbox,ackbox-totp,1.0.1,-,-,?,-,false,-
com.cali-lang,cali.lang.base,1.0.1,-,-,?,-,false,-
com.centurylink.mdw,mdw-common,6.1.07,-,-,?,-,false,-
com.centurylink.mdw,mdw-services,6.1.07,-,-,?,-,false,-
com.centurylink.mdw,mdw-spring-boot,6.1.07,-,-,?,-,false,-
com.centurylink.mdw,mdw-workflow,6.1.07,-,-,?,-,false,-
com.coralogix.sdk,coralogix-sdk,2.0.2,-,-,?,-,false,-
com.coralogix.sdk,java-logger,2.0.2,-,-,?,-,false,-
com.coralogix.sdk,log4j2-appender,2.0.2,-,-,?,-,false,-
com.coralogix.sdk,log4j-appender,2.0.2,-,-,?,-,false,-
com.coralogix.sdk,logback-appender,2.0.2,-,-,?,-,false,-
com.deciphernow,bouncycastle-maven-plugin,1.0.0,-,-,?,-,false,-
com.deciphernow,franz_2.11,1.0.0,-,-,?,-,false,-
com.deciphernow,gm-fabric-cloudwatch,0.2.6,-,-,?,-,false,-
com.deciphernow,gm-fabric-core,0.2.6,-,-,?,-,false,-
com.deciphernow,gm-fabric-core-integration-setup,0.2.1,-,-,?,-,false,-
com.deciphernow,gm-fabric-core-integration-verify,0.2.1,-,-,?,-,false,-
com.deciphernow,gm-fabric-jvm-config,0.2.6,-,-,?,-,false,-
com.deciphernow,moby-dns,1.0.0,-,-,?,-,false,-
com.deciphernow,vault-maven-plugin,1.0.0,-,-,?,-,false,-
com.dslplatform,dsl-clc,1.9.6,-,-,?,-,false,-
com.dslplatform,dsl-json,1.8.0,-,-,?,-,false,-
com.dslplatform,dsl-json-android,1.8.0,-,-,?,-,false,-
com.dslplatform,dsl-json-java8,1.8.0,-,-,?,-,false,-
com.dslplatform,dsl-json-joda,1.8.0,-,-,?,-,false,-
com.dslplatform,dsl-json-processor,1.8.0,-,-,?,-,false,-
com.dslplatform,dsl-json-scala_2.11,1.8.0,-,-,?,-,false,-
com.dslplatform,dsl-json-scala_2.12,1.8.0,-,-,?,-,false,-
com.dslplatform,dsl-json-threetenbp,1.8.0,-,-,?,-,false,-
com.dslplatform,dsl-platform-maven-plugin,1.2.2,-,-,?,-,false,-
com.icexls,icexls,2.1,-,-,?,-,false,-
com.igormaznitsa,char-sniffer,1.0.0,-,-,?,-,false,-
com.igormaznitsa,jbbp,1.4.1,igormaznitsa.jbbp,-,automatic,-,false,-
com.igormaznitsa,jbbp-maven-plugin,1.4.1,-,-,?,-,false,-
com.igormaznitsa,jcp,6.1.4,igormaznitsa.jcp,-,automatic,-,false,-
com.igormaznitsa,mind-map-model,1.2.5,igormaznitsa.mmd.model,-,automatic,-,false,-
com.igormaznitsa,mind-map-swing-panel,1.4.4,igormaznitsa.mmd.swing.panel,-,automatic,-,false,-
com.igormaznitsa,mvn-golang-hello,2.2.0,-,-,?,-,false,-
com.igormaznitsa,mvn-golang-hello-multi,2.2.0,-,-,?,-,false,-
com.igormaznitsa,mvn-golang-wrapper,2.2.0,-,-,?,-,false,-
com.llqqww,thinkjdbc,1.4.4_13,-,-,?,-,false,-
com.nordstrom.tools,java-utils,1.7.0,-,-,?,-,false,-
com.nordstrom.tools,junit-foundation,6.0.1,-,-,?,-,false,-
com.nordstrom.tools,remote-session,1.1.0,-,-,?,-,false,-
com.nordstrom.tools,settings,2.2.0,-,-,?,-,false,-
com.nordstrom.tools,testng-foundation,1.10.0,-,-,?,-,false,-
com.nordstrom.ui-tools,selenium3-foundation,1.0.4,-,-,?,-,false,-
com.nordstrom.ui-tools,selenium-foundation,15.6.0-s3,-,-,?,-,false,-
com.nordstrom.xrpc,xrpc,0.1.4,-,-,?,-,false,sun.security.x509.X500Name               Use javax.security.auth.x500.X500Principal @since 1.4
com.pavlovmedia.oss.jaxrs,com.pavlovmedia.oss.jaxrs.publisher,1.0.5,-,-,?,-,false,-
com.pavlovmedia.oss.jaxrs,com.pavlovmedia.oss.jaxrs.webconsole,1.0.5,-,-,?,-,false,-
com.pavlovmedia.oss.osgi.http,com.pavlovmedia.oss.osgi.http,1.0.1,-,-,?,-,false,-
com.pidanic,tschingt_2.12,0.8.1,-,-,?,-,false,-
com.rover12421.android,dx,1.16,-,-,?,-,false,-
com.rover12421,AndroidHideApi,1.1,-,-,?,-,false,-
com.rover12421.AndroidHideApi,android,1.17,-,-,?,-,false,-
com.rover12421.AndroidHideApi,AndroidHideApi,1.4,-,-,?,-,false,-
com.rover12421.AndroidHideApi,huawei,1.4,-,-,?,-,false,-
com.rover12421.AndroidHideApi,mediatek,1.4,-,-,?,-,false,-
com.rover12421.AndroidHideApi,xposed,1.1,-,-,?,-,false,-
com.rover12421,fastjson,1.2.47,-,-,?,-,false,sun.reflect.annotation.AnnotationType    Removed. See http://openjdk.java.net/jeps/260
com.rover12421.opensource,JFontChooser,1.0.5-3,-,-,?,-,false,-
com.rover12421.phoenix,PhoenixReflect,1.4,-,-,?,-,false,-
com.vanillasource.config,config,2.0.0,-,-,?,-,false,-
com.vanillasource.gerec,gerec,2.0.0,-,-,?,-,false,-
com.vanillasource.gerec,gerec-httpclient,2.0.0,-,-,?,-,false,-
com.vanillasource.gerec,gerec-it-tests,2.0.0,-,-,?,-,false,-
com.vanillasource.gerec,gerec-jackson,2.0.0,-,-,?,-,false,-
com.wix,accord-api_2.12,0.7.2,-,-,?,-,false,-
com.wix,accord-api_sjs0.6_2.11,0.7.2,-,-,?,-,false,-
com.wix,accord-api_sjs0.6_2.13.0-M2,0.7.2,-,-,?,-,false,-
com.wix,accord-core_2.11,0.7.2,-,-,?,-,false,-
com.wix,accord-core_2.13.0-M2,0.7.2,-,-,?,-,false,-
com.wix,accord-core_sjs0.6_2.11,0.7.2,-,-,?,-,false,-
com.wix,accord-core_sjs0.6_2.12,0.7.2,-,-,?,-,false,-
com.wix,accord-java8_2.12,0.7.2,-,-,?,-,false,-
com.wix,accord-joda_2.12,0.7.2,-,-,?,-,false,-
com.wix,accord-scalatest_2.11,0.7.2,-,-,?,-,false,-
com.wix,accord-scalatest_2.12,0.7.2,-,-,?,-,false,-
com.wix,accord-scalatest_sjs0.6_2.11,0.7.2,-,-,?,-,false,-
com.wix,accord-scalatest_sjs0.6_2.13.0-M2,0.7.2,-,-,?,-,false,-
com.wix,accord-specs2_2.11,0.7.2,-,-,?,-,false,-
com.wix,accord-specs2_2.12,0.7.2,-,-,?,-,false,-
com.wix,accord-specs2_2.13.0-M2,0.7.2,-,-,?,-,false,-
com.wix,accord-specs2_sjs0.6_2.12,0.7.2,-,-,?,-,false,-
com.wix,accord-specs2_sjs0.6_2.13.0-M2,0.7.2,-,-,?,-,false,-
com.wix,accord-spring3_2.12,0.7.2,-,-,?,-,false,-
com.wix,http-testkit_2.11,0.1.19,-,-,?,-,false,-
com.wix,http-testkit_2.12,0.1.19,-,-,?,-,false,-
com.wix,http-testkit-client_2.12,0.1.19,-,-,?,-,false,-
com.wix,http-testkit-core_2.12,0.1.19,-,-,?,-,false,-
com.wix,http-testkit-marshaller-jackson_2.12,0.1.19,-,-,?,-,false,-
com.wix,http-testkit-scalatest_2.11,0.1.19,-,-,?,-,false,-
com.wix,http-testkit-scala-test_2.12,0.1.18,-,-,?,-,false,-
com.wix,http-testkit-server_2.11,0.1.19,-,-,?,-,false,-
com.wix,http-testkit-server_2.12,0.1.19,-,-,?,-,false,-
com.wix,http-testkit-specs2_2.11,0.1.19,-,-,?,-,false,-
com.wix.pay,smaug-client-common,1.8.0,-,-,?,-,false,-
com.wix,peninsula,0.6.0,-,-,?,-,false,-
com.wix.rest,rest-rfc7807-api,1.0.0,-,-,?,-,false,-
com.wix.rest,rest-rfc7807-client,1.0.0,-,-,?,-,false,-
com.wix,specs2-jmock_2.10,1.2.0,-,-,?,-,false,-
com.wix,specs2-jmock_2.12,1.3.0,-,-,?,-,false,-
com.wix,wix-embedded-mysql-download-and-extract,4.1.2,-,-,?,-,false,-
com.womply.killbill.plugins,authorize-net-plugin,2.4.96,-,-,?,-,false,sun.misc.Unsafe                          See http://openjdk.java.net/jeps/260 + sun.security.x509.X500Name               Use javax.security.auth.x500.X500Principal @since 1.4
com.xavax,xcore,1.1.0,-,-,?,-,false,-
