groupId,artifactId,version,moduleName,moduleVersion,moduleMode,moduleDependencies,jdepsToolError,jdepsViolations
org.glassfish.annotations,logging-annotation-processor,1.8,-,-,?,-,false,-
org.glassfish.copyright,glassfish-copyright-maven-plugin,1.50,-,-,?,-,false,-
org.glassfish.ha,ha-api,3.1.11,-,-,?,-,false,-
org.glassfish,javax.el,3.0.1-b10,-,-,?,-,false,-
org.glassfish,javax.enterprise.concurrent,1.1,-,-,?,-,false,-
org.glassfish,javax.faces,2.4.0,-,-,?,-,false,-
org.glassfish,javax.json,1.1.2,org.glassfish.java.json,-,explicit,java.json + java.base,true,-
org.glassfish.jersey.examples,entity-filtering-selectable,2.27,-,-,?,-,false,-
org.glassfish.jersey.examples,helloworld-programmatic,2.27,-,-,?,-,false,-
org.glassfish.jersey.examples,helloworld-pure-jax-rs,2.27,-,-,?,-,false,-
org.glassfish.jersey.examples,json-jettison,2.27,-,-,?,-,false,-
org.glassfish.jersey.examples,server-sent-events-jersey,2.27,-,-,?,-,false,-
org.glassfish.main,ant-tasks,5.0,-,-,?,-,false,-
org.glassfish.main.appclient,acc-config,5.0,-,-,?,-,false,-
org.glassfish.main.appclient,gf-client,5.0,-,-,?,-,false,-
org.glassfish.main.appclient,gf-client-module,5.0,-,-,?,-,false,sun.security.provider.PolicyFile         Use java.security.Policy.getInstance("JavaPolicy", new URIParameter(uri)) @since 1.6
org.glassfish.main.appclient.server,appclient-connector,5.0,-,-,?,-,false,-
org.glassfish.main.appclient.server,appclient-server-core,5.0,-,-,?,-,false,-
org.glassfish.main.batch,glassfish-batch-commands,5.0,-,-,?,-,false,-
org.glassfish.main.batch,glassfish-batch-connector,5.0,-,-,?,-,false,-
org.glassfish.main.cluster,cluster-admin,5.0,-,-,?,-,false,-
org.glassfish.main.cluster,cluster-cli,5.0,-,-,?,-,false,-
org.glassfish.main.cluster,cluster-common,5.0,-,-,?,-,false,-
org.glassfish.main.cluster,cluster-ssh,5.0,-,-,?,-,false,-
org.glassfish.main.cluster,gms-adapter,5.0,-,-,?,-,false,-
org.glassfish.main.cluster,gms-bootstrap,5.0,-,-,?,-,false,-
org.glassfish.main.diagnostics,diagnostics-api,5.0,-,-,?,-,false,-
org.glassfish.main.diagnostics,diagnostics-context,5.0,-,-,?,-,false,-
org.glassfish.main.flashlight,flashlight-agent,5.0,-,-,?,-,false,-
org.glassfish.main.flashlight,flashlight-client,5.0,-,-,?,-,false,-
org.glassfish.main.flashlight,flashlight-extra-jdk-packages,5.0,-,-,?,-,false,-
org.glassfish.main.flashlight,flashlight-framework,5.0,-,-,?,-,false,-
org.glassfish.main.jms,gf-jms-connector,5.0,-,-,?,-,false,-
org.glassfish.main.jms,gf-jms-injection,5.0,-,-,?,-,false,-
org.glassfish.main.jms,jms-admin,5.0,-,-,?,-,false,-
org.glassfish.main.jms,jms-core,5.0,-,-,?,-,false,-
org.glassfish.main.loadbalancer,gf-load-balancer-connector,5.0,-,-,?,-,false,-
org.glassfish.main.loadbalancer,load-balancer-admin,5.0,-,-,?,-,false,-
org.glassfish.main.security,appclient.security,5.0,-,-,?,-,false,-
org.glassfish.main.security,ejb.security,5.0,-,-,?,-,false,sun.security.x509.X500Name               Use javax.security.auth.x500.X500Principal @since 1.4
org.glassfish.main.security,inmemory.jacc.provider,5.0,-,-,?,-,false,sun.security.provider.PolicyFile         Use java.security.Policy.getInstance("JavaPolicy", new URIParameter(uri)) @since 1.6
org.glassfish.main.security,jaspic.provider.framework,5.0,-,-,?,-,false,-
org.glassfish.main.security,security,5.0,-,-,?,-,false,sun.security.x509.X500Name               Use javax.security.auth.x500.X500Principal @since 1.4
org.glassfish.main.security,security-ee,5.0,-,-,?,-,false,sun.security.provider.PolicyFile         Use java.security.Policy.getInstance("JavaPolicy", new URIParameter(uri)) @since 1.6
org.glassfish.main.security,security-services,5.0,-,-,?,-,false,-
org.glassfish.main.security,ssl-impl,5.0,-,-,?,-,false,-
org.glassfish.main.security,websecurity,5.0,-,-,?,-,false,sun.security.x509.X500Name               Use javax.security.auth.x500.X500Principal @since 1.4
org.glassfish.main.security,webservices.security,5.0,-,-,?,-,false,-
org.glassfish.main.transaction,jta,5.0,-,-,?,-,false,-
org.glassfish.main.transaction,jts,5.0,-,-,?,-,false,-
org.glassfish.main.transaction,transaction-internal-api,5.0,-,-,?,-,false,-
org.glassfish.main,verifier,5.0,-,-,?,-,false,sun.security.action.GetPropertyAction    Use java.security.PrivilegedAction @since 1.1
org.glassfish.main.web,cdi-api-fragment,5.0,-,-,?,-,false,-
org.glassfish.main.web,gf-web-connector,5.0,-,-,?,-,false,-
org.glassfish.main.web,gf-weld-connector,5.0,-,-,?,-,false,-
org.glassfish.main.web,jersey-mvc-connector,5.0,-,-,?,-,false,-
org.glassfish.main.web,jspcaching-connector,5.0,-,-,?,-,false,-
org.glassfish.main.web,jstl-connector,5.0,-,-,?,-,false,-
org.glassfish.main.webservices,jsr109-impl,5.0,-,-,?,-,false,-
org.glassfish.main.webservices,metro-glue,5.0,-,-,?,-,false,-
org.glassfish.main.webservices,soap-tcp,5.0,-,-,?,-,false,-
org.glassfish.main.webservices,webservices-connector,5.0,-,-,?,-,false,-
org.glassfish.main.web,war-util,5.0,-,-,?,-,false,-
org.glassfish.main.web,web-core,5.0,-,-,?,-,false,-
org.glassfish.main.web,web-glue,5.0,-,-,?,-,false,-
org.glassfish.main.web,web-gui-plugin-common,5.0,-,-,?,-,false,-
org.glassfish.main.web,web-ha,5.0,-,-,?,-,false,-
org.glassfish.main.web,web-naming,5.0,-,-,?,-,false,-
org.glassfish.main.web,web-sse,5.0,-,-,?,-,false,-
org.glassfish.main.web,weld-integration,5.0,-,-,?,-,false,-
org.glassfish.main.web,weld-integration-fragment,5.0,-,-,?,-,false,-
org.glassfish.pfl,pfl-asm,4.0.1-b003,-,-,?,-,false,-
org.glassfish.pfl,pfl-basic,4.0.1-b003,-,-,?,-,true,-
org.glassfish.pfl,pfl-basic-tools,4.0.1-b003,-,-,?,-,false,-
org.glassfish.pfl,pfl-dynamic,4.0.1-b003,-,-,?,-,false,-
org.glassfish.pfl,pfl-test,4.0.1-b003,-,-,?,-,false,-
org.glassfish.pfl,pfl-tf,4.0.1-b003,-,-,?,-,false,-
org.glassfish.pfl,pfl-tf-tools,4.0.1-b003,-,-,?,-,false,-
org.glassfish.web,javax.el,2.2.6,-,-,?,-,false,-
org.glassfish.web,javax.servlet.jsp,2.3.4,-,-,?,-,false,-
org.glassfish.web,javax.servlet.jsp.jstl,1.2.5,-,-,?,-,false,-
org.glassfish.web,jsp-impl,2.2.1-b04,-,-,?,-,false,-
