groupId,artifactId,version,moduleName,moduleVersion,moduleMode,moduleDependencies,jdepsToolError,jdepsViolations
com.2808proxy,proxy2808-api,1.0.1,-,-,?,-,false,-
com.ahome-it,ahome-tooling-common,2.0.7-RELEASE,-,-,?,-,false,-
com.ahome-it,ahome-tooling-nativetools,2.0.7-RELEASE,-,-,?,-,false,-
com.ahome-it,ahome-tooling-server-core,1.1.36-RELEASE,-,-,?,-,false,-
com.ahome-it,ahome-tooling-server-mongodb,1.1.36-RELEASE,-,-,?,-,false,-
com.ahome-it,ahome-tooling-server-rest,1.1.36-RELEASE,-,-,?,-,false,-
com.ahome-it,ahome-tooling-server-sql,1.1.36-RELEASE,-,-,?,-,false,-
com.ahome-it,lienzo-core,2.0.300-RELEASE,-,-,?,-,false,-
com.ahome-it,lienzo-tests,2.0.295-RELEASE,-,-,?,-,false,-
com.akamai,edgeauth,0.2.0,-,-,?,-,false,-
com.akamai,EdgeAuth-Token-Java,0.1.0,-,-,?,-,false,-
com.akamai.edgegrid,edgegrid-signer-apache-http-client,3.0.0,-,-,?,-,false,-
com.akamai.edgegrid,edgegrid-signer-async-http-client,3.0.0,-,-,?,-,false,-
com.akamai.edgegrid,edgegrid-signer-core,3.0.0,-,-,?,-,false,-
com.akamai.edgegrid,edgegrid-signer-gatling,3.0.0,-,-,?,-,false,-
com.akamai.edgegrid,edgegrid-signer-google-http-client,3.0.0,-,-,?,-,false,-
com.akamai.edgegrid,edgegrid-signer-rest-assured,3.0.0,-,-,?,-,false,-
com.arsframework,ars-core,2.0.6,-,-,?,-,false,-
com.arsframework,ars-database,2.0.0,-,-,?,-,false,-
com.arsframework,ars-module-cms,2.0.0,-,-,?,-,false,-
com.arsframework,ars-module-educate,1.1.4,-,-,?,-,false,-
com.arsframework,ars-module-location,2.0.0,-,-,?,-,false,-
com.arsframework,ars-module-mobile,2.0.0,-,-,?,-,false,-
com.arsframework,ars-module-people,2.0.0,-,-,?,-,false,-
com.arsframework,ars-module-system,2.0.0,-,-,?,-,false,-
com.asana,asana,0.8.0,-,-,?,-,false,-
com.avrios.mvn.plugin,properties2json,1.1,-,-,?,-,false,-
com.bahmanm,persianutils_2.10,2.0,-,-,?,-,false,-
com.bahmanm,persianutils_2.11,2.0,-,-,?,-,false,-
com.baliset,springboot-web-utility,0.1.2,-,-,?,-,false,-
com.bynder,bynder-java-sdk,1.1.2,-,-,?,-,false,-
com.bynder,orbit-java-sdk,1.0.1,-,-,?,-,false,-
com.codekeepersinc,kamonlogstash_2.11,0.0.1,-,-,?,-,false,-
com.damnhandy,handy-uri-templates,2.1.7,-,-,?,-,false,-
com.elypia,commandler,1.1.11,-,-,?,-,false,-
com.elypia,elypiai,1.0.6,-,-,?,-,false,-
com.fathzer,ajlib,0.3.11,-,-,?,-,false,-
com.fathzer,javaluator,3.0.2,-,-,?,-,false,-
com.fathzer,javaluator-examples,3.0.2,-,-,?,-,false,-
com.fathzer,jclop2,0.1.0,-,-,?,-,false,-
com.fathzer,jclop-dropbox2,0.1.1,-,-,?,-,false,-
com.fathzer,yapbam-commons,1.8.6,-,-,?,-,false,-
com.fenbi.mp4j,ytk-mp4j,0.0.1,-,-,?,-,false,-
com.fenbi,ytk-learn,0.0.3,-,-,?,-,false,-
com.io-informatics.oss,jackson-jsonld,0.1.1,-,-,?,-,false,-
com.jfinal,cos,2017.5,-,-,?,-,false,-
com.jfinal,enjoy,3.4,-,-,?,-,false,-
com.jfinal,jfinal,3.4,-,-,?,-,false,-
com.jfinal,jfinal-ext3,4.0.1,-,-,?,-,false,-
com.jfinal,jfinal-java8,3.4,-,-,?,-,false,-
com.jfinal,jfinal-qyweixin,1.0,-,-,?,-,false,-
com.jfinal,jfinal-weixin,2.1,-,-,?,-,false,-
com.jgcomptech.tools,java-ultimate-tools,1.4.2,-,-,?,-,false,java.awt.peer.ComponentPeer              Should not use. See https://bugs.openjdk.java.net/browse/JDK-8037739
com.jituancaiyun.openapi,openapi-client,1.5.1,-,-,?,-,false,-
com.kasisoft.cdi,configuration,0.8,-,-,?,-,false,-
com.kasisoft.cdi,freemarker-service,1.0,-,-,?,-,false,-
com.kasisoft.cdi,password-service,0.9,-,-,?,-,false,-
com.kasisoft.cdi,weldex,0.4,-,-,?,-,false,-
com.kasisoft.cdi,wikitext-service,0.9,-,-,?,-,false,-
com.kasisoft.cdi,yaml-service,0.9,-,-,?,-,false,-
com.kasisoft,com.kasisoft.libs.common,3.3,-,-,?,-,false,-
com.kasisoft,com.kasisoft.libs.fmx,0.4,-,-,?,-,false,-
com.kasisoft.mgnl,com.kasisoft.mgnl.fmx,0.1,-,-,?,-,false,-
com.kasisoft.mgnl,com.kasisoft.mgnl.fragments,0.1,-,-,?,-,false,-
com.kasisoft.mgnl,com.kasisoft.mgnl.jcx,0.1,-,-,?,-,false,-
com.kasisoft.mgnl,com.kasisoft.mgnl.util,0.3,-,-,?,-,false,-
com.kasisoft.mgnl,com.kasisoft.mgnl.versionhandler,0.2,-,-,?,-,false,-
com.kasisoft.mgnl,ks-mgnl-fmx,0.7,-,-,?,-,false,-
com.kasisoft.mgnl,ks-mgnl-fragments,0.5,-,-,?,-,false,-
com.kasisoft.mgnl,ks-mgnl-jcx,0.5,-,-,?,-,false,-
com.kasisoft.mgnl,ks-mgnl-util,0.8,-,-,?,-,false,-
com.kasisoft.mgnl,ks-mgnl-versionhandler,0.6,-,-,?,-,false,-
com.kasisoft.mgnl,light-yaml,1.2,-,-,?,-,false,-
com.kosprov.jargon2,jargon2-api,1.1.1,-,-,?,-,false,-
com.kosprov.jargon2,jargon2-native-ri-backend,1.1.1,-,-,?,-,false,-
com.kosprov.jargon2,jargon2-native-ri-binaries-generic,1.1.1,-,-,?,-,false,-
com.liferay,com.liferay.osgi.util,3.0.6,-,-,?,-,false,-
com.liferay,com.liferay.portal.background.task.service,2.0.10,-,-,?,-,false,-
com.liferay,com.liferay.portal.configuration.cluster,2.1.2,-,-,?,-,false,-
com.liferay,com.liferay.portal.configuration.extender,2.0.7,-,-,?,-,false,-
com.liferay,com.liferay.portal.configuration.module.configuration,2.0.4,-,-,?,-,false,-
com.liferay,com.liferay.portal.language.extender,2.0.2,-,-,?,-,false,-
com.liferay,com.liferay.portal.language.servlet.filter,2.0.2,-,-,?,-,false,-
com.liferay,com.liferay.portal.lock.service,2.0.6,-,-,?,-,false,-
com.liferay,com.liferay.portal.log4j.extender,2.0.3,-,-,?,-,false,-
com.liferay,com.liferay.portal.messaging,3.0.4,-,-,?,-,false,-
com.liferay,com.liferay.portal.monitoring,4.0.9,-,-,?,-,false,-
com.liferay,com.liferay.portal.osgi.web.portlet.tracker,2.0.5,-,-,?,-,false,-
com.liferay,com.liferay.portal.osgi.web.servlet.jsp.compiler,2.0.12,-,-,?,-,false,-
com.liferay,com.liferay.portal.osgi.web.wab.extender,2.0.13,-,-,?,-,false,-
com.liferay,com.liferay.portal.remote.http.tunnel.extender,2.0.2,-,-,?,-,false,-
com.liferay,com.liferay.portal.remote.rest.extender,2.0.4,-,-,?,-,false,-
com.liferay,com.liferay.portal.scheduler.quartz,2.1.2,-,-,?,-,false,-
com.liferay,com.liferay.portal.scripting.executor,2.1.1,-,-,?,-,false,-
com.liferay,com.liferay.portal.search,3.4.5,-,-,?,-,false,-
com.liferay,com.liferay.portal.search.solr,2.0.7,-,-,?,-,false,-
com.liferay,com.liferay.portal.search.web,1.1.10,-,-,?,-,false,-
com.liferay,com.liferay.portal.security.antisamy,2.0.4,-,-,?,-,false,-
com.liferay,com.liferay.portal.security.auth.verifier,2.0.2,-,-,?,-,false,-
com.liferay,com.liferay.portal.security.service.access.policy.service,2.0.11,-,-,?,-,false,-
com.liferay,com.liferay.portal.settings.authentication.ldap.web,1.0.7,-,-,?,-,false,-
com.liferay,com.liferay.portal.store.cmis,2.0.4,-,-,?,-,false,-
com.liferay,com.liferay.portal.store.file.system,2.0.3,-,-,?,-,false,-
com.liferay,com.liferay.portal.store.jcr,2.0.2,-,-,?,-,false,-
com.liferay,com.liferay.portal.store.s3,2.0.5,-,-,?,-,false,-
com.liferay,com.liferay.portal.template.freemarker,2.0.14,-,-,?,-,false,-
com.liferay,com.liferay.portal.template.velocity,2.0.8,-,-,?,-,false,-
com.liferay,com.liferay.portal.template.xsl,2.0.2,-,-,?,-,false,-
com.liferay,com.liferay.portal.workflow.kaleo.api,2.0.1,-,-,?,-,false,-
com.liferay,com.liferay.portal.workflow.kaleo.definition.api,2.0.2,-,-,?,-,false,-
com.liferay,com.liferay.portal.workflow.kaleo.definition.impl,2.0.1,-,-,?,-,false,-
com.liferay,com.liferay.portal.workflow.kaleo.runtime.impl,2.0.7,-,-,?,-,false,-
com.liferay,com.liferay.portal.workflow.kaleo.service,2.0.14,-,-,?,-,false,-
com.liferay,com.liferay.portal.workflow.task.web,1.0.11,-,-,?,-,false,-
com.liferay,com.liferay.product.navigation.control.menu.theme.contributor,2.0.4,-,-,?,-,false,-
com.liferay,com.liferay.product.navigation.control.menu.web,2.0.7,-,-,?,-,false,-
com.liferay,com.liferay.push.notifications.service,1.0.7,-,-,?,-,false,-
com.liferay,com.liferay.registry.impl,1.0.3,-,-,?,-,false,-
com.liferay,com.liferay.roles.admin.web,1.0.14,-,-,?,-,false,-
com.liferay,com.liferay.rss.web,2.1.3,-,-,?,-,false,-
com.liferay,com.liferay.screens.service,1.0.14,-,-,?,-,false,-
com.liferay,com.liferay.server.admin.web,1.0.10,-,-,?,-,false,-
com.liferay,com.liferay.server.manager,1.0.3,-,-,?,-,false,-
com.liferay,com.liferay.site.admin.web,1.0.14,-,-,?,-,false,-
com.liferay,com.liferay.site.item.selector.web,2.0.6,-,-,?,-,false,-
com.liferay,com.liferay.site.memberships.web,1.0.14,-,-,?,-,false,-
com.liferay,com.liferay.site.navigation.site.map.web,2.0.4,-,-,?,-,false,-
com.liferay,com.liferay.staging.configuration.web,1.0.7,-,-,?,-,false,-
com.liferay,com.liferay.staging.security,2.0.13,-,-,?,-,false,-
com.liferay,com.liferay.staging.taglib,3.1.6,-,-,?,-,false,-
com.liferay,com.liferay.sync.service,1.3.3,-,-,?,-,false,-
com.liferay,com.liferay.trash.web,1.0.10,-,-,?,-,false,-
com.liferay,com.liferay.user.groups.admin.web,1.0.9,-,-,?,-,false,-
com.liferay,com.liferay.users.admin.web,2.0.13,-,-,?,-,false,-
com.liferay,com.liferay.weather.web,1.0.2,-,-,?,-,false,-
com.liferay,com.liferay.web.form.web,1.0.5,-,-,?,-,false,-
com.liferay,com.liferay.websocket.whiteboard,1.0.1,-,-,?,-,false,-
com.liferay,com.liferay.wiki.engine.creole,2.0.7,-,-,?,-,false,-
com.liferay,com.liferay.wiki.service,1.2.14,-,-,?,-,false,-
com.liferay,com.liferay.wiki.web,2.1.9,-,-,?,-,false,-
com.liferay,com.liferay.youtube.web,1.0.5,-,-,?,-,false,-
com.mohiva,play-html-compressor_2.11,0.7.1,-,-,?,-,false,-
com.mohiva,play-html-compressor_2.12,0.7.1,-,-,?,-,false,-
com.mohiva,play-silhouette_2.11,5.0.5,-,-,?,-,false,-
com.mohiva,play-silhouette_2.12,5.0.5,-,-,?,-,false,-
com.mohiva,play-silhouette-cas_2.11,5.0.5,-,-,?,-,false,-
com.mohiva,play-silhouette-cas_2.12,5.0.5,-,-,?,-,false,-
com.mohiva,play-silhouette-crypto-jca_2.11,5.0.5,-,-,?,-,false,-
com.mohiva,play-silhouette-crypto-jca_2.12,5.0.5,-,-,?,-,false,-
com.mohiva,play-silhouette-password-bcrypt_2.11,5.0.5,-,-,?,-,false,-
com.mohiva,play-silhouette-password-bcrypt_2.12,5.0.5,-,-,?,-,false,-
com.mohiva,play-silhouette-persistence_2.11,5.0.5,-,-,?,-,false,-
com.mohiva,play-silhouette-persistence_2.12,5.0.5,-,-,?,-,false,-
com.mohiva,play-silhouette-persistence-reactivemongo_2.11,5.0.1,-,-,?,-,false,-
com.mohiva,play-silhouette-persistence-reactivemongo_2.12,5.0.2,-,-,?,-,false,-
com.mohiva,play-silhouette-testkit_2.11,5.0.5,-,-,?,-,false,-
com.mohiva,play-silhouette-testkit_2.12,5.0.5,-,-,?,-,false,-
com.nitorcreations,aws-vault,0.14,-,-,?,-,false,-
com.nitorcreations,java8utils,1.0.1,-,-,?,-,false,-
com.nitorcreations,spring-property-aws-ssm-resolver,1.0.0,-,-,?,-,false,-
com.oneops.boo,boo,1.0.18,-,-,?,-,false,-
com.oneops,certs-client,1.1.4,-,-,?,-,false,-
com.oneops,gslb,1.0.6,-,-,?,-,false,-
com.oneops,infoblox-java,1.1.0,-,-,?,-,false,-
com.oneops.maven.plugins,really-executable-jar-maven-plugin,1.4.2,-,-,?,-,false,-
com.oneops,oneops-client,5.0.21,-,-,?,-,false,-
com.oneops,oneops-client-config,0.0.2,-,-,?,-,false,-
com.oneops,oneops-inventory,0.1.1,-,-,?,-,false,-
com.oneops,secrets-cli,1.1.0,-,-,?,-,false,-
com.oneops,secrets-proxy,1.3.0,-,-,?,-,false,sun.security.x509.X500Name               Use javax.security.auth.x500.X500Principal @since 1.4
com.pepegar,hammock-akka-http_2.10,0.7.1,-,-,?,-,false,-
com.pepegar,hammock-akka-http_2.11,0.8.5,-,-,?,-,false,-
com.pepegar,hammock-akka-http_2.12,0.8.5,-,-,?,-,false,-
com.pepegar,hammock-asynchttpclient_2.11,0.8.5,-,-,?,-,false,-
com.pepegar,hammock-asynchttpclient_2.12,0.8.5,-,-,?,-,false,-
com.pepegar,hammock-circe_2.10,0.7.1,-,-,?,-,false,-
com.pepegar,hammock-circe_2.11,0.8.5,-,-,?,-,false,-
com.pepegar,hammock-circe_2.12,0.8.5,-,-,?,-,false,-
com.pepegar,hammock-circe_sjs0.6_2.10,0.7.1,-,-,?,-,false,-
com.pepegar,hammock-circe_sjs0.6_2.11,0.8.5,-,-,?,-,false,-
com.pepegar,hammock-circe_sjs0.6_2.12,0.8.5,-,-,?,-,false,-
com.pepegar,hammock-core_2.10,0.7.1,-,-,?,-,false,-
com.pepegar,hammock-core_2.11,0.8.5,-,-,?,-,false,-
com.pepegar,hammock-core_2.12,0.8.5,-,-,?,-,false,-
com.pepegar,hammock-core_sjs0.6_2.10,0.7.1,-,-,?,-,false,-
com.pepegar,hammock-core_sjs0.6_2.11,0.8.5,-,-,?,-,false,-
com.pepegar,hammock-core_sjs0.6_2.12,0.8.5,-,-,?,-,false,-
com.rometools,rome,1.11.0,com.rometools.rome,-,automatic,-,false,-
com.rometools,rome-certiorem,1.11.0,-,-,?,-,false,-
com.rometools,rome-fetcher,1.11.0,-,-,?,-,false,-
com.rometools,rome-modules,1.11.0,com.rometools.rome.modules,-,automatic,-,false,-
com.rometools,rome-opml,1.11.0,com.rometools.rome.opml,-,automatic,-,false,-
com.rometools,rome-osgi-test,1.11.0,-,-,?,-,false,-
com.rometools,rome-propono,1.11.0,-,-,?,-,false,-
com.rometools,rome-utils,1.11.0,com.rometools.rome.utils,-,automatic,-,false,-
com.slyak,slyak-core,1.0.4.RELEASE,-,-,?,-,false,-
com.slyak,slyak-web,1.0.4.RELEASE,-,-,?,-,false,-
com.slyak,slyak-web-bootstrap,1.0.4.RELEASE,-,-,?,-,false,-
com.slyak,spring-boot-starter-jpa-extra,2.1.1.RELEASE,-,-,?,-,false,-
com.slyak,spring-data-jpa-extra,2.1.1.RELEASE,-,-,?,-,false,-
com.strapdata.cassandra,cassandra-all,3.11.2,-,-,?,-,false,sun.misc.Cleaner                         Use java.lang.ref.PhantomReference @since 1.2 or java.lang.ref.Cleaner @since 9 + sun.misc.Unsafe                          See http://openjdk.java.net/jeps/260
com.strapdata.cassandra,cassandra-clientutil,3.0.13,-,-,?,-,false,sun.misc.Cleaner                         Use java.lang.ref.PhantomReference @since 1.2 or java.lang.ref.Cleaner @since 9 + sun.misc.Unsafe                          See http://openjdk.java.net/jeps/260
com.strapdata.cassandra,cassandra-thrift,3.11.2,-,-,?,-,false,-
com.strapdata.elasticsearch,dev-tools,2.4.5,-,-,?,-,false,-
com.strapdata.elasticsearch.distribution.deb,elasticsearch,2.4.5,-,-,?,-,false,-
com.strapdata.elasticsearch.distribution.tar,elasticsearch,2.4.5,-,-,?,-,false,-
com.strapdata.elasticsearch.distribution.test,elasticsearch,2.4.5,-,-,?,-,false,-
com.strapdata.elasticsearch.distribution.zip,elasticsearch,2.4.5,-,-,?,-,false,-
com.strapdata.elasticsearch,elasticsearch,5.5.0,-,-,?,-,false,-
com.strapdata.elasticsearch.module,lang-expression,2.4.5,-,-,?,-,false,-
com.strapdata.elasticsearch.module,lang-groovy,2.4.5,-,-,?,-,false,-
com.strapdata.elasticsearch.module,reindex,2.4.5,-,-,?,-,false,-
com.strapdata.elasticsearch.plugin,analysis-icu,2.4.5,-,-,?,-,false,-
com.strapdata.elasticsearch.plugin,analysis-kuromoji,2.4.5,-,-,?,-,false,-
com.strapdata.elasticsearch.plugin,analysis-smartcn,2.4.5,-,-,?,-,false,-
com.strapdata.elasticsearch.plugin,delete-by-query,2.4.5,-,-,?,-,false,-
com.strapdata.elasticsearch.plugin,jvm-example,2.4.5,-,-,?,-,false,-
com.strapdata.elasticsearch.plugin,lang-javascript,2.4.5,-,-,?,-,false,-
com.strapdata.elasticsearch.plugin,lang-python,2.4.5,-,-,?,-,false,-
com.strapdata.elasticsearch.plugin,mapper-attachments,2.4.5,-,-,?,-,false,-
com.strapdata.elasticsearch.plugin,mapper-murmur3,2.4.5,-,-,?,-,false,-
com.strapdata.elasticsearch.plugin,mapper-size,2.4.5,-,-,?,-,false,-
com.strapdata.elasticsearch.plugin,site-example,2.4.5,-,-,?,-,false,-
com.strapdata.elasticsearch.qa.backwards,2.0,2.4.5,-,-,?,-,false,-
com.strapdata.elasticsearch.qa.backwards,2.1,2.4.5,-,-,?,-,false,-
com.strapdata.elasticsearch.qa.backwards,2.2,2.4.5,-,-,?,-,false,-
com.strapdata.elasticsearch.qa.backwards,2.3,2.4.5,-,-,?,-,false,-
com.strapdata.elasticsearch.qa.backwards,current,2.4.5,-,-,?,-,false,-
com.strapdata.elasticsearch.qa.backwards,shared,2.4.5,-,-,?,-,false,-
com.strapdata.elasticsearch.qa,smoke-test-client,2.4.5,-,-,?,-,false,-
com.strapdata.elasticsearch.qa,smoke-test-command-line-params,2.4.5,-,-,?,-,false,-
com.strapdata.elasticsearch.qa,smoke-test-multinode,2.4.5,-,-,?,-,false,-
com.strapdata.elasticsearch.qa,smoke-test-plugins,2.4.5,-,-,?,-,false,-
com.strapdata.elasticsearch.qa,smoke-test-reindex-with-groovy,2.4.5,-,-,?,-,false,-
com.strapdata.elasticsearch,rest-api-spec,2.4.5,-,-,?,-,false,-
com.strapdata,javassist-maven-plugin,2.5,-,-,?,-,false,-
com.strapdata,javassist-maven-plugin-core,2.5,-,-,?,-,false,-
com.telerivet,TelerivetAPIClient,1.4.1,-,-,?,-,false,-
com.tomakeitgo.markdown,markdown-se,1.0.2,-,-,?,-,false,-
com.tqlab.plugin,tqlab-mybatis-plugin,1.0.7,-,-,?,-,false,-
com.yunify,qingstor.sdk.java,2.2.11-all-deps,-,-,?,-,false,-
com.zendesk,maxwell,1.17.1,-,-,?,-,false,-
com.zendesk,scala-flow-core_2.12,0.1.2,-,-,?,-,false,-
com.zendesk.suas,suas,1.2.0,-,-,?,-,false,-
com.zendesk.suas,suas-logger,1.2.0,-,-,?,-,false,-
com.zendesk.suas,suas-monitor,1.2.0,-,-,?,-,false,-
com.zendesk.suas,suas-thunk,1.2.0,-,-,?,-,false,-
