groupId,artifactId,version,moduleName,moduleVersion,moduleMode,moduleDependencies,jdepsToolError,jdepsViolations
org.wso2.andes.wso2,andes,4.0.0,-,-,?,-,false,sun.misc.Signal                          See http://openjdk.java.net/jeps/260 + sun.misc.SignalHandler                   See http://openjdk.java.net/jeps/260 + sun.misc.Unsafe                          See http://openjdk.java.net/jeps/260 + sun.reflect.generics.reflectiveObjects.NotImplementedException Removed. See http://openjdk.java.net/jeps/260
org.wso2.andes.wso2,andes-client,4.0.0,-,-,?,-,false,-
org.wso2.carbon.identity.inbound.provisioning.scim2,org.wso2.carbon.identity.scim2.common,1.2.5,-,-,?,-,false,-
org.wso2.orbit.org.apache.mina,mina-all,1.1.7-wso2v3,-,-,?,-,false,-
org.wso2.org.apache.mina,mina-core,1.1.7-wso2v4,-,-,?,-,false,-
org.wso2.org.apache.mina,mina-filter-codec-netty,1.1.7-wso2v4,-,-,?,-,false,-
org.wso2.org.apache.mina,mina-filter-compression,1.1.7-wso2v4,-,-,?,-,false,-
org.wso2.org.apache.mina,mina-filter-ssl,1.1.7-wso2v4,-,-,?,-,false,-
org.wso2.org.apache.mina,mina-integration-jmx,1.1.7-wso2v4,-,-,?,-,false,-
org.wso2.org.apache.mina,mina-integration-spring,1.1.7-wso2v4,-,-,?,-,false,-
