groupId,artifactId,version,moduleName,moduleVersion,moduleMode,moduleDependencies,jdepsToolError,jdepsViolations
ch.streamly,streamly-domain,1.0.0,-,-,?,-,false,-
com.ardikars.common,common,1.0.0.Final,-,-,?,-,false,-
com.ardikars.common,common-annotation,1.0.0.Final,-,-,?,-,false,-
com.ardikars.common,common-net,1.0.0.Final,-,-,?,-,false,-
com.ardikars.common,common-util,1.0.0.Final,-,-,?,-,false,-
com.ardikars.jxnet,jxnet-context,1.2.0.Final,-,-,?,-,false,-
com.ardikars.jxnet,jxnet-core,1.2.0.Final,-,-,?,-,false,-
com.bitplan.rest,com.bitplan.simplerest-example,0.0.2,-,-,?,-,false,-
com.coxautodata,waimak-azure-table_2.11,1.5.1,-,-,?,-,false,-
com.coxautodata,waimak-configuration_2.11,1.5.1,-,-,?,-,false,-
com.coxautodata,waimak-core_2.11,1.5.1,-,-,?,-,false,-
com.coxautodata,waimak-impala_2.11,1.5.1,-,-,?,-,false,-
com.coxautodata,waimak-rdbm-export_2.11,1.5.1,-,-,?,-,false,-
com.coxautodata,waimak-rdbm-ingestion_2.11,1.5.1,-,-,?,-,false,-
com.coxautodata,waimak-storage_2.11,1.5.1,-,-,?,-,false,-
com.deltaprojects,lagom-opentracing_2.11,0.2.1,-,-,?,-,false,-
com.deltaprojects,lagom-opentracing_2.12,0.2.1,-,-,?,-,false,-
com.google.apis,google-api-services-youtubereporting,v1-rev537-1.23.0,-,-,?,-,false,-
com.lightstep.tracer,lightstep-tracer-jre,0.14.4,-,-,?,-,false,-
com.lightstep.tracer,lightstep-tracer-jre-shadow,0.14.4,-,-,?,-,false,sun.misc.Unsafe                          See http://openjdk.java.net/jeps/260
com.redislabs,jredisgraph,1.0.3,-,-,?,-,false,-
com.sap.cloud.lm.sl,cloudfoundry-client-lib,1.1.4.RELEASE-sap-21,-,-,?,-,false,sun.misc.BASE64Decoder                   Use java.util.Base64 @since 1.8
com.satalia.solveengine,solveengine,1.0.0,-,-,?,-,false,-
com.smartmeapp.monitor,monitor,1.0,-,-,?,-,false,-
com.xiaomi.infra.galaxy,galaxy-sds-client,1.2.18,-,-,?,-,false,-
io.fabric8,kubernetes-client,4.0.4,-,-,?,-,false,-
io.fabric8,kubernetes-examples,4.0.4,-,-,?,-,false,-
io.fabric8.kubernetes,kubernetes-karaf,4.0.4,-,-,?,-,false,-
io.fabric8.kubernetes,kubernetes-karaf-itests,4.0.4,-,-,?,-,false,-
io.fabric8,kubernetes-openshift-uberjar,4.0.4,-,-,?,-,false,-
io.fabric8,kubernetes-server-mock,4.0.4,-,-,?,-,false,-
io.fabric8,kubernetes-test,4.0.4,-,-,?,-,false,-
io.fabric8,openshift-client,4.0.4,-,-,?,-,false,-
io.fabric8,openshift-server-mock,4.0.4,-,-,?,-,false,-
io.github.jffiorillo,jvmbuilder,0.0.4,-,-,?,-,false,-
io.github.kaiso.relmongo,relmongo,2.2.0,-,-,?,-,false,-
io.smartup.zipkin,zipkin-datadog-reporter-autoconfigure,1.0.2,-,-,?,-,false,-
io.smartup.zipkin,zipkin-datadog-reporter-core,1.0.2,-,-,?,-,false,-
io.smartup.zipkin,zipkin-datadog-reporter-starter,1.0.2,-,-,?,-,false,-
org.molgenis,molgenis-amazon-bucket,7.0.0-RC5,-,-,?,-,false,-
org.molgenis,molgenis-api-tests,7.0.0-RC5,-,-,?,-,false,-
org.molgenis,molgenis-app-manager,7.0.0-RC5,-,-,?,-,false,-
org.molgenis,molgenis-beacon,7.0.0-RC5,-,-,?,-,false,-
org.molgenis,molgenis-bootstrap,7.0.0-RC5,-,-,?,-,false,-
org.molgenis,molgenis-core,7.0.0-RC5,-,-,?,-,false,-
org.molgenis,molgenis-core-ui,7.0.0-RC5,-,-,?,-,false,-
org.molgenis,molgenis-data,7.0.0-RC5,-,-,?,-,false,-
org.molgenis,molgenis-data-cache,7.0.0-RC5,-,-,?,-,false,-
org.molgenis,molgenis-data-csv,7.0.0-RC5,-,-,?,-,false,-
org.molgenis,molgenis-data-elasticsearch,7.0.0-RC5,-,-,?,-,false,-
org.molgenis,molgenis-data-excel,7.0.0-RC5,-,-,?,-,false,-
org.molgenis,molgenis-dataexplorer,7.0.0-RC5,-,-,?,-,false,-
org.molgenis,molgenis-data-file,7.0.0-RC5,-,-,?,-,false,-
org.molgenis,molgenis-data-i18n,7.0.0-RC5,-,-,?,-,false,-
org.molgenis,molgenis-data-import,7.0.0-RC5,-,-,?,-,false,-
org.molgenis,molgenis-data-index,7.0.0-RC5,-,-,?,-,false,-
org.molgenis,molgenis-data-migrate,7.0.0-RC5,-,-,?,-,false,-
org.molgenis,molgenis-data-platform,7.0.0-RC5,-,-,?,-,false,-
org.molgenis,molgenis-data-plugin,7.0.0-RC5,-,-,?,-,false,-
org.molgenis,molgenis-data-postgresql,7.0.0-RC5,-,-,?,-,false,-
org.molgenis,molgenis-data-rest,7.0.0-RC5,-,-,?,-,false,-
org.molgenis,molgenis-data-rest-client,7.0.0-RC5,-,-,?,-,false,-
org.molgenis,molgenis-data-row-edit,7.0.0-RC5,-,-,?,-,false,-
org.molgenis,molgenis-data-security,7.0.0-RC5,-,-,?,-,false,-
org.molgenis,molgenis-data-validation,7.0.0-RC5,-,-,?,-,false,-
org.molgenis,molgenis-data-vcf,7.0.0-RC5,-,-,?,-,false,-
org.molgenis,molgenis-fair,7.0.0-RC5,-,-,?,-,false,-
org.molgenis,molgenis-file-ingester,7.0.0-RC5,-,-,?,-,false,-
org.molgenis,molgenis-genomebrowser,7.0.0-RC5,-,-,?,-,false,-
org.molgenis,molgenis-i18n,7.0.0-RC5,-,-,?,-,false,-
org.molgenis,molgenis-jobs,7.0.0-RC5,-,-,?,-,false,-
org.molgenis,molgenis-js,7.0.0-RC5,-,-,?,-,false,-
org.molgenis,molgenis-metadata-manager,7.0.0-RC5,-,-,?,-,false,-
org.molgenis,molgenis-navigator,7.0.0-RC5,-,-,?,-,false,-
org.molgenis,molgenis-one-click-importer,7.0.0-RC5,-,-,?,-,false,-
org.molgenis,molgenis-ontology,7.0.0-RC5,-,-,?,-,false,-
org.molgenis,molgenis-ontology-core,7.0.0-RC5,-,-,?,-,false,-
org.molgenis,molgenis-platform-integration-tests,7.0.0-RC5,-,-,?,-,false,-
org.molgenis,molgenis-python,7.0.0-RC5,-,-,?,-,false,-
org.molgenis,molgenis-questionnaires,7.0.0-RC5,-,-,?,-,false,-
org.molgenis,molgenis-r,7.0.0-RC5,-,-,?,-,false,-
org.molgenis,molgenis-scripts,7.0.0-RC5,-,-,?,-,false,-
org.molgenis,molgenis-scripts-core,7.0.0-RC5,-,-,?,-,false,-
org.molgenis,molgenis-searchall,7.0.0-RC5,-,-,?,-,false,-
org.molgenis,molgenis-security,7.0.0-RC5,-,-,?,-,false,-
org.molgenis,molgenis-security-core,7.0.0-RC5,-,-,?,-,false,-
org.molgenis,molgenis-security-ui,7.0.0-RC5,-,-,?,-,false,-
org.molgenis,molgenis-semantic-mapper,7.0.0-RC5,-,-,?,-,false,-
org.molgenis,molgenis-semantic-search,7.0.0-RC5,-,-,?,-,false,-
org.molgenis,molgenis-settings,7.0.0-RC5,-,-,?,-,false,-
org.molgenis,molgenis-settings-ui,7.0.0-RC5,-,-,?,-,false,-
org.molgenis,molgenis-swagger,7.0.0-RC5,-,-,?,-,false,-
org.molgenis,molgenis-test,7.0.0-RC5,-,-,?,-,false,-
org.molgenis,molgenis-util,7.0.0-RC5,-,-,?,-,false,-
org.molgenis,molgenis-web,7.0.0-RC5,-,-,?,-,false,-
org.pustefixframework.editor,pustefix-editor-backend,0.23.0,-,-,?,-,false,-
org.pustefixframework.editor,pustefix-editor-common,0.23.0,-,-,?,-,false,-
org.pustefixframework.logging,pustefix-log4j,0.23.0,-,-,?,-,false,-
org.pustefixframework.logging,pustefix-logback,0.23.0,-,-,?,-,false,-
org.pustefixframework.maven.plugins,pustefix-agent-plugin,0.23.0,-,-,?,-,false,-
org.pustefixframework.maven.plugins,pustefix-generate-plugin,0.23.0,-,-,?,-,false,-
org.pustefixframework.maven.plugins,pustefix-iwrapper-plugin,0.23.0,-,-,?,-,false,-
org.pustefixframework.maven.plugins,pustefix-pagelist-plugin,0.23.0,-,-,?,-,false,-
org.pustefixframework.maven.plugins,pustefix-patch-plugin,0.23.0,-,-,?,-,false,-
org.pustefixframework.maven.plugins,pustefix-resourceindex-plugin,0.23.0,-,-,?,-,false,-
org.pustefixframework.maven.plugins,pustefix-statuscode-plugin,0.23.0,-,-,?,-,false,-
org.pustefixframework.maven.plugins,pustefix-validator-plugin,0.23.0,-,-,?,-,false,-
org.pustefixframework.maven.plugins,pustefix-webapp-plugin,0.23.0,-,-,?,-,false,-
org.pustefixframework.maven.plugins,pustefix-webservice-plugin,0.23.0,-,-,?,-,false,-
org.pustefixframework.maven.plugins,pustefix-xslt-plugin,0.23.0,-,-,?,-,false,-
org.pustefixframework,pustefix-agent,0.23.0,-,-,?,-,false,-
org.pustefixframework,pustefix-cdi,0.22.4,-,-,?,-,false,-
org.pustefixframework,pustefix-cmis,0.23.0,-,-,?,-,false,-
org.pustefixframework,pustefix-core,0.23.0,-,-,?,-,false,-
org.pustefixframework,pustefix-live,0.23.0,-,-,?,-,false,-
org.pustefixframework,pustefix-security,0.23.0,-,-,?,-,false,-
org.pustefixframework.samples.modules,animal-module,0.23.0,-,-,?,-,false,-
org.pustefixframework.samples.modules,common-module,0.23.0,-,-,?,-,false,-
org.pustefixframework.samples.modules,sample-module-A,0.23.0,-,-,?,-,false,-
org.pustefixframework.samples.modules,sample-module-B,0.23.0,-,-,?,-,false,-
org.pustefixframework.samples.modules,sample-module-C,0.23.0,-,-,?,-,false,-
org.pustefixframework.samples,pustefix-i18n-core,0.23.0,-,-,?,-,false,-
org.pustefixframework.samples,pustefix-i18n-lang-de,0.23.0,-,-,?,-,false,-
org.pustefixframework.samples,pustefix-i18n-lang-en,0.23.0,-,-,?,-,false,-
org.pustefixframework.samples,pustefix-i18n-lang-fr,0.23.0,-,-,?,-,false,-
org.pustefixframework.samples,pustefix-i18n-tenant-ca,0.23.0,-,-,?,-,false,-
org.pustefixframework.samples,pustefix-i18n-tenant-de,0.23.0,-,-,?,-,false,-
org.pustefixframework.samples,pustefix-i18n-tenant-us,0.23.0,-,-,?,-,false,-
org.pustefixframework.webservices,pustefix-webservices-core,0.23.0,-,-,?,-,false,-
org.pustefixframework.webservices,pustefix-webservices-jaxws,0.23.0,-,-,?,-,false,-
org.pustefixframework.webservices,pustefix-webservices-jsonws,0.23.0,-,-,?,-,false,-
top.jfunc.common,common-crypto,1.2,-,-,?,-,false,sun.misc.BASE64Decoder                   Use java.util.Base64 @since 1.8 + sun.misc.BASE64Encoder                   Use java.util.Base64 @since 1.8
top.jfunc.common,common-db,1.2,-,-,?,-,false,-
top.jfunc.common,network,1.2,-,-,?,-,false,-
top.jfunc.common,utils,1.2,-,-,?,-,false,-
