groupId,artifactId,version,moduleName,moduleVersion,moduleMode,moduleDependencies,jdepsToolError,jdepsViolations
com.commercetools,commercetools-sync-java,v1.0.0-M12,-,-,?,-,false,-
com.commercetools.payment,common,1.1.0,-,-,?,-,false,-
com.commercetools.payment,nopsp-adapter,1.1.0,-,-,?,-,false,-
com.commercetools.payment,payone-adapter,1.1.0,-,-,?,-,false,-
com.commercetools.sdk.jvm.core,commercetools-convenience,1.35.0,-,-,?,-,false,-
com.commercetools.sdk.jvm.core,commercetools-internal-docs,1.35.0,-,-,?,-,false,-
com.commercetools.sdk.jvm.core,commercetools-internal-processors,1.35.0,-,-,?,-,false,-
com.commercetools.sdk.jvm.core,commercetools-java-client,1.35.0,-,-,?,-,false,-
com.commercetools.sdk.jvm.core,commercetools-java-client-ahc-1_8,1.35.0,-,-,?,-,false,-
com.commercetools.sdk.jvm.core,commercetools-java-client-ahc-1_9,1.35.0,-,-,?,-,false,-
com.commercetools.sdk.jvm.core,commercetools-java-client-ahc-2_0,1.35.0,-,-,?,-,false,-
com.commercetools.sdk.jvm.core,commercetools-java-client-apache-async,1.35.0,-,-,?,-,false,-
com.commercetools.sdk.jvm.core,commercetools-java-client-core,1.35.0,-,-,?,-,false,-
com.commercetools.sdk.jvm.core,commercetools-models,1.35.0,-,-,?,-,false,-
com.commercetools.sdk.jvm.core,commercetools-sdk-base,1.35.0,-,-,?,-,false,-
com.commercetools.sdk.jvm.core,mirror-subclass-plugin,1.25.0,-,-,?,-,false,-
com.commercetools.sdk.jvm.core,sdk-http,1.35.0,-,-,?,-,false,-
com.commercetools.sdk.jvm.core,sdk-http-ahc-1_8,1.35.0,-,-,?,-,false,-
com.commercetools.sdk.jvm.core,sdk-http-ahc-1_9,1.35.0,-,-,?,-,false,-
com.commercetools.sdk.jvm.core,sdk-http-ahc-2_0,1.35.0,-,-,?,-,false,-
com.commercetools.sdk.jvm.core,sdk-http-apache-async,1.35.0,-,-,?,-,false,-
com.commercetools.sunrise.cms,cms-api,0.2.1,-,-,?,-,false,-
com.commercetools.sunrise.cms,cms-contentful,0.2.1,-,-,?,-,false,-
com.commercetools.sunrise.cms,commercetools-sunrise-cms,0.2.1,-,-,?,-,false,-
com.commercetools.sunrise,common_2.11,1.0.0-M9.3,-,-,?,-,false,-
com.commercetools.sunrise.email,commercetools-sunrise-email,0.3.0,-,-,?,-,false,-
com.commercetools.sunrise.email,email-api,0.3.0,-,-,?,-,false,-
com.commercetools.sunrise.email,email-smtp,0.3.0,-,-,?,-,false,-
com.commercetools.sunrise,move-to-sdk_2.11,0.24.2,-,-,?,-,false,-
com.commercetools.sunrise,my-account_2.11,1.0.0-M9.3,-,-,?,-,false,-
com.commercetools.sunrise,product-catalog_2.11,1.0.0-M9.3,-,-,?,-,false,-
com.commercetools.sunrise,sbt-tasks_2.11,0.24.2,-,-,?,-,false,-
com.commercetools.sunrise,shopping-cart_2.11,1.0.0-M9.3,-,-,?,-,false,-
com.commercetools.sunrise,test-lib_2.11,1.0.0-M9.3,-,-,?,-,false,-
com.commercetools.sunrise,wishlist_2.11,1.0.0-M9.3,-,-,?,-,false,-
com.estafet.microservices.scrum,microservices-scrum-lib,1.0.1,-,-,?,-,false,-
com.estafet.microservices.scrum,microservices-scrum-pages-lib,1.0.0,-,-,?,-,false,-
com.inpaas,inpaas-httpclient,0.6.4,-,-,?,-,false,-
com.liferay.alloy-taglibs,alloy-taglib,1.1.12,-,-,?,-,false,-
com.liferay,com.liferay.amazon.rankings.web,1.0.6,-,-,?,-,false,-
com.liferay,com.liferay.ant.mirrors.get,1.0.2,-,-,?,-,false,-
com.liferay,com.liferay.asset.taglib,2.0.4,-,-,?,-,false,-
com.liferay,com.liferay.asset.tags.validator,1.0.3,-,-,?,-,false,-
com.liferay,com.liferay.bookmarks.api,2.0.2,-,-,?,-,false,-
com.liferay,com.liferay.calendar.service,2.1.12,-,-,?,-,false,sun.misc.Perf                            Removed. See http://openjdk.java.net/jeps/260
com.liferay,com.liferay.directory.web,1.0.6,-,-,?,-,false,-
com.liferay,com.liferay.document.library.repository.external,1.1.3,-,-,?,-,false,-
com.liferay,com.liferay.document.library.service,1.1.11,-,-,?,-,false,-
com.liferay,com.liferay.dynamic.data.lists.service,1.1.14,-,-,?,-,false,-
com.liferay,com.liferay.dynamic.data.mapping.io,2.0.10,-,-,?,-,false,-
com.liferay,com.liferay.dynamic.data.mapping.test.util,2.1.1,-,-,?,-,false,-
com.liferay,com.liferay.dynamic.data.mapping.type.captcha,2.0.3,-,-,?,-,false,-
com.liferay,com.liferay.dynamic.data.mapping.type.key.value,2.0.5,-,-,?,-,false,-
com.liferay,com.liferay.dynamic.data.mapping.type.options,2.0.6,-,-,?,-,false,-
com.liferay,com.liferay.exportimport.web,1.0.15,-,-,?,-,false,-
com.liferay,com.liferay.flags.web,2.0.4,-,-,?,-,false,-
com.liferay,com.liferay.frontend.css.rtl.converter,1.0.2,-,-,?,-,false,-
com.liferay,com.liferay.frontend.editor.alloyeditor.accessibility.web,1.0.2,-,-,?,-,false,-
com.liferay,com.liferay.frontend.editor.simple.web,1.0.4,-,-,?,-,false,-
com.liferay,com.liferay.frontend.image.editor.capability.brightness,1.0.5,-,-,?,-,false,-
com.liferay,com.liferay.frontend.js.spa.web,1.0.15,-,-,?,-,false,-
com.liferay,com.liferay.frontend.taglib,2.0.8,-,-,?,-,false,-
com.liferay,com.liferay.hello.soy.web,1.0.2,-,-,?,-,false,-
com.liferay,com.liferay.hello.velocity.web,2.0.3,-,-,?,-,false,-
com.liferay,com.liferay.image.uploader.web,1.0.10,-,-,?,-,false,-
com.liferay,com.liferay.invitation.web,1.0.7,-,-,?,-,false,-
com.liferay,com.liferay.item.selector.editor.configuration,2.0.2,-,-,?,-,false,-
com.liferay,com.liferay.item.selector.upload.web,2.0.3,-,-,?,-,false,-
com.liferay,com.liferay.journal.content.asset.addon.entry.common,2.0.3,-,-,?,-,false,-
com.liferay,com.liferay.journal.content.asset.addon.entry.conversions,2.0.2,-,-,?,-,false,-
com.liferay,com.liferay.journal.content.asset.addon.entry.print,2.0.2,-,-,?,-,false,-
com.liferay,com.liferay.knowledge.base.api,4.5.0,-,-,?,-,false,-
com.liferay,com.liferay.knowledge.base.item.selector.web,1.0.1,-,-,?,-,false,-
com.liferay,com.liferay.layout.admin.web,1.0.18,-,-,?,-,false,-
com.liferay,com.liferay.layout.type.controller.control.panel,2.0.2,-,-,?,-,false,-
com.liferay,com.liferay.marketplace.api,4.1.0,-,-,?,-,false,-
com.liferay,com.liferay.marketplace.app.manager.web,1.0.12,-,-,?,-,false,-
com.liferay,com.liferay.mentions.web,1.1.2,-,-,?,-,false,-
com.liferay,com.liferay.message.boards.editor.configuration,1.0.1,-,-,?,-,false,-
com.liferay,com.liferay.microblogs.api,2.1.0,-,-,?,-,false,-
com.liferay,com.liferay.microblogs.web,2.0.8,-,-,?,-,false,-
com.liferay,com.liferay.my.account.web,1.0.4,-,-,?,-,false,-
com.liferay,com.liferay.petra.mail,1.0.5,-,-,?,-,false,-
com.liferay,com.liferay.polls.service,3.0.10,-,-,?,-,false,-
com.liferay,com.liferay.portal.background.task.api,2.1.0,-,-,?,-,false,-
com.liferay,com.liferay.portal.background.task.web,2.0.2,-,-,?,-,false,-
com.liferay,com.liferay.portal.language.extender,2.0.2,-,-,?,-,false,-
com.liferay,com.liferay.portal.lock.api,2.0.1,-,-,?,-,false,-
com.liferay,com.liferay.portal.mobile.device.recognition.api,1.0.1,-,-,?,-,false,-
com.liferay,com.liferay.portal.rules.engine.wiring,2.0.1,-,-,?,-,false,-
com.liferay,com.liferay.portal.security.service.access.policy.web,1.0.6,-,-,?,-,false,-
com.liferay,com.liferay.portal.settings.api,2.0.2,-,-,?,-,false,-
com.liferay,com.liferay.portal.settings.lang,1.0.2,-,-,?,-,false,-
com.liferay,com.liferay.portal.store.db,2.0.1,-,-,?,-,false,-
com.liferay,com.liferay.portal.store.s3,2.0.5,-,-,?,-,false,-
com.liferay,com.liferay.portal.template.velocity,2.0.8,-,-,?,-,false,-
com.liferay,com.liferay.portal.template.xsl,2.0.2,-,-,?,-,false,-
com.liferay,com.liferay.portal.workflow.kaleo.api,2.0.1,-,-,?,-,false,-
com.liferay,com.liferay.portlet.configuration.icon.edit.defaults,2.0.2,-,-,?,-,false,-
com.liferay,com.liferay.portlet.configuration.icon.edit.guest,2.0.2,-,-,?,-,false,-
com.liferay,com.liferay.portlet.configuration.icon.locator.api,2.0.2,-,-,?,-,false,-
com.liferay,com.liferay.portlet.configuration.icon.maximize,2.0.2,-,-,?,-,false,-
com.liferay,com.liferay.product.navigation.control.menu.api,3.0.0,-,-,?,-,false,-
com.liferay,com.liferay.product.navigation.control.menu.web,2.0.7,-,-,?,-,false,-
com.liferay,com.liferay.project.templates.content.targeting.tracking.action,1.0.1,-,-,?,-,false,-
com.liferay,com.liferay.project.templates.panel.app,1.0.1,-,-,?,-,false,-
com.liferay,com.liferay.project.templates.portlet.configuration.icon,1.0.1,-,-,?,-,false,-
com.liferay,com.liferay.project.templates.workspace,1.0.10,-,-,?,-,false,-
com.liferay,com.liferay.quick.note.web,2.0.2,-,-,?,-,false,-
com.liferay,com.liferay.registry.api,1.1.0,-,-,?,-,false,-
com.liferay,com.liferay.registry.impl,1.0.3,-,-,?,-,false,-
com.liferay,com.liferay.site.api,2.1.2,-,-,?,-,false,-
com.liferay,com.liferay.site.item.selector.api,1.0.2,-,-,?,-,false,-
com.liferay,com.liferay.site.item.selector.web,2.0.6,-,-,?,-,false,-
com.liferay,com.liferay.site.navigation.language.web,2.1.2,-,-,?,-,false,-
com.liferay,com.liferay.site.teams.web,1.0.10,-,-,?,-,false,-
com.liferay,com.liferay.social.networking.api,2.0.2,-,-,?,-,false,-
com.liferay,com.liferay.social.privatemessaging.service,1.1.10,-,-,?,-,false,-
com.liferay,com.liferay.social.requests.web,1.0.3,-,-,?,-,false,-
com.liferay,com.liferay.staging.portlet.data.handler,2.0.1,-,-,?,-,false,-
com.liferay,com.liferay.sync.engine,3.4.3,-,-,?,-,false,sun.misc.Unsafe                          See http://openjdk.java.net/jeps/260 + sun.reflect.Reflection                   Use java.lang.StackWalker @since 9 + sun.security.x509.X500Name               Use javax.security.auth.x500.X500Principal @since 1.4
com.liferay,com.liferay.sync.web,1.0.7,-,-,?,-,false,-
com.liferay,com.liferay.users.admin.api,2.0.1,-,-,?,-,false,-
com.liferay,com.liferay.users.admin.impl,1.0.4,-,-,?,-,false,-
com.liferay,com.liferay.xstream.configurator.api,2.0.2,-,-,?,-,false,-
com.liferay,com.liferay.youtube.web,1.0.5,-,-,?,-,false,-
com.liferay,com.microsoft.schemas.sharepoint,1.0.1,-,-,?,-,false,-
com.liferay,javax.servlet.jsp,2.3.3-b02.LIFERAY-PATCHED-4,-,-,?,-,false,-
com.liferay.mobile,fcm-client,0.3.0,-,-,?,-,false,-
com.liferay.mobile,liferay-android-sdk,7.0.8,-,-,?,-,false,-
com.liferay.neo4j,neo4j-osgi-driver,1.1.2,-,-,?,-,false,-
com.marcarndt.morse,alerts,1.1.2,-,-,?,-,false,-
com.marcarndt.morse,applications,1.0.1,-,-,?,-,false,-
com.marcarndt.morse,base,1.1.6,-,-,?,-,false,-
com.marcarndt.morse,chef,1.3.0,-,-,?,-,false,-
com.marcarndt.morse,sshsftp,1.0.3,-,-,?,-,false,-
com.wellfactored,play-bindings_2.11,2.1.1,-,-,?,-,false,-
com.wellfactored,play-bindings_2.12,2.1.1,-,-,?,-,false,-
com.wellfactored,resourcepool_2.12,1.0.0,-,-,?,-,false,-
com.wellfactored,slick-gen_2.11,0.0.5,-,-,?,-,false,-
