groupId,artifactId,version,moduleName,moduleVersion,moduleMode,moduleDependencies,jdepsToolError,jdepsViolations
ch.streamly,streamly-domain,0.0.1,-,-,?,-,false,-
com.danielflower.apprunner,app-runner,2.0.8,-,-,?,-,false,sun.misc.Unsafe                          See http://openjdk.java.net/jeps/260 + sun.reflect.Reflection                   Use java.lang.StackWalker @since 9 + sun.security.x509.X500Name               Use javax.security.auth.x500.X500Principal @since 1.4
com.expedia.www,haystack-trace-commons,1.0.3,-,-,?,-,false,-
com.expedia.www,haystack-trace-indexer,1.0.3,-,-,?,-,false,sun.misc.Cleaner                         Use java.lang.ref.PhantomReference @since 1.2 or java.lang.ref.Cleaner @since 9 + sun.misc.Signal                          See http://openjdk.java.net/jeps/260 + sun.misc.SignalHandler                   See http://openjdk.java.net/jeps/260 + sun.misc.Unsafe                          See http://openjdk.java.net/jeps/260 + sun.reflect.Reflection                   Use java.lang.StackWalker @since 9 + sun.security.x509.X500Name               Use javax.security.auth.x500.X500Principal @since 1.4
com.expedia.www,haystack-trace-reader,1.0.3,-,-,?,-,false,sun.misc.Signal                          See http://openjdk.java.net/jeps/260 + sun.misc.SignalHandler                   See http://openjdk.java.net/jeps/260 + sun.misc.Unsafe                          See http://openjdk.java.net/jeps/260 + sun.reflect.Reflection                   Use java.lang.StackWalker @since 9 + sun.security.x509.X500Name               Use javax.security.auth.x500.X500Principal @since 1.4
com.github.agourlay,cornichon-check_2.12,0.16.2,-,-,?,-,false,-
com.github.agourlay,cornichon-core_2.12,0.16.2,-,-,?,-,false,-
com.github.agourlay,cornichon-http-mock_2.12,0.16.2,-,-,?,-,false,-
com.github.agourlay,cornichon-kafka_2.12,0.16.2,-,-,?,-,false,-
com.github.agourlay,cornichon-scalatest_2.12,0.16.2,-,-,?,-,false,-
com.github.agourlay,cornichon-test-framework_2.12,0.16.2,-,-,?,-,false,-
com.google.apis,google-api-services-cloudfunctions,v1-rev52-1.24.1,-,-,?,-,false,-
com.gu,content-api-client_2.11,12.7,-,-,?,-,false,-
com.gu,content-api-client_2.12,12.7,-,-,?,-,false,-
com.gu,content-api-client-default_2.11,12.7,-,-,?,-,false,-
com.gu,content-api-client-default_2.12,12.7,-,-,?,-,false,-
com.jimetevenard.xml,Jing-JAXP-Wrapper,1.0.0,-,-,?,-,false,-
com.nepxion,discovery-common,4.3.16,-,-,?,-,false,-
com.nepxion,discovery-common-nacos,4.3.16,-,-,?,-,false,-
com.nepxion,discovery-common-redis,4.3.16,-,-,?,-,false,-
com.nepxion,discovery-console,4.3.16,-,-,?,-,false,-
com.nepxion,discovery-console-extension-nacos,4.3.16,-,-,?,-,false,-
com.nepxion,discovery-console-extension-redis,4.3.16,-,-,?,-,false,-
com.nepxion,discovery-console-starter,4.3.16,-,-,?,-,false,-
com.nepxion,discovery-plugin-admin-center,4.3.16,-,-,?,-,false,-
com.nepxion,discovery-plugin-config-center,4.3.16,-,-,?,-,false,-
com.nepxion,discovery-plugin-config-center-extension-nacos,4.3.16,-,-,?,-,false,-
com.nepxion,discovery-plugin-config-center-extension-redis,4.3.16,-,-,?,-,false,-
com.nepxion,discovery-plugin-framework,4.3.16,-,-,?,-,false,-
com.nepxion,discovery-plugin-framework-consul,4.3.16,-,-,?,-,false,-
com.nepxion,discovery-plugin-framework-eureka,4.3.16,-,-,?,-,false,-
com.nepxion,discovery-plugin-framework-zookeeper,4.3.16,-,-,?,-,false,-
com.nepxion,discovery-plugin-starter-consul,4.3.16,-,-,?,-,false,-
com.nepxion,discovery-plugin-starter-eureka,4.3.16,-,-,?,-,false,-
com.nepxion,discovery-plugin-starter-zookeeper,4.3.16,-,-,?,-,false,-
com.nepxion,discovery-plugin-strategy,4.3.16,-,-,?,-,false,-
com.nepxion,discovery-plugin-strategy-extension-gateway,4.3.16,-,-,?,-,false,-
com.nepxion,discovery-plugin-strategy-extension-service,4.3.16,-,-,?,-,false,-
com.nepxion,discovery-plugin-strategy-extension-zuul,4.3.16,-,-,?,-,false,-
com.plivo,plivo-java,3.0.9,-,-,?,-,false,-
com.ubirch.key,client-rest_2.11,0.8.1,-,-,?,-,false,-
com.ubirch.key,cmdtools_2.11,0.8.1,-,-,?,-,false,-
com.ubirch.key,config_2.11,0.8.1,-,-,?,-,false,-
com.ubirch.key,core_2.11,0.8.1,-,-,?,-,false,-
com.ubirch.key,model-db_2.11,0.8.1,-,-,?,-,false,-
com.ubirch.key,model-rest_2.11,0.8.1,-,-,?,-,false,-
com.ubirch.key,server_2.11,0.8.1,-,-,?,-,false,-
com.ubirch.key,test-tools_2.11,0.8.1,-,-,?,-,false,-
com.ubirch.key,util_2.11,0.8.1,-,-,?,-,false,-
com.ubirch.key,utils-neo4j_2.11,0.8.1,-,-,?,-,false,-
com.yahoo.vespa,annotations,6.276.19,-,-,?,-,false,-
com.yahoo.vespa,application,6.276.19,-,-,?,-,false,-
com.yahoo.vespa,application-deploy-plugin,6.276.19,-,-,?,-,false,-
com.yahoo.vespa,application-model,6.276.19,-,-,?,-,false,-
com.yahoo.vespa,application-preprocessor,6.276.19,-,-,?,-,false,-
com.yahoo.vespa,athenz-identity-provider-service,6.276.19,-,-,?,-,false,-
com.yahoo.vespa,bundle-plugin,6.276.19,-,-,?,-,false,-
com.yahoo.vespa,bundle-plugin-test,6.276.19,-,-,?,-,false,-
com.yahoo.vespa,chain,6.276.19,-,-,?,-,false,-
com.yahoo.vespa,clustercontroller-apps,6.276.19,-,-,?,-,false,-
com.yahoo.vespa,clustercontroller-apputil,6.276.19,-,-,?,-,false,-
com.yahoo.vespa,clustercontroller-core,6.276.19,-,-,?,-,false,-
com.yahoo.vespa,clustercontroller-standalone,6.276.19,-,-,?,-,false,-
com.yahoo.vespa,clustercontroller-utils,6.276.19,-,-,?,-,false,-
com.yahoo.vespa,component,6.276.19,-,-,?,-,false,-
com.yahoo.vespa,config,6.276.19,-,-,?,-,false,-
com.yahoo.vespa,config-application-package,6.276.19,-,-,?,-,false,-
com.yahoo.vespa,config-bundle,6.276.19,-,-,?,-,false,-
com.yahoo.vespa,config-class-plugin,6.276.19,-,-,?,-,false,-
com.yahoo.vespa,configdefinitions,6.276.19,-,-,?,-,false,-
com.yahoo.vespa,configgen,6.276.19,-,-,?,-,false,-
com.yahoo.vespa,config-lib,6.276.19,-,-,?,-,false,-
com.yahoo.vespa,config-model,6.276.19,-,-,?,-,false,-
com.yahoo.vespa,config-model-api,6.276.19,-,-,?,-,false,-
com.yahoo.vespa,config-model-fat,6.276.19,-,-,?,-,false,-
com.yahoo.vespa,config-provisioning,6.276.19,-,-,?,-,false,-
com.yahoo.vespa,config-proxy,6.276.19,-,-,?,-,false,-
com.yahoo.vespa,configserver,6.276.19,-,-,?,-,false,-
com.yahoo.vespa,container,6.276.19,-,-,?,-,false,-
com.yahoo.vespa,container-accesslogging,6.276.19,-,-,?,-,false,-
com.yahoo.vespa,container-core,6.276.19,-,-,?,-,false,-
com.yahoo.vespa,container-dev,6.276.19,-,-,?,-,false,-
com.yahoo.vespa,container-di,6.276.19,-,-,?,-,false,-
com.yahoo.vespa,container-disc,6.276.19,-,-,?,-,false,-
com.yahoo.vespa,container-integration-test,6.276.19,-,-,?,-,false,-
com.yahoo.vespa,container-jersey2,6.276.19,-,-,?,-,false,-
com.yahoo.vespa,container-messagebus,6.276.19,-,-,?,-,false,-
com.yahoo.vespa,container-search,6.276.19,-,-,?,-,false,-
com.yahoo.vespa,container-search-and-docproc,6.276.19,-,-,?,-,false,-
com.yahoo.vespa,container-search-gui,6.276.19,-,-,?,-,false,-
com.yahoo.vespa,container-test,6.276.19,-,-,?,-,false,-
com.yahoo.vespa,controller-api,6.276.19,-,-,?,-,false,-
com.yahoo.vespa,controller-server,6.276.19,-,-,?,-,false,-
com.yahoo.vespa,defaults,6.276.19,-,-,?,-,false,-
com.yahoo.vespa,docker-api,6.276.19,-,-,?,-,false,-
com.yahoo.vespa,docproc,6.276.19,-,-,?,-,false,-
com.yahoo.vespa,docprocs,6.276.19,-,-,?,-,false,-
com.yahoo.vespa,document,6.276.19,-,-,?,-,false,-
com.yahoo.vespa,documentapi,6.276.19,-,-,?,-,false,-
com.yahoo.vespa,fileacquirer,6.276.19,-,-,?,-,false,-
com.yahoo.vespa,filedistribution,6.276.19,-,-,?,-,false,-
com.yahoo.vespa,fsa,6.276.19,-,-,?,-,false,-
com.yahoo.vespa,indexinglanguage,6.276.19,-,-,?,-,false,-
com.yahoo.vespa,jaxrs_client_utils,6.276.19,-,-,?,-,false,-
com.yahoo.vespa,jaxrs_utils,6.276.19,-,-,?,-,false,-
com.yahoo.vespa,jdisc_core,6.276.19,-,-,?,-,false,-
com.yahoo.vespa,jdisc_http_service,6.276.19,-,-,?,-,false,-
com.yahoo.vespa,jdisc_jetty,6.276.19,-,-,?,-,false,-
com.yahoo.vespa,jdisc_messagebus_service,6.276.19,-,-,?,-,false,-
com.yahoo.vespa,jdisc-security-filters,6.276.19,-,-,?,-,false,-
com.yahoo.vespa,jrt,6.276.19,-,-,?,-,false,-
com.yahoo.vespa,linguistics,6.276.19,-,-,?,-,false,-
com.yahoo.vespa,logd,6.276.19,-,-,?,-,false,-
com.yahoo.vespa,logserver,6.276.19,-,-,?,-,false,-
com.yahoo.vespa,messagebus,6.276.19,-,-,?,-,false,-
com.yahoo.vespa,messagebus-disc,6.276.19,-,-,?,-,false,-
com.yahoo.vespa,metrics,6.276.19,-,-,?,-,false,-
com.yahoo.vespa,model-evaluation,6.276.19,-,-,?,-,false,-
com.yahoo.vespa,node-admin,6.276.19,-,-,?,-,false,-
com.yahoo.vespa,node-maintainer,6.276.19,-,-,?,-,false,-
com.yahoo.vespa,node-repository,6.276.19,-,-,?,-,false,-
com.yahoo.vespa,orchestrator,6.276.19,-,-,?,-,false,-
com.yahoo.vespa,orchestrator-restapi,6.276.19,-,-,?,-,false,-
com.yahoo.vespa,predicate-search,6.276.19,-,-,?,-,false,-
com.yahoo.vespa,predicate-search-core,6.276.19,-,-,?,-,false,-
com.yahoo.vespa,processing,6.276.19,-,-,?,-,false,-
com.yahoo.vespa,provided-dependencies,6.276.19,-,-,?,-,false,-
com.yahoo.vespa,searchcore,6.276.19,-,-,?,-,false,-
com.yahoo.vespa,searchlib,6.276.19,-,-,?,-,false,-
com.yahoo.vespa,searchsummary,6.276.19,-,-,?,-,false,-
com.yahoo.vespa,service-monitor,6.276.19,-,-,?,-,false,-
com.yahoo.vespa,serviceview,6.276.19,-,-,?,-,false,-
com.yahoo.vespa,simplemetrics,6.276.19,-,-,?,-,false,-
com.yahoo.vespa,standalone-container,6.276.19,-,-,?,-,false,-
com.yahoo.vespa,statistics,6.276.19,-,-,?,-,false,-
com.yahoo.vespa,storage,6.276.19,-,-,?,-,false,-
com.yahoo.vespa,testutil,6.276.19,-,-,?,-,false,-
com.yahoo.vespa,vdslib,6.276.19,-,-,?,-,false,-
com.yahoo.vespa,vespa-application-maven-plugin,6.276.19,-,-,?,-,false,-
com.yahoo.vespa,vespa-athenz,6.276.19,-,-,?,-,false,-
com.yahoo.vespa,vespaclient-container-plugin,6.276.19,-,-,?,-,false,-
com.yahoo.vespa,vespaclient-core,6.276.19,-,-,?,-,false,-
com.yahoo.vespa,vespaclient-java,6.276.19,-,-,?,-,false,-
com.yahoo.vespa,vespa-documentgen-plugin,6.276.19,-,-,?,-,false,-
com.yahoo.vespa,vespa_feed_perf,6.276.19,-,-,?,-,false,-
com.yahoo.vespa,vespa-hadoop,6.276.19,-,-,?,-,false,sun.misc.Unsafe                          See http://openjdk.java.net/jeps/260
com.yahoo.vespa,vespa-http-client,6.276.19,-,-,?,-,false,-
com.yahoo.vespa,vespajlib,6.276.19,-,-,?,-,false,-
com.yahoo.vespa,vespalog,6.276.19,-,-,?,-,false,-
com.yahoo.vespa,vsm,6.276.19,-,-,?,-,false,-
com.yahoo.vespa,yolean,6.276.19,-,-,?,-,false,-
com.yahoo.vespa,zkfacade,6.276.19,-,-,?,-,false,-
io.appulse.encon,encon,1.6.0,-,-,?,-,false,-
io.appulse.encon,encon-common,1.6.0,-,-,?,-,false,-
io.appulse.encon,encon-config,1.6.0,-,-,?,-,false,-
io.appulse.encon,encon-databind,1.6.0,-,-,?,-,false,-
io.appulse.encon,encon-handler,1.6.0,-,-,?,-,false,-
io.appulse.encon,encon-spring,1.6.0,-,-,?,-,false,-
io.appulse.encon,encon-terms,1.6.0,-,-,?,-,false,-
io.muserver,mu-server,0.14.2,-,-,?,-,false,-
net.dongliu,apk-parser,2.6.2,net.dongliu.apkparser,-,automatic,-,false,-
net.sourceforge.jbizmo,jbizmo-commons,2.7.0,-,-,?,-,false,-
net.sourceforge.jbizmo,jbizmo-commons-invoker,2.7.0,-,-,?,-,false,-
net.sourceforge.jbizmo,jbizmo-commons-javaee,2.7.0,-,-,?,-,false,-
net.sourceforge.jbizmo,jbizmo-commons-javafx,2.7.0,-,-,?,-,false,-
net.sourceforge.jbizmo,jbizmo-commons-jsf,2.7.0,-,-,?,-,false,-
net.sourceforge.jbizmo,jbizmo-commons-richclient,2.7.0,-,-,?,-,false,-
net.sourceforge.jbizmo,jbizmo-commons-selenium,2.7.0,-,-,?,-,false,-
net.sourceforge.jbizmo,jbizmo-commons-server,2.7.0,-,-,?,-,false,-
net.sourceforge.jbizmo,jbizmo-commons-spring4,2.7.0,-,-,?,-,false,-
net.sourceforge.jbizmo,jbizmo-commons-swing,2.7.0,-,-,?,-,false,-
net.sourceforge.jbizmo,jbizmo-commons-vaadin,2.7.0,-,-,?,-,false,-
net.sourceforge.jbizmo,jbizmo-invoker-javaee7,2.7.0,-,-,?,-,false,-
net.sourceforge.jbizmo,jbizmo-invoker-spring4,2.7.0,-,-,?,-,false,-
org.neo4j,neo4j-ogm-api,3.1.2,org.neo4j.ogm.drivers.api,-,automatic,-,false,-
org.neo4j,neo4j-ogm-bolt-driver,3.1.2,org.neo4j.ogm.drivers.bolt,-,automatic,-,false,-
org.neo4j,neo4j-ogm-core,3.1.2,org.neo4j.ogm.core,-,automatic,-,false,-
org.neo4j,neo4j-ogm-embedded-driver,3.1.2,org.neo4j.ogm.drivers.embedded,-,automatic,-,false,-
org.neo4j,neo4j-ogm-http-driver,3.1.2,org.neo4j.ogm.drivers.http,-,automatic,-,false,-
org.neo4j,neo4j-ogm-test,3.1.2,org.neo4j.ogm.testutil,-,automatic,-,false,-
