groupId,artifactId,version,moduleName,moduleVersion,moduleMode,moduleDependencies,jdepsToolError,jdepsViolations
com.ardikars.jxnet,jxnet-context,1.4.0.RC1,-,-,?,-,false,-
com.ardikars.jxnet,jxnet-core,1.4.0.RC1,-,-,?,-,false,-
com.dragishak,aerospike-monix_2.11,0.0.3,-,-,?,-,false,-
com.dragishak,aerospike-monix_2.12,0.0.3,-,-,?,-,false,-
com.github.duanxinyuan,library-network-http,1.0.0,-,-,?,-,false,-
com.github.tsingjyujing,lofka-utils,1.7,-,-,?,-,false,-
com.google.apis,google-api-services-adsensehost,v4.1-rev515-1.24.1,-,-,?,-,false,-
com.google.apis,google-api-services-appsactivity,v1-rev177-1.24.1,-,-,?,-,false,-
com.google.apis,google-api-services-bigquery,v2-rev402-1.23.0,-,-,?,-,false,-
com.google.apis,google-api-services-datastore,v1-rev61-1.24.1,-,-,?,-,false,-
com.google.apis,google-api-services-gmail,v1-rev95-1.24.1,-,-,?,-,false,-
com.google.apis,google-api-services-pagespeedonline,v4-rev13-1.24.1,-,-,?,-,false,-
com.google.apis,google-api-services-redis,v1beta1-rev9-1.24.1,-,-,?,-,false,-
com.google.apis,google-api-services-toolresults,v1beta3-rev446-1.23.0,-,-,?,-,false,-
com.ibm.stocator,stocator,1.0.24,-,-,?,-,false,sun.misc.Unsafe                          See http://openjdk.java.net/jeps/260
io.onema,vff_2.12,0.5.0,-,-,?,-,false,-
