groupId,artifactId,version,moduleName,moduleVersion,moduleMode,moduleDependencies,jdepsToolError,jdepsViolations
com.lihaoyi,amm-2.11.5_2.11,1.0.5-25-b3b801e8,-,-,?,-,false,-
com.lihaoyi,amm-2.11.8_2.11,1.0.5-25-b3b801e8,-,-,?,-,false,-
com.lihaoyi,amm-2.12.3_2.12,1.0.5-25-b3b801e8,-,-,?,-,false,-
com.lihaoyi,amm-2.12.6_2.12,1.0.5-25-b3b801e8,-,-,?,-,false,-
com.lihaoyi,amm-interp-2.11.6_2.11,1.0.5-25-b3b801e8,-,-,?,-,false,-
com.lihaoyi,amm-interp-2.11.9_2.11,1.0.5-25-b3b801e8,-,-,?,-,false,-
com.lihaoyi,amm-interp-2.12.4_2.12,1.0.5-25-b3b801e8,-,-,?,-,false,-
com.lihaoyi,ammonite_2.10.6,1.0.3-7-1dada91,-,-,?,-,false,-
com.lihaoyi,ammonite_2.11.8,1.1.2-30-53edc31,-,-,?,-,false,-
com.lihaoyi,ammonite_2.12.4,1.1.2-30-53edc31,-,-,?,-,false,-
com.lihaoyi,ammonite-compiler_2.11.8,1.1.0-18-0dc8a8e,-,-,?,-,false,-
com.lihaoyi,ammonite-interp_2.11.6,1.1.2-30-53edc31,-,-,?,-,false,-
com.lihaoyi,ammonite-interp_2.11.9,1.1.2-30-53edc31,-,-,?,-,false,-
com.lihaoyi,ammonite-interp_2.12.0,1.1.2-30-53edc31,-,-,?,-,false,-
com.lihaoyi,ammonite-ops_2.10,1.0.3-7-1dada91,-,-,?,-,false,-
com.lihaoyi,ammonite-repl_2.10.6,1.0.3-7-1dada91,-,-,?,-,false,sun.misc.Signal                          See http://openjdk.java.net/jeps/260 + sun.misc.SignalHandler                   See http://openjdk.java.net/jeps/260
com.lihaoyi,ammonite-repl_2.11.8,1.1.2-30-53edc31,-,-,?,-,false,sun.misc.Signal                          See http://openjdk.java.net/jeps/260 + sun.misc.SignalHandler                   See http://openjdk.java.net/jeps/260
com.lihaoyi,ammonite-repl_2.12.4,1.1.2-30-53edc31,-,-,?,-,false,sun.misc.Signal                          See http://openjdk.java.net/jeps/260 + sun.misc.SignalHandler                   See http://openjdk.java.net/jeps/260
com.lihaoyi,ammonite-runtime_2.10.5,0.9.3,-,-,?,-,false,-
com.lihaoyi,ammonite-runtime_2.11.4,0.9.3,-,-,?,-,false,-
com.lihaoyi,ammonite-runtime_2.11.7,0.9.3,-,-,?,-,false,-
com.lihaoyi,ammonite-shell_2.10.4,1.0.3-7-1dada91,-,-,?,-,false,-
com.lihaoyi,ammonite-shell_2.11.12,1.1.2-30-53edc31,-,-,?,-,false,-
com.lihaoyi,ammonite-shell_2.11.3,1.1.2-30-53edc31,-,-,?,-,false,-
com.lihaoyi,ammonite-shell_2.12,1.1.0-34-b991be4,-,-,?,-,false,-
com.lihaoyi,ammonite-shell_2.12.2,1.1.2-30-53edc31,-,-,?,-,false,-
com.lihaoyi,ammonite-sshd_2.11.9,1.1.2-30-53edc31,-,-,?,-,false,-
com.lihaoyi,ammonite-sshd_2.12.0,1.1.2-30-53edc31,-,-,?,-,false,-
com.lihaoyi,ammonite-util_2.10.6,0.9.3,-,-,?,-,false,-
com.lihaoyi,ammonite-util_2.11.5,0.9.3,-,-,?,-,false,-
com.lihaoyi,ammonite-util_2.12.0,0.9.3,-,-,?,-,false,-
com.lihaoyi,amm-repl-2.11.5_2.11,1.0.5-25-b3b801e8,-,-,?,-,false,sun.misc.Signal                          See http://openjdk.java.net/jeps/260 + sun.misc.SignalHandler                   See http://openjdk.java.net/jeps/260
com.lihaoyi,amm-repl-2.11.8_2.11,1.0.5-25-b3b801e8,-,-,?,-,false,sun.misc.Signal                          See http://openjdk.java.net/jeps/260 + sun.misc.SignalHandler                   See http://openjdk.java.net/jeps/260
com.lihaoyi,amm-repl-2.12.3_2.12,1.0.5-25-b3b801e8,-,-,?,-,false,sun.misc.Signal                          See http://openjdk.java.net/jeps/260 + sun.misc.SignalHandler                   See http://openjdk.java.net/jeps/260
com.lihaoyi,amm-repl-2.12.6_2.12,1.0.5-25-b3b801e8,-,-,?,-,false,sun.misc.Signal                          See http://openjdk.java.net/jeps/260 + sun.misc.SignalHandler                   See http://openjdk.java.net/jeps/260
com.lihaoyi,classparse_2.10,1.0.0,-,-,?,-,false,-
com.lihaoyi,classparse_sjs0.6_2.11,1.0.0,-,-,?,-,false,-
com.lihaoyi,cssparse_sjs0.6_2.12,1.0.0,-,-,?,-,false,-
com.lihaoyi,fansi_2.10,0.2.5,-,-,?,-,false,-
com.lihaoyi,fansi_native0.3_2.11,0.2.5,-,-,?,-,false,-
com.lihaoyi,fastparse_2.10,1.0.0,-,-,?,-,false,-
com.lihaoyi,fastparse-byte_sjs0.6_2.11,1.0.0,-,-,?,-,false,-
com.lihaoyi,fastparse_native0.3_2.11,1.0.0,-,-,?,-,false,-
com.lihaoyi,fastparse_sjs0.6_2.12,1.0.0,-,-,?,-,false,-
com.lihaoyi,fastparse-utils_2.12,1.0.0,-,-,?,-,false,-
com.lihaoyi,geny_2.12,0.1.2,-,-,?,-,false,-
com.lihaoyi,mill-0.6_2.12,2018-02-04T11-39-53-083Z-69d474067446668f29e4b04be8c44d879ffaaf04,-,-,?,-,false,-
com.lihaoyi,mill-bridge_2.11.11,0.1,-,-,?,-,false,-
com.lihaoyi,mill-contrib_2.12,0.2.6-27-613878,-,-,?,-,false,-
com.lihaoyi,mill-contrib-testng,0.2.6-27-613878,-,-,?,-,false,-
com.lihaoyi,mill-integration_2.12,2018-02-10T22-20-56-317Z-719ff8a6d79093d390b0d5ce7d01755e65fcd484,-,-,?,-,false,-
com.lihaoyi,mill-scalanativelib-scalanativebridges-0.3_2.12,0.2.6-19-807e47,-,-,?,-,false,-
com.lihaoyi,mill-upickle-js-2.12.4_sjs0.6_2.12,0.6.0-RC1,-,-,?,-,false,-
com.lihaoyi,pprint_2.11,0.5.3,-,-,?,-,false,-
com.lihaoyi,pprint_sjs0.6_2.11,0.5.3,-,-,?,-,false,-
com.lihaoyi,pythonparse_sjs0.6_2.11,1.0.0,-,-,?,-,false,-
com.lihaoyi,requests_2.12,0.1.4,-,-,?,-,false,-
com.lihaoyi,scalaparse_2.12,1.0.0,-,-,?,-,false,-
com.lihaoyi,scalatex-api_2.12,0.3.12,-,-,?,-,false,-
com.lihaoyi,scalatex-site_2.12,0.3.12,-,-,?,-,false,-
com.lihaoyi,shell-2.11.12_2.11,1.0.5-25-b3b801e8,-,-,?,-,false,-
com.lihaoyi,shell-2.11.3_2.11,1.0.5-25-b3b801e8,-,-,?,-,false,-
com.lihaoyi,shell-2.11.8_2.11,1.0.5-25-b3b801e8,-,-,?,-,false,-
com.lihaoyi,shell-2.12.1_2.12,1.0.5-25-b3b801e8,-,-,?,-,false,-
com.lihaoyi,shell-2.12.6_2.12,1.0.5-25-b3b801e8,-,-,?,-,false,-
com.lihaoyi,sourcecode_2.12,0.1.4,-,-,?,-,false,-
com.lihaoyi,sourcecode_sjs0.6_2.12,0.1.4,-,-,?,-,false,-
com.lihaoyi,sshd-2.11.9_2.11,1.0.5-25-b3b801e8,-,-,?,-,false,-
com.lihaoyi,ujson_2.12,0.6.6,-,-,?,-,false,-
com.lihaoyi,ujson-argonaut_2.11,0.6.6,-,-,?,-,false,-
com.lihaoyi,ujson-json4s_2.11,0.6.6,-,-,?,-,false,-
com.lihaoyi,ujson-jvm-2.11.11_2.11,0.6.3,-,-,?,-,false,-
com.lihaoyi,upickle_2.11,0.6.6,-,-,?,-,false,-
com.lihaoyi,upickle-json_sjs0.6_2.12,0.6.0-RC5,-,-,?,-,false,-
com.lihaoyi,upickle_sjs0.6_2.11,0.6.6,-,-,?,-,false,-
com.lihaoyi,utest_2.13.0-M1,0.4.8,-,-,?,-,false,-
com.lihaoyi,utest_sjs0.6_2.11,0.6.4,-,-,?,-,false,-
com.lihaoyi,utest_sjs1.0.0-M1_2.13.0-M2,0.6.3,-,-,?,-,false,-
com.lihaoyi,utest_sjs1.0.0-M2_2.11,0.6.3,-,-,?,-,false,-
org.wso2.carbon.apimgt,apim-ballerina-plugin,7.0.171,-,-,?,-,false,-
org.wso2.carbon.apimgt,org.wso2.carbon.apimgt.ballerina.native,7.0.171,-,-,?,-,false,-
org.wso2.carbon.apimgt,org.wso2.carbon.apimgt.ballerina.publisher,7.0.171,-,-,?,-,false,-
org.wso2.carbon.apimgt,org.wso2.carbon.apimgt.core,7.0.171,-,-,?,-,false,-
org.wso2.carbon.apimgt,org.wso2.carbon.apimgt.rest.api.admin,7.0.171,-,-,?,-,false,-
org.wso2.carbon.apimgt,org.wso2.carbon.apimgt.rest.api.analytics,7.0.171,-,-,?,-,false,-
org.wso2.carbon.apimgt,org.wso2.carbon.apimgt.rest.api.authenticator,7.0.171,-,-,?,-,false,-
org.wso2.carbon.apimgt,org.wso2.carbon.apimgt.rest.api.commons,7.0.171,-,-,?,-,false,-
org.wso2.carbon.apimgt,org.wso2.carbon.apimgt.rest.api.configurations,7.0.171,-,-,?,-,false,-
org.wso2.carbon.apimgt,org.wso2.carbon.apimgt.rest.api.core,7.0.171,-,-,?,-,false,-
org.wso2.carbon.apimgt,org.wso2.carbon.apimgt.rest.api.publisher,7.0.171,-,-,?,-,false,-
org.wso2.carbon.apimgt,org.wso2.carbon.apimgt.rest.api.store,7.0.171,-,-,?,-,false,-
org.wso2.carbon.apimgt,org.wso2.carbon.apimgt.throttling.siddhi.extension,7.0.171,-,-,?,-,false,-
org.wso2.extension.siddhi.execution.json,siddhi-execution-json,1.0.5,-,-,?,-,false,-
