groupId,artifactId,version,moduleName,moduleVersion,moduleMode,moduleDependencies,jdepsToolError,jdepsViolations
com.51degrees,device-detection-core,3.2.17.2,-,-,?,-,false,-
com.51degrees,device-detection-examples,3.2.17.2,-,-,?,-,false,-
com.51degrees,device-detection-webapp,3.2.17.2,-,-,?,-,false,-
com.adleritech,flexibee-core,0.0.27,-,-,?,-,false,-
com.balajeetm.mystique,gson-utils,2.1.2,-,-,?,-,false,-
com.balajeetm.mystique,jackson-utils,2.1.2,-,-,?,-,false,-
com.balajeetm.mystique,json-mystique,2.1.2,-,-,?,-,false,-
com.balajeetm.mystique,json-mystique-starter,2.1.2,-,-,?,-,false,-
com.balajeetm.mystique,json-utils,2.1.2,-,-,?,-,false,-
com.bandwidth,async-sqs,0.12.0,-,-,?,-,false,-
com.bandwidth.sdk,bandwidth-java-iris-sdk,1.1,-,-,?,-,false,sun.reflect.generics.reflectiveObjects.NotImplementedException Removed. See http://openjdk.java.net/jeps/260
com.cqsudu,sudu-base-core,1.0.0.RELEASE,-,-,?,-,false,-
com.cqsudu,sudu-common-utils,1.0.0.RELEASE,-,-,?,-,false,-
com.cqsudu,sudu-jwt-token,1.0.0.RELEASE,-,-,?,-,false,-
com.cqsudu,sudu-spring-boot,1.0.0.RELEASE,-,-,?,-,false,-
com.cqsudu,sudu-spring-jpa,1.0.0.RELEASE,-,-,?,-,false,-
com.eimapi,content-store-api,1.0.0,-,-,?,-,false,-
com.eimapi,file-service-base,0.0.4,-,-,?,-,false,-
com.eimapi,file-service-fs,0.0.1,-,-,?,-,false,-
com.erudika,para-cache-hazelcast,1.30.0,-,-,?,-,false,-
com.erudika,para-client,1.30.1,-,-,?,-,false,-
com.erudika,para-core,1.30.1,-,-,?,-,false,-
com.erudika,para-dao-cassandra,1.30.1,-,-,?,-,false,-
com.erudika,para-dao-mongodb,1.30.0,-,-,?,-,false,-
com.erudika,para-dao-sql,1.30.1,-,-,?,-,false,-
com.erudika,para-jar,1.30.1,-,-,?,-,false,-
com.erudika,para-search-elasticsearch,1.30.0,-,-,?,-,false,-
com.erudika,para-search-elasticsearch-v5,1.30.0,-,-,?,-,false,-
com.erudika,para-search-lucene,1.30.2,-,-,?,-,false,-
com.erudika,para-server,1.30.1,-,-,?,-,false,-
com.fraudlabspro,fraudlabspro-java,3.1.0,-,-,?,-,false,-
com.ganshane.stark,stark-activerecord_2.11,2.0.3,-,-,?,-,false,-
com.ganshane.stark,stark-activerecord-generator_2.11,2.0.3,-,-,?,-,false,-
com.ganshane.stark,stark-activerecord-macro_2.11,2.0.3,-,-,?,-,false,-
com.ganshane.stark,stark-migration_2.11,2.0.3,-,-,?,-,false,-
com.ganshane.stark,stark-rpc_2.11,2.0.3,-,-,?,-,false,-
com.ganshane.stark,stark-utils_2.11,2.0.3,-,-,?,-,false,-
com.ganshane.stark,stark-webservice_2.11,2.0.3,-,-,?,-,false,-
com.github.tornaia,java-offline-geoip,0.1.4,-,-,?,-,false,-
com.growingio,growing-tracking,0.0.7,-,-,?,-,false,-
com.javarepl,javarepl,431,-,-,?,-,false,sun.reflect.ReflectionFactory            See http://openjdk.java.net/jeps/260 + sun.reflect.generics.factory.CoreReflectionFactory Removed. See http://openjdk.java.net/jeps/260 + sun.reflect.generics.factory.GenericsFactory Removed. See http://openjdk.java.net/jeps/260 + sun.reflect.generics.parser.SignatureParser Removed. See http://openjdk.java.net/jeps/260 + sun.reflect.generics.repository.MethodRepository Removed. See http://openjdk.java.net/jeps/260 + sun.reflect.generics.scope.ClassScope    Removed. See http://openjdk.java.net/jeps/260 + sun.reflect.generics.scope.Scope         Removed. See http://openjdk.java.net/jeps/260 + sun.reflect.generics.tree.TypeSignature  Removed. See http://openjdk.java.net/jeps/260 + sun.reflect.generics.visitor.Reifier     Removed. See http://openjdk.java.net/jeps/260 + sun.reflect.generics.visitor.TypeTreeVisitor Removed. See http://openjdk.java.net/jeps/260
com.jayway.jsonpath,json-path,2.4.0,-,-,?,-,false,-
com.jayway.jsonpath,json-path-assert,2.4.0,-,-,?,-,false,-
com.jimmoores,quandl-core,2.0.0,-,-,?,-,false,-
com.jimmoores,quandl-tablesaw,2.0.0,-,-,?,-,false,-
com.jtransc.gdx,gdx-backend-jtransc,0.6.7,-,-,?,-,false,-
com.jtransc.gdx,gdx-box2d-jtransc,0.6.7,-,-,?,-,false,-
com.jtransc.gdx,gdx-controllers-jtransc,0.6.7,-,-,?,-,false,-
com.jtransc.gdx,gdx-freetype-jtransc,0.6.7,-,-,?,-,false,-
com.jtransc.gdx,gdx-gamecenter-jtransc,0.6.7,-,-,?,-,false,-
com.jtransc.gdx,gdx-websockets-jtransc,0.6.7,-,-,?,-,false,-
com.jtransc,jtransc-annotations,0.6.8,-,-,?,-,false,-
com.jtransc,jtransc-asm,0.6.8,-,-,?,-,false,-
com.jtransc,jtransc-buildjar-maven-plugin,0.6.8,-,-,?,-,false,-
com.jtransc,jtransc-core,0.6.8,-,-,?,-,false,-
com.jtransc,jtransc-debugger,0.6.8,-,-,?,-,false,-
com.jtransc,jtransc-gen-as3,0.6.8,-,-,?,-,false,-
com.jtransc,jtransc-gen-common-tests,0.6.8,-,-,?,-,false,-
com.jtransc,jtransc-gen-cpp,0.6.8,-,-,?,-,false,-
com.jtransc,jtransc-gen-cs,0.6.8,-,-,?,-,false,-
com.jtransc,jtransc-gen-d,0.6.8,-,-,?,-,false,-
com.jtransc,jtransc-gen-dart,0.6.8,-,-,?,-,false,-
com.jtransc,jtransc-gen-haxe,0.6.8,-,-,?,-,false,-
com.jtransc,jtransc-gen-js,0.6.8,-,-,?,-,false,-
com.jtransc,jtransc-gen-php,0.6.8,-,-,?,-,false,-
com.jtransc,jtransc-gradle-plugin,0.6.8,-,-,?,-,false,-
com.jtransc,jtransc-main,0.6.8,-,-,?,-,false,-
com.jtransc,jtransc-maven-plugin,0.6.8,-,-,?,-,false,-
com.jtransc,jtransc-rt,0.6.8,-,-,?,-,false,-
com.jtransc,jtransc-rt-core,0.6.8,-,-,?,-,false,-
com.jtransc,jtransc-rt-core-kotlin,0.6.8,-,-,?,-,false,-
com.jtransc,jtransc-rt-extended-charsets,0.6.8,-,-,?,-,false,-
com.jtransc,jtransc-utils,0.6.8,-,-,?,-,false,-
com.kllso,kcrypto,0.1.2,-,-,?,-,false,-
com.labstack,labstack-java,0.6.7,-,-,?,-,false,-
com.madewithtea,mockedstreams_2.11,2.1.0,-,-,?,-,false,-
com.madewithtea,mockedstreams_2.12,2.1.0,-,-,?,-,false,-
com.marvinformatics,adt-maven-plugin,1.1,-,-,?,-,false,-
com.marvinformatics,elastic-scroll-stream,0.1,-,-,?,-,false,-
com.marvinformatics.feign,feign-java9,0.2,feign.java9,-,explicit,jdk.incubator.httpclient + feign.core + java.base,true,-
com.marvinformatics.feign,feign-jsonpath,0.4,-,-,?,-,false,-
com.marvinformatics.feign,feign-mock,0.7,-,-,?,-,false,-
com.marvinformatics.feign,feign-spring,0.1,-,-,?,-,false,-
com.marvinformatics.formatter,com.marvinformatics.formatter,1.9.2,-,-,?,-,false,-
com.marvinformatics.formatter,com.marvinformatics.formatter.feature,1.9.2,-,-,?,-,false,-
com.marvinformatics.formatter,formatter-api,2.2.0,-,-,?,-,false,-
com.marvinformatics.formatter,formatter-maven-plugin,2.2.0,-,-,?,-,false,-
com.marvinformatics.formatter,formatter-maven-plugin-its,2.2.0,-,-,?,-,false,-
com.marvinformatics.formatter,java-formatter-test,2.2.0,-,-,?,-,false,-
com.marvinformatics.formatter,javascript-formatter-test,2.2.0,-,-,?,-,false,-
com.marvinformatics.formatter,support,1.9.2,-,-,?,-,false,-
com.marvinformatics.hibernate,hibernate-native-json,0.5,-,-,?,-,false,-
com.marvinformatics,link-dependencies-maven-plugin,0.2,-,-,?,-,false,-
com.marvinformatics,manifest-validator-maven-plugin,0.2,-,-,?,-,false,-
com.marvinformatics,yaml-schema,0.1,-,-,?,-,false,-
com.mgmtp.perfload.demo,perfload-demo-driver,1.0.1,-,-,?,-,false,-
com.mgmtp.perfload.loadprofiles,perfload-loadprofiles,1.3.0,-,-,?,-,false,-
com.mgmtp.perfload.perfalyzer,perfload-perfalyzer,1.1.0,-,-,?,-,false,-
com.mgmtp.perfload.supervisor,perfload-supervisor,2.2.0,-,-,?,-,false,-
com.muquit.libsodiumjna,libsodium-jna,1.0.4,-,-,?,-,false,-
com.opengamma,build-config,2.4.1,-,-,?,-,false,-
com.opengamma,elsql,1.3,com.opengamma.elsql,-,automatic,-,false,-
com.opengamma.sdk,sdk-common,3.0.0,-,-,?,-,false,-
com.opengamma.sdk,sdk-margin,3.0.0,-,-,?,-,false,-
com.opengamma.strata,strata-basics,2.0.0,com.opengamma.strata.basics,-,automatic,-,false,-
com.opengamma.strata,strata-calc,2.0.0,com.opengamma.strata.calc,-,automatic,-,false,-
com.opengamma.strata,strata-collect,2.0.0,com.opengamma.strata.collect,-,automatic,-,false,-
com.opengamma.strata,strata-data,2.0.0,com.opengamma.strata.data,-,automatic,-,false,-
com.opengamma.strata,strata-loader,2.0.0,com.opengamma.strata.loader,-,automatic,-,false,-
com.opengamma.strata,strata-market,2.0.0,com.opengamma.strata.market,-,automatic,-,false,-
com.opengamma.strata,strata-math,2.0.0,com.opengamma.strata.math,-,automatic,-,false,-
com.opengamma.strata,strata-measure,2.0.0,com.opengamma.strata.measure,-,automatic,-,false,-
com.opengamma.strata,strata-pricer,2.0.0,com.opengamma.strata.pricer,-,automatic,-,false,-
com.opengamma.strata,strata-product,2.0.0,com.opengamma.strata.product,-,automatic,-,false,-
com.opengamma.strata,strata-report,2.0.0,com.opengamma.strata.report,-,automatic,-,false,-
com.perimeterx,perimeterx-sdk,4.2.0,-,-,?,-,false,-
com.pipl.api,piplapis,5.0.11,-,-,?,-,false,-
com.prowidesoftware,pw-swift-core,SRU2017-7.9.7,-,-,?,-,false,-
com.qmetric,halreader,2.0,-,-,?,-,false,-
com.qmetric,spark-authentication,1.4,-,-,?,-,false,-
com.robertboothby,abstract-freemarker-template-mojo,0.1.2,-,-,?,-,false,-
com.robertboothby,delegator-generator-maven-plugin-example,0.2.0,-,-,?,-,false,-
com.sandinh,ammonite-sshd_2.12.6,1.1.0-18-b04b80d,-,-,?,-,false,-
com.sandinh,ammonite-util_2.12,1.1.0-18-b04b80d,-,-,?,-,false,-
com.sandinh,couchbase-scala_2.11,7.4.2,-,-,?,-,false,-
com.sandinh,env-hack_2.12,1.1.0,-,-,?,-,false,-
com.sandinh,paho-akka_2.12,1.5.0,-,-,?,-,false,-
com.sandinh,php-utils_2.11,1.0.7,-,-,?,-,false,-
com.sandinh,play-soap_2.11,1.8.0,-,-,?,-,false,-
com.sandinh,szbase32_2.12,1.0.0,-,-,?,-,false,-
com.softwareloop,mybatis-generator-lombok-plugin,1.0,-,-,?,-,false,-
com.stanfy.enroscar,enroscar-async-compiler,2.0-RC3,-,-,?,-,false,-
com.stanfy.enroscar,enroscar-async-interface,2.0-RC3,-,-,?,-,false,-
com.stanfy.enroscar,enroscar-async-rx-annotations,2.0-RC3,-,-,?,-,false,-
com.trilead,trilead-ssh2,1.0.0-build221,-,-,?,-,false,-
com.upokecenter,cbor,3.2.0,-,-,?,-,false,-
com.upokecenter,maillib,0.12.0,-,-,?,-,false,-
com.videoamp,ammonium-util_2.11,2.0.1,-,-,?,-,false,-
com.videoamp,flint_2.11,1.2.6,-,-,?,-,false,-
com.videoamp,flint_2.12,1.2.6,-,-,?,-,false,-
com.wuwenze,ExcelKit,2.0.6,-,-,?,-,false,-
com.xpanxion.fighting-layout-bugs,fighting-layout-bugs,1.0.0.RELEASE,-,-,?,-,false,-
com.yanzhenjie.apache,fileupload,1.3.3,-,-,?,-,false,-
com.yanzhenjie.apache,httpcore,4.4.9,-,-,?,-,false,-
com.yoti,java-sdk-api,1.2,-,-,?,-,false,-
com.yoti,java-sdk-impl,1.2,-,-,?,-,false,-
com.yoti,java-sdk-spring-boot-auto-config,1.2,-,-,?,-,false,-
com.yoti,yoti-sdk-api,2.0.0,-,-,?,-,false,-
com.yoti,yoti-sdk-impl,2.0.0,-,-,?,-,false,-
com.yoti,yoti-sdk-spring-boot-auto-config,2.0.0,-,-,?,-,false,-
com.yoti,yoti-sdk-spring-security,2.0.0,-,-,?,-,false,-
io.mateu.archetypes,mdd-archetype,0.0.27,-,-,?,-,false,-
