groupId,artifactId,version,moduleName,moduleVersion,moduleMode,moduleDependencies,jdepsToolError,jdepsViolations
org.apache.flink,flink-annotations,1.6.0,-,-,?,-,false,-
org.apache.flink,flink-avro,1.6.0,-,-,?,-,false,-
org.apache.flink,flink-cep_2.11,1.6.0,-,-,?,-,false,-
org.apache.flink,flink-cep-scala_2.11,1.6.0,-,-,?,-,false,-
org.apache.flink,flink-clients_2.11,1.6.0,-,-,?,-,false,-
org.apache.flink,flink-connector-cassandra_2.11,1.6.0,-,-,?,-,false,sun.misc.Cleaner                         Use java.lang.ref.PhantomReference @since 1.2 or java.lang.ref.Cleaner @since 9 + sun.misc.Unsafe                          See http://openjdk.java.net/jeps/260 + sun.security.x509.X500Name               Use javax.security.auth.x500.X500Principal @since 1.4
org.apache.flink,flink-connector-elasticsearch_2.11,1.6.0,-,-,?,-,false,sun.misc.Unsafe                          See http://openjdk.java.net/jeps/260 + sun.security.x509.X500Name               Use javax.security.auth.x500.X500Principal @since 1.4
org.apache.flink,flink-connector-elasticsearch2_2.11,1.6.0,-,-,?,-,false,sun.misc.Unsafe                          See http://openjdk.java.net/jeps/260 + sun.security.x509.X500Name               Use javax.security.auth.x500.X500Principal @since 1.4
org.apache.flink,flink-connector-elasticsearch5_2.11,1.6.0,-,-,?,-,false,sun.misc.Unsafe                          See http://openjdk.java.net/jeps/260 + sun.security.x509.X500Name               Use javax.security.auth.x500.X500Principal @since 1.4
org.apache.flink,flink-connector-elasticsearch-base_2.11,1.6.0,-,-,?,-,false,-
org.apache.flink,flink-connector-filesystem_2.11,1.6.0,-,-,?,-,false,-
org.apache.flink,flink-connector-kafka-0.10_2.11,1.6.0,-,-,?,-,false,-
org.apache.flink,flink-connector-kafka-0.11_2.11,1.6.0,-,-,?,-,false,-
org.apache.flink,flink-connector-kafka-0.8_2.11,1.6.0,-,-,?,-,false,-
org.apache.flink,flink-connector-kafka-0.9_2.11,1.6.0,-,-,?,-,false,-
org.apache.flink,flink-connector-kafka-base_2.11,1.6.0,-,-,?,-,false,-
org.apache.flink,flink-connector-nifi_2.11,1.6.0,-,-,?,-,false,-
org.apache.flink,flink-connector-rabbitmq_2.11,1.6.0,-,-,?,-,false,-
org.apache.flink,flink-connector-twitter_2.11,1.6.0,-,-,?,-,false,sun.misc.Unsafe                          See http://openjdk.java.net/jeps/260
org.apache.flink,flink-connector-wikiedits_2.11,1.6.0,-,-,?,-,false,-
org.apache.flink,flink-core,1.6.0,-,-,?,-,false,sun.misc.Unsafe                          See http://openjdk.java.net/jeps/260
org.apache.flink,flink-examples-batch_2.11,1.6.0,-,-,?,-,false,-
org.apache.flink,flink-examples-streaming_2.11,1.6.0,-,-,?,-,false,-
org.apache.flink,flink-examples-table_2.11,1.6.0,-,-,?,-,false,-
org.apache.flink,flink-fs-tests_2.11,1.6.0,-,-,?,-,false,-
org.apache.flink,flink-gelly_2.11,1.6.0,-,-,?,-,false,-
org.apache.flink,flink-gelly-examples_2.11,1.6.0,-,-,?,-,false,-
org.apache.flink,flink-gelly-scala_2.11,1.6.0,-,-,?,-,false,-
org.apache.flink,flink-hadoop-compatibility_2.11,1.6.0,-,-,?,-,false,-
org.apache.flink,flink-hadoop-fs,1.6.0,-,-,?,-,false,-
org.apache.flink,flink-hbase_2.11,1.6.0,-,-,?,-,false,-
org.apache.flink,flink-hcatalog,1.6.0,-,-,?,-,false,-
org.apache.flink,flink-java,1.6.0,-,-,?,-,false,-
org.apache.flink,flink-jdbc,1.6.0,-,-,?,-,false,-
org.apache.flink,flink-json,1.6.0,-,-,?,-,false,-
org.apache.flink,flink-mapr-fs,1.6.0,-,-,?,-,false,-
org.apache.flink,flink-mesos_2.11,1.6.0,-,-,?,-,false,-
org.apache.flink,flink-metrics-core,1.6.0,-,-,?,-,false,-
org.apache.flink,flink-metrics-datadog,1.6.0,-,-,?,-,false,-
org.apache.flink,flink-metrics-dropwizard,1.6.0,-,-,?,-,false,-
org.apache.flink,flink-metrics-ganglia,1.6.0,-,-,?,-,false,-
org.apache.flink,flink-metrics-graphite,1.6.0,-,-,?,-,false,-
org.apache.flink,flink-metrics-jmx,1.6.0,-,-,?,-,false,-
org.apache.flink,flink-metrics-prometheus,1.6.0,-,-,?,-,false,sun.misc.Unsafe                          See http://openjdk.java.net/jeps/260
org.apache.flink,flink-metrics-slf4j,1.6.0,-,-,?,-,false,-
org.apache.flink,flink-metrics-statsd,1.6.0,-,-,?,-,false,-
org.apache.flink,flink-ml_2.11,1.6.0,-,-,?,-,false,-
org.apache.flink,flink-optimizer_2.11,1.6.0,-,-,?,-,false,-
org.apache.flink,flink-orc_2.11,1.6.0,-,-,?,-,false,-
org.apache.flink,flink-python_2.11,1.6.0,-,-,?,-,false,-
org.apache.flink,flink-queryable-state-client-java_2.11,1.6.0,-,-,?,-,false,-
org.apache.flink,flink-queryable-state-runtime_2.11,1.6.0,-,-,?,-,false,-
org.apache.flink,flink-runtime_2.11,1.6.0,-,-,?,-,false,sun.misc.Signal                          See http://openjdk.java.net/jeps/260 + sun.misc.SignalHandler                   See http://openjdk.java.net/jeps/260 + sun.misc.Unsafe                          See http://openjdk.java.net/jeps/260 + sun.security.x509.X500Name               Use javax.security.auth.x500.X500Principal @since 1.4
org.apache.flink,flink-runtime-web_2.11,1.6.0,-,-,?,-,false,-
org.apache.flink,flink-s3-fs-hadoop,1.6.0,-,-,?,-,false,sun.misc.Cleaner                         Use java.lang.ref.PhantomReference @since 1.2 or java.lang.ref.Cleaner @since 9 + sun.misc.Signal                          See http://openjdk.java.net/jeps/260 + sun.misc.SignalHandler                   See http://openjdk.java.net/jeps/260 + sun.misc.Unsafe                          See http://openjdk.java.net/jeps/260
org.apache.flink,flink-s3-fs-presto,1.6.0,-,-,?,-,false,sun.misc.Cleaner                         Use java.lang.ref.PhantomReference @since 1.2 or java.lang.ref.Cleaner @since 9 + sun.misc.Signal                          See http://openjdk.java.net/jeps/260 + sun.misc.SignalHandler                   See http://openjdk.java.net/jeps/260 + sun.misc.Unsafe                          See http://openjdk.java.net/jeps/260 + sun.security.x509.X500Name               Use javax.security.auth.x500.X500Principal @since 1.4
org.apache.flink,flink-scala_2.11,1.6.0,-,-,?,-,false,-
org.apache.flink,flink-scala-shell_2.11,1.6.0,-,-,?,-,false,-
org.apache.flink,flink-shaded-curator,1.6.0,-,-,?,-,false,sun.misc.Unsafe                          See http://openjdk.java.net/jeps/260
org.apache.flink,flink-shaded-hadoop2,1.6.0,-,-,?,-,false,sun.misc.Cleaner                         Use java.lang.ref.PhantomReference @since 1.2 or java.lang.ref.Cleaner @since 9 + sun.misc.Signal                          See http://openjdk.java.net/jeps/260 + sun.misc.SignalHandler                   See http://openjdk.java.net/jeps/260 + sun.misc.Unsafe                          See http://openjdk.java.net/jeps/260
org.apache.flink,flink-shaded-yarn-tests,1.6.0,-,-,?,-,false,sun.misc.Cleaner                         Use java.lang.ref.PhantomReference @since 1.2 or java.lang.ref.Cleaner @since 9 + sun.misc.Signal                          See http://openjdk.java.net/jeps/260 + sun.misc.SignalHandler                   See http://openjdk.java.net/jeps/260 + sun.misc.Unsafe                          See http://openjdk.java.net/jeps/260 + sun.security.x509.X500Name               Use javax.security.auth.x500.X500Principal @since 1.4
org.apache.flink,flink-statebackend-rocksdb_2.11,1.6.0,-,-,?,-,false,-
org.apache.flink,flink-storm_2.11,1.6.0,-,-,?,-,false,-
org.apache.flink,flink-storm-examples_2.11,1.6.0,-,-,?,-,false,sun.misc.Unsafe                          See http://openjdk.java.net/jeps/260
org.apache.flink,flink-streaming-java_2.11,1.6.0,-,-,?,-,false,-
org.apache.flink,flink-streaming-python_2.11,1.6.0,-,-,?,-,false,sun.misc.Cleaner                         Use java.lang.ref.PhantomReference @since 1.2 or java.lang.ref.Cleaner @since 9 + sun.misc.Signal                          See http://openjdk.java.net/jeps/260 + sun.misc.SignalHandler                   See http://openjdk.java.net/jeps/260 + sun.misc.Unsafe                          See http://openjdk.java.net/jeps/260 + sun.security.x509.X500Name               Use javax.security.auth.x500.X500Principal @since 1.4
org.apache.flink,flink-streaming-scala_2.11,1.6.0,-,-,?,-,false,-
org.apache.flink,flink-swift-fs-hadoop,1.6.0,-,-,?,-,false,sun.misc.Cleaner                         Use java.lang.ref.PhantomReference @since 1.2 or java.lang.ref.Cleaner @since 9 + sun.misc.Signal                          See http://openjdk.java.net/jeps/260 + sun.misc.SignalHandler                   See http://openjdk.java.net/jeps/260 + sun.misc.Unsafe                          See http://openjdk.java.net/jeps/260
org.apache.flink,flink-table_2.11,1.6.0,-,-,?,-,false,sun.misc.Unsafe                          See http://openjdk.java.net/jeps/260
org.apache.flink,flink-tests_2.11,1.6.0,-,-,?,-,false,-
org.apache.flink,flink-test-utils_2.11,1.6.0,-,-,?,-,false,sun.security.x509.X500Name               Use javax.security.auth.x500.X500Principal @since 1.4
org.apache.flink,flink-test-utils-junit,1.6.0,-,-,?,-,false,sun.misc.Unsafe                          See http://openjdk.java.net/jeps/260
org.apache.flink,flink-yarn_2.11,1.6.0,-,-,?,-,false,-
org.apache.flink,flink-yarn-tests_2.11,1.6.0,-,-,?,-,false,sun.misc.Cleaner                         Use java.lang.ref.PhantomReference @since 1.2 or java.lang.ref.Cleaner @since 9 + sun.misc.Signal                          See http://openjdk.java.net/jeps/260 + sun.misc.SignalHandler                   See http://openjdk.java.net/jeps/260 + sun.misc.Unsafe                          See http://openjdk.java.net/jeps/260 + sun.security.x509.X500Name               Use javax.security.auth.x500.X500Principal @since 1.4
org.apache.flink,force-shading,1.6.0,-,-,?,-,false,-
