groupId,artifactId,version,moduleName,moduleVersion,moduleMode,moduleDependencies,jdepsToolError,jdepsViolations
com.ebay.opentracing,opentracing-basic,1.1.0,-,-,?,-,false,-
com.google.apis,google-api-services-websecurityscanner,v1alpha-rev76-1.24.1,-,-,?,-,false,-
com.lightstep.tracer,java-common,0.15.5,-,-,?,-,false,-
com.lightstep.tracer,tracer-grpc,0.15.5,-,-,?,-,false,-
com.lightstep.tracer,tracer-okhttp,0.15.5,-,-,?,-,false,-
com.paypal.butterfly,butterfly-api,3.0.0-M1,-,-,?,-,false,-
com.paypal.butterfly,butterfly-bom,3.0.0-M1,-,-,?,-,false,-
com.paypal.butterfly,butterfly-cli,3.0.0-M1,-,-,?,-,false,-
com.paypal.butterfly,butterfly-cli-package,3.0.0-M1,-,-,?,-,false,-
com.paypal.butterfly,butterfly-core,3.0.0-M1,-,-,?,-,false,-
com.paypal.butterfly,butterfly-extensions-api,3.0.0-M1,-,-,?,-,false,-
com.paypal.butterfly,butterfly-persist-couchdb,3.0.0-M1,-,-,?,-,false,-
com.paypal.butterfly,butterfly-persist-file,3.0.0-M1,-,-,?,-,false,-
com.paypal.butterfly,butterfly-test,3.0.0-M1,-,-,?,-,false,-
com.paypal.butterfly,butterfly-utilities,3.0.0-M1,-,-,?,-,false,-
com.paypal.butterfly.extensions,butterfly-springboot-extension,3.0.0-M1,-,-,?,-,false,-
com.paypal.butterfly,extensions-catalog,3.0.0-M1,-,-,?,-,false,-
com.workday.warp,warp-core,1.0.0,-,-,?,-,false,-
net.mikera,vectorz,0.66.0,-,-,?,-,false,-
org.http4s,jawn-fs2_2.11,0.13.0-M3,-,-,?,-,false,-
org.http4s,jawn-fs2_2.12,0.13.0-M3,-,-,?,-,false,-
