groupId,artifactId,version,moduleName,moduleVersion,moduleMode,moduleDependencies,jdepsToolError,jdepsViolations
com.codacy,codacy-plugins-api_2.11,3.0.171,-,-,?,-,false,-
com.codacy,codacy-plugins-api_2.12,3.0.171,-,-,?,-,false,-
com.dieusoft.dw,jjfly,1.3.3,-,-,?,-,false,-
com.envisioniot,enos-calculate,1.2.2,-,-,?,-,false,-
com.github.super-sean,task-pipeline-app-plugin,1.0.12,-,-,?,-,false,-
com.github.super-sean,task-pipeline-core,1.0.12,-,-,?,-,false,-
com.graphaware.neo4j,recommendation-engine,3.4.3.52.11,-,-,?,-,false,-
com.jparams,object-builder,1.0.7,-,-,?,-,false,sun.misc.Unsafe                          See http://openjdk.java.net/jeps/260
com.lightbend.paradox,paradox_2.12,0.4.0,-,-,?,-,false,-
com.lightbend.paradox,paradox-theme-generic,0.4.0,-,-,?,-,false,-
com.lightbend.paradox,testkit_2.12,0.4.0,-,-,?,-,false,-
dk.bankdata.gradle.swagger,gradle-swagger-plugin,2.0.0,-,-,?,-,false,-
io.hydrosphere,serving-grpc-scala_2.11,0.1.21,-,-,?,-,false,-
io.hydrosphere,serving-grpc-scala_2.12,0.1.21,-,-,?,-,false,-
org.coody.framework,coody-cache,alpha-1.0.9,-,-,?,-,false,-
org.coody.framework,coody-core,alpha-1.0.9,-,-,?,-,false,-
org.coody.framework,coody-jdbc,alpha-1.0.9,-,-,?,-,false,-
org.coody.framework,coody-rcc,alpha-1.0.9,-,-,?,-,false,-
org.coody.framework,coody-task,alpha-1.0.9,-,-,?,-,false,-
org.coody.framework,coody-web,alpha-1.0.9,-,-,?,-,false,-
org.eclipse.lsp4j,org.eclipse.lsp4j,0.5.0.M1,-,-,?,-,false,-
org.eclipse.lsp4j,org.eclipse.lsp4j.debug,0.5.0.M1,-,-,?,-,false,-
org.eclipse.lsp4j,org.eclipse.lsp4j.generator,0.5.0.M1,-,-,?,-,false,-
org.eclipse.lsp4j,org.eclipse.lsp4j.jsonrpc,0.5.0.M1,-,-,?,-,false,-
org.eclipse.lsp4j,org.eclipse.lsp4j.jsonrpc.debug,0.5.0.M1,-,-,?,-,false,-
