groupId,artifactId,version,moduleName,moduleVersion,moduleMode,moduleDependencies,jdepsToolError,jdepsViolations
cn.antcore,AntKafka,0.0.2-RELEASE,-,-,?,-,false,-
com.antwerkz.critter,critter-core,3.0.1,-,-,?,-,false,-
com.antwerkz.critter,critter-generator,3.0.1,-,-,?,-,false,-
com.antwerkz.critter,critter-maven,3.0.1,-,-,?,-,false,-
com.antwerkz.critter,critter-tests-java,3.0.1,-,-,?,-,false,-
com.antwerkz.critter,critter-tests-kotlin,3.0.1,-,-,?,-,false,-
com.google.apis,google-api-services-adsensehost,v4.1-rev513-1.18.0-rc,-,-,?,-,false,-
com.google.apis,google-api-services-adsense,v1.4-rev441-1.24.1,-,-,?,-,false,-
com.google.apis,google-api-services-appsactivity,v1-rev175-1.22.0,-,-,?,-,false,-
com.google.apis,google-api-services-cloudresourcemanager,v2-rev29-1.24.1,-,-,?,-,false,-
com.ibm.cos-aspera,cos-aspera-linux-64,0.1.163444,-,-,?,-,false,-
com.ibm.cos-aspera,cos-aspera-mac-10.13-64,0.1.163444,-,-,?,-,false,-
com.ibm.cos-aspera,cos-aspera-win-v140_xp-64,0.1.163444,-,-,?,-,false,-
com.kloudtek.ktutils,ktutils,1.3.10,-,-,?,-,false,-
com.kloudtek.ktutils,ktutils-android,1.3.10,-,-,?,-,false,-
com.kloudtek.ktutils,ktutils-http,1.3.10,-,-,?,-,false,-
com.kloudtek.ktutils,ktutils-jee,1.3.10,-,-,?,-,false,-
com.kloudtek.ktutils,ktutils-jetty,1.3.10,-,-,?,-,false,-
com.kloudtek.ktutils,ktutils-jsf,1.3.10,-,-,?,-,false,-
com.kloudtek.ktutils,ktutils-json,1.3.10,-,-,?,-,false,-
com.kloudtek.ktutils,ktutils-mule,1.3.10,-,-,?,-,false,-
com.kloudtek.ktutils,ktutils-security,1.3.10,-,-,?,-,false,-
com.kloudtek.ktutils,ktutils-selenium,1.3.10,-,-,?,-,false,-
com.kloudtek.ktutils,ktutils-spring,1.3.10,-,-,?,-,false,-
com.kloudtek.ktutils,ktutils-testing,1.3.10,-,-,?,-,false,-
com.ursful.framework,ursful-orm,1.2.6,-,-,?,-,false,-
io.github.whimthen,whimthen-common,0.0.1,-,-,?,-,false,-
