groupId,artifactId,version,moduleName,moduleVersion,moduleMode,moduleDependencies,jdepsToolError,jdepsViolations
com.adelegue,elastic-scala-http_2.11,0.0.11,-,-,?,-,false,-
com.adelegue,elastic-scala-http_2.12,0.0.11,-,-,?,-,false,-
com.adelegue,playjson-extended_2.11,0.0.4,-,-,?,-,false,-
com.adelegue,playjson-extended_2.12,0.0.4,-,-,?,-,false,-
com.airbnb.android,epoxy-annotations,2.16.3,-,-,?,-,false,-
com.airbnb.android,epoxy-processor,2.16.3,-,-,?,-,false,com.sun.tools.javac.code.Symbol          Use javax.tools and javax.lang.model @since 1.6 + com.sun.tools.javac.code.Symbol$ClassSymbol Use javax.tools and javax.lang.model @since 1.6 + com.sun.tools.javac.code.Symbol$VarSymbol Use javax.tools and javax.lang.model @since 1.6 + com.sun.tools.javac.tree.JCTree          Use com.sun.source @since 1.6 + com.sun.tools.javac.tree.JCTree$JCFieldAccess Use com.sun.source @since 1.6 + com.sun.tools.javac.tree.JCTree$Visitor  Use com.sun.source @since 1.6 + com.sun.tools.javac.tree.TreeScanner     Use com.sun.source @since 1.6
com.bertramlabs.plugins,asset-pipeline-core,3.0.6,-,-,?,-,false,-
com.bertramlabs.plugins,asset-pipeline-gradle,3.0.6,-,-,?,-,false,-
com.bertramlabs.plugins,asset-pipeline-micronaut,3.0.6,-,-,?,-,false,-
com.bertramlabs.plugins,asset-pipeline-servlet,3.0.6,-,-,?,-,false,-
com.bertramlabs.plugins,asset-pipeline-spring-boot,3.0.6,-,-,?,-,false,-
com.bertramlabs.plugins,coffee-asset-pipeline,3.0.6,-,-,?,-,false,-
com.bertramlabs.plugins,ember-asset-pipeline,3.0.6,-,-,?,-,false,-
com.bertramlabs.plugins,handlebars-asset-pipeline,3.0.6,-,-,?,-,false,-
com.bertramlabs.plugins,jsx-asset-pipeline,3.0.6,-,-,?,-,false,-
com.bertramlabs.plugins,karman-alibaba,1.1.16,-,-,?,-,false,-
com.bertramlabs.plugins,karman-azure,1.1.16,-,-,?,-,false,-
com.bertramlabs.plugins,karman-cifs,1.1.16,-,-,?,-,false,-
com.bertramlabs.plugins,karman-nfs,1.1.16,-,-,?,-,false,-
com.bertramlabs.plugins,karman-rackspace,1.1.16,-,-,?,-,false,-
com.chrisdempewolf,pinterest-sdk,4.2.1,-,-,?,-,false,-
com.codetaco,cli,6.1.2,-,-,?,-,false,-
com.codetaco,date,4.1.2,-,-,?,-,false,-
com.codetaco,math,4.1.3,-,-,?,-,false,-
com.dafei1288,max,0.0.1-alpha,-,-,?,-,false,-
com.dnsimple,dnsimple-java,0.4.1,-,-,?,-,false,-
com.ethlo.dachs,dachs-audit,0.9.1,-,-,?,-,false,-
com.ethlo.dachs,dachs-common,0.9.1,-,-,?,-,false,-
com.ethlo.dachs,dachs-common-jpa,0.9.1,-,-,?,-,false,-
com.ethlo.dachs,dachs-common-test,0.9.1,-,-,?,-,false,-
com.ethlo.dachs,dachs-eclipselink,0.9.1,-,-,?,-,false,-
com.ethlo.dachs,dachs-hibernate,0.9.1,-,-,?,-,false,-
com.ethlo.geodata,geodata-model,0.3.2,-,-,?,-,false,-
com.ethlo.geodata,geodata-service,0.3.2,-,-,?,-,false,-
com.ethlo.json2xsd,jsons2xsd,2.1.0,-,-,?,-,false,-
com.ethlo.jsons2xsd,jsons2xsd,2.1.1,-,-,?,-,false,-
com.ethlo.keyvalue,keyvalue-api,0.9.1,-,-,?,-,false,-
com.ethlo.keyvalue,keyvalue-cache,0.9.1,-,-,?,-,false,-
com.ethlo.keyvalue,keyvalue-mysql,0.9.1,-,-,?,-,false,-
com.ethlo.keyvalue,keyvalue-sync,0.9.1,-,-,?,-,false,-
com.ethlo.kfka,kfka-core,0.4.0,-,-,?,-,false,-
com.ethlo.kfka,kfka-http,0.4.0,-,-,?,-,false,-
com.ethlo.kfka,kfka-model,0.4.0,-,-,?,-,false,-
com.ethlo.kfka,kfka-mysql,0.4.0,-,-,?,-,false,-
com.ethlo.kfka,kfka-test,0.4.0,-,-,?,-,false,-
com.ethlo.lamebda,lamebda-core,0.1.0,-,-,?,-,false,-
com.ethlo.lamebda,lamebda-servlet,0.1.0,-,-,?,-,false,-
com.ethlo.lamebda,lamebda-spring-web-starter,0.1.0,-,-,?,-,false,-
com.ethlo.persistence.tools,eclipselink-maven-plugin,2.7.1.1,-,-,?,-,false,-
com.ethlo.schematools,jsons2xsd,1.0,-,-,?,-,false,-
com.ethlo.spring,spring-actuator-config,2.0.0,-,-,?,-,false,-
com.ethlo.time,itu,1.2,-,-,?,-,false,-
com.eztier,cassandra-udt-codec-helper-scala_2.12,0.2.18,-,-,?,-,false,-
com.ge.predix,acs-model,5.0.2,-,-,?,-,false,-
com.ge.predix,acs-spring-security-extensions,5.2.3,-,-,?,-,false,-
com.ge.predix,security-dynamic-log-configurer,1.1.2,-,-,?,-,false,-
com.ge.predix,spring-log-filter,2.0.0,-,-,?,-,false,-
com.ge.predix,spring-metering-filter,1.2.5,-,-,?,-,false,-
com.ge.predix,uaa-token-lib,4.0.1,-,-,?,-,false,-
com.google.apis,google-api-services-appsactivity,v1-rev178-1.25.0,-,-,?,-,false,-
com.google.apis,google-api-services-genomics,v2alpha1-rev30-1.25.0,-,-,?,-,false,-
com.google.apis,google-api-services-gmail,v1-rev95-1.25.0,-,-,?,-,false,-
com.google.apis,google-api-services-groupsmigration,v1-rev56-1.25.0,-,-,?,-,false,-
com.google.apis,google-api-services-groupssettings,v1-rev75-1.25.0,-,-,?,-,false,-
com.google.apis,google-api-services-iamcredentials,v1-rev8-1.25.0,-,-,?,-,false,-
com.google.apis,google-api-services-iam,v1-rev258-1.25.0,-,-,?,-,false,-
com.google.apis,google-api-services-iap,v1beta1-rev7-1.25.0,-,-,?,-,false,-
com.google.apis,google-api-services-identitytoolkit,v3-rev252-1.25.0,-,-,?,-,false,-
com.google.apis,google-api-services-indexing,v3-rev7-1.25.0,-,-,?,-,false,-
com.google.apis,google-api-services-jobs,v3-rev5-1.25.0,-,-,?,-,false,-
com.google.apis,google-api-services-kgsearch,v1-rev230-1.25.0,-,-,?,-,false,-
com.google.apis,google-api-services-language,v1-rev439-1.25.0,-,-,?,-,false,-
com.google.apis,google-api-services-licensing,v1-rev57-1.25.0,-,-,?,-,false,-
com.google.apis,google-api-services-logging,v2-rev600-1.25.0,-,-,?,-,false,-
com.google.apis,google-api-services-manufacturers,v1-rev89-1.25.0,-,-,?,-,false,-
com.google.apis,google-api-services-mirror,v1-rev103-1.25.0,-,-,?,-,false,-
com.google.apis,google-api-services-ml,v1-rev57-1.25.0,-,-,?,-,false,-
com.google.apis,google-api-services-monitoring,v3-rev468-1.25.0,-,-,?,-,false,-
com.google.apis,google-api-services-oauth2,v2-rev140-1.25.0,-,-,?,-,false,-
com.google.apis,google-api-services-oslogin,v1-rev23-1.25.0,-,-,?,-,false,-
com.google.apis,google-api-services-pagespeedonline,v4-rev13-1.25.0,-,-,?,-,false,-
com.hevelian.activemq,activemq-core,5.14.5,-,-,?,-,false,-
com.hevelian.olastic,olastic-core,1.1.2,-,-,?,-,false,-
com.hzhanghuan,hhCommonBase,1.0,-,-,?,-,false,-
com.hzhanghuan,hhInfoBase,1.0.0,-,-,?,-,false,-
com.ingenico.connect.gateway,connect-sdk-java,5.24.0,-,-,?,-,false,-
com.innovativeastrosolutions,AstrosoftCore,1.0.0,-,-,?,-,false,-
com.jsunsoft.commons,commons-lang,0.0.1,-,-,?,-,false,-
com.jsunsoft,conditional-apply,0.0.1,-,-,?,-,false,-
com.jsunsoft.http,http-request,1.0.1,-,-,?,-,false,-
com.jsunsoft.util,concurrent,0.0.1-alpha2,-,-,?,-,false,-
com.lithium.dbi.rdbi,rdbi-core,0.85,-,-,?,-,false,-
com.lithium.dbi.rdbi,rdbi-recipes,0.85,-,-,?,-,false,-
com.lithium.dbi.rdbi,rdbi-recipes-java7,0.68,-,-,?,-,false,-
com.lithium.flow,flow,0.7.2,-,-,?,-,false,-
com.lithium,instagram4j,0.0.15,-,-,?,-,false,-
com.lithium.mineraloil,mineraloil-selenium,2.18,-,-,?,-,false,-
com.netflix.buildinfrastructure,netflixoss-plugin-common,0.7.31,-,-,?,-,false,-
com.netflix.buildinfrastructure,netflixoss-plugin-test,0.7.31,-,-,?,-,false,-
com.netflix.spectator,spectator-agent,0.74.4,com.netflix.spectator.agent,-,automatic,-,false,-
com.netflix.spectator,spectator-api,0.74.4,com.netflix.spectator.api,-,automatic,-,false,-
com.netflix.spectator,spectator-ext-aws,0.74.4,com.netflix.spectator.aws,-,automatic,-,false,-
com.netflix.spectator,spectator-ext-aws2,0.74.4,com.netflix.spectator.aws2,-,automatic,-,false,-
com.netflix.spectator,spectator-ext-gc,0.74.4,com.netflix.spectator.gc,-,automatic,-,false,-
com.netflix.spectator,spectator-ext-ipc,0.74.4,com.netflix.spectator.ipc,-,automatic,-,false,-
com.netflix.spectator,spectator-ext-ipcservlet,0.74.4,com.netflix.spectator.ipcservlet,-,automatic,-,false,-
com.netflix.spectator,spectator-ext-jvm,0.74.4,com.netflix.spectator.jvm,-,automatic,-,false,-
com.netflix.spectator,spectator-ext-log4j1,0.74.4,com.netflix.spectator.log4j1,-,automatic,-,false,-
com.netflix.spectator,spectator-ext-log4j2,0.74.4,com.netflix.spectator.log4j2,-,automatic,-,false,-
com.netflix.spectator,spectator-ext-placeholders,0.74.4,com.netflix.spectator.placeholders,-,automatic,-,false,-
com.netflix.spectator,spectator-ext-sandbox,0.74.4,com.netflix.spectator.sandbox,-,automatic,-,false,-
com.netflix.spectator,spectator-ext-spark,0.74.4,com.netflix.spectator.spark,-,automatic,-,false,-
com.netflix.spectator,spectator-nflx,0.74.4,com.netflix.spectator.nflx.governator,-,automatic,-,false,-
com.netflix.spectator,spectator-nflx-plugin,0.74.4,com.netflix.spectator.nflx,-,automatic,-,false,-
com.netflix.spectator,spectator-perf,0.74.4,com.netflix.spectator.perf,-,automatic,-,false,-
com.netflix.spectator,spectator-reg-atlas,0.74.4,com.netflix.spectator.atlas,-,automatic,-,false,-
com.netflix.spectator,spectator-reg-metrics3,0.74.4,com.netflix.spectator.metrics3,-,automatic,-,false,-
com.netflix.spectator,spectator-reg-servo,0.74.4,com.netflix.spectator.servo,-,automatic,-,false,-
com.netflix.spectator,spectator-reg-stateless,0.74.4,com.netflix.spectator.stateless,-,automatic,-,false,-
com.netflix.spectator,spectator-web-spring,0.74.4,com.netflix.spectator.spring,-,automatic,-,false,-
com.oath.cyclops,cyclops,10.0.0-FINAL,-,-,?,-,false,-
com.oath.cyclops,cyclops-anym,10.0.0-FINAL,-,-,?,-,false,-
com.oath.cyclops,cyclops-futurestream,10.0.0-FINAL,-,-,?,-,false,-
com.oath.cyclops,cyclops-jackson-integration,10.0.0-FINAL,-,-,?,-,false,-
com.oath.cyclops,cyclops-pure,10.0.0-FINAL,-,-,?,-,false,-
com.oath.cyclops,cyclops-reactive-collections,10.0.0-FINAL,-,-,?,-,false,-
com.oath.cyclops,cyclops-reactor-integration,10.0.0-FINAL,-,-,?,-,false,-
com.oath.cyclops,cyclops-rx2-integration,10.0.0-FINAL,-,-,?,-,false,-
com.oath.cyclops,cyclops-rx-integration,10.0.0-M7,-,-,?,-,false,-
com.oath.cyclops,cyclops-vavr-integration,10.0.0-M7,-,-,?,-,false,-
com.oath.microservices,micro-application-register,1.0.1,-,-,?,-,false,-
com.oath.microservices,micro-async-data-loader,1.0.1,-,-,?,-,false,-
com.oath.microservices,micro-async-data-writer,1.0.1,-,-,?,-,false,-
com.oath.microservices,micro-boot,1.0.1,-,-,?,-,false,-
com.oath.microservices,micro-client,1.0.1,-,-,?,-,false,-
com.oath.microservices,micro-core,1.0.1,-,-,?,-,false,-
com.oath.microservices,micro-cors,1.0.1,-,-,?,-,false,-
com.oath.microservices,micro-couchbase,1.0.1,-,-,?,-,false,-
com.oath.microservices,micro-curator,1.0.1,-,-,?,-,false,-
com.oath.microservices,micro-dbcp,1.0.1,-,-,?,-,false,-
com.oath.microservices,micro-dist-lock,1.0.1,-,-,?,-,false,-
com.oath.microservices,micro-elasticache,1.0.1,-,-,?,-,false,-
com.oath.microservices,micro-error-codes,1.0.1,-,-,?,-,false,-
com.oath.microservices,micro-event-metrics,1.0.1,-,-,?,-,false,-
com.oath.microservices,micro-events,1.0.1,-,-,?,-,false,-
com.oath.microservices,micro-general-exception-mapper,1.0.1,-,-,?,-,false,-
com.oath.microservices,micro-grizzly,1.0.1,-,-,?,-,false,-
com.oath.microservices,micro-grizzly-with-jersey,1.0.1,-,-,?,-,false,-
com.oath.microservices,micro-guava,1.0.1,-,-,?,-,false,-
com.oath.microservices,micro-hibernate,1.0.1,-,-,?,-,false,-
com.oath.microservices,micro-hikaricp,1.0.1,-,-,?,-,false,-
com.oath.microservices,micro-ip-tracker,1.0.1,-,-,?,-,false,-
com.oath.microservices,micro-jackson-configuration,1.0.1,-,-,?,-,false,-
com.oath.microservices,micro-jdbc,1.0.1,-,-,?,-,false,-
com.oath.microservices,micro-jersey,1.0.1,-,-,?,-,false,-
com.oath.microservices,micro-jmx-metrics,1.0.1,-,-,?,-,false,-
com.oath.microservices,micro-log4j,1.0.1,-,-,?,-,false,-
com.oath.microservices,micro-logback,1.0.1,-,-,?,-,false,-
com.oath.microservices,micro-log-streamer,1.0.1,-,-,?,-,false,-
com.oath.microservices,micro-machine-stats,1.0.1,-,-,?,-,false,-
com.oath.microservices,micro-manifest-comparator,1.0.1,-,-,?,-,false,-
com.oath.microservices,micro-metrics,1.0.1,-,-,?,-,false,-
com.oath.microservices,micro-metrics-datadog,1.0.1,-,-,?,-,false,-
com.oath.microservices,micro-mysql,1.0.1,-,-,?,-,false,-
com.oath.microservices,micro-reactive,1.0.1,-,-,?,-,false,-
com.oath.microservices,micro-s3,1.0.1,-,-,?,-,false,-
com.oath.microservices,micro-slack,1.0.1,-,-,?,-,false,-
com.oath.microservices,micro-spring-boot,1.0.1,-,-,?,-,false,-
com.oath.microservices,micro-swagger,1.0.1,-,-,?,-,false,-
com.oath.microservices,micro-tomcat,1.0.1,-,-,?,-,false,-
com.oath.microservices,micro-tomcat-with-jersey,1.0.1,-,-,?,-,false,-
com.oath.microservices,micro-transactions,1.0.1,-,-,?,-,false,-
com.pakybytes,pb-sys_2.12,1.3.0,-,-,?,-,false,-
com.peterabeles,auto64fto32f,1.4,-,-,?,-,false,-
com.pubnub,pubnub,4.6.5,-,-,?,-,false,-
com.pubnub,pubnub-debug,3.7.11,-,-,?,-,false,-
com.pubnub,pubnub-gson,4.19.0,-,-,?,-,false,-
com.steelbridgelabs.oss,neo4j-cluster-ecs-tools,0.0.3,-,-,?,-,false,-
com.steelbridgelabs.oss,neo4j-gremlin-bolt,0.2.27,-,-,?,-,false,-
com.syncron.amazonaws,simba-athena-jdbc-driver,2.0.2,-,-,?,-,false,-
com.syncron.common,syncron-utils,1.0.0,-,-,?,-,false,-
com.uogome,dubbo2-registry-simple,1.0,-,-,?,-,false,-
com.wavefront,dropwizard-metrics-3.1,4.28,-,-,?,-,false,-
com.wavefront,dropwizard-metrics,4.30,-,-,?,-,false,-
com.wavefront,dropwizard-metrics5,4.30,-,-,?,-,false,-
com.wavefront,dropwizard-metrics-wavefront,4.30,-,-,?,-,false,-
com.wavefront,java-client,4.30,-,-,?,-,false,-
com.wavefront,java-lib,4.30,-,-,?,-,false,-
com.wavefront,proxy,4.30,-,-,?,-,false,-
com.wavefront,yammer-metrics,4.30,-,-,?,-,false,-
de.kgrupp,inoks-java-monads,0.5.2.13,-,-,?,-,false,-
eu.coldrye.junit,junit-common,1.1.1,-,-,?,-,false,-
org.sonatype.goodies.dropwizard,dropwizard-support-client,1.0.2,-,-,?,-,false,-
org.sonatype.goodies.dropwizard,dropwizard-support-core,1.0.2,-,-,?,-,false,-
org.sonatype.goodies.dropwizard,dropwizard-support-datadog,1.0.2,-,-,?,-,false,-
org.sonatype.goodies.dropwizard,dropwizard-support-security,1.0.2,-,-,?,-,false,-
org.sonatype.goodies.dropwizard,dropwizard-support-swagger,1.0.2,-,-,?,-,false,-
org.sonatype.goodies.dropwizard,dropwizard-support-testsupport,1.0.2,-,-,?,-,false,-
org.sonatype.goodies.dropwizard,dropwizard-support-views,1.0.2,-,-,?,-,false,-
