groupId,artifactId,version,moduleName,moduleVersion,moduleMode,moduleDependencies,jdepsToolError,jdepsViolations
com.cronutils,cron-utils,7.0.5,-,-,?,-,false,-
com.github.albfernandez.richfaces,richfaces,4.6.5.ayg,org.richfaces.richfaces,-,automatic,-,false,-
com.github.albfernandez.richfaces,richfaces-a4j,4.6.5.ayg,org.richfaces.richfaces-a4j,-,automatic,-,false,-
com.github.albfernandez.richfaces,richfaces-build-resources,4.6.5.ayg,-,-,?,-,false,-
com.github.albfernandez.richfaces,richfaces-core,4.6.5.ayg,org.richfaces.richfaces-core,-,automatic,-,false,-
com.github.albfernandez.richfaces,richfaces-page-fragments,4.6.5.ayg,org.richfaces.richfaces-page-fragments,-,automatic,-,false,-
com.github.albfernandez.richfaces,richfaces-resource-optimizer-maven-plugin,4.6.5.ayg,org.richfaces.richfaces-resource-optimizer-maven-plugin,-,automatic,-,false,-
com.google.apis,google-api-services-dialogflow,v2-rev29-1.24.1,-,-,?,-,false,-
com.google.apis,google-api-services-iam,v1-rev258-1.23.0,-,-,?,-,false,-
com.google.apis,google-api-services-language,v1-rev439-1.24.1,-,-,?,-,false,-
com.google.apis,google-api-services-people,v1-rev327-1.24.1,-,-,?,-,false,-
com.google.apis,google-api-services-serviceconsumermanagement,v1-rev135-1.23.0,-,-,?,-,false,-
com.google.apis,google-api-services-websecurityscanner,v1alpha-rev77-1.23.0,-,-,?,-,false,-
com.harium.etyl,commons,1.3.0,-,-,?,-,false,-
com.marklogic,marklogic-rdf4j,1.2.2-M1,-,-,?,-,false,-
org.db4j,kilim,2.0.0-21-jdk11,-,-,?,-,false,sun.misc.Unsafe                          See http://openjdk.java.net/jeps/260
org.jgrapes,org.jgrapes.osgi.portlets.bundles,0.9.16,-,-,?,-,false,-
org.jgrapes,org.jgrapes.osgi.portlets.services,0.9.18,-,-,?,-,false,-
org.threadly,litesockets,4.7,-,-,?,-,false,-
