groupId,artifactId,version,moduleName,moduleVersion,moduleMode,moduleDependencies,jdepsToolError,jdepsViolations
org.glassfish.fighterfish,osgi-cdi,1.0.5,-,-,?,-,false,-
org.glassfish.fighterfish,osgi-http,1.0.7,-,-,?,-,false,-
org.glassfish.fighterfish,osgi-javaee-base,1.0.8,-,-,?,-,false,-
org.glassfish.grizzly,connection-pool,2.4.3,-,-,?,-,false,-
org.glassfish.grizzly,grizzly-comet,2.4.3,-,-,?,-,false,-
org.glassfish.grizzly,grizzly-comet-server,2.4.3,-,-,?,-,false,-
org.glassfish.grizzly,grizzly-core,2.4.3,-,-,?,-,false,-
org.glassfish.grizzly,grizzly-framework,2.4.3,-,-,?,-,false,-
org.glassfish.grizzly,grizzly-framework-monitoring,2.4.3,-,-,?,-,false,-
org.glassfish.grizzly,grizzly-http2,2.4.3,-,-,?,-,false,-
org.glassfish.grizzly,grizzly-http,2.4.3,-,-,?,-,false,-
org.glassfish.grizzly,grizzly-http-ajp,2.4.3,-,-,?,-,false,-
org.glassfish.grizzly,grizzly-http-all,2.4.3,-,-,?,-,false,-
org.glassfish.grizzly,grizzly-http-client,1.15,-,-,?,-,false,-
org.glassfish.grizzly,grizzly-http-monitoring,2.4.3,-,-,?,-,false,-
org.glassfish.grizzly,grizzly-http-server,2.4.3,-,-,?,-,false,-
org.glassfish.grizzly,grizzly-http-server-core,2.4.3,-,-,?,-,false,-
org.glassfish.grizzly,grizzly-http-server-jaxws,2.4.3,-,-,?,-,false,-
org.glassfish.grizzly,grizzly-http-server-monitoring,2.4.3,-,-,?,-,false,-
org.glassfish.grizzly,grizzly-http-server-multipart,2.4.3,-,-,?,-,false,-
org.glassfish.grizzly,grizzly-http-servlet,2.4.3,-,-,?,-,false,-
org.glassfish.grizzly,grizzly-http-servlet-extras,2.4.3,-,-,?,-,false,-
org.glassfish.grizzly,grizzly-http-servlet-server,2.4.3,-,-,?,-,false,-
org.glassfish.grizzly,grizzly-memcached,1.3.17,-,-,?,-,false,-
org.glassfish.grizzly,grizzly-npn-api,1.8,-,-,?,-,false,-
org.glassfish.grizzly,grizzly-npn-bootstrap,1.8,-,-,?,-,false,sun.misc.HexDumpEncoder                  Removed. See http://openjdk.java.net/jeps/260 + sun.security.action.GetPropertyAction    Use java.security.PrivilegedAction @since 1.1
org.glassfish.grizzly,grizzly-npn-osgi,1.8,-,-,?,-,false,-
org.glassfish.grizzly,grizzly-portunif,2.4.3,-,-,?,-,false,-
org.glassfish.grizzly,grizzly-spdy,2.3.35,-,-,?,-,false,-
org.glassfish.grizzly,grizzly-thrift,2.2.1,-,-,?,-,false,-
org.glassfish.grizzly,grizzly-websockets,2.4.3,-,-,?,-,false,-
org.glassfish.grizzly,grizzly-websockets-server,2.4.3,-,-,?,-,false,-
org.glassfish.grizzly.osgi,grizzly-httpservice,2.4.3,-,-,?,-,false,-
org.glassfish.grizzly.osgi,grizzly-httpservice-bundle,2.4.3,-,-,?,-,false,-
org.glassfish.grizzly.samples,connection-pool-samples,2.4.3,-,-,?,-,false,-
org.glassfish.grizzly.samples,grizzly-framework-samples,2.4.3,-,-,?,-,false,-
org.glassfish.grizzly.samples,grizzly-http2-samples,2.4.2,-,-,?,-,false,-
org.glassfish.grizzly.samples,grizzly-http-ajp-samples,2.4.3,-,-,?,-,false,-
org.glassfish.grizzly.samples,grizzly-http-jaxws-samples,2.4.3,-,-,?,-,false,-
org.glassfish.grizzly.samples,grizzly-http-multipart-samples,2.4.3,-,-,?,-,false,-
org.glassfish.grizzly.samples,grizzly-http-samples,2.4.3,-,-,?,-,false,-
org.glassfish.grizzly.samples,grizzly-http-server-samples,2.4.3,-,-,?,-,false,-
org.glassfish.grizzly.samples,grizzly-portunif-samples,2.4.3,-,-,?,-,false,-
org.glassfish.grizzly.samples,grizzly-spdy-samples,2.3.33,-,-,?,-,false,-
org.glassfish.grizzly.samples,grizzly-tls-sni-samples,2.4.3,-,-,?,-,false,-
org.glassfish.grizzly,tls-sni,2.4.3,-,-,?,-,false,-
org.glassfish.tyrus.archetypes,tyrus-archetype-echo,1.13.1,-,-,?,-,false,-
org.glassfish.tyrus.bundles,tyrus-standalone-client,1.13.1,-,-,?,-,false,sun.misc.Unsafe                          See http://openjdk.java.net/jeps/260
org.glassfish.tyrus.bundles,tyrus-standalone-client-jdk,1.13.1,-,-,?,-,false,-
org.glassfish.tyrus.bundles,websocket-ri-bundle,1.13.1,-,-,?,-,false,-
org.glassfish.tyrus.ext,tyrus-client-cli,1.13.1,-,-,?,-,false,sun.misc.Unsafe                          See http://openjdk.java.net/jeps/260
org.glassfish.tyrus.ext,tyrus-extension-deflate,1.13.1,-,-,?,-,false,-
org.glassfish.tyrus.ext,tyrus-monitoring-jmx,1.13.1,-,-,?,-,false,sun.misc.Unsafe                          See http://openjdk.java.net/jeps/260
org.glassfish.tyrus.tests,tyrus-tests-e2e-auth-basic,1.13.1,-,-,?,-,false,-
org.glassfish.tyrus.tests,tyrus-tests-e2e-auth-digest,1.13.1,-,-,?,-,false,-
org.glassfish.tyrus.tests,tyrus-test-tools,1.13.1,-,-,?,-,false,-
org.glassfish.tyrus,tyrus-client,1.13.1,-,-,?,-,false,-
org.glassfish.tyrus,tyrus-container-glassfish-cdi,1.13.1,-,-,?,-,false,-
org.glassfish.tyrus,tyrus-container-glassfish-ejb,1.13.1,-,-,?,-,false,-
org.glassfish.tyrus,tyrus-container-inmemory,1.13.1,-,-,?,-,false,-
org.glassfish.tyrus,tyrus-container-jdk-client,1.13.1,-,-,?,-,false,-
org.glassfish.tyrus,tyrus-container-servlet,1.13.1,-,-,?,-,false,-
org.glassfish.tyrus,tyrus-core,1.13.1,-,-,?,-,false,-
org.glassfish.tyrus,tyrus-spi,1.13.1,-,-,?,-,false,-
