groupId,artifactId,version,moduleName,moduleVersion,moduleMode,moduleDependencies,jdepsToolError,jdepsViolations
com.github.isengrim613,junit5-dbsetup-annotations,1.0.0,-,-,?,-,false,-
com.github.liujiebang,pay,1.1.1,-,-,?,-,false,-
com.github.troopson,noo,1.0.6,-,-,?,-,false,-
com.google.apis,google-api-services-adsensehost,v4.1-rev515-1.24.1,-,-,?,-,false,-
com.google.apis,google-api-services-adsense,v1.4-rev443-1.24.1,-,-,?,-,false,-
com.google.apis,google-api-services-bigquery,v2-rev402-1.24.1,-,-,?,-,false,-
com.google.apis,google-api-services-doubleclicksearch,v2-rev188-1.23.0,-,-,?,-,false,-
com.google.apis,google-api-services-firestore,v1-rev3-1.22.0,-,-,?,-,false,-
com.google.apis,google-api-services-pagespeedonline,v4-rev13-1.24.1,-,-,?,-,false,-
com.google.apis,google-api-services-toolresults,v1beta3-rev446-1.23.0,-,-,?,-,false,-
com.liferay,com.liferay.journal.content.web,1.1.6,-,-,?,-,false,-
com.liferay,com.liferay.journal.lang,2.0.3,-,-,?,-,false,-
com.liferay,com.liferay.journal.service,3.4.6,-,-,?,-,false,-
com.zhaofutao,codis4j,0.0.4,-,-,?,-,false,-
dk.bankdata.gradle.swagger,gradle-swagger-plugin,2.0.2,-,-,?,-,false,-
foundation.icon,icon-sdk,0.9.3,-,-,?,-,false,-
org.realityforge.replicant,replicant-client,6.09,-,-,?,-,false,-
org.realityforge.replicant,replicant-server,6.09,-,-,?,-,false,-
