groupId,artifactId,version,moduleName,moduleVersion,moduleMode,moduleDependencies,jdepsToolError,jdepsViolations
com.centit.framework,framework-base-view-easyui,3.1.1808,-,-,?,-,false,-
com.google.apis,google-api-services-doubleclicksearch,v2-rev188-1.24.1,-,-,?,-,false,-
com.google.apis,google-api-services-firestore,v1-rev4-1.24.1,-,-,?,-,false,-
com.google.apis,google-api-services-toolresults,v1beta3-rev446-1.24.1,-,-,?,-,false,-
com.sap.cloud.lm.sl.cf,com.sap.cloud.lm.sl.cf.api,1.65.2,-,-,?,-,false,-
com.sap.cloud.lm.sl.cf,com.sap.cloud.lm.sl.cf.client,1.65.2,-,-,?,-,false,-
com.sap.cloud.lm.sl.cf,com.sap.cloud.lm.sl.cf.core,1.65.2,-,-,?,-,false,-
com.sap.cloud.lm.sl.cf,com.sap.cloud.lm.sl.cf.persistence,1.65.2,-,-,?,-,false,-
com.sap.cloud.lm.sl.cf,com.sap.cloud.lm.sl.cf.process,1.65.2,-,-,?,-,false,-
com.threewks.spring,spring-boot-gae,2.1.3,-,-,?,-,false,-
com.visenze,visearch-java-sdk,1.8.8,-,-,?,-,false,-
eu.payzen.sdk,payzen-ws-sdk,1.0.7,-,-,?,-,false,-
org.immutables,eventual,1,org.immutables.eventual,-,automatic,-,false,-
org.talend.sdk.component,component-api,1.0.5,org.talend.sdk.component.api,-,automatic,-,false,-
