groupId,artifactId,version,moduleName,moduleVersion,moduleMode,moduleDependencies,jdepsToolError,jdepsViolations
com.ea.async,ea-async,1.2.1,-,-,?,-,false,-
com.ea.async,ea-async-maven-plugin,1.2.1,-,-,?,-,false,-
com.github.ddth,ddth-akka-core,0.1.4.1,-,-,?,-,false,-
com.google.apis,google-api-services-vision,v1-rev391-1.24.1,-,-,?,-,false,-
com.walmartlabs.ollie,ollie,0.0.24,-,-,?,-,false,-
com.walmartlabs.ollie,ollie-configuration,0.0.24,-,-,?,-,false,-
com.wuyushuo,vplus-core,1.1.2,-,-,?,-,false,-
com.wuyushuo,vplus-data,1.1.2,-,-,?,-,false,-
com.wuyushuo,vplus-html,1.1.2,-,-,?,-,false,-
com.wuyushuo,vplus-mvc,1.1.2,-,-,?,-,false,-
com.wuyushuo,vplus-tutorial,1.1.2,-,-,?,-,false,-
com.wuyushuo,wuyu-module-bureau,1.2.9,-,-,?,-,false,-
com.wuyushuo,wuyu-module-fragment,1.2.9,-,-,?,-,false,-
com.wuyushuo,wuyu-module-hunter,1.2.9,-,-,?,-,false,-
com.wuyushuo,wuyu-module-means,1.2.9,-,-,?,-,false,-
com.wuyushuo,wuyu-module-stream,1.2.9,-,-,?,-,false,-
org.onosproject,onlab-junit,1.14.0-rc3,-,-,?,-,false,-
org.onosproject,onlab-misc,1.14.0-rc3,-,-,?,-,false,-
org.onosproject,onlab-osgi,1.14.0-rc3,-,-,?,-,false,-
org.onosproject,onlab-rest,1.14.0-rc3,-,-,?,-,false,-
org.onosproject,onos-api,1.14.0-rc3,-,-,?,-,false,-
org.onosproject,onos-apps-intentsync,1.14.0-rc3,-,-,?,-,false,-
org.onosproject,onos-apps-newoptical,1.14.0-rc3,-,-,?,-,false,-
org.onosproject,onos-apps-optical-model,1.14.0-rc3,-,-,?,-,false,-
org.onosproject,onos-apps-restconf-api,1.14.0-rc3,-,-,?,-,false,-
org.onosproject,onos-apps-route-service-api,1.14.0-rc3,-,-,?,-,false,-
org.onosproject,onos-apps-routing-api,1.14.0-rc3,-,-,?,-,false,-
org.onosproject,onos-cli,1.14.0-rc3,-,-,?,-,false,-
org.onosproject,onos-core-common,1.14.0-rc3,-,-,?,-,false,-
org.onosproject,onos-core-dist,1.14.0-rc3,-,-,?,-,false,-
org.onosproject,onos-core-net,1.14.0-rc3,-,-,?,-,false,-
org.onosproject,onos-core-persistence,1.14.0-rc3,-,-,?,-,false,-
org.onosproject,onos-core-serializers,1.14.0-rc3,-,-,?,-,false,-
org.onosproject,onos-incubator-api,1.14.0-rc3,-,-,?,-,false,-
org.onosproject,onos-incubator-net,1.14.0-rc3,-,-,?,-,false,-
org.onosproject,onos-incubator-rpc,1.14.0-rc3,-,-,?,-,false,-
org.onosproject,onos-incubator-store,1.14.0-rc3,-,-,?,-,false,-
org.onosproject,onos-protocols-bgp-api,1.14.0-rc3,-,-,?,-,false,-
org.onosproject,onos-protocols-bgp-bgpio,1.14.0-rc3,-,-,?,-,false,-
org.onosproject,onos-protocols-isis-api,1.14.0-rc3,-,-,?,-,false,-
org.onosproject,onos-protocols-lisp-api,1.14.0-rc3,-,-,?,-,false,-
org.onosproject,onos-protocols-lisp-msg,1.14.0-rc3,-,-,?,-,false,-
org.onosproject,onos-protocols-netconf-api,1.14.0-rc3,-,-,?,-,false,-
org.onosproject,onos-protocols-openflow-api,1.14.0-rc3,-,-,?,-,false,-
org.onosproject,onos-protocols-openflow-ctl,1.14.0-rc3,-,-,?,-,false,-
org.onosproject,onos-protocols-ospf-api,1.14.0-rc3,-,-,?,-,false,-
org.onosproject,onos-protocols-ospf-protocol,1.14.0-rc3,-,-,?,-,false,-
org.onosproject,onos-protocols-ovsdb-api,1.14.0-rc3,-,-,?,-,false,-
org.onosproject,onos-protocols-ovsdb-ctl,1.14.0-rc3,-,-,?,-,false,-
org.onosproject,onos-protocols-ovsdb-rfc,1.14.0-rc3,-,-,?,-,false,-
org.onosproject,onos-protocols-pcep-pcepio,1.14.0-rc3,-,-,?,-,false,-
org.onosproject,onos-protocols-pcep-server-api,1.14.0-rc3,-,-,?,-,false,-
org.onosproject,onos-protocols-rest-api,1.14.0-rc3,-,-,?,-,false,-
org.onosproject,onos-protocols-restconf-client-api,1.14.0-rc3,-,-,?,-,false,-
org.onosproject,onos-protocols-snmp-api,1.14.0-rc3,-,-,?,-,false,-
org.onosproject,onos-rest,1.14.0-rc3,-,-,?,-,false,-
org.reaktivity,nukleus-http-cache,0.63,-,-,?,-,false,-
org.reaktivity,nukleus-http-cache.spec,0.47,-,-,?,-,false,-
org.scalameta,cli_2.11,4.0.0-M9,-,-,?,-,false,-
org.scalameta,cli_2.12,4.0.0-M9,-,-,?,-,false,-
org.scalameta,cli_native0.3_2.11,4.0.0-M9,-,-,?,-,false,-
org.scalameta,cli_sjs0.6_2.11,4.0.0-M9,-,-,?,-,false,-
org.scalameta,cli_sjs0.6_2.12,4.0.0-M9,-,-,?,-,false,-
org.scalameta,common_2.11,4.0.0-M9,-,-,?,-,false,-
org.scalameta,common_2.12,4.0.0-M9,-,-,?,-,false,-
org.scalameta,common_native0.3_2.11,4.0.0-M9,-,-,?,-,false,-
org.scalameta,common_sjs0.6_2.11,4.0.0-M9,-,-,?,-,false,-
org.scalameta,common_sjs0.6_2.12,4.0.0-M9,-,-,?,-,false,-
org.scalameta,contrib_2.11,4.0.0-M9,-,-,?,-,false,-
org.scalameta,contrib_2.12,4.0.0-M9,-,-,?,-,false,-
org.scalameta,contrib_native0.3_2.11,4.0.0-M9,-,-,?,-,false,-
org.scalameta,contrib_sjs0.6_2.11,4.0.0-M9,-,-,?,-,false,-
org.scalameta,contrib_sjs0.6_2.12,4.0.0-M9,-,-,?,-,false,-
org.scalameta,dialects_2.11,4.0.0-M9,-,-,?,-,false,-
org.scalameta,dialects_2.12,4.0.0-M9,-,-,?,-,false,-
org.scalameta,dialects_native0.3_2.11,4.0.0-M9,-,-,?,-,false,-
org.scalameta,dialects_sjs0.6_2.11,4.0.0-M9,-,-,?,-,false,-
org.scalameta,dialects_sjs0.6_2.12,4.0.0-M9,-,-,?,-,false,-
org.scalameta,inputs_2.11,4.0.0-M9,-,-,?,-,false,-
org.scalameta,inputs_2.12,4.0.0-M9,-,-,?,-,false,-
org.scalameta,inputs_native0.3_2.11,4.0.0-M9,-,-,?,-,false,-
org.scalameta,inputs_sjs0.6_2.11,4.0.0-M9,-,-,?,-,false,-
org.scalameta,inputs_sjs0.6_2.12,4.0.0-M9,-,-,?,-,false,-
org.scalameta,interactive_2.11.12,4.0.0-M9,-,-,?,-,false,-
org.scalameta,interactive_2.12.6,4.0.0-M9,-,-,?,-,false,-
org.scalameta,io_2.11,4.0.0-M9,-,-,?,-,false,-
org.scalameta,io_2.12,4.0.0-M9,-,-,?,-,false,-
org.scalameta,io_native0.3_2.11,4.0.0-M9,-,-,?,-,false,-
org.scalameta,io_sjs0.6_2.11,4.0.0-M9,-,-,?,-,false,-
org.scalameta,io_sjs0.6_2.12,4.0.0-M9,-,-,?,-,false,-
org.scalameta,metac_2.11.12,4.0.0-M9,-,-,?,-,false,-
org.scalameta,metac_2.12.6,4.0.0-M9,-,-,?,-,false,-
org.scalameta,metacp_2.11,4.0.0-M9,-,-,?,-,false,-
org.scalameta,metacp_2.12,4.0.0-M9,-,-,?,-,false,-
org.scalameta,metai_2.11,4.0.0-M9,-,-,?,-,false,-
org.scalameta,metai_2.12,4.0.0-M9,-,-,?,-,false,-
org.scalameta,metap_2.11,4.0.0-M9,-,-,?,-,false,-
org.scalameta,metap_2.12,4.0.0-M9,-,-,?,-,false,-
org.scalameta,metap_native0.3_2.11,4.0.0-M9,-,-,?,-,false,-
org.scalameta,metap_sjs0.6_2.11,4.0.0-M9,-,-,?,-,false,-
org.scalameta,metap_sjs0.6_2.12,4.0.0-M9,-,-,?,-,false,-
org.scalameta,parsers_2.11,4.0.0-M9,-,-,?,-,false,-
org.scalameta,parsers_2.12,4.0.0-M9,-,-,?,-,false,-
org.scalameta,parsers_native0.3_2.11,4.0.0-M9,-,-,?,-,false,-
org.scalameta,parsers_sjs0.6_2.11,4.0.0-M9,-,-,?,-,false,-
org.scalameta,parsers_sjs0.6_2.12,4.0.0-M9,-,-,?,-,false,-
org.scalameta,quasiquotes_2.11,4.0.0-M9,-,-,?,-,false,-
org.scalameta,quasiquotes_2.12,4.0.0-M9,-,-,?,-,false,-
org.scalameta,quasiquotes_native0.3_2.11,4.0.0-M9,-,-,?,-,false,-
org.scalameta,quasiquotes_sjs0.6_2.11,4.0.0-M9,-,-,?,-,false,-
org.scalameta,quasiquotes_sjs0.6_2.12,4.0.0-M9,-,-,?,-,false,-
org.scalameta,scalameta_2.11,4.0.0-M9,-,-,?,-,false,-
org.scalameta,scalameta_2.12,4.0.0-M9,-,-,?,-,false,-
org.scalameta,scalameta_native0.3_2.11,4.0.0-M9,-,-,?,-,false,-
org.scalameta,scalameta_sjs0.6_2.11,4.0.0-M9,-,-,?,-,false,-
org.scalameta,scalameta_sjs0.6_2.12,4.0.0-M9,-,-,?,-,false,-
org.scalameta,semanticdb_2.11,4.0.0-M9,-,-,?,-,false,-
org.scalameta,semanticdb_2.12,4.0.0-M9,-,-,?,-,false,-
org.scalameta,semanticdb-javac_2.11,4.0.0-M9,-,-,?,-,false,com.sun.org.apache.xml.internal.resolver.Catalog Use javax.xml.catalog @since 9 + com.sun.org.apache.xml.internal.resolver.CatalogManager Use javax.xml.catalog @since 9 + com.sun.org.apache.xml.internal.resolver.tools.CatalogResolver Use javax.xml.catalog @since 9 + sun.misc.IOUtils                         Removed. See http://openjdk.java.net/jeps/260 + sun.misc.JarIndex                        Removed. See http://openjdk.java.net/jeps/260 + sun.misc.MessageUtils                    Removed. See http://openjdk.java.net/jeps/260 + sun.misc.Perf                            Removed. See http://openjdk.java.net/jeps/260 + sun.misc.Perf$GetPerfAction              Removed. See http://openjdk.java.net/jeps/260 + sun.misc.PerformanceLogger               Removed. See http://openjdk.java.net/jeps/260 + sun.misc.Queue                           Removed. See http://openjdk.java.net/jeps/260 + sun.misc.Ref                             Removed. See http://openjdk.java.net/jeps/260 + sun.misc.Unsafe                          See http://openjdk.java.net/jeps/260 + sun.misc.VMSupport                       Removed. See http://openjdk.java.net/jeps/260 + sun.reflect.annotation.AnnotationParser  Removed. See http://openjdk.java.net/jeps/260 + sun.reflect.annotation.AnnotationType    Removed. See http://openjdk.java.net/jeps/260 + sun.reflect.annotation.EnumConstantNotPresentExceptionProxy Removed. See http://openjdk.java.net/jeps/260 + sun.reflect.annotation.ExceptionProxy    Removed. See http://openjdk.java.net/jeps/260 + sun.security.action.GetBooleanAction     Use java.security.PrivilegedAction @since 1.1 + sun.security.action.GetPropertyAction    Use java.security.PrivilegedAction @since 1.1 + sun.security.util.SecurityConstants      Use appropriate java.security.Permission subclass @since 1.1 + sun.security.x509.X500Name               Use javax.security.auth.x500.X500Principal @since 1.4
org.scalameta,semanticdb-javac_2.12,4.0.0-M9,-,-,?,-,false,com.sun.org.apache.xml.internal.resolver.Catalog Use javax.xml.catalog @since 9 + com.sun.org.apache.xml.internal.resolver.CatalogManager Use javax.xml.catalog @since 9 + com.sun.org.apache.xml.internal.resolver.tools.CatalogResolver Use javax.xml.catalog @since 9 + sun.misc.IOUtils                         Removed. See http://openjdk.java.net/jeps/260 + sun.misc.JarIndex                        Removed. See http://openjdk.java.net/jeps/260 + sun.misc.MessageUtils                    Removed. See http://openjdk.java.net/jeps/260 + sun.misc.Perf                            Removed. See http://openjdk.java.net/jeps/260 + sun.misc.Perf$GetPerfAction              Removed. See http://openjdk.java.net/jeps/260 + sun.misc.PerformanceLogger               Removed. See http://openjdk.java.net/jeps/260 + sun.misc.Queue                           Removed. See http://openjdk.java.net/jeps/260 + sun.misc.Ref                             Removed. See http://openjdk.java.net/jeps/260 + sun.misc.Unsafe                          See http://openjdk.java.net/jeps/260 + sun.misc.VMSupport                       Removed. See http://openjdk.java.net/jeps/260 + sun.reflect.annotation.AnnotationParser  Removed. See http://openjdk.java.net/jeps/260 + sun.reflect.annotation.AnnotationType    Removed. See http://openjdk.java.net/jeps/260 + sun.reflect.annotation.EnumConstantNotPresentExceptionProxy Removed. See http://openjdk.java.net/jeps/260 + sun.reflect.annotation.ExceptionProxy    Removed. See http://openjdk.java.net/jeps/260 + sun.security.action.GetBooleanAction     Use java.security.PrivilegedAction @since 1.1 + sun.security.action.GetPropertyAction    Use java.security.PrivilegedAction @since 1.1 + sun.security.util.SecurityConstants      Use appropriate java.security.Permission subclass @since 1.1 + sun.security.x509.X500Name               Use javax.security.auth.x500.X500Principal @since 1.4
org.scalameta,semanticdb_native0.3_2.11,4.0.0-M9,-,-,?,-,false,-
org.scalameta,semanticdb-scalac_2.11.12,4.0.0-M9,-,-,?,-,false,com.sun.org.apache.xml.internal.resolver.Catalog Use javax.xml.catalog @since 9 + com.sun.org.apache.xml.internal.resolver.CatalogManager Use javax.xml.catalog @since 9 + com.sun.org.apache.xml.internal.resolver.tools.CatalogResolver Use javax.xml.catalog @since 9 + sun.misc.IOUtils                         Removed. See http://openjdk.java.net/jeps/260 + sun.misc.JarIndex                        Removed. See http://openjdk.java.net/jeps/260 + sun.misc.MessageUtils                    Removed. See http://openjdk.java.net/jeps/260 + sun.misc.Perf                            Removed. See http://openjdk.java.net/jeps/260 + sun.misc.Perf$GetPerfAction              Removed. See http://openjdk.java.net/jeps/260 + sun.misc.PerformanceLogger               Removed. See http://openjdk.java.net/jeps/260 + sun.misc.Queue                           Removed. See http://openjdk.java.net/jeps/260 + sun.misc.Ref                             Removed. See http://openjdk.java.net/jeps/260 + sun.misc.Unsafe                          See http://openjdk.java.net/jeps/260 + sun.misc.VMSupport                       Removed. See http://openjdk.java.net/jeps/260 + sun.reflect.annotation.AnnotationParser  Removed. See http://openjdk.java.net/jeps/260 + sun.reflect.annotation.AnnotationType    Removed. See http://openjdk.java.net/jeps/260 + sun.reflect.annotation.EnumConstantNotPresentExceptionProxy Removed. See http://openjdk.java.net/jeps/260 + sun.reflect.annotation.ExceptionProxy    Removed. See http://openjdk.java.net/jeps/260 + sun.security.action.GetBooleanAction     Use java.security.PrivilegedAction @since 1.1 + sun.security.action.GetPropertyAction    Use java.security.PrivilegedAction @since 1.1 + sun.security.util.SecurityConstants      Use appropriate java.security.Permission subclass @since 1.1 + sun.security.x509.X500Name               Use javax.security.auth.x500.X500Principal @since 1.4
org.scalameta,semanticdb-scalac_2.12.6,4.0.0-M9,-,-,?,-,false,com.sun.org.apache.xml.internal.resolver.Catalog Use javax.xml.catalog @since 9 + com.sun.org.apache.xml.internal.resolver.CatalogManager Use javax.xml.catalog @since 9 + com.sun.org.apache.xml.internal.resolver.tools.CatalogResolver Use javax.xml.catalog @since 9 + sun.misc.IOUtils                         Removed. See http://openjdk.java.net/jeps/260 + sun.misc.JarIndex                        Removed. See http://openjdk.java.net/jeps/260 + sun.misc.MessageUtils                    Removed. See http://openjdk.java.net/jeps/260 + sun.misc.Perf                            Removed. See http://openjdk.java.net/jeps/260 + sun.misc.Perf$GetPerfAction              Removed. See http://openjdk.java.net/jeps/260 + sun.misc.PerformanceLogger               Removed. See http://openjdk.java.net/jeps/260 + sun.misc.Queue                           Removed. See http://openjdk.java.net/jeps/260 + sun.misc.Ref                             Removed. See http://openjdk.java.net/jeps/260 + sun.misc.Unsafe                          See http://openjdk.java.net/jeps/260 + sun.misc.VMSupport                       Removed. See http://openjdk.java.net/jeps/260 + sun.reflect.annotation.AnnotationParser  Removed. See http://openjdk.java.net/jeps/260 + sun.reflect.annotation.AnnotationType    Removed. See http://openjdk.java.net/jeps/260 + sun.reflect.annotation.EnumConstantNotPresentExceptionProxy Removed. See http://openjdk.java.net/jeps/260 + sun.reflect.annotation.ExceptionProxy    Removed. See http://openjdk.java.net/jeps/260 + sun.security.action.GetBooleanAction     Use java.security.PrivilegedAction @since 1.1 + sun.security.action.GetPropertyAction    Use java.security.PrivilegedAction @since 1.1 + sun.security.util.SecurityConstants      Use appropriate java.security.Permission subclass @since 1.1 + sun.security.x509.X500Name               Use javax.security.auth.x500.X500Principal @since 1.4
org.scalameta,semanticdb-scalac-core_2.11.12,4.0.0-M9,-,-,?,-,false,-
org.scalameta,semanticdb-scalac-core_2.12.6,4.0.0-M9,-,-,?,-,false,-
org.scalameta,semanticdb_sjs0.6_2.11,4.0.0-M9,-,-,?,-,false,-
org.scalameta,semanticdb_sjs0.6_2.12,4.0.0-M9,-,-,?,-,false,-
org.scalameta,symtab_2.11,4.0.0-M9,-,-,?,-,false,-
org.scalameta,symtab_2.12,4.0.0-M9,-,-,?,-,false,-
org.scalameta,testkit_2.11,4.0.0-M9,-,-,?,-,false,-
org.scalameta,testkit_2.12,4.0.0-M9,-,-,?,-,false,-
org.scalameta,tokenizers_2.11,4.0.0-M9,-,-,?,-,false,-
org.scalameta,tokenizers_2.12,4.0.0-M9,-,-,?,-,false,-
org.scalameta,tokenizers_native0.3_2.11,4.0.0-M9,-,-,?,-,false,-
org.scalameta,tokenizers_sjs0.6_2.11,4.0.0-M9,-,-,?,-,false,-
org.scalameta,tokenizers_sjs0.6_2.12,4.0.0-M9,-,-,?,-,false,-
org.scalameta,tokens_2.11,4.0.0-M9,-,-,?,-,false,-
org.scalameta,tokens_2.12,4.0.0-M9,-,-,?,-,false,-
org.scalameta,tokens_native0.3_2.11,4.0.0-M9,-,-,?,-,false,-
org.scalameta,tokens_sjs0.6_2.11,4.0.0-M9,-,-,?,-,false,-
org.scalameta,tokens_sjs0.6_2.12,4.0.0-M9,-,-,?,-,false,-
org.scalameta,transversers_2.11,4.0.0-M9,-,-,?,-,false,-
org.scalameta,transversers_2.12,4.0.0-M9,-,-,?,-,false,-
org.scalameta,transversers_native0.3_2.11,4.0.0-M9,-,-,?,-,false,-
org.scalameta,transversers_sjs0.6_2.11,4.0.0-M9,-,-,?,-,false,-
org.scalameta,transversers_sjs0.6_2.12,4.0.0-M9,-,-,?,-,false,-
org.scalameta,trees_2.11,4.0.0-M9,-,-,?,-,false,-
org.scalameta,trees_2.12,4.0.0-M9,-,-,?,-,false,-
org.scalameta,trees_native0.3_2.11,4.0.0-M9,-,-,?,-,false,-
org.scalameta,trees_sjs0.6_2.11,4.0.0-M9,-,-,?,-,false,-
org.scalameta,trees_sjs0.6_2.12,4.0.0-M9,-,-,?,-,false,-
org.scalaz,scalaz-zio_2.12,0.1.0-0812841,-,-,?,-,false,-
org.scalaz,scalaz-zio-interop_2.12,0.1.0-0812841,-,-,?,-,false,-
org.scalaz,scalaz-zio-interop_sjs0.6_2.12,0.1.0-0812841,-,-,?,-,false,-
org.scalaz,scalaz-zio_sjs0.6_2.12,0.1.0-0812841,-,-,?,-,false,-
