groupId,artifactId,version,moduleName,moduleVersion,moduleMode,moduleDependencies,jdepsToolError,jdepsViolations
br.com.moip,sdk-java,1.0.0-beta,-,-,?,-,false,-
com.cronutils,cron-utils,7.0.5,-,-,?,-,false,-
com.github.albfernandez.richfaces,richfaces,4.6.5.ayg,org.richfaces.richfaces,-,automatic,-,false,-
com.github.albfernandez.richfaces,richfaces-a4j,4.6.5.ayg,org.richfaces.richfaces-a4j,-,automatic,-,false,-
com.github.albfernandez.richfaces,richfaces-build-resources,4.6.5.ayg,-,-,?,-,false,-
com.github.albfernandez.richfaces,richfaces-core,4.6.5.ayg,org.richfaces.richfaces-core,-,automatic,-,false,-
com.github.albfernandez.richfaces,richfaces-page-fragments,4.6.5.ayg,org.richfaces.richfaces-page-fragments,-,automatic,-,false,-
com.github.albfernandez.richfaces,richfaces-resource-optimizer-maven-plugin,4.6.5.ayg,org.richfaces.richfaces-resource-optimizer-maven-plugin,-,automatic,-,false,-
com.google.apis,google-api-services-dialogflow,v2-rev29-1.24.1,-,-,?,-,false,-
com.google.apis,google-api-services-iam,v1-rev258-1.23.0,-,-,?,-,false,-
com.google.apis,google-api-services-language,v1-rev439-1.24.1,-,-,?,-,false,-
com.google.apis,google-api-services-people,v1-rev327-1.24.1,-,-,?,-,false,-
com.google.apis,google-api-services-serviceconsumermanagement,v1-rev135-1.23.0,-,-,?,-,false,-
com.google.apis,google-api-services-serviceusage,v1-rev40-1.23.0,-,-,?,-,false,-
com.google.apis,google-api-services-websecurityscanner,v1alpha-rev77-1.24.1,-,-,?,-,false,-
com.harium.etyl,commons,1.3.0,-,-,?,-,false,-
com.harium.propan,propan-gdx-android,1.0.0,-,-,?,-,false,-
com.marklogic,marklogic-rdf4j,1.2.2-M1,-,-,?,-,false,-
com.netflix.conductor,conductor-client,1.11.2,-,-,?,-,false,-
com.netflix.conductor,conductor-common,1.11.2,-,-,?,-,false,-
com.netflix.conductor,conductor-contribs,1.11.2,-,-,?,-,false,-
com.netflix.conductor,conductor-core,1.11.2,-,-,?,-,false,-
com.netflix.conductor,conductor-es2-persistence,1.11.2,-,-,?,-,false,sun.misc.Unsafe                          See http://openjdk.java.net/jeps/260 + sun.security.x509.X500Name               Use javax.security.auth.x500.X500Principal @since 1.4
com.netflix.conductor,conductor-es5-persistence,1.11.2,-,-,?,-,false,-
com.netflix.conductor,conductor-jersey,1.11.2,-,-,?,-,false,-
com.netflix.conductor,conductor-mysql-persistence,1.11.2,-,-,?,-,false,-
com.netflix.conductor,conductor-redis-persistence,1.11.2,-,-,?,-,false,-
com.netflix.conductor,conductor-test-harness,1.11.2,-,-,?,-,false,-
com.netflix.conductor,conductor-ui,1.11.2,-,-,?,-,false,-
edu.byu.hbll,logback-kafka,1.1.0,-,-,?,-,false,-
guru.qas,martini-core,3.0.0,-,-,?,-,false,-
guru.qas,martini-jmeter,3.0.0,-,-,?,-,false,-
guru.qas,martini-standalone,3.0.0,-,-,?,-,false,-
org.testifyproject,api,1.0.6,-,-,?,-,false,-
org.testifyproject.client,jersey-client,1.0.6,-,-,?,-,false,-
org.testifyproject,core,1.0.6,-,-,?,-,false,sun.misc.Unsafe                          See http://openjdk.java.net/jeps/260
org.testifyproject.di,di-guice,1.0.6,-,-,?,-,false,-
org.testifyproject.di,di-hk2,1.0.6,-,-,?,-,false,-
org.testifyproject.di,di-jersey,1.0.6,-,-,?,-,false,-
org.testifyproject.di,di-spring,1.0.6,-,-,?,-,false,-
org.testifyproject.external,external-asm,1.0.6,-,-,?,-,false,-
org.testifyproject.external,external-bytebuddy,1.0.6,-,-,?,-,false,-
org.testifyproject.external,external-docker-client,1.0.6,-,-,?,-,false,sun.misc.Contended                       Removed. See http://openjdk.java.net/jeps/260 + sun.misc.Unsafe                          See http://openjdk.java.net/jeps/260
org.testifyproject.external,external-failsafe,1.0.6,-,-,?,-,false,-
org.testifyproject.external,external-guava,1.0.6,-,-,?,-,false,sun.misc.Unsafe                          See http://openjdk.java.net/jeps/260
org.testifyproject.external,external-jexl3,1.0.6,-,-,?,-,false,-
org.testifyproject.external,external-objenesis,1.0.6,-,-,?,-,false,sun.misc.Unsafe                          See http://openjdk.java.net/jeps/260
org.testifyproject.external,external-snakeyaml,1.0.6,-,-,?,-,false,-
org.testifyproject.junit4,grpc-system-test,1.0.6,-,-,?,-,false,-
org.testifyproject.junit4,guice-integration-test,1.0.6,-,-,?,-,false,-
org.testifyproject.junit4,hk2-integration-test,1.0.6,-,-,?,-,false,-
org.testifyproject.junit4,integration-test,1.0.6,-,-,?,-,false,-
org.testifyproject.junit4,jersey2-system-test,1.0.6,-,-,?,-,false,-
org.testifyproject.junit4,junit4-core,1.0.6,-,-,?,-,false,-
org.testifyproject.junit4,spring-boot-system-test,1.0.6,-,-,?,-,false,-
org.testifyproject.junit4,spring-integration-test,1.0.6,-,-,?,-,false,-
org.testifyproject.junit4,spring-system-test,1.0.6,-,-,?,-,false,-
org.testifyproject.junit4,system-test,1.0.6,-,-,?,-,false,-
org.testifyproject.junit4,unit-test,1.0.6,-,-,?,-,false,-
org.testifyproject.junit5,junit5-core,1.0.6,-,-,?,-,false,-
org.testifyproject.level,integration,1.0.6,-,-,?,-,false,-
org.testifyproject.level,system,1.0.6,-,-,?,-,false,-
org.testifyproject.level,unit,1.0.6,-,-,?,-,false,-
org.testifyproject.mock,easymock,1.0.6,-,-,?,-,false,-
org.testifyproject.mock,mockito,1.0.6,-,-,?,-,false,-
org.testifyproject.server,grizzly2,1.0.6,-,-,?,-,false,-
org.testifyproject.server,server-core,1.0.6,-,-,?,-,false,-
org.testifyproject.server,undertow,1.0.6,-,-,?,-,false,-
org.testifyproject.tools,coding-conventions,1.0.6,-,-,?,-,false,-
org.testifyproject.tools,test-logger,1.0.6,-,-,?,-,false,-
org.wvlet.airframe,airframe_2.11,0.55,-,-,?,-,false,-
org.wvlet.airframe,airframe_2.12,0.55,-,-,?,-,false,-
org.wvlet.airframe,airframe_2.13.0-M4,0.55,-,-,?,-,false,-
org.wvlet.airframe,airframe-bootstrap_2.11,0.55,-,-,?,-,false,-
org.wvlet.airframe,airframe-bootstrap_2.12,0.55,-,-,?,-,false,-
org.wvlet.airframe,airframe-bootstrap_2.13.0-M4,0.55,-,-,?,-,false,-
org.wvlet.airframe,airframe-codec_2.11,0.55,-,-,?,-,false,-
org.wvlet.airframe,airframe-codec_2.12,0.55,-,-,?,-,false,-
org.wvlet.airframe,airframe-codec_2.13.0-M4,0.55,-,-,?,-,false,-
org.wvlet.airframe,airframe-config_2.11,0.55,-,-,?,-,false,-
org.wvlet.airframe,airframe-config_2.12,0.55,-,-,?,-,false,-
org.wvlet.airframe,airframe-config_2.13.0-M4,0.55,-,-,?,-,false,-
org.wvlet.airframe,airframe-control_2.11,0.55,-,-,?,-,false,-
org.wvlet.airframe,airframe-control_2.12,0.55,-,-,?,-,false,-
org.wvlet.airframe,airframe-control_2.13.0-M4,0.55,-,-,?,-,false,-
org.wvlet.airframe,airframe-control_sjs0.6_2.12,0.55,-,-,?,-,false,-
org.wvlet.airframe,airframe-http_2.11,0.55,-,-,?,-,false,-
org.wvlet.airframe,airframe-http_2.12,0.55,-,-,?,-,false,-
org.wvlet.airframe,airframe-http_2.13.0-M4,0.55,-,-,?,-,false,-
org.wvlet.airframe,airframe-http-finagle_2.11,0.55,-,-,?,-,false,-
org.wvlet.airframe,airframe-http-finagle_2.12,0.55,-,-,?,-,false,-
org.wvlet.airframe,airframe-jdbc_2.11,0.55,-,-,?,-,false,-
org.wvlet.airframe,airframe-jdbc_2.12,0.55,-,-,?,-,false,-
org.wvlet.airframe,airframe-jdbc_2.13.0-M4,0.55,-,-,?,-,false,-
org.wvlet.airframe,airframe-jmx_2.11,0.55,-,-,?,-,false,-
org.wvlet.airframe,airframe-jmx_2.12,0.55,-,-,?,-,false,-
org.wvlet.airframe,airframe-jmx_2.13.0-M4,0.55,-,-,?,-,false,-
org.wvlet.airframe,airframe-json_2.11,0.55,-,-,?,-,false,-
org.wvlet.airframe,airframe-json_2.12,0.55,-,-,?,-,false,-
org.wvlet.airframe,airframe-json_2.13.0-M4,0.55,-,-,?,-,false,-
org.wvlet.airframe,airframe-json_sjs0.6_2.12,0.55,-,-,?,-,false,-
org.wvlet.airframe,airframe-log_2.11,0.55,-,-,?,-,false,-
org.wvlet.airframe,airframe-log_2.12,0.55,-,-,?,-,false,-
org.wvlet.airframe,airframe-log_2.13.0-M4,0.55,-,-,?,-,false,-
org.wvlet.airframe,airframe-log_sjs0.6_2.12,0.55,-,-,?,-,false,-
org.wvlet.airframe,airframe-metrics_2.11,0.55,-,-,?,-,false,-
org.wvlet.airframe,airframe-metrics_2.12,0.55,-,-,?,-,false,-
org.wvlet.airframe,airframe-metrics_2.13.0-M4,0.55,-,-,?,-,false,-
org.wvlet.airframe,airframe-metrics_sjs0.6_2.12,0.55,-,-,?,-,false,-
org.wvlet.airframe,airframe-msgpack_2.11,0.55,-,-,?,-,false,-
org.wvlet.airframe,airframe-msgpack_2.12,0.55,-,-,?,-,false,-
org.wvlet.airframe,airframe-msgpack_2.13.0-M4,0.55,-,-,?,-,false,-
org.wvlet.airframe,airframe-msgpack_sjs0.6_2.12,0.55,-,-,?,-,false,-
org.wvlet.airframe,airframe-opts_2.11,0.55,-,-,?,-,false,-
org.wvlet.airframe,airframe-opts_2.12,0.55,-,-,?,-,false,-
org.wvlet.airframe,airframe-opts_2.13.0-M4,0.55,-,-,?,-,false,-
org.wvlet.airframe,airframe-scaladoc_2.11,0.55,-,-,?,-,false,-
org.wvlet.airframe,airframe-scaladoc_2.12,0.55,-,-,?,-,false,-
org.wvlet.airframe,airframe-scaladoc_2.13.0-M4,0.55,-,-,?,-,false,-
org.wvlet.airframe,airframe_sjs0.6_2.12,0.55,-,-,?,-,false,-
org.wvlet.airframe,airframe-spec_2.11,0.55,-,-,?,-,false,-
org.wvlet.airframe,airframe-spec_2.12,0.55,-,-,?,-,false,-
org.wvlet.airframe,airframe-spec_2.13.0-M4,0.55,-,-,?,-,false,-
org.wvlet.airframe,airframe-spec_sjs0.6_2.12,0.55,-,-,?,-,false,-
org.wvlet.airframe,airframe-stream_2.11,0.55,-,-,?,-,false,-
org.wvlet.airframe,airframe-stream_2.12,0.55,-,-,?,-,false,-
org.wvlet.airframe,airframe-stream_2.13.0-M4,0.55,-,-,?,-,false,-
org.wvlet.airframe,airframe-surface_2.11,0.55,-,-,?,-,false,-
org.wvlet.airframe,airframe-surface_2.12,0.55,-,-,?,-,false,-
org.wvlet.airframe,airframe-surface_2.13.0-M4,0.55,-,-,?,-,false,-
org.wvlet.airframe,airframe-surface_sjs0.6_2.12,0.55,-,-,?,-,false,-
org.wvlet.airframe,airframe-tablet_2.11,0.55,-,-,?,-,false,-
org.wvlet.airframe,airframe-tablet_2.12,0.55,-,-,?,-,false,-
org.wvlet.airframe,airframe-tablet_2.13.0-M4,0.55,-,-,?,-,false,-
