groupId,artifactId,version,moduleName,moduleVersion,moduleMode,moduleDependencies,jdepsToolError,jdepsViolations
com.bitplan.antlr,com.bitplan.antlr,0.0.7,-,-,?,-,false,-
com.github.tornaia,java-offline-geoip,0.1,-,-,?,-,false,-
com.google.apis,google-api-services-indexing,v3-rev7-1.23.0,-,-,?,-,false,-
com.google.apis,google-api-services-serviceconsumermanagement,v1-rev134-1.18.0-rc,-,-,?,-,false,-
com.google.apis,google-api-services-serviceusage,v1-rev35-1.24.1,-,-,?,-,false,-
com.google.apis,google-api-services-streetviewpublish,v1-rev206-1.24.1,-,-,?,-,false,-
com.sonicbase,sonicbase-jdbc,1.2.14,-,-,?,-,false,sun.misc.Cleaner                         Use java.lang.ref.PhantomReference @since 1.2 or java.lang.ref.Cleaner @since 9 + sun.misc.URLClassPath                    Removed. See http://openjdk.java.net/jeps/260 + sun.misc.UUEncoder                       Removed. See http://openjdk.java.net/jeps/260 + sun.misc.Unsafe                          See http://openjdk.java.net/jeps/260 + sun.reflect.ReflectionFactory            See http://openjdk.java.net/jeps/260
io.radanalytics,abstract-operator,0.2.3,-,-,?,-,false,-
org.dmfs,lib-recur,0.10.3,-,-,?,-,false,-
org.rundeck,rundeck-core,3.0.2-20180817,-,-,?,-,false,-
org.rundeck,rundeck-storage-api,3.0.2-20180817,-,-,?,-,false,-
org.rundeck,rundeck-storage-data,3.0.2-20180817,-,-,?,-,false,-
org.rundeck,rundeck-storage-filesys,3.0.2-20180817,-,-,?,-,false,-
org.update4j,update4j,1.2.0,org.update4j,1.2.0,explicit,javafx.graphics + javafx.web + java.xml + javafx.fxml + javafx.swing + java.base + java.se + javafx.base + javafx.media + javafx.controls,false,-
