groupId,artifactId,version,moduleName,moduleVersion,moduleMode,moduleDependencies,jdepsToolError,jdepsViolations
com.aliyun,aliyun-java-sdk-aegis,1.0.1,-,-,?,-,false,-
com.aliyun,aliyun-java-sdk-arms,2.1.0,-,-,?,-,false,-
com.aliyun,aliyun-java-sdk-arms4finance,2.0.0,-,-,?,-,false,-
com.aliyun,aliyun-java-sdk-batchcompute,5.3.2,-,-,?,-,false,-
com.aliyun,aliyun-java-sdk-cas,2.0.0713,-,-,?,-,false,-
com.aliyun,aliyun-java-sdk-cbn,1.0.0,-,-,?,-,false,-
com.aliyun,aliyun-java-sdk-ccc,1.0.8,-,-,?,-,false,-
com.aliyun,aliyun-java-sdk-cdn,2.8.0,-,-,?,-,false,-
com.aliyun,aliyun-java-sdk-cf,2.6.0,-,-,?,-,false,-
com.aliyun,aliyun-java-sdk-chatbot,1.1.0,-,-,?,-,false,-
com.aliyun,aliyun-java-sdk-cloudapi,4.6.0,-,-,?,-,false,-
com.aliyun,aliyun-java-sdk-cloudauth,1.1.4,-,-,?,-,false,-
com.aliyun,aliyun-java-sdk-clouddesktop,1.1.0,-,-,?,-,false,-
com.aliyun,aliyun-java-sdk-cloudfw,1.0.0,-,-,?,-,false,-
com.aliyun,aliyun-java-sdk-cloudphoto,1.1.18,-,-,?,-,false,-
com.aliyun,aliyun-java-sdk-cloudwf,1.0.2,-,-,?,-,false,-
com.aliyun,aliyun-java-sdk-cms,6.0.13,-,-,?,-,false,-
com.aliyun,aliyun-java-sdk-core,4.0.8,-,-,?,-,false,-
com.aliyun,aliyun-java-sdk-cr,3.0.0,-,-,?,-,false,-
com.aliyun,aliyun-java-sdk-dcdn,1.0.0,-,-,?,-,false,-
com.aliyun,aliyun-java-sdk-ddosbgp,1.0.0,-,-,?,-,false,-
com.aliyun,aliyun-java-sdk-ddoscoo,1.1.0,-,-,?,-,false,-
com.aliyun,aliyun-java-sdk-ddospro,2.0.3,-,-,?,-,false,-
com.aliyun,aliyun-java-sdk-dds,2.0.1,-,-,?,-,false,-
com.aliyun,aliyun-java-sdk-dm,3.3.1,-,-,?,-,false,-
com.aliyun,aliyun-java-sdk-drcloud,1.0.0,-,-,?,-,false,-
com.aliyun,aliyun-java-sdk-drds,2.5.1,-,-,?,-,false,-
com.aliyun,aliyun-java-sdk-dts,2.0.6,-,-,?,-,false,-
com.aliyun,aliyun-java-sdk-dyvmsapi,1.1.1,-,-,?,-,false,-
com.aliyun,aliyun-java-sdk-ecs,4.10.1,-,-,?,-,false,-
com.aliyun,aliyun-java-sdk-edas,2.16.0,-,-,?,-,false,-
com.aliyun,aliyun-java-sdk-emr,2.3.2,-,-,?,-,false,-
com.aliyun,aliyun-java-sdk-ess,2.2.4,-,-,?,-,false,-
com.aliyun,aliyun-java-sdk-fc,1.1.10,-,-,?,-,false,-
com.aliyun,aliyun-java-sdk-finmall,1.0.0,-,-,?,-,false,-
com.aliyun,aliyun-java-sdk-gpdb,1.0.0,-,-,?,-,false,-
com.aliyun,aliyun-java-sdk-green,3.2.0,-,-,?,-,false,-
com.aliyun,aliyun-java-sdk-httpdns,2.1.0,-,-,?,-,false,-
com.aliyun,aliyun-java-sdk-idccommondata,1.0.0,-,-,?,-,false,-
com.aliyun,aliyun-java-sdk-idst,1.0.0,-,-,?,-,false,-
com.aliyun,aliyun-java-sdk-imagesearch,1.0.4,-,-,?,-,false,-
com.aliyun,aliyun-java-sdk-imm,1.7.4,-,-,?,-,false,-
com.aliyun,aliyun-java-sdk-ims,1.0.0,-,-,?,-,false,-
com.aliyun,aliyun-java-sdk-jarvis,1.2.3,-,-,?,-,false,-
com.aliyun,aliyun-java-sdk-jarvis-public,1.0.0,-,-,?,-,false,-
com.aliyun,aliyun-java-sdk-kms,2.5.0,-,-,?,-,false,-
com.aliyun,aliyun-java-sdk-linkedmall,1.0.0,-,-,?,-,false,-
com.aliyun,aliyun-java-sdk-linkface,1.1.1,-,-,?,-,false,-
com.aliyun,aliyun-java-sdk-lx,1.0.26,-,-,?,-,false,-
com.aliyun,aliyun-java-sdk-marianadatacenter,2.0.0,-,-,?,-,false,-
com.aliyun,aliyun-java-sdk-market,2.0.10,-,-,?,-,false,-
com.aliyun,aliyun-java-sdk-market-inner,2.0.9,-,-,?,-,false,-
com.aliyun,aliyun-java-sdk-mopen,1.1.0,-,-,?,-,false,-
com.aliyun,aliyun-java-sdk-mts,2.6.0,-,-,?,-,false,-
com.aliyun,aliyun-java-sdk-openanalytics-open,1.0.1,-,-,?,-,false,-
com.aliyun,aliyun-java-sdk-petadata,1.1.0,-,-,?,-,false,-
com.aliyun,aliyun-java-sdk-phoenixsp-inner,2.1.6,-,-,?,-,false,-
com.aliyun,aliyun-java-sdk-pvtz,1.0.0,-,-,?,-,false,-
com.aliyun,aliyun-java-sdk-qualitycheck,2.8.3,-,-,?,-,false,-
com.aliyun,aliyun-java-sdk-rds,2.1.4,-,-,?,-,false,-
com.aliyun,aliyun-java-sdk-r-kvstore,2.0.2,-,-,?,-,false,-
com.aliyun,aliyun-java-sdk-ros,2.2.6,-,-,?,-,false,-
com.aliyun,aliyun-java-sdk-rtc,0.8.1,-,-,?,-,false,-
com.aliyun,aliyun-java-sdk-slb,3.2.6,-,-,?,-,false,-
com.aliyun,aliyun-java-sdk-smartag,1.2.0,-,-,?,-,false,-
com.aliyun,aliyun-java-sdk-snsuapi,1.7.0,-,-,?,-,false,-
com.aliyun,aliyun-java-sdk-tesladam,1.0.1,-,-,?,-,false,-
com.aliyun,aliyun-java-sdk-teslastream,1.0.0,-,-,?,-,false,-
com.aliyun,aliyun-java-sdk-vod,2.11.5,-,-,?,-,false,-
com.aliyun,aliyun-java-sdk-vpc,3.0.3,-,-,?,-,false,-
com.aliyun,aliyun-java-sdk-waf-openapi,3.1.0,-,-,?,-,false,-
com.aliyun.angelia,angelia-annotation,1.0.0,-,-,?,-,false,-
com.aliyun.angelia,angelia-remoting,1.0.0,-,-,?,-,false,-
com.aliyun.angelia,angelia-rpc,1.0.0,-,-,?,-,false,-
com.aliyun.api.gateway,sdk-core-java,1.0.4,-,-,?,-,false,-
com.aliyun.emr,emr-core,1.4.3,-,-,?,-,false,-
com.aliyun.emr,emr-dts_2.11,1.4.3,-,-,?,-,false,-
com.aliyun.emr,emr-examples_2.10,1.4.1,-,-,?,-,false,-
com.aliyun.emr,emr-examples_2.11,1.4.3,-,-,?,-,false,-
com.aliyun.emr,emr-kafka-client-metrics,1.4.3,-,-,?,-,false,-
com.aliyun.emr,emr-logservice_2.10,1.4.1,-,-,?,-,false,-
com.aliyun.emr,emr-logservice_2.11,1.4.3.1,-,-,?,-,false,-
com.aliyun.emr,emr-maxcompute_2.10,1.4.1,-,-,?,-,false,-
com.aliyun.emr,emr-maxcompute_2.11,1.4.3,-,-,?,-,false,-
com.aliyun.emr,emr-mns_2.10,1.4.1,-,-,?,-,false,-
com.aliyun.emr,emr-mns_2.11,1.4.3,-,-,?,-,false,-
com.aliyun.emr,emr-ons_2.10,1.4.1,-,-,?,-,false,-
com.aliyun.emr,emr-ons_2.11,1.4.3,-,-,?,-,false,-
com.aliyun.emr,emr-tablestore,1.4.3,-,-,?,-,false,-
com.aliyun,hitsdb-client,0.0.13,-,-,?,-,false,-
com.aliyun.mns,aliyun-sdk-mns,1.1.8.6,-,-,?,-,false,-
com.aliyun.odps,cupid-client_2.11,1.0.0,-,-,?,-,false,sun.security.action.GetBooleanAction     Use java.security.PrivilegedAction @since 1.1
com.aliyun.odps,cupid-core_2.11,1.0.0,-,-,?,-,false,-
com.aliyun.odps,cupid-datasource_2.11,1.0.0,-,-,?,-,false,-
com.aliyun.odps,cupid-fs-oss,1.0.0,-,-,?,-,false,-
com.aliyun.odps,cupid-sdk,3.3.2-public,-,-,?,-,false,-
com.aliyun.odps,hadoop-fs-oss,3.3.2-public,-,-,?,-,false,-
com.aliyun.odps,hadoop-yarn-client,lxw-test-3.0.0-public,-,-,?,-,false,-
com.aliyun.odps,odps-common-local,0.29.6-public,-,-,?,-,false,sun.security.util.SecurityConstants      Use appropriate java.security.Permission subclass @since 1.1
com.aliyun.odps,odps-graph-local,0.29.6-public,-,-,?,-,false,sun.misc.BASE64Decoder                   Use java.util.Base64 @since 1.8
com.aliyun.odps,odps-jdbc,2.3.1,-,-,?,-,false,-
com.aliyun.odps,odps-lot-proto,0.29.6-public,-,-,?,-,false,-
com.aliyun.odps,odps-mapred-bridge,0.29.6-public,-,-,?,-,false,-
com.aliyun.odps,odps-mapred-local,0.29.6-public,-,-,?,-,false,-
com.aliyun.odps,odps-sdk-commons,0.29.6-public,-,-,?,-,false,sun.security.util.SecurityConstants      Use appropriate java.security.Permission subclass @since 1.1
com.aliyun.odps,odps-sdk-core,0.29.6-public,-,-,?,-,false,-
com.aliyun.odps,odps-sdk-graph,0.29.6-public,-,-,?,-,false,-
com.aliyun.odps,odps-sdk-lot,0.29.6-public,-,-,?,-,false,-
com.aliyun.odps,odps-sdk-mapred,0.29.6-public,-,-,?,-,false,-
com.aliyun.odps,odps-sdk-udf,0.29.6-public,-,-,?,-,false,-
com.aliyun.odps,odps-sdk-volumefs,0.29.6-public,-,-,?,-,false,-
com.aliyun.odps,odps-spark-client_2.10,3.3.2-public,-,-,?,-,false,sun.security.action.GetBooleanAction     Use java.security.PrivilegedAction @since 1.1
com.aliyun.odps,odps-spark-client_2.11,3.3.2-public,-,-,?,-,false,sun.security.action.GetBooleanAction     Use java.security.PrivilegedAction @since 1.1
com.aliyun.odps,odps-spark-datasource_2.10,3.3.2-public,-,-,?,-,false,-
com.aliyun.odps,odps-spark-datasource_2.11,3.3.2-public,-,-,?,-,false,-
com.aliyun.odps,odps-udf-example,0.29.6-public,-,-,?,-,false,-
com.aliyun.odps,odps-udf-local,0.29.6-public,-,-,?,-,false,-
com.aliyun.opensearch,aliyun-sdk-opensearch,3.2.0,-,-,?,-,false,sun.misc.Unsafe                          See http://openjdk.java.net/jeps/260
com.aliyun.openservices,aliyun-cms,0.2.4,-,-,?,-,false,-
com.aliyun.openservices,aliyun-log,0.6.22,-,-,?,-,false,-
com.aliyun.openservices,aliyun-log-jaeger-sender,0.0.9,-,-,?,-,false,-
com.aliyun.openservices,aliyun-log-log4j2-appender,0.1.10,-,-,?,-,false,-
com.aliyun.openservices,aliyun-log-log4j-appender,0.1.10,-,-,?,-,false,-
com.aliyun.openservices,aliyun-log-logback-appender,0.1.12,-,-,?,-,false,-
com.aliyun.openservices,flink-connector-ots,0.1.0,-,-,?,-,false,-
com.aliyun.openservices,flink-log-connector,0.1.9,-,-,?,-,false,-
com.aliyun.openservices,iot-as-bridge-sdk-core,1.0.1,-,-,?,-,false,-
com.aliyun.openservices,iot-as-bridge-sdk-server,1.0.1,-,-,?,-,false,-
com.aliyun.openservices,iot-client-base,1.1.0,-,-,?,-,false,-
com.aliyun.openservices,iot-client-message,1.1.0,-,-,?,-,false,-
com.aliyun.openservices,loghub-client-lib,0.6.15,-,-,?,-,false,-
com.aliyun.openservices,loghub-storm-1.0-spout,0.1.2,-,-,?,-,false,-
com.aliyun.openservices,loghub-storm-spout,0.6.5,-,-,?,-,false,-
com.aliyun.openservices,log-loghub-producer,0.1.14,-,-,?,-,false,-
com.aliyun.openservices,ons-api,1.7.8.Final,-,-,?,-,false,-
com.aliyun.openservices,ons-auth4client,1.7.8.Final,-,-,?,-,false,-
com.aliyun.openservices,ons-client,1.7.8.Final,-,-,?,-,false,sun.misc.Unsafe                          See http://openjdk.java.net/jeps/260 + sun.reflect.annotation.AnnotationType    Removed. See http://openjdk.java.net/jeps/260 + sun.security.x509.X500Name               Use javax.security.auth.x500.X500Principal @since 1.4
com.aliyun.openservices,ons-sasl-client,0.1,-,-,?,-,false,-
com.aliyun.openservices,ons-trace-core,1.7.8.Final,-,-,?,-,false,-
com.aliyun.openservices,tablestore,4.4.0,-,-,?,-,false,-
com.aliyun.openservices,tablestore-hbase-client,1.2.0,-,-,?,-,false,-
com.aliyun.openservices,tablestore-streamclient,1.0.0,-,-,?,-,false,-
com.aliyun.openservices.tablestore,Timeline,1.2.1,-,-,?,-,false,-
com.hello2morrow,sonargraph-integration-access,3.1.6,-,-,?,-,false,-
com.liferay,com.liferay.arquillian.extension.junit.bridge,1.0.5,-,-,?,-,false,-
com.liferay,com.liferay.asset.publisher.web,1.3.6,-,-,?,-,false,-
com.liferay,com.liferay.bookmarks.service,1.1.1,-,-,?,-,false,-
com.liferay,com.liferay.chat.api,1.0.1,-,-,?,-,false,-
com.liferay,com.liferay.comment.ratings.definition,2.0.2,-,-,?,-,false,-
com.liferay,com.liferay.dynamic.data.lists.form.web,1.1.4,-,-,?,-,false,-
com.liferay,com.liferay.dynamic.data.mapping.data.provider,2.0.3,-,-,?,-,false,-
com.liferay,com.liferay.dynamic.data.mapping.taglib,2.0.3,-,-,?,-,false,-
com.liferay,com.liferay.frontend.editor.tinymce.web,1.0.6,-,-,?,-,false,-
com.liferay,com.liferay.frontend.image.editor.capability.crop,1.0.5,-,-,?,-,false,-
com.liferay,com.liferay.frontend.image.editor.integration.document.library,1.0.7,-,-,?,-,false,-
com.liferay,com.liferay.frontend.js.metal.web,1.0.12,-,-,?,-,false,-
com.liferay,com.liferay.frontend.taglib.util.freemarker.contributor,1.0.2,-,-,?,-,false,-
com.liferay,com.liferay.google.maps.web,1.0.3,-,-,?,-,false,-
com.liferay,com.liferay.gradle.plugins.baseline,1.0.0,-,-,?,-,false,-
com.liferay,com.liferay.gradle.plugins.change.log.builder,1.0.3,-,-,?,-,false,-
com.liferay,com.liferay.gradle.plugins.jasper.jspc,1.0.9,-,-,?,-,false,-
com.liferay,com.liferay.gradle.plugins.poshi.runner,1.0.11,-,-,?,-,false,-
com.liferay,com.liferay.gradle.plugins.soy,2.0.0,-,-,?,-,false,-
com.liferay,com.liferay.gradle.plugins.upgrade.table.builder,2.0.0,-,-,?,-,false,-
com.liferay,com.liferay.iframe.web,1.0.5,-,-,?,-,false,-
com.liferay,com.liferay.journal.content.web,1.1.6,-,-,?,-,false,-
com.liferay,com.liferay.journal.ratings.definition,2.0.2,-,-,?,-,false,-
com.liferay,com.liferay.knowledge.base.markdown.converter,1.0.6,-,-,?,-,false,-
com.liferay,com.liferay.knowledge.base.service,1.1.11,-,-,?,-,false,-
com.liferay,com.liferay.layout.set.prototype.web,1.0.9,-,-,?,-,false,-
com.liferay,com.liferay.license.manager.web,2.0.3,-,-,?,-,false,-
com.liferay,com.liferay.login.authentication.openid.web,2.0.2,-,-,?,-,false,-
com.liferay,com.liferay.mail.reader.web,1.0.5,-,-,?,-,false,-
com.liferay,com.liferay.map.google.maps,1.0.6,-,-,?,-,false,-
com.liferay,com.liferay.marketplace.service,2.1.17,-,-,?,-,false,-
com.liferay,com.liferay.marketplace.store.web,2.0.7,-,-,?,-,false,-
com.liferay,com.liferay.message.boards.layout.set.prototype,1.0.6,-,-,?,-,false,-
com.liferay,com.liferay.microblogs.service,2.1.4,-,-,?,-,false,-
com.liferay,com.liferay.network.utilities.web,1.0.5,-,-,?,-,false,-
com.liferay,com.liferay.osgi.service.tracker.collections,2.0.2,-,-,?,-,false,-
com.liferay,com.liferay.password.policies.admin.api,2.0.1,-,-,?,-,false,-
com.liferay,com.liferay.password.policies.admin.impl,1.0.4,-,-,?,-,false,-
com.liferay,com.liferay.petra.doulos,3.2.3,-,-,?,-,false,sun.misc.Unsafe                          See http://openjdk.java.net/jeps/260
com.liferay,com.liferay.petra.encryptor,1.0.2,-,-,?,-,false,-
com.liferay,com.liferay.portal.background.task.service,2.0.10,-,-,?,-,false,-
com.liferay,com.liferay.portal.configuration.cluster,2.1.2,-,-,?,-,false,-
com.liferay,com.liferay.portal.configuration.metatype.definitions.equinox,2.0.4,-,-,?,-,false,-
com.liferay,com.liferay.portal.lock.service,2.0.6,-,-,?,-,false,-
com.liferay,com.liferay.portal.lpkg.deployer,2.0.7,-,-,?,-,false,-
com.liferay,com.liferay.portal.osgi.web.portlet.tracker,2.0.5,-,-,?,-,false,-
com.liferay,com.liferay.portal.remote.cxf.jaxrs.common,2.0.3,-,-,?,-,false,-
com.liferay,com.liferay.portal.scripting.executor,2.1.1,-,-,?,-,false,-
com.liferay,com.liferay.portal.scripting.javascript,2.0.4,-,-,?,-,false,-
com.liferay,com.liferay.portal.search.spi,1.0.5,-,-,?,-,false,-
com.liferay,com.liferay.portal.security.sso.cas,3.0.7,-,-,?,-,false,-
com.liferay,com.liferay.portal.security.sso.openid,3.0.3,-,-,?,-,false,-
com.liferay,com.liferay.portal.security.sso.opensso,3.0.4,-,-,?,-,false,-
com.liferay,com.liferay.portal.settings.authentication.cas.web,1.0.3,-,-,?,-,false,-
com.liferay,com.liferay.portal.settings.authentication.openid.web,1.0.3,-,-,?,-,false,-
com.liferay,com.liferay.portal.settings.authentication.opensso.web,1.0.3,-,-,?,-,false,-
com.liferay,com.liferay.portal.tools.db.upgrade.client,1.0.4,-,-,?,-,false,-
com.liferay,com.liferay.portal.upgrade,2.4.5,-,-,?,-,false,-
com.liferay,com.liferay.portal.workflow.kaleo.runtime.scripting.impl,1.0.1,-,-,?,-,false,-
com.liferay,com.liferay.portal.workflow.task.web,1.0.11,-,-,?,-,false,-
com.liferay,com.liferay.portlet.display.template,2.0.6,-,-,?,-,false,-
com.liferay,com.liferay.product.navigation.simulation.device,2.0.4,-,-,?,-,false,-
com.liferay,com.liferay.product.navigation.taglib,2.0.3,-,-,?,-,false,-
com.liferay,com.liferay.project.templates.service.builder,1.0.2,-,-,?,-,false,-
com.liferay,com.liferay.push.notifications.api,1.2.0,-,-,?,-,false,-
com.liferay,com.liferay.push.notifications.sender.sms,1.0.2,-,-,?,-,false,-
com.liferay,com.liferay.ratings.api,2.0.1,-,-,?,-,false,-
com.liferay,com.liferay.roles.admin.web,1.0.14,-,-,?,-,false,-
com.liferay,com.liferay.server.manager,1.0.3,-,-,?,-,false,-
com.liferay,com.liferay.shopping.api,3.0.2,-,-,?,-,false,-
com.liferay,com.liferay.site.admin.web,1.0.14,-,-,?,-,false,-
com.liferay,com.liferay.social.networking.service,2.0.8,-,-,?,-,false,-
com.liferay,com.liferay.user.groups.admin.web,1.0.9,-,-,?,-,false,-
com.liferay,com.liferay.whip,1.0.1,-,-,?,-,false,-
com.liferay,com.liferay.wiki.engine.creole,2.0.7,-,-,?,-,false,-
com.liferay,com.liferay.wiki.engine.lang,1.0.1,-,-,?,-,false,-
com.liferay,com.liferay.wiki.web,2.1.9,-,-,?,-,false,-
com.liferay,com.liferay.wsrp.web,1.0.4,-,-,?,-,false,-
com.liferay.maven.plugins,liferay-maven-plugin,6.2.10.16,-,-,?,-,false,-
com.liferay,org.hibernate.core,3.6.10.LIFERAY-PATCHED-2,-,-,?,-,false,-
org.sonatype.ossindex.maven,ossindex-maven-common,3.0.1,-,-,?,-,false,-
org.sonatype.ossindex.maven,ossindex-maven-enforcer-rules,3.0.1,-,-,?,-,false,-
org.sonatype.ossindex.maven,ossindex-maven-plugin,3.0.1,-,-,?,-,false,-
org.sonatype.ossindex.maven,ossindex-maven-testsuite,3.0.1,-,-,?,-,false,-
org.sonatype.ossindex,ossindex-service-api,1.0.3,-,-,?,-,false,-
org.sonatype.ossindex,ossindex-service-client,1.0.3,-,-,?,-,false,-
