groupId,artifactId,version,moduleName,moduleVersion,moduleMode,moduleDependencies,jdepsToolError,jdepsViolations
com.github.afbjorklund.gradle.caching.memcached,gradle-memcached-plugin,0.10,-,-,?,-,false,-
com.github.albahrani,dimmingplan,0.0.3,-,-,?,-,false,-
com.github.avatar21,enum-objectify,1.1.2,-,-,?,-,false,-
com.github.avatar21,generic-bean-utils,1.0.0,-,-,?,-,false,-
com.github.axet,java-flac-encoder,0.3.8,-,-,?,-,false,-
com.github.axet,java-unrar,1.7.0-3,-,-,?,-,false,-
com.github.axet,jebml,0.0.2,-,-,?,-,false,-
com.github.axet,jssrc,1.0.2-2,-,-,?,-,false,-
com.github.axet,lookup,0.2.16,-,-,?,-,false,-
com.github.axet,pdfparse-lib,1.0,-,-,?,-,false,-
com.github.axet,TarsosDSP,2.4-1,-,-,?,-,false,-
com.github.axet,versions-maven-plugin,0.0.71,-,-,?,-,false,-
com.github.axet,vget,1.2.6,-,-,?,-,false,-
com.github.axet,wget,1.4.9,-,-,?,-,false,-
com.github.axet,zip4j,1.3.2-2,-,-,?,-,false,-
com.github.basavaraj1985,DolphinNG,1.3.0,-,-,?,-,false,-
com.github.cdefgah,bencoder4j,1.0.0,-,-,?,-,false,-
com.github.channingbj,meerkat,1.2,-,-,?,-,false,-
com.github.chenjianjx,freebencher,2.0.0,-,-,?,-,false,-
com.github.chenjianjx,sep4j,2.0.1,-,-,?,-,false,-
com.github.chenjianjx,srb4j,2.0.0,-,-,?,-,false,-
com.github.chenjianjx,swagger2html,2.0.0,-,-,?,-,false,-
com.github.chenjianjx,wsdl2html,4.0.0,-,-,?,-,false,-
com.github.cjmx,cjmx_2.12,2.7.0,-,-,?,-,false,-
com.github.deniswsrosa,liquicouch,0.6.4,-,-,?,-,false,-
com.github.dnaumenko,spark-redshift_2.11,2.0.4,-,-,?,-,false,-
com.github.dozmus,iterators,0.0.1,-,-,?,-,false,-
com.github.drtrang,copiers,2.5.4,-,-,?,-,false,-
com.github.drtrang,druid-spring-boot2-actuator-autoconfigure,1.1.10.2,-,-,?,-,false,-
com.github.drtrang,druid-spring-boot2-actuator-starter,1.1.10.2,-,-,?,-,false,-
com.github.drtrang,druid-spring-boot2-autoconfigure,1.1.10.2,-,-,?,-,false,-
com.github.drtrang,druid-spring-boot2-starter,1.1.10.2,-,-,?,-,false,-
com.github.drtrang,druid-spring-boot-actuator-autoconfigure,1.1.10,-,-,?,-,false,-
com.github.drtrang,druid-spring-boot-actuator-starter,1.1.10,-,-,?,-,false,-
com.github.drtrang,druid-spring-boot-autoconfigure,1.1.10,-,-,?,-,false,-
com.github.drtrang,druid-spring-boot-starter,1.1.10,-,-,?,-,false,-
com.github.drtrang,mybatis-generator-extension,0.0.4,-,-,?,-,false,-
com.github.drtrang,redisson-spring-boot2-autoconfigure,1.2.7,-,-,?,-,false,-
com.github.drtrang,redisson-spring-boot2-starter,1.2.7,-,-,?,-,false,-
com.github.drtrang,redisson-spring-boot-autoconfigure,1.2.4,-,-,?,-,false,-
com.github.drtrang,redisson-spring-boot-starter,1.2.4,-,-,?,-,false,-
com.github.drtrang,spring-boot2-autoconfigure,1.1.8,-,-,?,-,false,-
com.github.drtrang,spring-boot-autoconfigure,1.1.5,-,-,?,-,false,-
com.github.drtrang,typehandlers-encrypt,1.1.1,-,-,?,-,false,-
com.github.durre,amazon-utils_2.11,1.2.0,-,-,?,-,false,-
com.github.durre,microservices_2.11,1.2.3,-,-,?,-,false,-
com.github.durre,mongodb-dao_2.11,1.2.2,-,-,?,-,false,-
com.github.ejin66,QuickHttp,1.0.1,-,-,?,-,false,-
com.github.ericmoshare,autotest,1.1.0,-,-,?,-,false,-
com.github.ericmoshare,uid-generator,1.0.3,-,-,?,-,false,-
com.github.francesco149,koohii,1.0.15,-,-,?,-,false,-
com.github.goto1134,spring-jnr,1.0,-,-,?,-,false,-
com.github.gumtreediff,client,2.1.0,-,-,?,-,false,-
com.github.gumtreediff,client.diff,2.1.0,-,-,?,-,false,-
com.github.gumtreediff,core,2.1.0,-,-,?,-,false,-
com.github.gumtreediff,gen.antlr3,2.1.0,-,-,?,-,false,-
com.github.gumtreediff,gen.antlr3-antlr,2.1.0,-,-,?,-,false,-
com.github.gumtreediff,gen.antlr3-json,2.1.0,-,-,?,-,false,-
com.github.gumtreediff,gen.antlr3-php,2.1.0,-,-,?,-,false,-
com.github.gumtreediff,gen.antlr3-r,2.1.0,-,-,?,-,false,-
com.github.gumtreediff,gen.antlr3-xml,2.1.0,-,-,?,-,false,-
com.github.gumtreediff,gen.c,2.1.0,-,-,?,-,false,-
com.github.gumtreediff,gen.css,2.1.0,-,-,?,-,false,-
com.github.gumtreediff,gen.jdt,2.1.0,-,-,?,-,false,-
com.github.gumtreediff,gen.js,2.1.0,-,-,?,-,false,-
com.github.gumtreediff,gen.ruby,2.1.0,-,-,?,-,false,-
com.github.gumtreediff,gen.srcml,2.1.0,-,-,?,-,false,-
com.github.hemanthsridhar,WebAppFramework,1.3.19,-,-,?,-,false,-
com.github.hippo-band,hippo-annotation,1.1.1-RELEASE,-,-,?,-,false,-
com.github.hippo-band,hippo-client,1.1.1-RELEASE,-,-,?,-,false,-
com.github.hippo-band,hippo-client-with-eureka,1.1.1-RELEASE,-,-,?,-,false,-
com.github.hippo-band,hippo-common,1.1.1-RELEASE,-,-,?,-,false,-
com.github.hippo-band,hippo-server,1.1.1-RELEASE,-,-,?,-,false,-
com.github.hippo-band,hippo-server-with-eureka,1.1.1-RELEASE,-,-,?,-,false,-
com.github.hippo-band,hippo-serviceGoven,1.1.1-RELEASE,-,-,?,-,false,-
com.github.japgolly.clearconfig,core_2.12,1.2.1,-,-,?,-,false,-
com.github.japgolly.clearconfig,core_sjs0.6_2.12,1.2.1,-,-,?,-,false,-
com.github.japgolly.fork.google-cloud-trace,annotation,0.3.3,-,-,?,-,false,-
com.github.japgolly.fork.google-cloud-trace,appengine-standard-service,0.3.3,-,-,?,-,false,-
com.github.japgolly.fork.google-cloud-trace,core,0.3.3,-,-,?,-,false,-
com.github.japgolly.fork.google-cloud-trace,core-testing,0.3.3,-,-,?,-,false,-
com.github.japgolly.fork.google-cloud-trace,guice-annotation,0.3.3,-,-,?,-,false,-
com.github.japgolly.fork.google-cloud-trace,guice-api,0.3.3,-,-,?,-,false,-
com.github.japgolly.fork.google-cloud-trace,guice-core,0.3.3,-,-,?,-,false,-
com.github.japgolly.fork.google-cloud-trace,guice-google-auth,0.3.3,-,-,?,-,false,-
com.github.japgolly.fork.google-cloud-trace,guice-grpc-sink,0.3.3,-,-,?,-,false,-
com.github.japgolly.fork.google-cloud-trace,guice-java-timestamp,0.3.3,-,-,?,-,false,-
com.github.japgolly.fork.google-cloud-trace,guice-joda-timestamp,0.3.3,-,-,?,-,false,-
com.github.japgolly.fork.google-cloud-trace,guice-servlet,0.3.3,-,-,?,-,false,-
com.github.japgolly.fork.google-cloud-trace,guice-single-thread-scheduler,0.3.3,-,-,?,-,false,-
com.github.japgolly.fork.google-cloud-trace,guice-v1,0.3.3,-,-,?,-,false,-
com.github.japgolly.fork.google-cloud-trace,implementation,0.3.3,-,-,?,-,false,-
com.github.japgolly.fork.google-cloud-trace,java-timestamp,0.3.3,-,-,?,-,false,-
com.github.japgolly.fork.google-cloud-trace,joda-timestamp,0.3.3,-,-,?,-,false,-
com.github.japgolly.fork.google-cloud-trace,logging-service,0.3.3,-,-,?,-,false,-
com.github.japgolly.fork.google-cloud-trace,service,0.3.3,-,-,?,-,false,-
com.github.japgolly.fork.google-cloud-trace,servlet,0.3.3,-,-,?,-,false,-
com.github.japgolly.fork.google-cloud-trace,sink,0.3.3,-,-,?,-,false,-
com.github.japgolly.fork.google-cloud-trace,trace-grpc-api-service,0.3.3,-,-,?,-,false,-
com.github.japgolly.fork.google-cloud-trace.v1,api-sink,0.3.3,-,-,?,-,false,-
com.github.japgolly.fork.google-cloud-trace.v1,grpc-consumer,0.3.3,-,-,?,-,false,-
com.github.japgolly.fork.google-cloud-trace.v1,http-consumer,0.3.3,-,-,?,-,false,-
com.github.japgolly.fork.upickle,upickle_2.12,custom-7,-,-,?,-,false,-
com.github.japgolly.fork.upickle,upickle_sjs0.6_2.12,custom-7,-,-,?,-,false,-
com.github.japgolly.microlibs,adt-macros_2.11,1.16,-,-,?,-,false,-
com.github.japgolly.microlibs,adt-macros_2.12,1.16,-,-,?,-,false,-
com.github.japgolly.microlibs,adt-macros_sjs0.6_2.11,1.16,-,-,?,-,false,-
com.github.japgolly.microlibs,adt-macros_sjs0.6_2.12,1.16,-,-,?,-,false,-
com.github.japgolly.microlibs,config_2.11,1.15,-,-,?,-,false,-
com.github.japgolly.microlibs,config_2.12,1.15,-,-,?,-,false,-
com.github.japgolly.microlibs,config_sjs0.6_2.11,1.15,-,-,?,-,false,-
com.github.japgolly.microlibs,config_sjs0.6_2.12,1.15,-,-,?,-,false,-
com.github.japgolly.microlibs,macro-utils_2.11,1.16,-,-,?,-,false,-
com.github.japgolly.microlibs,macro-utils_2.12,1.16,-,-,?,-,false,-
com.github.japgolly.microlibs,macro-utils_sjs0.6_2.11,1.16,-,-,?,-,false,-
com.github.japgolly.microlibs,macro-utils_sjs0.6_2.12,1.16,-,-,?,-,false,-
com.github.japgolly.microlibs,name-fn_2.11,1.16,-,-,?,-,false,-
com.github.japgolly.microlibs,name-fn_2.12,1.16,-,-,?,-,false,-
com.github.japgolly.microlibs,name-fn_sjs0.6_2.11,1.16,-,-,?,-,false,-
com.github.japgolly.microlibs,name-fn_sjs0.6_2.12,1.16,-,-,?,-,false,-
com.github.japgolly.microlibs,nonempty_2.11,1.16,-,-,?,-,false,-
com.github.japgolly.microlibs,nonempty_2.12,1.16,-,-,?,-,false,-
com.github.japgolly.microlibs,nonempty_sjs0.6_2.11,1.16,-,-,?,-,false,-
com.github.japgolly.microlibs,nonempty_sjs0.6_2.12,1.16,-,-,?,-,false,-
com.github.japgolly.microlibs,recursion_2.11,1.16,-,-,?,-,false,-
com.github.japgolly.microlibs,recursion_2.12,1.16,-,-,?,-,false,-
com.github.japgolly.microlibs,recursion_sjs0.6_2.11,1.16,-,-,?,-,false,-
com.github.japgolly.microlibs,recursion_sjs0.6_2.12,1.16,-,-,?,-,false,-
com.github.japgolly.microlibs,scalaz-ext_2.11,1.16,-,-,?,-,false,-
com.github.japgolly.microlibs,scalaz-ext_2.12,1.16,-,-,?,-,false,-
com.github.japgolly.microlibs,scalaz-ext_sjs0.6_2.11,1.16,-,-,?,-,false,-
com.github.japgolly.microlibs,scalaz-ext_sjs0.6_2.12,1.16,-,-,?,-,false,-
com.github.japgolly.microlibs,stdlib-ext_2.11,1.16,-,-,?,-,false,-
com.github.japgolly.microlibs,stdlib-ext_2.12,1.16,-,-,?,-,false,-
com.github.japgolly.microlibs,stdlib-ext_sjs0.6_2.11,1.16,-,-,?,-,false,-
com.github.japgolly.microlibs,stdlib-ext_sjs0.6_2.12,1.16,-,-,?,-,false,-
com.github.japgolly.microlibs,test-util_2.11,1.16,-,-,?,-,false,-
com.github.japgolly.microlibs,test-util_2.12,1.16,-,-,?,-,false,-
com.github.japgolly.microlibs,test-util_sjs0.6_2.11,1.16,-,-,?,-,false,-
com.github.japgolly.microlibs,test-util_sjs0.6_2.12,1.16,-,-,?,-,false,-
com.github.japgolly.microlibs,utils_2.11,1.16,-,-,?,-,false,-
com.github.japgolly.microlibs,utils_2.12,1.16,-,-,?,-,false,-
com.github.japgolly.microlibs,utils_sjs0.6_2.11,1.16,-,-,?,-,false,-
com.github.japgolly.microlibs,utils_sjs0.6_2.12,1.16,-,-,?,-,false,-
com.github.japgolly.scalacss,core_2.11,0.5.5,-,-,?,-,false,-
com.github.japgolly.scalacss,core_2.12,0.5.5,-,-,?,-,false,-
com.github.japgolly.scalacss,core_sjs0.6_2.11,0.5.5,-,-,?,-,false,-
com.github.japgolly.scalacss,core_sjs0.6_2.12,0.5.5,-,-,?,-,false,-
com.github.japgolly.scalacss,ext-react_sjs0.6_2.11,0.5.5,-,-,?,-,false,-
com.github.japgolly.scalacss,ext-react_sjs0.6_2.12,0.5.5,-,-,?,-,false,-
com.github.japgolly.scalacss,ext-scalatags_2.11,0.5.5,-,-,?,-,false,-
com.github.japgolly.scalacss,ext-scalatags_2.12,0.5.5,-,-,?,-,false,-
com.github.japgolly.scalacss,ext-scalatags_sjs0.6_2.11,0.5.5,-,-,?,-,false,-
com.github.japgolly.scalacss,ext-scalatags_sjs0.6_2.12,0.5.5,-,-,?,-,false,-
com.github.japgolly.scalajs-benchmark,benchmark_sjs0.6_2.11,0.2.5,-,-,?,-,false,-
com.github.japgolly.scalajs-benchmark,benchmark_sjs0.6_2.12,0.2.5,-,-,?,-,false,-
com.github.japgolly.scalajs-react,ext-cats_sjs0.6_2.12,1.2.3,-,-,?,-,false,-
com.github.japgolly.scalajs-react,ext-monocle-cats_sjs0.6_2.12,1.2.3,-,-,?,-,false,-
com.github.japgolly.scalajs-react,ext-monocle_sjs0.6_2.12,1.2.3,-,-,?,-,false,-
com.github.japgolly.scalajs-react,extra_sjs0.6_2.11,1.2.3,-,-,?,-,false,-
com.github.japgolly.scalajs-react,ext-scalaz72_sjs0.6_2.12,1.2.3,-,-,?,-,false,-
com.github.japgolly.scalajs-react,test_sjs0.6_2.11,1.2.3,-,-,?,-,false,-
com.github.japgolly.test-state,core_2.11,2.2.2,-,-,?,-,false,-
com.github.japgolly.test-state,core_2.12,2.2.2,-,-,?,-,false,-
com.github.japgolly.test-state,core-macros_2.11,2.2.2,-,-,?,-,false,-
com.github.japgolly.test-state,core-macros_2.12,2.2.2,-,-,?,-,false,-
com.github.japgolly.test-state,core-macros_sjs0.6_2.11,2.2.2,-,-,?,-,false,-
com.github.japgolly.test-state,core-macros_sjs0.6_2.12,2.2.2,-,-,?,-,false,-
com.github.japgolly.test-state,core_sjs0.6_2.11,2.2.2,-,-,?,-,false,-
com.github.japgolly.test-state,core_sjs0.6_2.12,2.2.2,-,-,?,-,false,-
com.github.japgolly.test-state,dom-zipper_2.11,2.2.2,-,-,?,-,false,-
com.github.japgolly.test-state,dom-zipper_2.12,2.2.2,-,-,?,-,false,-
com.github.japgolly.test-state,dom-zipper-selenium_2.11,2.2.2,-,-,?,-,false,-
com.github.japgolly.test-state,dom-zipper-selenium_2.12,2.2.2,-,-,?,-,false,-
com.github.japgolly.test-state,dom-zipper-sizzle_sjs0.6_2.11,2.2.2,-,-,?,-,false,-
com.github.japgolly.test-state,dom-zipper-sizzle_sjs0.6_2.12,2.2.2,-,-,?,-,false,-
com.github.japgolly.test-state,dom-zipper_sjs0.6_2.11,2.2.2,-,-,?,-,false,-
com.github.japgolly.test-state,dom-zipper_sjs0.6_2.12,2.2.2,-,-,?,-,false,-
com.github.japgolly.test-state,ext-cats_2.11,2.2.2,-,-,?,-,false,-
com.github.japgolly.test-state,ext-cats_2.12,2.2.2,-,-,?,-,false,-
com.github.japgolly.test-state,ext-cats_sjs0.6_2.11,2.2.2,-,-,?,-,false,-
com.github.japgolly.test-state,ext-cats_sjs0.6_2.12,2.2.2,-,-,?,-,false,-
com.github.japgolly.test-state,ext-nyaya_2.11,2.2.2,-,-,?,-,false,-
com.github.japgolly.test-state,ext-nyaya_2.12,2.2.2,-,-,?,-,false,-
com.github.japgolly.test-state,ext-nyaya_sjs0.6_2.11,2.2.2,-,-,?,-,false,-
com.github.japgolly.test-state,ext-nyaya_sjs0.6_2.12,2.2.2,-,-,?,-,false,-
com.github.japgolly.test-state,ext-scalajs-react_sjs0.6_2.11,2.2.2,-,-,?,-,false,-
com.github.japgolly.test-state,ext-scalajs-react_sjs0.6_2.12,2.2.2,-,-,?,-,false,-
com.github.japgolly.test-state,ext-scalaz_2.11,2.2.2,-,-,?,-,false,-
com.github.japgolly.test-state,ext-scalaz_2.12,2.2.2,-,-,?,-,false,-
com.github.japgolly.test-state,ext-scalaz_sjs0.6_2.11,2.2.2,-,-,?,-,false,-
com.github.japgolly.test-state,ext-scalaz_sjs0.6_2.12,2.2.2,-,-,?,-,false,-
com.github.japgolly.test-state,ext-selenium_2.11,2.2.2,-,-,?,-,false,-
com.github.japgolly.test-state,ext-selenium_2.12,2.2.2,-,-,?,-,false,-
com.github.japgolly.test-state,util-selenium_2.11,2.2.2,-,-,?,-,false,-
com.github.japgolly.test-state,util-selenium_2.12,2.2.2,-,-,?,-,false,-
com.github.javahaohao,base,2.3-RELEASE,-,-,?,-,false,-
com.github.javahaohao,gen_code,1.7-RELEASE,-,-,?,-,false,-
com.github.javahaohao,utils,2.3-RELEASE,-,-,?,-,false,-
com.github.jbosnjak,iway-snmp-jmeter-plugin,1.0.0,-,-,?,-,false,-
com.github.jonnylaw,composablemodels_2.12,0.6.5,-,-,?,-,false,-
com.github.kclemens,minilogger,0.2,-,-,?,-,false,-
com.github.keith-turner,deriggy,1.0.0,-,-,?,-,false,-
com.github.laci009,cassandra-modelgen,1.0.0,-,-,?,-,false,-
com.github.lapissea,jlapisdata,1.0.4,-,-,?,-,false,-
com.github.lapissea,jlapisutil,1.0.6,-,-,?,-,false,-
com.github.lapissea,jlapisvector,1.0.0,-,-,?,-,false,-
com.github.luohaha,jlitespider,0.4.3,-,-,?,-,false,-
com.github.luohaha,LightComm4J,1.0.0,-,-,?,-,false,-
com.github.luohaha,LuoORM,1.2.1,-,-,?,-,false,com.sun.rowset.CachedRowSetImpl          Use javax.sql.rowset.RowSetProvider @since 1.7
com.github.marcoblos,mastercard-mpgs-sdk,0.0.8,-,-,?,-,false,-
com.github.miwurster,spring-data-influxdb,1.7,-,-,?,-,false,-
com.github.nikodem911,s3-upload-maven-plugin,1.5.1,-,-,?,-,false,-
com.github.petrovich4j,petrovich4j,1.1.1,-,-,?,-,false,-
com.github.ppzhuk,email-parser,1.0.1,-,-,?,-,false,-
com.github.robertdeocampojr,jspringbot-mail,1.0,-,-,?,-,false,-
com.github.robertdeocampojr,jspringbot-selenium-extension,2.3,-,-,?,-,false,-
com.github.rpaulkennedy,ja-rules,0.3.0,-,-,?,-,false,-
com.github.s1ck,gdl,0.3.1,-,-,?,-,false,-
com.github.sarahbuisson,kotlin-parser,1.5,-,-,?,-,false,-
com.github.sarahbuisson,maven-universal-module-aggregator-plugin,0.3,-,-,?,-,false,-
com.github.sarahbuisson,pitest-annotation-extension,0.3,-,-,?,-,false,-
com.github.sarahbuisson,pitest-kotlin-extension,0.3,-,-,?,-,false,-
com.github.sarahbuisson,pitest-scm-extension,0.4,-,-,?,-,false,-
com.github.sarahbuisson,universal-module-aggregator,0.4,-,-,?,-,false,-
com.github.saraivaugioni,sentinela,2.0.0,-,-,?,-,false,-
com.github.spirylics.xgwt,x-gwt-all,2.0-alpha9,-,-,?,-,false,-
com.github.spirylics.xgwt,x-gwt-analytics,2.0-alpha9,-,-,?,-,false,-
com.github.spirylics.xgwt,x-gwt-cordova,2.0-alpha9,-,-,?,-,false,-
com.github.spirylics.xgwt,x-gwt-essential,2.0-alpha9,-,-,?,-,false,-
com.github.spirylics.xgwt,x-gwt-firebase,2.0-alpha9,-,-,?,-,false,-
com.github.spirylics.xgwt,x-gwt-hello,2.0-alpha9,-,-,?,-,false,-
com.github.spirylics.xgwt,x-gwt-polymer,2.0-alpha9,-,-,?,-,false,-
com.github.spirylics.xgwt,x-gwt-server,2.0-alpha9,-,-,?,-,false,-
com.github.swapi4j,swapi4j-client,1.1.0,-,-,?,-,false,-
com.github.taniqng,dis-eventbus-api,1.0.6,-,-,?,-,false,-
com.github.taniqng,dis-eventbus-core,1.0.6,-,-,?,-,false,-
com.github.tennaito,rsql-jpa,2.0.2,-,-,?,-,false,-
com.github.tinosteinort,beanrepository,1.7.0,-,-,?,-,false,-
com.github.tinosteinort,flda,1.2.0,-,-,?,-,false,-
com.github.tinosteinort,flda-core,2.0.0,com.github.tinosteinort.flda.accessor,-,automatic,-,false,-
com.github.tinosteinort,flda-fixedlengthstring,1.0.0,com.github.tinosteinort.flda.fixedlengthstring,-,automatic,-,false,-
com.github.tinosteinort,flda-stringlist,1.0.0,com.github.tinosteinort.flda.stringlist,-,automatic,-,false,-
com.github.tmoncorp,common-util,0.0.5,-,-,?,-,false,-
com.github.treeleafj,spring-boot-starter-xDoc,1.0.0,-,-,?,-,false,-
com.github.treeleafj,treeleaf-cache,1.3.1.9,-,-,?,-,false,-
com.github.treeleafj,treeleaf-common,1.3.1.9,-,-,?,-,false,-
com.github.treeleafj,treeleaf-db,1.3.1.9,-,-,?,-,false,-
com.github.treeleafj,treeleaf-db-starter,1.3.1.9,-,-,?,-,false,-
com.github.treeleafj,treeleaf-web,1.3.1.9,-,-,?,-,false,-
com.github.treeleafj,treeleaf-web-starter,1.3.1.9,-,-,?,-,false,-
com.github.treeleafj,wechat,1.3.1.7,-,-,?,-,false,-
com.github.treeleafj,xDoc-core,1.0.0,-,-,?,-,false,-
com.github.treeleafj,xDoc-spring,1.0.0,-,-,?,-,false,-
com.github.treeleafj,xMax-boot-starter,1.0.2,-,-,?,-,false,-
com.github.treeleafj,xMax-common,1.0.2,-,-,?,-,false,-
com.github.treeleafj,xMax-export,1.0.1,-,-,?,-,false,-
com.github.wshackle,aprs-framework,1.3,-,-,?,-,false,-
com.github.wshackle,crcl4java-base,1.8,-,-,?,-,false,-
com.github.wshackle,crcl4java-commons-math,1.8,-,-,?,-,false,-
com.github.wshackle,crcl4java-exi,1.8,-,-,?,-,false,-
com.github.wshackle,crcl4java-motoman,1.8,-,-,?,-,false,-
com.github.wshackle,crcl4java-ui,1.8,-,-,?,-,false,-
com.github.wshackle,crcl4java-utils,1.8,-,-,?,-,false,-
com.github.wshackle,crcl4java-zeroc-ice-baselib,1.5,-,-,?,-,false,-
com.github.wshackle,crcl4java-zeroc-ice-client,1.5,-,-,?,-,false,-
com.github.wshackle,crcl4java-zeroc-ice-server,1.5,-,-,?,-,false,-
com.github.wshackle,fanucCom4JBase,1.8,-,-,?,-,false,-
com.github.wshackle,fanucCRCLServer,1.8,-,-,?,-,false,-
com.github.wshackle,fanucStatusMonitor,1.8,-,-,?,-,false,-
com.github.wshackle,java2slice,1.5,-,-,?,-,false,-
com.github.wshackle,java4cpp,1.5,-,-,?,-,false,-
com.github.wshackle,rcslib,2017.07.19,-,-,?,-,false,-
com.github.xinxiaomu,swagger-ui-xin,1.0.0,-,-,?,-,false,-
