groupId,artifactId,version,moduleName,moduleVersion,moduleMode,moduleDependencies,jdepsToolError,jdepsViolations
org.crosslibs,extensible-json-layout,2.9.0,-,-,?,-,false,-
org.crosslibs,semver,1.0.1,-,-,?,-,false,-
org.crosslibs,version-plugin,1.0.1,-,-,?,-,false,-
org.deephacks.lmdbjni,lmdbjni,0.4.7,-,-,?,-,false,sun.misc.Unsafe                          See http://openjdk.java.net/jeps/260
org.deephacks.lmdbjni,lmdbjni-linux64,0.4.7,-,-,?,-,false,-
org.familysearch.gedcom,gedcom,1.8.0,-,-,?,-,false,-
org.glassfish.build,command-security-maven-plugin,1.0.9,-,-,?,-,false,-
org.glassfish.build,glassfishbuild-maven-plugin,3.2.26,-,-,?,-,false,-
org.glassfish.cdi,gf-cdi-porting-package-tck11,2.0,-,-,?,-,false,-
org.glassfish.jersey.media,jersey-media-jaxb,2.27,-,-,?,-,false,-
org.glassfish.jersey.media,jersey-media-json-binding,2.27,-,-,?,-,false,-
org.glassfish.jersey.media,jersey-media-json-jackson1,2.27,-,-,?,-,false,-
org.glassfish.jersey.media,jersey-media-json-jackson,2.27,-,-,?,-,false,-
org.glassfish.jersey.media,jersey-media-json-processing,2.27,-,-,?,-,false,-
org.glassfish.jersey.media,jersey-media-kryo,2.27,-,-,?,-,false,-
org.glassfish.jersey.media,jersey-media-moxy,2.27,-,-,?,-,false,-
org.glassfish.jersey.media,jersey-media-multipart,2.27,-,-,?,-,false,-
org.italiangrid,https-utils,0.4.0,-,-,?,-,false,-
org.italiangrid,voms-api-java,3.3.0,-,-,?,-,false,-
org.javassist,javassist,3.22.0-CR2,-,-,?,-,false,sun.misc.Unsafe                          See http://openjdk.java.net/jeps/260
org.ksprojects,java-code-style,1.2,-,-,?,-,false,-
org.lukhnos,nnio,0.2,-,-,?,-,false,-
org.metarchive.mex,log4mex-java,1.0.3,-,-,?,-,false,-
org.miracl.milagro.amcl,milagro-crypto-java,0.3.0,-,-,?,-,false,-
org.mozilla.iot,webthing,0.7.0,-,-,?,-,false,-
org.mozilla,rhino,1.7.10,-,-,?,-,false,-
org.mozilla.taskcluster,taskcluster-client,1.0.305,-,-,?,-,false,-
org.numenta,htm.java,0.6.13,-,-,?,-,false,-
org.slinkyframework.environment,slinky-common-docker,1.0.0,-,-,?,-,false,-
org.slinkyframework.environment,slinky-environment-builder,1.0.0,-,-,?,-,false,-
org.slinkyframework.environment,slinky-environment-builder-couchbase,1.0.0,-,-,?,-,false,-
org.slinkyframework.environment,slinky-environment-builder-liquibase,1.0.0,-,-,?,-,false,-
org.slinkyframework.environment,slinky-environment-builder-maven-plugin,1.0.0,-,-,?,-,false,-
org.slinkyframework.environment,slinky-environment-config-maven-plugin,1.0.0,-,-,?,-,false,-
org.slinkyframework.examples,slinky-repository-couchbase-example-setup,0.3.7,-,-,?,-,false,-
org.slinkyframework,slinky-application,0.4.4,-,-,?,-,false,-
org.slinkyframework,slinky-client,0.4.4,-,-,?,-,false,-
org.slinkyframework,slinky-client-http,0.4.4,-,-,?,-,false,-
org.slinkyframework,slinky-common-aop,0.4.4,-,-,?,-,false,-
org.slinkyframework,slinky-common-logging,0.4.4,-,-,?,-,false,-
org.slinkyframework,slinky-common-metrics,0.4.4,-,-,?,-,false,-
org.slinkyframework,slinky-environment-builder,0.4.4,-,-,?,-,false,-
org.slinkyframework,slinky-environment-builder-couchbase,0.3.7,-,-,?,-,false,-
org.slinkyframework,slinky-environment-builder-maven-plugin,0.4.4,-,-,?,-,false,-
org.slinkyframework,slinky-environment-config-maven-plugin,0.4.4,-,-,?,-,false,-
org.slinkyframework,slinky-repository,0.4.4,-,-,?,-,false,-
org.slinkyframework,slinky-repository-couchbase,0.3.7,-,-,?,-,false,-
org.slinkyframework,slinky-repository-couchbase-parent,0.3.7,-,-,?,-,false,-
org.slinkyframework,slinky-service-http,0.4.4,-,-,?,-,false,-
org.slinkyframework,slinky-service-json-api,0.4.4,-,-,?,-,false,-
org.takes,takes,1.11.3,-,-,?,-,false,-
org.wso2.extension.siddhi.io.http,org.wso2.extension.siddhi.io.http.coverge.test,1.0.35,-,-,?,-,false,-
org.wso2.extension.siddhi.io.http,siddhi-io-http,1.0.35,-,-,?,-,false,-
org.wso2.extension.siddhi.io.http,siddhi-io-http-osgi-tests,1.0.35,-,-,?,-,false,-
org.wso2.extension.siddhi.io.sqs,siddhi-io-sqs,1.0.5,-,-,?,-,false,-
org.wso2.extension.siddhi.io.websocket,siddhi-io-websocket,1.0.8,-,-,?,-,false,-
org.wso2.extension.siddhi.io.wso2event,siddhi-io-wso2event,4.0.15,-,-,?,-,false,-
org.wso2.extension.siddhi.io.wso2event,siddhi-io-wso2event-osgi-tests,4.0.15,-,-,?,-,false,-
