groupId,artifactId,version,moduleName,moduleVersion,moduleMode,moduleDependencies,jdepsToolError,jdepsViolations
org.curioswitch.curiostack,assertj-protobuf,0.0.1,-,-,?,-,false,-
org.curioswitch.curiostack,curio-server-framework,0.0.1,-,-,?,-,false,-
org.curioswitch.curiostack,protobuf-jackson,0.2.1,-,-,?,-,false,-
org.emmalanguage,emma-benchmarks,0.2-rc3,-,-,?,-,false,-
org.emmalanguage,emma-examples-flink,0.2.0,-,-,?,-,false,-
org.emmalanguage,emma-examples-library,0.2.0,-,-,?,-,false,-
org.emmalanguage,emma-examples-spark,0.2.0,-,-,?,-,false,-
org.emmalanguage,emma-flink,0.2.3,-,-,?,-,false,-
org.emmalanguage,emma-gui,0.2.3,-,-,?,-,false,-
org.emmalanguage,emma-language,0.2.3,-,-,?,-,false,-
org.emmalanguage,emma-lib,0.2.3,-,-,?,-,false,sun.misc.Unsafe                          See http://openjdk.java.net/jeps/260
org.emmalanguage,emma-spark,0.2.3,-,-,?,-,false,-
org.f100ded.play,play-fake-ws-standalone_2.11,1.1.0,-,-,?,-,false,-
org.f100ded.play,play-fake-ws-standalone_2.12,1.1.0,-,-,?,-,false,-
org.f100ded.scala-url-builder,scala-url-builder_2.11,0.9.0,-,-,?,-,false,-
org.f100ded.scala-url-builder,scala-url-builder_2.12,0.9.0,-,-,?,-,false,-
org.glassfish,jsonp-jaxrs,1.1.2,-,-,?,-,false,-
org.glassfish.metro,metro-cm-api,2.4.1,-,-,?,-,false,-
org.glassfish.metro,metro-cm-impl,2.4.1,-,-,?,-,false,-
org.glassfish.metro,metro-runtime-api,2.4.1,-,-,?,-,false,-
org.glassfish.metro,metro-runtime-impl,2.4.1,-,-,?,-,false,-
org.glassfish.metro,webservices-extra,2.4.1,-,-,?,-,false,-
org.glassfish.metro,wsrx-commons,2.4.1,-,-,?,-,false,-
org.glassfish.metro,wsrx-testing,2.4.1,-,-,?,-,false,-
org.glassfish.metro,wstx-api,2.4.1,-,-,?,-,false,-
org.glassfish.metro,xmlfilter,2.4.1,-,-,?,-,false,-
org.helenus,helenus-api,3.0.4,-,-,?,-,false,-
org.helenus,helenus-commons,3.0.4,-,-,?,-,false,sun.reflect.ReflectionFactory            See http://openjdk.java.net/jeps/260 + sun.reflect.ReflectionFactory$GetReflectionFactoryAction Removed. See http://openjdk.java.net/jeps/260
org.helenus,helenus-commons-test,3.0.4,-,-,?,-,false,-
org.helenus,helenus-examples,3.0.4,-,-,?,-,false,-
org.helenus,helenus-impl,3.0.4,-,-,?,-,false,-
org.helenus,helenus-junit,3.0.4,-,-,?,-,false,-
org.helenus,helenus-tomcat,3.0.4,-,-,?,-,false,-
org.hisp,dhis2-java-client,1.0.2,-,-,?,-,false,-
org.hisp,grid,1.0.0,-,-,?,-,false,-
org.hisp,staxwax,1.2,-,-,?,-,false,-
org.mustertech.rms,rms-deployer,0.1.7,-,-,?,-,false,-
org.opendatakit,opendatakit-javarosa,2.11.2,-,-,?,-,false,-
org.scalatest,scalatest_2.10,3.2.0-SNAP10,-,-,?,-,false,-
org.scalatest,scalatest_2.11,3.2.0-SNAP10,-,-,?,-,false,-
org.scalatest,scalatest_2.12,3.2.0-SNAP10,-,-,?,-,false,-
org.scalatest,scalatest_2.13.0-M1,3.0.3,-,-,?,-,false,-
org.scalatest,scalatest_2.13.0-M2,3.2.0-SNAP10,-,-,?,-,false,-
org.scalatest,scalatest_2.13.0-M3,3.0.5-M1,-,-,?,-,false,-
org.scalatest,scalatest_2.13.0-M4,3.0.6-SNAP2,-,-,?,-,false,-
org.scalatest,scalatest-app_2.10,3.2.0-SNAP10,-,-,?,-,false,-
org.scalatest,scalatest-app_2.11,3.2.0-SNAP10,-,-,?,-,false,-
org.scalatest,scalatest-app_2.12,3.2.0-SNAP10,-,-,?,-,false,-
org.scalatest,scalatest-app_2.13.0-M1,3.0.3,-,-,?,-,false,-
org.scalatest,scalatest-app_2.13.0-M2,3.2.0-SNAP10,-,-,?,-,false,-
org.scalatest,scalatest-app_2.13.0-M3,3.0.5-M1,-,-,?,-,false,-
org.scalatest,scalatest-app_2.13.0-M4,3.0.6-SNAP2,-,-,?,-,false,-
org.scalatest,scalatest-app_native0.3_2.11,3.2.0-SNAP10,-,-,?,-,false,-
org.scalatest,scalatest-app_sjs0.6_2.10,3.2.0-SNAP10,-,-,?,-,false,-
org.scalatest,scalatest-app_sjs0.6_2.11,3.2.0-SNAP10,-,-,?,-,false,-
org.scalatest,scalatest-app_sjs0.6_2.12,3.2.0-SNAP10,-,-,?,-,false,-
org.scalatest,scalatest-app_sjs0.6_2.13.0-M1,3.0.3,-,-,?,-,false,-
org.scalatest,scalatest-app_sjs0.6_2.13.0-M2,3.2.0-SNAP10,-,-,?,-,false,-
org.scalatest,scalatest-app_sjs0.6_2.13.0-M3,3.0.5-M1,-,-,?,-,false,-
org.scalatest,scalatest-app_sjs0.6_2.13.0-M4,3.0.6-SNAP2,-,-,?,-,false,-
org.scalatest,scalatest-app_sjs1.0.0-M3_2.11,3.0.6-SNAP2,-,-,?,-,false,-
org.scalatest,scalatest-app_sjs1.0.0-M3_2.12,3.0.6-SNAP2,-,-,?,-,false,-
org.scalatest,scalatestjs_sjs0.6_2.10,3.0.6-SNAP2,-,-,?,-,false,-
org.scalatest,scalatestjs_sjs0.6_2.11,3.0.6-SNAP2,-,-,?,-,false,-
org.scalatest,scalatestjs_sjs0.6_2.12,3.0.6-SNAP2,-,-,?,-,false,-
org.scalatest,scalatestjs_sjs0.6_2.13.0-M4,3.0.6-SNAP2,-,-,?,-,false,-
org.scalatest,scalatestjs_sjs1.0.0-M3_2.11,3.0.6-SNAP2,-,-,?,-,false,-
org.scalatest,scalatestjs_sjs1.0.0-M3_2.12,3.0.6-SNAP2,-,-,?,-,false,-
org.scalatest,scalatest-maven-plugin,2.0.0,-,-,?,-,false,-
org.scalatest,scalatest_native0.3_2.11,3.2.0-SNAP10,-,-,?,-,false,-
org.scalatest,scalatest_sjs0.6_2.10,3.2.0-SNAP10,-,-,?,-,false,-
org.scalatest,scalatest_sjs0.6_2.11,3.2.0-SNAP10,-,-,?,-,false,-
org.scalatest,scalatest_sjs0.6_2.12,3.2.0-SNAP10,-,-,?,-,false,-
org.scalatest,scalatest_sjs0.6_2.13.0-M1,3.0.3,-,-,?,-,false,-
org.scalatest,scalatest_sjs0.6_2.13.0-M2,3.2.0-SNAP10,-,-,?,-,false,-
org.scalatest,scalatest_sjs0.6_2.13.0-M3,3.0.5-M1,-,-,?,-,false,-
org.scalatest,scalatest_sjs0.6_2.13.0-M4,3.0.6-SNAP2,-,-,?,-,false,-
org.scalatest,scalatest_sjs1.0.0-M3_2.11,3.0.6-SNAP2,-,-,?,-,false,-
org.scalatest,scalatest_sjs1.0.0-M3_2.12,3.0.6-SNAP2,-,-,?,-,false,-
org.siani.itrules,itrules,1.9.3,-,-,?,-,false,-
org.siani.javafmi,fmu-wrapper,2.24.4,-,-,?,-,false,-
org.simonscode,telegrambots.framework,3.0.2,-,-,?,-,false,sun.misc.Unsafe                          See http://openjdk.java.net/jeps/260
org.sonarsource.dotnet,sonar-csharp-plugin,7.4.0.6452,-,-,?,-,false,sun.misc.Unsafe                          See http://openjdk.java.net/jeps/260
org.sonarsource.dotnet,sonar-dotnet-shared-library,7.4.0.6452,-,-,?,-,false,-
org.sonarsource.dotnet,sonar-dotnet-tests-library,7.4.0.6452,-,-,?,-,false,-
org.sonarsource.go,sonar-go-plugin,1.1.0.1612,-,-,?,-,false,-
org.sonarsource.java,external-reports,5.7.0.15470,-,-,?,-,false,-
org.sonarsource.java,it-java-performancing,5.7.0.15470,-,-,?,-,false,-
org.sonarsource.java,it-java-plugin-tests,5.7.0.15470,-,-,?,-,false,-
org.sonarsource.java,it-java-ruling,5.7.0.15470,-,-,?,-,false,-
org.sonarsource.java,it-java-semantic-tests,5.7.0.15470,-,-,?,-,false,-
org.sonarsource.java,java-checks,5.7.0.15470,-,-,?,-,false,-
org.sonarsource.java,java-checks-testkit,5.7.0.15470,-,-,?,-,false,-
org.sonarsource.java,java-debugging-plugin,5.7.0.15470,-,-,?,-,false,-
org.sonarsource.java,java-extension-plugin,5.7.0.15470,-,-,?,-,false,-
org.sonarsource.java,java-frontend,5.7.0.15470,-,-,?,-,false,-
org.sonarsource.java,java-jacoco,5.7.0.15470,-,-,?,-,false,-
org.sonarsource.java,java-maven-model,5.7.0.15470,-,-,?,-,false,-
org.sonarsource.java,java-surefire,5.7.0.15470,-,-,?,-,false,-
org.sonarsource.java,sonar-jacoco-listeners,5.7.0.15470,-,-,?,-,false,-
org.sonarsource.java,sonar-java-plugin,5.7.0.15470,-,-,?,-,false,sun.misc.Unsafe                          See http://openjdk.java.net/jeps/260
org.sonarsource.orchestrator,orchestrator-maven-plugin,3.15.2.1322,-,-,?,-,false,-
org.sonarsource.orchestrator,sonar-orchestrator,3.21.0.1721,-,-,?,-,false,-
org.sonarsource.orchestrator,sonar-orchestrator-osgi,3.21.0.1721,-,-,?,-,false,-
org.sonarsource.owasp,sonar-zap-plugin,1.0.1,-,-,?,-,false,-
org.sonarsource.php,php-checks,2.14.0.3569,-,-,?,-,false,-
org.sonarsource.php,php-frontend,2.14.0.3569,-,-,?,-,false,-
org.sonarsource.php,sonar-php-plugin,2.14.0.3569,-,-,?,-,false,-
org.sonarsource.python,python-checks,1.10.0.2131,-,-,?,-,false,-
org.sonarsource.python,python-squid,1.10.0.2131,-,-,?,-,false,-
org.sonarsource.python,sonar-python-plugin,1.10.0.2131,-,-,?,-,false,-
org.sonarsource.python,sslr-python-toolkit,1.10.0.2131,-,-,?,-,false,sun.misc.Unsafe                          See http://openjdk.java.net/jeps/260 + sun.reflect.Reflection                   Use java.lang.StackWalker @since 9
org.sonarsource.scanner.api,sonar-scanner-api,2.10.0.1189,-,-,?,-,false,-
org.sonarsource.scanner.api,sonar-scanner-api-batch,2.10.0.1189,-,-,?,-,false,-
org.sonarsource.scanner.api,sonar-scanner-api-batch-interface,2.10.0.1189,-,-,?,-,false,-
org.sonarsource.scanner.cli,sonar-scanner-cli,3.2.0.1227,-,-,?,-,false,-
org.sonarsource.scanner.gradle,sonarqube-gradle-plugin,2.6.2,-,-,?,-,false,-
org.sonarsource.scanner.maven,sonar-maven-plugin,3.4.1.1168,-,-,?,-,false,-
org.sonarsource.sonarlint.core,sonarlint-client-api,3.9.0.1892,-,-,?,-,false,-
org.sonarsource.sonarlint.core,sonarlint-core,3.9.0.1892,-,-,?,-,false,sun.misc.Unsafe                          See http://openjdk.java.net/jeps/260
org.sonarsource.sonarlint.core,sonarlint-daemon,3.9.0.1892,-,-,?,-,false,sun.misc.Unsafe                          See http://openjdk.java.net/jeps/260 + sun.reflect.Reflection                   Use java.lang.StackWalker @since 9 + sun.security.x509.X500Name               Use javax.security.auth.x500.X500Principal @since 1.4
org.sonarsource.sonarlint.core,sonarlint-daemon-java-client,2.11.0.406,-,-,?,-,false,sun.misc.Unsafe                          See http://openjdk.java.net/jeps/260
org.sonarsource.sonarlint.core,sonarlint-daemon-protocol,3.9.0.1892,-,-,?,-,false,-
org.sonarsource.sonarlint.core,sonarlint-language-server,3.9.0.1892,-,-,?,-,false,sun.misc.Unsafe                          See http://openjdk.java.net/jeps/260 + sun.reflect.Reflection                   Use java.lang.StackWalker @since 9
org.sonarsource.sonarlint.core,sonarlint-rule-extractor,3.9.0.1892,-,-,?,-,false,-
org.sonarsource.sonarlint.core,sonarlint-slf4j-sonar-log,3.9.0.1892,-,-,?,-,false,-
org.sonarsource.sonarlint,sonarlint-cli,2.1.0.566,-,-,?,-,false,sun.misc.Unsafe                          See http://openjdk.java.net/jeps/260 + sun.reflect.Reflection                   Use java.lang.StackWalker @since 9
org.sonarsource.sonar-lits-plugin,sonar-lits-plugin,0.7.0.961,-,-,?,-,false,-
org.sonarsource.sonarqube,sonar-ce,7.0,-,-,?,-,false,-
org.sonarsource.sonarqube,sonar-ce-api,6.5,-,-,?,-,false,-
org.sonarsource.sonarqube,sonar-check-api,7.0,-,-,?,-,false,-
org.sonarsource.sonarqube,sonar-colorizer,6.3.1,-,-,?,-,false,-
org.sonarsource.sonarqube,sonar-core,7.3,-,-,?,-,false,-
org.sonarsource.sonarqube,sonar-db,6.3.1,-,-,?,-,false,-
org.sonarsource.sonarqube,sonar-db-core,7.3,-,-,?,-,false,-
org.sonarsource.sonarqube,sonar-db-dao,7.2.1,-,-,?,-,false,-
org.sonarsource.sonarqube,sonar-db-migration,7.2.1,-,-,?,-,false,-
org.sonarsource.sonarqube,sonar-duplications,7.0,-,-,?,-,false,-
org.sonarsource.sonarqube,sonar-home,7.1,-,-,?,-,false,-
org.sonarsource.sonarqube,sonar-main,7.0,-,-,?,-,false,-
org.sonarsource.sonarqube,sonar-markdown,7.3,-,-,?,-,false,-
org.sonarsource.sonarqube,sonar-plugin-api,7.3,-,-,?,-,false,sun.misc.Unsafe                          See http://openjdk.java.net/jeps/260
org.sonarsource.sonarqube,sonar-plugin-api-deps,7.0,-,-,?,-,false,sun.misc.Unsafe                          See http://openjdk.java.net/jeps/260 + sun.reflect.Reflection                   Use java.lang.StackWalker @since 9
org.sonarsource.sonarqube,sonar-plugin-bridge,7.2.1,-,-,?,-,false,-
org.sonarsource.sonarqube,sonar-process,7.2.1,-,-,?,-,false,-
org.sonarsource.sonarqube,sonar-process-monitor,6.5,-,-,?,-,false,-
org.sonarsource.sonarqube,sonar-qa-util,7.2.1,-,-,?,-,false,-
org.sonarsource.sonarqube,sonar-scanner-engine,7.3,-,-,?,-,false,-
org.sonarsource.sonarqube,sonar-scanner-engine-shaded,7.0,-,-,?,-,false,sun.misc.Unsafe                          See http://openjdk.java.net/jeps/260 + sun.reflect.Reflection                   Use java.lang.StackWalker @since 9
org.sonarsource.sonarqube,sonar-scanner-protocol,7.3,-,-,?,-,false,-
org.sonarsource.sonarqube,sonar-search,6.5,-,-,?,-,false,-
org.sonarsource.sonarqube,sonar-server,7.2.1,-,-,?,-,false,-
org.sonarsource.sonarqube,sonar-testing-harness,7.3,-,-,?,-,false,-
org.sonarsource.sonarqube,sonar-ws,7.3,-,-,?,-,false,-
org.sonarsource.sonarqube,sonar-ws-generator,7.0,-,-,?,-,false,-
org.sonarsource.sonarqube,sonar-xoo-plugin,7.3,-,-,?,-,false,-
org.sonarsource.sslr,sslr-benchmarks,1.22,-,-,?,-,false,-
org.sonarsource.sslr,sslr-core,1.22,-,-,?,-,false,-
org.sonarsource.sslr,sslr-examples,1.22,-,-,?,-,false,-
org.sonarsource.sslr,sslr-testing-harness,1.22,-,-,?,-,false,-
org.sonarsource.sslr,sslr-tests,1.22,-,-,?,-,false,-
org.sonarsource.sslr,sslr-toolkit,1.22,-,-,?,-,false,-
org.sonarsource.sslr,sslr-xpath,1.22,-,-,?,-,false,-
org.sonarsource.web,sonar-web-plugin,2.6.0.1053,-,-,?,-,false,-
org.vivaconagua,play2-oauth-client_2.12,0.4.1,-,-,?,-,false,-
org.xillium,xillium-base,1.1.8,-,-,?,-,false,-
org.xillium,xillium-core,1.1.8,-,-,?,-,false,-
org.xillium,xillium-data,1.1.8,-,-,?,-,false,-
org.xillium,xillium-gear,1.1.8,-,-,?,-,false,-
org.xillium,xillium-play,1.1.8,-,-,?,-,false,-
org.xillium,xillium-tool,1.1.8,-,-,?,-,false,-
