groupId,artifactId,version,moduleName,moduleVersion,moduleMode,moduleDependencies,jdepsToolError,jdepsViolations
com.amap.api,3dmap,6.4.0,-,-,?,-,false,-
com.amap.api,location,4.2.0,-,-,?,-,false,-
com.amap.api,map2d,5.2.0,-,-,?,-,false,-
com.amap.api,map3d,5.0.0,-,-,?,-,false,-
com.amap.api,map3d-native,5.0.0,-,-,?,-,false,-
com.amap.api,navi,1.9.4,-,-,?,-,false,-
com.amap.api,navi-3dmap,6.2.0_3dmap6.4.0,-,-,?,-,false,-
com.amap.api,navi-native,1.9.4,-,-,?,-,false,-
com.amap.api,navi-solo,1.9.4,-,-,?,-,false,-
com.amap.api,navi-solo-native,1.9.4,-,-,?,-,false,-
com.amap.api,navi-test-all,0.0.1,-,-,?,-,false,-
com.amap.api,search,6.1.0,-,-,?,-,false,-
com.avionos.aem.experienceframework,experience-framework.api,0.1.0,-,-,?,-,false,-
com.avionos.aem.experienceframework,experience-framework.core,0.1.0,-,-,?,-,false,-
com.avionos.aem.rootpageinjector,root-page-injector.core,0.1.0,-,-,?,-,false,-
com.beeswax,beeswax-api,2018-06-29,-,-,?,-,false,-
com.blocktyper,blocktyperplugin,1.2.6,-,-,?,-,false,-
com.blocktyper.localehelper,localehelper,1.0.0,-,-,?,-,false,-
com.builtamont,cassandra-migration,0.11,-,-,?,-,false,-
com.builtamont,play2-scala-pdf_2.10,2.0.0.P24,-,-,?,-,false,-
com.builtamont,play2-scala-pdf_2.11,2.0.0.P26,-,-,?,-,false,-
com.builtamont,play2-scala-pdf_2.12,2.0.0.P26,-,-,?,-,false,-
com.devdungeon.maven.archetypes,library,1.0.5,-,-,?,-,false,-
com.devdungeon.tools,http,2.0.1,-,-,?,-,false,-
com.fatsecret4j,fatsecret-platform,2.0,-,-,?,-,false,-
com.giladam,kafka-jackson-serde,1.0.0,-,-,?,-,false,-
com.jahnelgroup.cartographer,cartographer-core,1.0.6,-,-,?,-,false,-
com.jahnelgroup.cartographer,cartographer-spring,1.0.6,-,-,?,-,false,-
com.jahnelgroup.flogger,flogger-core,2.0.0,-,-,?,-,false,-
com.jahnelgroup.flogger,flogger-sample,1.4.0,-,-,?,-,false,-
com.jahnelgroup.flogger,flogger-spring-boot,2.0.0,-,-,?,-,false,-
com.jahnelgroup.jackson,jackson-field-security,1.0.5,-,-,?,-,false,-
com.lokalized,lokalized-java,1.0.1,-,-,?,-,false,-
com.manganit.half,half-action,0.2,-,-,?,-,false,-
com.manganit.half,half-client,0.2,-,-,?,-,false,-
com.manganit.half,half-logging,0.2,-,-,?,-,false,-
com.manganit.half,half-security,0.2,-,-,?,-,false,-
com.manganit.half,half-util,0.2,-,-,?,-,false,-
com.playtika.testcontainers,embedded-aerospike,1.8,-,-,?,-,false,-
com.playtika.testcontainers,embedded-couchbase,1.8,-,-,?,-,false,-
com.playtika.testcontainers,embedded-elasticsearch,1.8,-,-,?,-,false,-
com.playtika.testcontainers,embedded-kafka,1.8,-,-,?,-,false,-
com.playtika.testcontainers,embedded-mariadb,1.8,-,-,?,-,false,-
com.playtika.testcontainers,embedded-memsql,1.8,-,-,?,-,false,-
com.playtika.testcontainers,embedded-neo4j,1.8,-,-,?,-,false,-
com.playtika.testcontainers,embedded-postgresql,1.8,-,-,?,-,false,-
com.playtika.testcontainers,embedded-redis,1.8,-,-,?,-,false,-
com.playtika.testcontainers,testcontainers-common,1.8,-,-,?,-,false,-
com.qaprosoft,alice-client,1.1.0,-,-,?,-,false,-
com.qaprosoft,alice-models,1.1.0,-,-,?,-,false,-
com.qaprosoft,carina-api,5.2.5.119,-,-,?,-,false,-
com.qaprosoft,carina-aws-s3,5.2.5.119,-,-,?,-,false,-
com.qaprosoft,carina-commons,5.2.5.119,-,-,?,-,false,-
com.qaprosoft,carina-core,5.2.5.119,-,-,?,-,false,-
com.qaprosoft,carina-crypto,5.2.5.119,-,-,?,-,false,-
com.qaprosoft,carina-dataprovider,5.2.5.119,-,-,?,-,false,-
com.qaprosoft,carina-hockeyapp,5.2.5.119,-,-,?,-,false,-
com.qaprosoft,carina-proxy,5.2.5.119,-,-,?,-,false,-
com.qaprosoft,carina-reporting,5.2.5.119,-,-,?,-,false,-
com.qaprosoft,carina-utils,5.2.5.119,-,-,?,-,false,-
com.qaprosoft,carina-webdriver,5.2.5.119,-,-,?,-,false,-
com.qaprosoft,zafira-client,3.0.43,-,-,?,-,false,-
com.qaprosoft,zafira-models,3.0.43,-,-,?,-,false,-
com.sporniket.javabeans,sporniket-javabeans-doclet,17.12.00,-,-,?,-,false,-
com.thomasjensen.checkstyle.addons,checkstyle-addons,5.2.0,-,-,?,-,false,-
com.thomasjensen.checkstyle.addons,checkstyle-addons-java6,4.2.0,-,-,?,-,false,-
com.thomasjensen.checkstyle.addons,checkstyle-addons-java7,5.2.0,-,-,?,-,false,-
com.tolpp.memguard,memguard,0.0.1,-,-,?,-,false,-
com.tolpp.memguard,memguard-serializer-fst,0.0.1,-,-,?,-,false,-
com.yopeso,jacoco-coverage,0.2.1,-,-,?,-,false,-
com.yopeso,jacococoverage-maven-plugin,0.4.4,-,-,?,-,false,-
