groupId,artifactId,version,moduleName,moduleVersion,moduleMode,moduleDependencies,jdepsToolError,jdepsViolations
cd.go.plugin,go-plugin-api-experimental,18.8.0-7287,-,-,?,-,false,-
com.atlassian.bamboo,bamboo-specs,6.6.2,-,-,?,-,false,-
com.atlassian.bamboo,bamboo-specs-api,6.6.2,-,-,?,-,false,-
com.atlassian.bamboo,bamboo-specs-runner,6.6.2,-,-,?,-,false,-
com.atlassian.bamboo,bamboo-specs-runner-test,6.6.2,-,-,?,-,false,-
com.avsystem.scex,scex-core_2.11,1.22.0,-,-,?,-,false,-
com.avsystem.scex,scex-core_2.12,1.22.0,-,-,?,-,false,-
com.avsystem.scex,scex-macros_2.11,1.22.0,-,-,?,-,false,-
com.avsystem.scex,scex-macros_2.12,1.22.0,-,-,?,-,false,-
com.avsystem.scex,scex-util_2.11,1.22.0,-,-,?,-,false,-
com.avsystem.scex,scex-util_2.12,1.22.0,-,-,?,-,false,-
com.expedia.www,haystack-service-graph-graph-builder,1.0.3,-,-,?,-,false,sun.misc.Signal                          See http://openjdk.java.net/jeps/260 + sun.misc.SignalHandler                   See http://openjdk.java.net/jeps/260 + sun.misc.Unsafe                          See http://openjdk.java.net/jeps/260 + sun.reflect.Reflection                   Use java.lang.StackWalker @since 9
com.expedia.www,haystack-service-graph-node-finder,1.0.3,-,-,?,-,false,sun.misc.Signal                          See http://openjdk.java.net/jeps/260 + sun.misc.SignalHandler                   See http://openjdk.java.net/jeps/260 + sun.misc.Unsafe                          See http://openjdk.java.net/jeps/260 + sun.reflect.Reflection                   Use java.lang.StackWalker @since 9
com.github.haiger.starter,crab-spring-boot-starter,1.0.2,-,-,?,-,false,-
com.github.pshirshov.izumi.r2,distage-app_2.12,0.5.47,-,-,?,-,false,-
com.github.pshirshov.izumi.r2,distage-cats_2.12,0.5.47,-,-,?,-,false,-
com.github.pshirshov.izumi.r2,distage-config_2.12,0.5.47,-,-,?,-,false,-
com.github.pshirshov.izumi.r2,distage-core_2.12,0.5.47,-,-,?,-,false,-
com.github.pshirshov.izumi.r2,distage-model_2.12,0.5.47,-,-,?,-,false,-
com.github.pshirshov.izumi.r2,distage-plugins_2.12,0.5.47,-,-,?,-,false,-
com.github.pshirshov.izumi.r2,distage-proxy-cglib_2.12,0.5.47,-,-,?,-,false,-
com.github.pshirshov.izumi.r2,distage-roles_2.12,0.5.47,-,-,?,-,false,-
com.github.pshirshov.izumi.r2,distage-static_2.12,0.5.47,-,-,?,-,false,-
com.github.pshirshov.izumi.r2,fastparse-shaded_2.12,0.5.47,-,-,?,-,false,-
com.github.pshirshov.izumi.r2,fundamentals-collections_2.12,0.5.47,-,-,?,-,false,-
com.github.pshirshov.izumi.r2,fundamentals-functional_2.12,0.5.47,-,-,?,-,false,-
com.github.pshirshov.izumi.r2,fundamentals-platform_2.12,0.5.47,-,-,?,-,false,-
com.github.pshirshov.izumi.r2,fundamentals-reflection_2.12,0.5.47,-,-,?,-,false,-
com.github.pshirshov.izumi.r2,idealingua-compiler_2.12,0.5.47,-,-,?,-,false,sun.misc.Unsafe                          See http://openjdk.java.net/jeps/260
com.github.pshirshov.izumi.r2,idealingua-core_2.12,0.5.47,-,-,?,-,false,-
com.github.pshirshov.izumi.r2,idealingua-model_2.12,0.5.47,-,-,?,-,false,-
com.github.pshirshov.izumi.r2,idealingua-runtime-rpc-c-sharp_2.12,0.5.47,-,-,?,-,false,-
com.github.pshirshov.izumi.r2,idealingua-runtime-rpc-go_2.12,0.5.47,-,-,?,-,false,-
com.github.pshirshov.izumi.r2,idealingua-runtime-rpc-http4s_2.12,0.5.47,-,-,?,-,false,-
com.github.pshirshov.izumi.r2,idealingua-runtime-rpc-scala_2.12,0.5.47,-,-,?,-,false,-
com.github.pshirshov.izumi.r2,idealingua-runtime-rpc-typescript_2.12,0.5.47,-,-,?,-,false,-
com.github.pshirshov.izumi.r2,idealingua-test-defs_2.12,0.5.47,-,-,?,-,false,-
com.github.pshirshov.izumi.r2,izumi-r2_2.12,0.5.47,-,-,?,-,false,-
com.github.pshirshov.izumi.r2,logstage-adapter-slf4j_2.12,0.5.47,-,-,?,-,false,-
com.github.pshirshov.izumi.r2,logstage-api-base_2.12,0.5.47,-,-,?,-,false,-
com.github.pshirshov.izumi.r2,logstage-api-base-macro_2.12,0.5.47,-,-,?,-,false,-
com.github.pshirshov.izumi.r2,logstage-api-logger_2.12,0.5.47,-,-,?,-,false,-
com.github.pshirshov.izumi.r2,logstage-di_2.12,0.5.47,-,-,?,-,false,-
com.github.pshirshov.izumi.r2,logstage-rendering-json4s_2.12,0.5.47,-,-,?,-,false,-
com.github.pshirshov.izumi.r2,logstage-sink-slf4j_2.12,0.5.47,-,-,?,-,false,-
com.google.apis,google-api-services-youtubeAnalytics,v2-rev51-1.24.1,-,-,?,-,false,-
com.nepxion,discovery-common,4.3.16,-,-,?,-,false,-
com.nepxion,discovery-common-nacos,4.3.16,-,-,?,-,false,-
com.nepxion,discovery-common-redis,4.3.16,-,-,?,-,false,-
com.nepxion,discovery-console,4.3.16,-,-,?,-,false,-
com.nepxion,discovery-console-extension-nacos,4.3.16,-,-,?,-,false,-
com.nepxion,discovery-console-extension-redis,4.3.16,-,-,?,-,false,-
com.nepxion,discovery-console-starter,4.3.16,-,-,?,-,false,-
com.nepxion,discovery-plugin-admin-center,4.3.16,-,-,?,-,false,-
com.nepxion,discovery-plugin-config-center,4.3.16,-,-,?,-,false,-
com.nepxion,discovery-plugin-config-center-extension-nacos,4.3.16,-,-,?,-,false,-
com.nepxion,discovery-plugin-config-center-extension-redis,4.3.16,-,-,?,-,false,-
com.nepxion,discovery-plugin-framework,4.3.16,-,-,?,-,false,-
com.nepxion,discovery-plugin-framework-consul,4.3.16,-,-,?,-,false,-
com.nepxion,discovery-plugin-framework-eureka,4.3.16,-,-,?,-,false,-
com.nepxion,discovery-plugin-framework-zookeeper,4.3.16,-,-,?,-,false,-
com.nepxion,discovery-plugin-starter-consul,4.3.16,-,-,?,-,false,-
com.nepxion,discovery-plugin-starter-eureka,4.3.16,-,-,?,-,false,-
com.nepxion,discovery-plugin-starter-zookeeper,4.3.16,-,-,?,-,false,-
com.nepxion,discovery-plugin-strategy,4.3.16,-,-,?,-,false,-
com.nepxion,discovery-plugin-strategy-extension-service,4.3.16,-,-,?,-,false,-
com.nepxion,discovery-plugin-strategy-extension-zuul,4.3.16,-,-,?,-,false,-
com.nhaarman,httpmonads,1.1.0,-,-,?,-,false,-
com.nhaarman,httpmonads-arrow,1.1.0,-,-,?,-,false,-
com.nhaarman,httpmonads-retrofit,1.1.0,-,-,?,-,false,-
com.nhaarman,httpmonads-retrofit-rx,1.1.0,-,-,?,-,false,-
com.rookout,rook,0.1.20,-,-,?,-,false,sun.misc.JavaLangAccess                  Removed. See http://openjdk.java.net/jeps/260 + sun.misc.SharedSecrets                   Removed. See http://openjdk.java.net/jeps/260 + sun.misc.Unsafe                          See http://openjdk.java.net/jeps/260 + sun.security.x509.X500Name               Use javax.security.auth.x500.X500Principal @since 1.4
com.ubirch.util,futures_2.11,0.1.2,-,-,?,-,false,-
io.dgraph,dgraph4j,1.4.0,-,-,?,-,false,-
top.jfunc.json,json-fastjson,1.0,-,-,?,-,false,-
