groupId,artifactId,version,moduleName,moduleVersion,moduleMode,moduleDependencies,jdepsToolError,jdepsViolations
com.alexvasilkov,foldable-layout,1.2.1,-,-,?,-,false,-
com.alexvasilkov,gradle-vcs-dependency,1.1.0,-,-,?,-,false,-
com.alicp.jetcache,jetcache-anno,2.5.6,-,-,?,-,false,-
com.alicp.jetcache,jetcache-anno-api,2.5.6,-,-,?,-,false,-
com.alicp.jetcache,jetcache-autoconfigure,2.5.6,-,-,?,-,false,-
com.alicp.jetcache,jetcache-core,2.5.6,-,-,?,-,false,-
com.alicp.jetcache,jetcache-redis,2.5.6,-,-,?,-,false,-
com.alicp.jetcache,jetcache-redis-lettuce,2.5.6,-,-,?,-,false,-
com.alicp.jetcache,jetcache-redis-lettuce4,2.5.6,-,-,?,-,false,-
com.alicp.jetcache,jetcache-redis-luttece,2.2.2,-,-,?,-,false,-
com.alicp.jetcache,jetcache-starter-redis,2.5.6,-,-,?,-,false,-
com.alicp.jetcache,jetcache-starter-redis-lettuce,2.5.6,-,-,?,-,false,-
com.alicp.jetcache,jetcache-starter-redis-lettuce4,2.5.6,-,-,?,-,false,-
com.alicp.jetcache,jetcache-starter-redis-luttece,2.2.2,-,-,?,-,false,-
com.alicp.jetcache,jetcache-test,2.5.6,-,-,?,-,false,-
com.beachape,diesel-cats_2.11,0.2.8,-,-,?,-,false,-
com.beachape,diesel-cats_2.12,0.2.8,-,-,?,-,false,-
com.beachape,diesel-cats_sjs0.6_2.11,0.2.8,-,-,?,-,false,-
com.beachape,diesel-cats_sjs0.6_2.12,0.2.8,-,-,?,-,false,-
com.beachape,diesel-core_2.11,0.2.8,-,-,?,-,false,-
com.beachape,diesel-core_2.12,0.2.8,-,-,?,-,false,-
com.beachape,diesel-core_sjs0.6_2.11,0.2.8,-,-,?,-,false,-
com.beachape,diesel-core_sjs0.6_2.12,0.2.8,-,-,?,-,false,-
com.beachape,diesel-scalaz_2.11,0.2.8,-,-,?,-,false,-
com.beachape,diesel-scalaz_2.12,0.2.8,-,-,?,-,false,-
com.beachape,diesel-scalaz_sjs0.6_2.11,0.2.8,-,-,?,-,false,-
com.beachape,diesel-scalaz_sjs0.6_2.12,0.2.8,-,-,?,-,false,-
com.beachape,enumeratum_2.10,1.5.13,-,-,?,-,false,-
com.beachape,enumeratum_2.11,1.5.13,-,-,?,-,false,-
com.beachape,enumeratum_2.12,1.5.13,-,-,?,-,false,-
com.beachape,enumeratum-argonaut_2.10,1.5.13,-,-,?,-,false,-
com.beachape,enumeratum-argonaut_2.11,1.5.13,-,-,?,-,false,-
com.beachape,enumeratum-argonaut_2.12,1.5.13,-,-,?,-,false,-
com.beachape,enumeratum-argonaut_sjs0.6_2.10,1.5.13,-,-,?,-,false,-
com.beachape,enumeratum-argonaut_sjs0.6_2.11,1.5.13,-,-,?,-,false,-
com.beachape,enumeratum-argonaut_sjs0.6_2.12,1.5.13,-,-,?,-,false,-
com.beachape,enumeratum-circe_2.10,1.5.17,-,-,?,-,false,-
com.beachape,enumeratum-circe_2.11,1.5.17,-,-,?,-,false,-
com.beachape,enumeratum-circe_2.12,1.5.17,-,-,?,-,false,-
com.beachape,enumeratum-circe_sjs0.6_2.10,1.5.17,-,-,?,-,false,-
com.beachape,enumeratum-circe_sjs0.6_2.11,1.5.17,-,-,?,-,false,-
com.beachape,enumeratum-circe_sjs0.6_2.12,1.5.17,-,-,?,-,false,-
com.beachape,enumeratum-json4s_2.10,1.5.14,-,-,?,-,false,-
com.beachape,enumeratum-json4s_2.11,1.5.14,-,-,?,-,false,-
com.beachape,enumeratum-json4s_2.12,1.5.14,-,-,?,-,false,-
com.beachape,enumeratum-macros_2.10,1.5.9,-,-,?,-,false,-
com.beachape,enumeratum-macros_2.11,1.5.9,-,-,?,-,false,-
com.beachape,enumeratum-macros_2.12,1.5.9,-,-,?,-,false,-
com.beachape,enumeratum-macros_sjs0.6_2.10,1.5.9,-,-,?,-,false,-
com.beachape,enumeratum-macros_sjs0.6_2.11,1.5.9,-,-,?,-,false,-
com.beachape,enumeratum-macros_sjs0.6_2.12,1.5.9,-,-,?,-,false,-
com.beachape,enumeratum-play_2.10,1.5.14,-,-,?,-,false,-
com.beachape,enumeratum-play_2.11,1.5.14,-,-,?,-,false,-
com.beachape,enumeratum-play_2.12,1.5.14,-,-,?,-,false,-
com.beachape,enumeratum-play-json_2.10,1.5.14,-,-,?,-,false,-
com.beachape,enumeratum-play-json_2.11,1.5.14,-,-,?,-,false,-
com.beachape,enumeratum-play-json_2.12,1.5.14,-,-,?,-,false,-
com.beachape,enumeratum-quill_2.11,1.5.13,-,-,?,-,false,-
com.beachape,enumeratum-quill_2.12,1.5.13,-,-,?,-,false,-
com.beachape,enumeratum-quill_sjs0.6_2.11,1.5.13,-,-,?,-,false,-
com.beachape,enumeratum-quill_sjs0.6_2.12,1.5.13,-,-,?,-,false,-
com.beachape,enumeratum-reactivemongo-bson_2.10,1.5.13,-,-,?,-,false,-
com.beachape,enumeratum-reactivemongo-bson_2.11,1.5.13,-,-,?,-,false,-
com.beachape,enumeratum-reactivemongo-bson_2.12,1.5.13,-,-,?,-,false,-
com.beachape,enumeratum-scalacheck_2.10,1.5.15,-,-,?,-,false,-
com.beachape,enumeratum-scalacheck_2.11,1.5.15,-,-,?,-,false,-
com.beachape,enumeratum-scalacheck_2.12,1.5.15,-,-,?,-,false,-
com.beachape,enumeratumscalacheck_sjs0.6_2.10,1.5.13,-,-,?,-,false,-
com.beachape,enumeratum-scalacheck_sjs0.6_2.10,1.5.15,-,-,?,-,false,-
com.beachape,enumeratumscalacheck_sjs0.6_2.11,1.5.13,-,-,?,-,false,-
com.beachape,enumeratum-scalacheck_sjs0.6_2.11,1.5.15,-,-,?,-,false,-
com.beachape,enumeratumscalacheck_sjs0.6_2.12,1.5.13,-,-,?,-,false,-
com.beachape,enumeratum-scalacheck_sjs0.6_2.12,1.5.15,-,-,?,-,false,-
com.beachape,enumeratum_sjs0.6_2.10,1.5.13,-,-,?,-,false,-
com.beachape,enumeratum_sjs0.6_2.11,1.5.13,-,-,?,-,false,-
com.beachape,enumeratum_sjs0.6_2.12,1.5.13,-,-,?,-,false,-
com.beachape,enumeratum-slick_2.10,1.5.15,-,-,?,-,false,-
com.beachape,enumeratum-slick_2.11,1.5.15,-,-,?,-,false,-
com.beachape,enumeratum-slick_2.12,1.5.15,-,-,?,-,false,-
com.beachape,enumeratum-test_2.10,1.5.13,-,-,?,-,false,-
com.beachape,enumeratum-test_2.11,1.5.13,-,-,?,-,false,-
com.beachape,enumeratum-test_2.12,1.5.13,-,-,?,-,false,-
com.beachape,enumeratum-test_sjs0.6_2.10,1.5.13,-,-,?,-,false,-
com.beachape,enumeratum-test_sjs0.6_2.11,1.5.13,-,-,?,-,false,-
com.beachape,enumeratum-test_sjs0.6_2.12,1.5.13,-,-,?,-,false,-
com.beachape,enumeratum-upickle_2.10,1.5.12,-,-,?,-,false,-
com.beachape,enumeratum-upickle_2.11,1.5.12,-,-,?,-,false,-
com.beachape,enumeratum-upickle_2.12,1.5.12,-,-,?,-,false,-
com.beachape,enumeratum-upickle_sjs0.6_2.10,1.5.12,-,-,?,-,false,-
com.beachape,enumeratum-upickle_sjs0.6_2.11,1.5.12,-,-,?,-,false,-
com.beachape,enumeratum-upickle_sjs0.6_2.12,1.5.12,-,-,?,-,false,-
com.beachape.filemanagement,schwatcher_2.11,0.3.5,-,-,?,-,false,-
com.beachape.filemanagement,schwatcher_2.12,0.3.5,-,-,?,-,false,-
com.beachape,freast-cats_2.11,0.1.0,-,-,?,-,false,-
com.beachape,freast-cats_2.12,0.1.0,-,-,?,-,false,-
com.beachape,freast-core_2.11,0.1.0,-,-,?,-,false,-
com.beachape,freast-core_2.12,0.1.0,-,-,?,-,false,-
com.beachape,freast-scalaz_2.11,0.1.0,-,-,?,-,false,-
com.beachape,freast-scalaz_2.12,0.1.0,-,-,?,-,false,-
com.beachape,gander_2.10,0.0.3,-,-,?,-,false,-
com.beachape,gander_2.11,0.0.3,-,-,?,-,false,-
com.beachape,gander_2.12,0.0.3,-,-,?,-,false,-
com.beachape,kontext_2.11,0.1.1,-,-,?,-,false,-
com.beachape,kontext_2.12,0.1.1,-,-,?,-,false,-
com.beachape,kontext_sjs0.6_2.11,0.1.1,-,-,?,-,false,-
com.beachape,kontext_sjs0.6_2.12,0.1.1,-,-,?,-,false,-
com.beachape.metascraper,metascraper_2.10,0.4.0,-,-,?,-,false,-
com.beachape.metascraper,metascraper_2.11,0.4.0,-,-,?,-,false,-
com.beachape.metascraper,metascraper_2.12,0.4.0,-,-,?,-,false,-
com.beachape,zipkin-futures_2.11,0.3.0,-,-,?,-,false,-
com.beachape,zipkin-futures_2.12,0.3.0,-,-,?,-,false,-
com.beachape,zipkin-futures-play_2.11,0.3.0,-,-,?,-,false,-
com.beachape,zipkin-futures-play_2.12,0.3.0,-,-,?,-,false,-
com.beowulfe.hap,hap,1.1.4,-,-,?,-,false,-
com.bluejeans.aws.lambda,aws-lambda-runtime,0.0.2,-,-,?,-,false,-
com.bluejeans,jin,1.4.1,-,-,?,-,false,-
com.bluejeans,kafka-client,2.2.7,-,-,?,-,false,-
com.bluejeans.lambadaframework,runtime,0.0.8,-,-,?,-,false,-
com.bluejeans,redis-collection-client,0.0.2,-,-,?,-,false,-
com.bluejeans,utils,2.0.1,-,-,?,-,false,-
com.bluejeans,zookeeper-utils,1.1.0,-,-,?,-,false,-
com.caojiantao,common,1.3,-,-,?,-,false,sun.misc.BASE64Encoder                   Use java.util.Base64 @since 1.8
com.crittercism,crittercism-android-agent,5.8.10,-,-,?,-,false,-
com.crittercism,crittercism-android-ndk-agent,5.8.10,-,-,?,-,false,-
com.crowdscriber.captions,caption-parser_2.11,0.1.4,-,-,?,-,false,-
com.crowdscriber.captions,caption-parser_2.12,0.1.4,-,-,?,-,false,-
com.davidbracewell,atlas,0.4,-,-,?,-,false,-
com.davidbracewell,hermes-core,0.5,-,-,?,-,false,-
com.davidbracewell,hermes-en-models,0.4,-,-,?,-,false,-
com.davidbracewell,hermes-examples,0.5,-,-,?,-,false,-
com.davidbracewell,hermes-wordnet,0.5,-,-,?,-,false,-
com.davidbracewell,mango,0.5,-,-,?,-,false,sun.misc.Unsafe                          See http://openjdk.java.net/jeps/260
com.ealva,ealvalog,0.0.20,-,-,?,-,false,-
com.ealva,ealvalog-core,0.0.20,-,-,?,-,false,-
com.ealva,ealvalog-jdk,0.0.20,-,-,?,-,false,-
com.ealva,ealvatag,0.4.3,-,-,?,-,false,-
com.exadatum.xsuite,shell-functions,1.0.0,-,-,?,-,false,-
com.exadatum.xsuite.xmaven,bash-maven-plugin,1.0.7,-,-,?,-,false,sun.misc.Unsafe                          See http://openjdk.java.net/jeps/260
com.exadatum.xsuite.xmaven,depack-maven-plugin,1.0.3,-,-,?,-,false,-
com.exadatum.xsuite.xmaven,deploy-maven-plugin,1.0.1,-,-,?,-,false,-
com.exadatum.xsuite.xmaven,workflow-maven-plugin,1.0.2,-,-,?,-,false,-
com.exadatum.xsuite.xmaven,xassembly-maven-plugin,1.0.11,-,-,?,-,false,-
com.exadatum.xsuit.xmaven,maven-common,1.0.0,-,-,?,-,false,-
com.exadatum.xsuit.xmaven,pig-maven-plugin,1.0.2,-,-,?,-,false,sun.misc.Cleaner                         Use java.lang.ref.PhantomReference @since 1.2 or java.lang.ref.Cleaner @since 9 + sun.misc.Signal                          See http://openjdk.java.net/jeps/260 + sun.misc.SignalHandler                   See http://openjdk.java.net/jeps/260 + sun.misc.Unsafe                          See http://openjdk.java.net/jeps/260
com.faendir.acra,acra-javacore,5.0.0-rc2,-,-,?,-,false,-
com.feiynn,feiynn-validate,0.2.0,-,-,?,-,false,-
com.heartlandpaymentsystems,globalpayments-sdk,5.4,-,-,?,-,false,-
com.heartlandpaymentsystems,secure-submit,v2.5.2,-,-,?,-,false,sun.misc.IOUtils                         Removed. See http://openjdk.java.net/jeps/260 + sun.reflect.generics.reflectiveObjects.NotImplementedException Removed. See http://openjdk.java.net/jeps/260
com.iodesystems.android,demo,1.0.6,-,-,?,-,false,-
com.iodesystems,fn,2.0.2,-,-,?,-,false,-
com.iodesystems,vue-vanilla,1.1.6,-,-,?,-,false,-
com.iodesystems,whatjdk,1.0.6,-,-,?,-,false,-
com.iodesystems,whatjdk-example,1.0.6,-,-,?,-,false,-
com.iodesystems,whatjdk-maven-plugin,1.0.6,-,-,?,-,false,-
com.iodesystems,xmltools,1.0.3,-,-,?,-,false,-
com.iselsoft,easyium,1.0.5,-,-,?,-,false,-
com.kennycason,kakyll,1.5,-,-,?,-,false,sun.misc.Signal                          See http://openjdk.java.net/jeps/260 + sun.misc.SignalHandler                   See http://openjdk.java.net/jeps/260 + sun.misc.Unsafe                          See http://openjdk.java.net/jeps/260
com.kennycason,kumo-api,1.13,-,-,?,-,false,-
com.kennycason,kumo-cli,1.13,-,-,?,-,false,sun.misc.Unsafe                          See http://openjdk.java.net/jeps/260
com.kennycason,kumo-core,1.13,-,-,?,-,false,-
com.kennycason,kumo-tokenizers,1.13,-,-,?,-,false,-
com.kennycason,structural,1.0.0,-,-,?,-,false,-
com.kennycason,struktural,1.0.3,-,-,?,-,false,-
com.mypurecloud,mock-kinesis-maven-plugin,1.2.0,-,-,?,-,false,-
com.mypurecloud,platform-client,0.58.4.140,-,-,?,-,false,-
com.mypurecloud,platform-client-v2,46.0.0,-,-,?,-,false,-
com.nexosis,nexosisclient-java,4.0.1,-,-,?,-,false,-
com.object0r.monitor.tools,object0r-monitor-tools,1.0.4,-,-,?,-,false,-
com.object0r.scanners,ShodanScanner,1.0.2,-,-,?,-,false,-
com.object0r.toortools.http,toortools-http,1.1,-,-,?,-,false,-
com.object0r.toortools,toortools,1.0.5,-,-,?,-,false,-
com.opsdatastore,mock-data-collector,1.4.0,-,-,?,-,false,-
com.opsdatastore,opsdatastore-plugin-plugin,1.4.0,-,-,?,-,false,-
com.opsdatastore,opsdatastore-sdk,1.4.0,-,-,?,-,false,-
com.s24,redjob,0.5.6,-,-,?,-,false,-
com.s24.search.solr,solr-analyzers,1.0.2,-,-,?,-,false,-
com.s24.search.solr,solr-bmax-queryparser,2.4.3,-,-,?,-,false,-
com.s24.search.solr,solr-jdbc,2.3.8,-,-,?,-,false,-
com.s24.search.solr,solr-ping,0.1.0,-,-,?,-,false,-
com.s24.search.solr,solr-thymeleaf,0.9.11,-,-,?,-,false,-
com.s24.search.solr,solr-util,1.4.1,-,-,?,-,false,-
com.samskivert,depot,1.7.4,-,-,?,-,false,-
com.samskivert,jmustache,1.14,-,-,?,-,false,-
com.samskivert,pythagoras,1.4.3,-,-,?,-,false,-
com.samskivert.scaled,mac-open-files,1.0.2,-,-,?,-,false,com.apple.eawt.AppEvent                  Use java.awt.Desktop and JEP 272 @since 9 + com.apple.eawt.AppEvent$OpenFilesEvent   Use java.awt.Desktop and JEP 272 @since 9 + com.apple.eawt.Application               Use java.awt.Desktop and JEP 272 @since 9 + com.apple.eawt.OpenFilesHandler          Use java.awt.Desktop and JEP 272 @since 9
com.springernature,bandiera-client-scala_2.11,0.1.2,-,-,?,-,false,-
com.springernature,bandiera-client-scala_2.12,0.1.2,-,-,?,-,false,-
com.stitchdata,java-stitch-client,0.5.5,-,-,?,-,false,-
com.veracode.annotations,VeracodeAnnotations,1.0.4,-,-,?,-,false,-
com.veracode.annotation,VeracodeAnnotations,1.2.1,-,-,?,-,false,-
com.veracode.vosp.api.wrappers,vosp-api-wrappers-java,18.6.5.3,-,-,?,-,false,-
