groupId,artifactId,version,moduleName,moduleVersion,moduleMode,moduleDependencies,jdepsToolError,jdepsViolations
ch.sharedvd.jaxb-plugins,xjc-non-null-getter,1.0.0,-,-,?,-,false,-
com.cinchapi,accent4j,1.0.0,-,-,?,-,false,sun.misc.Unsafe                          See http://openjdk.java.net/jeps/260
com.github.a14e,collz_2.11,0.2.2,-,-,?,-,false,-
com.github.a14e,collz_2.12,0.2.2,-,-,?,-,false,-
com.github.a14e,mongoless_2.12,0.3.00,-,-,?,-,false,-
com.github.a14e,mycommons_2.12,0.2.05,-,-,?,-,false,-
com.github.adminfaces,admin-persistence,1.0.0,-,-,?,-,false,-
com.github.adminfaces,admin-template,1.0.0-RC18,-,-,?,-,false,-
com.github.adminfaces,admin-theme,1.0.0-RC18,-,-,?,-,false,-
com.github.akarnokd,async-enumerable,0.6.0,-,-,?,-,false,-
com.github.akarnokd,ixjava,1.0.0,-,-,?,-,false,-
com.github.akarnokd,reactive4java,0.98.1,-,-,?,-,false,-
com.github.akarnokd,reactive4javaflow,0.1.5,-,-,?,-,false,-
com.github.akarnokd,reactive-streams-extensions,0.2.0,-,-,?,-,false,-
com.github.akarnokd,reactive-streams-extensions-examples,0.2.0,-,-,?,-,false,-
com.github.akarnokd,reactive-streams-extensions-tck,0.2.0,-,-,?,-,false,-
com.github.akarnokd,reactive-streams-extensions-tools,0.2.0,-,-,?,-,false,-
com.github.akarnokd,rxjava2-extensions,0.20.0,-,-,?,-,false,-
com.github.akarnokd,rxjava2-interop,0.13.0,-,-,?,-,false,-
com.github.akarnokd,rxjava2-jdk8-interop,0.3.0,-,-,?,-,false,-
com.github.akarnokd,rxjava2-jdk9-interop,0.2.0,com.github.akarnokd.rxjava2jdk9interop,-,automatic,-,false,-
com.github.akarnokd,rxjava2-swing,0.3.0,-,-,?,-,false,-
com.github.akarnokd,rxjava3-common,0.2.0,-,-,?,-,false,-
com.github.akarnokd,rxjava3-flowable,0.2.0,-,-,?,-,false,-
com.github.akarnokd,rxjava3-interop,0.2.0,-,-,?,-,false,-
com.github.akarnokd,rxjava3-observable,0.2.0,-,-,?,-,false,-
com.github.akarnokd.rxjava3,rxjava3-common,0.1.0,-,-,?,-,false,-
com.github.akarnokd.rxjava3,rxjava3-flowable,0.1.0,-,-,?,-,false,-
com.github.akarnokd.rxjava3,rxjava3-interop,0.1.0,-,-,?,-,false,-
com.github.akarnokd.rxjava3,rxjava3-observable,0.1.0,-,-,?,-,false,-
com.github.aknuth,TomcatStarter,8.0.43.0,-,-,?,-,false,-
com.github.albocoder,jnotify,1.0.2,-,-,?,-,false,-
com.github.ankitgupta210790,hash,1.1,-,-,?,-,false,-
com.github.arturopala,scala-xml-security_2.12,1.2.0,-,-,?,-,false,-
com.github.bakenezumi,grpc-cli-core_2.12,0.1.0,-,-,?,-,false,-
com.github.bthink-bgu,BPjs,0.9.2,-,-,?,-,false,-
com.github.buckelieg,db-fn,0.3.3,-,-,?,-,false,-
com.github.buckelieg,db-tools,1.0.5,-,-,?,-,false,-
com.github.bufferings,thymeleaf-extras-nl2br,1.0.2,-,-,?,-,false,-
com.github.camel-tooling,camel-lsp-server,1.0.0,-,-,?,-,false,-
com.github.camel-tooling,camel-tooling-common,0.0.2,-,-,?,-,false,-
com.github.carlosmenezes,mockafka,0.1.2,-,-,?,-,false,-
com.github.casperjs,casperjs-runner-maven-plugin,1.0.6,-,-,?,-,false,-
com.github.cheergoivan,totp-authenticator,1.0,-,-,?,-,false,-
com.github.cheergoivan,totp-authenticator-spring-boot-autoconfigure,1.0,-,-,?,-,false,-
com.github.cheergoivan,totp-authenticator-spring-boot-starter,1.0,-,-,?,-,false,-
com.github.chenjunlong,java-prometheus-starter,1.1,-,-,?,-,false,-
com.github.chenjunlong,java-ratelimit-client,1.1,-,-,?,-,false,-
com.github.chhh,javolution-core-java-msftbx,6.11.8,-,-,?,-,false,-
com.github.chhh,msftbx,1.8.2,-,-,?,-,false,-
com.github.chungkwong,jprologmin,1.0,-,-,?,-,false,-
com.github.chungkwong,jschememin,1.0,-,-,?,-,false,-
com.github.chungkwong,text-classifier-collection,0.1,-,-,?,-,false,-
com.github.czyzby,gdx-autumn,1.9.1.9.6,-,-,?,-,false,-
com.github.czyzby,gdx-autumn-android,1.9.1.9.6,-,-,?,-,false,-
com.github.czyzby,gdx-autumn-fcs,1.9.1.9.6,-,-,?,-,false,-
com.github.czyzby,gdx-autumn-gwt,1.9.1.9.6,-,-,?,-,false,-
com.github.czyzby,gdx-autumn-jtransc,1.9.1.9.6,-,-,?,-,false,-
com.github.czyzby,gdx-autumn-mvc,1.9.1.9.6,-,-,?,-,false,-
com.github.czyzby,gdx-kiwi,1.9.1.9.6,-,-,?,-,false,-
com.github.czyzby,gdx-lml,1.9.1.9.6,-,-,?,-,false,-
com.github.czyzby,gdx-lml-vis,1.9.1.9.6,-,-,?,-,false,-
com.github.czyzby,gdx-lu,1.9.1.9.6,-,-,?,-,false,-
com.github.czyzby,gdx-uedi,1.9.1.9.6,-,-,?,-,false,-
com.github.czyzby,gdx-websocket,1.9.1.9.6,-,-,?,-,false,-
com.github.czyzby,gdx-websocket-common,1.9.1.9.6,-,-,?,-,false,-
com.github.czyzby,gdx-websocket-gwt,1.9.1.9.6,-,-,?,-,false,-
com.github.czyzby,gdx-websocket-serialization,1.9.1.9.6,-,-,?,-,false,-
com.github.czyzby,ktx-actors,1.9.6-b1,-,-,?,-,false,-
com.github.czyzby,ktx-app,1.9.6-b1,-,-,?,-,false,-
com.github.czyzby,ktx-assets,1.9.6-b1,-,-,?,-,false,-
com.github.czyzby,ktx-collections,1.9.6-b1,-,-,?,-,false,-
com.github.czyzby,ktx-i18n,1.9.6-b1,-,-,?,-,false,-
com.github.czyzby,ktx-inject,1.9.6-b1,-,-,?,-,false,-
com.github.czyzby,ktx-log,1.9.6-b1,-,-,?,-,false,-
com.github.czyzby,ktx-math,1.9.6-b1,-,-,?,-,false,-
com.github.czyzby,ktx-scene2d,1.9.6-b1,-,-,?,-,false,-
com.github.czyzby,ktx-style,1.9.6-b1,-,-,?,-,false,-
com.github.czyzby,ktx-vis,1.9.6-b1,-,-,?,-,false,-
com.github.czyzby,ktx-vis-style,1.9.6-b1,-,-,?,-,false,-
com.github.darrachequesne,spring-data-jpa-datatables,5.0.0,-,-,?,-,false,-
com.github.darrachequesne,spring-data-mongodb-datatables,1.0.0,-,-,?,-,false,-
com.github.daveo5887,test_fixtures,1.0.0,-,-,?,-,false,-
com.github.davidepastore,jbugmenot,0.2.1,-,-,?,-,false,-
com.github.davidepastore,liferay-journal-article-converter,7.0.0,-,-,?,-,false,-
com.github.dchanhk2017,jxbv,1.0.1,-,-,?,-,false,-
com.github.ddewaele,springboot.crud.sample,0.0.10,-,-,?,-,false,-
com.github.dmn1k,super-csv-declarative,4.0.0,-,-,?,-,false,-
com.github.downgoon,big-sequence-file,0.1.0,-,-,?,-,false,-
com.github.downgoon,jresty-commons,0.0.1,-,-,?,-,false,-
com.github.downgoon,jresty-data-cache,0.0.1,-,-,?,-,false,-
com.github.downgoon,jresty-data-http,0.0.1,-,-,?,-,false,-
com.github.downgoon,jresty-data-orm,0.0.1,-,-,?,-,false,-
com.github.downgoon,jresty-rest,0.0.1,-,-,?,-,false,-
com.github.downgoon,jresty-security,0.0.1,-,-,?,-,false,-
com.github.downgoon,MarvinFramework,1.5.5,-,-,?,-,false,-
com.github.downgoon,MarvinPlugins,1.5.5,-,-,?,-,false,-
com.github.downgoon,MarvinSamples,1.5.5,-,-,?,-,false,-
com.github.dramer,Bichromate,3.7,-,-,?,-,false,-
com.github.dreamhead,moco-core,0.12.0,-,-,?,-,false,-
com.github.dreamhead,moco-junit,0.12.0,-,-,?,-,false,-
com.github.dreamhead,moco-runner,0.12.0,-,-,?,-,false,-
com.github.emanresusername.js.facade,filesaver_sjs0.6_2.12,0.0.1,-,-,?,-,false,-
com.github.emanresusername.js.facade,stemmer_sjs0.6_2.12,0.0.1,-,-,?,-,false,-
com.github.emanresusername.js.facade,stopwords_sjs0.6_2.12,0.0.1,-,-,?,-,false,-
com.github.emanresusername.js,nodesaver_sjs0.6_2.12,0.0.1,-,-,?,-,false,-
com.github.evansiroky,maven-semantic-release-example,3.0.3,-,-,?,-,false,-
com.github.fdietze,pharg_2.10,0.1.1,-,-,?,-,false,-
com.github.fdietze,pharg_2.11,0.1.1,-,-,?,-,false,-
com.github.fdietze,pharg_2.12,0.1.1,-,-,?,-,false,-
com.github.fdietze,pharg_sjs0.6_2.10,0.1.1,-,-,?,-,false,-
com.github.fdietze,pharg_sjs0.6_2.11,0.1.1,-,-,?,-,false,-
com.github.fdietze,pharg_sjs0.6_2.12,0.1.1,-,-,?,-,false,-
com.github.fdietze,scalajs-react-custom-component_sjs0.6_2.11,0.2.0,-,-,?,-,false,-
com.github.fdietze,scalajs-react-custom-component_sjs0.6_2.12,0.2.0,-,-,?,-,false,-
com.github.fdietze,vectory_2.10,0.1.0,-,-,?,-,false,-
com.github.fdietze,vectory_2.11,0.1.0,-,-,?,-,false,-
com.github.fdietze,vectory_2.12,0.1.0,-,-,?,-,false,-
com.github.fdietze,vectory_sjs0.6_2.10,0.1.0,-,-,?,-,false,-
com.github.fdietze,vectory_sjs0.6_2.11,0.1.0,-,-,?,-,false,-
com.github.fdietze,vectory_sjs0.6_2.12,0.1.0,-,-,?,-,false,-
com.github.fgiannesini.libsass.gradle.plugin,libsass-gradle-plugin,1.4,-,-,?,-,false,-
com.github.filosganga,geogson-core,1.4.2,-,-,?,-,false,-
com.github.filosganga,geogson-jts,1.4.2,-,-,?,-,false,-
com.github.guru107,flinkjobupload-maven-plugin,1.1,-,-,?,-,false,-
com.github.hupi-analytics,datascience_2.10,1.6.0,-,-,?,-,false,-
com.github.hushengte,disciples-feed,1.0.9,-,-,?,-,false,-
com.github.hushengte,disciples-iam,1.0.6,-,-,?,-,false,-
com.github.ibole,infrastructure-all,1.10.0,-,-,?,-,false,sun.misc.BASE64Decoder                   Use java.util.Base64 @since 1.8 + sun.misc.BASE64Encoder                   Use java.util.Base64 @since 1.8
com.github.ibole,infrastructure-cache,1.10.0,-,-,?,-,false,-
com.github.ibole,infrastructure-common,1.10.0,-,-,?,-,false,-
com.github.ibole,infrastructure-security,1.10.0,-,-,?,-,false,sun.misc.BASE64Decoder                   Use java.util.Base64 @since 1.8 + sun.misc.BASE64Encoder                   Use java.util.Base64 @since 1.8
com.github.ibole,infrastructure-support,1.10.0,-,-,?,-,false,-
com.github.ibole,infrastructure-web,1.10.0,-,-,?,-,false,-
com.github.ibole,microservice-all,1.0.6,-,-,?,-,false,-
com.github.ibole,microservice-common,1.0.6,-,-,?,-,false,-
com.github.ibole,microservice-config,1.0.6,-,-,?,-,false,-
com.github.ibole,microservice-container,1.0.6,-,-,?,-,false,-
com.github.ibole,microservice-metrics,1.0.6,-,-,?,-,false,-
com.github.ibole,microservice-remoting,1.0.6,-,-,?,-,false,-
com.github.ibole,microservice-rpc,1.0.6,-,-,?,-,false,-
com.github.izeigerman,akkeeper_2.11,0.2.0,-,-,?,-,false,-
com.github.izeigerman,akkeeper_2.12,0.2.0,-,-,?,-,false,-
com.github.izeigerman,parsecat-core_2.11,0.2.0,-,-,?,-,false,-
com.github.izeigerman,parsecat-core_2.12,0.2.0,-,-,?,-,false,-
com.github.izeigerman,parsecat-json_2.11,0.2.0,-,-,?,-,false,-
com.github.izeigerman,parsecat-json_2.12,0.2.0,-,-,?,-,false,-
com.github.jasoma,neo4j-memorydb,3.1.1,-,-,?,-,false,-
com.github.javalbert,faster-than-reflection,1.0.0,-,-,?,-,false,-
com.github.javen205,IJPay,1.1.6,-,-,?,-,false,-
com.github.joelittlejohn.embedmongo,embedmongo-maven-plugin,0.4.0,-,-,?,-,false,-
com.github.juliangamble,commit-level-coverage-report,1.0.2,-,-,?,-,false,-
com.github.justinclagg,robotframework-pdflibrary,0.0.1,-,-,?,-,false,-
com.github.jvican,xmlrpc_2.11,1.2,-,-,?,-,false,-
com.github.jvican,xmlrpc_2.12,1.2.1,-,-,?,-,false,-
com.github.kasecato,webauthn-server-core,0.0.1,-,-,?,-,false,-
com.github.keehyun2,bowl,0.1.4,-,-,?,-,false,-
com.github.kristiankime,functional-collections,0.0.15,-,-,?,-,false,-
com.github.kristiankime,jackson-datatype-functional-collections,0.0.13-1,-,-,?,-,false,-
com.github.leonardo-couto,nodejs-installer-plugin,7.5.0,-,-,?,-,false,-
com.github.lord-of-code,loc-framework-autoconfigure,0.1.1.RELEASE,-,-,?,-,false,-
com.github.lord-of-code,loc-framework-logback-starter,0.1.1.RELEASE,-,-,?,-,false,-
com.github.lord-of-code,loc-framework-shutdown-starter,0.1.1.RELEASE,-,-,?,-,false,-
com.github.lord-of-code,loc-framework-springmvc-starter,0.1.1.RELEASE,-,-,?,-,false,-
com.github.loverto,log4jdbc-aop,1.0.0,-,-,?,-,false,-
com.github.lucapino,confluence-maven-plugin,2.0.0,-,-,?,-,false,-
com.github.lucapino,jira-maven-plugin,2.0.2,-,-,?,-,false,com.sun.net.ssl.internal.ssl.Provider    Use java.security.Security.getProvider(provider-name) @since 1.3
com.github.lucapino,versions-list-maven-plugin,2.0.0,-,-,?,-,false,-
com.github.lxr1827991,appsession,1.0,-,-,?,-,false,-
com.github.marcobjorge.anytime,anytime-core,0.3,-,-,?,-,false,-
com.github.marcobjorge,anytime-core,0.1,-,-,?,-,false,-
com.github.masonm,wiremock-jwt-extension,0.3,-,-,?,-,false,-
com.github.masonm,wiremock-snapshot,0.3a,-,-,?,-,false,-
com.github.masonm,wiremock-stub-mapping-tracker,0.1,-,-,?,-,false,-
com.github.masonm,wiremock-unused-stubs-extension,0.2,-,-,?,-,false,-
com.github.masonm.wiremock,wiremock-unused-stubs-extension,0.1a,-,-,?,-,false,-
com.github.mavogel,ilias-client,1.3.0,-,-,?,-,false,com.sun.net.ssl.KeyManager               Use javax.net.ssl @since 1.4 + com.sun.net.ssl.KeyManagerFactory        Use javax.net.ssl @since 1.4 + com.sun.net.ssl.SSLContext               Use javax.net.ssl @since 1.4 + com.sun.net.ssl.TrustManager             Use javax.net.ssl @since 1.4 + com.sun.net.ssl.TrustManagerFactory      Use javax.net.ssl @since 1.4 + com.sun.net.ssl.X509TrustManager         Use javax.net.ssl @since 1.4 + com.sun.net.ssl.internal.ssl.Provider    Use java.security.Security.getProvider(provider-name) @since 1.3 + sun.awt.image.codec.JPEGImageEncoderImpl Use javax.imageio @since 1.4 + sun.security.provider.Sun                Use java.security.Security.getProvider(provider-name) @since 1.3
com.github.mavogel,ilias-client-lib,1.0.1,-,-,?,-,false,-
com.github.migger,minio-maven-wagon,1.1,-,-,?,-,false,-
com.github.mitallast,scala-nsq_2.11,1.11,-,-,?,-,false,-
com.github.mitallast,scala-nsq_2.12,1.12,-,-,?,-,false,-
com.github.mjreid,flink-wrapper_2.11,0.0.2,-,-,?,-,false,-
com.github.monarch-initiative,hpotextmining-core,0.2.1,-,-,?,-,false,-
com.github.monarch-initiative,hpotextmining-demo,0.2.1,-,-,?,-,false,-
com.github.mortonl,pojounit,0.4.0,-,-,?,-,false,-
com.github.mottox,bean-utils,1.1.0,-,-,?,-,false,-
com.github.mwiede,metrics-feign,2.0,-,-,?,-,false,-
com.github.myoss.checkstyle,code-format-checkstyle,1.0.1.RELEASE,-,-,?,-,false,-
com.github.myoss.checkstyle,code-format-eclipse,1.0.1.RELEASE,-,-,?,-,false,-
com.github.myoss.eclipse,eclipse-code-formatter,18.0.132.637.0-Eclipse_4.7.3a,-,-,?,-,false,-
com.github.myoss.maven.plugins,archetypes-maven-plugin,1.0.4.RELEASE,-,-,?,-,false,-
com.github.myoss,phoenix-core,1.1.5.RELEASE,-,-,?,-,false,-
com.github.myoss,phoenix-mybatis,1.1.2.RELEASE,-,-,?,-,false,-
com.github.myoss,phoenix-mybatis-generator,1.0.7.RELEASE,-,-,?,-,false,-
com.github.ncredinburgh,secure-tomcat-datasourcefactory,0.2,-,-,?,-,false,-
com.github.ncredinburgh,tomcat-external-propertysource,1.2,-,-,?,-,false,-
com.github.njlg,playdb_2.11,0.1,-,-,?,-,false,-
com.github.nruzic.commons.assemblies,nruzic-commons-assemblies,1.0.0,-,-,?,-,false,-
com.github.nruzic.commons.conventions,nruzic-commons-conventions,1.0.0,-,-,?,-,false,-
com.github.os72,protobuf-dynamic,0.9.4,-,-,?,-,false,-
com.github.os72,protobuf-java-shaded-351,0.9,-,-,?,-,false,sun.misc.Unsafe                          See http://openjdk.java.net/jeps/260
com.github.os72,protobuf-java-shaded-360,0.9,-,-,?,-,false,sun.misc.Unsafe                          See http://openjdk.java.net/jeps/260
com.github.os72,protobuf-java-util-shaded-351,0.9,-,-,?,-,false,-
com.github.os72,protobuf-java-util-shaded-360,0.9,-,-,?,-,false,-
com.github.os72,protoc-jar,3.6.0,-,-,?,-,false,-
com.github.os72,protoc-jar-maven-plugin,3.6.0.1,-,-,?,-,false,-
com.github.outerman.be,business-engine-core,1.0.8,-,-,?,-,false,-
com.github.outerman,event-center-consumer,0.1.1,-,-,?,-,false,-
com.github.outerman,event-center-interface,0.1.1,-,-,?,-,false,-
com.github.outerman,event-center-service,0.1.1,-,-,?,-,false,-
com.github.pjfanning,xmlbeans,2.7.0-beta1,-,-,?,-,false,-
com.github.pocketberserker,akka-http-zero-formatter_2.11,0.7.0,-,-,?,-,false,-
com.github.pocketberserker,akka-http-zero-formatter_2.12,0.7.0,-,-,?,-,false,-
com.github.pocketberserker,dog_2.10,0.8.0,-,-,?,-,false,-
com.github.pocketberserker,dog_2.11,0.8.0,-,-,?,-,false,-
com.github.pocketberserker,dog_2.12,0.8.0,-,-,?,-,false,-
com.github.pocketberserker,dog-core_2.10,0.8.0,-,-,?,-,false,-
com.github.pocketberserker,dog-core_2.11,0.8.0,-,-,?,-,false,-
com.github.pocketberserker,dog-core_2.12,0.8.0,-,-,?,-,false,-
com.github.pocketberserker,dog-core_sjs0.6_2.10,0.8.0,-,-,?,-,false,-
com.github.pocketberserker,dog-core_sjs0.6_2.11,0.8.0,-,-,?,-,false,-
com.github.pocketberserker,dog-core_sjs0.6_2.12,0.8.0,-,-,?,-,false,-
com.github.pocketberserker,dog-gen_2.10,0.8.0,-,-,?,-,false,-
com.github.pocketberserker,dog-gen_2.11,0.8.0,-,-,?,-,false,-
com.github.pocketberserker,dog-gen_2.12,0.8.0,-,-,?,-,false,-
com.github.pocketberserker,dog-gen_sjs0.6_2.10,0.8.0,-,-,?,-,false,-
com.github.pocketberserker,dog-gen_sjs0.6_2.11,0.8.0,-,-,?,-,false,-
com.github.pocketberserker,dog-gen_sjs0.6_2.12,0.8.0,-,-,?,-,false,-
com.github.pocketberserker,dog-props_2.10,0.8.0,-,-,?,-,false,-
com.github.pocketberserker,dog-props_2.11,0.8.0,-,-,?,-,false,-
com.github.pocketberserker,dog-props_2.12,0.8.0,-,-,?,-,false,-
com.github.pocketberserker,dog-props_sjs0.6_2.10,0.8.0,-,-,?,-,false,-
com.github.pocketberserker,dog-props_sjs0.6_2.11,0.8.0,-,-,?,-,false,-
com.github.pocketberserker,dog-props_sjs0.6_2.12,0.8.0,-,-,?,-,false,-
com.github.pocketberserker,dog_sjs0.6_2.10,0.8.0,-,-,?,-,false,-
com.github.pocketberserker,dog_sjs0.6_2.11,0.8.0,-,-,?,-,false,-
com.github.pocketberserker,dog_sjs0.6_2.12,0.8.0,-,-,?,-,false,-
com.github.pocketberserker,zero-formatter_2.11,0.7.0,-,-,?,-,false,-
com.github.pocketberserker,zero-formatter_2.12,0.7.0,-,-,?,-,false,-
com.github.pocketberserker,zero-formatter-cats-core_2.11,0.7.0,-,-,?,-,false,-
com.github.pocketberserker,zero-formatter-cats-core_2.12,0.7.0,-,-,?,-,false,-
com.github.pocketberserker,zero-formatter-cats-core_sjs0.6_2.11,0.7.0,-,-,?,-,false,-
com.github.pocketberserker,zero-formatter-cats-core_sjs0.6_2.12,0.7.0,-,-,?,-,false,-
com.github.pocketberserker,zero-formatter-core_2.11,0.5.0,-,-,?,-,false,-
com.github.pocketberserker,zero-formatter-core_2.12,0.5.0,-,-,?,-,false,-
com.github.pocketberserker,zero-formatter-core_sjs0.6_2.11,0.5.0,-,-,?,-,false,-
com.github.pocketberserker,zero-formatter-core_sjs0.6_2.12,0.5.0,-,-,?,-,false,-
com.github.pocketberserker,zero-formatter-lz4_2.11,0.7.0,-,-,?,-,false,-
com.github.pocketberserker,zero-formatter-lz4_2.12,0.7.0,-,-,?,-,false,-
com.github.pocketberserker,zero-formatter-macros_2.11,0.5.0,-,-,?,-,false,-
com.github.pocketberserker,zero-formatter-macros_2.12,0.5.0,-,-,?,-,false,-
com.github.pocketberserker,zero-formatter-macros_sjs0.6_2.11,0.5.0,-,-,?,-,false,-
com.github.pocketberserker,zero-formatter-macros_sjs0.6_2.12,0.5.0,-,-,?,-,false,-
com.github.pocketberserker,zero-formatter-scalaz_2.11,0.7.0,-,-,?,-,false,-
com.github.pocketberserker,zero-formatter-scalaz_2.12,0.7.0,-,-,?,-,false,-
com.github.pocketberserker,zero-formatter-scalaz_sjs0.6_2.11,0.7.0,-,-,?,-,false,-
com.github.pocketberserker,zero-formatter-scalaz_sjs0.6_2.12,0.7.0,-,-,?,-,false,-
com.github.pocketberserker,zero-formatter_sjs0.6_2.11,0.7.0,-,-,?,-,false,-
com.github.pocketberserker,zero-formatter_sjs0.6_2.12,0.7.0,-,-,?,-,false,-
com.github.pocketberserker,zero-formatter-unsafe_2.11,0.7.0,-,-,?,-,false,sun.misc.Unsafe                          See http://openjdk.java.net/jeps/260
com.github.pocketberserker,zero-formatter-unsafe_2.12,0.7.0,-,-,?,-,false,sun.misc.Unsafe                          See http://openjdk.java.net/jeps/260
com.github.pocketberserker,zero-formatter-zstd_2.11,0.7.0,-,-,?,-,false,-
com.github.pocketberserker,zero-formatter-zstd_2.12,0.7.0,-,-,?,-,false,-
com.github.prasanthj,hyperloglog,1.1,-,-,?,-,false,-
com.github.putpixel,liquibase-unwrap-all-maven-plugin,1.4,-,-,?,-,false,-
com.github.qacore,java-testing-toolbox,1.4.1.1,-,-,?,-,false,-
com.github.qacore,selenium-testing-toolbox,1.0.1,-,-,?,-,false,-
com.github.raphcal,argument-parser,1.2,-,-,?,-,false,-
com.github.rinoto.mongo,migramongo-core,0.9,-,-,?,-,false,-
com.github.rinoto.mongo,migramongo-reflections,0.9,-,-,?,-,false,-
com.github.rinoto.mongo,migramongo-spring,0.9,-,-,?,-,false,-
com.github.rinoto.mongo,migramongo-spring-web,0.9,-,-,?,-,false,-
com.github.sdorra,buildfrontend-maven-plugin,2.0.1,-,-,?,-,false,-
com.github.sdorra,nativepkg-maven-plugin,1.1.4,-,-,?,-,false,-
com.github.sdorra,shiro-unit,1.0.1,-,-,?,-,false,-
com.github.sdorra,spotter-core,1.1.0,-,-,?,-,false,-
com.github.sdorra,spotter-maven-plugin,1.1.0,-,-,?,-,false,-
com.github.shafiquejamal,access-api_2.11,0.0.34,-,-,?,-,false,-
com.github.shafiquejamal,access-api_2.12,0.0.34,-,-,?,-,false,-
com.github.shafiquejamal,actorreaper_2.11,0.0.1,-,-,?,-,false,-
com.github.shafiquejamal,gis-util_2.11,0.0.16,-,-,?,-,false,-
com.github.shafiquejamal,richstat_2.11,0.0.7,-,-,?,-,false,-
com.github.shafiquejamal,simple-websocket-authenticator_2.11,0.0.19,-,-,?,-,false,-
com.github.shafiquejamal,simple-websocket-authenticator_2.12,0.0.19,-,-,?,-,false,-
com.github.shafiquejamal,utils_2.11,0.0.6,-,-,?,-,false,-
com.github.shafiquejamal,utils_2.12,0.0.6,-,-,?,-,false,-
com.github.shafiquejamal,utils-test_2.11,0.0.6,-,-,?,-,false,-
com.github.shafiquejamal,utils-test_2.12,0.0.6,-,-,?,-,false,-
com.github.shuvigoss.zconf,zconf-core,1.0,-,-,?,-,false,-
com.github.snowindy,scriptlet4docx,0.8.6,-,-,?,-,false,-
com.github.spring-social,spring-social-google,1.1.3,-,-,?,-,false,-
com.github.srang,data-factory,1.0.1,-,-,?,-,false,-
com.github.stonelion,promise,1.3,-,-,?,-,false,-
com.github.strengthened,prometheus-healthchecks,0.9.0,-,-,?,-,false,-
com.github.tdomzal,junit-docker-rule,0.4.1,-,-,?,-,false,-
com.github.thanglequoc,aqi-calculator,1.2.3,-,-,?,-,false,-
com.github.tnessn,couscous-common,0.0.1,-,-,?,-,false,-
com.github.tnessn,couscous-ice,0.0.30,-,-,?,-,false,-
com.github.tnessn,couscous-lang,0.0.30,-,-,?,-,false,-
com.github.tnessn,couscous-spring,0.0.30,-,-,?,-,false,-
com.github.tntim96,JSCover,2.0.6,-,-,?,-,false,-
com.github.tntim96,jscover-common-maven-plugin,2.0.5,-,-,?,-,false,-
com.github.tntim96,jscover-file-maven-plugin,2.0.5,-,-,?,-,false,-
com.github.tntim96,jscover-report-maven-plugin,2.0.5,-,-,?,-,false,-
com.github.tntim96,jscover-server-maven-plugin,2.0.5,-,-,?,-,false,-
com.github.trustbox,logmap,1.6.0,-,-,?,-,false,-
com.github.valfirst,jbehave-junit-runner,2.2.0,-,-,?,-,false,-
com.github.valfirst,slf4j-test,2.1.0,-,-,?,-,false,-
com.github.virtuald,curvesapi,1.06,-,-,?,-,false,-
com.github.w1tebear,jcmdline,2.0.1,-,-,?,-,false,-
com.github.w4p,spring-telegram,0.9.1,-,-,?,-,false,-
com.github.w4p,w4parser,1.0.1,-,-,?,-,false,-
com.github.wookietreiber,scala-cli-tools_2.10,0.3.1,-,-,?,-,false,-
com.github.wookietreiber,scala-cli-tools_2.11,0.3.1,-,-,?,-,false,-
com.github.wookietreiber,scala-cli-tools_2.12,0.3.1,-,-,?,-,false,-
com.github.wookietreiber,scala-cli-tools_native0.3_2.11,0.3.1,-,-,?,-,false,-
com.github.wookietreiber,scala-cli-tools_sjs0.6_2.10,0.1.0,-,-,?,-,false,-
com.github.wookietreiber,scala-cli-tools_sjs0.6_2.11,0.1.0,-,-,?,-,false,-
com.github.wookietreiber,scala-cli-tools_sjs0.6_2.12,0.1.0,-,-,?,-,false,-
com.github.wookietreiber,scala-xdg-basedir_2.10,0.1.0,-,-,?,-,false,-
com.github.wookietreiber,scala-xdg-basedir_2.11,0.1.0,-,-,?,-,false,-
com.github.wookietreiber,scala-xdg-basedir_2.12,0.1.0,-,-,?,-,false,-
com.github.wookietreiber,scala-xdg-basedir_native0.3_2.11,0.1.0,-,-,?,-,false,-
com.github.wookietreiber,scala-xdg-basedir_sjs0.6_2.10,0.1.0,-,-,?,-,false,-
com.github.wookietreiber,scala-xdg-basedir_sjs0.6_2.11,0.1.0,-,-,?,-,false,-
com.github.wookietreiber,scala-xdg-basedir_sjs0.6_2.12,0.1.0,-,-,?,-,false,-
com.github.workingDog,cesiumscala_sjs0.6_2.11,1.6,-,-,?,-,false,-
com.github.workingDog,kmltogeojson_2.12,1.1,-,-,?,-,false,-
com.github.workingDog,scalaczml_2.11,0.5,-,-,?,-,false,-
com.github.workingDog,scaladatepicker_sjs0.6_2.12,1.2,-,-,?,-,false,-
com.github.workingDog,scalakml_2.11,1.3,-,-,?,-,false,-
com.github.workingDog,scalakml_2.12,1.4,-,-,?,-,false,-
com.github.workingDog,scalams_sjs0.6_2.11,1.3.0,-,-,?,-,false,-
com.github.workingDog,scalaspl_2.12,1.1,-,-,?,-,false,-
com.github.workingDog,scalastix_2.11,0.1,-,-,?,-,false,-
com.github.workingDog,scalastix_2.12,0.7,-,-,?,-,false,-
com.github.workingDog,scalastix_sjs0.6_2.12,0.5,-,-,?,-,false,-
com.github.workingDog,scalaxal_2.11,1.1,-,-,?,-,false,-
com.github.workingDog,scalaxal_2.12,1.2,-,-,?,-,false,-
com.github.workingDog,stixtoneolib_2.12,0.3,-,-,?,-,false,-
com.github.workingDog,taxii2lib_2.12,0.3,-,-,?,-,false,-
com.github.yishenggudou,com.github.yishenggudou.test,0.0.3,-,-,?,-,false,-
com.github.yishenggudou,jython-compile-maven-plugin,1.4,-,-,?,-,false,-
com.github.yishenggudou,mavenjython,0.0.5,-,-,?,-,false,-
com.github.yordan-desta,j-diff,1.0.0,-,-,?,-,false,-
com.github.youyouxi,flybiner-boot-config,1.0.5,-,-,?,-,false,-
com.github.youyouxi,flybiner-boot-util,1.0.8,-,-,?,-,false,-
com.github.zavalit,akka-persistence-kafka,1.0.0,-,-,?,-,false,-
net.alantea,glide,0.2.4,-,-,?,-,false,-
net.alantea,storex,0.4.1,-,-,?,-,false,-
org.jusecase,builders-generator,0.6.0,-,-,?,-,false,-
