groupId,artifactId,version,moduleName,moduleVersion,moduleMode,moduleDependencies,jdepsToolError,jdepsViolations
ch.epfl.lamp,dotty_0.10,0.10.0-bin-20180820-05e27f3-NIGHTLY,-,-,?,-,false,-
ch.epfl.lamp,dotty-compiler_0.10,0.10.0-bin-20180820-05e27f3-NIGHTLY,-,-,?,-,false,-
ch.epfl.lamp,dotty-doc_0.10,0.10.0-bin-20180820-05e27f3-NIGHTLY,-,-,?,-,false,-
ch.epfl.lamp,dotty-interfaces,0.10.0-bin-20180820-05e27f3-NIGHTLY,-,-,?,-,false,-
ch.epfl.lamp,dotty-language-server_0.10,0.10.0-bin-20180820-05e27f3-NIGHTLY,-,-,?,-,false,-
ch.epfl.lamp,dotty-library_0.10,0.10.0-bin-20180820-05e27f3-NIGHTLY,-,-,?,-,false,sun.misc.Unsafe                          See http://openjdk.java.net/jeps/260
ch.epfl.lamp,scala-compiler,0.10.0-bin-20180820-05e27f3-NIGHTLY,-,-,?,-,false,-
ch.epfl.lamp,scala-library,0.10.0-bin-20180820-05e27f3-NIGHTLY,-,-,?,-,false,-
ch.epfl.lamp,scalap,0.10.0-bin-20180820-05e27f3-NIGHTLY,-,-,?,-,false,-
ch.epfl.lamp,scala-reflect,0.10.0-bin-20180820-05e27f3-NIGHTLY,-,-,?,-,false,-
cn.antcore,AntKafka,0.0.1-RELEASE,-,-,?,-,false,-
cn.ibaijia,jsm-frame,1.3.2,-,-,?,-,false,-
cn.virens,virens-util,1.2.3,-,-,?,-,false,-
com.github.tianjing,tgtools.excel,1.0.3,-,-,?,-,false,-
com.google.apis,google-api-services-androidmanagement,v1-rev50-1.24.1,-,-,?,-,false,-
com.google.apis,google-api-services-texttospeech,v1-rev5-1.24.1,-,-,?,-,false,-
com.google.apis,google-api-services-vision,v1-rev391-1.24.1,-,-,?,-,false,-
com.jdcloud.sdk,disk,0.7.1,-,-,?,-,false,-
com.jdcloud.sdk,nc,0.2.3,-,-,?,-,false,-
com.jdcloud.sdk,rds,0.2.8,-,-,?,-,false,-
com.jdcloud.sdk,vm,1.0.3,-,-,?,-,false,-
com.jdcloud.sdk,vpc,0.4.1,-,-,?,-,false,-
io.gitee.zhousiwei,fastjson-spring-boot-starter,10.10.10.RELEASE,-,-,?,-,false,-
uk.org.okapibarcode,okapibarcode,0.1.8,-,-,?,-,false,-
