groupId,artifactId,version,moduleName,moduleVersion,moduleMode,moduleDependencies,jdepsToolError,jdepsViolations
am.ik.yavi,yavi,0.0.3,-,-,?,-,false,-
cd.go.plugin,go-plugin-api-experimental,18.8.0-7302,-,-,?,-,false,-
com.aliyun,aliyun-java-sdk-dataworks,3.0.1,-,-,?,-,false,-
com.aliyun,aliyun-java-sdk-ons,2.1.1,-,-,?,-,false,-
com.gitee.qdbp,qdbp-able,2.2.0,-,-,?,-,false,-
com.gitee.qdbp,qdbp-base-api,3.2.0,-,-,?,-,false,-
com.gitee.qdbp,qdbp-base-biz,3.2.0,-,-,?,-,false,-
com.gitee.qdbp,qdbp-general-api,3.2.0,-,-,?,-,false,-
com.gitee.qdbp,qdbp-general-biz,3.2.0,-,-,?,-,false,-
com.gitee.qdbp,qdbp-general-ctl,3.2.0,-,-,?,-,false,-
com.gitee.qdbp,qdbp-tools,2.2.0,-,-,?,-,false,-
com.github.BeFabulousJia12,TestNGServiceLoader,1.0.6,-,-,?,-,false,sun.misc.BASE64Encoder                   Use java.util.Base64 @since 1.8
com.raquo,domtypes_2.11,0.8,-,-,?,-,false,-
com.raquo,domtypes_2.12,0.8,-,-,?,-,false,-
com.raquo,domtypes_sjs0.6_2.11,0.8,-,-,?,-,false,-
com.raquo,domtypes_sjs0.6_2.12,0.8,-,-,?,-,false,-
com.xiaomi.infra.galaxy,galaxy-fds-core,3.0.25,-,-,?,-,false,-
com.xiaomi.infra.galaxy,galaxy-fds-sdk-java,3.0.25,-,-,?,-,false,-
dk.jyskebank.tooling.enunciate,enunciate-openapi,1.0.8,-,-,?,-,false,-
eu.timepit,status-page-cats_2.12,0.2.3,-,-,?,-,false,-
eu.timepit,status-page-core_2.12,0.2.3,-,-,?,-,false,-
io.github.dargiri,dorm,1.0.0,-,-,?,-,false,-
io.jenkins.updatebot,updatebot,1.1.17,-,-,?,-,false,sun.misc.Unsafe                          See http://openjdk.java.net/jeps/260
io.jenkins.updatebot,updatebot-core,1.1.17,-,-,?,-,false,-
io.jenkins.updatebot,updatebot-maven-plugin,1.1.17,-,-,?,-,false,-
org.codehaus.janino,commons-compiler,3.0.9,-,-,?,-,false,-
org.codehaus.janino,commons-compiler-jdk,3.0.9,-,-,?,-,false,-
org.codehaus.janino,commons-compiler-tests,3.0.9,-,-,?,-,false,-
org.codehaus.janino,janino,3.0.9,-,-,?,-,false,-
org.realityforge.react4j,react4j-arez,0.93,-,-,?,-,false,-
org.realityforge.react4j,react4j-core,0.93,-,-,?,-,false,-
org.realityforge.react4j,react4j-dom,0.93,-,-,?,-,false,-
org.realityforge.react4j,react4j-gwt-output-qa,0.93,-,-,?,-,false,-
org.realityforge.react4j,react4j-processor,0.93,-,-,?,-,false,sun.misc.Unsafe                          See http://openjdk.java.net/jeps/260
org.realityforge.replicant,replicant-client,6.08,-,-,?,-,false,-
org.realityforge.replicant,replicant-server,6.08,-,-,?,-,false,-
org.wso2.carbon.extension.identity.authenticator.outbound.smsotp,org.wso2.carbon.extension.identity.authenticator.smsotp.connector,2.0.15,-,-,?,-,false,-
top.jfunc.common,common-crypto,1.3,-,-,?,-,false,sun.misc.BASE64Decoder                   Use java.util.Base64 @since 1.8 + sun.misc.BASE64Encoder                   Use java.util.Base64 @since 1.8
top.jfunc.common,common-db,1.3,-,-,?,-,false,-
top.jfunc.common,network,1.3,-,-,?,-,false,-
top.jfunc.common,utils,1.3,-,-,?,-,false,-
xyz.vopen.microservices,tiffany-surface,Asia.RC5,-,-,?,-,false,-
