groupId,artifactId,version,moduleName,moduleVersion,moduleMode,moduleDependencies,jdepsToolError,jdepsViolations
com.baidu.aip,java-sdk,4.5.0,-,-,?,-,false,-
com.baidu.apm,bot-monitor-java,1.1.0,-,-,?,-,false,-
com.baidu,bigpipe-driver,1.0.7,-,-,?,-,false,-
com.baidu.dueros,bot-sdk,1.1.1,-,-,?,-,false,-
com.baidu.hugegraph,hugegraph-api,0.7.4,-,-,?,-,false,-
com.baidu.hugegraph,hugegraph-cassandra,0.7.4,-,-,?,-,false,-
com.baidu.hugegraph,hugegraph-client,1.5.8,-,-,?,-,false,-
com.baidu.hugegraph,hugegraph-common,1.5.1,-,-,?,-,false,-
com.baidu.hugegraph,hugegraph-core,0.7.4,-,-,?,-,false,-
com.baidu.hugegraph,hugegraph-dist,0.7.4,-,-,?,-,false,-
com.baidu.hugegraph,hugegraph-example,0.7.4,-,-,?,-,false,-
com.baidu.hugegraph,hugegraph-hbase,0.7.4,-,-,?,-,false,-
com.baidu.hugegraph,hugegraph-mysql,0.7.4,-,-,?,-,false,-
com.baidu.hugegraph,hugegraph-palo,0.7.4,-,-,?,-,false,-
com.baidu.hugegraph,hugegraph-rocksdb,0.7.4,-,-,?,-,false,-
com.baidu.hugegraph,hugegraph-scylladb,0.7.4,-,-,?,-,false,-
com.baidu.hugegraph,hugegraph-test,0.7.4,-,-,?,-,false,-
com.baidu,jprotobuf,2.2.5,-,-,?,-,false,-
com.baidu,jprotobuf-jre,1.0.0,-,-,?,-,false,-
com.baidu,jprotobuf-precompile-plugin,2.0.4,-,-,?,-,false,-
com.baidu,jprotobuf-protoparser,1.0.1,-,-,?,-,false,-
com.baidu,jprotobuf-rpc-common,1.8,-,-,?,-,false,-
com.baidu,jprotobuf-rpc-core,3.5.16,-,-,?,-,false,-
com.baidu,jprotobuf-rpc-core-spring2,3.5.16,-,-,?,-,false,-
com.baidu,jprotobuf-rpc-core-spring,3.5.16,-,-,?,-,false,-
com.baidu,jprotobuf-rpc-core-spring-base,3.5.16,-,-,?,-,false,-
com.baidu,jprotobuf-rpc-core-test,3.5.16,-,-,?,-,false,-
com.baidu,jprotobuf-rpc-ext-validator,3.5.16,-,-,?,-,false,-
com.baidu,jprotobuf-rpc-registry-bns,3.5.16,-,-,?,-,false,-
com.baidu,jprotobuf-rpc-registry-redis,3.5.16,-,-,?,-,false,-
com.baidu.mobads,mobads,5.6,-,-,?,-,false,-
com.baidu.openrasp,jnotify,1.0,-,-,?,-,false,-
com.baidu.openrasp,rhino,1.0,-,-,?,-,false,-
com.baidu.openrasp,sqlparser,1.4,-,-,?,-,false,-
com.baidu.unbiz,easy-mapper,1.0.4,-,-,?,-,false,-
com.baidu.unbiz,fluent-validator,1.0.9,-,-,?,-,false,-
com.baidu.unbiz,fluent-validator-jsr303,1.0.9,-,-,?,-,false,-
com.baidu.unbiz,fluent-validator-spring,1.0.9,-,-,?,-,false,-
com.bobkevic.jackson.datatype,jackson-datatype-datastore,0.1.0,-,-,?,-,false,-
com.chaitanyapramod.gradle,findbugs-android,1.1,-,-,?,-,false,-
com.fortysevendeg,classy-cats_2.11,0.3.0,-,-,?,-,false,-
com.fortysevendeg,classy-cats_sjs0.6_2.12,0.3.0,-,-,?,-,false,-
com.fortysevendeg,classy-config-shocon_2.11,0.3.0,-,-,?,-,false,-
com.fortysevendeg,classy-config-shocon_sjs0.6_2.12,0.3.0,-,-,?,-,false,-
com.fortysevendeg,classy-config-typesafe_2.12,0.3.0,-,-,?,-,false,-
com.fortysevendeg,classy-core_2.11,0.3.0,-,-,?,-,false,-
com.fortysevendeg,classy-core_sjs0.6_2.12,0.3.0,-,-,?,-,false,-
com.fortysevendeg,classy-generic_2.11,0.3.0,-,-,?,-,false,-
com.fortysevendeg,classy-generic_sjs0.6_2.12,0.3.0,-,-,?,-,false,-
com.fortysevendeg,fetch_2.10,0.5.0,-,-,?,-,false,-
com.fortysevendeg,fetch_2.12,0.5.0,-,-,?,-,false,-
com.fortysevendeg,fetch-debug_2.10,0.5.0,-,-,?,-,false,-
com.fortysevendeg,fetch-debug_2.12,0.5.0,-,-,?,-,false,-
com.fortysevendeg,fetch-debug_sjs0.6_2.11,0.5.0,-,-,?,-,false,-
com.fortysevendeg,fetch-monix_2.10,0.5.0,-,-,?,-,false,-
com.fortysevendeg,fetch-monix_2.12,0.5.0,-,-,?,-,false,-
com.fortysevendeg,fetch-monix_sjs0.6_2.11,0.5.0,-,-,?,-,false,-
com.fortysevendeg,fetch_sjs0.6_2.11,0.5.0,-,-,?,-,false,-
com.fortysevendeg,github4s_2.10,0.10.0,-,-,?,-,false,-
com.fortysevendeg,lambda-test_2.12,1.3.0,-,-,?,-,false,-
com.fortysevendeg,scalacheck-toolbox-combinators_2.10,0.2.1,-,-,?,-,false,-
com.fortysevendeg,scalacheck-toolbox-combinators_2.12,0.2.1,-,-,?,-,false,-
com.fortysevendeg,scalacheck-toolbox-datetime_2.10,0.2.1,-,-,?,-,false,-
com.fortysevendeg,scalacheck-toolbox-datetime_2.11,0.2.1,-,-,?,-,false,-
com.fortysevendeg,scalacheck-toolbox-datetime_2.12,0.2.1,-,-,?,-,false,-
com.fortysevendeg,scalacheck-toolbox-magic_2.10,0.2.1,-,-,?,-,false,-
com.fortysevendeg,scalacheck-toolbox-magic_2.12,0.2.1,-,-,?,-,false,-
com.frostwire,jlibtorrent,1.2.0.18-RC11,-,-,?,-,false,-
com.galenframework,galen-core,2.3.7,-,-,?,-,false,-
com.galenframework,galen-java-support,2.3.7,-,-,?,-,false,-
com.galenframework,galen-rainbow4j,2.3.7,-,-,?,-,false,-
com.github.tornaia,java-offline-geoip,0.1.4,-,-,?,-,false,-
com.gsssoftwaresolution.java.utility.restfulservices,easyrestfulclient,1.0.0,-,-,?,-,false,-
com.hellosign,hellosign-java-sdk,4.0.9,-,-,?,-,false,-
com.madewithtea,mockedstreams_2.11,2.1.0,-,-,?,-,false,-
com.madewithtea,mockedstreams_2.12,2.1.0,-,-,?,-,false,-
com.monkeylearn,monkeylearn-java,0.1.5,-,-,?,-,false,-
com.seleritycorp.common.base,CommonBase,1.0.6,-,-,?,-,false,-
com.seleritycorp.context,ContextApiDemo,0.0.1,-,-,?,-,false,sun.misc.Unsafe                          See http://openjdk.java.net/jeps/260
com.seleritycorp.rds.downloader,RdsDataDownloader,1.0.3,-,-,?,-,false,sun.misc.Unsafe                          See http://openjdk.java.net/jeps/260
com.sksamuel.avro4s,avro4s-core_2.11,1.9.0,-,-,?,-,false,-
com.sksamuel.avro4s,avro4s-core_2.12,1.9.0,-,-,?,-,false,-
com.sksamuel.avro4s,avro4s-json_2.11,1.9.0,-,-,?,-,false,-
com.sksamuel.avro4s,avro4s-json_2.12,1.9.0,-,-,?,-,false,-
com.sksamuel.avro4s,avro4s-macros_2.11,1.9.0,-,-,?,-,false,-
com.sksamuel.avro4s,avro4s-macros_2.12,1.9.0,-,-,?,-,false,-
com.sksamuel.mallet,mallet,1.0.3,-,-,?,-,false,-
com.sksamuel.monkeytail,monkeytail_2.11,0.92.0,-,-,?,-,false,-
com.sksamuel.monkeytail,monkeytail_2.12,0.92.0,-,-,?,-,false,-
com.sksamuel.pulsar4s,pulsar4s-akka-streams_2.12,2.1.0,-,-,?,-,false,-
com.sksamuel.pulsar4s,pulsar4s-cats-effect_2.11,2.0.0,-,-,?,-,false,-
com.sksamuel.pulsar4s,pulsar4s-circe_2.12,2.1.0,-,-,?,-,false,-
com.sksamuel.pulsar4s,pulsar4s-core_2.11,2.0.0,-,-,?,-,false,-
com.sksamuel.pulsar4s,pulsar4s-jackson_2.11,2.0.0,-,-,?,-,false,-
com.sksamuel.pulsar4s,pulsar4s-monix_2.11,2.0.0,-,-,?,-,false,-
com.sksamuel.pulsar4s,pulsar4s-play-json_2.11,2.0.0,-,-,?,-,false,-
com.sksamuel.pulsar4s,pulsar4s-reactive-streams_2.11,2.0.0,-,-,?,-,false,-
com.sksamuel.pulsar4s,pulsar4s-scalaz_2.12,2.1.0,-,-,?,-,false,-
com.sksamuel.pulsar4s,pulsar4s-spray-json_2.12,2.1.0,-,-,?,-,false,-
com.sksamuel.pulsar4s,pulsar4s-streams_2.11,1.0.1,-,-,?,-,false,-
com.sksamuel.scapegoat,scalac-scapegoat-plugin_2.11,1.3.7,-,-,?,-,false,-
com.sksamuel.scapegoat,scalac-scapegoat-plugin_2.12,1.3.7,-,-,?,-,false,-
com.sksamuel.scrimage,scrimage-core_2.10,3.0.0-alpha4,-,-,?,-,false,-
com.sksamuel.scrimage,scrimage-core_2.11,3.0.0-alpha4,-,-,?,-,false,-
com.sksamuel.scrimage,scrimage-core_2.12,3.0.0-alpha4,-,-,?,-,false,-
com.sksamuel.scrimage,scrimage-filters_2.10,3.0.0-alpha4,-,-,?,-,false,-
com.sksamuel.scrimage,scrimage-filters_2.11,3.0.0-alpha4,-,-,?,-,false,-
com.sksamuel.scrimage,scrimage-filters_2.12,3.0.0-alpha4,-,-,?,-,false,-
com.sksamuel.scrimage,scrimage-io-extra_2.10,3.0.0-alpha4,-,-,?,-,false,-
com.sksamuel.scrimage,scrimage-io-extra_2.11,3.0.0-alpha4,-,-,?,-,false,-
com.sksamuel.scrimage,scrimage-io-extra_2.12,3.0.0-alpha4,-,-,?,-,false,-
com.sothawo,mapjfx,1.18.0,com.sothawo.mapjfx,-,automatic,-,false,-
com.sothawo,mapjfx-demo,1.9.0,-,-,?,-,false,-
com.zavtech,morpheus-beakerx,0.9.17,-,-,?,-,false,-
com.zavtech,morpheus-core,0.9.21,-,-,?,-,false,-
com.zavtech,morpheus-google,0.9.14,-,-,?,-,false,-
com.zavtech,morpheus-quandl,0.9.21,-,-,?,-,false,-
com.zavtech,morpheus-viz,0.9.21,-,-,?,-,false,-
com.zavtech,morpheus-worldbank,0.9.21,-,-,?,-,false,-
com.zavtech,morpheus-yahoo,0.9.21,-,-,?,-,false,-
com.zenecture,neuroflow-application_2.11,0.500,-,-,?,-,false,-
com.zenecture,neuroflow-application_2.12,1.7.4,-,-,?,-,false,-
com.zenecture,neuroflow-core_2.11,0.500,-,-,?,-,false,-
com.zenecture,neuroflow-core_2.12,1.7.4,-,-,?,-,false,-
com.zenecture,neuroflow-playground_2.11,0.500,-,-,?,-,false,-
com.zenecture,neuroflow-playground_2.12,1.7.4,-,-,?,-,false,-
io.mateu.archetypes,mdd-archetype,0.0.27,-,-,?,-,false,-
