groupId,artifactId,version,moduleName,moduleVersion,moduleMode,moduleDependencies,jdepsToolError,jdepsViolations
am.ik.yavi,yavi,0.0.9,-,-,?,-,false,-
com.amazonaws,amazon-dax-client,1.0.200704.0,-,-,?,-,false,-
com.amazonaws,amazon-kinesis-deaggregator,1.0.3,-,-,?,-,false,-
com.amazonaws,amazon-kinesis-producer,0.12.9,-,-,?,-,false,-
com.amazonaws,amazon-neptune-gremlin-java-sigv4,1.0.2,-,-,?,-,false,-
com.amazonaws,aws-android-sdk-appsync-api,2.6.25,-,-,?,-,false,-
com.amazonaws,aws-android-sdk-appsync-runtime,2.6.25,-,-,?,-,false,-
com.amazonaws,aws-android-sdk-comprehend,2.6.28,-,-,?,-,false,-
com.amazonaws,aws-android-sdk-core,2.6.28,-,-,?,-,false,-
com.amazonaws,aws-android-sdk-lambda,2.6.28,-,-,?,-,false,-
com.amazonaws,aws-android-sdk-logs,2.6.28,-,-,?,-,false,-
com.amazonaws,aws-android-sdk-machinelearning,2.6.28,-,-,?,-,false,-
com.amazonaws,aws-android-sdk-pinpoint,2.6.28,-,-,?,-,false,-
com.amazonaws,aws-android-sdk-sqs,2.6.28,-,-,?,-,false,-
com.amazonaws,aws-android-sdk-transcribe,2.6.28,-,-,?,-,false,-
com.amazonaws,aws-devicefarm-gradle-plugin,1.3,-,-,?,-,false,-
com.amazonaws,aws-java-sdk-alexaforbusiness,1.11.396,-,-,?,-,false,-
com.amazonaws,aws-java-sdk-applicationautoscaling,1.11.396,-,-,?,-,false,-
com.amazonaws,aws-java-sdk-cloud9,1.11.396,-,-,?,-,false,-
com.amazonaws,aws-java-sdk-clouddirectory,1.11.396,-,-,?,-,false,-
com.amazonaws,aws-java-sdk-cloudformation,1.11.396,-,-,?,-,false,-
com.amazonaws,aws-java-sdk-cloudfront,1.11.396,-,-,?,-,false,-
com.amazonaws,aws-java-sdk-codecommit,1.11.396,-,-,?,-,false,-
com.amazonaws,aws-java-sdk-cognitoidp,1.11.396,-,-,?,-,false,-
com.amazonaws,aws-java-sdk-cognitosync,1.11.396,-,-,?,-,false,-
com.amazonaws,aws-java-sdk-config,1.11.396,-,-,?,-,false,-
com.amazonaws,aws-java-sdk-datapipeline,1.11.396,-,-,?,-,false,-
com.amazonaws,aws-java-sdk-devicefarm,1.11.396,-,-,?,-,false,-
com.amazonaws,aws-java-sdk-dms,1.11.396,-,-,?,-,false,-
com.amazonaws,aws-java-sdk-dynamodb,1.11.396,-,-,?,-,false,-
com.amazonaws,aws-java-sdk-efs,1.11.396,-,-,?,-,false,-
com.amazonaws,aws-java-sdk-elasticache,1.11.396,-,-,?,-,false,-
com.amazonaws,aws-java-sdk-elasticloadbalancing,1.11.396,-,-,?,-,false,-
com.amazonaws,aws-java-sdk-elasticloadbalancingv2,1.11.396,-,-,?,-,false,-
com.amazonaws,aws-java-sdk-emr,1.11.396,-,-,?,-,false,-
com.amazonaws,aws-java-sdk-fms,1.11.396,-,-,?,-,false,-
com.amazonaws,aws-java-sdk-health,1.11.396,-,-,?,-,false,-
com.amazonaws,aws-java-sdk-iot,1.11.396,-,-,?,-,false,-
com.amazonaws,aws-java-sdk-iot1clickdevices,1.11.396,-,-,?,-,false,-
com.amazonaws,aws-java-sdk-iotanalytics,1.11.396,-,-,?,-,false,-
com.amazonaws,aws-java-sdk-iotjobsdataplane,1.11.396,-,-,?,-,false,-
com.amazonaws,aws-java-sdk-kinesis,1.11.396,-,-,?,-,false,-
com.amazonaws,aws-java-sdk-marketplacecommerceanalytics,1.11.396,-,-,?,-,false,-
com.amazonaws,aws-java-sdk-medialive,1.11.396,-,-,?,-,false,-
com.amazonaws,aws-java-sdk-mediapackage,1.11.396,-,-,?,-,false,-
com.amazonaws,aws-java-sdk-models,1.11.396,-,-,?,-,false,-
com.amazonaws,aws-java-sdk-opensdk,1.11.396,-,-,?,-,false,-
com.amazonaws,aws-java-sdk-polly,1.11.396,-,-,?,-,false,-
com.amazonaws,aws-java-sdk-pricing,1.11.396,-,-,?,-,false,-
com.amazonaws,aws-java-sdk-s3,1.11.396,-,-,?,-,false,-
com.amazonaws,aws-java-sdk-sagemaker,1.11.396,-,-,?,-,false,-
com.amazonaws,aws-java-sdk-sagemakerruntime,1.11.396,-,-,?,-,false,-
com.amazonaws,aws-java-sdk-secretsmanager,1.11.396,-,-,?,-,false,-
com.amazonaws,aws-java-sdk-servicecatalog,1.11.396,-,-,?,-,false,-
com.amazonaws,aws-java-sdk-simpledb,1.11.396,-,-,?,-,false,-
com.amazonaws,aws-java-sdk-sns,1.11.396,-,-,?,-,false,-
com.amazonaws,aws-java-sdk-test-utils,1.11.396,-,-,?,-,false,-
com.amazonaws,aws-java-sdk-workdocs,1.11.396,-,-,?,-,false,-
com.amazonaws,aws-java-sdk-workmail,1.11.396,-,-,?,-,false,-
com.amazonaws,aws-java-sdk-xray,1.11.396,-,-,?,-,false,-
com.amazonaws,aws-lambda-java-events,2.2.2,-,-,?,-,false,-
com.amazonaws,aws-xray-recorder-sdk-apache-http,1.3.1,-,-,?,-,false,-
com.amazonaws,aws-xray-recorder-sdk-aws-sdk-instrumentor,1.3.1,-,-,?,-,false,-
com.amazonaws,aws-xray-recorder-sdk-core,1.3.1,-,-,?,-,false,-
com.amazonaws.proprot,proprot,1.0,-,-,?,-,false,-
com.github.aro-tech,extended-mockito,2.21.0.1,-,-,?,-,false,-
com.github.aro-tech,tdd-mixins-core,1.1.20,-,-,?,-,false,-
com.ibm.cos-aspera,cos-aspera-linux-64,0.1.163682,-,-,?,-,false,-
com.ibm.cos-aspera,cos-aspera-mac-10.13-64,0.1.163682,-,-,?,-,false,-
com.ibm.cos-aspera,cos-aspera-win-v140_xp-64,0.1.163682,-,-,?,-,false,-
org.jmotor,scala-i18n_2.11,1.0.6,-,-,?,-,false,-
org.jmotor,scala-i18n_2.12,1.0.6,-,-,?,-,false,-
