groupId,artifactId,version,moduleName,moduleVersion,moduleMode,moduleDependencies,jdepsToolError,jdepsViolations
com.ejlchina,bean-searcher,1.4.1,-,-,?,-,false,-
com.ejlchina,juhe-cashier,1.0.0,-,-,?,-,false,-
com.evanlennick,retry4j,0.14.0,-,-,?,-,false,-
com.glassdoor,preferencex-annotations,0.1.0,-,-,?,-,false,-
com.glassdoor,preferencex-compiler,0.1.0,-,-,?,-,false,-
com.google.apis,google-api-services-vision,v1-rev392-1.25.0,-,-,?,-,false,-
com.google.apis,google-api-services-webfonts,v1-rev59-1.25.0,-,-,?,-,false,-
com.google.apis,google-api-services-webmasters,v3-rev33-1.25.0,-,-,?,-,false,-
com.google.apis,google-api-services-websecurityscanner,v1alpha-rev79-1.25.0,-,-,?,-,false,-
com.google.apis,google-api-services-youtubeAnalytics,v2-rev53-1.25.0,-,-,?,-,false,-
com.google.apis,google-api-services-youtubereporting,v1-rev539-1.25.0,-,-,?,-,false,-
com.google.apis,google-api-services-youtube,v3-rev205-1.25.0,-,-,?,-,false,-
com.groupbyinc,api-java-flux,2.5.136,-,-,?,-,false,-
com.hanzhigu.frm,login-frm,2.0.1,-,-,?,-,false,sun.misc.BASE64Decoder                   Use java.util.Base64 @since 1.8 + sun.misc.BASE64Encoder                   Use java.util.Base64 @since 1.8
com.hanzhigu.frm,login-ui-frm,2.1.1,-,-,?,-,false,sun.misc.BASE64Decoder                   Use java.util.Base64 @since 1.8 + sun.misc.BASE64Encoder                   Use java.util.Base64 @since 1.8
com.infinityrefactoring,8R-reflections,2.0.0,-,-,?,-,false,-
com.ixortalk,ixortalk-alertmanager,3.0.1,-,-,?,-,false,-
com.ixortalk,ixortalk-assetmgmt,1.0.0,-,-,?,-,false,-
com.ixortalk,ixortalk-assetmgmt-ui,1.0.0,-,-,?,-,false,-
com.ixortalk,ixortalk-assetstate,1.0.0,-,-,?,-,false,-
com.ixortalk,ixortalk.aws.cognito.jwt.security.filter,0.0.7,-,-,?,-,false,-
com.ixortalk,ixortalk-aws-s3-library,1.0.2,-,-,?,-,false,-
com.ixortalk,ixortalk-blackbox-exporter,3.0.0,-,-,?,-,false,-
com.ixortalk,ixortalk-config-server,2.0.0,-,-,?,-,false,-
com.ixortalk,ixortalk-gateway,1.0.1,-,-,?,-,false,-
com.ixortalk,ixortalk-grafana,2.1.0,-,-,?,-,false,-
com.ixortalk,ixortalk-iot-client-spring-boot-autoconfigure,0.0.6,-,-,?,-,false,-
com.ixortalk,ixortalk-iot-client-spring-boot-aws,0.0.6,-,-,?,-,false,-
com.ixortalk,ixortalk-iot-client-spring-boot-azure-device,0.0.6,-,-,?,-,false,-
com.ixortalk,ixortalk-iot-client-spring-boot-core,0.0.6,-,-,?,-,false,-
com.ixortalk,ixortalk-iot-client-spring-boot-sampleapp,0.0.6,-,-,?,-,false,-
com.ixortalk,ixortalk-iot-client-spring-boot-starter,0.0.6,-,-,?,-,false,-
com.ixortalk,ixortalk-mailing-service,1.0.0,-,-,?,-,false,-
com.ixortalk,ixortalk-mongodb,2.0.0,-,-,?,-,false,-
com.ixortalk,ixortalk-nginx-docker-proxy,2.0.0,-,-,?,-,false,-
com.ixortalk,ixortalk-prometheus,3.0.0,-,-,?,-,false,-
com.ixortalk,ixortalk-test,1.0.1,-,-,?,-,false,-
com.ixortalk,ixortalk-user-registration-api,1.0.0,-,-,?,-,false,-
com.ixortalk,ixortalk.util,1.0.1,-,-,?,-,false,-
com.ixortalk,ixortalk-util,1.0.2,-,-,?,-,false,-
com.ixortalk,lorawan.packet.parser,0.0.1,-,-,?,-,false,-
com.jingtum,jingtum-sdk,1.1.2,-,-,?,-,false,-
com.jingtum,sdk,1.1.6,-,-,?,-,false,-
com.leigh-plumley,bhtokengenerator,0.9.5,-,-,?,-,false,-
com.leigh-plumley,console,3.0,-,-,?,-,false,-
com.logstruck,logstruck_2.11,0.6,-,-,?,-,false,-
com.logstruck,logstruck-example_2.11,0.6,-,-,?,-,false,-
com.logstruck,logstruck-file_2.11,0.6,-,-,?,-,false,-
com.logstruck,logstruck-fluentd_2.11,0.6,-,-,?,-,false,-
com.logstruck,logstruck-json_2.11,0.6,-,-,?,-,false,-
com.logstruck,logstruck-logger_2.11,0.6,-,-,?,-,false,-
com.logstruck,logstruck-logstash_2.11,0.6,-,-,?,-,false,-
com.logstruck,logstruck-slf4j_2.11,0.6,-,-,?,-,false,-
com.mitchellbosecke,pebble,2.4.0,-,-,?,-,false,-
com.mitchellbosecke,pebble-spring3,2.4.0,-,-,?,-,false,-
com.mitchellbosecke,pebble-spring4,2.4.0,-,-,?,-,false,-
com.mitchellbosecke,pebble-spring-boot-starter,2.4.0,-,-,?,-,false,-
com.pugwoo,nimbleorm-spring-boot-starter,0.0.2,-,-,?,-,false,-
com.revengemission.commons,captcha,0.2,-,-,?,-,false,-
com.revengemission.plugins,mybatis-plugins,0.2.1,-,-,?,-,false,-
com.spotify,annoy-jni,0.1.4,-,-,?,-,false,-
com.spotify,apollo-api-impl,1.7.0,-,-,?,-,false,-
com.spotify,apollo-core,1.7.0,-,-,?,-,false,-
com.spotify,apollo-jetty-http-server,1.7.0,-,-,?,-,false,-
com.spotify,apollo-metrics,1.7.0,-,-,?,-,false,-
com.spotify,apollo-route,1.7.0,-,-,?,-,false,-
com.spotify,batch-predictor,0.5.0,-,-,?,-,false,-
com.spotify.checkstyle,spotify-checkstyle-config,1.0.7,-,-,?,-,false,-
com.spotify,completable-futures,0.3.2,-,-,?,-,false,-
com.spotify,custom-metrics,0.5.0,-,-,?,-,false,-
com.spotify.dataenum,dataenum,1.3.1,-,-,?,-,false,-
com.spotify.dataenum,dataenum-integration-test,1.3.1,-,-,?,-,false,-
com.spotify.dataenum,dataenum-processor,1.3.1,-,-,?,-,false,-
com.spotify,dns,3.1.5,-,-,?,-,false,-
com.spotify,examples,0.1.2,-,-,?,-,false,-
com.spotify,featran-core_2.12,0.2.1,-,-,?,-,false,-
com.spotify,featran-flink_2.11,0.2.1,-,-,?,-,false,-
com.spotify,featran-scalding_2.12,0.2.1,-,-,?,-,false,-
com.spotify,featran-scio_2.11,0.2.1,-,-,?,-,false,-
com.spotify,featran-tensorflow_2.12,0.2.1,-,-,?,-,false,-
com.spotify,featran-xgboost_2.11,0.2.1,-,-,?,-,false,-
com.spotify.ffwd,ffwd-http-client,0.4.1,-,-,?,-,false,sun.misc.Unsafe                          See http://openjdk.java.net/jeps/260
com.spotify,flo-gcs,0.1.10,-,-,?,-,false,-
com.spotify,flo-scala_2.11,0.3.2,-,-,?,-,false,-
com.spotify,flo-scio_2.11,0.3.2,-,-,?,-,false,-
com.spotify,flo-service,0.1.1,-,-,?,-,false,-
com.spotify,folsom-semantic-metrics,1.1.0,-,-,?,-,false,-
com.spotify,futures-extra,3.1.1,-,-,?,-,false,-
com.spotify,grpc-kotlin-test,0.0.1,-,-,?,-,false,-
com.spotify,hamcrest-future,1.1.1,-,-,?,-,false,-
com.spotify,hamcrest-jackson,1.1.1,-,-,?,-,false,-
com.spotify,helios-integration-tests,0.9.212,-,-,?,-,false,-
com.spotify,helios-services,0.9.212,-,-,?,-,false,sun.misc.Signal                          See http://openjdk.java.net/jeps/260 + sun.misc.SignalHandler                   See http://openjdk.java.net/jeps/260
com.spotify,helios-testing,0.9.212,-,-,?,-,false,-
com.spotify,helios-testing-common,0.9.212,-,-,?,-,false,-
com.spotify,hype_2.11,0.0.18,-,-,?,-,false,-
com.spotify,logging,2.2.5,-,-,?,-,false,-
com.spotify.metrics,semantic-metrics-api,0.11.5,-,-,?,-,false,-
com.spotify.metrics,semantic-metrics-core,0.11.5,-,-,?,-,false,-
com.spotify.metrics,semantic-metrics-examples,0.11.5,-,-,?,-,false,-
com.spotify.metrics,semantic-metrics-ffwd-http-reporter,0.11.5,-,-,?,-,false,-
com.spotify.metrics,semantic-metrics-ffwd-reporter,0.11.5,-,-,?,-,false,-
com.spotify.metrics,semantic-metrics-guava,0.11.5,-,-,?,-,false,-
com.spotify.metrics,semantic-metrics-remote,0.11.5,-,-,?,-,false,-
com.spotify.mobius,mobius-core,1.2.0,-,-,?,-,false,-
com.spotify.mobius,mobius-extras,1.2.0,-,-,?,-,false,-
com.spotify.mobius,mobius-rx,1.2.0,-,-,?,-,false,-
com.spotify.mobius,mobius-rx2,1.2.0,-,-,?,-,false,-
com.spotify.mobius,mobius-test,1.2.0,-,-,?,-,false,-
com.spotify,noether-core_2.12,0.3.0,-,-,?,-,false,-
com.spotify,noether-examples_2.12,0.2.1,-,-,?,-,false,-
com.spotify,ratatool_2.11,0.2.5,-,-,?,-,false,-
com.spotify,ratatool-cli_2.12,0.3.2,-,-,?,-,false,-
com.spotify,ratatool-common_2.11,0.3.5,-,-,?,-,false,-
com.spotify,ratatool-diffy_2.12,0.3.5,-,-,?,-,false,-
com.spotify,ratatool-sampling_2.11,0.3.5,-,-,?,-,false,-
com.spotify,ratatool-scalacheck_2.12,0.3.5,-,-,?,-,false,-
com.spotify,ratatool-shapeless_2.12,0.3.5,-,-,?,-,false,-
com.spotify,scio-avro_2.12,0.5.7,-,-,?,-,false,-
com.spotify,scio-bigquery_2.10,0.2.13,-,-,?,-,false,-
com.spotify,scio-bigquery_2.12,0.5.7,-,-,?,-,false,-
com.spotify,scio-bigtable_2.10,0.2.13,-,-,?,-,false,-
com.spotify,scio-bigtable_2.12,0.5.7,-,-,?,-,false,-
com.spotify,scio-cassandra2_2.12,0.5.7,-,-,?,-,false,-
com.spotify,scio-cassandra3_2.11,0.5.7,-,-,?,-,false,-
com.spotify,scio-contrib_2.11,0.0.1,-,-,?,-,false,-
com.spotify,scio-contrib-bigquery_2.12,0.0.1,-,-,?,-,false,-
com.spotify,scio-contrib-biquery_2.11,0.0.1,-,-,?,-,false,-
com.spotify,scio-core_2.11,0.5.7,-,-,?,-,false,sun.reflect.ReflectionFactory            See http://openjdk.java.net/jeps/260
com.spotify,scio-elasticsearch_2.11,0.4.0-alpha2,-,-,?,-,false,-
com.spotify,scio-elasticsearch2_2.11,0.5.7,-,-,?,-,false,-
com.spotify,scio-elasticsearch5_2.12,0.5.7,-,-,?,-,false,-
com.spotify,scio-extra_2.10,0.2.11,-,-,?,-,false,-
com.spotify,scio-jdbc_2.11,0.5.7,-,-,?,-,false,-
com.spotify,scio-parquet_2.12,0.5.7,-,-,?,-,false,-
com.spotify,scio-repl_2.11,0.5.7,-,-,?,-,false,-
com.spotify,scio-tensorflow_2.11,0.5.7,-,-,?,-,false,-
com.spotify,scio-test_2.10,0.2.13,-,-,?,-,false,-
com.spotify,scio-test_2.12,0.5.7,-,-,?,-,false,-
com.spotify,spark-bigquery_2.11,0.2.2,-,-,?,-,false,-
com.spotify.sparkey,sparkey,2.3.1,-,-,?,-,false,-
com.spotify,ssh-agent-proxy,0.2.0,-,-,?,-,false,-
com.spotify,styx-api-service,2.0.32,-,-,?,-,false,-
com.spotify,styx-cli,2.0.32,-,-,?,-,false,sun.misc.Cleaner                         Use java.lang.ref.PhantomReference @since 1.2 or java.lang.ref.Cleaner @since 9 + sun.misc.Signal                          See http://openjdk.java.net/jeps/260 + sun.misc.SignalHandler                   See http://openjdk.java.net/jeps/260 + sun.misc.Unsafe                          See http://openjdk.java.net/jeps/260 + sun.security.x509.X500Name               Use javax.security.auth.x500.X500Principal @since 1.4
com.spotify,styx-test,2.0.32,-,-,?,-,false,-
com.spotify,zoltar-api,0.5.0,-,-,?,-,false,-
com.spotify,zoltar-models,0.1.0,-,-,?,-,false,-
com.spotify,zoltar-xgboost,0.5.0,-,-,?,-,false,-
com.uber.autodispose,autodispose,1.0.0-RC2,-,-,?,-,false,-
com.uber.autodispose,autodispose-error-prone-checker,1.0.0-RC2,-,-,?,-,false,com.sun.tools.javac.code.Type            Use javax.tools and javax.lang.model @since 1.6 + com.sun.tools.javac.code.Type$ClassType  Use javax.tools and javax.lang.model @since 1.6
com.uber.autodispose,autodispose-kotlin,0.8.0,-,-,?,-,false,-
com.uber.autodispose,autodispose-ktx,1.0.0-RC2,-,-,?,-,false,-
com.uber.autodispose,autodispose-lifecycle,1.0.0-RC2,-,-,?,-,false,-
com.uber.autodispose,autodispose-lifecycle-jdk8,1.0.0-RC2,-,-,?,-,false,-
com.uber.autodispose,autodispose-lifecycle-ktx,1.0.0-RC2,-,-,?,-,false,-
com.uber.autodispose,autodispose-rxlifecycle,1.0.0-RC2,-,-,?,-,false,-
com.uber.cherami,cherami-client-java,4.0.1,-,-,?,-,false,-
com.uber.cherami,cherami-client-java-example,4.0.1,-,-,?,-,false,-
com.uber.crumb,crumb-annotations,0.0.1,-,-,?,-,false,-
com.uber.crumb,crumb-compiler,0.0.1,-,-,?,-,false,-
com.uber.crumb,crumb-compiler-api,0.0.1,-,-,?,-,false,-
com.uber.crumb,crumb-core,0.0.1,-,-,?,-,false,com.sun.tools.javac.processing.JavacProcessingEnvironment Use javax.tools and javax.lang.model @since 1.6 + com.sun.tools.javac.util.Context         Use javax.tools and javax.lang.model @since 1.6
com.uber.engsec,sql-differential-privacy,0.1.1,-,-,?,-,false,-
com.uber.hoodie,hoodie-cli,0.4.3,-,-,?,-,false,-
com.uber.hoodie,hoodie-client,0.4.3,-,-,?,-,false,-
com.uber.hoodie,hoodie-common,0.4.3,-,-,?,-,false,-
com.uber.hoodie,hoodie-hadoop-mr,0.4.3,-,-,?,-,false,-
com.uber.hoodie,hoodie-hive,0.4.3,-,-,?,-,false,-
com.uber.hoodie,hoodie-spark,0.4.3,-,-,?,-,false,-
com.uber.hoodie,hoodie-utilities,0.4.3,-,-,?,-,false,-
com.uber.jaeger,jaeger-apachehttpclient,0.27.0,-,-,?,-,false,-
com.uber.jaeger,jaeger-b3,0.27.0,-,-,?,-,false,-
com.uber.jaeger,jaeger-context,0.27.0,-,-,?,-,false,-
com.uber.jaeger,jaeger-core,0.27.0,-,-,?,-,false,-
com.uber.jaeger,jaeger-crossdock,0.27.0,-,-,?,-,false,-
com.uber.jaeger,jaeger-dropwizard,0.27.0,-,-,?,-,false,-
com.uber.jaeger,jaeger-jaxrs2,0.27.0,-,-,?,-,false,-
com.uber.jaeger,jaeger-micrometer,0.27.0,-,-,?,-,false,-
com.uber.jaeger,jaeger-thrift,0.27.0,-,-,?,-,false,-
com.uber.jaeger,jaeger-tracerresolver,0.27.0,-,-,?,-,false,-
com.uber.jaeger,jaeger-zipkin,0.27.0,-,-,?,-,false,-
com.uber.javaxextras,javax-extras,0.1.0,-,-,?,-,false,-
com.uber.m3,tally-core,0.2.3,-,-,?,-,false,-
com.uber.m3,tally-example,0.2.3,-,-,?,-,false,-
com.uber.m3,tally-m3,0.2.3,-,-,?,-,false,-
com.uber.m3,tally-statsd,0.2.3,-,-,?,-,false,-
com.uber,rave,2.1.0,-,-,?,-,false,-
com.uber,rave-compiler,2.1.0,-,-,?,-,false,-
com.uber.rib,rib-test-utils,0.9.1,-,-,?,-,false,-
com.uber.sdk,uber-core,0.8.0,-,-,?,-,false,-
com.uber.sdk,uber-core-oauth-client-adapter,0.8.0,-,-,?,-,false,-
com.uber.sdk,uber-rides,0.8.0,-,-,?,-,false,-
com.uber.stylist,resources-poet,0.0.1,-,-,?,-,false,-
com.uber.stylist,stylist,0.0.1,-,-,?,-,false,-
com.uber.stylist,stylist-api,0.0.1,-,-,?,-,false,-
com.uber.stylist,stylist-core,0.0.1,-,-,?,-,false,-
com.virtusa.gto.nyql,nyql-core,2.0-rc4,-,-,?,-,false,-
com.virtusa.gto.nyql,nyql-engine,2.0-rc4,-,-,?,-,false,-
com.virtusa.gto.nyql,nyql-impl-base-translator,2.0-rc4,-,-,?,-,false,-
com.virtusa.gto.nyql,nyql-impl-h2,2.0-rc4,-,-,?,-,false,-
com.virtusa.gto.nyql,nyql-impl-maria,2.0-rc4,-,-,?,-,false,-
com.virtusa.gto.nyql,nyql-impl-mssql,2.0-rc4,-,-,?,-,false,-
com.virtusa.gto.nyql,nyql-impl-mysql,2.0-rc4,-,-,?,-,false,-
com.virtusa.gto.nyql,nyql-impl-postgre,2.0-rc4,-,-,?,-,false,-
com.virtusa.gto.nyql,nyql-impl-profilers,2.0-rc3,-,-,?,-,false,-
com.virtusa.gto.nyql,nyql-pool-c3p0,2.0-rc3,-,-,?,-,false,-
com.virtusa.gto.nyql,nyql-pool-hikari,2.0-rc4,-,-,?,-,false,-
com.virtusa.gto.nyql,nyql-server,2.0-rc3,-,-,?,-,false,-
com.virtusa.gto.nyql,nyql-tests,2.0-rc4,-,-,?,-,false,-
net.oschina.j2cache,j2cache-core,2.5.1-release,-,-,?,-,false,-
net.oschina.j2cache,j2cache-hibernate3,2.5.1-release,-,-,?,-,false,-
net.oschina.j2cache,j2cache-hibernate4,2.5.1-release,-,-,?,-,false,-
net.oschina.j2cache,j2cache-mybatis,2.5.1-release,-,-,?,-,false,-
net.oschina.j2cache,j2cache-spring-boot2-starter,2.5.1-release,-,-,?,-,false,-
net.oschina.j2cache,j2cache-spring-boot-starter,2.5.1-release,-,-,?,-,false,-
net.oschina.j2cache,j2cache-springcache,2.5.1-release,-,-,?,-,false,-
org.jmotor,scala-utils_2.12,1.0.3,-,-,?,-,false,-
