groupId,artifactId,version,moduleName,moduleVersion,moduleMode,moduleDependencies,jdepsToolError,jdepsViolations
com.abubusoft,kripton,5.0.0-rc.1,-,-,?,-,false,-
com.abubusoft,kripton-arch-test,5.0.0-rc.1,-,-,?,-,false,-
com.abubusoft,kripton-dataformat-yaml,5.0.0-rc.1,-,-,?,-,false,-
com.arjie.groundhog,groundhog,0.5.0,-,-,?,-,false,-
com.bordereast.ninja,pebble-module,0.0.2,-,-,?,-,false,-
com.busymachines,busymachines-commons-core_2.11,0.2.0-M1,-,-,?,-,false,-
com.busymachines,busymachines-commons-core_2.12,0.3.0-RC8,-,-,?,-,false,-
com.busymachines,busymachines-commons-duration_2.12,0.3.0-RC8,-,-,?,-,false,-
com.busymachines,busymachines-commons-effects_2.12,0.3.0-RC8,-,-,?,-,false,-
com.busymachines,busymachines-commons-effects-async_2.12,0.3.0-RC8,-,-,?,-,false,-
com.busymachines,busymachines-commons-effects-sync_2.12,0.3.0-RC8,-,-,?,-,false,-
com.busymachines,busymachines-commons-effects-sync-cats_2.12,0.3.0-RC8,-,-,?,-,false,-
com.busymachines,busymachines-commons-future_2.12,0.3.0-M2,-,-,?,-,false,-
com.busymachines,busymachines-commons-json_2.11,0.2.0-M1,-,-,?,-,false,-
com.busymachines,busymachines-commons-json_2.12,0.3.0-RC8,-,-,?,-,false,-
com.busymachines,busymachines-commons-json-spray_2.12,0.2.0,-,-,?,-,false,-
com.busymachines,busymachines-commons-rest_2.12,0.2.0-M3,-,-,?,-,false,-
com.busymachines,busymachines-commons-rest-core_2.12,0.3.0-RC8,-,-,?,-,false,-
com.busymachines,busymachines-commons-rest-core-testkit_2.12,0.3.0-RC8,-,-,?,-,false,-
com.busymachines,busymachines-commons-rest-json_2.12,0.3.0-RC8,-,-,?,-,false,-
com.busymachines,busymachines-commons-rest-json-spray_2.12,0.2.0,-,-,?,-,false,-
com.busymachines,busymachines-commons-rest-json-spray-testkit_2.12,0.2.0,-,-,?,-,false,-
com.busymachines,busymachines-commons-rest-json-testkit_2.12,0.3.0-RC8,-,-,?,-,false,-
com.busymachines,busymachines-commons-rest-testkit_2.12,0.2.0-M3,-,-,?,-,false,-
com.busymachines,busymachines-commons-result_2.12,0.3.0-M2,-,-,?,-,false,-
com.busymachines,busymachines-commons-semver_2.12,0.3.0-RC8,-,-,?,-,false,-
com.busymachines,busymachines-commons-semver-parsers_2.12,0.3.0-RC8,-,-,?,-,false,-
com.dataheaps,aspectrest,0.1.15,-,-,?,-,false,-
com.dataheaps,beanszoo-core,0.2.28,-,-,?,-,false,-
com.dataheaps,beanszoo-web,0.2.28,-,-,?,-,false,-
com.dlmorais,livelog,0.0.8,-,-,?,-,false,-
com.enterprisemath,em-dao,3.1.0,-,-,?,-,false,-
com.enterprisemath,em-eac,3.9.0,-,-,?,-,false,-
com.enterprisemath,em-utils,3.0.0,-,-,?,-,false,-
com.fuqssi.boot,fuqssi-boot-data,1.5.6.RELEASE,-,-,?,-,false,-
com.fuqssi.boot,fuqssi-boot-starter-data,1.5.6.RELEASE,-,-,?,-,false,-
com.github.mjeanroy,junit-servers-core,0.10.0,-,-,?,-,false,-
com.github.mjeanroy,junit-servers-jetty,0.10.0,-,-,?,-,false,-
com.github.mjeanroy,junit-servers-tomcat,0.10.0,-,-,?,-,false,-
com.github.stefanofornari,bsh-console,1.2.0,-,-,?,-,false,-
com.grahamedgecombe.apiviz,apiviz,1.3.4,-,-,?,-,false,-
com.itemis.maven.plugins,artifact-spy-plugin,1.0.6,-,-,?,-,false,-
com.itemis.maven.plugins,cdi-plugin-utils,3.4.0,-,-,?,-,false,-
com.itemis.maven.plugins,unleash-maven-plugin,2.8.0,-,-,?,-,false,-
com.itemis.maven.plugins,unleash-scm-provider-api,2.8.0,-,-,?,-,false,-
com.itemis.maven.plugins,unleash-scm-provider-git,2.2.0,-,-,?,-,false,-
com.itemis.maven.plugins,unleash-scm-provider-svn,2.0.6,-,-,?,-,false,-
com.itemis.maven.plugins,unleash-utils,2.8.0,-,-,?,-,false,-
com.jarrodwb,feedbin_2.12,0.1.0,-,-,?,-,false,-
com.jarrodwb,rpn-calculator_2.12,0.2,-,-,?,-,false,-
com.jarrodwb,rpn-calculator_native0.3_2.11,0.3,-,-,?,-,false,-
com.jarrodwb,rss-feeds_2.12,0.1.0,-,-,?,-,false,-
com.jarrodwb,s3-logs_2.12,0.1.1,-,-,?,-,false,-
com.jarrodwb,stats_2.12,0.1.0,-,-,?,-,false,-
com.kubukoz,vivalidi_2.12,0.1.0,-,-,?,-,false,-
com.kubukoz,vivalidi_sjs0.6_2.12,0.1.0,-,-,?,-,false,-
com.logmein,goto-core-lib,2.0.0,-,-,?,-,false,-
com.logmein,gotomeeting-api,1.00.0,-,-,?,-,false,-
com.logmein,gototraining-api,1.00.0,-,-,?,-,false,-
com.logmein,gotowebinar-api,2.0.1,-,-,?,-,false,-
com.nannoq,auth,1.0.8,-,-,?,-,false,-
com.nannoq,cluster,1.0.8,-,-,?,-,false,-
com.nannoq,fcm,1.0.8,-,-,?,-,false,-
com.nannoq,repository,1.0.8,-,-,?,-,false,-
com.nannoq,web,1.0.8,-,-,?,-,false,-
com.onelogin,java-saml,2.3.0,-,-,?,-,false,-
com.onelogin,java-saml-core,2.3.0,-,-,?,-,false,-
com.onelogin,onelogin-aws-assume-role-cli,1.1.1,-,-,?,-,false,sun.reflect.Reflection                   Use java.lang.StackWalker @since 9
com.onelogin,onelogin-java-sdk,1.3.2,-,-,?,-,false,-
com.propensive,adversaria_2.11,0.2.0,-,-,?,-,false,-
com.propensive,adversaria_2.12,0.2.0,-,-,?,-,false,-
com.propensive,contextual_2.10,1.0.1,-,-,?,-,false,-
com.propensive,contextual_2.11,1.1.0,-,-,?,-,false,-
com.propensive,contextual_2.12,1.1.0,-,-,?,-,false,-
com.propensive,contextual-examples_2.10,1.0.1,-,-,?,-,false,-
com.propensive,contextual-examples_native0.2_2.11,1.0.1,-,-,?,-,false,-
com.propensive,contextual-examples_sjs0.6_2.11,1.0.1,-,-,?,-,false,-
com.propensive,contextual-examples_sjs0.6_2.12,1.0.1,-,-,?,-,false,-
com.propensive,contextual_native0.2_2.11,1.0.1,-,-,?,-,false,-
com.propensive,contextual_sjs0.6_2.11,1.1.0,-,-,?,-,false,-
com.propensive,contextual_sjs0.6_2.12,1.1.0,-,-,?,-,false,-
com.propensive,efflorescence_2.11,0.11.0,-,-,?,-,false,-
com.propensive,efflorescence_2.12,0.11.0,-,-,?,-,false,-
com.propensive,impromptu_2.11,1.1.0,-,-,?,-,false,-
com.propensive,impromptu_2.12,1.1.0,-,-,?,-,false,-
com.propensive,kaleidoscope_2.11,0.1.0,-,-,?,-,false,-
com.propensive,kaleidoscope_2.12,0.1.0,-,-,?,-,false,-
com.propensive,magnolia_2.11,0.10.0,-,-,?,-,false,-
com.propensive,magnolia_2.12,0.10.0,-,-,?,-,false,-
com.propensive,magnolia_2.13.0-M4,0.8.0,-,-,?,-,false,-
com.propensive,magnolia-examples_2.11,0.9.1,-,-,?,-,false,-
com.propensive,magnolia-examples_2.12,0.9.1,-,-,?,-,false,-
com.propensive,magnolia-examples_native0.3_2.11,0.9.1,-,-,?,-,false,-
com.propensive,magnolia-examples_sjs0.6_2.11,0.9.1,-,-,?,-,false,-
com.propensive,magnolia-examples_sjs0.6_2.12,0.9.1,-,-,?,-,false,-
com.propensive,magnolia_native0.3_2.11,0.10.0,-,-,?,-,false,-
com.propensive,magnolia_sjs0.6_2.11,0.10.0,-,-,?,-,false,-
com.propensive,magnolia_sjs0.6_2.12,0.10.0,-,-,?,-,false,-
com.propensive,magnolia_sjs0.6_2.13.0-M4,0.8.0,-,-,?,-,false,-
com.propensive,mercator_2.11,0.1.1,-,-,?,-,false,-
com.propensive,mercator_2.12,0.1.1,-,-,?,-,false,-
com.propensive,mercator_native0.3_2.11,0.1.1,-,-,?,-,false,-
com.propensive,mercator_sjs0.6_2.11,0.1.1,-,-,?,-,false,-
com.propensive,mercator_sjs0.6_2.12,0.1.1,-,-,?,-,false,-
com.propensive,rapture_2.10,2.0.0-M9,-,-,?,-,false,-
com.propensive,rapture_2.11,2.0.0-M9,-,-,?,-,false,-
com.propensive,rapture_2.12,2.0.0-M9,-,-,?,-,false,-
com.propensive,rapture-base_2.10,2.0.0-M9,-,-,?,-,false,-
com.propensive,rapture-base_2.11,2.0.0-M9,-,-,?,-,false,-
com.propensive,rapture-base_2.12,2.0.0-M9,-,-,?,-,false,-
com.propensive,rapture-base_sjs0.6_2.10,2.0.0-M9,-,-,?,-,false,-
com.propensive,rapture-base_sjs0.6_2.12,2.0.0-M9,-,-,?,-,false,-
com.propensive,rapture-cli_2.10,2.0.0-M9,-,-,?,-,false,-
com.propensive,rapture-cli_2.11,2.0.0-M9,-,-,?,-,false,-
com.propensive,rapture-cli_2.12,2.0.0-M9,-,-,?,-,false,-
com.propensive,rapture-cli_sjs0.6_2.10,2.0.0-M9,-,-,?,-,false,-
com.propensive,rapture-cli_sjs0.6_2.11,2.0.0-M9,-,-,?,-,false,-
com.propensive,rapture-cli_sjs0.6_2.12,2.0.0-M9,-,-,?,-,false,-
com.propensive,rapture-codec_2.10,2.0.0-M9,-,-,?,-,false,-
com.propensive,rapture-codec_2.12,2.0.0-M9,-,-,?,-,false,-
com.propensive,rapture-codec_sjs0.6_2.10,2.0.0-M9,-,-,?,-,false,-
com.propensive,rapture-codec_sjs0.6_2.11,2.0.0-M9,-,-,?,-,false,-
com.propensive,rapture-codec_sjs0.6_2.12,2.0.0-M9,-,-,?,-,false,-
com.propensive,rapture-core_2.10,2.0.0-M9,-,-,?,-,false,-
com.propensive,rapture-core_2.11,2.0.0-M9,-,-,?,-,false,-
com.propensive,rapture-core_2.12,2.0.0-M9,-,-,?,-,false,-
com.propensive,rapture-core-scalaz_2.10,2.0.0-M9,-,-,?,-,false,-
com.propensive,rapture-core-scalaz_2.11,2.0.0-M9,-,-,?,-,false,-
com.propensive,rapture-core-scalaz_2.12,2.0.0-M9,-,-,?,-,false,-
com.propensive,rapture-core-scalaz_sjs0.6_2.10,2.0.0-M9,-,-,?,-,false,-
com.propensive,rapture-core-scalaz_sjs0.6_2.11,2.0.0-M9,-,-,?,-,false,-
com.propensive,rapture-core-scalaz_sjs0.6_2.12,2.0.0-M9,-,-,?,-,false,-
com.propensive,rapture-core_sjs0.6_2.10,2.0.0-M9,-,-,?,-,false,-
com.propensive,rapture-core_sjs0.6_2.11,2.0.0-M9,-,-,?,-,false,-
com.propensive,rapture-core_sjs0.6_2.12,2.0.0-M9,-,-,?,-,false,-
com.propensive,rapture-core-test_2.10,2.0.0-M9,-,-,?,-,false,-
com.propensive,rapture-core-test_2.11,2.0.0-M9,-,-,?,-,false,-
com.propensive,rapture-core-test_2.12,2.0.0-M9,-,-,?,-,false,-
com.propensive,rapture-core-test_sjs0.6_2.10,2.0.0-M9,-,-,?,-,false,-
com.propensive,rapture-core-test_sjs0.6_2.11,2.0.0-M9,-,-,?,-,false,-
com.propensive,rapture-core-test_sjs0.6_2.12,2.0.0-M9,-,-,?,-,false,-
com.propensive,rapture-crypto_2.10,2.0.0-M9,-,-,?,-,false,-
com.propensive,rapture-crypto_2.11,2.0.0-M9,-,-,?,-,false,-
com.propensive,rapture-crypto_2.12,2.0.0-M9,-,-,?,-,false,-
com.propensive,rapture-crypto_sjs0.6_2.10,2.0.0-M9,-,-,?,-,false,-
com.propensive,rapture-crypto_sjs0.6_2.11,2.0.0-M9,-,-,?,-,false,-
com.propensive,rapture-crypto_sjs0.6_2.12,2.0.0-M9,-,-,?,-,false,-
com.propensive,rapture-css_2.10,2.0.0-M9,-,-,?,-,false,-
com.propensive,rapture-css_2.11,2.0.0-M9,-,-,?,-,false,-
com.propensive,rapture-css_2.12,2.0.0-M9,-,-,?,-,false,-
com.propensive,rapture-css_sjs0.6_2.10,2.0.0-M9,-,-,?,-,false,-
com.propensive,rapture-css_sjs0.6_2.11,2.0.0-M9,-,-,?,-,false,-
com.propensive,rapture-css_sjs0.6_2.12,2.0.0-M9,-,-,?,-,false,-
com.propensive,rapture-csv_2.10,2.0.0-M9,-,-,?,-,false,-
com.propensive,rapture-csv_2.11,2.0.0-M9,-,-,?,-,false,-
com.propensive,rapture-csv_2.12,2.0.0-M9,-,-,?,-,false,-
com.propensive,rapture-csv_sjs0.6_2.10,2.0.0-M9,-,-,?,-,false,-
com.propensive,rapture-csv_sjs0.6_2.11,2.0.0-M9,-,-,?,-,false,-
com.propensive,rapture-csv_sjs0.6_2.12,2.0.0-M9,-,-,?,-,false,-
com.propensive,rapture-currency_2.10,2.0.0-M9,-,-,?,-,false,-
com.propensive,rapture-currency_2.11,2.0.0-M9,-,-,?,-,false,-
com.propensive,rapture-currency_2.12,2.0.0-M9,-,-,?,-,false,-
com.propensive,rapture-currency_sjs0.6_2.10,2.0.0-M9,-,-,?,-,false,-
com.propensive,rapture-currency_sjs0.6_2.11,2.0.0-M9,-,-,?,-,false,-
com.propensive,rapture-currency_sjs0.6_2.12,2.0.0-M9,-,-,?,-,false,-
com.propensive,rapture-data_2.10,2.0.0-M9,-,-,?,-,false,-
com.propensive,rapture-data_2.11,2.0.0-M9,-,-,?,-,false,-
com.propensive,rapture-data_2.12,2.0.0-M9,-,-,?,-,false,-
com.propensive,rapture-data_sjs0.6_2.10,2.0.0-M9,-,-,?,-,false,-
com.propensive,rapture-data_sjs0.6_2.11,2.0.0-M9,-,-,?,-,false,-
com.propensive,rapture-dom_2.10,2.0.0-M9,-,-,?,-,false,-
com.propensive,rapture-dom_2.11,2.0.0-M9,-,-,?,-,false,-
com.propensive,rapture-dom_2.12,2.0.0-M9,-,-,?,-,false,-
com.propensive,rapture-dom_sjs0.6_2.10,2.0.0-M9,-,-,?,-,false,-
com.propensive,rapture-dom_sjs0.6_2.11,2.0.0-M9,-,-,?,-,false,-
com.propensive,rapture-dom_sjs0.6_2.12,2.0.0-M9,-,-,?,-,false,-
com.propensive,rapture-extras_2.10,2.0.0-M9,-,-,?,-,false,-
com.propensive,rapture-extras_2.11,2.0.0-M9,-,-,?,-,false,-
com.propensive,rapture-extras_2.12,2.0.0-M9,-,-,?,-,false,-
com.propensive,rapture-extras_sjs0.6_2.10,2.0.0-M9,-,-,?,-,false,-
com.propensive,rapture-extras_sjs0.6_2.11,2.0.0-M9,-,-,?,-,false,-
com.propensive,rapture-extras_sjs0.6_2.12,2.0.0-M9,-,-,?,-,false,-
com.propensive,rapture-fs_2.10,2.0.0-M9,-,-,?,-,false,-
com.propensive,rapture-fs_2.11,2.0.0-M9,-,-,?,-,false,-
com.propensive,rapture-fs_2.12,2.0.0-M9,-,-,?,-,false,-
com.propensive,rapture-fs_sjs0.6_2.10,2.0.0-M9,-,-,?,-,false,-
com.propensive,rapture-fs_sjs0.6_2.11,2.0.0-M9,-,-,?,-,false,-
com.propensive,rapture-fs_sjs0.6_2.12,2.0.0-M9,-,-,?,-,false,-
com.propensive,rapture-google-translate_2.10,2.0.0-M9,-,-,?,-,false,-
com.propensive,rapture-google-translate_2.11,2.0.0-M9,-,-,?,-,false,-
com.propensive,rapture-google-translate_2.12,2.0.0-M9,-,-,?,-,false,-
com.propensive,rapture-google-translate_sjs0.6_2.10,2.0.0-M9,-,-,?,-,false,-
com.propensive,rapture-google-translate_sjs0.6_2.11,2.0.0-M9,-,-,?,-,false,-
com.propensive,rapture-google-translate_sjs0.6_2.12,2.0.0-M9,-,-,?,-,false,-
com.propensive,rapture-html_2.10,2.0.0-M9,-,-,?,-,false,-
com.propensive,rapture-html_2.11,2.0.0-M9,-,-,?,-,false,-
com.propensive,rapture-html_2.12,2.0.0-M9,-,-,?,-,false,-
com.propensive,rapture-html_sjs0.6_2.10,2.0.0-M9,-,-,?,-,false,-
com.propensive,rapture-html_sjs0.6_2.11,2.0.0-M9,-,-,?,-,false,-
com.propensive,rapture-html_sjs0.6_2.12,2.0.0-M9,-,-,?,-,false,-
com.propensive,rapture-http_2.10,2.0.0-M9,-,-,?,-,false,-
com.propensive,rapture-http_2.11,2.0.0-M9,-,-,?,-,false,-
com.propensive,rapture-http_2.12,2.0.0-M9,-,-,?,-,false,-
com.propensive,rapture-http-jetty_2.10,2.0.0-M9,-,-,?,-,false,-
com.propensive,rapture-http-jetty_2.11,2.0.0-M9,-,-,?,-,false,-
com.propensive,rapture-http-jetty_sjs0.6_2.10,2.0.0-M9,-,-,?,-,false,-
com.propensive,rapture-http-jetty_sjs0.6_2.11,2.0.0-M9,-,-,?,-,false,-
com.propensive,rapture-http-jetty_sjs0.6_2.12,2.0.0-M9,-,-,?,-,false,-
com.propensive,rapture-http-json_2.10,2.0.0-M9,-,-,?,-,false,-
com.propensive,rapture-http-json_2.11,2.0.0-M9,-,-,?,-,false,-
com.propensive,rapture-http-json_2.12,2.0.0-M9,-,-,?,-,false,-
com.propensive,rapture-http-json_sjs0.6_2.10,2.0.0-M9,-,-,?,-,false,-
com.propensive,rapture-http-json_sjs0.6_2.11,2.0.0-M9,-,-,?,-,false,-
com.propensive,rapture-http-json_sjs0.6_2.12,2.0.0-M9,-,-,?,-,false,-
com.propensive,rapture-http_sjs0.6_2.10,2.0.0-M9,-,-,?,-,false,-
com.propensive,rapture-http_sjs0.6_2.11,2.0.0-M9,-,-,?,-,false,-
com.propensive,rapture-http_sjs0.6_2.12,2.0.0-M9,-,-,?,-,false,-
com.propensive,rapture-i18n_2.10,2.0.0-M9,-,-,?,-,false,-
com.propensive,rapture-i18n_2.11,2.0.0-M9,-,-,?,-,false,-
com.propensive,rapture-i18n_2.12,2.0.0-M9,-,-,?,-,false,-
com.propensive,rapture-i18n_sjs0.6_2.10,2.0.0-M9,-,-,?,-,false,-
com.propensive,rapture-i18n_sjs0.6_2.11,2.0.0-M9,-,-,?,-,false,-
com.propensive,rapture-i18n_sjs0.6_2.12,2.0.0-M9,-,-,?,-,false,-
com.propensive,rapture-io_2.10,2.0.0-M9,-,-,?,-,false,-
com.propensive,rapture-io_2.11,2.0.0-M9,-,-,?,-,false,-
com.propensive,rapture-io_2.12,2.0.0-M9,-,-,?,-,false,-
com.propensive,rapture-io_sjs0.6_2.10,2.0.0-M9,-,-,?,-,false,-
com.propensive,rapture-io_sjs0.6_2.11,2.0.0-M9,-,-,?,-,false,-
com.propensive,rapture-io_sjs0.6_2.12,2.0.0-M9,-,-,?,-,false,-
com.propensive,rapture-java8-support_2.10,2.0.0-M9,-,-,?,-,false,-
com.propensive,rapture-java8-support_2.11,2.0.0-M9,-,-,?,-,false,-
com.propensive,rapture-java8-support_2.12,2.0.0-M9,-,-,?,-,false,-
com.propensive,rapture-java8-support_sjs0.6_2.10,2.0.0-M9,-,-,?,-,false,-
com.propensive,rapture-java8-support_sjs0.6_2.11,2.0.0-M9,-,-,?,-,false,-
com.propensive,rapture-java8-support_sjs0.6_2.12,2.0.0-M9,-,-,?,-,false,-
com.propensive,rapture-js_2.10,2.0.0-M9,-,-,?,-,false,-
com.propensive,rapture-js_2.11,2.0.0-M9,-,-,?,-,false,-
com.propensive,rapture-js_2.12,2.0.0-M9,-,-,?,-,false,-
com.propensive,rapture-json_2.10,2.0.0-M9,-,-,?,-,false,-
com.propensive,rapture-json_2.11,2.0.0-M9,-,-,?,-,false,-
com.propensive,rapture-json_2.12,2.0.0-M9,-,-,?,-,false,-
com.propensive,rapture-json-argonaut_2.10,2.0.0-M9,-,-,?,-,false,-
com.propensive,rapture-json-argonaut_2.11,2.0.0-M9,-,-,?,-,false,-
com.propensive,rapture-json-argonaut_2.12,2.0.0-M9,-,-,?,-,false,-
com.propensive,rapture-json-argonaut_sjs0.6_2.10,2.0.0-M9,-,-,?,-,false,-
com.propensive,rapture-json-argonaut_sjs0.6_2.11,2.0.0-M9,-,-,?,-,false,-
com.propensive,rapture-json-argonaut_sjs0.6_2.12,2.0.0-M9,-,-,?,-,false,-
com.propensive,rapture-json-circe_2.10,2.0.0-M9,-,-,?,-,false,-
com.propensive,rapture-json-circe_2.11,2.0.0-M9,-,-,?,-,false,-
com.propensive,rapture-json-circe_sjs0.6_2.10,2.0.0-M9,-,-,?,-,false,-
com.propensive,rapture-json-circe_sjs0.6_2.11,2.0.0-M9,-,-,?,-,false,-
com.propensive,rapture-json-circe_sjs0.6_2.12,2.0.0-M9,-,-,?,-,false,-
com.propensive,rapture-json-jackson_2.10,2.0.0-M9,-,-,?,-,false,-
com.propensive,rapture-json-jackson_2.11,2.0.0-M9,-,-,?,-,false,-
com.propensive,rapture-json-jackson_2.12,2.0.0-M9,-,-,?,-,false,-
com.propensive,rapture-json-jackson_sjs0.6_2.10,2.0.0-M9,-,-,?,-,false,-
com.propensive,rapture-json-jackson_sjs0.6_2.11,2.0.0-M9,-,-,?,-,false,-
com.propensive,rapture-json-jackson_sjs0.6_2.12,2.0.0-M9,-,-,?,-,false,-
com.propensive,rapture-json-jawn_2.10,2.0.0-M9,-,-,?,-,false,-
com.propensive,rapture-json-jawn_2.11,2.0.0-M9,-,-,?,-,false,-
com.propensive,rapture-json-jawn_2.12,2.0.0-M9,-,-,?,-,false,-
com.propensive,rapture-json-jawn_sjs0.6_2.10,2.0.0-M9,-,-,?,-,false,-
com.propensive,rapture-json-jawn_sjs0.6_2.11,2.0.0-M9,-,-,?,-,false,-
com.propensive,rapture-json-jawn_sjs0.6_2.12,2.0.0-M9,-,-,?,-,false,-
com.propensive,rapture-json-json4s_2.10,2.0.0-M9,-,-,?,-,false,-
com.propensive,rapture-json-json4s_2.11,2.0.0-M9,-,-,?,-,false,-
com.propensive,rapture-json-json4s_2.12,2.0.0-M9,-,-,?,-,false,-
com.propensive,rapture-json-json4s_sjs0.6_2.10,2.0.0-M9,-,-,?,-,false,-
com.propensive,rapture-json-json4s_sjs0.6_2.11,2.0.0-M9,-,-,?,-,false,-
com.propensive,rapture-json-json4s_sjs0.6_2.12,2.0.0-M9,-,-,?,-,false,-
com.propensive,rapture-json-lift_2.10,2.0.0-M9,-,-,?,-,false,-
com.propensive,rapture-json-lift_2.11,2.0.0-M9,-,-,?,-,false,-
com.propensive,rapture-json-lift_2.12,2.0.0-M9,-,-,?,-,false,-
com.propensive,rapture-json-lift_sjs0.6_2.10,2.0.0-M9,-,-,?,-,false,-
com.propensive,rapture-json-lift_sjs0.6_2.11,2.0.0-M9,-,-,?,-,false,-
com.propensive,rapture-json-lift_sjs0.6_2.12,2.0.0-M9,-,-,?,-,false,-
com.propensive,rapture-json-play_2.10,2.0.0-M9,-,-,?,-,false,-
com.propensive,rapture-json-play_2.11,2.0.0-M9,-,-,?,-,false,-
com.propensive,rapture-json-play_2.12,2.0.0-M9,-,-,?,-,false,-
com.propensive,rapture-json-play_sjs0.6_2.10,2.0.0-M9,-,-,?,-,false,-
com.propensive,rapture-json-play_sjs0.6_2.11,2.0.0-M9,-,-,?,-,false,-
com.propensive,rapture-json-play_sjs0.6_2.12,2.0.0-M9,-,-,?,-,false,-
com.propensive,rapture-json_sjs0.6_2.10,2.0.0-M9,-,-,?,-,false,-
com.propensive,rapture-json_sjs0.6_2.11,2.0.0-M9,-,-,?,-,false,-
com.propensive,rapture-json-spray_2.10,2.0.0-M9,-,-,?,-,false,-
com.propensive,rapture-json-spray_2.11,2.0.0-M9,-,-,?,-,false,-
com.propensive,rapture-json-spray_2.12,2.0.0-M9,-,-,?,-,false,-
com.propensive,rapture-json-spray_sjs0.6_2.10,2.0.0-M9,-,-,?,-,false,-
com.propensive,rapture-json-spray_sjs0.6_2.11,2.0.0-M9,-,-,?,-,false,-
com.propensive,rapture-json-spray_sjs0.6_2.12,2.0.0-M9,-,-,?,-,false,-
com.propensive,rapture-json-test_2.10,2.0.0-M9,-,-,?,-,false,-
com.propensive,rapture-json-test_2.11,2.0.0-M9,-,-,?,-,false,-
com.propensive,rapture-json-test_2.12,2.0.0-M9,-,-,?,-,false,-
com.propensive,rapture-json-test_sjs0.6_2.10,2.0.0-M9,-,-,?,-,false,-
com.propensive,rapture-json-test_sjs0.6_2.11,2.0.0-M9,-,-,?,-,false,-
com.propensive,rapture-json-test_sjs0.6_2.12,2.0.0-M9,-,-,?,-,false,-
com.propensive,rapture-js_sjs0.6_2.10,2.0.0-M9,-,-,?,-,false,-
com.propensive,rapture-js_sjs0.6_2.11,2.0.0-M9,-,-,?,-,false,-
com.propensive,rapture-js_sjs0.6_2.12,2.0.0-M9,-,-,?,-,false,-
com.propensive,rapture-latex_2.10,2.0.0-M9,-,-,?,-,false,-
com.propensive,rapture-latex_2.12,2.0.0-M9,-,-,?,-,false,-
com.propensive,rapture-latex_sjs0.6_2.10,2.0.0-M9,-,-,?,-,false,-
com.propensive,rapture-latex_sjs0.6_2.11,2.0.0-M9,-,-,?,-,false,-
com.propensive,rapture-latex_sjs0.6_2.12,2.0.0-M9,-,-,?,-,false,-
com.propensive,rapture-log_2.10,2.0.0-M9,-,-,?,-,false,-
com.propensive,rapture-log_2.11,2.0.0-M9,-,-,?,-,false,-
com.propensive,rapture-log_2.12,2.0.0-M9,-,-,?,-,false,-
com.propensive,rapture-log_sjs0.6_2.10,2.0.0-M9,-,-,?,-,false,-
com.propensive,rapture-log_sjs0.6_2.11,2.0.0-M9,-,-,?,-,false,-
com.propensive,rapture-log_sjs0.6_2.12,2.0.0-M9,-,-,?,-,false,-
com.propensive,rapture-mail_2.10,2.0.0-M9,-,-,?,-,false,-
com.propensive,rapture-mail_2.11,2.0.0-M9,-,-,?,-,false,-
com.propensive,rapture-mail_2.12,2.0.0-M9,-,-,?,-,false,-
com.propensive,rapture-mail_sjs0.6_2.10,2.0.0-M9,-,-,?,-,false,-
com.propensive,rapture-mail_sjs0.6_2.11,2.0.0-M9,-,-,?,-,false,-
com.propensive,rapture-mail_sjs0.6_2.12,2.0.0-M9,-,-,?,-,false,-
com.propensive,rapture-mime_2.10,2.0.0-M9,-,-,?,-,false,-
com.propensive,rapture-mime_2.11,2.0.0-M9,-,-,?,-,false,-
com.propensive,rapture-mime_2.12,2.0.0-M9,-,-,?,-,false,-
com.propensive,rapture-mime_sjs0.6_2.10,2.0.0-M9,-,-,?,-,false,-
com.propensive,rapture-mime_sjs0.6_2.11,2.0.0-M9,-,-,?,-,false,-
com.propensive,rapture-mime_sjs0.6_2.12,2.0.0-M9,-,-,?,-,false,-
com.propensive,rapture-net_2.10,2.0.0-M9,-,-,?,-,false,-
com.propensive,rapture-net_2.11,2.0.0-M9,-,-,?,-,false,-
com.propensive,rapture-net_2.12,2.0.0-M9,-,-,?,-,false,-
com.propensive,rapture-net_sjs0.6_2.10,2.0.0-M9,-,-,?,-,false,-
com.propensive,rapture-net_sjs0.6_2.11,2.0.0-M9,-,-,?,-,false,-
com.propensive,rapture-net_sjs0.6_2.12,2.0.0-M9,-,-,?,-,false,-
com.propensive,rapture_sjs0.6_2.10,2.0.0-M9,-,-,?,-,false,-
com.propensive,rapture_sjs0.6_2.11,2.0.0-M9,-,-,?,-,false,-
com.propensive,rapture_sjs0.6_2.12,2.0.0-M9,-,-,?,-,false,-
com.propensive,rapture-test_2.10,2.0.0-M9,-,-,?,-,false,-
com.propensive,rapture-test_2.11,2.0.0-M9,-,-,?,-,false,-
com.propensive,rapture-test_2.12,2.0.0-M9,-,-,?,-,false,-
com.propensive,rapture-test_sjs0.6_2.10,2.0.0-M9,-,-,?,-,false,-
com.propensive,rapture-test_sjs0.6_2.11,2.0.0-M9,-,-,?,-,false,-
com.propensive,rapture-test_sjs0.6_2.12,2.0.0-M9,-,-,?,-,false,-
com.propensive,rapture-text_2.10,2.0.0-M9,-,-,?,-,false,-
com.propensive,rapture-text_2.11,2.0.0-M9,-,-,?,-,false,-
com.propensive,rapture-text_2.12,2.0.0-M9,-,-,?,-,false,-
com.propensive,rapture-text_sjs0.6_2.10,2.0.0-M9,-,-,?,-,false,-
com.propensive,rapture-text_sjs0.6_2.11,2.0.0-M9,-,-,?,-,false,-
com.propensive,rapture-text_sjs0.6_2.12,2.0.0-M9,-,-,?,-,false,-
com.propensive,rapture-time_2.10,2.0.0-M9,-,-,?,-,false,-
com.propensive,rapture-time_2.11,2.0.0-M9,-,-,?,-,false,-
com.propensive,rapture-time_2.12,2.0.0-M9,-,-,?,-,false,-
com.propensive,rapture-time_sjs0.6_2.10,2.0.0-M9,-,-,?,-,false,-
com.propensive,rapture-time_sjs0.6_2.11,2.0.0-M9,-,-,?,-,false,-
com.propensive,rapture-time_sjs0.6_2.12,2.0.0-M9,-,-,?,-,false,-
com.propensive,rapture-uri_2.10,2.0.0-M9,-,-,?,-,false,-
com.propensive,rapture-uri_2.11,2.0.0-M9,-,-,?,-,false,-
com.propensive,rapture-uri_2.12,2.0.0-M9,-,-,?,-,false,-
com.propensive,rapture-uri_sjs0.6_2.10,2.0.0-M9,-,-,?,-,false,-
com.propensive,rapture-uri_sjs0.6_2.11,2.0.0-M9,-,-,?,-,false,-
com.propensive,rapture-uri_sjs0.6_2.12,2.0.0-M9,-,-,?,-,false,-
com.propensive,rapture-xml_2.10,2.0.0-M9,-,-,?,-,false,-
com.propensive,rapture-xml_2.11,2.0.0-M9,-,-,?,-,false,-
com.propensive,rapture-xml_2.12,2.0.0-M9,-,-,?,-,false,-
com.propensive,rapture-xml_sjs0.6_2.10,2.0.0-M9,-,-,?,-,false,-
com.propensive,rapture-xml_sjs0.6_2.11,2.0.0-M9,-,-,?,-,false,-
com.propensive,rapture-xml_sjs0.6_2.12,2.0.0-M9,-,-,?,-,false,-
com.propensive,rapture-xml-stdlib_2.10,2.0.0-M9,-,-,?,-,false,-
com.propensive,rapture-xml-stdlib_2.11,2.0.0-M9,-,-,?,-,false,-
com.propensive,rapture-xml-stdlib_2.12,2.0.0-M9,-,-,?,-,false,-
com.propensive,rapture-xml-stdlib_sjs0.6_2.10,2.0.0-M9,-,-,?,-,false,-
com.propensive,rapture-xml-stdlib_sjs0.6_2.11,2.0.0-M9,-,-,?,-,false,-
com.propensive,rapture-xml-stdlib_sjs0.6_2.12,2.0.0-M9,-,-,?,-,false,-
com.propensive,rapture-xml-test_2.10,2.0.0-M9,-,-,?,-,false,-
com.propensive,rapture-xml-test_2.11,2.0.0-M9,-,-,?,-,false,-
com.propensive,rapture-xml-test_2.12,2.0.0-M9,-,-,?,-,false,-
com.propensive,rapture-xml-test_sjs0.6_2.10,2.0.0-M9,-,-,?,-,false,-
com.propensive,rapture-xml-test_sjs0.6_2.11,2.0.0-M9,-,-,?,-,false,-
com.propensive,rapture-xml-test_sjs0.6_2.12,2.0.0-M9,-,-,?,-,false,-
com.propensive,testaceous_2.10,0.1,-,-,?,-,false,-
com.propensive,testaceous_2.11,0.1,-,-,?,-,false,-
com.propensive,testaceous_2.12,0.1,-,-,?,-,false,-
com.shesse.h2ha,h2ha-driver,1.4.193.2,-,-,?,-,false,-
com.shesse.h2ha,h2ha-server,1.4.193.2,-,-,?,-,false,-
com.smattme,mysql-backup4j,1.0.0,-,-,?,-,false,-
com.tamber,tamber,0.1.4,-,-,?,-,false,-
com.tamber,tamber-android,0.1.5,-,-,?,-,false,-
com.tradier,dropwizard-raven,1.1.0,-,-,?,-,false,-
com.wavesplatform,wavesj,0.9,-,-,?,-,false,-
com.yammer.breakerbox,breakerbox-azure,0.6.5,-,-,?,-,false,-
com.yammer.breakerbox,breakerbox-dashboard,0.6.5,-,-,?,-,false,-
com.yammer.breakerbox,breakerbox-jdbi,0.6.5,-,-,?,-,false,-
com.yammer.breakerbox,breakerbox-service,0.6.5,-,-,?,-,false,sun.misc.Unsafe                          See http://openjdk.java.net/jeps/260 + sun.reflect.Reflection                   Use java.lang.StackWalker @since 9 + sun.reflect.ReflectionFactory            See http://openjdk.java.net/jeps/260
com.yammer.breakerbox,breakerbox-store,0.6.5,-,-,?,-,false,-
com.yammer.breakerbox,breakerbox-turbine,0.6.5,-,-,?,-,false,-
com.yammer.dropwizard,dropwizard-auth-ldap,1.0.5,-,-,?,-,false,-
com.yammer.tenacity,tenacity-client,1.2.0.dw9,-,-,?,-,false,-
com.yammer.tenacity,tenacity-core,1.2.0.dw9,-,-,?,-,false,-
com.yammer.tenacity,tenacity-jdbi,1.2.0.dw9,-,-,?,-,false,-
com.yammer.tenacity,tenacity-testing,1.2.0.dw9,-,-,?,-,false,-
com.zigarn.kafka.connect,kafka-connect-jmx,0.1,-,-,?,-,false,-
