groupId,artifactId,version,moduleName,moduleVersion,moduleMode,moduleDependencies,jdepsToolError,jdepsViolations
com.amplitude,android-sdk,2.19.1,-,-,?,-,false,-
com.audienceproject,kinesis-writer_2.10,1.1.1,-,-,?,-,false,-
com.audienceproject,kinesis-writer_2.11,1.1.5,-,-,?,-,false,-
com.audienceproject,kinesis-writer_2.12,1.1.5,-,-,?,-,false,-
com.audienceproject,simple-arguments_2.10,1.0.1,-,-,?,-,false,-
com.audienceproject,simple-arguments_2.11,1.0.1,-,-,?,-,false,-
com.audienceproject,simple-arguments_2.12,1.0.1,-,-,?,-,false,-
com.audienceproject,spark-dynamodb_2.11,0.3.0,-,-,?,-,false,-
com.avioconsulting.maven,ics-maven-plugin,1.0,-,-,?,-,false,-
com.corundumstudio.socketio,netty-socketio,1.7.16,-,-,?,-,false,-
com.fortysevendeg,classy-cats_2.12,0.3.0,-,-,?,-,false,-
com.fortysevendeg,classy-cats_sjs0.6_2.11,0.3.0,-,-,?,-,false,-
com.fortysevendeg,classy-config-shocon_2.12,0.3.0,-,-,?,-,false,-
com.fortysevendeg,classy-config-shocon_sjs0.6_2.11,0.3.0,-,-,?,-,false,-
com.fortysevendeg,classy-config-typesafe_2.11,0.3.0,-,-,?,-,false,-
com.fortysevendeg,classy-core_2.12,0.3.0,-,-,?,-,false,-
com.fortysevendeg,classy-core_sjs0.6_2.11,0.3.0,-,-,?,-,false,-
com.fortysevendeg,classy-generic_2.12,0.3.0,-,-,?,-,false,-
com.fortysevendeg,classy-generic_sjs0.6_2.11,0.3.0,-,-,?,-,false,-
com.fortysevendeg,fetch_2.11,0.5.0,-,-,?,-,false,-
com.fortysevendeg,fetch-debug_2.11,0.5.0,-,-,?,-,false,-
com.fortysevendeg,fetch-debug_sjs0.6_2.10,0.5.0,-,-,?,-,false,-
com.fortysevendeg,fetch-debug_sjs0.6_2.12,0.5.0,-,-,?,-,false,-
com.fortysevendeg,fetch-monix_2.11,0.5.0,-,-,?,-,false,-
com.fortysevendeg,fetch-monix_sjs0.6_2.10,0.5.0,-,-,?,-,false,-
com.fortysevendeg,fetch-monix_sjs0.6_2.12,0.5.0,-,-,?,-,false,-
com.fortysevendeg,fetch_sjs0.6_2.10,0.5.0,-,-,?,-,false,-
com.fortysevendeg,fetch_sjs0.6_2.12,0.5.0,-,-,?,-,false,-
com.fortysevendeg,github4s-scalaz_2.10,0.10.0,-,-,?,-,false,-
com.fortysevendeg,github4s_sjs0.6_2.10,0.10.0,-,-,?,-,false,-
com.fortysevendeg,lambda-test-async_2.12,1.3.0,-,-,?,-,false,-
com.fortysevendeg,lambda-test-capture_2.12,1.3.0,-,-,?,-,false,-
com.fortysevendeg,lambda-test-timing_2.12,1.3.0,-,-,?,-,false,-
com.fortysevendeg,scalacheck-toolbox-combinators_2.11,0.2.1,-,-,?,-,false,-
com.fortysevendeg,scalacheck-toolbox-magic_2.11,0.2.1,-,-,?,-,false,-
com.github.tornaia,java-offline-geoip,0.1.4,-,-,?,-,false,-
com.hubspot,algebra,1.2,-,-,?,-,false,-
com.hubspot,algebra-jackson,1.2,-,-,?,-,false,-
com.hubspot,algebra-public,1.0,-,-,?,-,false,-
com.hubspot,algebra-public-jackson,1.0,-,-,?,-,false,-
com.hubspot,algebra-public-testing,1.0,-,-,?,-,false,-
com.hubspot,algebra-testing,1.2,-,-,?,-,false,-
com.hubspot,BaragonAgentService,0.7.0,-,-,?,-,false,-
com.hubspot,BaragonClient,0.7.0,-,-,?,-,false,-
com.hubspot,BaragonCore,0.7.0,-,-,?,-,false,-
com.hubspot,BaragonData,0.7.0,-,-,?,-,false,-
com.hubspot,BaragonService,0.7.0,-,-,?,-,false,-
com.hubspot,BaragonServiceIntegrationTests,0.7.0,-,-,?,-,false,-
com.hubspot,BaragonUI,0.7.0,-,-,?,-,false,-
com.hubspot,BaragonWatcher,0.7.0,-,-,?,-,false,-
com.hubspot.chrome,ChromeDevToolsBase,1.0,-,-,?,-,false,-
com.hubspot.chrome,ChromeDevToolsClient,1.0,-,-,?,-,false,-
com.hubspot.chrome,CodeGeneration,1.0,-,-,?,-,false,-
com.hubspot.dropwizard,dropwizard-guice,1.3.5.0,-,-,?,-,false,-
com.hubspot.dropwizard,dropwizard-guicier,1.3.5.0,-,-,?,-,false,-
com.hubspot,EmbedSingularityExample,0.20.1,-,-,?,-,false,-
com.hubspot,failsafe-s3-decorator,0.8,-,-,?,-,false,-
com.hubspot,HorizonApache,0.1.1,-,-,?,-,false,sun.misc.Unsafe                          See http://openjdk.java.net/jeps/260
com.hubspot,HorizonCore,0.1.1,-,-,?,-,false,sun.misc.Unsafe                          See http://openjdk.java.net/jeps/260
com.hubspot,HorizonNing,0.1.1,-,-,?,-,false,sun.misc.Unsafe                          See http://openjdk.java.net/jeps/260 + sun.security.x509.X500Name               Use javax.security.auth.x500.X500Principal @since 1.4
com.hubspot,hystrix-s3-decorator,0.8,-,-,?,-,false,-
com.hubspot.immutables,hubspot-style,1.2,-,-,?,-,false,-
com.hubspot.immutables,immutables-exceptions,1.2,-,-,?,-,false,-
com.hubspot.jackson,jackson-datatype-protobuf,0.9.10-preJackson2.7-proto3,-,-,?,-,false,-
com.hubspot.jackson,jackson-jaxrs-propertyfiltering,0.8.2,-,-,?,-,false,-
com.hubspot.jinjava,jinjava,2.4.5,-,-,?,-,false,-
com.hubspot.maven.plugins,copy-protos-maven-plugin,0.1,-,-,?,-,false,-
com.hubspot.maven.plugins,dependency-management-maven-plugin,0.11,-,-,?,-,false,-
com.hubspot.maven.plugins,dependency-scope-maven-plugin,0.8,-,-,?,-,false,-
com.hubspot.maven.plugins,protoc-bundled-plugin,1.4,-,-,?,-,false,-
com.hubspot.maven.plugins,slimfast-plugin,0.18,-,-,?,-,false,-
com.hubspot,metrics-s3-decorator,0.8,-,-,?,-,false,-
com.hubspot,Ringleader,0.1.8,-,-,?,-,false,-
com.hubspot.rosetta,RosettaAnnotations,3.11.9,-,-,?,-,false,-
com.hubspot.rosetta,RosettaCore,3.11.9,-,-,?,-,false,-
com.hubspot.rosetta,RosettaJdbi,3.11.9,-,-,?,-,false,-
com.hubspot.rosetta,RosettaJdbi3,3.11.9,-,-,?,-,false,-
com.hubspot,s3-decorators-core,0.8,-,-,?,-,false,-
com.hubspot,SingularityBase,0.20.1,-,-,?,-,false,-
com.hubspot,SingularityClient,0.20.1,-,-,?,-,false,-
com.hubspot,SingularityExecutor,0.20.1,-,-,?,-,false,-
com.hubspot,SingularityExecutorCleanup,0.20.1,-,-,?,-,false,-
com.hubspot,SingularityMesosClient,0.20.1,-,-,?,-,false,-
com.hubspot,SingularityRunnerBase,0.20.1,-,-,?,-,false,-
com.hubspot,SingularityS3Base,0.20.1,-,-,?,-,false,-
com.hubspot,SingularityS3Downloader,0.20.1,-,-,?,-,false,-
com.hubspot,SingularityS3Uploader,0.20.1,-,-,?,-,false,-
com.hubspot,SingularityService,0.20.1,-,-,?,-,false,-
com.hubspot,SingularityServiceBase,0.18.1,-,-,?,-,false,-
com.hubspot,SingularityServiceIntegrationTests,0.20.1,-,-,?,-,false,-
com.hubspot,SingularitySwagger,0.19.2,-,-,?,-,false,-
com.hubspot,SingularityUI,0.20.1,-,-,?,-,false,-
com.hubspot.slack,slack-base,1.0,-,-,?,-,false,-
com.hubspot.slack,slack-java-client,1.0,-,-,?,-,false,-
com.hubspot.slimfast,slimfast-hadoop,0.18,-,-,?,-,false,-
com.hubspot.snapshots,accelerator-api,0.3,-,-,?,-,false,-
com.hubspot.snapshots,accelerator-client,0.3,-,-,?,-,false,-
com.hubspot.snapshots,accelerator-core,0.3,-,-,?,-,false,-
com.hubspot.snapshots,accelerator-maven-extension,0.3,-,-,?,-,false,-
com.hubspot.snapshots,accelerator-maven-plugin,0.3,-,-,?,-,false,-
com.ibeetl,beetl,2.8.7,-,-,?,-,false,-
com.ibeetl,beetl-framework-starter,1.1.60.RELEASE,-,-,?,-,false,-
com.ibeetl,beetlsql,2.10.32,-,-,?,-,false,-
com.ibeetl,xlsunit,1.0.8,-,-,?,-,false,-
com.jdcloud.api,core,1.0.1,-,-,?,-,false,-
com.jdcloud,jcq-java-sdk,1.0.2,-,-,?,-,false,-
com.jdcloud.sdk,baseanti,1.0.0,-,-,?,-,false,-
com.jdcloud.sdk,charge,0.3.0,-,-,?,-,false,-
com.jdcloud.sdk,clouddnsservice,1.0.2,-,-,?,-,false,-
com.jdcloud.sdk,common,0.3.0,-,-,?,-,false,-
com.jdcloud.sdk,core,1.0.5,-,-,?,-,false,-
com.jdcloud.sdk,cps,1.0.0,-,-,?,-,false,-
com.jdcloud.sdk,disk,0.7.1,-,-,?,-,false,-
com.jdcloud.sdk,iam,0.1.0,-,-,?,-,false,-
com.jdcloud.sdk,ipanti,1.0.1,-,-,?,-,false,-
com.jdcloud.sdk,jke,0.1.0,-,-,?,-,false,-
com.jdcloud.sdk,jmr,1.1.0,-,-,?,-,false,-
com.jdcloud.sdk,mongodb,1.0.0,-,-,?,-,false,-
com.jdcloud.sdk,monitor,1.1.1,-,-,?,-,false,-
com.jdcloud.sdk,monitorcm,1.0.0,-,-,?,-,false,-
com.jdcloud.sdk,mps,0.3.6,-,-,?,-,false,-
com.jdcloud.sdk,nc,0.2.3,-,-,?,-,false,-
com.jdcloud.sdk,oss,0.2.2,-,-,?,-,false,-
com.jdcloud.sdk,rds,0.2.8,-,-,?,-,false,-
com.jdcloud.sdk,redis,1.0.0,-,-,?,-,false,-
com.jdcloud.sdk,sop,0.1.0,-,-,?,-,false,-
com.jdcloud.sdk,streambus,1.0.1,-,-,?,-,false,-
com.jdcloud.sdk,streamcomputer,1.0.1,-,-,?,-,false,-
com.jdcloud.sdk,vm,1.0.3,-,-,?,-,false,-
com.jdcloud.sdk,vpc,0.4.1,-,-,?,-,false,-
com.jdcloud.sdk,xdata,1.0.0,-,-,?,-,false,-
com.madewithtea,mockedstreams_2.11,2.1.0,-,-,?,-,false,-
com.madewithtea,mockedstreams_2.12,2.1.0,-,-,?,-,false,-
com.niloen.spring.data,google-datastore,0.0.1,-,-,?,-,false,-
com.osinka.i18n,scala-i18n_2.11,1.0.2,-,-,?,-,false,-
com.osinka.i18n,scala-i18n_2.12,1.0.2,-,-,?,-,false,-
com.osinka.subset,subset_2.11,2.2.3,-,-,?,-,false,-
com.osinka.subset,subset_2.12,2.2.3,-,-,?,-,false,-
com.p4square,ccbapi,1.3,-,-,?,-,false,-
com.sandinh,1pay_2.11,2.3.0,-,-,?,-,false,-
com.sandinh,1pay_2.12,2.3.0,-,-,?,-,false,-
com.sandinh,akka-guice_2.11,3.2.0,-,-,?,-,false,-
com.sandinh,akka-guice_2.12,3.2.0,-,-,?,-,false,-
com.sandinh,ammonite_2.12.3,1.0.1-sh,-,-,?,-,false,-
com.sandinh,ammonite_2.12.6,1.1.0-18-b04b80d,-,-,?,-,false,-
com.sandinh,ammonite-compiler_2.12.3,1.0.1-sh,-,-,?,-,false,-
com.sandinh,ammonite-compiler_2.12.6,1.1.0-18-b04b80d,-,-,?,-,false,-
com.sandinh,ammonite-ops_2.12,1.1.0-18-b04b80d,-,-,?,-,false,-
com.sandinh,ammonite-repl_2.12.3,1.0.1-sh,-,-,?,-,false,sun.misc.Signal                          See http://openjdk.java.net/jeps/260 + sun.misc.SignalHandler                   See http://openjdk.java.net/jeps/260
com.sandinh,ammonite-repl_2.12.6,1.1.0-18-b04b80d,-,-,?,-,false,sun.misc.Signal                          See http://openjdk.java.net/jeps/260 + sun.misc.SignalHandler                   See http://openjdk.java.net/jeps/260
com.sandinh,ammonite-runtime_2.12,1.1.0-18-b04b80d,-,-,?,-,false,-
com.sandinh,ammonite-shell_2.12.3,1.0.1-sh,-,-,?,-,false,-
com.sandinh,ammonite-shell_2.12.6,1.1.0-18-b04b80d,-,-,?,-,false,-
com.sandinh,ammonite-sshd_2.12.3,1.0.1-sh,-,-,?,-,false,-
com.sandinh,ammonite-terminal_2.12,1.1.0-18-b04b80d,-,-,?,-,false,-
com.sandinh,couchbase-play_2.11,7.4.2,-,-,?,-,false,-
com.sandinh,couchbase-play_2.12,7.4.2,-,-,?,-,false,-
com.sandinh,couchbase-scala_2.12,7.4.2,-,-,?,-,false,-
com.sandinh,env-hack_2.11,1.1.0,-,-,?,-,false,-
com.sandinh,minio,3.0.7,-,-,?,-,false,-
com.sandinh,paho-akka_2.11,1.5.0,-,-,?,-,false,-
com.sandinh,php-utils_2.12,1.0.7,-,-,?,-,false,-
com.sandinh,play-alone_2.11,2.5.3-1,-,-,?,-,false,-
com.sandinh,play-cache-alone_2.11,2.5.3-1,-,-,?,-,false,-
com.sandinh,play-jdbc-alone_2.11,2.5.3-1,-,-,?,-,false,-
com.sandinh,play-soap_2.12,1.8.0,-,-,?,-,false,-
com.sandinh,play-ws-alone_2.11,2.5.3-1,-,-,?,-,false,sun.misc.Unsafe                          See http://openjdk.java.net/jeps/260
com.sandinh,scala-soap_2.11,1.8.0,-,-,?,-,false,-
com.sandinh,scala-soap_2.12,1.8.0,-,-,?,-,false,-
com.sandinh,sd-util_2.11,1.1.0,-,-,?,-,false,-
com.sandinh,sd-util_2.12,1.1.0,-,-,?,-,false,-
com.sandinh,subfolder-evolutions_2.11,2.6.7,-,-,?,-,false,-
com.sandinh,subfolder-evolutions_2.12,2.6.7,-,-,?,-,false,-
com.sandinh,ws-core-deps_2.11,2.5.3-1,-,-,?,-,false,-
com.sandinh,zbase32-commons-codec,1.0.0,-,-,?,-,false,-
com.sandinh,zbase32-commons-codec_2.12,1.0.0,-,-,?,-,false,-
com.smartlogic.cloud,Semaphore-Cloud-Client,Semaphore-4.1.1,-,-,?,-,false,-
com.smartlogic.csclient,Semaphore-CS-Client,Semaphore-4.1.1,-,-,?,-,false,-
com.smartlogic.modelmanipulation,Semaphore-Model-Manipulation,Semaphore-4.1.1,-,-,?,-,false,-
com.smartlogic.oebatch,Semaphore-OE-Batch-Tools,Semaphore-4.1.1,-,-,?,-,false,-
com.smartlogic.oeclient,Semaphore-OE-Client,Semaphore-4.1.1,-,-,?,-,false,-
com.smartlogic.sesclient,Semaphore-SES-Client,Semaphore-4.1.1,-,-,?,-,false,-
com.ToxicBakery.fcmclient,fcm-client,1.0.14,-,-,?,-,false,-
com.ToxicBakery.kfinstatemachine,core,2.4.163,-,-,?,-,false,-
com.ToxicBakery.kfinstatemachine,graph,2.4.163,-,-,?,-,false,-
com.ToxicBakery.kfinstatemachine,graph-common,2.4.163,-,-,?,-,false,-
com.ToxicBakery.kfinstatemachine,graph-util,2.4.163,-,-,?,-,false,-
com.ToxicBakery.kfinstatemachine,rx,2.4.163,-,-,?,-,false,-
com.ukiuni,spring-boot-view-injector,0.0.10,-,-,?,-,false,-
com.virgilsecurity,keyknox,0.1.0,-,-,?,-,false,-
com.virgilsecurity.pfs,pfs,1.1.2,-,-,?,-,false,-
com.virgilsecurity,pythia,0.2.0,-,-,?,-,false,-
com.virgilsecurity.sdk,api,5.0.4,-,-,?,-,false,-
com.virgilsecurity.sdk,client,4.2.0,-,-,?,-,false,-
com.virgilsecurity.sdk,client-samples,4.2.0,-,-,?,-,false,-
com.virgilsecurity.sdk,crypto,5.0.4,-,-,?,-,false,-
com.virgilsecurity.sdk,crypto-api,4.2.0,-,-,?,-,false,-
com.virgilsecurity.sdk,crypto-samples,4.6.0,-,-,?,-,false,-
com.virgilsecurity.sdk,pfs,4.5.0-rc2,-,-,?,-,false,-
com.virgilsecurity.sdk,pfs-android,4.5.0-rc2,-,-,?,-,false,-
com.virgilsecurity.sdk,sdk,5.0.4,-,-,?,-,false,-
com.virgilsecurity.sdk,sdk-samples,4.6.0,-,-,?,-,false,-
com.virgilsecurity.sdk,secure-enclave,4.4.0-alpha,-,-,?,-,false,-
com.xtivia.speedray,asset-query,1.0.0,-,-,?,-,false,-
com.xtivia.speedray,authentication,1.0.0,-,-,?,-,false,-
com.xtivia.speedray,openapi-jaxrs,1.0.1,-,-,?,-,false,-
io.mateu.archetypes,mdd-archetype,0.0.27,-,-,?,-,false,-
