groupId,artifactId,version,moduleName,moduleVersion,moduleMode,moduleDependencies,jdepsToolError,jdepsViolations
com.automation-remarks,kirk,0.8.5,-,-,?,-,false,-
com.automation-remarks,video-recorder-core,1.8,-,-,?,-,false,-
com.automation-remarks,video-recorder-junit,1.8,-,-,?,-,false,-
com.automation-remarks,video-recorder-junit5,1.8,-,-,?,-,false,-
com.automation-remarks,video-recorder-remote,1.8,-,-,?,-,false,java.awt.peer.ComponentPeer              Should not use. See https://bugs.openjdk.java.net/browse/JDK-8037739 + sun.misc.Unsafe                          See http://openjdk.java.net/jeps/260
com.automation-remarks,video-recorder-testng,1.8,-,-,?,-,false,-
com.b3dgs,b3dgs-buildtools,1.0.8,-,-,?,-,false,-
com.b3dgs.lionengine,lionengine-audio-adplug,8.4.1,-,-,?,-,false,-
com.b3dgs.lionengine,lionengine-audio-midi,8.4.1,-,-,?,-,false,-
com.b3dgs.lionengine,lionengine-audio-sc68,8.4.1,-,-,?,-,false,-
com.b3dgs.lionengine,lionengine-audio-wav,8.4.1,-,-,?,-,false,-
com.b3dgs.lionengine,lionengine-buildtools,8.4.1,-,-,?,-,false,-
com.b3dgs.lionengine,lionengine-core,8.4.1,-,-,?,-,false,-
com.b3dgs.lionengine,lionengine-core-android,8.4.1,-,-,?,-,false,-
com.b3dgs.lionengine,lionengine-core-awt,8.4.1,-,-,?,-,false,-
com.b3dgs.lionengine,lionengine-game,8.4.1,-,-,?,-,false,-
com.b3dgs.lionengine,lionengine-network,8.4.1,-,-,?,-,false,-
com.b3dgs.radialencapsulation,radial-encapsulation-maven-plugin,1.0.1,-,-,?,-,false,-
com.bryghts.enum,enum_2.10,0.1.50,-,-,?,-,false,-
com.bryghts.enum,enum_2.11,0.1.50,-,-,?,-,false,-
com.bryghts.enum,enum_2.12,0.1.50,-,-,?,-,false,-
com.bryghts.jbegood,jbegood_2.10,0.0.1,-,-,?,-,false,-
com.bryghts.jbegood,jbegood_2.11,0.0.1,-,-,?,-,false,-
com.bryghts.jbegood,jbegood_2.12,0.0.1,-,-,?,-,false,-
com.effectiveosgi,com.effectiveosgi.lib,0.0.1,-,-,?,-,false,-
com.effectiveosgi,com.effectiveosgi.rt.aws,0.0.1,-,-,?,-,false,-
com.effectiveosgi,com.effectiveosgi.rt.config,1.0.1,-,-,?,-,false,-
com.effectiveosgi,com.effectiveosgi.rt.config.test,0.0.1,-,-,?,-,false,-
com.effectiveosgi,com.effectiveosgi.rt.inspect,0.0.2,-,-,?,-,false,-
com.effectiveosgi,eosgi-module-archetype,0.0.5,-,-,?,-,false,-
com.effectiveosgi,eosgi-project-archetype,0.0.5,-,-,?,-,false,-
com.effectiveosgi,eosgi-test-module-archetype,0.0.5,-,-,?,-,false,-
com.gitlab.chrisapps,webcolor,1.3,-,-,?,-,false,-
com.gitlab.janecekpetr,embedded-postgresql-maven-plugin,0.1.0,-,-,?,-,false,-
com.gitlab.jelondoca,RuleApplications,1.0.1,-,-,?,-,false,-
com.gitlab.jhonsapp,authentication,1.0.3,-,-,?,-,false,-
com.gitlab.jhonsapp,bootstrap-address,0.0.4,-,-,?,-,false,-
com.gitlab.jhonsapp,bootstrap-document,0.0.1,-,-,?,-,false,-
com.gitlab.jhonsapp,bootstrap-object,1.0.5,-,-,?,-,false,-
com.gitlab.jhonsapp,bootstrap-test,0.0.3,-,-,?,-,false,-
com.gitlab.jhonsapp,bootstrap-user,1.0.29,-,-,?,-,false,-
com.gitlab.jhonsapp,email-dispatcher,1.0.3,-,-,?,-,false,-
com.gitlab.jhonsapp,file-manager,1.0.2,-,-,?,-,false,-
com.gitlab.jhonsapp,final-user,1.0.2,-,-,?,-,false,-
com.gitlab.jhonsapp,jsf-component,1.0.0,-,-,?,-,false,-
com.gitlab.jhonsapp,jsf-configuration,1.0.1,-,-,?,-,false,-
com.gitlab.jhonsapp,notification-reset-password,1.0.1,-,-,?,-,false,-
com.gitlab.jhonsapp,notifier,1.0.14,-,-,?,-,false,-
com.gitlab.jhonsapp,repository,1.0.12,-,-,?,-,false,-
com.gitlab.jhonsapp,simple-email,1.0.0,-,-,?,-,false,-
com.gitlab.jhonsapp,util,1.0.8,-,-,?,-,false,-
com.gitlab.jhonsapp,util-jsf,1.0.1,-,-,?,-,false,-
com.gitlab.jhonsapp,util-primefaces,1.0.0,-,-,?,-,false,-
com.gitlab.jhonsapp,validators,1.0.2,-,-,?,-,false,-
com.gitlab.jhonsapp,web-configuration,1.0.0,-,-,?,-,false,-
com.gitlab.jhonsapp,web-file-uploaded,1.0.0,-,-,?,-,false,-
com.gitlab.johnjvester,random-generator,1.4,-,-,?,-,false,-
com.gitlab.lae.gentext,gentext,0.0.3,-,-,?,-,false,-
com.gitlab.lae.isomorphic,isomorphic,0.1-beta1,-,-,?,-,false,-
com.gitlab.lae.stack.source,stack-source,0.3,-,-,?,-,false,-
com.gitlab.lae.stack.source,stack-source-junit4,0.3,-,-,?,-,false,-
com.gitlab.lae.stack.source,stack-source-junit5,0.3,-,-,?,-,false,-
com.gitlab.lae.stack.source,stack-source-processor,0.3,-,-,?,-,false,-
com.gitlab.lae.stack.source,stack-source-test,0.2.2,-,-,?,-,false,-
com.gitlab.marvinh,flexible-permutations,3.0,-,-,?,-,false,-
com.gitlab.marvinh,flexible-tree,1.3,-,-,?,-,false,-
com.gitlab.marvinh,graph,2.0,-,-,?,-,false,-
com.gitlab.marvinh,progress-tracker,1.0,-,-,?,-,false,-
com.gitlab.nopparat,dateutility,3.1.0,-,-,?,-,false,-
com.gitlab.sharebear,micrometer-resteasy,1.0.0-RC2,-,-,?,-,false,-
com.gitlab.sharebear,simpleclient_tomcat-jdbc,0.1.2,-,-,?,-,false,-
com.gitlab.spring-boot-starters,gmail-spring-boot-starter,1.0.5.RELEASE,-,-,?,-,false,-
com.gitlab.spring-cloud-rest-connector,spring-cloud-rest-cloudfoundry-connector,0.8.4,-,-,?,-,false,-
com.gitlab.spring-cloud-rest-connector,spring-cloud-rest-connector-core,0.8.4,-,-,?,-,false,-
com.gitlab.spring-cloud-rest-connector,spring-cloud-rest-localconfig-connector,0.8.4,-,-,?,-,false,-
com.gitlab.stevendobay,nvim-scala_2.12,1.0,-,-,?,-,false,-
com.gitlab.stevendobay,seed_2.12,1.0,-,-,?,-,false,-
com.gitlab.stevendobay,sls_2.12,0.1.3,-,-,?,-,false,-
com.igitras,custom-boot-autoconfigure,1.4,-,-,?,-,false,-
com.igitras,custom-boot-core,1.4,-,-,?,-,false,-
com.ironcorelabs,cats-scalatest_2.10,2.3.1,-,-,?,-,false,-
com.ironcorelabs,cats-scalatest_2.11,2.3.1,-,-,?,-,false,-
com.ironcorelabs,cats-scalatest_2.12,2.3.1,-,-,?,-,false,-
com.ironcorelabs,recrypt-core_2.12,1.3.1,-,-,?,-,false,-
com.ironcorelabs,recrypt-core_sjs0.6_2.12,1.3.1,-,-,?,-,false,-
com.kloudtek.anypoint-tools,anypoint-cli,0.9.36,-,-,?,-,false,-
com.kloudtek.anypoint-tools,anypoint-lib,0.9.36,-,-,?,-,false,-
com.kloudtek.anypoint-tools,anypoint-maven-plugin,0.9.36,-,-,?,-,false,-
com.kloudtek.devmagic,devmagic-core,0.9.10,-,-,?,-,false,-
com.kloudtek.enterprisecloudconfig,enterprise-cloud-config-client,0.9.4,-,-,?,-,false,-
com.kloudtek.enterprisecloudconfig,enterprise-cloud-config-server,0.9.4,-,-,?,-,false,-
com.kloudtek.enterprisecloudconfig.server,enterprise-cloud-config-server,0.9.0,-,-,?,-,false,-
com.kloudtek.idvkey,idvkey-api,0.9.0,-,-,?,-,false,-
com.kloudtek.kryptotek,kryptotek-rest-server-shared,1.0.25,-,-,?,-,false,-
com.kloudtek.ktserializer,ktserializer-runtime,1.2.21,-,-,?,-,false,-
com.kloudtek.ktspring,ktspring-artemis,1.0,-,-,?,-,false,-
com.kloudtek.ktspring,ktspring-atomikos,1.0,-,-,?,-,false,-
com.kloudtek.ktspring,ktspring-bitronix,1.0,-,-,?,-,false,-
com.kloudtek.ktspring,ktspring-bitronix-artemis-hibernate,1.0,-,-,?,-,false,-
com.kloudtek.ktspring,ktspring-core,1.0,-,-,?,-,false,-
com.kloudtek.ktspring,ktspring-hibernate-jpa,1.0,-,-,?,-,false,-
com.kloudtek.ktspring,ktspring-jms,1.0,-,-,?,-,false,-
com.kloudtek.ktspring,ktspring-standalone-artemis-hibernate,1.0,-,-,?,-,false,-
com.kloudtek.ktspring,ktspring-standalone-atomikos-artemis-hibernate,1.0,-,-,?,-,false,-
com.kloudtek.ktspring,ktspring-testhelper,1.0,-,-,?,-,false,-
com.kloudtek.ktutils,ktutils,1.3.10,-,-,?,-,false,-
com.kloudtek.ktutils,ktutils-android,1.3.10,-,-,?,-,false,-
com.kloudtek.ktutils,ktutils-core,1.2.18.1,-,-,?,-,false,-
com.kloudtek.ktutils,ktutils-dao,1.2.18.1,-,-,?,-,false,-
com.kloudtek.ktutils,ktutils-geo,1.2.18.1,-,-,?,-,false,-
com.kloudtek.ktutils,ktutils-http,1.3.10,-,-,?,-,false,-
com.kloudtek.ktutils,ktutils-httpclient,1.2.18,-,-,?,-,false,-
com.kloudtek.ktutils,ktutils-io,1.2.18,-,-,?,-,false,-
com.kloudtek.ktutils,ktutils-jee,1.3.10,-,-,?,-,false,-
com.kloudtek.ktutils,ktutils-jetty,1.3.10,-,-,?,-,false,-
com.kloudtek.ktutils,ktutils-jsf,1.3.10,-,-,?,-,false,-
com.kloudtek.ktutils,ktutils-json,1.3.10,-,-,?,-,false,-
com.kloudtek.ktutils,ktutils-logging,1.2.18.1,-,-,?,-,false,-
com.kloudtek.ktutils,ktutils-mule,1.3.10,-,-,?,-,false,-
com.kloudtek.ktutils,ktutils-security,1.3.10,-,-,?,-,false,-
com.kloudtek.ktutils,ktutils-selenium,1.3.10,-,-,?,-,false,-
com.kloudtek.ktutils,ktutils-spring,1.3.10,-,-,?,-,false,-
com.kloudtek.ktutils,ktutils-testing,1.3.10,-,-,?,-,false,-
com.kloudtek.ktutils,ktutils-xml,1.2.18,-,-,?,-,false,-
com.kloudtek.unpack,unpack,0.9.1,-,-,?,-,false,-
com.livingobjects.neo4j,neo4j-lo-extensions,1.6,-,-,?,-,false,-
com.moesif.api,moesifapi,1.3.1,-,-,?,-,false,-
com.moesif.servlet,moesif-servlet,1.1.0,-,-,?,-,false,-
com.moesif.unirest,unirest-java,1.0.2,-,-,?,-,false,-
com.socialbakers.easy-config,easy-config-core,0.5.7,-,-,?,-,false,-
com.socialbakers.easy-config,easy-config-maven-plugin,0.5.7,-,-,?,-,false,-
com.thejholmes.russound,api,1.2.0,-,-,?,-,false,-
com.thejholmes.russound,mock,1.2.0,-,-,?,-,false,-
com.tinify,tinify,1.6.1-beta,-,-,?,-,false,-
com.vaadin.external.atmosphere,atmosphere-annotations,2.4.24.vaadin1,-,-,?,-,false,-
com.vaadin.external.atmosphere,atmosphere-jersey,2.4.24.vaadin1,-,-,?,-,false,-
com.vaadin.external.atmosphere,atmosphere-runtime,2.4.24.vaadin1,-,-,?,-,false,-
com.vaadin.external.atmosphere,atmosphere-runtime-native,2.4.24.vaadin1,-,-,?,-,false,-
com.vaadin.external,gentyref,1.2.0.vaadin1,-,-,?,-,false,-
com.vaadin.external.gwt,gwt-codeserver,2.7.0.vaadin7,-,-,?,-,false,-
com.vaadin.external.gwt,gwt-dev,2.7.0.vaadin7,-,-,?,-,false,sun.misc.UUEncoder                       Removed. See http://openjdk.java.net/jeps/260 + sun.misc.Unsafe                          See http://openjdk.java.net/jeps/260
com.vaadin.external.gwt,gwt-elemental,2.8.2.vaadin1,-,-,?,-,false,-
com.vaadin.external.gwt,gwt-servlet,2.7.0.vaadin7,-,-,?,-,false,sun.misc.Unsafe                          See http://openjdk.java.net/jeps/260
com.vaadin.external.gwt,gwt-user,2.7.0.vaadin7,-,-,?,-,false,-
com.vaadin.external.gwt.web.bindery,requestfactory-apt,2.7.0.vaadin7,-,-,?,-,false,-
com.vaadin.external.gwt.web.bindery,requestfactory-client,2.7.0.vaadin7,-,-,?,-,false,-
com.vaadin.external.gwt.web.bindery,requestfactory-server,2.7.0.vaadin7,-,-,?,-,false,-
com.vaadin,flow-code-generator-api,1.0.4,-,-,?,-,false,-
com.vaadin,flow-data,1.0.4,-,-,?,-,false,-
com.vaadin,flow-test-generic,1.0.4,-,-,?,-,false,-
com.vaadin,vaadin,10.0.4,-,-,?,-,false,-
com.vaadin,vaadin-board-flow,2.0.2,-,-,?,-,false,-
com.vaadin,vaadin-client,8.5.1,-,-,?,-,false,-
com.vaadin,vaadin-client-compiler,8.5.1,-,-,?,-,false,-
com.vaadin,vaadin-combo-box-flow,1.0.6,-,-,?,-,false,-
com.vaadin,vaadin-components-testbench,1.0.0,-,-,?,-,false,-
com.vaadin,vaadin-grid-flow,1.1.1,-,-,?,-,false,-
com.vaadin,vaadin-list-box-flow,1.0.4,-,-,?,-,false,-
com.vaadin,vaadin-lumo-theme,1.0.4,-,-,?,-,false,-
com.vaadin,vaadin-maven-plugin,10.0.4,-,-,?,-,false,-
com.vaadin,vaadin-osgi-integration,8.5.1,-,-,?,-,false,-
com.vaadin,vaadin-radio-button-flow,1.0.3,-,-,?,-,false,-
com.vaadin,vaadin-server,8.5.1,-,-,?,-,false,-
com.vaadin,vaadin-shared,8.5.1,-,-,?,-,false,-
com.vaadin,vaadin-spring,10.0.3,-,-,?,-,false,-
com.vaadin,vaadin-tabs-flow,1.0.3,-,-,?,-,false,-
com.vaadin,vaadin-testbench-api,8.5.1,-,-,?,-,false,-
com.vaadin,vaadin-text-field-flow,1.0.4,-,-,?,-,false,-
com.vaadin,vaadin-widgets,7.7.14,-,-,?,-,false,-
com.vaadin.webjar,vaadin-charts,6.1.0,-,-,?,-,false,-
