groupId,artifactId,version,moduleName,moduleVersion,moduleMode,moduleDependencies,jdepsToolError,jdepsViolations
org.wso2.carbon.business-process,org.wso2.carbon.application.deployer.bpel,4.4.75,-,-,?,-,false,-
org.wso2.carbon.business-process,org.wso2.carbon.application.deployer.bpmn,4.4.75,-,-,?,-,false,-
org.wso2.carbon.business-process,org.wso2.carbon.application.deployer.humantask,4.4.75,-,-,?,-,false,-
org.wso2.carbon.business-process,org.wso2.carbon.application.mgt.bpel,4.4.75,-,-,?,-,false,-
org.wso2.carbon.business-process,org.wso2.carbon.application.mgt.bpel.stub,4.4.75,-,-,?,-,false,-
org.wso2.carbon.business-process,org.wso2.carbon.application.mgt.bpel.ui,4.4.75,-,-,?,-,false,-
org.wso2.carbon.business-process,org.wso2.carbon.application.mgt.humantask,4.4.75,-,-,?,-,false,-
org.wso2.carbon.business-process,org.wso2.carbon.application.mgt.humantask.stub,4.4.75,-,-,?,-,false,-
org.wso2.carbon.business-process,org.wso2.carbon.application.mgt.humantask.ui,4.4.75,-,-,?,-,false,-
org.wso2.carbon.business-process,org.wso2.carbon.attachment.mgt,4.4.75,-,-,?,-,false,-
org.wso2.carbon.business-process,org.wso2.carbon.attachment.mgt.skeleton,4.4.75,-,-,?,-,false,-
org.wso2.carbon.business-process,org.wso2.carbon.attachment.mgt.stub,4.4.75,-,-,?,-,false,-
org.wso2.carbon.business-process,org.wso2.carbon.attachment.mgt.ui,4.4.75,-,-,?,-,false,-
org.wso2.carbon.business-process,org.wso2.carbon.bpel,4.4.75,-,-,?,-,false,sun.misc.Unsafe                          See http://openjdk.java.net/jeps/260 + sun.reflect.ReflectionFactory            See http://openjdk.java.net/jeps/260
org.wso2.carbon.business-process,org.wso2.carbon.bpel.analytics.publisher,4.4.75,-,-,?,-,false,-
org.wso2.carbon.business-process,org.wso2.carbon.bpel.analytics.publisher.skeleton,4.4.75,-,-,?,-,false,-
org.wso2.carbon.business-process,org.wso2.carbon.bpel.analytics.publisher.stub,4.4.75,-,-,?,-,false,-
org.wso2.carbon.business-process,org.wso2.carbon.bpel.b4p,4.4.75,-,-,?,-,false,-
org.wso2.carbon.business-process,org.wso2.carbon.bpel.cluster.notifier,4.4.75,-,-,?,-,false,-
org.wso2.carbon.business-process,org.wso2.carbon.bpel.common,4.4.75,-,-,?,-,false,-
org.wso2.carbon.business-process,org.wso2.carbon.bpel.deployer,4.4.75,-,-,?,-,false,-
org.wso2.carbon.business-process,org.wso2.carbon.bpel.skeleton,4.4.75,-,-,?,-,false,-
org.wso2.carbon.business-process,org.wso2.carbon.bpel.stub,4.4.75,-,-,?,-,false,-
org.wso2.carbon.business-process,org.wso2.carbon.bpel.ui,4.4.75,-,-,?,-,false,-
org.wso2.carbon.business-process,org.wso2.carbon.bpmn,4.4.75,-,-,?,-,false,sun.misc.BASE64Encoder                   Use java.util.Base64 @since 1.8
org.wso2.carbon.business-process,org.wso2.carbon.bpmn.analytics.publisher,4.4.75,-,-,?,-,false,-
org.wso2.carbon.business-process,org.wso2.carbon.bpmn.extensions,4.4.75,-,-,?,-,false,-
org.wso2.carbon.business-process,org.wso2.carbon.bpmn.stub,4.4.75,-,-,?,-,false,-
org.wso2.carbon.business-process,org.wso2.carbon.bpmn.ui,4.4.75,-,-,?,-,false,sun.misc.BASE64Decoder                   Use java.util.Base64 @since 1.8
org.wso2.carbon.business-process,org.wso2.carbon.humantask,4.4.75,-,-,?,-,false,-
org.wso2.carbon.business-process,org.wso2.carbon.humantask.cleanup.scheduler,4.4.75,-,-,?,-,false,-
org.wso2.carbon.business-process,org.wso2.carbon.humantask.coordination.module,4.4.75,-,-,?,-,false,-
org.wso2.carbon.business-process,org.wso2.carbon.humantask.deployer,4.4.75,-,-,?,-,false,-
org.wso2.carbon.business-process,org.wso2.carbon.humantask.skeleton,4.4.75,-,-,?,-,false,-
org.wso2.carbon.business-process,org.wso2.carbon.humantask.stub,4.4.75,-,-,?,-,false,-
org.wso2.carbon.business-process,org.wso2.carbon.humantask.ui,4.4.75,-,-,?,-,false,-
org.wso2.carbon.business-process,org.wso2.carbon.unifiedendpoint.core,4.4.75,-,-,?,-,false,-
org.wso2.carbon.business-process,org.wso2.carbon.unifiedendpoint.stub,4.4.75,-,-,?,-,false,-
org.wso2.carbon.data,org.wso2.carbon.dataservices.common,4.4.75,-,-,?,-,false,-
org.wso2.carbon.data,org.wso2.carbon.dataservices.core,4.4.75,-,-,?,-,false,-
org.wso2.carbon.data,org.wso2.carbon.dataservices.fileupload.stub,4.4.75,-,-,?,-,false,-
org.wso2.carbon.data,org.wso2.carbon.dataservices.google.tokengen,4.4.75,-,-,?,-,false,-
org.wso2.carbon.data,org.wso2.carbon.dataservices.odata.endpoint,4.4.75,-,-,?,-,false,-
org.wso2.carbon.data,org.wso2.carbon.dataservices.sql.driver,4.4.75,-,-,?,-,false,-
org.wso2.carbon.data,org.wso2.carbon.dataservices.stub,4.4.75,-,-,?,-,false,-
org.wso2.carbon.data,org.wso2.carbon.dataservices.task,4.4.75,-,-,?,-,false,-
org.wso2.carbon.data,org.wso2.carbon.dataservices.task.stub,4.4.75,-,-,?,-,false,-
org.wso2.carbon.data,org.wso2.carbon.dataservices.task.ui,4.4.75,-,-,?,-,false,-
org.wso2.carbon.data,org.wso2.carbon.dataservices.ui,4.4.75,-,-,?,-,false,-
org.wso2.carbon.data,org.wso2.carbon.datasource.reader.cassandra,4.4.75,-,-,?,-,false,-
org.wso2.carbon.data,org.wso2.carbon.datasource.reader.hadoop,4.4.75,-,-,?,-,false,-
org.wso2.carbon.data,org.wso2.carbon.datasource.reader.mongo,4.4.75,-,-,?,-,false,-
org.wso2.carbon.data,org.wso2.carbon.dbconsole.ui,4.4.75,-,-,?,-,false,-
