groupId,artifactId,version,moduleName,moduleVersion,moduleMode,moduleDependencies,jdepsToolError,jdepsViolations
com.github.akurilov,java-commons,2.1.6,-,-,?,-,false,-
com.hankcs,hanlp,portable-1.6.8,-,-,?,-,false,sun.reflect.FieldAccessor                Removed. See http://openjdk.java.net/jeps/260 + sun.reflect.ReflectionFactory            See http://openjdk.java.net/jeps/260
com.hankcs.nlp,hanlp-lucene-plugin,1.1.5,-,-,?,-,false,-
org.mobicents.servers.jainslee.core,activities,7.1.83,-,-,?,-,false,-
org.mobicents.servers.jainslee.core,ant-tasks,2.9.148,-,-,?,-,false,-
org.mobicents.servers.jainslee.core,common,7.1.83,-,-,?,-,false,-
org.mobicents.servers.jainslee.core,components,7.1.83,-,-,?,-,false,sun.security.util.SecurityConstants      Use appropriate java.security.Permission subclass @since 1.1
org.mobicents.servers.jainslee.core,components-test-du-1-du,2.9.148,-,-,?,-,false,-
org.mobicents.servers.jainslee.core,components-test-du-1-events,2.9.148,-,-,?,-,false,-
org.mobicents.servers.jainslee.core,components-test-du-1-profiles,2.9.148,-,-,?,-,false,-
org.mobicents.servers.jainslee.core,components-test-du-1-sbb1,2.9.148,-,-,?,-,false,-
org.mobicents.servers.jainslee.core,components-test-du-1-sbb2,2.9.148,-,-,?,-,false,-
org.mobicents.servers.jainslee.core,components-test-du-2-du,2.9.148,-,-,?,-,false,-
org.mobicents.servers.jainslee.core,components-test-du-2-sbb2,2.9.148,-,-,?,-,false,-
org.mobicents.servers.jainslee.core,components-test-du-test,2.9.148,-,-,?,-,false,-
org.mobicents.servers.jainslee.core,congestion,7.1.83,-,-,?,-,false,-
org.mobicents.servers.jainslee.core,deployer,2.9.148,-,-,?,-,false,-
org.mobicents.servers.jainslee.core,descriptors,7.1.83,-,-,?,-,false,-
org.mobicents.servers.jainslee.core,events,7.1.83,-,-,?,-,false,-
org.mobicents.servers.jainslee.core,fault-tolerant-ra-api,7.1.83,-,-,?,-,false,-
org.mobicents.servers.jainslee.core,fault-tolerant-ra-impl,7.1.83,-,-,?,-,false,-
org.mobicents.servers.jainslee.core,jmx-property-editors,7.1.83,-,-,?,-,false,-
org.mobicents.servers.jainslee.core,mobicents-slee-core-docs-sources-mobicents,3.0.49,-,-,?,-,false,-
org.mobicents.servers.jainslee.core,profiles,7.1.83,-,-,?,-,false,-
org.mobicents.servers.jainslee.core,remote,7.1.83,-,-,?,-,false,-
org.mobicents.servers.jainslee.core,resource,7.1.83,-,-,?,-,false,-
org.mobicents.servers.jainslee.core,restcomm-slee-core-docs-sources-asciidoc,7.1.83,-,-,?,-,false,-
org.mobicents.servers.jainslee.core,router,7.1.83,-,-,?,-,false,-
org.mobicents.servers.jainslee.core,services,7.1.83,-,-,?,-,false,-
org.mobicents.servers.jainslee.core,slee-container-build-as7-extension,7.1.83,-,-,?,-,false,-
org.mobicents.servers.jainslee.core,slee-container-build-as7-modules,7.1.83,-,-,?,-,false,-
org.mobicents.servers.jainslee.core,slee-timers,7.1.83,-,-,?,-,false,-
org.mobicents.servers.jainslee.core,spi,7.1.83,-,-,?,-,false,-
org.mobicents.servers.jainslee.core,standard-components-du,7.1.83,-,-,?,-,false,-
org.mobicents.servers.jainslee.core,standard-events-jar,7.1.83,-,-,?,-,false,-
org.mobicents.servers.jainslee.core,standard-profiles11-jar,7.1.83,-,-,?,-,false,-
org.mobicents.servers.jainslee.core,standard-profiles-jar,7.1.83,-,-,?,-,false,-
org.mobicents.servers.jainslee.core,transaction,7.1.83,-,-,?,-,false,-
org.mobicents.servers.jainslee.core,usage,7.1.83,-,-,?,-,false,-
org.mobicents.servers.jainslee.tools,restcomm-slee-jopr-as-5-plugin,2.9.148,-,-,?,-,false,-
org.mobicents.servers.jainslee.tools,restcomm-slee-tools-management-console-docs-sources,2.9.148,-,-,?,-,false,-
ws.osiris,osiris-aws,0.10.1,-,-,?,-,false,-
ws.osiris,osiris-aws-deploy,0.10.1,-,-,?,-,false,-
ws.osiris,osiris-core,0.10.1,-,-,?,-,false,-
ws.osiris,osiris-integration,0.10.1,-,-,?,-,false,-
ws.osiris,osiris-local-server,0.10.1,-,-,?,-,false,-
ws.osiris,osiris-maven-plugin,0.10.1,-,-,?,-,false,-
ws.osiris,osiris-server,0.10.1,-,-,?,-,false,-
