groupId,artifactId,version,moduleName,moduleVersion,moduleMode,moduleDependencies,jdepsToolError,jdepsViolations
com.github.acmi,jaxb2-jsr305-plugin,1.0.0,-,-,?,-,false,-
com.github.brian-watkins,pine,1.1.2,-,-,?,-,false,-
com.github.dongyajie,joindao,1.2,-,-,?,-,false,-
com.github.dpaukov,combinatoricslib3,3.3.0,-,-,?,-,false,-
com.github.jupfu,chelona_2.12,1.3.0,-,-,?,-,false,-
com.github.jupfu,chelona_sjs0.6_2.12,1.3.0,-,-,?,-,false,-
com.github.max-leuthaeuser,scroll_2.12,1.5,-,-,?,-,false,-
com.github.max-leuthaeuser,scrollannotations_2.12,0.0.1,-,-,?,-,false,-
com.github.pshirshov.izumi,izumi-r2_2.12,0.4.11,-,-,?,-,false,-
com.github.pshirshov.izumi.legacy,akka_2.12,1.4.16,-,-,?,-,false,-
com.github.pshirshov.izumi.legacy,akka-http-hal_2.11,1.4.16,-,-,?,-,false,-
com.github.pshirshov.izumi.legacy,akka-http-restlike_2.11,1.4.16,-,-,?,-,false,-
com.github.pshirshov.izumi.legacy,app-akka-http_2.11,1.4.16,-,-,?,-,false,-
com.github.pshirshov.izumi.legacy,app-skeleton_2.11,1.4.16,-,-,?,-,false,sun.misc.Signal                          See http://openjdk.java.net/jeps/260 + sun.misc.SignalHandler                   See http://openjdk.java.net/jeps/260
com.github.pshirshov.izumi.legacy,cassandra_2.12,1.4.16,-,-,?,-,false,-
com.github.pshirshov.izumi.legacy,clustering_2.12,1.4.16,-,-,?,-,false,-
com.github.pshirshov.izumi.legacy,commons-cdi_2.11,1.4.16,-,-,?,-,false,-
com.github.pshirshov.izumi.legacy,commons-config_2.11,1.4.16,-,-,?,-,false,-
com.github.pshirshov.izumi.legacy,commons-model_2.12,1.4.16,-,-,?,-,false,-
com.github.pshirshov.izumi.legacy,commons-test_2.11,1.4.16,-,-,?,-,false,-
com.github.pshirshov.izumi.legacy,commons-util_2.11,1.4.16,-,-,?,-,false,-
com.github.pshirshov.izumi.legacy,failures_2.11,1.4.16,-,-,?,-,false,-
com.github.pshirshov.izumi.legacy,failures-cassandra_2.12,1.4.16,-,-,?,-,false,-
com.github.pshirshov.izumi.legacy,failures-model_2.11,1.4.16,-,-,?,-,false,-
com.github.pshirshov.izumi.legacy,geoip_2.12,1.4.16,-,-,?,-,false,-
com.github.pshirshov.izumi.legacy,izumi-legacy_2.12,1.4.16,-,-,?,-,false,-
com.github.pshirshov.izumi.legacy,json_2.12,1.4.16,-,-,?,-,false,-
com.github.pshirshov.izumi.r2,distage-app_2.12,0.5.54,-,-,?,-,false,-
com.github.pshirshov.izumi.r2,distage-cats_2.12,0.5.54,-,-,?,-,false,-
com.github.pshirshov.izumi.r2,distage-config_2.12,0.5.54,-,-,?,-,false,-
com.github.pshirshov.izumi.r2,distage-core_2.12,0.5.54,-,-,?,-,false,-
com.github.pshirshov.izumi.r2,distage-macro_2.12,0.4.18,-,-,?,-,false,-
com.github.pshirshov.izumi.r2,distage-model_2.12,0.5.54,-,-,?,-,false,-
com.github.pshirshov.izumi.r2,distage-plugins_2.12,0.5.54,-,-,?,-,false,-
com.github.pshirshov.izumi.r2,distage-proxy-cglib_2.12,0.5.54,-,-,?,-,false,-
com.github.pshirshov.izumi.r2,distage-roles_2.12,0.5.54,-,-,?,-,false,-
com.github.pshirshov.izumi.r2,distage-roles-api_2.12,0.5.54,-,-,?,-,false,-
com.github.pshirshov.izumi.r2,distage-static_2.12,0.5.54,-,-,?,-,false,-
com.github.pshirshov.izumi.r2,fastparse-shaded_2.12,0.5.54,-,-,?,-,false,-
com.github.pshirshov.izumi.r2,fundamentals-collections_2.12,0.5.54,-,-,?,-,false,-
com.github.pshirshov.izumi.r2,fundamentals-functional_2.12,0.5.54,-,-,?,-,false,-
com.github.pshirshov.izumi.r2,fundamentals-platform_2.12,0.5.54,-,-,?,-,false,-
com.github.pshirshov.izumi.r2,fundamentals-reflection_2.12,0.5.54,-,-,?,-,false,-
com.github.pshirshov.izumi.r2,idealingua-compiler_2.12,0.5.54,-,-,?,-,false,sun.misc.Unsafe                          See http://openjdk.java.net/jeps/260
com.github.pshirshov.izumi.r2,idealingua-core_2.12,0.5.54,-,-,?,-,false,-
com.github.pshirshov.izumi.r2,idealingua-extension-rpc-format-circe_2.12,0.5.42,-,-,?,-,false,-
com.github.pshirshov.izumi.r2,idealingua-format-circe_2.12,0.4.18,-,-,?,-,false,-
com.github.pshirshov.izumi.r2,idealingua-model_2.12,0.5.54,-,-,?,-,false,-
com.github.pshirshov.izumi.r2,idealingua-runtime-cats_2.12,0.4.18,-,-,?,-,false,-
com.github.pshirshov.izumi.r2,idealingua-runtime-rpc_2.12,0.5.42,-,-,?,-,false,-
com.github.pshirshov.izumi.r2,idealingua-runtime-rpc-cats_2.12,0.5.42,-,-,?,-,false,-
com.github.pshirshov.izumi.r2,idealingua-runtime-rpc-circe_2.12,0.5.42,-,-,?,-,false,-
com.github.pshirshov.izumi.r2,idealingua-runtime-rpc-c-sharp_2.12,0.5.54,-,-,?,-,false,-
com.github.pshirshov.izumi.r2,idealingua-runtime-rpc-go_2.12,0.5.54,-,-,?,-,false,-
com.github.pshirshov.izumi.r2,idealingua-runtime-rpc-http4s_2.12,0.5.54,-,-,?,-,false,-
com.github.pshirshov.izumi.r2,idealingua-runtime-rpc-scala_2.12,0.5.54,-,-,?,-,false,-
com.github.pshirshov.izumi.r2,idealingua-runtime-rpc-typescript_2.12,0.5.54,-,-,?,-,false,-
com.github.pshirshov.izumi.r2,idealingua-test-defs_2.12,0.5.54,-,-,?,-,false,-
com.github.pshirshov.izumi.r2,izumi-r2_2.12,0.5.54,-,-,?,-,false,-
com.github.pshirshov.izumi.r2,logstage-adapter-slf4j_2.12,0.5.54,-,-,?,-,false,-
com.github.pshirshov.izumi.r2,logstage-api_2.12,0.4.18,-,-,?,-,false,-
com.github.pshirshov.izumi.r2,logstage-api-base_2.12,0.5.54,-,-,?,-,false,-
com.github.pshirshov.izumi.r2,logstage-api-base-macro_2.12,0.5.54,-,-,?,-,false,-
com.github.pshirshov.izumi.r2,logstage-api-logger_2.12,0.5.54,-,-,?,-,false,-
com.github.pshirshov.izumi.r2,logstage-di_2.12,0.5.54,-,-,?,-,false,-
com.github.pshirshov.izumi.r2,logstage-json-json4s_2.12,0.4.18,-,-,?,-,false,-
com.github.pshirshov.izumi.r2,logstage-macro_2.12,0.4.18,-,-,?,-,false,-
com.github.pshirshov.izumi.r2,logstage-model_2.12,0.4.18,-,-,?,-,false,-
com.github.pshirshov.izumi.r2,logstage-rendering-circe_2.12,0.5.54,-,-,?,-,false,-
com.github.pshirshov.izumi.r2,logstage-rendering-json4s_2.12,0.5.48,-,-,?,-,false,-
com.github.pshirshov.izumi.r2,logstage-routing_2.12,0.4.18,-,-,?,-,false,-
com.github.pshirshov.izumi.r2,logstage-sink-console_2.12,0.5.41,-,-,?,-,false,-
com.github.pshirshov.izumi.r2,logstage-sink-file_2.12,0.5.41,-,-,?,-,false,-
com.github.pshirshov.izumi.r2,logstage-sink-slf4j_2.12,0.5.54,-,-,?,-,false,-
com.github.pshirshov.izumi.r2,scalaz-zio_2.12,0.1.0,-,-,?,-,false,-
com.github.pshirshov.izumi.r2,scalaz-zio-interop_2.12,0.1.0,-,-,?,-,false,-
com.github.pshirshov.izumi.r2,scalaz-zio-interop_sjs0.6_2.12,0.1.0,-,-,?,-,false,-
com.github.pshirshov.izumi.r2,scalaz-zio_sjs0.6_2.12,0.1.0,-,-,?,-,false,-
com.github.seleniumhouse,CodeBreeze,1.0.3,-,-,?,-,false,-
com.github.seratch,awscala_2.10,0.7.2,-,-,?,-,false,-
com.github.seratch,awscala_2.11,0.7.2,-,-,?,-,false,-
com.github.seratch,awscala_2.12,0.7.2,-,-,?,-,false,-
com.github.seratch,awscala-core_2.10,0.7.2,-,-,?,-,false,-
com.github.seratch,awscala-core_2.11,0.7.2,-,-,?,-,false,-
com.github.seratch,awscala-core_2.12,0.7.2,-,-,?,-,false,-
com.github.seratch,awscala-dynamodb_2.10,0.7.2,-,-,?,-,false,-
com.github.seratch,awscala-dynamodb_2.11,0.7.2,-,-,?,-,false,-
com.github.seratch,awscala-dynamodb_2.12,0.7.2,-,-,?,-,false,-
com.github.seratch,awscala-ec2_2.10,0.7.2,-,-,?,-,false,-
com.github.seratch,awscala-ec2_2.11,0.7.2,-,-,?,-,false,-
com.github.seratch,awscala-ec2_2.12,0.7.2,-,-,?,-,false,-
com.github.seratch,awscala-emr_2.10,0.7.2,-,-,?,-,false,-
com.github.seratch,awscala-emr_2.11,0.7.2,-,-,?,-,false,-
com.github.seratch,awscala-emr_2.12,0.7.2,-,-,?,-,false,-
com.github.seratch,awscala-iam_2.10,0.7.2,-,-,?,-,false,-
com.github.seratch,awscala-iam_2.11,0.7.2,-,-,?,-,false,-
com.github.seratch,awscala-iam_2.12,0.7.2,-,-,?,-,false,-
com.github.seratch,awscala-redshift_2.10,0.7.2,-,-,?,-,false,-
com.github.seratch,awscala-redshift_2.11,0.7.2,-,-,?,-,false,-
com.github.seratch,awscala-redshift_2.12,0.7.2,-,-,?,-,false,-
com.github.seratch,awscala-s3_2.10,0.7.2,-,-,?,-,false,-
com.github.seratch,awscala-s3_2.11,0.7.2,-,-,?,-,false,-
com.github.seratch,awscala-s3_2.12,0.7.2,-,-,?,-,false,-
com.github.seratch,awscala-simpledb_2.10,0.7.2,-,-,?,-,false,-
com.github.seratch,awscala-simpledb_2.11,0.7.2,-,-,?,-,false,-
com.github.seratch,awscala-simpledb_2.12,0.7.2,-,-,?,-,false,-
com.github.seratch,awscala-sqs_2.10,0.7.2,-,-,?,-,false,-
com.github.seratch,awscala-sqs_2.11,0.7.2,-,-,?,-,false,-
com.github.seratch,awscala-sqs_2.12,0.7.2,-,-,?,-,false,-
com.github.seratch,awscala-stepfunctions_2.10,0.7.2,-,-,?,-,false,-
com.github.seratch,awscala-stepfunctions_2.11,0.7.2,-,-,?,-,false,-
com.github.seratch,awscala-stepfunctions_2.12,0.7.2,-,-,?,-,false,-
com.github.seratch,awscala-sts_2.10,0.7.2,-,-,?,-,false,-
com.github.seratch,awscala-sts_2.11,0.7.2,-,-,?,-,false,-
com.github.seratch,awscala-sts_2.12,0.7.2,-,-,?,-,false,-
com.github.seratch,bigquery4s_2.10,0.8,-,-,?,-,false,-
com.github.seratch,bigquery4s_2.11,0.8,-,-,?,-,false,-
com.github.seratch,bigquery4s_2.12,0.8,-,-,?,-,false,-
com.github.seratch,jslack,1.1.5,-,-,?,-,false,-
com.github.seratch,kotliquery,1.2.0,-,-,?,-,false,-
com.github.shouaya,sawa,0.0.4,-,-,?,-,false,com.sun.tools.javac.processing.JavacFiler Use javax.tools and javax.lang.model @since 1.6 + com.sun.tools.javac.processing.JavacProcessingEnvironment Use javax.tools and javax.lang.model @since 1.6 + com.sun.tools.javac.util.Context         Use javax.tools and javax.lang.model @since 1.6 + com.sun.tools.javac.util.Options         Use javax.tools and javax.lang.model @since 1.6 + sun.misc.Unsafe                          See http://openjdk.java.net/jeps/260 + sun.reflect.Reflection                   Use java.lang.StackWalker @since 9
com.github.sitrakary,unit-converter,1.0-SNAPSHOT.1,-,-,?,-,false,-
com.github.stefanofornari,xtest-aws,1.0.0,-,-,?,-,false,-
com.github.szczurmys,flink-cassandra-keyspace-cluster,1.1.0,-,-,?,-,false,-
com.github.szczurmys,ignite-cassandra-store,2.5.0,-,-,?,-,false,-
com.github.unipop-graph,unipop-core,0.2.1,-,-,?,-,false,sun.reflect.generics.reflectiveObjects.NotImplementedException Removed. See http://openjdk.java.net/jeps/260
com.github.unipop-graph,unipop-elastic,0.2.1,-,-,?,-,false,-
com.github.unipop-graph,unipop-jdbc,0.2.1,-,-,?,-,false,-
com.github.unipop-graph,unipop-rest,0.2.1,-,-,?,-,false,-
com.github.unipop-graph,unipop-test,0.2.1,-,-,?,-,false,-
com.github.wakingrufus,lib-elo,0.3.1,-,-,?,-,false,-
com.github.xuwei-k,applybuilder_2.12,0.2.3,-,-,?,-,false,-
com.github.xuwei-k,applybuilder_2.13.0-M3,0.2.3,-,-,?,-,false,-
com.github.xuwei-k,applybuilder71_2.12,0.1.6,-,-,?,-,false,-
com.github.xuwei-k,applybuilder_sjs0.6_2.13.0-M4,0.2.3,-,-,?,-,false,-
com.github.xuwei-k,ghscala_2.10,0.5.0,-,-,?,-,false,-
com.github.xuwei-k,httpmock_2.11,0.4.0,-,-,?,-,false,-
com.github.xuwei-k,httpz_2.11,0.5.1,-,-,?,-,false,-
com.github.xuwei-k,httpz-apache_2.12,0.5.1,-,-,?,-,false,-
com.github.xuwei-k,httpz-async_2.12,0.5.1,-,-,?,-,false,-
com.github.xuwei-k,httpz-native_2.11,0.5.1,-,-,?,-,false,-
com.github.xuwei-k,httpz-native-client_2.11,0.5.1,-,-,?,-,false,-
com.github.xuwei-k,httpz-scalaj_2.12,0.5.1,-,-,?,-,false,-
com.github.xuwei-k,iarray_sjs0.6_2.13.0-M1,0.4.0,-,-,?,-,false,-
com.github.xuwei-k,msgpack4z-argonaut_2.11,0.5.1,-,-,?,-,false,-
com.github.xuwei-k,msgpack4z-argonaut_sjs0.6_2.12,0.5.1,-,-,?,-,false,-
com.github.xuwei-k,msgpack4z-circe_sjs0.6_2.11,0.6.0,-,-,?,-,false,-
com.github.xuwei-k,msgpack4z-core_2.11,0.3.9,-,-,?,-,false,-
com.github.xuwei-k,msgpack4z-core_2.13.0-M2,0.3.8,-,-,?,-,false,-
com.github.xuwei-k,msgpack4z-core_sjs0.6_2.12,0.3.9,-,-,?,-,false,-
com.github.xuwei-k,msgpack4z-core_sjs0.6_2.13.0-M3,0.3.9,-,-,?,-,false,-
com.github.xuwei-k,msgpack4z-java,0.3.5,-,-,?,-,false,-
com.github.xuwei-k,msgpack4z-jawn_2.12,0.3.9,-,-,?,-,false,-
com.github.xuwei-k,msgpack4z-jawn_2.13.0-M3,0.3.8,-,-,?,-,false,-
com.github.xuwei-k,msgpack4z-native_2.13.0-M4,0.3.5,-,-,?,-,false,-
com.github.xuwei-k,msgpack4z-native_2.13.0-M4-pre-20d3c21,0.3.4,-,-,?,-,false,-
com.github.xuwei-k,msgpack4z-native_native0.2_2.11,0.3.3,-,-,?,-,false,-
com.github.xuwei-k,msgpack4z-native_sjs0.6_2.13.0-M1,0.3.3,-,-,?,-,false,-
com.github.xuwei-k,msgpack4z-native_sjs1.0.0-M1_2.13.0-M1,0.3.3,-,-,?,-,false,-
com.github.xuwei-k,msgpack4z-play_2.13.0-M1,0.5.1,-,-,?,-,false,-
com.github.xuwei-k,msgpack4z-play_sjs0.6_2.11,0.5.2,-,-,?,-,false,-
com.github.xuwei-k,nobox_2.11,0.2.0,-,-,?,-,false,-
com.github.xuwei-k,nobox_2.13.0-M2,0.2.0,-,-,?,-,false,-
com.github.xuwei-k,nobox_sjs0.6_2.12,0.2.0,-,-,?,-,false,-
com.github.xuwei-k,nobox_sjs0.6_2.13.0-M3,0.2.0,-,-,?,-,false,-
com.github.xuwei-k,optparse-applicative_2.12,0.8.0,-,-,?,-,false,-
com.github.xuwei-k,optparse-applicative_2.13.0-M3,0.8.0,-,-,?,-,false,-
com.github.xuwei-k,optparse-applicative_sjs0.6_2.13.0-M4,0.8.0,-,-,?,-,false,-
com.github.xuwei-k,pj_2.11,0.1.1,-,-,?,-,false,-
com.github.xuwei-k,play2scalaz_2.11,0.5.1,-,-,?,-,false,-
com.github.xuwei-k,play2scalaz_sjs0.6_2.12,0.5.1,-,-,?,-,false,-
com.github.xuwei-k,play2scalaz_sjs0.6_2.13.0-M3,0.5.1,-,-,?,-,false,-
com.github.xuwei-k,play-json-extra_2.11,0.5.1,-,-,?,-,false,-
com.github.xuwei-k,play-json-extra_sjs0.6_2.12,0.5.1,-,-,?,-,false,-
com.github.xuwei-k,play-json-extra_sjs0.6_2.13.0-M3,0.5.1,-,-,?,-,false,-
com.github.xuwei-k,scalapb-playjson_sjs0.6_2.11,0.5.0,-,-,?,-,false,-
com.github.xuwei-k,usagi_2.12,0.2.2,-,-,?,-,false,-
com.github.xuwei-k,zeroapply_2.11,0.2.2,-,-,?,-,false,-
com.github.xuwei-k,zeroapply-scalaz_2.13.0-M3,0.2.2,-,-,?,-,false,-
com.github.youngce,config4s_2.12,0.1,-,-,?,-,false,-
io.github.mstachniuk,graphql-schema-from-introspection-generator-core,0.1.5,-,-,?,-,false,-
org.apereo.cas,cas-server,6.0.0-RC1,-,-,?,-,false,-
org.apereo.cas,cas-server-core,6.0.0-RC1,cas-server-core,-,automatic,-,false,-
org.apereo.cas,cas-server-core-api,6.0.0-RC1,cas-server-core-api,-,automatic,-,false,-
org.apereo.cas,cas-server-core-api-audit,6.0.0-RC1,cas-server-core-api-audit,-,automatic,-,false,-
org.apereo.cas,cas-server-core-api-authentication,6.0.0-RC1,cas-server-core-api-authentication,-,automatic,-,false,-
org.apereo.cas,cas-server-core-api-configuration,6.0.0-RC1,cas-server-core-api-configuration,-,automatic,-,false,-
org.apereo.cas,cas-server-core-api-configuration-model,6.0.0-RC1,cas-server-core-api-configuration-model,-,automatic,-,false,-
org.apereo.cas,cas-server-core-api-events,6.0.0-RC1,cas-server-core-api-events,-,automatic,-,false,-
org.apereo.cas,cas-server-core-api-logout,6.0.0-RC1,cas-server-core-api-logout,-,automatic,-,false,-
org.apereo.cas,cas-server-core-api-monitor,6.0.0-RC1,cas-server-core-api-monitor,-,automatic,-,false,-
org.apereo.cas,cas-server-core-api-protocol,6.0.0-RC1,cas-server-core-api-protocol,-,automatic,-,false,-
org.apereo.cas,cas-server-core-api-services,6.0.0-RC1,cas-server-core-api-services,-,automatic,-,false,-
org.apereo.cas,cas-server-core-api-test-category,6.0.0-RC1,cas-server-core-api-test-category,-,automatic,-,false,-
org.apereo.cas,cas-server-core-api-throttle,6.0.0-RC1,cas-server-core-api-throttle,-,automatic,-,false,-
org.apereo.cas,cas-server-core-api-ticket,6.0.0-RC1,cas-server-core-api-ticket,-,automatic,-,false,-
org.apereo.cas,cas-server-core-api-util,6.0.0-RC1,cas-server-core-api-util,-,automatic,-,false,-
org.apereo.cas,cas-server-core-api-validation,6.0.0-RC1,cas-server-core-api-validation,-,automatic,-,false,-
org.apereo.cas,cas-server-core-api-web,6.0.0-RC1,cas-server-core-api-web,-,automatic,-,false,-
org.apereo.cas,cas-server-core-api-webflow,6.0.0-RC1,cas-server-core-api-webflow,-,automatic,-,false,-
org.apereo.cas,cas-server-core-audit,6.0.0-RC1,cas-server-core-audit,-,automatic,-,false,-
org.apereo.cas,cas-server-core-audit-api,6.0.0-RC1,cas-server-core-audit-api,-,automatic,-,false,-
org.apereo.cas,cas-server-core-authentication,6.0.0-RC1,cas-server-core-authentication,-,automatic,-,false,-
org.apereo.cas,cas-server-core-authentication-api,6.0.0-RC1,cas-server-core-authentication-api,-,automatic,-,false,-
org.apereo.cas,cas-server-core-authentication-attributes,6.0.0-RC1,cas-server-core-authentication-attributes,-,automatic,-,false,-
org.apereo.cas,cas-server-core-authentication-mfa,6.0.0-RC1,cas-server-core-authentication-mfa,-,automatic,-,false,-
org.apereo.cas,cas-server-core-configuration,6.0.0-RC1,cas-server-core-configuration,-,automatic,-,false,-
org.apereo.cas,cas-server-core-configuration-api,6.0.0-RC1,cas-server-core-configuration-api,-,automatic,-,false,-
org.apereo.cas,cas-server-core-configuration-metadata-repository,6.0.0-RC1,cas-server-core-configuration-metadata-repository,-,automatic,-,false,-
org.apereo.cas,cas-server-core-cookie,6.0.0-RC1,cas-server-core-cookie,-,automatic,-,false,-
org.apereo.cas,cas-server-core-cookie-api,6.0.0-RC1,cas-server-core-cookie-api,-,automatic,-,false,-
org.apereo.cas,cas-server-core-events,6.0.0-RC1,cas-server-core-events,-,automatic,-,false,-
org.apereo.cas,cas-server-core-events-configuration,6.0.0-RC1,cas-server-core-events-configuration,-,automatic,-,false,-
org.apereo.cas,cas-server-core-events-configuration-cloud-bus,6.0.0-RC1,cas-server-core-events-configuration-cloud-bus,-,automatic,-,false,-
org.apereo.cas,cas-server-core-logging,6.0.0-RC1,cas-server-core-logging,-,automatic,-,false,-
org.apereo.cas,cas-server-core-logging-config,6.0.0-RC1,cas-server-core-logging-config,-,automatic,-,false,-
org.apereo.cas,cas-server-core-logout,6.0.0-RC1,cas-server-core-logout,-,automatic,-,false,-
org.apereo.cas,cas-server-core-logout-api,6.0.0-RC1,cas-server-core-logout-api,-,automatic,-,false,-
org.apereo.cas,cas-server-core-monitor,6.0.0-RC1,cas-server-core-monitor,-,automatic,-,false,-
org.apereo.cas,cas-server-core-rest,6.0.0-RC1,cas-server-core-rest,-,automatic,-,false,-
org.apereo.cas,cas-server-core-services,6.0.0-RC1,cas-server-core-services,-,automatic,-,false,-
org.apereo.cas,cas-server-core-services-api,6.0.0-RC1,cas-server-core-services-api,-,automatic,-,false,-
org.apereo.cas,cas-server-core-services-authentication,6.0.0-RC1,cas-server-core-services-authentication,-,automatic,-,false,-
org.apereo.cas,cas-server-core-services-registry,6.0.0-RC1,cas-server-core-services-registry,-,automatic,-,false,-
org.apereo.cas,cas-server-core-tickets,6.0.0-RC1,cas-server-core-tickets,-,automatic,-,false,-
org.apereo.cas,cas-server-core-tickets-api,6.0.0-RC1,cas-server-core-tickets-api,-,automatic,-,false,-
org.apereo.cas,cas-server-core-util,6.0.0-RC1,cas-server-core-util,-,automatic,-,false,-
org.apereo.cas,cas-server-core-util-api,6.0.0-RC1,cas-server-core-util-api,-,automatic,-,false,-
org.apereo.cas,cas-server-core-validation,6.0.0-RC1,cas-server-core-validation,-,automatic,-,false,-
org.apereo.cas,cas-server-core-validation-api,6.0.0-RC1,cas-server-core-validation-api,-,automatic,-,false,-
org.apereo.cas,cas-server-core-web,6.0.0-RC1,cas-server-core-web,-,automatic,-,false,-
org.apereo.cas,cas-server-core-web-api,6.0.0-RC1,cas-server-core-web-api,-,automatic,-,false,-
org.apereo.cas,cas-server-core-webflow,6.0.0-RC1,cas-server-core-webflow,-,automatic,-,false,-
org.apereo.cas,cas-server-core-webflow-api,6.0.0-RC1,cas-server-core-webflow-api,-,automatic,-,false,-
org.apereo.cas,cas-server-documentation-swagger,6.0.0-RC1,cas-server-documentation-swagger,-,automatic,-,false,-
org.apereo.cas,cas-server-support-actions,6.0.0-RC1,cas-server-support-actions,-,automatic,-,false,-
org.apereo.cas,cas-server-support-audit-jdbc,6.0.0-RC1,cas-server-support-audit-jdbc,-,automatic,-,false,-
org.apereo.cas,cas-server-support-audit-mongo,6.0.0-RC1,cas-server-support-audit-mongo,-,automatic,-,false,-
org.apereo.cas,cas-server-support-audit-rest,6.0.0-RC1,cas-server-support-audit-rest,-,automatic,-,false,-
org.apereo.cas,cas-server-support-aup-core,6.0.0-RC1,cas-server-support-aup-core,-,automatic,-,false,-
org.apereo.cas,cas-server-support-aup-jdbc,6.0.0-RC1,cas-server-support-aup-jdbc,-,automatic,-,false,-
org.apereo.cas,cas-server-support-aup-ldap,6.0.0-RC1,cas-server-support-aup-ldap,-,automatic,-,false,-
org.apereo.cas,cas-server-support-aup-mongo,6.0.0-RC1,cas-server-support-aup-mongo,-,automatic,-,false,-
org.apereo.cas,cas-server-support-aup-rest,6.0.0-RC1,cas-server-support-aup-rest,-,automatic,-,false,-
org.apereo.cas,cas-server-support-aup-webflow,6.0.0-RC1,cas-server-support-aup-webflow,-,automatic,-,false,-
org.apereo.cas,cas-server-support-authy,6.0.0-RC1,cas-server-support-authy,-,automatic,-,false,-
org.apereo.cas,cas-server-support-authy-core,6.0.0-RC1,cas-server-support-authy-core,-,automatic,-,false,-
org.apereo.cas,cas-server-support-aws,6.0.0-RC1,cas-server-support-aws,-,automatic,-,false,-
org.apereo.cas,cas-server-support-azure,5.3.3,-,-,?,-,false,-
org.apereo.cas,cas-server-support-azure-core,5.3.3,-,-,?,-,false,-
org.apereo.cas,cas-server-support-basic,6.0.0-RC1,cas-server-support-basic,-,automatic,-,false,-
org.apereo.cas,cas-server-support-bom,6.0.0-RC1,cas-server-support-bom,-,automatic,-,false,-
org.apereo.cas,cas-server-support-bootadmin-client,6.0.0-RC1,cas-server-support-bootadmin-client,-,automatic,-,false,-
org.apereo.cas,cas-server-support-captcha,6.0.0-RC1,cas-server-support-captcha,-,automatic,-,false,-
org.apereo.cas,cas-server-support-cassandra-authentication,6.0.0-RC1,cas-server-support-cassandra-authentication,-,automatic,-,false,-
org.apereo.cas,cas-server-support-cassandra-core,6.0.0-RC1,cas-server-support-cassandra-core,-,automatic,-,false,-
org.apereo.cas,cas-server-support-cloud-directory-authentication,6.0.0-RC1,cas-server-support-cloud-directory-authentication,-,automatic,-,false,-
org.apereo.cas,cas-server-support-configuration,6.0.0-RC1,cas-server-support-configuration,-,automatic,-,false,-
org.apereo.cas,cas-server-support-configuration-cloud-amqp,6.0.0-RC1,cas-server-support-configuration-cloud-amqp,-,automatic,-,false,-
org.apereo.cas,cas-server-support-configuration-cloud-aws-s3,6.0.0-RC1,cas-server-support-configuration-cloud-aws-s3,-,automatic,-,false,-
org.apereo.cas,cas-server-support-configuration-cloud-aws-secretsmanager,6.0.0-RC1,cas-server-support-configuration-cloud-aws-secretsmanager,-,automatic,-,false,-
org.apereo.cas,cas-server-support-configuration-cloud-azure-keyvault,6.0.0-RC1,cas-server-support-configuration-cloud-azure-keyvault,-,automatic,-,false,-
org.apereo.cas,cas-server-support-configuration-cloud-dynamodb,6.0.0-RC1,cas-server-support-configuration-cloud-dynamodb,-,automatic,-,false,-
org.apereo.cas,cas-server-support-configuration-cloud-jdbc,6.0.0-RC1,cas-server-support-configuration-cloud-jdbc,-,automatic,-,false,-
org.apereo.cas,cas-server-support-configuration-cloud-kafka,6.0.0-RC1,cas-server-support-configuration-cloud-kafka,-,automatic,-,false,-
org.apereo.cas,cas-server-support-configuration-cloud-mongo,6.0.0-RC1,cas-server-support-configuration-cloud-mongo,-,automatic,-,false,-
org.apereo.cas,cas-server-support-configuration-cloud-vault,6.0.0-RC1,cas-server-support-configuration-cloud-vault,-,automatic,-,false,-
org.apereo.cas,cas-server-support-configuration-cloud-zookeeper,6.0.0-RC1,cas-server-support-configuration-cloud-zookeeper,-,automatic,-,false,-
org.apereo.cas,cas-server-support-consent-api,6.0.0-RC1,cas-server-support-consent-api,-,automatic,-,false,-
org.apereo.cas,cas-server-support-consent-core,6.0.0-RC1,cas-server-support-consent-core,-,automatic,-,false,-
org.apereo.cas,cas-server-support-consent-jdbc,6.0.0-RC1,cas-server-support-consent-jdbc,-,automatic,-,false,-
org.apereo.cas,cas-server-support-consent-ldap,6.0.0-RC1,cas-server-support-consent-ldap,-,automatic,-,false,-
org.apereo.cas,cas-server-support-consent-mongo,6.0.0-RC1,cas-server-support-consent-mongo,-,automatic,-,false,-
org.apereo.cas,cas-server-support-consent-rest,6.0.0-RC1,cas-server-support-consent-rest,-,automatic,-,false,-
org.apereo.cas,cas-server-support-consent-webflow,6.0.0-RC1,cas-server-support-consent-webflow,-,automatic,-,false,-
org.apereo.cas,cas-server-support-consul-client,6.0.0-RC1,cas-server-support-consul-client,-,automatic,-,false,-
org.apereo.cas,cas-server-support-cosmosdb-core,6.0.0-RC1,cas-server-support-cosmosdb-core,-,automatic,-,false,-
org.apereo.cas,cas-server-support-cosmosdb-service-registry,6.0.0-RC1,cas-server-support-cosmosdb-service-registry,-,automatic,-,false,-
org.apereo.cas,cas-server-support-couchbase-authentication,6.0.0-RC1,cas-server-support-couchbase-authentication,-,automatic,-,false,-
org.apereo.cas,cas-server-support-couchbase-core,6.0.0-RC1,cas-server-support-couchbase-core,-,automatic,-,false,-
org.apereo.cas,cas-server-support-couchbase-service-registry,6.0.0-RC1,cas-server-support-couchbase-service-registry,-,automatic,-,false,-
org.apereo.cas,cas-server-support-couchbase-ticket-registry,6.0.0-RC1,cas-server-support-couchbase-ticket-registry,-,automatic,-,false,-
org.apereo.cas,cas-server-support-couchdb-core,6.0.0-RC1,cas-server-support-couchdb-core,-,automatic,-,false,-
org.apereo.cas,cas-server-support-couchdb-service-registry,6.0.0-RC1,cas-server-support-couchdb-service-registry,-,automatic,-,false,-
org.apereo.cas,cas-server-support-couchdb-ticket-registry,6.0.0-RC1,cas-server-support-couchdb-ticket-registry,-,automatic,-,false,-
org.apereo.cas,cas-server-support-digest-authentication,6.0.0-RC1,cas-server-support-digest-authentication,-,automatic,-,false,-
org.apereo.cas,cas-server-support-discovery-profile,6.0.0-RC1,cas-server-support-discovery-profile,-,automatic,-,false,-
org.apereo.cas,cas-server-support-duo,6.0.0-RC1,cas-server-support-duo,-,automatic,-,false,-
org.apereo.cas,cas-server-support-duo-core,6.0.0-RC1,cas-server-support-duo-core,-,automatic,-,false,-
org.apereo.cas,cas-server-support-duo-core-mfa,6.0.0-RC1,cas-server-support-duo-core-mfa,-,automatic,-,false,-
org.apereo.cas,cas-server-support-dynamodb-core,6.0.0-RC1,cas-server-support-dynamodb-core,-,automatic,-,false,-
org.apereo.cas,cas-server-support-dynamodb-service-registry,6.0.0-RC1,cas-server-support-dynamodb-service-registry,-,automatic,-,false,-
org.apereo.cas,cas-server-support-dynamodb-ticket-registry,6.0.0-RC1,cas-server-support-dynamodb-ticket-registry,-,automatic,-,false,-
org.apereo.cas,cas-server-support-ehcache-monitor,6.0.0-RC1,cas-server-support-ehcache-monitor,-,automatic,-,false,-
org.apereo.cas,cas-server-support-ehcache-ticket-registry,6.0.0-RC1,cas-server-support-ehcache-ticket-registry,-,automatic,-,false,-
org.apereo.cas,cas-server-support-electrofence,6.0.0-RC1,cas-server-support-electrofence,-,automatic,-,false,-
org.apereo.cas,cas-server-support-eureka-client,6.0.0-RC1,cas-server-support-eureka-client,-,automatic,-,false,-
org.apereo.cas,cas-server-support-events-influxdb,6.0.0-RC1,cas-server-support-events-influxdb,-,automatic,-,false,-
org.apereo.cas,cas-server-support-events-jpa,6.0.0-RC1,cas-server-support-events-jpa,-,automatic,-,false,-
org.apereo.cas,cas-server-support-events-memory,6.0.0-RC1,cas-server-support-events-memory,-,automatic,-,false,-
org.apereo.cas,cas-server-support-events-mongo,6.0.0-RC1,cas-server-support-events-mongo,-,automatic,-,false,-
org.apereo.cas,cas-server-support-fortress,6.0.0-RC1,cas-server-support-fortress,-,automatic,-,false,-
org.apereo.cas,cas-server-support-gauth,6.0.0-RC1,cas-server-support-gauth,-,automatic,-,false,-
org.apereo.cas,cas-server-support-gauth-core,6.0.0-RC1,cas-server-support-gauth-core,-,automatic,-,false,-
org.apereo.cas,cas-server-support-gauth-core-mfa,6.0.0-RC1,cas-server-support-gauth-core-mfa,-,automatic,-,false,-
org.apereo.cas,cas-server-support-gauth-jpa,6.0.0-RC1,cas-server-support-gauth-jpa,-,automatic,-,false,-
org.apereo.cas,cas-server-support-gauth-mongo,6.0.0-RC1,cas-server-support-gauth-mongo,-,automatic,-,false,-
org.apereo.cas,cas-server-support-generic,6.0.0-RC1,cas-server-support-generic,-,automatic,-,false,-
org.apereo.cas,cas-server-support-generic-remote-webflow,6.0.0-RC1,cas-server-support-generic-remote-webflow,-,automatic,-,false,-
org.apereo.cas,cas-server-support-geolocation,6.0.0-RC1,cas-server-support-geolocation,-,automatic,-,false,-
org.apereo.cas,cas-server-support-geolocation-googlemaps,6.0.0-RC1,cas-server-support-geolocation-googlemaps,-,automatic,-,false,-
org.apereo.cas,cas-server-support-geolocation-maxmind,6.0.0-RC1,cas-server-support-geolocation-maxmind,-,automatic,-,false,-
org.apereo.cas,cas-server-support-grouper,6.0.0-RC1,cas-server-support-grouper,-,automatic,-,false,-
org.apereo.cas,cas-server-support-grouper-core,6.0.0-RC1,cas-server-support-grouper-core,-,automatic,-,false,-
org.apereo.cas,cas-server-support-gua,6.0.0-RC1,cas-server-support-gua,-,automatic,-,false,-
org.apereo.cas,cas-server-support-hazelcast-core,6.0.0-RC1,cas-server-support-hazelcast-core,-,automatic,-,false,-
org.apereo.cas,cas-server-support-hazelcast-discovery-aws,6.0.0-RC1,cas-server-support-hazelcast-discovery-aws,-,automatic,-,false,-
org.apereo.cas,cas-server-support-hazelcast-discovery-azure,6.0.0-RC1,cas-server-support-hazelcast-discovery-azure,-,automatic,-,false,-
org.apereo.cas,cas-server-support-hazelcast-discovery-jclouds,6.0.0-RC1,cas-server-support-hazelcast-discovery-jclouds,-,automatic,-,false,-
org.apereo.cas,cas-server-support-hazelcast-monitor,6.0.0-RC1,cas-server-support-hazelcast-monitor,-,automatic,-,false,-
org.apereo.cas,cas-server-support-hazelcast-ticket-registry,6.0.0-RC1,cas-server-support-hazelcast-ticket-registry,-,automatic,-,false,-
org.apereo.cas,cas-server-support-ignite-ticket-registry,6.0.0-RC1,cas-server-support-ignite-ticket-registry,-,automatic,-,false,-
org.apereo.cas,cas-server-support-infinispan-ticket-registry,6.0.0-RC1,cas-server-support-infinispan-ticket-registry,-,automatic,-,false,-
org.apereo.cas,cas-server-support-influxdb-core,6.0.0-RC1,cas-server-support-influxdb-core,-,automatic,-,false,-
org.apereo.cas,cas-server-support-interrupt-api,6.0.0-RC1,cas-server-support-interrupt-api,-,automatic,-,false,-
org.apereo.cas,cas-server-support-interrupt-core,6.0.0-RC1,cas-server-support-interrupt-core,-,automatic,-,false,-
org.apereo.cas,cas-server-support-interrupt-webflow,6.0.0-RC1,cas-server-support-interrupt-webflow,-,automatic,-,false,-
org.apereo.cas,cas-server-support-jdbc,6.0.0-RC1,cas-server-support-jdbc,-,automatic,-,false,-
org.apereo.cas,cas-server-support-jdbc-authentication,6.0.0-RC1,cas-server-support-jdbc-authentication,-,automatic,-,false,-
org.apereo.cas,cas-server-support-jdbc-drivers,6.0.0-RC1,cas-server-support-jdbc-drivers,-,automatic,-,false,-
org.apereo.cas,cas-server-support-jdbc-monitor,6.0.0-RC1,cas-server-support-jdbc-monitor,-,automatic,-,false,-
org.apereo.cas,cas-server-support-jms-ticket-registry,6.0.0-RC1,cas-server-support-jms-ticket-registry,-,automatic,-,false,-
org.apereo.cas,cas-server-support-jpa-service-registry,6.0.0-RC1,cas-server-support-jpa-service-registry,-,automatic,-,false,-
org.apereo.cas,cas-server-support-jpa-ticket-registry,6.0.0-RC1,cas-server-support-jpa-ticket-registry,-,automatic,-,false,-
org.apereo.cas,cas-server-support-jpa-util,6.0.0-RC1,cas-server-support-jpa-util,-,automatic,-,false,-
org.apereo.cas,cas-server-support-json-service-registry,6.0.0-RC1,cas-server-support-json-service-registry,-,automatic,-,false,-
org.apereo.cas,cas-server-support-ldap,6.0.0-RC1,cas-server-support-ldap,-,automatic,-,false,-
org.apereo.cas,cas-server-support-ldap-core,6.0.0-RC1,cas-server-support-ldap-core,-,automatic,-,false,-
org.apereo.cas,cas-server-support-ldap-monitor,6.0.0-RC1,cas-server-support-ldap-monitor,-,automatic,-,false,-
org.apereo.cas,cas-server-support-ldap-service-registry,6.0.0-RC1,cas-server-support-ldap-service-registry,-,automatic,-,false,-
org.apereo.cas,cas-server-support-logging-config-cloudwatch,6.0.0-RC1,cas-server-support-logging-config-cloudwatch,-,automatic,-,false,-
org.apereo.cas,cas-server-support-logging-config-splunk,6.0.0-RC1,cas-server-support-logging-config-splunk,-,automatic,-,false,-
org.apereo.cas,cas-server-support-memcached-aws-elasticache,6.0.0-RC1,cas-server-support-memcached-aws-elasticache,-,automatic,-,false,-
org.apereo.cas,cas-server-support-memcached-core,6.0.0-RC1,cas-server-support-memcached-core,-,automatic,-,false,-
org.apereo.cas,cas-server-support-memcached-monitor,6.0.0-RC1,cas-server-support-memcached-monitor,-,automatic,-,false,-
org.apereo.cas,cas-server-support-memcached-spy,6.0.0-RC1,cas-server-support-memcached-spy,-,automatic,-,false,-
org.apereo.cas,cas-server-support-memcached-ticket-registry,6.0.0-RC1,cas-server-support-memcached-ticket-registry,-,automatic,-,false,-
org.apereo.cas,cas-server-support-metrics,6.0.0-RC1,cas-server-support-metrics,-,automatic,-,false,-
org.apereo.cas,cas-server-support-mongo,6.0.0-RC1,cas-server-support-mongo,-,automatic,-,false,-
org.apereo.cas,cas-server-support-mongo-core,6.0.0-RC1,cas-server-support-mongo-core,-,automatic,-,false,-
org.apereo.cas,cas-server-support-mongo-monitor,6.0.0-RC1,cas-server-support-mongo-monitor,-,automatic,-,false,-
org.apereo.cas,cas-server-support-mongo-service-registry,6.0.0-RC1,cas-server-support-mongo-service-registry,-,automatic,-,false,-
org.apereo.cas,cas-server-support-mongo-ticket-registry,6.0.0-RC1,cas-server-support-mongo-ticket-registry,-,automatic,-,false,-
org.apereo.cas,cas-server-support-oauth,6.0.0-RC1,cas-server-support-oauth,-,automatic,-,false,-
org.apereo.cas,cas-server-support-oauth-api,6.0.0-RC1,cas-server-support-oauth-api,-,automatic,-,false,-
org.apereo.cas,cas-server-support-oauth-core,6.0.0-RC1,cas-server-support-oauth-core,-,automatic,-,false,-
org.apereo.cas,cas-server-support-oauth-services,6.0.0-RC1,cas-server-support-oauth-services,-,automatic,-,false,-
org.apereo.cas,cas-server-support-oauth-webflow,6.0.0-RC1,cas-server-support-oauth-webflow,-,automatic,-,false,-
org.apereo.cas,cas-server-support-oidc,6.0.0-RC1,cas-server-support-oidc,-,automatic,-,false,-
org.apereo.cas,cas-server-support-oidc-core,6.0.0-RC1,cas-server-support-oidc-core,-,automatic,-,false,-
org.apereo.cas,cas-server-support-oidc-services,6.0.0-RC1,cas-server-support-oidc-services,-,automatic,-,false,-
org.apereo.cas,cas-server-support-openid,6.0.0-RC1,cas-server-support-openid,-,automatic,-,false,-
org.apereo.cas,cas-server-support-openid-webflow,6.0.0-RC1,cas-server-support-openid-webflow,-,automatic,-,false,-
org.apereo.cas,cas-server-support-otp-mfa,6.0.0-RC1,cas-server-support-otp-mfa,-,automatic,-,false,-
org.apereo.cas,cas-server-support-pac4j,6.0.0-RC1,cas-server-support-pac4j,-,automatic,-,false,-
org.apereo.cas,cas-server-support-pac4j-authentication,6.0.0-RC1,cas-server-support-pac4j-authentication,-,automatic,-,false,-
org.apereo.cas,cas-server-support-pac4j-core,6.0.0-RC1,cas-server-support-pac4j-core,-,automatic,-,false,-
org.apereo.cas,cas-server-support-pac4j-core-clients,6.0.0-RC1,cas-server-support-pac4j-core-clients,-,automatic,-,false,-
org.apereo.cas,cas-server-support-pac4j-webflow,6.0.0-RC1,cas-server-support-pac4j-webflow,-,automatic,-,false,-
org.apereo.cas,cas-server-support-passwordless,6.0.0-RC1,cas-server-support-passwordless,-,automatic,-,false,-
org.apereo.cas,cas-server-support-person-directory,6.0.0-RC1,cas-server-support-person-directory,-,automatic,-,false,-
org.apereo.cas,cas-server-support-pm,6.0.0-RC1,cas-server-support-pm,-,automatic,-,false,-
org.apereo.cas,cas-server-support-pm-jdbc,6.0.0-RC1,cas-server-support-pm-jdbc,-,automatic,-,false,-
org.apereo.cas,cas-server-support-pm-ldap,6.0.0-RC1,cas-server-support-pm-ldap,-,automatic,-,false,-
org.apereo.cas,cas-server-support-pm-rest,6.0.0-RC1,cas-server-support-pm-rest,-,automatic,-,false,-
org.apereo.cas,cas-server-support-pm-webflow,6.0.0-RC1,cas-server-support-pm-webflow,-,automatic,-,false,-
org.apereo.cas,cas-server-support-radius,6.0.0-RC1,cas-server-support-radius,-,automatic,-,false,-
org.apereo.cas,cas-server-support-radius-core,6.0.0-RC1,cas-server-support-radius-core,-,automatic,-,false,-
org.apereo.cas,cas-server-support-radius-core-mfa,6.0.0-RC1,cas-server-support-radius-core-mfa,-,automatic,-,false,-
org.apereo.cas,cas-server-support-radius-mfa,6.0.0-RC1,cas-server-support-radius-mfa,-,automatic,-,false,-
org.apereo.cas,cas-server-support-redis-core,6.0.0-RC1,cas-server-support-redis-core,-,automatic,-,false,-
org.apereo.cas,cas-server-support-redis-service-registry,6.0.0-RC1,cas-server-support-redis-service-registry,-,automatic,-,false,-
org.apereo.cas,cas-server-support-redis-ticket-registry,6.0.0-RC1,cas-server-support-redis-ticket-registry,-,automatic,-,false,-
org.apereo.cas,cas-server-support-reports,6.0.0-RC1,cas-server-support-reports,-,automatic,-,false,-
org.apereo.cas,cas-server-support-rest,6.0.0-RC1,cas-server-support-rest,-,automatic,-,false,-
org.apereo.cas,cas-server-support-rest-authentication,6.0.0-RC1,cas-server-support-rest-authentication,-,automatic,-,false,-
org.apereo.cas,cas-server-support-rest-service-registry,6.0.0-RC1,cas-server-support-rest-service-registry,-,automatic,-,false,-
org.apereo.cas,cas-server-support-rest-services,6.0.0-RC1,cas-server-support-rest-services,-,automatic,-,false,-
org.apereo.cas,cas-server-support-rest-tokens,6.0.0-RC1,cas-server-support-rest-tokens,-,automatic,-,false,-
org.apereo.cas,cas-server-support-rest-x509,6.0.0-RC1,cas-server-support-rest-x509,-,automatic,-,false,-
org.apereo.cas,cas-server-support-saml,6.0.0-RC1,cas-server-support-saml,-,automatic,-,false,-
org.apereo.cas,cas-server-support-saml-core,6.0.0-RC1,cas-server-support-saml-core,-,automatic,-,false,-
org.apereo.cas,cas-server-support-saml-googleapps,6.0.0-RC1,cas-server-support-saml-googleapps,-,automatic,-,false,-
org.apereo.cas,cas-server-support-saml-googleapps-core,6.0.0-RC1,cas-server-support-saml-googleapps-core,-,automatic,-,false,-
org.apereo.cas,cas-server-support-saml-idp,6.0.0-RC1,cas-server-support-saml-idp,-,automatic,-,false,-
org.apereo.cas,cas-server-support-saml-idp-core,6.0.0-RC1,cas-server-support-saml-idp-core,-,automatic,-,false,-
org.apereo.cas,cas-server-support-saml-idp-metadata,6.0.0-RC1,cas-server-support-saml-idp-metadata,-,automatic,-,false,-
org.apereo.cas,cas-server-support-saml-idp-metadata-aws-s3,6.0.0-RC1,cas-server-support-saml-idp-metadata-aws-s3,-,automatic,-,false,-
org.apereo.cas,cas-server-support-saml-idp-metadata-jpa,6.0.0-RC1,cas-server-support-saml-idp-metadata-jpa,-,automatic,-,false,-
org.apereo.cas,cas-server-support-saml-idp-metadata-mongo,6.0.0-RC1,cas-server-support-saml-idp-metadata-mongo,-,automatic,-,false,-
org.apereo.cas,cas-server-support-saml-idp-metadata-rest,6.0.0-RC1,cas-server-support-saml-idp-metadata-rest,-,automatic,-,false,-
org.apereo.cas,cas-server-support-saml-idp-ticket,6.0.0-RC1,cas-server-support-saml-idp-ticket,-,automatic,-,false,-
org.apereo.cas,cas-server-support-saml-idp-web,6.0.0-RC1,cas-server-support-saml-idp-web,-,automatic,-,false,-
org.apereo.cas,cas-server-support-saml-mdui,6.0.0-RC1,cas-server-support-saml-mdui,-,automatic,-,false,-
org.apereo.cas,cas-server-support-saml-mdui-core,6.0.0-RC1,cas-server-support-saml-mdui-core,-,automatic,-,false,-
org.apereo.cas,cas-server-support-saml-sp-integrations,6.0.0-RC1,cas-server-support-saml-sp-integrations,-,automatic,-,false,-
org.apereo.cas,cas-server-support-scim,6.0.0-RC1,cas-server-support-scim,-,automatic,-,false,-
org.apereo.cas,cas-server-support-sentry,6.0.0-RC1,cas-server-support-sentry,-,automatic,-,false,-
org.apereo.cas,cas-server-support-service-registry-stream,6.0.0-RC1,cas-server-support-service-registry-stream,-,automatic,-,false,-
org.apereo.cas,cas-server-support-service-registry-stream-hazelcast,6.0.0-RC1,cas-server-support-service-registry-stream-hazelcast,-,automatic,-,false,-
org.apereo.cas,cas-server-support-shell,6.0.0-RC1,-,-,?,-,false,-
org.apereo.cas,cas-server-support-shibboleth,6.0.0-RC1,cas-server-support-shibboleth,-,automatic,-,false,-
org.apereo.cas,cas-server-support-shiro-authentication,6.0.0-RC1,cas-server-support-shiro-authentication,-,automatic,-,false,-
org.apereo.cas,cas-server-support-sleuth,6.0.0-RC1,cas-server-support-sleuth,-,automatic,-,false,-
org.apereo.cas,cas-server-support-sms-aws-sns,6.0.0-RC1,cas-server-support-sms-aws-sns,-,automatic,-,false,-
org.apereo.cas,cas-server-support-sms-clickatell,6.0.0-RC1,cas-server-support-sms-clickatell,-,automatic,-,false,-
org.apereo.cas,cas-server-support-sms-textmagic,6.0.0-RC1,cas-server-support-sms-textmagic,-,automatic,-,false,-
org.apereo.cas,cas-server-support-sms-twilio,6.0.0-RC1,cas-server-support-sms-twilio,-,automatic,-,false,-
org.apereo.cas,cas-server-support-spnego,6.0.0-RC1,cas-server-support-spnego,-,automatic,-,false,-
org.apereo.cas,cas-server-support-spnego-webflow,6.0.0-RC1,cas-server-support-spnego-webflow,-,automatic,-,false,-
org.apereo.cas,cas-server-support-surrogate-api,6.0.0-RC1,cas-server-support-surrogate-api,-,automatic,-,false,-
org.apereo.cas,cas-server-support-surrogate-authentication,6.0.0-RC1,cas-server-support-surrogate-authentication,-,automatic,-,false,-
org.apereo.cas,cas-server-support-surrogate-authentication-jdbc,6.0.0-RC1,cas-server-support-surrogate-authentication-jdbc,-,automatic,-,false,-
org.apereo.cas,cas-server-support-surrogate-authentication-ldap,6.0.0-RC1,cas-server-support-surrogate-authentication-ldap,-,automatic,-,false,-
org.apereo.cas,cas-server-support-surrogate-authentication-rest,6.0.0-RC1,cas-server-support-surrogate-authentication-rest,-,automatic,-,false,-
org.apereo.cas,cas-server-support-surrogate-webflow,6.0.0-RC1,cas-server-support-surrogate-webflow,-,automatic,-,false,-
org.apereo.cas,cas-server-support-swivel,6.0.0-RC1,cas-server-support-swivel,-,automatic,-,false,-
org.apereo.cas,cas-server-support-swivel-core,6.0.0-RC1,cas-server-support-swivel-core,-,automatic,-,false,-
org.apereo.cas,cas-server-support-syncope-authentication,6.0.0-RC1,cas-server-support-syncope-authentication,-,automatic,-,false,-
org.apereo.cas,cas-server-support-themes,6.0.0-RC1,cas-server-support-themes,-,automatic,-,false,-
org.apereo.cas,cas-server-support-throttle,6.0.0-RC1,cas-server-support-throttle,-,automatic,-,false,-
org.apereo.cas,cas-server-support-throttle-core,6.0.0-RC1,cas-server-support-throttle-core,-,automatic,-,false,-
org.apereo.cas,cas-server-support-throttle-jdbc,6.0.0-RC1,cas-server-support-throttle-jdbc,-,automatic,-,false,-
org.apereo.cas,cas-server-support-throttle-mongo,6.0.0-RC1,cas-server-support-throttle-mongo,-,automatic,-,false,-
org.apereo.cas,cas-server-support-token-authentication,6.0.0-RC1,cas-server-support-token-authentication,-,automatic,-,false,-
org.apereo.cas,cas-server-support-token-core,6.0.0-RC1,cas-server-support-token-core,-,automatic,-,false,-
org.apereo.cas,cas-server-support-token-tickets,6.0.0-RC1,cas-server-support-token-tickets,-,automatic,-,false,-
org.apereo.cas,cas-server-support-token-webflow,6.0.0-RC1,cas-server-support-token-webflow,-,automatic,-,false,-
org.apereo.cas,cas-server-support-trusted,6.0.0-RC1,cas-server-support-trusted,-,automatic,-,false,-
org.apereo.cas,cas-server-support-trusted-mfa,6.0.0-RC1,cas-server-support-trusted-mfa,-,automatic,-,false,-
org.apereo.cas,cas-server-support-trusted-mfa-jdbc,6.0.0-RC1,cas-server-support-trusted-mfa-jdbc,-,automatic,-,false,-
org.apereo.cas,cas-server-support-trusted-mfa-mongo,6.0.0-RC1,cas-server-support-trusted-mfa-mongo,-,automatic,-,false,-
org.apereo.cas,cas-server-support-trusted-mfa-rest,6.0.0-RC1,cas-server-support-trusted-mfa-rest,-,automatic,-,false,-
org.apereo.cas,cas-server-support-trusted-webflow,6.0.0-RC1,cas-server-support-trusted-webflow,-,automatic,-,false,-
org.apereo.cas,cas-server-support-u2f,6.0.0-RC1,cas-server-support-u2f,-,automatic,-,false,-
org.apereo.cas,cas-server-support-u2f-core,6.0.0-RC1,cas-server-support-u2f-core,-,automatic,-,false,-
org.apereo.cas,cas-server-support-u2f-jpa,6.0.0-RC1,cas-server-support-u2f-jpa,-,automatic,-,false,-
org.apereo.cas,cas-server-support-u2f-mongo,6.0.0-RC1,cas-server-support-u2f-mongo,-,automatic,-,false,-
org.apereo.cas,cas-server-support-validation,6.0.0-RC1,cas-server-support-validation,-,automatic,-,false,-
org.apereo.cas,cas-server-support-wsfederation,6.0.0-RC1,cas-server-support-wsfederation,-,automatic,-,false,-
org.apereo.cas,cas-server-support-wsfederation-webflow,6.0.0-RC1,cas-server-support-wsfederation-webflow,-,automatic,-,false,-
org.apereo.cas,cas-server-support-ws-idp,6.0.0-RC1,cas-server-support-ws-idp,-,automatic,-,false,-
org.apereo.cas,cas-server-support-ws-idp-api,6.0.0-RC1,cas-server-support-ws-idp-api,-,automatic,-,false,-
org.apereo.cas,cas-server-support-ws-sts,6.0.0-RC1,cas-server-support-ws-sts,-,automatic,-,false,-
org.apereo.cas,cas-server-support-x509,6.0.0-RC1,cas-server-support-x509,-,automatic,-,false,-
org.apereo.cas,cas-server-support-x509-core,6.0.0-RC1,cas-server-support-x509-core,-,automatic,-,false,-
org.apereo.cas,cas-server-support-x509-webflow,6.0.0-RC1,cas-server-support-x509-webflow,-,automatic,-,false,-
org.apereo.cas,cas-server-support-yaml-service-registry,6.0.0-RC1,cas-server-support-yaml-service-registry,-,automatic,-,false,-
org.apereo.cas,cas-server-support-yubikey,6.0.0-RC1,cas-server-support-yubikey,-,automatic,-,false,-
org.apereo.cas,cas-server-support-yubikey-core,6.0.0-RC1,cas-server-support-yubikey-core,-,automatic,-,false,-
org.apereo.cas,cas-server-support-yubikey-core-mfa,6.0.0-RC1,cas-server-support-yubikey-core-mfa,-,automatic,-,false,-
org.apereo.cas,cas-server-support-yubikey-jpa,6.0.0-RC1,cas-server-support-yubikey-jpa,-,automatic,-,false,-
org.apereo.cas,cas-server-support-yubikey-mongo,6.0.0-RC1,cas-server-support-yubikey-mongo,-,automatic,-,false,-
org.apereo.cas,cas-server-webapp-config,6.0.0-RC1,cas-server-webapp-config,-,automatic,-,false,-
org.apereo.cas,cas-server-webapp-config-security,5.3.3,-,-,?,-,false,-
org.apereo.cas,cas-server-webapp-init,6.0.0-RC1,cas-server-webapp-init,-,automatic,-,false,-
org.apereo.cas,cas-server-webapp-session-hazelcast,5.3.3,-,-,?,-,false,-
org.apereo.cas,cas-server-webapp-session-mongo,5.3.3,-,-,?,-,false,-
org.apereo.cas,cas-server-webapp-session-redis,5.3.3,-,-,?,-,false,-
