groupId,artifactId,version,moduleName,moduleVersion,moduleMode,moduleDependencies,jdepsToolError,jdepsViolations
com.alecstrong,core,0.1.0,-,-,?,-,false,-
com.aliyun,aliyun-java-sdk-openanalytics-open,1.0.1,-,-,?,-,false,-
com.arpitos,arpitos-fw,0.0.2,org.apache.logging.log4j,-,explicit,java.base,false,sun.misc.Signal                          See http://openjdk.java.net/jeps/260 + sun.misc.SignalHandler                   See http://openjdk.java.net/jeps/260 + sun.misc.Unsafe                          See http://openjdk.java.net/jeps/260
com.arpitos,arpitos-test,0.0.1,-,-,?,-,false,-
com.aylien.newsapi,client,0.5.1,-,-,?,-,false,-
com.aylien.textapi,client,0.7.0,-,-,?,-,false,sun.reflect.generics.reflectiveObjects.NotImplementedException Removed. See http://openjdk.java.net/jeps/260
com.bmc.truesight.saas,dropwizard-truesight-meter,0.13,-,-,?,-,false,-
com.bmc.truesight.saas,meter-client,0.12,-,-,?,-,false,-
com.bmc.truesight.saas,metrics-truesight-meter,0.12,-,-,?,-,false,-
com.clockworksms,clockwork,1.2.1,-,-,?,-,false,-
com.codetaco,algebrain,3.0.2,-,-,?,-,false,-
com.codetaco,appcontrol,5.0.2,-,-,?,-,false,-
com.codetaco,argument,5.0.3,-,-,?,-,false,-
com.codetaco,calendar,3.0.4,-,-,?,-,false,-
com.codetaco,funnelsort,3.0.5,-,-,?,-,false,-
com.commsen.em.contractors,em.contractors.enroute.configurer,2.0.0,-,-,?,-,false,-
com.commsen.em.contractors,em.contractors.felix.http.jetty,3.2.0,-,-,?,-,false,-
com.commsen.em.contractors,em.contractors.gogo,0.2.0,-,-,?,-,false,-
com.commsen.em.contractors,em.contractors.jaxrs.publisher,5.3.1,-,-,?,-,false,-
com.commsen.em.contractors,em.contractors.karaf.scheduler,4.1.2,-,-,?,-,false,-
com.commsen.em.contractors,em.contractors.karaf.shell,4.1.2,-,-,?,-,false,-
com.commsen.em.contractors,em.contractors.liferay,7.0.3,-,-,?,-,false,-
com.commsen.em.contractors,em.contractors.pax-logging,1.10.1,-,-,?,-,false,-
com.commsen.em.contractors,em.contractors.pax-web-jetty,6.0.7,-,-,?,-,false,-
com.commsen.em.contractors,em.contractors.pax-web-tomcat,6.0.7,-,-,?,-,false,-
com.commsen.em.contractors,em.contractors.pax-web-undertow,6.0.7,-,-,?,-,false,-
com.commsen.em.contractors,em.contractors.runtime,0.2.0,-,-,?,-,false,-
com.commsen.em.contractors,em.contractors.vaadin,8.1.3,-,-,?,-,false,-
com.commsen.em.contractors,em.contractors.webconsole,4.3.4,-,-,?,-,false,-
com.commsen.em,em.annotation.processors,0.2.0,-,-,?,-,false,-
com.commsen.em,em.annotations,0.2.0,-,-,?,-,false,-
com.commsen.em,em.augment,0.2.0,-,-,?,-,false,-
com.commsen.em,em.contract.storage,0.2.0,-,-,?,-,false,-
com.commsen.em,em-maven-extension,0.2.0,-,-,?,-,false,-
com.commsen.em,em-maven-plugin,0.2.0,-,-,?,-,false,-
com.commsen.wedeploy,com.commsen.wedeploy.client,1.0.0,-,-,?,-,false,-
com.commsen.wedeploy,com.commsen.wedeploy.client.api,0.1.0,-,-,?,-,false,-
com.commsen.wedeploy,com.commsen.wedeploy.client.cloud,1.0.0,-,-,?,-,false,-
com.commsen.wedeploy,com.commsen.wedeploy.client.data,1.0.0,-,-,?,-,false,-
com.commsen.wedeploy,com.commsen.wedeploy.data.mapper.gson,1.0.0,-,-,?,-,false,-
com.commsen.wedeploy,com.commsen.wedeploy.transport.rest.okhttp,1.0.0,-,-,?,-,false,-
com.commsen.wedeploy,wedeploy-maven-plugin,0.1.0,-,-,?,-,false,-
com.coxautodev,apollo-client-maven-plugin,1.1.2,-,-,?,-,false,-
com.coxautodev,apollo-client-maven-plugin-tests,1.1.2,-,-,?,-,false,-
com.coxautodev,graphql-java-client,0.0.2,-,-,?,-,false,-
com.coxautodev,graphql-java-tools,2.1.2,-,-,?,-,false,-
com.coxautodev,halp,0.9.0,-,-,?,-,false,-
com.dkiriusin,combinatorius,1.0.61,-,-,?,-,false,-
com.fengjx.maven.cdn,maven-cdn-alioss-plugin,1.0.0,-,-,?,-,false,-
com.fhuertas,cassandra-sink_2-2-0_2.10,1.0.0,-,-,?,-,false,-
com.fhuertas,cassandra-sink_2-2-0_2.11,1.0.0,-,-,?,-,false,-
com.fhuertas,cassandra-sink_2-2-1_2.10,1.0.0,-,-,?,-,false,-
com.fhuertas,cassandra-sink_2-2-1_2.11,1.0.0,-,-,?,-,false,-
com.github.bigwheel,util-backports_2.12,1.0,-,-,?,-,false,-
com.google.apis,google-api-services-runtimeconfig,v1-rev425-1.25.0,-,-,?,-,false,-
com.google.apis,google-api-services-safebrowsing,v4-rev69-1.25.0,-,-,?,-,false,-
com.google.apis,google-api-services-script,v1-rev248-1.25.0,-,-,?,-,false,-
com.google.apis,google-api-services-searchconsole,v1-rev370-1.25.0,-,-,?,-,false,-
com.guardtime,ksi-api,4.11.153,-,-,?,-,false,-
com.guardtime,ksi-blocksigner,4.11.153,-,-,?,-,false,-
com.guardtime,ksi-common,4.11.153,-,-,?,-,false,-
com.guardtime,ksi-service-client,4.11.153,-,-,?,-,false,-
com.guardtime,ksi-service-client-apache-http,4.11.153,-,-,?,-,false,-
com.guardtime,ksi-service-client-common-http,4.11.153,-,-,?,-,false,-
com.guardtime,ksi-service-client-simple-http,4.11.153,-,-,?,-,false,-
com.guardtime,ksi-service-client-tcp,4.11.153,-,-,?,-,false,-
com.guardtime,ksi-service-ha,4.11.153,-,-,?,-,false,-
com.hotwire.image-assert,image-assert,1.0.5,-,-,?,-,false,-
com.impossibl.pgjdbc-ng,pgjdbc-ng,0.7.1,-,-,?,-,false,-
com.jappyframework,jappy-framework,5.9.4,-,-,?,-,false,-
com.jejking,rprng_2.12,1.0.13,-,-,?,-,false,-
com.lattica.oss,vernum,1.2.0,-,-,?,-,false,-
com.lazerycode.appium,appium-maven-plugin,0.2.0,-,-,?,-,false,-
com.lazerycode.jmeter,jmeter-maven-plugin,2.7.0,-,-,?,-,false,-
com.lazerycode.selenium,driver-binary-downloader-maven-plugin,1.0.17,-,-,?,-,false,-
com.lazerycode.selenium,query,1.2.0,-,-,?,-,false,-
com.manydesigns,elements,4.2.4,-,-,?,-,false,-
com.manydesigns,portofino-admin,4.2.4,-,-,?,-,false,-
com.manydesigns,portofino-atmosphere,4.2.4,-,-,?,-,false,-
com.manydesigns,portofino-base,4.2.4,-,-,?,-,false,-
com.manydesigns,portofino-calendar,4.2.4,-,-,?,-,false,-
com.manydesigns,portofino-chart,4.2.4,-,-,?,-,false,-
com.manydesigns,portofino-crud,4.2.4,-,-,?,-,false,-
com.manydesigns,portofino-cryptography,4.2.4,-,-,?,-,false,-
com.manydesigns,portofino-database,4.2.4,-,-,?,-,false,-
com.manydesigns,portofino-db2,4.2.4,-,-,?,-,false,-
com.manydesigns,portofino-derby,4.2.4,-,-,?,-,false,-
com.manydesigns,portofino-gallery,4.2.4,-,-,?,-,false,-
com.manydesigns,portofino-googlecloudsql,4.2.4,-,-,?,-,false,-
com.manydesigns,portofino-h2,4.2.4,-,-,?,-,false,-
com.manydesigns,portofino-jersey,4.2.4,-,-,?,-,false,-
com.manydesigns,portofino-mail,4.2.4,-,-,?,-,false,-
com.manydesigns,portofino-map,4.2.4,-,-,?,-,false,-
com.manydesigns,portofino-model,4.2.4,-,-,?,-,false,-
com.manydesigns,portofino-mssql,4.2.4,-,-,?,-,false,-
com.manydesigns,portofino-mysql,4.2.4,-,-,?,-,false,-
com.manydesigns,portofino-openid,4.2.4,-,-,?,-,false,-
com.manydesigns,portofino-oracle,4.2.4,-,-,?,-,false,-
com.manydesigns,portofino-pageactions,4.2.4,-,-,?,-,false,-
com.manydesigns,portofino-postgresql,4.2.4,-,-,?,-,false,-
com.manydesigns,portofino-quartz,4.2.4,-,-,?,-,false,-
com.manydesigns,portofino-resteasy,4.2.4,-,-,?,-,false,-
com.manydesigns,portofino-stripes,4.2.4,-,-,?,-,false,-
com.manydesigns,portofino-theme,4.2.4,-,-,?,-,false,-
com.marcosbarbero.boot,spring-boot-moip-integration,1.0.0.RELEASE,-,-,?,-,false,-
com.marcosbarbero.boot,spring-boot-starter-purge-accesslog,2.0.0.RELEASE,-,-,?,-,false,-
com.marcosbarbero.cloud,consul,1.4.0.RELEASE,-,-,?,-,false,-
com.marcosbarbero.cloud,inmemory,1.4.0.RELEASE,-,-,?,-,false,-
com.marcosbarbero.cloud,redis,1.4.0.RELEASE,-,-,?,-,false,-
com.marcosbarbero.cloud,spring-cloud-zuul-ratelimit,2.0.4.RELEASE,-,-,?,-,false,-
com.marcosbarbero.cloud,spring-cloud-zuul-ratelimit-core,2.0.4.RELEASE,-,-,?,-,false,-
com.marcosbarbero.cloud,spring-cloud-zuul-ratelimit-coverage,1.3.4.RELEASE,-,-,?,-,false,-
com.marcosbarbero.cloud,springdata,1.4.0.RELEASE,-,-,?,-,false,-
com.maxondev.jsif,jsif,0.1.3,-,-,?,-,false,-
com.mehmetyucel,akka-throttled_2.11,0.0.2,-,-,?,-,false,-
com.mehmetyucel,akka-throttled_2.12,0.0.2,-,-,?,-,false,-
com.michaelhradek,aurkitu-annotations,0.0.5,-,-,?,-,false,-
com.michaelhradek,aurkitu-maven-plugin,0.0.5,-,-,?,-,false,-
com.microsoft.azure,azure-batch,4.0.0,-,-,?,-,false,-
com.neotys.neoload,common-reader,1.0.1,-,-,?,-,false,-
com.neotys.neoload,loadrunner-reader,1.0.1,-,-,?,-,false,-
com.neotys.neoload,neoload-project,1.0.1,-,-,?,-,false,-
com.neotys.neoload,neoload-writer,1.0.1,-,-,?,-,false,-
com.netflix.nebula,nebula-dependency-recommender,6.1.2,-,-,?,-,false,-
com.nhl.link.move,link-move,2.6,-,-,?,-,false,-
com.nhl.link.move,link-move-csv,2.6,-,-,?,-,false,-
com.nhl.link.move,link-move-json,2.6,-,-,?,-,false,-
com.nhl.link.rest,link-rest,2.13,-,-,?,-,false,-
com.nhl.link.rest,link-rest-annotations,2.13,-,-,?,-,false,-
com.nhl.link.rest,link-rest-base,2.13,-,-,?,-,false,-
com.nhl.link.rest,link-rest-client,2.13,-,-,?,-,false,-
com.nhl.link.rest,link-rest-legacy-date-encoders,2.13,-,-,?,-,false,-
com.nhl.link.rest,link-rest-sencha,2.13,-,-,?,-,false,-
com.norbitltd,spoiwo_2.11,1.3.2,-,-,?,-,false,-
com.norbitltd,spoiwo_2.12,1.3.2,-,-,?,-,false,-
com.norbitltd,spoiwo_2.13.0-M3,1.3.1,-,-,?,-,false,-
com.norbitltd,spoiwo_2.13.0-M4,1.3.2,-,-,?,-,false,-
com.opsmatters,newrelic-api,1.0.12,-,-,?,-,false,-
com.opsmatters,newrelic-batch,1.0.2,-,-,?,-,false,-
com.opsmatters,newrelic-command,1.2.2,-,-,?,-,false,-
com.opsmatters,opsmatters-core,1.0.2,-,-,?,-,false,-
com.outln,powercsv,1.0,-,-,?,-,false,-
com.payline,payline-java-sdk,4.53,-,-,?,-,false,-
com.prestongarno.ktq,ktq-client,0.2,-,-,?,-,false,-
com.prestongarno.ktq,ktq-gradle,0.2,-,-,?,-,false,-
com.prestongarno,trywithres-compat,0.1,-,-,?,-,false,com.sun.tools.javac.api.BasicJavacTask   Use javax.tools and javax.lang.model @since 1.6 + com.sun.tools.javac.code.Flags           Use javax.tools and javax.lang.model @since 1.6 + com.sun.tools.javac.code.Scope           Use javax.tools and javax.lang.model @since 1.6 + com.sun.tools.javac.code.Scope$Entry     Use javax.tools and javax.lang.model @since 1.6 + com.sun.tools.javac.code.Symbol          Use javax.tools and javax.lang.model @since 1.6 + com.sun.tools.javac.code.Symbol$ClassSymbol Use javax.tools and javax.lang.model @since 1.6 + com.sun.tools.javac.code.Symbol$MethodSymbol Use javax.tools and javax.lang.model @since 1.6 + com.sun.tools.javac.code.Symbol$TypeSymbol Use javax.tools and javax.lang.model @since 1.6 + com.sun.tools.javac.code.Symbol$VarSymbol Use javax.tools and javax.lang.model @since 1.6 + com.sun.tools.javac.code.Symtab          Use javax.tools and javax.lang.model @since 1.6 + com.sun.tools.javac.code.Type            Use javax.tools and javax.lang.model @since 1.6 + com.sun.tools.javac.code.Type$JCNoType   Use javax.tools and javax.lang.model @since 1.6 + com.sun.tools.javac.code.Type$JCPrimitiveType Use javax.tools and javax.lang.model @since 1.6 + com.sun.tools.javac.code.TypeTag         Use javax.tools and javax.lang.model @since 1.6 + com.sun.tools.javac.code.Types           Use javax.tools and javax.lang.model @since 1.6 + com.sun.tools.javac.comp.AttrContext     Use javax.tools and javax.lang.model @since 1.6 + com.sun.tools.javac.comp.Enter           Use javax.tools and javax.lang.model @since 1.6 + com.sun.tools.javac.comp.Env             Use javax.tools and javax.lang.model @since 1.6 + com.sun.tools.javac.comp.Resolve         Use javax.tools and javax.lang.model @since 1.6 + com.sun.tools.javac.jvm.Target           Use javax.tools and javax.lang.model @since 1.6 + com.sun.tools.javac.processing.JavacProcessingEnvironment Use javax.tools and javax.lang.model @since 1.6 + com.sun.tools.javac.tree.EndPosTable     Use com.sun.source @since 1.6 + com.sun.tools.javac.tree.JCTree          Use com.sun.source @since 1.6 + com.sun.tools.javac.tree.JCTree$JCBinary Use com.sun.source @since 1.6 + com.sun.tools.javac.tree.JCTree$JCBlock  Use com.sun.source @since 1.6 + com.sun.tools.javac.tree.JCTree$JCCatch  Use com.sun.source @since 1.6 + com.sun.tools.javac.tree.JCTree$JCClassDecl Use com.sun.source @since 1.6 + com.sun.tools.javac.tree.JCTree$JCCompilationUnit Use com.sun.source @since 1.6 + com.sun.tools.javac.tree.JCTree$JCExpression Use com.sun.source @since 1.6 + com.sun.tools.javac.tree.JCTree$JCExpressionStatement Use com.sun.source @since 1.6 + com.sun.tools.javac.tree.JCTree$JCIdent  Use com.sun.source @since 1.6 + com.sun.tools.javac.tree.JCTree$JCIf     Use com.sun.source @since 1.6 + com.sun.tools.javac.tree.JCTree$JCLiteral Use com.sun.source @since 1.6 + com.sun.tools.javac.tree.JCTree$JCMethodDecl Use com.sun.source @since 1.6 + com.sun.tools.javac.tree.JCTree$JCMethodInvocation Use com.sun.source @since 1.6 + com.sun.tools.javac.tree.JCTree$JCStatement Use com.sun.source @since 1.6 + com.sun.tools.javac.tree.JCTree$JCThrow  Use com.sun.source @since 1.6 + com.sun.tools.javac.tree.JCTree$JCTry    Use com.sun.source @since 1.6 + com.sun.tools.javac.tree.JCTree$JCTypeCast Use com.sun.source @since 1.6 + com.sun.tools.javac.tree.JCTree$JCVariableDecl Use com.sun.source @since 1.6 + com.sun.tools.javac.tree.JCTree$Tag      Use com.sun.source @since 1.6 + com.sun.tools.javac.tree.TreeInfo        Use com.sun.source @since 1.6 + com.sun.tools.javac.tree.TreeMaker       Use com.sun.source @since 1.6 + com.sun.tools.javac.tree.TreeTranslator  Use com.sun.source @since 1.6 + com.sun.tools.javac.util.Assert          Use javax.tools and javax.lang.model @since 1.6 + com.sun.tools.javac.util.Context         Use javax.tools and javax.lang.model @since 1.6 + com.sun.tools.javac.util.Context$Key     Use javax.tools and javax.lang.model @since 1.6 + com.sun.tools.javac.util.JCDiagnostic    Use javax.tools and javax.lang.model @since 1.6 + com.sun.tools.javac.util.JCDiagnostic$DiagnosticPosition Use javax.tools and javax.lang.model @since 1.6 + com.sun.tools.javac.util.List            Use javax.tools and javax.lang.model @since 1.6 + com.sun.tools.javac.util.ListBuffer      Use javax.tools and javax.lang.model @since 1.6 + com.sun.tools.javac.util.Name            Use javax.tools and javax.lang.model @since 1.6 + com.sun.tools.javac.util.Names           Use javax.tools and javax.lang.model @since 1.6 + com.sun.tools.javac.util.Options         Use javax.tools and javax.lang.model @since 1.6
com.rolfje.anonimatron,anonimatron,1.10.0,-,-,?,-,false,-
com.saaavsaaa,zookeeper-client,2.2-Release,-,-,?,-,false,-
com.satori,satori-bots-java-core,1.0,-,-,?,-,false,-
com.satori,satori-composer,0.1.7,-,-,?,-,false,-
com.satori,satori-mods,0.1.7,-,-,?,-,false,-
com.satori,satori-rtm-sdk,1.2,-,-,?,-,false,-
com.satori,satori-rtm-sdk-core,1.2,-,-,?,-,false,-
com.satori,satori-rtm-sdk-gson,1.2,-,-,?,-,false,-
com.satori,satori-rtm-sdk-jackson2,1.2,-,-,?,-,false,-
com.satori,satori-sdk-java,1.0.2,-,-,?,-,false,-
com.satori,satori-sdk-java-core,1.0.2,-,-,?,-,false,-
com.satori,satori-sdk-java-gson,1.0.2,-,-,?,-,false,-
com.satori,satori-sdk-java-jackson2,1.0.2,-,-,?,-,false,-
com.satori.streambots,streambots-execution-framework,1.0.1.2.14,-,-,?,-,false,sun.misc.Cleaner                         Use java.lang.ref.PhantomReference @since 1.2 or java.lang.ref.Cleaner @since 9 + sun.misc.Signal                          See http://openjdk.java.net/jeps/260 + sun.misc.SignalHandler                   See http://openjdk.java.net/jeps/260 + sun.misc.Unsafe                          See http://openjdk.java.net/jeps/260 + sun.reflect.Reflection                   Use java.lang.StackWalker @since 9 + sun.security.x509.X500Name               Use javax.security.auth.x500.X500Principal @since 1.4
com.suhasgaddam.dummy,dummy-sonatype_2.11,0.0.2,-,-,?,-,false,-
com.suhasgaddam.dummy,dummy-sonatype_2.12,0.0.2,-,-,?,-,false,-
com.timotta,xclimf-spark,0.0.5,-,-,?,-,false,-
com.toasttab,jdbishard-dropwizard,0.0.2,-,-,?,-,false,-
com.toasttab,jdbishard-jdbi,0.0.2,-,-,?,-,false,-
com.toasttab,jdbishard-sharding,0.0.2,-,-,?,-,false,-
com.toasttab,test-jdbishard-common,0.0.2,-,-,?,-,false,-
com.toasttab,test-jdbishard-dropwizard,0.0.2,-,-,?,-,false,-
com.translationexchange,tml,0.2.15,-,-,?,-,false,-
com.trello.rxlifecycle2,rxlifecycle,2.2.2,-,-,?,-,false,-
com.ultracart,rest-sdk,1.0.6,-,-,?,-,false,-
com.untzuntz.ustack,ustack-core,2.0.7,-,-,?,-,false,-
com.untzuntz.ustack,ustack-core-data-java,1.0.54,-,-,?,-,false,-
com.untzuntz.ustack,ustack-server,2.1.85,-,-,?,-,false,-
com.visionarts,lambda-log4j2,0.9.4,-,-,?,-,false,-
com.visionarts,masking-json,0.9.11,-,-,?,-,false,-
com.visionarts,power-jambda-core,0.9.11,-,-,?,-,false,-
com.visionarts,power-jambda-events,0.9.11,-,-,?,-,false,-
com.vmware.antlr4-c3,antlr4-c3,1.1,-,-,?,-,false,-
com.vmware.card-connectors,airwatch-connector,2.1,-,-,?,-,false,-
com.vmware.card-connectors,aws-cert-connector,2.1,-,-,?,-,false,-
com.vmware.card-connectors,bitbucket-server-connector,2.1,-,-,?,-,false,-
com.vmware.card-connectors,concur-connector,2.1,-,-,?,-,false,-
com.vmware.card-connectors,connectors-common,1.0.0,-,-,?,-,false,-
com.vmware.card-connectors,connectors-common-test,1.0.0,-,-,?,-,false,-
com.vmware.card-connectors,connectors-config,2.1,-,-,?,-,false,-
com.vmware.card-connectors,connectors-test,2.1,-,-,?,-,false,-
com.vmware.card-connectors,core,2.1,-,-,?,-,false,-
com.vmware.card-connectors,core-test,2.1,-,-,?,-,false,-
com.vmware.card-connectors,github-pr-connector,2.1,-,-,?,-,false,-
com.vmware.card-connectors,gitlab-pr-connector,2.1,-,-,?,-,false,-
com.vmware.card-connectors,jira-connector,2.1,-,-,?,-,false,-
com.vmware.card-connectors,salesforce-connector,2.1,-,-,?,-,false,-
com.vmware.card-connectors,servicenow-connector,2.1,-,-,?,-,false,-
com.vmware.card-connectors,socialcast-connector,1.0.0,-,-,?,-,false,-
com.vmware.ovsdb,json-rpc,1.0.1,-,-,?,-,false,-
com.vmware.ovsdb,ovsdb-client,1.0.1,-,-,?,-,false,-
com.vmware.photon.controller,photon-adapter-util,0.6.60,-,-,?,-,false,-
com.vmware.photon.controller,photon-aws-adapter,0.6.60,-,-,?,-,false,-
com.vmware.photon.controller,photon-azure-adapter,0.6.60,-,-,?,-,false,-
com.vmware.photon.controller,photon-gcp-adapter,0.6.60,-,-,?,-,false,-
com.vmware.photon.controller,photon-model,0.6.60,-,-,?,-,false,-
com.vmware.photon.controller,photon-model-adapters-registry,0.6.60,-,-,?,-,false,-
com.vmware.photon.controller,photon-model-security,0.6.60,-,-,?,-,false,-
com.vmware.photon.controller,photon-model-tasks,0.6.60,-,-,?,-,false,-
com.vmware.photon.controller,photon-vsphere-adapter,0.6.60,-,-,?,-,false,-
com.vmware.photon.controller,photon-vsphere-adapter-sdk,0.6.60,-,-,?,-,false,-
com.vmware.photon.controller,photon-vsphere-adapter-util,0.6.60,-,-,?,-,false,-
com.vmware.test-operations,test-operations,0.9.6,-,-,?,-,false,-
com.vmware.xenon,slf4j-xenon,0.0.1,-,-,?,-,false,-
com.vmware.xenon,xenon-common,1.6.14,-,-,?,-,false,-
com.vmware.xenon,xenon-distributed-tracing,0.0.2,-,-,?,-,false,-
com.vmware.xenon,xenon-dns,1.1.1,-,-,?,-,false,-
com.vmware.xenon,xenon-gateway,1.5.4_9,-,-,?,-,false,-
com.vmware.xenon,xenon-loader,1.6.14,-,-,?,-,false,-
com.vmware.xenon,xenon-loader-test,1.6.14,-,-,?,-,false,-
com.vmware.xenon,xenon-slf4j,1.3.5,-,-,?,-,false,-
com.vmware.xenon,xenon-swagger,1.3.5,-,-,?,-,false,-
com.vmware.xenon,xenon-swagger-adapter,0.0.8,-,-,?,-,false,-
com.vmware.xenon,xenon-ui,1.6.14,-,-,?,-,false,-
com.windowsazure,NotificationHubs,0.0.5,-,-,?,-,false,-
com.yilihjy,SaveSinaStockData,1.0.1,-,-,?,-,false,-
com.yy,android-push-sdk,1.1.28,-,-,?,-,false,-
org.sonatype.ossindex.maven,ossindex-maven-common,3.0.1,-,-,?,-,false,-
org.sonatype.ossindex.maven,ossindex-maven-enforcer-rules,3.0.1,-,-,?,-,false,-
org.sonatype.ossindex.maven,ossindex-maven-plugin,3.0.1,-,-,?,-,false,-
org.sonatype.ossindex.maven,ossindex-maven-testsuite,3.0.1,-,-,?,-,false,-
org.sonatype.ossindex,ossindex-service-api,1.0.3,-,-,?,-,false,-
org.sonatype.ossindex,ossindex-service-client,1.0.3,-,-,?,-,false,-
org.wvlet.airframe,airframe_2.11,0.56,-,-,?,-,false,-
org.wvlet.airframe,airframe_2.12,0.56,-,-,?,-,false,-
org.wvlet.airframe,airframe_2.13.0-M4,0.56,-,-,?,-,false,-
org.wvlet.airframe,airframe-bootstrap_2.11,0.56,-,-,?,-,false,-
org.wvlet.airframe,airframe-bootstrap_2.12,0.56,-,-,?,-,false,-
org.wvlet.airframe,airframe-bootstrap_2.13.0-M4,0.56,-,-,?,-,false,-
org.wvlet.airframe,airframe-codec_2.11,0.56,-,-,?,-,false,-
org.wvlet.airframe,airframe-codec_2.12,0.56,-,-,?,-,false,-
org.wvlet.airframe,airframe-codec_2.13.0-M4,0.56,-,-,?,-,false,-
org.wvlet.airframe,airframe-config_2.11,0.56,-,-,?,-,false,-
org.wvlet.airframe,airframe-config_2.12,0.56,-,-,?,-,false,-
org.wvlet.airframe,airframe-config_2.13.0-M4,0.56,-,-,?,-,false,-
org.wvlet.airframe,airframe-control_2.11,0.56,-,-,?,-,false,-
org.wvlet.airframe,airframe-control_2.12,0.56,-,-,?,-,false,-
org.wvlet.airframe,airframe-control_2.13.0-M4,0.56,-,-,?,-,false,-
org.wvlet.airframe,airframe-control_sjs0.6_2.12,0.56,-,-,?,-,false,-
org.wvlet.airframe,airframe-http_2.11,0.56,-,-,?,-,false,-
org.wvlet.airframe,airframe-http_2.12,0.56,-,-,?,-,false,-
org.wvlet.airframe,airframe-http_2.13.0-M4,0.56,-,-,?,-,false,-
org.wvlet.airframe,airframe-http-finagle_2.11,0.56,-,-,?,-,false,-
org.wvlet.airframe,airframe-http-finagle_2.12,0.56,-,-,?,-,false,-
org.wvlet.airframe,airframe-jdbc_2.11,0.56,-,-,?,-,false,-
org.wvlet.airframe,airframe-jdbc_2.12,0.56,-,-,?,-,false,-
org.wvlet.airframe,airframe-jdbc_2.13.0-M4,0.56,-,-,?,-,false,-
org.wvlet.airframe,airframe-jmx_2.11,0.56,-,-,?,-,false,-
org.wvlet.airframe,airframe-jmx_2.12,0.56,-,-,?,-,false,-
org.wvlet.airframe,airframe-jmx_2.13.0-M4,0.56,-,-,?,-,false,-
org.wvlet.airframe,airframe-json_2.11,0.56,-,-,?,-,false,-
org.wvlet.airframe,airframe-json_2.12,0.56,-,-,?,-,false,-
org.wvlet.airframe,airframe-json_2.13.0-M4,0.56,-,-,?,-,false,-
org.wvlet.airframe,airframe-json_sjs0.6_2.12,0.56,-,-,?,-,false,-
org.wvlet.airframe,airframe-log_2.11,0.56,-,-,?,-,false,-
org.wvlet.airframe,airframe-log_2.12,0.56,-,-,?,-,false,-
org.wvlet.airframe,airframe-log_2.13.0-M4,0.56,-,-,?,-,false,-
org.wvlet.airframe,airframe-log_sjs0.6_2.12,0.56,-,-,?,-,false,-
org.wvlet.airframe,airframe-metrics_2.11,0.56,-,-,?,-,false,-
org.wvlet.airframe,airframe-metrics_2.12,0.56,-,-,?,-,false,-
org.wvlet.airframe,airframe-metrics_2.13.0-M4,0.56,-,-,?,-,false,-
org.wvlet.airframe,airframe-metrics_sjs0.6_2.12,0.56,-,-,?,-,false,-
org.wvlet.airframe,airframe-msgpack_2.11,0.56,-,-,?,-,false,-
org.wvlet.airframe,airframe-msgpack_2.12,0.56,-,-,?,-,false,-
org.wvlet.airframe,airframe-msgpack_2.13.0-M4,0.56,-,-,?,-,false,-
org.wvlet.airframe,airframe-msgpack_sjs0.6_2.12,0.56,-,-,?,-,false,-
org.wvlet.airframe,airframe-opts_2.11,0.56,-,-,?,-,false,-
org.wvlet.airframe,airframe-opts_2.12,0.56,-,-,?,-,false,-
org.wvlet.airframe,airframe-opts_2.13.0-M4,0.56,-,-,?,-,false,-
org.wvlet.airframe,airframe-scaladoc_2.11,0.56,-,-,?,-,false,-
org.wvlet.airframe,airframe-scaladoc_2.12,0.56,-,-,?,-,false,-
org.wvlet.airframe,airframe-scaladoc_2.13.0-M4,0.56,-,-,?,-,false,-
org.wvlet.airframe,airframe_sjs0.6_2.12,0.56,-,-,?,-,false,-
org.wvlet.airframe,airframe-spec_2.11,0.56,-,-,?,-,false,-
org.wvlet.airframe,airframe-spec_2.12,0.56,-,-,?,-,false,-
org.wvlet.airframe,airframe-spec_2.13.0-M4,0.56,-,-,?,-,false,-
org.wvlet.airframe,airframe-spec_sjs0.6_2.12,0.56,-,-,?,-,false,-
org.wvlet.airframe,airframe-stream_2.11,0.56,-,-,?,-,false,-
org.wvlet.airframe,airframe-stream_2.12,0.56,-,-,?,-,false,-
org.wvlet.airframe,airframe-stream_2.13.0-M4,0.56,-,-,?,-,false,-
org.wvlet.airframe,airframe-surface_2.11,0.56,-,-,?,-,false,-
org.wvlet.airframe,airframe-surface_2.12,0.56,-,-,?,-,false,-
org.wvlet.airframe,airframe-surface_2.13.0-M4,0.56,-,-,?,-,false,-
org.wvlet.airframe,airframe-surface_sjs0.6_2.12,0.56,-,-,?,-,false,-
org.wvlet.airframe,airframe-tablet_2.11,0.56,-,-,?,-,false,-
org.wvlet.airframe,airframe-tablet_2.12,0.56,-,-,?,-,false,-
org.wvlet.airframe,airframe-tablet_2.13.0-M4,0.56,-,-,?,-,false,-
