groupId,artifactId,version,moduleName,moduleVersion,moduleMode,moduleDependencies,jdepsToolError,jdepsViolations
am.ik.yavi,yavi,0.0.9,-,-,?,-,false,-
com.github.aro-tech,extended-mockito,2.21.0.1,-,-,?,-,false,-
com.github.aro-tech,tdd-mixins-core,1.1.20,-,-,?,-,false,-
com.ibm.cos-aspera,cos-aspera-linux-64,0.1.163682,-,-,?,-,false,-
com.ibm.cos-aspera,cos-aspera-mac-10.13-64,0.1.163682,-,-,?,-,false,-
com.ibm.cos-aspera,cos-aspera-win-v140_xp-64,0.1.163682,-,-,?,-,false,-
com.typesafe.play,anorm_2.11,3.0.0-M1,-,-,?,-,false,-
com.typesafe.play,anorm-akka_2.11,2.6.0-M1,-,-,?,-,false,-
com.typesafe.play,anorm-akka_2.12,2.6.0-M1,-,-,?,-,false,-
com.typesafe.play,anorm-iteratee_2.11,3.0.0-M1,-,-,?,-,false,-
com.typesafe.play,anorm-tokenizer_2.11,3.0.0-M1,-,-,?,-,false,-
com.typesafe.play,anorm-tokenizer_2.12,2.6.0-M1,-,-,?,-,false,-
com.typesafe.play,build-link,2.7.0-M2,-,-,?,-,false,-
com.typesafe.play,cachecontrol_2.10,1.1.3,-,-,?,-,false,-
com.typesafe.play,cachecontrol_2.11,1.1.3,-,-,?,-,false,-
com.typesafe.play,cachecontrol_2.12,1.1.3,-,-,?,-,false,-
com.typesafe.play,cachecontrol_2.13.0-M3,1.1.3,-,-,?,-,false,-
com.typesafe.play,filters-helpers_2.10,2.4.11,-,-,?,-,false,-
com.typesafe.play,filters-helpers_2.11,2.7.0-M2,-,-,?,-,false,-
com.typesafe.play,filters-helpers_2.12,2.7.0-M2,-,-,?,-,false,-
com.typesafe.play,filters-helpers_2.13.0-M3,2.7.0-M2,-,-,?,-,false,-
com.typesafe.play,fork-run_2.10,2.4.11,-,-,?,-,false,-
com.typesafe.play,fork-run_2.11,2.5.19,-,-,?,-,false,-
com.typesafe.play,fork-run-protocol_2.10,2.4.11,-,-,?,-,false,-
com.typesafe.play,fork-run-protocol_2.11,2.5.19,-,-,?,-,false,-
com.typesafe.play,play_2.10,2.4.11,-,-,?,-,false,-
com.typesafe.play,play_2.12,2.7.0-M2,-,-,?,-,false,-
com.typesafe.play,play_2.13.0-M3,2.7.0-M2,-,-,?,-,false,-
com.typesafe.play,play-ahc-ws_2.11,2.7.0-M2,-,-,?,-,false,-
com.typesafe.play,play-ahc-ws_2.12,2.7.0-M2,-,-,?,-,false,-
com.typesafe.play,play-ahc-ws_2.13.0-M3,2.7.0-M2,-,-,?,-,false,-
com.typesafe.play,play-ahc-ws-standalone_2.11,2.0.0-M3,-,-,?,-,false,-
com.typesafe.play,play-ahc-ws-standalone_2.12,2.0.0-M3,-,-,?,-,false,-
com.typesafe.play,play-ahc-ws-standalone_2.13.0-M3,2.0.0-M3,-,-,?,-,false,-
com.typesafe.play,play-akka-http2-support_2.11,2.7.0-M2,-,-,?,-,false,-
com.typesafe.play,play-akka-http2-support_2.12,2.7.0-M2,-,-,?,-,false,-
com.typesafe.play,play-akka-http2-support_2.13.0-M3,2.7.0-M2,-,-,?,-,false,-
com.typesafe.play,play-akka-http-server_2.11,2.7.0-M2,-,-,?,-,false,-
com.typesafe.play,play-akka-http-server_2.12,2.7.0-M2,-,-,?,-,false,-
com.typesafe.play,play-akka-http-server_2.13.0-M3,2.7.0-M2,-,-,?,-,false,-
com.typesafe.play,play-akka-http-server-experimental_2.11,2.5.19,-,-,?,-,false,-
com.typesafe.play,play-cache_2.10,2.4.11,-,-,?,-,false,-
com.typesafe.play,play-cache_2.11,2.7.0-M2,-,-,?,-,false,-
com.typesafe.play,play-cache_2.12,2.7.0-M2,-,-,?,-,false,-
com.typesafe.play,play-cache_2.13.0-M3,2.7.0-M2,-,-,?,-,false,-
com.typesafe.play,play-caffeine-cache_2.11,2.7.0-M2,-,-,?,-,false,-
com.typesafe.play,play-caffeine-cache_2.12,2.7.0-M2,-,-,?,-,false,-
com.typesafe.play,play-caffeine-cache_2.13.0-M3,2.7.0-M2,-,-,?,-,false,-
com.typesafe.play,play-datacommons_2.10,2.4.11,-,-,?,-,false,-
com.typesafe.play,play-datacommons_2.11,2.5.19,-,-,?,-,false,-
com.typesafe.play,play-doc_2.10,1.8.2,-,-,?,-,false,-
com.typesafe.play,play-doc_2.11,1.8.2,-,-,?,-,false,-
com.typesafe.play,play-doc_2.12,1.8.2,-,-,?,-,false,-
com.typesafe.play,play-doc_2.13.0-M3,1.8.2,-,-,?,-,false,-
com.typesafe.play,play-docs_2.10,2.4.11,-,-,?,-,false,-
com.typesafe.play,play-docs_2.11,2.7.0-M2,-,-,?,-,false,-
com.typesafe.play,play-docs_2.12,2.7.0-M2,-,-,?,-,false,-
com.typesafe.play,play-docs_2.13.0-M3,2.7.0-M2,-,-,?,-,false,-
com.typesafe.play,play-ebean_2.12,5.0.0-M2,-,-,?,-,false,-
com.typesafe.play,play-ebean_2.13.0-M3,5.0.0-M2,-,-,?,-,false,-
com.typesafe.play,play-ehcache_2.11,2.7.0-M2,-,-,?,-,false,-
com.typesafe.play,play-ehcache_2.12,2.7.0-M2,-,-,?,-,false,-
com.typesafe.play,play-ehcache_2.13.0-M3,2.7.0-M2,-,-,?,-,false,-
com.typesafe.play,play-enhancer,1.2.2,-,-,?,-,false,-
com.typesafe.play,play-exceptions,2.7.0-M2,-,-,?,-,false,-
com.typesafe.play,play-functional_2.10,2.6.10,-,-,?,-,false,-
com.typesafe.play,play-functional_2.11,2.7.0-M1,-,-,?,-,false,-
com.typesafe.play,play-functional_2.12,2.7.0-M1,-,-,?,-,false,-
com.typesafe.play,play-functional_2.13.0-M1,2.6.8,-,-,?,-,false,-
com.typesafe.play,play-functional_2.13.0-M3,2.6.10,-,-,?,-,false,-
com.typesafe.play,play-functional_2.13.0-M4,2.7.0-M1,-,-,?,-,false,-
com.typesafe.play,play-functional_sjs0.6_2.10,2.6.10,-,-,?,-,false,-
com.typesafe.play,play-functional_sjs0.6_2.11,2.7.0-M1,-,-,?,-,false,-
com.typesafe.play,play-functional_sjs0.6_2.12,2.7.0-M1,-,-,?,-,false,-
com.typesafe.play,play-functional_sjs0.6_2.13.0-M1,2.6.8,-,-,?,-,false,-
com.typesafe.play,play-functional_sjs0.6_2.13.0-M3,2.6.10,-,-,?,-,false,-
com.typesafe.play,play-functional_sjs0.6_2.13.0-M4,2.7.0-M1,-,-,?,-,false,-
com.typesafe.play,play-guice_2.11,2.7.0-M2,-,-,?,-,false,-
com.typesafe.play,play-guice_2.12,2.7.0-M2,-,-,?,-,false,-
com.typesafe.play,play-guice_2.13.0-M3,2.7.0-M2,-,-,?,-,false,-
com.typesafe.play,play-integration-test_2.10,2.4.11,-,-,?,-,false,-
com.typesafe.play,play-integration-test_2.11,2.7.0-M2,-,-,?,-,false,-
com.typesafe.play,play-integration-test_2.12,2.7.0-M2,-,-,?,-,false,-
com.typesafe.play,play-integration-test_2.13.0-M3,2.7.0-M2,-,-,?,-,false,-
com.typesafe.play,play-iteratees_2.10,2.4.11,-,-,?,-,false,-
com.typesafe.play,play-iteratees_2.11,2.6.1,-,-,?,-,false,-
com.typesafe.play,play-java_2.10,2.4.11,-,-,?,-,false,-
com.typesafe.play,play-java_2.11,2.7.0-M2,-,-,?,-,false,-
com.typesafe.play,play-java_2.13.0-M3,2.7.0-M2,-,-,?,-,false,-
com.typesafe.play,play-java-forms_2.11,2.7.0-M2,-,-,?,-,false,-
com.typesafe.play,play-java-forms_2.12,2.7.0-M2,-,-,?,-,false,-
com.typesafe.play,play-java-jdbc_2.10,2.4.11,-,-,?,-,false,-
com.typesafe.play,play-java-jdbc_2.11,2.7.0-M2,-,-,?,-,false,-
com.typesafe.play,play-java-jdbc_2.12,2.7.0-M2,-,-,?,-,false,-
com.typesafe.play,play-java-jdbc_2.13.0-M3,2.7.0-M2,-,-,?,-,false,-
com.typesafe.play,play-java-jpa_2.10,2.4.11,-,-,?,-,false,-
com.typesafe.play,play-java-jpa_2.11,2.7.0-M2,-,-,?,-,false,-
com.typesafe.play,play-java-jpa_2.13.0-M3,2.7.0-M2,-,-,?,-,false,-
com.typesafe.play,play-java-ws_2.10,2.4.11,-,-,?,-,false,-
com.typesafe.play,play-java-ws_2.11,2.5.19,-,-,?,-,false,-
com.typesafe.play,play-jcache_2.11,2.7.0-M2,-,-,?,-,false,-
com.typesafe.play,play-jcache_2.12,2.7.0-M2,-,-,?,-,false,-
com.typesafe.play,play-jdbc_2.10,2.4.11,-,-,?,-,false,-
com.typesafe.play,play-jdbc_2.11,2.7.0-M2,-,-,?,-,false,-
com.typesafe.play,play-jdbc_2.12,2.7.0-M2,-,-,?,-,false,-
com.typesafe.play,play-jdbc_2.13.0-M3,2.7.0-M2,-,-,?,-,false,-
com.typesafe.play,play-jdbc-api_2.10,2.4.11,-,-,?,-,false,-
com.typesafe.play,play-jdbc-api_2.11,2.7.0-M2,-,-,?,-,false,-
com.typesafe.play,play-jdbc-api_2.13.0-M3,2.7.0-M2,-,-,?,-,false,-
com.typesafe.play,play-jdbc-evolutions_2.10,2.4.11,-,-,?,-,false,-
com.typesafe.play,play-jdbc-evolutions_2.11,2.7.0-M2,-,-,?,-,false,-
com.typesafe.play,play-jdbc-evolutions_2.12,2.7.0-M2,-,-,?,-,false,-
com.typesafe.play,play-jdbc-evolutions_2.13.0-M3,2.7.0-M2,-,-,?,-,false,-
com.typesafe.play,play-joda-forms_2.11,2.7.0-M2,-,-,?,-,false,-
com.typesafe.play,play-joda-forms_2.13.0-M3,2.7.0-M2,-,-,?,-,false,-
com.typesafe.play,play-json_2.10,2.6.10,-,-,?,-,false,-
com.typesafe.play,play-json_2.11,2.7.0-M1,-,-,?,-,false,-
com.typesafe.play,play-json_2.13.0-M1,2.6.8,-,-,?,-,false,-
com.typesafe.play,play-json_2.13.0-M3,2.6.10,-,-,?,-,false,-
com.typesafe.play,play-json_2.13.0-M4,2.7.0-M1,-,-,?,-,false,-
com.typesafe.play,play-json-joda_2.10,2.6.10,-,-,?,-,false,-
com.typesafe.play,play-json-joda_2.11,2.7.0-M1,-,-,?,-,false,-
com.typesafe.play,play-json-joda_2.12,2.7.0-M1,-,-,?,-,false,-
com.typesafe.play,play-json-joda_2.13.0-M1,2.6.8,-,-,?,-,false,-
com.typesafe.play,play-json-joda_2.13.0-M3,2.6.10,-,-,?,-,false,-
com.typesafe.play,play-json_sjs0.6_2.10,2.6.10,-,-,?,-,false,-
com.typesafe.play,play-json_sjs0.6_2.11,2.7.0-M1,-,-,?,-,false,-
com.typesafe.play,play-json_sjs0.6_2.12,2.7.0-M1,-,-,?,-,false,-
com.typesafe.play,play-json_sjs0.6_2.13.0-M1,2.6.8,-,-,?,-,false,-
com.typesafe.play,play-json_sjs0.6_2.13.0-M3,2.6.10,-,-,?,-,false,-
com.typesafe.play,play-logback_2.11,2.7.0-M2,-,-,?,-,false,-
com.typesafe.play,play-logback_2.12,2.7.0-M2,-,-,?,-,false,-
com.typesafe.play,play-logback_2.13.0-M3,2.7.0-M2,-,-,?,-,false,-
com.typesafe.play,play-mailer_2.11,6.0.1,-,-,?,-,false,-
com.typesafe.play,play-mailer-guice_2.11,6.0.1,-,-,?,-,false,-
com.typesafe.play,play-mailer-guice_2.12,6.0.1,-,-,?,-,false,-
com.typesafe.play,play-microbenchmark_2.11,2.6.3,-,-,?,-,false,-
com.typesafe.play,play-microbenchmark_2.12,2.6.3,-,-,?,-,false,-
com.typesafe.play,play-native-loader_2.12,1.0.0,-,-,?,-,false,-
com.typesafe.play,play-netty-server_2.10,2.4.11,-,-,?,-,false,-
com.typesafe.play,play-netty-server_2.11,2.7.0-M2,-,-,?,-,false,-
com.typesafe.play,play-netty-server_2.12,2.7.0-M2,-,-,?,-,false,-
com.typesafe.play,play-netty-server_2.13.0-M3,2.7.0-M2,-,-,?,-,false,-
com.typesafe.play,play-netty-utils,2.6.18,-,-,?,-,false,-
com.typesafe.play,play-omnidoc_2.10,2.4.11,-,-,?,-,false,-
com.typesafe.play,play-omnidoc_2.11,2.7.0-M2,-,-,?,-,false,-
com.typesafe.play,play-omnidoc_2.12,2.7.0-M2,-,-,?,-,false,-
com.typesafe.play,play-openid_2.11,2.7.0-M2,-,-,?,-,false,-
com.typesafe.play,play-openid_2.12,2.7.0-M2,-,-,?,-,false,-
com.typesafe.play,play-openid_2.13.0-M3,2.7.0-M2,-,-,?,-,false,-
com.typesafe.play,play-server_2.10,2.4.11,-,-,?,-,false,sun.security.x509.X500Name               Use javax.security.auth.x500.X500Principal @since 1.4
com.typesafe.play,play-server_2.11,2.7.0-M2,-,-,?,-,false,sun.security.x509.X500Name               Use javax.security.auth.x500.X500Principal @since 1.4
com.typesafe.play,play-server_2.12,2.7.0-M2,-,-,?,-,false,sun.security.x509.X500Name               Use javax.security.auth.x500.X500Principal @since 1.4
com.typesafe.play,play-server_2.13.0-M3,2.7.0-M2,-,-,?,-,false,sun.security.x509.X500Name               Use javax.security.auth.x500.X500Principal @since 1.4
com.typesafe.play,play-slick_2.11,4.0.0-M2,-,-,?,-,false,-
com.typesafe.play,play-slick-evolutions_2.12,4.0.0-M2,-,-,?,-,false,-
com.typesafe.play,play-soap-client_2.11,1.1.4,-,-,?,-,false,-
com.typesafe.play,play-soap-client_2.12,1.1.4,-,-,?,-,false,-
com.typesafe.play,play-specs2_2.10,2.4.11,-,-,?,-,false,-
com.typesafe.play,play-specs2_2.11,2.7.0-M2,-,-,?,-,false,-
com.typesafe.play,play-specs2_2.12,2.7.0-M2,-,-,?,-,false,-
com.typesafe.play,play-specs2_2.13.0-M3,2.7.0-M2,-,-,?,-,false,-
com.typesafe.play,play-streams_2.11,2.7.0-M2,-,-,?,-,false,-
com.typesafe.play,play-streams_2.12,2.7.0-M2,-,-,?,-,false,-
com.typesafe.play,play-streams_2.13.0-M3,2.7.0-M2,-,-,?,-,false,-
com.typesafe.play,play-streams-experimental_2.10,2.4.11,-,-,?,-,false,-
com.typesafe.play,play-streams-experimental_2.11,2.4.11,-,-,?,-,false,-
com.typesafe.play,play-test_2.10,2.4.11,-,-,?,-,false,-
com.typesafe.play,play-test_2.11,2.7.0-M2,-,-,?,-,false,-
com.typesafe.play,play-test_2.12,2.7.0-M2,-,-,?,-,false,-
com.typesafe.play,play-test_2.13.0-M3,2.7.0-M2,-,-,?,-,false,-
com.typesafe.play,play-ws_2.10,2.4.11,-,-,?,-,false,sun.misc.Unsafe                          See http://openjdk.java.net/jeps/260 + sun.security.util.HostnameChecker        Use javax.net.ssl.SSLParameters.setEndpointIdentificationAlgorithm("HTTPS") @since 1.7 +                                          or javax.net.ssl.HttpsURLConnection.setHostnameVerifier() @since 1.4 + sun.security.x509.X500Name               Use javax.security.auth.x500.X500Principal @since 1.4
com.typesafe.play,play-ws_2.11,2.7.0-M2,-,-,?,-,false,-
com.typesafe.play,play-ws_2.13.0-M3,2.7.0-M2,-,-,?,-,false,-
com.typesafe.play,play-ws-standalone_2.11,2.0.0-M3,-,-,?,-,false,-
com.typesafe.play,play-ws-standalone_2.12,2.0.0-M3,-,-,?,-,false,-
com.typesafe.play,play-ws-standalone_2.13.0-M3,2.0.0-M3,-,-,?,-,false,-
com.typesafe.play,play-ws-standalone-json_2.11,2.0.0-M3,-,-,?,-,false,-
com.typesafe.play,play-ws-standalone-json_2.12,2.0.0-M3,-,-,?,-,false,-
com.typesafe.play,play-ws-standalone-json_2.13.0-M3,2.0.0-M3,-,-,?,-,false,-
com.typesafe.play,play-ws-standalone-xml_2.11,2.0.0-M3,-,-,?,-,false,-
com.typesafe.play,play-ws-standalone-xml_2.12,2.0.0-M3,-,-,?,-,false,-
com.typesafe.play,routes-compiler_2.10,2.5.0-M1,-,-,?,-,false,-
com.typesafe.play,routes-compiler_2.11,2.7.0-M2,-,-,?,-,false,-
com.typesafe.play,routes-compiler_2.12,2.7.0-M2,-,-,?,-,false,-
com.typesafe.play,routes-compiler_2.13.0-M3,2.7.0-M2,-,-,?,-,false,-
com.typesafe.play,run-support_2.11,2.6.0-M2,-,-,?,-,false,-
com.typesafe.play,run-support_2.12,2.7.0-M2,-,-,?,-,false,-
com.typesafe.play,sbt-fork-run-protocol_2.10,2.5.19,-,-,?,-,false,-
com.typesafe.play,sbt-routes-compiler_2.10,2.7.0-M2,-,-,?,-,false,-
com.typesafe.play,sbt-routes-compiler_2.12,2.7.0-M2,-,-,?,-,false,-
com.typesafe.play,sbt-run-support_2.10,2.6.0-M2,-,-,?,-,false,-
com.typesafe.play,shaded-asynchttpclient,2.0.0-M3,-,-,?,-,false,sun.misc.Unsafe                          See http://openjdk.java.net/jeps/260 + sun.security.x509.X500Name               Use javax.security.auth.x500.X500Principal @since 1.4
com.typesafe.play,shaded-asynchttpclient_2.12,1.0.0-M2,-,-,?,-,false,sun.misc.Unsafe                          See http://openjdk.java.net/jeps/260 + sun.security.x509.X500Name               Use javax.security.auth.x500.X500Principal @since 1.4
com.typesafe.play,shaded-oauth,2.0.0-M3,-,-,?,-,false,-
com.typesafe.play,shaded-oauth_2.12,1.0.0-M2,-,-,?,-,false,-
com.typesafe.play,twirl-api_2.10,1.4.0-M2,-,-,?,-,false,-
com.typesafe.play,twirl-api_2.11,1.4.0-M2,-,-,?,-,false,-
com.typesafe.play,twirl-api_2.12,1.4.0-M2,-,-,?,-,false,-
com.typesafe.play,twirl-api_2.13.0-M2,1.3.14,-,-,?,-,false,-
com.typesafe.play,twirl-api_sjs0.6_2.10,1.4.0-M2,-,-,?,-,false,-
com.typesafe.play,twirl-api_sjs0.6_2.11,1.4.0-M2,-,-,?,-,false,-
com.typesafe.play,twirl-api_sjs0.6_2.12,1.4.0-M2,-,-,?,-,false,-
com.typesafe.play,twirl-api_sjs0.6_2.13.0-M2,1.3.14,-,-,?,-,false,-
com.typesafe.play,twirl-api_sjs0.6_2.13.0-M3,1.4.0-M2,-,-,?,-,false,-
com.typesafe.play,twirl-compiler_2.10,1.4.0-M2,-,-,?,-,false,-
com.typesafe.play,twirl-compiler_2.11,1.4.0-M2,-,-,?,-,false,-
com.typesafe.play,twirl-compiler_2.12,1.4.0-M2,-,-,?,-,false,-
com.typesafe.play,twirl-compiler_2.13.0-M2,1.3.14,-,-,?,-,false,-
com.typesafe.play,twirl-compiler_2.13.0-M3,1.4.0-M2,-,-,?,-,false,-
com.typesafe.play,twirl-parser_2.10,1.4.0-M2,-,-,?,-,false,-
com.typesafe.play,twirl-parser_2.11,1.4.0-M2,-,-,?,-,false,-
com.typesafe.play,twirl-parser_2.12,1.4.0-M2,-,-,?,-,false,-
com.typesafe.play,twirl-parser_2.13.0-M2,1.3.14,-,-,?,-,false,-
com.typesafe.play,twirl-parser_2.13.0-M3,1.4.0-M2,-,-,?,-,false,-
com.typesafe,ssl-config-core_2.13.0-M4,0.2.4,-,-,?,-,false,sun.misc.Unsafe                          See http://openjdk.java.net/jeps/260 + sun.security.util.HostnameChecker        Use javax.net.ssl.SSLParameters.setEndpointIdentificationAlgorithm("HTTPS") @since 1.7 +                                          or javax.net.ssl.HttpsURLConnection.setHostnameVerifier() @since 1.4 + sun.security.x509.X500Name               Use javax.security.auth.x500.X500Principal @since 1.4
org.jmotor,scala-i18n_2.11,1.0.6,-,-,?,-,false,-
org.jmotor,scala-i18n_2.12,1.0.6,-,-,?,-,false,-
