groupId,artifactId,version,moduleName,moduleVersion,moduleMode,moduleDependencies,jdepsToolError,jdepsViolations
org.apache.kylin,atopcalcite,2.4.0,-,-,?,-,false,-
org.apache.kylin,kylin-assembly,2.4.0,-,-,?,-,false,-
org.apache.kylin,kylin-core-common,2.4.0,-,-,?,-,false,sun.misc.Unsafe                          See http://openjdk.java.net/jeps/260
org.apache.kylin,kylin-core-cube,2.4.0,-,-,?,-,false,-
org.apache.kylin,kylin-core-dictionary,2.4.0,-,-,?,-,false,-
org.apache.kylin,kylin-core-job,2.4.0,-,-,?,-,false,-
org.apache.kylin,kylin-core-metadata,2.4.0,-,-,?,-,false,-
org.apache.kylin,kylin-core-metrics,2.4.0,-,-,?,-,false,-
org.apache.kylin,kylin-core-storage,2.4.0,-,-,?,-,false,-
org.apache.kylin,kylin-engine-mr,2.4.0,-,-,?,-,false,-
org.apache.kylin,kylin-engine-spark,2.4.0,-,-,?,-,false,-
org.apache.kylin,kylin-it,2.4.0,-,-,?,-,false,-
org.apache.kylin,kylin-jdbc,2.4.0,-,-,?,-,false,sun.misc.Unsafe                          See http://openjdk.java.net/jeps/260
org.apache.kylin,kylin-metrics-reporter-hive,2.4.0,-,-,?,-,false,-
org.apache.kylin,kylin-metrics-reporter-kafka,2.4.0,-,-,?,-,false,-
org.apache.kylin,kylin-query,2.4.0,-,-,?,-,false,-
org.apache.kylin,kylin-server-base,2.4.0,-,-,?,-,false,-
org.apache.kylin,kylin-source-hive,2.4.0,-,-,?,-,false,-
org.apache.kylin,kylin-source-kafka,2.4.0,-,-,?,-,false,-
org.apache.kylin,kylin-storage-hbase,2.4.0,-,-,?,-,false,-
org.apache.kylin,kylin-tomcat-ext,2.4.0,-,-,?,-,false,-
org.apache.kylin,kylin-tool,2.4.0,-,-,?,-,false,-
org.apache.kylin,kylin-tool-assembly,2.4.0,-,-,?,-,false,-
