groupId,artifactId,version,moduleName,moduleVersion,moduleMode,moduleDependencies,jdepsToolError,jdepsViolations
com.alessandromarrella,fs2-elastic_2.12,6.1.4,-,-,?,-,false,-
com.bertramlabs.plugins,asset-pipeline-core,3.0.6,-,-,?,-,false,-
com.bertramlabs.plugins,asset-pipeline-gradle,3.0.6,-,-,?,-,false,-
com.bertramlabs.plugins,karman-alibaba,1.1.16,-,-,?,-,false,-
com.bertramlabs.plugins,karman-aws,1.1.16,-,-,?,-,false,-
com.bertramlabs.plugins,karman-azure,1.1.16,-,-,?,-,false,-
com.bertramlabs.plugins,karman-cifs,1.1.16,-,-,?,-,false,-
com.bertramlabs.plugins,karman-grails,1.1.16,-,-,?,-,false,-
com.bertramlabs.plugins,karman-nfs,1.1.16,-,-,?,-,false,-
com.bertramlabs.plugins,karman-openstack,1.1.16,-,-,?,-,false,-
com.bertramlabs.plugins,karman-rackspace,1.1.16,-,-,?,-,false,-
com.codetaco,cli,6.1.2,-,-,?,-,false,-
com.codetaco,date,4.1.2,-,-,?,-,false,-
com.codetaco,math,4.1.3,-,-,?,-,false,-
com.eztier,cassandra-udt-codec-helper-scala_2.12,0.2.18,-,-,?,-,false,-
com.google.apis,google-api-services-firebasedynamiclinks,v1-rev845-1.25.0,-,-,?,-,false,-
com.google.apis,google-api-services-firebaserules,v1-rev278-1.25.0,-,-,?,-,false,-
com.google.apis,google-api-services-firestore,v1-rev4-1.25.0,-,-,?,-,false,-
com.google.apis,google-api-services-fitness,v1-rev36-1.25.0,-,-,?,-,false,-
com.google.apis,google-api-services-fusiontables,v2-rev27-1.25.0,-,-,?,-,false,-
com.google.apis,google-api-services-gamesConfiguration,v1configuration-rev209-1.25.0,-,-,?,-,false,-
com.google.apis,google-api-services-gamesManagement,v1management-rev279-1.25.0,-,-,?,-,false,-
com.google.apis,google-api-services-games,v1-rev291-1.25.0,-,-,?,-,false,-
com.google.apis,google-api-services-genomics,v2alpha1-rev30-1.25.0,-,-,?,-,false,-
com.google.apis,google-api-services-gmail,v1-rev95-1.25.0,-,-,?,-,false,-
com.google.apis,google-api-services-groupsmigration,v1-rev56-1.25.0,-,-,?,-,false,-
com.google.apis,google-api-services-groupssettings,v1-rev75-1.25.0,-,-,?,-,false,-
com.google.apis,google-api-services-iamcredentials,v1-rev8-1.25.0,-,-,?,-,false,-
com.google.apis,google-api-services-iam,v1-rev258-1.25.0,-,-,?,-,false,-
com.google.apis,google-api-services-iap,v1beta1-rev7-1.25.0,-,-,?,-,false,-
com.google.apis,google-api-services-identitytoolkit,v3-rev252-1.25.0,-,-,?,-,false,-
com.google.apis,google-api-services-indexing,v3-rev7-1.25.0,-,-,?,-,false,-
com.google.apis,google-api-services-jobs,v3-rev5-1.25.0,-,-,?,-,false,-
com.google.apis,google-api-services-kgsearch,v1-rev230-1.25.0,-,-,?,-,false,-
com.hack23.cia,model.external.riksdagen.dokumentstatus.impl,2018.8.17,com.hack23.cia.model.external.riksdagen.dokumentstatus.impl,-,automatic,-,false,-
com.hack23.cia,model.external.riksdagen.person.impl,2018.8.17,com.hack23.cia.model.external.riksdagen.person.impl,-,automatic,-,false,-
com.hack23.cia,model.external.riksdagen.utskottsforslag.impl,2018.8.17,com.hack23.cia.model.external.riksdagen.utskottsforslag.impl,-,automatic,-,false,-
com.hack23.cia,model.external.val.riksdagsvalkrets.impl,2018.8.17,com.hack23.cia.model.external.val.riksdagsvalkrets.impl,-,automatic,-,false,-
com.hack23.cia,model.internal.application.user.impl,2018.8.17,com.hack23.cia.model.internal.application.user.impl,-,automatic,-,false,-
com.hack23.cia,service.api,2018.8.17,com.hack23.cia.service.api,-,automatic,org.apache.commons.lang3 + com.hack23.cia.model.internal.application.user.impl + com.hack23.cia.model.external.val.kommunvalkrets.impl + com.hack23.cia.model.external.riksdagen.utskottsforslag.impl + com.hack23.cia.model.external.riksdagen.dokumentstatus.impl + com.hack23.cia.model.external.worldbank.data.impl + java.validation + com.hack23.cia.model.external.riksdagen.dokumentlista.impl + com.hack23.cia.model.external.riksdagen.voteringlista.impl + com.hack23.cia.model.external.riksdagen.documentcontent.impl + java.base + com.hack23.cia.model.external.riksdagen.votering.impl + com.hack23.cia.model.external.worldbank.indicators.impl + com.hack23.cia.service.data.api + com.hack23.cia.model.external.riksdagen.personlista.impl + com.hack23.cia.model.external.worldbank.topic.impl + org.apache.commons.collections4 + com.hack23.cia.model.external.riksdagen.person.impl + com.hack23.cia.model.external.val.landstingvalkrets.impl + com.hack23.cia.model.external.val.riksdagsvalkrets.impl + com.hack23.cia.model.external.val.partier.impl,true,-
com.hack23.cia,service.component.agent.api,2018.8.17,com.hack23.cia.service.component.agent.api,-,automatic,com.hack23.cia.model.internal.application.user.impl + java.base,true,-
com.hack23.cia,service.component.agent.impl,2018.8.17,com.hack23.cia.service.component.agent.impl,-,automatic,com.hack23.cia.model.external.riksdagen.utskottsforslag.impl + com.hack23.cia.model.external.riksdagen.dokumentstatus.impl + java.xml.ws.annotation + java.xml.bind + com.hack23.cia.model.external.worldbank.data.impl + com.hack23.cia.service.component.agent.api + com.hack23.cia.model.external.riksdagen.voteringlista.impl + com.hack23.cia.model.external.riksdagen.documentcontent.impl + com.hack23.cia.model.external.riksdagen.votering.impl + com.hack23.cia.model.external.worldbank.indicators.impl + org.slf4j + com.hack23.cia.model.external.riksdagen.personlista.impl + com.hack23.cia.service.external.worldbank + com.hack23.cia.model.external.riksdagen.person.impl + com.hack23.cia.service.external.val + com.hack23.cia.model.external.val.partier.impl + org.apache.commons.lang3 + spring.tx + com.hack23.cia.service.external.common + com.hack23.cia.model.external.val.kommunvalkrets.impl + spring.security.core + com.hack23.cia.model.external.riksdagen.dokumentlista.impl + spring.context + java.base + org.joda.time + com.hack23.cia.service.data.api + spring.jms + jms + spring.beans + com.hack23.cia.service.external.riksdagen + com.hack23.cia.model.external.worldbank.topic.impl + com.hack23.cia.model.external.val.landstingvalkrets.impl + com.hack23.cia.model.external.val.riksdagsvalkrets.impl,true,-
com.hack23.cia,service.data.api,2018.8.17,com.hack23.cia.service.data.api,-,automatic,com.hack23.cia.model.internal.application.user.impl + java.se.ee + com.hack23.cia.model.external.val.kommunvalkrets.impl + com.hack23.cia.model.external.riksdagen.utskottsforslag.impl + com.hack23.cia.model.external.riksdagen.dokumentstatus.impl + com.hack23.cia.model.external.worldbank.data.impl + com.hack23.cia.model.external.riksdagen.dokumentlista.impl + com.hack23.cia.model.external.riksdagen.voteringlista.impl + com.hack23.cia.model.external.riksdagen.documentcontent.impl + java.persistence + java.base + com.hack23.cia.model.external.riksdagen.votering.impl + com.hack23.cia.model.external.worldbank.indicators.impl + com.hack23.cia.model.external.riksdagen.personlista.impl + com.hack23.cia.model.external.worldbank.topic.impl + com.hack23.cia.model.external.riksdagen.person.impl + com.hack23.cia.model.external.val.landstingvalkrets.impl + com.hack23.cia.model.external.val.riksdagsvalkrets.impl + com.hack23.cia.model.external.val.partier.impl,true,-
com.hack23.cia,service.data.impl,2018.8.17,com.hack23.cia.service.data.impl,-,automatic,cache.api + org.hibernate.search.engine + javers.spring.jpa + com.google.common + lucene.analyzers.common + java.xml.ws.annotation + java.xml.bind + javers.core + java.desktop + javers.persistence.sql + lucene.core + java.persistence + org.slf4j + commons.lang + spring.context.support + java.sql + org.apache.commons.lang3 + spring.tx + org.hibernate.orm.core + spring.security.core + spring.context + ehcache + java.base + org.hibernate.search.orm + spring.jdbc + com.hack23.cia.service.data.api + javers.spring + spring.beans + java.transaction + commons.beanutils + liquibase.core,true,-
com.hack23.cia,service.external.common,2018.8.17,com.hack23.cia.service.external.common,-,automatic,fluent.hc + org.slf4j + httpclient + spring.oxm + java.xml.bind + spring.context + java.base + jdom2,true,-
com.hack23.cia,service.external.val,2018.8.17,com.hack23.cia.service.external.val,-,automatic,org.slf4j + com.hack23.cia.service.external.common + com.hack23.cia.model.external.val.kommunvalkrets.impl + java.xml.bind + spring.beans + com.hack23.cia.model.external.val.landstingvalkrets.impl + com.hack23.cia.model.external.val.riksdagsvalkrets.impl + com.hack23.cia.model.external.val.partier.impl + java.base,true,-
com.hack23.cia,service.impl,2018.8.17,com.hack23.cia.service.impl,-,automatic,com.google.common + com.hack23.cia.model.external.riksdagen.dokumentstatus.impl + com.hack23.cia.model.external.worldbank.data.impl + com.hack23.cia.service.component.agent.api + com.hack23.cia.model.external.riksdagen.votering.impl + com.hack23.cia.model.external.worldbank.indicators.impl + spring.context.support + com.hack23.cia.model.external.riksdagen.person.impl + com.hack23.cia.service.external.val + googleauth + spring.tx + quartz + com.hack23.cia.service.external.common + org.bouncycastle.pkix + spring.security.core + com.hack23.cia.model.external.riksdagen.dokumentlista.impl + spring.context + java.base + com.hack23.cia.service.data.api + spring.jms + spring.beans + com.hack23.cia.model.external.val.landstingvalkrets.impl + org.bouncycastle.provider + com.hack23.cia.model.external.val.riksdagsvalkrets.impl + weka.dev + com.hack23.cia.model.external.riksdagen.utskottsforslag.impl + java.xml.bind + java.xml.ws.annotation + org.drools.core + com.hack23.cia.model.external.riksdagen.voteringlista.impl + com.hack23.cia.model.external.riksdagen.documentcontent.impl + org.slf4j + passay + com.hack23.cia.service.api + com.hack23.cia.model.external.riksdagen.personlista.impl + commons.lang + com.hack23.cia.service.external.worldbank + com.hack23.cia.model.external.val.partier.impl + com.hack23.cia.service.component.agent.impl + org.apache.commons.lang3 + com.hack23.cia.model.external.val.kommunvalkrets.impl + spring.messaging + java.validation + org.kie.api + java.mail + org.joda.time + jms + com.hack23.cia.service.external.riksdagen + com.hack23.cia.model.external.worldbank.topic.impl,true,-
com.hack23.cia,testfoundation,2018.8.17,com.hack23.cia.testfoundation,-,automatic,-,false,-
com.informix.hq,informixhq-agent,0.2.0,-,-,?,-,false,-
com.informix.hq,informixhq-server,0.2.0,-,-,?,-,false,sun.misc.Unsafe                          See http://openjdk.java.net/jeps/260
com.linecorp.armeria,armeria,0.69.0,-,-,?,-,false,-
com.linecorp.armeria,armeria-grpc,0.69.0,-,-,?,-,false,-
com.linecorp.armeria,armeria-grpc-shaded,0.69.0,-,-,?,-,false,-
com.linecorp.armeria,armeria-jetty,0.69.0,-,-,?,-,false,-
com.linecorp.armeria,armeria-jetty-shaded,0.69.0,-,-,?,-,false,-
com.linecorp.armeria,armeria-kafka,0.69.0,-,-,?,-,false,-
com.linecorp.armeria,armeria-kafka-shaded,0.69.0,-,-,?,-,false,-
com.linecorp.armeria,armeria-logback,0.69.0,-,-,?,-,false,-
com.linecorp.armeria,armeria-logback-shaded,0.69.0,-,-,?,-,false,-
com.linecorp.armeria,armeria-retrofit2,0.69.0,-,-,?,-,false,-
com.linecorp.armeria,armeria-retrofit2-shaded,0.69.0,-,-,?,-,false,-
com.linecorp.armeria,armeria-rxjava,0.69.0,-,-,?,-,false,-
com.linecorp.armeria,armeria-rxjava-shaded,0.69.0,-,-,?,-,false,-
com.linecorp.armeria,armeria-saml,0.69.0,-,-,?,-,false,-
com.linecorp.armeria,armeria-saml-shaded,0.69.0,-,-,?,-,false,-
com.linecorp.armeria,armeria-shaded,0.69.0,-,-,?,-,false,sun.misc.Unsafe                          See http://openjdk.java.net/jeps/260
com.linecorp.armeria,armeria-spring-boot,0.56.1,-,-,?,-,false,-
com.linecorp.armeria,armeria-spring-boot1-autoconfigure,0.69.0,-,-,?,-,false,-
com.linecorp.armeria,armeria-spring-boot1-autoconfigure-shaded,0.69.0,-,-,?,-,false,-
com.linecorp.armeria,armeria-spring-boot1-starter,0.69.0,-,-,?,-,false,-
com.linecorp.armeria,armeria-spring-boot1-starter-shaded,0.69.0,-,-,?,-,false,-
com.linecorp.armeria,armeria-spring-boot2-autoconfigure,0.61.0,-,-,?,-,false,-
com.linecorp.armeria,armeria-spring-boot2-autoconfigure-shaded,0.61.0,-,-,?,-,false,-
com.linecorp.armeria,armeria-spring-boot2-starter,0.61.0,-,-,?,-,false,-
com.linecorp.armeria,armeria-spring-boot2-starter-shaded,0.61.0,-,-,?,-,false,-
com.linecorp.armeria,armeria-spring-boot-autoconfigure,0.69.0,-,-,?,-,false,-
com.linecorp.armeria,armeria-spring-boot-autoconfigure-shaded,0.69.0,-,-,?,-,false,-
com.linecorp.armeria,armeria-spring-boot-shaded,0.56.1,-,-,?,-,false,-
com.linecorp.armeria,armeria-spring-boot-starter,0.69.0,-,-,?,-,false,-
com.linecorp.armeria,armeria-spring-boot-starter-shaded,0.69.0,-,-,?,-,false,-
com.linecorp.armeria,armeria-testing,0.69.0,-,-,?,-,false,-
com.linecorp.armeria,armeria-testing-shaded,0.69.0,-,-,?,-,false,-
com.linecorp.armeria,armeria-thrift,0.69.0,-,-,?,-,false,-
com.linecorp.armeria,armeria-thrift0.9,0.69.0,-,-,?,-,false,-
com.linecorp.armeria,armeria-thrift0.9-shaded,0.69.0,-,-,?,-,false,-
com.linecorp.armeria,armeria-thrift-shaded,0.69.0,-,-,?,-,false,-
com.linecorp.armeria,armeria-tomcat,0.69.0,-,-,?,-,false,-
com.linecorp.armeria,armeria-tomcat8.0,0.69.0,-,-,?,-,false,-
com.linecorp.armeria,armeria-tomcat8.0-shaded,0.69.0,-,-,?,-,false,-
com.linecorp.armeria,armeria-tomcat8.5,0.69.0,-,-,?,-,false,-
com.linecorp.armeria,armeria-tomcat8.5-shaded,0.69.0,-,-,?,-,false,-
com.linecorp.armeria,armeria-tomcat-shaded,0.69.0,-,-,?,-,false,-
com.linecorp.armeria,armeria-zipkin,0.69.0,-,-,?,-,false,-
com.linecorp.armeria,armeria-zipkin-shaded,0.69.0,-,-,?,-,false,-
com.linecorp.armeria,armeria-zookeeper,0.69.0,-,-,?,-,false,-
com.linecorp.armeria,armeria-zookeeper-shaded,0.69.0,-,-,?,-,false,-
com.linecorp.bot,line-bot-api-client,2.0.0,-,-,?,-,false,-
com.linecorp.bot,line-bot-cli,2.0.0,-,-,?,-,false,-
com.linecorp.bot,line-bot-model,2.0.0,-,-,?,-,false,-
com.linecorp.bot,line-bot-servlet,2.0.0,-,-,?,-,false,-
com.linecorp.bot,line-bot-spring-boot,2.0.0,-,-,?,-,false,-
com.linecorp.centraldogma,centraldogma-client,0.31.0,-,-,?,-,false,-
com.linecorp.centraldogma,centraldogma-client-armeria,0.31.0,-,-,?,-,false,-
com.linecorp.centraldogma,centraldogma-client-armeria-legacy,0.31.0,-,-,?,-,false,-
com.linecorp.centraldogma,centraldogma-client-armeria-legacy-shaded,0.31.0,-,-,?,-,false,-
com.linecorp.centraldogma,centraldogma-client-armeria-shaded,0.31.0,-,-,?,-,false,-
com.linecorp.centraldogma,centraldogma-client-java-spring-boot1-autoconfigure,0.26.0,-,-,?,-,false,-
com.linecorp.centraldogma,centraldogma-client-java-spring-boot1-autoconfigure-shaded,0.26.0,-,-,?,-,false,-
com.linecorp.centraldogma,centraldogma-client-java-spring-boot1-starter,0.26.0,-,-,?,-,false,-
com.linecorp.centraldogma,centraldogma-client-java-spring-boot1-starter-shaded,0.26.0,-,-,?,-,false,-
com.linecorp.centraldogma,centraldogma-client-shaded,0.31.0,-,-,?,-,false,-
com.linecorp.centraldogma,centraldogma-client-spring-boot1-autoconfigure,0.31.0,-,-,?,-,false,-
com.linecorp.centraldogma,centraldogma-client-spring-boot1-autoconfigure-shaded,0.31.0,-,-,?,-,false,-
com.linecorp.centraldogma,centraldogma-client-spring-boot1-starter,0.31.0,-,-,?,-,false,-
com.linecorp.centraldogma,centraldogma-client-spring-boot1-starter-shaded,0.31.0,-,-,?,-,false,-
com.linecorp.centraldogma,centraldogma-client-spring-boot-autoconfigure,0.31.0,-,-,?,-,false,-
com.linecorp.centraldogma,centraldogma-client-spring-boot-autoconfigure-shaded,0.31.0,-,-,?,-,false,-
com.linecorp.centraldogma,centraldogma-client-spring-boot-starter,0.31.0,-,-,?,-,false,-
com.linecorp.centraldogma,centraldogma-client-spring-boot-starter-shaded,0.31.0,-,-,?,-,false,-
com.linecorp.centraldogma,centraldogma-common,0.31.0,-,-,?,-,false,-
com.linecorp.centraldogma,centraldogma-common-legacy,0.31.0,-,-,?,-,false,-
com.linecorp.centraldogma,centraldogma-common-legacy-shaded,0.31.0,-,-,?,-,false,-
com.linecorp.centraldogma,centraldogma-common-shaded,0.31.0,-,-,?,-,false,sun.misc.Unsafe                          See http://openjdk.java.net/jeps/260
com.linecorp.centraldogma,centraldogma-server,0.31.0,-,-,?,-,false,-
com.linecorp.centraldogma,centraldogma-server-shaded,0.31.0,-,-,?,-,false,-
com.linecorp.centraldogma,centraldogma-testing,0.31.0,-,-,?,-,false,-
com.linecorp.centraldogma,centraldogma-testing-shaded,0.31.0,-,-,?,-,false,-
com.linecorp.clova,clova-extension-boot-web,1.0.0,-,-,?,-,false,-
com.linecorp.clova,clova-extension-model,1.0.0,-,-,?,-,false,-
com.linecorp.clova,clova-extension-test,1.0.0,-,-,?,-,false,-
com.netflix.buildinfrastructure,netflixoss-plugin-common,0.7.31,-,-,?,-,false,-
com.netflix.buildinfrastructure,netflixoss-plugin-test,0.7.31,-,-,?,-,false,-
com.netflix.spectator,spectator-agent,0.74.4,com.netflix.spectator.agent,-,automatic,-,false,-
com.netflix.spectator,spectator-api,0.74.4,com.netflix.spectator.api,-,automatic,-,false,-
com.netflix.spectator,spectator-ext-aws,0.74.4,com.netflix.spectator.aws,-,automatic,-,false,-
com.netflix.spectator,spectator-ext-aws2,0.74.4,com.netflix.spectator.aws2,-,automatic,-,false,-
com.netflix.spectator,spectator-ext-gc,0.74.4,com.netflix.spectator.gc,-,automatic,-,false,-
com.netflix.spectator,spectator-ext-ipc,0.74.4,com.netflix.spectator.ipc,-,automatic,-,false,-
com.netflix.spectator,spectator-ext-ipcservlet,0.74.4,com.netflix.spectator.ipcservlet,-,automatic,-,false,-
com.netflix.spectator,spectator-ext-jvm,0.74.4,com.netflix.spectator.jvm,-,automatic,-,false,-
com.netflix.spectator,spectator-ext-log4j1,0.74.4,com.netflix.spectator.log4j1,-,automatic,-,false,-
com.netflix.spectator,spectator-ext-log4j2,0.74.4,com.netflix.spectator.log4j2,-,automatic,-,false,-
com.netflix.spectator,spectator-ext-placeholders,0.74.4,com.netflix.spectator.placeholders,-,automatic,-,false,-
com.netflix.spectator,spectator-ext-sandbox,0.74.4,com.netflix.spectator.sandbox,-,automatic,-,false,-
com.netflix.spectator,spectator-ext-spark,0.74.4,com.netflix.spectator.spark,-,automatic,-,false,-
com.netflix.spectator,spectator-nflx,0.74.4,com.netflix.spectator.nflx.governator,-,automatic,-,false,-
com.netflix.spectator,spectator-nflx-plugin,0.74.4,com.netflix.spectator.nflx,-,automatic,-,false,-
com.netflix.spectator,spectator-perf,0.74.4,com.netflix.spectator.perf,-,automatic,-,false,-
com.netflix.spectator,spectator-reg-atlas,0.74.4,com.netflix.spectator.atlas,-,automatic,-,false,-
com.netflix.spectator,spectator-reg-metrics3,0.74.4,com.netflix.spectator.metrics3,-,automatic,-,false,-
com.netflix.spectator,spectator-reg-servo,0.74.4,com.netflix.spectator.servo,-,automatic,-,false,-
com.netflix.spectator,spectator-reg-stateless,0.74.4,com.netflix.spectator.stateless,-,automatic,-,false,-
com.netflix.spectator,spectator-web-spring,0.74.4,com.netflix.spectator.spring,-,automatic,-,false,-
com.networknt,cdc-common,1.5.1,-,-,?,-,false,-
com.networknt,codegen-web,1.5.10,-,-,?,-,false,-
com.networknt,email,1.5.18,-,-,?,-,false,-
com.networknt,eventuate-event,1.5.18,-,-,?,-,false,-
com.networknt,eventuate-server-kafka,1.5.18,-,-,?,-,false,-
com.networknt,openapi-meta,1.5.18,-,-,?,-,false,-
com.networknt,swagger,1.1.8,-,-,?,-,false,-
com.networknt,test-jdbc,1.5.1,-,-,?,-,false,-
com.networknt,tram-command,1.5.18,-,-,?,-,false,-
com.networknt,tram-consumer-kafka,1.5.18,-,-,?,-,false,-
com.neuronrobotics,BowlerScriptingKernel,0.34.1,-,-,?,-,false,com.sun.image.codec.jpeg.JPEGCodec       Use javax.imageio @since 1.4 + com.sun.image.codec.jpeg.JPEGDecodeParam Use javax.imageio @since 1.4 + com.sun.image.codec.jpeg.JPEGEncodeParam Use javax.imageio @since 1.4 + com.sun.image.codec.jpeg.JPEGImageDecoder Use javax.imageio @since 1.4 + com.sun.image.codec.jpeg.JPEGImageEncoder Use javax.imageio @since 1.4 + com.sun.image.codec.jpeg.JPEGQTable      Use javax.imageio @since 1.4 + com.sun.image.codec.jpeg.TruncatedFileException Use javax.imageio @since 1.4 + java.awt.peer.ComponentPeer              Should not use. See https://bugs.openjdk.java.net/browse/JDK-8037739 + java.awt.peer.LightweightPeer            Should not use. See https://bugs.openjdk.java.net/browse/JDK-8037739 + sun.misc.Signal                          See http://openjdk.java.net/jeps/260 + sun.misc.SignalHandler                   See http://openjdk.java.net/jeps/260 + sun.misc.Unsafe                          See http://openjdk.java.net/jeps/260 + sun.reflect.ReflectionFactory            See http://openjdk.java.net/jeps/260
com.neuronrobotics,java-bowler,3.26.2,-,-,?,-,false,-
com.neuronrobotics,JavaCad,0.17.1,-,-,?,-,false,com.sun.image.codec.jpeg.JPEGCodec       Use javax.imageio @since 1.4 + com.sun.image.codec.jpeg.JPEGDecodeParam Use javax.imageio @since 1.4 + com.sun.image.codec.jpeg.JPEGEncodeParam Use javax.imageio @since 1.4 + com.sun.image.codec.jpeg.JPEGImageDecoder Use javax.imageio @since 1.4 + com.sun.image.codec.jpeg.JPEGImageEncoder Use javax.imageio @since 1.4 + com.sun.image.codec.jpeg.JPEGQTable      Use javax.imageio @since 1.4 + com.sun.image.codec.jpeg.TruncatedFileException Use javax.imageio @since 1.4
com.neuronrobotics,nrjavaserial,3.14.0,-,-,?,-,false,-
com.neuronrobotics,SimplePacketComsJava,0.6.0,-,-,?,-,false,-
com.quali.cloudshell,sandbox-api,1.1.0.13,-,-,?,-,false,-
com.ripple.cryptoconditions,crypto-conditions,1.0.3,-,-,?,-,false,-
com.ripple.cryptoconditions,jackson-datatype-cryptoconditions,1.0.3,-,-,?,-,false,-
com.zaradai,gluon-core,0.0.1,-,-,?,-,false,-
com.zaradai,gluon-examples,0.0.1,-,-,?,-,false,-
eu.coldrye.junit,junit-common,1.1.1,-,-,?,-,false,-
io.zonky.test.postgres,embedded-postgres-binaries-darwin-amd64,10.4.0,-,-,?,-,false,-
io.zonky.test.postgres,embedded-postgres-binaries-linux-amd64,10.4.0,-,-,?,-,false,-
io.zonky.test.postgres,embedded-postgres-binaries-linux-amd64-alpine,10.4.0,-,-,?,-,false,-
io.zonky.test.postgres,embedded-postgres-binaries-linux-arm32v6,10.4.0,-,-,?,-,false,-
io.zonky.test.postgres,embedded-postgres-binaries-linux-arm32v6-alpine,10.4.0,-,-,?,-,false,-
io.zonky.test.postgres,embedded-postgres-binaries-linux-arm32v7,10.4.0,-,-,?,-,false,-
io.zonky.test.postgres,embedded-postgres-binaries-linux-arm64v8,10.4.0,-,-,?,-,false,-
io.zonky.test.postgres,embedded-postgres-binaries-linux-arm64v8-alpine,10.4.0,-,-,?,-,false,-
io.zonky.test.postgres,embedded-postgres-binaries-linux-i386,10.4.0,-,-,?,-,false,-
io.zonky.test.postgres,embedded-postgres-binaries-linux-i386-alpine,10.4.0,-,-,?,-,false,-
io.zonky.test.postgres,embedded-postgres-binaries-linux-ppc64le,10.4.0,-,-,?,-,false,-
io.zonky.test.postgres,embedded-postgres-binaries-linux-ppc64le-alpine,10.4.0,-,-,?,-,false,-
io.zonky.test.postgres,embedded-postgres-binaries-windows-amd64,10.4.0,-,-,?,-,false,-
io.zonky.test.postgres,embedded-postgres-binaries-windows-i386,10.4.0,-,-,?,-,false,-
ws.osiris,osiris-aws,0.10.0,-,-,?,-,false,-
ws.osiris,osiris-aws-deploy,0.10.0,-,-,?,-,false,-
ws.osiris,osiris-core,0.10.0,-,-,?,-,false,-
ws.osiris,osiris-integration,0.10.0,-,-,?,-,false,-
ws.osiris,osiris-local-server,0.10.0,-,-,?,-,false,-
ws.osiris,osiris-maven-plugin,0.10.0,-,-,?,-,false,-
ws.osiris,osiris-server,0.10.0,-,-,?,-,false,-
