groupId,artifactId,version,moduleName,moduleVersion,moduleMode,moduleDependencies,jdepsToolError,jdepsViolations
ch.epfl.lamp,dotty_0.10,0.10.0-bin-20180824-675b2ac-NIGHTLY,-,-,?,-,false,-
ch.epfl.lamp,dotty-compiler_0.10,0.10.0-bin-20180824-675b2ac-NIGHTLY,-,-,?,-,false,-
ch.epfl.lamp,dotty-doc_0.10,0.10.0-bin-20180824-675b2ac-NIGHTLY,-,-,?,-,false,-
ch.epfl.lamp,dotty-interfaces,0.10.0-bin-20180824-675b2ac-NIGHTLY,-,-,?,-,false,-
ch.epfl.lamp,dotty-language-server_0.10,0.10.0-bin-20180824-675b2ac-NIGHTLY,-,-,?,-,false,-
ch.epfl.lamp,dotty-library_0.10,0.10.0-bin-20180824-675b2ac-NIGHTLY,-,-,?,-,false,sun.misc.Unsafe                          See http://openjdk.java.net/jeps/260
ch.epfl.lamp,scala-compiler,0.10.0-bin-20180824-675b2ac-NIGHTLY,-,-,?,-,false,-
ch.epfl.lamp,scala-library,0.10.0-bin-20180824-675b2ac-NIGHTLY,-,-,?,-,false,-
ch.epfl.lamp,scalap,0.10.0-bin-20180824-675b2ac-NIGHTLY,-,-,?,-,false,-
ch.epfl.lamp,scala-reflect,0.10.0-bin-20180824-675b2ac-NIGHTLY,-,-,?,-,false,-
com.adtran,betablocker-plugin,1.0.10,-,-,?,-,false,-
com.adtran,scala-multiversion-plugin,1.0.31,-,-,?,-,false,-
com.antiaction,common-cli,0.2.0,-,-,?,-,false,-
com.antiaction,common-json,0.7.0,-,-,?,-,false,-
com.axellience,vue-gwt,1.0-beta-9,-,-,?,-,false,-
com.axellience,vue-gwt-core,1.0-beta-6,-,-,?,-,false,-
com.axellience,vue-gwt-gwt2,1.0-beta-9,-,-,?,-,false,-
com.axellience,vue-gwt-processors,1.0-beta-9,-,-,?,-,false,-
com.axellience,vue-router-gwt,1.0-beta-9,-,-,?,-,false,-
com.axway.ats.distrib,ats-distrib,4.0.5,-,-,?,-,false,-
com.axway.ats.expectj,ats-expectj,2.0.8,-,-,?,-,false,-
com.axway.ats.framework.agent,ats-agent-core,4.0.5,-,-,?,-,false,-
com.axway.ats.framework.agent.standalone,ats-agent-monitoring,4.0.0-SHAPSHOT,-,-,?,-,false,-
com.axway.ats.framework.agent.standalone,ats-agent-standalone-containerstarter,4.0.5,-,-,?,-,false,-
com.axway.ats.framework.agent.standalone,ats-agent-systemoperations,4.0.5,-,-,?,-,false,-
com.axway.ats.framework.agent.webapp,ats-agent-webapp-client,4.0.5,-,-,?,-,false,-
com.axway.ats.framework.agent.webapp,ats-agent-webapp-server,4.0.5,-,-,?,-,false,-
com.axway.ats.framework,ats-actionlibrary,4.0.5,-,-,?,-,false,-
com.axway.ats.framework,ats-common,4.0.5,-,-,?,-,false,-
com.axway.ats.framework,ats-configuration,4.0.5,-,-,?,-,false,-
com.axway.ats.framework,ats-core,4.0.5,-,-,?,-,false,-
com.axway.ats.framework,ats-environmentcleanup,4.0.5,-,-,?,-,false,-
com.axway.ats.framework,ats-log,4.0.5,-,-,?,-,false,-
com.axway.ats.framework,ats-monitoringlibrary,4.0.5,-,-,?,-,false,-
com.axway.ats.framework,ats-rbv,4.0.5,-,-,?,-,false,-
com.axway.ats.framework,ats-testharness,4.0.5,-,-,?,-,false,-
com.axway.ats.framework,ats-uiengine,4.0.5,-,-,?,-,false,-
com.axway.ats.framework.utilities,ats-s3-utilities,4.0.5,-,-,?,-,false,-
com.axway.ats.gnu.classpath.ext,inetlib,1.1.1,-,-,?,-,false,-
com.blogspot.mydailyjava,weak-lock-free,0.13,-,-,?,-,false,-
com.braango,braangosdk,1.0.0,-,-,?,-,false,-
com.clearspring.analytics,stream,2.9.6,-,-,?,-,false,-
com.cloudinary,cloudinary-core,1.19.0,-,-,?,-,false,-
com.cloudinary,cloudinary-core-scala_2.10,1.2.1,-,-,?,-,false,-
com.cloudinary,cloudinary-core-scala_2.11,1.2.1,-,-,?,-,false,-
com.cloudinary,cloudinary-http42,1.19.0,-,-,?,-,false,-
com.cloudinary,cloudinary-http43,1.19.0,-,-,?,-,false,-
com.cloudinary,cloudinary-http44,1.19.0,-,-,?,-,false,-
com.cloudinary,cloudinary-scala-play_2.10,1.2.1,-,-,?,-,false,-
com.cloudinary,cloudinary-scala-play_2.11,1.2.1,-,-,?,-,false,-
com.cloudinary,cloudinary-taglib,1.19.0,-,-,?,-,false,-
com.cloudinary,cloudinary-test-common,1.19.0,-,-,?,-,false,sun.reflect.generics.reflectiveObjects.NotImplementedException Removed. See http://openjdk.java.net/jeps/260
com.comcast.drivethru,drive-thru,2.0.7,-,-,?,-,false,-
com.comcast,ip4s_2.11,1.0.2,-,-,?,-,false,-
com.comcast,ip4s_2.12,1.0.2,-,-,?,-,false,-
com.comcast,ip4s_2.13.0-M4,1.0.1,-,-,?,-,false,-
com.comcast,ip4s-cats_2.11,1.1.1,-,-,?,-,false,-
com.comcast,ip4s-cats_2.12,1.1.1,-,-,?,-,false,-
com.comcast,ip4s-cats_sjs0.6_2.11,1.1.1,-,-,?,-,false,-
com.comcast,ip4s-cats_sjs0.6_2.12,1.1.1,-,-,?,-,false,-
com.comcast,ip4s-core_2.11,1.1.1,-,-,?,-,false,-
com.comcast,ip4s-core_2.12,1.1.1,-,-,?,-,false,-
com.comcast,ip4s-core_sjs0.6_2.11,1.1.1,-,-,?,-,false,-
com.comcast,ip4s-core_sjs0.6_2.12,1.1.1,-,-,?,-,false,-
com.comcast,ip4s-scalaz_2.11,1.1.1,-,-,?,-,false,-
com.comcast,ip4s-scalaz_2.12,1.1.1,-,-,?,-,false,-
com.comcast,ip4s-scalaz_sjs0.6_2.11,1.1.1,-,-,?,-,false,-
com.comcast,ip4s-scalaz_sjs0.6_2.12,1.1.1,-,-,?,-,false,-
com.comcast,ip4s_sjs0.6_2.11,1.0.2,-,-,?,-,false,-
com.comcast,ip4s_sjs0.6_2.12,1.0.2,-,-,?,-,false,-
com.comcast,ip4s_sjs0.6_2.13.0-M4,1.0.1,-,-,?,-,false,-
com.comcast.magic-wand,appium,4.0.3,-,-,?,-,false,-
com.comcast.magic-wand,chrome,4.0.3,-,-,?,-,false,-
com.comcast.magic-wand,core,4.0.3,-,-,?,-,false,-
com.comcast.magic-wand,firefox,4.0.3,-,-,?,-,false,-
com.comcast.magic-wand,iexplore,4.0.3,-,-,?,-,false,-
com.comcast.magic-wand,phantomjs,4.0.3,-,-,?,-,false,-
com.comcast.magic-wand,safari,4.0.3,-,-,?,-,false,-
com.comcast.magic-wand,saucelabs,4.0.3,-,-,?,-,false,-
com.comcast.magic-wand,testing,4.0.3,-,-,?,-,false,-
com.comcast,sirius,2.0.0,-,-,?,-,false,-
com.denimgroup.threadfix,threadfix-cli,2.5,-,-,?,-,false,-
com.denimgroup.threadfix,threadfix-entities,2.5,-,-,?,-,false,-
com.eclecticlogic,eclectic-orc,1.0.2,-,-,?,-,false,-
com.eclecticlogic,pedal-dialect,1.4.0,-,-,?,-,false,-
com.fintonic,versioning-spring-boot,0.7.1,-,-,?,-,false,-
com.fintonic,versioning-spring-boot-autoconfigure,0.8.0,-,-,?,-,false,-
com.fintonic,versioning-spring-boot-starter,0.8.0,-,-,?,-,false,-
com.foxinmy,weixin4j-base,1.8.2,-,-,?,-,false,-
com.foxinmy,weixin4j-mp,1.8.2,-,-,?,-,false,-
com.foxinmy,weixin4j-qy,1.8.2,-,-,?,-,false,-
com.foxinmy,weixin4j-server,1.1.9,-,-,?,-,false,-
com.foxinmy,weixin4j-serverX,0.0.1,-,-,?,-,false,-
com.foxinmy,weixin4j-wxa,1.8.2,-,-,?,-,false,-
com.ft.membership,fluent-logging,3.1.0,-,-,?,-,false,-
com.google.apis,google-api-services-appsactivity,v1-rev178-1.25.0,-,-,?,-,false,-
com.google.apis,google-api-services-cloudprofiler,v2-rev8-1.25.0,-,-,?,-,false,-
com.google.apis,google-api-services-plus,v1-rev555-1.25.0,-,-,?,-,false,-
com.google.apis,google-api-services-reseller,v1sandbox-rev60-1.22.0,-,-,?,-,false,-
com.google.apis,google-api-services-servicebroker,v1-rev9-1.25.0,-,-,?,-,false,-
com.google.apis,google-api-services-serviceconsumermanagement,v1-rev138-1.25.0,-,-,?,-,false,-
com.google.apis,google-api-services-servicecontrol,v1-rev99-1.25.0,-,-,?,-,false,-
com.google.apis,google-api-services-servicemanagement,v1-rev409-1.25.0,-,-,?,-,false,-
com.google.apis,google-api-services-serviceusage,v1-rev42-1.25.0,-,-,?,-,false,-
com.goyeau,kafka-streams-circe_2.12,0.5,-,-,?,-,false,-
com.goyeau,kubernetes-client_2.12,0.1.0,-,-,?,-,false,-
com.goyeau,orchestra_2.12,0.0.2,-,-,?,-,false,-
com.goyeau,orchestra-core_2.12,0.8,-,-,?,-,false,-
com.goyeau,orchestra-core_sjs0.6_2.12,0.8,-,-,?,-,false,-
com.goyeau,orchestra-cron_2.12,0.8,-,-,?,-,false,-
com.goyeau,orchestra-cron_sjs0.6_2.12,0.8,-,-,?,-,false,-
com.goyeau,orchestra-github_2.12,0.8,-,-,?,-,false,-
com.goyeau,orchestra-github_sjs0.6_2.12,0.8,-,-,?,-,false,-
com.goyeau,orchestra-lock_2.12,0.8,-,-,?,-,false,-
com.goyeau,orchestra_sjs0.6_2.12,0.0.2,-,-,?,-,false,-
com.goyeau,orkestra-core_2.12,0.8.1,-,-,?,-,false,-
com.goyeau,orkestra-core_sjs0.6_2.12,0.8.1,-,-,?,-,false,-
com.goyeau,orkestra-cron_2.12,0.8.1,-,-,?,-,false,-
com.goyeau,orkestra-cron_sjs0.6_2.12,0.8.1,-,-,?,-,false,-
com.goyeau,orkestra-github_2.12,0.8.1,-,-,?,-,false,-
com.goyeau,orkestra-github_sjs0.6_2.12,0.8.1,-,-,?,-,false,-
com.goyeau,orkestra-lock_2.12,0.8.1,-,-,?,-,false,-
com.hivemq,hivemq-spi,3.4.0,-,-,?,-,false,-
com.huaweicloud.cs,huaweicloud-cs-java-sdk,1.0.1,-,-,?,-,false,-
com.huaweicloud.dis,huaweicloud-sdk-java-dis,1.3.0,-,-,?,-,false,-
com.huaweicloud.dis,huaweicloud-sdk-java-dis-iface,1.3.0,-,-,?,-,false,-
com.huaweicloud.dws,huaweicloud-dws-jdbc,1.2.0,-,-,?,-,false,-
com.hurence.logisland,logisland-agent,0.10.2,-,-,?,-,false,sun.misc.Cleaner                         Use java.lang.ref.PhantomReference @since 1.2 or java.lang.ref.Cleaner @since 9 + sun.misc.Unsafe                          See http://openjdk.java.net/jeps/260 + sun.reflect.ReflectionFactory            See http://openjdk.java.net/jeps/260
com.hurence.logisland,logisland-api,0.14.0,-,-,?,-,false,sun.reflect.generics.reflectiveObjects.NotImplementedException Removed. See http://openjdk.java.net/jeps/260
com.hurence.logisland,logisland-bootstrap,0.14.0,-,-,?,-,false,-
com.hurence.logisland,logisland-botsearch-plugin,0.10.1,-,-,?,-,false,-
com.hurence.logisland,logisland-cache_key_value-service-api,0.14.0,-,-,?,-,false,sun.reflect.generics.reflectiveObjects.NotImplementedException Removed. See http://openjdk.java.net/jeps/260
com.hurence.logisland,logisland-cache-service-api,0.10.2,-,-,?,-,false,-
com.hurence.logisland,logisland-common-logs-plugin,0.14.0,-,-,?,-,false,-
com.hurence.logisland,logisland-common-processors-plugin,0.14.0,-,-,?,-,false,-
com.hurence.logisland,logisland-connector-opc,0.14.0,-,-,?,-,false,-
com.hurence.logisland,logisland-connect-spark,0.14.0,-,-,?,-,false,-
com.hurence.logisland,logisland-consolidate-session-plugin,0.10.2,-,-,?,-,false,-
com.hurence.logisland,logisland-documentation,0.14.0,-,-,?,-,false,-
com.hurence.logisland,logisland-elasticsearch_2_3_3-client-service,0.10.2,-,-,?,-,false,sun.misc.Unsafe                          See http://openjdk.java.net/jeps/260 + sun.security.x509.X500Name               Use javax.security.auth.x500.X500Principal @since 1.4
com.hurence.logisland,logisland-elasticsearch_2_4_0-client-service,0.14.0,-,-,?,-,false,sun.misc.Unsafe                          See http://openjdk.java.net/jeps/260 + sun.security.x509.X500Name               Use javax.security.auth.x500.X500Principal @since 1.4
com.hurence.logisland,logisland-elasticsearch_5_4_0-client-service,0.14.0,-,-,?,-,false,sun.misc.Unsafe                          See http://openjdk.java.net/jeps/260 + sun.security.x509.X500Name               Use javax.security.auth.x500.X500Principal @since 1.4
com.hurence.logisland,logisland-elasticsearch-client-service-api,0.14.0,-,-,?,-,false,-
com.hurence.logisland,logisland-enrichment-plugin,0.14.0,-,-,?,-,false,-
com.hurence.logisland,logisland-excel-plugin,0.14.0,-,-,?,-,false,-
com.hurence.logisland,logisland-hadoop-utils,0.14.0,-,-,?,-,false,sun.misc.Cleaner                         Use java.lang.ref.PhantomReference @since 1.2 or java.lang.ref.Cleaner @since 9 + sun.misc.Signal                          See http://openjdk.java.net/jeps/260 + sun.misc.SignalHandler                   See http://openjdk.java.net/jeps/260 + sun.misc.Unsafe                          See http://openjdk.java.net/jeps/260
com.hurence.logisland,logisland-hbase_1_1_2-client-service,0.14.0,-,-,?,-,false,sun.misc.Cleaner                         Use java.lang.ref.PhantomReference @since 1.2 or java.lang.ref.Cleaner @since 9 + sun.misc.Signal                          See http://openjdk.java.net/jeps/260 + sun.misc.SignalHandler                   See http://openjdk.java.net/jeps/260 + sun.misc.Unsafe                          See http://openjdk.java.net/jeps/260 + sun.security.x509.X500Name               Use javax.security.auth.x500.X500Principal @since 1.4
com.hurence.logisland,logisland-hbase-client-service-api,0.14.0,-,-,?,-,false,-
com.hurence.logisland,logisland-hbase-plugin,0.14.0,-,-,?,-,false,-
com.hurence.logisland,logisland-ip-to-geo-service-maxmind,0.14.0,-,-,?,-,false,-
com.hurence.logisland,logisland-kafka-0-8-plugin,0.9.7,-,-,?,-,false,-
com.hurence.logisland,logisland-ml-client-service,0.10.1,-,-,?,-,false,-
com.hurence.logisland,logisland-ml-client-service-api,0.10.1,-,-,?,-,false,-
com.hurence.logisland,logisland-outlier-detection-plugin,0.9.7,-,-,?,-,false,-
com.hurence.logisland,logisland-outlier-detection-plugin_2.11,0.14.0,-,-,?,-,false,-
com.hurence.logisland,logisland-redis_4-client-service,0.14.0,-,-,?,-,false,sun.misc.Unsafe                          See http://openjdk.java.net/jeps/260
com.hurence.logisland,logisland-sampling-plugin,0.14.0,-,-,?,-,false,-
com.hurence.logisland,logisland-scripting-base,0.14.0,-,-,?,-,false,-
com.hurence.logisland,logisland-scripting-mvel,0.14.0,-,-,?,-,false,-
com.hurence.logisland,logisland-scripting-plugin,0.14.0,-,-,?,-,false,-
com.hurence.logisland,logisland-solr_5_5_5-client-service,0.14.0,-,-,?,-,false,sun.misc.Unsafe                          See http://openjdk.java.net/jeps/260
com.hurence.logisland,logisland-solr_6_4_2-chronix-client-service,0.14.0,-,-,?,-,false,sun.misc.Unsafe                          See http://openjdk.java.net/jeps/260
com.hurence.logisland,logisland-solr_6_6_2-client-service,0.14.0,-,-,?,-,false,sun.misc.Unsafe                          See http://openjdk.java.net/jeps/260
com.hurence.logisland,logisland-solr-client-service-api,0.14.0,-,-,?,-,false,-
com.hurence.logisland,logisland-solr-client-service-test,0.14.0,-,-,?,-,false,-
com.hurence.logisland,logisland-spark-engine,0.9.7,-,-,?,-,false,-
com.hurence.logisland,logisland-useragent-plugin,0.14.0,-,-,?,-,false,-
com.hurence.logisland,logisland-utils,0.14.0,-,-,?,-,false,com.sun.tools.javac.model.JavacElements  Use javax.tools and javax.lang.model @since 1.6 + com.sun.tools.javac.processing.JavacProcessingEnvironment Use javax.tools and javax.lang.model @since 1.6 + com.sun.tools.javac.tree.JCTree          Use com.sun.source @since 1.6 + com.sun.tools.javac.tree.JCTree$JCExpression Use com.sun.source @since 1.6 + com.sun.tools.javac.tree.JCTree$JCLiteral Use com.sun.source @since 1.6 + com.sun.tools.javac.tree.JCTree$JCVariableDecl Use com.sun.source @since 1.6 + com.sun.tools.javac.tree.TreeMaker       Use com.sun.source @since 1.6 + com.sun.tools.javac.util.Context         Use javax.tools and javax.lang.model @since 1.6
com.hurence.logisland,logisland-web-analytics-plugin,0.14.0,-,-,?,-,false,-
com.jdroidframework,jdroid-component-builder,0.4.0,-,-,?,-,false,-
com.jdroidframework,jdroid-googleplay-publisher-plugin,0.3.0,-,-,?,-,false,-
com.jdroidframework,jdroid-gradle-android-plugin,0.18.0,-,-,?,-,false,-
com.jdroidframework,jdroid-gradle-commons-plugin,0.18.0,-,-,?,-,false,-
com.jdroidframework,jdroid-gradle-googleplay-publisher-plugin,0.5.0,-,-,?,-,false,-
com.jdroidframework,jdroid-gradle-java-plugin,0.18.0,-,-,?,-,false,-
com.jdroidframework,jdroid-gradle-java-webapp-plugin,0.18.0,-,-,?,-,false,-
com.jdroidframework,jdroid-gradle-plugin,0.13.0,-,-,?,-,false,-
com.jdroidframework,jdroid-gradle-project-plugin,0.18.0,-,-,?,-,false,-
com.jdroidframework,jdroid-gradle-root-plugin,0.18.0,-,-,?,-,false,-
com.jdroidframework,jdroid-java,0.12.0,-,-,?,-,false,-
com.jdroidframework,jdroid-java-core,0.15.0,-,-,?,-,false,-
com.jdroidframework,jdroid-java-firebase-database,0.15.0,-,-,?,-,false,-
com.jdroidframework,jdroid-java-firebase-dynamiclinks,0.1.0,-,-,?,-,false,-
com.jdroidframework,jdroid-java-github,0.9.4,-,-,?,-,false,-
com.jdroidframework,jdroid-java-google-drive,0.10.0,-,-,?,-,false,-
com.jdroidframework,jdroid-java-googleplay-publisher,0.5.0,-,-,?,-,false,-
com.jdroidframework,jdroid-java-http-core,0.15.0,-,-,?,-,false,-
com.jdroidframework,jdroid-java-http-okhttp,0.15.0,-,-,?,-,false,-
com.jdroidframework,jdroid-java-webapp-core,0.10.0,-,-,?,-,false,-
com.jesus-crie,modularbot-base,2.3.4_18,-,-,?,-,false,-
com.jesus-crie,modularbot-command,2.3.4_18,-,-,?,-,false,-
com.jesus-crie,modularbot-core,2.3.4_18,-,-,?,-,false,-
com.jesus-crie,modularbot-logger,2.3.4_18,-,-,?,-,false,-
com.jesus-crie,modularbot-message-decorator,2.3.4_18,-,-,?,-,false,-
com.jesus-crie,modularbot-nashorn-command-support,2.3.4_18,-,-,?,-,false,-
com.jesus-crie,modularbot-nashorn-support,2.3.4_18,-,-,?,-,false,-
com.jesus-crie,modularbot-night-config-wrapper,2.3.4_18,-,-,?,-,false,-
com.lunaryorn,play-json-refined_2.11,0.5,-,-,?,-,false,-
com.lunaryorn,play-json-refined_2.12,0.5,-,-,?,-,false,-
com.mediamath,t1-java,1.2.2,-,-,?,-,false,-
com.moparisthebest.sxf4j,sxf4j,0.1,-,-,?,-,false,sun.reflect.ReflectionFactory            See http://openjdk.java.net/jeps/260
com.opsgenie.integration,sdk,2.11.2,-,-,?,-,false,-
com.opsgenie.integration,sdk-shaded,2.8.2,-,-,?,-,false,-
com.opsgenie.integration,sdk-swagger,2.11.2,-,-,?,-,false,-
com.opsgenie.oas,opsgenie-sdk-swagger,1.0.9,-,-,?,-,false,-
com.opsgenie,opsgenie-aws-core,2.0.0,-,-,?,-,false,-
com.opsgenie,opsgenie-aws-s3,2.0.0,-,-,?,-,false,-
com.opsgenie,opsgenie-core,2.0.0,-,-,?,-,false,sun.misc.IOUtils                         Removed. See http://openjdk.java.net/jeps/260
com.opsgenie.sirocco,sirocco-api,2.0.0,-,-,?,-,false,-
com.opsgenie.sirocco,sirocco-warmup,2.0.0,-,-,?,-,false,sun.misc.IOUtils                         Removed. See http://openjdk.java.net/jeps/260
com.opsgenie.thundra,thundra-audit,1.1.0,-,-,?,-,false,-
com.opsgenie.thundra,thundra-audit-instrument,1.1.0,-,-,?,-,false,-
com.opsgenie.thundra,thundra-audit-profile,1.1.0,-,-,?,-,false,-
com.opsgenie.thundra,thundra-audit-spring,1.1.0,-,-,?,-,false,-
com.opsgenie.thundra,thundra-audit-xray,1.1.0,-,-,?,-,false,-
com.opsgenie.thundra,thundra-core,1.1.0,-,-,?,-,false,-
com.opsgenie.thundra,thundra-firehose,1.1.0,-,-,?,-,false,sun.misc.IOUtils                         Removed. See http://openjdk.java.net/jeps/260
com.opsgenie.thundra,thundra-instrument,1.1.0,-,-,?,-,false,-
com.opsgenie.thundra,thundra-jdk-attach,1.1.0,-,-,?,-,false,-
com.opsgenie.thundra,thundra-kinesis,1.1.0,-,-,?,-,false,sun.misc.IOUtils                         Removed. See http://openjdk.java.net/jeps/260
com.opsgenie.thundra,thundra-log,1.1.0,-,-,?,-,false,-
com.opsgenie.thundra,thundra-profile,1.1.0,-,-,?,-,false,-
com.opsgenie.thundra,thundra-stat,1.1.0,-,-,?,-,false,-
com.opsgenie.tools,configuration-backup,0.4.1,-,-,?,-,false,-
com.racquettrack,spring-security-oauth2-client,3.2,-,-,?,-,false,-
com.reallifedeveloper,rld-build-tools,1.5,-,-,?,-,false,-
com.reallifedeveloper,rld-common,1.3,-,-,?,-,false,-
com.signaturit.api,java-sdk,1.1.6,-,-,?,-,false,-
com.smartystreets.api,smartystreets-java-sdk,3.3.3,-,-,?,-,false,-
com.stimulsoft,reports-base,2017.1.0.3d,-,-,?,-,false,sun.misc.Unsafe                          See http://openjdk.java.net/jeps/260
com.stimulsoft,reports-demo,2017.1.0.3d,-,-,?,-,false,-
com.stimulsoft,reports-flex,2017.1.0.3d,-,-,?,-,false,-
com.stimulsoft,reports-lib,2017.1.0.3d,-,-,?,-,false,-
com.stimulsoft,reports-report,2017.1.0.3d,-,-,?,-,false,-
com.stimulsoft,reports-samples,2017.1.0.3d,-,-,?,-,false,-
com.stimulsoft,reports-swt,2017.1.0.3d,-,-,?,-,false,-
com.stimulsoft,reports-viewer,2017.1.0.3d,-,-,?,-,false,-
com.stimulsoft,reports-web,2017.1.0.3d,-,-,?,-,false,-
com.stimulsoft,reports-webdesigner,2017.1.0.3d,-,-,?,-,false,-
com.stimulsoft,reports-webviewer,2017.1.0.3d,-,-,?,-,false,-
com.stimulsoft,stimulsoft-reports-base,2018.2.3,-,-,?,-,false,sun.misc.Unsafe                          See http://openjdk.java.net/jeps/260
com.stimulsoft,stimulsoft-reports-demo,2018.2.3,-,-,?,-,false,-
com.stimulsoft,stimulsoft-reports-flex,2018.2.3,-,-,?,-,false,-
com.stimulsoft,stimulsoft-reports-lib,2018.2.3,-,-,?,-,false,-
com.stimulsoft,stimulsoft-reports-libs,2018.2.3,-,-,?,-,false,-
com.stimulsoft,stimulsoft-reports-report,2018.2.3,-,-,?,-,false,-
com.stimulsoft,stimulsoft-reports-samples,2018.2.3,-,-,?,-,false,-
com.stimulsoft,stimulsoft-reports-swt,2018.2.3,-,-,?,-,false,-
com.stimulsoft,stimulsoft-reports-viewer,2018.2.3,-,-,?,-,false,-
com.stimulsoft,stimulsoft-reports-web,2018.2.3,-,-,?,-,false,-
com.stimulsoft,stimulsoft-reports-webdesigner,2018.2.3,-,-,?,-,false,-
com.stimulsoft,stimulsoft-reports-webviewer,2018.2.3,-,-,?,-,false,-
com.topdesk,time-transformer-agent,1.1.0,-,-,?,-,false,-
com.ucloudlink.css,css-canal,1.0.24,-,-,?,-,false,com.sun.rowset.CachedRowSetImpl          Use javax.sql.rowset.RowSetProvider @since 1.7 + sun.misc.Unsafe                          See http://openjdk.java.net/jeps/260 + sun.reflect.Reflection                   Use java.lang.StackWalker @since 9 + sun.reflect.annotation.AnnotationType    Removed. See http://openjdk.java.net/jeps/260 + sun.security.x509.X500Name               Use javax.security.auth.x500.X500Principal @since 1.4
com.upserve,uppend,0.0.2,-,-,?,-,false,-
com.walmartlabs.appserver,appserver,0.0.10,-,-,?,-,false,-
com.walmartlabs.netscaler.nitro,nitro,11.0,-,-,?,-,false,-
com.walmartlabs.ollie,ollie,0.0.24,-,-,?,-,false,-
com.walmartlabs.ollie,ollie-configuration,0.0.24,-,-,?,-,false,-
com.walmartlabs.x12,gozer,0.1.1,-,-,?,-,false,-
com.wizzardo,epoll,0.3.2,-,-,?,-,false,sun.misc.Unsafe                          See http://openjdk.java.net/jeps/260
com.wizzardo,http,0.2.2,-,-,?,-,false,-
com.wizzardo,simple-websocket-client,0.1,-,-,?,-,false,-
com.wizzardo.tools,tools,0.21,-,-,?,-,false,-
com.wizzardo.tools,tools-cache,0.21,-,-,?,-,false,-
com.wizzardo.tools,tools-collections,0.21,-,-,?,-,false,-
com.wizzardo.tools,tools-evaluation,0.21,-,-,?,-,false,-
com.wizzardo.tools,tools-exception,0.21,-,-,?,-,false,-
com.wizzardo.tools,tools-helpers,0.21,-,-,?,-,false,-
com.wizzardo.tools,tools-http,0.21,-,-,?,-,false,-
com.wizzardo.tools,tools-image,0.21,-,-,?,-,false,com.sun.image.codec.jpeg.JPEGCodec       Use javax.imageio @since 1.4 + com.sun.image.codec.jpeg.JPEGImageDecoder Use javax.imageio @since 1.4
com.wizzardo.tools,tools-interfaces,0.21,-,-,?,-,false,-
com.wizzardo.tools,tools-io,0.21,-,-,?,-,false,-
com.wizzardo.tools,tools-json,0.21,-,-,?,-,false,-
com.wizzardo.tools,tools-math,0.21,-,-,?,-,false,-
com.wizzardo.tools,tools-misc,0.21,-,-,?,-,false,-
com.wizzardo.tools,tools-reflection,0.21,-,-,?,-,false,sun.misc.Unsafe                          See http://openjdk.java.net/jeps/260
com.wizzardo.tools,tools-security,0.21,-,-,?,-,false,-
com.wizzardo.tools,tools-xml,0.21,-,-,?,-,false,-
com.xracoon,basekit,0.0.5,-,-,?,-,false,sun.misc.BASE64Decoder                   Use java.util.Base64 @since 1.8 + sun.misc.BASE64Encoder                   Use java.util.Base64 @since 1.8
com.yexperiment,helis_2.12,0.1.3,-,-,?,-,false,-
com.zarbosoft,appdirsj,0.0.2,-,-,?,-,false,-
com.zarbosoft,cogettus,0.0.2,-,-,?,-,false,-
com.zarbosoft,coroutines,0.0.5,-,-,?,-,false,-
com.zarbosoft,coroutines-core,0.0.9,-,-,?,-,false,-
com.zarbosoft,gettus,0.0.2,-,-,?,-,false,-
com.zarbosoft,interface,0.0.1,-,-,?,-,false,-
com.zarbosoft,luxem,0.0.1,-,-,?,-,false,-
com.zarbosoft,pidgoon,0.0.1,-,-,?,-,false,-
com.zarbosoft.rendaw,common,1.0.2,-,-,?,-,false,-
io.github.lamp-china.ledis,lamp-ledis-core,0.0.2,-,-,?,-,false,-
io.github.lamp-china.ledis,lamp-ledis-spring,0.0.2,-,-,?,-,false,-
io.github.lamp-china.ledis,lamp-ledis-spring-boot-autoconfigure,0.0.2,-,-,?,-,false,-
org.eurekaclinical,eurekaclinical-protempa-client,2.0-Beta-1,-,-,?,-,false,-
org.eurekaclinical,protempa-bconfigs-ini4j-ini,5.0-Beta-12,-,-,?,-,false,-
org.eurekaclinical,protempa-bcp-serviceloader,5.0-Beta-12,-,-,?,-,false,-
org.eurekaclinical,protempa-bp-serviceloader,5.0-Beta-12,-,-,?,-,false,-
org.eurekaclinical,protempa-dsb-file,5.0-Beta-12,-,-,?,-,false,-
org.eurekaclinical,protempa-dsb-relationaldb,5.0-Beta-12,-,-,?,-,false,-
org.eurekaclinical,protempa-framework,5.0-Beta-12,-,-,?,-,false,-
org.eurekaclinical,protempa-ksb-protege,5.0-Beta-12,-,-,?,-,false,-
org.eurekaclinical,protempa-test-suite,5.0-Beta-12,-,-,?,-,false,-
top.jfunc.common,converter,1.4,-,-,?,-,false,-
top.jfunc.common,network-converter,1.4,-,-,?,-,false,-
