groupId,artifactId,version,moduleName,moduleVersion,moduleMode,moduleDependencies,jdepsToolError,jdepsViolations
com.cinchapi,accent4j,1.0.0,-,-,?,-,false,sun.misc.Unsafe                          See http://openjdk.java.net/jeps/260
com.github.83945105,holygrail,0.2.0,-,-,?,-,false,sun.misc.BASE64Decoder                   Use java.util.Base64 @since 1.8
com.github.83945105,spring-dt-core,1.0.0,-,-,?,-,false,-
com.github.83945105,spring-dt-jdbc,1.0.0,-,-,?,-,false,-
com.github.alexp11223,minic,1.3.2,-,-,?,-,false,-
com.github.alexp11223,richtextfx,0.7-M6a,-,-,?,-,false,-
com.github.andreidore,fancourierclient,0.1.0,net.dongliu.requests,-,automatic,-,false,-
com.github.andreidore,smartbillclient,0.5.0,net.dongliu.requests,-,automatic,-,false,-
com.github.aro-tech,extended-mockito,2.21.0.1,-,-,?,-,false,-
com.github.aro-tech,tdd-mixins-core,1.1.20,-,-,?,-,false,-
com.github.aro-tech,tdd-mixins-junit4,1.1.19,-,-,?,-,false,-
com.github.barambani,http4s-extend_2.11,0.0.42,-,-,?,-,false,-
com.github.barambani,http4s-extend_2.12,0.0.42,-,-,?,-,false,-
com.github.biopet,addgenesandtranscriptstogtf_2.11,0.1,-,-,?,-,false,-
com.github.biopet,annotatevcfwithbed_2.11,0.1,-,-,?,-,false,-
com.github.biopet,bamstats_2.11,0.1,-,-,?,-,false,-
com.github.biopet,basecounter_2.11,0.1,-,-,?,-,false,-
com.github.biopet,bastygeneratefasta_2.11,0.1,-,-,?,-,false,-
com.github.biopet,common-utils_2.11,0.7,-,-,?,-,false,-
com.github.biopet,common-utils_2.12,0.7,-,-,?,-,false,-
com.github.biopet,correctrefalleles_2.11,0.1,-,-,?,-,false,-
com.github.biopet,countalleles_2.11,0.1,-,-,?,-,false,-
com.github.biopet,digenicsearch_2.11,0.1,-,-,?,-,false,-
com.github.biopet,downloadncbiassembly_2.11,0.1,-,-,?,-,false,-
com.github.biopet,downsampleregions_2.11,0.1.1,-,-,?,-,false,-
com.github.biopet,extractadaptersfastqc_2.11,0.2,-,-,?,-,false,-
com.github.biopet,extractalignedfastq_2.11,0.1,-,-,?,-,false,-
com.github.biopet,extracttagsfromgtf_2.11,0.1,-,-,?,-,false,-
com.github.biopet,fastqsplitter_2.11,0.1,-,-,?,-,false,-
com.github.biopet,fastqsync_2.11,0.1,-,-,?,-,false,-
com.github.biopet,findoverlapmatch_2.11,0.1,-,-,?,-,false,-
com.github.biopet,gtftorefflat_2.11,0.1,-,-,?,-,false,-
com.github.biopet,gvcftobed_2.11,0.1,-,-,?,-,false,-
com.github.biopet,krakenreporttojson_2.11,0.1,-,-,?,-,false,-
com.github.biopet,mergeotumaps_2.11,0.1,-,-,?,-,false,-
com.github.biopet,mergesv_2.11,0.2,-,-,?,-,false,-
com.github.biopet,mpileuptovcf_2.11,0.1,-,-,?,-,false,-
com.github.biopet,multicoverage_2.11,0.1,-,-,?,-,false,-
com.github.biopet,ncbireporttocontigmap_2.11,0.1,-,-,?,-,false,-
com.github.biopet,ngs-utils_2.11,0.5,-,-,?,-,false,-
com.github.biopet,ngs-utils_2.12,0.5,-,-,?,-,false,-
com.github.biopet,pipelinestatus_2.11,0.1,-,-,?,-,false,-
com.github.biopet,rebuildcontigmap_2.11,0.1,-,-,?,-,false,-
com.github.biopet,refflatstats_2.11,0.1,-,-,?,-,false,-
com.github.biopet,replacecontigsgtffile_2.11,0.1,-,-,?,-,false,-
com.github.biopet,replacecontigsvcffile_2.11,0.2,-,-,?,-,false,-
com.github.biopet,sampleconfig_2.11,0.1,-,-,?,-,false,-
com.github.biopet,samples-tsv-to-config_2.11,0.1,-,-,?,-,false,-
com.github.biopet,samplestsvtoconfig_2.11,0.1,-,-,?,-,false,-
com.github.biopet,sampletsvtoconfig_2.11,0.1,-,-,?,-,false,-
com.github.biopet,scatterregions_2.11,0.1,-,-,?,-,false,-
com.github.biopet,seqstat_2.11,1.0.1,-,-,?,-,false,-
com.github.biopet,snptesttovcf_2.11,0.1,-,-,?,-,false,-
com.github.biopet,spark-utils_2.11,0.4,-,-,?,-,false,-
com.github.biopet,squishbed_2.11,0.1,-,-,?,-,false,-
com.github.biopet,tenxkit_2.11,0.1,-,-,?,-,false,-
com.github.biopet,test-utils_2.11,0.4,-,-,?,-,false,-
com.github.biopet,test-utils_2.12,0.4,-,-,?,-,false,-
com.github.biopet,toolspackage_2.11,0.1,-,-,?,-,false,-
com.github.biopet,tooltemplate_2.11,0.5.9,-,-,?,-,false,-
com.github.biopet,tool-test-utils_2.11,0.2.2,-,-,?,-,false,-
com.github.biopet,tool-utils_2.11,0.5,-,-,?,-,false,-
com.github.biopet,tool-utils_2.12,0.5,-,-,?,-,false,-
com.github.biopet,validateannotation_2.11,0.1,-,-,?,-,false,-
com.github.biopet,validatefastq_2.11,0.1.1,-,-,?,-,false,-
com.github.biopet,validatevcf_2.11,0.1,-,-,?,-,false,-
com.github.biopet,vcffilter_2.11,0.2,-,-,?,-,false,-
com.github.biopet,vcfstats_2.11,1.2,-,-,?,-,false,-
com.github.biopet,vcftotsv_2.11,0.1,-,-,?,-,false,-
com.github.biopet,vcfwithvcf_2.11,0.1,-,-,?,-,false,-
com.github.biopet,vepnormalizer_2.11,0.1,-,-,?,-,false,-
com.github.biopet,wipereads_2.11,0.1,-,-,?,-,false,-
com.github.biopet,xcnvtobed_2.11,0.1,-,-,?,-,false,-
com.github.bloodshura,brainfxck,1.1.0,-,-,?,-,false,-
com.github.bloodshura,desktoputils,1.1.0,-,-,?,-,false,-
com.github.bloodshura,easymail,1.1.0,-,-,?,-,false,-
com.github.bloodshura,reshade,1.1.0,-,-,?,-,false,-
com.github.bloodshura,shurax,1.1.2,-,-,?,-,false,-
com.github.bloodshura,shurax-assets,1.1.0,-,-,?,-,false,-
com.github.bloodshura,shurax-assets-ext,1.1.0,-,-,?,-,false,-
com.github.bloodshura,shurax-cfg,1.2.4,-,-,?,-,false,-
com.github.bloodshura,shurax-cryptography,1.1.0,-,-,?,-,false,-
com.github.bloodshura,shurax-http-services,1.1.0,-,-,?,-,false,-
com.github.bloodshura,shurax-native,1.1.0,-,-,?,-,false,-
com.github.bloodshura,shurax-network,1.1.0,-,-,?,-,false,-
com.github.bloodshura,shurax-utilities,1.1.0,-,-,?,-,false,-
com.github.bloodshura,venusscript,1.1.0,-,-,?,-,false,-
com.github.bohnman,package-info-maven-plugin,1.0.1,-,-,?,-,false,-
com.github.bohnman,squiggly-filter-jackson,1.3.11,-,-,?,-,false,-
com.github.bpearce89,Bpearce89,1.0.1,-,-,?,-,false,-
com.github.bpearce89,Tutorial,1.0.0,-,-,?,-,false,-
com.github.chewiebug,gcviewer,1.35,-,-,?,-,false,-
com.github.cimpress-mcp,sqs-streams,0.7.56-2514323,-,-,?,-,false,-
com.github.codemonstur,htmlcompiler,1.0.0,-,-,?,-,false,-
com.github.codemonstur,simplexml,1.5.5,-,-,?,-,false,-
com.github.codestickers,codestickers,1.0.1,-,-,?,-,false,-
com.github.conserveorm,conserve,1.0.1,-,-,?,-,false,-
com.github.crs-tool,crs4gae,0.0.3,-,-,?,-,false,-
com.github.daniel-shuy,jax-rs-jpa-crud,4.0.0,-,-,?,-,false,-
com.github.daniel-shuy,jpa-utils,1.0.0,-,-,?,-,false,-
com.github.daniel-shuy,kafka-jackson-serializer,0.1.2,-,-,?,-,false,-
com.github.daniel-shuy,kafka-protobuf-serde,1.0.0,-,-,?,-,false,-
com.github.developframework,chinese-administrative-region-data,1.0.0,-,-,?,-,false,-
com.github.developframework,chinese-administrative-region-output,1.0.0,-,-,?,-,false,-
com.github.developframework,develop-framework-commons,0.3,-,-,?,-,false,-
com.github.developframework,develop-framework-components,0.2,-,-,?,-,false,-
com.github.developframework,develop-framework-jpa,0.3,-,-,?,-,false,-
com.github.developframework,develop-framework-mybatis,0.3,-,-,?,-,false,-
com.github.developframework,develop-framework-web,0.3,-,-,?,-,false,-
com.github.developframework,expression,1.2.1,-,-,?,-,false,-
com.github.developframework,jsonview3-core,3.2.0,-,-,?,-,false,-
com.github.developframework,jsonview3-springmvc,3.2.0,-,-,?,-,false,-
com.github.developframework,jsonview3-spring-support,3.2.0,-,-,?,-,false,-
com.github.developframework,jsonview4-core,4.0.2,-,-,?,-,false,-
com.github.developframework,jsonview4-spring,4.0.2,-,-,?,-,false,-
com.github.developframework,jsonview-spring-boot-starter,1.1.2,-,-,?,-,false,-
com.github.developframework,kite-core,0.5,-,-,?,-,false,-
com.github.developframework,kite-spring,0.5,-,-,?,-,false,-
com.github.developframework,kite-spring-boot-starter,0.5,-,-,?,-,false,-
com.github.developframework,mock-db,0.2,-,-,?,-,false,-
com.github.developframework,mock-text,0.2,-,-,?,-,false,-
com.github.developframework,toolkit-base,0.2,-,-,?,-,false,-
com.github.developframework,toolkit-http,0.2,-,-,?,-,false,-
com.github.developframework,toolkit-mail,0.2,-,-,?,-,false,-
com.github.developframework,toolkit-persistence,0.2,-,-,?,-,false,-
com.github.developframework,toolkit-persistence-mybatis,0.2,-,-,?,-,false,-
com.github.developframework,wechat-pay-core,1.0.1,-,-,?,-,false,-
com.github.developframework,wechat-pay-spring,1.0.1,-,-,?,-,false,-
com.github.dramer,Bichromate,3.7,-,-,?,-,false,-
com.github.easai.math,Complex,0.0.1,-,-,?,-,false,-
com.github.easai,text,0.1.6,-,-,?,-,false,-
com.github.easai.utils,EditProperties,0.0.1,-,-,?,-,false,-
com.github.easai.utils,RecurseDir,0.0.1,-,-,?,-,false,-
com.github.easai.utils,TreeEditor,0.1.7,-,-,?,-,false,-
com.github.electron007,auxiliumfx,0.1,-,-,?,-,false,-
com.github.enalmada,datomisca-dao_2.11,0.1.6,-,-,?,-,false,-
com.github.enalmada,datomisca-dao_2.12,0.1.11,-,-,?,-,false,-
com.github.enalmada,play2-auth_2.11,0.16.0,-,-,?,-,false,-
com.github.enalmada,play2-auth_2.12,0.16.0,-,-,?,-,false,-
com.github.enalmada,play2-auth-social_2.11,0.16.0,-,-,?,-,false,-
com.github.enalmada,play2-auth-social_2.12,0.16.0,-,-,?,-,false,-
com.github.enalmada,play2-auth-test_2.11,0.16.0,-,-,?,-,false,-
com.github.enalmada,play2-auth-test_2.12,0.16.0,-,-,?,-,false,-
com.github.enalmada,playframework-leak-prevention_2.12,0.5,-,-,?,-,false,-
com.github.enalmada,play-https-redirect_2.12,1.0.3,-,-,?,-,false,-
com.github.enalmada,play-silhouette-persistence-datomic_2.11,0.1.5,-,-,?,-,false,-
com.github.enalmada,play-silhouette-persistence-datomic_2.12,0.1.7,-,-,?,-,false,-
com.github.enalmada,squeryl-dao_2.12,0.2.0,-,-,?,-,false,-
com.github.enalmada,stackable-controller_2.11,0.7.1,-,-,?,-,false,-
com.github.enalmada,stackable-controller_2.12,0.7.1,-,-,?,-,false,-
com.github.erwan-boulard,quartz-hazelcast-jobstore,1.2.0,-,-,?,-,false,-
com.github.fafram,fafram8,0.7,-,-,?,-,false,-
com.github.fafram,fafram8-deployer,0.7,-,-,?,-,false,-
com.github.fafram,fafram8-ec2-client,0.7,-,-,?,-,false,-
com.github.fafram,fafram8-openstack-client,0.7,-,-,?,-,false,-
com.github.fafram,fafram8-ssh-client,0.7,-,-,?,-,false,-
com.github.fdimuccio,play2-sockjs_2.11,0.6.0-M1,-,-,?,-,false,-
com.github.fdimuccio,play2-sockjs_2.12,0.6.0-M1,-,-,?,-,false,-
com.github.flying-cattle,mybatis-all-spring-boot-starter,1.0.0.RELEASE,-,-,?,-,false,-
com.github.flying-cattle,mybatis-dsc-generator,2.0.0.RELEASE,-,-,?,-,false,-
com.github.fmcarvalho,htmlflow,1.2,-,-,?,-,false,-
com.github.fridujo,jdbc-sample,1.0.0,-,-,?,-,false,-
com.github.fridujo,mvc-sample,1.0.0,-,-,?,-,false,-
com.github.fridujo,property-source-sample,1.0.0,-,-,?,-,false,-
com.github.fridujo,rabbitmq-mock,1.0.4,-,-,?,-,false,-
com.github.fridujo,spring-automocker,1.2.0,-,-,?,-,false,-
com.github.fridujo,spring-automocker-amqp-sample,1.2.0,-,-,?,-,false,-
com.github.fridujo,spring-automocker-graphite-sample,1.2.0,-,-,?,-,false,-
com.github.fridujo,spring-automocker-jdbc-sample,1.2.0,-,-,?,-,false,-
com.github.fridujo,spring-automocker-jms-sample,1.2.0,-,-,?,-,false,-
com.github.fridujo,spring-automocker-mvc-sample,1.2.0,-,-,?,-,false,-
com.github.fridujo,spring-automocker-property-source-sample,1.2.0,-,-,?,-,false,-
com.github.fridujo,spring-automocker-starter,1.2.0,-,-,?,-,false,-
com.github.fridujo,spring-automocker-starter-amqp,1.2.0,-,-,?,-,false,-
com.github.fridujo,spring-automocker-starter-jdbc,1.2.0,-,-,?,-,false,-
com.github.fridujo,spring-automocker-starter-jms,1.2.0,-,-,?,-,false,-
com.github.fridujo,spring-automocker-starter-web,1.2.0,-,-,?,-,false,-
com.github.ghik,silencer-lib_2.11,1.2,-,-,?,-,false,-
com.github.ghik,silencer-lib_2.12,1.2,-,-,?,-,false,-
com.github.ghik,silencer-lib_2.13.0-M4,1.2,-,-,?,-,false,-
com.github.ghik,silencer-plugin_2.11,1.2,-,-,?,-,false,-
com.github.ghik,silencer-plugin_2.12,1.2,-,-,?,-,false,-
com.github.ghik,silencer-plugin_2.13.0-M4,1.2,-,-,?,-,false,-
com.github.greysoft.naf,greybase,2.5.0,-,-,?,-,false,-
com.github.greysoft.naf,greylog,2.5.0,-,-,?,-,false,-
com.github.greysoft.naf,greylog-slf4j,2.5.0,-,-,?,-,false,-
com.github.greysoft.naf,greynaf,2.5.0,-,-,?,-,false,-
com.github.hendricjabs,staf-core,0.0.1,-,-,?,-,false,-
com.github.hi-fi,httpclient,0.0.5,-,-,?,-,false,-
com.github.hi-fi,robotframework-dblibrary,3.1.1,-,-,?,-,false,-
com.github.hi-fi,robotframework-httprequestlibrary,0.0.10,-,-,?,-,false,-
com.github.hi-fi,robotframework-javalib-base,0.0.2,-,-,?,-,false,-
com.github.hi-fi,robotframework-seleniumlibrary,3.12.0.1,-,-,?,-,false,-
com.github.hi-fi,robotframework-statusupdater,0.0.4,-,-,?,-,false,-
com.github.hi-fi,tcp-mocker-server,0.0.6,-,-,?,-,false,-
com.github.hronom,jackson-dataformat-rison,2.9.0,-,-,?,-,false,-
com.github.huangp,entityunit,0.4,-,-,?,-,false,-
com.github.infogen7,infogen_authc,V3.0.0R180409,-,-,?,-,false,-
com.github.infogen7,infogen_core,V3.0.0R180409,-,-,?,-,false,-
com.github.infogen7,infogen_hibernate,V3.0.0R180409,-,-,?,-,false,-
com.github.infogen7,infogen_soa,V3.0.0R180409,-,-,?,-,false,-
com.github.ivan_osipov,clabo,0.0.1,-,-,?,-,false,sun.misc.Unsafe                          See http://openjdk.java.net/jeps/260
com.github.jankroken,commandline,1.10rc2,commandline,-,explicit,java.base,false,-
com.github.jgum,jgum,0.0.1,-,-,?,-,false,-
com.github.jhonsapp,ModuloTes,1.0.0,-,-,?,-,false,-
com.github.jimsp,jorchestra,0.0.3,-,-,?,-,false,-
com.github.jimsp,jorchestra-core,0.0.1,-,-,?,-,false,-
com.github.jimsp,jorchestra-example,0.0.1,-,-,?,-,false,-
com.github.jimsp,jorchestra-spring-boot-autoconfigure,0.0.1,-,-,?,-,false,-
com.github.jimsp,spring-boot-starter-jorchestra,0.0.1,-,-,?,-,false,-
com.github.jj3l,maven-example,1.2.0,com.github.jj3l.maven.example,-,explicit,java.base,false,-
com.github.jkutner,env-keystore,0.1.3,-,-,?,-,false,-
com.github.jkutner,hazelcast-heroku-discovery,3.7.2,-,-,?,-,false,-
com.github.jkutner,saferegex,1.0.0,-,-,?,-,false,-
com.github.jnidzwetzki,bitfinex-v2-wss-api,0.6.9,-,-,?,-,false,-
com.github.johan-backstrom,data-cow,1.0.0,-,-,?,-,false,-
com.github.jonasgeiregat,bob-compiler,0.1.0,-,-,?,-,false,-
com.github.jonasgeiregat,bob-core,0.1.0,-,-,?,-,false,-
com.github.j-pingus,aggregator4j,1.0,-,-,?,-,false,-
com.github.jquality,filler,2.0,-,-,?,-,false,-
com.github.justinlee88,justinleepay,1.2.2,-,-,?,-,false,-
com.github.kaligence,requestLimit,0.1.2,-,-,?,-,false,-
com.github.kasiprasad.contextspec,contextspec,0.0.1,-,-,?,-,false,-
com.github.kenbot,goggles-dsl_2.11,1.0,-,-,?,-,false,-
com.github.kenbot,goggles-dsl_2.12,1.0,-,-,?,-,false,-
com.github.kenbot,goggles-macros_2.11,1.0,-,-,?,-,false,-
com.github.kenbot,goggles-macros_2.12,1.0,-,-,?,-,false,-
com.github.kongchen,swagger-maven-plugin,3.1.7,-,-,?,-,false,-
com.github.koori69,horizon-excel,1.0.1,-,-,?,-,false,-
com.github.koraktor,mavanagaiata,0.8.2,-,-,?,-,false,-
com.github.kostasdrakonakis,android-navigator-annotations,1.2.2,-,-,?,-,false,-
com.github.kostasdrakonakis,android-navigator-compiler,1.2.2,-,-,?,-,false,-
com.github.laohuaishu,common-dlock,2.0.0,-,-,?,-,false,-
com.github.lordcrekit,JEasy,1.0,-,-,?,-,false,-
com.github.lordcrekit,JHierarchyXML,3.0.0,-,-,?,-,false,-
com.github.lusoalex,vertx-jolt,0.2,-,-,?,-,false,-
com.github.lyhnx,bittrex-api-wrapper,1.0.0,-,-,?,-,false,-
com.github.machaval,cli_2.12,0.2.0,-,-,?,-,false,-
com.github.machaval,root_2.12,0.2.0,-,-,?,-,false,-
com.github.machaval,scalariform_2.12,0.2.0,-,-,?,-,false,-
com.github.mangstadt,vinnie,2.0.2,-,-,?,-,false,-
com.github.martincooper,java-datatable,0.9.0,-,-,?,-,false,-
com.github.martincooper,scala-datatable_2.12,0.8.0,-,-,?,-,false,-
com.github.masiuchi,mt-data-api,0.0.2,-,-,?,-,false,-
com.github.matsluni,aws-spi-akka-http_2.11,0.0.2,-,-,?,-,false,-
com.github.matsluni,aws-spi-akka-http_2.12,0.0.2,-,-,?,-,false,-
com.github.maxsherry.retrofit2,retrofit2-fastjson-cookiejar,1.0,-,-,?,-,false,-
com.github.menger-duan,eduboss,1.0.3,-,-,?,-,false,-
com.github.menger-duan,eduboss-base,1.0.0,-,-,?,-,false,-
com.github.meowingtwurtle,theta-api,201803040323,-,-,?,-,false,-
com.github.meowingtwurtle,theta-builtin-commands,201803040323,-,-,?,-,false,-
com.github.meowingtwurtle,theta-impl,201803040323,-,-,?,-,false,-
com.github.mhewedy,sftp-utils,2.0.0,-,-,?,-,false,-
com.github.mhewedy,spwrap,0.0.20-2,-,-,?,-,false,-
com.github.michael-rapp,apriori,1.3.0,-,-,?,-,false,-
com.github.michael-rapp,java-util,2.0.1,-,-,?,-,false,-
com.github.michael-rapp,text-mining-util,2.0.0,-,-,?,-,false,-
com.github.michael-rapp,tries,1.0.2,-,-,?,-,false,-
com.github.molcikas,photon-core,0.10.2,-,-,?,-,false,-
com.github.moronicgeek,server-ui,0.1,-,-,?,-,false,-
com.github.moronicgeek.swagger,client,0.1,-,-,?,-,false,-
com.github.moronicgeek.swagger,core,0.1,-,-,?,-,false,-
com.github.moronicgeek.swagger,server,0.1,-,-,?,-,false,-
com.github.mswolfe,spring-query-filter,4.3.2,-,-,?,-,false,-
com.github.nilankamanoj,validator,0.1.1,-,-,?,-,false,-
com.github.nydx,hrwyd,1.0.7,-,-,?,-,false,-
com.github.ofofs,eunit,1.0.3,-,-,?,-,false,-
com.github.ofofs,jca-api,1.0.2,-,-,?,-,false,com.sun.tools.javac.code.Flags           Use javax.tools and javax.lang.model @since 1.6 + com.sun.tools.javac.code.Symbol          Use javax.tools and javax.lang.model @since 1.6 + com.sun.tools.javac.code.Symbol$ClassSymbol Use javax.tools and javax.lang.model @since 1.6 + com.sun.tools.javac.code.Symbol$MethodSymbol Use javax.tools and javax.lang.model @since 1.6 + com.sun.tools.javac.code.Symbol$VarSymbol Use javax.tools and javax.lang.model @since 1.6 + com.sun.tools.javac.code.Type            Use javax.tools and javax.lang.model @since 1.6 + com.sun.tools.javac.code.TypeTag         Use javax.tools and javax.lang.model @since 1.6 + com.sun.tools.javac.processing.JavacProcessingEnvironment Use javax.tools and javax.lang.model @since 1.6 + com.sun.tools.javac.tree.JCTree          Use com.sun.source @since 1.6 + com.sun.tools.javac.tree.JCTree$JCAssign Use com.sun.source @since 1.6 + com.sun.tools.javac.tree.JCTree$JCBinary Use com.sun.source @since 1.6 + com.sun.tools.javac.tree.JCTree$JCBlock  Use com.sun.source @since 1.6 + com.sun.tools.javac.tree.JCTree$JCClassDecl Use com.sun.source @since 1.6 + com.sun.tools.javac.tree.JCTree$JCCompilationUnit Use com.sun.source @since 1.6 + com.sun.tools.javac.tree.JCTree$JCDoWhileLoop Use com.sun.source @since 1.6 + com.sun.tools.javac.tree.JCTree$JCExpression Use com.sun.source @since 1.6 + com.sun.tools.javac.tree.JCTree$JCExpressionStatement Use com.sun.source @since 1.6 + com.sun.tools.javac.tree.JCTree$JCFieldAccess Use com.sun.source @since 1.6 + com.sun.tools.javac.tree.JCTree$JCForLoop Use com.sun.source @since 1.6 + com.sun.tools.javac.tree.JCTree$JCIdent  Use com.sun.source @since 1.6 + com.sun.tools.javac.tree.JCTree$JCIf     Use com.sun.source @since 1.6 + com.sun.tools.javac.tree.JCTree$JCImport Use com.sun.source @since 1.6 + com.sun.tools.javac.tree.JCTree$JCLiteral Use com.sun.source @since 1.6 + com.sun.tools.javac.tree.JCTree$JCMethodDecl Use com.sun.source @since 1.6 + com.sun.tools.javac.tree.JCTree$JCMethodInvocation Use com.sun.source @since 1.6 + com.sun.tools.javac.tree.JCTree$JCModifiers Use com.sun.source @since 1.6 + com.sun.tools.javac.tree.JCTree$JCNewClass Use com.sun.source @since 1.6 + com.sun.tools.javac.tree.JCTree$JCPrimitiveTypeTree Use com.sun.source @since 1.6 + com.sun.tools.javac.tree.JCTree$JCReturn Use com.sun.source @since 1.6 + com.sun.tools.javac.tree.JCTree$JCStatement Use com.sun.source @since 1.6 + com.sun.tools.javac.tree.JCTree$JCTypeCast Use com.sun.source @since 1.6 + com.sun.tools.javac.tree.JCTree$JCVariableDecl Use com.sun.source @since 1.6 + com.sun.tools.javac.tree.JCTree$JCWhileLoop Use com.sun.source @since 1.6 + com.sun.tools.javac.tree.JCTree$Tag      Use com.sun.source @since 1.6 + com.sun.tools.javac.tree.TreeMaker       Use com.sun.source @since 1.6 + com.sun.tools.javac.util.Context         Use javax.tools and javax.lang.model @since 1.6 + com.sun.tools.javac.util.List            Use javax.tools and javax.lang.model @since 1.6 + com.sun.tools.javac.util.ListBuffer      Use javax.tools and javax.lang.model @since 1.6 + com.sun.tools.javac.util.Name            Use javax.tools and javax.lang.model @since 1.6 + com.sun.tools.javac.util.Name$Table      Use javax.tools and javax.lang.model @since 1.6 + com.sun.tools.javac.util.Names           Use javax.tools and javax.lang.model @since 1.6
com.github.ofofs,jca-core,1.0.2,-,-,?,-,false,com.sun.tools.javac.code.Flags           Use javax.tools and javax.lang.model @since 1.6 + com.sun.tools.javac.code.Symbol          Use javax.tools and javax.lang.model @since 1.6 + com.sun.tools.javac.code.Symbol$ClassSymbol Use javax.tools and javax.lang.model @since 1.6 + com.sun.tools.javac.code.Symbol$MethodSymbol Use javax.tools and javax.lang.model @since 1.6 + com.sun.tools.javac.processing.JavacProcessingEnvironment Use javax.tools and javax.lang.model @since 1.6 + com.sun.tools.javac.tree.JCTree          Use com.sun.source @since 1.6 + com.sun.tools.javac.tree.JCTree$JCExpression Use com.sun.source @since 1.6 + com.sun.tools.javac.tree.TreeMaker       Use com.sun.source @since 1.6 + com.sun.tools.javac.util.Context         Use javax.tools and javax.lang.model @since 1.6 + com.sun.tools.javac.util.Name            Use javax.tools and javax.lang.model @since 1.6 + com.sun.tools.javac.util.Name$Table      Use javax.tools and javax.lang.model @since 1.6 + com.sun.tools.javac.util.Names           Use javax.tools and javax.lang.model @since 1.6
com.github.ofofs,jca-test,1.0.2,-,-,?,-,false,-
com.github.ofofs,jca-unit,1.0.2,-,-,?,-,false,-
com.github.oneyx,swagger-spring-boot-starter,1.0.1,-,-,?,-,false,-
com.github.ontologyportal,sigma-component,2.12,-,-,?,-,false,sun.misc.BASE64Encoder                   Use java.util.Base64 @since 1.8
com.github.ontologyportal,sigma-nlp,1.1,-,-,?,-,false,-
com.github.opendevl,json2flat,1.0.3,-,-,?,-,false,-
com.github.ordnaelmedeiros,jpa-fluid-select,1.0.3,-,-,?,-,false,-
com.github.oshi,oshi-core,3.8.0,-,-,?,-,false,-
com.github.oshi,oshi-core-shaded,3.8.0,-,-,?,-,false,-
com.github.oshi,oshi-json,3.8.0,-,-,?,-,false,-
com.github.ovargas,codequality,1.0.0,-,-,?,-,false,-
com.github.pat-laugh,iterators,1.0.0-doc,-,-,?,-,false,-
com.github.pat-laugh,mdsv,2.0.1-doc,-,-,?,-,false,-
com.github.paweladamski,HttpClientMock,1.0.4,-,-,?,-,false,-
com.github.paweladamski,JInstall,0.3,-,-,?,-,false,-
com.github.pgelinas,jackson-javax-json,1.0.0,-,-,?,-,false,-
com.github.phiz71,vertx-swagger-codegen,1.6.0,-,-,?,-,false,-
com.github.phiz71,vertx-swagger-router,1.6.0,-,-,?,-,false,-
com.github.pires,hazelcast-kubernetes-bootstrapper,3.8.6,-,-,?,-,false,-
com.github.pivotalservices,ya-cf-app-gradle-plugin,2.3.0-rc.4,-,-,?,-,false,-
com.github.pmanent,opensub4j,0.1.4,-,-,?,-,false,-
com.github.ptgoetz,storm-signals,1.0.3,-,-,?,-,false,-
com.github.qzagarese,dockerunit-consul,1.0.0-M2,-,-,?,-,false,-
com.github.qzagarese,dockerunit-core,1.0.0-M2,-,-,?,-,false,-
com.github.rebue.sbs,dozer-spring-boot-starter,1.0.7,-,-,?,-,false,-
com.github.rebue.sbs,feign-spring-boot-starter,1.0.7,-,-,?,-,false,-
com.github.rebue.sbs,rabbit-spring-boot-starter,1.0.7,-,-,?,-,false,-
com.github.rebue.sbs,redis-spring-boot-starter,1.0.7,-,-,?,-,false,-
com.github.rebue.sbs,smx-spring-boot-starter,1.0.7,-,-,?,-,false,-
com.github.restup.test,up-test,0.0.3,-,-,?,-,false,-
com.github.restup.test,up-test-model,0.0.3,-,-,?,-,false,-
com.github.restup.test,up-test-repository,0.0.3,-,-,?,-,false,-
com.github.restup.test,up-test-spring,0.0.3,-,-,?,-,false,-
com.github.restup,up-annotations,0.0.3,-,-,?,-,false,-
com.github.restup,up-controller,0.0.3,-,-,?,-,false,-
com.github.restup,up-core,0.0.3,-,-,?,-,false,-
com.github.restup,up-http,0.0.3,-,-,?,-,false,-
com.github.restup,up-repository-jpa,0.0.3,-,-,?,-,false,-
com.github.restup,up-spring-boot-starter,0.0.3,-,-,?,-,false,-
com.github.restup,up-spring-mvc,0.0.3,-,-,?,-,false,-
com.github.satahippy,spring-unique-order-required,0.1.0.RELEASE,-,-,?,-,false,-
com.github.sbabcoc,logback-testng,1.0.0,-,-,?,-,false,-
com.github.sbabcoc,slf4j-testng,1.0.0,-,-,?,-,false,-
com.github.shiver-me-timbers,multi-invoker-maven-plugin,1.1,-,-,?,-,false,-
com.github.shiver-me-timbers,smt-aws-apigateway-proxy-api,1.4,-,-,?,-,false,-
com.github.shiver-me-timbers,smt-aws-cfn-cr-get-parameters,1.4,-,-,?,-,false,-
com.github.shiver-me-timbers,smt-aws-cfn-cr-kms-decrypt,1.4,-,-,?,-,false,-
com.github.shiver-me-timbers,smt-aws-cfn-cr-kms-encrypt,1.4,-,-,?,-,false,-
com.github.shiver-me-timbers,smt-aws-cfn-cr-scaffold,1.4,-,-,?,-,false,-
com.github.shiver-me-timbers,smt-aws-lambda-common,1.4,-,-,?,-,false,-
com.github.shiver-me-timbers,smt-aws-lambda-jackson-json,1.4,-,-,?,-,false,-
com.github.shiver-me-timbers,smt-aws-lambda-pingable-api,1.4,-,-,?,-,false,-
com.github.shiver-me-timbers,smt-aws-lambda-pingable-json-api,1.4,-,-,?,-,false,-
com.github.shiver-me-timbers,smt-aws-lambda-soap-stub,1.4,-,-,?,-,false,-
com.github.shiver-me-timbers,smt-aws-lambda-soap-stub-api,1.4,-,-,?,-,false,-
com.github.shiver-me-timbers,smt-aws-lambda-soap-stub-client,1.4,-,-,?,-,false,-
com.github.shiver-me-timbers,smt-retrying,3.0,-,-,?,-,false,-
com.github.shiver-me-timbers,smt-retrying-aspect,3.0,-,-,?,-,false,-
com.github.shiver-me-timbers,smt-retrying-spring,3.0,-,-,?,-,false,-
com.github.shiver-me-timbers,smt-webservice-stub-api,1.1,-,-,?,-,false,-
com.github.shiver-me-timbers,smt-webservice-stub-client,1.1,-,-,?,-,false,-
com.github.shiver-me-timbers,smt-webservice-stub-client-spring,1.1,-,-,?,-,false,-
com.github.shiver-me-timbers,smt-webservice-stub-server,1.1,-,-,?,-,false,-
com.github.shiver-me-timbers,smt-webservice-stub-server-lambda,1.1,-,-,?,-,false,-
com.github.shiver-me-timbers,smt-webservice-stub-server-spring,1.1,-,-,?,-,false,-
com.github.signaflo,math,0.4,-,-,?,-,false,-
com.github.signaflo,timeseries,0.4,-,-,?,-,false,-
com.github.spacetimeme,dream-socket,3.0.0,-,-,?,-,false,-
com.github.stefvanschie.inventoryframework,IF,0.2.3,-,-,?,-,false,-
com.github.steveash.addr,us-address-parser,0.1,-,-,?,-,false,-
com.github.steveash.hnp,human-name-parser,0.1,-,-,?,-,false,-
com.github.steveash.itxttbl,inamik-text-tables,0.1,-,-,?,-,false,-
com.github.steveash.jg2p,jg2p-core,1.1.2,-,-,?,-,false,-
com.github.steveash.jg2p,jg2p-pipe-cmu,1.1.2,-,-,?,-,false,-
com.github.steveash.jg2p,jg2p-syllg-cmu,1.1.2,-,-,?,-,false,-
com.github.steveash.jopenfst,jopenfst,0.3.0,-,-,?,-,false,-
com.github.steveash.mallet,mallet,2.0.12,-,-,?,-,false,-
com.github.swisscom-blockchain,neo-rpcclient,1.1,-,-,?,-,false,-
com.github.takezoe,akka-stream-elasticsearch_2.12,1.1.0,-,-,?,-,false,-
com.github.takezoe,blocking-slick-31_2.10,0.0.7,-,-,?,-,false,-
com.github.takezoe,blocking-slick-31_2.11,0.0.7,-,-,?,-,false,-
com.github.takezoe,blocking-slick-32_2.11,0.0.11,-,-,?,-,false,-
com.github.takezoe,blocking-slick-32_2.12,0.0.11,-,-,?,-,false,-
com.github.takezoe,jtimewindow,1.1.0,-,-,?,-,false,-
com.github.takezoe,predictionio-toolbox_2.11,0.0.1,-,-,?,-,false,-
com.github.takezoe,resty_2.12,0.0.17,-,-,?,-,false,-
com.github.takezoe,scala-jdbc_2.11,1.0.5,-,-,?,-,false,-
com.github.takezoe,scala-jdbc_2.12,1.0.5,-,-,?,-,false,-
com.github.takezoe,scala-retry_2.12,0.0.2,-,-,?,-,false,-
com.github.takezoe,solr-scala-client_2.11,0.0.19,-,-,?,-,false,-
com.github.takezoe,solr-scala-client_2.12,0.0.19,-,-,?,-,false,-
com.github.takezoe,tranquil_2.12,1.0.1,-,-,?,-,false,-
com.github.takezoe,xlsbeans,1.2.6,-,-,?,-,false,-
com.github.tmyroadctfig,icloud4j,1.6,-,-,?,-,false,-
com.github.transbankdevelopers,transbank-sdk-java,1.3.0,-,-,?,-,false,-
com.github.uiiang,gencodegradle-annotations,1.0.5,-,-,?,-,false,-
com.github.uiiang,gencodegradle-compiler,1.0.5,-,-,?,-,false,-
com.github.veithen.alta,alta-maven-plugin,0.6.2,-,-,?,-,false,-
com.github.veithen.cosmos.bootstrap,org.eclipse.core.jobs,0.3,-,-,?,-,false,-
com.github.veithen.cosmos.bootstrap,org.eclipse.core.net,0.3,-,-,?,-,false,-
com.github.veithen.cosmos.bootstrap,org.eclipse.ecf,0.3,-,-,?,-,false,-
com.github.veithen.cosmos.bootstrap,org.eclipse.ecf.filetransfer,0.3,-,-,?,-,false,-
com.github.veithen.cosmos.bootstrap,org.eclipse.ecf.identity,0.3,-,-,?,-,false,-
com.github.veithen.cosmos.bootstrap,org.eclipse.ecf.provider.filetransfer,0.3,-,-,?,-,false,-
com.github.veithen.cosmos.bootstrap,org.eclipse.ecf.provider.filetransfer.httpclient4,0.3,-,-,?,-,false,-
com.github.veithen.cosmos.bootstrap,org.eclipse.equinox.app,0.3,-,-,?,-,false,-
com.github.veithen.cosmos.bootstrap,org.eclipse.equinox.common,0.3,-,-,?,-,false,-
com.github.veithen.cosmos.bootstrap,org.eclipse.equinox.concurrent,0.3,-,-,?,-,false,-
com.github.veithen.cosmos.bootstrap,org.eclipse.equinox.frameworkadmin,0.3,-,-,?,-,false,-
com.github.veithen.cosmos.bootstrap,org.eclipse.equinox.frameworkadmin.equinox,0.3,-,-,?,-,false,-
com.github.veithen.cosmos.bootstrap,org.eclipse.equinox.p2.artifact.repository,0.3,-,-,?,-,false,-
com.github.veithen.cosmos.bootstrap,org.eclipse.equinox.p2.core,0.3,-,-,?,-,false,-
com.github.veithen.cosmos.bootstrap,org.eclipse.equinox.p2.jarprocessor,0.3,-,-,?,-,false,-
com.github.veithen.cosmos.bootstrap,org.eclipse.equinox.p2.metadata,0.3,-,-,?,-,false,-
com.github.veithen.cosmos.bootstrap,org.eclipse.equinox.p2.metadata.repository,0.3,-,-,?,-,false,-
com.github.veithen.cosmos.bootstrap,org.eclipse.equinox.p2.publisher,0.3,-,-,?,-,false,-
com.github.veithen.cosmos.bootstrap,org.eclipse.equinox.p2.publisher.eclipse,0.3,-,-,?,-,false,-
com.github.veithen.cosmos.bootstrap,org.eclipse.equinox.p2.repository,0.3,-,-,?,-,false,-
com.github.veithen.cosmos.bootstrap,org.eclipse.equinox.p2.transport.ecf,0.3,-,-,?,-,false,-
com.github.veithen.cosmos.bootstrap,org.eclipse.equinox.preferences,0.3,-,-,?,-,false,-
com.github.veithen.cosmos.bootstrap,org.eclipse.equinox.registry,0.3,-,-,?,-,false,-
com.github.veithen.cosmos.bootstrap,org.eclipse.equinox.security,0.3,-,-,?,-,false,-
com.github.veithen.cosmos.bootstrap,org.eclipse.equinox.simpleconfigurator,0.3,-,-,?,-,false,-
com.github.veithen.cosmos.bootstrap,org.eclipse.equinox.simpleconfigurator.manipulator,0.3,-,-,?,-,false,-
com.github.veithen.cosmos.bootstrap,org.eclipse.osgi.compatibility.state,0.3,-,-,?,-,false,-
com.github.veithen.cosmos.bootstrap,org.tukaani.xz,0.3,-,-,?,-,false,-
com.github.veithen.cosmos,cosmos-equinox,0.3,-,-,?,-,false,-
com.github.veithen.cosmos,cosmos-osgi-runtime,0.3,-,-,?,-,false,-
com.github.veithen.cosmos,cosmos-p2,0.3,-,-,?,-,false,-
com.github.veithen.cosmos,cosmos-plexus,0.1,-,-,?,-,false,-
com.github.veithen.cosmos,cosmos-testing,0.3,-,-,?,-,false,-
com.github.veithen.cosmos,maven-p2,0.3,-,-,?,-,false,-
com.github.veithen.cosmos,p2-bundle-import-maven-plugin,0.3,-,-,?,-,false,-
com.github.veithen.cosmos,p2-maven-connector,0.3,-,-,?,-,false,-
com.github.veithen.cosmos,p2-publisher-maven-plugin,0.3,-,-,?,-,false,-
com.github.veithen.daemon,daemon-launcher,0.1,-,-,?,-,false,-
com.github.veithen.daemon,daemon-maven-plugin,0.1,-,-,?,-,false,-
com.github.veithen.daemon,jetty-daemon,0.1,-,-,?,-,false,-
com.github.veithen.filecheck,filecheck-maven-plugin,0.1,-,-,?,-,false,-
com.github.veithen.invoker,resolver-proxy-maven-plugin,0.1.1,-,-,?,-,false,-
com.github.veithen.maven,mojo-aspects,0.1,-,-,?,-,false,-
com.github.veithen.phos,enforcer-maven-plugin,0.2,-,-,?,-,false,-
com.github.veithen.phos,jacoco-maven-plugin,0.2,-,-,?,-,false,-
com.github.veithen.ulog,ulog,0.1.0,-,-,?,-,false,-
com.github.veithen.visualwas,clientlib,2.0.0,-,-,?,-,false,-
com.github.veithen.visualwas,connector,2.0.0,-,-,?,-,false,-
com.github.veithen.visualwas,connector-tests,2.0.0,-,-,?,-,false,-
com.github.veithen.visualwas,dummy-transport,2.0.0,-,-,?,-,false,-
com.github.veithen.visualwas,earscan,2.0.0,-,-,?,-,false,-
com.github.veithen.visualwas,loader,2.0.0,-,-,?,-,false,-
com.github.veithen.visualwas.thirdparty,com.sun.tools.visualvm.application,2.0.0,-,-,?,-,false,-
com.github.veithen.visualwas.thirdparty,com.sun.tools.visualvm.core,2.0.0,-,-,?,-,false,-
com.github.veithen.visualwas.thirdparty,com.sun.tools.visualvm.host,2.0.0,-,-,?,-,false,-
com.github.veithen.visualwas.thirdparty,com.sun.tools.visualvm.jmx,2.0.0,-,-,?,-,false,-
com.github.veithen.visualwas.thirdparty,com.sun.tools.visualvm.tools,2.0.0,-,-,?,-,false,-
com.github.veithen.visualwas.thirdparty,org.netbeans.modules.options.api,2.0.0,-,-,?,-,false,-
com.github.veithen.visualwas.thirdparty,org.openide.awt,2.0.0,-,-,?,-,false,-
com.github.veithen.visualwas.thirdparty,org.openide.modules,2.0.0,-,-,?,-,false,-
com.github.veithen.visualwas.thirdparty,org.openide.util,2.0.0,-,-,?,-,false,-
com.github.veithen.visualwas.thirdparty,org.openide.util.lookup,2.0.0,-,-,?,-,false,-
com.github.veithen.visualwas,visualvm-plugin,2.0.0,-,-,?,-,false,-
com.github.veithen.visualwas,websphere-api-stubs,2.0.0,-,-,?,-,false,-
com.github.veithen.visualwas,websphere-plugin,2.0.0,-,-,?,-,false,-
com.github.vfro,monitor,4.0.2,-,-,?,-,false,-
com.github.vkorobkov,jfixtures,2.0.0,-,-,?,-,false,-
com.github.vladimir-bukhtoyarov,bucket4j-core,4.0.1,-,-,?,-,false,-
com.github.vladimir-bukhtoyarov,bucket4j-hazelcast,4.0.1,-,-,?,-,false,-
com.github.vladimir-bukhtoyarov,bucket4j-ignite,4.0.1,-,-,?,-,false,-
com.github.vladimir-bukhtoyarov,bucket4j-infinispan,4.0.1,-,-,?,-,false,-
com.github.vladimir-bukhtoyarov,bucket4j-jcache,4.0.1,-,-,?,-,false,-
com.github.vladimir-bukhtoyarov,rolling-metrics,2.0.3,-,-,?,-,false,-
com.github.vladimir-bukhtoyarov,rolling-metrics-core,3.0.0-RC1,-,-,?,-,false,-
com.github.vladimir-bukhtoyarov,rolling-metrics-dropwizard,3.0.0-RC1,-,-,?,-,false,-
com.github.wagnerfonseca,doc-fisc-parser,1.0.1,-,-,?,-,false,-
com.github.wangyuheng,swagger-starter,0.0.1,-,-,?,-,false,-
com.github.wenerme.mapstruct-extras,proto-processor,0.0.1,-,-,?,-,false,-
com.github.wenerme.postjava,postjava,1.0.1,-,-,?,-,false,-
com.github.wenerme.wava,wava-util,0.0.5,-,-,?,-,false,-
com.github.whujack,mybatis-annotation-plugins,1.4,-,-,?,-,false,-
com.github.yinfujing,spring-boot-starter-dubbo,0.0.1,-,-,?,-,false,-
com.harana,scalajs-react-autoresponsive-macros_sjs0.6_2.12,1.0.0,-,-,?,-,false,-
com.harana,scalajs-react-autoresponsive_sjs0.6_2.12,1.0.0,-,-,?,-,false,-
me.schlaubi,commandCord,2.1.0,-,-,?,-,false,-
net.alantea,glide,0.2.4,-,-,?,-,false,-
net.alantea,storex,0.4.1,-,-,?,-,false,-
