groupId,artifactId,version,moduleName,moduleVersion,moduleMode,moduleDependencies,jdepsToolError,jdepsViolations
org.wso2.carbon.extension.identity.authenticator.outbound.emailotp,org.wso2.carbon.extension.identity.authenticator.emailotp.connector,2.0.12,-,-,?,-,false,-
org.wso2.carbon.identity.application.auth.basic,org.wso2.carbon.identity.application.authentication.handler.identifier,6.0.5,-,-,?,-,false,-
org.wso2.carbon.identity.application.auth.basic,org.wso2.carbon.identity.application.authenticator.basicauth,6.0.5,-,-,?,-,false,-
org.wso2.carbon.identity.application.auth.basic,org.wso2.carbon.identity.application.authenticator.basicauth.jwt,6.0.5,-,-,?,-,false,-
org.wso2.carbon.identity.framework,org.wso2.carbon.claim.mgt,5.12.116,-,-,?,-,false,-
org.wso2.carbon.identity.framework,org.wso2.carbon.claim.mgt.stub,5.12.116,-,-,?,-,false,-
org.wso2.carbon.identity.framework,org.wso2.carbon.claim.mgt.ui,5.12.116,-,-,?,-,false,-
org.wso2.carbon.identity.framework,org.wso2.carbon.directory.server.manager,5.12.116,-,-,?,-,false,-
org.wso2.carbon.identity.framework,org.wso2.carbon.directory.server.manager.common,5.12.116,-,-,?,-,false,-
org.wso2.carbon.identity.framework,org.wso2.carbon.directory.server.manager.stub,5.12.116,-,-,?,-,false,-
org.wso2.carbon.identity.framework,org.wso2.carbon.directory.server.manager.ui,5.12.116,-,-,?,-,false,-
org.wso2.carbon.identity.framework,org.wso2.carbon.identity.application.authentication.endpoint.util,5.12.116,-,-,?,-,false,-
org.wso2.carbon.identity.framework,org.wso2.carbon.identity.application.authentication.framework,5.12.116,-,-,?,-,false,-
org.wso2.carbon.identity.framework,org.wso2.carbon.identity.application.authentication.framework.stub,5.12.116,-,-,?,-,false,-
org.wso2.carbon.identity.framework,org.wso2.carbon.identity.application.common,5.12.116,-,-,?,-,false,-
org.wso2.carbon.identity.framework,org.wso2.carbon.identity.application.mgt,5.12.116,-,-,?,-,false,-
org.wso2.carbon.identity.framework,org.wso2.carbon.identity.application.mgt.stub,5.12.116,-,-,?,-,false,-
org.wso2.carbon.identity.framework,org.wso2.carbon.identity.application.mgt.ui,5.12.116,-,-,?,-,false,-
org.wso2.carbon.identity.framework,org.wso2.carbon.identity.authenticator.thrift,5.12.116,-,-,?,-,false,-
org.wso2.carbon.identity.framework,org.wso2.carbon.identity.base,5.12.116,-,-,?,-,false,-
org.wso2.carbon.identity.framework,org.wso2.carbon.identity.claim.metadata.mgt,5.12.116,-,-,?,-,false,-
org.wso2.carbon.identity.framework,org.wso2.carbon.identity.claim.metadata.mgt.stub,5.12.116,-,-,?,-,false,-
org.wso2.carbon.identity.framework,org.wso2.carbon.identity.claim.metadata.mgt.ui,5.12.116,-,-,?,-,false,-
org.wso2.carbon.identity.framework,org.wso2.carbon.identity.consent.mgt,5.12.116,-,-,?,-,false,-
org.wso2.carbon.identity.framework,org.wso2.carbon.identity.core,5.12.116,-,-,?,-,false,-
org.wso2.carbon.identity.framework,org.wso2.carbon.identity.core.ui,5.12.116,-,-,?,-,false,-
org.wso2.carbon.identity.framework,org.wso2.carbon.identity.entitlement,5.12.116,-,-,?,-,false,-
org.wso2.carbon.identity.framework,org.wso2.carbon.identity.entitlement.common,5.12.116,-,-,?,-,false,-
org.wso2.carbon.identity.framework,org.wso2.carbon.identity.entitlement.stub,5.12.116,-,-,?,-,false,-
org.wso2.carbon.identity.framework,org.wso2.carbon.identity.entitlement.ui,5.12.116,-,-,?,-,false,-
org.wso2.carbon.identity.framework,org.wso2.carbon.identity.event,5.12.116,-,-,?,-,false,-
org.wso2.carbon.identity.framework,org.wso2.carbon.identity.governance.stub,5.12.116,-,-,?,-,false,-
org.wso2.carbon.identity.framework,org.wso2.carbon.identity.mgt,5.12.116,-,-,?,-,false,-
org.wso2.carbon.identity.framework,org.wso2.carbon.identity.mgt.stub,5.12.116,-,-,?,-,false,-
org.wso2.carbon.identity.framework,org.wso2.carbon.identity.mgt.ui,5.12.116,-,-,?,-,false,-
org.wso2.carbon.identity.framework,org.wso2.carbon.identity.notification.mgt,5.12.116,-,-,?,-,false,-
org.wso2.carbon.identity.framework,org.wso2.carbon.identity.provisioning,5.12.116,-,-,?,-,false,-
org.wso2.carbon.identity.framework,org.wso2.carbon.identity.testutil,5.12.116,-,-,?,-,false,-
org.wso2.carbon.identity.framework,org.wso2.carbon.identity.user.profile,5.12.116,-,-,?,-,false,-
org.wso2.carbon.identity.framework,org.wso2.carbon.identity.user.profile.stub,5.12.116,-,-,?,-,false,-
org.wso2.carbon.identity.framework,org.wso2.carbon.identity.user.profile.ui,5.12.116,-,-,?,-,false,-
org.wso2.carbon.identity.framework,org.wso2.carbon.identity.user.registration,5.12.116,-,-,?,-,false,-
org.wso2.carbon.identity.framework,org.wso2.carbon.identity.user.registration.stub,5.12.116,-,-,?,-,false,-
org.wso2.carbon.identity.framework,org.wso2.carbon.identity.user.store.configuration,5.12.116,-,-,?,-,false,-
org.wso2.carbon.identity.framework,org.wso2.carbon.identity.user.store.configuration.deployer,5.12.116,-,-,?,-,false,-
org.wso2.carbon.identity.framework,org.wso2.carbon.identity.user.store.configuration.stub,5.12.116,-,-,?,-,false,-
org.wso2.carbon.identity.framework,org.wso2.carbon.identity.user.store.configuration.ui,5.12.116,-,-,?,-,false,-
org.wso2.carbon.identity.framework,org.wso2.carbon.identity.user.store.count,5.12.116,-,-,?,-,false,-
org.wso2.carbon.identity.framework,org.wso2.carbon.identity.user.store.count.stub,5.12.116,-,-,?,-,false,-
org.wso2.carbon.identity.framework,org.wso2.carbon.identity.workflow.mgt,5.12.116,-,-,?,-,false,-
org.wso2.carbon.identity.framework,org.wso2.carbon.identity.workflow.mgt.stub,5.12.116,-,-,?,-,false,-
org.wso2.carbon.identity.framework,org.wso2.carbon.identity.workflow.mgt.ui,5.12.116,-,-,?,-,false,-
org.wso2.carbon.identity.framework,org.wso2.carbon.idp.mgt,5.12.116,-,-,?,-,false,-
org.wso2.carbon.identity.framework,org.wso2.carbon.idp.mgt.stub,5.12.116,-,-,?,-,false,-
org.wso2.carbon.identity.framework,org.wso2.carbon.idp.mgt.ui,5.12.116,-,-,?,-,false,-
org.wso2.carbon.identity.framework,org.wso2.carbon.policyeditor,5.12.116,-,-,?,-,false,-
org.wso2.carbon.identity.framework,org.wso2.carbon.policyeditor.ui,5.12.116,-,-,?,-,false,-
org.wso2.carbon.identity.framework,org.wso2.carbon.security.mgt,5.12.116,-,-,?,-,false,-
org.wso2.carbon.identity.framework,org.wso2.carbon.security.mgt.stub,5.12.116,-,-,?,-,false,-
org.wso2.carbon.identity.framework,org.wso2.carbon.security.mgt.ui,5.12.116,-,-,?,-,false,-
org.wso2.carbon.identity.framework,org.wso2.carbon.user.mgt,5.12.116,-,-,?,-,false,-
org.wso2.carbon.identity.framework,org.wso2.carbon.user.mgt.common,5.12.116,-,-,?,-,false,-
org.wso2.carbon.identity.framework,org.wso2.carbon.user.mgt.stub,5.12.116,-,-,?,-,false,-
org.wso2.carbon.identity.framework,org.wso2.carbon.user.mgt.ui,5.12.116,-,-,?,-,false,-
org.wso2.carbon.identity.framework,org.wso2.carbon.user.mgt.workflow.stub,5.12.116,-,-,?,-,false,-
