groupId,artifactId,version,moduleName,moduleVersion,moduleMode,moduleDependencies,jdepsToolError,jdepsViolations
com.aimilin,excel-bean,0.0.2.3,-,-,?,-,false,-
com.appoptics.agent.java,appoptics-sdk,6.3.0,-,-,?,-,false,-
com.badlogicgames.gdxpay,gdx-pay,0.11.3,-,-,?,-,false,-
com.badlogicgames.gdxpay,gdx-pay-android,0.11.3,-,-,?,-,false,-
com.badlogicgames.gdxpay,gdx-pay-android-googleplay,0.11.3,-,-,?,-,false,-
com.badlogicgames.gdxpay,gdx-pay-client,0.11.3,-,-,?,-,false,-
com.badlogicgames.gdxpay,gdx-pay-iosmoe-apple,0.11.3,-,-,?,-,false,-
com.badlogicgames.gdxpay,gdx-pay-iosrobovm-apple,0.11.3,-,-,?,-,false,-
com.badlogicgames.gdxpay,gdx-pay-server,0.11.3,-,-,?,-,false,-
com.fulcrumgenomics,commons_2.11,0.5.0,-,-,?,-,false,-
com.fulcrumgenomics,commons_2.12,0.5.0,-,-,?,-,false,-
com.fulcrumgenomics,dagr_2.11,0.3.0,-,-,?,-,false,-
com.fulcrumgenomics,dagr_2.12,0.3.0,-,-,?,-,false,-
com.fulcrumgenomics,dagr-commons_2.11,0.1.3,-,-,?,-,false,-
com.fulcrumgenomics,dagr-commons_2.12,0.1.3,-,-,?,-,false,-
com.fulcrumgenomics,dagr-core_2.11,0.4.0,-,-,?,-,false,-
com.fulcrumgenomics,dagr-core_2.12,0.4.0,-,-,?,-,false,-
com.fulcrumgenomics,dagr-pipelines_2.11,0.4.0,-,-,?,-,false,-
com.fulcrumgenomics,dagr-pipelines_2.12,0.4.0,-,-,?,-,false,-
com.fulcrumgenomics,dagr-sopt_2.11,0.1.3,-,-,?,-,false,-
com.fulcrumgenomics,dagr-sopt_2.12,0.1.3,-,-,?,-,false,-
com.fulcrumgenomics,dagr-tasks_2.11,0.4.0,-,-,?,-,false,-
com.fulcrumgenomics,dagr-tasks_2.12,0.4.0,-,-,?,-,false,-
com.fulcrumgenomics,fgbio_2.11,0.6.1,-,-,?,-,false,-
com.fulcrumgenomics,fgbio_2.12,0.6.1,-,-,?,-,false,-
com.fulcrumgenomics,sopt_2.11,0.5.0,-,-,?,-,false,-
com.fulcrumgenomics,sopt_2.12,0.5.0,-,-,?,-,false,-
com.github.dramer,Bichromate,3.9,-,-,?,-,false,-
com.github.kostasdrakonakis,android-navigator-annotations,1.2.3,-,-,?,-,false,-
com.github.kostasdrakonakis,android-navigator-compiler,1.2.3,-,-,?,-,false,-
com.github.ryanp102694,java-simple-quadtree,1.0-RELEASE,-,-,?,-,false,-
com.globo.aclapi,aclapi-client,0.0.4,-,-,?,-,false,-
com.globo.globodns,globodns-client,0.0.27,-,-,?,-,false,-
com.globo.globonetwork,globonetwork-client,0.0.60,-,-,?,-,false,sun.reflect.generics.reflectiveObjects.NotImplementedException Removed. See http://openjdk.java.net/jeps/260
com.lambdaminute,materialui_sjs0.6_2.12,0.0.2-test+12-96b5def1,-,-,?,-,false,-
com.lambdaminute,play-basic-auth_2.12,0.1.15,-,-,?,-,false,-
com.lambdaminute,semanticui_sjs0.6_2.12,0.0.2-test+12-96b5def1,-,-,?,-,false,-
com.lambdaminute,slinky-wrappers-material-ui_sjs0.6_2.12,0.2.0,-,-,?,-,false,-
com.lambdaminute,slinky-wrappers-react-router_sjs0.6_2.12,0.2.0,-,-,?,-,false,-
com.lambdaminute,slinky-wrappers-semantic-ui_sjs0.6_2.12,0.2.0+1-002ed3d1,-,-,?,-,false,-
com.lambdaminute,wrappers_2.12,0.0.2-test,-,-,?,-,false,-
com.lcristalli,commons,0.1.4,-,-,?,-,false,-
com.nepxion,discovery-common,4.3.19,-,-,?,-,false,-
com.nepxion,discovery-common-nacos,4.3.19,-,-,?,-,false,-
com.nepxion,discovery-common-redis,4.3.19,-,-,?,-,false,-
com.nepxion,discovery-console,4.3.19,-,-,?,-,false,-
com.nepxion,discovery-console-extension-nacos,4.3.19,-,-,?,-,false,-
com.nepxion,discovery-console-extension-redis,4.3.19,-,-,?,-,false,-
com.nepxion,discovery-plugin-admin-center,4.3.19,-,-,?,-,false,-
com.nepxion,discovery-plugin-config-center,4.3.19,-,-,?,-,false,-
com.nepxion,discovery-plugin-config-center-extension-nacos,4.3.19,-,-,?,-,false,-
com.nepxion,discovery-plugin-config-center-extension-redis,4.3.19,-,-,?,-,false,-
com.nepxion,discovery-plugin-framework,4.3.19,-,-,?,-,false,-
com.nepxion,discovery-plugin-framework-consul,4.3.19,-,-,?,-,false,-
com.nepxion,discovery-plugin-framework-eureka,4.3.19,-,-,?,-,false,-
com.nepxion,discovery-plugin-framework-zookeeper,4.3.19,-,-,?,-,false,-
com.nepxion,discovery-plugin-starter-consul,4.3.19,-,-,?,-,false,-
com.nepxion,discovery-plugin-starter-eureka,4.3.19,-,-,?,-,false,-
com.nepxion,discovery-plugin-starter-zookeeper,4.3.19,-,-,?,-,false,-
com.nepxion,discovery-plugin-strategy,4.3.19,-,-,?,-,false,-
com.nepxion,discovery-plugin-strategy-extension-gateway,4.3.19,-,-,?,-,false,-
com.nepxion,discovery-plugin-strategy-extension-service,4.3.19,-,-,?,-,false,-
com.nepxion,discovery-plugin-strategy-extension-zuul,4.3.19,-,-,?,-,false,-
com.peachapisecurity,api,1.4.49,-,-,?,-,false,-
com.peachapisecurity,tg-junit4,1.4.49,-,-,?,-,false,-
com.twitter,algebird-bijection_2.12,0.13.4,-,-,?,-,false,-
com.twitter,algebird-core_2.10,0.13.4,-,-,?,-,false,-
com.twitter,algebird-spark_2.10,0.13.0,-,-,?,-,false,-
com.twitter,algebird-test_2.11,0.13.4,-,-,?,-,false,-
com.twitter,benchmark-server_2.11,17.10.0,-,-,?,-,false,-
com.twitter,bijection_2.11,0.9.6,-,-,?,-,false,-
com.twitter,bijection-clojure_2.10,0.9.6,-,-,?,-,false,-
com.twitter,bijection-guava_2.10,0.9.6,-,-,?,-,false,-
com.twitter,bijection-hbase_2.11,0.9.6,-,-,?,-,false,-
com.twitter,bijection-json_2.12,0.9.6,-,-,?,-,false,-
com.twitter,bijection-netty_2.10,0.9.6,-,-,?,-,false,-
com.twitter,chill-bijection_2.10,0.9.3,-,-,?,-,false,-
com.twitter,finagle_2.12,7.0.0,-,-,?,-,false,-
com.twitter,finagle-integration_2.11,18.8.0,-,-,?,-,false,-
com.twitter,finagle-netty3-http_2.11,18.2.0,-,-,?,-,false,-
com.twitter,finagle-stream_2.11,6.44.0,-,-,?,-,false,-
com.twitter,finagle-thriftmux_2.12,18.8.0,-,-,?,-,false,-
com.twitter,finagle-tunable_2.12,18.8.0,-,-,?,-,false,-
com.twitter,finagle-zipkin-core_2.12,18.8.0,-,-,?,-,false,-
com.twitter,finatra-root_2.12,2.12.0,-,-,?,-,false,-
com.twitter,inject-thrift-client_2.11,18.8.0,-,-,?,-,false,-
com.twitter,inject-thrift-client-http-mapper_2.12,18.8.0,-,-,?,-,false,-
com.twitter,java-server_2.12,17.10.0,-,-,?,-,false,-
com.twitter,scalasig_2.11,0.0.0-294-d7114447,-,-,?,-,false,-
com.twitter,scalding-args_2.11,0.17.4,-,-,?,-,false,-
com.twitter,scalding-commons_2.12,0.17.4,-,-,?,-,false,-
com.twitter,scalding-hraven_2.12,0.17.4,-,-,?,-,false,-
com.twitter,scrooge-generator_2.12,18.8.0,-,-,?,-,false,-
com.twitter.serial,serial,0.1.6,-,-,?,-,false,-
com.twitter,storehaus-cache_2.11,0.15.0,-,-,?,-,false,-
com.twitter,storehaus-elasticsearch_2.12,0.15.0,-,-,?,-,false,-
com.twitter,storehaus-hbase_2.12,0.15.0,-,-,?,-,false,-
com.twitter,storehaus-memcache_2.12,0.15.0,-,-,?,-,false,-
com.twitter,thrift-example-server_2.12,17.10.0,-,-,?,-,false,-
com.twitter,tormenta-avro_2.11,0.12.0,-,-,?,-,false,-
com.twitter,tormenta-core_2.10,0.12.0,-,-,?,-,false,-
com.twitter,twitter-server_2.11,18.8.0,-,-,?,-,false,-
com.twitter,twitter-server-logback-classic_2.12,18.8.0,-,-,?,-,false,-
com.twitter,twitter-server-slf4j-log4j12_2.11,18.8.0,-,-,?,-,false,-
com.twitter,util_2.12,7.0.0,-,-,?,-,false,-
com.twitter,util-benchmark_2.12,18.8.0,-,-,?,-,false,-
com.twitter,util-cache_2.11,18.8.0,-,-,?,-,false,-
com.twitter,util-collection_2.11,18.8.0,-,-,?,-,false,-
com.twitter,util-tunable_2.12,18.8.0,-,-,?,-,false,-
com.twitter,util-zk-common_2.12,6.42.0,-,-,?,-,false,-
com.v5analytics.simpleorm,simple-orm-accumulo,1.3.1,-,-,?,-,false,-
com.v5analytics.simpleorm,simple-orm-core,1.3.1,-,-,?,-,false,-
com.v5analytics.simpleorm,simple-orm-in-memory,1.3.1,-,-,?,-,false,-
com.v5analytics.simpleorm,simple-orm-jetty-session-manager,1.3.1,-,-,?,-,false,-
com.v5analytics.simpleorm,simple-orm-spring-session-repository,1.3.1,-,-,?,-,false,-
com.v5analytics.simpleorm,simple-orm-sql,1.3.1,-,-,?,-,false,-
com.v5analytics.simpleorm,simple-orm-test,1.3.1,-,-,?,-,false,-
com.v5analytics.webster,webster,2.3.1,-,-,?,-,false,-
io.symphonia,lambda-logging,1.0.2,-,-,?,-,false,-
io.symphonia,lambda-metrics,1.0.2,-,-,?,-,false,-
io.symphonia,lambda-metrics-maven-plugin,1.0.2,-,-,?,-,false,-
io.symphonia,lambda-monitoring-sample-project,1.0.2,-,-,?,-,false,sun.misc.Unsafe                          See http://openjdk.java.net/jeps/260 + sun.reflect.Reflection                   Use java.lang.StackWalker @since 9
org.facebook4j,facebook4j-core,2.4.12,-,-,?,-,false,-
org.webpieces,core,1.9.118,-,-,?,-,false,-
org.webpieces,core-asyncserver,1.9.118,-,-,?,-,false,-
org.webpieces,core-channelmanager2,1.9.118,-,-,?,-,false,-
org.webpieces,core-datawrapper,1.9.118,-,-,?,-,false,-
org.webpieces,core-ddl,1.9.118,-,-,?,-,false,-
org.webpieces,core-mock,1.9.118,-,-,?,-,false,-
org.webpieces,core-ssl,1.9.118,-,-,?,-,false,-
org.webpieces,core-statemachine,1.9.118,-,-,?,-,false,-
org.webpieces,core-util,1.9.118,-,-,?,-,false,-
org.webpieces,gradle-plugin-htmlcompiler,1.9.118,-,-,?,-,false,-
org.webpieces,http1_1-client,1.9.118,-,-,?,-,false,-
org.webpieces,http1_1-parser,1.9.118,-,-,?,-,false,-
org.webpieces,http,1.9.118,-,-,?,-,false,-
org.webpieces,http2-client,1.9.118,-,-,?,-,false,-
org.webpieces,http2-engine,1.9.118,-,-,?,-,false,-
org.webpieces,http2-hpack,1.9.118,-,-,?,-,false,-
org.webpieces,http2-parser,1.9.118,-,-,?,-,false,-
org.webpieces,http2to1_1-client,1.9.118,-,-,?,-,false,-
org.webpieces,http2-translations,1.9.118,-,-,?,-,false,-
org.webpieces,http-backpressure-tests,1.9.118,-,-,?,-,false,-
org.webpieces,http-fortesting-plugins,1.9.118,-,-,?,-,false,-
org.webpieces,http-frontend2,1.9.118,-,-,?,-,false,-
org.webpieces,http-router,1.9.118,-,-,?,-,false,-
org.webpieces,http-router-dev,1.9.118,-,-,?,-,false,-
org.webpieces,http-shared,1.9.118,-,-,?,-,false,-
org.webpieces,http-templating,1.9.118,-,-,?,-,false,-
org.webpieces,http-templating-dev,1.9.118,-,-,?,-,false,-
org.webpieces,http-webserver,1.9.118,-,-,?,-,false,-
org.webpieces,http-webserver-test,1.9.118,-,-,?,-,false,-
org.webpieces,plugin-backend,1.9.118,-,-,?,-,false,-
org.webpieces,plugin-documentation,1.9.118,-,-,?,-,false,-
org.webpieces,plugin-h2db,1.9.118,-,-,?,-,false,-
org.webpieces,plugin-hibernate,1.9.118,-,-,?,-,false,-
org.webpieces,plugin-install-sslcert,1.9.118,-,-,?,-,false,-
org.webpieces,plugin-json-jackson,1.9.118,-,-,?,-,false,-
org.webpieces,projectcreator,1.9.118,-,-,?,-,false,-
org.webpieces,runtimecompile,1.9.118,-,-,?,-,false,-
org.webpieces,templateProject,1.9.118,-,-,?,-,false,-
org.webpieces,webpiecesServerBuilder,1.9.118,-,-,?,-,false,-
org.webpieces,WEBPIECESxAPPNAME,1.9.118,-,-,?,-,false,-
org.webpieces,WEBPIECESxAPPNAME-dev,1.9.118,-,-,?,-,false,-
org.webpieces,webserver,1.9.118,-,-,?,-,false,-
org.webpieces,webserver-plugins,1.9.118,-,-,?,-,false,-
