groupId,artifactId,version,moduleName,moduleVersion,moduleMode,moduleDependencies,jdepsToolError,jdepsViolations
com.dragishak,aerospike-monix_2.11,0.0.3,-,-,?,-,false,-
com.dragishak,aerospike-monix_2.12,0.0.3,-,-,?,-,false,-
com.github.duanxinyuan,library-network-http,1.0.0,-,-,?,-,false,-
com.github.isengrim613,junit5-dbsetup-annotations,1.0.0,-,-,?,-,false,-
com.github.tsingjyujing,lofka-utils,1.7,-,-,?,-,false,-
com.google.apis,google-api-services-adsensehost,v4.1-rev515-1.24.1,-,-,?,-,false,-
com.google.apis,google-api-services-adsense,v1.4-rev443-1.24.1,-,-,?,-,false,-
com.google.apis,google-api-services-bigquery,v2-rev402-1.24.1,-,-,?,-,false,-
com.google.apis,google-api-services-doubleclicksearch,v2-rev188-1.23.0,-,-,?,-,false,-
com.google.apis,google-api-services-firestore,v1-rev3-1.22.0,-,-,?,-,false,-
com.google.apis,google-api-services-pagespeedonline,v4-rev13-1.24.1,-,-,?,-,false,-
com.google.apis,google-api-services-redis,v1beta1-rev9-1.24.1,-,-,?,-,false,-
com.google.apis,google-api-services-toolresults,v1beta3-rev446-1.23.0,-,-,?,-,false,-
com.ibm.stocator,stocator,1.0.24,-,-,?,-,false,sun.misc.Unsafe                          See http://openjdk.java.net/jeps/260
com.liferay,com.liferay.document.library.service,1.1.11,-,-,?,-,false,-
com.liferay,com.liferay.dynamic.data.mapping.web,1.0.17,-,-,?,-,false,-
com.liferay,com.liferay.frontend.editor.alloyeditor.web,1.0.10,-,-,?,-,false,-
com.liferay,com.liferay.journal.content.web,1.1.6,-,-,?,-,false,-
com.liferay,com.liferay.journal.lang,2.0.3,-,-,?,-,false,-
com.liferay,com.liferay.journal.service,3.4.6,-,-,?,-,false,-
com.liferay,com.liferay.portal.osgi.web.wab.generator,2.1.13,-,-,?,-,false,-
com.liferay.portal,com.liferay.portal.impl,2.24.0,-,-,?,-,false,-
com.liferay.portal,com.liferay.portal.kernel,2.33.0,-,-,?,-,false,-
com.zhaofutao,codis4j,0.0.4,-,-,?,-,false,-
