groupId,artifactId,version,moduleName,moduleVersion,moduleMode,moduleDependencies,jdepsToolError,jdepsViolations
org.dkpro.core,dkpro-core-api-embeddings-asl,1.9.3,-,-,?,-,false,-
org.dkpro.core,dkpro-core-build,1.9.3,-,-,?,-,false,-
org.dkpro.core,dkpro-core-cisstem-asl,1.9.3,-,-,?,-,false,-
org.dkpro.core,dkpro-core-io-lxf-asl,1.9.3,-,-,?,-,false,-
org.dkpro.core,dkpro-core-io-nif-asl,1.9.3,-,-,?,-,false,-
org.dkpro.core,dkpro-core-io-tika-asl,1.9.3,-,-,?,-,false,-
org.dkpro.core,dkpro-core-io-xces-asl,1.9.3,-,-,?,-,false,-
org.dkpro.core,dkpro-core-lancaster-asl,1.9.3,-,-,?,-,false,-
org.dkpro.core,dkpro-core-udpipe-asl,1.9.3,-,-,?,-,false,-
org.dkpro.lab,dkpro-lab-core,0.14.0,-,-,?,-,false,-
org.dkpro.lab,dkpro-lab-groovy,0.14.0,-,-,?,-,false,-
org.dkpro.lab,dkpro-lab-support-slf4j,0.14.0,-,-,?,-,false,-
org.dkpro.lab,dkpro-lab-uima,0.14.0,-,-,?,-,false,-
org.dkpro.lab,dkpro-lab-uima-engine-cpe,0.14.0,-,-,?,-,false,-
org.dkpro.lab,dkpro-lab-uima-engine-simple,0.14.0,-,-,?,-,false,-
org.dkpro.meta,dkpro-meta-core,0.1.0,-,-,?,-,false,-
org.dkpro.similarity,dkpro-similarity-algorithms-api-asl,2.3.0,-,-,?,-,false,-
org.dkpro.similarity,dkpro-similarity-algorithms-core-asl,2.3.0,-,-,?,-,false,-
org.dkpro.similarity,dkpro-similarity-algorithms-lexical-asl,2.3.0,-,-,?,-,false,-
org.dkpro.similarity,dkpro-similarity-algorithms-lexsub-gpl,2.3.0,-,-,?,-,false,-
org.dkpro.similarity,dkpro-similarity-algorithms-ml-gpl,2.3.0,-,-,?,-,false,-
org.dkpro.similarity,dkpro-similarity-algorithms-sound-asl,2.3.0,-,-,?,-,false,-
org.dkpro.similarity,dkpro-similarity-algorithms-sspace-gpl,2.3.0,-,-,?,-,false,-
org.dkpro.similarity,dkpro-similarity-algorithms-structure-asl,2.3.0,-,-,?,-,false,-
org.dkpro.similarity,dkpro-similarity-algorithms-style-asl,2.3.0,-,-,?,-,false,-
org.dkpro.similarity,dkpro-similarity-algorithms-vsm-asl,2.3.0,-,-,?,-,false,-
org.dkpro.similarity,dkpro-similarity-algorithms-wikipedia-asl,2.3.0,-,-,?,-,false,-
org.dkpro.similarity,dkpro-similarity-ml-core-gpl,2.3.0,-,-,?,-,false,-
org.dkpro.similarity,dkpro-similarity-ml-io-gpl,2.3.0,-,-,?,-,false,-
org.dkpro.similarity,dkpro-similarity-uima-api-asl,2.3.0,-,-,?,-,false,-
org.dkpro.similarity,dkpro-similarity-uima-core-asl,2.3.0,-,-,?,-,false,-
org.dkpro.similarity,dkpro-similarity-uima-core-gpl,2.3.0,-,-,?,-,false,-
org.dkpro.similarity,dkpro-similarity-uima-data-asl,2.3.0,-,-,?,-,false,-
org.dkpro.similarity,dkpro-similarity-uima-io-asl,2.3.0,-,-,?,-,false,-
org.dkpro.similarity,dkpro-similarity-uima-vsm-asl,2.3.0,-,-,?,-,false,-
org.dkpro.tc,dkpro-tc-api,1.0.1,-,-,?,-,false,-
org.dkpro.tc,dkpro-tc-api-features,1.0.1,-,-,?,-,false,-
org.dkpro.tc,dkpro-tc-core,1.0.1,-,-,?,-,false,-
org.dkpro.tc,dkpro-tc-features,1.0.1,-,-,?,-,false,-
org.dkpro.tc,dkpro-tc-features-ngram,1.0.1,-,-,?,-,false,-
org.dkpro.tc,dkpro-tc-features-pair,1.0.1,-,-,?,-,false,-
org.dkpro.tc,dkpro-tc-features-pair-similarity,1.0.1,-,-,?,-,false,-
org.dkpro.tc,dkpro-tc-io,1.0.1,-,-,?,-,false,-
org.dkpro.tc,dkpro-tc-io-libsvm,1.0.1,-,-,?,-,false,-
org.dkpro.tc,dkpro-tc-ml,1.0.1,-,-,?,-,false,-
org.dkpro.tc,dkpro-tc-ml-crfsuite,1.0.1,-,-,?,-,false,-
org.dkpro.tc,dkpro-tc-ml-deeplearning4j,1.0.1,-,-,?,-,false,-
org.dkpro.tc,dkpro-tc-ml-dynet,1.0.1,-,-,?,-,false,-
org.dkpro.tc,dkpro-tc-ml-keras,1.0.1,-,-,?,-,false,-
org.dkpro.tc,dkpro-tc-ml-liblinear,1.0.1,-,-,?,-,false,-
org.dkpro.tc,dkpro-tc-ml-libsvm,1.0.1,-,-,?,-,false,-
org.dkpro.tc,dkpro-tc-ml-svmhmm,1.0.1,-,-,?,-,false,-
org.dkpro.tc,dkpro-tc-ml-weka,1.0.1,-,-,?,-,false,-
org.dkpro.tc,dkpro-tc-ml-xgboost,1.0.1,-,-,?,-,false,-
org.dkpro.tc,dkpro-tc-simple,1.0.1,-,-,?,-,false,-
org.dkpro.tc,dkpro-tc-testing,1.0.1,-,-,?,-,false,-
org.jbpt,jbpt-bp,0.3.1,-,-,?,-,false,-
org.jbpt,jbpt-bpm,0.3.1,-,-,?,-,false,-
org.jbpt,jbpt-core,0.3.1,-,-,?,-,false,-
org.jbpt,jbpt-deco,0.3.1,-,-,?,-,false,-
org.jbpt,jbpt-petri,0.3.1,-,-,?,-,false,-
org.nd4j,nd4j-arrow,1.0.0-beta2,-,-,?,-,false,-
org.nd4j,nd4j-cuda-9.0-platform,1.0.0-beta2,-,-,?,-,false,-
org.nd4j,nd4j-cuda-9.2,1.0.0-beta2,-,-,?,-,false,-
org.nd4j,nd4j-native,1.0.0-beta2,-,-,?,-,false,-
org.nd4j,nd4j-parameter-server-model,1.0.0-beta2,-,-,?,-,false,-
org.nd4j,nd4j-tensorflow,1.0.0-beta2,-,-,?,-,false,-
org.nd4j,nd4j-tests,1.0.0-beta2,-,-,?,-,false,-
org.nd4j,nd4j-tests-tensorflow,1.0.0-beta2,-,-,?,-,false,-
org.nd4j,nd4j-uberjar,1.0.0-beta2,-,-,?,-,false,sun.misc.Cleaner                         Use java.lang.ref.PhantomReference @since 1.2 or java.lang.ref.Cleaner @since 9 + sun.misc.Signal                          See http://openjdk.java.net/jeps/260 + sun.misc.SignalHandler                   See http://openjdk.java.net/jeps/260 + sun.misc.Unsafe                          See http://openjdk.java.net/jeps/260 + sun.reflect.ConstantPool                 Removed. See http://openjdk.java.net/jeps/260 + sun.reflect.ReflectionFactory            See http://openjdk.java.net/jeps/260 + sun.security.x509.X500Name               Use javax.security.auth.x500.X500Principal @since 1.4
org.opencode4workspace.watson-work-services,wws-api,0.8.1,-,-,?,-,false,-
org.opencode4workspace.watson-work-services,wws-api-integrationtests,0.8.1,-,-,?,-,false,-
org.ops4j.pax.exam,exam-maven-plugin,4.12.0,-,-,?,-,false,-
org.ops4j.pax.exam,pax-exam-checkstyle-rules,4.12.0,-,-,?,-,false,-
org.ops4j.pax.exam,pax-exam-container-forked,4.12.0,-,-,?,-,false,-
org.ops4j.pax.exam,pax-exam-container-glassfish-embedded,4.12.0,-,-,?,-,false,-
org.ops4j.pax.exam,pax-exam-container-karaf,4.12.0,-,-,?,-,false,-
org.ops4j.pax.exam,pax-exam-container-native,4.12.0,-,-,?,-,false,-
org.ops4j.pax.exam,pax-exam-container-openwebbeans,4.12.0,-,-,?,-,false,-
org.ops4j.pax.exam,pax-exam-container-rbc,4.12.0,-,-,?,-,false,-
org.ops4j.pax.exam,pax-exam-container-wildfly80,4.12.0,-,-,?,-,false,-
org.ops4j.pax.exam,pax-exam-extender-service,4.12.0,-,-,?,-,false,-
org.ops4j.pax.exam,pax-exam-inject,4.12.0,-,-,?,-,false,-
org.ops4j.pax.exam,pax-exam-invoker-jaxrs2,4.12.0,-,-,?,-,false,-
org.ops4j.pax.exam,pax-exam-invoker-junit,4.12.0,-,-,?,-,false,-
org.ops4j.pax.exam,pax-exam-link-assembly,4.12.0,-,-,?,-,false,-
org.ops4j.pax.exam,pax-exam-patch-weld,4.12.0,-,-,?,-,false,-
org.ops4j.pax.exam,pax-exam-servlet-bridge,4.12.0,-,-,?,-,false,-
org.ops4j.pax.exam,pax-exam-spring,4.12.0,-,-,?,-,false,-
org.ops4j.pax.exam,pax-exam-testng,4.12.0,-,-,?,-,false,-
org.ops4j.pax.exam,pax-exam-testng-servlet-bridge,4.12.0,-,-,?,-,false,-
org.ops4j.pax.exam.samples,exam-itest-sample-karaf,4.12.0,-,-,?,-,false,-
org.ops4j.pax.exam.samples,pax-exam-sample11-wab,4.12.0,-,-,?,-,false,-
org.ops4j.pax.exam.samples,pax-exam-sample1-model,4.12.0,-,-,?,-,false,-
org.ops4j.pax.exam.samples,pax-exam-sample1-repo,4.12.0,-,-,?,-,false,-
org.ops4j.pax.exam.samples,pax-exam-sample1-service,4.12.0,-,-,?,-,false,-
org.ops4j.pax.exam.samples,pax-exam-sample2-model,4.12.0,-,-,?,-,false,-
org.ops4j.pax.exam.samples,pax-exam-sample2-service,4.12.0,-,-,?,-,false,-
org.ops4j.pax.exam.samples,pax-exam-sample3-beans,4.12.0,-,-,?,-,false,-
org.ops4j.pax.exam.samples,pax-exam-sample4-model,4.12.0,-,-,?,-,false,-
org.ops4j.pax.exam.samples,pax-exam-sample4-service,4.12.0,-,-,?,-,false,-
org.ops4j.pax.exam.samples,pax-exam-sample5-mdb,4.12.0,-,-,?,-,false,-
org.ops4j.pax.exam.samples,pax-exam-sample6-service,4.12.0,-,-,?,-,false,-
org.ops4j.pax.exam.samples,pax-exam-sample7-service,4.12.0,-,-,?,-,false,-
org.ops4j.pax.exam.samples,pax-exam-sample8-ds,4.12.0,-,-,?,-,false,-
org.ops4j.pax.exam.samples,pax-exam-sample9-pde,4.12.0,-,-,?,-,false,-
org.ops4j.pax.logging,pax-logging-api,1.10.1,-,-,?,-,false,-
org.ops4j.pax.logging,pax-logging-it,1.10.1,-,-,?,-,false,-
org.ops4j.pax.logging,pax-logging-log4j2,1.10.1,-,-,?,-,false,-
org.ops4j.pax.logging,pax-logging-logback,1.10.1,-,-,?,-,false,sun.reflect.Reflection                   Use java.lang.StackWalker @since 9
org.ops4j.pax.logging,pax-logging-sample-config,1.10.1,-,-,?,-,false,-
org.ops4j.pax.logging,pax-logging-sample-dynamic,1.10.1,-,-,?,-,false,-
org.ops4j.pax.logging,pax-logging-sample-fragment,1.10.1,-,-,?,-,false,-
org.ops4j.pax.logging,pax-logging-sample-logger,1.10.1,-,-,?,-,false,com.sun.net.ssl.KeyManager               Use javax.net.ssl @since 1.4 + com.sun.net.ssl.KeyManagerFactory        Use javax.net.ssl @since 1.4 + com.sun.net.ssl.SSLContext               Use javax.net.ssl @since 1.4 + com.sun.net.ssl.TrustManager             Use javax.net.ssl @since 1.4 + com.sun.net.ssl.TrustManagerFactory      Use javax.net.ssl @since 1.4 + com.sun.net.ssl.internal.ssl.Provider    Use java.security.Security.getProvider(provider-name) @since 1.3
org.ops4j.pax.logging,pax-logging-sample-perfs,1.10.1,-,-,?,-,false,-
org.ops4j.pax.logging,pax-logging-service,1.10.1,-,-,?,-,false,-
org.ops4j.pax.wicket,org.ops4j.pax.wicket.itests,5.0.0-RC1,-,-,?,-,false,-
org.ops4j.pax.wicket,org.ops4j.pax.wicket.itests.karaf,5.0.0-RC1,-,-,?,-,false,-
org.ops4j.pax.wicket,org.ops4j.pax.wicket.service,5.0.0-RC1,-,-,?,-,false,-
org.ops4j.pax.wicket,org.ops4j.pax.wicket.test,5.0.0-RC1,-,-,?,-,false,-
org.ops4j.pax.wicket.samples.blueprint.injection,org.ops4j.pax.wicket.samples.blueprint.injection.simple,5.0.0-RC1,-,-,?,-,false,-
org.ops4j.pax.wicket.samples.blueprint,org.ops4j.pax.wicket.samples.blueprint.applicationfactory,5.0.0-RC1,-,-,?,-,false,-
org.ops4j.pax.wicket.samples.blueprint,org.ops4j.pax.wicket.samples.blueprint.filter,5.0.0-RC1,-,-,?,-,false,-
org.ops4j.pax.wicket.samples.blueprint,org.ops4j.pax.wicket.samples.blueprint.mount,5.0.0-RC1,-,-,?,-,false,-
org.ops4j.pax.wicket.samples.blueprint,org.ops4j.pax.wicket.samples.blueprint.simple,5.0.0-RC1,-,-,?,-,false,-
org.ops4j.pax.wicket.samples.blueprint,org.ops4j.pax.wicket.samples.blueprint.wicketproperties,5.0.0-RC1,-,-,?,-,false,-
org.ops4j.pax.wicket.samples.ds,org.ops4j.pax.wicket.samples.ds.filterfactory,5.0.0-RC1,-,-,?,-,false,-
org.ops4j.pax.wicket.samples.ds,org.ops4j.pax.wicket.samples.ds.webapplication,5.0.0-RC1,-,-,?,-,false,-
org.ops4j.pax.wicket.samples.edge.inheritinjection,org.ops4j.pax.wicket.samples.edge.inheritinjection.inherit,5.0.0-RC1,-,-,?,-,false,-
org.ops4j.pax.wicket.samples.edge.inheritinjection,org.ops4j.pax.wicket.samples.edge.inheritinjection.parent,5.0.0-RC1,-,-,?,-,false,-
org.ops4j.pax.wicket.samples.mixed,org.ops4j.pax.wicket.samples.mixed.api,5.0.0-RC1,-,-,?,-,false,-
org.ops4j.pax.wicket.samples.mixed,org.ops4j.pax.wicket.samples.mixed.component,5.0.0-RC1,-,-,?,-,false,-
org.ops4j.pax.wicket.samples.mixed,org.ops4j.pax.wicket.samples.mixed.main,5.0.0-RC1,-,-,?,-,false,-
org.ops4j.pax.wicket.samples.mixed,org.ops4j.pax.wicket.samples.mixed.page,5.0.0-RC1,-,-,?,-,false,-
org.ops4j.pax.wicket.samples,org.ops4j.pax.wicket.samples.issues,5.0.0-RC1,-,-,?,-,false,-
org.ops4j.pax.wicket.samples,org.ops4j.pax.wicket.samples.navigation,5.0.0-RC1,-,-,?,-,false,-
org.ops4j.pax.wicket.samples.plain,org.ops4j.pax.wicket.samples.plain.inject,5.0.0-RC1,-,-,?,-,false,-
org.ops4j.pax.wicket.samples.plain,org.ops4j.pax.wicket.samples.plain.pagefactory,5.0.0-RC1,-,-,?,-,false,-
org.ops4j.pax.wicket.samples.plain,org.ops4j.pax.wicket.samples.plain.simple,5.0.0-RC1,-,-,?,-,false,-
org.ops4j.pax.wicket.samples.springdm.injection,org.ops4j.pax.wicket.samples.springdm.injection.simple,5.0.0-RC1,-,-,?,-,false,-
org.ops4j.pax.wicket.samples.springdm,org.ops4j.pax.wicket.samples.springdm.simple,5.0.0-RC1,-,-,?,-,false,-
org.ops4j.pax.wicket.spi,org.ops4j.pax.wicket.spi.blueprint,5.0.0-RC1,-,-,?,-,false,-
org.ops4j.pax.wicket.spi,org.ops4j.pax.wicket.spi.springdm,5.0.0-RC1,-,-,?,-,false,-
org.ops4j,ramler-itest,0.9.0,-,-,?,-,false,-
org.ops4j.ramler,ramler-html,0.9.0,-,-,?,-,false,-
org.ops4j.ramler,ramler-java,0.9.0,-,-,?,-,false,-
org.ops4j.ramler,ramler-maven-plugin,0.9.0,-,-,?,-,false,-
org.ops4j.ramler,ramler-typescript,0.9.0,-,-,?,-,false,-
org.ops4j.ramler.samples,ramler-docker-registry,0.9.0,-,-,?,-,false,-
