groupId,artifactId,version,moduleName,moduleVersion,moduleMode,moduleDependencies,jdepsToolError,jdepsViolations
ch.streamly,chronicle-flux,1.0.0,-,-,?,-,false,-
ch.streamly,streamly-domain,1.0.2,-,-,?,-,false,-
com.bitplan,org.crazybeans,1.5.4,-,-,?,-,false,-
com.bugsnag,bugsnag,3.2.1,-,-,?,-,false,-
com.cognitect,http-client,0.1.84,-,-,?,-,false,-
com.datomic,client,0.8.63,-,-,?,-,false,-
com.datomic,client-api,0.8.8,-,-,?,-,false,-
com.datomic,client-cloud,0.8.63,-,-,?,-,false,-
com.datomic,client-impl-shared,0.8.46,-,-,?,-,false,-
com.datomic,client-pro,0.8.20,-,-,?,-,false,-
com.gilt.urbanairship4s,core_2.11,0.2.0,-,-,?,-,false,-
com.gilt.urbanairship4s,core_2.12,0.2.0,-,-,?,-,false,-
com.gilt.urbanairship4s,http4s-client_2.11,0.2.0,-,-,?,-,false,-
com.gilt.urbanairship4s,http4s-client_2.12,0.2.0,-,-,?,-,false,-
com.github.bigwheel,tapandpipe_2.12,1.0,-,-,?,-,false,-
com.google.apis,google-api-services-youtubereporting,v1-rev537-1.24.1,-,-,?,-,false,-
com.harium.etyl,etyl-gdx-android,1.2.0,-,-,?,-,false,-
com.sinnerschrader.aem.react,aem-react-api,0.24.3,-,-,?,-,false,-
com.sinnerschrader.aem.react,core,0.24.3,-,-,?,-,false,-
com.sinnerschrader.aem.react,generate-typescript-maven-plugin,0.24.3,-,-,?,-,false,-
org.elasql,bench,0.2.0,-,-,?,-,false,-
sh.almond,almond-spark_2.11,0.1.3,-,-,?,-,false,-
sh.almond,channels_2.11,0.1.3,-,-,?,-,false,-
sh.almond,channels_2.12,0.1.3,-,-,?,-,false,-
sh.almond,echo_2.11,0.1.3,-,-,?,-,false,-
sh.almond,echo_2.12,0.1.3,-,-,?,-,false,-
sh.almond,interpreter_2.11,0.1.3,-,-,?,-,false,-
sh.almond,interpreter_2.12,0.1.3,-,-,?,-,false,-
sh.almond,interpreter-api_2.11,0.1.3,-,-,?,-,false,-
sh.almond,interpreter-api_2.12,0.1.3,-,-,?,-,false,-
sh.almond,kernel_2.11,0.1.3,-,-,?,-,false,-
sh.almond,kernel_2.12,0.1.3,-,-,?,-,false,-
sh.almond,logger_2.11,0.1.3,-,-,?,-,false,-
sh.almond,logger_2.12,0.1.3,-,-,?,-,false,-
sh.almond,protocol_2.11,0.1.3,-,-,?,-,false,-
sh.almond,protocol_2.12,0.1.3,-,-,?,-,false,-
sh.almond,scala-interpreter_2.11.12,0.1.3,-,-,?,-,false,-
sh.almond,scala-interpreter_2.12.6,0.1.3,-,-,?,-,false,-
sh.almond,scala-kernel_2.11.12,0.1.3,-,-,?,-,false,-
sh.almond,scala-kernel_2.12.6,0.1.3,-,-,?,-,false,-
sh.almond,scala-kernel-api_2.11.12,0.1.3,-,-,?,-,false,-
sh.almond,scala-kernel-api_2.12.6,0.1.3,-,-,?,-,false,-
