groupId,artifactId,version,moduleName,moduleVersion,moduleMode,moduleDependencies,jdepsToolError,jdepsViolations
org.wso2.carbon.analytics,carbon-analytics-osgi-tests,2.0.404,-,-,?,-,false,-
org.wso2.carbon.analytics,org.wso2.carbon.analytics.auth.rest.api,2.0.404,-,-,?,-,false,-
org.wso2.carbon.analytics,org.wso2.carbon.analytics.msf4j.interceptor.common,2.0.404,-,-,?,-,false,-
org.wso2.carbon.analytics,org.wso2.carbon.business.rules.core,2.0.404,-,-,?,-,false,-
org.wso2.carbon.analytics,org.wso2.carbon.business.rules.templates.editor.core,2.0.404,-,-,?,-,false,-
org.wso2.carbon.analytics,org.wso2.carbon.business.rules.web,2.0.404,-,-,?,-,false,-
org.wso2.carbon.analytics,org.wso2.carbon.data.provider,2.0.404,-,-,?,-,false,-
org.wso2.carbon.analytics,org.wso2.carbon.editor.log.appender,2.0.404,-,-,?,-,false,-
org.wso2.carbon.analytics,org.wso2.carbon.event.simulator.core,2.0.404,-,-,?,-,false,-
org.wso2.carbon.analytics,org.wso2.carbon.permissions.rest.api,2.0.404,-,-,?,-,false,-
org.wso2.carbon.analytics,org.wso2.carbon.siddhi.editor.core,2.0.404,-,-,?,-,false,-
org.wso2.carbon.analytics,org.wso2.carbon.siddhi.metrics.core,2.0.404,-,-,?,-,false,-
org.wso2.carbon.analytics,org.wso2.carbon.siddhi.store.api.rest,2.0.404,-,-,?,-,false,-
org.wso2.carbon.analytics,org.wso2.carbon.sp.distributed.resource.core,2.0.404,-,-,?,-,false,-
org.wso2.carbon.analytics,org.wso2.carbon.sp.jobmanager.core,2.0.404,-,-,?,-,false,sun.misc.Unsafe                          See http://openjdk.java.net/jeps/260
org.wso2.carbon.analytics,org.wso2.carbon.status.dashboard.core,2.0.404,-,-,?,-,false,-
org.wso2.carbon.analytics,org.wso2.carbon.status.dashboard.web,2.0.404,-,-,?,-,false,-
org.wso2.carbon.analytics,org.wso2.carbon.stream.processor.common,2.0.404,-,-,?,-,false,-
org.wso2.carbon.analytics,org.wso2.carbon.stream.processor.core,2.0.404,-,-,?,-,false,-
org.wso2.carbon.analytics,org.wso2.carbon.stream.processor.statistics,2.0.404,-,-,?,-,false,-
org.wso2.carbon.data,org.wso2.carbon.dataservices.common,4.4.77,-,-,?,-,false,-
org.wso2.carbon.data,org.wso2.carbon.dataservices.core,4.4.77,-,-,?,-,false,-
org.wso2.carbon.data,org.wso2.carbon.dataservices.fileupload.stub,4.4.77,-,-,?,-,false,-
org.wso2.carbon.data,org.wso2.carbon.dataservices.google.tokengen,4.4.77,-,-,?,-,false,-
org.wso2.carbon.data,org.wso2.carbon.dataservices.odata.endpoint,4.4.77,-,-,?,-,false,-
org.wso2.carbon.data,org.wso2.carbon.dataservices.sql.driver,4.4.77,-,-,?,-,false,-
org.wso2.carbon.data,org.wso2.carbon.dataservices.stub,4.4.77,-,-,?,-,false,-
org.wso2.carbon.data,org.wso2.carbon.dataservices.task,4.4.77,-,-,?,-,false,-
org.wso2.carbon.data,org.wso2.carbon.dataservices.task.stub,4.4.77,-,-,?,-,false,-
org.wso2.carbon.data,org.wso2.carbon.dataservices.task.ui,4.4.77,-,-,?,-,false,-
org.wso2.carbon.data,org.wso2.carbon.dataservices.ui,4.4.77,-,-,?,-,false,-
org.wso2.carbon.data,org.wso2.carbon.datasource.reader.cassandra,4.4.77,-,-,?,-,false,-
org.wso2.carbon.data,org.wso2.carbon.datasource.reader.hadoop,4.4.77,-,-,?,-,false,-
org.wso2.carbon.data,org.wso2.carbon.datasource.reader.mongo,4.4.77,-,-,?,-,false,-
org.wso2.carbon.data,org.wso2.carbon.dbconsole.ui,4.4.77,-,-,?,-,false,-
org.wso2.carbon.identity.framework,org.wso2.carbon.claim.mgt,5.12.114,-,-,?,-,false,-
org.wso2.carbon.identity.framework,org.wso2.carbon.claim.mgt.stub,5.12.114,-,-,?,-,false,-
org.wso2.carbon.identity.framework,org.wso2.carbon.claim.mgt.ui,5.12.114,-,-,?,-,false,-
org.wso2.carbon.identity.framework,org.wso2.carbon.directory.server.manager,5.12.114,-,-,?,-,false,-
org.wso2.carbon.identity.framework,org.wso2.carbon.directory.server.manager.common,5.12.114,-,-,?,-,false,-
org.wso2.carbon.identity.framework,org.wso2.carbon.directory.server.manager.stub,5.12.114,-,-,?,-,false,-
org.wso2.carbon.identity.framework,org.wso2.carbon.directory.server.manager.ui,5.12.114,-,-,?,-,false,-
org.wso2.carbon.identity.framework,org.wso2.carbon.identity.application.authentication.endpoint.util,5.12.114,-,-,?,-,false,-
org.wso2.carbon.identity.framework,org.wso2.carbon.identity.application.authentication.framework,5.12.114,-,-,?,-,false,-
org.wso2.carbon.identity.framework,org.wso2.carbon.identity.application.authentication.framework.stub,5.12.114,-,-,?,-,false,-
org.wso2.carbon.identity.framework,org.wso2.carbon.identity.application.common,5.12.114,-,-,?,-,false,-
org.wso2.carbon.identity.framework,org.wso2.carbon.identity.application.mgt,5.12.114,-,-,?,-,false,-
org.wso2.carbon.identity.framework,org.wso2.carbon.identity.application.mgt.stub,5.12.114,-,-,?,-,false,-
org.wso2.carbon.identity.framework,org.wso2.carbon.identity.application.mgt.ui,5.12.114,-,-,?,-,false,-
org.wso2.carbon.identity.framework,org.wso2.carbon.identity.authenticator.thrift,5.12.114,-,-,?,-,false,-
org.wso2.carbon.identity.framework,org.wso2.carbon.identity.base,5.12.114,-,-,?,-,false,-
org.wso2.carbon.identity.framework,org.wso2.carbon.identity.claim.metadata.mgt,5.12.114,-,-,?,-,false,-
org.wso2.carbon.identity.framework,org.wso2.carbon.identity.claim.metadata.mgt.stub,5.12.114,-,-,?,-,false,-
org.wso2.carbon.identity.framework,org.wso2.carbon.identity.claim.metadata.mgt.ui,5.12.114,-,-,?,-,false,-
org.wso2.carbon.identity.framework,org.wso2.carbon.identity.consent.mgt,5.12.114,-,-,?,-,false,-
org.wso2.carbon.identity.framework,org.wso2.carbon.identity.core,5.12.114,-,-,?,-,false,-
org.wso2.carbon.identity.framework,org.wso2.carbon.identity.core.ui,5.12.114,-,-,?,-,false,-
org.wso2.carbon.identity.framework,org.wso2.carbon.identity.entitlement,5.12.114,-,-,?,-,false,-
org.wso2.carbon.identity.framework,org.wso2.carbon.identity.entitlement.common,5.12.114,-,-,?,-,false,-
org.wso2.carbon.identity.framework,org.wso2.carbon.identity.entitlement.stub,5.12.114,-,-,?,-,false,-
org.wso2.carbon.identity.framework,org.wso2.carbon.identity.entitlement.ui,5.12.114,-,-,?,-,false,-
org.wso2.carbon.identity.framework,org.wso2.carbon.identity.event,5.12.114,-,-,?,-,false,-
org.wso2.carbon.identity.framework,org.wso2.carbon.identity.governance.stub,5.12.114,-,-,?,-,false,-
org.wso2.carbon.identity.framework,org.wso2.carbon.identity.mgt,5.12.114,-,-,?,-,false,-
org.wso2.carbon.identity.framework,org.wso2.carbon.identity.mgt.stub,5.12.114,-,-,?,-,false,-
org.wso2.carbon.identity.framework,org.wso2.carbon.identity.mgt.ui,5.12.114,-,-,?,-,false,-
org.wso2.carbon.identity.framework,org.wso2.carbon.identity.notification.mgt,5.12.114,-,-,?,-,false,-
org.wso2.carbon.identity.framework,org.wso2.carbon.identity.provisioning,5.12.114,-,-,?,-,false,-
org.wso2.carbon.identity.framework,org.wso2.carbon.identity.testutil,5.12.114,-,-,?,-,false,-
org.wso2.carbon.identity.framework,org.wso2.carbon.identity.user.profile,5.12.114,-,-,?,-,false,-
org.wso2.carbon.identity.framework,org.wso2.carbon.identity.user.profile.stub,5.12.114,-,-,?,-,false,-
org.wso2.carbon.identity.framework,org.wso2.carbon.identity.user.profile.ui,5.12.114,-,-,?,-,false,-
org.wso2.carbon.identity.framework,org.wso2.carbon.identity.user.registration,5.12.114,-,-,?,-,false,-
org.wso2.carbon.identity.framework,org.wso2.carbon.identity.user.registration.stub,5.12.114,-,-,?,-,false,-
org.wso2.carbon.identity.framework,org.wso2.carbon.identity.user.store.configuration,5.12.114,-,-,?,-,false,-
org.wso2.carbon.identity.framework,org.wso2.carbon.identity.user.store.configuration.deployer,5.12.114,-,-,?,-,false,-
org.wso2.carbon.identity.framework,org.wso2.carbon.identity.user.store.configuration.stub,5.12.114,-,-,?,-,false,-
org.wso2.carbon.identity.framework,org.wso2.carbon.identity.user.store.configuration.ui,5.12.114,-,-,?,-,false,-
org.wso2.carbon.identity.framework,org.wso2.carbon.identity.user.store.count,5.12.114,-,-,?,-,false,-
org.wso2.carbon.identity.framework,org.wso2.carbon.identity.user.store.count.stub,5.12.114,-,-,?,-,false,-
org.wso2.carbon.identity.framework,org.wso2.carbon.identity.workflow.mgt,5.12.114,-,-,?,-,false,-
org.wso2.carbon.identity.framework,org.wso2.carbon.identity.workflow.mgt.stub,5.12.114,-,-,?,-,false,-
org.wso2.carbon.identity.framework,org.wso2.carbon.identity.workflow.mgt.ui,5.12.114,-,-,?,-,false,-
org.wso2.carbon.identity.framework,org.wso2.carbon.idp.mgt,5.12.114,-,-,?,-,false,-
org.wso2.carbon.identity.framework,org.wso2.carbon.idp.mgt.stub,5.12.114,-,-,?,-,false,-
org.wso2.carbon.identity.framework,org.wso2.carbon.idp.mgt.ui,5.12.114,-,-,?,-,false,-
org.wso2.carbon.identity.framework,org.wso2.carbon.policyeditor,5.12.114,-,-,?,-,false,-
org.wso2.carbon.identity.framework,org.wso2.carbon.policyeditor.ui,5.12.114,-,-,?,-,false,-
org.wso2.carbon.identity.framework,org.wso2.carbon.security.mgt,5.12.114,-,-,?,-,false,-
org.wso2.carbon.identity.framework,org.wso2.carbon.security.mgt.stub,5.12.114,-,-,?,-,false,-
org.wso2.carbon.identity.framework,org.wso2.carbon.security.mgt.ui,5.12.114,-,-,?,-,false,-
org.wso2.carbon.identity.framework,org.wso2.carbon.user.mgt,5.12.114,-,-,?,-,false,-
org.wso2.carbon.identity.framework,org.wso2.carbon.user.mgt.common,5.12.114,-,-,?,-,false,-
org.wso2.carbon.identity.framework,org.wso2.carbon.user.mgt.stub,5.12.114,-,-,?,-,false,-
org.wso2.carbon.identity.framework,org.wso2.carbon.user.mgt.ui,5.12.114,-,-,?,-,false,-
org.wso2.carbon.identity.framework,org.wso2.carbon.user.mgt.workflow.stub,5.12.114,-,-,?,-,false,-
