groupId,artifactId,version,moduleName,moduleVersion,moduleMode,moduleDependencies,jdepsToolError,jdepsViolations
com.amazon.alexa,ask-sdk,2.5.0,-,-,?,-,false,-
com.amazon.alexa,ask-sdk-apache-client,2.5.0,-,-,?,-,false,-
com.amazon.alexa,ask-sdk-core,2.5.0,-,-,?,-,false,-
com.amazon.alexa,ask-sdk-dynamodb-persistence-adapter,2.5.0,-,-,?,-,false,-
com.amazon.alexa,ask-sdk-lambda-support,2.5.0,-,-,?,-,false,-
com.amazon.alexa,ask-sdk-model,1.5.0,-,-,?,-,false,-
com.amazon.alexa,ask-sdk-servlet-support,2.5.0,-,-,?,-,false,-
com.google.apis,google-api-services-adexchangebuyer2,v2beta1-rev686-1.24.1,-,-,?,-,false,-
com.google.apis,google-api-services-script,v1-rev245-1.24.1,-,-,?,-,false,-
com.restfb,restfb,2.9.0,-,-,?,-,false,-
com.sbuslab,utils,1.0.24,-,-,?,-,false,-
com.snowplowanalytics,schema-ddl_2.11,0.8.0-M6,-,-,?,-,false,-
com.snowplowanalytics,schema-ddl_2.12,0.8.0-M6,-,-,?,-,false,-
io.github.openunirest,unirest-java,2.2.11,-,-,?,-,false,-
net.seesharpsoft.sharping,sharping-commons,0.11.0,-,-,?,-,false,-
net.seesharpsoft.sharping,sharping-spring-data,0.11.0,-,-,?,-,false,-
net.seesharpsoft.sharping,sharping-spring-multipart,0.11.0,-,-,?,-,false,-
net.seesharpsoft.sharping,sharping-spring-multipart-boot,0.11.0,-,-,?,-,false,-
net.seesharpsoft.sharping,sharping-spring-multipart-boot-example,0.11.0,-,-,?,-,false,-
net.seesharpsoft.sharping,sharping-spring-multipart-example,0.11.0,-,-,?,-,false,-
net.seesharpsoft.sharping,sharping-spring-suite,0.11.0,-,-,?,-,false,-
net.seesharpsoft.sharping,sharping-spring-suite-boot,0.11.0,-,-,?,-,false,-
org.gitlab4j,gitlab4j-api,4.8.43,-,-,?,-,false,-
org.mockito,mockito-scala_2.11,0.3.1,-,-,?,-,false,-
org.mockito,mockito-scala_2.12,0.3.1,-,-,?,-,false,-
software.amazon.kinesis,amazon-kinesis-client,2.0.1,-,-,?,-,false,-
software.amazon.kinesis,amazon-kinesis-client-multilang,2.0.1,-,-,?,-,false,-
