groupId,artifactId,version,moduleName,moduleVersion,moduleMode,moduleDependencies,jdepsToolError,jdepsViolations
org.wso2.carbon.apimgt,apim-ballerina-plugin,7.0.170,-,-,?,-,false,-
org.wso2.carbon.apimgt,org.wso2.carbon.apimgt.ballerina.native,7.0.170,-,-,?,-,false,-
org.wso2.carbon.apimgt,org.wso2.carbon.apimgt.ballerina.publisher,7.0.170,-,-,?,-,false,-
org.wso2.carbon.apimgt,org.wso2.carbon.apimgt.core,7.0.170,-,-,?,-,false,-
org.wso2.carbon.apimgt,org.wso2.carbon.apimgt.rest.api.admin,7.0.170,-,-,?,-,false,-
org.wso2.carbon.apimgt,org.wso2.carbon.apimgt.rest.api.analytics,7.0.170,-,-,?,-,false,-
org.wso2.carbon.apimgt,org.wso2.carbon.apimgt.rest.api.authenticator,7.0.170,-,-,?,-,false,-
org.wso2.carbon.apimgt,org.wso2.carbon.apimgt.rest.api.commons,7.0.170,-,-,?,-,false,-
org.wso2.carbon.apimgt,org.wso2.carbon.apimgt.rest.api.configurations,7.0.170,-,-,?,-,false,-
org.wso2.carbon.apimgt,org.wso2.carbon.apimgt.rest.api.core,7.0.170,-,-,?,-,false,-
org.wso2.carbon.apimgt,org.wso2.carbon.apimgt.rest.api.publisher,7.0.170,-,-,?,-,false,-
org.wso2.carbon.apimgt,org.wso2.carbon.apimgt.rest.api.store,7.0.170,-,-,?,-,false,-
org.wso2.carbon.apimgt,org.wso2.carbon.apimgt.throttling.siddhi.extension,7.0.170,-,-,?,-,false,-
