groupId,artifactId,version,moduleName,moduleVersion,moduleMode,moduleDependencies,jdepsToolError,jdepsViolations
com.google.apis,google-api-services-binaryauthorization,v1beta1-rev2-1.24.1,-,-,?,-,false,-
com.google.apis,google-api-services-cloudresourcemanager,v2-rev29-1.24.1,-,-,?,-,false,-
com.google.apis,google-api-services-dialogflow,v2-rev30-1.24.1,-,-,?,-,false,-
com.google.apis,google-api-services-serviceusage,v1-rev40-1.24.1,-,-,?,-,false,-
com.google.apis,google-api-services-sheets,v4-rev538-1.24.1,-,-,?,-,false,-
com.liumapp.ca.tw,tw-cert,v1.0.0,-,-,?,-,false,sun.security.x509.X500Name               Use javax.security.auth.x500.X500Principal @since 1.4
com.smoketurner.dropwizard,dropwizard-riak,1.3.5-2,-,-,?,-,false,-
com.smoketurner,dropwizard-swagger,1.3.5-2,-,-,?,-,false,-
io.github.swim2sun,weixin-web-sdk,1.0,-,-,?,-,false,-
org.reaktivity,nukleus-kafka,0.78,-,-,?,-,false,-
