groupId,artifactId,version,moduleName,moduleVersion,moduleMode,moduleDependencies,jdepsToolError,jdepsViolations
com.adamthody,heroku-kafka-connection-helper,0.1.9,-,-,?,-,false,-
com.adjust.sdk,adjust-android,4.14.0,-,-,?,-,false,-
com.adjust.sdk,adjust-android-criteo,4.14.0,-,-,?,-,false,-
com.adjust.sdk,adjust-android-sociomantic,4.14.0,-,-,?,-,false,-
com.adjust.sdk,adjust-android-trademob,4.14.0,-,-,?,-,false,-
com.afklm,mashery-sdk,1.0.12,-,-,?,-,false,-
com.akaita.java,rxjava2-debug,1.2.2,-,-,?,-,false,-
com.apiomat.helper,integration-test-helper,1.5.0,-,-,?,-,false,-
com.assertthat,selenium-shutterbug,0.9,-,-,?,-,false,-
com.blazemeter,blazemeter-api-client,1.13,-,-,?,-,false,-
com.blazemeter,jmeter-bzm-http2,1.3,-,-,?,-,false,-
com.blazemeter,jmeter-parallel,0.7,-,-,?,-,false,-
com.blazemeter,jmeter-plugins-directory-listing,0.2,-,-,?,-,false,-
com.blazemeter,jmeter-plugins-random-csv-data-set,0.6,-,-,?,-,false,-
com.blazemeter,jmeter-plugins-rotating-listener,0.2,-,-,?,-,false,-
com.blazemeter,jmeter-plugins-wsc,0.5,-,-,?,-,false,-
com.blazemeter,taurus-java-helpers,1.4,-,-,?,-,false,-
com.cedarsoft.business,contact,8.1.1,-,-,?,-,false,-
com.cedarsoft.business,dependencies,8.1.1,-,-,?,-,false,-
com.cedarsoft.business,financial,8.5.1,-,-,?,-,false,-
com.cedarsoft.business,locations,8.1.1,-,-,?,-,false,-
com.cedarsoft.commons,cluster,8.1.1,-,-,?,-,false,-
com.cedarsoft.commons,cmd,8.1.1,-,-,?,-,false,-
com.cedarsoft.commons,commons,8.5.1,-,-,?,-,false,-
com.cedarsoft.commons,configuration,8.1.1,-,-,?,-,false,-
com.cedarsoft.commons,crypt,8.5.1,-,-,?,-,false,-
com.cedarsoft.commons,exceptions,8.5.1,-,-,?,-,false,-
com.cedarsoft.commons,execution,8.5.1,-,-,?,-,false,-
com.cedarsoft.commons,file,8.5.1,-,-,?,-,false,-
com.cedarsoft.commons,guava,8.5.1,-,-,?,-,false,-
com.cedarsoft.commons.history,core,8.1.1,-,-,?,-,false,-
com.cedarsoft.commons,io,8.5.1,-,-,?,-,false,-
com.cedarsoft.commons,javafx,8.5.1,-,-,?,-,false,-
com.cedarsoft.commons,lang,8.1.1,-,-,?,-,false,-
com.cedarsoft.commons,lookup,8.1.1,-,-,?,-,false,-
com.cedarsoft.commons,presenter,8.1.1,-,-,?,-,false,-
com.cedarsoft.commons,repository,8.1.1,-,-,?,-,false,-
com.cedarsoft.commons.swing,actions,8.1.1,-,-,?,-,false,-
com.cedarsoft.commons.swing,common,8.5.1,-,-,?,-,false,-
com.cedarsoft.commons.swing,components,8.5.1,-,-,?,-,false,-
com.cedarsoft.commons.swing,jgoodies,8.5.1,-,-,?,-,false,-
com.cedarsoft.commons.swing,swing-presenter,8.1.1,-,-,?,-,false,-
com.cedarsoft.commons,xml-commons,8.5.1,-,-,?,-,false,-
com.cedarsoft,instrumentation-maven-plugin,8.5.1,-,-,?,-,false,-
com.cedarsoft,unit,8.5.1,-,-,?,-,false,-
com.cedarsoft.unit,utils,8.5.1,-,-,?,-,false,-
com.chain,chain-sdk-java,1.2.1,-,-,?,-,false,-
com.chain,chain-txbuilder-with-rules,1.2.0,-,-,?,-,false,-
com.chain,sequence-sdk,0.0.1,-,-,?,-,false,-
com.chain.sequence,sequence-sdk,1.0.3,-,-,?,-,false,-
com.chinanetcenter.wcs.sdk,wcs-java-sdk,2.0.4,-,-,?,-,false,-
com.chinanetcenter.wcs,wcs-test-hello,1.0,-,-,?,-,false,-
com.cjoop,boot-tools,1.5.14.RELEASE,-,-,?,-,false,-
com.cjoop,platform-core,0.0.1.RELEASE,-,-,?,-,false,-
com.cjoop,platform-security,0.0.1.RELEASE,-,-,?,-,false,-
com.cjoop,platform-system,0.0.1.RELEASE,-,-,?,-,false,-
com.clivern,fred,1.0.2,-,-,?,-,false,-
com.clivern,pluto,1.0.1,-,-,?,-,false,-
com.clivern,racter,1.0.4,-,-,?,-,false,-
com.clivern,wit-java,1.0.0,-,-,?,-,false,-
com.composum.sling.core,composum-sling-core-console,1.9.0,-,-,?,-,false,-
com.composum.sling.core,composum-sling-core-jslibs,1.9.0,-,-,?,-,false,-
com.composum.sling.core,composum-sling-package-manager,1.9.0,-,-,?,-,false,-
com.composum.sling.core,composum-sling-user-management,1.9.0,-,-,?,-,false,-
com.daedafusion,cache-core,1.1,-,-,?,-,false,-
com.daedafusion,cache-ehcache,1.1,-,-,?,-,false,-
com.daedafusion,cache-redis,1.1,-,-,?,-,false,-
com.daedafusion,configuration-core,1.1,-,-,?,-,false,-
com.daedafusion,configuration-etcd,1.1,-,-,?,-,false,-
com.daedafusion,jetcd,1.1,-,-,?,-,false,-
com.daedafusion,security-framework,1.1,-,-,?,-,false,-
com.daedafusion,service-bootstrap,1.1,-,-,?,-,false,-
com.daedafusion,service-framework-core,1.1,-,-,?,-,false,-
com.daedafusion,service-framework-test,1.1,-,-,?,-,false,-
com.daedafusion,service-framework-yaml,1.1,-,-,?,-,false,-
com.daedafusion,service-identity,1.1,-,-,?,-,false,-
com.oanda.v20,v20,3.0.24,-,-,?,-,false,-
com.riskiq,morphlines-core,6.6.3.0,-,-,?,-,false,-
com.riskiq,solr-map-reduce,6.6.3.0,-,-,?,-,false,-
com.skadistats,clarity,2.3,-,-,?,-,false,sun.misc.Cleaner                         Use java.lang.ref.PhantomReference @since 1.2 or java.lang.ref.Cleaner @since 9 + sun.misc.Unsafe                          See http://openjdk.java.net/jeps/260
com.skadistats,clarity-protobuf,4.12,-,-,?,-,false,-
com.soasta.mpulse,mpulse-android-gradle-plugin,2.4.6-trunk-dev,-,-,?,-,false,-
com.soasta.mpulse,mpulse-java,2.4.6-trunk-dev,-,-,?,-,false,-
com.soasta.touchtest,touchtestdriver,1.5.2,-,-,?,-,false,-
com.soasta.touchtest,touchtest-plugin,1.5.2,-,-,?,-,false,-
com.spinoco,fs2cassandra_2.11,0.2.1,-,-,?,-,false,-
com.spinoco,fs2-cassandra_2.11,0.4.0-M3,-,-,?,-,false,-
com.spinoco,fs2cassandra_2.12,0.4.0-M2,-,-,?,-,false,-
com.spinoco,fs2-cassandra_2.12,0.4.0-M3,-,-,?,-,false,-
com.spinoco,fs2-cassandra-test_2.11,0.4.0-M2,-,-,?,-,false,-
com.spinoco,fs2-cassandra-test_2.12,0.4.0-M2,-,-,?,-,false,-
com.spinoco,fs2-cassandra-test-support_2.11,0.4.0-M3,-,-,?,-,false,-
com.spinoco,fs2-cassandra-test-support_2.12,0.4.0-M3,-,-,?,-,false,-
com.spinoco,fs2-crypto_2.11,0.4.0-M2,-,-,?,-,false,-
com.spinoco,fs2-crypto_2.12,0.4.0-M2,-,-,?,-,false,-
com.spinoco,fs2-http_2.11,0.4.0-M2,-,-,?,-,false,-
com.spinoco,fs2-http_2.12,0.4.0-M2,-,-,?,-,false,-
com.spinoco,fs2-kafka_2.11,0.4.0-M2,-,-,?,-,false,-
com.spinoco,fs2-kafka_2.12,0.4.0-M2,-,-,?,-,false,-
com.spinoco,fs2-mail_2.11,0.4.0-M2,-,-,?,-,false,-
com.spinoco,fs2-mail_2.12,0.4.0-M2,-,-,?,-,false,-
com.spinoco,fs2-zk_2.11,0.4.0-M2,-,-,?,-,false,-
com.spinoco,fs2-zk_2.12,0.4.0-M2,-,-,?,-,false,-
com.spinoco,protocol-asn1_2.11,0.3.15,-,-,?,-,false,-
com.spinoco,protocol-asn1_2.12,0.3.15,-,-,?,-,false,-
com.spinoco,protocol-common_2.11,0.3.15,-,-,?,-,false,-
com.spinoco,protocol-common_2.12,0.3.15,-,-,?,-,false,-
com.spinoco,protocol-http_2.11,0.3.15,-,-,?,-,false,-
com.spinoco,protocol-http_2.12,0.3.15,-,-,?,-,false,-
com.spinoco,protocol-kafka_2.11,0.3.15,-,-,?,-,false,-
com.spinoco,protocol-kafka_2.12,0.3.15,-,-,?,-,false,-
com.spinoco,protocol-ldap_2.11,0.3.15,-,-,?,-,false,-
com.spinoco,protocol-ldap_2.12,0.3.15,-,-,?,-,false,-
com.spinoco,protocol-mail_2.11,0.3.15,-,-,?,-,false,-
com.spinoco,protocol-mail_2.12,0.3.15,-,-,?,-,false,-
com.spinoco,protocol-mgcp_2.11,0.3.15,-,-,?,-,false,-
com.spinoco,protocol-mgcp_2.12,0.3.15,-,-,?,-,false,-
com.spinoco,protocol-mime_2.11,0.3.15,-,-,?,-,false,-
com.spinoco,protocol-mime_2.12,0.3.15,-,-,?,-,false,-
com.spinoco,protocol-rtp_2.11,0.3.15,-,-,?,-,false,-
com.spinoco,protocol-rtp_2.12,0.3.15,-,-,?,-,false,-
com.spinoco,protocol-sdp_2.11,0.3.15,-,-,?,-,false,-
com.spinoco,protocol-sdp_2.12,0.3.15,-,-,?,-,false,-
com.spinoco,protocol-stun_2.11,0.3.15,-,-,?,-,false,-
com.spinoco,protocol-stun_2.12,0.3.15,-,-,?,-,false,-
com.spinoco,protocol-websocket_2.11,0.3.15,-,-,?,-,false,-
com.spinoco,protocol-websocket_2.12,0.3.15,-,-,?,-,false,-
com.sunrun,cfn-response,1.1.0,-,-,?,-,false,-
com.supwisdom,spreadsheet-mapper-core,1.0.7,-,-,?,-,false,-
com.supwisdom,spreadsheet-mapper-java8,1.0.7,-,-,?,-,false,-
com.supwisdom,spreadsheet-mapper-joda,1.0.7,-,-,?,-,false,-
com.technodabble.examples,skramplitude,0.2.0,-,-,?,-,false,-
com.testvagrant.devicemanagement,devicemanagement,1.0.4,-,-,?,-,false,-
com.testvagrant.intents,intents,1.0.6,-,-,?,-,false,-
com.testvagrant.mdb,mdb,2.2.1,-,-,?,-,false,-
com.testvagrant,optimus,3.0.1,-,-,?,-,false,-
com.testvagrant.optimus-commons,optimus-commons,2.2.1,-,-,?,-,false,-
com.testvagrant.optimusMonitor,optimusMonitor,2.2.2,-,-,?,-,false,-
com.testvagrant.stepdefs,stepdefs,1.0.8,-,-,?,-,false,-
com.xceptance,neodymium-library,2.1.0,-,-,?,-,false,-
com.yonyou.agent.android,class-rewriter,1.0.0,-,-,?,-,false,sun.misc.Unsafe                          See http://openjdk.java.net/jeps/260
