groupId,artifactId,version,moduleName,moduleVersion,moduleMode,moduleDependencies,jdepsToolError,jdepsViolations
com.google.apis,google-api-services-vision,v1-rev392-1.25.0,-,-,?,-,false,-
com.google.apis,google-api-services-webfonts,v1-rev59-1.25.0,-,-,?,-,false,-
com.google.apis,google-api-services-webmasters,v3-rev33-1.25.0,-,-,?,-,false,-
com.google.apis,google-api-services-websecurityscanner,v1alpha-rev79-1.25.0,-,-,?,-,false,-
com.google.apis,google-api-services-youtubeAnalytics,v2-rev53-1.25.0,-,-,?,-,false,-
com.google.apis,google-api-services-youtubereporting,v1-rev539-1.25.0,-,-,?,-,false,-
com.google.apis,google-api-services-youtube,v3-rev205-1.25.0,-,-,?,-,false,-
com.groupbyinc,api-java-flux,2.5.136,-,-,?,-,false,-
com.pugwoo,nimbleorm-spring-boot-starter,0.0.2,-,-,?,-,false,-
com.spotify,apollo-api,1.7.0,-,-,?,-,false,-
com.spotify,apollo-entity,1.7.0,-,-,?,-,false,-
com.spotify,apollo-environment,1.7.0,-,-,?,-,false,-
com.spotify,apollo-http-service,1.7.0,-,-,?,-,false,-
com.spotify,apollo-okhttp-client,1.7.0,-,-,?,-,false,-
com.spotify,apollo-service-example,0.5.0,-,-,?,-,false,-
com.spotify,apollo-slack,1.7.0,-,-,?,-,false,-
com.spotify,async-datastore-client,3.0.2,-,-,?,-,false,-
com.spotify,async-google-pubsub-client,1.31,-,-,?,-,false,-
com.spotify.data.spydra,api,0.3.21,-,-,?,-,false,-
com.spotify.data.spydra,common,0.3.21,-,-,?,-,false,-
com.spotify.data.spydra,metrics,0.3.21,-,-,?,-,false,-
com.spotify.data.spydra,spydra,0.3.21,-,-,?,-,false,-
com.spotify,dbeam-core_2.12,0.6.1,-,-,?,-,false,-
com.spotify,dockerfile-maven-extension,1.4.4,-,-,?,-,false,-
com.spotify,featran_2.11,0.2.1,-,-,?,-,false,-
com.spotify,featran-java_2.11,0.2.1,-,-,?,-,false,-
com.spotify,featran-java_2.12,0.1.18,-,-,?,-,false,-
com.spotify,featran-numpy_2.12,0.2.1,-,-,?,-,false,-
com.spotify,featran-scio_2.12,0.2.1,-,-,?,-,false,-
com.spotify,featran-tensorflow_2.11,0.2.1,-,-,?,-,false,-
com.spotify,flo-api-generator,0.3.2,-,-,?,-,false,-
com.spotify,flo-bigquery,0.3.2,-,-,?,-,false,-
com.spotify,flo-cli,0.1.10,-,-,?,-,false,-
com.spotify,flo-freezer,0.3.2,-,-,?,-,false,-
com.spotify,flo-grpc,0.1.1,-,-,?,-,false,-
com.spotify,flo-scio_2.12,0.3.2,-,-,?,-,false,-
com.spotify,flo-styx,0.3.2,-,-,?,-,false,-
com.spotify,flo-test,0.1.10,-,-,?,-,false,-
com.spotify,flo-workflow,0.3.2,-,-,?,-,false,-
com.spotify,grpc-kotlin-gen,0.0.1,-,-,?,-,false,-
com.spotify,hamcrest-optional,1.1.1,-,-,?,-,false,-
com.spotify,hamcrest-pojo,1.1.1,-,-,?,-,false,-
com.spotify,hamcrest-util,1.1.1,-,-,?,-,false,-
com.spotify,helios-service-registration,0.9.212,-,-,?,-,false,-
com.spotify,helios-system-tests,0.9.212,-,-,?,-,false,-
com.spotify,helios-tools,0.9.212,-,-,?,-,false,-
com.spotify,hype-caplet,0.0.18,-,-,?,-,false,sun.misc.Cleaner                         Use java.lang.ref.PhantomReference @since 1.2 or java.lang.ref.Cleaner @since 9 + sun.misc.CompoundEnumeration             Removed. See http://openjdk.java.net/jeps/260 + sun.misc.Unsafe                          See http://openjdk.java.net/jeps/260 + sun.misc.VMSupport                       Removed. See http://openjdk.java.net/jeps/260 + sun.reflect.Reflection                   Use java.lang.StackWalker @since 9 + sun.security.x509.X500Name               Use javax.security.auth.x500.X500Principal @since 1.4
com.spotify,hype-common,0.0.18,-,-,?,-,false,-
com.spotify,hype-submitter,0.0.18,-,-,?,-,false,sun.misc.Cleaner                         Use java.lang.ref.PhantomReference @since 1.2 or java.lang.ref.Cleaner @since 9 + sun.misc.Launcher                        Removed. See http://openjdk.java.net/jeps/260 + sun.misc.Signal                          See http://openjdk.java.net/jeps/260 + sun.misc.SignalHandler                   See http://openjdk.java.net/jeps/260 + sun.misc.URLClassPath                    Removed. See http://openjdk.java.net/jeps/260 + sun.misc.Unsafe                          See http://openjdk.java.net/jeps/260 + sun.security.x509.X500Name               Use javax.security.auth.x500.X500Principal @since 1.4
com.spotify,hype-testing,0.0.18,-,-,?,-,false,-
com.spotify.ml,noether-core_2.11,0.0.1,-,-,?,-,false,-
com.spotify.ml,noether-core_2.12,0.0.1,-,-,?,-,false,-
com.spotify,noether-core_2.11,0.3.0,-,-,?,-,false,-
com.spotify,noether-examples_2.11,0.2.1,-,-,?,-,false,-
com.spotify,ratatool_2.10,0.1.9,-,-,?,-,false,-
com.spotify,ratatool-cli_2.11,0.3.2,-,-,?,-,false,-
com.spotify,ratatool-common_2.12,0.3.5,-,-,?,-,false,-
com.spotify,ratatool-diffy_2.11,0.3.5,-,-,?,-,false,-
com.spotify,ratatool-scalacheck_2.11,0.3.5,-,-,?,-,false,-
com.spotify,ratatool-shapeless_2.11,0.3.5,-,-,?,-,false,-
com.spotify,report,1.0.44,-,-,?,-,false,-
com.spotify,scio-bigtable_2.11,0.5.7,-,-,?,-,false,-
com.spotify,scio-cassandra2_2.11,0.5.7,-,-,?,-,false,-
com.spotify,scio-contrib_2.12,0.0.1,-,-,?,-,false,-
com.spotify,scio-contrib-bigquery_2.11,0.0.1,-,-,?,-,false,-
com.spotify,scio-contrib-biquery_2.12,0.0.1,-,-,?,-,false,-
com.spotify,scio-core_2.12,0.5.7,-,-,?,-,false,sun.reflect.ReflectionFactory            See http://openjdk.java.net/jeps/260
com.spotify,scio-elasticsearch2_2.12,0.5.7,-,-,?,-,false,-
com.spotify,scio-elasticsearch5_2.11,0.5.7,-,-,?,-,false,-
com.spotify,scio-extra_2.12,0.5.7,-,-,?,-,false,-
com.spotify,scio-hdfs_2.11,0.5.7,-,-,?,-,false,-
com.spotify,scio-hdfs_2.12,0.5.7,-,-,?,-,false,-
com.spotify,scio-parquet_2.11,0.5.7,-,-,?,-,false,-
com.spotify,scio-repl_2.10,0.2.13,-,-,?,-,false,-
com.spotify,scio-test_2.11,0.5.7,-,-,?,-,false,-
com.spotify,spark-bigquery_2.10,0.2.2,-,-,?,-,false,-
com.spotify,ssh-agent-tls,0.0.3,-,-,?,-,false,-
com.spotify,styx-common,2.0.32,-,-,?,-,false,-
com.spotify,styx-local-files-source,1.0.70,-,-,?,-,false,-
com.spotify,styx-report,2.0.32,-,-,?,-,false,-
com.spotify,styx-scheduler-service,2.0.32,-,-,?,-,false,-
com.spotify,styx-standalone-service,2.0.32,-,-,?,-,false,-
com.spotify,zoltar-core,0.5.0,-,-,?,-,false,-
com.spotify,zoltar-featran,0.5.0,-,-,?,-,false,-
com.spotify,zoltar-tensorflow,0.5.0,-,-,?,-,false,-
com.spotify,zoltar-tests,0.5.0,-,-,?,-,false,-
net.oschina.j2cache,j2cache-core,2.5.1-release,-,-,?,-,false,-
net.oschina.j2cache,j2cache-hibernate3,2.5.1-release,-,-,?,-,false,-
net.oschina.j2cache,j2cache-hibernate4,2.5.1-release,-,-,?,-,false,-
net.oschina.j2cache,j2cache-mybatis,2.5.1-release,-,-,?,-,false,-
net.oschina.j2cache,j2cache-spring-boot2-starter,2.5.1-release,-,-,?,-,false,-
net.oschina.j2cache,j2cache-spring-boot-starter,2.5.1-release,-,-,?,-,false,-
net.oschina.j2cache,j2cache-springcache,2.5.1-release,-,-,?,-,false,-
org.jmotor,scala-utils_2.12,1.0.3,-,-,?,-,false,-
