groupId,artifactId,version,moduleName,moduleVersion,moduleMode,moduleDependencies,jdepsToolError,jdepsViolations
org.wso2.carbon.analytics,carbon-analytics-osgi-tests,2.0.401,-,-,?,-,false,-
org.wso2.carbon.analytics,org.wso2.carbon.analytics.auth.rest.api,2.0.401,-,-,?,-,false,-
org.wso2.carbon.analytics,org.wso2.carbon.analytics.msf4j.interceptor.common,2.0.401,-,-,?,-,false,-
org.wso2.carbon.analytics,org.wso2.carbon.business.rules.core,2.0.401,-,-,?,-,false,-
org.wso2.carbon.analytics,org.wso2.carbon.business.rules.templates.editor.core,2.0.401,-,-,?,-,false,-
org.wso2.carbon.analytics,org.wso2.carbon.business.rules.web,2.0.401,-,-,?,-,false,-
org.wso2.carbon.analytics,org.wso2.carbon.data.provider,2.0.401,-,-,?,-,false,-
org.wso2.carbon.analytics,org.wso2.carbon.editor.log.appender,2.0.401,-,-,?,-,false,-
org.wso2.carbon.analytics,org.wso2.carbon.event.simulator.core,2.0.401,-,-,?,-,false,-
org.wso2.carbon.analytics,org.wso2.carbon.permissions.rest.api,2.0.401,-,-,?,-,false,-
org.wso2.carbon.analytics,org.wso2.carbon.siddhi.editor.core,2.0.401,-,-,?,-,false,-
org.wso2.carbon.analytics,org.wso2.carbon.siddhi.metrics.core,2.0.401,-,-,?,-,false,-
org.wso2.carbon.analytics,org.wso2.carbon.siddhi.store.api.rest,2.0.401,-,-,?,-,false,-
org.wso2.carbon.analytics,org.wso2.carbon.sp.distributed.resource.core,2.0.401,-,-,?,-,false,-
org.wso2.carbon.analytics,org.wso2.carbon.sp.jobmanager.core,2.0.401,-,-,?,-,false,sun.misc.Unsafe                          See http://openjdk.java.net/jeps/260
org.wso2.carbon.analytics,org.wso2.carbon.status.dashboard.core,2.0.401,-,-,?,-,false,-
org.wso2.carbon.analytics,org.wso2.carbon.status.dashboard.web,2.0.401,-,-,?,-,false,-
org.wso2.carbon.analytics,org.wso2.carbon.stream.processor.common,2.0.401,-,-,?,-,false,-
org.wso2.carbon.analytics,org.wso2.carbon.stream.processor.core,2.0.401,-,-,?,-,false,-
org.wso2.carbon.analytics,org.wso2.carbon.stream.processor.statistics,2.0.401,-,-,?,-,false,-
org.wso2.carbon.analytics,org.wso2.sp.open.tracer.client,2.0.401,-,-,?,-,false,-
org.wso2.carbon.analytics,siddhi-execution-country,2.0.401,-,-,?,-,false,-
org.wso2.carbon.analytics,siddhi-execution-filterwords,2.0.401,-,-,?,-,false,-
org.wso2.carbon.analytics,siddhi-execution-tokenizer,2.0.401,-,-,?,-,false,-
org.wso2.carbon.analytics,siddhi-execution-word,2.0.401,-,-,?,-,false,-
