groupId,artifactId,version,moduleName,moduleVersion,moduleMode,moduleDependencies,jdepsToolError,jdepsViolations
com.aliyun,aliyun-java-sdk-petadata,1.1.0,-,-,?,-,false,-
com.google.apis,google-api-services-adsensehost,v4.1-rev512-1.23.0,-,-,?,-,false,-
com.google.apis,google-api-services-adsense,v1.4-rev440-1.24.1,-,-,?,-,false,-
com.google.apis,google-api-services-androidenterprise,v1-rev144-1.18.0-rc,-,-,?,-,false,-
com.google.apis,google-api-services-appsactivity,v1-rev174-1.23.0,-,-,?,-,false,-
com.google.apis,google-api-services-appstate,v1-rev277-1.23.0,-,-,?,-,false,-
com.google.apis,google-api-services-dns,v2beta1-rev75-1.24.1,-,-,?,-,false,-
com.mebigfatguy.central4j,central4j,0.6.3,-,-,?,-,false,-
com.nfl.glitr,glitr,1.5.11-2018-08-21T03-29-30,-,-,?,-,false,-
com.spotify,styx-api-service,2.0.31,-,-,?,-,false,-
com.spotify,styx-cli,2.0.31,-,-,?,-,false,sun.misc.Cleaner                         Use java.lang.ref.PhantomReference @since 1.2 or java.lang.ref.Cleaner @since 9 + sun.misc.Signal                          See http://openjdk.java.net/jeps/260 + sun.misc.SignalHandler                   See http://openjdk.java.net/jeps/260 + sun.misc.Unsafe                          See http://openjdk.java.net/jeps/260 + sun.security.x509.X500Name               Use javax.security.auth.x500.X500Principal @since 1.4
com.spotify,styx-client,2.0.31,-,-,?,-,false,-
com.spotify,styx-common,2.0.31,-,-,?,-,false,-
com.spotify,styx-report,2.0.31,-,-,?,-,false,-
com.spotify,styx-scheduler-service,2.0.31,-,-,?,-,false,-
com.spotify,styx-standalone-service,2.0.31,-,-,?,-,false,-
com.spotify,styx-test,2.0.31,-,-,?,-,false,-
com.threewks.spring,spring-boot-gae,2.1.1,-,-,?,-,false,-
io.github.xilingit,spring-boot-rocketmq-starter,1.0.0.RELEASE,-,-,?,-,false,-
org.imixs.workflow,imixs-workflow-core,4.3.6,-,-,?,-,false,-
org.imixs.workflow,imixs-workflow-engine,4.3.6,-,-,?,-,false,-
org.imixs.workflow,imixs-workflow-faces,4.3.6,-,-,?,-,false,-
org.imixs.workflow,imixs-workflow-jax-rs,4.3.6,-,-,?,-,false,-
org.jboss.forge.furnace.container,cdi,2.28.2.Final,-,-,?,-,false,-
org.jboss.forge.furnace.container,cdi-api,2.28.2.Final,-,-,?,-,false,-
org.jboss.forge.furnace.container,cdi-impl,2.28.2.Final,-,-,?,-,false,-
org.jboss.forge.furnace.container,cdi-tests,2.28.2.Final,-,-,?,-,false,-
org.jboss.forge.furnace.container,simple,2.28.2.Final,-,-,?,-,false,-
org.jboss.forge.furnace.container,simple-api,2.28.2.Final,-,-,?,-,false,-
org.jboss.forge.furnace.container,simple-impl,2.28.2.Final,-,-,?,-,false,-
org.jboss.forge.furnace.container,simple-tests,2.28.2.Final,-,-,?,-,false,-
org.jboss.forge.furnace,furnace,2.28.2.Final,-,-,?,-,false,-
org.jboss.forge.furnace,furnace-api,2.28.2.Final,-,-,?,-,false,-
org.jboss.forge.furnace,furnace-manager,2.28.2.Final,-,-,?,-,false,-
org.jboss.forge.furnace,furnace-manager-api,2.28.2.Final,-,-,?,-,false,-
org.jboss.forge.furnace,furnace-manager-resolver-maven,2.28.2.Final,-,-,?,-,false,-
org.jboss.forge.furnace,furnace-manager-spi,2.28.2.Final,-,-,?,-,false,-
org.jboss.forge.furnace,furnace-manager-tests,2.28.2.Final,-,-,?,-,false,-
org.jboss.forge.furnace,furnace-maven-plugin,2.28.2.Final,-,-,?,-,false,-
org.jboss.forge.furnace,furnace-proxy,2.28.2.Final,-,-,?,-,false,-
org.jboss.forge.furnace,furnace-proxy-tests,2.28.2.Final,-,-,?,-,false,-
org.jboss.forge.furnace,furnace-se,2.28.2.Final,-,-,?,-,false,-
org.jboss.forge.furnace,furnace-se-tests,2.28.2.Final,-,-,?,-,false,-
org.jboss.forge.furnace,furnace-tests,2.28.2.Final,-,-,?,-,false,-
org.jboss.forge.furnace.test,arquillian-furnace-classpath,2.28.2.Final,-,-,?,-,false,-
org.jboss.forge.furnace.test,arquillian-furnace-core,2.28.2.Final,-,-,?,-,false,-
org.jboss.forge.furnace.test,furnace-test-harness,2.28.2.Final,-,-,?,-,false,-
org.testifyproject,api,1.0.5,-,-,?,-,false,-
org.testifyproject.client,jersey-client,1.0.5,-,-,?,-,false,-
org.testifyproject,core,1.0.5,-,-,?,-,false,sun.misc.Unsafe                          See http://openjdk.java.net/jeps/260
org.testifyproject.di,di-guice,1.0.5,-,-,?,-,false,-
org.testifyproject.di,di-hk2,1.0.5,-,-,?,-,false,-
org.testifyproject.di,di-jersey,1.0.5,-,-,?,-,false,-
org.testifyproject.di,di-spring,1.0.5,-,-,?,-,false,-
org.testifyproject.external,external-asm,1.0.5,-,-,?,-,false,-
org.testifyproject.external,external-bytebuddy,1.0.5,-,-,?,-,false,-
org.testifyproject.external,external-docker-client,1.0.5,-,-,?,-,false,sun.misc.Contended                       Removed. See http://openjdk.java.net/jeps/260 + sun.misc.Unsafe                          See http://openjdk.java.net/jeps/260
org.testifyproject.external,external-failsafe,1.0.5,-,-,?,-,false,-
org.testifyproject.external,external-guava,1.0.5,-,-,?,-,false,sun.misc.Unsafe                          See http://openjdk.java.net/jeps/260
org.testifyproject.external,external-jexl3,1.0.5,-,-,?,-,false,-
org.testifyproject.external,external-objenesis,1.0.5,-,-,?,-,false,sun.misc.Unsafe                          See http://openjdk.java.net/jeps/260
org.testifyproject.external,external-snakeyaml,1.0.5,-,-,?,-,false,-
org.testifyproject.junit4,grpc-system-test,1.0.5,-,-,?,-,false,-
org.testifyproject.junit4,guice-integration-test,1.0.5,-,-,?,-,false,-
org.testifyproject.junit4,hk2-integration-test,1.0.5,-,-,?,-,false,-
org.testifyproject.junit4,integration-test,1.0.5,-,-,?,-,false,-
org.testifyproject.junit4,jersey2-system-test,1.0.5,-,-,?,-,false,-
org.testifyproject.junit4,junit4-core,1.0.5,-,-,?,-,false,-
org.testifyproject.junit4,spring-boot-system-test,1.0.5,-,-,?,-,false,-
org.testifyproject.junit4,spring-integration-test,1.0.5,-,-,?,-,false,-
org.testifyproject.junit4,spring-system-test,1.0.5,-,-,?,-,false,-
org.testifyproject.junit4,system-test,1.0.5,-,-,?,-,false,-
org.testifyproject.junit4,unit-test,1.0.5,-,-,?,-,false,-
org.testifyproject.junit5,junit5-core,1.0.5,-,-,?,-,false,-
org.testifyproject.level,integration,1.0.5,-,-,?,-,false,-
org.testifyproject.level,system,1.0.5,-,-,?,-,false,-
org.testifyproject.level,unit,1.0.5,-,-,?,-,false,-
org.testifyproject.mock,easymock,1.0.5,-,-,?,-,false,-
org.testifyproject.mock,mockito,1.0.5,-,-,?,-,false,-
org.testifyproject.server,grizzly2,1.0.5,-,-,?,-,false,-
org.testifyproject.server,server-core,1.0.5,-,-,?,-,false,-
org.testifyproject.server,undertow,1.0.5,-,-,?,-,false,-
org.testifyproject.tools,coding-conventions,1.0.5,-,-,?,-,false,-
org.testifyproject.tools,test-logger,1.0.5,-,-,?,-,false,-
