groupId,artifactId,version,moduleName,moduleVersion,moduleMode,moduleDependencies,jdepsToolError,jdepsViolations
com.afrunt,bean-metadata,0.4,-,-,?,-,false,-
com.afrunt.imdb,client,1.0.1,-,-,?,-,false,-
com.afrunt.imdb,model,1.0.1,-,-,?,-,false,-
com.afrunt,jach,0.2.5.1,-,-,?,-,false,-
com.afrunt,jdbc-metadata,0.1.6,-,-,?,-,false,-
com.afrunt.jpa,power-dao,0.4.4,-,-,?,-,false,-
com.amadeus,amadeus-java,1.1.0,-,-,?,-,false,-
com.amadeus,session-agent,0.4.13,-,-,?,-,false,-
com.amadeus.session,agent-tests,0.4.13,-,-,?,-,false,-
com.amadeus.session,arquillian-tests,0.4.13,-,-,?,-,false,-
com.amadeus,session-replacement,0.4.13,-,-,?,-,false,-
com.cinnober.gradle,semver-git,2.4.0,-,-,?,-,false,-
com.cosium.elasticsearch.testcontainers,testcontainers-elasticsearch,0.100,-,-,?,-,false,-
com.cosium.jai-imageio,jai-imageio-core,1.3.0.1,-,-,?,-,false,sun.security.action.GetPropertyAction    Use java.security.PrivilegedAction @since 1.1
com.cosium.openapi,openapi-annotation-processor,1.13,-,-,?,-,false,-
com.cosium.spring.data,spring-data-jpa-entity-graph,2.0.5,-,-,?,-,false,-
com.deepblueai.quixmart,quixmart-java-sdk,0.1.6-RELEASE,-,-,?,-,false,-
com.expedia.apiary,apiary-metastore-listener,0.0.1,-,-,?,-,false,-
com.expedia.www,haystack-agent,0.1.2,-,-,?,-,false,sun.misc.Signal                          See http://openjdk.java.net/jeps/260 + sun.misc.SignalHandler                   See http://openjdk.java.net/jeps/260 + sun.misc.Unsafe                          See http://openjdk.java.net/jeps/260 + sun.reflect.Reflection                   Use java.lang.StackWalker @since 9 + sun.security.x509.X500Name               Use javax.security.auth.x500.X500Principal @since 1.4
com.expedia.www,haystack-agent-api,0.1.2,-,-,?,-,false,-
com.expedia.www,haystack-agent-file-config-provider,0.1.2,-,-,?,-,false,-
com.expedia.www,haystack-agent-kafka-dispatcher,0.1.2,-,-,?,-,false,-
com.expedia.www,haystack-agent-kinesis-dispatcher,0.1.2,-,-,?,-,false,-
com.expedia.www,haystack-client-core,0.1.6,-,-,?,-,false,-
com.expedia.www,haystack-client-dropwizard,0.1.6,-,-,?,-,false,-
com.expedia.www,haystack-client-dropwizard-metrics,0.1.6,-,-,?,-,false,-
com.expedia.www,haystack-client-java-example-dropwizard,0.1.6,-,-,?,-,false,sun.misc.Unsafe                          See http://openjdk.java.net/jeps/260 + sun.reflect.Reflection                   Use java.lang.StackWalker @since 9 + sun.security.x509.X500Name               Use javax.security.auth.x500.X500Principal @since 1.4
com.expedia.www,haystack-client-micrometer,0.1.6,-,-,?,-,false,-
com.expedia.www,haystack-commons,1.0.50,-,-,?,-,false,-
com.expedia.www,haystack-idl,0.1.1,-,-,?,-,false,-
com.expedia.www,haystack-log4j-metrics-appender,1.0.3,-,-,?,-,false,-
com.expedia.www,haystack-logback-metrics-appender,1.0.5,-,-,?,-,false,-
com.expedia.www,haystack-metrics,2.0.1,-,-,?,-,false,-
com.expedia.www,haystack-service-graph-graph-builder,1.0.3,-,-,?,-,false,sun.misc.Signal                          See http://openjdk.java.net/jeps/260 + sun.misc.SignalHandler                   See http://openjdk.java.net/jeps/260 + sun.misc.Unsafe                          See http://openjdk.java.net/jeps/260 + sun.reflect.Reflection                   Use java.lang.StackWalker @since 9
com.expedia.www,haystack-service-graph-node-finder,1.0.3,-,-,?,-,false,sun.misc.Signal                          See http://openjdk.java.net/jeps/260 + sun.misc.SignalHandler                   See http://openjdk.java.net/jeps/260 + sun.misc.Unsafe                          See http://openjdk.java.net/jeps/260 + sun.reflect.Reflection                   Use java.lang.StackWalker @since 9
com.expedia.www,haystack-span-agent-provider,0.1.2,-,-,?,-,false,-
com.expedia.www,haystack-span-timeseries-transformer,1.0.0,-,-,?,-,false,sun.misc.Unsafe                          See http://openjdk.java.net/jeps/260 + sun.reflect.Reflection                   Use java.lang.StackWalker @since 9
com.expedia.www,haystack-timeseries-aggregator,1.0.0,-,-,?,-,false,sun.misc.Unsafe                          See http://openjdk.java.net/jeps/260 + sun.reflect.Reflection                   Use java.lang.StackWalker @since 9
com.expedia.www,haystack-trace-commons,1.0.3,-,-,?,-,false,-
com.expedia.www,haystack-trace-indexer,1.0.3,-,-,?,-,false,sun.misc.Cleaner                         Use java.lang.ref.PhantomReference @since 1.2 or java.lang.ref.Cleaner @since 9 + sun.misc.Signal                          See http://openjdk.java.net/jeps/260 + sun.misc.SignalHandler                   See http://openjdk.java.net/jeps/260 + sun.misc.Unsafe                          See http://openjdk.java.net/jeps/260 + sun.reflect.Reflection                   Use java.lang.StackWalker @since 9 + sun.security.x509.X500Name               Use javax.security.auth.x500.X500Principal @since 1.4
com.expedia.www,haystack-trace-reader,1.0.3,-,-,?,-,false,sun.misc.Signal                          See http://openjdk.java.net/jeps/260 + sun.misc.SignalHandler                   See http://openjdk.java.net/jeps/260 + sun.misc.Unsafe                          See http://openjdk.java.net/jeps/260 + sun.reflect.Reflection                   Use java.lang.StackWalker @since 9 + sun.security.x509.X500Name               Use javax.security.auth.x500.X500Principal @since 1.4
com.yahoo.vespa,annotations,6.278.1,-,-,?,-,false,-
com.yahoo.vespa,application,6.278.1,-,-,?,-,false,-
com.yahoo.vespa,application-deploy-plugin,6.278.1,-,-,?,-,false,-
com.yahoo.vespa,application-model,6.278.1,-,-,?,-,false,-
com.yahoo.vespa,athenz-identity-provider-service,6.278.1,-,-,?,-,false,-
com.yahoo.vespa,bundle-plugin,6.278.1,-,-,?,-,false,-
com.yahoo.vespa,bundle-plugin-test,6.278.1,-,-,?,-,false,-
com.yahoo.vespa,chain,6.278.1,-,-,?,-,false,-
com.yahoo.vespa,clustercontroller-apps,6.278.1,-,-,?,-,false,-
com.yahoo.vespa,clustercontroller-apputil,6.278.1,-,-,?,-,false,-
com.yahoo.vespa,clustercontroller-core,6.278.1,-,-,?,-,false,-
com.yahoo.vespa,clustercontroller-standalone,6.278.1,-,-,?,-,false,-
com.yahoo.vespa,clustercontroller-utils,6.278.1,-,-,?,-,false,-
com.yahoo.vespa,component,6.278.1,-,-,?,-,false,-
com.yahoo.vespa,config,6.278.1,-,-,?,-,false,-
com.yahoo.vespa,config-bundle,6.278.1,-,-,?,-,false,-
com.yahoo.vespa,config-class-plugin,6.278.1,-,-,?,-,false,-
com.yahoo.vespa,configdefinitions,6.278.1,-,-,?,-,false,-
com.yahoo.vespa,config-lib,6.278.1,-,-,?,-,false,-
com.yahoo.vespa,config-model,6.278.1,-,-,?,-,false,-
com.yahoo.vespa,config-model-api,6.278.1,-,-,?,-,false,-
com.yahoo.vespa,config-model-fat,6.278.1,-,-,?,-,false,-
com.yahoo.vespa,config-provisioning,6.278.1,-,-,?,-,false,-
com.yahoo.vespa,config-proxy,6.278.1,-,-,?,-,false,-
com.yahoo.vespa,configserver,6.278.1,-,-,?,-,false,-
com.yahoo.vespa,container,6.278.1,-,-,?,-,false,-
com.yahoo.vespa,container-accesslogging,6.278.1,-,-,?,-,false,-
com.yahoo.vespa,container-core,6.278.1,-,-,?,-,false,-
com.yahoo.vespa,container-dev,6.278.1,-,-,?,-,false,-
com.yahoo.vespa,container-di,6.278.1,-,-,?,-,false,-
com.yahoo.vespa,container-disc,6.278.1,-,-,?,-,false,-
com.yahoo.vespa,container-integration-test,6.278.1,-,-,?,-,false,-
com.yahoo.vespa,container-jersey2,6.278.1,-,-,?,-,false,-
com.yahoo.vespa,container-messagebus,6.278.1,-,-,?,-,false,-
com.yahoo.vespa,container-search,6.278.1,-,-,?,-,false,-
com.yahoo.vespa,container-search-and-docproc,6.278.1,-,-,?,-,false,-
com.yahoo.vespa,controller-api,6.278.1,-,-,?,-,false,-
com.yahoo.vespa,docker-api,6.278.1,-,-,?,-,false,-
com.yahoo.vespa,docproc,6.278.1,-,-,?,-,false,-
com.yahoo.vespa,docprocs,6.278.1,-,-,?,-,false,-
com.yahoo.vespa,document,6.278.1,-,-,?,-,false,-
com.yahoo.vespa,documentapi,6.278.1,-,-,?,-,false,-
com.yahoo.vespa,dummy-persistence,6.155.29,-,-,?,-,false,-
com.yahoo.vespa,fileacquirer,6.278.1,-,-,?,-,false,-
com.yahoo.vespa,filedistributionmanager,6.205.22,-,-,?,-,false,-
com.yahoo.vespa,filedistribution_test,6.205.22,-,-,?,-,false,-
com.yahoo.vespa,fsa,6.278.1,-,-,?,-,false,-
com.yahoo.vespa,indexinglanguage,6.278.1,-,-,?,-,false,-
com.yahoo.vespa,jaxrs_client_utils,6.278.1,-,-,?,-,false,-
com.yahoo.vespa,jdisc_core,6.278.1,-,-,?,-,false,-
com.yahoo.vespa,jdisc_http_service,6.278.1,-,-,?,-,false,-
com.yahoo.vespa,jdisc_jetty,6.278.1,-,-,?,-,false,-
com.yahoo.vespa,jdisc_messagebus_service,6.278.1,-,-,?,-,false,-
com.yahoo.vespa,linguistics,6.278.1,-,-,?,-,false,-
com.yahoo.vespa,logd,6.278.1,-,-,?,-,false,-
com.yahoo.vespa,logserver,6.278.1,-,-,?,-,false,-
com.yahoo.vespa,messagebus,6.278.1,-,-,?,-,false,-
com.yahoo.vespa,messagebus-disc,6.278.1,-,-,?,-,false,-
com.yahoo.vespa,metrics,6.278.1,-,-,?,-,false,-
com.yahoo.vespa,model-evaluation,6.278.1,-,-,?,-,false,-
com.yahoo.vespa,node-admin,6.278.1,-,-,?,-,false,-
com.yahoo.vespa,node-maintainer,6.278.1,-,-,?,-,false,-
com.yahoo.vespa,node-repository,6.278.1,-,-,?,-,false,-
com.yahoo.vespa,orchestrator-restapi,6.278.1,-,-,?,-,false,-
com.yahoo.vespa,persistence,6.155.29,-,-,?,-,false,-
com.yahoo.vespa,predicate-search,6.278.1,-,-,?,-,false,-
com.yahoo.vespa,predicate-search-core,6.278.1,-,-,?,-,false,-
com.yahoo.vespa,processing,6.278.1,-,-,?,-,false,-
com.yahoo.vespa,provided-dependencies,6.278.1,-,-,?,-,false,-
com.yahoo.vespa,searchcore,6.278.1,-,-,?,-,false,-
com.yahoo.vespa,searchlib,6.278.1,-,-,?,-,false,-
com.yahoo.vespa,searchsummary,6.278.1,-,-,?,-,false,-
com.yahoo.vespa,service-monitor,6.278.1,-,-,?,-,false,-
com.yahoo.vespa,serviceview,6.278.1,-,-,?,-,false,-
com.yahoo.vespa,simplemetrics,6.278.1,-,-,?,-,false,-
com.yahoo.vespa,standalone-container,6.278.1,-,-,?,-,false,-
com.yahoo.vespa,statistics,6.278.1,-,-,?,-,false,-
com.yahoo.vespa,storage,6.278.1,-,-,?,-,false,-
com.yahoo.vespa,testutil,6.278.1,-,-,?,-,false,-
com.yahoo.vespa,vdslib,6.278.1,-,-,?,-,false,-
com.yahoo.vespa,vespa-athenz,6.278.1,-,-,?,-,false,-
com.yahoo.vespa,vespaclient-container-plugin,6.278.1,-,-,?,-,false,-
com.yahoo.vespa,vespaclient-core,6.278.1,-,-,?,-,false,-
com.yahoo.vespa,vespaclient-java,6.278.1,-,-,?,-,false,-
com.yahoo.vespa,vespa-documentgen-plugin,6.278.1,-,-,?,-,false,-
com.yahoo.vespa,vespa_feed_perf,6.278.1,-,-,?,-,false,-
com.yahoo.vespa,vespa-hadoop,6.278.1,-,-,?,-,false,sun.misc.Unsafe                          See http://openjdk.java.net/jeps/260
com.yahoo.vespa,vespa-http-client,6.278.1,-,-,?,-,false,-
com.yahoo.vespa,vespalog,6.278.1,-,-,?,-,false,-
com.yahoo.vespa,vsm,6.278.1,-,-,?,-,false,-
com.yahoo.vespa,zkfacade,6.278.1,-,-,?,-,false,-
com.yoyodeer,suyuan,1.0.1,-,-,?,-,false,-
