groupId,artifactId,version,moduleName,moduleVersion,moduleMode,moduleDependencies,jdepsToolError,jdepsViolations
com.kolemannix,play-json-utilities_2.11,0.0.7,-,-,?,-,false,-
com.kolemannix,play-json-utilities_2.12,0.0.7,-,-,?,-,false,-
com.planbase.pdf,PdfLayoutManager,0.6.3-ALPHA,-,-,?,-,false,-
com.planbase.pdf,PdfLayoutMgr2,2.1.10,-,-,?,-,false,-
com.seejoke,tools-all,0.1,-,-,?,-,false,-
com.seejoke,tools-common,0.1,-,-,?,-,false,-
com.seejoke,tools-http,0.1,-,-,?,-,false,-
com.squareup.assertj,assertj-android,1.2.0,-,-,?,-,false,-
com.squareup.assertj,assertj-android-appcompat-v7,1.2.0,-,-,?,-,false,-
com.squareup.assertj,assertj-android-cardview-v7,1.2.0,-,-,?,-,false,-
com.squareup.assertj,assertj-android-design,1.2.0,-,-,?,-,false,-
com.squareup.assertj,assertj-android-gridlayout-v7,1.2.0,-,-,?,-,false,-
com.squareup.assertj,assertj-android-mediarouter-v7,1.2.0,-,-,?,-,false,-
com.squareup.assertj,assertj-android-palette-v7,1.2.0,-,-,?,-,false,-
com.squareup.assertj,assertj-android-play-services,1.2.0,-,-,?,-,false,-
com.squareup.assertj,assertj-android-recyclerview-v7,1.2.0,-,-,?,-,false,-
com.squareup.assertj,assertj-android-support-v4,1.2.0,-,-,?,-,false,-
com.squareup.auto.value,auto-value-redacted,1.0.1,-,-,?,-,false,-
com.squareup.burst,burst,1.2.0,-,-,?,-,false,-
com.squareup.burst,burst-junit4,1.2.0,-,-,?,-,false,-
com.squareup,connect,2.20180712.2,-,-,?,-,false,-
com.squareup.haha,haha,2.0.4,-,-,?,-,false,sun.misc.Cleaner                         Use java.lang.ref.PhantomReference @since 1.2 or java.lang.ref.Cleaner @since 9
com.squareup.inject,assisted-inject-annotations,0.2.0,-,-,?,-,false,-
com.squareup.inject,assisted-inject-annotations-dagger2,0.2.0,-,-,?,-,false,-
com.squareup.inject,assisted-inject-processor,0.2.0,-,-,?,-,false,-
com.squareup.inject,assisted-inject-processor-dagger2,0.2.0,-,-,?,-,false,-
com.squareup.inject,inflation-inject,0.2.0,-,-,?,-,false,-
com.squareup.inject,inflation-inject-processor,0.2.0,-,-,?,-,false,-
com.squareup,javapoet,1.11.1,com.squareup.javapoet,-,automatic,-,false,-
com.squareup.jnagmp,bouncycastle-rsa,2.1.0,-,-,?,-,false,-
com.squareup.jnagmp,jnagmp,2.1.0,-,-,?,-,false,-
com.squareup.keywhiz,keywhiz-api,0.8.0,-,-,?,-,false,-
com.squareup.keywhiz,keywhiz-client,0.8.0,-,-,?,-,false,-
com.squareup.keywhiz,keywhiz-hkdf,0.8.0,-,-,?,-,false,com.sun.crypto.provider.SunJCE           Use java.security.Security.getProvider(provider-name) @since 1.3
com.squareup.keywhiz,keywhiz-log,0.8.0,-,-,?,-,false,-
com.squareup.keywhiz,keywhiz-model,0.8.0,-,-,?,-,false,-
com.squareup.keywhiz,keywhiz-server,0.8.0,-,-,?,-,false,-
com.squareup.keywhiz,keywhiz-testing,0.8.0,-,-,?,-,false,-
com.squareup,kotlinpoet,1.0.0-RC1,com.squareup.kotlinpoet,-,automatic,-,false,-
com.squareup.leakcanary,leakcanary-watcher,1.6.1,-,-,?,-,false,-
com.squareup.misk,chat,0.3.0,java.xml.bind,-,explicit,java.activation + java.desktop + java.xml + java.logging + java.base,false,-
com.squareup.misk,exemplar,0.3.0,java.xml.bind,-,explicit,java.activation + java.desktop + java.xml + java.logging + java.base,false,-
com.squareup.misk,misk,0.3.0,-,-,?,-,false,-
com.squareup.misk,misk-testing,0.3.0,-,-,?,-,false,-
com.squareup.misk,urlshortener,0.3.0,java.xml.bind,-,explicit,java.activation + java.desktop + java.xml + java.logging + java.base,false,-
com.squareup.moshi,moshi,1.6.0,com.squareup.moshi,-,automatic,-,false,-
com.squareup.moshi,moshi-adapters,1.6.0,com.squareup.moshi.adapters,-,automatic,-,false,-
com.squareup.moshi,moshi-examples,1.6.0,-,-,?,-,false,-
com.squareup.moshi,moshi-kotlin,1.6.0,com.squareup.moshi.kotlin,-,automatic,-,false,-
com.squareup.moshi,moshi-kotlin-codegen,1.6.0,-,-,?,-,false,-
com.squareup.moshi,moshi-kotlin-codegen-compiler,1.6.0-RC1,-,-,?,-,false,-
com.squareup.moshi,moshi-kotlin-codegen-integration,1.6.0-RC1,-,-,?,-,false,-
com.squareup.moshi,moshi-kotlin-tests,1.6.0,-,-,?,-,false,-
com.squareup.okhttp3,benchmarks,3.11.0,-,-,?,-,false,-
com.squareup.okhttp3,logging-interceptor,3.11.0,okhttp3.logging,-,automatic,-,false,-
com.squareup.okhttp3,mockwebserver,3.11.0,okhttp3.mockwebserver,-,automatic,-,false,-
com.squareup.okhttp3,okcurl,3.11.0,okhttp3.curl,-,automatic,-,false,-
com.squareup.okhttp3,okhttp,3.11.0,okhttp3,-,automatic,-,false,-
com.squareup.okhttp3,okhttp-android-support,3.11.0,okhttp3.androidsupport,-,automatic,-,false,-
com.squareup.okhttp3,okhttp-apache,3.11.0,okhttp3.apache,-,automatic,-,false,-
com.squareup.okhttp3,okhttp-dnsoverhttps,3.11.0,okhttp3.dnsoverhttps,-,automatic,-,false,-
com.squareup.okhttp3,okhttp-sse,3.11.0,okhttp3.sse,-,automatic,-,false,-
com.squareup.okhttp3,okhttp-testing-support,3.11.0,okhttp3.testing,-,automatic,-,false,-
com.squareup.okhttp3,okhttp-tls,3.11.0,okhttp3.tls,-,automatic,-,false,-
com.squareup.okhttp3,okhttp-urlconnection,3.11.0,okhttp3.urlconnection,-,automatic,-,false,-
com.squareup.okhttp3.sample,crawler,3.11.0,-,-,?,-,false,-
com.squareup.okhttp3.sample,guide,3.11.0,-,-,?,-,false,-
com.squareup.okhttp3.sample,simple-client,3.11.0,-,-,?,-,false,-
com.squareup.okhttp3.sample,slack,3.11.0,-,-,?,-,false,-
com.squareup.okhttp3.sample,static-server,3.11.0,-,-,?,-,false,-
com.squareup.okhttp3.sample,unixdomainsockets,3.11.0,-,-,?,-,false,-
com.squareup.okio,benchmarks,1.15.0,-,-,?,-,false,-
com.squareup.okio,okio,2.0.0-RC1,okio,-,automatic,-,false,-
com.squareup.okio,samples,1.15.0,-,-,?,-,false,-
com.squareup.rack,rack-servlet,1.8,-,-,?,-,false,-
com.squareup.rack,rack-servlet-example-dropwizard,1.8,-,-,?,-,false,-
com.squareup.rack,rack-servlet-example-guice-servlet,1.8,-,-,?,-,false,-
com.squareup.rack,rack-servlet-example-jetty,1.8,-,-,?,-,false,-
com.squareup.rack,rack-servlet-integration,1.8,-,-,?,-,false,-
com.squareup.retrofit2,adapter-guava,2.4.0,retrofit2.adapter.guava,-,automatic,-,false,-
com.squareup.retrofit2,adapter-java8,2.4.0,retrofit2.adapter.java8,-,automatic,-,false,-
com.squareup.retrofit2,adapter-rxjava2,2.4.0,retrofit2.adapter.rxjava2,-,automatic,-,false,-
com.squareup.retrofit2,adapter-rxjava,2.4.0,retrofit2.adapter.rxjava,-,automatic,-,false,-
com.squareup.retrofit2,adapter-scala,2.4.0,retrofit2.adapter.scala,-,automatic,-,false,-
com.squareup.retrofit2,converter-gson,2.4.0,retrofit2.converter.gson,-,automatic,-,false,-
com.squareup.retrofit2,converter-guava,2.4.0,retrofit2.converter.guava,-,automatic,-,false,-
com.squareup.retrofit2,converter-jackson,2.4.0,retrofit2.converter.jackson,-,automatic,-,false,-
com.squareup.retrofit2,converter-java8,2.4.0,retrofit2.converter.java8,-,automatic,-,false,-
com.squareup.retrofit2,converter-jaxb,2.4.0,retrofit2.converter.jaxb,-,automatic,-,false,-
com.squareup.retrofit2,converter-moshi,2.4.0,retrofit2.converter.moshi,-,automatic,-,false,-
com.squareup.retrofit2,converter-protobuf,2.4.0,retrofit2.converter.protobuf,-,automatic,-,false,-
com.squareup.retrofit2,converter-scalars,2.4.0,retrofit2.converter.scalars,-,automatic,-,false,-
com.squareup.retrofit2,converter-simplexml,2.4.0,retrofit2.converter.simplexml,-,automatic,-,false,-
com.squareup.retrofit2,converter-wire,2.4.0,retrofit2.converter.wire,-,automatic,-,false,-
com.squareup.retrofit2,retrofit,2.4.0,retrofit2,-,automatic,-,false,-
com.squareup.retrofit2,retrofit-mock,2.4.0,retrofit2.mock,-,automatic,-,false,-
com.squareup.sqldelight,android-gradle-plugin,1.0.0-alpha5,-,-,?,-,false,-
com.squareup.sqldelight,compiler,0.7.0,-,-,?,-,false,-
com.squareup.sqldelight,core,1.0.0-alpha5,-,-,?,-,false,-
com.squareup.sqldelight,gradle-plugin,1.0.0-alpha5,-,-,?,-,false,com.apple.eawt.AboutHandler              Use java.awt.Desktop and JEP 272 @since 9 + com.apple.eawt.AppEvent                  Use java.awt.Desktop and JEP 272 @since 9 + com.apple.eawt.AppEvent$AboutEvent       Use java.awt.Desktop and JEP 272 @since 9 + com.apple.eawt.AppEvent$FullScreenEvent  Use java.awt.Desktop and JEP 272 @since 9 + com.apple.eawt.AppEvent$OpenFilesEvent   Use java.awt.Desktop and JEP 272 @since 9 + com.apple.eawt.AppEvent$OpenURIEvent     Use java.awt.Desktop and JEP 272 @since 9 + com.apple.eawt.AppEvent$PreferencesEvent Use java.awt.Desktop and JEP 272 @since 9 + com.apple.eawt.AppEvent$QuitEvent        Use java.awt.Desktop and JEP 272 @since 9 + com.apple.eawt.Application               Use java.awt.Desktop and JEP 272 @since 9 + com.apple.eawt.FullScreenAdapter         Use java.awt.Desktop and JEP 272 @since 9 + com.apple.eawt.FullScreenListener        Use java.awt.Desktop and JEP 272 @since 9 + com.apple.eawt.FullScreenUtilities       Use java.awt.Desktop and JEP 272 @since 9 + com.apple.eawt.OpenFilesHandler          Use java.awt.Desktop and JEP 272 @since 9 + com.apple.eawt.OpenURIHandler            Use java.awt.Desktop and JEP 272 @since 9 + com.apple.eawt.PreferencesHandler        Use java.awt.Desktop and JEP 272 @since 9 + com.apple.eawt.QuitHandler               Use java.awt.Desktop and JEP 272 @since 9 + com.apple.eawt.QuitResponse              Use java.awt.Desktop and JEP 272 @since 9 + com.apple.eawt.event.GestureAdapter      Use java.awt.Desktop and JEP 272 @since 9 + com.apple.eawt.event.GestureListener     Use java.awt.Desktop and JEP 272 @since 9 + com.apple.eawt.event.GesturePhaseEvent   Use java.awt.Desktop and JEP 272 @since 9 + com.apple.eawt.event.GestureUtilities    Use java.awt.Desktop and JEP 272 @since 9 + com.apple.eawt.event.MagnificationEvent  Use java.awt.Desktop and JEP 272 @since 9 + com.apple.eawt.event.PressureEvent       Use java.awt.Desktop and JEP 272 @since 9 + com.apple.eawt.event.PressureListener    Use java.awt.Desktop and JEP 272 @since 9 + com.apple.eawt.event.SwipeEvent          Use java.awt.Desktop and JEP 272 @since 9 + java.awt.peer.ComponentPeer              Should not use. See https://bugs.openjdk.java.net/browse/JDK-8037739 + java.awt.peer.FramePeer                  Should not use. See https://bugs.openjdk.java.net/browse/JDK-8037739 + sun.misc.Cleaner                         Use java.lang.ref.PhantomReference @since 1.2 or java.lang.ref.Cleaner @since 9 + sun.misc.Contended                       Removed. See http://openjdk.java.net/jeps/260 + sun.misc.Unsafe                          See http://openjdk.java.net/jeps/260 + sun.misc.VMSupport                       Removed. See http://openjdk.java.net/jeps/260
com.squareup.sqldelight,idea-plugin,1.0.0-alpha5,-,-,?,-,false,-
com.squareup.sqldelight,ide-plugin,0.7.0,-,-,?,-,false,-
com.squareup.sqldelight,migrations,1.0.0-alpha5,-,-,?,-,false,-
com.squareup.sqldelight,runtime,1.0.0-alpha1,-,-,?,-,false,-
com.squareup.sqldelight,runtime-common,1.0.0-alpha5,-,-,?,-,false,-
com.squareup.sqldelight,runtime-jdk,1.0.0-alpha5,-,-,?,-,false,-
com.squareup.sqldelight,runtime-js,1.0.0-alpha5,-,-,?,-,false,-
com.squareup.sqldelight,rxjava2-extensions,1.0.0-alpha5,-,-,?,-,false,-
com.squareup.sqldelight,sqlite-driver,1.0.0-alpha5,-,-,?,-,false,-
com.squareup.wire,wire-codegen-sample,2.3.0-RC1,-,-,?,-,false,-
com.squareup.wire,wire-runtime,2.3.0-RC1,-,-,?,-,false,-
com.wowostar,ekongsdk,0.2.5.1,-,-,?,-,false,-
