groupId,artifactId,version,moduleName,moduleVersion,moduleMode,moduleDependencies,jdepsToolError,jdepsViolations
com.google.apis,google-api-services-chat,v1-rev32-1.24.1,-,-,?,-,false,-
com.google.apis,google-api-services-dialogflow,v2-rev30-1.24.1,-,-,?,-,false,-
com.google.apis,google-api-services-iam,v1-rev258-1.24.1,-,-,?,-,false,-
com.google.apis,google-api-services-language,v1-rev439-1.24.1,-,-,?,-,false,-
com.google.apis,google-api-services-redis,v1beta1-rev8-1.24.1,-,-,?,-,false,-
com.google.apis,google-api-services-serviceconsumermanagement,v1-rev135-1.24.1,-,-,?,-,false,-
com.google.apis,google-api-services-serviceusage,v1-rev40-1.24.1,-,-,?,-,false,-
com.patreon,patreon,0.4.1,-,-,?,-,false,-
