groupId,artifactId,version,moduleName,moduleVersion,moduleMode,moduleDependencies,jdepsToolError,jdepsViolations
com.bluetrainsoftware.bathe,bathe-booter,2.2,-,-,?,-,false,-
com.bluetrainsoftware.bathe.initializers,system-property-loader,3.1,-,-,?,-,false,-
com.bluetrainsoftware.composite,composite-groovy,3.1,-,-,?,-,false,-
com.bluetrainsoftware.dtogen,dtogen,1.1,-,-,?,-,false,-
com.bluetrainsoftware.maven,bathe-plugin,2.7,-,-,?,-,false,-
com.bluetrainsoftware.maven,gen-code-scanner,1.2,-,-,?,-,false,-
com.bluetrainsoftware.maven,groovydoc-maven-plugin,2.1,-,-,?,-,false,-
com.bluetrainsoftware.maven.plugins,s3-upload-maven-plugin,1.6,-,-,?,-,false,-
com.bluetrainsoftware.maven,release-pom,1.6,-,-,?,-,false,-
com.bluetrainsoftware,stickycode-extended-config,2.2,-,-,?,-,false,-
com.collaborne.mail,mongodb,1.0.0,-,-,?,-,false,-
com.collaborne.operations,tomcat-cors-regex-filter,1.0.0,-,-,?,-,false,-
com.collaborne.operations,tomcat-remoteip-aws-valve,1.1.3,-,-,?,-,false,-
com.dropsnorz,showcasefx,0.1.0,-,-,?,-,false,-
com.emerchantpay.gateway,genesis-java,1.7.0,-,-,?,-,false,-
com.hamdikavak,human-mobility-modeling-utilities,0.2.0,-,-,?,-,false,-
com.highill.base,highill-base,0.0.0.1,-,-,?,-,false,-
com.kevingann,timings-client,0.7,-,-,?,-,false,-
com.stehno.ersatz,ersatz,1.7.0,-,-,?,-,false,-
com.typesafe.akka,akka-actor_2.12,2.5.15,akka.actor,-,automatic,-,false,sun.misc.Unsafe                          See http://openjdk.java.net/jeps/260
com.typesafe.akka,akka-actor_2.13.0-M3,2.5.15,akka.actor,-,automatic,-,false,sun.misc.Unsafe                          See http://openjdk.java.net/jeps/260
com.typesafe.akka,akka-actor-testkit-typed_2.12,2.5.15,akka.actor.testkit.typed,-,automatic,-,false,-
com.typesafe.akka,akka-actor-testkit-typed_2.13.0-M3,2.5.15,akka.actor.testkit.typed,-,automatic,-,false,-
com.typesafe.akka,akka-camel_2.11,2.5.15,akka.camel,-,automatic,-,false,-
com.typesafe.akka,akka-cluster_2.11,2.5.15,akka.cluster,-,automatic,-,false,-
com.typesafe.akka,akka-cluster-metrics_2.11,2.5.15,akka.cluster.metrics,-,automatic,-,false,-
com.typesafe.akka,akka-cluster-sharding_2.13.0-M3,2.5.15,akka.cluster.sharding,-,automatic,-,false,-
com.typesafe.akka,akka-cluster-sharding-typed_2.11,2.5.15,akka.cluster.sharding.typed,-,automatic,-,false,-
com.typesafe.akka,akka-cluster-typed_2.12,2.5.15,akka.cluster.typed,-,automatic,-,false,-
com.typesafe.akka,akka-cluster-typed_2.13.0-M3,2.5.15,akka.cluster.typed,-,automatic,-,false,-
com.typesafe.akka,akka-contrib_2.12,2.5.15,akka.contrib,-,automatic,-,false,-
com.typesafe.akka,akka-contrib_2.13.0-M3,2.5.15,akka.contrib,-,automatic,-,false,-
com.typesafe.akka,akka-distributed-data_2.11,2.5.15,akka.cluster.ddata,-,automatic,-,false,-
com.typesafe.akka,akka-distributed-data-experimental_2.12,2.4.20,-,-,?,-,false,-
com.typesafe.akka,akka-http-caching_2.11,10.1.4,akka.http.caching,-,automatic,-,false,-
com.typesafe.akka,akka-http-core_2.11,10.1.4,akka.http.core,-,automatic,-,false,-
com.typesafe.akka,akka-http-jackson_2.11,10.1.4,akka.http.marshallers.jackson,-,automatic,-,false,-
com.typesafe.akka,akka-http-spray-json-experimental_2.11,2.4.11.2,-,-,?,-,false,-
com.typesafe.akka,akka-http-testkit_2.12,10.1.4,akka.http.testkit,-,automatic,-,false,-
com.typesafe.akka,akka-http-testkit_2.13.0-M3,10.1.3,akka.http.testkit,-,automatic,-,false,-
com.typesafe.akka,akka-http-xml_2.11,10.1.4,akka.http.marshallers.scalaxml,-,automatic,-,false,-
com.typesafe.akka,akka-kernel_2.12,2.5-M1,-,-,?,-,false,-
com.typesafe.akka,akka-osgi_2.11,2.5.15,akka.osgi,-,automatic,-,false,-
com.typesafe.akka,akka-persistence_2.12,2.5.15,akka.persistence,-,automatic,-,false,-
com.typesafe.akka,akka-persistence_2.13.0-M3,2.5.15,akka.persistence,-,automatic,-,false,-
com.typesafe.akka,akka-persistence-cassandra_2.11,0.89,-,-,?,-,false,-
com.typesafe.akka,akka-persistence-cassandra-launcher_2.12,0.89,-,-,?,-,false,-
com.typesafe.akka,akka-protobuf_2.12,2.5.15,akka.protobuf,-,automatic,-,false,-
com.typesafe.akka,akka-protobuf_2.13.0-M3,2.5.15,akka.protobuf,-,automatic,-,false,-
com.typesafe.akka,akka-remote_2.11,2.5.15,akka.remote,-,automatic,-,false,sun.misc.Unsafe                          See http://openjdk.java.net/jeps/260
com.typesafe.akka,akka-stream_2.11,2.5.15,akka.stream,-,automatic,-,false,-
com.typesafe.akka,akka-stream-contrib_2.11,0.9,-,-,?,-,false,-
com.typesafe.akka,akka-stream-contrib-xmlparser_2.12,0.7,-,-,?,-,false,-
com.typesafe.akka,akka-stream-testkit_2.12,2.5.15,akka.stream.testkit,-,automatic,-,false,-
com.typesafe.akka,akka-stream-testkit_2.13.0-M3,2.5.15,akka.stream.testkit,-,automatic,-,false,-
com.typesafe.akka,akka-testkit-typed_2.12,2.5.12,akka.testkit.typed,-,automatic,-,false,-
com.typesafe.akka,akka-typed_2.11,2.5.8,akka.typed,-,automatic,-,false,sun.misc.Unsafe                          See http://openjdk.java.net/jeps/260
com.typesafe.akka,akka-typed-experimental_2.12,2.5-M1,-,-,?,-,false,sun.misc.Unsafe                          See http://openjdk.java.net/jeps/260
com.typesafe.akka,akka-typed-tests_2.11,2.5.8,-,-,?,-,false,-
com.voxeo.tropo,tropo-webapi-java,15.11.0,-,-,?,-,false,-
