groupId,artifactId,version,moduleName,moduleVersion,moduleMode,moduleDependencies,jdepsToolError,jdepsViolations
com.afrigis.services,addresssubmission,3.0.2,-,-,?,-,false,-
com.afrigis.services,core,3.0.2,-,-,?,-,false,-
com.afrigis.services,geocode,3.0.2,-,-,?,-,false,-
com.afrigis.services,reversegeocode,3.0.2,-,-,?,-,false,-
com.afrigis.services,search-extension,3.0.2,-,-,?,-,false,-
com.anrisoftware.globalpom,globalpom-groovytestutils,4.0.0,-,-,?,-,false,-
com.aoe,csv-ktx,0.2,-,-,?,-,false,-
com.assist4j,assist4j,1.1.1,-,-,?,-,false,-
com.assist4j,assist4j-core,1.1.1,-,-,?,-,false,-
com.assist4j,assist4j-dao,1.1.1,-,-,?,-,false,-
com.assist4j,assist4j-data,1.1.1,-,-,?,-,false,-
com.assist4j,assist4j-http,1.1.1,-,-,?,-,false,-
com.assist4j,assist4j-schedule,1.1.1,-,-,?,-,false,-
com.assist4j,assist4j-sequence,1.1.1,-,-,?,-,false,-
com.assist4j,assist4j-session,1.1.1,-,-,?,-,false,-
com.assist4j,assist4j-web,1.1.1,-,-,?,-,false,-
com.autotec.sdk,java,1.0.6,-,-,?,-,false,-
com.bandyer,socket.io-client,1.0.9,-,-,?,-,false,-
com.brettonw,bag,5.10.5,-,-,?,-,false,sun.reflect.ReflectionFactory            See http://openjdk.java.net/jeps/260
com.brettonw,bag-mongo,2.1.0,-,-,?,-,false,-
com.brettonw,bag-service-base,1.0.1,-,-,?,-,false,-
com.brettonw.bedrock,bag,1.3.13,-,-,?,-,false,sun.reflect.ReflectionFactory            See http://openjdk.java.net/jeps/260
com.brettonw.bedrock,base,1.3.13,-,-,?,-,false,-
com.brettonw.bedrock,database,1.3.13,-,-,?,-,false,-
com.brettonw.bedrock,service-base,1.3.13,-,-,?,-,false,-
com.brettonw.bedrock,servlet-tester,1.3.13,-,-,?,-,false,-
com.brettonw,clustering,1.0.2,-,-,?,-,false,-
com.brettonw,servlet-base,3.4.2,-,-,?,-,false,-
com.brettonw,servlet-tester,1.2.11,-,-,?,-,false,-
com.brucezee.jspider,jspider-berkeley,1.0,-,-,?,-,false,-
com.brucezee.jspider,jspider-common,1.0,-,-,?,-,false,-
com.brucezee.jspider,jspider-core,1.0,-,-,?,-,false,-
com.brucezee.jspider,jspider-mongodb,1.0,-,-,?,-,false,-
com.brucezee.jspider,jspider-parser,1.0,-,-,?,-,false,-
com.brucezee.jspider,jspider-parser-spring,1.0,-,-,?,-,false,-
com.brucezee.jspider,jspider-redis,1.0,-,-,?,-,false,-
com.brucezee.jspider,jspider-selenium,1.0,-,-,?,-,false,-
com.cezarykluczynski.stapi,stapi-client,0.0.13,-,-,?,-,false,-
com.communicate,longid,1.1,-,-,?,-,false,-
com.functortech,thera_2.12,0.0.3,-,-,?,-,false,-
com.genestalker.springscreen,springscreen-core,0.1.0,-,-,?,-,false,-
com.genestalker.springscreen,springscreen-demo,0.1.0,-,-,?,-,false,-
com.getsentry.raven,raven,8.0.3,-,-,?,-,false,-
com.getsentry.raven,raven-android,8.0.3,-,-,?,-,false,-
com.getsentry.raven,raven-appengine,8.0.3,-,-,?,-,false,-
com.getsentry.raven,raven-log4j2,8.0.3,-,-,?,-,false,-
com.getsentry.raven,raven-log4j,8.0.3,-,-,?,-,false,-
com.getsentry.raven,raven-logback,8.0.3,-,-,?,-,false,-
com.greenmoonsoftware,green-tea-test,1.0.12,-,-,?,-,false,-
com.homedepot,bigbricks-core_2.11,0.0.2,-,-,?,-,false,-
com.homedepot,bigbricks-core_2.12,0.1.0,-,-,?,-,false,-
com.homedepot,bigbricks-delegates_2.11,0.0.2,-,-,?,-,false,-
com.homedepot,bigbricks-delegates_2.12,0.0.5,-,-,?,-,false,-
com.hubject,aws-s3-io,1.0.0,-,-,?,-,false,sun.misc.BASE64Encoder                   Use java.util.Base64 @since 1.8
com.itnove.corball,corball-core,17.06.26,-,-,?,-,false,-
com.kingsoft.services.table,kts-client,0.9.91,-,-,?,-,false,-
com.kingsoft.services.table,kts-core,0.9.91,-,-,?,-,false,-
com.kingsoft.services.table,kts-hbase-client,0.9.91,-,-,?,-,false,-
com.landawn,abacus-android,1.3.3,-,-,?,-,false,-
com.landawn,abacus-android-jdk7,1.3.3,-,-,?,-,false,-
com.landawn,abacus-android-se,1.3.3,-,-,?,-,false,-
com.landawn,abacus-android-se-jdk7,1.3.3,-,-,?,-,false,-
com.landawn,abacus-stream-lite,1.0.1,-,-,?,-,false,-
com.landawn,abacus-util,1.3.3,-,-,?,-,false,sun.misc.Unsafe                          See http://openjdk.java.net/jeps/260
com.landawn,abacus-util-all,1.2.9,-,-,?,-,false,sun.misc.Cleaner                         Use java.lang.ref.PhantomReference @since 1.2 or java.lang.ref.Cleaner @since 9 + sun.misc.Unsafe                          See http://openjdk.java.net/jeps/260
com.landawn,abacus-util-all-jdk7,1.2.9,-,-,?,-,false,sun.misc.Cleaner                         Use java.lang.ref.PhantomReference @since 1.2 or java.lang.ref.Cleaner @since 9 + sun.misc.Unsafe                          See http://openjdk.java.net/jeps/260
com.landawn,abacus-util-jdk7,1.3.3,-,-,?,-,false,sun.misc.Unsafe                          See http://openjdk.java.net/jeps/260
com.landawn,stream,2.1,-,-,?,-,false,-
com.landawn,streamex,2.3.2,-,-,?,-,false,sun.misc.Unsafe                          See http://openjdk.java.net/jeps/260
com.landawn,stream-lite,1.0.1,-,-,?,-,false,-
com.moensun.common,moensun-common-exception,1.0.0,-,-,?,-,false,-
com.moensun.common,moensun-common-filesystem,1.0.0,-,-,?,-,false,-
com.moensun.common,moensun-common-resource,1.0.0,-,-,?,-,false,-
com.moensun.common,moensun-common-spring-kindeditor,1.0.0,-,-,?,-,false,-
com.moensun.common,moensun-common-spring-kindeditor-resources,1.0.0,-,-,?,-,false,-
com.moensun.common,moensun-common-utils,1.0.0,-,-,?,-,false,-
com.namehillsoftware,lazy-j,0.11.0,-,-,?,-,false,-
com.openvehicletracking.device,xtakip,1.5.4,-,-,?,-,false,-
com.openvehicletracking,openvehicletracking-core,1.5.2,-,-,?,-,false,-
com.pavlosgi,freecli-circe_2.11,0.1.1,-,-,?,-,false,-
com.pavlosgi,freecli-circe_2.12,0.1.1,-,-,?,-,false,-
com.pavlosgi,freecli-core_2.11,0.1.1,-,-,?,-,false,-
com.pavlosgi,freecli-core_2.12,0.1.1,-,-,?,-,false,-
com.piaoniu,pndao,0.2.1,-,-,?,-,false,com.sun.tools.javac.code.Attribute       Use javax.tools and javax.lang.model @since 1.6 + com.sun.tools.javac.code.Attribute$Compound Use javax.tools and javax.lang.model @since 1.6 + com.sun.tools.javac.code.Scope           Use javax.tools and javax.lang.model @since 1.6 + com.sun.tools.javac.code.Symbol          Use javax.tools and javax.lang.model @since 1.6 + com.sun.tools.javac.code.Symbol$ClassSymbol Use javax.tools and javax.lang.model @since 1.6 + com.sun.tools.javac.code.Symbol$MethodSymbol Use javax.tools and javax.lang.model @since 1.6 + com.sun.tools.javac.code.Symbol$TypeSymbol Use javax.tools and javax.lang.model @since 1.6 + com.sun.tools.javac.code.Symbol$VarSymbol Use javax.tools and javax.lang.model @since 1.6 + com.sun.tools.javac.code.Type            Use javax.tools and javax.lang.model @since 1.6 + com.sun.tools.javac.code.Type$TypeVar    Use javax.tools and javax.lang.model @since 1.6 + com.sun.tools.javac.code.Types           Use javax.tools and javax.lang.model @since 1.6 + com.sun.tools.javac.processing.JavacProcessingEnvironment Use javax.tools and javax.lang.model @since 1.6 + com.sun.tools.javac.util.Context         Use javax.tools and javax.lang.model @since 1.6 + com.sun.tools.javac.util.Filter          Use javax.tools and javax.lang.model @since 1.6 + com.sun.tools.javac.util.List            Use javax.tools and javax.lang.model @since 1.6 + com.sun.tools.javac.util.Name            Use javax.tools and javax.lang.model @since 1.6
com.piaoniu,pndao-example,0.2.1,-,-,?,-,false,-
com.qwazr,commons-cli-annotations,1.0.1,-,-,?,-,false,-
com.qwazr,externalizor,1.3.2,-,-,?,-,false,-
com.qwazr,jdbc-cache-driver,1.3.1,-,-,?,-,false,-
com.qwazr,qwazr,1.4.0,-,-,?,-,false,-
com.qwazr,qwazr-binder,1.4.0,-,-,?,-,false,-
com.qwazr,qwazr-cluster,1.4.0,-,-,?,-,false,-
com.qwazr,qwazr-compiler,1.4.0,-,-,?,-,false,-
com.qwazr,qwazr-crawlers,1.4.0,-,-,?,-,false,-
com.qwazr,qwazr-database,1.4.0,-,-,?,-,false,-
com.qwazr,qwazr-extractor,1.4.0,-,-,?,-,false,-
com.qwazr,qwazr-graph,1.4.0,-,-,?,-,false,-
com.qwazr,qwazr-library,1.4.0,-,-,?,-,false,-
com.qwazr,qwazr-library-archiver,1.4.0,-,-,?,-,false,-
com.qwazr,qwazr-library-asciidoctor,1.4.0,-,-,?,-,false,-
com.qwazr,qwazr-library-audio,1.4.0,-,-,?,-,false,-
com.qwazr,qwazr-library-cassandra,1.4.0,-,-,?,-,false,-
com.qwazr,qwazr-library-csv,1.4.0,-,-,?,-,false,-
com.qwazr,qwazr-library-email,1.4.0,-,-,?,-,false,-
com.qwazr,qwazr-library-files,1.4.0,-,-,?,-,false,-
com.qwazr,qwazr-library-fop,1.4.0,-,-,?,-,false,-
com.qwazr,qwazr-library-freemarker,1.4.0,-,-,?,-,false,-
com.qwazr,qwazr-library-ftp,1.4.0,-,-,?,-,false,-
com.qwazr,qwazr-library-html,1.4.0,-,-,?,-,false,-
com.qwazr,qwazr-library-iban,1.4.0,-,-,?,-,false,-
com.qwazr,qwazr-library-jdbc,1.4.0,-,-,?,-,false,-
com.qwazr,qwazr-library-ldap,1.4.0,-,-,?,-,false,-
com.qwazr,qwazr-library-markdown,1.4.0,-,-,?,-,false,-
com.qwazr,qwazr-library-mongodb,1.4.0,-,-,?,-,false,-
com.qwazr,qwazr-library-mybatis,1.4.0,-,-,?,-,false,-
com.qwazr,qwazr-library-odf,1.4.0,-,-,?,-,false,-
com.qwazr,qwazr-library-pdfbox,1.4.0,-,-,?,-,false,-
com.qwazr,qwazr-library-poi,1.4.0,-,-,?,-,false,-
com.qwazr,qwazr-library-process,1.4.0,-,-,?,-,false,-
com.qwazr,qwazr-library-properties,1.4.0,-,-,?,-,false,-
com.qwazr,qwazr-library-realm-table,1.4.0,-,-,?,-,false,-
com.qwazr,qwazr-library-rrd4j,1.4.0,-,-,?,-,false,-
com.qwazr,qwazr-library-rss,1.4.0,-,-,?,-,false,-
com.qwazr,qwazr-library-tess4j,1.4.0,-,-,?,-,false,-
com.qwazr,qwazr-library-test,1.4.0,-,-,?,-,false,-
com.qwazr,qwazr-library-thymeleaf,1.4.0,-,-,?,-,false,-
com.qwazr,qwazr-library-wpd,1.4.0,-,-,?,-,false,-
com.qwazr,qwazr-library-xml,1.4.0,-,-,?,-,false,-
com.qwazr,qwazr-link,1.4.0,-,-,?,-,false,-
com.qwazr,qwazr-maven-plugin,1.4.0,-,-,?,-,false,-
com.qwazr,qwazr-profiler,1.4.0,-,-,?,-,false,-
com.qwazr,qwazr-scheduler,1.4.0,-,-,?,-,false,-
com.qwazr,qwazr-scripts,1.4.0,-,-,?,-,false,-
com.qwazr,qwazr-search,1.4.0.1,-,-,?,-,false,-
com.qwazr,qwazr-search-bench,1.4.0,-,-,?,-,false,-
com.qwazr,qwazr-server,1.4.0,-,-,?,-,false,-
com.qwazr,qwazr-store,1.4.0,-,-,?,-,false,-
com.qwazr,qwazr-utils,1.4.0,-,-,?,-,false,-
com.qwazr,qwazr-webapps,1.4.0,-,-,?,-,false,-
com.regiocom.bpo,seleneserunner-maven-plugin,1.0.4,-,-,?,-,false,-
com.salecycle,moonfire,0.2.3,-,-,?,-,false,-
com.samsix,s6-db,2.0.1,-,-,?,-,false,-
com.samsix,s6-util,1.1.0,-,-,?,-,false,-
com.sargeraswang.util,excel-util,1.2.1,-,-,?,-,false,-
com.soywiz,dynarek-root,0.3.0,-,-,?,-,false,-
com.soywiz,korau-atrac3plus-common,0.19.1,-,-,?,-,false,-
com.soywiz,korau-mod,0.12.0,-,-,?,-,false,-
com.soywiz,korau-mp3,0.19.1,-,-,?,-,false,-
com.soywiz,korfl-root,0.19.1,-,-,?,-,false,-
com.soywiz,korge-ext-lipsync-js,0.19.2,-,-,?,-,false,-
com.soywiz,korge-ext-tiled-js,0.19.2,-,-,?,-,false,-
com.soywiz,korge-ext-ui-common,0.19.2,-,-,?,-,false,-
com.soywiz,korinject-common,0.5.0,-,-,?,-,false,-
com.soywiz,korio-ext-amazon-base-js,0.19.1,-,-,?,-,false,-
com.soywiz,korio-ext-db-redis-common,0.19.1,-,-,?,-,false,-
com.soywiz,korio-ext-web-js,0.19.1,-,-,?,-,false,-
com.soywiz,korio-jtransc-example,0.13.0,-,-,?,-,false,-
com.soywiz,korio-kotlinjs,0.13.0,-,-,?,-,false,-
com.soywiz,korte-js,0.14.0,-,-,?,-,false,-
com.soywiz,krypto-common,0.4.0,-,-,?,-,false,-
com.stephenn,http4s-index_2.12,0.0.2,-,-,?,-,false,-
com.stephenn,scalate-maven-plugin_2.12,0.0.2,-,-,?,-,false,-
com.stephenn,scalatest-circe_2.11,0.0.1,-,-,?,-,false,-
com.stephenn,scalatest-circe_2.12,0.0.1,-,-,?,-,false,-
com.stephenn,scalatest-json4s_2.11,0.0.2,-,-,?,-,false,-
com.stephenn,scalatest-json4s_2.12,0.0.2,-,-,?,-,false,-
com.stephenn,scalatest-json-jsonassert_2.11,0.0.3,-,-,?,-,false,-
com.stephenn,scalatest-json-jsonassert_2.12,0.0.3,-,-,?,-,false,-
com.stephenn,scalatest-play-json_2.11,0.0.1,-,-,?,-,false,-
com.stephenn,scalatest-play-json_2.12,0.0.1,-,-,?,-,false,-
com.stepstone.inbucket,inbucket-client,1.2.1,-,-,?,-,false,-
com.talentica,linearalgebra,0.1,-,-,?,-,false,-
com.tegeltech,jenkins-commits,1.0.2,-,-,?,-,false,-
com.transloadit.sdk,transloadit,0.1.1,-,-,?,-,false,-
com.treasuredata.bigdam,log,0.10.0,-,-,?,-,false,-
com.treasuredata.client,td-client,0.8.5,-,-,?,-,false,-
com.treasuredata,keen-client-java-core,2.0.0.4,-,-,?,-,false,-
com.treasuredata,td-android-sdk,0.1.18,-,-,?,-,false,-
com.treasuredata,td-jdbc,0.5.10,-,-,?,-,false,-
com.treasuredata,underwrap,0.1.8,-,-,?,-,false,-
com.vtence.mario,mario,0.3.3,-,-,?,-,false,-
com.vtence.molecule,molecule,0.14.0,-,-,?,-,false,-
com.vtence.tape,tape,1.2.1,-,-,?,-,false,-
com.yurybubnov.oss,tspthrottler,1.0.0,-,-,?,-,false,-
