groupId,artifactId,version,moduleName,moduleVersion,moduleMode,moduleDependencies,jdepsToolError,jdepsViolations
org.ow2.fractal.juliac.adlet,juliac-adlet-adl,2.7,-,-,?,-,false,-
org.ow2.fractal.juliac.adlet,juliac-adlet-api,2.7,-,-,?,-,false,-
org.ow2.fractal.juliac.adlet,juliac-adlet-core,2.7,-,-,?,-,false,-
org.ow2.fractal.juliac.adlet,juliac-adlet-membranes-oo,2.7,-,-,?,-,false,-
org.ow2.fractal.juliac.adlet,juliac-adlet-mixins,2.7,-,-,?,-,false,-
org.ow2.fractal.juliac.adlet,juliac-adlet-opt-oo,2.7,-,-,?,-,false,-
org.ow2.fractal.juliac.adlet,juliac-adlet-opt-oo-service,2.7,-,-,?,-,false,-
org.ow2.fractal.juliac.fraclet,juliac-fraclet-membranes-oo,2.7,-,-,?,-,false,-
org.ow2.fractal.juliac.fraclet,juliac-fraclet-opt-comp-service,2.7,-,-,?,-,false,-
org.ow2.fractal.juliac,juliac-comp,2.7,-,-,?,-,false,-
org.ow2.fractal.juliac,juliac-comp-service,2.7,-,-,?,-,false,-
org.ow2.fractal.juliac,juliac-core,2.7,-,-,?,-,false,-
org.ow2.fractal.juliac,juliac-fractaladl-service,2.7,-,-,?,-,false,-
org.ow2.fractal.juliac,juliac-janino,2.7,-,-,?,-,false,-
org.ow2.fractal.juliac,juliac-jcapi,2.7,-,-,?,-,false,-
org.ow2.fractal.juliac,juliac-julia-membranes-oo,2.7,-,-,?,-,false,-
org.ow2.fractal.juliac,juliac-koch-membranes-ultra-comp,2.7,-,-,?,-,false,-
org.ow2.fractal.juliac,juliac-maven-plugin,2.7,-,-,?,-,false,-
org.ow2.fractal.juliac,juliac-mindadl,2.7,-,-,?,-,false,-
org.ow2.fractal.juliac,juliac-runtime-ultra-comp,2.7,-,-,?,-,false,-
org.ow2.fractal.juliac,juliac-spoon,2.7,-,-,?,-,false,-
org.ow2.fractal.juliac,juliac-ultra-comp-mixins,2.7,-,-,?,-,false,-
org.ow2.fractal.juliac,juliac-ultra-merge-core,2.7,-,-,?,-,false,-
org.ow2.fractal.juliac,juliac-ultra-merge-fraclet,2.7,-,-,?,-,false,-
org.ow2.fractal.juliac.osgi,juliac-osgi-adlparser,2.7,-,-,?,-,false,-
org.ow2.fractal.juliac.osgi,juliac-osgi-adlparser-service,2.7,-,-,?,-,false,-
org.ow2.fractal.juliac.osgi,juliac-osgi-bootstrap,2.7,-,-,?,-,false,-
org.ow2.fractal.juliac.osgi,juliac-osgi-membranes-oo,2.7,-,-,?,-,false,-
org.ow2.fractal.juliac.osgi,juliac-osgi-mixins,2.7,-,-,?,-,false,-
org.ow2.fractal.juliac.osgi,juliac-osgi-opt-oo,2.7,-,-,?,-,false,-
org.ow2.fractal.juliac.osgi,juliac-osgi-opt-oo-service,2.7,-,-,?,-,false,-
org.ow2.fractal.juliac.osgi,juliac-osgi-runtime-core,2.7,-,-,?,-,false,-
org.ow2.fractal.juliac.osgi,juliac-osgi-runtime-equinox,2.7,-,-,?,-,false,-
org.ow2.fractal.juliac.osgi,juliac-osgi-runtime-felix,2.7,-,-,?,-,false,-
org.ow2.fractal.juliac.osgi,juliac-osgi-runtime-jboss,2.7,-,-,?,-,false,-
org.ow2.fractal.juliac.osgi,juliac-osgi-runtime-knopflerfish,2.7,-,-,?,-,false,-
org.ow2.fractal.juliac.osgi,juliac-runtime-oo-bundle,2.7,-,-,?,-,false,-
org.ow2.fractal.juliac.osgi,osgi-r3,2.7,-,-,?,-,false,-
org.ow2.fractal.juliac.osgi,osgi-r4,2.7,-,-,?,-,false,-
org.ow2.fractal.juliac.osgi,osgi-revision-api,2.7,-,-,?,-,false,-
org.ow2.fractal.juliac.scala,juliac-scala-mixins,2.7,-,-,?,-,false,-
org.ow2.frascati.tinfi,frascati-tinfi-comp-core,2.7,-,-,?,-,false,-
org.ow2.frascati.tinfi,frascati-tinfi-comp-mixins,2.7,-,-,?,-,false,-
org.ow2.frascati.tinfi,frascati-tinfi-comp-service,2.7,-,-,?,-,false,-
org.ow2.frascati.tinfi,frascati-tinfi-membranes-oo,2.7,-,-,?,-,false,-
org.ow2.frascati.tinfi,frascati-tinfi-mixins,2.7,-,-,?,-,false,-
org.ow2.frascati.tinfi,frascati-tinfi-oo,2.7,-,-,?,-,false,-
org.ow2.frascati.tinfi,frascati-tinfi-oo-light,2.7,-,-,?,-,false,-
org.ow2.frascati.tinfi,frascati-tinfi-oo-light-service,2.7,-,-,?,-,false,-
org.ow2.frascati.tinfi,frascati-tinfi-oo-service,2.7,-,-,?,-,false,-
org.ow2.frascati.tinfi,frascati-tinfi-runtime,2.7,-,-,?,-,false,-
org.ow2.frascati.tinfi,frascati-tinfi-runtime-api,2.7,-,-,?,-,false,-
org.ow2.frascati.tinfi,frascati-tinfi-runtime-comp,2.7,-,-,?,-,false,-
org.ow2.frascati.tinfi,frascati-tinfi-runtime-membranes-oo,2.7,-,-,?,-,false,-
org.ow2.frascati.tinfi,frascati-tinfi-scaadl,2.7,-,-,?,-,false,-
org.ow2.frascati.tinfi,frascati-tinfi-scaadl-service,2.7,-,-,?,-,false,-
org.ow2.frascati.tinfi,frascati-tinfi-tinfilet-core,2.7,-,-,?,-,false,-
org.ow2.frascati.tinfi,frascati-tinfi-tinfilet-service,2.7,-,-,?,-,false,-
org.ow2.frascati.tinfi,frascati-tinfi-ultra-merge-core,2.7,-,-,?,-,false,-
org.ow2.frascati.tinfi,frascati-tinfi-ultra-merge-service,2.7,-,-,?,-,false,-
org.ow2.frascati.tinfi.osgi,frascati-tinfi-osgi-membranes-oo,2.7,-,-,?,-,false,-
org.ow2.frascati.tinfi.osgi,frascati-tinfi-osgi-opt-oo,2.7,-,-,?,-,false,-
org.ow2.frascati.tinfi.osgi,frascati-tinfi-osgi-opt-oo-service,2.7,-,-,?,-,false,-
org.ow2.frascati.tinfi.osgi,frascati-tinfi-osgi-scaadl,2.7,-,-,?,-,false,-
org.ow2.joram,a3-common,5.15.0,-,-,?,-,false,-
org.ow2.joram,a3-osgi,5.15.0,-,-,?,-,false,-
org.ow2.joram,a3-rt,5.15.0,-,-,?,-,false,-
org.ow2.joram,a3-services,5.15.0,-,-,?,-,false,-
org.ow2.joram,conf,5.15.0,-,-,?,-,false,-
org.ow2.joram,jndi-client,5.15.0,-,-,?,-,false,-
org.ow2.joram,jndi-server,5.15.0,-,-,?,-,false,-
org.ow2.joram,jndi-shared,5.15.0,-,-,?,-,false,-
org.ow2.joram,joram-client-spring,5.15.0,-,-,?,-,false,-
org.ow2.joram,joram-mom-amqp,5.15.0,-,-,?,-,false,-
org.ow2.joram,joram-mom-core,5.15.0,-,-,?,-,false,-
org.ow2.joram,joram-mom-extensions-ftp,5.15.0,-,-,?,-,false,-
org.ow2.joram,joram-security-jonas,5.15.0,-,-,?,-,false,-
org.ow2.joram,joram-shared,5.15.0,-,-,?,-,false,-
org.ow2.joram,joram-tools-jasp,5.15.0,-,-,?,-,false,-
org.ow2.joram,joram-tools-monitoring,5.15.0,-,-,?,-,false,-
org.ow2.joram,joram-tools-rest-jms,5.15.0,-,-,?,-,false,-
org.ow2.joram,joram-tools-rest-jmx,5.15.0,-,-,?,-,false,-
org.ow2.joram,licenses,5.15.0,-,-,?,-,false,-
org.ow2.joram,shell-a3,5.15.0,-,-,?,-,false,-
org.ow2.joram,shell-jndi,5.15.0,-,-,?,-,false,-
org.ow2.joram,shell-mom,5.15.0,-,-,?,-,false,-
org.wso2.extension.siddhi.io.http,org.wso2.extension.siddhi.io.http.coverge.test,1.0.35,-,-,?,-,false,-
org.wso2.extension.siddhi.io.http,siddhi-io-http,1.0.35,-,-,?,-,false,-
org.wso2.extension.siddhi.io.http,siddhi-io-http-osgi-tests,1.0.35,-,-,?,-,false,-
org.wso2.extension.siddhi.io.sqs,siddhi-io-sqs,1.0.5,-,-,?,-,false,-
org.wso2.extension.siddhi.io.websocket,siddhi-io-websocket,1.0.8,-,-,?,-,false,-
org.wso2.extension.siddhi.io.wso2event,siddhi-io-wso2event,4.0.15,-,-,?,-,false,-
org.wso2.extension.siddhi.io.wso2event,siddhi-io-wso2event-osgi-tests,4.0.15,-,-,?,-,false,-
