groupId,artifactId,version,moduleName,moduleVersion,moduleMode,moduleDependencies,jdepsToolError,jdepsViolations
com.netflix.astyanax,astyanax-core,3.10.1,-,-,?,-,false,-
com.netflix.blitz4j,blitz4j,1.37.2,-,-,?,-,false,-
com.netflix.devinsight,rewrite,0.17.1,-,-,?,-,false,com.sun.tools.javac.code.BoundKind       Use javax.tools and javax.lang.model @since 1.6 + com.sun.tools.javac.code.Flags           Use javax.tools and javax.lang.model @since 1.6 + com.sun.tools.javac.code.Scope           Use javax.tools and javax.lang.model @since 1.6 + com.sun.tools.javac.code.Symbol          Use javax.tools and javax.lang.model @since 1.6 + com.sun.tools.javac.code.Symbol$ClassSymbol Use javax.tools and javax.lang.model @since 1.6 + com.sun.tools.javac.code.Symbol$MethodSymbol Use javax.tools and javax.lang.model @since 1.6 + com.sun.tools.javac.code.Symbol$TypeSymbol Use javax.tools and javax.lang.model @since 1.6 + com.sun.tools.javac.code.Symbol$TypeVariableSymbol Use javax.tools and javax.lang.model @since 1.6 + com.sun.tools.javac.code.Symbol$VarSymbol Use javax.tools and javax.lang.model @since 1.6 + com.sun.tools.javac.code.Type            Use javax.tools and javax.lang.model @since 1.6 + com.sun.tools.javac.code.Type$ArrayType  Use javax.tools and javax.lang.model @since 1.6 + com.sun.tools.javac.code.Type$ClassType  Use javax.tools and javax.lang.model @since 1.6 + com.sun.tools.javac.code.Type$ForAll     Use javax.tools and javax.lang.model @since 1.6 + com.sun.tools.javac.code.Type$JCNoType   Use javax.tools and javax.lang.model @since 1.6 + com.sun.tools.javac.code.Type$JCPrimitiveType Use javax.tools and javax.lang.model @since 1.6 + com.sun.tools.javac.code.Type$MethodType Use javax.tools and javax.lang.model @since 1.6 + com.sun.tools.javac.code.Type$TypeVar    Use javax.tools and javax.lang.model @since 1.6 + com.sun.tools.javac.code.TypeTag         Use javax.tools and javax.lang.model @since 1.6 + com.sun.tools.javac.comp.Check           Use javax.tools and javax.lang.model @since 1.6 + com.sun.tools.javac.comp.Enter           Use javax.tools and javax.lang.model @since 1.6 + com.sun.tools.javac.comp.Todo            Use javax.tools and javax.lang.model @since 1.6 + com.sun.tools.javac.file.JavacFileManager Use javax.tools and javax.lang.model @since 1.6 + com.sun.tools.javac.main.JavaCompiler    Use javax.tools and javax.lang.model @since 1.6 + com.sun.tools.javac.tree.DocCommentTable Use com.sun.source @since 1.6 + com.sun.tools.javac.tree.EndPosTable     Use com.sun.source @since 1.6 + com.sun.tools.javac.tree.JCTree          Use com.sun.source @since 1.6 + com.sun.tools.javac.tree.JCTree$JCArrayTypeTree Use com.sun.source @since 1.6 + com.sun.tools.javac.tree.JCTree$JCAssert Use com.sun.source @since 1.6 + com.sun.tools.javac.tree.JCTree$JCAssign Use com.sun.source @since 1.6 + com.sun.tools.javac.tree.JCTree$JCAssignOp Use com.sun.source @since 1.6 + com.sun.tools.javac.tree.JCTree$JCBinary Use com.sun.source @since 1.6 + com.sun.tools.javac.tree.JCTree$JCBlock  Use com.sun.source @since 1.6 + com.sun.tools.javac.tree.JCTree$JCBreak  Use com.sun.source @since 1.6 + com.sun.tools.javac.tree.JCTree$JCCase   Use com.sun.source @since 1.6 + com.sun.tools.javac.tree.JCTree$JCClassDecl Use com.sun.source @since 1.6 + com.sun.tools.javac.tree.JCTree$JCCompilationUnit Use com.sun.source @since 1.6 + com.sun.tools.javac.tree.JCTree$JCContinue Use com.sun.source @since 1.6 + com.sun.tools.javac.tree.JCTree$JCDoWhileLoop Use com.sun.source @since 1.6 + com.sun.tools.javac.tree.JCTree$JCExpression Use com.sun.source @since 1.6 + com.sun.tools.javac.tree.JCTree$JCExpressionStatement Use com.sun.source @since 1.6 + com.sun.tools.javac.tree.JCTree$JCFieldAccess Use com.sun.source @since 1.6 + com.sun.tools.javac.tree.JCTree$JCIdent  Use com.sun.source @since 1.6 + com.sun.tools.javac.tree.JCTree$JCLiteral Use com.sun.source @since 1.6 + com.sun.tools.javac.tree.JCTree$JCMemberReference Use com.sun.source @since 1.6 + com.sun.tools.javac.tree.JCTree$JCMethodDecl Use com.sun.source @since 1.6 + com.sun.tools.javac.tree.JCTree$JCMethodInvocation Use com.sun.source @since 1.6 + com.sun.tools.javac.tree.JCTree$JCModifiers Use com.sun.source @since 1.6 + com.sun.tools.javac.tree.JCTree$JCNewArray Use com.sun.source @since 1.6 + com.sun.tools.javac.tree.JCTree$JCNewClass Use com.sun.source @since 1.6 + com.sun.tools.javac.tree.JCTree$JCReturn Use com.sun.source @since 1.6 + com.sun.tools.javac.tree.JCTree$JCSkip   Use com.sun.source @since 1.6 + com.sun.tools.javac.tree.JCTree$JCStatement Use com.sun.source @since 1.6 + com.sun.tools.javac.tree.JCTree$JCThrow  Use com.sun.source @since 1.6 + com.sun.tools.javac.tree.JCTree$JCUnary  Use com.sun.source @since 1.6 + com.sun.tools.javac.tree.JCTree$JCVariableDecl Use com.sun.source @since 1.6 + com.sun.tools.javac.tree.JCTree$JCWildcard Use com.sun.source @since 1.6 + com.sun.tools.javac.tree.JCTree$Tag      Use com.sun.source @since 1.6 + com.sun.tools.javac.tree.JCTree$TypeBoundKind Use com.sun.source @since 1.6 + com.sun.tools.javac.util.Context         Use javax.tools and javax.lang.model @since 1.6 + com.sun.tools.javac.util.List            Use javax.tools and javax.lang.model @since 1.6 + com.sun.tools.javac.util.Log             Use javax.tools and javax.lang.model @since 1.6 + com.sun.tools.javac.util.Name            Use javax.tools and javax.lang.model @since 1.6 + com.sun.tools.javac.util.Options         Use javax.tools and javax.lang.model @since 1.6
com.netflix.devinsight,rewrite-jackson,0.17.1,-,-,?,-,false,-
com.netflix.devinsight.rewrite,rewrite-core,1.3.1,-,-,?,-,false,com.sun.tools.javac.code.BoundKind       Use javax.tools and javax.lang.model @since 1.6 + com.sun.tools.javac.code.Flags           Use javax.tools and javax.lang.model @since 1.6 + com.sun.tools.javac.code.Scope           Use javax.tools and javax.lang.model @since 1.6 + com.sun.tools.javac.code.Symbol          Use javax.tools and javax.lang.model @since 1.6 + com.sun.tools.javac.code.Symbol$ClassSymbol Use javax.tools and javax.lang.model @since 1.6 + com.sun.tools.javac.code.Symbol$MethodSymbol Use javax.tools and javax.lang.model @since 1.6 + com.sun.tools.javac.code.Symbol$TypeSymbol Use javax.tools and javax.lang.model @since 1.6 + com.sun.tools.javac.code.Symbol$TypeVariableSymbol Use javax.tools and javax.lang.model @since 1.6 + com.sun.tools.javac.code.Symbol$VarSymbol Use javax.tools and javax.lang.model @since 1.6 + com.sun.tools.javac.code.Type            Use javax.tools and javax.lang.model @since 1.6 + com.sun.tools.javac.code.Type$ArrayType  Use javax.tools and javax.lang.model @since 1.6 + com.sun.tools.javac.code.Type$ClassType  Use javax.tools and javax.lang.model @since 1.6 + com.sun.tools.javac.code.Type$ForAll     Use javax.tools and javax.lang.model @since 1.6 + com.sun.tools.javac.code.Type$JCNoType   Use javax.tools and javax.lang.model @since 1.6 + com.sun.tools.javac.code.Type$JCPrimitiveType Use javax.tools and javax.lang.model @since 1.6 + com.sun.tools.javac.code.Type$MethodType Use javax.tools and javax.lang.model @since 1.6 + com.sun.tools.javac.code.Type$TypeVar    Use javax.tools and javax.lang.model @since 1.6 + com.sun.tools.javac.code.TypeTag         Use javax.tools and javax.lang.model @since 1.6 + com.sun.tools.javac.comp.Check           Use javax.tools and javax.lang.model @since 1.6 + com.sun.tools.javac.comp.Enter           Use javax.tools and javax.lang.model @since 1.6 + com.sun.tools.javac.comp.Todo            Use javax.tools and javax.lang.model @since 1.6 + com.sun.tools.javac.file.JavacFileManager Use javax.tools and javax.lang.model @since 1.6 + com.sun.tools.javac.main.JavaCompiler    Use javax.tools and javax.lang.model @since 1.6 + com.sun.tools.javac.tree.DocCommentTable Use com.sun.source @since 1.6 + com.sun.tools.javac.tree.EndPosTable     Use com.sun.source @since 1.6 + com.sun.tools.javac.tree.JCTree          Use com.sun.source @since 1.6 + com.sun.tools.javac.tree.JCTree$JCArrayTypeTree Use com.sun.source @since 1.6 + com.sun.tools.javac.tree.JCTree$JCAssert Use com.sun.source @since 1.6 + com.sun.tools.javac.tree.JCTree$JCAssign Use com.sun.source @since 1.6 + com.sun.tools.javac.tree.JCTree$JCAssignOp Use com.sun.source @since 1.6 + com.sun.tools.javac.tree.JCTree$JCBinary Use com.sun.source @since 1.6 + com.sun.tools.javac.tree.JCTree$JCBlock  Use com.sun.source @since 1.6 + com.sun.tools.javac.tree.JCTree$JCBreak  Use com.sun.source @since 1.6 + com.sun.tools.javac.tree.JCTree$JCCase   Use com.sun.source @since 1.6 + com.sun.tools.javac.tree.JCTree$JCClassDecl Use com.sun.source @since 1.6 + com.sun.tools.javac.tree.JCTree$JCCompilationUnit Use com.sun.source @since 1.6 + com.sun.tools.javac.tree.JCTree$JCContinue Use com.sun.source @since 1.6 + com.sun.tools.javac.tree.JCTree$JCDoWhileLoop Use com.sun.source @since 1.6 + com.sun.tools.javac.tree.JCTree$JCExpression Use com.sun.source @since 1.6 + com.sun.tools.javac.tree.JCTree$JCExpressionStatement Use com.sun.source @since 1.6 + com.sun.tools.javac.tree.JCTree$JCFieldAccess Use com.sun.source @since 1.6 + com.sun.tools.javac.tree.JCTree$JCIdent  Use com.sun.source @since 1.6 + com.sun.tools.javac.tree.JCTree$JCLiteral Use com.sun.source @since 1.6 + com.sun.tools.javac.tree.JCTree$JCMemberReference Use com.sun.source @since 1.6 + com.sun.tools.javac.tree.JCTree$JCMethodDecl Use com.sun.source @since 1.6 + com.sun.tools.javac.tree.JCTree$JCMethodInvocation Use com.sun.source @since 1.6 + com.sun.tools.javac.tree.JCTree$JCModifiers Use com.sun.source @since 1.6 + com.sun.tools.javac.tree.JCTree$JCNewArray Use com.sun.source @since 1.6 + com.sun.tools.javac.tree.JCTree$JCNewClass Use com.sun.source @since 1.6 + com.sun.tools.javac.tree.JCTree$JCReturn Use com.sun.source @since 1.6 + com.sun.tools.javac.tree.JCTree$JCSkip   Use com.sun.source @since 1.6 + com.sun.tools.javac.tree.JCTree$JCStatement Use com.sun.source @since 1.6 + com.sun.tools.javac.tree.JCTree$JCThrow  Use com.sun.source @since 1.6 + com.sun.tools.javac.tree.JCTree$JCUnary  Use com.sun.source @since 1.6 + com.sun.tools.javac.tree.JCTree$JCVariableDecl Use com.sun.source @since 1.6 + com.sun.tools.javac.tree.JCTree$JCWildcard Use com.sun.source @since 1.6 + com.sun.tools.javac.tree.JCTree$Tag      Use com.sun.source @since 1.6 + com.sun.tools.javac.tree.JCTree$TypeBoundKind Use com.sun.source @since 1.6 + com.sun.tools.javac.util.Context         Use javax.tools and javax.lang.model @since 1.6 + com.sun.tools.javac.util.List            Use javax.tools and javax.lang.model @since 1.6 + com.sun.tools.javac.util.Log             Use javax.tools and javax.lang.model @since 1.6 + com.sun.tools.javac.util.Name            Use javax.tools and javax.lang.model @since 1.6 + com.sun.tools.javac.util.Options         Use javax.tools and javax.lang.model @since 1.6
com.netflix.devinsight.rewrite,rewrite-jackson,1.3.1,-,-,?,-,false,-
com.netflix.eureka,eureka-client,1.9.4,-,-,?,-,false,-
com.netflix.eureka,eureka-client-archaius2,1.9.4,-,-,?,-,false,-
com.netflix.eureka,eureka-client-jersey2,1.9.4,-,-,?,-,false,-
com.netflix.eureka,eureka-core,1.9.4,-,-,?,-,false,-
com.netflix.eureka,eureka-core-jersey2,1.9.4,-,-,?,-,false,-
com.netflix.eureka,eureka-examples,1.9.4,-,-,?,-,false,-
com.netflix.eureka,eureka-resources,1.9.4,-,-,?,-,false,-
com.netflix.eureka,eureka-test-utils,1.9.4,-,-,?,-,false,-
com.netflix.falcor,falcor-model,0.110.1,-,-,?,-,false,-
com.netflix.falcor,falcor-router,0.110.1,-,-,?,-,false,-
com.netflix.hollow,hollow,3.1.0,-,-,?,-,false,sun.misc.Unsafe                          See http://openjdk.java.net/jeps/260
com.netflix.hollow,hollow-diff-ui,3.1.0,-,-,?,-,false,-
com.netflix.hollow,hollow-explorer-ui,3.1.0,-,-,?,-,false,-
com.netflix.hollow,hollow-jsonadapter,3.1.0,-,-,?,-,false,-
com.netflix.hollow,hollow-test,3.1.0,-,-,?,-,false,-
com.netflix.hollow,hollow-ui-tools,3.1.0,-,-,?,-,false,-
com.netflix.hollow,hollow-zenoadapter,3.1.0,-,-,?,-,false,-
com.netflix.hystrix,hystrix-clj,1.5.12,-,-,?,-,false,-
com.netflix.hystrix,hystrix-codahale-metrics-publisher,1.5.12,-,-,?,-,false,-
com.netflix.hystrix,hystrix-core,1.5.12,-,-,?,-,false,sun.misc.Unsafe                          See http://openjdk.java.net/jeps/260
com.netflix.hystrix,hystrix-examples,1.5.12,-,-,?,-,false,-
com.netflix.hystrix,hystrix-javanica,1.5.12,-,-,?,-,false,-
com.netflix.hystrix,hystrix-junit,1.5.12,-,-,?,-,false,-
com.netflix.hystrix,hystrix-metrics-event-stream,1.5.12,-,-,?,-,false,-
com.netflix.hystrix,hystrix-metrics-event-stream-jaxrs,1.5.12,-,-,?,-,false,-
com.netflix.hystrix,hystrix-network-auditor-agent,1.5.12,-,-,?,-,false,-
com.netflix.hystrix,hystrix-request-servlet,1.5.12,-,-,?,-,false,-
com.netflix.hystrix,hystrix-rx-netty-metrics-stream,1.5.12,-,-,?,-,false,-
com.netflix.hystrix,hystrix-serialization,1.5.12,-,-,?,-,false,-
com.netflix.hystrix,hystrix-servo-metrics-publisher,1.5.12,-,-,?,-,false,-
com.netflix.hystrix,hystrix-yammer-metrics-publisher,1.5.12,-,-,?,-,false,-
com.netflix.nebula,gradle-resolution-rules,0.55.0,-,-,?,-,false,-
com.netflix.nebula,gradle-resolution-rules-plugin,6.0.5,-,-,?,-,false,-
com.netflix.nebula,nebula-docker-plugin,1.4.2,-,-,?,-,false,-
com.netflix.nebula,nebula-test,6.7.1,-,-,?,-,false,-
com.netflix.oss.tools,osstracker-scraper,0.1.13,-,-,?,-,false,-
com.netflix.oss.tools,osstracker-scraperapp,0.1.13,-,-,?,-,false,-
com.netflix.spectator,spectator-agent,0.74.4,com.netflix.spectator.agent,-,automatic,-,false,-
com.netflix.spectator,spectator-api,0.74.4,com.netflix.spectator.api,-,automatic,-,false,-
com.netflix.spectator,spectator-ext-aws,0.74.4,com.netflix.spectator.aws,-,automatic,-,false,-
com.netflix.spectator,spectator-ext-aws2,0.74.4,com.netflix.spectator.aws2,-,automatic,-,false,-
com.netflix.spectator,spectator-ext-gc,0.74.4,com.netflix.spectator.gc,-,automatic,-,false,-
com.netflix.spectator,spectator-ext-ipc,0.74.4,com.netflix.spectator.ipc,-,automatic,-,false,-
com.netflix.spectator,spectator-ext-ipcservlet,0.74.4,com.netflix.spectator.ipcservlet,-,automatic,-,false,-
com.netflix.spectator,spectator-ext-jvm,0.74.4,com.netflix.spectator.jvm,-,automatic,-,false,-
com.netflix.spectator,spectator-ext-log4j1,0.74.4,com.netflix.spectator.log4j1,-,automatic,-,false,-
com.netflix.spectator,spectator-ext-log4j1.md,0.57.0,-,-,?,-,false,-
com.netflix.spectator,spectator-ext-log4j2,0.74.4,com.netflix.spectator.log4j2,-,automatic,-,false,-
com.netflix.spectator,spectator-ext-placeholders,0.74.4,com.netflix.spectator.placeholders,-,automatic,-,false,-
com.netflix.spectator,spectator-ext-sandbox,0.74.4,com.netflix.spectator.sandbox,-,automatic,-,false,-
com.netflix.spectator,spectator-ext-spark,0.74.4,com.netflix.spectator.spark,-,automatic,-,false,-
com.netflix.spectator,spectator-nflx,0.74.4,com.netflix.spectator.nflx.governator,-,automatic,-,false,-
com.netflix.spectator,spectator-nflx-plugin,0.74.4,com.netflix.spectator.nflx,-,automatic,-,false,-
com.netflix.spectator,spectator-perf,0.74.4,com.netflix.spectator.perf,-,automatic,-,false,-
com.netflix.spectator,spectator-reg-atlas,0.74.4,com.netflix.spectator.atlas,-,automatic,-,false,-
com.netflix.spectator,spectator-reg-metrics3,0.74.4,com.netflix.spectator.metrics3,-,automatic,-,false,-
com.netflix.spectator,spectator-reg-servo,0.74.4,com.netflix.spectator.servo,-,automatic,-,false,-
com.netflix.spectator,spectator-reg-stateless,0.74.4,com.netflix.spectator.stateless,-,automatic,-,false,-
com.netflix.spectator,spectator-web-spring,0.74.4,com.netflix.spectator.spring,-,automatic,-,false,-
