groupId,artifactId,version,moduleName,moduleVersion,moduleMode,moduleDependencies,jdepsToolError,jdepsViolations
com.github.akurilov,java-commons,2.1.6,-,-,?,-,false,-
com.hankcs,hanlp,portable-1.6.8,-,-,?,-,false,sun.reflect.FieldAccessor                Removed. See http://openjdk.java.net/jeps/260 + sun.reflect.ReflectionFactory            See http://openjdk.java.net/jeps/260
com.hankcs.nlp,hanlp-lucene-plugin,1.1.5,-,-,?,-,false,-
org.axonframework,axon-amqp,3.3.5,org.axonframework.amqp,-,automatic,-,false,-
org.axonframework,axon-core,3.3.5,org.axonframework.core,-,automatic,-,false,-
org.axonframework,axon-legacy,3.3.5,-,-,?,-,false,-
org.axonframework,axon-metrics,3.3.5,org.axonframework.metrics,-,automatic,-,false,-
org.axonframework,axon-spring-boot-starter-jgroups,3.3.5,-,-,?,-,false,-
org.bykn,fastparseCats_2.11,0.1.0,-,-,?,-,false,-
org.bykn,fastparseCats_2.12,0.1.0,-,-,?,-,false,-
org.bykn,fastparse-cats-core_2.11,0.1.0,-,-,?,-,false,-
org.bykn,fastparse-cats-core_2.12,0.1.0,-,-,?,-,false,-
org.bykn,fastparse-cats-core_sjs0.6_2.11,0.1.0,-,-,?,-,false,-
org.bykn,fastparse-cats-core_sjs0.6_2.12,0.1.0,-,-,?,-,false,-
org.bykn,fastparseCats_sjs0.6_2.11,0.1.0,-,-,?,-,false,-
org.bykn,fastparseCats_sjs0.6_2.12,0.1.0,-,-,?,-,false,-
org.cloudsimplus,cloudsim-plus,3.0.1,-,-,?,-,false,-
org.cloudsimplus,cloudsim-plus-automation,1.2.4,-,-,?,-,false,-
org.fusesource.hawtjni,hawtjni-example,1.16,-,-,?,-,false,-
org.fusesource.hawtjni,hawtjni-generator,1.16,-,-,?,-,false,-
org.fusesource.hawtjni,hawtjni-maven-plugin,1.16,-,-,?,-,false,-
org.fusesource.hawtjni,hawtjni-runtime,1.16,-,-,?,-,false,-
org.fusesource.jansi,example,1.17.1,-,-,?,-,false,-
org.fusesource.jansi,jansi,1.17.1,-,-,?,-,false,-
org.fusesource.jansi,jansi-freebsd32,1.8,-,-,?,-,false,-
org.fusesource.jansi,jansi-freebsd64,1.8,-,-,?,-,false,-
org.fusesource.jansi,jansi-linux32,1.8,-,-,?,-,false,-
org.fusesource.jansi,jansi-linux64,1.8,-,-,?,-,false,-
org.fusesource.jansi,jansi-native,1.8,-,-,?,-,false,-
org.fusesource.jansi,jansi-osx,1.8,-,-,?,-,false,-
org.fusesource.jansi,jansi-windows32,1.8,-,-,?,-,false,-
org.fusesource.jansi,jansi-windows64,1.8,-,-,?,-,false,-
org.fusesource.restygwt,restygwt,2.2.3,-,-,?,-,false,-
org.genesys-pgr,application-blocks-auditlog,1.3.1,-,-,?,-,false,-
org.genesys-pgr,application-blocks-core,1.3.1,-,-,?,-,false,-
org.genesys-pgr,application-blocks-security,1.3.1,-,-,?,-,false,-
org.genesys-pgr,file-repository-core,0.9,-,-,?,-,false,-
org.genesys-pgr,file-repository-ftpserver,0.9,-,-,?,-,false,-
org.genesys-pgr,genesys-client-api,1.2,-,-,?,-,false,-
org.genesys-pgr,genesys-geotools,1.0,-,-,?,-,false,-
org.genesys-pgr,geotools-cli,1.0,-,-,?,-,false,-
org.genesys-pgr,glis-client,1.0-RC1,-,-,?,-,false,-
org.genesys-pgr,glis-client-common,1.0,-,-,?,-,false,-
org.genesys-pgr,glis-client-jersey2,1.0,-,-,?,-,false,-
org.genesys-pgr,glis-client-okhttp-gson,1.0,-,-,?,-,false,-
org.genesys-pgr,glis-client-resteasy,1.0,-,-,?,-,false,-
org.genesys-pgr,glis-client-resttemplate,1.0,-,-,?,-,false,-
org.genesys-pgr,grin-taxonomy-downloader,1.1,-,-,?,-,false,-
org.genesys-pgr,grin-taxonomy-reader,1.1,-,-,?,-,false,-
org.genesys-pgr,taxonomychecker,1.1,-,-,?,-,false,-
org.in-cal,incal-core_2.11,0.0.5,-,-,?,-,false,-
org.in-cal,incal-play_2.11,0.0.18,-,-,?,-,false,-
org.openpreservation.jhove,jhove-apps,1.20.1,-,-,?,-,false,-
org.openpreservation.jhove,jhove-core,1.20.1,-,-,?,-,false,-
org.openpreservation.jhove,jhove-ext-modules,1.20.1,-,-,?,-,false,-
org.openpreservation.jhove,jhove-installer,1.20.1,-,-,?,-,false,-
org.openpreservation.jhove,jhove-modules,1.20.1,-,-,?,-,false,-
org.pageobject,core_2.11,0.3.0,-,-,?,-,false,-
org.pageobject,core_2.12,0.3.0,-,-,?,-,false,-
org.pageobject.patch.org.scalatest,scalatest_2.11,3.0.3,-,-,?,-,false,-
org.pageobject.patch.org.scalatest,scalatest_2.12,3.0.3,-,-,?,-,false,-
org.pageobject,scalatest_2.11,0.3.0,-,-,?,-,false,-
org.pageobject,scalatest_2.12,0.3.0,-,-,?,-,false,-
org.sqlproc,sql-processor-beans,3.3.4,-,-,?,-,false,-
org.tarantool,connector,1.7.5,-,-,?,-,false,-
ws.osiris,osiris-aws,0.10.1,-,-,?,-,false,-
ws.osiris,osiris-aws-deploy,0.10.1,-,-,?,-,false,-
ws.osiris,osiris-core,0.10.1,-,-,?,-,false,-
ws.osiris,osiris-integration,0.10.1,-,-,?,-,false,-
ws.osiris,osiris-local-server,0.10.1,-,-,?,-,false,-
ws.osiris,osiris-maven-plugin,0.10.1,-,-,?,-,false,-
ws.osiris,osiris-server,0.10.1,-,-,?,-,false,-
