groupId,artifactId,version,moduleName,moduleVersion,moduleMode,moduleDependencies,jdepsToolError,jdepsViolations
com.abranhe,bigdecimal,1.0.1,-,-,?,-,false,-
com.adyen,adyen-java-api-library,1.5.2,-,-,?,-,false,-
com.ailyr,lyr-tool-all,4.0.6,-,-,?,-,false,sun.reflect.Reflection                   Use java.lang.StackWalker @since 9
com.ailyr,lyr-tool-aop,4.0.6,-,-,?,-,false,-
com.ailyr,lyr-tool-bloomFilter,4.0.6,-,-,?,-,false,-
com.ailyr,lyr-tool-cache,4.0.6,-,-,?,-,false,-
com.ailyr,lyr-tool-captcha,4.0.6,-,-,?,-,false,-
com.ailyr,lyr-tool-core,4.0.6,-,-,?,-,false,sun.reflect.Reflection                   Use java.lang.StackWalker @since 9
com.ailyr,lyr-tool-cron,4.0.6,-,-,?,-,false,-
com.ailyr,lyr-tool-crypto,4.0.6,-,-,?,-,false,-
com.ailyr,lyr-tool-db,4.0.6,-,-,?,-,false,-
com.ailyr,lyr-tool-dfa,4.0.6,-,-,?,-,false,-
com.ailyr,lyr-tool-extra,4.0.6,-,-,?,-,false,-
com.ailyr,lyr-tool-http,4.0.6,-,-,?,-,false,-
com.ailyr,lyr-tool-json,4.0.6,-,-,?,-,false,-
com.ailyr,lyr-tool-log,4.0.6,-,-,?,-,false,-
com.ailyr,lyr-tool-poi,4.0.6,-,-,?,-,false,-
com.ailyr,lyr-tool-script,4.0.6,-,-,?,-,false,-
com.ailyr,lyr-tool-setting,4.0.6,-,-,?,-,false,-
com.ailyr,lyr-tool-system,4.0.6,-,-,?,-,false,-
com.ailyr,lyr-tool-xpath,4.0.6,-,-,?,-,false,-
com.ajaxjs,ajaxjs-base,1.1.4,-,-,?,-,false,sun.misc.BASE64Decoder                   Use java.util.Base64 @since 1.8 + sun.misc.BASE64Encoder                   Use java.util.Base64 @since 1.8 + sun.reflect.generics.reflectiveObjects.ParameterizedTypeImpl Removed. See http://openjdk.java.net/jeps/260
com.ajaxjs,ajaxjs-cms,1.0.0,-,-,?,-,false,-
com.ajaxjs,ajaxjs-data,1.0.5,-,-,?,-,false,sun.reflect.generics.reflectiveObjects.ParameterizedTypeImpl Removed. See http://openjdk.java.net/jeps/260
com.ajaxjs,ajaxjs-net,1.0.1,-,-,?,-,false,sun.security.action.GetPropertyAction    Use java.security.PrivilegedAction @since 1.1
com.ajaxjs,ajaxjs-web,1.1.0,-,-,?,-,false,-
com.ajaxjs,base,0.0.1,-,-,?,-,false,sun.misc.BASE64Decoder                   Use java.util.Base64 @since 1.8 + sun.misc.BASE64Encoder                   Use java.util.Base64 @since 1.8 + sun.reflect.generics.reflectiveObjects.ParameterizedTypeImpl Removed. See http://openjdk.java.net/jeps/260
com.algorithmia,algorithmia-client,1.0.15,-,-,?,-,false,-
com.algorithmia,algorithmia-scala_2.11,0.9.5,-,-,?,-,false,-
com.algorithmia,algorithmia-scala_2.12,0.9.5,-,-,?,-,false,-
com.andonapp,andonapp,1.0.1,-,-,?,-,false,-
com.andreidemus.http-kit,http-kit,0.0.1,-,-,?,-,false,-
com.aventrix.jnanoid,jnanoid,1.0.1,-,-,?,-,false,-
com.bernardomg.maven.skins,docs-maven-skin,1.3.2,-,-,?,-,false,-
com.bernardomg.tabletop,dice,1.3.0,-,-,?,-,false,-
com.bernardomg.tabletop.dreadball,dreadball-model-api,0.9.1,-,-,?,-,false,-
com.bernardomg.tabletop.dreadball,dreadball-model-default,0.8.1,-,-,?,-,false,-
com.bernardomg.tabletop.dreadball,dreadball-model-json,0.9.1,-,-,?,-,false,-
com.bernardomg.tabletop.dreadball,dreadball-model-persistence,0.8.6,-,-,?,-,false,-
com.bitso,bitso-java,3.0.3,-,-,?,-,false,-
com.bloidonia,groovy-common-extensions,0.7.1,-,-,?,-,false,-
com.chuckiefan,APKUploadPlugin,0.0.2,-,-,?,-,false,-
com.codahale,aes-gcm-siv,0.4.2,-,-,?,-,false,-
com.codahale,gimli,0.1.2,-,-,?,-,false,-
com.codahale,longmapper,0.1.0,-,-,?,-,false,-
com.codahale,passpol,0.6.1,-,-,?,-,false,-
com.codahale,shamir,0.6.1,com.codahale.shamir,-,automatic,-,false,-
com.codahale,usl4j,0.5.4,-,-,?,-,false,-
com.codahale,xsalsa20poly1305,0.10.1,-,-,?,-,false,-
com.codeborne,mobileid,1.3,-,-,?,-,false,-
com.codeborne,pdf-test,1.5.0,-,-,?,-,false,-
com.codeborne,phantomjsdriver,1.4.4,-,-,?,-,false,-
com.codeborne,selenide,4.13.0,com.codeborne.selenide,-,automatic,-,false,-
com.codeborne,selenide-appium,1.0,-,-,?,-,false,-
com.codeborne,xls-test,1.4.0,-,-,?,-,false,-
com.davidehrmann.vcdiff,vcdiff-cli,0.1.1,-,-,?,-,false,-
com.davidehrmann.vcdiff,vcdiff-core,0.1.1,-,-,?,-,false,-
com.dell.cpsd,api-gateway,1.0.0,-,-,?,-,false,-
com.dell.cpsd,common-client,2.1.0,-,-,?,-,false,-
com.dell.cpsd.common.client,common-client,1.3.0,-,-,?,-,false,-
com.dell.cpsd,common-contract-enricher,2.2.0,-,-,?,-,false,-
com.dell.cpsd,common-keystore,2.0.0,-,-,?,-,false,sun.security.x509.X500Name               Use javax.security.auth.x500.X500Principal @since 1.4
com.dell.cpsd.common.messaging,common-contract-enricher,1.5.0,-,-,?,-,false,-
com.dell.cpsd.common.messaging,common-rabbitmq,1.5.0,-,-,?,-,false,-
com.dell.cpsd.common.messaging,common-testing,1.5.0,-,-,?,-,false,-
com.dell.cpsd,common-rabbitmq,2.2.0,-,-,?,-,false,-
com.dell.cpsd,common-testing,2.2.0,-,-,?,-,false,-
com.dell.cpsd,component-common-core,2.0.0,-,-,?,-,false,-
com.dell.cpsd,component-common-validators,2.0.0,-,-,?,-,false,-
com.dell.cpsd.component,component-common-core,1.1.0,-,-,?,-,false,-
com.dell.cpsd.component,component-common-validators,1.0.0,-,-,?,-,false,-
com.dell.cpsd,credential-service-api,1.3.2,-,-,?,-,false,-
com.dell.cpsd,discovered-nodes-capabilities-api,1.0.0,-,-,?,-,false,-
com.dell.cpsd,discovered-nodes-capabilities-client-java,1.0.0,-,-,?,-,false,-
com.dell.cpsd,endpoint-registration-api,1.0.0,-,-,?,-,false,-
com.dell.cpsd,gateway-rackhd,1.0.0,-,-,?,-,false,-
com.dell.cpsd,hal-data-provider-api,1.0.0,-,-,?,-,false,-
com.dell.cpsd,hal-data-provider-client,1.0.0,-,-,?,-,false,-
com.dell.cpsd,hal-data-provider-common,1.0.0,-,-,?,-,false,-
com.dell.cpsd,hal-orchestrator-service-api,1.0.0,-,-,?,-,false,-
com.dell.cpsd,hdp-capability-registry,1.0.0,-,-,?,-,false,-
com.dell.cpsd,hdp-capability-registry-api,1.0.0,-,-,?,-,false,-
com.dell.cpsd,hdp-capability-registry-client,1.1.0,-,-,?,-,false,-
com.dell.cpsd,identity-service,1.0.0,-,-,?,-,false,-
com.dell.cpsd,identity-service-api,1.2.0,-,-,?,-,false,-
com.dell.cpsd,prepositioning-downloader-api,1.0.0,-,-,?,-,false,-
com.dell.cpsd,rcm-capability-service-api,1.0.0,-,-,?,-,false,-
com.dell.cpsd,rcm-compliance-data-service-api,1.0.0,-,-,?,-,false,-
com.dell.cpsd,rcm-definition-service-api,1.0.4,-,-,?,-,false,-
com.dell.cpsd,rcm-evaluation-service-api,1.0.0,-,-,?,-,false,-
com.dell.cpsd.rcm.fitness.keystore,rcm-fitness-common-keystore,1.4.0,-,-,?,-,false,sun.security.x509.X500Name               Use javax.security.auth.x500.X500Principal @since 1.4
com.dell.cpsd,sample-service-api,0.1.0,-,-,?,-,false,-
com.dell.cpsd,storage-capabilities-api,1.0.0,-,-,?,-,false,-
com.dell.cpsd,virtualization-capabilities-api,1.0.0,-,-,?,-,false,-
com.dell.isg.smi,adapter-chassis,1.0.32,-,-,?,-,false,-
com.dell.isg.smi,adapter-server,1.0.81,-,-,?,-,false,-
com.dell.isg.smi,commons-elm,1.0.82,-,-,?,-,false,-
com.dell.isg.smi,commons-model,1.0.97,-,-,?,-,false,-
com.dell.isg.smi,commons-utilities,1.0.32,-,-,?,-,false,-
com.dell.isg.smi,duec,1.0.13,-,-,?,-,false,-
com.dell.isg.smi,racadmlib,1.0.35,-,-,?,-,false,-
com.dell.isg.smi,virtualidentity,1.0.35,-,-,?,-,false,-
com.dell.isg.smi,virtualnetwork,2.2.5,-,-,?,-,false,-
com.dell.isg.smi,wiseman,1.0.9,-,-,?,-,false,-
com.dell.isg.smi,wsmanclient,1.0.40,-,-,?,-,false,-
com.dell.isg.smi,wsmanlib,1.0.67,-,-,?,-,false,-
com.flickr4java,flickr4java,2.18,-,-,?,-,false,-
com.flybotix,HighFrequencyRobots,0.0.16,-,-,?,-,false,-
com.flybotix,highfrequencyrobots,2018.01.07,-,-,?,-,false,-
com.fnklabs.draenei,analytics,0.8.5,-,-,?,-,false,-
com.fnklabs.draenei,ignite,0.8.5,-,-,?,-,false,-
com.fnklabs.draenei,orm,0.8.5,-,-,?,-,false,-
com.fnklabs,fnklabs-draenei,0.8.3,-,-,?,-,false,-
com.fnklabs,fnklabs-metrics-codahale,0.1.14,-,-,?,-,false,-
com.fnklabs,fnklabs-metrics-core,0.1.14,-,-,?,-,false,-
com.fnklabs,metrics-core,0.2.1,-,-,?,-,false,-
com.fnklabs,metrics-dropwizard,0.2.1,-,-,?,-,false,-
com.folio-sec,reladomo-scala-common_2.11,17.0.0,-,-,?,-,false,-
com.folio-sec,reladomo-scala-common_2.12,17.0.0,-,-,?,-,false,-
com.folio-sec,reladomo-scala-twitter-17.10-common_2.11,16.7.0,-,-,?,-,false,-
com.folio-sec,reladomo-scala-twitter-17.10-common_2.12,16.7.0,-,-,?,-,false,-
com.folio-sec,reladomo-scala-twitter-17.11-common_2.11,16.7.0,-,-,?,-,false,-
com.folio-sec,reladomo-scala-twitter-17.11-common_2.12,16.7.0,-,-,?,-,false,-
com.folio-sec,reladomo-scala-twitter-17.12-common_2.11,16.7.0,-,-,?,-,false,-
com.folio-sec,reladomo-scala-twitter-17.12-common_2.12,16.7.0,-,-,?,-,false,-
com.folio-sec,reladomo-scala-twitter-18.5-common_2.11,17.0.0,-,-,?,-,false,-
com.folio-sec,reladomo-scala-twitter-18.5-common_2.12,17.0.0,-,-,?,-,false,-
com.folio-sec,reladomo-scala-twitter-18.6-common_2.11,17.0.0,-,-,?,-,false,-
com.folio-sec,reladomo-scala-twitter-18.6-common_2.12,17.0.0,-,-,?,-,false,-
com.folio-sec,reladomo-scala-twitter-18.7-common_2.11,17.0.0,-,-,?,-,false,-
com.folio-sec,reladomo-scala-twitter-18.7-common_2.12,17.0.0,-,-,?,-,false,-
com.folio-sec,reladomo-scala-twitter-6.43-common_2.11,16.6.1,-,-,?,-,false,-
com.folio-sec,reladomo-scala-twitter-6.43-common_2.12,16.6.1,-,-,?,-,false,-
com.folio-sec,reladomo-scala-twitter-6.45-common_2.11,16.6.1,-,-,?,-,false,-
com.folio-sec,reladomo-scala-twitter-6.45-common_2.12,16.6.1,-,-,?,-,false,-
com.folio-sec,reladomo-scala-twitter-7.0-common_2.11,16.6.1,-,-,?,-,false,-
com.folio-sec,reladomo-scala-twitter-7.0-common_2.12,16.6.1,-,-,?,-,false,-
com.folio-sec,reladomo-scala-twitter-7.1-common_2.11,16.7.0,-,-,?,-,false,-
com.folio-sec,reladomo-scala-twitter-7.1-common_2.12,16.7.0,-,-,?,-,false,-
com.fooock,jshodan,0.4.9,-,-,?,-,false,-
com.franz,agraph-java-client,2.2.1,-,-,?,-,false,-
com.frograms,cronish_2.10,0.1.5-FROGRAMS,-,-,?,-,false,-
com.frograms,cronish_2.11,0.1.5-FROGRAMS,-,-,?,-,false,-
com.frograms,cronish_2.12,0.1.5-FROGRAMS,-,-,?,-,false,-
com.frograms,scalendar_2.10,0.1.5-FROGRAMS,-,-,?,-,false,-
com.frograms,scalendar_2.11,0.1.5-FROGRAMS,-,-,?,-,false,-
com.frograms,scalendar_2.12,0.1.5-FROGRAMS,-,-,?,-,false,-
com.geccocrawler,gecco,1.3.0,-,-,?,-,false,-
com.geccocrawler,gecco-redis,1.3.0,-,-,?,-,false,-
com.geccocrawler,gecco-spring,1.3.0,-,-,?,-,false,-
com.ibasco.agql,agql-coc-webapi,0.1.5,-,-,?,-,false,-
com.ibasco.agql,agql-csgo-webapi,0.1.5,-,-,?,-,false,-
com.ibasco.agql,agql-dota2-webapi,0.1.5,-,-,?,-,false,-
com.ibasco.agql,agql-lib-core,0.1.5,-,-,?,-,false,-
com.ibasco.agql,agql-lib-examples,0.1.5,-,-,?,-,false,-
com.ibasco.agql,agql-source-query,0.1.5,-,-,?,-,false,-
com.ibasco.agql,agql-steam-master,0.1.5,-,-,?,-,false,-
com.ibasco.agql,agql-steam-webapi,0.1.5,-,-,?,-,false,-
com.izettle,dropwizard-metrics-influxdb,1.2.3,-,-,?,-,false,-
com.izettle,izettle-checkstyle,2.1.18,-,-,?,-,false,-
com.izettle,metrics-influxdb,1.2.3,-,-,?,-,false,-
com.j2html,j2html,1.3.0,-,-,?,-,false,-
com.jasperdenkers,play-auth_2.11,0.3.0,-,-,?,-,false,-
com.jasperdenkers,play-auth_2.12,0.3.0,-,-,?,-,false,-
com.jasperdenkers,play-utils_2.11,0.3.0,-,-,?,-,false,-
com.jasperdenkers,play-utils_2.12,0.3.0,-,-,?,-,false,-
com.keaixiang,fp,1.0,-,-,?,-,false,-
com.khipu,khipu-api-client,2.7.7,-,-,?,-,false,-
com.khipu,khipu-chaski-api-client,1.0.0,-,-,?,-,false,-
com.koekiebox,git-maven-plugin,1.1,-,-,?,-,false,-
com.liepin,macaw,0.1.2,-,-,?,-,false,-
com.lvack,champion-gg-wrapper,1.0,-,-,?,-,false,-
com.mnubo,java-sdk-client,1.12.0,-,-,?,-,false,-
com.moandjiezana.jsonfeed,jsonfeed4j,0.1.0,-,-,?,-,false,-
com.moandjiezana.toml,toml4j,0.7.2,-,-,?,-,false,-
com.moebiusgames,xdata,1.8,-,-,?,-,false,-
com.netopyr.reduxfx,reduxfx,0.3.1,-,-,?,-,false,-
com.netopyr.reduxfx,reduxfx-fontawesomefx,0.4.1,-,-,?,-,false,-
com.netopyr.reduxfx,reduxfx-fxml,0.4.1,-,-,?,-,false,-
com.netopyr.reduxfx,reduxfx-jfoenix,0.4.1,-,-,?,-,false,-
com.netopyr.reduxfx,reduxfx-store,0.4.1,-,-,?,-,false,-
com.netopyr.reduxfx,reduxfx-view,0.4.1,-,-,?,-,false,-
com.netopyr.wurmloch,wurmloch-crdt,0.1.0,-,-,?,-,false,-
com.orientechnologies,orientdb-client,3.0.6,-,-,?,-,false,-
com.orientechnologies,orientdb-community,3.0.6,-,-,?,-,false,-
com.orientechnologies,orientdb-community-spatial,3.0.0RC2,-,-,?,-,false,-
com.orientechnologies,orientdb-community-tp2,3.0.6,-,-,?,-,false,-
com.orientechnologies,orientdb-core,3.0.6,-,-,?,-,false,sun.misc.Signal                          See http://openjdk.java.net/jeps/260 + sun.misc.SignalHandler                   See http://openjdk.java.net/jeps/260 + sun.misc.Unsafe                          See http://openjdk.java.net/jeps/260
com.orientechnologies,orientdb-crashtests,3.0.6,-,-,?,-,false,-
com.orientechnologies,orientdb-distributed,3.0.6,-,-,?,-,false,sun.misc.Signal                          See http://openjdk.java.net/jeps/260
com.orientechnologies,orientdb-etl,3.0.6,-,-,?,-,false,-
com.orientechnologies,orientdb-graphdb,3.0.6,-,-,?,-,false,-
com.orientechnologies,orientdb-gremlin,3.0.6,-,-,?,-,false,-
com.orientechnologies,orientdb-gremlin-server,3.0.6,-,-,?,-,false,-
com.orientechnologies,orientdb-javassist,3.0.0RC1,-,-,?,-,false,-
com.orientechnologies,orientdb-jdbc,3.0.6,-,-,?,-,false,-
com.orientechnologies,orientdb-lucene,3.0.6,-,-,?,-,false,-
com.orientechnologies,orientdb-neo4j-importer,3.0.6,-,-,?,-,false,-
com.orientechnologies,orientdb-neo4j-importer-plugin,3.0.6,-,-,?,-,false,-
com.orientechnologies,orientdb-object,3.0.6,-,-,?,-,false,-
com.orientechnologies,orientdb-server,3.0.6,-,-,?,-,false,-
com.orientechnologies,orientdb-spatial,3.0.0RC2,-,-,?,-,false,-
com.orientechnologies,orientdb-studio,3.0.6,-,-,?,-,false,-
com.orientechnologies,orientdb-test-commons,3.0.6,-,-,?,-,false,-
com.orientechnologies,orientdb-tools,3.0.6,-,-,?,-,false,sun.misc.Signal                          See http://openjdk.java.net/jeps/260 + sun.misc.SignalHandler                   See http://openjdk.java.net/jeps/260
com.orientechnologies.samples,spring-boot-orientdb-hello,0.14,-,-,?,-,false,-
com.orientechnologies.samples,spring-boot-orientdb-shiro,0.14,-,-,?,-,false,-
com.orientechnologies,spring-boot-orientdb-autoconfigure,0.14,-,-,?,-,false,-
com.orientechnologies,spring-data-orientdb-benchmarks,0.14,-,-,?,-,false,-
com.orientechnologies,spring-data-orientdb-commons,0.14,-,-,?,-,false,-
com.orientechnologies,spring-data-orientdb-document,0.14,-,-,?,-,false,-
com.orientechnologies,spring-data-orientdb-graph,0.14,-,-,?,-,false,-
com.orientechnologies,spring-data-orientdb-object,0.14,-,-,?,-,false,-
com.passwordping,passwordping-java-client,2.1.1,-,-,?,-,false,-
com.rotilho.jnano,jnano-commons,1.0.0,-,-,?,-,false,-
com.sevenbridges.apiclient,sevenbridges-java-api,0.5.0,-,-,?,-,false,-
com.sevenbridges.apiclient,sevenbridges-java-httpclient,0.5.0,-,-,?,-,false,-
com.sevenbridges.apiclient,sevenbridges-java-impl,0.5.0,-,-,?,-,false,sun.misc.Unsafe                          See http://openjdk.java.net/jeps/260
com.siloft,siloft-data,0.8.1,-,-,?,-,false,-
com.siloft,siloft-networking,0.8.6,-,-,?,-,false,-
com.smartling,smartling-api-sdk,4.0.21,-,-,?,-,false,-
com.solidfire,solidfire-sdk-java,1.5.0.89,-,-,?,-,false,-
com.sonymobile,lumbermill-aws,0.0.26,-,-,?,-,false,-
com.sonymobile,lumbermill-aws-lambda,0.0.26,-,-,?,-,false,-
com.sonymobile,lumbermill-core,0.0.26,-,-,?,-,false,-
com.sonymobile,lumbermill-elasticsearch-client,0.0.26,-,-,?,-,false,-
com.sonymobile,lumbermill-geospatial,0.0.26,-,-,?,-,false,-
com.sonymobile,lumbermill-net,0.0.26,-,-,?,-,false,-
com.sonymobile,lumbermill-social,0.0.26,-,-,?,-,false,-
com.tapstream.sdk,tapstream-core,3.3.1,-,-,?,-,false,-
com.telekom.m2m.cot,java-rest-client,1.0.5,-,-,?,-,false,-
com.unbxd,unbxd-java-sdk,2.7,-,-,?,-,false,-
com.vk.api,sdk,0.5.12,-,-,?,-,false,-
com.xuanner,distributed-tool,1.1,-,-,?,-,false,-
com.xuanner,xcache-core,1.0,-,-,?,-,false,-
com.xuanner,xsequence-core,1.6,-,-,?,-,false,-
com.xuanner,xsequence-test,1.2,-,-,?,-,false,-
com.zerodhatech.kiteconnect,kiteconnect,3.0.0,-,-,?,-,false,-
