groupId,artifactId,version,moduleName,moduleVersion,moduleMode,moduleDependencies,jdepsToolError,jdepsViolations
com.2oi7,mysql-table-helper,1.0.1,-,-,?,-,false,-
com.a9ski.text.encoding,convertor,1.0,-,-,?,-,false,-
com.a9ski.utils,commons,1.0,-,-,?,-,false,-
com.a9ski.utils,id,1.1,-,-,?,-,false,-
com.avanza.astrix,astrix-all,0.43.5,-,-,?,-,false,-
com.avanza.astrix,astrix-config,0.43.5,-,-,?,-,false,-
com.avanza.astrix,astrix-context,0.43.5,-,-,?,-,false,-
com.avanza.astrix,astrix-contracts,0.43.5,-,-,?,-,false,-
com.avanza.astrix,astrix-core,0.43.5,-,-,?,-,false,-
com.avanza.astrix,astrix-fault-tolerance,0.43.5,-,-,?,-,false,-
com.avanza.astrix,astrix-gs,0.43.5,-,-,?,-,false,-
com.avanza.astrix,astrix-metrics,0.43.5,-,-,?,-,false,-
com.avanza.astrix,astrix-modules,0.43.5,-,-,?,-,false,-
com.avanza.astrix,astrix-provider,0.43.5,-,-,?,-,false,-
com.avanza.astrix,astrix-remoting,0.43.5,-,-,?,-,false,-
com.avanza.astrix,astrix-service-registry,0.43.5,-,-,?,-,false,-
com.avanza.astrix,astrix-service-registry-pu,0.43.5,-,-,?,-,false,-
com.avanza.astrix,astrix-spring,0.43.5,-,-,?,-,false,-
com.avanza.astrix,astrix-test-support,0.43.5,-,-,?,-,false,-
com.avanza.astrix,astrix-versioning,0.43.5,-,-,?,-,false,-
com.avanza.astrix,hystrix-multiconfig,0.43.5,-,-,?,-,false,-
com.avanza.gs,gs-test,0.1.2,-,-,?,-,false,-
com.avanza.ymer,ymer,1.3.17,-,-,?,-,false,-
com.avanza.ymer,ymer-test,1.3.17,-,-,?,-,false,-
com.azurenight.maven,troposphere-maven-plugin,2.3.0,-,-,?,-,false,-
com.danielasfregola,random-data-generator_2.10,2.3,-,-,?,-,false,-
com.danielasfregola,random-data-generator_2.11,2.5,-,-,?,-,false,-
com.danielasfregola,random-data-generator_2.12,2.5,-,-,?,-,false,-
com.danielasfregola,random-data-generator-magnolia_2.11,2.5,-,-,?,-,false,-
com.danielasfregola,random-data-generator-magnolia_2.12,2.5,-,-,?,-,false,-
com.danielasfregola,twitter4s_2.11,5.5,-,-,?,-,false,-
com.danielasfregola,twitter4s_2.12,5.5,-,-,?,-,false,-
com.dispalt.pop,build-link,0.1.1,-,-,?,-,false,-
com.dispalt.pop,pop-reloadable-server_2.11,0.1.1,-,-,?,-,false,-
com.dispalt.relay,relay-macro_2.11,0.1.5,-,-,?,-,false,-
com.dispalt.relay,relay-macro_2.12,0.1.5,-,-,?,-,false,-
com.dispalt.relay,relay-macro_sjs0.6_2.11,0.6.12,-,-,?,-,false,-
com.dispalt.relay,relay-macro_sjs0.6_2.12,0.11.0,-,-,?,-,false,-
com.dispalt.vitess,client,1.2.0,-,-,?,-,false,-
com.dispalt,vitess-client_2.11,0.6.1,-,-,?,-,false,-
com.dispalt,vitess-client_2.12,0.6.1,-,-,?,-,false,-
com.dispalt.vitess,example,1.2.0,-,-,?,-,false,-
com.dispalt.vitess,grpc-client,1.2.0,-,-,?,-,false,-
com.dispalt.vitess,hadoop,1.2.0,-,-,?,-,false,-
com.dispalt,vitess-quill_2.11,0.6.1,-,-,?,-,false,-
com.dispalt,vitess-quill_2.12,0.6.1,-,-,?,-,false,-
com.dispalt,vitess-shade_2.11,0.6.1,-,-,?,-,false,sun.misc.Unsafe                          See http://openjdk.java.net/jeps/260 + sun.security.x509.X500Name               Use javax.security.auth.x500.X500Principal @since 1.4
com.dispalt,vitess-shade_2.12,0.6.1,-,-,?,-,false,sun.misc.Unsafe                          See http://openjdk.java.net/jeps/260 + sun.security.x509.X500Name               Use javax.security.auth.x500.X500Principal @since 1.4
com.dispalt.vitess,vitess-connector-java,1.2.0,-,-,?,-,false,-
com.ebay.api,feed-sdk,1.0.0.beta-RELEASE,-,-,?,-,false,-
com.ebay.auth,ebay-oauth-java-client,1.1.0,-,-,?,-,false,-
com.ebay.bascomtask,bascomtask-core,1.0.0,-,-,?,-,false,-
com.ebay.bsonpatch,bsonpatch,0.4.4,-,-,?,-,false,-
com.ebay,lightning-client,0.9.0,-,-,?,-,false,-
com.ebay,lightning-core,0.9.0,-,-,?,-,false,-
com.ebay.opentracing,opentracing-basic,1.1.0,-,-,?,-,false,-
com.ecfront.dew,auth,1.1.4,-,-,?,-,false,-
com.ecfront.dew,boot-core,1.1.4,-,-,?,-,false,-
com.ecfront.dew,boot-starter,1.2.2-RC,-,-,?,-,false,-
com.ecfront.dew,cloud-core,1.1.4,-,-,?,-,false,-
com.ecfront.dew,cloud-starter,1.2.2-RC,-,-,?,-,false,-
com.ecfront.dew,cluster-spi-eureka,1.2.2-RC,-,-,?,-,false,-
com.ecfront.dew,cluster-spi-hazelcast,1.2.2-RC,-,-,?,-,false,-
com.ecfront.dew,cluster-spi-redis,1.2.2-RC,-,-,?,-,false,-
com.ecfront.dew,common,1.4.7,-,-,?,-,false,-
com.ecfront.dew,config,1.2.2-RC,-,-,?,-,false,-
com.ecfront.dew,core,1.0.0,-,-,?,-,false,-
com.ecfront.dew,gateway,1.2.2-RC,-,-,?,-,false,-
com.ecfront.dew,idempotent-starter,1.2.2-RC,-,-,?,-,false,-
com.ecfront.dew,jdbc-starter,1.2.2-RC,-,-,?,-,false,-
com.ecfront.dew,registry,1.2.2-RC,-,-,?,-,false,-
com.ecfront.dew,test-starter,1.2.2-RC,-,-,?,-,false,-
com.ecfront,ez-excelconverter,0.3.1,-,-,?,-,false,-
com.ecfront,keyword-extract,1.5,-,-,?,-,false,-
com.fossgalaxy.games,fireworks,0.2.1,-,-,?,-,false,-
com.fossgalaxy.games.tbs,basic-tbs,1.2.20,-,-,?,-,false,-
com.fossgalaxy.util,object-creator,1.7,-,-,?,-,false,-
com.jzallas,lifecycleaware,0.1.0,-,-,?,-,false,-
com.jzallas,lifecycleaware-compiler,0.1.0,-,-,?,-,false,-
com.jzallas,rxdisposal,0.1.1,-,-,?,-,false,-
com.jzallas,rxdisposal-lifecycleaware,0.1.1,-,-,?,-,false,-
com.merakianalytics.datapipelines,datapipelines,1.0.3,-,-,?,-,false,-
com.merakianalytics.orianna.datastores,mongo,1.0.3,-,-,?,-,false,-
com.merakianalytics.orianna.datastores,xodus,1.0.3,-,-,?,-,false,-
com.merakianalytics.orianna,orianna,3.0.4,-,-,?,-,false,-
com.merakianalytics.orianna,orianna-android,3.0.4,-,-,?,-,false,-
com.merakianalytics.orianna,orianna-examples,3.0.4,-,-,?,-,false,-
com.mparticle,android-kit-plugin,5.4.2,-,-,?,-,false,-
com.myjeeva.digitalocean,digitalocean-api-client,2.15,-,-,?,-,false,-
com.myjeeva.poi,excelReader,1.3,-,-,?,-,false,-
com.nepxion,aquarius-assembly-all,2.0.1,-,-,?,-,false,-
com.nepxion,aquarius-assembly-cache,2.0.1,-,-,?,-,false,-
com.nepxion,aquarius-assembly-id-generator,2.0.1,-,-,?,-,false,-
com.nepxion,aquarius-assembly-limit,2.0.1,-,-,?,-,false,-
com.nepxion,aquarius-assembly-lock,2.0.1,-,-,?,-,false,-
com.nepxion,aquarius-cache-aop,2.0.1,-,-,?,-,false,-
com.nepxion,aquarius-cache-redis,2.0.1,-,-,?,-,false,-
com.nepxion,aquarius-cache-starter,2.0.1,-,-,?,-,false,-
com.nepxion,aquarius-common,2.0.1,-,-,?,-,false,-
com.nepxion,aquarius-common-redis,2.0.1,-,-,?,-,false,-
com.nepxion,aquarius-common-zookeeper,2.0.1,-,-,?,-,false,-
com.nepxion,aquarius-id-generator-local,2.0.1,-,-,?,-,false,-
com.nepxion,aquarius-id-generator-redis,2.0.1,-,-,?,-,false,-
com.nepxion,aquarius-id-generator-starter,2.0.1,-,-,?,-,false,-
com.nepxion,aquarius-id-generator-zookeeper,2.0.1,-,-,?,-,false,-
com.nepxion,aquarius-limit-aop,2.0.1,-,-,?,-,false,-
com.nepxion,aquarius-limit-local,2.0.1,-,-,?,-,false,-
com.nepxion,aquarius-limit-redis,2.0.1,-,-,?,-,false,-
com.nepxion,aquarius-limit-starter,2.0.1,-,-,?,-,false,-
com.nepxion,aquarius-lock-aop,2.0.1,-,-,?,-,false,-
com.nepxion,aquarius-lock-local,2.0.1,-,-,?,-,false,-
com.nepxion,aquarius-lock-redis,2.0.1,-,-,?,-,false,-
com.nepxion,aquarius-lock-starter,2.0.1,-,-,?,-,false,-
com.nepxion,aquarius-lock-zookeeper,2.0.1,-,-,?,-,false,-
com.nepxion,discovery-common,4.3.17,-,-,?,-,false,-
com.nepxion,discovery-common-nacos,4.3.17,-,-,?,-,false,-
com.nepxion,discovery-common-redis,4.3.17,-,-,?,-,false,-
com.nepxion,discovery-console,4.3.17,-,-,?,-,false,-
com.nepxion,discovery-console-extension-nacos,4.3.17,-,-,?,-,false,-
com.nepxion,discovery-console-extension-redis,4.3.17,-,-,?,-,false,-
com.nepxion,discovery-console-starter,4.3.16,-,-,?,-,false,-
com.nepxion,discovery-plugin-admin-center,4.3.17,-,-,?,-,false,-
com.nepxion,discovery-plugin-config-center,4.3.17,-,-,?,-,false,-
com.nepxion,discovery-plugin-config-center-extension-nacos,4.3.17,-,-,?,-,false,-
com.nepxion,discovery-plugin-config-center-extension-redis,4.3.17,-,-,?,-,false,-
com.nepxion,discovery-plugin-framework,4.3.17,-,-,?,-,false,-
com.nepxion,discovery-plugin-framework-consul,4.3.17,-,-,?,-,false,-
com.nepxion,discovery-plugin-framework-eureka,4.3.17,-,-,?,-,false,-
com.nepxion,discovery-plugin-framework-zookeeper,4.3.17,-,-,?,-,false,-
com.nepxion,discovery-plugin-router-center,3.3.11,-,-,?,-,false,-
com.nepxion,discovery-plugin-starter,2.0.11,-,-,?,-,false,-
com.nepxion,discovery-plugin-starter-consul,4.3.17,-,-,?,-,false,-
com.nepxion,discovery-plugin-starter-eureka,4.3.17,-,-,?,-,false,-
com.nepxion,discovery-plugin-starter-zookeeper,4.3.17,-,-,?,-,false,-
com.nepxion,discovery-plugin-strategy,4.3.17,-,-,?,-,false,-
com.nepxion,discovery-plugin-strategy-extension-gateway,4.3.17,-,-,?,-,false,-
com.nepxion,discovery-plugin-strategy-extension-service,4.3.17,-,-,?,-,false,-
com.nepxion,discovery-plugin-strategy-extension-zuul,4.3.17,-,-,?,-,false,-
com.nepxion,eventbus-aop,2.0.3,-,-,?,-,false,-
com.nepxion,eventbus-aop-starter,2.0.3,-,-,?,-,false,-
com.nepxion,matrix-aop,2.0.1,-,-,?,-,false,-
com.nepxion,matrix-aop-starter,2.0.1,-,-,?,-,false,-
com.nepxion,permission-aop,2.0.5,-,-,?,-,false,-
com.nepxion,permission-aop-starter,2.0.5,-,-,?,-,false,-
com.nepxion,permission-api,2.0.5,-,-,?,-,false,-
com.nepxion,permission-entity,2.0.5,-,-,?,-,false,-
com.nepxion,permission-feign,2.0.5,-,-,?,-,false,-
com.nepxion,permission-feign-starter,2.0.5,-,-,?,-,false,-
com.nepxion,skeleton-engine,2.0.0,-,-,?,-,false,-
com.nepxion,skeleton-framework,2.0.0,-,-,?,-,false,-
com.nepxion,skeleton-framework-starter,1.0.8,-,-,?,-,false,-
com.nepxion,skeleton-starter,2.0.0,-,-,?,-,false,-
com.nepxion,thunder-framework,1.0.0,-,-,?,-,false,-
com.nepxion,zxing,1.0.7,-,-,?,-,false,-
com.sanctionco.thunder,api,2.0.0,-,-,?,-,false,-
com.sanctionco.thunder,application,2.0.0,-,-,?,-,false,sun.misc.Unsafe                          See http://openjdk.java.net/jeps/260 + sun.reflect.Reflection                   Use java.lang.StackWalker @since 9 + sun.reflect.annotation.AnnotationParser  Removed. See http://openjdk.java.net/jeps/260 + sun.reflect.annotation.AnnotationType    Removed. See http://openjdk.java.net/jeps/260 + sun.reflect.annotation.EnumConstantNotPresentExceptionProxy Removed. See http://openjdk.java.net/jeps/260 + sun.reflect.annotation.ExceptionProxy    Removed. See http://openjdk.java.net/jeps/260
com.sanctionco.thunder,client,2.0.0,-,-,?,-,false,-
com.snowplowanalytics,iab-spiders-and-robots-client,0.1.0,-,-,?,-,false,-
com.snowplowanalytics,iglu-core_2.10,0.3.0-M1,-,-,?,-,false,-
com.snowplowanalytics,iglu-core_2.11,0.3.0,-,-,?,-,false,-
com.snowplowanalytics,iglu-core_2.12,0.3.0,-,-,?,-,false,-
com.snowplowanalytics,iglu-core-circe_2.10,0.3.0-M1,-,-,?,-,false,-
com.snowplowanalytics,iglu-core-circe_2.11,0.3.0,-,-,?,-,false,-
com.snowplowanalytics,iglu-core-circe_2.12,0.3.0,-,-,?,-,false,-
com.snowplowanalytics,iglu-core-json4s_2.10,0.3.0-M1,-,-,?,-,false,-
com.snowplowanalytics,iglu-core-json4s_2.11,0.3.0,-,-,?,-,false,-
com.snowplowanalytics,iglu-core-json4s_2.12,0.3.0,-,-,?,-,false,-
com.snowplowanalytics,iglu-scala-client_2.10,0.5.0,-,-,?,-,false,-
com.snowplowanalytics,iglu-scala-client_2.11,0.5.0,-,-,?,-,false,-
com.snowplowanalytics,lru-map_2.11,0.1.0-M1,-,-,?,-,false,-
com.snowplowanalytics,lru-map_2.12,0.1.0-M1,-,-,?,-,false,-
com.snowplowanalytics,nsq-java-client,1.2.0,-,-,?,-,false,-
com.snowplowanalytics,nsq-java-client_2.10,1.2.0-M1,-,-,?,-,false,-
com.snowplowanalytics,piinguin-client_2.12,0.1.0,-,-,?,-,false,-
com.snowplowanalytics,scalacheck-schema_2.11,0.1.0,-,-,?,-,false,-
com.snowplowanalytics,scala-forex_2.10,0.5.0,-,-,?,-,false,-
com.snowplowanalytics,scala-forex_2.11,0.5.0,-,-,?,-,false,-
com.snowplowanalytics,scala-lru-map_2.11,0.1.0,-,-,?,-,false,-
com.snowplowanalytics,scala-lru-map_2.12,0.1.0,-,-,?,-,false,-
com.snowplowanalytics,scala-maxmind-iplookups_2.11,0.5.0,-,-,?,-,false,-
com.snowplowanalytics,scala-maxmind-iplookups_2.12,0.5.0,-,-,?,-,false,-
com.snowplowanalytics,scala-weather_2.11,0.4.0,-,-,?,-,false,-
com.snowplowanalytics,scala-weather_2.12,0.4.0,-,-,?,-,false,-
com.snowplowanalytics,schema-ddl_2.11,0.8.0,-,-,?,-,false,-
com.snowplowanalytics,schema-ddl_2.12,0.8.0,-,-,?,-,false,-
com.snowplowanalytics,snowplow-common-enrich_2.10,0.25.0,-,-,?,-,false,-
com.snowplowanalytics,snowplow-common-enrich_2.11,0.35.0,-,-,?,-,false,-
com.snowplowanalytics,snowplow-processing-manifest_2.11,0.1.0,-,-,?,-,false,-
com.snowplowanalytics,snowplow-scala-analytics-sdk_2.10,0.3.2,-,-,?,-,false,-
com.snowplowanalytics,snowplow-scala-analytics-sdk_2.11,0.3.2,-,-,?,-,false,-
com.snowplowanalytics,snowplow-scala-analytics-sdk_2.12,0.3.2,-,-,?,-,false,-
com.snowplowanalytics,snowplow-scala-tracker_2.10,0.5.0,-,-,?,-,false,-
com.snowplowanalytics,snowplow-scala-tracker_2.11,0.5.0,-,-,?,-,false,-
com.snowplowanalytics,snowplow-scala-tracker_2.12,0.5.0,-,-,?,-,false,-
com.transempiric,simple-encryptor,1.0.0,-,-,?,-,false,-
