groupId,artifactId,version,moduleName,moduleVersion,moduleMode,moduleDependencies,jdepsToolError,jdepsViolations
ai.h2o,xgboost-predictor,0.3.2,-,-,?,-,false,-
com.epam.jdi.tools,jdi-light-saber,2.0.28,-,-,?,-,false,-
co.mercenary-creators,mercenary-creators-minio,1.0.1-RELEASE,-,-,?,-,false,-
com.github.liujiebang,pay,1.1.3,-,-,?,-,false,-
com.github.pshirshov.izumi.r2,distage-app_2.12,0.5.53,-,-,?,-,false,-
com.github.pshirshov.izumi.r2,distage-cats_2.12,0.5.53,-,-,?,-,false,-
com.github.pshirshov.izumi.r2,distage-config_2.12,0.5.53,-,-,?,-,false,-
com.github.pshirshov.izumi.r2,distage-core_2.12,0.5.53,-,-,?,-,false,-
com.github.pshirshov.izumi.r2,distage-model_2.12,0.5.53,-,-,?,-,false,-
com.github.pshirshov.izumi.r2,distage-plugins_2.12,0.5.53,-,-,?,-,false,-
com.github.pshirshov.izumi.r2,distage-proxy-cglib_2.12,0.5.53,-,-,?,-,false,-
com.github.pshirshov.izumi.r2,distage-roles_2.12,0.5.53,-,-,?,-,false,-
com.github.pshirshov.izumi.r2,distage-static_2.12,0.5.53,-,-,?,-,false,-
com.github.pshirshov.izumi.r2,fastparse-shaded_2.12,0.5.53,-,-,?,-,false,-
com.github.pshirshov.izumi.r2,fundamentals-collections_2.12,0.5.53,-,-,?,-,false,-
com.github.pshirshov.izumi.r2,fundamentals-functional_2.12,0.5.53,-,-,?,-,false,-
com.github.pshirshov.izumi.r2,fundamentals-platform_2.12,0.5.53,-,-,?,-,false,-
com.github.pshirshov.izumi.r2,fundamentals-reflection_2.12,0.5.53,-,-,?,-,false,-
com.github.pshirshov.izumi.r2,idealingua-compiler_2.12,0.5.53,-,-,?,-,false,sun.misc.Unsafe                          See http://openjdk.java.net/jeps/260
com.github.pshirshov.izumi.r2,idealingua-core_2.12,0.5.53,-,-,?,-,false,-
com.github.pshirshov.izumi.r2,idealingua-model_2.12,0.5.53,-,-,?,-,false,-
com.github.pshirshov.izumi.r2,idealingua-runtime-rpc-c-sharp_2.12,0.5.53,-,-,?,-,false,-
com.github.pshirshov.izumi.r2,idealingua-runtime-rpc-go_2.12,0.5.53,-,-,?,-,false,-
com.github.pshirshov.izumi.r2,idealingua-runtime-rpc-http4s_2.12,0.5.53,-,-,?,-,false,-
com.github.pshirshov.izumi.r2,idealingua-runtime-rpc-scala_2.12,0.5.53,-,-,?,-,false,-
com.github.pshirshov.izumi.r2,idealingua-runtime-rpc-typescript_2.12,0.5.53,-,-,?,-,false,-
com.github.pshirshov.izumi.r2,idealingua-test-defs_2.12,0.5.53,-,-,?,-,false,-
com.github.pshirshov.izumi.r2,izumi-r2_2.12,0.5.53,-,-,?,-,false,-
com.github.pshirshov.izumi.r2,logstage-adapter-slf4j_2.12,0.5.53,-,-,?,-,false,-
com.github.pshirshov.izumi.r2,logstage-api-base_2.12,0.5.53,-,-,?,-,false,-
com.github.pshirshov.izumi.r2,logstage-api-base-macro_2.12,0.5.53,-,-,?,-,false,-
com.github.pshirshov.izumi.r2,logstage-api-logger_2.12,0.5.53,-,-,?,-,false,-
com.github.pshirshov.izumi.r2,logstage-di_2.12,0.5.53,-,-,?,-,false,-
com.github.pshirshov.izumi.r2,logstage-rendering-circe_2.12,0.5.53,-,-,?,-,false,-
com.github.pshirshov.izumi.r2,logstage-sink-slf4j_2.12,0.5.53,-,-,?,-,false,-
com.okworx.ilcd.validation,ilcd-validation,1.4.10,-,-,?,-,false,-
com.twosigma.webtau,webtau,0.29,-,-,?,-,false,-
com.twosigma.webtau,webtau-browser,0.29,-,-,?,-,false,-
com.twosigma.webtau,webtau-config,0.29,-,-,?,-,false,-
com.twosigma.webtau,webtau-console,0.29,-,-,?,-,false,-
com.twosigma.webtau,webtau-core,0.29,-,-,?,-,false,-
com.twosigma.webtau,webtau-core-groovy,0.29,-,-,?,-,false,-
com.twosigma.webtau,webtau-dist,0.29,-,-,?,-,false,-
com.twosigma.webtau,webtau-docs,0.29,-,-,?,-,false,-
com.twosigma.webtau,webtau-feature-testing,0.29,-,-,?,-,false,-
com.twosigma.webtau,webtau-groovy,0.29,-,-,?,-,false,-
com.twosigma.webtau,webtau-groovy-ast,0.29,-,-,?,-,false,-
com.twosigma.webtau,webtau-http,0.29,-,-,?,-,false,-
com.twosigma.webtau,webtau-http-groovy,0.29,-,-,?,-,false,-
com.twosigma.webtau,webtau-junit5,0.29,-,-,?,-,false,-
com.twosigma.webtau,webtau-junit5-examples,0.29,-,-,?,-,false,-
com.twosigma.webtau,webtau-maven-plugin,0.29,-,-,?,-,false,-
com.twosigma.webtau,webtau-maven-plugin-test,0.29,-,-,?,-,false,-
com.twosigma.webtau,webtau-open-api,0.29,-,-,?,-,false,-
com.twosigma.webtau,webtau-pdf,0.29,-,-,?,-,false,-
com.twosigma.webtau,webtau-reactjs,0.29,-,-,?,-,false,-
com.twosigma.webtau,webtau-report,0.29,-,-,?,-,false,-
com.twosigma.webtau,webtau-standalone-runner-groovy,0.29,-,-,?,-,false,-
com.twosigma.webtau,webtau-testapp,0.29,-,-,?,-,false,-
com.twosigma.webtau,webtau-test-server,0.29,-,-,?,-,false,-
com.twosigma.webtau,webtau-utils,0.29,-,-,?,-,false,-
com.twosigma.webtau,webtau-utils-testing-data,0.29,-,-,?,-,false,-
de.adorsys,hbci4j-adorsys,3.3.1,-,-,?,-,false,-
de.dm.infrastructure,spring-boot-systemd-notification,1.0.0,-,-,?,-,false,-
net.tascalate.javaflow.examples,net.tascalate.javaflow.examples.cdi-owb,1.0.1,-,-,?,-,false,-
net.tascalate.javaflow.examples,net.tascalate.javaflow.examples.cdi-weld,1.0.1,-,-,?,-,false,-
net.tascalate.javaflow.examples,net.tascalate.javaflow.examples.common,1.0.1,-,-,?,-,false,-
net.tascalate.javaflow.examples,net.tascalate.javaflow.examples.dyninvoke,1.0.1,-,-,?,-,false,-
net.tascalate.javaflow.examples,net.tascalate.javaflow.examples.lambdas,1.0.1,-,-,?,-,false,-
net.tascalate.javaflow.examples,net.tascalate.javaflow.examples.retro-lambdas,1.0.1,-,-,?,-,false,-
org.aksw.rdfunit,rdfunit-commons,0.8.14,-,-,?,-,false,-
org.aksw.rdfunit,rdfunit-core,0.8.14,-,-,?,-,false,-
org.aksw.rdfunit,rdfunit-examples,0.8.14,-,-,?,-,false,-
org.aksw.rdfunit,rdfunit-io,0.8.14,-,-,?,-,false,-
org.aksw.rdfunit,rdfunit-junit,0.8.14,-,-,?,-,false,-
org.aksw.rdfunit,rdfunit-manual-tests,0.8.14,-,-,?,-,false,-
org.aksw.rdfunit,rdfunit-model,0.8.14,-,-,?,-,false,-
org.aksw.rdfunit,rdfunit-validate,0.8.14,-,-,?,-,false,-
org.aksw.rdfunit,rdfunit-w3c-dqv,0.8.14,-,-,?,-,false,-
top.infra,spring-boot-starter-redisson,1.0.2,-,-,?,-,false,-
