groupId,artifactId,version,moduleName,moduleVersion,moduleMode,moduleDependencies,jdepsToolError,jdepsViolations
com.aftia,fbp.it.launcher,1.0.0,-,-,?,-,false,-
com.aftia,fbp.it.tests,1.0.0,-,-,?,-,false,-
com.aftia,pojotools,1.0.3,-,-,?,-,false,-
com.amitapi,amit-compiler,2.0.0,-,-,?,-,false,-
com.amitapi,amit-maven-plugin,2.0.0,-,-,?,-,false,-
com.ancientlightstudios,simplegen,1.0.7,-,-,?,-,false,-
com.ancientlightstudios,simplegen-maven-plugin,1.0.7,-,-,?,-,false,-
com.apmvista.agent.android,tracing-class-rewriter,1.1.3,-,-,?,-,false,-
com.apmvista.agent.android,tracing-gradle-plugin,1.1.3,-,-,?,-,false,-
com.apmvista.agent.android,tracing-maven-plugin,1.0.0,-,-,?,-,false,-
com.codeheadsystems,crypto,1.0.3,-,-,?,-,false,-
com.codeheadsystems,shash,1.1.0,-,-,?,-,false,-
com.deere.isg,clock,3.0.0,-,-,?,-,false,-
com.deere.isg,outstanding,1.1.0,-,-,?,-,false,-
com.deere.isg.work-tracker.examples,spring-example,1.0.0-rc3,-,-,?,-,false,-
com.deere.isg.work-tracker,work-tracker-core,1.0.0-rc3,-,-,?,-,false,-
com.deere.isg.work-tracker,work-tracker-servlet,1.0.0-rc3,-,-,?,-,false,-
com.deere.isg.work-tracker,work-tracker-spring,1.0.0-rc3,-,-,?,-,false,-
com.deere.isg.work-tracker,work-tracker-spring-boot,1.0.0-rc3,-,-,?,-,false,-
com.devskiller.duramen,duramen,1.1.3,-,-,?,-,false,-
com.devskiller.friendly-id,friendly-id,1.0.3,-,-,?,-,false,-
com.devskiller.friendly-id,friendly-id-jackson-datatype,1.0.3,-,-,?,-,false,-
com.devskiller.friendly-id,friendly-id-spring-boot,1.0.3,-,-,?,-,false,-
com.devskiller.friendly-id,friendly-id-spring-boot-starter,1.0.3,-,-,?,-,false,-
com.devskiller.hbm2ddl-maven-plugin,hbm2ddl-maven-plugin,0.9.2,-,-,?,-,false,-
com.devskiller.infra,infra-dsl,1-4,-,-,?,-,false,-
com.devskiller,jfairy,0.6.2,-,-,?,-,false,-
com.devskiller.jpa2ddl,jpa2ddl-core,0.9.12,-,-,?,-,false,-
com.devskiller.jpa2ddl,jpa2ddl-gradle-plugin,0.9.12,-,-,?,-,false,-
com.devskiller.jpa2ddl,jpa2ddl-maven-plugin,0.9.12,-,-,?,-,false,-
com.dropbuddies.client,java,1.0.0,-,-,?,-,false,-
com.github.tornaia,java-offline-geoip,0.1.4,-,-,?,-,false,-
com.innoq.liqid,ldap-connector,1.7.4,-,-,?,-,false,-
com.innoq.liqid,model,1.7.4,-,-,?,-,false,-
com.innoq.liqid,utils,1.7.4,-,-,?,-,false,-
com.itelg.spring,spring-jenkins-actuator,1.0.1-RELEASE,-,-,?,-,false,-
com.itelg.spring,spring-proxy-actuator,0.2.0-RELEASE,-,-,?,-,false,-
com.itelg.spring,spring-rabbitmq-actuator,0.5.0-RELEASE,-,-,?,-,false,-
com.itelg.spring,spring-xom-marshaller,1.0.0-RELEASE,-,-,?,-,false,-
com.itelg.spring,spring-xom-unmarshaller,1.0.2-RELEASE,-,-,?,-,false,-
com.itelg,xpath-helper,0.5.0-RELEASE,-,-,?,-,false,-
com.kashoo,ws-limited_2.11,0.1.0,-,-,?,-,false,-
com.madewithtea,mockedstreams_2.11,2.1.0,-,-,?,-,false,-
com.madewithtea,mockedstreams_2.12,2.1.0,-,-,?,-,false,-
com.markatta,akron_2.11,1.2,-,-,?,-,false,-
com.markatta,akron_2.12,1.2,-,-,?,-,false,-
com.markatta,scalenium_2.10,1.0.3,-,-,?,-,false,-
com.markatta,scalenium_2.11,1.0.3,-,-,?,-,false,-
com.markatta,scalenium_2.12,1.0.3,-,-,?,-,false,-
com.markatta,timeforscala_2.11,1.7,-,-,?,-,false,-
com.markatta,timeforscala_2.12,1.7,-,-,?,-,false,-
com.maxifier.mxcache,jconsole-stub,2.6.8,-,-,?,-,false,-
com.maxifier.mxcache,mxcache-ehcache-integration,2.6.8,-,-,?,-,false,-
com.maxifier.mxcache,mxcache-generation,2.6.8,-,-,?,-,false,-
com.maxifier.mxcache,mxcache-gradle-plugin,2.6.8,-,-,?,-,false,-
com.maxifier.mxcache,mxcache-guava-integration,2.6.8,-,-,?,-,false,-
com.maxifier.mxcache,mxcache-guice-integration,2.6.8,-,-,?,-,false,-
com.maxifier.mxcache,mxcache-idea-api-stubs,2.6.8,-,-,?,-,false,-
com.maxifier.mxcache,mxcache-idea-plugin,2.6.8,-,-,?,-,false,-
com.maxifier.mxcache,mxcache-instrumentator,2.6.8,-,-,?,-,false,-
com.maxifier.mxcache,mxcache-jmx,2.6.8,-,-,?,-,false,-
com.maxifier.mxcache,mxcache-maven-plugin,2.6.8,-,-,?,-,false,-
com.maxifier.mxcache,mxcache-runtime,2.6.8,-,-,?,-,false,-
com.maxifier.mxcache,mxcache-tests,2.6.8,-,-,?,-,false,-
com.maxifier.mxcache,stubgen,2.6.8,-,-,?,-,false,-
com.ontotext.graphdb,graphdb-free-runtime,8.5.0,-,-,?,-,false,-
com.outworkers,phantom-connectors_2.10,2.24.10,-,-,?,-,false,-
com.outworkers,phantom-connectors_2.11,2.24.10,-,-,?,-,false,-
com.outworkers,phantom-connectors_2.12,2.24.10,-,-,?,-,false,-
com.outworkers,phantom-dsl_2.10,2.24.10,-,-,?,-,false,-
com.outworkers,phantom-dsl_2.11,2.24.10,-,-,?,-,false,-
com.outworkers,phantom-dsl_2.12,2.24.10,-,-,?,-,false,-
com.outworkers,phantom-example_2.10,2.2.1,-,-,?,-,false,-
com.outworkers,phantom-example_2.11,2.12.1,-,-,?,-,false,-
com.outworkers,phantom-example_2.12,2.12.1,-,-,?,-,false,-
com.outworkers,phantom-finagle_2.10,2.24.10,-,-,?,-,false,-
com.outworkers,phantom-finagle_2.11,2.24.10,-,-,?,-,false,-
com.outworkers,phantom-finagle_2.12,2.24.10,-,-,?,-,false,-
com.outworkers,phantom-jdk8_2.10,2.24.10,-,-,?,-,false,-
com.outworkers,phantom-jdk8_2.11,2.24.10,-,-,?,-,false,-
com.outworkers,phantom-jdk8_2.12,2.24.10,-,-,?,-,false,-
com.outworkers,phantom-streams_2.10,2.24.10,-,-,?,-,false,-
com.outworkers,phantom-streams_2.11,2.24.10,-,-,?,-,false,-
com.outworkers,phantom-streams_2.12,2.24.10,-,-,?,-,false,-
com.outworkers,phantom-thrift_2.10,2.2.1,-,-,?,-,false,-
com.outworkers,phantom-thrift_2.11,2.24.10,-,-,?,-,false,-
com.outworkers,phantom-thrift_2.12,2.24.10,-,-,?,-,false,-
com.outworkers,readme_2.11,2.17.0,-,-,?,-,false,-
com.outworkers,readme_2.12,2.17.0,-,-,?,-,false,-
com.outworkers,util_2.11,0.35.0,-,-,?,-,false,-
com.outworkers,util-domain_2.10,0.40.0,-,-,?,-,false,-
com.outworkers,util-domain_2.11,0.40.0,-,-,?,-,false,-
com.outworkers,util-domain_2.12,0.40.0,-,-,?,-,false,-
com.outworkers,util-lift_2.10,0.40.0,-,-,?,-,false,-
com.outworkers,util-lift_2.11,0.40.0,-,-,?,-,false,-
com.outworkers,util-lift-cats_2.10,0.40.0,-,-,?,-,false,-
com.outworkers,util-lift-cats_2.11,0.40.0,-,-,?,-,false,-
com.outworkers,util-macros_2.10,0.40.0,-,-,?,-,false,-
com.outworkers,util-macros_2.11,0.40.0,-,-,?,-,false,-
com.outworkers,util-macros_2.12,0.40.0,-,-,?,-,false,-
com.outworkers,util-parsers_2.10,0.40.0,-,-,?,-,false,-
com.outworkers,util-parsers_2.11,0.40.0,-,-,?,-,false,-
com.outworkers,util-parsers_2.12,0.40.0,-,-,?,-,false,-
com.outworkers,util-parsers-cats_2.10,0.40.0,-,-,?,-,false,-
com.outworkers,util-parsers-cats_2.11,0.40.0,-,-,?,-,false,-
com.outworkers,util-parsers-cats_2.12,0.40.0,-,-,?,-,false,-
com.outworkers,util-play_2.10,0.40.0,-,-,?,-,false,-
com.outworkers,util-play_2.11,0.40.0,-,-,?,-,false,-
com.outworkers,util-samplers_2.10,0.40.0,-,-,?,-,false,-
com.outworkers,util-samplers_2.11,0.40.0,-,-,?,-,false,-
com.outworkers,util-samplers_2.12,0.40.0,-,-,?,-,false,-
com.outworkers,util-tags_2.10,0.40.0,-,-,?,-,false,-
com.outworkers,util-tags_2.11,0.40.0,-,-,?,-,false,-
com.outworkers,util-tags_2.12,0.40.0,-,-,?,-,false,-
com.outworkers,util-testing_2.10,0.40.0,-,-,?,-,false,-
com.outworkers,util-testing_2.11,0.40.0,-,-,?,-,false,-
com.outworkers,util-testing_2.12,0.40.0,-,-,?,-,false,-
com.outworkers,util-testing-twitter_2.10,0.40.0,-,-,?,-,false,-
com.outworkers,util-testing-twitter_2.11,0.40.0,-,-,?,-,false,-
com.outworkers,util-testing-twitter_2.12,0.40.0,-,-,?,-,false,-
com.outworkers,util-urls_2.10,0.33.0,-,-,?,-,false,-
com.outworkers,util-urls_2.11,0.33.0,-,-,?,-,false,-
com.outworkers,util-urls_2.12,0.33.0,-,-,?,-,false,-
com.outworkers,util-validators_2.10,0.40.0,-,-,?,-,false,-
com.outworkers,util-validators_2.11,0.40.0,-,-,?,-,false,-
com.outworkers,util-validators_2.12,0.40.0,-,-,?,-,false,-
com.outworkers,util-validators-cats_2.10,0.40.0,-,-,?,-,false,-
com.outworkers,util-validators-cats_2.11,0.40.0,-,-,?,-,false,-
com.outworkers,util-validators-cats_2.12,0.40.0,-,-,?,-,false,-
com.popokis,popok,0.2.5,-,-,?,-,false,-
com.rbmhtechnology.vind,analysis-report,1.2.2,-,-,?,-,false,-
com.rbmhtechnology.vind,backend-solr,1.2.2,-,-,?,-,false,-
com.rbmhtechnology.vind,collection-managment-tool,1.2.2,-,-,?,-,false,-
com.rbmhtechnology.vind,elastic-writer,1.2.2,-,-,?,-,false,-
com.rbmhtechnology.vind,embedded-solr-server,1.2.2,-,-,?,-,false,-
com.rbmhtechnology.vind,log-writer,1.2.2,-,-,?,-,false,-
com.rbmhtechnology.vind,mam-utils,1.2.2,-,-,?,-,false,-
com.rbmhtechnology.vind,monitoring-api,1.2.2,-,-,?,-,false,-
com.rbmhtechnology.vind,monitoring-utils,1.2.2,-,-,?,-,false,-
com.rbmhtechnology.vind,remote-solr-server,1.2.2,-,-,?,-,false,-
com.rbmhtechnology.vind,report-api,1.0.3,-,-,?,-,false,-
com.rbmhtechnology.vind,report-writer-log,1.0.3,-,-,?,-,false,-
com.rbmhtechnology.vind,solr-suggestion-handler,1.2.2,-,-,?,-,false,-
com.rbmhtechnology.vind,vind-annotations,1.2.2,-,-,?,-,false,-
com.rbmhtechnology.vind,vind-api,1.2.2,-,-,?,-,false,-
com.rbmhtechnology.vind,vind-testsuite,1.2.2,-,-,?,-,false,-
com.robertboothby,delegator-generator-maven-plugin,0.2.0,-,-,?,-,false,-
com.robertboothby,TypedMap,0.2.0,-,-,?,-,false,-
com.saptarshidebnath.utilities,ProcessRunner,0.3.1,-,-,?,-,false,-
com.tiemens,secretshare,1.4.4,-,-,?,-,false,-
com.toomasr,sgf4j-parser,0.0.2,-,-,?,-,false,-
com.unowmo.code.microservice-wrap,microservice-wrap,1.0.4,-,-,?,-,false,-
com.unowmo.code.stacked-machinery,stacked-machinery,1.0.4,-,-,?,-,false,-
io.mateu.archetypes,mdd-archetype,0.0.27,-,-,?,-,false,-
