groupId,artifactId,version,moduleName,moduleVersion,moduleMode,moduleDependencies,jdepsToolError,jdepsViolations
com.anton-johansson,build-markdown-generator-core,1.0.0,-,-,?,-,false,-
com.anton-johansson,build-markdown-generator-maven-plugin,1.0.0,-,-,?,-,false,-
com.arm.mbed.cloud,lwm2m,1.2.2,-,-,?,-,false,-
com.arm.mbed.cloud.sdk,billing,2.0.0,-,-,?,-,false,-
com.arm.mbed.cloud.sdk,connector_bootstrap,2.0.0,-,-,?,-,false,-
com.arm.mbed.cloud.sdk,connector_ca,2.0.0,-,-,?,-,false,-
com.arm.mbed.cloud.sdk,device_directory,2.0.0,-,-,?,-,false,-
com.arm.mbed.cloud.sdk,enrollment,2.0.0,-,-,?,-,false,-
com.arm.mbed.cloud.sdk,external_ca,2.0.0,-,-,?,-,false,-
com.arm.mbed.cloud.sdk,iam,2.0.0,-,-,?,-,false,-
com.arm.mbed.cloud.sdk,mbedcloud_common,2.0.0,-,-,?,-,false,-
com.arm.mbed.cloud.sdk,mbed-cloud-sdk,2.0.0,-,-,?,-,false,-
com.arm.mbed.cloud.sdk,mbed-cloud-sdk-java,1.2.1,-,-,?,-,false,-
com.arm.mbed.cloud.sdk,mds,2.0.0,-,-,?,-,false,-
com.arm.mbed.cloud.sdk,statistics,2.0.0,-,-,?,-,false,-
com.arm.mbed.cloud.sdk,support-annotations,2.0.0,-,-,?,-,false,-
com.arm.mbed.cloud.sdk,update_service,2.0.0,-,-,?,-,false,-
com.ckjava,jee-utils,1.0.7,-,-,?,-,false,-
com.ckjava,xutils,1.0.2,-,-,?,-,false,-
com.cmeza,spring-data-generator,1.1.8,-,-,?,-,false,-
com.coekie.gentyref,gentyref,1.3.0,-,-,?,-,false,-
com.crescendocollective.magnolia,crescendo-module-essentials,1.5.6,-,-,?,-,false,-
com.cucumbergoodies.seleium,cucumber-extensions,1.0,-,-,?,-,false,-
com.datarobot,datarobot-prediction,1.0.0,-,-,?,-,false,-
com.datarobot,datarobot-transform,1.0.1,-,-,?,-,false,-
com.datarobot,drmatrix,1.0.4,-,-,?,-,false,-
com.datasift.client,datasift-java,3.6.0,-,-,?,-,false,sun.misc.Cleaner                         Use java.lang.ref.PhantomReference @since 1.2 or java.lang.ref.Cleaner @since 9 + sun.misc.Unsafe                          See http://openjdk.java.net/jeps/260
com.datasift.dropwizard.scala,dropwizard-scala-core_2.10,1.1.0-2,-,-,?,-,false,-
com.datasift.dropwizard.scala,dropwizard-scala-core_2.11,1.1.0-2,-,-,?,-,false,-
com.datasift.dropwizard.scala,dropwizard-scala-core_2.12,1.1.0-2,-,-,?,-,false,-
com.datasift.dropwizard.scala,dropwizard-scala-jdbi_2.10,1.1.0-2,-,-,?,-,false,-
com.datasift.dropwizard.scala,dropwizard-scala-jdbi_2.11,1.1.0-2,-,-,?,-,false,-
com.datasift.dropwizard.scala,dropwizard-scala-jdbi_2.12,1.1.0-2,-,-,?,-,false,-
com.datasift.dropwizard.scala,dropwizard-scala-jersey_2.10,1.1.0-2,-,-,?,-,false,-
com.datasift.dropwizard.scala,dropwizard-scala-jersey_2.11,1.1.0-2,-,-,?,-,false,-
com.datasift.dropwizard.scala,dropwizard-scala-jersey_2.12,1.1.0-2,-,-,?,-,false,-
com.datasift.dropwizard.scala,dropwizard-scala-metrics_2.10,1.1.0-2,-,-,?,-,false,-
com.datasift.dropwizard.scala,dropwizard-scala-metrics_2.11,1.1.0-2,-,-,?,-,false,-
com.datasift.dropwizard.scala,dropwizard-scala-metrics_2.12,1.1.0-2,-,-,?,-,false,-
com.datasift.dropwizard.scala,dropwizard-scala-test_2.10,1.1.0-2,-,-,?,-,false,-
com.datasift.dropwizard.scala,dropwizard-scala-test_2.11,1.1.0-2,-,-,?,-,false,-
com.datasift.dropwizard.scala,dropwizard-scala-test_2.12,1.1.0-2,-,-,?,-,false,-
com.datasift.dropwizard.scala,dropwizard-scala-validation_2.10,1.1.0-2,-,-,?,-,false,-
com.datasift.dropwizard.scala,dropwizard-scala-validation_2.11,1.1.0-2,-,-,?,-,false,-
com.datasift.dropwizard.scala,dropwizard-scala-validation_2.12,1.1.0-2,-,-,?,-,false,-
com.hortonworks.registries,avro-examples,0.5.3,-,-,?,-,false,sun.misc.Unsafe                          See http://openjdk.java.net/jeps/260 + sun.reflect.Reflection                   Use java.lang.StackWalker @since 9
com.hortonworks.registries,cache,0.5.3,-,-,?,-,false,-
com.hortonworks.registries,common,0.1.0,-,-,?,-,false,-
com.hortonworks.registries,common-auth,0.5.3,-,-,?,-,false,-
com.hortonworks.registries,model-registry,0.5.3,-,-,?,-,false,-
com.hortonworks.registries,registry-common,0.5.3,-,-,?,-,false,-
com.hortonworks.registries,registry-common-client,0.5.3,-,-,?,-,false,-
com.hortonworks.registries,registry-webservice,0.5.3,-,-,?,-,false,-
com.hortonworks.registries,schema-lifecycle,0.5.3,-,-,?,-,false,-
com.hortonworks.registries,schema-registry-client,0.5.3,-,-,?,-,false,-
com.hortonworks.registries,schema-registry-common,0.5.3,-,-,?,-,false,-
com.hortonworks.registries,schema-registry-core,0.5.3,-,-,?,-,false,sun.misc.Cleaner                         Use java.lang.ref.PhantomReference @since 1.2 or java.lang.ref.Cleaner @since 9 + sun.misc.Signal                          See http://openjdk.java.net/jeps/260 + sun.misc.SignalHandler                   See http://openjdk.java.net/jeps/260 + sun.misc.Unsafe                          See http://openjdk.java.net/jeps/260 + sun.security.x509.X500Name               Use javax.security.auth.x500.X500Principal @since 1.4
com.hortonworks.registries,schema-registry-serdes,0.5.3,-,-,?,-,false,-
com.hortonworks.registries,schema-registry-webservice,0.5.3,-,-,?,-,false,-
com.hortonworks.registries,serdes-examples,0.5.3,-,-,?,-,false,-
com.hortonworks.registries,storage-core,0.5.3,-,-,?,-,false,-
com.hortonworks.registries,storage-tool,0.5.3,-,-,?,-,false,-
com.hortonworks.registries,tag-registry,0.5.3,-,-,?,-,false,-
com.leazxl,long-cms,1.0.3,-,-,?,-,false,-
com.leazxl,long-core,1.0.5,-,-,?,-,false,-
com.leazxl,long-monitor,1.0.5,-,-,?,-,false,-
com.leazxl,long-sys,1.0.3,-,-,?,-,false,-
com.logicartisan,common-core,1.1.1,-,-,?,-,false,-
com.logicartisan,intrepid,1.6.8,-,-,?,-,false,-
com.logicartisan,intrepid-core,1.7.0,-,-,?,-,false,-
com.logicartisan,intrepid-driver-mina,1.7.0,-,-,?,-,false,-
com.logicartisan.intrepid,intrepid-core,1.7.3,-,-,?,-,false,-
com.logicartisan.intrepid,intrepid-driver-mina,1.7.3,-,-,?,-,false,-
com.metamug,mtg-api,1.1.4,-,-,?,-,false,-
com.mindstix.web.api.management,rest-api-version-management,0.0.1-RELEASE,-,-,?,-,false,-
com.mindstix.web.rest,rest-baseline-common,0.0.1-RELEASE,-,-,?,-,false,-
com.mindstix.web.rest,rest-baseline.SB1_5,0.0.1-RELEASE,-,-,?,-,false,-
com.ozwillo,ozwillo-java-spring-integration,1.25.8,-,-,?,-,false,-
com.pddstudio,gradle-git-remotes,1.1.0,-,-,?,-,false,-
com.ryanharter.auto.value,auto-value-gson,0.8.0,-,-,?,-,false,-
com.ryanharter.auto.value,auto-value-gson-annotations,0.8.0,-,-,?,-,false,-
com.ryanharter.auto.value,auto-value-moshi,0.4.5,-,-,?,-,false,-
com.ryanharter.auto.value,auto-value-moshi-annotations,0.4.5,-,-,?,-,false,-
com.ryanharter.auto.value,auto-value-parcel,0.2.6,-,-,?,-,false,-
com.ryanharter.auto.value,auto-value-parcel-adapter,0.2.6,-,-,?,-,false,-
com.sendgrid,java-http-client,4.2.0,-,-,?,-,false,-
com.sendgrid,sendgrid-java,4.2.1,-,-,?,-,false,-
com.ticketmaster.api,discovery-java,0.1.8,-,-,?,-,false,-
com.ticketmaster.api,discovery-model-java,0.1.8,-,-,?,-,false,-
com.tomtom.http,goji-http-client,1.2.0,-,-,?,-,false,-
com.tomtom.speedtools,akka,3.0.26,-,-,?,-,false,-
com.tomtom.speedtools,apivalidation,3.2.10,-,-,?,-,false,-
com.tomtom.speedtools,core,3.2.10,-,-,?,-,false,-
com.tomtom.speedtools,geo,3.2.10,-,-,?,-,false,-
com.tomtom.speedtools,guice,3.2.10,-,-,?,-,false,-
com.tomtom.speedtools,json,3.2.10,-,-,?,-,false,-
com.tomtom.speedtools,lbs,3.2.10,-,-,?,-,false,-
com.tomtom.speedtools,metrics,3.2.10,-,-,?,-,false,-
com.tomtom.speedtools,mongodb,3.2.10,-,-,?,-,false,-
com.tomtom.speedtools,pushnotifications,3.2.10,-,-,?,-,false,-
com.tomtom.speedtools,resources,3.2.10,-,-,?,-,false,-
com.tomtom.speedtools,rest,3.2.10,-,-,?,-,false,-
com.tomtom.speedtools,sms,3.2.10,-,-,?,-,false,-
com.tomtom.speedtools,testutils,3.2.10,-,-,?,-,false,-
com.tomtom.speedtools,tracer,3.2.10,-,-,?,-,false,-
com.tunnelvisionlabs,antlr4,4.7.1,-,-,?,-,false,-
com.tunnelvisionlabs,antlr4-annotations,4.7.1,-,-,?,-,false,-
com.tunnelvisionlabs,antlr4-maven-plugin,4.7.1,-,-,?,-,false,-
com.tunnelvisionlabs,antlr4-perf-testsuite,4.7.1,-,-,?,-,false,-
com.tunnelvisionlabs,antlr4-runtime,4.7.1,-,-,?,-,false,-
com.tunnelvisionlabs,antlr4-testgen-maven-plugin,4.7.1,-,-,?,-,false,-
com.tunnelvisionlabs,runtime-testsuite,4.7.1,-,-,?,-,false,-
com.wirktop,esutils,1.0.11,-,-,?,-,false,-
com.wirktop,kafkans,0.9.6,-,-,?,-,false,-
