groupId,artifactId,version,moduleName,moduleVersion,moduleMode,moduleDependencies,jdepsToolError,jdepsViolations
com.alanbuttars.commons,commons-cli,1.0,-,-,?,-,false,-
com.alanbuttars.commons,commons-compress,1.0,-,-,?,-,false,-
com.alanbuttars.commons,commons-config,1.0,-,-,?,-,false,-
com.alanbuttars.commons,commons-util,1.0,-,-,?,-,false,-
com.amazonaws,amazon-neptune-sparql-java-sigv4,1.0.2,-,-,?,-,false,-
com.amazonaws,amazon-sqs-java-extended-client-lib,1.0.2,-,-,?,-,false,-
com.amazonaws,aws-android-sdk-apigateway-core,2.6.28,-,-,?,-,false,-
com.amazonaws,aws-android-sdk-appsync-compiler,2.6.25,-,-,?,-,false,-
com.amazonaws,aws-android-sdk-appsync-gradle-plugin,2.6.25,-,-,?,-,false,-
com.amazonaws,aws-android-sdk-autoscaling,2.6.28,-,-,?,-,false,-
com.amazonaws,aws-android-sdk-cloudwatch,2.6.28,-,-,?,-,false,-
com.amazonaws,aws-android-sdk-ddb,2.6.28,-,-,?,-,false,-
com.amazonaws,aws-android-sdk-ddb-document,2.6.28,-,-,?,-,false,-
com.amazonaws,aws-android-sdk-ec2,2.6.28,-,-,?,-,false,-
com.amazonaws,aws-android-sdk-kinesis,2.6.28,-,-,?,-,false,-
com.amazonaws,aws-android-sdk-s3,2.6.28,-,-,?,-,false,-
com.amazonaws,aws-android-sdk-translate,2.6.28,-,-,?,-,false,-
com.amazonaws,aws-cloudtrail-processing-library,1.1.2,-,-,?,-,false,-
com.amazonaws,aws-dynamodb-encryption-java,1.11.2,-,-,?,-,false,-
com.amazonaws,aws-iot-device-sdk-java,1.2.0,-,-,?,-,false,-
com.amazonaws,aws-java-sdk-acm,1.11.396,-,-,?,-,false,-
com.amazonaws,aws-java-sdk-acmpca,1.11.396,-,-,?,-,false,-
com.amazonaws,aws-java-sdk-api-gateway,1.11.396,-,-,?,-,false,-
com.amazonaws,aws-java-sdk-appstream,1.11.396,-,-,?,-,false,-
com.amazonaws,aws-java-sdk-athena,1.11.396,-,-,?,-,false,-
com.amazonaws,aws-java-sdk-cloudsearch,1.11.396,-,-,?,-,false,-
com.amazonaws,aws-java-sdk-cloudwatchmetrics,1.11.396,-,-,?,-,false,-
com.amazonaws,aws-java-sdk-codegen-maven-plugin,1.11.396,-,-,?,-,false,-
com.amazonaws,aws-java-sdk-codepipeline,1.11.396,-,-,?,-,false,-
com.amazonaws,aws-java-sdk-codestar,1.11.396,-,-,?,-,false,-
com.amazonaws,aws-java-sdk-cognitoidentity,1.11.396,-,-,?,-,false,-
com.amazonaws,aws-java-sdk-comprehend,1.11.396,-,-,?,-,false,-
com.amazonaws,aws-java-sdk-core,1.11.396,-,-,?,-,false,-
com.amazonaws,aws-java-sdk-costandusagereport,1.11.396,-,-,?,-,false,-
com.amazonaws,aws-java-sdk-dax,1.11.396,-,-,?,-,false,-
com.amazonaws,aws-java-sdk-directconnect,1.11.396,-,-,?,-,false,-
com.amazonaws,aws-java-sdk-directory,1.11.396,-,-,?,-,false,-
com.amazonaws,aws-java-sdk-dlm,1.11.396,-,-,?,-,false,-
com.amazonaws,aws-java-sdk-events,1.11.396,-,-,?,-,false,-
com.amazonaws,aws-java-sdk-gamelift,1.11.396,-,-,?,-,false,-
com.amazonaws,aws-java-sdk-generated-samples,1.1.3,-,-,?,-,false,-
com.amazonaws,aws-java-sdk-glue,1.11.396,-,-,?,-,false,-
com.amazonaws,aws-java-sdk-greengrass,1.11.396,-,-,?,-,false,-
com.amazonaws,aws-java-sdk-guardduty,1.11.396,-,-,?,-,false,-
com.amazonaws,aws-java-sdk-iam,1.11.396,-,-,?,-,false,-
com.amazonaws,aws-java-sdk-importexport,1.11.396,-,-,?,-,false,-
com.amazonaws,aws-java-sdk-iot1clickprojects,1.11.396,-,-,?,-,false,-
com.amazonaws,aws-java-sdk-kinesisvideo,1.11.396,-,-,?,-,false,-
com.amazonaws,aws-java-sdk-lambda,1.11.396,-,-,?,-,false,-
com.amazonaws,aws-java-sdk-lex,1.11.396,-,-,?,-,false,-
com.amazonaws,aws-java-sdk-lightsail,1.11.396,-,-,?,-,false,-
com.amazonaws,aws-java-sdk-logs,1.11.396,-,-,?,-,false,-
com.amazonaws,aws-java-sdk-machinelearning,1.11.396,-,-,?,-,false,-
com.amazonaws,aws-java-sdk-marketplacemeteringservice,1.11.396,-,-,?,-,false,-
com.amazonaws,aws-java-sdk-mediaconvert,1.11.396,-,-,?,-,false,-
com.amazonaws,aws-java-sdk-mediastore,1.11.396,-,-,?,-,false,-
com.amazonaws,aws-java-sdk-mediastoredata,1.11.396,-,-,?,-,false,-
com.amazonaws,aws-java-sdk-migrationhub,1.11.396,-,-,?,-,false,-
com.amazonaws,aws-java-sdk-pi,1.11.396,-,-,?,-,false,-
com.amazonaws,aws-java-sdk-pinpoint,1.11.396,-,-,?,-,false,-
com.amazonaws,aws-java-sdk-rds,1.11.396,-,-,?,-,false,-
com.amazonaws,aws-java-sdk-redshift,1.11.396,-,-,?,-,false,-
com.amazonaws,aws-java-sdk-rekognition,1.11.396,-,-,?,-,false,-
com.amazonaws,aws-java-sdk-samples,1.1.3,-,-,?,-,false,-
com.amazonaws,aws-java-sdk-servermigration,1.11.396,-,-,?,-,false,-
com.amazonaws,aws-java-sdk-servicediscovery,1.11.396,-,-,?,-,false,-
com.amazonaws,aws-java-sdk-shield,1.11.396,-,-,?,-,false,-
com.amazonaws,aws-java-sdk-simpleworkflow,1.11.396,-,-,?,-,false,-
com.amazonaws,aws-java-sdk-sqs,1.11.396,-,-,?,-,false,-
com.amazonaws,aws-java-sdk-stepfunctions,1.11.396,-,-,?,-,false,-
com.amazonaws,aws-java-sdk-support,1.11.396,-,-,?,-,false,-
com.amazonaws,aws-java-sdk-transcribe,1.11.396,-,-,?,-,false,-
com.amazonaws,aws-lambda-java-log4j2,1.1.0,-,-,?,-,false,-
com.amazonaws,aws-xray-recorder-sdk-sql-postgres,1.3.1,-,-,?,-,false,-
com.amazonaws,dynamodb-cross-region-replication,1.2.1,-,-,?,-,false,-
com.amazonaws,dynamodb-streams-kinesis-adapter,1.4.0,-,-,?,-,false,-
com.amazonaws,dynamodb-titan100-storage-backend,1.0.5,-,-,?,-,false,-
com.amazonaws,jmespath-java,1.11.396,-,-,?,-,false,-
com.amazonaws,sagemaker-spark_2.11,spark_2.2.0-1.1.4,-,-,?,-,false,-
com.aspectran,aspectran-all,5.1.3,-,-,?,-,false,-
com.aspectran,aspectran-core,5.1.3,-,-,?,-,false,-
com.aspectran,aspectran-daemon,5.1.3,-,-,?,-,false,-
com.aspectran,aspectran-demo,5.1.3,-,-,?,-,false,-
com.aspectran,aspectran-embed,5.1.3,-,-,?,-,false,-
com.aspectran,aspectran-shell,5.1.3,-,-,?,-,false,-
com.aspectran,aspectran-shell-jline,5.1.3,-,-,?,-,false,-
com.aspectran,aspectran-web,5.1.3,-,-,?,-,false,-
com.aspectran,aspectran-with-jetty,5.1.3,-,-,?,-,false,-
com.byteslounge,slick-repo_2.10,1.4.4,-,-,?,-,false,-
com.byteslounge,slick-repo_2.11,1.4.4,-,-,?,-,false,-
com.byteslounge,slick-repo_2.12,1.4.4,-,-,?,-,false,-
com.careykevin,graphql-actuator,0.0.3,-,-,?,-,false,-
com.clever,client,1.0.1,-,-,?,-,false,-
com.diffblue,deeptestutils,1.5.0,-,-,?,-,false,-
com.lambdista,config_2.10,0.5.1,-,-,?,-,false,-
com.lambdista,config_2.11,0.5.1,-,-,?,-,false,-
com.lambdista,config_2.12,0.5.1,-,-,?,-,false,-
com.lambdista,config-core_2.10,0.5.1,-,-,?,-,false,-
com.lambdista,config-core_2.11,0.5.1,-,-,?,-,false,-
com.lambdista,config-core_2.12,0.5.1,-,-,?,-,false,-
com.lambdista,config-typesafe_2.10,0.5.1,-,-,?,-,false,-
com.lambdista,config-typesafe_2.11,0.5.1,-,-,?,-,false,-
com.lambdista,config-typesafe_2.12,0.5.1,-,-,?,-,false,-
com.lambdista,config-util_2.10,0.5.1,-,-,?,-,false,-
com.lambdista,config-util_2.11,0.5.1,-,-,?,-,false,-
com.lambdista,config-util_2.12,0.5.1,-,-,?,-,false,-
com.leshazlewood.spin,dockerMachine-spin-plugin,0.3.0,-,-,?,-,false,-
com.leshazlewood.spin,docker-spin-plugin,0.3.0,-,-,?,-,false,-
com.leshazlewood.spin,exejar-spin-plugin,0.3.0,-,-,?,-,false,-
com.leshazlewood.spin,samza-spin-plugin,0.3.0,-,-,?,-,false,-
com.leshazlewood.spin,shell-spin-plugin,0.3.0,-,-,?,-,false,-
com.leshazlewood.spin,spin-cli,0.3.0,-,-,?,-,false,-
com.leshazlewood.spin,spin-core,0.3.0,-,-,?,-,false,-
com.leshazlewood.spin,spin-plugin-api,0.3.0,-,-,?,-,false,-
com.leshazlewood.spin,test-spin-plugin,0.3.0,-,-,?,-,false,-
com.mcafee.dxl.streaming.operations.client,msdk4kafka,0.9.0,-,-,?,-,false,sun.misc.Cleaner                         Use java.lang.ref.PhantomReference @since 1.2 or java.lang.ref.Cleaner @since 9 + sun.misc.Unsafe                          See http://openjdk.java.net/jeps/260
com.mtons,mtons-hibernate,1.5.0,-,-,?,-,false,-
com.mtons,mtons-lang,1.5.0,-,-,?,-,false,-
com.mtons,mtons-media,1.5.0,-,-,?,-,false,-
com.mtons,mtons-shiro-persist,1.5.0,-,-,?,-,false,-
com.mtons,mtons-shiro-web,1.5.0,-,-,?,-,false,-
com.mtons,mtons-spider,1.5.0,-,-,?,-,false,-
com.structurizr,structurizr-adr-tools,1.0.0-RC7,-,-,?,-,false,-
com.structurizr,structurizr-analysis,1.0.0-RC7,-,-,?,-,false,-
com.structurizr,structurizr-annotations,1.0.0-RC7,-,-,?,-,false,-
com.structurizr,structurizr-client,1.0.0-RC7,-,-,?,-,false,-
com.structurizr,structurizr-core,1.0.0-RC7,-,-,?,-,false,-
com.structurizr,structurizr-dot,1.0.0-RC7,-,-,?,-,false,-
com.structurizr,structurizr-examples,1.0.0-RC6,-,-,?,-,false,-
com.structurizr,structurizr-plantuml,1.0.0-RC7,-,-,?,-,false,-
com.structurizr,structurizr-spring,1.0.0-RC7,-,-,?,-,false,-
com.structurizr,structurizr-websequencediagrams,1.0.0-RC7,-,-,?,-,false,-
com.thewonggei,regex-tester,0.4,-,-,?,-,false,-
com.upyun,java-sdk,4.0.1,-,-,?,-,false,-
com.vliolios,themoviedb-java-kit,0.1.0,-,-,?,-,false,-
com.wjoel,clj-bean,0.2.0,-,-,?,-,false,-
com.wjoel,spark-streaming-wikiedits,0.1.3,-,-,?,-,false,-
