groupId,artifactId,version,moduleName,moduleVersion,moduleMode,moduleDependencies,jdepsToolError,jdepsViolations
com.codingame.gameengine,core,2.9,-,-,?,-,false,-
com.codingame.gameengine,module-entities,2.9,-,-,?,-,false,-
com.codingame.gameengine,runner,2.9,-,-,?,-,false,-
com.github.biopet,ngs-utils_2.11,0.5,-,-,?,-,false,-
com.github.biopet,ngs-utils_2.12,0.5,-,-,?,-,false,-
com.github.biopet,seqstat_2.11,1.0.1,-,-,?,-,false,-
com.github.biopet,tool-utils_2.12,0.5,-,-,?,-,false,-
com.github.hoantran-it.library,utility-library,1.4,-,-,?,-,false,-
com.google.apis,google-api-services-youtubeAnalytics,v2-rev52-1.24.1,-,-,?,-,false,-
com.graphaware.neo4j,resttest,3.4.5.52.18,-,-,?,-,false,sun.misc.Unsafe                          See http://openjdk.java.net/jeps/260 + sun.security.x509.X500Name               Use javax.security.auth.x500.X500Principal @since 1.4
com.graphaware.neo4j,timetree,3.4.5.52.28,-,-,?,-,false,-
com.graphaware.neo4j,uuid,3.4.5.52.17,-,-,?,-,false,-
com.graphhopper,directions-api-client-hc,0.11.0-pre5,-,-,?,-,false,-
com.graphhopper,graphhopper-api,0.11.0-pre5,-,-,?,-,false,-
com.graphhopper,graphhopper-core,0.11.0-pre5,-,-,?,-,false,sun.misc.Unsafe                          See http://openjdk.java.net/jeps/260
com.graphhopper,graphhopper-isochrone,0.11.0-pre5,-,-,?,-,false,-
com.graphhopper,graphhopper-reader-gtfs,0.11.0-pre5,-,-,?,-,false,-
com.graphhopper,graphhopper-reader-osm,0.11.0-pre5,-,-,?,-,false,-
com.graphhopper,graphhopper-reader-shp,0.11.0-pre5,-,-,?,-,false,-
com.graphhopper,graphhopper-tools,0.11.0-pre5,-,-,?,-,false,-
com.graphhopper,graphhopper-web,0.11.0-pre5,-,-,?,-,false,com.sun.image.codec.jpeg.JPEGCodec       Use javax.imageio @since 1.4 + com.sun.image.codec.jpeg.JPEGDecodeParam Use javax.imageio @since 1.4 + com.sun.image.codec.jpeg.JPEGEncodeParam Use javax.imageio @since 1.4 + com.sun.image.codec.jpeg.JPEGImageDecoder Use javax.imageio @since 1.4 + com.sun.image.codec.jpeg.JPEGImageEncoder Use javax.imageio @since 1.4 + com.sun.image.codec.jpeg.JPEGQTable      Use javax.imageio @since 1.4 + sun.awt.image.codec.JPEGParam            Use javax.imageio @since 1.4 + sun.misc.Unsafe                          See http://openjdk.java.net/jeps/260 + sun.reflect.Reflection                   Use java.lang.StackWalker @since 9
com.graphhopper,graphhopper-web-api,0.11.0-pre5,-,-,?,-,false,-
com.graphhopper,graphhopper-web-bundle,0.11.0-pre5,-,-,?,-,false,-
com.weaverplatform,sdk-java,3.9.0,-,-,?,-,false,-
de.julielab,biosem-event-extractor,1.1.7,-,-,?,-,false,-
de.julielab,jcore-biosem-ae,2.3.1,-,-,?,-,false,-
de.julielab,jcore-biosem-ae-bionlp-st09,2.3.0,-,-,?,-,false,-
de.julielab,jcore-biosem-ae-bionlp-st11,2.3.0,-,-,?,-,false,-
de.julielab,jcore-biosem-ae-bionlp-st13,2.3.0,-,-,?,-,false,-
io.jaegertracing,jaeger-client,0.30.5,-,-,?,-,false,-
io.jaegertracing,jaeger-core,0.30.5,-,-,?,-,false,-
io.jaegertracing,jaeger-crossdock,0.30.5,-,-,?,-,false,-
io.jaegertracing,jaeger-micrometer,0.30.5,-,-,?,-,false,-
io.jaegertracing,jaeger-thrift,0.30.5,-,-,?,-,false,-
org.encry,encry-common_2.12,0.8.3,-,-,?,-,false,-
org.sunbird,cloud-store-sdk,1.0,-,-,?,-,false,-
top.jfunc.report,imexporter,1.2,-,-,?,-,false,-
