groupId,artifactId,version,moduleName,moduleVersion,moduleMode,moduleDependencies,jdepsToolError,jdepsViolations
ai.houyi,dorado-core,0.0.15,-,-,?,-,false,-
ai.houyi,dorado-spring-boot-starter,0.0.15,-,-,?,-,false,-
ai.houyi,dorado-swagger,0.0.15,-,-,?,-,false,-
ai.houyi,dorado-swagger-ui,0.0.15,-,-,?,-,false,-
com.centit.support,centit-compiler,2.2.1808,-,-,?,-,false,-
com.centit.support,centit-database,2.2.1808,-,-,?,-,false,-
com.centit.support,centit-database-datasource,2.2.1808,-,-,?,-,false,-
com.centit.support,centit-office,2.2.1808,-,-,?,-,false,-
com.centit.support,centit-utils,2.2.1808,-,-,?,-,false,com.sun.image.codec.jpeg.JPEGCodec       Use javax.imageio @since 1.4 + com.sun.image.codec.jpeg.JPEGEncodeParam Use javax.imageio @since 1.4 + com.sun.image.codec.jpeg.JPEGImageEncoder Use javax.imageio @since 1.4
com.github.pgcomb,commons-util,0.0.4,-,-,?,-,false,-
com.github.pureconfig,pureconfig_2.10,0.9.2,-,-,?,-,false,-
com.github.pureconfig,pureconfig_2.11,0.9.2,-,-,?,-,false,-
com.github.pureconfig,pureconfig_2.12,0.9.2,-,-,?,-,false,-
com.github.pureconfig,pureconfig-akka_2.11,0.9.2,-,-,?,-,false,-
com.github.pureconfig,pureconfig-akka_2.12,0.9.2,-,-,?,-,false,-
com.github.pureconfig,pureconfig-cats_2.10,0.9.2,-,-,?,-,false,-
com.github.pureconfig,pureconfig-cats_2.11,0.9.2,-,-,?,-,false,-
com.github.pureconfig,pureconfig-cats_2.12,0.9.2,-,-,?,-,false,-
com.github.pureconfig,pureconfig-cats-effect_2.10,0.9.2,-,-,?,-,false,-
com.github.pureconfig,pureconfig-cats-effect_2.11,0.9.2,-,-,?,-,false,-
com.github.pureconfig,pureconfig-cats-effect_2.12,0.9.2,-,-,?,-,false,-
com.github.pureconfig,pureconfig-enum_2.10,0.9.2,-,-,?,-,false,-
com.github.pureconfig,pureconfig-enum_2.11,0.9.2,-,-,?,-,false,-
com.github.pureconfig,pureconfig-enum_2.12,0.9.2,-,-,?,-,false,-
com.github.pureconfig,pureconfig-enumeratum_2.10,0.9.2,-,-,?,-,false,-
com.github.pureconfig,pureconfig-enumeratum_2.11,0.9.2,-,-,?,-,false,-
com.github.pureconfig,pureconfig-enumeratum_2.12,0.9.2,-,-,?,-,false,-
com.github.pureconfig,pureconfig-fs2_2.11,0.9.2,-,-,?,-,false,-
com.github.pureconfig,pureconfig-fs2_2.12,0.9.2,-,-,?,-,false,-
com.github.pureconfig,pureconfig-hadoop_2.10,0.9.2,-,-,?,-,false,-
com.github.pureconfig,pureconfig-hadoop_2.11,0.9.2,-,-,?,-,false,-
com.github.pureconfig,pureconfig-hadoop_2.12,0.9.2,-,-,?,-,false,-
com.github.pureconfig,pureconfig-http4s_2.11,0.9.2,-,-,?,-,false,-
com.github.pureconfig,pureconfig-http4s_2.12,0.9.2,-,-,?,-,false,-
com.github.pureconfig,pureconfig-javax_2.10,0.9.2,-,-,?,-,false,-
com.github.pureconfig,pureconfig-javax_2.11,0.9.2,-,-,?,-,false,-
com.github.pureconfig,pureconfig-javax_2.12,0.9.2,-,-,?,-,false,-
com.github.pureconfig,pureconfig-joda_2.10,0.9.2,-,-,?,-,false,-
com.github.pureconfig,pureconfig-joda_2.11,0.9.2,-,-,?,-,false,-
com.github.pureconfig,pureconfig-joda_2.12,0.9.2,-,-,?,-,false,-
com.github.pureconfig,pureconfig-macros_2.10,0.9.2,-,-,?,-,false,-
com.github.pureconfig,pureconfig-macros_2.11,0.9.2,-,-,?,-,false,-
com.github.pureconfig,pureconfig-macros_2.12,0.9.2,-,-,?,-,false,-
com.github.pureconfig,pureconfig-scala-xml_2.10,0.9.2,-,-,?,-,false,-
com.github.pureconfig,pureconfig-scala-xml_2.11,0.9.2,-,-,?,-,false,-
com.github.pureconfig,pureconfig-scala-xml_2.12,0.9.2,-,-,?,-,false,-
com.github.pureconfig,pureconfig-squants_2.10,0.9.2,-,-,?,-,false,-
com.github.pureconfig,pureconfig-squants_2.11,0.9.2,-,-,?,-,false,-
com.github.pureconfig,pureconfig-squants_2.12,0.9.2,-,-,?,-,false,-
com.github.pureconfig,pureconfig-yaml_2.10,0.9.2,-,-,?,-,false,-
com.github.pureconfig,pureconfig-yaml_2.11,0.9.2,-,-,?,-,false,-
com.github.pureconfig,pureconfig-yaml_2.12,0.9.2,-,-,?,-,false,-
com.hotels.styx,styx-api,0.7.8,-,-,?,-,false,-
com.hotels.styx,styx-api-testsupport,0.7.8,-,-,?,-,false,-
com.hotels.styx,styx-client,0.7.8,-,-,?,-,false,-
com.hotels.styx,styx-common,0.7.8,-,-,?,-,false,-
com.hotels.styx,styx-origins-starter-app,0.7.8,-,-,?,-,false,-
com.hotels.styx,styx-proxy,0.7.8,-,-,?,-,false,-
com.hotels.styx,styx-server,0.7.8,-,-,?,-,false,-
com.hotels.styx,styx-test-api,0.7.8,-,-,?,-,false,-
com.hotels.styx,styx-testsupport,0.7.8,-,-,?,-,false,-
com.jillesvangurp,jsonj,2.51,-,-,?,-,false,-
io.iconator,testonator,1.0.23,-,-,?,-,false,-
org.fastquery,fastquery,1.0.54,-,-,?,-,false,-
org.nextrtc.signalingserver,nextrtc-signaling-server,1.0.0-RC6,-,-,?,-,false,-
org.weixin4j,weixin4j,0.1.3,-,-,?,-,false,-
ru.r2cloud,jradio,1.5,-,-,?,-,false,-
