groupId,artifactId,version,moduleName,moduleVersion,moduleMode,moduleDependencies,jdepsToolError,jdepsViolations
com.github.1991wangliang,alipay-api,1.0.3,-,-,?,-,false,-
com.github.1991wangliang,alipay-api-service,1.0.4,-,-,?,-,false,-
com.github.1991wangliang,alipay-sdk,1.0.0,-,-,?,-,false,-
com.github.1991wangliang,aliyun-java-sdk-dysmsapi,1.0.0,-,-,?,-,false,-
com.github.1991wangliang,dubbo-transaction,1.0.2,-,-,?,-,false,-
com.github.1991wangliang,lorne_core,1.0.0,-,-,?,-,false,-
com.github.1991wangliang,lorne_excel,2.0.0,-,-,?,-,false,-
com.github.1991wangliang,lorne_exception,1.0.0-test,-,-,?,-,false,-
com.github.1991wangliang,lorne_feign,1.0.0,-,-,?,-,false,-
com.github.1991wangliang,lorne_mysql,1.0.1,-,-,?,-,false,-
com.github.1991wangliang,lorne_quartz,1.0.0,-,-,?,-,false,-
com.github.1991wangliang,lorne_sds_delivery,1.0.0,-,-,?,-,false,-
com.github.1991wangliang,lorne_sds_socket,1.0.1,-,-,?,-,false,-
com.github.1991wangliang,lorne-tx-core,1.0.2,-,-,?,-,false,-
com.github.1991wangliang,sds-delivery,1.2.5,-,-,?,-,false,-
com.github.1991wangliang,sds-socket,1.2.5,-,-,?,-,false,-
com.github.1991wangliang,springcloud-transaction,1.0.2,-,-,?,-,false,-
com.github.1991wangliang,springfox-swagger-ui,1.0.0.RELEASE,-,-,?,-,false,-
com.github.1991wangliang,weixin-api,1.0.4,-,-,?,-,false,-
com.github.1991wangliang,weixin-api-service,1.0.3,-,-,?,-,false,-
com.github.1991wangliang,yuntongxun,1.0.0,-,-,?,-,false,-
com.github.1991wangliang,yunyongxun,1.0.0,-,-,?,-,false,-
com.github.albfernandez,itext2,2.1.14,-,-,?,-,false,-
com.github.albfernandez,javadbf,1.9.2,com.github.albfernandez.javadbf,-,automatic,-,false,-
com.github.albfernandez,jboss-el,1.1.0,com.github.albfernandez.jboss-el,-,automatic,-,false,-
com.github.albfernandez,jbpm-enterprise,3.2.12.ayg,-,-,?,-,false,-
com.github.albfernandez,jbpm-examples,3.2.12.ayg,-,-,?,-,false,-
com.github.albfernandez,jbpm-identity,3.2.12.ayg,-,-,?,-,false,-
com.github.albfernandez,jbpm-jpdl,3.2.12.ayg,-,-,?,-,false,-
com.github.albfernandez,jbpm-simulation,3.2.12.ayg,-,-,?,-,false,-
com.github.albfernandez,jbpm-tomcat,3.2.12.ayg,-,-,?,-,false,-
com.github.albfernandez,joinpdf,2.0.2,com.github.albfernandez.joinpdf,-,automatic,-,false,-
com.github.albfernandez,juniversalchardet,2.1.0,-,-,?,-,false,-
com.github.albfernandez,pmd-gds,2.16.1,-,-,?,-,false,-
com.github.albfernandez,pmd-java-safenames,1.0.0,-,-,?,-,false,-
com.github.albfernandez.richfaces,richfaces,4.6.5.ayg,org.richfaces.richfaces,-,automatic,-,false,-
com.github.albfernandez.richfaces,richfaces-a4j,4.6.5.ayg,org.richfaces.richfaces-a4j,-,automatic,-,false,-
com.github.albfernandez.richfaces,richfaces-build-resources,4.6.5.ayg,-,-,?,-,false,-
com.github.albfernandez.richfaces,richfaces-core,4.6.5.ayg,org.richfaces.richfaces-core,-,automatic,-,false,-
com.github.albfernandez.richfaces,richfaces-page-fragments,4.6.5.ayg,org.richfaces.richfaces-page-fragments,-,automatic,-,false,-
com.github.albfernandez.richfaces,richfaces-resource-optimizer-maven-plugin,4.6.5.ayg,org.richfaces.richfaces-resource-optimizer-maven-plugin,-,automatic,-,false,-
com.github.albfernandez.test-jsf,htmlunit-client,1.1.13,-,-,?,-,false,-
com.github.albfernandez.test-jsf,jsf-mock,1.1.13,-,-,?,-,false,-
com.github.albfernandez.test-jsf,jsf-mockito,1.1.13,-,-,?,-,false,-
com.github.albfernandez.test-jsf,jsf-test-jetty,1.1.13,-,-,?,-,false,-
com.github.albfernandez.test-jsf,jsf-test-scriptunit,1.1.13,-,-,?,-,false,-
com.github.albfernandez.test-jsf,jsf-test-stage,1.1.13,-,-,?,-,false,-
com.github.alexisjehan,javanilla,1.1.0,-,-,?,-,false,-
com.github.alvinqq,addversion-maven-plugin,1.0.3,-,-,?,-,false,-
com.github.bogdanlivadariu,cucumber-reporting-handlebars,2.1.3,-,-,?,-,false,-
com.github.bogdanlivadariu,gif-webdriver,1.0.2,-,-,?,-,false,-
com.github.bogdanlivadariu,junit-reporting-handlebars,2.1.3,-,-,?,-,false,-
com.github.bogdanlivadariu,rspec-reporting-handlebars,2.1.3,-,-,?,-,false,-
com.github.bogdanlivadariu,testng-reporting-handlebars,2.1.3,-,-,?,-,false,-
com.github.bradleywood,sqtf-core,1.1,-,-,?,-,false,-
com.github.bradleywood,sqtf-provider,1.1,-,-,?,-,false,-
com.github.brianolsen87,text-instructions,0.11.3,-,-,?,-,false,-
com.github.britter,bean-validators,0.6.3,-,-,?,-,false,-
com.github.calimero,calimero-core,2.4-rc1,-,-,?,-,false,-
com.github.calimero,calimero-device,2.4-rc1,-,-,?,-,false,-
com.github.calimero,calimero-gui,2.4-rc1,-,-,?,-,false,-
com.github.calimero,calimero-rxtx,2.4-rc1,-,-,?,-,false,-
com.github.calimero,calimero-server,2.4-rc1,-,-,?,-,false,-
com.github.calimero,calimero-tools,2.4-rc1,-,-,?,-,false,-
com.github.colorgmi,hello-world,1.0,-,-,?,-,false,-
com.github.colorgmi,hello-world-java,1.0,-,-,?,-,false,-
com.github.crob1140,confluence-java-client,1.0.0,-,-,?,-,false,-
com.github.cschen1205,java-ai-minefield-navigator,1.0.2,-,-,?,-,false,-
com.github.cschen1205,java-ann-falcon,1.0.1,-,-,?,-,false,-
com.github.cschen1205,java-expert-system-shell,1.0.1,-,-,?,-,false,sun.reflect.generics.reflectiveObjects.NotImplementedException Removed. See http://openjdk.java.net/jeps/260
com.github.cschen1205,java-fuzzy-logic,1.0.1,-,-,?,-,false,-
com.github.dafutils,akka-http-oauth1_2.12,0.2.1,-,-,?,-,false,-
com.github.danymarialee,scale_2.12,1.0,-,-,?,-,false,-
com.github.derekjw,fs2json_2.12,0.5,-,-,?,-,false,-
com.github.derekjw,fs2json-circe_2.12,0.8.0-M1,-,-,?,-,false,-
com.github.derekjw,fs2json-core_2.12,0.8.0-M1,-,-,?,-,false,-
com.github.derekjw,fs2json-jawn_2.12,0.8.0-M1,-,-,?,-,false,-
com.github.derekjw,treelogger_2.12,0.1,-,-,?,-,false,-
com.github.derekjw,treelogger-core_2.12,0.1,-,-,?,-,false,-
com.github.dimsuz,diff-dispatcher-annotations,0.9.3,-,-,?,-,false,-
com.github.dimsuz,diff-dispatcher-processor,0.9.3,-,-,?,-,false,-
com.github.eriche39,orchestrator-core,1.1,-,-,?,-,false,-
com.github.eriche39,orchestrator-meta,1.1,-,-,?,-,false,-
com.github.eriche39,orchestrator-samples,1.1,-,-,?,-,false,-
com.github.eriche39,orchestrator-visualization,1.1,-,-,?,-,false,-
com.github.esiqveland.awssigner,okhttp-awssigner-interceptor,0.9.0,-,-,?,-,false,-
com.github.esiqveland.okhttp3,aws-interceptor,0.9.2,-,-,?,-,false,-
com.github.fartherp,code-generator-core,1.0.4,-,-,?,-,false,-
com.github.fartherp,dbtest-dbunit,1.0.2,-,-,?,-,false,-
com.github.fartherp,framework-cache,2.0.2,-,-,?,-,false,-
com.github.fartherp,framework-common,2.0.2,-,-,?,-,false,-
com.github.fartherp,framework-compress,2.0.2,-,-,?,-,false,-
com.github.fartherp,framework-core,2.0.2,-,-,?,-,false,-
com.github.fartherp,framework-database,2.0.2,-,-,?,-,false,-
com.github.fartherp,framework-exception,2.0.2,-,-,?,-,false,-
com.github.fartherp,framework-file,2.0.2,-,-,?,-,false,-
com.github.fartherp,framework-filter,2.0.2,-,-,?,-,false,-
com.github.fartherp,framework-ip,1.0.4,-,-,?,-,false,-
com.github.fartherp,framework-net,2.0.2,-,-,?,-,false,-
com.github.fartherp,framework-poi,2.0.2,-,-,?,-,false,-
com.github.fartherp,framework-remoting,2.0.2,-,-,?,-,false,-
com.github.fartherp,framework-security,2.0.2,-,-,?,-,false,-
com.github.fartherp,framework-tree,2.0.2,-,-,?,-,false,-
com.github.fartherp,generatorcode-framework,1.0.2,-,-,?,-,false,-
com.github.fartherp,generatorcode-openservice,1.0.2,-,-,?,-,false,-
com.github.fartherp,generatorcode-operationplatform,1.0.2,-,-,?,-,false,-
com.github.fartherp,generatorcode-plt,1.0.2,-,-,?,-,false,-
com.github.fartherp,generatorcode-pos,1.0.2,-,-,?,-,false,-
com.github.fartherp,generatorcode-ppms,1.0.2,-,-,?,-,false,-
com.github.fartherp,javacode,2.0.2,-,-,?,-,false,-
com.github.fartherp,javaxml,2.0.1,-,-,?,-,false,-
com.github.fartherp.spring.boot,framework-spring-boot-autoconfigure,2.0.2,-,-,?,-,false,-
com.github.fartherp.spring.boot,framework-spring-boot-starter,2.0.2,-,-,?,-,false,-
com.github.florianingerl.util,regex,1.1.6,-,-,?,-,false,sun.security.action.GetPropertyAction    Use java.security.PrivilegedAction @since 1.1
com.github.fuwanguo,jedis.migu,2.8.2,-,-,?,-,false,-
com.github.geoframecomponents,GEOframeUtils,0.3.26,-,-,?,-,false,-
com.github.Gr1f0n6x,tarantoolorm,0.4,-,-,?,-,false,-
com.github.Gr1f0n6x,tarantoolqueue,0.3.1,-,-,?,-,false,-
com.github.gtache,scalajs-plugin,0.2.0,-,-,?,-,false,-
com.github.h908714124,auto-builder,2.9,-,-,?,-,false,-
com.github.h908714124,bean-standard,1.5,-,-,?,-,false,-
com.github.h908714124,crate,1.1,-,-,?,-,false,-
com.github.h908714124,jbock-annotations,1.7,-,-,?,-,false,-
com.github.h908714124,readable,1.3,-,-,?,-,false,-
com.github.h908714124,zerobuilder,1.644,-,-,?,-,false,-
com.github.h908714124,zerobuilder-compiler,1.644,-,-,?,-,false,-
com.github.helgeho,archivespark_2.11,2.7.6,-,-,?,-,false,-
com.github.helgeho,hadoop-concat-gz,1.2.2,-,-,?,-,false,-
com.github.helgeho,web2warc_2.11,1.1,-,-,?,-,false,-
com.github.hippoom,test-data-builder,0.5.0,-,-,?,-,false,-
com.github.hippoom,wechat-mp-autoconfigure,0.3.2,-,-,?,-,false,-
com.github.hippoom,wechat-mp-starter,0.3.2,-,-,?,-,false,-
com.github.hippoom,wechat-mp-starter-demo,0.1.0,-,-,?,-,false,-
com.github.hippoom,wechat-mp-starter-test,0.3.2,-,-,?,-,false,-
com.github.hippoom,wechat-mp-test,0.3.2,-,-,?,-,false,-
com.github.hippoom,wiremock-contract-verifier,0.3.0,-,-,?,-,false,-
com.github.hyleung,ratpack-zipkin,2.3.1,-,-,?,-,false,-
com.github.jai-imageio,jai-imageio-core,1.4.0,-,-,?,-,false,-
com.github.jean-merelis,coffeepot-bean-wr,2.0.0-rc.1,-,-,?,-,false,-
com.github.jean-merelis,coffeepot-br-sped-fiscal,1.0.0-Beta.10,-,-,?,-,false,-
com.github.jianliu,excel-poi,1.1,-,-,?,-,false,-
com.github.jobservice,document-message-builder,2.1.1-7,-,-,?,-,false,-
com.github.jobservice,job-service-client,2.5.0-284,-,-,?,-,false,-
com.github.jobservice,job-service-scheduled-executor,2.5.0-284,-,-,?,-,false,-
com.github.jobservice,worker-batch,3.0.0-100,-,-,?,-,false,-
com.github.jobservice,worker-batch-extensibility,3.0.0-100,-,-,?,-,false,-
com.github.jobservice,worker-batch-shared,3.0.0-100,-,-,?,-,false,-
com.github.jobservice,worker-jobtracking,2.5.0-284,-,-,?,-,false,-
com.github.jobservice,worker-jobtracking-shared,2.5.0-284,-,-,?,-,false,-
com.github.johnlangford,vw-jni,8.4.1,-,-,?,-,false,-
com.github.justincranford,threadpoolutil,0.0.3,-,-,?,-,false,-
com.github.kaikis.m2m,tools,0.1.2,-,-,?,-,false,-
com.github.katari,k2-build-tools,0.0.19,-,-,?,-,false,-
com.github.katari,k2-core,0.0.19,-,-,?,-,false,-
com.github.katari,k2-hibernate,0.0.19,-,-,?,-,false,-
com.github.katari,k2-maven-plugin,0.0.19,-,-,?,-,false,-
com.github.katari,k2-shiro,0.0.19,-,-,?,-,false,-
com.github.katari,k2-swagger,0.0.19,-,-,?,-,false,-
com.github.ksszidane,webdriver-unit-lib,1.0.36,-,-,?,-,false,-
com.github.lkalwa,scala-streamable-jsonapi_2.11,0.39,-,-,?,-,false,-
com.github.lkalwa,scala-streamable-jsonapi_2.12,0.2,-,-,?,-,false,-
com.github.lostsky3000,dfactor,1.0.0,-,-,?,-,false,-
com.github.lumpchen,xafp,1.0.0,-,-,?,-,false,-
com.github.m0uj,spring-restexceptionhandler,1.0-RELEASE,-,-,?,-,false,-
com.github.m0uj,spring-security-jwt,1.0-RELEASE,-,-,?,-,false,-
com.github.MalaysiaKeropok,ueditor,1.6.5-RELEASE,-,-,?,-,false,-
com.github.MalaysiaKeropok,ueditor2,2.0.0-RELEASE,-,-,?,-,false,-
com.github.marino-serna,paralleltool,1.0.0-00,-,-,?,-,false,-
com.github.marino-serna,parallel-tool,1.0.1-00,-,-,?,-,false,-
com.github.masontool,reflect,2.2.0,-,-,?,-,false,-
com.github.master,spark-stemming_2.10,0.2.0,-,-,?,-,false,-
com.github.mdsina,aws-maven,6.1.2,-,-,?,-,false,-
com.github.mdsina,aws-param-store-config,0.1.1,-,-,?,-,false,-
com.github.mhariri,smack-ece,1.0.8,-,-,?,-,false,-
com.github.mina-asham,offheap-largecollections,1.0,-,-,?,-,false,sun.misc.Unsafe                          See http://openjdk.java.net/jeps/260
com.github.mongobee,mongobee,0.13,-,-,?,-,false,-
com.github.mwegrz,logback-hocon,0.1.6,-,-,?,-,false,-
com.github.mwegrz,scala-app_2.11,0.1.6,-,-,?,-,false,-
com.github.mwegrz,scala-app_2.12,0.1.9,-,-,?,-,false,-
com.github.mwegrz,scala-structlog,0.1.3,-,-,?,-,false,-
com.github.mwegrz,scala-structlog_2.11,0.1.5,-,-,?,-,false,-
com.github.mwegrz,scala-structlog_2.12,0.1.7,-,-,?,-,false,-
com.github.mwegrz,scala-util_2.11,0.1.2,-,-,?,-,false,-
com.github.mwegrz,scala-util_2.12,0.1.40,-,-,?,-,false,-
com.github.nobodxbodon,zhconverter,0.0.5,-,-,?,-,false,-
com.github.noconnor,JUnitPerf,1.0.0,-,-,?,-,false,-
com.github.noconnor,junitperf,1.9.1,-,-,?,-,false,sun.misc.Unsafe                          See http://openjdk.java.net/jeps/260 + sun.reflect.Reflection                   Use java.lang.StackWalker @since 9
com.github.ohcomeyes,swagger-ui-layer,1.2,-,-,?,-,false,-
com.github.openjson,openjson,1.0.10,-,-,?,-,false,-
com.github.pawelj-pl,event-bus-service,1.2.0,-,-,?,-,false,-
com.github.pawelj-pl,semver-j,1.0.0,-,-,?,-,false,-
com.github.pawelj-pl,system-config,1.0.0,-,-,?,-,false,-
com.github.peterbecker,configuration-api,1.1,-,-,?,-,false,-
com.github.peterbecker,configuration-json,1.1,-,-,?,-,false,-
com.github.peterbecker,configuration-parser,1.1,-,-,?,-,false,-
com.github.peterbecker,configuration-yaml,1.1,-,-,?,-,false,-
com.github.piotrkot,cli,1.2.0,-,-,?,-,false,-
com.github.piotrkot,mustache,1.0,-,-,?,-,false,-
com.github.pipiz,Buggy,1.0.0,-,-,?,-,false,-
com.github.program_in_chinese,junit4_in_chinese,0.0.1,-,-,?,-,false,-
com.github.prt2121,kpop-cli,0.1.2,-,-,?,-,false,sun.reflect.generics.reflectiveObjects.NotImplementedException Removed. See http://openjdk.java.net/jeps/260
com.github.prt2121,kpop-core,0.1.2,-,-,?,-,false,sun.reflect.generics.reflectiveObjects.NotImplementedException Removed. See http://openjdk.java.net/jeps/260
com.github.prt2121,kpop-plugin,0.1.2,-,-,?,-,false,-
com.github.prt2121,rxjava2-interop-kotlin,0.9.3,-,-,?,-,false,-
com.github.pscheidl,benguard,0.2.2,-,-,?,-,false,-
com.github.pscheidl,fortee,1.1.0,-,-,?,-,false,-
com.github.richard-ballard,arbee-test-utils,1.6,-,-,?,-,false,-
com.github.richard-ballard,arbee-utils,1.6,-,-,?,-,false,-
com.github.rigoford,sonar-java-rules,0.3.0,-,-,?,-,false,-
com.github.rodrigobriet,tmdbclient,1.0.0,-,-,?,-,false,-
com.github.rubetrio,gcshelper,0.1.0,-,-,?,-,false,-
com.github.sanskrit-coders,couchbase-lite-desktop,1.2,-,-,?,-,false,-
com.github.sanskrit-coders,couchbase-lite-desktop_2.12,1.7,-,-,?,-,false,-
com.github.sanskrit-coders,couchdb-client_2.12,0.6,-,-,?,-,false,-
com.github.sanskrit-coders,db-interface_2.12,3.1,-,-,?,-,false,sun.reflect.generics.reflectiveObjects.NotImplementedException Removed. See http://openjdk.java.net/jeps/260
com.github.sanskrit-coders,db-interface,2.9,-,-,?,-,false,-
com.github.sanskrit-coders,dict-tools,1.0,-,-,?,-,false,-
com.github.sanskrit-coders,dict-tools_2.12,0.1,-,-,?,-,false,-
com.github.sanskrit-coders,indic-transliteration,1.6,-,-,?,-,false,-
com.github.sanskrit-coders,indic-transliteration_2.12,1.29,-,-,?,-,false,-
com.github.sanskrit-coders,quote-db,1.0,-,-,?,-,false,-
com.github.sanskrit-coders,sanskrit-lttoolbox,0.2,-,-,?,-,false,-
com.github.sanskrit-coders,sanskrit-lttoolbox_2.12,0.9,-,-,?,-,false,-
com.github.sanskrit-coders,sanskritnlp,1.2,-,-,?,-,false,-
com.github.sanskrit-coders,scala-utils_2.12,0.5,-,-,?,-,false,-
com.github.sanskrit-coders,StarDict,1.1,-,-,?,-,false,-
com.github.sanskrit-coders,wiki-tools,1.0,-,-,?,-,false,-
com.github.sergeybudnik,smart.config,3.5.0,-,-,?,-,false,-
com.github.sergeybudnik,smart.config.data,3.5.0,-,-,?,-,false,-
com.github.simonschiller,injecton,1.0.0,-,-,?,-,false,-
com.github.spoptchev,kotlin-preconditions,6.1.0,-,-,?,-,false,-
com.github.spoptchev,scientist,1.0.2,-,-,?,-,false,-
com.github.st-h,TarsosDSP,2.4.1,-,-,?,-,false,-
com.github.st-h,vertx-mongo-streams,2.0.1,-,-,?,-,false,-
com.github.structlogging,structlogger,0.12.0,-,-,?,-,false,com.sun.tools.javac.model.JavacElements  Use javax.tools and javax.lang.model @since 1.6 + com.sun.tools.javac.processing.JavacProcessingEnvironment Use javax.tools and javax.lang.model @since 1.6 + com.sun.tools.javac.tree.JCTree          Use com.sun.source @since 1.6 + com.sun.tools.javac.tree.JCTree$JCClassDecl Use com.sun.source @since 1.6 + com.sun.tools.javac.tree.JCTree$JCExpression Use com.sun.source @since 1.6 + com.sun.tools.javac.tree.JCTree$JCExpressionStatement Use com.sun.source @since 1.6 + com.sun.tools.javac.tree.JCTree$JCFieldAccess Use com.sun.source @since 1.6 + com.sun.tools.javac.tree.JCTree$JCIdent  Use com.sun.source @since 1.6 + com.sun.tools.javac.tree.JCTree$JCLiteral Use com.sun.source @since 1.6 + com.sun.tools.javac.tree.JCTree$JCMethodInvocation Use com.sun.source @since 1.6 + com.sun.tools.javac.tree.JCTree$JCNewClass Use com.sun.source @since 1.6 + com.sun.tools.javac.tree.TreeMaker       Use com.sun.source @since 1.6 + com.sun.tools.javac.util.Context         Use javax.tools and javax.lang.model @since 1.6 + com.sun.tools.javac.util.List            Use javax.tools and javax.lang.model @since 1.6 + com.sun.tools.javac.util.ListBuffer      Use javax.tools and javax.lang.model @since 1.6 + com.sun.tools.javac.util.Name            Use javax.tools and javax.lang.model @since 1.6 + com.sun.tools.javac.util.Names           Use javax.tools and javax.lang.model @since 1.6
com.github.structlogging,structlogger-benchmark,0.12.0,-,-,?,-,false,-
com.github.structlogging,structlogger-example,0.12.0,-,-,?,-,false,-
com.github.structlogging,structlogger-tests,0.12.0,-,-,?,-,false,-
com.github.thanhtien522,es-http-client_2.11,0.2.1_jackson-2.8,-,-,?,-,false,-
com.github.thanhtien522,scala-kafka-client_2.11,0.1.0,-,-,?,-,false,-
com.github.titisan,ldapcollector,0.2.0,-,-,?,-,false,-
com.github.titisan,ldap_exporter_httpserver,0.2.0,-,-,?,-,false,-
com.github.tknudsen,complex-data-object,0.1.11,-,-,?,-,false,-
com.github.tonybaines,gestalt,2.0.14,-,-,?,-,false,-
com.github.ulisesbocchio,jasypt-spring-boot,2.1.0,-,-,?,-,false,-
com.github.ulisesbocchio,jasypt-spring-boot-starter,2.1.0,-,-,?,-,false,-
com.github.ulisesbocchio,spring-boot-security-saml,1.16,-,-,?,-,false,-
com.github.vantonov1,basalt-acl,1.0,-,-,?,-,false,-
com.github.vantonov1,basalt-all,1.0,-,-,?,-,false,-
com.github.vantonov1,basalt-content,1.0,-,-,?,-,false,-
com.github.vantonov1,basalt-fulltext,1.0,-,-,?,-,false,-
com.github.vantonov1,basalt-repo,1.0,-,-,?,-,false,-
com.github.vladislavgoltjajev,java-isikukood,1.4,-,-,?,-,false,-
com.github.voplex95,mailgun-client,1.1.0,-,-,?,-,false,-
com.github.wmixvideo,nfe,3.0.2-RELEASE,-,-,?,-,false,-
com.github.wslf,DataStructures,1.0.3,-,-,?,-,false,-
com.github.wslf,LevenshteinDistance,1.0.0,-,-,?,-,false,-
com.github.wslf,Utils,1.1.2,-,-,?,-,false,-
com.github.wuxinbo,common-email,1.0.0,-,-,?,-,false,-
com.github.xchendeveloper,JTree,1.0,-,-,?,-,false,-
com.github.yenole,quickjson,1.0,-,-,?,-,false,-
com.github.ykiselev,assets,1.9,-,-,?,-,false,-
com.github.ykiselev,binary-format,1.34,-,-,?,-,false,-
com.github.ykiselev,buffer-pool,1.3,-,-,?,-,false,-
com.github.ykiselev,column-table,0.6,-,-,?,-,false,-
com.github.ykiselev,sprite-font-builder,1.9,-,-,?,-,false,-
com.github.ykiselev,sprite-font-lib,1.9,-,-,?,-,false,-
com.github.zfq308.JavaCodeLib,Core,1.0.2,-,-,?,-,false,-
com.github.zhaoxiufei,zxf-excel,1.0.0,-,-,?,-,false,-
com.github.zijan,tatala,0.3.0,-,-,?,-,false,-
com.github.zuinnote,hadoopcryptoledger-fileformat,1.2.0,-,-,?,-,false,-
com.github.zuinnote,hadoopcryptoledger-flinkdatasource,1.2.0,-,-,?,-,false,-
com.github.zuinnote,hadoopcryptoledger-hiveserde,1.2.0,-,-,?,-,false,-
com.github.zuinnote,hadoopcryptoledger-hiveudf,1.2.0,-,-,?,-,false,-
com.github.zuinnote,hadoopoffice-fileformat,1.1.1,-,-,?,-,false,-
com.github.zuinnote,hadoopoffice-flinkds,1.1.1,-,-,?,-,false,-
com.github.zuinnote,hadoopoffice-flinkts_2.10,1.1.1,-,-,?,-,false,-
com.github.zuinnote,hadoopoffice-flinkts_2.11,1.1.1,-,-,?,-,false,-
com.github.zuinnote,hadoopoffice-hiveserde,1.1.1,-,-,?,-,false,-
com.github.zuinnote,spark-hadoopcryptoledger-ds_2.10,1.2.0,-,-,?,-,false,-
com.github.zuinnote,spark-hadoopcryptoledger-ds_2.11,1.2.0,-,-,?,-,false,-
com.github.zuinnote,spark-hadoopoffice-ds_2.10,1.1.1,-,-,?,-,false,-
com.github.zuinnote,spark-hadoopoffice-ds_2.11,1.1.1,-,-,?,-,false,-
com.hextremelabs,quickee,1.0.Alpha12,-,-,?,-,false,-
com.lihaoyi,cask_2.12,0.1.6,-,-,?,-,false,-
com.lihaoyi,mill-contrib_2.12,0.2.6-26-146d58,-,-,?,-,false,-
com.lihaoyi,mill-contrib-buildinfo_2.12,0.2.6-26-146d58,-,-,?,-,false,-
com.lihaoyi,mill-contrib-scalapblib_2.12,0.2.6-26-146d58,-,-,?,-,false,-
com.lihaoyi,mill-contrib-testng,0.2.6-26-146d58,-,-,?,-,false,-
com.lihaoyi,mill-contrib-twirllib_2.12,0.2.6-26-146d58,-,-,?,-,false,-
com.lihaoyi,mill-dev_2.12,0.2.6-26-146d58,-,-,?,-,false,-
com.lihaoyi,mill-integration_2.12,2018-02-10T22-20-56-317Z-719ff8a6d79093d390b0d5ce7d01755e65fcd484,-,-,?,-,false,-
com.lihaoyi,mill-main_2.12,2018-02-10T22-20-56-317Z-719ff8a6d79093d390b0d5ce7d01755e65fcd484,-,-,?,-,false,-
com.lihaoyi,mill-main-client,0.2.6-26-146d58,-,-,?,-,false,-
com.lihaoyi,mill-main-core_2.12,0.2.6-26-146d58,-,-,?,-,false,-
com.lihaoyi,mill-main-graphviz_2.12,0.2.6-26-146d58,-,-,?,-,false,-
com.lihaoyi,mill-main-moduledefs_2.12,0.2.6-26-146d58,-,-,?,-,false,-
com.lihaoyi,mill-scalajslib_2.12,2018-02-10T22-20-56-317Z-719ff8a6d79093d390b0d5ce7d01755e65fcd484,-,-,?,-,false,-
com.lihaoyi,mill-scalajslib-worker-0.6_2.12,0.2.6-26-146d58,-,-,?,-,false,-
com.lihaoyi,mill-scalajslib-worker-1.0_2.12,0.2.6-26-146d58,-,-,?,-,false,-
com.lihaoyi,mill-scalalib_2.12,2018-02-10T22-20-56-317Z-719ff8a6d79093d390b0d5ce7d01755e65fcd484,-,-,?,-,false,-
com.lihaoyi,mill-scalalib-backgroundwrapper,0.2.6-26-146d58,-,-,?,-,false,-
com.lihaoyi,mill-scalalib-worker_2.12,0.2.6-26-146d58,-,-,?,-,false,-
com.lihaoyi,mill-scalanativelib_2.12,0.2.6-26-146d58,-,-,?,-,false,-
com.lihaoyi,mill-scalanativelib-worker-0.3_2.12,0.2.6-26-146d58,-,-,?,-,false,-
com.nepxion,discovery-common,4.3.18,-,-,?,-,false,-
com.nepxion,discovery-common-nacos,4.3.18,-,-,?,-,false,-
com.nepxion,discovery-common-redis,4.3.18,-,-,?,-,false,-
com.nepxion,discovery-console,4.3.18,-,-,?,-,false,-
com.nepxion,discovery-console-extension-nacos,4.3.18,-,-,?,-,false,-
com.nepxion,discovery-console-extension-redis,4.3.18,-,-,?,-,false,-
com.nepxion,discovery-plugin-admin-center,4.3.18,-,-,?,-,false,-
com.nepxion,discovery-plugin-config-center,4.3.18,-,-,?,-,false,-
com.nepxion,discovery-plugin-config-center-extension-nacos,4.3.18,-,-,?,-,false,-
com.nepxion,discovery-plugin-config-center-extension-redis,4.3.18,-,-,?,-,false,-
com.nepxion,discovery-plugin-framework,4.3.18,-,-,?,-,false,-
com.nepxion,discovery-plugin-framework-consul,4.3.18,-,-,?,-,false,-
com.nepxion,discovery-plugin-framework-eureka,4.3.18,-,-,?,-,false,-
com.nepxion,discovery-plugin-framework-zookeeper,4.3.18,-,-,?,-,false,-
com.nepxion,discovery-plugin-starter-consul,4.3.18,-,-,?,-,false,-
com.nepxion,discovery-plugin-starter-eureka,4.3.18,-,-,?,-,false,-
com.nepxion,discovery-plugin-starter-zookeeper,4.3.18,-,-,?,-,false,-
com.nepxion,discovery-plugin-strategy,4.3.18,-,-,?,-,false,-
com.nepxion,discovery-plugin-strategy-extension-gateway,4.3.18,-,-,?,-,false,-
com.nepxion,discovery-plugin-strategy-extension-service,4.3.18,-,-,?,-,false,-
com.nepxion,discovery-plugin-strategy-extension-zuul,4.3.18,-,-,?,-,false,-
io.github.sa1nt,ibm-heapdump-spring-boot-actuator-starter,0.8,-,-,?,-,false,-
io.zonky.test.postgres,embedded-postgres-binaries-darwin-amd64,10.5.0,-,-,?,-,false,-
io.zonky.test.postgres,embedded-postgres-binaries-linux-amd64,10.5.0,-,-,?,-,false,-
io.zonky.test.postgres,embedded-postgres-binaries-linux-amd64-alpine,10.5.0,-,-,?,-,false,-
io.zonky.test.postgres,embedded-postgres-binaries-linux-amd64-alpine-lite,10.5.0,-,-,?,-,false,-
io.zonky.test.postgres,embedded-postgres-binaries-linux-arm32v6,10.5.0,-,-,?,-,false,-
io.zonky.test.postgres,embedded-postgres-binaries-linux-arm32v6-alpine,10.5.0,-,-,?,-,false,-
io.zonky.test.postgres,embedded-postgres-binaries-linux-arm32v6-alpine-lite,10.5.0,-,-,?,-,false,-
io.zonky.test.postgres,embedded-postgres-binaries-linux-arm32v7,10.5.0,-,-,?,-,false,-
io.zonky.test.postgres,embedded-postgres-binaries-linux-arm64v8,10.5.0,-,-,?,-,false,-
io.zonky.test.postgres,embedded-postgres-binaries-linux-arm64v8-alpine,10.5.0,-,-,?,-,false,-
io.zonky.test.postgres,embedded-postgres-binaries-linux-arm64v8-alpine-lite,10.5.0,-,-,?,-,false,-
io.zonky.test.postgres,embedded-postgres-binaries-linux-i386,10.5.0,-,-,?,-,false,-
io.zonky.test.postgres,embedded-postgres-binaries-linux-i386-alpine,10.5.0,-,-,?,-,false,-
io.zonky.test.postgres,embedded-postgres-binaries-linux-i386-alpine-lite,10.5.0,-,-,?,-,false,-
io.zonky.test.postgres,embedded-postgres-binaries-linux-ppc64le,10.5.0,-,-,?,-,false,-
io.zonky.test.postgres,embedded-postgres-binaries-linux-ppc64le-alpine,10.5.0,-,-,?,-,false,-
io.zonky.test.postgres,embedded-postgres-binaries-linux-ppc64le-alpine-lite,10.5.0,-,-,?,-,false,-
io.zonky.test.postgres,embedded-postgres-binaries-windows-amd64,10.5.0,-,-,?,-,false,-
io.zonky.test.postgres,embedded-postgres-binaries-windows-i386,10.5.0,-,-,?,-,false,-
org.wso2.extension.siddhi.io.email,siddhi-io-email,1.0.19,-,-,?,-,false,-
org.wso2.extension.siddhi.io.http,org.wso2.extension.siddhi.io.http.coverge.test,1.0.34,-,-,?,-,false,-
org.wso2.extension.siddhi.io.http,siddhi-io-http,1.0.34,-,-,?,-,false,-
org.wso2.extension.siddhi.io.http,siddhi-io-http-osgi-tests,1.0.34,-,-,?,-,false,-
org.yaml,snakeyaml,1.22,-,-,?,-,false,-
