groupId,artifactId,version,moduleName,moduleVersion,moduleMode,moduleDependencies,jdepsToolError,jdepsViolations
com.bluurr,quora_loader,1.3.0,-,-,?,-,false,-
com.github.lafa.jmetrics,jmetrics.annotation,1.0.12,-,-,?,-,false,-
com.github.lafa.jmetrics,jmetrics.core,1.0.12,-,-,?,-,false,-
com.github.lafa.jmetrics,jmetrics.jmx,1.0.12,-,-,?,-,false,-
com.github.tankist88,object2source,0.0.4,-,-,?,-,false,-
com.google.apis,google-api-services-adexperiencereport,v1-rev19-1.24.1,-,-,?,-,false,-
com.google.apis,google-api-services-firebasedynamiclinks,v1-rev844-1.24.1,-,-,?,-,false,-
com.google.apis,google-api-services-monitoring,v3-rev467-1.23.0,-,-,?,-,false,-
com.google.apis,google-api-services-streetviewpublish,v1-rev208-1.24.1,-,-,?,-,false,-
com.google.apis,google-api-services-websecurityscanner,v1alpha-rev78-1.23.0,-,-,?,-,false,-
com.google.apis,google-api-services-youtubeAnalytics,v2-rev52-1.24.1,-,-,?,-,false,-
com.liferay,com.liferay.project.templates,2.1.0,-,-,?,-,false,-
com.technochord.stripe,stripe-service,1.0.0,-,-,?,-,false,-
edu.berkeley.cs,treadle_2.11,1.0.0,-,-,?,-,false,-
edu.berkeley.cs,treadle_2.12,1.0.0,-,-,?,-,false,-
eu.mihosoft.vmf,vmf,0.1.11,eu.mihosoft.vmf,-,automatic,-,false,-
