groupId,artifactId,version,moduleName,moduleVersion,moduleMode,moduleDependencies,jdepsToolError,jdepsViolations
am.ik.yavi,yavi,0.0.9,-,-,?,-,false,-
com.amazonaws,amazon-kinesis-aggregator,1.0.3,-,-,?,-,false,-
com.amazonaws,amazon-kinesis-client,1.9.1,-,-,?,-,false,-
com.amazonaws,amazon-kinesis-video-streams-parser-library,1.0.3,-,-,?,-,false,-
com.amazonaws,amazon-neptune-sigv4-signer,1.0.2,-,-,?,-,false,-
com.amazonaws,aws-android-sdk-cognitoidentityprovider,2.6.28,-,-,?,-,false,-
com.amazonaws,aws-android-sdk-ddb-mapper,2.6.28,-,-,?,-,false,-
com.amazonaws,aws-android-sdk-iot,2.6.28,-,-,?,-,false,-
com.amazonaws,aws-android-sdk-kinesisvideo-archivedmedia,2.6.28,-,-,?,-,false,-
com.amazonaws,aws-android-sdk-mobileanalytics,2.6.28,-,-,?,-,false,-
com.amazonaws,aws-android-sdk-polly,2.6.28,-,-,?,-,false,-
com.amazonaws,aws-android-sdk-rekognition,2.6.28,-,-,?,-,false,-
com.amazonaws,aws-android-sdk-sdb,2.6.28,-,-,?,-,false,-
com.amazonaws,aws-android-sdk-sns,2.6.28,-,-,?,-,false,-
com.amazonaws,aws-encryption-sdk-java,1.3.5,-,-,?,-,false,-
com.amazonaws,aws-iot-device-sdk-java-samples,1.2.0,-,-,?,-,false,-
com.amazonaws,aws-java-sdk,1.11.396,-,-,?,-,false,-
com.amazonaws,aws-java-sdk-autoscalingplans,1.11.396,-,-,?,-,false,-
com.amazonaws,aws-java-sdk-cloudhsm,1.11.396,-,-,?,-,false,-
com.amazonaws,aws-java-sdk-cloudhsmv2,1.11.396,-,-,?,-,false,-
com.amazonaws,aws-java-sdk-cloudtrail,1.11.396,-,-,?,-,false,-
com.amazonaws,aws-java-sdk-codebuild,1.11.396,-,-,?,-,false,-
com.amazonaws,aws-java-sdk-codedeploy,1.11.396,-,-,?,-,false,-
com.amazonaws,aws-java-sdk-code-generator,1.11.396,-,-,?,-,false,-
com.amazonaws,aws-java-sdk-discovery,1.11.396,-,-,?,-,false,-
com.amazonaws,aws-java-sdk-ecs,1.11.396,-,-,?,-,false,-
com.amazonaws,aws-java-sdk-eks,1.11.396,-,-,?,-,false,-
com.amazonaws,aws-java-sdk-elasticsearch,1.11.396,-,-,?,-,false,-
com.amazonaws,aws-java-sdk-glacier,1.11.396,-,-,?,-,false,-
com.amazonaws,aws-java-sdk-inspector,1.11.396,-,-,?,-,false,-
com.amazonaws,aws-java-sdk-kms,1.11.396,-,-,?,-,false,-
com.amazonaws,aws-java-sdk-lexmodelbuilding,1.11.396,-,-,?,-,false,-
com.amazonaws,aws-java-sdk-macie,1.11.396,-,-,?,-,false,-
com.amazonaws,aws-java-sdk-mechanicalturkrequester,1.11.396,-,-,?,-,false,-
com.amazonaws,aws-java-sdk-mediatailor,1.11.396,-,-,?,-,false,-
com.amazonaws,aws-java-sdk-mobile,1.11.396,-,-,?,-,false,-
com.amazonaws,aws-java-sdk-neptune,1.11.396,-,-,?,-,false,-
com.amazonaws,aws-java-sdk-opsworks,1.11.396,-,-,?,-,false,-
com.amazonaws,aws-java-sdk-opsworkscm,1.11.396,-,-,?,-,false,-
com.amazonaws,aws-java-sdk-organizations,1.11.396,-,-,?,-,false,-
com.amazonaws,aws-java-sdk-resourcegroups,1.11.396,-,-,?,-,false,-
com.amazonaws,aws-java-sdk-resourcegroupstaggingapi,1.11.396,-,-,?,-,false,-
com.amazonaws,aws-java-sdk-route53,1.11.396,-,-,?,-,false,-
com.amazonaws,aws-java-sdk-sample-extractor,1.1.3,-,-,?,-,false,-
com.amazonaws,aws-java-sdk-ses,1.11.396,-,-,?,-,false,-
com.amazonaws,aws-java-sdk-ssm,1.11.396,-,-,?,-,false,-
com.amazonaws,aws-java-sdk-storagegateway,1.11.396,-,-,?,-,false,-
com.amazonaws,aws-lambda-java-core,1.2.0,-,-,?,-,false,-
com.amazonaws,aws-xray-recorder-sdk-aws-sdk,1.3.1,-,-,?,-,false,-
com.amazonaws,aws-xray-recorder-sdk-spring,1.3.1,-,-,?,-,false,-
com.amazonaws,aws-xray-recorder-sdk-sql-mysql,1.3.1,-,-,?,-,false,-
com.amazonaws,dynamodb-janusgraph-storage-backend,1.2.0,-,-,?,-,false,-
com.amazonaws.serverless,aws-serverless-java-container-core,1.1.4,-,-,?,-,false,-
com.amazonaws.serverless,aws-serverless-java-container-jersey,1.1.4,-,-,?,-,false,-
com.amazonaws.serverless,aws-serverless-java-container-spark,1.1.4,-,-,?,-,false,-
com.amazonaws.serverless,aws-serverless-java-container-spring,1.1.4,-,-,?,-,false,-
com.google.apis,google-api-services-bigquerydatatransfer,v1-rev83-1.25.0,-,-,?,-,false,-
