groupId,artifactId,version,moduleName,moduleVersion,moduleMode,moduleDependencies,jdepsToolError,jdepsViolations
com.github.tornaia,java-offline-geoip,0.1,-,-,?,-,false,-
com.google.apis,google-api-services-indexing,v3-rev7-1.23.0,-,-,?,-,false,-
com.google.apis,google-api-services-people,v1-rev326-1.24.1,-,-,?,-,false,-
com.google.apis,google-api-services-serviceconsumermanagement,v1-rev134-1.24.1,-,-,?,-,false,-
com.google.apis,google-api-services-serviceusage,v1-rev35-1.24.1,-,-,?,-,false,-
com.google.apis,google-api-services-streetviewpublish,v1-rev206-1.24.1,-,-,?,-,false,-
com.google.apis,google-api-services-websecurityscanner,v1alpha-rev76-1.23.0,-,-,?,-,false,-
com.sonicbase,sonicbase-jdbc,1.2.14,-,-,?,-,false,sun.misc.Cleaner                         Use java.lang.ref.PhantomReference @since 1.2 or java.lang.ref.Cleaner @since 9 + sun.misc.URLClassPath                    Removed. See http://openjdk.java.net/jeps/260 + sun.misc.UUEncoder                       Removed. See http://openjdk.java.net/jeps/260 + sun.misc.Unsafe                          See http://openjdk.java.net/jeps/260 + sun.reflect.ReflectionFactory            See http://openjdk.java.net/jeps/260
io.atomix,atomix,3.0.0,-,-,?,-,false,-
io.atomix,atomix-agent,3.0.0,-,-,?,-,false,-
io.atomix,atomix-cluster,3.0.0,-,-,?,-,false,-
io.atomix,atomix-dist,3.0.0,-,-,?,-,false,-
io.atomix,atomix-gossip,3.0.0,-,-,?,-,false,-
io.atomix,atomix-primary-backup,3.0.0,-,-,?,-,false,-
io.atomix,atomix-primitive,3.0.0,-,-,?,-,false,-
io.atomix,atomix-raft,3.0.0,-,-,?,-,false,-
io.atomix,atomix-rest,3.0.0,-,-,?,-,false,-
io.atomix,atomix-storage,3.0.0,-,-,?,-,false,-
io.atomix,atomix-tests,3.0.0,-,-,?,-,false,-
io.atomix,atomix-utils,3.0.0,-,-,?,-,false,-
io.radanalytics,abstract-operator,0.2.3,-,-,?,-,false,-
org.dmfs,lib-recur,0.10.3,-,-,?,-,false,-
org.gedcomx.extensions.familysearch,familysearch-api-client,2.52.0,-,-,?,-,false,-
org.gedcomx.extensions.familysearch,familysearch-api-model,2.52.0,-,-,?,-,false,-
org.gedcomx,gedcomx-atom,2.52.0,-,-,?,-,false,-
org.gedcomx,gedcomx-date,2.52.0,-,-,?,-,false,-
org.gedcomx,gedcomx-fileformat,2.52.0,-,-,?,-,false,-
org.gedcomx,gedcomx-model,2.52.0,-,-,?,-,false,-
org.gedcomx,gedcomx-rs-client,2.52.0,-,-,?,-,false,-
org.gedcomx,gedcomx-rs-rt-support,2.52.0,-,-,?,-,false,-
org.gedcomx,gedcomx-rt-support,2.52.0,-,-,?,-,false,-
org.gedcomx,gedcomx-test-support,2.52.0,-,-,?,-,false,-
org.rundeck,rundeck-core,3.0.2-20180817,-,-,?,-,false,-
org.update4j,update4j,1.2.0,org.update4j,1.2.0,explicit,javafx.graphics + javafx.web + java.xml + javafx.fxml + javafx.swing + java.base + java.se + javafx.base + javafx.media + javafx.controls,false,-
