groupId,artifactId,version,moduleName,moduleVersion,moduleMode,moduleDependencies,jdepsToolError,jdepsViolations
org.cassandraunit,cassandra-unit,3.5.0.1,-,-,?,-,false,-
org.cassandraunit,cassandra-unit-shaded,3.5.0.1,-,-,?,-,false,sun.misc.Cleaner                         Use java.lang.ref.PhantomReference @since 1.2 or java.lang.ref.Cleaner @since 9 + sun.misc.Unsafe                          See http://openjdk.java.net/jeps/260 + sun.security.x509.X500Name               Use javax.security.auth.x500.X500Principal @since 1.4
org.cassandraunit,cassandra-unit-spring,3.5.0.1,-,-,?,-,false,-
org.codetome.hexameter,hexameter.core,2018.1.0,-,-,?,-,false,-
org.codetome.hexameter,hexameter.example.swt,2018.1.0,-,-,?,-,false,java.awt.peer.ComponentPeer              Should not use. See https://bugs.openjdk.java.net/browse/JDK-8037739
org.codetome.riptide,riptide.core.java,2017.1.0,-,-,?,-,false,-
org.codetome.zircon,zircon,2017.4.0-RELEASE,-,-,?,-,false,-
org.javalite,activejdbc,2.1,-,-,?,-,false,-
org.javalite,activejdbc-gradle-plugin,2.0,-,-,?,-,false,-
org.javalite,activejdbc-instrumentation,2.1,-,-,?,-,false,-
org.javalite,activeweb,2.1,-,-,?,-,false,-
org.javalite,activeweb-gwt,1.15.j7,-,-,?,-,false,-
org.javalite,activeweb-lessc-integration-test,2.1,-,-,?,-,false,-
org.javalite,activeweb-lessc-maven-plugin,2.1,-,-,?,-,false,-
org.javalite,activeweb-testing,2.1,-,-,?,-,false,-
org.javalite,app-config,2.1,-,-,?,-,false,-
org.javalite,async-pool-test,2.1,-,-,?,-,false,-
org.javalite,db-migrator-maven-plugin,2.0,-,-,?,-,false,-
org.javalite,git-info-maven-plugin,2.0,-,-,?,-,false,-
org.javalite,javalite-async,2.1,-,-,?,-,false,-
org.javalite,javalite-common,2.1,-,-,?,-,false,-
org.javaweb,javaweb-jdbc,1.1.0,-,-,?,-,false,com.sun.rowset.CachedRowSetImpl          Use javax.sql.rowset.RowSetProvider @since 1.7
org.javaweb,javaweb-utils,1.1.0,-,-,?,-,false,com.sun.rowset.CachedRowSetImpl          Use javax.sql.rowset.RowSetProvider @since 1.7
org.jflac,jflac-codec,1.5.2,-,-,?,-,false,-
org.jflac,jflac-examples,1.5.2,-,-,?,-,false,-
org.lable.codesystem,codereference,1.4,-,-,?,-,false,-
org.lable.oss.bitsandbytes,bitsandbytes,3.6,-,-,?,-,false,-
org.lable.oss.dynamicconfig,config-util,2.6-beta6,-,-,?,-,false,-
org.lable.oss.dynamicconfig,dynamic-config-core,2.6-beta6,-,-,?,-,false,-
org.lable.oss.dynamicconfig,dynamic-config-di,2.6-beta6,-,-,?,-,false,-
org.lable.oss.dynamicconfig,dynamic-config-servlet-util,2.6-beta6,-,-,?,-,false,-
org.lable.oss.dynamicconfig.provider,dynamic-config-provider-zookeeper,2.6-beta6,-,-,?,-,false,-
org.lable.oss.dynamicconfig.serialization,dynamic-config-serialization-json,2.6-beta6,-,-,?,-,false,-
org.lable.oss.dynamicconfig.serialization,dynamic-config-serialization-yaml,2.6-beta6,-,-,?,-,false,-
org.lable.oss.dynamicconfig,zookeeper-connection,2.6-beta6,-,-,?,-,false,sun.reflect.generics.reflectiveObjects.NotImplementedException Removed. See http://openjdk.java.net/jeps/260
org.lable.oss.nicerhex,nicerhex,1.0,-,-,?,-,false,-
org.lable.oss.nicerxvi,nicerxvi,1.1,-,-,?,-,false,-
org.lable.oss.uniqueid,uniqueid-core,2.5,-,-,?,-,false,-
org.lable.oss.uniqueid,uniqueid-zookeeper,2.5,-,-,?,-,false,-
org.lable.rfc3881.auditlogger.adapter,hbase,1.7,-,-,?,-,false,-
org.lable.rfc3881.auditlogger.adapter,slf4j,1.7,-,-,?,-,false,-
org.lable.rfc3881.auditlogger,api,1.7,-,-,?,-,false,-
org.lable.rfc3881.auditlogger.definitions,rfc3881,1.7,-,-,?,-,false,-
org.lable.rfc3881.auditlogger,serialization,1.7,-,-,?,-,false,-
org.microbean,freemarker-maven-plugin,0.6.9,-,-,?,-,false,-
org.microbean,helm-maven-plugin,2.8.2.1.1.1,-,-,?,-,false,-
org.microbean,microbean-commons-cli,0.1.0,-,-,?,-,false,-
org.microbean,microbean-configuration-api,0.4.2,-,-,?,-,false,-
org.microbean,microbean-configuration-cdi,0.4.2,-,-,?,-,false,-
org.microbean,microbean-grizzly-http-server-cdi,0.2.1,-,-,?,-,false,-
org.microbean,microbean-jndi,0.0.1,-,-,?,-,false,-
org.microbean,microbean-kubernetes-client-cdi,0.3.2,-,-,?,-,false,-
org.microbean,microbean-kubernetes-controller,0.1.1,-,-,?,-,false,-
org.microbean,microbean-main,6,-,-,?,-,false,-
org.microbean,microbean-narayana-jta-weld-se,0.0.6,-,-,?,-,false,-
org.microbean,microbean-service-broker-jackson,2.13.0-alpha2,-,-,?,-,false,-
org.nd4j,jackson,1.0.0-beta2,-,-,?,-,false,-
org.nd4j,nd4j-aeron,1.0.0-beta2,-,-,?,-,false,-
org.nd4j,nd4j-api,1.0.0-beta2,-,-,?,-,false,-
org.nd4j,nd4j-base64,1.0.0-beta2,-,-,?,-,false,-
org.nd4j,nd4j-buffer,1.0.0-beta2,-,-,?,-,false,-
org.nd4j,nd4j-bytebuddy,0.9.1,-,-,?,-,false,-
org.nd4j,nd4j-common,1.0.0-beta2,-,-,?,-,false,-
org.nd4j,nd4j-context,1.0.0-beta2,-,-,?,-,false,-
org.nd4j,nd4j-cuda-7.5,0.9.1,-,-,?,-,false,-
org.nd4j,nd4j-cuda-7.5-platform,0.9.1,-,-,?,-,false,-
org.nd4j,nd4j-cuda-8.0,1.0.0-beta2,-,-,?,-,false,-
org.nd4j,nd4j-cuda-8.0-platform,1.0.0-beta2,-,-,?,-,false,-
org.nd4j,nd4j-cuda-9.0,1.0.0-beta2,-,-,?,-,false,-
org.nd4j,nd4j-cuda-9.1,1.0.0-beta,-,-,?,-,false,-
org.nd4j,nd4j-cuda-9.1-platform,1.0.0-beta,-,-,?,-,false,-
org.nd4j,nd4j-cuda-9.2-platform,1.0.0-beta2,-,-,?,-,false,-
org.nd4j,nd4j-gson,1.0.0-beta2,-,-,?,-,false,-
org.nd4j,nd4j-instrumentation,1.0.0-beta2,-,-,?,-,false,-
org.nd4j,nd4j-jackson,1.0.0-beta2,-,-,?,-,false,-
org.nd4j,nd4j-jackson-reflectionloader,1.0.0-alpha,-,-,?,-,false,-
org.nd4j,nd4j-jdbc-api,1.0.0-beta2,-,-,?,-,false,-
org.nd4j,nd4j-jdbc-hsql,1.0.0-beta2,-,-,?,-,false,-
org.nd4j,nd4j-jdbc-mysql,1.0.0-beta2,-,-,?,-,false,-
org.nd4j,nd4j-kafka_2.10,1.0.0-beta2,-,-,?,-,false,-
org.nd4j,nd4j-kafka_2.11,1.0.0-beta2,-,-,?,-,false,-
org.nd4j,nd4j-kryo_2.10,1.0.0-beta2,-,-,?,-,false,-
org.nd4j,nd4j-kryo_2.11,1.0.0-beta2,-,-,?,-,false,-
org.nd4j,nd4j-native-api,1.0.0-beta2,-,-,?,-,false,-
org.nd4j,nd4j-native-platform,1.0.0-beta2,-,-,?,-,false,-
org.nd4j,nd4j-parameter-server,1.0.0-beta2,-,-,?,-,false,-
org.nd4j,nd4j-parameter-server-client,1.0.0-beta2,-,-,?,-,false,-
org.nd4j,nd4j-parameter-server-node_2.10,1.0.0-beta2,-,-,?,-,false,-
org.nd4j,nd4j-parameter-server-node_2.11,1.0.0-beta2,-,-,?,-,false,-
org.nd4j,nd4j-parameter-server-rocksdb-storage,1.0.0-beta2,-,-,?,-,false,-
org.nd4j,nd4j-parameter-server-status_2.10,1.0.0-beta2,-,-,?,-,false,-
org.nd4j,nd4j-parameter-server-status_2.11,1.0.0-beta2,-,-,?,-,false,-
org.nd4j,nd4j-perf,1.0.0-alpha,-,-,?,-,false,-
org.nd4j,nd4s_2.10,1.0.0-alpha,-,-,?,-,false,-
org.nd4j,nd4s_2.11,1.0.0-alpha,-,-,?,-,false,-
org.nd4j,samediff,0.9.1,-,-,?,-,false,-
org.oxerr.commons,commons-jax-rs-bean,2.2.2,-,-,?,-,false,-
org.oxerr.commons,commons-jax-rs-data,2.2.2,-,-,?,-,false,-
org.oxerr.commons,commons-jax-rs-exception-mapper,2.2.2,-,-,?,-,false,-
org.oxerr.commons,commons-jax-rs-provider,2.2.2,-,-,?,-,false,-
org.oxerr.httpcomponents,httpclient-filecookiestore,1.0.0,-,-,?,-,false,-
org.oxerr,okcoin-client-examples,5.1.3,-,-,?,-,false,-
org.oxerr,okcoin-client-fix,5.1.3,-,-,?,-,false,-
org.oxerr,okcoin-client-rest,5.1.3,-,-,?,-,false,-
org.oxerr,okcoin-client-websocket,5.1.3,-,-,?,-,false,-
org.oxerr,okcoin-client-xchange,5.1.3,-,-,?,-,false,-
org.oxerr.spring.boot,spring-boot-daemon,1.0.0,-,-,?,-,false,-
org.oxerr.spring.security,spring-security-guest-config,1.0.0,-,-,?,-,false,-
org.oxerr.spring.security,spring-security-guest-core,1.0.0,-,-,?,-,false,-
org.oxerr.spring.security,spring-security-guest-samples-helloworld,1.0.0,-,-,?,-,false,-
org.oxerr.spring.security,spring-security-guest-web,1.0.0,-,-,?,-,false,-
org.oxerr.spring.security,spring-security-wechat-config,0.0.2,-,-,?,-,false,-
org.oxerr.spring.security,spring-security-wechat-core,0.0.2,-,-,?,-,false,-
org.oxerr.spring.security,spring-security-wechat-samples-helloworld,0.0.2,-,-,?,-,false,-
org.oxerr.spring.security,spring-security-wechat-web,0.0.2,-,-,?,-,false,-
org.oxerr.taobao,taobao-client-spring-boot,1.0.0,-,-,?,-,false,-
org.oxerr,youzan-client-core,0.0.1,-,-,?,-,false,-
org.oxerr,youzan-client-dto,0.0.1,-,-,?,-,false,-
org.oxerr,youzan-client-service,0.0.1,-,-,?,-,false,-
org.oxerr,youzan-client-spring-boot,0.0.1,-,-,?,-,false,-
org.oxerr,youzan-client-weixin-auth,0.0.1,-,-,?,-,false,-
