groupId,artifactId,version,moduleName,moduleVersion,moduleMode,moduleDependencies,jdepsToolError,jdepsViolations
com.airbnb.android,epoxy-annotations,2.16.2,-,-,?,-,false,-
com.airbnb.android,epoxy-processor,2.16.2,-,-,?,-,false,com.sun.tools.javac.code.Symbol          Use javax.tools and javax.lang.model @since 1.6 + com.sun.tools.javac.code.Symbol$ClassSymbol Use javax.tools and javax.lang.model @since 1.6 + com.sun.tools.javac.code.Symbol$VarSymbol Use javax.tools and javax.lang.model @since 1.6 + com.sun.tools.javac.tree.JCTree          Use com.sun.source @since 1.6 + com.sun.tools.javac.tree.JCTree$JCFieldAccess Use com.sun.source @since 1.6 + com.sun.tools.javac.tree.JCTree$Visitor  Use com.sun.source @since 1.6 + com.sun.tools.javac.tree.TreeScanner     Use com.sun.source @since 1.6
com.codahale,shamir,0.6.1,com.codahale.shamir,-,automatic,-,false,-
com.fizzed,rocker-compiler,1.0.0,-,-,?,-,false,-
com.fizzed,rocker-maven-plugin,1.0.0,-,-,?,-,false,-
com.fizzed,rocker-runtime,1.0.0,-,-,?,-,false,-
com.fizzed,stork-assembly,2.8.0,-,-,?,-,false,-
com.fizzed,stork-core,2.8.0,-,-,?,-,false,-
com.fizzed,stork-deploy,2.8.0,-,-,?,-,false,-
com.fizzed,stork-launcher,2.8.0,-,-,?,-,false,-
com.fizzed,stork-maven-plugin,2.8.0,-,-,?,-,false,-
com.google.apis,google-api-services-clouddebugger,v2-rev253-1.24.1,-,-,?,-,false,-
com.google.apis,google-api-services-datastore,v1-rev59-1.24.1,-,-,?,-,false,-
com.google.apis,google-api-services-serviceconsumermanagement,v1-rev137-1.23.0,-,-,?,-,false,-
com.google.apis,google-api-services-servicecontrol,v1-rev99-1.24.1,-,-,?,-,false,-
com.groupbyinc,api-java-flux,2.5.135,-,-,?,-,false,-
io.github.classgraph,classgraph,4.0.7,io.github.classgraph,4.0.7,explicit,java.base,false,-
