groupId,artifactId,version,moduleName,moduleVersion,moduleMode,moduleDependencies,jdepsToolError,jdepsViolations
com.adamdierkens,snapshot4j,1.2.3,-,-,?,-,false,-
com.aerospike,aerospike-client,4.1.10,-,-,?,-,false,-
com.allogy.maven.wagon,maven-s3-wagon,1.1.0,-,-,?,-,false,-
com.anubhavshukla,properties-to-yaml-converter,1.0.1,-,-,?,-,false,-
com.bitplan.multimodule,multimodule1,0.0.2,-,-,?,-,false,-
com.bitplan.multimodule,multimodule2,0.0.2,-,-,?,-,false,-
com.breinify,brein-api-library-java,2.0.1,-,-,?,-,false,-
com.breinify,brein-geojson,1.0.0,-,-,?,-,false,-
com.breinify,brein-time-utilities,1.7.0,-,-,?,-,false,-
com.denghb,dbhelper,3.0.6,-,-,?,-,false,-
com.denghb,eorm-spring,1.0.2,-,-,?,-,false,-
com.denghb,forest,1.0.2,-,-,?,-,false,-
com.denghb,slf4j2elk,1.0.3,-,-,?,-,false,sun.security.action.GetPropertyAction    Use java.security.PrivilegedAction @since 1.1
com.frogermcs.androiddevmetrics,androiddevmetrics-plugin,0.6,-,-,?,-,false,-
com.google.apis,google-api-services-blogger,v3-rev61-1.25.0,-,-,?,-,false,-
com.google.apis,google-api-services-cloudbilling,v1-rev23-1.25.0,-,-,?,-,false,-
com.google.apis,google-api-services-cloudbuild,v1-rev763-1.25.0,-,-,?,-,false,-
com.google.apis,google-api-services-clouddebugger,v2-rev253-1.25.0,-,-,?,-,false,-
com.google.apis,google-api-services-clouderrorreporting,v1beta1-rev303-1.25.0,-,-,?,-,false,-
com.google.apis,google-api-services-cloudfunctions,v1-rev52-1.25.0,-,-,?,-,false,-
com.google.apis,google-api-services-cloudiot,v1-rev20170922-1.22.0,-,-,?,-,false,-
com.google.apis,google-api-services-cloudkms,v1-rev60-1.25.0,-,-,?,-,false,-
com.google.apis,google-api-services-cloudprofiler,v2-rev7-1.24.1,-,-,?,-,false,-
com.google.apis,google-api-services-cloudresourcemanager,v2-rev29-1.25.0,-,-,?,-,false,-
com.google.apis,google-api-services-cloudshell,v1-rev55-1.25.0,-,-,?,-,false,-
com.google.apis,google-api-services-cloudtasks,v2beta2-rev55-1.25.0,-,-,?,-,false,-
com.google.apis,google-api-services-cloudtrace,v2-rev49-1.25.0,-,-,?,-,false,-
com.google.apis,google-api-services-composer,v1-rev2-1.25.0,-,-,?,-,false,-
com.google.apis,google-api-services-compute,v1-rev195-1.25.0,-,-,?,-,false,-
com.google.apis,google-api-services-container,v1-rev54-1.25.0,-,-,?,-,false,-
com.google.apis,google-api-services-content,v2sandbox-rev91-1.25.0,-,-,?,-,false,-
com.google.apis,google-api-services-customsearch,v1-rev72-1.25.0,-,-,?,-,false,-
com.googlecode.wicket-jquery-ui,wicket-jquery-ui,8.0.0,-,-,?,-,false,-
com.googlecode.wicket-jquery-ui,wicket-jquery-ui-theme-smoothness,8.0.0,-,-,?,-,false,-
com.hankcs,aho-corasick-double-array-trie,1.2.0,-,-,?,-,false,-
com.hankcs,hanlp,portable-1.6.7,-,-,?,-,false,sun.reflect.FieldAccessor                Removed. See http://openjdk.java.net/jeps/260 + sun.reflect.ReflectionFactory            See http://openjdk.java.net/jeps/260
com.hankcs.nlp,hanlp-lucene-plugin,1.1.4,-,-,?,-,false,-
com.imsweb,staging-algorithm-cs,02.05.50.1,-,-,?,-,false,-
com.inscopemetrics.build,build-resources,1.0.2,-,-,?,-,false,-
com.inscopemetrics.client,protocol,0.10.0,-,-,?,-,false,-
com.itextpdf,barcodes,7.1.2,-,-,?,-,false,-
com.itextpdf,cleanup,2.0.1,-,-,?,-,false,-
com.itextpdf,font-asian,7.1.2,-,-,?,-,false,-
com.itextpdf,forms,7.1.2,-,-,?,-,false,-
com.itextpdf,html2pdf,2.0.2,-,-,?,-,false,-
com.itextpdf,hyph,7.1.2,-,-,?,-,false,-
com.itextpdf,io,7.1.2,-,-,?,-,false,-
com.itextpdf,itextpdf,5.5.13,-,-,?,-,false,-
com.itextpdf,itext-pdfa,5.5.13,-,-,?,-,false,-
com.itextpdf,itext-xtra,5.5.13,-,-,?,-,false,-
com.itextpdf,kernel,7.1.2,-,-,?,-,false,-
com.itextpdf,layout,7.1.2,-,-,?,-,false,-
com.itextpdf,pdfa,7.1.2,-,-,?,-,false,-
com.itextpdf,pdftest,7.1.2,-,-,?,-,false,-
com.itextpdf,sign,7.1.2,-,-,?,-,false,-
com.itextpdf,styled-xml-parser,7.1.2,-,-,?,-,false,-
com.itextpdf,svg,7.1.2,-,-,?,-,false,-
com.itextpdf.tool,xmlworker,5.5.13,-,-,?,-,false,-
com.itextpdf,zugferd,2.0.0,-,-,?,-,false,-
com.jidesoft,jide-oss,3.6.18,-,-,?,-,false,sun.security.action.GetBooleanAction     Use java.security.PrivilegedAction @since 1.1 + sun.security.action.GetPropertyAction    Use java.security.PrivilegedAction @since 1.1
com.josesamuel,autodroid,1.0.0,-,-,?,-,false,-
com.josesamuel,autodroid-api,1.0.0,-,-,?,-,false,-
com.josesamuel,carboncopy,1.0.1,-,-,?,-,false,-
com.josesamuel,carboncopy-annotations,1.0.1,-,-,?,-,false,-
com.josesamuel,parceler,1.0.0,-,-,?,-,false,sun.misc.Unsafe                          See http://openjdk.java.net/jeps/260
com.josesamuel,parceler-api,1.0.0,-,-,?,-,false,-
com.josesamuel,remoter,1.1.7,-,-,?,-,false,-
com.josesamuel,remoter-annotations,1.1.7,-,-,?,-,false,-
com.liumapp.ali,ali-oss,v1.0.0,-,-,?,-,false,-
com.liumapp.ca.tw,tw-cert,v1.0.0,-,-,?,-,false,sun.security.x509.X500Name               Use javax.security.auth.x500.X500Principal @since 1.4
com.liumapp.certificate,certificate-generator,v1.0.5,-,-,?,-,false,sun.misc.BASE64Encoder                   Use java.util.Base64 @since 1.8
com.liumapp,DNSQueen,1.2.6,-,-,?,-,false,-
com.liumapp.jks.core,jks-core,v1.3.0,-,-,?,-,false,sun.misc.BASE64Decoder                   Use java.util.Base64 @since 1.8 + sun.misc.BASE64Encoder                   Use java.util.Base64 @since 1.8 + sun.security.x509.X500Name               Use javax.security.auth.x500.X500Principal @since 1.4
com.liumapp.keystore,keystore-manager,v1.0.5,-,-,?,-,false,sun.security.x509.X500Name               Use javax.security.auth.x500.X500Principal @since 1.4
com.liumapp.pattern,socket-pattern,v1.1.5,-,-,?,-,false,-
com.liumapp.qtools.date,qtools-date,v1.0.0,-,-,?,-,false,-
com.liumapp.qtools.file,qtools-file,v1.0.0,-,-,?,-,false,-
com.liumapp.qtools.http,qtools-http,v1.0.0,-,-,?,-,false,-
com.liumapp.qtools.pic,qtools-pic,v1.0.0,-,-,?,-,false,-
com.liumapp.qtools.security.encrypt,qtools-security-encrypt,v1.0.0,-,-,?,-,false,sun.misc.BASE64Decoder                   Use java.util.Base64 @since 1.8 + sun.misc.BASE64Encoder                   Use java.util.Base64 @since 1.8
com.liumapp.qtools.str,qtools-str,v1.0.0,-,-,?,-,false,-
com.liumapp.rabbitmq,rabbitmq-operator,v1.1.0,-,-,?,-,false,-
com.liumapp.redis,redis-operator,v1.1.5,-,-,?,-,false,-
com.liumapp.signature,pdf-signer,v1.0.0,-,-,?,-,false,-
com.liumapp.signature,sign-helper,v1.0.0,-,-,?,-,false,-
com.merapar,graphql-spring-boot-starter,1.0.2,-,-,?,-,false,-
com.merapar,spring-boot-starter-graphql,1.0.1,-,-,?,-,false,-
com.object-refinery,orsoncharts,1.7,-,-,?,-,false,-
com.object-refinery,orson-charts-fx,1.0,-,-,?,-,false,-
com.paulhammant,buildradiatorantlistener,1.0,-,-,?,-,false,-
com.paulhammant,buildradiatorextension,1.3,-,-,?,-,false,-
com.paulhammant,ngwebdriver,1.1.4,-,-,?,-,false,-
com.paulhammant.sitemeshpageparser,sitemeshpageparser,2.5a11,-,-,?,-,false,-
com.pilosa,pilosa-client,1.0.0,-,-,?,-,false,-
com.psclistens,mongodb-maven-plugin,0.8,-,-,?,-,false,-
com.qubole.presto,kinesis,1.2.0,-,-,?,-,false,-
com.qubole.qds-sdk-java,qds-sdk-java,0.9.1,-,-,?,-,false,-
com.qubole,quark-catalog,6.0.3,-,-,?,-,false,-
com.qubole,quark-ee,6.0.3,-,-,?,-,false,-
com.qubole,quark-fat-jdbc,6.0.3,-,-,?,-,false,sun.misc.Unsafe                          See http://openjdk.java.net/jeps/260 + sun.reflect.Reflection                   Use java.lang.StackWalker @since 9
com.qubole,quark-jdbc,6.0.3,-,-,?,-,false,sun.misc.Unsafe                          See http://openjdk.java.net/jeps/260
com.qubole,quark-optimizer,6.0.3,-,-,?,-,false,-
com.qubole,quark-plugins,6.0.3,-,-,?,-,false,-
com.qubole,quark-server,6.0.3,-,-,?,-,false,sun.misc.Unsafe                          See http://openjdk.java.net/jeps/260 + sun.reflect.Reflection                   Use java.lang.StackWalker @since 9
com.qubole.rubix,assembly,0.3.1,-,-,?,-,false,-
com.qubole.rubix,rubix-bookkeeper,0.3.1,-,-,?,-,false,sun.misc.Unsafe                          See http://openjdk.java.net/jeps/260
com.qubole.rubix,rubix-core,0.3.1,-,-,?,-,false,sun.misc.Unsafe                          See http://openjdk.java.net/jeps/260
com.qubole.rubix,rubix-hadoop1,0.3.0,-,-,?,-,false,sun.misc.Unsafe                          See http://openjdk.java.net/jeps/260
com.qubole.rubix,rubix-hadoop2,0.3.1,-,-,?,-,false,sun.misc.Unsafe                          See http://openjdk.java.net/jeps/260
com.qubole.rubix,rubix-presto,0.3.1,-,-,?,-,false,sun.misc.Unsafe                          See http://openjdk.java.net/jeps/260
com.qubole.rubix,rubix-rpm,0.3.1,-,-,?,-,false,-
com.qubole.rubix,rubix-spi,0.3.1,-,-,?,-,false,sun.misc.Unsafe                          See http://openjdk.java.net/jeps/260
com.qubole.rubix,rubix-tests,0.3.1,-,-,?,-,false,-
com.redfin,contractual,2.0.0,-,-,?,-,false,-
com.redfin,fuzzy-core,0.6.1,-,-,?,-,false,-
com.redfin,fuzzy-junit-4,0.6.1,-,-,?,-,false,-
com.redfin,insist,4.1.0,-,-,?,-,false,-
com.redfin,patience,4.0.0,-,-,?,-,false,-
com.redfin,patient-selenium,1.4.1,-,-,?,-,false,-
com.redfin,validity,5.1.0,-,-,?,-,false,-
com.scireum,parsii,4.0,-,-,?,-,false,-
com.scireum,server-sass,5.0,-,-,?,-,false,-
com.scireum,sirius-db,5.0-rc16,-,-,?,-,false,-
com.scireum,sirius-nlp-main,5.6.8.1,-,-,?,-,false,-
com.scireum,sirius-nlp-plugin,5.6.8.1,-,-,?,-,false,-
com.scireum,sirius-parent,5.7,-,-,?,-,false,-
com.scireum,sirius-search,13.2,-,-,?,-,false,-
com.scireum,sirius-web,19.0-rc11,-,-,?,-,false,-
com.seleniumtests,seleniumtestsframework,5.8,-,-,?,-,false,-
com.tailoredshapes.underbar,crypto,0.1.2,-,-,?,-,false,-
com.tailoredshapes.underbar,dates,0.1.2,-,-,?,-,false,-
com.tailoredshapes.underbar,io,0.1.2,-,-,?,-,false,-
com.tailoredshapes.underbar,ocho,0.1.2,-,-,?,-,false,-
com.tailoredshapes.underbar,stash,0.1.2,-,-,?,-,false,-
com.tailoredshapes.valkyrie,core,0.0.4,-,-,?,-,false,-
com.tailoredshapes.valkyrie,jetty-adapter,0.0.4,-,-,?,-,false,-
com.tailoredshapes.valkyrie,servlet,0.0.4,-,-,?,-,false,-
com.tethys-json,tethys_2.11,0.6.3.2,-,-,?,-,false,-
com.tethys-json,tethys_2.12,0.6.3.2,-,-,?,-,false,-
com.tethys-json,tethys-core_2.11,0.6.3.2,-,-,?,-,false,-
com.tethys-json,tethys-core_2.12,0.6.3.2,-,-,?,-,false,-
com.tethys-json,tethys-derivation_2.11,0.6.3.2,-,-,?,-,false,-
com.tethys-json,tethys-derivation_2.12,0.6.3.2,-,-,?,-,false,-
com.tethys-json,tethys-jackson_2.11,0.6.3.2,-,-,?,-,false,-
com.tethys-json,tethys-jackson_2.12,0.6.3.2,-,-,?,-,false,-
com.tethys-json,tethys-jackson-backend_2.11,0.6.3,-,-,?,-,false,-
com.tethys-json,tethys-jackson-backend_2.12,0.6.3,-,-,?,-,false,-
com.tethys-json,tethys-macro-derivation_2.11,0.6.3,-,-,?,-,false,-
com.tethys-json,tethys-macro-derivation_2.12,0.6.3,-,-,?,-,false,-
com.thankjava.toolkit3d,fast-toolkit3d,1.0.8,-,-,?,-,false,-
com.thankjava.toolkit,fast-toolkit,1.0.8,-,-,?,-,false,-
com.thankjava.wqq,smartqq-agreement-core,1.1.1,-,-,?,-,false,-
com.thinkaurelius.thrift,thrift-server,0.3.9,-,-,?,-,false,sun.misc.Unsafe                          See http://openjdk.java.net/jeps/260
com.thinkbiganalytics.kylo,kylo-alerts-api,0.9.1,-,-,?,-,false,-
com.thinkbiganalytics.kylo,kylo-alerts-core,0.9.1,-,-,?,-,false,-
com.thinkbiganalytics.kylo,kylo-classname-change-api,0.9.1,-,-,?,-,false,-
com.thinkbiganalytics.kylo,kylo-classname-change-core,0.9.1,-,-,?,-,false,-
com.thinkbiganalytics.kylo,kylo-cluster-manager-api,0.9.1,-,-,?,-,false,-
com.thinkbiganalytics.kylo,kylo-cluster-manager-core,0.9.1,-,-,?,-,false,-
com.thinkbiganalytics.kylo,kylo-commons-feed-util,0.9.1,-,-,?,-,false,-
com.thinkbiganalytics.kylo,kylo-commons-hive,0.9.1,-,-,?,-,false,-
com.thinkbiganalytics.kylo,kylo-commons-jdbc,0.9.1,-,-,?,-,false,-
com.thinkbiganalytics.kylo,kylo-commons-jpa,0.9.1,-,-,?,-,false,-
com.thinkbiganalytics.kylo,kylo-commons-rest-client,0.9.1,-,-,?,-,false,-
com.thinkbiganalytics.kylo,kylo-commons-rest-model,0.9.1,-,-,?,-,false,-
com.thinkbiganalytics.kylo,kylo-commons-scala-2.10,0.9.1,-,-,?,-,false,-
com.thinkbiganalytics.kylo,kylo-commons-scala-2.11,0.9.1,-,-,?,-,false,-
com.thinkbiganalytics.kylo,kylo-commons-scala-api,0.9.1,-,-,?,-,false,-
com.thinkbiganalytics.kylo,kylo-commons-security,0.9.1,-,-,?,-,false,-
com.thinkbiganalytics.kylo,kylo-commons-spark-1.6,0.9.1,-,-,?,-,false,-
com.thinkbiganalytics.kylo,kylo-commons-spark-2.0,0.9.1,-,-,?,-,false,-
com.thinkbiganalytics.kylo,kylo-commons-spark-api,0.9.1,-,-,?,-,false,-
com.thinkbiganalytics.kylo,kylo-commons-spark-repl,0.9.1,-,-,?,-,false,-
com.thinkbiganalytics.kylo,kylo-commons-spark-shell-api,0.9.1,-,-,?,-,false,-
com.thinkbiganalytics.kylo,kylo-commons-spark-shell-v1,0.9.1,-,-,?,-,false,-
com.thinkbiganalytics.kylo,kylo-commons-spark-shell-v2,0.9.1,-,-,?,-,false,-
com.thinkbiganalytics.kylo,kylo-commons-test,0.9.1,-,-,?,-,false,-
com.thinkbiganalytics.kylo,kylo-commons-test-persistence,0.9.1,-,-,?,-,false,-
com.thinkbiganalytics.kylo,kylo-commons-util,0.9.1,-,-,?,-,false,-
com.thinkbiganalytics.kylo,kylo-commons-velocity-api,0.9.1,-,-,?,-,false,-
com.thinkbiganalytics.kylo,kylo-commons-velocity-core,0.9.1,-,-,?,-,false,-
com.thinkbiganalytics.kylo,kylo-field-policy-api,0.9.1,-,-,?,-,false,-
com.thinkbiganalytics.kylo,kylo-hadoop-authorization-api,0.9.1,-,-,?,-,false,-
com.thinkbiganalytics.kylo,kylo-hadoop-authorization-core,0.9.1,-,-,?,-,false,-
com.thinkbiganalytics.kylo,kylo-job-repository-api,0.9.1,-,-,?,-,false,-
com.thinkbiganalytics.kylo,kylo-job-repository-core,0.9.1,-,-,?,-,false,-
com.thinkbiganalytics.kylo,kylo-kerberos-core,0.9.1,-,-,?,-,false,-
com.thinkbiganalytics.kylo,kylo-kerberos-test-client,0.9.1,-,-,?,-,false,sun.misc.Cleaner                         Use java.lang.ref.PhantomReference @since 1.2 or java.lang.ref.Cleaner @since 9 + sun.misc.Signal                          See http://openjdk.java.net/jeps/260 + sun.misc.SignalHandler                   See http://openjdk.java.net/jeps/260 + sun.misc.Unsafe                          See http://openjdk.java.net/jeps/260
com.thinkbiganalytics.kylo,kylo-metadata-api,0.9.1,-,-,?,-,false,-
com.thinkbiganalytics.kylo,kylo-metadata-core,0.9.1,-,-,?,-,false,-
com.thinkbiganalytics.kylo,kylo-metadata-modeshape,0.9.1,-,-,?,-,false,-
com.thinkbiganalytics.kylo,kylo-metadata-persistence,0.9.1,-,-,?,-,false,-
com.thinkbiganalytics.kylo,kylo-nifi-provenance-constants,0.9.1,-,-,?,-,false,-
com.thinkbiganalytics.kylo,kylo-nifi-provenance-model,0.9.1,-,-,?,-,false,-
com.thinkbiganalytics.kylo,kylo-oauth-server,0.9.1,-,-,?,-,false,-
com.thinkbiganalytics.kylo,kylo-operational-metadata-api,0.9.1,-,-,?,-,false,-
com.thinkbiganalytics.kylo,kylo-operational-metadata-jpa,0.9.1,-,-,?,-,false,-
com.thinkbiganalytics.kylo,kylo-precondition-api,0.9.1,-,-,?,-,false,-
com.thinkbiganalytics.kylo,kylo-schema-discovery-api,0.9.1,-,-,?,-,false,-
com.thinkbiganalytics.kylo,kylo-schema-discovery-rdbms,0.9.1,-,-,?,-,false,-
com.thinkbiganalytics.kylo,kylo-search-api,0.9.1,-,-,?,-,false,-
com.thinkbiganalytics.kylo,kylo-search-rest-model,0.9.1,-,-,?,-,false,-
com.thinkbiganalytics.kylo,kylo-security-api,0.9.1,-,-,?,-,false,-
com.thinkbiganalytics.kylo,kylo-security-auth,0.9.1,-,-,?,-,false,-
com.thinkbiganalytics.kylo,kylo-security-auth-cache,0.9.1,-,-,?,-,false,-
com.thinkbiganalytics.kylo,kylo-security-auth-file,0.9.1,-,-,?,-,false,-
com.thinkbiganalytics.kylo,kylo-security-auth-kerberos,0.9.1,-,-,?,-,false,-
com.thinkbiganalytics.kylo,kylo-security-auth-kylo-groups,0.9.1,-,-,?,-,false,-
com.thinkbiganalytics.kylo,kylo-security-auth-kylo-local,0.9.1,-,-,?,-,false,-
com.thinkbiganalytics.kylo,kylo-security-auth-kylo-rest,0.9.1,-,-,?,-,false,-
com.thinkbiganalytics.kylo,kylo-security-auth-ldap,0.9.1,-,-,?,-,false,-
com.thinkbiganalytics.kylo,kylo-security-auth-simple,0.9.1,-,-,?,-,false,-
com.thinkbiganalytics.kylo,kylo-security-auth-spark,0.9.1,-,-,?,-,false,-
com.thinkbiganalytics.kylo,kylo-service-monitor-api,0.9.1,-,-,?,-,false,-
com.thinkbiganalytics.kylo,kylo-service-monitor-core,0.9.1,-,-,?,-,false,-
com.thinkbiganalytics.kylo,kylo-sla-api,0.9.1,-,-,?,-,false,-
com.thinkbiganalytics.kylo,kylo-sla-core,0.9.1,-,-,?,-,false,-
com.thinkbiganalytics.kylo,kylo-sla-rest-model,0.9.1,-,-,?,-,false,-
com.thinkbiganalytics.kylo,kylo-ui-annotation-api,0.9.1,-,-,?,-,false,-
com.thinkbiganalytics.kylo,kylo-ui-annotation-core,0.9.1,-,-,?,-,false,-
com.thinkbiganalytics.kylo,kylo-ui-annotation-rest-model,0.9.1,-,-,?,-,false,-
com.thinkbiganalytics.kylo.plugins,kylo-field-policy-default,0.9.1,-,-,?,-,false,-
com.thinkbiganalytics.kylo.plugins,kylo-hadoop-authorization-ranger,0.9.1,-,-,?,-,false,-
com.thinkbiganalytics.kylo.plugins,kylo-hadoop-authorization-sentry,0.9.1,-,-,?,-,false,-
com.thinkbiganalytics.kylo.plugins,kylo-jms-service-activemq,0.9.1,-,-,?,-,false,-
com.thinkbiganalytics.kylo.plugins,kylo-jms-service-amazon-sqs,0.9.1,-,-,?,-,false,-
com.thinkbiganalytics.kylo.plugins,kylo-precondition-default,0.9.1,-,-,?,-,false,-
com.thinkbiganalytics.kylo.plugins,kylo-ranger-rest-client,0.9.1,-,-,?,-,false,-
com.thinkbiganalytics.kylo.plugins,kylo-schema-discovery-default,0.9.1,-,-,?,-,false,-
com.thinkbiganalytics.kylo.plugins,kylo-search-elasticsearch,0.9.1,-,-,?,-,false,sun.misc.Unsafe                          See http://openjdk.java.net/jeps/260 + sun.security.x509.X500Name               Use javax.security.auth.x500.X500Principal @since 1.4
com.thinkbiganalytics.kylo.plugins,kylo-search-elasticsearch-rest,0.9.1,-,-,?,-,false,-
com.thinkbiganalytics.kylo.plugins,kylo-search-solr,0.9.1,-,-,?,-,false,sun.misc.Unsafe                          See http://openjdk.java.net/jeps/260
com.thinkbiganalytics.kylo.plugins,kylo-sentry-client,0.9.1,-,-,?,-,false,-
com.thinkbiganalytics.kylo.plugins,kylo-service-monitor-activemq,0.9.1,-,-,?,-,false,-
com.thinkbiganalytics.kylo.plugins,kylo-service-monitor-ambari,0.9.1,-,-,?,-,false,-
com.thinkbiganalytics.kylo.plugins,kylo-service-monitor-cloudera-service,0.9.1,-,-,?,-,false,sun.misc.Unsafe                          See http://openjdk.java.net/jeps/260
com.thinkbiganalytics.kylo.plugins,kylo-service-monitor-cloudera-tba,0.9.1,-,-,?,-,false,-
com.thinkbiganalytics.kylo.plugins,kylo-service-monitor-kylo-cluster,0.9.1,-,-,?,-,false,-
com.thinkbiganalytics.kylo.plugins,kylo-service-monitor-nifi,0.9.1,-,-,?,-,false,-
com.thinkbiganalytics.kylo.plugins,kylo-service-monitor-pipeline-db,0.9.1,-,-,?,-,false,-
com.thinkbiganalytics.kylo.plugins,kylo-sla-email,0.9.1,-,-,?,-,false,-
com.thinkbiganalytics.kylo.plugins,kylo-sla-jira,0.9.1,-,-,?,-,false,-
com.thinkbiganalytics.kylo.plugins,kylo-sla-metrics-default,0.9.1,-,-,?,-,false,-
com.thinkbiganalytics.kylo.plugins,kylo-ui-sqoop-table-data-processor-template,0.9.1,-,-,?,-,false,-
com.thoughtbot,monocats_2.12,0.1.1,-,-,?,-,false,-
com.ufoscout,coreutils-auth,1.2.0,-,-,?,-,false,-
com.ufoscout.coreutils,auth,1.7.2,-,-,?,-,false,-
com.ufoscout,coreutils-auth-kotlin,1.2.0,-,-,?,-,false,-
com.ufoscout.coreutils,auth-kotlin,1.7.2,-,-,?,-,false,-
com.ufoscout,coreutils-cache,1.2.0,-,-,?,-,false,-
com.ufoscout.coreutils,cache,1.7.2,-,-,?,-,false,-
com.ufoscout,coreutils-json,1.2.0,-,-,?,-,false,-
com.ufoscout.coreutils,json,1.7.2,-,-,?,-,false,-
com.ufoscout,coreutils-json-kotlin,1.2.0,-,-,?,-,false,-
com.ufoscout.coreutils,json-kotlin,1.7.2,-,-,?,-,false,-
com.ufoscout,coreutils-jwt,1.2.0,-,-,?,-,false,-
com.ufoscout.coreutils,jwt,1.7.2,-,-,?,-,false,-
com.ufoscout,coreutils-jwt-kotlin,1.2.0,-,-,?,-,false,-
com.ufoscout.coreutils,jwt-kotlin,1.7.2,-,-,?,-,false,-
com.ufoscout.coreutils,validation,1.7.2,-,-,?,-,false,-
com.ufoscout.coreutils,validation-jsr303,1.7.2,-,-,?,-,false,-
com.ufoscout.properlty,properlty,1.8.1,-,-,?,-,false,-
com.ufoscout.properlty,properlty-common,1.8.1,-,-,?,-,false,-
com.ufoscout.properlty,properlty-kotlin,1.8.1,-,-,?,-,false,-
com.ufoscout.vertk,vertk-core,3.3.3,-,-,?,-,false,-
com.ufoscout.vertk,vertk-kodein,3.3.3,-,-,?,-,false,-
com.ufoscout.vertk,vertk-kodein-auth-jwt,3.3.3,-,-,?,-,false,-
com.ufoscout.vertk,vertk-kodein-mail,3.3.3,-,-,?,-,false,-
com.ufoscout.vertk,vertk-kodein-web,3.3.3,-,-,?,-,false,-
com.ufoscout.vertk,vertk-web,3.3.3,-,-,?,-,false,-
com.ufoscout.vertk,vertk-web-client,3.3.3,-,-,?,-,false,-
com.ufoscout.vertxk,vertxk-core,1.6.5,-,-,?,-,false,-
com.ufoscout.vertxk,vertxk-kodein,1.6.5,-,-,?,-,false,-
com.ufoscout.vertxk,vertxk-kodein-auth-jwt,1.6.5,-,-,?,-,false,-
com.ufoscout.vertxk,vertxk-kodein-mail,1.6.5,-,-,?,-,false,-
com.ufoscout.vertxk,vertxk-sync,0.1.0,-,-,?,-,false,-
com.umtone,uw-dm,3.0.11,-,-,?,-,false,sun.misc.BASE64Decoder                   Use java.util.Base64 @since 1.8 + sun.misc.BASE64Encoder                   Use java.util.Base64 @since 1.8
com.umtone,uw-task,1.1.17,-,-,?,-,false,-
com.upplication,cordova-java,8.0.1,-,-,?,-,false,-
com.upplication,s3fs,2.2.2,-,-,?,-,false,-
com.Upwork,api,1.3.0,-,-,?,-,false,-
com.versionone,VersionOne.SDK.Java.APIClient,16.1.0,-,-,?,-,false,-
com.vitalize,swole-dyn-admin,0.1.1,-,-,?,-,false,-
com.whxinpai,aliyun-sms-spring-boot-starter,1.0.0,-,-,?,-,false,-
com.whxinpai.aliyun,sms-spring-boot-starter,1.0.0,-,-,?,-,false,-
com.whxinpai,lfs,1.0.0,-,-,?,-,false,-
org.akka-js,akkajsactorstreamtyped_sjs0.6_2.11,1.2.5.15,-,-,?,-,false,-
org.akka-js,akkajsactorstreamtyped_sjs0.6_2.12,1.2.5.15,-,-,?,-,false,-
org.akka-js,akkajsactortyped_sjs0.6_2.11,1.2.5.15,-,-,?,-,false,-
org.akka-js,akkajstypedtestkit_sjs0.6_2.11,1.2.5.15,-,-,?,-,false,-
org.akka-js,akkajstypedtestkit_sjs0.6_2.12,1.2.5.15,-,-,?,-,false,-
