groupId,artifactId,version,moduleName,moduleVersion,moduleMode,moduleDependencies,jdepsToolError,jdepsViolations
org.fluentlenium,fluentlenium-assertj,3.6.1,-,-,?,-,false,-
org.fluentlenium,fluentlenium-core,3.6.1,-,-,?,-,false,-
org.fluentlenium,fluentlenium-cucumber,3.6.1,-,-,?,-,false,-
org.fluentlenium,fluentlenium-e2e,3.6.1,-,-,?,-,false,-
org.fluentlenium,fluentlenium-junit,3.6.1,-,-,?,-,false,-
org.fluentlenium,fluentlenium-junit-jupiter,3.6.1,-,-,?,-,false,-
org.fluentlenium,fluentlenium-spock,3.6.1,-,-,?,-,false,-
org.fluentlenium,fluentlenium-testng,3.6.1,-,-,?,-,false,-
org.gdal,gdal,2.3.0,-,-,?,-,false,-
org.gerweck.scalafx,scalafx-utils_2.11,0.14.3,-,-,?,-,false,-
org.gerweck.scalafx,scalafx-utils_2.12,0.14.3,-,-,?,-,false,-
org.gerweck.scala,gerweck-utils_2.11,4.1.0,-,-,?,-,false,-
org.gerweck.scala,gerweck-utils_2.12,4.1.0,-,-,?,-,false,-
org.gerweck.scala,gerweck-utils-akka_2.11,4.1.0,-,-,?,-,false,-
org.gerweck.scala,gerweck-utils-akka_2.12,4.1.0,-,-,?,-,false,-
org.gerweck.scala,gerweck-utils-db_2.11,4.1.0,-,-,?,-,false,-
org.gerweck.scala,gerweck-utils-db_2.12,4.1.0,-,-,?,-,false,-
org.gerweck.scala,gerweck-utils-java6_2.11,3.2.0,-,-,?,-,false,-
org.gerweck.scala,gerweck-utils-twitter_2.11,4.1.0,-,-,?,-,false,-
org.gerweck.scala,gerweck-utils-twitter_2.12,4.1.0,-,-,?,-,false,-
org.javafp,parsecj,0.6,org.javafp.parsecj,-,automatic,-,false,-
org.metarchive.mex,mex-vocabulary,1.0.2b,-,-,?,-,false,-
org.questdb,questdb-core,2.0.1,-,-,?,-,false,sun.misc.Cleaner                         Use java.lang.ref.PhantomReference @since 1.2 or java.lang.ref.Cleaner @since 9 + sun.misc.Contended                       Removed. See http://openjdk.java.net/jeps/260 + sun.misc.Signal                          See http://openjdk.java.net/jeps/260 + sun.misc.SignalHandler                   See http://openjdk.java.net/jeps/260 + sun.misc.Unsafe                          See http://openjdk.java.net/jeps/260 + sun.security.action.GetPropertyAction    Use java.security.PrivilegedAction @since 1.1
org.talend.esb,ds-service-db2,7.0.1,-,-,?,-,false,-
org.talend.esb,ds-service-h2,7.0.1,-,-,?,-,false,-
org.talend.esb,ds-service-mysql,7.0.1,-,-,?,-,false,-
org.talend.esb,ds-service-oracle,7.0.1,-,-,?,-,false,-
org.talend.esb,ds-service-postgresql,7.0.1,-,-,?,-,false,-
org.talend.esb,ds-service-sqlserver,7.0.1,-,-,?,-,false,-
org.talend.esb.hyperic,activemq-plugin,6.3.0,-,-,?,-,false,-
org.talend.esb.hyperic,camel-plugin,6.3.0,-,-,?,-,false,-
org.talend.esb.hyperic,cxf-plugin,6.3.0,-,-,?,-,false,-
org.talend.esb.hyperic,tesb-hq-plugins-common,6.3.0,-,-,?,-,false,-
org.talend.esb.hyperic,trun-plugin,6.3.0,-,-,?,-,false,-
org.talend.esb.job,org.talend.esb.job.api,7.0.1,-,-,?,-,false,-
org.talend.esb.job,org.talend.esb.job.controller,7.0.1,-,-,?,-,false,-
org.talend.esb,locator,7.0.1,-,-,?,-,false,-
org.talend.esb,locator-commands,7.0.1,-,-,?,-,false,-
org.talend.esb,locator-monitor,7.0.1,-,-,?,-,false,-
org.talend.esb.locator.service,locator-service-common,7.0.1,-,-,?,-,false,-
org.talend.esb.locator.service,locator-soap-service,7.0.1,-,-,?,-,false,-
org.talend.esb.locator.service.rest,locator-rest-service,7.0.1,-,-,?,-,false,-
org.talend.esb.mep,request-callback,7.0.1,-,-,?,-,false,-
org.talend.esb,org.talend.esb.branding,6.2.2,-,-,?,-,false,-
org.talend.esb,org.talend.esb.locator.server,7.0.1,-,-,?,-,false,-
org.talend.esb.policies,compression-policy,7.0.1,-,-,?,-,false,-
org.talend.esb.policies,correlationid-policy,7.0.1,-,-,?,-,false,-
org.talend.esb.policies,samenabling-policy,7.0.1,-,-,?,-,false,-
org.talend.esb.policies,transformation-policy,7.0.1,-,-,?,-,false,-
org.talend.esb.policies,validation-policy,7.0.1,-,-,?,-,false,-
org.talend.esb,sam-agent,7.0.1,-,-,?,-,false,-
org.talend.esb,sam-common,7.0.1,-,-,?,-,false,-
org.talend.esb,sam-server,7.0.1,-,-,?,-,false,-
org.talend.esb.sam.service,sam-service-common,6.5.1,-,-,?,-,false,-
org.talend.esb.sam.service,sam-service-rest,7.0.1,-,-,?,-,false,-
org.talend.esb.sam.service,sam-service-soap,7.0.1,-,-,?,-,false,-
org.talend.esb,security-common,7.0.1,-,-,?,-,false,-
org.talend.esb.sts,org.talend.esb.sts.config,7.0.1,-,-,?,-,false,-
org.talend.esb,text-encryptor,7.0.1,-,-,?,-,false,-
org.talend.esb,transport-jms,7.0.1,-,-,?,-,false,-
org.talend.tools,talend-tools-maven-plugin,1.0.4,-,-,?,-,false,-
org.wso2.extension.siddhi.io.http,org.wso2.extension.siddhi.io.http.coverge.test,1.0.35,-,-,?,-,false,-
org.wso2.extension.siddhi.io.http,siddhi-io-http,1.0.35,-,-,?,-,false,-
org.wso2.extension.siddhi.io.http,siddhi-io-http-osgi-tests,1.0.35,-,-,?,-,false,-
org.wso2.extension.siddhi.io.sqs,siddhi-io-sqs,1.0.5,-,-,?,-,false,-
org.wso2.extension.siddhi.io.websocket,siddhi-io-websocket,1.0.8,-,-,?,-,false,-
org.wso2.extension.siddhi.io.wso2event,siddhi-io-wso2event,4.0.15,-,-,?,-,false,-
org.wso2.extension.siddhi.io.wso2event,siddhi-io-wso2event-osgi-tests,4.0.15,-,-,?,-,false,-
