groupId,artifactId,version,moduleName,moduleVersion,moduleMode,moduleDependencies,jdepsToolError,jdepsViolations
com.bitplan.multimodule,multimodule1,0.0.3,-,-,?,-,false,-
com.bitplan.multimodule,multimodule2,0.0.3,-,-,?,-,false,-
com.epam.jdi,jdi-commons,1.1.29,-,-,?,-,false,-
com.epam.jdi,jdi-http,1.1.29,-,-,?,-,false,-
com.epam.jdi,jdi-http-cucumber,1.1.29,-,-,?,-,false,-
com.epam.jdi,jdi-matchers,2.0.23,-,-,?,-,false,-
com.epam.jdi,jdi-uitest-core,1.1.29,-,-,?,-,false,-
com.epam.jdi,jdi-uitest-cucumber,1.1.29,-,-,?,-,false,-
com.epam.jdi,jdi-uitest-gui,1.1.29,-,-,?,-,false,sun.reflect.generics.reflectiveObjects.NotImplementedException Removed. See http://openjdk.java.net/jeps/260
com.epam.jdi,jdi-uitest-mobile,1.1.29,-,-,?,-,false,-
com.epam.jdi,jdi-uitest-web,1.1.29,-,-,?,-,false,-
com.epam.jdi,jdi-uitest-win,1.1.29,-,-,?,-,false,sun.reflect.generics.reflectiveObjects.NotImplementedException Removed. See http://openjdk.java.net/jeps/260
com.google.api,api-common,1.7.0,-,-,?,-,false,-
com.google.api,gax,1.30.0,-,-,?,-,false,-
com.google.api.grpc,grpc-google-appengine-v1,0.12.0,-,-,?,-,false,-
com.google.api.grpc,grpc-google-cloud-asset-v1beta1,0.24.0,-,-,?,-,false,-
com.google.api.grpc,grpc-google-cloud-automl-v1beta1,0.24.0,-,-,?,-,false,-
com.google.api.grpc,grpc-google-cloud-bigquerydatatransfer-v1,0.24.0,-,-,?,-,false,-
com.google.api.grpc,grpc-google-cloud-bigtable-admin-v2,0.24.0,-,-,?,-,false,-
com.google.api.grpc,grpc-google-cloud-bigtable-v2,0.24.0,-,-,?,-,false,-
com.google.api.grpc,grpc-google-cloud-container-v1,0.24.0,-,-,?,-,false,-
com.google.api.grpc,grpc-google-cloud-dataproc-v1,0.24.0,-,-,?,-,false,-
com.google.api.grpc,grpc-google-cloud-datastore-v1,0.12.0,-,-,?,-,false,-
com.google.api.grpc,grpc-google-cloud-dialogflow-v2,0.24.0,-,-,?,-,false,-
com.google.api.grpc,grpc-google-cloud-dialogflow-v2beta1,0.24.0,-,-,?,-,false,-
com.google.api.grpc,grpc-google-cloud-dlp-v2,0.24.0,-,-,?,-,false,-
com.google.api.grpc,grpc-google-cloud-dlp-v2beta1,0.12.0,-,-,?,-,false,-
com.google.api.grpc,grpc-google-cloud-dlp-v2beta2,0.12.0,-,-,?,-,false,-
com.google.api.grpc,grpc-google-cloud-error-reporting-v1beta1,0.24.0,-,-,?,-,false,-
com.google.api.grpc,grpc-google-cloud-firestore-v1beta1,0.24.0,-,-,?,-,false,-
com.google.api.grpc,grpc-google-cloud-iot-v1,0.24.0,-,-,?,-,false,-
com.google.api.grpc,grpc-google-cloud-kms-v1,0.24.0,-,-,?,-,false,-
com.google.api.grpc,grpc-google-cloud-language-v1beta2,0.24.0,-,-,?,-,false,-
com.google.api.grpc,grpc-google-cloud-logging-v2,0.24.0,-,-,?,-,false,-
com.google.api.grpc,grpc-google-cloud-monitoring-v3,1.23.0,-,-,?,-,false,-
com.google.api.grpc,grpc-google-cloud-os-login-v1,0.24.0,-,-,?,-,false,-
com.google.api.grpc,grpc-google-cloud-pubsub-v1,1.23.0,-,-,?,-,false,-
com.google.api.grpc,grpc-google-cloud-spanner-admin-database-v1,0.24.0,-,-,?,-,false,-
com.google.api.grpc,grpc-google-cloud-spanner-admin-instance-v1,0.24.0,-,-,?,-,false,-
com.google.api.grpc,grpc-google-cloud-spanner-v1,0.24.0,-,-,?,-,false,-
com.google.api.grpc,grpc-google-cloud-speech-v1,0.24.0,-,-,?,-,false,-
com.google.api.grpc,grpc-google-cloud-speech-v1_1beta1,0.1.21,-,-,?,-,false,-
com.google.api.grpc,grpc-google-cloud-speech-v1beta1,0.24.0,-,-,?,-,false,-
com.google.api.grpc,grpc-google-cloud-speech-v1p1beta1,0.24.0,-,-,?,-,false,-
com.google.api.grpc,grpc-google-cloud-tasks-v2beta2,0.24.0,-,-,?,-,false,-
com.google.api.grpc,grpc-google-cloud-texttospeech-v1,0.24.0,-,-,?,-,false,-
com.google.api.grpc,grpc-google-cloud-texttospeech-v1beta1,0.24.0,-,-,?,-,false,-
com.google.api.grpc,grpc-google-cloud-trace-v1,0.24.0,-,-,?,-,false,-
com.google.api.grpc,grpc-google-cloud-trace-v2,0.24.0,-,-,?,-,false,-
com.google.api.grpc,grpc-google-cloud-video-intelligence-v1,0.24.0,-,-,?,-,false,-
com.google.api.grpc,grpc-google-cloud-video-intelligence-v1beta2,0.24.0,-,-,?,-,false,-
com.google.api.grpc,grpc-google-cloud-video-intelligence-v1p1beta1,0.24.0,-,-,?,-,false,-
com.google.api.grpc,grpc-google-cloud-vision-v1,1.23.0,-,-,?,-,false,-
com.google.api.grpc,grpc-google-cloud-vision-v1p1beta1,0.24.0,-,-,?,-,false,-
com.google.api.grpc,grpc-google-cloud-vision-v1p2beta1,1.23.0,-,-,?,-,false,-
com.google.api.grpc,grpc-google-cloud-vision-v1p3beta1,0.24.0,-,-,?,-,false,-
com.google.api.grpc,grpc-google-cloud-websecurityscanner-v1alpha,0.24.0,-,-,?,-,false,-
com.google.api.grpc,grpc-google-common-protos-,0.1.6,-,-,?,-,false,-
com.google.api.grpc,grpc-google-common-protos,1.13.0-pre1,-,-,?,-,false,-
com.google.api.grpc,grpc-google-iam-v1,0.12.0,-,-,?,-,false,-
com.google.api.grpc,grpc-google-longrunning-v1,0.1.24,-,-,?,-,false,-
com.google.api.grpc,proto-google-appengine,0.1.21,-,-,?,-,false,-
com.google.api.grpc,proto-google-appengine-v1,0.12.0,-,-,?,-,false,-
com.google.api.grpc,proto-google-cloud-asset-v1beta1,0.24.0,-,-,?,-,false,-
com.google.api.grpc,proto-google-cloud-automl-v1beta1,0.24.0,-,-,?,-,false,-
com.google.api.grpc,proto-google-cloud-bigquerydatatransfer-v1,0.24.0,-,-,?,-,false,-
com.google.api.grpc,proto-google-cloud-bigtable-admin-v2,0.24.0,-,-,?,-,false,-
com.google.api.grpc,proto-google-cloud-bigtable-v2,0.24.0,-,-,?,-,false,-
com.google.api.grpc,proto-google-cloud-container-v1,0.24.0,-,-,?,-,false,-
com.google.api.grpc,proto-google-cloud-dataproc-v1,0.24.0,-,-,?,-,false,-
com.google.api.grpc,proto-google-cloud-datastore-v1,0.24.0,-,-,?,-,false,-
com.google.api.grpc,proto-google-cloud-dialogflow-v2,0.24.0,-,-,?,-,false,-
com.google.api.grpc,proto-google-cloud-dialogflow-v2beta1,0.24.0,-,-,?,-,false,-
com.google.api.grpc,proto-google-cloud-dlp-v2,0.24.0,-,-,?,-,false,-
com.google.api.grpc,proto-google-cloud-dlp-v2beta1,0.12.0,-,-,?,-,false,-
com.google.api.grpc,proto-google-cloud-dlp-v2beta2,0.12.0,-,-,?,-,false,-
com.google.api.grpc,proto-google-cloud-error-reporting-v1beta1,0.24.0,-,-,?,-,false,-
com.google.api.grpc,proto-google-cloud-firestore-v1beta1,0.24.0,-,-,?,-,false,-
com.google.api.grpc,proto-google-cloud-kms-v1,0.24.0,-,-,?,-,false,-
com.google.api.grpc,proto-google-cloud-language-v1beta2,0.24.0,-,-,?,-,false,-
com.google.api.grpc,proto-google-cloud-logging-v2,0.24.0,-,-,?,-,false,-
com.google.api.grpc,proto-google-cloud-monitoring-v3,1.23.0,-,-,?,-,false,-
com.google.api.grpc,proto-google-cloud-os-login-v1,0.24.0,-,-,?,-,false,-
com.google.api.grpc,proto-google-cloud-pubsub-v1,1.23.0,-,-,?,-,false,-
com.google.api.grpc,proto-google-cloud-spanner-admin-database-v1,0.24.0,-,-,?,-,false,-
com.google.api.grpc,proto-google-cloud-spanner-admin-instance-v1,0.24.0,-,-,?,-,false,-
com.google.api.grpc,proto-google-cloud-spanner-v1,0.24.0,-,-,?,-,false,-
com.google.api.grpc,proto-google-cloud-speech-v1,0.24.0,-,-,?,-,false,-
com.google.api.grpc,proto-google-cloud-speech-v1_1beta1,0.1.21,-,-,?,-,false,-
com.google.api.grpc,proto-google-cloud-speech-v1beta1,0.24.0,-,-,?,-,false,-
com.google.api.grpc,proto-google-cloud-speech-v1p1beta1,0.24.0,-,-,?,-,false,-
com.google.api.grpc,proto-google-cloud-tasks-v2beta2,0.24.0,-,-,?,-,false,-
com.google.api.grpc,proto-google-cloud-texttospeech-v1,0.24.0,-,-,?,-,false,-
com.google.api.grpc,proto-google-cloud-texttospeech-v1beta1,0.24.0,-,-,?,-,false,-
com.google.api.grpc,proto-google-cloud-trace-v1,0.24.0,-,-,?,-,false,-
com.google.api.grpc,proto-google-cloud-trace-v2,0.24.0,-,-,?,-,false,-
com.google.api.grpc,proto-google-cloud-video-intelligence-v1,0.24.0,-,-,?,-,false,-
com.google.api.grpc,proto-google-cloud-video-intelligence-v1beta2,0.24.0,-,-,?,-,false,-
com.google.api.grpc,proto-google-cloud-video-intelligence-v1p1beta1,0.24.0,-,-,?,-,false,-
com.google.api.grpc,proto-google-cloud-vision-v1,1.23.0,-,-,?,-,false,-
com.google.api.grpc,proto-google-cloud-vision-v1p1beta1,0.24.0,-,-,?,-,false,-
com.google.api.grpc,proto-google-cloud-vision-v1p2beta1,1.23.0,-,-,?,-,false,-
com.google.api.grpc,proto-google-cloud-vision-v1p3beta1,0.24.0,-,-,?,-,false,-
com.google.api.grpc,proto-google-cloud-websecurityscanner-v1alpha,0.24.0,-,-,?,-,false,-
com.google.api.grpc,proto-google-common-protos,1.13.0-pre1,-,-,?,-,false,-
com.google.api.grpc,proto-google-iam-v1,0.12.0,-,-,?,-,false,-
com.google.api.grpc,proto-google-longrunning-v1,0.1.24,-,-,?,-,false,-
com.google.dagger,dagger,2.17,-,-,?,-,false,-
com.google.dagger,dagger-android-jarimpl,2.17,-,-,?,-,false,-
com.google.dagger,dagger-android-processor,2.17,-,-,?,-,false,-
com.google.dagger,dagger-android-support-jarimpl,2.17,-,-,?,-,false,-
com.google.dagger,dagger-compiler,2.17,-,-,?,-,false,-
com.google.dagger,dagger-grpc-server,2.17,-,-,?,-,false,-
com.google.dagger,dagger-grpc-server-annotations,2.17,-,-,?,-,false,-
com.google.dagger,dagger-grpc-server-processor,2.17,-,-,?,-,false,-
com.google.dagger,dagger-gwt,2.17,-,-,?,-,false,-
com.google.dagger,dagger-producers,2.17,-,-,?,-,false,-
com.google.dagger,dagger-spi,2.17,-,-,?,-,false,-
com.google.gwt,gwt-codeserver,2.8.2,-,-,?,-,false,-
com.google.gwt,gwt-elemental,2.8.2,-,-,?,-,false,-
com.google.j2objc,j2objc-annotations,1.3,-,-,?,-,false,-
com.google.streetview.publish,grpc-google-maps-streetview_publish-v1,0.1.1,-,-,?,-,false,-
com.google.streetview.publish,java-streetview-publish,0.1.1,-,-,?,-,false,sun.misc.Unsafe                          See http://openjdk.java.net/jeps/260 + sun.security.x509.X500Name               Use javax.security.auth.x500.X500Principal @since 1.4
com.google.streetview.publish,proto-google-maps-streetview_publish-v1,0.1.1,-,-,?,-,false,-
org.codelibs,curl4j,1.2.0,-,-,?,-,false,-
org.codelibs.elasticsearch.lib,grok,6.4.0,-,-,?,-,false,-
org.codelibs.elasticsearch.lib,plugin-classloader,6.4.0,-,-,?,-,false,-
org.codelibs.elasticsearch.module,aggs-matrix-stats,6.4.0,-,-,?,-,false,-
org.codelibs.elasticsearch.module,analysis-common,6.4.0,-,-,?,-,false,-
org.codelibs.elasticsearch.module,ingest-common,6.4.0,-,-,?,-,false,-
org.codelibs.elasticsearch.module,lang-expression,6.4.0,-,-,?,-,false,-
org.codelibs.elasticsearch.module,lang-mustache,6.4.0,-,-,?,-,false,-
org.codelibs.elasticsearch.module,lang-painless,6.4.0,-,-,?,-,false,-
org.codelibs.elasticsearch.module,mapper-extras,6.4.0,-,-,?,-,false,-
org.codelibs.elasticsearch.module,parent-join,6.4.0,-,-,?,-,false,-
org.codelibs.elasticsearch.module,percolator,6.4.0,-,-,?,-,false,-
org.codelibs.elasticsearch.module,rank-eval,6.4.0,-,-,?,-,false,-
org.codelibs.elasticsearch.module,reindex,6.4.0,-,-,?,-,false,-
org.codelibs.elasticsearch.module,repository-url,6.4.0,-,-,?,-,false,-
org.codelibs.elasticsearch.module,scripting-painless-spi,6.4.0,-,-,?,-,false,-
org.codelibs.elasticsearch.module,transport-netty4,6.4.0,-,-,?,-,false,-
org.codelibs.elasticsearch.module,tribe,6.4.0,-,-,?,-,false,-
org.corpus-tools,pepper-framework,3.2.1,-,-,?,-,false,-
org.corpus-tools,pepper-lib,3.2.1,-,-,?,-,false,-
org.corpus-tools,pepperModules-GrAFModules,2.0.7,-,-,?,-,false,-
org.corpus-tools,pepper-newModule,3.2.1,-,-,?,-,false,-
