groupId,artifactId,version,moduleName,moduleVersion,moduleMode,moduleDependencies,jdepsToolError,jdepsViolations
cn.antcore,AntKafka,0.0.1-RELEASE,-,-,?,-,false,-
cn.virens,virens-util,1.2.3,-,-,?,-,false,-
com.google.apis,google-api-services-androidmanagement,v1-rev50-1.24.1,-,-,?,-,false,-
com.google.apis,google-api-services-texttospeech,v1-rev5-1.24.1,-,-,?,-,false,-
com.google.apis,google-api-services-vision,v1-rev391-1.24.1,-,-,?,-,false,-
com.wuyushuo,vplus-core,1.1.2,-,-,?,-,false,-
com.wuyushuo,vplus-data,1.1.2,-,-,?,-,false,-
com.wuyushuo,vplus-html,1.1.2,-,-,?,-,false,-
com.wuyushuo,vplus-mvc,1.1.2,-,-,?,-,false,-
com.wuyushuo,vplus-tutorial,1.1.2,-,-,?,-,false,-
com.wuyushuo,wuyu-module-bureau,1.2.9,-,-,?,-,false,-
com.wuyushuo,wuyu-module-fragment,1.2.9,-,-,?,-,false,-
com.wuyushuo,wuyu-module-hunter,1.2.9,-,-,?,-,false,-
com.wuyushuo,wuyu-module-means,1.2.9,-,-,?,-,false,-
com.wuyushuo,wuyu-module-stream,1.2.9,-,-,?,-,false,-
io.gitee.zhousiwei,fastjson-spring-boot-starter,10.10.10.RELEASE,-,-,?,-,false,-
org.reaktivity,nukleus-http-cache,0.63,-,-,?,-,false,-
uk.org.okapibarcode,okapibarcode,0.1.8,-,-,?,-,false,-
