groupId,artifactId,version,moduleName,moduleVersion,moduleMode,moduleDependencies,jdepsToolError,jdepsViolations
com.danielflower.apprunner,app-runner-router,1.8.4,-,-,?,-,false,sun.misc.Unsafe                          See http://openjdk.java.net/jeps/260 + sun.reflect.Reflection                   Use java.lang.StackWalker @since 9
com.epam.jdi,jdi-commons,1.1.26,-,-,?,-,false,-
com.epam.jdi,jdi-http,1.1.26,-,-,?,-,false,-
com.epam.jdi,jdi-http-cucumber,1.1.26,-,-,?,-,false,-
com.epam.jdi,jdi-matchers,2.0.23,-,-,?,-,false,-
com.epam.jdi,jdi-uitest-core,1.1.26,-,-,?,-,false,-
com.epam.jdi,jdi-uitest-cucumber,1.1.26,-,-,?,-,false,-
com.epam.jdi,jdi-uitest-gui,1.1.26,-,-,?,-,false,sun.reflect.generics.reflectiveObjects.NotImplementedException Removed. See http://openjdk.java.net/jeps/260
com.epam.jdi,jdi-uitest-mobile,1.1.26,-,-,?,-,false,-
com.epam.jdi,jdi-uitest-web,1.1.26,-,-,?,-,false,-
com.epam.jdi,jdi-uitest-win,1.1.26,-,-,?,-,false,sun.reflect.generics.reflectiveObjects.NotImplementedException Removed. See http://openjdk.java.net/jeps/260
com.github.biopet,common-utils_2.11,0.7,-,-,?,-,false,-
com.github.biopet,common-utils_2.12,0.7,-,-,?,-,false,-
com.github.biopet,tool-utils_2.11,0.5,-,-,?,-,false,-
com.google.apis,google-api-services-calendar,v3-rev336-1.24.1,-,-,?,-,false,-
com.google.apis,google-api-services-cloudkms,v1-rev60-1.24.1,-,-,?,-,false,-
com.google.apis,google-api-services-searchconsole,v1-rev369-1.24.1,-,-,?,-,false,-
com.graphhopper,graphhopper-navigation-mapbox,0.11.0-pre1,-,-,?,-,false,-
com.gu.play-secret-rotation,aws-parameterstore_2.12,0.11,-,-,?,-,false,-
com.gu.play-secret-rotation,aws-parameterstore-lambda_2.12,0.11,-,-,?,-,false,-
com.gu.play-secret-rotation,core_2.12,0.11,-,-,?,-,false,-
com.ibm.stocator,stocator,1.0.23,-,-,?,-,false,sun.misc.Unsafe                          See http://openjdk.java.net/jeps/260
com.qaprosoft,carina-api,5.2.5.119,-,-,?,-,false,-
com.qaprosoft,carina-aws-s3,5.2.5.119,-,-,?,-,false,-
com.qaprosoft,carina-commons,5.2.5.119,-,-,?,-,false,-
com.qaprosoft,carina-core,5.2.5.119,-,-,?,-,false,-
com.qaprosoft,carina-crypto,5.2.5.119,-,-,?,-,false,-
com.qaprosoft,carina-dataprovider,5.2.5.119,-,-,?,-,false,-
com.qaprosoft,carina-hockeyapp,5.2.5.119,-,-,?,-,false,-
com.qaprosoft,carina-proxy,5.2.5.119,-,-,?,-,false,-
com.qaprosoft,carina-reporting,5.2.5.119,-,-,?,-,false,-
com.qaprosoft,carina-utils,5.2.5.119,-,-,?,-,false,-
com.qaprosoft,carina-webdriver,5.2.5.119,-,-,?,-,false,-
com.spotify,flo-api-generator,0.3.1,-,-,?,-,false,-
com.spotify,flo-bigquery,0.3.1,-,-,?,-,false,-
com.spotify,flo-freezer,0.3.1,-,-,?,-,false,-
com.spotify,flo-runner,0.3.1,-,-,?,-,false,-
com.spotify,flo-scala_2.11,0.3.1,-,-,?,-,false,-
com.spotify,flo-scala_2.12,0.3.1,-,-,?,-,false,-
com.spotify,flo-scio_2.11,0.3.1,-,-,?,-,false,-
com.spotify,flo-scio_2.12,0.3.1,-,-,?,-,false,-
com.spotify,flo-styx,0.3.1,-,-,?,-,false,-
com.spotify,flo-workflow,0.3.1,-,-,?,-,false,-
io.github.xcr1234,norm,1.7.2,-,-,?,-,false,sun.reflect.ReflectionFactory            See http://openjdk.java.net/jeps/260 + sun.reflect.ReflectionFactory$GetReflectionFactoryAction Removed. See http://openjdk.java.net/jeps/260
org.lable.oss.dynamicconfig,config-util,2.6-beta6,-,-,?,-,false,-
org.lable.oss.dynamicconfig,dynamic-config-core,2.6-beta6,-,-,?,-,false,-
org.lable.oss.dynamicconfig,dynamic-config-di,2.6-beta6,-,-,?,-,false,-
org.lable.oss.dynamicconfig,dynamic-config-servlet-util,2.6-beta6,-,-,?,-,false,-
org.lable.oss.dynamicconfig.provider,dynamic-config-provider-zookeeper,2.6-beta6,-,-,?,-,false,-
org.lable.oss.dynamicconfig.serialization,dynamic-config-serialization-json,2.6-beta6,-,-,?,-,false,-
org.lable.oss.dynamicconfig.serialization,dynamic-config-serialization-yaml,2.6-beta6,-,-,?,-,false,-
org.lable.oss.dynamicconfig,zookeeper-connection,2.6-beta6,-,-,?,-,false,sun.reflect.generics.reflectiveObjects.NotImplementedException Removed. See http://openjdk.java.net/jeps/260
org.wso2.carbon.apimgt,org.wso2.carbon.apimgt.api,6.3.135,-,-,?,-,false,-
org.wso2.carbon.apimgt,org.wso2.carbon.apimgt.authenticator.oidc,6.3.135,-,-,?,-,false,-
org.wso2.carbon.apimgt,org.wso2.carbon.apimgt.authenticator.oidc.stub,6.3.135,-,-,?,-,false,-
org.wso2.carbon.apimgt,org.wso2.carbon.apimgt.authenticator.oidc.ui,6.3.135,-,-,?,-,false,-
org.wso2.carbon.apimgt,org.wso2.carbon.apimgt.broker.lifecycle,6.3.135,-,-,?,-,false,-
org.wso2.carbon.apimgt,org.wso2.carbon.apimgt.core,7.0.169,-,-,?,-,false,-
org.wso2.carbon.apimgt,org.wso2.carbon.apimgt.gateway,6.3.135,-,-,?,-,false,-
org.wso2.carbon.apimgt,org.wso2.carbon.apimgt.gateway.stub,6.3.135,-,-,?,-,false,-
org.wso2.carbon.apimgt,org.wso2.carbon.apimgt.handlers.security.stub,6.3.135,-,-,?,-,false,-
org.wso2.carbon.apimgt,org.wso2.carbon.apimgt.hostobjects,6.3.135,-,-,?,-,false,-
org.wso2.carbon.apimgt,org.wso2.carbon.apimgt.hostobjects.oidc,6.3.135,-,-,?,-,false,-
org.wso2.carbon.apimgt,org.wso2.carbon.apimgt.impl,6.3.135,-,-,?,-,false,-
org.wso2.carbon.apimgt,org.wso2.carbon.apimgt.jms.listener,6.3.135,-,-,?,-,false,-
org.wso2.carbon.apimgt,org.wso2.carbon.apimgt.keymgt,6.3.135,-,-,?,-,false,-
org.wso2.carbon.apimgt,org.wso2.carbon.apimgt.keymgt.client,6.3.135,-,-,?,-,false,-
org.wso2.carbon.apimgt,org.wso2.carbon.apimgt.keymgt.stub,6.3.135,-,-,?,-,false,-
org.wso2.carbon.apimgt,org.wso2.carbon.apimgt.registry.cache.stub,6.3.135,-,-,?,-,false,-
org.wso2.carbon.apimgt,org.wso2.carbon.apimgt.rest.api.admin,7.0.169,-,-,?,-,false,-
org.wso2.carbon.apimgt,org.wso2.carbon.apimgt.rest.api.publisher,7.0.169,-,-,?,-,false,-
org.wso2.carbon.apimgt,org.wso2.carbon.apimgt.rest.api.store,7.0.169,-,-,?,-,false,-
org.wso2.carbon.apimgt,org.wso2.carbon.apimgt.rest.api.util,6.3.135,-,-,?,-,false,-
org.wso2.carbon.apimgt,org.wso2.carbon.apimgt.statsupdate.stub,6.3.135,-,-,?,-,false,-
org.wso2.carbon.apimgt,org.wso2.carbon.apimgt.throttle.service.interceptors,6.3.135,-,-,?,-,false,-
org.wso2.carbon.apimgt,org.wso2.carbon.apimgt.throttling.siddhi.extension,7.0.169,-,-,?,-,false,-
org.wso2.carbon.apimgt,org.wso2.carbon.apimgt.tier.cache.stub,6.3.135,-,-,?,-,false,-
org.wso2.carbon.apimgt,org.wso2.carbon.apimgt.usage.client,6.3.135,-,-,?,-,false,-
org.wso2.carbon.apimgt,org.wso2.carbon.apimgt.usage.publisher,6.3.135,-,-,?,-,false,-
org.wso2.carbon.apimgt,org.wso2.carbon.forum,6.3.135,-,-,?,-,false,-
org.wso2.carbon.apimgt,org.wso2.carbon.hostobjects.sso,6.3.135,-,-,?,-,false,-
org.wso2.carbon.commons,org.wso2.carbon.adc.repositoryinformation.service.stub,4.6.48,-,-,?,-,false,-
org.wso2.carbon.commons,org.wso2.carbon.application.mgt,4.6.48,-,-,?,-,false,-
org.wso2.carbon.commons,org.wso2.carbon.application.mgt.stub,4.6.48,-,-,?,-,false,-
org.wso2.carbon.commons,org.wso2.carbon.application.mgt.ui,4.6.48,-,-,?,-,false,-
org.wso2.carbon.commons,org.wso2.carbon.application.upload,4.6.48,-,-,?,-,false,-
org.wso2.carbon.commons,org.wso2.carbon.caching.invalidator,4.6.48,-,-,?,-,false,-
org.wso2.carbon.commons,org.wso2.carbon.cluster.mgt.admin,4.6.48,-,-,?,-,false,-
org.wso2.carbon.commons,org.wso2.carbon.cluster.mgt.admin.stub,4.6.48,-,-,?,-,false,-
org.wso2.carbon.commons,org.wso2.carbon.cluster.mgt.admin.ui,4.6.48,-,-,?,-,false,-
org.wso2.carbon.commons,org.wso2.carbon.deployment.synchronizer,4.6.48,-,-,?,-,false,-
org.wso2.carbon.commons,org.wso2.carbon.deployment.synchronizer.git,4.6.48,-,-,?,-,false,-
org.wso2.carbon.commons,org.wso2.carbon.deployment.synchronizer.stub,4.6.48,-,-,?,-,false,-
org.wso2.carbon.commons,org.wso2.carbon.deployment.synchronizer.subversion,4.6.48,-,-,?,-,false,-
org.wso2.carbon.commons,org.wso2.carbon.deployment.synchronizer.ui,4.6.48,-,-,?,-,false,-
org.wso2.carbon.commons,org.wso2.carbon.discovery.admin.ui,4.6.48,-,-,?,-,false,-
org.wso2.carbon.commons,org.wso2.carbon.discovery.core,4.6.48,-,-,?,-,false,-
org.wso2.carbon.commons,org.wso2.carbon.discovery.module,4.6.48,-,-,?,-,false,-
org.wso2.carbon.commons,org.wso2.carbon.discovery.stub,4.6.48,-,-,?,-,false,-
org.wso2.carbon.commons,org.wso2.carbon.discovery.ui,4.6.48,-,-,?,-,false,-
org.wso2.carbon.commons,org.wso2.carbon.doc.ui,4.6.48,-,-,?,-,false,-
org.wso2.carbon.commons,org.wso2.carbon.email.verification,4.6.48,-,-,?,-,false,-
org.wso2.carbon.commons,org.wso2.carbon.email.verification.stub,4.6.48,-,-,?,-,false,-
org.wso2.carbon.commons,org.wso2.carbon.email.verification.ui,4.6.48,-,-,?,-,false,-
org.wso2.carbon.commons,org.wso2.carbon.event.admin,4.6.48,-,-,?,-,false,-
org.wso2.carbon.commons,org.wso2.carbon.event.client,4.6.48,-,-,?,-,false,-
org.wso2.carbon.commons,org.wso2.carbon.event.client.stub,4.6.48,-,-,?,-,false,-
org.wso2.carbon.commons,org.wso2.carbon.event.common,4.6.48,-,-,?,-,false,-
org.wso2.carbon.commons,org.wso2.carbon.event.core,4.6.48,-,-,?,-,false,-
org.wso2.carbon.commons,org.wso2.carbon.event.stub,4.6.48,-,-,?,-,false,-
org.wso2.carbon.commons,org.wso2.carbon.event.ui,4.6.48,-,-,?,-,false,-
org.wso2.carbon.commons,org.wso2.carbon.event.ws,4.6.48,-,-,?,-,false,-
org.wso2.carbon.commons,org.wso2.carbon.ganalytics.publisher,4.6.48,-,-,?,-,false,-
org.wso2.carbon.commons,org.wso2.carbon.hostobjects.carbonutil,4.6.48,-,-,?,-,false,-
org.wso2.carbon.commons,org.wso2.carbon.hostobjects.sso,4.6.48,-,-,?,-,false,-
org.wso2.carbon.commons,org.wso2.carbon.identity.authentication,4.6.48,-,-,?,-,false,-
org.wso2.carbon.commons,org.wso2.carbon.identity.entitlement.stub,4.6.48,-,-,?,-,false,-
org.wso2.carbon.commons,org.wso2.carbon.identity.oauth.stub,4.6.48,-,-,?,-,false,-
org.wso2.carbon.commons,org.wso2.carbon.java2wsdl,4.6.48,-,-,?,-,false,-
org.wso2.carbon.commons,org.wso2.carbon.java2wsdl.ui,4.6.48,-,-,?,-,false,-
org.wso2.carbon.commons,org.wso2.carbon.logging.admin.stub,4.6.48,-,-,?,-,false,-
org.wso2.carbon.commons,org.wso2.carbon.logging.admin.ui,4.6.48,-,-,?,-,false,-
org.wso2.carbon.commons,org.wso2.carbon.logging.service,4.6.48,-,-,?,-,false,-
org.wso2.carbon.commons,org.wso2.carbon.logging.view.stub,4.6.48,-,-,?,-,false,-
org.wso2.carbon.commons,org.wso2.carbon.logging.view.ui,4.6.48,-,-,?,-,false,-
org.wso2.carbon.commons,org.wso2.carbon.messageflows,4.6.48,-,-,?,-,false,-
org.wso2.carbon.commons,org.wso2.carbon.messageflows.stub,4.6.48,-,-,?,-,false,-
org.wso2.carbon.commons,org.wso2.carbon.messageflows.ui,4.6.48,-,-,?,-,false,-
org.wso2.carbon.commons,org.wso2.carbon.ndatasource.capp.deployer,4.6.48,-,-,?,-,false,-
org.wso2.carbon.commons,org.wso2.carbon.ndatasource.datasources,4.6.48,-,-,?,-,false,-
org.wso2.carbon.commons,org.wso2.carbon.ndatasource.stub,4.6.48,-,-,?,-,false,-
org.wso2.carbon.commons,org.wso2.carbon.ndatasource.ui,4.6.48,-,-,?,-,false,-
org.wso2.carbon.commons,org.wso2.carbon.ntask.common,4.6.48,-,-,?,-,false,-
org.wso2.carbon.commons,org.wso2.carbon.ntask.core,4.6.48,-,-,?,-,false,-
org.wso2.carbon.commons,org.wso2.carbon.ntask.solutions,4.6.48,-,-,?,-,false,-
org.wso2.carbon.commons,org.wso2.carbon.qpid.stub,4.6.48,-,-,?,-,false,-
org.wso2.carbon.commons,org.wso2.carbon.remote-tasks.stub,4.6.48,-,-,?,-,false,-
org.wso2.carbon.commons,org.wso2.carbon.reporting.api,4.6.48,-,-,?,-,false,-
org.wso2.carbon.commons,org.wso2.carbon.reporting.core,4.6.48,-,-,?,-,false,-
org.wso2.carbon.commons,org.wso2.carbon.reporting.custom.ui,4.6.48,-,-,?,-,false,-
org.wso2.carbon.commons,org.wso2.carbon.reporting.stub,4.6.48,-,-,?,-,false,-
org.wso2.carbon.commons,org.wso2.carbon.reporting.template.core,4.6.48,-,-,?,-,false,-
org.wso2.carbon.commons,org.wso2.carbon.reporting.template.stub,4.6.48,-,-,?,-,false,-
org.wso2.carbon.commons,org.wso2.carbon.reporting.template.ui,4.6.48,-,-,?,-,false,-
org.wso2.carbon.commons,org.wso2.carbon.reporting.ui,4.6.48,-,-,?,-,false,-
org.wso2.carbon.commons,org.wso2.carbon.reporting.util,4.6.48,-,-,?,-,false,-
org.wso2.carbon.commons,org.wso2.carbon.statistics,4.6.48,-,-,?,-,false,-
org.wso2.carbon.commons,org.wso2.carbon.statistics.stub,4.6.48,-,-,?,-,false,-
org.wso2.carbon.commons,org.wso2.carbon.statistics.ui,4.6.48,-,-,?,-,false,-
org.wso2.carbon.commons,org.wso2.carbon.tenant.common,4.6.48,-,-,?,-,false,-
org.wso2.carbon.commons,org.wso2.carbon.tenant.common.stub,4.6.48,-,-,?,-,false,-
org.wso2.carbon.commons,org.wso2.carbon.throttling.agent.stub,4.6.48,-,-,?,-,false,-
org.wso2.carbon.commons,org.wso2.carbon.tools.wsdlvalidator,4.6.48,-,-,?,-,false,-
org.wso2.carbon.commons,org.wso2.carbon.tools.wsdlvalidator.ui,4.6.48,-,-,?,-,false,-
org.wso2.carbon.commons,org.wso2.carbon.tracer,4.6.48,-,-,?,-,false,-
org.wso2.carbon.commons,org.wso2.carbon.tracer.stub,4.6.48,-,-,?,-,false,-
org.wso2.carbon.commons,org.wso2.carbon.tracer.ui,4.6.48,-,-,?,-,false,-
org.wso2.carbon.commons,org.wso2.carbon.transaction.manager,4.6.48,-,-,?,-,false,-
org.wso2.carbon.commons,org.wso2.carbon.tryit,4.6.48,-,-,?,-,false,-
org.wso2.carbon.commons,org.wso2.carbon.tryit.ui,4.6.48,-,-,?,-,false,-
org.wso2.carbon.commons,org.wso2.carbon.url.mapper,4.6.48,-,-,?,-,false,-
org.wso2.carbon.commons,org.wso2.carbon.url.mapper.clustermessage,4.6.48,-,-,?,-,false,-
org.wso2.carbon.commons,org.wso2.carbon.url.mapper.stub,4.6.48,-,-,?,-,false,-
org.wso2.carbon.commons,org.wso2.carbon.url.mapper.ui,4.6.48,-,-,?,-,false,-
org.wso2.carbon.commons,org.wso2.carbon.wsdl2code,4.6.48,-,-,?,-,false,-
org.wso2.carbon.commons,org.wso2.carbon.wsdl2code.stub,4.6.48,-,-,?,-,false,-
org.wso2.carbon.commons,org.wso2.carbon.wsdl2code.ui,4.6.48,-,-,?,-,false,-
org.wso2.carbon.commons,org.wso2.carbon.wsdl2form,4.6.48,-,-,?,-,false,-
org.wso2.carbon.devicemgt,org.wso2.carbon.apimgt.annotations,3.1.35,-,-,?,-,false,-
org.wso2.carbon.devicemgt,org.wso2.carbon.apimgt.application.extension,3.1.35,-,-,?,-,false,-
org.wso2.carbon.devicemgt,org.wso2.carbon.apimgt.handlers,3.1.35,-,-,?,-,false,-
org.wso2.carbon.devicemgt,org.wso2.carbon.apimgt.integration.client,3.1.35,-,-,?,-,false,-
org.wso2.carbon.devicemgt,org.wso2.carbon.apimgt.integration.generated.client,3.1.35,-,-,?,-,false,-
org.wso2.carbon.devicemgt,org.wso2.carbon.apimgt.webapp.publisher,3.1.35,-,-,?,-,false,-
org.wso2.carbon.devicemgt,org.wso2.carbon.certificate.mgt.core,3.1.35,-,-,?,-,false,-
org.wso2.carbon.devicemgt,org.wso2.carbon.complex.policy.decision.point,3.1.35,-,-,?,-,false,-
org.wso2.carbon.devicemgt,org.wso2.carbon.device.mgt.analytics.data.publisher,3.1.35,-,-,?,-,false,-
org.wso2.carbon.devicemgt,org.wso2.carbon.device.mgt.api,4.0.4,-,-,?,-,false,-
org.wso2.carbon.devicemgt,org.wso2.carbon.device.mgt.common,4.0.6,-,-,?,-,false,-
org.wso2.carbon.devicemgt,org.wso2.carbon.device.mgt.core,4.0.6,-,-,?,-,false,-
org.wso2.carbon.devicemgt,org.wso2.carbon.device.mgt.extensions,3.1.35,-,-,?,-,false,-
org.wso2.carbon.devicemgt,org.wso2.carbon.device.mgt.extensions.device.type.deployer,3.1.35,-,-,?,-,false,-
org.wso2.carbon.devicemgt,org.wso2.carbon.device.mgt.extensions.pull.notification,3.1.35,-,-,?,-,false,-
org.wso2.carbon.devicemgt,org.wso2.carbon.device.mgt.extensions.push.notification.provider.fcm,3.1.35,-,-,?,-,false,-
org.wso2.carbon.devicemgt,org.wso2.carbon.device.mgt.extensions.push.notification.provider.http,3.1.35,-,-,?,-,false,-
org.wso2.carbon.devicemgt,org.wso2.carbon.device.mgt.extensions.push.notification.provider.mqtt,3.1.35,-,-,?,-,false,-
org.wso2.carbon.devicemgt,org.wso2.carbon.device.mgt.extensions.push.notification.provider.xmpp,3.1.35,-,-,?,-,false,-
org.wso2.carbon.devicemgt,org.wso2.carbon.device.mgt.oauth.extensions,3.1.35,-,-,?,-,false,-
org.wso2.carbon.devicemgt,org.wso2.carbon.device.mgt.url.printer,3.1.35,-,-,?,-,false,-
org.wso2.carbon.devicemgt,org.wso2.carbon.email.sender.core,3.1.35,-,-,?,-,false,-
org.wso2.carbon.devicemgt,org.wso2.carbon.identity.authenticator.backend.oauth,3.1.35,-,-,?,-,false,-
org.wso2.carbon.devicemgt,org.wso2.carbon.identity.jwt.client.extension,3.1.35,-,-,?,-,false,-
org.wso2.carbon.devicemgt,org.wso2.carbon.policy.decision.point,3.1.35,-,-,?,-,false,-
org.wso2.carbon.devicemgt,org.wso2.carbon.policy.information.point,3.1.35,-,-,?,-,false,-
org.wso2.carbon.devicemgt,org.wso2.carbon.policy.mgt.common,3.1.35,-,-,?,-,false,-
org.wso2.carbon.devicemgt,org.wso2.carbon.policy.mgt.core,3.1.35,-,-,?,-,false,-
org.wso2.carbon.devicemgt,org.wso2.carbon.webapp.authenticator.framework,3.1.35,-,-,?,-,false,-
org.wso2.carbon.devicemgt,test-coverage,3.1.35,-,-,?,-,false,-
org.wso2.carbon.identity.conditional.auth.functions,org.wso2.carbon.conditional.auth.functions.session,0.1.28,-,-,?,-,false,-
org.wso2.carbon.identity.conditional.auth.functions,org.wso2.carbon.identity.conditional.auth.functions.analytics,0.1.28,-,-,?,-,false,-
org.wso2.carbon.identity.conditional.auth.functions,org.wso2.carbon.identity.conditional.auth.functions.common,0.1.28,-,-,?,-,false,-
org.wso2.carbon.identity.conditional.auth.functions,org.wso2.carbon.identity.conditional.auth.functions.http,0.1.28,-,-,?,-,false,-
org.wso2.carbon.identity.conditional.auth.functions,org.wso2.carbon.identity.conditional.auth.functions.notification,0.1.28,-,-,?,-,false,-
org.wso2.carbon.identity.conditional.auth.functions,org.wso2.carbon.identity.conditional.auth.functions.test.utils,0.1.28,-,-,?,-,false,-
org.wso2.carbon.identity.conditional.auth.functions,org.wso2.carbon.identity.conditional.auth.functions.user,0.1.28,-,-,?,-,false,-
