groupId,artifactId,version,moduleName,moduleVersion,moduleMode,moduleDependencies,jdepsToolError,jdepsViolations
com.amazonaws,aws-java-sdk,1.11.393,-,-,?,-,false,-
com.amazonaws,aws-java-sdk-acm,1.11.393,-,-,?,-,false,-
com.amazonaws,aws-java-sdk-acmpca,1.11.393,-,-,?,-,false,-
com.amazonaws,aws-java-sdk-alexaforbusiness,1.11.393,-,-,?,-,false,-
com.amazonaws,aws-java-sdk-api-gateway,1.11.393,-,-,?,-,false,-
com.amazonaws,aws-java-sdk-applicationautoscaling,1.11.393,-,-,?,-,false,-
com.amazonaws,aws-java-sdk-appstream,1.11.393,-,-,?,-,false,-
com.amazonaws,aws-java-sdk-appsync,1.11.393,-,-,?,-,false,-
com.amazonaws,aws-java-sdk-athena,1.11.393,-,-,?,-,false,-
com.amazonaws,aws-java-sdk-autoscaling,1.11.393,-,-,?,-,false,-
com.amazonaws,aws-java-sdk-autoscalingplans,1.11.393,-,-,?,-,false,-
com.amazonaws,aws-java-sdk-batch,1.11.393,-,-,?,-,false,-
com.amazonaws,aws-java-sdk-budgets,1.11.393,-,-,?,-,false,-
com.amazonaws,aws-java-sdk-bundle,1.11.393,-,-,?,-,false,sun.misc.Unsafe                          See http://openjdk.java.net/jeps/260 + sun.security.x509.X500Name               Use javax.security.auth.x500.X500Principal @since 1.4
com.amazonaws,aws-java-sdk-cloud9,1.11.393,-,-,?,-,false,-
com.amazonaws,aws-java-sdk-clouddirectory,1.11.393,-,-,?,-,false,-
com.amazonaws,aws-java-sdk-cloudformation,1.11.393,-,-,?,-,false,-
com.amazonaws,aws-java-sdk-cloudfront,1.11.393,-,-,?,-,false,-
com.amazonaws,aws-java-sdk-cloudhsm,1.11.393,-,-,?,-,false,-
com.amazonaws,aws-java-sdk-cloudhsmv2,1.11.393,-,-,?,-,false,-
com.amazonaws,aws-java-sdk-cloudsearch,1.11.393,-,-,?,-,false,-
com.amazonaws,aws-java-sdk-cloudtrail,1.11.393,-,-,?,-,false,-
com.amazonaws,aws-java-sdk-cloudwatch,1.11.393,-,-,?,-,false,-
com.amazonaws,aws-java-sdk-cloudwatchmetrics,1.11.393,-,-,?,-,false,-
com.amazonaws,aws-java-sdk-codebuild,1.11.393,-,-,?,-,false,-
com.amazonaws,aws-java-sdk-codecommit,1.11.393,-,-,?,-,false,-
com.amazonaws,aws-java-sdk-codedeploy,1.11.393,-,-,?,-,false,-
com.amazonaws,aws-java-sdk-code-generator,1.11.393,-,-,?,-,false,-
com.amazonaws,aws-java-sdk-codegen-maven-plugin,1.11.393,-,-,?,-,false,-
com.amazonaws,aws-java-sdk-codepipeline,1.11.393,-,-,?,-,false,-
com.amazonaws,aws-java-sdk-codestar,1.11.393,-,-,?,-,false,-
com.amazonaws,aws-java-sdk-cognitoidentity,1.11.393,-,-,?,-,false,-
com.amazonaws,aws-java-sdk-cognitoidp,1.11.393,-,-,?,-,false,-
com.amazonaws,aws-java-sdk-cognitosync,1.11.393,-,-,?,-,false,-
com.amazonaws,aws-java-sdk-comprehend,1.11.393,-,-,?,-,false,-
com.amazonaws,aws-java-sdk-config,1.11.393,-,-,?,-,false,-
com.amazonaws,aws-java-sdk-connect,1.11.393,-,-,?,-,false,-
com.amazonaws,aws-java-sdk-core,1.11.393,-,-,?,-,false,-
com.amazonaws,aws-java-sdk-costandusagereport,1.11.393,-,-,?,-,false,-
com.amazonaws,aws-java-sdk-costexplorer,1.11.393,-,-,?,-,false,-
com.amazonaws,aws-java-sdk-datapipeline,1.11.393,-,-,?,-,false,-
com.amazonaws,aws-java-sdk-dax,1.11.393,-,-,?,-,false,-
com.amazonaws,aws-java-sdk-devicefarm,1.11.393,-,-,?,-,false,-
com.amazonaws,aws-java-sdk-directconnect,1.11.393,-,-,?,-,false,-
com.amazonaws,aws-java-sdk-directory,1.11.393,-,-,?,-,false,-
com.amazonaws,aws-java-sdk-discovery,1.11.393,-,-,?,-,false,-
com.amazonaws,aws-java-sdk-dlm,1.11.393,-,-,?,-,false,-
com.amazonaws,aws-java-sdk-dms,1.11.393,-,-,?,-,false,-
com.amazonaws,aws-java-sdk-dynamodb,1.11.393,-,-,?,-,false,-
com.amazonaws,aws-java-sdk-ec2,1.11.393,-,-,?,-,false,-
com.amazonaws,aws-java-sdk-ecr,1.11.393,-,-,?,-,false,-
com.amazonaws,aws-java-sdk-ecs,1.11.393,-,-,?,-,false,-
com.amazonaws,aws-java-sdk-efs,1.11.393,-,-,?,-,false,-
com.amazonaws,aws-java-sdk-eks,1.11.393,-,-,?,-,false,-
com.amazonaws,aws-java-sdk-elasticache,1.11.393,-,-,?,-,false,-
com.amazonaws,aws-java-sdk-elasticbeanstalk,1.11.393,-,-,?,-,false,-
com.amazonaws,aws-java-sdk-elasticloadbalancing,1.11.393,-,-,?,-,false,-
com.amazonaws,aws-java-sdk-elasticloadbalancingv2,1.11.393,-,-,?,-,false,-
com.amazonaws,aws-java-sdk-elasticsearch,1.11.393,-,-,?,-,false,-
com.amazonaws,aws-java-sdk-elastictranscoder,1.11.393,-,-,?,-,false,-
com.amazonaws,aws-java-sdk-emr,1.11.393,-,-,?,-,false,-
com.amazonaws,aws-java-sdk-events,1.11.393,-,-,?,-,false,-
com.amazonaws,aws-java-sdk-fms,1.11.393,-,-,?,-,false,-
com.amazonaws,aws-java-sdk-gamelift,1.11.393,-,-,?,-,false,-
com.amazonaws,aws-java-sdk-glacier,1.11.393,-,-,?,-,false,-
com.amazonaws,aws-java-sdk-glue,1.11.393,-,-,?,-,false,-
com.amazonaws,aws-java-sdk-greengrass,1.11.393,-,-,?,-,false,-
com.amazonaws,aws-java-sdk-guardduty,1.11.393,-,-,?,-,false,-
com.amazonaws,aws-java-sdk-health,1.11.393,-,-,?,-,false,-
com.amazonaws,aws-java-sdk-iam,1.11.393,-,-,?,-,false,-
com.amazonaws,aws-java-sdk-importexport,1.11.393,-,-,?,-,false,-
com.amazonaws,aws-java-sdk-inspector,1.11.393,-,-,?,-,false,-
com.amazonaws,aws-java-sdk-iot,1.11.393,-,-,?,-,false,-
com.amazonaws,aws-java-sdk-iot1clickdevices,1.11.393,-,-,?,-,false,-
com.amazonaws,aws-java-sdk-iot1clickprojects,1.11.393,-,-,?,-,false,-
com.amazonaws,aws-java-sdk-iotanalytics,1.11.393,-,-,?,-,false,-
com.amazonaws,aws-java-sdk-iotjobsdataplane,1.11.393,-,-,?,-,false,-
com.amazonaws,aws-java-sdk-kinesis,1.11.393,-,-,?,-,false,-
com.amazonaws,aws-java-sdk-kinesisvideo,1.11.393,-,-,?,-,false,-
com.amazonaws,aws-java-sdk-kms,1.11.393,-,-,?,-,false,-
com.amazonaws,aws-java-sdk-lambda,1.11.393,-,-,?,-,false,-
com.amazonaws,aws-java-sdk-lex,1.11.393,-,-,?,-,false,-
com.amazonaws,aws-java-sdk-lexmodelbuilding,1.11.393,-,-,?,-,false,-
com.amazonaws,aws-java-sdk-lightsail,1.11.393,-,-,?,-,false,-
com.amazonaws,aws-java-sdk-logs,1.11.393,-,-,?,-,false,-
com.amazonaws,aws-java-sdk-machinelearning,1.11.393,-,-,?,-,false,-
com.amazonaws,aws-java-sdk-macie,1.11.393,-,-,?,-,false,-
com.amazonaws,aws-java-sdk-marketplacecommerceanalytics,1.11.393,-,-,?,-,false,-
com.amazonaws,aws-java-sdk-marketplaceentitlement,1.11.393,-,-,?,-,false,-
com.amazonaws,aws-java-sdk-marketplacemeteringservice,1.11.393,-,-,?,-,false,-
com.amazonaws,aws-java-sdk-mechanicalturkrequester,1.11.393,-,-,?,-,false,-
com.amazonaws,aws-java-sdk-mediaconvert,1.11.393,-,-,?,-,false,-
com.amazonaws,aws-java-sdk-medialive,1.11.393,-,-,?,-,false,-
com.amazonaws,aws-java-sdk-mediapackage,1.11.393,-,-,?,-,false,-
com.amazonaws,aws-java-sdk-mediastore,1.11.393,-,-,?,-,false,-
com.amazonaws,aws-java-sdk-mediastoredata,1.11.393,-,-,?,-,false,-
com.amazonaws,aws-java-sdk-mediatailor,1.11.393,-,-,?,-,false,-
com.amazonaws,aws-java-sdk-migrationhub,1.11.393,-,-,?,-,false,-
com.amazonaws,aws-java-sdk-mobile,1.11.393,-,-,?,-,false,-
com.amazonaws,aws-java-sdk-models,1.11.393,-,-,?,-,false,-
com.amazonaws,aws-java-sdk-mq,1.11.393,-,-,?,-,false,-
com.amazonaws,aws-java-sdk-neptune,1.11.393,-,-,?,-,false,-
com.amazonaws,aws-java-sdk-opensdk,1.11.393,-,-,?,-,false,-
com.amazonaws,aws-java-sdk-opsworks,1.11.393,-,-,?,-,false,-
com.amazonaws,aws-java-sdk-opsworkscm,1.11.393,-,-,?,-,false,-
com.amazonaws,aws-java-sdk-organizations,1.11.393,-,-,?,-,false,-
com.amazonaws,aws-java-sdk-osgi,1.11.393,-,-,?,-,false,-
com.amazonaws,aws-java-sdk-pi,1.11.393,-,-,?,-,false,-
com.amazonaws,aws-java-sdk-pinpoint,1.11.393,-,-,?,-,false,-
com.amazonaws,aws-java-sdk-polly,1.11.393,-,-,?,-,false,-
com.amazonaws,aws-java-sdk-pricing,1.11.393,-,-,?,-,false,-
com.amazonaws,aws-java-sdk-rds,1.11.393,-,-,?,-,false,-
com.amazonaws,aws-java-sdk-redshift,1.11.393,-,-,?,-,false,-
com.amazonaws,aws-java-sdk-rekognition,1.11.393,-,-,?,-,false,-
com.amazonaws,aws-java-sdk-resourcegroups,1.11.393,-,-,?,-,false,-
com.amazonaws,aws-java-sdk-resourcegroupstaggingapi,1.11.393,-,-,?,-,false,-
com.amazonaws,aws-java-sdk-route53,1.11.393,-,-,?,-,false,-
com.amazonaws,aws-java-sdk-s3,1.11.393,-,-,?,-,false,-
com.amazonaws,aws-java-sdk-sagemaker,1.11.393,-,-,?,-,false,-
com.amazonaws,aws-java-sdk-sagemakerruntime,1.11.393,-,-,?,-,false,-
com.amazonaws,aws-java-sdk-secretsmanager,1.11.393,-,-,?,-,false,-
com.amazonaws,aws-java-sdk-serverlessapplicationrepository,1.11.393,-,-,?,-,false,-
com.amazonaws,aws-java-sdk-servermigration,1.11.393,-,-,?,-,false,-
com.amazonaws,aws-java-sdk-servicecatalog,1.11.393,-,-,?,-,false,-
com.amazonaws,aws-java-sdk-servicediscovery,1.11.393,-,-,?,-,false,-
com.amazonaws,aws-java-sdk-ses,1.11.393,-,-,?,-,false,-
com.amazonaws,aws-java-sdk-shield,1.11.393,-,-,?,-,false,-
com.amazonaws,aws-java-sdk-simpledb,1.11.393,-,-,?,-,false,-
com.amazonaws,aws-java-sdk-simpleworkflow,1.11.393,-,-,?,-,false,-
com.amazonaws,aws-java-sdk-snowball,1.11.393,-,-,?,-,false,-
com.amazonaws,aws-java-sdk-sns,1.11.393,-,-,?,-,false,-
com.amazonaws,aws-java-sdk-sqs,1.11.393,-,-,?,-,false,-
com.amazonaws,aws-java-sdk-ssm,1.11.393,-,-,?,-,false,-
com.amazonaws,aws-java-sdk-stepfunctions,1.11.393,-,-,?,-,false,-
com.amazonaws,aws-java-sdk-storagegateway,1.11.393,-,-,?,-,false,-
com.amazonaws,aws-java-sdk-sts,1.11.393,-,-,?,-,false,-
com.amazonaws,aws-java-sdk-support,1.11.393,-,-,?,-,false,-
com.amazonaws,aws-java-sdk-test-utils,1.11.393,-,-,?,-,false,-
com.amazonaws,aws-java-sdk-transcribe,1.11.393,-,-,?,-,false,-
com.amazonaws,aws-java-sdk-translate,1.11.393,-,-,?,-,false,-
com.amazonaws,aws-java-sdk-waf,1.11.393,-,-,?,-,false,-
com.amazonaws,aws-java-sdk-workdocs,1.11.393,-,-,?,-,false,-
com.amazonaws,aws-java-sdk-workmail,1.11.393,-,-,?,-,false,-
com.amazonaws,aws-java-sdk-workspaces,1.11.393,-,-,?,-,false,-
com.amazonaws,aws-java-sdk-xray,1.11.393,-,-,?,-,false,-
com.amazonaws,jmespath-java,1.11.393,-,-,?,-,false,-
com.github.hageldave.ezfftw,ezfftw,0.1.2,-,-,?,-,false,-
com.google.apis,google-api-services-adsense,v1.4-rev442-1.24.1,-,-,?,-,false,-
com.google.apis,google-api-services-analyticsreporting,v4-rev126-1.24.1,-,-,?,-,false,-
com.google.apis,google-api-services-androidpublisher,v3-rev19-1.24.1,-,-,?,-,false,-
com.google.apis,google-api-services-appsactivity,v1-rev176-1.24.1,-,-,?,-,false,-
com.google.apis,google-api-services-dlp,v2-rev29-1.24.1,-,-,?,-,false,-
com.google.apis,google-api-services-firebasedynamiclinks,v1-rev844-1.24.1,-,-,?,-,false,-
com.google.apis,google-api-services-jobs,v3-rev4-1.24.1,-,-,?,-,false,-
com.google.apis,google-api-services-monitoring,v3-rev467-1.24.1,-,-,?,-,false,-
com.google.apis,google-api-services-people,v1-rev328-1.24.1,-,-,?,-,false,-
com.google.apis,google-api-services-serviceusage,v1-rev41-1.23.0,-,-,?,-,false,-
com.google.apis,google-api-services-websecurityscanner,v1alpha-rev78-1.24.1,-,-,?,-,false,-
com.uber.nullaway,android-jarinfer-models-sdk28,0.5.4,-,-,?,-,false,-
com.uber.nullaway,jar-infer-cli,0.5.4,-,-,?,-,false,sun.misc.Unsafe                          See http://openjdk.java.net/jeps/260
com.uber.nullaway,jar-infer-lib,0.5.4,-,-,?,-,false,-
com.uber.nullaway,nullaway,0.5.4,-,-,?,-,false,com.sun.tools.javac.api.JavacScope       Use javax.tools and javax.lang.model @since 1.6 + com.sun.tools.javac.code.Attribute       Use javax.tools and javax.lang.model @since 1.6 + com.sun.tools.javac.code.Attribute$Array Use javax.tools and javax.lang.model @since 1.6 + com.sun.tools.javac.code.Attribute$Class Use javax.tools and javax.lang.model @since 1.6 + com.sun.tools.javac.code.Attribute$Compound Use javax.tools and javax.lang.model @since 1.6 + com.sun.tools.javac.code.Attribute$Constant Use javax.tools and javax.lang.model @since 1.6 + com.sun.tools.javac.code.Attribute$Enum  Use javax.tools and javax.lang.model @since 1.6 + com.sun.tools.javac.code.Attribute$TypeCompound Use javax.tools and javax.lang.model @since 1.6 + com.sun.tools.javac.code.Scope           Use javax.tools and javax.lang.model @since 1.6 + com.sun.tools.javac.code.Scope$WriteableScope Use javax.tools and javax.lang.model @since 1.6 + com.sun.tools.javac.code.Symbol          Use javax.tools and javax.lang.model @since 1.6 + com.sun.tools.javac.code.Symbol$ClassSymbol Use javax.tools and javax.lang.model @since 1.6 + com.sun.tools.javac.code.Symbol$CompletionFailure Use javax.tools and javax.lang.model @since 1.6 + com.sun.tools.javac.code.Symbol$MethodSymbol Use javax.tools and javax.lang.model @since 1.6 + com.sun.tools.javac.code.Symbol$PackageSymbol Use javax.tools and javax.lang.model @since 1.6 + com.sun.tools.javac.code.Symbol$TypeSymbol Use javax.tools and javax.lang.model @since 1.6 + com.sun.tools.javac.code.Symbol$VarSymbol Use javax.tools and javax.lang.model @since 1.6 + com.sun.tools.javac.code.Symtab          Use javax.tools and javax.lang.model @since 1.6 + com.sun.tools.javac.code.TargetType      Use javax.tools and javax.lang.model @since 1.6 + com.sun.tools.javac.code.Type            Use javax.tools and javax.lang.model @since 1.6 + com.sun.tools.javac.code.Type$ArrayType  Use javax.tools and javax.lang.model @since 1.6 + com.sun.tools.javac.code.Type$CapturedType Use javax.tools and javax.lang.model @since 1.6 + com.sun.tools.javac.code.Type$ClassType  Use javax.tools and javax.lang.model @since 1.6 + com.sun.tools.javac.code.Type$MethodType Use javax.tools and javax.lang.model @since 1.6 + com.sun.tools.javac.code.Type$TypeVar    Use javax.tools and javax.lang.model @since 1.6 + com.sun.tools.javac.code.Type$WildcardType Use javax.tools and javax.lang.model @since 1.6 + com.sun.tools.javac.code.TypeAnnotationPosition Use javax.tools and javax.lang.model @since 1.6 + com.sun.tools.javac.code.TypeTag         Use javax.tools and javax.lang.model @since 1.6 + com.sun.tools.javac.code.Types           Use javax.tools and javax.lang.model @since 1.6 + com.sun.tools.javac.comp.AttrContext     Use javax.tools and javax.lang.model @since 1.6 + com.sun.tools.javac.comp.CompileStates   Use javax.tools and javax.lang.model @since 1.6 + com.sun.tools.javac.comp.CompileStates$CompileState Use javax.tools and javax.lang.model @since 1.6 + com.sun.tools.javac.comp.DeferredAttr    Use javax.tools and javax.lang.model @since 1.6 + com.sun.tools.javac.comp.DeferredAttr$AttrMode Use javax.tools and javax.lang.model @since 1.6 + com.sun.tools.javac.comp.Env             Use javax.tools and javax.lang.model @since 1.6 + com.sun.tools.javac.comp.Resolve         Use javax.tools and javax.lang.model @since 1.6 + com.sun.tools.javac.file.JavacFileManager Use javax.tools and javax.lang.model @since 1.6 + com.sun.tools.javac.main.JavaCompiler    Use javax.tools and javax.lang.model @since 1.6 + com.sun.tools.javac.model.JavacTypes     Use javax.tools and javax.lang.model @since 1.6 + com.sun.tools.javac.processing.JavacProcessingEnvironment Use javax.tools and javax.lang.model @since 1.6 + com.sun.tools.javac.tree.JCTree          Use com.sun.source @since 1.6 + com.sun.tools.javac.tree.JCTree$JCAnnotatedType Use com.sun.source @since 1.6 + com.sun.tools.javac.tree.JCTree$JCAnnotation Use com.sun.source @since 1.6 + com.sun.tools.javac.tree.JCTree$JCArrayAccess Use com.sun.source @since 1.6 + com.sun.tools.javac.tree.JCTree$JCAssign Use com.sun.source @since 1.6 + com.sun.tools.javac.tree.JCTree$JCBinary Use com.sun.source @since 1.6 + com.sun.tools.javac.tree.JCTree$JCBlock  Use com.sun.source @since 1.6 + com.sun.tools.javac.tree.JCTree$JCExpression Use com.sun.source @since 1.6 + com.sun.tools.javac.tree.JCTree$JCExpressionStatement Use com.sun.source @since 1.6 + com.sun.tools.javac.tree.JCTree$JCFieldAccess Use com.sun.source @since 1.6 + com.sun.tools.javac.tree.JCTree$JCFunctionalExpression Use com.sun.source @since 1.6 + com.sun.tools.javac.tree.JCTree$JCIdent  Use com.sun.source @since 1.6 + com.sun.tools.javac.tree.JCTree$JCLambda Use com.sun.source @since 1.6 + com.sun.tools.javac.tree.JCTree$JCLambda$ParameterKind Use com.sun.source @since 1.6 + com.sun.tools.javac.tree.JCTree$JCLiteral Use com.sun.source @since 1.6 + com.sun.tools.javac.tree.JCTree$JCMemberReference Use com.sun.source @since 1.6 + com.sun.tools.javac.tree.JCTree$JCMemberReference$ReferenceKind Use com.sun.source @since 1.6 + com.sun.tools.javac.tree.JCTree$JCMethodDecl Use com.sun.source @since 1.6 + com.sun.tools.javac.tree.JCTree$JCMethodInvocation Use com.sun.source @since 1.6 + com.sun.tools.javac.tree.JCTree$JCModifiers Use com.sun.source @since 1.6 + com.sun.tools.javac.tree.JCTree$JCNewArray Use com.sun.source @since 1.6 + com.sun.tools.javac.tree.JCTree$JCNewClass Use com.sun.source @since 1.6 + com.sun.tools.javac.tree.JCTree$JCStatement Use com.sun.source @since 1.6 + com.sun.tools.javac.tree.JCTree$JCTypeCast Use com.sun.source @since 1.6 + com.sun.tools.javac.tree.JCTree$JCTypeParameter Use com.sun.source @since 1.6 + com.sun.tools.javac.tree.JCTree$JCVariableDecl Use com.sun.source @since 1.6 + com.sun.tools.javac.tree.JCTree$Tag      Use com.sun.source @since 1.6 + com.sun.tools.javac.tree.TreeInfo        Use com.sun.source @since 1.6 + com.sun.tools.javac.tree.TreeMaker       Use com.sun.source @since 1.6 + com.sun.tools.javac.util.Context         Use javax.tools and javax.lang.model @since 1.6 + com.sun.tools.javac.util.Context$Key     Use javax.tools and javax.lang.model @since 1.6 + com.sun.tools.javac.util.JCDiagnostic    Use javax.tools and javax.lang.model @since 1.6 + com.sun.tools.javac.util.JCDiagnostic$DiagnosticPosition Use javax.tools and javax.lang.model @since 1.6 + com.sun.tools.javac.util.List            Use javax.tools and javax.lang.model @since 1.6 + com.sun.tools.javac.util.ListBuffer      Use javax.tools and javax.lang.model @since 1.6 + com.sun.tools.javac.util.Log             Use javax.tools and javax.lang.model @since 1.6 + com.sun.tools.javac.util.Log$DiagnosticHandler Use javax.tools and javax.lang.model @since 1.6 + com.sun.tools.javac.util.Log$DiscardDiagnosticHandler Use javax.tools and javax.lang.model @since 1.6 + com.sun.tools.javac.util.Name            Use javax.tools and javax.lang.model @since 1.6 + com.sun.tools.javac.util.Names           Use javax.tools and javax.lang.model @since 1.6 + com.sun.tools.javac.util.Options         Use javax.tools and javax.lang.model @since 1.6 + com.sun.tools.javac.util.Pair            Use javax.tools and javax.lang.model @since 1.6
com.uber.stylist,resources-poet,0.0.1,-,-,?,-,false,-
com.uber.stylist,stylist,0.0.1,-,-,?,-,false,-
com.uber.stylist,stylist-api,0.0.1,-,-,?,-,false,-
com.uber.stylist,stylist-core,0.0.1,-,-,?,-,false,-
eu.mihosoft.vmf,vmf-runtime,0.1.11,eu.mihosoft.vmf.runtime,-,automatic,-,false,-
io.methvin,directory-watcher,0.7.0,-,-,?,-,false,-
io.methvin,directory-watcher-better-files_2.12,0.7.0,-,-,?,-,false,-
org.httprpc,httprpc,5.7.1,-,-,?,-,false,-
org.springframework.security.oauth.boot,spring-security-oauth2-autoconfigure,2.0.4.RELEASE,spring.security.oauth2.autoconfigure,-,automatic,-,false,-
