groupId,artifactId,version,moduleName,moduleVersion,moduleMode,moduleDependencies,jdepsToolError,jdepsViolations
com.liferay,com.liferay.css.builder,2.1.0,-,-,?,-,false,-
com.liferay,com.liferay.gradle.plugins,3.12.49,-,-,?,-,false,-
com.liferay,com.liferay.gradle.plugins.css.builder,2.1.6,-,-,?,-,false,-
com.liferay,com.liferay.gradle.plugins.defaults,5.4.48,-,-,?,-,false,-
com.liferay,com.liferay.portal.tools.theme.builder,1.0.2,-,-,?,-,false,-
com.liferay,com.liferay.project.templates,2.1.0,-,-,?,-,false,-
com.liferay,com.liferay.project.templates.activator,1.0.1,-,-,?,-,false,-
com.liferay,com.liferay.project.templates.api,1.0.2,-,-,?,-,false,-
com.liferay,com.liferay.project.templates.content.targeting.report,1.0.1,-,-,?,-,false,-
com.liferay,com.liferay.project.templates.content.targeting.rule,1.0.1,-,-,?,-,false,-
com.liferay,com.liferay.project.templates.content.targeting.tracking.action,1.0.1,-,-,?,-,false,-
com.liferay,com.liferay.project.templates.control.menu.entry,1.0.1,-,-,?,-,false,-
com.liferay,com.liferay.project.templates.fragment,1.0.1,-,-,?,-,false,-
com.liferay,com.liferay.project.templates.mvc.portlet,1.0.1,-,-,?,-,false,-
com.liferay,com.liferay.project.templates.panel.app,1.0.1,-,-,?,-,false,-
com.liferay,com.liferay.project.templates.portlet,1.0.1,-,-,?,-,false,-
com.liferay,com.liferay.project.templates.portlet.configuration.icon,1.0.1,-,-,?,-,false,-
com.liferay,com.liferay.project.templates.portlet.provider,1.0.1,-,-,?,-,false,-
com.liferay,com.liferay.project.templates.portlet.toolbar.contributor,1.0.1,-,-,?,-,false,-
com.liferay,com.liferay.project.templates.service,1.0.1,-,-,?,-,false,-
com.liferay,com.liferay.project.templates.service.builder,1.0.2,-,-,?,-,false,-
com.liferay,com.liferay.project.templates.service.wrapper,1.0.1,-,-,?,-,false,-
com.liferay,com.liferay.project.templates.simulation.panel.entry,1.0.1,-,-,?,-,false,-
com.liferay,com.liferay.project.templates.template.context.contributor,1.0.1,-,-,?,-,false,-
com.liferay,com.liferay.project.templates.theme,1.0.1,-,-,?,-,false,-
com.liferay,com.liferay.project.templates.workspace,1.0.10,-,-,?,-,false,-
com.liferay,com.liferay.source.formatter,1.0.656,-,-,?,-,false,-
