groupId,artifactId,version,moduleName,moduleVersion,moduleMode,moduleDependencies,jdepsToolError,jdepsViolations
com.google.apis,google-api-services-binaryauthorization,v1beta1-rev2-1.22.0,-,-,?,-,false,-
com.google.apis,google-api-services-cloudresourcemanager,v2-rev26-1.24.1,-,-,?,-,false,-
com.google.apis,google-api-services-jobs,v3-rev3-1.24.1,-,-,?,-,false,-
com.google.apis,google-api-services-language,v1-rev439-1.24.1,-,-,?,-,false,-
com.google.apis,google-api-services-redis,v1beta1-rev8-1.24.1,-,-,?,-,false,-
com.google.apis,google-api-services-serviceconsumermanagement,v1-rev135-1.24.1,-,-,?,-,false,-
com.google.apis,google-api-services-serviceusage,v1-rev40-1.24.1,-,-,?,-,false,-
com.smoketurner.dropwizard,consul-core,1.3.5-2,-,-,?,-,false,-
com.smoketurner.dropwizard,consul-example,1.3.5-2,-,-,?,-,false,sun.misc.Unsafe                          See http://openjdk.java.net/jeps/260 + sun.reflect.Reflection                   Use java.lang.StackWalker @since 9
com.smoketurner.dropwizard,consul-ribbon,1.3.5-2,-,-,?,-,false,-
net.technearts,rip,0.0.8,-,-,?,-,false,-
org.reaktivity,nukleus-tcp,0.54,-,-,?,-,false,-
