groupId,artifactId,version,moduleName,moduleVersion,moduleMode,moduleDependencies,jdepsToolError,jdepsViolations
com.google.apis,google-api-services-adsensehost,v4.1-rev513-1.24.1,-,-,?,-,false,-
com.google.apis,google-api-services-cloudresourcemanager,v2-rev29-1.24.1,-,-,?,-,false,-
com.google.apis,google-api-services-plusDomains,v1-rev459-1.24.1,-,-,?,-,false,-
com.google.apis,google-api-services-plus,v1-rev555-1.24.1,-,-,?,-,false,-
com.google.apis,google-api-services-safebrowsing,v4-rev69-1.24.1,-,-,?,-,false,-
com.google.apis,google-api-services-servicecontrol,v1-rev98-1.24.1,-,-,?,-,false,-
com.google.apis,google-api-services-toolresults,v1beta3-rev444-1.24.1,-,-,?,-,false,-
com.uber.motif,motif,0.0.7,-,-,?,-,false,-
com.uber.motif,motif-compiler,0.0.7,-,-,?,-,false,-
com.uber.motif,motif-ir,0.0.7,-,-,?,-,false,-
org.elasql,bench,0.2.1,-,-,?,-,false,-
org.wso2.carbon.identity.inbound.provisioning.scim2,org.wso2.carbon.identity.scim2.common,1.2.4,-,-,?,-,false,-
org.wso2.extension.siddhi.store.rdbms,siddhi-store-rdbms,4.0.27,-,-,?,-,false,-
org.wso2.extension.siddhi.store.rdbms,siddhi-store-rdbms-osgi-tests,4.0.27,-,-,?,-,false,-
