groupId,artifactId,version,moduleName,moduleVersion,moduleMode,moduleDependencies,jdepsToolError,jdepsViolations
com.netflix.awsobjectmapper,awsobjectmapper,1.11.387,-,-,?,-,false,-
com.netflix.dyno-queues,dyno-queues-core,2.0.1,-,-,?,-,false,-
com.netflix.dyno-queues,dyno-queues-redis,2.0.1,-,-,?,-,false,-
com.netflix.evcache,evcache-client,5.0.22-rc.1,-,-,?,-,false,-
com.netflix.evcache,evcache-client-sample,5.0.22-rc.1,-,-,?,-,false,-
com.netflix.evcache,evcache-core,5.0.22-rc.1,-,-,?,-,false,sun.misc.Cleaner                         Use java.lang.ref.PhantomReference @since 1.2 or java.lang.ref.Cleaner @since 9
com.netflix.evcache,evcache-di,5.0.2-rc.1,-,-,?,-,false,-
com.netflix.governator,governator,1.17.5,-,-,?,-,false,-
com.netflix.governator,governator-annotations,1.17.5,-,-,?,-,false,-
com.netflix.governator,governator-api,1.17.5,-,-,?,-,false,-
com.netflix.governator,governator-archaius,1.17.5,-,-,?,-,false,-
com.netflix.governator,governator-commons-cli,1.17.5,-,-,?,-,false,-
com.netflix.governator,governator-core,1.17.5,-,-,?,-,false,-
com.netflix.governator,governator-jersey,1.17.5,-,-,?,-,false,-
com.netflix.governator,governator-jetty,1.17.5,-,-,?,-,false,-
com.netflix.governator,governator-providers,1.17.5,-,-,?,-,false,-
com.netflix.governator,governator-servlet,1.17.5,-,-,?,-,false,-
com.netflix.governator,governator-test,1.17.5,-,-,?,-,false,-
com.netflix.governator,governator-test-junit,1.17.5,-,-,?,-,false,-
com.netflix.governator,governator-test-spock,1.17.5,-,-,?,-,false,-
com.netflix.metacat,metacat-app,1.1.0-rc.3,-,-,?,-,false,-
com.netflix.metacat,metacat-client,1.1.0-rc.3,-,-,?,-,false,-
com.netflix.metacat,metacat-common,1.1.0-rc.3,-,-,?,-,false,-
com.netflix.metacat,metacat-common-server,1.1.0-rc.3,-,-,?,-,false,-
com.netflix.metacat,metacat-connector-cassandra,1.1.0-rc.3,-,-,?,-,false,-
com.netflix.metacat,metacat-connector-hive,1.1.0-rc.3,-,-,?,-,false,-
com.netflix.metacat,metacat-connector-jdbc,1.1.0-rc.3,-,-,?,-,false,-
com.netflix.metacat,metacat-connector-mysql,1.1.0-rc.3,-,-,?,-,false,-
com.netflix.metacat,metacat-connector-pig,1.1.0-rc.3,-,-,?,-,false,-
com.netflix.metacat,metacat-connector-postgresql,1.1.0-rc.3,-,-,?,-,false,-
com.netflix.metacat,metacat-connector-redshift,1.1.0-rc.3,-,-,?,-,false,-
com.netflix.metacat,metacat-connector-s3,1.1.0-rc.3,-,-,?,-,false,-
com.netflix.metacat,metacat-converters,0.1.53,-,-,?,-,false,-
com.netflix.metacat,metacat-functional-tests,1.1.0-rc.3,-,-,?,-,false,-
com.netflix.metacat,metacat-hive-connector,0.1.53,-,-,?,-,false,-
com.netflix.metacat,metacat-main,1.1.0-rc.3,-,-,?,-,false,-
com.netflix.metacat,metacat-metadata-mysql,1.1.0-rc.3,-,-,?,-,false,-
com.netflix.metacat,metacat-mysql-connector,0.1.53,-,-,?,-,false,-
com.netflix.metacat,metacat-postgres-connector,0.1.53,-,-,?,-,false,-
com.netflix.metacat,metacat-s3-connector,0.1.53,-,-,?,-,false,-
com.netflix.metacat,metacat-testdata-provider,1.1.0-rc.3,-,-,?,-,false,-
com.netflix.metacat,metacat-thrift,1.1.0-rc.3,-,-,?,-,false,-
com.netflix.metacat,metacat-user-metadata-mysql,1.0.12,-,-,?,-,false,-
com.netflix.nebula,gradle-dependency-lock-plugin,6.0.0,-,-,?,-,false,-
com.netflix.nebula,gradle-extra-configurations-plugin,3.3.0,-,-,?,-,false,-
com.netflix.nebula,gradle-info-plugin,3.8.0,-,-,?,-,false,-
com.netflix.nebula,gradle-java-cross-compile-plugin,1.1.0,-,-,?,-,false,-
com.netflix.nebula,gradle-lint-plugin,9.3.4,-,-,?,-,false,-
com.netflix.nebula,gradle-metrics-plugin,6.0.0,-,-,?,-,false,sun.misc.Unsafe                          See http://openjdk.java.net/jeps/260 + sun.reflect.Reflection                   Use java.lang.StackWalker @since 9
com.netflix.nebula,gradle-netflixoss-project-plugin,5.2.0,-,-,?,-,false,-
com.netflix.nebula,gradle-ospackage-plugin,4.9.3,-,-,?,-,false,sun.misc.Unsafe                          See http://openjdk.java.net/jeps/260
com.netflix.nebula,gradle-scm-plugin,3.0.1,-,-,?,-,false,-
com.netflix.nebula,gradle-stash-plugin,4.0.1,-,-,?,-,false,-
com.netflix.nebula,nebula-bintray-plugin,3.5.5,-,-,?,-,false,-
com.netflix.nebula,nebula-clojure-plugin,5.1.0,-,-,?,-,false,-
com.netflix.nebula,nebula-dependency-base-plugin,1.0.0-rc.1,-,-,?,-,false,-
com.netflix.nebula,nebula-dependency-recommender,6.1.2,-,-,?,-,false,-
com.netflix.nebula,nebula-gradle-interop,0.6.0,-,-,?,-,false,-
com.netflix.nebula,nebula-grails-plugin,2.2.0,-,-,?,-,false,-
com.netflix.nebula,nebula-hollow-plugin,0.2.1,-,-,?,-,false,-
com.netflix.nebula,nebula-kotlin-plugin,1.2.61,-,-,?,-,false,-
com.netflix.nebula,nebula-plugin-plugin,7.1.10,-,-,?,-,false,-
com.netflix.nebula,nebula-project-plugin,4.1.0,-,-,?,-,false,-
com.netflix.nebula,nebula-publishing-plugin,8.2.1,-,-,?,-,false,-
com.netflix.nebula,nebula-release-plugin,6.3.5,-,-,?,-,false,-
com.netflix.servo,servo-graphite,0.12.25,com.netflix.servo.graphite,-,automatic,-,false,-
