groupId,artifactId,version,moduleName,moduleVersion,moduleMode,moduleDependencies,jdepsToolError,jdepsViolations
com.appslandia,appslandia-common,5.2,-,-,?,-,false,-
com.appslandia,appslandia-common-android,5.2,-,-,?,-,false,-
com.appslandia,appslandia-common-cp,1.0,-,-,?,-,false,-
com.appslandia,appslandia-javafx,3.4,-,-,?,-,false,-
com.appslandia,appslandia-jsp-layout,3.1,-,-,?,-,false,-
com.appslandia,appslandia-plum,4.8,-,-,?,-,false,-
com.appslandia,appslandia-plum-defaults,1.2,-,-,?,-,false,-
com.appslandia,appslandia-plum-javaee8,2.6,-,-,?,-,false,-
com.appslandia,appslandia-sweetsop,3.1,-,-,?,-,false,-
com.bestvike,linq,2.0.0,-,-,?,-,false,-
com.busyducks,speakingDuck-maven-plugin,0.9.7,-,-,?,-,false,-
com.cj.fintech,cj-fintech-batch_2.11,0.3.3,-,-,?,-,false,-
com.cj.fintech,cj-fintech-batch_2.12,0.3.3,-,-,?,-,false,-
com.coderknock,ElasticSearch,1.2,-,-,?,-,false,-
com.coderknock,elasticsearch-chain-query,1.4,-,-,?,-,false,-
com.crobox.clickhouse,client_2.11,0.7.0,-,-,?,-,false,-
com.crobox.clickhouse,client_2.12,0.7.0,-,-,?,-,false,-
com.crobox.clickhouse,dsl_2.11,0.7.0,-,-,?,-,false,-
com.crobox.clickhouse,dsl_2.12,0.7.0,-,-,?,-,false,-
com.crobox,clickhouse-scala-client_2.11,0.2.1,-,-,?,-,false,-
com.crobox,clickhouse-scala-client_2.12,0.2.1,-,-,?,-,false,-
com.crobox.clickhouse,testkit_2.11,0.7.0,-,-,?,-,false,-
com.crobox.clickhouse,testkit_2.12,0.7.0,-,-,?,-,false,-
com.datlinq,scalafiniti_2.11,0.3.4,-,-,?,-,false,-
com.datlinq,scalafiniti_2.12,0.3.4,-,-,?,-,false,-
com.fcibook.quick,quick-http,1.4,-,-,?,-,false,-
com.flowtick,examples_2.12,0.1.10,-,-,?,-,false,-
com.flowtick,graphs_2.11,0.2.1,-,-,?,-,false,-
com.flowtick,graphs_2.12,0.2.1,-,-,?,-,false,-
com.flowtick,graphs-cats_2.11,0.2.1,-,-,?,-,false,-
com.flowtick,graphs-cats_2.12,0.2.1,-,-,?,-,false,-
com.flowtick,graphs-cats_sjs0.6_2.11,0.2.1,-,-,?,-,false,-
com.flowtick,graphs-cats_sjs0.6_2.12,0.2.1,-,-,?,-,false,-
com.flowtick,graphs-core_2.11,0.2.1,-,-,?,-,false,-
com.flowtick,graphs-core_2.12,0.2.1,-,-,?,-,false,-
com.flowtick,graphs-core_sjs0.6_2.11,0.2.1,-,-,?,-,false,-
com.flowtick,graphs-core_sjs0.6_2.12,0.2.1,-,-,?,-,false,-
com.flowtick,graphs-examples_2.11,0.2.1,-,-,?,-,false,-
com.flowtick,graphs-examples_2.12,0.2.1,-,-,?,-,false,-
com.flowtick,graphs-graphml_2.11,0.2.1,-,-,?,-,false,-
com.flowtick,graphs-graphml_2.12,0.2.1,-,-,?,-,false,-
com.flowtick,graphs-graphml_sjs0.6_2.11,0.2.1,-,-,?,-,false,-
com.flowtick,graphs-graphml_sjs0.6_2.12,0.2.1,-,-,?,-,false,-
com.flowtick,pages_2.11,0.1.5,-,-,?,-,false,-
com.flowtick,pages_2.12,0.1.5,-,-,?,-,false,-
com.flowtick,pages_sjs0.6_2.11,0.1.5,-,-,?,-,false,-
com.flowtick,pages_sjs0.6_2.12,0.1.5,-,-,?,-,false,-
com.flowtick,xmls_2.11,0.1.7,-,-,?,-,false,-
com.flowtick,xmls_2.12,0.1.7,-,-,?,-,false,-
com.flowtick,xmls_sjs0.6_2.11,0.1.7,-,-,?,-,false,-
com.flowtick,xmls_sjs0.6_2.12,0.1.7,-,-,?,-,false,-
com.github.almasb,fxgl,0.5.3,-,-,?,-,false,-
com.github.almasb,fxgl-ai,0.3.2,-,-,?,-,false,-
com.github.almasb,fxgl-base,0.5.3,-,-,?,-,false,-
com.github.almasb,fxgl-core,0.3.2,-,-,?,-,false,-
com.github.almasb,fxgl-ecs,0.3.2,-,-,?,-,false,-
com.github.almasb,fxgl-eventbus,0.3.0,-,-,?,-,false,-
com.github.almasb,fxgl-extra,0.4.3,-,-,?,-,false,-
com.github.almasb,fxgl-games,0.3.5,-,-,?,-,false,-
com.github.almasb,fxgl-io,0.3.2,-,-,?,-,false,-
com.github.almasb,fxgl-net,0.3.2,-,-,?,-,false,-
com.github.almasb,fxgl-physics,0.3.2,-,-,?,-,false,-
com.github.almasb,fxgl-plugin-audio,0.0.2,-,-,?,-,false,-
com.github.almasb,fxgl-plugin-audio-android,0.0.2,-,-,?,-,false,-
com.github.almasb,fxgl-plugin-audio-desktop,0.0.2,-,-,?,-,false,-
com.github.almasb,fxgl-samples,0.3.8,-,-,?,-,false,-
com.github.almasb,grammy,0.0.2,-,-,?,-,false,-
com.github.almasb,tracery,0.0.1,-,-,?,-,false,-
com.github.artur-tamazian,avro-schema-generator,1.0.0,-,-,?,-,false,-
com.github.bolthelmet,mockito-sugar-rush_2.10,1.3.0,-,-,?,-,false,-
com.github.bolthelmet,mockito-sugar-rush_2.11,1.3.0,-,-,?,-,false,-
com.github.bolthelmet,mockito-sugar-rush_2.12,1.3.0,-,-,?,-,false,-
com.github.ci-cd,gradle-swagger-plugin,1.0,-,-,?,-,false,-
com.github.cuzfrog,scmd_2.11,0.1.2,-,-,?,-,false,-
com.github.cuzfrog,scmd_2.12,0.1.2,-,-,?,-,false,-
com.github.cuzfrog,simple-sri-diode_sjs0.6_2.12,0.3.0,-,-,?,-,false,-
com.github.cuzfrog,simple-sri_sjs0.6_2.12,0.3.0,-,-,?,-,false,-
com.github.cuzfrog,simple-sri-test-utils_sjs0.6_2.12,0.3.0,-,-,?,-,false,-
com.github.cuzfrog,sjest_sjs0.6_2.12,0.2.1,-,-,?,-,false,-
com.github.daniel-sc,rocketchat-modern-client,0.0.5,-,-,?,-,false,-
com.github.diegosep,spring-serial-port-connector,0.0.1-RELEASE,-,-,?,-,false,-
com.github.document-analysis,dap,0.1.1,-,-,?,-,false,-
com.github.document-analysis,dap-dkpro_1_8,0.1.1,-,-,?,-,false,-
com.github.document-analysis,dap-uimafit,0.1.1,-,-,?,-,false,-
com.github.dragos,ensime-lsp_2.11,0.1.3,-,-,?,-,false,-
com.github.dragos,ensime-lsp_2.12,0.2.3,-,-,?,-,false,-
com.github.dragos,languageserver_2.11,0.1.3,-,-,?,-,false,-
com.github.dragos,languageserver_2.12,0.2.3,-,-,?,-,false,-
com.github.endoscope,endoscope-basic-ds,3.0.2,-,-,?,-,false,-
com.github.endoscope,endoscope-cdi-plugin,3.0.2,-,-,?,-,false,-
com.github.endoscope,endoscope-core,3.0.2,-,-,?,-,false,-
com.github.endoscope,endoscope-migration,3.0.2,-,-,?,-,false,-
com.github.endoscope,endoscope-storage-aggr,3.0.2,-,-,?,-,false,-
com.github.endoscope,endoscope-storage-gzip,3.0.2,-,-,?,-,false,-
com.github.endoscope,endoscope-storage-jdbc,3.0.2,-,-,?,-,false,-
com.github.endoscope,endoscope-storage-jdbc-clob,3.0.2,-,-,?,-,false,-
com.github.endoscope,endoscope-storage-test,3.0.2,-,-,?,-,false,-
com.github.endoscope,endoscope-ui-plugin,3.0.2,-,-,?,-,false,-
com.github.eventasia,eventasia-framework,0.0.13.RELEASE,-,-,?,-,false,-
com.github.eventasia,eventasia-starter,0.0.13.RELEASE,-,-,?,-,false,-
com.github.eventasia,eventasia-store-cassandra,0.0.13.RELEASE,-,-,?,-,false,-
com.github.eventasia,eventasia-store-dynamodb,0.0.13.RELEASE,-,-,?,-,false,-
com.github.eventasia,eventasia-stream-kafka,0.0.13.RELEASE,-,-,?,-,false,-
com.github.fluidsonic,fluid-json,0.9.1,-,-,?,-,false,-
com.github.fslev,jsonassert-extended,1.5.1,-,-,?,-,false,-
com.github.fslev,json-compare,2.0.3,-,-,?,-,false,-
com.github.grepplabs,kafka-sasl-plain,1.0.0,-,-,?,-,false,-
com.github.heneke.thymeleaf,thymeleaf-extras-togglz,2.0.1.RELEASE,-,-,?,-,false,-
com.github.honzel,honzel,1.6,-,-,?,-,false,-
com.github.icarohs7,unoxjcommons,0.3.2,-,-,?,-,false,-
com.github.icarohs7,unoxkcommons,0.3.4,-,-,?,-,false,-
com.github.icarohs7.unoxlib,UNoxLib,0.3.1,-,-,?,-,false,-
com.github.jeff-dong,marble-agent,1.0.0-SNAPSHOTS,-,-,?,-,false,-
com.github.jeff-dong,marble.marble-agent,1.0.0-SNAPSHOTS,-,-,?,-,false,-
com.github.jeff-dong.marble,marble-agent,2.0.0,-,-,?,-,false,-
com.github.k0kubun,graphql-query-builder,0.2.0,-,-,?,-,false,-
com.github.kagkarlsson,db-scheduler,3.2,-,-,?,-,false,-
com.github.kmizu,jsonda-core_2.11,1.6.0,-,-,?,-,false,-
com.github.kmizu,jsonda-core_2.12,1.6.0,-,-,?,-,false,-
com.github.kmizu,jsonda-json4s_2.11,1.6.0,-,-,?,-,false,-
com.github.kmizu,jsonda-json4s_2.12,1.6.0,-,-,?,-,false,-
com.github.kmizu,jsonda-play_json_2.11,1.6.0,-,-,?,-,false,-
com.github.kmizu,jsonda-play_json_2.12,1.6.0,-,-,?,-,false,-
com.github.kmizu,macro_peg_2.11,0.0.11,-,-,?,-,false,-
com.github.kmizu,macro_peg_2.12,0.0.11,-,-,?,-,false,-
com.github.kmizu,scomb_2.11,0.7.0,-,-,?,-,false,-
com.github.kmizu,scomb_2.12,0.7.0,-,-,?,-,false,-
com.github.knaufk,flink-junit_2.10,0.2,-,-,?,-,false,-
com.github.knaufk,flink-junit_2.11,0.3,-,-,?,-,false,-
com.github.krismorte,feriados.br,1.0,-,-,?,-,false,-
com.github.kuhn-he,elastic-job-lite-spring-boot-starter,2.1.5,-,-,?,-,false,-
com.github.leonidesfernando,jpa-converter,0.12,-,-,?,-,false,-
com.github.lmnet,basicexample_sjs0.6_2.12,0.1.0,-,-,?,-,false,-
com.github.lmnet,core_sjs0.6_2.12,0.1.0,-,-,?,-,false,-
com.github.lmnet,scala-js-preact-core_sjs0.6_2.12,0.2.1,-,-,?,-,false,-
com.github.lmnet,scala-js-preact-dsl-symbol_sjs0.6_2.12,0.2.1,-,-,?,-,false,-
com.github.lmnet,scala-js-preact-dsl-tags_sjs0.6_2.12,0.2.1,-,-,?,-,false,-
com.github.lmnet,scala-js-preact-raw_sjs0.6_2.12,0.2.1,-,-,?,-,false,-
com.github.lmnet,symboldsl_sjs0.6_2.12,0.1.0,-,-,?,-,false,-
com.github.lmnet,todomvcexample_sjs0.6_2.12,0.1.0,-,-,?,-,false,-
com.github.marcosemiao.log4jdbc,log4jdbc,0.2.0,-,-,?,-,false,-
com.github.marcosemiao.log4jdbc,log4jdbc-api,0.2.0,-,-,?,-,false,-
com.github.marcosemiao.log4jdbc,log4jdbc-driver,0.2.0,-,-,?,-,false,-
com.github.marcosemiao.log4jdbc,log4jdbc-file,0.2.0,-,-,?,-,false,-
com.github.marcosemiao.log4jdbc,log4jdbc-impl,0.2.0,-,-,?,-,false,-
com.github.marcosemiao.log4jdbc,log4jdbc-impl-format-query,0.2.0,-,-,?,-,false,-
com.github.marcosemiao.log4jdbc,log4jdbc-logger-file-core,0.2.0,-,-,?,-,false,-
com.github.marcosemiao.log4jdbc,log4jdbc-logger-file-default,0.2.0,-,-,?,-,false,-
com.github.marcosemiao.log4jdbc,log4jdbc-logger-file-remote,0.2.0,-,-,?,-,false,-
com.github.marcosemiao.log4jdbc,log4jdbc-logger-file-stacktrace,0.2.0,-,-,?,-,false,-
com.github.marcosemiao.log4jdbc,log4jdbc-marshaller,0.2.0,-,-,?,-,false,-
com.github.marcosemiao.log4jdbc,log4jdbc-rdbms,0.2.0,-,-,?,-,false,-
com.github.marcosemiao.log4jdbc,log4jdbc-utils,0.2.0,-,-,?,-,false,-
com.github.marcosemiao,serviceloader-processor,0.0.6,-,-,?,-,false,-
com.github.marcosemiao.tomcat.listener,jsp-compile-listener,1.0.1,-,-,?,-,false,-
com.github.mjdbc,mjdbc,1.3.1,-,-,?,-,false,-
com.github.onepiecex,mq-aliyun-consumer-spring-boot-starter,1.0.1,-,-,?,-,false,-
com.github.onepiecex,mq-aliyun-core,1.0.1,-,-,?,-,false,-
com.github.onepiecex,mq-aliyun-example,1.0,-,-,?,-,false,-
com.github.onepiecex,mq-aliyun-producer-spring-boot-starter,1.0.1,-,-,?,-,false,-
com.github.onepiecex,onepiecex-session-share-core,1.61,-,-,?,-,false,-
com.github.onepiecex,onepiecex-session-share-spring-boot,1.3,-,-,?,-,false,-
com.github.onepiecex,onepiecex-session-share-spring-boot-starter,1.61,-,-,?,-,false,-
com.github.onepiecex.session.core,session-core,1.0,-,-,?,-,false,-
com.github.onepiecex,session-share-core,1.65,-,-,?,-,false,-
com.github.onepiecex.session.share.core,onepiecex-session-share-core,1.0,-,-,?,-,false,-
com.github.onepiecex,session-share-spring-boot-starter,1.65,-,-,?,-,false,-
com.github.onepiecex.session.share.spring.boot.starter,onepiecex-session-share-spring-boot-starter,1.0,-,-,?,-,false,-
com.github.onepiecex.session.spring.boot.starter,session-spring-boot-starter,1.0,-,-,?,-,false,-
com.github.oscerd,camel-cassandra,2.22.0,-,-,?,-,false,-
com.github.pheymann,artie_2.11,0.1.1,-,-,?,-,false,-
com.github.pheymann,artie_2.12,0.1.1,-,-,?,-,false,-
com.github.pheymann,artie-core_2.11,0.1.1,-,-,?,-,false,-
com.github.pheymann,artie-core_2.12,0.1.1,-,-,?,-,false,-
com.github.pheymann,rrt-core_2.11,2.3.0,-,-,?,-,false,-
com.github.pheymann,rrt-play_2.11,2.3.0,-,-,?,-,false,-
com.github.pheymann,typedapi-akka-http-client_2.11,0.2.0-RC2,-,-,?,-,false,-
com.github.pheymann,typedapi-akka-http-client_2.12,0.2.0-RC2,-,-,?,-,false,-
com.github.pheymann,typedapi-akka-http-server_2.11,0.2.0-RC2,-,-,?,-,false,-
com.github.pheymann,typedapi-akka-http-server_2.12,0.2.0-RC2,-,-,?,-,false,-
com.github.pheymann,typedapi-ammonite-client_2.11,0.2.0-RC2,-,-,?,-,false,-
com.github.pheymann,typedapi-ammonite-client_2.12,0.2.0-RC2,-,-,?,-,false,-
com.github.pheymann,typedapi-client_2.11,0.2.0-RC2,-,-,?,-,false,-
com.github.pheymann,typedapi-client_2.12,0.2.0-RC2,-,-,?,-,false,-
com.github.pheymann,typedapi-client_sjs0.6_2.11,0.2.0-RC2,-,-,?,-,false,-
com.github.pheymann,typedapi-client_sjs0.6_2.12,0.2.0-RC2,-,-,?,-,false,-
com.github.pheymann,typedapi-http4s-client_2.11,0.2.0-RC2,-,-,?,-,false,-
com.github.pheymann,typedapi-http4s-client_2.12,0.2.0-RC2,-,-,?,-,false,-
com.github.pheymann,typedapi-http4s-server_2.11,0.2.0-RC2,-,-,?,-,false,-
com.github.pheymann,typedapi-http4s-server_2.12,0.2.0-RC2,-,-,?,-,false,-
com.github.pheymann,typedapi-js-client_sjs0.6_2.11,0.2.0-RC2,-,-,?,-,false,-
com.github.pheymann,typedapi-js-client_sjs0.6_2.12,0.2.0-RC2,-,-,?,-,false,-
com.github.pheymann,typedapi-scalaj-http-client_2.11,0.2.0-RC2,-,-,?,-,false,-
com.github.pheymann,typedapi-scalaj-http-client_2.12,0.2.0-RC2,-,-,?,-,false,-
com.github.pheymann,typedapi-server_2.11,0.2.0-RC2,-,-,?,-,false,-
com.github.pheymann,typedapi-server_2.12,0.2.0-RC2,-,-,?,-,false,-
com.github.pheymann,typedapi-shared_2.11,0.2.0-RC2,-,-,?,-,false,-
com.github.pheymann,typedapi-shared_2.12,0.2.0-RC2,-,-,?,-,false,-
com.github.pheymann,typedapi-shared_sjs0.6_2.11,0.2.0-RC2,-,-,?,-,false,-
com.github.pheymann,typedapi-shared_sjs0.6_2.12,0.2.0-RC2,-,-,?,-,false,-
com.github.piorkowskiprzemyslaw,verjo,0.1.4,-,-,?,-,false,-
com.github.pradyothadavi,rate-limiter-bundle,1.0.0,-,-,?,-,false,-
com.github.PuspenduBanerjee,akka-springctx-camel,0.0.7,-,-,?,-,false,-
com.github.sarxos,webcam-capture,0.3.12,-,-,?,-,false,sun.misc.Signal                          See http://openjdk.java.net/jeps/260 + sun.misc.SignalHandler                   See http://openjdk.java.net/jeps/260
com.github.sarxos,webcam-capture-driver-fswebcam,0.3.12,-,-,?,-,false,-
com.github.sarxos,webcam-capture-driver-gstreamer,0.3.12,-,-,?,-,false,-
com.github.sarxos,webcam-capture-driver-ipcam,0.3.12,-,-,?,-,false,-
com.github.sarxos,webcam-capture-driver-jmf,0.3.12,-,-,?,-,false,-
com.github.sarxos,webcam-capture-driver-lti-civil,0.3.12,-,-,?,-,false,-
com.github.sarxos,webcam-capture-driver-opencv,0.3.12,-,-,?,-,false,-
com.github.sarxos,webcam-capture-driver-openimaj,0.3.12,-,-,?,-,false,-
com.github.sarxos,webcam-capture-driver-screencapture,0.3.12,-,-,?,-,false,-
com.github.sarxos,webcam-capture-driver-v4l4j,0.3.12,-,-,?,-,false,-
com.github.sarxos,webcam-capture-driver-vlcj,0.3.12,-,-,?,-,false,-
com.github.t3hnar,scala-bcrypt_2.11,3.1,-,-,?,-,false,-
com.github.t3hnar,scalax_2.10,3.2,-,-,?,-,false,-
com.github.timo-reymann,csv-parser,1.1.0,com.github.timo_reymann.csv_parser,-,automatic,-,false,-
com.github.timo-reymann,enhanced-diagnostics-java,1.0.0,-,-,?,-,false,-
com.github.timo-reymann,enhanced-diagnostics-spring-boot-starter,2.0.0,-,-,?,-,false,-
com.github.timo-reymann,spring-boot-ebean,1.0.0,-,-,?,-,false,-
com.github.timo-reymann,spring-boot-request-log-starter,1.1.0,-,-,?,-,false,-
com.github.timo-reymann,spring-boot-vue-starter,1.0,-,-,?,-,false,-
com.github.turasa,signal-service-java,2.8.0_unofficial_1,-,-,?,-,false,-
com.github.vinhkhuc,jcrfsuite,0.6.1,-,-,?,-,false,-
com.github.vinhkhuc,jfasttext,0.3,-,-,?,-,false,-
com.github.while-loop,rest4j,1.0.4,-,-,?,-,false,-
com.github.willtong,excel4j,1.0.1,-,-,?,-,false,-
com.github.willtong,mybatis-helper,1.1.1,-,-,?,-,false,-
com.github.XDean,Annotation-EX,0.1.2,-,-,?,-,false,-
com.github.XDean,Annotation-EX-api,0.1.2,-,-,?,-,false,-
com.github.XDean,Annotation-EX-processor,0.1.2,-,-,?,-,false,-
com.github.XDean,AnnotationProcessorToolkit,0.1.9,-,-,?,-,false,-
com.github.XDean,auto-message,0.1.3,-,-,?,-,false,-
com.github.XDean,auto-spring-factories,0.1.2,-,-,?,-,false,-
com.github.XDean,codecov-ignore,1.2.1,-,-,?,-,false,-
com.github.XDean,common-log,1.0.1,-,-,?,-,false,-
com.github.XDean,compile-testing,1.0.4,-,-,?,-,false,-
com.github.XDean,deannotation-aggregation,0.2.3,-,-,?,-,false,-
com.github.XDean,deannotation-checker,0.1.1,-,-,?,-,false,-
com.github.XDean,deannotation-methodReference,0.2.1,-,-,?,-,false,-
com.github.XDean,deannotation-methodReference-api,0.2.1,-,-,?,-,false,-
com.github.XDean,deannotation-methodReference-handler,0.2.1,-,-,?,-,false,-
com.github.XDean,fluent-api,1.0,-,-,?,-,false,-
com.github.XDean,fluent-csv,1.1.0,-,-,?,-,false,-
com.github.XDean,Java-EX,0.1.1,-,-,?,-,false,sun.misc.Unsafe                          See http://openjdk.java.net/jeps/260
com.github.XDean,JUnit-EX,0.0.3.1,-,-,?,-,false,-
com.github.XDean,log,1.0,-,-,?,-,false,-
com.github.XDean,MyBatis-EX,0.0.2,-,-,?,-,false,-
com.github.XDean,nest-message-spring-boot,0.1.0,-,-,?,-,false,-
com.github.XDean,nest-message-spring-boot-starter,0.1.0,-,-,?,-,false,-
com.github.XDean,ReflectWithoutString,2.0.1,-,-,?,-,false,sun.misc.Unsafe                          See http://openjdk.java.net/jeps/260
com.github.XDean,rx2-nullable,1.0,-,-,?,-,false,-
com.github.XDean,spring-annotation,5.0.4,-,-,?,-,false,-
com.github.xiaochong,avenuestack,1.0.8,-,-,?,-,false,-
com.github.xiaochong,avenuestack-starter,1.0.0,-,-,?,-,false,-
com.github.yin.flags,java-flags,0.3.0-beta2,-,-,?,-,false,-
com.github.youziku,youziku.service.sdk,1.0,-,-,?,-,false,-
com.goharsha,webgl4j,0.2.9,-,-,?,-,false,-
com.iheart,ficus_2.10,1.4.3,-,-,?,-,false,-
com.iheart,ficus_2.11,1.4.3,-,-,?,-,false,-
com.iheart,ficus_2.12,1.4.3,-,-,?,-,false,-
com.iheart,lihua-crypt_2.11,0.11.2,-,-,?,-,false,-
com.iheart,lihua-crypt_2.12,0.11.2,-,-,?,-,false,-
com.iheart,lihua-mongo_2.11,0.11.2,-,-,?,-,false,-
com.iheart,lihua-mongo_2.12,0.11.2,-,-,?,-,false,-
com.iheart,thomas-client_2.11,0.1.1,-,-,?,-,false,-
com.iheart,thomas-client_2.12,0.1.1,-,-,?,-,false,-
com.iheart,thomas-core_2.11,0.1.1,-,-,?,-,false,-
com.iheart,thomas-core_2.12,0.1.1,-,-,?,-,false,-
com.iheart,thomas-http_2.12,0.1.0,-,-,?,-,false,-
com.iheart,thomas-play-lib_2.11,0.1.1,-,-,?,-,false,-
com.iheart,thomas-play-lib_2.12,0.1.1,-,-,?,-,false,-
com.isomorphic,isc-maven-plugin,1.3.0,-,-,?,-,false,-
com.legsem.legstar,legstar-cob2xsd,2.0.4,-,-,?,-,false,-
com.librato.disco,disco,1.5,-,-,?,-,false,-
com.librato.metrics,dropwizard-metrics-librato,10.2.0.2,-,-,?,-,false,-
com.librato.metrics,librato-java,2.1.2,-,-,?,-,false,-
com.librato.metrics,metrics-librato,5.1.2,-,-,?,-,false,-
com.librato.rollout,rollout,0.16,-,-,?,-,false,-
com.librato.watchconf,watchconf-api,0.0.16,-,-,?,-,false,-
com.librato.watchconf,watchconf-util,0.0.16,-,-,?,-,false,sun.misc.Unsafe                          See http://openjdk.java.net/jeps/260
com.mchange,consuela_2.10,0.0.6,-,-,?,-,false,-
com.mchange,consuela_2.11,0.0.6,-,-,?,-,false,-
com.mchange,consuela_2.12,0.0.6,-,-,?,-,false,-
com.mchange,danburkert-continuum_2.10,0.3.99,-,-,?,-,false,-
com.mchange,danburkert-continuum_2.11,0.3.99,-,-,?,-,false,-
com.mchange,danburkert-continuum_2.12,0.3.99,-,-,?,-,false,-
com.mchange,ens-scala_2.10,0.0.3,-,-,?,-,false,-
com.mchange,ens-scala_2.11,0.0.3,-,-,?,-,false,-
com.mchange,ens-scala_2.12,0.0.3,-,-,?,-,false,-
com.mchange,etherscan-utils_2.10,0.0.1,-,-,?,-,false,-
com.mchange,etherscan-utils_2.11,0.0.1,-,-,?,-,false,-
com.mchange,etherscan-utils_2.12,0.0.1,-,-,?,-,false,-
com.mchange,failable_2.10,0.0.1,-,-,?,-,false,-
com.mchange,failable_2.11,0.0.1,-,-,?,-,false,-
com.mchange,failable_2.12,0.0.1,-,-,?,-,false,-
com.mchange,failable-logging_2.10,0.0.1,-,-,?,-,false,-
com.mchange,failable-logging_2.11,0.0.1,-,-,?,-,false,-
com.mchange,failable-logging_2.12,0.0.1,-,-,?,-,false,-
com.mchange,jsonrpc-client_2.10,0.0.2,-,-,?,-,false,-
com.mchange,jsonrpc-client_2.11,0.0.2,-,-,?,-,false,-
com.mchange,jsonrpc-client_2.12,0.0.2,-,-,?,-,false,-
com.mchange,literal_2.10,0.0.2,-,-,?,-,false,-
com.mchange,literal_2.11,0.0.2,-,-,?,-,false,-
com.mchange,literal_2.12,0.0.2,-,-,?,-,false,-
com.mchange,mchange-commons-java,0.2.15,-,-,?,-,false,-
com.mchange,mchange-commons-scala_2.10,0.4.6,-,-,?,-,false,-
com.mchange,mchange-commons-scala_2.11,0.4.6,-,-,?,-,false,-
com.mchange,mchange-commons-scala_2.12,0.4.6,-,-,?,-,false,-
com.mchange,mchange-play-json-util_2.10,0.0.2,-,-,?,-,false,-
com.mchange,mchange-play-json-util_2.11,0.0.2,-,-,?,-,false,-
com.mchange,mchange-play-json-util_2.12,0.0.2,-,-,?,-,false,-
com.mchange,mlog-scala_2.10,0.3.10,-,-,?,-,false,-
com.mchange,mlog-scala_2.11,0.3.10,-,-,?,-,false,-
com.mchange,mlog-scala_2.12,0.3.10,-,-,?,-,false,-
com.mchange,restricted-type_2.10,0.0.4,-,-,?,-,false,-
com.mchange,restricted-type_2.11,0.0.4,-,-,?,-,false,-
com.mchange,restricted-type_2.12,0.0.4,-,-,?,-,false,-
com.mchange,restricted-type-scalacheck-util_2.10,0.0.4,-,-,?,-,false,-
com.mchange,restricted-type-scalacheck-util_2.11,0.0.4,-,-,?,-,false,-
com.mchange,restricted-type-scalacheck-util_2.12,0.0.4,-,-,?,-,false,-
com.mchange,solcj-compat,0.4.24rev2,-,-,?,-,false,-
com.mchange,texttable_2.10,0.0.1,-,-,?,-,false,-
com.mchange,texttable_2.11,0.0.1,-,-,?,-,false,-
com.mchange,texttable_2.12,0.0.1,-,-,?,-,false,-
com.mchange,yinyang_2.10,0.0.2,-,-,?,-,false,-
com.mchange,yinyang_2.11,0.0.2,-,-,?,-,false,-
com.mchange,yinyang_2.12,0.0.2,-,-,?,-,false,-
com.n-auth.api,nauth-java,0.10,-,-,?,-,false,-
com.pythian.opentsdb,asyncbigtable,0.4.0,-,-,?,-,false,sun.misc.Unsafe                          See http://openjdk.java.net/jeps/260
com.roscopeco,moxy,0.86.0,-,-,?,-,false,sun.misc.Unsafe                          See http://openjdk.java.net/jeps/260
com.roscopeco.moxy,moxy-annotations,0.90.1,-,-,?,-,false,-
com.roscopeco.moxy,moxy-core,0.90.1,-,-,?,-,false,sun.misc.Unsafe                          See http://openjdk.java.net/jeps/260
com.roscopeco.moxy,moxy-junit5,0.90.1,-,-,?,-,false,-
com.sentenial,nuapay-rest-client,1.0.27.RELEASE,-,-,?,-,false,-
com.tsukaby,bean-validation-scala_2.11,0.4.2,-,-,?,-,false,-
com.tsukaby,bean-validation-scala_2.12,0.4.2,-,-,?,-,false,-
com.tsukaby,naive-bayes-classifier-scala_2.11,0.2.0,-,-,?,-,false,-
com.tsukaby,naive-bayes-classifier-scala_2.12,0.2.0,-,-,?,-,false,-
com.unvired,chymebot-sdk,1.1.15,-,-,?,-,false,-
com.unvired,ump-sdk,4.3.4,-,-,?,-,false,-
com.zandero,cmd,1.2.2,-,-,?,-,false,-
com.zandero,http,1.2.4,-,-,?,-,false,-
com.zandero,mail,1.0.1,-,-,?,-,false,-
com.zandero,rest,1.0,-,-,?,-,false,-
com.zandero,rest.context,1.2,-,-,?,-,false,-
com.zandero,rest.events,1.2,-,-,?,-,false,-
com.zandero,rest.vertx,0.8.6,-,-,?,-,false,sun.reflect.generics.reflectiveObjects.ParameterizedTypeImpl Removed. See http://openjdk.java.net/jeps/260 + sun.reflect.generics.reflectiveObjects.TypeVariableImpl Removed. See http://openjdk.java.net/jeps/260
com.zandero,settings,1.2.1,-,-,?,-,false,-
com.zandero,sitemap,1.0,-,-,?,-,false,-
com.zandero,templates,1.3.1,-,-,?,-,false,-
com.zandero,utils,1.2.8,-,-,?,-,false,-
com.zandero,utils.crypt,1.0,-,-,?,-,false,-
com.zandero,utils.extra,1.3.3,-,-,?,-,false,-
com.zandero,utils.junit,1.0.1,-,-,?,-,false,-
com.zandero,utils.validation,1.0.1,-,-,?,-,false,-
