groupId,artifactId,version,moduleName,moduleVersion,moduleMode,moduleDependencies,jdepsToolError,jdepsViolations
com.github.conserveorm,conserve,1.0.2,-,-,?,-,false,-
com.landawn,abacus-android,1.3.4,-,-,?,-,false,-
com.landawn,abacus-android-jdk7,1.3.4,-,-,?,-,false,-
com.landawn,abacus-android-se,1.3.4,-,-,?,-,false,-
com.landawn,abacus-android-se-jdk7,1.3.4,-,-,?,-,false,-
com.landawn,abacus-util,1.3.4,-,-,?,-,false,sun.misc.Unsafe                          See http://openjdk.java.net/jeps/260
com.landawn,abacus-util-jdk7,1.3.4,-,-,?,-,false,sun.misc.Unsafe                          See http://openjdk.java.net/jeps/260
com.manorrock.herring,herring,1.2.0,-,-,?,-,false,-
io.github.pr0methean.betterrandom,BetterRandom-Java7,2.4.7,-,-,?,-,false,-
org.immutables,android-stub,2.7.1,org.immutables.android-stub,-,automatic,-,false,-
org.immutables,annotate,2.7.1,org.immutables.annotate,-,automatic,-,false,-
org.immutables,builder,2.7.1,org.immutables.builder,-,automatic,-,false,-
org.immutables,encode,2.7.1,org.immutables.encode,-,automatic,-,false,-
org.immutables,func,2.7.1,org.immutables.func,-,automatic,-,false,-
org.immutables,generator,2.7.1,org.immutables.generator,-,automatic,-,false,com.sun.tools.javac.code.Attribute       Use javax.tools and javax.lang.model @since 1.6 + com.sun.tools.javac.code.Attribute$UnresolvedClass Use javax.tools and javax.lang.model @since 1.6 + com.sun.tools.javac.code.Symbol          Use javax.tools and javax.lang.model @since 1.6 + com.sun.tools.javac.code.Symbol$ClassSymbol Use javax.tools and javax.lang.model @since 1.6 + com.sun.tools.javac.code.Symbol$MethodSymbol Use javax.tools and javax.lang.model @since 1.6 + com.sun.tools.javac.code.Symbol$TypeSymbol Use javax.tools and javax.lang.model @since 1.6 + com.sun.tools.javac.code.Symbol$VarSymbol Use javax.tools and javax.lang.model @since 1.6 + com.sun.tools.javac.code.Type            Use javax.tools and javax.lang.model @since 1.6 + com.sun.tools.javac.util.Name            Use javax.tools and javax.lang.model @since 1.6
org.immutables,generator-fixture,2.7.1,org.immutables.generator-fixture,-,automatic,-,false,-
org.immutables,generator-processor,2.7.1,org.immutables.generator-processor,-,automatic,-,false,-
org.immutables,gson,2.7.1,org.immutables.gson,-,automatic,-,false,-
org.immutables,metainf,2.7.1,org.immutables.metainf,-,automatic,-,false,com.sun.tools.javac.code.Attribute       Use javax.tools and javax.lang.model @since 1.6 + com.sun.tools.javac.code.Attribute$UnresolvedClass Use javax.tools and javax.lang.model @since 1.6 + com.sun.tools.javac.code.Symbol          Use javax.tools and javax.lang.model @since 1.6 + com.sun.tools.javac.code.Symbol$ClassSymbol Use javax.tools and javax.lang.model @since 1.6 + com.sun.tools.javac.code.Symbol$MethodSymbol Use javax.tools and javax.lang.model @since 1.6 + com.sun.tools.javac.code.Symbol$TypeSymbol Use javax.tools and javax.lang.model @since 1.6 + com.sun.tools.javac.code.Symbol$VarSymbol Use javax.tools and javax.lang.model @since 1.6 + com.sun.tools.javac.code.Type            Use javax.tools and javax.lang.model @since 1.6 + com.sun.tools.javac.util.Name            Use javax.tools and javax.lang.model @since 1.6
org.immutables,mirror,2.7.1,org.immutables.mirror,-,automatic,-,false,-
org.immutables,mongo,2.7.1,org.immutables.mongo,-,automatic,-,false,-
org.immutables,ordinal,2.7.1,org.immutables.ordinal,-,automatic,-,false,-
org.immutables,serial,2.7.1,org.immutables.serial,-,automatic,-,false,-
org.immutables,testing,2.7.1,org.immutables.testing,-,automatic,-,false,-
org.immutables,trees,2.7.1,org.immutables.trees,-,automatic,-,false,-
org.immutables,value,2.7.1,org.immutables.value,-,automatic,-,false,com.sun.tools.javac.code.Attribute       Use javax.tools and javax.lang.model @since 1.6 + com.sun.tools.javac.code.Attribute$UnresolvedClass Use javax.tools and javax.lang.model @since 1.6 + com.sun.tools.javac.code.Symbol          Use javax.tools and javax.lang.model @since 1.6 + com.sun.tools.javac.code.Symbol$ClassSymbol Use javax.tools and javax.lang.model @since 1.6 + com.sun.tools.javac.code.Symbol$MethodSymbol Use javax.tools and javax.lang.model @since 1.6 + com.sun.tools.javac.code.Symbol$TypeSymbol Use javax.tools and javax.lang.model @since 1.6 + com.sun.tools.javac.code.Symbol$VarSymbol Use javax.tools and javax.lang.model @since 1.6 + com.sun.tools.javac.code.Type            Use javax.tools and javax.lang.model @since 1.6 + com.sun.tools.javac.util.Name            Use javax.tools and javax.lang.model @since 1.6
org.immutables,value-annotations,2.7.1,org.immutables.value.annotations,-,automatic,-,false,-
org.immutables,value-fixture,2.7.1,org.immutables.value-fixture,-,automatic,-,false,-
org.immutables,value-processor,2.7.1,org.immutables.value.processor,-,automatic,-,false,-
org.neo4j.app,neo4j-browser,3.0.0-M02,-,-,?,-,false,-
org.neo4j.app,neo4j-server,3.5.0-alpha07,org.neo4j.server,-,automatic,-,false,sun.misc.Signal                          See http://openjdk.java.net/jeps/260 + sun.misc.SignalHandler                   See http://openjdk.java.net/jeps/260
org.neo4j.app,neo4j-server-advanced,3.0.0-M02,-,-,?,-,false,-
org.neo4j.app,neo4j-server-commercial,3.4.0-alpha08,-,-,?,-,false,-
org.neo4j.app,neo4j-server-enterprise,3.5.0-alpha07,org.neo4j.server.enterprise,-,automatic,-,false,-
org.neo4j.community,algo-it,3.5.0-alpha07,org.neo4j.community.algo-it,-,automatic,-,false,-
org.neo4j.community,bolt-it,3.5.0-alpha07,org.neo4j.community.bolt-it,-,automatic,-,false,-
org.neo4j.community,community-it,3.5.0-alpha07,org.neo4j.community.community-it,-,automatic,-,false,-
org.neo4j.community,consistency-it,3.5.0-alpha07,org.neo4j.community.consistency-it,-,automatic,-,false,-
org.neo4j.community,cypher-it,3.5.0-alpha07,org.neo4j.community.cypher-it,-,automatic,-,false,-
org.neo4j.community,dbms-it,3.5.0-alpha07,org.neo4j.community.dbms-it,-,automatic,-,false,-
org.neo4j.community,import-it,3.5.0-alpha07,org.neo4j.community.import-it,-,automatic,-,false,-
org.neo4j.community,index-it,3.5.0-alpha07,org.neo4j.community.index-it,-,automatic,-,false,-
org.neo4j.community,it-test-support,3.5.0-alpha07,org.neo4j.community.it-test-support,-,automatic,-,false,-
org.neo4j.community,kernel-it,3.5.0-alpha07,org.neo4j.community.kernel-it,-,automatic,-,false,-
org.neo4j.doc,neo4j-cypher-docs,3.1.0-M08,-,-,?,-,false,-
org.neo4j.doc,neo4j-graphgist,3.1.0-M08,-,-,?,-,false,-
org.neo4j,graph-algorithms-algo,3.4.4.0,-,-,?,-,false,-
org.neo4j,graph-algorithms-tests,3.4.4.0,-,-,?,-,false,-
org.neo4j,neo4j-advanced,3.0.0-M02,-,-,?,-,false,-
org.neo4j,neo4j-backup,3.5.0-alpha07,org.neo4j.backup,-,automatic,-,false,-
org.neo4j,neo4j-bolt,3.5.0-alpha07,org.neo4j.bolt,-,automatic,-,false,-
org.neo4j,neo4j-causal-clustering,3.5.0-alpha07,org.neo4j.causalclustering,-,automatic,-,false,-
org.neo4j,neo4j-command-line,3.5.0-alpha07,org.neo4j.commandline,-,automatic,-,false,-
org.neo4j,neo4j-common,3.5.0-alpha07,org.neo4j.common,-,automatic,-,false,-
org.neo4j,neo4j-configuration,3.5.0-alpha07,org.neo4j.configuration,-,automatic,-,false,-
org.neo4j,neo4j-csv,3.5.0-alpha07,org.neo4j.csv,-,automatic,-,false,-
org.neo4j,neo4j-cypher-acceptance-spec-suite,3.5.0-alpha07,org.neo4j.internal.cypher.acceptance.spec.suite,-,automatic,-,false,-
org.neo4j,neo4j-cypher-compatibility-spec-suite,3.5.0-alpha07,org.neo4j.internal.cypher.compatibility.spec.suite,-,automatic,-,false,-
org.neo4j,neo4j-cypher-compatibility-suite,3.0.12,-,-,?,-,false,-
org.neo4j,neo4j-cypher-compiled-runtime-3.2,3.2.12,-,-,?,-,false,-
org.neo4j,neo4j-cypher-compiler-3.0,3.0.12,-,-,?,-,false,-
org.neo4j,neo4j-cypher-compiler-3.3,3.3.6,-,-,?,-,false,-
org.neo4j,neo4j-cypher-frontend-2.3,2.3.12,-,-,?,-,false,-
org.neo4j,neo4j-cypher-frontend-3.0,3.0.12,-,-,?,-,false,-
org.neo4j,neo4j-cypher-frontend-3.2,3.2.12,-,-,?,-,false,-
org.neo4j,neo4j-cypher-frontend-3.3,3.3.6,-,-,?,-,false,-
org.neo4j,neo4j-cypher-ir-3.3,3.3.6,-,-,?,-,false,-
org.neo4j,neo4j-cypher-ir-3.5,3.5.0-alpha07,org.neo4j.cypher.internal.ir.v3_5,-,automatic,-,false,-
org.neo4j,neo4j-cypher-logical-plans-3.4,3.4.6,org.neo4j.cypher.internal.v3_4.logical.plans,-,automatic,-,false,-
org.neo4j,neo4j-cypher-logical-plans-3.5,3.5.0-alpha07,org.neo4j.cypher.internal.v3_5.logical.plans,-,automatic,-,false,-
org.neo4j,neo4j-cypher-physical-planning,3.5.0-alpha07,org.neo4j.cypher.internal.compatibility.v3_5.runtime,-,automatic,-,false,-
org.neo4j,neo4j-cypher-planner-spi-3.5,3.5.0-alpha07,org.neo4j.cypher.internal.planner.v3_5.spi,-,automatic,-,false,-
org.neo4j,neo4j-cypher-slotted-runtime,3.5.0-alpha07,org.neo4j.cypher.internal.compatibility.v3_5.runtime.slotted,-,automatic,-,false,-
org.neo4j,neo4j-cypher-spec-suite-tools,3.5.0-alpha07,org.neo4j.internal.cypher.spec.suite.tools,-,automatic,-,false,-
org.neo4j,neo4j-cypher-util-3.4,3.4.6,org.neo4j.cypher.internal.util.v3_4,-,automatic,-,false,-
org.neo4j,neo4j-dbms,3.5.0-alpha07,org.neo4j.dbms,-,automatic,-,false,-
org.neo4j,neo4j-diagnostics,3.5.0-alpha07,org.neo4j.internal.diagnostics,-,automatic,-,false,-
org.neo4j,neo4j-enterprise,3.5.0-alpha07,org.neo4j.enterprise,-,automatic,-,false,-
org.neo4j,neo4j-enterprise-cypher,3.5.0-alpha07,org.neo4j.cypher.enterprise,-,automatic,-,false,-
org.neo4j,neo4j-enterprise-performance-tests,2.3.12,-,-,?,-,false,-
org.neo4j,neo4j-function,3.0.0-M03,-,-,?,-,false,-
org.neo4j,neo4j-import-tool,3.5.0-alpha07,org.neo4j.tooling.import,-,automatic,-,false,-
org.neo4j,neo4j-index,3.5.0-alpha07,org.neo4j.index,-,automatic,-,false,-
org.neo4j,neo4j-io,3.5.0-alpha07,org.neo4j.io,-,automatic,-,false,-
org.neo4j,neo4j-jdbc-bolt,3.4.0,-,-,?,-,false,-
org.neo4j,neo4j-jdbc-driver,3.4.0,-,-,?,-,false,sun.misc.Unsafe                          See http://openjdk.java.net/jeps/260 + sun.security.x509.X500Name               Use javax.security.auth.x500.X500Principal @since 1.4
org.neo4j,neo4j-jdbc-http,3.4.0,-,-,?,-,false,-
org.neo4j,neo4j-kernel,3.5.0-alpha07,org.neo4j.kernel,-,automatic,-,false,-
org.neo4j,neo4j-kernel-api,3.5.0-alpha07,org.neo4j.internal.kernel.api,-,automatic,-,false,-
org.neo4j,neo4j-lucene-index,3.5.0-alpha07,org.neo4j.index.lucene,-,automatic,-,false,-
org.neo4j,neo4j-lucene-upgrade,3.5.0-alpha07,-,-,?,-,false,-
org.neo4j,neo4j-monitor-logging,3.3.0-alpha07,-,-,?,-,false,-
org.neo4j,neo4j-ogm-http-driver,3.1.2,org.neo4j.ogm.drivers.http,-,automatic,-,false,-
org.neo4j,neo4j-ogm-test,3.1.2,org.neo4j.ogm.testutil,-,automatic,-,false,-
org.neo4j,neo4j-procedure-api,3.5.0-alpha07,org.neo4j.graphdb,-,automatic,-,false,-
org.neo4j,neo4j-protostore-neole,3.4.0-alpha01,-,-,?,-,false,-
org.neo4j,neo4j-resource,3.5.0-alpha07,org.neo4j.graphdb.resource,-,automatic,-,false,-
org.neo4j,neo4j-security,3.5.0-alpha07,org.neo4j.server.security,-,automatic,-,false,-
org.neo4j,neo4j-security-enterprise,3.5.0-alpha07,org.neo4j.server.security.enterprise,-,automatic,-,false,-
org.neo4j,neo4j-shell,3.5.0-alpha07,org.neo4j.shell,-,automatic,-,false,sun.misc.Signal                          See http://openjdk.java.net/jeps/260 + sun.misc.SignalHandler                   See http://openjdk.java.net/jeps/260
org.neo4j,neo4j-tools,3.5.0-alpha07,org.neo4j.tools,-,automatic,-,false,-
org.neo4j,neo4j-udc,3.5.0-alpha07,org.neo4j.ext.udc,-,automatic,-,false,-
org.neo4j,neo4j-values,3.5.0-alpha07,org.neo4j.values,-,automatic,-,false,-
org.neo4j.procedure,apoc,3.4.0.2,-,-,?,-,false,-
org.neo4j,procedure-compiler,3.5.0-alpha07,org.neo4j.tooling.procedure,-,automatic,-,false,-
org.neo4j,server-api,3.5.0-alpha07,org.neo4j.server.api,-,automatic,-,false,-
