groupId,artifactId,version,moduleName,moduleVersion,moduleMode,moduleDependencies,jdepsToolError,jdepsViolations
eu.coldrye.junit,enum-test-base,1.0.0,-,-,?,-,false,-
eu.coldrye.junit,file-assertions,1.0.0,-,-,?,-,false,-
eu.coldrye.junit,junit-common,1.2.0,-,-,?,-,false,-
eu.coldrye.junit,junit-env-extension,1.0.4,-,-,?,-,false,-
eu.coldrye.junit,junit-testing-common,1.0.2,-,-,?,-,false,-
org.cip4.lib.jdf,JDFLibJ,2.1.6.2,-,-,?,-,false,-
org.cip4.lib.ptk,PrintTalkJ,2.1.6.2,-,-,?,-,false,-
org.cip4.lib.xjdf,xJdfLib,0.13,-,-,?,-,false,-
org.cip4.lib.xprinttalk,xPrintTalkLib,0.13,-,-,?,-,false,-
org.fujion.webjars,webjar-codemirror,5.40.0,-,-,?,-,false,-
org.fujion.webjars,webjar-plotly-js,1.40.1,-,-,?,-,false,-
org.jsmiparser,jsmiparser-api,0.14,-,-,?,-,false,-
org.jsmiparser,jsmiparser-codegen,0.14,-,-,?,-,false,-
org.jsmiparser,jsmiparser-gradle,0.14,-,-,?,-,false,-
org.jsmiparser,jsmiparser-util,0.14,-,-,?,-,false,-
org.lwjgl,lwjgl,3.2.0,org.lwjgl,-,explicit,jdk.unsupported + java.base,true,-
org.lwjgl,lwjgl-bgfx,3.2.0,org.lwjgl.bgfx,-,explicit,java.base + org.lwjgl,true,-
org.lwjgl,lwjgl-jemalloc,3.2.0,org.lwjgl.jemalloc,-,explicit,org.lwjgl + java.base,true,-
org.lwjgl,lwjgl-lmdb,3.2.0,org.lwjgl.lmdb,-,explicit,org.lwjgl + java.base,true,-
org.lwjgl,lwjgl-ovr,3.2.0,org.lwjgl.ovr,-,explicit,org.lwjgl.vulkan + org.lwjgl.opengl + org.lwjgl + java.base,true,-
org.lwjgl,lwjgl-par,3.2.0,org.lwjgl.par,-,explicit,org.lwjgl + java.base,true,-
org.lwjgl,lwjgl-remotery,3.2.0,org.lwjgl.remotery,-,explicit,org.lwjgl + java.base,true,-
org.lwjgl,lwjgl-sse,3.2.0,org.lwjgl.sse,-,explicit,java.base + org.lwjgl,true,-
org.lwjgl,lwjgl-tinyexr,3.2.0,org.lwjgl.tinyexr,-,explicit,org.lwjgl + java.base,true,-
org.lwjgl,lwjgl-tootle,3.2.0,org.lwjgl.tootle,-,explicit,org.lwjgl + java.base,true,-
org.mockito,mockito-scala_2.11,0.3.2,-,-,?,-,false,-
org.mockito,mockito-scala_2.12,0.3.2,-,-,?,-,false,-
org.openbakery.coverage,CoverageReport,0.9.4,-,-,?,-,false,-
org.opensky-network,libadsb,2.1.5,-,-,?,-,false,-
org.opentest4j,opentest4j,1.1.0,org.opentest4j,-,automatic,-,false,-
org.psliwa,akka-persistence-chaos-journal_2.11,2.5.1.1.0,-,-,?,-,false,-
org.psliwa,akka-persistence-chaos-journal_2.12,2.5.1.1.0,-,-,?,-,false,-
org.specs2,specs2-analysis_2.12,4.3.4,-,-,?,-,false,-
org.specs2,specs2-analysis_2.13.0-M3,4.2.1-ca75f1d09-20180530093100,-,-,?,-,false,-
org.specs2,specs2-analysis_sjs0.6_2.13.0-M4,4.3.4,-,-,?,-,false,-
org.specs2,specs2-cats_sjs0.6_2.12,4.3.4,-,-,?,-,false,-
org.specs2,specs2-common_2.11,4.3.4,-,-,?,-,false,-
org.specs2,specs2-common_2.13.0-M2,4.0.2,-,-,?,-,false,-
org.specs2,specs2-common_sjs0.6_2.12,4.3.4,-,-,?,-,false,-
org.specs2,specs2-common_sjs0.6_2.13.0-M3,4.2.1-ca75f1d09-20180530093100,-,-,?,-,false,-
org.specs2,specs2-core_2.11,4.3.4,-,-,?,-,false,-
org.specs2,specs2-core_2.13.0-M2,4.0.2,-,-,?,-,false,-
org.specs2,specs2-core_sjs0.6_2.12,4.3.4,-,-,?,-,false,-
org.specs2,specs2-core_sjs0.6_2.13.0-M3,4.2.1-ca75f1d09-20180530093100,-,-,?,-,false,-
org.specs2,specs2-form_2.12,4.3.4,-,-,?,-,false,-
org.specs2,specs2-form_2.13.0-M1,3.9.5,-,-,?,-,false,-
org.specs2,specs2-form_2.13.0-M3,4.2.1-ca75f1d09-20180530093100,-,-,?,-,false,-
org.specs2,specs2-fp_sjs0.6_2.11,4.3.4,-,-,?,-,false,-
org.specs2,specs2-fp_sjs0.6_2.13.0-M2,4.0.2-3eab439-20180109215419,-,-,?,-,false,-
org.specs2,specs2-gwt_2.10,3.10.0,-,-,?,-,false,-
org.specs2,specs2-gwt_2.13.0-M1,3.9.5,-,-,?,-,false,-
org.specs2,specs2-gwt_2.13.0-M3,4.2.1-ca75f1d09-20180530093100,-,-,?,-,false,-
org.specs2,specs2-html_2.11,4.3.4,-,-,?,-,false,-
org.specs2,specs2-html_2.13.0-M2,4.0.2,-,-,?,-,false,-
org.specs2,specs2-junit_2.10,3.10.0,-,-,?,-,false,-
org.specs2,specs2-junit_2.13.0-M1,3.9.5,-,-,?,-,false,-
org.specs2,specs2-junit_sjs0.6_2.11,4.3.4,-,-,?,-,false,-
org.specs2,specs2-junit_sjs0.6_2.13.0-M2,4.0.2,-,-,?,-,false,-
org.specs2,specs2-markdown_2.13.0-M2,4.0.2,-,-,?,-,false,-
org.specs2,specs2-markdown_2.13.0-M4,4.3.4,-,-,?,-,false,-
org.specs2,specs2-matcher_2.12,4.3.4,-,-,?,-,false,-
org.specs2,specs2-matcher_2.13.0-M1,3.9.5,-,-,?,-,false,-
org.specs2,specs2-matcher_2.13.0-M3,4.2.1-ca75f1d09-20180530093100,-,-,?,-,false,-
org.specs2,specs2-matcher-extra_2.11,4.3.4,-,-,?,-,false,-
org.specs2,specs2-matcher-extra_2.13.0-M2,4.0.2,-,-,?,-,false,-
org.specs2,specs2-matcher-extra_sjs0.6_2.12,4.3.4,-,-,?,-,false,-
org.specs2,specs2-matcher-extra_sjs0.6_2.13.0-M3,4.2.1-ca75f1d09-20180530093100,-,-,?,-,false,-
org.specs2,specs2-matcher_sjs0.6_2.13.0-M4,4.3.4,-,-,?,-,false,-
org.specs2,specs2-mock_2.10,3.10.0,-,-,?,-,false,-
org.specs2,specs2-mock_2.13.0-M1,3.9.5,-,-,?,-,false,-
org.specs2,specs2-mock_sjs0.6_2.11,4.3.4,-,-,?,-,false,-
org.specs2,specs2-mock_sjs0.6_2.13.0-M2,4.0.2,-,-,?,-,false,-
org.specs2,specs2-scalacheck_2.10,3.10.0,-,-,?,-,false,-
org.specs2,specs2-scalacheck_2.13.0-M1,3.9.5,-,-,?,-,false,-
org.specs2,specs2-scalacheck_2.13.0-M3,4.2.1-ca75f1d09-20180530093100,-,-,?,-,false,-
org.specs2,specs2-scalacheck_sjs0.6_2.11,4.3.4,-,-,?,-,false,-
org.specs2,specs2-scalacheck_sjs0.6_2.13.0-M2,4.0.2,-,-,?,-,false,-
org.specs2,specs2-scalaz_2.10,3.10.0,-,-,?,-,false,-
org.specs2,specs2-scalaz_2.12,4.3.4,-,-,?,-,false,-
org.specs2,specs2-scalaz_2.13.0-M1,3.9.5,-,-,?,-,false,-
org.specs2,specs2-scalaz_sjs0.6_2.11,4.3.4,-,-,?,-,false,-
org.specs2,specs2-scalaz_sjs0.6_2.13.0-M2,4.0.2,-,-,?,-,false,-
org.specs2,specs2-shapeless_2.12,4.3.4,-,-,?,-,false,-
org.specs2,specs2-shapeless_2.13.0-M3,4.2.1-ca75f1d09-20180530093100,-,-,?,-,false,-
org.specs2,specs2-shapeless_sjs0.6_2.13.0-M4,4.3.4,-,-,?,-,false,-
org.specs2,specs2-tests_2.13.0-M2,4.0.2,-,-,?,-,false,-
org.specs2,specs2-tests_2.13.0-M4,4.3.0,-,-,?,-,false,-
