groupId,artifactId,version,moduleName,moduleVersion,moduleMode,moduleDependencies,jdepsToolError,jdepsViolations
com.bitplan.antlr,com.bitplan.antlr,0.0.7,-,-,?,-,false,-
com.github.siom79.japicmp,japicmp,0.13.0,-,-,?,-,false,-
com.github.siom79.japicmp,japicmp-ant-task,0.13.0,-,-,?,-,false,-
com.github.siom79.japicmp,japicmp-maven-plugin,0.13.0,-,-,?,-,false,-
com.google.cloud.tools,appengine-gradle-plugin,2.0.0-rc2,-,-,?,-,false,-
com.spotify,annoy-jni,0.1.4,-,-,?,-,false,-
org.corpus-tools,graphannis-api,0.9.0,-,-,?,-,false,-
org.rundeck,rundeck-storage-api,3.0.2-20180817,-,-,?,-,false,-
org.rundeck,rundeck-storage-data,3.0.2-20180817,-,-,?,-,false,-
org.rundeck,rundeck-storage-filesys,3.0.2-20180817,-,-,?,-,false,-
su.izotov,ObjectLR,0.6,-,-,?,-,false,-
