groupId,artifactId,version,moduleName,moduleVersion,moduleMode,moduleDependencies,jdepsToolError,jdepsViolations
com.actiontestscript,ats-automated-testing,1.3.5,-,-,?,-,false,-
com.actiontestscript,automated-testing,1.1.1,-,-,?,-,false,-
com.aerospike,aerospike-client,4.1.10,-,-,?,-,false,-
com.aerospike,aerospike-helper-java,1.2.3,-,-,?,-,false,-
com.aerospike,aerospike-kafka-connector,0.0.6,-,-,?,-,false,-
com.aerospike,spring-data-aerospike,1.2.1.RELEASE,-,-,?,-,false,-
com.aerospike,spring-session-aerospike,1.0.0.RELEASE,-,-,?,-,false,-
com.atomgraph,core,2.0.0,-,-,?,-,false,-
com.bbrownsound,play-recaptcha_2.10,1.1,-,-,?,-,false,-
com.bbrownsound,play-recaptcha_2.11,1.1,-,-,?,-,false,-
com.beelego,spring-boot-starter-swagger,2.0.1-RELEASE,-,-,?,-,false,-
com.brightsparklabs,asanti,1.3.0,-,-,?,-,false,-
com.brightsparklabs,assam,0.7.0,-,-,?,-,false,-
com.bwsw,cs-entities_2.12,4.10.3-NP,-,-,?,-,false,-
com.bwsw,journaled-commit-log_2.12,1.0.0-RC1,-,-,?,-,false,-
com.bwsw,kafka-reader_2.12,0.10.2,-,-,?,-,false,-
com.bwsw,sj-batch-streaming-engine_2.12,1.1.0,-,-,?,-,false,-
com.bwsw,sj-batch-sum_2.12,1.1.0,-,-,?,-,false,-
com.bwsw,sj-common_2.12,1.1.0,-,-,?,-,false,sun.reflect.ReflectionFactory            See http://openjdk.java.net/jeps/260
com.bwsw,sj-crud-rest_2.12,1.1.0,-,-,?,-,false,-
com.bwsw,sj-csv-input_2.12,1.1.0,-,-,?,-,false,-
com.bwsw,sj-engine-core_2.12,1.1.0,-,-,?,-,false,-
com.bwsw,sj-engine-simulators_2.12,1.1.0,-,-,?,-,false,-
com.bwsw,sj-input-streaming-engine_2.12,1.1.0,-,-,?,-,false,-
com.bwsw,sj-mesos-framework_2.12,1.1.0,-,-,?,-,false,-
com.bwsw,sj-output-streaming-engine_2.12,1.1.0,-,-,?,-,false,-
com.bwsw,sj-performance-metrics-output-es_2.12,1.1.0,-,-,?,-,false,-
com.bwsw,sj-regex-input_2.12,1.1.0,-,-,?,-,false,-
com.bwsw,sj-regular-streaming-engine_2.12,1.1.0,-,-,?,-,false,-
com.bwsw,sj-stub-batch-streaming_2.12,1.1.0,-,-,?,-,false,-
com.bwsw,sj-stub-es-output-streaming_2.12,1.1.0,-,-,?,-,false,-
com.bwsw,sj-stub-input-streaming_2.12,1.1.0,-,-,?,-,false,-
com.bwsw,sj-stub-jdbc-output-streaming_2.12,1.1.0,-,-,?,-,false,-
com.bwsw,sj-stub-regular-streaming_2.12,1.1.0,-,-,?,-,false,-
com.bwsw,sj-stub-rest-output-streaming_2.12,1.1.0,-,-,?,-,false,-
com.caucho,hessian,4.0.51,com.caucho.hessian,-,automatic,-,false,sun.misc.Unsafe                          See http://openjdk.java.net/jeps/260
com.cemerick,clojurescript,1.9.922,-,-,?,-,false,-
com.cemerick,nrepl,0.3.0-RC1,-,-,?,-,false,-
com.cemerick,piggieback,0.2.2,-,-,?,-,false,-
com.cemerick,pomegranate,1.0.0,-,-,?,-,false,-
com.citypay.pos,citypay-pos-api-java,1.0.0,-,-,?,-,false,-
com.claireneveu,macrame_2.11,1.2.6,-,-,?,-,false,-
com.claireneveu,macrame-play_2.11,1.1.1-play-2.5.x,-,-,?,-,false,-
com.claireneveu,macrame-scalaz_2.11,1.0.1-scalaz-7.2.x,-,-,?,-,false,-
com.claireneveu,nonemptystring_2.10,1.0.0,-,-,?,-,false,-
com.claireneveu,nonemptystring_2.11,1.0.0,-,-,?,-,false,-
com.claireneveu,nonemptystring_2.12,1.0.0,-,-,?,-,false,-
com.claireneveu,tbox_2.11,1.1.1,-,-,?,-,false,-
com.codacy,bitbucket-scala-client_2.10,5.1.0,-,-,?,-,false,-
com.codacy,bitbucket-scala-client_2.11,6.0.0,-,-,?,-,false,-
com.codacy,bitbucket-scala-client_2.12,6.0.0,-,-,?,-,false,-
com.codacy,codacy-analysis-core_2.12,0.1.0-alpha3.3139,-,-,?,-,false,-
com.codacy,codacy-api-scala_2.10,3.0.7,-,-,?,-,false,-
com.codacy,codacy-api-scala_2.11,3.0.7,-,-,?,-,false,-
com.codacy,codacy-api-scala_2.12,3.0.7,-,-,?,-,false,-
com.codacy,codacy-coverage-reporter,5.0.310,-,-,?,-,false,-
com.codacy,codacy-duplication-scala-seed_2.12,2.0.0-pre.119,-,-,?,-,false,-
com.codacy,codacy-engine-scala-seed_2.10,2.7.4,-,-,?,-,false,-
com.codacy,codacy-engine-scala-seed_2.11,2.7.10,-,-,?,-,false,-
com.codacy,codacy-engine-scala-seed_2.12,3.0.183,-,-,?,-,false,-
com.codacy,codacy-metrics-scala-seed_2.12,0.1.219,-,-,?,-,false,-
com.codacy,codacy-patterns-core_2.11,0.2.0,-,-,?,-,false,-
com.codacy,codacy-plugins-api_2.10,2.0.0,-,-,?,-,false,-
com.codacy,codacy-plugins-api_2.11,3.0.171,-,-,?,-,false,-
com.codacy,codacy-plugins-api_2.12,3.0.171,-,-,?,-,false,-
com.codacy,codacy-tomcatcp_2.11,5.0.4,-,-,?,-,false,-
com.codacy,codacy-tomcatcp-dropwizard_2.11,5.0.4,-,-,?,-,false,-
com.codacy,codacy-tomcatcp-play24_2.11,5.0.4,-,-,?,-,false,-
com.codacy,codacy-tomcatcp-play243_2.11,5.0.4,-,-,?,-,false,-
com.codacy,codacy-tomcatcp-play26_2.11,5.0.4,-,-,?,-,false,-
com.codacy,coverage-parser_2.10,2.0.9,-,-,?,-,false,-
com.codacy,coverage-parser_2.11,2.0.9,-,-,?,-,false,-
com.codacy,coverage-parser_2.12,2.0.9,-,-,?,-,false,-
com.codacy,play-tomcatcp_2.11,4.0.2,-,-,?,-,false,-
com.codacy,scala-consul_2.11,3.0.1,-,-,?,-,false,-
com.codacy,stash-scala-client_2.10,3.0.14,-,-,?,-,false,-
com.codacy,stash-scala-client_2.11,3.0.14,-,-,?,-,false,-
com.composum.sling.core,composum-sling-core-commons,1.9.0,-,-,?,-,false,-
com.composum.sling.core,composum-sling-core-config,1.9.0,-,-,?,-,false,-
com.composum.sling.core,composum-sling-osgi-package-installer,1.9.0,-,-,?,-,false,-
com.dooapp.fxform2,core,8.2.4,-,-,?,-,false,-
com.dooapp.fxform2,demo,8.2.4,-,-,?,-,false,-
com.dooapp.fxform2,extensions,8.2.4,-,-,?,-,false,-
com.dooapp.fxform2,samples,8.2.4,-,-,?,-,false,-
com.espertech,esper,7.1.0,-,-,?,-,false,sun.reflect.ReflectionFactory            See http://openjdk.java.net/jeps/260
com.espertech,esper-avro,7.1.0,-,-,?,-,false,-
com.espertech,esperio-amqp,7.1.0,-,-,?,-,false,-
com.espertech,esperio-csv,7.1.0,-,-,?,-,false,-
com.espertech,esperio-db,7.1.0,-,-,?,-,false,-
com.espertech,esperio-http,7.1.0,-,-,?,-,false,-
com.espertech,esperio-kafka,7.1.0,-,-,?,-,false,-
com.espertech,esperio-socket,7.1.0,-,-,?,-,false,-
com.espertech,esperio-springjms,7.1.0,-,-,?,-,false,-
com.espertech,esperio-stax,7.1.0,-,-,?,-,false,-
com.factern,factern-java-client,1.0.46,-,-,?,-,false,-
com.fimtra,clearconnect,3.15.4,-,-,?,-,false,-
com.hunorkovacs,koauth_2.10,2.0.0,-,-,?,-,false,-
com.hunorkovacs,koauth_2.11,2.0.0,-,-,?,-,false,-
com.hunorkovacs,koauth_2.12,2.0.0,-,-,?,-,false,-
com.ihsinformatics,utilities,1.5.8,-,-,?,-,false,-
com.itv,bucky_2.11,0.7,-,-,?,-,false,-
com.itv,bucky_2.12,0.7,-,-,?,-,false,-
com.itv,bucky-argonaut_2.11,1.3.1,-,-,?,-,false,-
com.itv,bucky-argonaut_2.12,1.3.1,-,-,?,-,false,-
com.itv,bucky-circe_2.11,1.3.1,-,-,?,-,false,-
com.itv,bucky-circe_2.12,1.3.1,-,-,?,-,false,-
com.itv,bucky-core_2.11,1.3.1,-,-,?,-,false,-
com.itv,bucky-core_2.12,1.3.1,-,-,?,-,false,-
com.itv,bucky-example_2.11,1.3.1,-,-,?,-,false,-
com.itv,bucky-example_2.12,1.3.1,-,-,?,-,false,-
com.itv,bucky-fs2_2.11,1.3.1,-,-,?,-,false,-
com.itv,bucky-fs2_2.12,1.3.1,-,-,?,-,false,-
com.itv,bucky-rabbitmq_2.11,1.3.1,-,-,?,-,false,-
com.itv,bucky-rabbitmq_2.12,1.3.1,-,-,?,-,false,-
com.itv,bucky-scalaz_2.11,1.3.1,-,-,?,-,false,-
com.itv,bucky-scalaz_2.12,1.3.1,-,-,?,-,false,-
com.itv,bucky-test_2.11,1.3.1,-,-,?,-,false,-
com.itv,bucky-test_2.12,1.3.1,-,-,?,-,false,-
com.itv,bucky-xml_2.11,1.3.1,-,-,?,-,false,-
com.itv,bucky-xml_2.12,1.3.1,-,-,?,-,false,-
com.itv.chuckwagon,chuckwagon-aws-scala-sdk_2.10,0.1.3,-,-,?,-,false,-
com.itv.chuckwagon,chuckwagon-aws-scala-sdk_2.12,0.1.3,-,-,?,-,false,-
com.itv.chuckwagon,chuckwagon-jvm_2.12,0.1.3,-,-,?,-,false,-
com.itv.chuckwagon,test-fixtures_2.10,0.1.3,-,-,?,-,false,-
com.itv,lifecycle_2.11,1.0.0-RC5,-,-,?,-,false,-
com.itv,lifecycle_2.12,1.0.0-RC5,-,-,?,-,false,-
com.itv,sbt-scalapact-shared_2.12,2.3.2,-,-,?,-,false,-
com.itv,scalapact-argonaut-6-1_2.10,2.2.5,-,-,?,-,false,-
com.itv,scalapact-argonaut-6-1_2.11,2.2.5,-,-,?,-,false,-
com.itv,scalapact-argonaut-6-2_2.10,2.2.5,-,-,?,-,false,-
com.itv,scalapact-argonaut-6-2_2.11,2.2.5,-,-,?,-,false,-
com.itv,scalapact-argonaut-6-2_2.12,2.3.2,-,-,?,-,false,-
com.itv,scalapact-circe-0-8_2.10,2.2.5,-,-,?,-,false,-
com.itv,scalapact-circe-0-8_2.11,2.2.5,-,-,?,-,false,-
com.itv,scalapact-circe-0-8_2.12,2.3.2,-,-,?,-,false,-
com.itv,scalapact-circe-0-9_2.11,2.2.5,-,-,?,-,false,-
com.itv,scalapact-circe-0-9_2.12,2.3.2,-,-,?,-,false,-
com.itv,scalapact-core_2.10,2.2.5,-,-,?,-,false,-
com.itv,scalapact-core_2.11,2.2.5,-,-,?,-,false,-
com.itv,scalapact-core_2.12,2.3.2,-,-,?,-,false,-
com.itv,scalapact-http4s-0-15-0a_2.10,2.2.5,-,-,?,-,false,-
com.itv,scalapact-http4s-0-15-0a_2.11,2.2.5,-,-,?,-,false,-
com.itv,scalapact-http4s-0-15-0a_2.12,2.2.5,-,-,?,-,false,-
com.itv,scalapact-http4s-0-16-2_2.10,2.2.5,-,-,?,-,false,-
com.itv,scalapact-http4s-0-16-2_2.11,2.2.5,-,-,?,-,false,-
com.itv,scalapact-http4s-0-16-2_2.12,2.2.5,-,-,?,-,false,-
com.itv,scalapact-http4s-0-16-2a_2.10,2.2.5,-,-,?,-,false,-
com.itv,scalapact-http4s-0-16-2a_2.11,2.2.5,-,-,?,-,false,-
com.itv,scalapact-http4s-0-16-2a_2.12,2.2.5,-,-,?,-,false,-
com.itv,scalapact-http4s-0-16a_2.12,2.3.2,-,-,?,-,false,-
com.itv,scalapact-http4s-0-17-0_2.11,2.2.5,-,-,?,-,false,-
com.itv,scalapact-http4s-0-17-0_2.12,2.2.5,-,-,?,-,false,-
com.itv,scalapact-http4s-0-17_2.12,2.3.2,-,-,?,-,false,-
com.itv,scalapact-http4s-0-18-0_2.11,2.2.5,-,-,?,-,false,-
com.itv,scalapact-http4s-0-18-0_2.12,2.2.5,-,-,?,-,false,-
com.itv,scalapact-http4s-0-18_2.12,2.3.2,-,-,?,-,false,-
com.itv,scalapact-scalatest_2.11,2.2.5,-,-,?,-,false,-
com.itv,scalapact-scalatest_2.12,2.3.2,-,-,?,-,false,-
com.itv,scalapact-shared_2.10,2.2.5,-,-,?,-,false,-
com.itv,scalapact-shared_2.11,2.2.5,-,-,?,-,false,-
com.itv,scalapact-shared_2.12,2.3.2,-,-,?,-,false,-
com.itv,servicebox_2.12,0.3.0,-,-,?,-,false,-
com.itv,servicebox-core_2.12,0.3.0,-,-,?,-,false,-
com.itv,servicebox-core-io_2.12,0.1.8,-,-,?,-,false,-
com.itv,servicebox-docker_2.12,0.3.0,-,-,?,-,false,-
com.itv,servicebox-docker-io_2.12,0.1.8,-,-,?,-,false,-
com.kloudtek.kryptotek,kryptotek-core,1.0.25,-,-,?,-,false,-
com.kloudtek.kryptotek,kryptotek-rest-client-httpcomponents,1.0.25,-,-,?,-,false,-
com.kloudtek.kryptotek,kryptotek-rest-server-jaxrs,1.0.25,-,-,?,-,false,-
com.kloudtek.kryptotek,kryptotek-rest-server-servlet,1.0.25,-,-,?,-,false,-
com.kloudtek.kryptotek,kryptotek-rest-server-springsecurity,1.0.25,-,-,?,-,false,-
com.kloudtek.kryptotek,kryptotek-rest-server-test,1.0.25,-,-,?,-,false,-
com.kloudtek.kryptotek,kryptotek-rest-shared,1.0.25,-,-,?,-,false,-
com.kloudtek.ktcli,ktcli,0.9.12,-,-,?,-,false,-
com.kloudtek.mule.elogging,mule-elogging-connector,0.9.17,-,-,?,-,false,-
com.kloudtek.mule.elogging,mule-elogging-log4j2,0.9.17,-,-,?,-,false,-
com.nmote.oembed,nmote-oembed,0.9,-,-,?,-,false,-
com.pathdb,pathdb,0.1.2,-,-,?,-,false,-
com.sadhen.binding,semantic-ui_sjs0.6_2.11,0.0.1,-,-,?,-,false,-
com.saucelabs,ci-sauce,1.139,-,-,?,-,false,-
com.saucelabs.maven.plugin,sauce-connect-plugin,2.1.24,-,-,?,-,false,-
com.saucelabs,quickstart-seleniumrc-junit,2.1.24,-,-,?,-,false,-
com.saucelabs,quickstart-seleniumrc-testng,2.1.24,-,-,?,-,false,-
com.saucelabs,quickstart-webdriver-junit,2.1.24,-,-,?,-,false,-
com.saucelabs,quickstart-webdriver-testng,2.1.24,-,-,?,-,false,-
com.saucelabs,sauce_java_common,2.1.24,-,-,?,-,false,-
com.saucelabs,sauce_junit,2.1.24,-,-,?,-,false,-
com.saucelabs,saucerest,1.0.39,-,-,?,-,false,-
com.saucelabs,sauce_testng,2.1.24,-,-,?,-,false,-
com.smoope.sdk,smoope-rest-api,1.8.2,-,-,?,-,false,-
com.smoope.sdk,smoope-rest-data,1.0.0,-,-,?,-,false,-
com.smoope.utils,j2objc-maven-plugin,1.1.4,-,-,?,-,false,-
com.smoope.utils,traverson,1.0.3,-,-,?,-,false,-
com.somospnt,test-utils,1.0.1,-,-,?,-,false,-
com.statful.client,annotations,2.1.0,-,-,?,-,false,-
com.statful.client,aspects,2.1.0,-,-,?,-,false,-
com.statful.client,client-vertx,1.0.0-alpha-15,-,-,?,-,false,-
com.statful.client,core,2.1.0,-,-,?,-,false,-
com.statful.client,domain,2.1.0,-,-,?,-,false,-
com.statful.client.framework,client-springboot,1.0.8,-,-,?,-,false,-
com.statful.client,http-client,2.1.0,-,-,?,-,false,-
com.statful.client,udp-client,2.1.0,-,-,?,-,false,-
com.struqt,invar-core,1.0.13,-,-,?,-,false,-
com.struqt,invar-example,1.0.13,-,-,?,-,false,-
com.struqt,invar-lib,1.0.13,-,-,?,-,false,-
com.struqt,outlinc-crypto,1.1.0,-,-,?,-,false,-
com.struqt,struqt-base64,1.1.0,-,-,?,-,false,-
com.struqt,struqt-unique-id,1.1.0,-,-,?,-,false,-
com.struqt,struqt-util-benchmark,1.1.0,-,-,?,-,false,-
com.struqt,struqt-util-test,1.0.1,-,-,?,-,false,-
com.toomuchcoding.jsonassert,jsonassert,0.4.13,-,-,?,-,false,-
com.toomuchcoding.jsonassert,jsonassert-assertj-java7,0.4.13,-,-,?,-,false,-
com.toomuchcoding.jsonassert,jsonassert-assertj-java8,0.4.13,-,-,?,-,false,-
com.toomuchcoding,uptodate-gradle-plugin,1.0.1,-,-,?,-,false,-
com.warrenstrange,googleauth,1.2.0,-,-,?,-,false,-
io.github.classgraph,classgraph,4.1.0,io.github.classgraph,4.1.0,explicit,java.base,false,-
