groupId,artifactId,version,moduleName,moduleVersion,moduleMode,moduleDependencies,jdepsToolError,jdepsViolations
com.blazebit,blaze-ai-utils,0.1.16,com.blazebit.ai.utils,-,automatic,-,false,-
com.blazebit,blaze-apt-utils,0.1.16,com.blazebit.apt.utils,-,automatic,-,false,-
com.blazebit,blaze-common-utils,0.1.16,com.blazebit.common.utils,-,automatic,-,false,-
com.blazebit,blaze-ee-apt,0.1.16,com.blazebit.ee.apt,-,automatic,-,false,-
com.blazebit,blaze-ee-utils,0.1.16,com.blazebit.ee.utils,-,automatic,-,false,-
com.blazebit,blaze-mail-utils,0.1.16,com.blazebit.mail.utils,-,automatic,-,false,-
com.blazebit,blaze-persistence-archetype-core-sample,1.3.0-Alpha2,-,-,automatic,-,false,-
com.blazebit,blaze-persistence-archetype-deltaspike-data-sample,1.3.0-Alpha2,-,-,automatic,-,false,-
com.blazebit,blaze-persistence-archetype-entity-view-sample,1.3.0-Alpha2,-,-,automatic,-,false,-
com.blazebit,blaze-persistence-archetype-java-ee-sample,1.3.0-Alpha2,-,-,automatic,-,false,-
com.blazebit,blaze-persistence-archetype-spring-boot-sample,1.3.0-Alpha2,-,-,automatic,-,false,-
com.blazebit,blaze-persistence-archetype-spring-data-sample,1.3.0-Alpha2,-,-,automatic,-,false,-
com.blazebit,blaze-persistence-basic-showcase,1.2.0-Alpha2,-,-,?,-,false,-
com.blazebit,blaze-persistence-cdi-showcase,1.2.0-Alpha4,-,-,?,-,false,-
com.blazebit,blaze-persistence-checkstyle-rules,1.3.0-Alpha2,com.blazebit.persistence.checkstyle.rules,-,automatic,-,false,-
com.blazebit,blaze-persistence-core-api,1.3.0-Alpha2,com.blazebit.persistence.core,-,automatic,-,true,-
com.blazebit,blaze-persistence-core-impl,1.3.0-Alpha2,com.blazebit.persistence.core.impl,-,automatic,-,true,-
com.blazebit,blaze-persistence-core-parser,1.3.0-Alpha2,com.blazebit.persistence.core.parser,-,automatic,-,false,-
com.blazebit,blaze-persistence-core-testsuite,1.3.0-Alpha2,com.blazebit.persistence.core.testsuite,-,automatic,-,false,-
com.blazebit,blaze-persistence-cte-showcase,1.2.0-Alpha2,-,-,?,-,false,-
com.blazebit,blaze-persistence-documentation,1.3.0-Alpha2,-,-,automatic,-,false,-
com.blazebit,blaze-persistence-entity-view-api,1.3.0-Alpha2,com.blazebit.persistence.view,-,automatic,-,false,-
com.blazebit,blaze-persistence-entity-view-impl,1.3.0-Alpha2,com.blazebit.persistence.view.impl,-,automatic,-,true,-
com.blazebit,blaze-persistence-entity-view-testsuite,1.3.0-Alpha2,com.blazebit.persistence.view.testsuite,-,automatic,-,false,-
com.blazebit,blaze-persistence-examples-showcase-base,1.3.0-Alpha2,com.blazebit.persistence.examples.showcase.base,-,automatic,-,false,-
com.blazebit,blaze-persistence-examples-showcase-fragments-basic,1.3.0-Alpha2,com.blazebit.persistence.examples.showcase.fragments.basic,-,automatic,-,false,-
com.blazebit,blaze-persistence-examples-showcase-fragments-cte,1.3.0-Alpha2,com.blazebit.persistence.examples.showcase.fragments.cte,-,automatic,-,false,-
com.blazebit,blaze-persistence-examples-showcase-fragments-spring-data,1.3.0-Alpha2,com.blazebit.persistence.examples.showcase.fragments.spring.data,-,automatic,-,false,-
com.blazebit,blaze-persistence-examples-showcase-runner-cdi,1.3.0-Alpha2,com.blazebit.persistence.examples.showcase.runner.cdi,-,automatic,-,false,-
com.blazebit,blaze-persistence-examples-showcase-runner-spring,1.3.0-Alpha2,com.blazebit.persistence.examples.showcase.runner.spring,-,automatic,-,false,-
com.blazebit,blaze-persistence-examples-showcase-spi,1.3.0-Alpha2,com.blazebit.persistence.examples.showcase.spi,-,automatic,-,false,-
com.blazebit,blaze-persistence-examples-spring-data-rest,1.3.0-Alpha2,com.blazebit.persistence.examples.spring.data.rest,-,automatic,-,false,-
com.blazebit,blaze-persistence-integration-base-cdi,1.2.0-Alpha4,-,-,?,-,false,-
com.blazebit,blaze-persistence-integration-datanucleus,1.3.0-Alpha2,com.blazebit.persistence.integration.datanucleus,-,automatic,-,false,-
com.blazebit,blaze-persistence-integration-datanucleus-5.1,1.3.0-Alpha2,com.blazebit.persistence.integration.datanucleus,-,automatic,-,false,-
com.blazebit,blaze-persistence-integration-deltaspike-data-api,1.3.0-Alpha2,com.blazebit.persistence.integration.deltaspike.data,-,automatic,-,false,-
com.blazebit,blaze-persistence-integration-deltaspike-data-base,1.3.0-Alpha2,com.blazebit.persistence.integration.deltaspike.data.base,-,automatic,-,false,-
com.blazebit,blaze-persistence-integration-deltaspike-data-impl,1.2.0-Alpha4,-,-,?,-,false,-
com.blazebit,blaze-persistence-integration-deltaspike-data-impl-1.7,1.3.0-Alpha2,com.blazebit.persistence.integration.deltaspike.data.impl,-,automatic,-,false,-
com.blazebit,blaze-persistence-integration-deltaspike-data-impl-1.8,1.3.0-Alpha2,com.blazebit.persistence.integration.deltaspike.data.impl,-,automatic,-,false,-
com.blazebit,blaze-persistence-integration-deltaspike-data-rest-api,1.3.0-Alpha2,com.blazebit.persistence.integration.deltaspike.data.rest,-,automatic,-,false,-
com.blazebit,blaze-persistence-integration-deltaspike-data-rest-impl,1.3.0-Alpha2,com.blazebit.persistence.integration.deltaspike.data.rest.impl,-,automatic,-,false,-
com.blazebit,blaze-persistence-integration-deltaspike-data-testsuite,1.3.0-Alpha2,com.blazebit.persistence.integration.deltaspike.data.testsuite,-,automatic,-,false,-
com.blazebit,blaze-persistence-integration-eclipselink,1.3.0-Alpha2,com.blazebit.persistence.integration.eclipselink,-,automatic,-,false,-
com.blazebit,blaze-persistence-integration-entity-view-cdi,1.3.0-Alpha2,com.blazebit.persistence.integration.view.cdi,-,automatic,-,false,-
com.blazebit,blaze-persistence-integration-entity-view-spring,1.3.0-Alpha2,com.blazebit.persistence.integration.view.spring,-,automatic,-,false,-
com.blazebit,blaze-persistence-integration-hibernate-4.2,1.3.0-Alpha2,com.blazebit.persistence.integration.hibernate,-,automatic,-,false,-
com.blazebit,blaze-persistence-integration-hibernate-4.3,1.3.0-Alpha2,com.blazebit.persistence.integration.hibernate,-,automatic,-,false,-
com.blazebit,blaze-persistence-integration-hibernate-5,1.3.0-Alpha2,com.blazebit.persistence.integration.hibernate,-,automatic,-,false,-
com.blazebit,blaze-persistence-integration-hibernate-5.2,1.3.0-Alpha2,com.blazebit.persistence.integration.hibernate,-,automatic,-,false,-
com.blazebit,blaze-persistence-integration-hibernate-5.3,1.3.0-Alpha2,com.blazebit.persistence.integration.hibernate,-,automatic,-,false,-
com.blazebit,blaze-persistence-integration-hibernate-6.0,1.3.0-Alpha2,com.blazebit.persistence.integration.hibernate,-,automatic,-,false,-
com.blazebit,blaze-persistence-integration-hibernate-base,1.3.0-Alpha2,com.blazebit.persistence.integration.hibernate.base,-,automatic,-,false,-
com.blazebit,blaze-persistence-integration-jpa-base,1.3.0-Alpha2,com.blazebit.persistence.integration.jpa,-,automatic,-,false,-
com.blazebit,blaze-persistence-integration-openjpa,1.3.0-Alpha2,com.blazebit.persistence.integration.openjpa,-,automatic,-,false,-
com.blazebit,blaze-persistence-integration-spring-data,1.2.0-Alpha4,-,-,?,-,false,-
com.blazebit,blaze-persistence-integration-spring-data-1.x,1.3.0-Alpha2,com.blazebit.persistence.integration.spring.data.impl,-,automatic,-,false,-
com.blazebit,blaze-persistence-integration-spring-data-2.x,1.3.0-Alpha2,com.blazebit.persistence.integration.spring.data.impl,-,automatic,-,false,-
com.blazebit,blaze-persistence-integration-spring-data-base,1.3.0-Alpha2,com.blazebit.persistence.integration.spring.data,-,automatic,-,false,-
com.blazebit,blaze-persistence-integration-spring-data-rest,1.3.0-Alpha2,com.blazebit.persistence.integration.spring.data.rest,-,automatic,-,false,-
com.blazebit,blaze-persistence-integration-spring-data-testsuite,1.3.0-Alpha2,com.blazebit.persistence.integration.spring.data.testsuite,-,automatic,-,false,-
com.blazebit,blaze-persistence-jpa-criteria-api,1.3.0-Alpha2,com.blazebit.persistence.criteria,-,automatic,-,false,-
com.blazebit,blaze-persistence-jpa-criteria-impl,1.3.0-Alpha2,com.blazebit.persistence.criteria.impl,-,automatic,-,false,-
com.blazebit,blaze-persistence-jpa-criteria-jpa-2-compatibility,1.3.0-Alpha2,com.blazebit.persistence.criteria.jpa2compatibility,-,automatic,-,false,-
com.blazebit,blaze-persistence-jpa-criteria-testsuite,1.3.0-Alpha2,com.blazebit.persistence.criteria.testsuite,-,automatic,-,false,-
com.blazebit,blaze-persistence-showcase-base,1.2.0-Alpha4,-,-,?,-,false,-
com.blazebit,blaze-persistence-showcase-basic,1.2.0-Alpha4,-,-,?,-,false,-
com.blazebit,blaze-persistence-showcase-cte,1.2.0-Alpha4,-,-,?,-,false,-
com.blazebit,blaze-persistence-showcase-spi,1.2.0-Alpha4,-,-,?,-,false,-
com.blazebit,blaze-persistence-showcase-spring-data,1.2.0-Alpha4,-,-,?,-,false,-
com.blazebit,blaze-persistence-spring-data,1.2.0-Alpha2,-,-,?,-,false,-
com.blazebit,blaze-persistence-spring-data-showcase,1.2.0-Alpha2,-,-,?,-,false,-
com.blazebit,blaze-persistence-spring-showcase,1.2.0-Alpha4,-,-,?,-,false,-
com.blazebit,blaze-persistence-testsuite-base-datanucleus,1.3.0-Alpha2,com.blazebit.persistence.testsuite.base.datanucleus,-,automatic,-,false,-
com.blazebit,blaze-persistence-testsuite-base-eclipselink,1.3.0-Alpha2,com.blazebit.persistence.testsuite.base.eclipselink,-,automatic,-,false,-
com.blazebit,blaze-persistence-testsuite-base-hibernate,1.3.0-Alpha2,com.blazebit.persistence.testsuite.base.hibernate,-,automatic,-,false,-
com.blazebit,blaze-persistence-testsuite-base-jpa,1.3.0-Alpha2,com.blazebit.persistence.testsuite.base.jpa,-,automatic,-,false,-
com.blazebit,blaze-persistence-testsuite-base-openjpa,1.3.0-Alpha2,com.blazebit.persistence.testsuite.base.openjpa,-,automatic,-,false,-
com.blazebit,blaze-persistence-website,1.3.0-Alpha2,-,-,automatic,-,false,-
com.blazebit,blaze-storage-client-basic,0.2.2,-,-,?,-,false,-
com.blazebit,blaze-storage-client-core,0.2.2,-,-,?,-,false,-
com.blazebit,blaze-storage-client-keycloak,0.2.2,-,-,?,-,false,-
com.blazebit,blaze-storage-core-api,0.2.2,-,-,?,-,false,-
com.blazebit,blaze-storage-core-config-api,0.2.2,-,-,?,-,false,-
com.blazebit,blaze-storage-core-config-wildfly,0.2.2,-,-,?,-,false,-
com.blazebit,blaze-storage-core-impl,0.2.2,-,-,?,-,false,-
com.blazebit,blaze-storage-core-model,0.2.2,-,-,?,-,false,-
com.blazebit,blaze-storage-documentation,0.2.2,-,-,?,-,false,-
com.blazebit,blaze-storage-modules-alert-email,0.2.2,-,-,?,-,false,-
com.blazebit,blaze-storage-modules-authentication-api,0.2.2,-,-,?,-,false,-
com.blazebit,blaze-storage-modules-authentication-basic,0.2.2,-,-,?,-,false,-
com.blazebit,blaze-storage-modules-authentication-keycloak,0.2.2,-,-,?,-,false,-
com.blazebit,blaze-storage-modules-storage-base,0.2.2,-,-,?,-,false,-
com.blazebit,blaze-storage-modules-storage-classpath,0.2.2,-,-,?,-,false,-
com.blazebit,blaze-storage-modules-storage-ftp,0.2.2,-,-,?,-,false,-
com.blazebit,blaze-storage-modules-storage-local,0.2.2,-,-,?,-,false,-
com.blazebit,blaze-storage-modules-storage-nio2,0.2.2,-,-,?,-,false,-
com.blazebit,blaze-storage-rest-api,0.2.2,-,-,?,-,false,-
com.blazebit,blaze-storage-rest-impl,0.2.2,-,-,?,-,false,-
com.blazebit,blaze-storage-rest-model,0.2.2,-,-,?,-,false,-
com.blazebit,blaze-storage-testsuite-common,0.2.2,-,-,?,-,false,-
com.blazebit,blaze-storage-testsuite-core-common,0.2.2,-,-,?,-,false,-
com.blazebit,blaze-storage-testsuite-core-service,0.2.2,-,-,?,-,false,-
com.blazebit,blaze-storage-testsuite-storage-common,0.2.2,-,-,?,-,false,-
com.blazebit,blaze-storage-testsuite-storage-ftp,0.2.2,-,-,?,-,false,-
com.blazebit,blaze-storage-testsuite-storage-local,0.2.2,-,-,?,-,false,-
com.blazebit,blaze-template-utils,0.1.16,com.blazebit.template.utils,-,automatic,-,false,-
com.blazebit,blaze-weblink-client-basic,0.2.1,-,-,?,-,false,-
com.blazebit,blaze-weblink-client-core,0.2.1,-,-,?,-,false,-
com.blazebit,blaze-weblink-client-keycloak,0.2.1,-,-,?,-,false,-
com.blazebit,blaze-weblink-core-api,0.2.1,-,-,?,-,false,-
com.blazebit,blaze-weblink-core-config-api,0.2.1,-,-,?,-,false,-
com.blazebit,blaze-weblink-core-config-wildfly,0.2.1,-,-,?,-,false,-
com.blazebit,blaze-weblink-core-impl,0.2.1,-,-,?,-,false,-
com.blazebit,blaze-weblink-core-model,0.2.1,-,-,?,-,false,-
com.blazebit,blaze-weblink-documentation,0.2.1,-,-,?,-,false,-
com.blazebit,blaze-weblink-modules-authentication-api,0.2.1,-,-,?,-,false,-
com.blazebit,blaze-weblink-modules-authentication-basic,0.2.1,-,-,?,-,false,-
com.blazebit,blaze-weblink-modules-authentication-keycloak,0.2.1,-,-,?,-,false,-
com.blazebit,blaze-weblink-modules-dispatcher-base,0.2.1,-,-,?,-,false,-
com.blazebit,blaze-weblink-modules-dispatcher-forward,0.2.1,-,-,?,-,false,-
com.blazebit,blaze-weblink-modules-dispatcher-redirect,0.2.1,-,-,?,-,false,-
com.blazebit,blaze-weblink-rest-api,0.2.1,-,-,?,-,false,-
com.blazebit,blaze-weblink-rest-impl,0.2.1,-,-,?,-,false,-
com.blazebit,blaze-weblink-rest-model,0.2.1,-,-,?,-,false,-
com.blazebit,blaze-weblink-testsuite-common,0.2.1,-,-,?,-,false,-
com.blazebit,blaze-weblink-testsuite-core-common,0.2.1,-,-,?,-,false,-
com.blazebit,blaze-weblink-testsuite-core-service,0.2.1,-,-,?,-,false,-
com.blazebit,blaze-weblink-testsuite-dispatcher-common,0.2.1,-,-,?,-,false,-
com.blazebit,blaze-weblink-testsuite-dispatcher-forward,0.2.1,-,-,?,-,false,-
com.blazebit,blaze-weblink-testsuite-dispatcher-redirect,0.2.1,-,-,?,-,false,-
com.ccheptea.auto.value,auto-value-node,0.2.8,-,-,?,-,false,-
com.ccheptea.auto.value,auto-value-node-runtime,0.2.8,-,-,?,-,false,-
com.ccheptea.auto.value,auto-value-variant,1.2.0,-,-,?,-,false,-
com.ccheptea.auto.value,auto-value-variant-runtime,1.2.0,-,-,?,-,false,-
com.codeminders.socketio.extension,socketio-server-jetty,1.0.2,-,-,?,-,false,-
com.codeminders.socketio.sample,socketio-sample-chat,1.0.2,-,-,?,-,false,-
com.codeminders.socketio,socket-io,1.0.6,-,-,?,-,false,-
com.codeminders.socketio,socketio-sample-chat-jetty,1.0.6,-,-,?,-,false,-
com.codeminders.socketio,socketio-sample-chat-tomcat,1.0.6,-,-,?,-,false,-
com.codeminders.socketio,socketio-server-core,1.0.2,-,-,?,-,false,-
com.couchbase.client,core-io,1.6.1,com.couchbase.client.core,-,automatic,-,false,sun.misc.Unsafe                          See http://openjdk.java.net/jeps/260 + sun.security.x509.X500Name               Use javax.security.auth.x500.X500Principal @since 1.4
com.couchbase.client,couchbase-client,1.4.13,-,-,?,-,false,-
com.couchbase.client,couchbase-spring-cache,2.1.0,-,-,?,-,false,-
com.couchbase.client,dcp-client,0.19.0,-,-,?,-,false,-
com.couchbase.client,encryption,1.0.0,-,-,?,-,false,-
com.couchbase.client,java-client,2.6.1,com.couchbase.client.java,-,automatic,-,false,-
com.couchbase.client,kafka-connect-couchbase,3.4.0-beta.1,-,-,?,-,false,sun.misc.Unsafe                          See http://openjdk.java.net/jeps/260 + sun.security.x509.X500Name               Use javax.security.auth.x500.X500Principal @since 1.4
com.couchbase.client,spark-connector_2.10,2.2.0,-,-,?,-,false,-
com.couchbase.client,spark-connector_2.11,2.2.0,-,-,?,-,false,-
com.couchbase.lite,couchbase-lite-java,1.4.3,-,-,?,-,false,-
com.couchbase.lite,couchbase-lite-java-core,1.4.3,-,-,?,-,false,-
com.couchbase.lite,couchbase-lite-java-forestdb,1.4.3,-,-,?,-,false,-
com.couchbase.lite,couchbase-lite-java-javascript,1.4.1,-,-,?,-,false,-
com.couchbase.lite,couchbase-lite-java-listener,1.4.1,-,-,?,-,false,-
com.couchbase.lite,couchbase-lite-java-sqlcipher,1.4.3,-,-,?,-,false,-
com.couchbase.lite,couchbase-lite-java-sqlite-custom,1.4.3,-,-,?,-,false,-
com.couchbase.mock,CouchbaseMock,1.5.19,-,-,?,-,false,sun.misc.Unsafe                          See http://openjdk.java.net/jeps/260
com.eroelf,javaxsx,0.0.8,-,-,?,-,false,-
com.hpe.adm.nga.sdk.extension,sdk-extension-src,12.55.32,-,-,?,-,false,-
com.hpe.adm.nga.sdk.extension,sdk-extension-usage-examples,12.55.32,-,-,?,-,false,-
com.hpe.adm.nga.sdk,sdk-generate-entity-models-maven-plugin,12.55.32,-,-,?,-,false,-
com.hpe.adm.nga.sdk,sdk-integration-tests,12.55.32,-,-,?,-,false,-
com.hpe.adm.nga.sdk,sdk-src,12.55.32,-,-,?,-,false,-
com.hpe.adm.nga.sdk,sdk-usage-examples,12.55.32,-,-,?,-,false,-
com.hpe.adm.octane.ciplugins,alm-test-result-collection-tool,1.0.6,-,-,?,-,false,-
com.hpe.adm.octane.ciplugins,bamboo-ci-plugin,1.4,-,-,?,-,false,-
com.hpe.adm.octane.ciplugins,gocd-ci-plugin,1.7,-,-,?,-,false,-
com.hpe.adm.octane.ciplugins,integrations-dto,1.5.26,-,-,?,-,false,-
com.hpe.adm.octane.ciplugins,integrations-sdk,1.5.26,-,-,?,-,false,-
com.hpe.adm.octane.ciplugins,mqm-rest-client,1.4.25,-,-,?,-,false,-
com.hpe.adm.octane.ciplugins,mqm-rest-client-test,1.4.25,-,-,?,-,false,-
com.hpe.adm.octane.ciplugins,teamcity-ci-plugin,1.2.4,-,-,?,-,false,-
com.hpe.adm.octane.ciplugins,test-result-collection-tool,1.0.6,-,-,?,-,false,-
com.hpe.adm.octane.ciplugins,test-result-collection-tool-test,1.0.6,-,-,?,-,false,-
com.hpe.adm.octane.ideplugins,octane-plugin-common,1.5.6,-,-,?,-,false,-
com.hpe.alm.octane,octane-cucumber-jvm,12.55.7,-,-,?,-,false,-
com.hpe.oneview,oneview-sdk-java,3.2.1,-,-,?,-,false,-
com.loadcoder,chart-extensions,1.0.19,-,-,?,-,false,-
com.loadcoder,loadcoder-all,1.0.0-beta3,-,-,?,-,false,-
com.loadcoder,loadcoder-chart,1.0.0-beta3,-,-,?,-,false,-
com.loadcoder,loadcoder-core,1.0.0-beta3,-,-,?,-,false,-
com.loadcoder,loadcoder-logback,1.0.0-beta3,-,-,?,-,false,-
com.loadcoder,loadcoder-result,1.0.0-beta3,-,-,?,-,false,-
com.loadcoder,loadcoder-test,1.0.0-beta3,-,-,?,-,false,-
com.loadcoder,loadcoder-testutilities,1.0.0-beta3,-,-,?,-,false,-
com.loadcoder,loadcoder-utilities,1.0.0-beta3,-,-,?,-,false,-
com.pauldijou,jwt-circe_2.10,0.10.0,-,-,?,-,false,-
com.pauldijou,jwt-circe_2.11,0.17.0,-,-,?,-,false,-
com.pauldijou,jwt-circe_2.12,0.17.0,-,-,?,-,false,-
com.pauldijou,jwt-circe-legacy_2.10,0.10.0,-,-,?,-,false,-
com.pauldijou,jwt-circe-legacy_2.12,0.17.0,-,-,?,-,false,-
com.pauldijou,jwt-core_2.11,0.17.0,-,-,?,-,false,-
com.pauldijou,jwt-core-impl_2.10,0.10.0,-,-,?,-,false,-
com.pauldijou,jwt-core-impl_2.12,0.17.0,-,-,?,-,false,-
com.pauldijou,jwt-core-legacy_2.11,0.17.0,-,-,?,-,false,-
com.pauldijou,jwt-core-legacy-impl_2.10,0.10.0,-,-,?,-,false,-
com.pauldijou,jwt-core-legacy-impl_2.12,0.17.0,-,-,?,-,false,-
com.pauldijou,jwt-json4s-common_2.10,0.10.0,-,-,?,-,false,-
com.pauldijou,jwt-json4s-common_2.11,0.17.0,-,-,?,-,false,-
com.pauldijou,jwt-json4s-common-legacy_2.11,0.17.0,-,-,?,-,false,-
com.pauldijou,jwt-json4s-jackson_2.10,0.10.0,-,-,?,-,false,-
com.pauldijou,jwt-json4s-jackson_2.11,0.17.0,-,-,?,-,false,-
com.pauldijou,jwt-json4s-jackson-legacy_2.11,0.17.0,-,-,?,-,false,-
com.pauldijou,jwt-json4s-native_2.11,0.17.0,-,-,?,-,false,-
com.pauldijou,jwt-json4s-native_2.12,0.17.0,-,-,?,-,false,-
com.pauldijou,jwt-json4s-native-legacy_2.10,0.10.0,-,-,?,-,false,-
com.pauldijou,jwt-json4s-native-legacy_2.11,0.17.0,-,-,?,-,false,-
com.pauldijou,jwt-json-common_2.10,0.10.0,-,-,?,-,false,-
com.pauldijou,jwt-json-common_2.12,0.17.0,-,-,?,-,false,-
com.pauldijou,jwt-json-common-legacy_2.10,0.10.0,-,-,?,-,false,-
com.pauldijou,jwt-json-common-legacy_2.12,0.17.0,-,-,?,-,false,-
com.pauldijou,jwt-play_2.12,0.17.0,-,-,?,-,false,-
com.pauldijou,jwt-play-json_2.11,0.17.0,-,-,?,-,false,-
com.pauldijou,jwt-play-json_2.12,0.17.0,-,-,?,-,false,-
com.pauldijou,jwt-play-json-legacy_2.11,0.17.0,-,-,?,-,false,-
com.pauldijou,jwt-upickle_2.11,0.17.0,-,-,?,-,false,-
com.pauldijou,jwt-upickle_2.12,0.17.0,-,-,?,-,false,-
com.pauldijou,jwt-upickle-legacy_2.10,0.10.0,-,-,?,-,false,-
com.pauldijou,jwt-upickle-legacy_2.11,0.17.0,-,-,?,-,false,-
com.payalabs,scalajs-react-bridge_sjs0.6_2.11,0.6.0,-,-,?,-,false,-
com.payalabs,scalajs-react-bridge_sjs0.6_2.12,0.6.0,-,-,?,-,false,-
com.rackspace.cloud.api,wadl-tools_2.10,1.0.38,-,-,?,-,false,-
com.rackspace.cloud.api,wadl-tools_2.11,1.0.38,-,-,?,-,false,-
com.redpill-linpro.alfresco,alfresco-systemmessages-platform,2.1.0,-,-,?,-,false,-
com.redpill-linpro.alfresco,alfresco-systemmessages-share,2.1.0,-,-,?,-,false,-
com.redpill-linpro.alfresco,integration-tests,2.1.0,-,-,?,-,false,-
com.redpill-linpro,mule-jwt-connector,1.0.0,-,-,?,-,false,-
com.researchworx.cresco,cresco-library,0.4.1,-,-,?,-,false,-
com.researchworx.cresco,cresco-plugin-library,0.5.3,-,-,?,-,false,-
com.simpleintelligence,SIHTTPRequest,18.2.1,-,-,?,-,false,-
com.socrata,soda-consumer-scala_2.12,2.0.9,-,-,?,-,false,-
com.socrata,soda-publisher-scala_2.10,2.0.9,-,-,?,-,false,-
