groupId,artifactId,version,moduleName,moduleVersion,moduleMode,moduleDependencies,jdepsToolError,jdepsViolations
cn.antcore,AntKafka,0.0.2-RELEASE,-,-,?,-,false,-
com.antwerkz.critter,critter-core,3.0.1,-,-,?,-,false,-
com.antwerkz.critter,critter-generator,3.0.1,-,-,?,-,false,-
com.antwerkz.critter,critter-maven,3.0.1,-,-,?,-,false,-
com.antwerkz.critter,critter-tests-java,3.0.1,-,-,?,-,false,-
com.antwerkz.critter,critter-tests-kotlin,3.0.1,-,-,?,-,false,-
com.antwerkz.kibble,kibble,0.13,-,-,?,-,false,-
com.google.apis,google-api-services-safebrowsing,v4-rev69-1.24.1,-,-,?,-,false,-
com.google.apis,google-api-services-toolresults,v1beta3-rev444-1.24.1,-,-,?,-,false,-
com.kloudtek.ktutils,ktutils,1.3.10,-,-,?,-,false,-
com.kloudtek.ktutils,ktutils-android,1.3.10,-,-,?,-,false,-
com.kloudtek.ktutils,ktutils-http,1.3.10,-,-,?,-,false,-
com.kloudtek.ktutils,ktutils-jee,1.3.10,-,-,?,-,false,-
com.kloudtek.ktutils,ktutils-jetty,1.3.10,-,-,?,-,false,-
com.kloudtek.ktutils,ktutils-jsf,1.3.10,-,-,?,-,false,-
com.kloudtek.ktutils,ktutils-json,1.3.10,-,-,?,-,false,-
com.kloudtek.ktutils,ktutils-mule,1.3.10,-,-,?,-,false,-
com.kloudtek.ktutils,ktutils-security,1.3.10,-,-,?,-,false,-
com.kloudtek.ktutils,ktutils-selenium,1.3.10,-,-,?,-,false,-
com.kloudtek.ktutils,ktutils-spring,1.3.10,-,-,?,-,false,-
com.kloudtek.ktutils,ktutils-testing,1.3.10,-,-,?,-,false,-
com.ursful.framework,ursful-orm,1.2.6,-,-,?,-,false,-
io.github.pr0methean.betterrandom,BetterRandom,2.4.7,-,-,?,-,false,-
io.github.whimthen,whimthen-common,0.0.1,-,-,?,-,false,-
