groupId,artifactId,version,moduleName,moduleVersion,moduleMode,moduleDependencies,jdepsToolError,jdepsViolations
com.clearbit,client,0.9,-,-,?,-,false,-
com.colinalworth.gwt.websockets,javaee-websocket-gwt-rpc,0.1.1,-,-,?,-,false,-
com.colinalworth.gwt.websockets,rpc-client-common,0.1.1,-,-,?,-,false,-
com.colinalworth.gwt.websockets,workers,0.1.1,-,-,?,-,false,-
com.eclipsesource.j2v8,j2v8_linux_x86_64,4.8.0,-,-,?,-,false,-
com.eclipsesource.minimal-json,minimal-json,0.9.5,-,-,?,-,false,-
com.fuzhutech,fuzhutech-common,1.0.0,-,-,?,-,false,-
com.fuzhutech,fuzhutech-mybatis-generator,1.0.0,-,-,?,-,false,-
com.fuzhutech,fuzhutech-ueditor,1.0.0,-,-,?,-,false,-
com.harium,dotenv,1.0.5,-,-,?,-,false,-
com.harium,etyl,1.0.18,-,-,?,-,false,-
com.harium.etyl,animation,1.3.5,-,-,?,-,false,-
com.harium.etyl,cinematics,1.0.0,-,-,?,-,false,-
com.harium.etyl,commons,1.3.0,-,-,?,-,false,-
com.harium.etyl,etyl,1.3.7,-,-,?,-,false,-
com.harium.etyl,etyl-gdx,1.2.6,-,-,?,-,false,-
com.harium.etyl,etyl-gdx-android,1.2.2,-,-,?,-,false,-
com.harium.etyl,etyl-gdx-awt,1.0.1,-,-,?,-,false,-
com.harium.etyl,etyl-gdx-base-backend,1.1.4,-,-,?,-,false,-
com.harium.etyl,etyl-gdx-lwjgl,1.0.7,-,-,?,-,false,-
com.harium.etyl,etyl-gdx-util,1.0.0,-,-,?,-,false,-
com.harium.etyl,etyl-geometry,1.0.0,-,-,?,-,false,-
com.harium.etyl,etyl-io-android,1.0.0,-,-,?,-,false,-
com.harium,etyl-filechooser,1.0.4,-,-,?,-,false,-
com.harium.etyl,filechooser,1.0.6,-,-,?,-,false,-
com.harium.etyl,geometry,1.0.3,-,-,?,-,false,-
com.harium.etyl,i18n,1.0.0,-,-,?,-,false,-
com.harium.etyl,io,1.0.0,-,-,?,-,false,-
com.harium.etyl,io-android,1.0.1,-,-,?,-,false,-
com.harium.etyl.networking,core,1.3.0,-,-,?,-,false,-
com.harium.etyl.networking,kryo,1.0.0,-,-,?,-,false,-
com.harium.etyl.networking,networking,1.1.4,-,-,?,-,false,-
com.harium.etyl.networking,networking-image,1.0.2,-,-,?,-,false,-
com.harium.etyl,paparazzi,1.0.1,-,-,?,-,false,-
com.harium,etyl-sound,1.0.2,-,-,?,-,false,-
com.harium.etyl,sound,1.2.0,-,-,?,-,false,-
com.harium,etyl-spriter,1.0.3,-,-,?,-,false,-
com.harium.etyl,touchjoystick,1.0.0,-,-,?,-,false,-
com.harium.etyl,ui,0.1.0,-,-,?,-,false,-
com.harium.graph,graph,1.0.0,-,-,?,-,false,-
com.harium.hci,espeak,1.0.0,-,-,?,-,false,-
com.harium.malt,malt,0.1.0,-,-,?,-,false,-
com.harium.propan,commons,0.0.1,-,-,?,-,false,-
com.harium.propan,propan,1.0.7,-,-,?,-,false,-
com.harium.propan,propan-gdx,1.2.3,-,-,?,-,false,-
com.harium.propan,propan-gdx-android,1.0.2,-,-,?,-,false,-
com.harium.propan,propan-gdx-jogl-backend,1.9.7.3,-,-,?,-,false,-
com.harium.propan,propan-gdx-util,1.0.0,-,-,?,-,false,-
com.harium.propan,propan-jogl,1.0.0,-,-,?,-,false,-
com.harium.propan,propan-jogl-gis,1.0.0,-,-,?,-,false,-
com.harium.propan,propan-storage,1.0.1,-,-,?,-,false,-
com.harium.suneidesis,core,1.0.0,-,-,?,-,false,-
com.harium.web,core,1.0.2,-,-,?,-,false,-
com.jkojote.types,types,1.0,-,-,?,-,false,-
com.jkojote.types,types-jpa-support,1.0,-,-,?,-,false,-
com.omertron,api-moviemeter,1.1,-,-,?,-,false,-
com.omertron,API-OMDB,1.5,-,-,?,-,false,-
com.omertron,fanarttvapi,3.3,-,-,?,-,false,-
com.raskasa.metrics,metrics-okhttp,0.4.0,-,-,?,-,false,-
com.raskasa.metrics,sample,0.4.0,-,-,?,-,false,-
com.refunctoring,fold_2.12,0.0.1,-,-,?,-,false,-
com.surenpi.autotest,autotest.code.compiler,1.0.0-20170714,-,-,?,-,false,-
com.surenpi.autotest,autotest.code.generator,1.0.0-20170714,-,-,?,-,false,-
com.surenpi.autotest,autotest.datasource,1.0.0-20170706,-,-,?,-,false,-
com.surenpi.autotest,autotest.datasource.excel,1.0.0-20170706,-,-,?,-,false,-
com.surenpi.autotest,autotest.datasource.yaml,1.0.0-20170706,-,-,?,-,false,-
com.surenpi.autotest,autotest.interface.framework,1.0.1-20170422,-,-,?,-,false,-
com.surenpi.autotest,autotest.report,1.0.0-20170722,-,-,?,-,false,-
com.surenpi.autotest,autotest.report.database,1.0.0-20170618,-,-,?,-,false,-
com.surenpi.autotest,autotest.report.excel,1.0.0-20170618,-,-,?,-,false,-
com.surenpi.autotest,autotest.report.jira,1.0.0-20170701,-,-,?,-,false,-
com.surenpi.autotest,autotest.suite.runner,1.0.1-20170718,-,-,?,-,false,-
com.surenpi.autotest,autotest.utils,1.0.0-20180125,-,-,?,-,false,-
com.surenpi.autotest,autotest.webdriver.downloader,1.0.2-20180128,-,-,?,-,false,-
com.surenpi.autotest,autotest.web.framework,2.0.0-20170722,-,-,?,-,false,-
com.surenpi.autotest,autotest.web.framework.archetype,2.0.1-20180106,-,-,?,-,false,-
com.surenpi.autotest,autotest.webui,1.0.0-20170722,-,-,?,-,false,-
com.surenpi.ci,jenkins.client.java,1.0.0-20171218,-,-,?,-,false,-
com.tasktop,cors-servlet-filter,1.0.1,-,-,?,-,false,-
com.tasktop.maven,change-impact,0.0.3,-,-,?,-,false,-
com.tasktop,wdpapi,0.0.7,-,-,?,-,false,-
com.teradata.benchto,benchto-driver,0.4,-,-,?,-,false,-
com.teradata.benchto,benchto-generator,0.4,-,-,?,-,false,sun.misc.Cleaner                         Use java.lang.ref.PhantomReference @since 1.2 or java.lang.ref.Cleaner @since 9 + sun.misc.Unsafe                          See http://openjdk.java.net/jeps/260 + sun.reflect.ReflectionFactory            See http://openjdk.java.net/jeps/260
com.teradata.benchto,benchto-service,0.4,-,-,?,-,false,-
com.teradata,redlinerpm-maven-plugin-td,2.1.5,-,-,?,-,false,-
com.teradata.tempto,tempto-core,1.40,-,-,?,-,false,-
com.teradata.tempto,tempto-ldap,1.40,-,-,?,-,false,-
com.teradata.tempto,tempto-logging-log4j,1.40,-,-,?,-,false,-
com.teradata.tempto,tempto-runner,1.40,-,-,?,-,false,-
com.teradata.tpcds,tpcds,1.2,-,-,?,-,false,-
com.webcohesion.enunciate,enunciate-core,2.11.1,-,-,?,-,false,com.sun.tools.javac.api.JavacTool        Use javax.tools and javax.lang.model @since 1.6
com.webcohesion.enunciate,enunciate-core-annotations,2.11.1,-,-,?,-,false,-
com.webcohesion.enunciate,enunciate-csharp-xml-client,2.11.1,-,-,?,-,false,-
com.webcohesion.enunciate,enunciate-c-xml-client,2.11.1,-,-,?,-,false,-
com.webcohesion.enunciate,enunciate-docs,2.11.1,-,-,?,-,false,-
com.webcohesion.enunciate,enunciate-gwt-json-overlay,2.11.1,-,-,?,-,false,-
com.webcohesion.enunciate,enunciate-idl,2.11.1,-,-,?,-,false,-
com.webcohesion.enunciate,enunciate-jackson1,2.11.1,-,-,?,-,false,-
com.webcohesion.enunciate,enunciate-jackson,2.11.1,-,-,?,-,false,-
com.webcohesion.enunciate,enunciate-javac-support,2.11.1,-,-,?,-,false,-
com.webcohesion.enunciate,enunciate-java-json-client,2.11.1,-,-,?,-,false,com.sun.tools.javac.api.JavacTool        Use javax.tools and javax.lang.model @since 1.6
com.webcohesion.enunciate,enunciate-javascript-client,2.11.1,-,-,?,-,false,-
com.webcohesion.enunciate,enunciate-java-xml-client,2.11.1,-,-,?,-,false,com.sun.tools.javac.api.JavacTool        Use javax.tools and javax.lang.model @since 1.6
com.webcohesion.enunciate,enunciate-jaxb,2.11.1,-,-,?,-,false,-
com.webcohesion.enunciate,enunciate-jaxrs,2.11.1,-,-,?,-,false,-
com.webcohesion.enunciate,enunciate-jaxws,2.11.1,-,-,?,-,false,-
com.webcohesion.enunciate,enunciate-lombok,2.11.1,-,-,?,-,false,-
com.webcohesion.enunciate,enunciate-maven-plugin,2.11.1,-,-,?,-,false,-
com.webcohesion.enunciate,enunciate-obj-c-xml-client,2.11.1,-,-,?,-,false,-
com.webcohesion.enunciate,enunciate-php-json-client,2.11.1,-,-,?,-,false,-
com.webcohesion.enunciate,enunciate-php-xml-client,2.11.1,-,-,?,-,false,-
com.webcohesion.enunciate,enunciate-rt-util,2.11.1,-,-,?,-,false,-
com.webcohesion.enunciate,enunciate-ruby-json-client,2.11.1,-,-,?,-,false,-
com.webcohesion.enunciate,enunciate-slim-maven-plugin,2.11.1,-,-,?,-,false,-
com.webcohesion.enunciate,enunciate-spring-web,2.11.1,-,-,?,-,false,-
com.webcohesion.enunciate,enunciate-swagger,2.11.1,-,-,?,-,false,-
com.webcohesion.enunciate,enunciate-top,2.11.1,-,-,?,-,false,-
com.webcohesion.ofx4j,ofx4j,1.14,-,-,?,-,false,-
com.wepay.kcbq,kcbq-api,1.1.0,-,-,?,-,false,-
com.wepay.kcbq,kcbq-confluent,1.1.0,-,-,?,-,false,-
com.wepay.kcbq,kcbq-connector,1.1.0,-,-,?,-,false,-
