groupId,artifactId,version,moduleName,moduleVersion,moduleMode,moduleDependencies,jdepsToolError,jdepsViolations
com.artnaseef,jaxb-cache,1.0.0,-,-,?,-,false,-
com.bazaarvoice.emodb,emodb-auth-client,5.6.30,-,-,?,-,false,-
com.bazaarvoice.emodb,emodb-auth-core,5.6.30,-,-,?,-,false,-
com.bazaarvoice.emodb,emodb-auth-store,5.6.30,-,-,?,-,false,-
com.bazaarvoice.emodb,emodb-auth-test,5.6.30,-,-,?,-,false,-
com.bazaarvoice.emodb,emodb-blob,5.6.30,-,-,?,-,false,-
com.bazaarvoice.emodb,emodb-blob-api,5.6.30,-,-,?,-,false,-
com.bazaarvoice.emodb,emodb-blob-client,5.6.30,-,-,?,-,false,-
com.bazaarvoice.emodb,emodb-blob-client-common,5.6.30,-,-,?,-,false,-
com.bazaarvoice.emodb,emodb-cachemgr,5.6.30,-,-,?,-,false,-
com.bazaarvoice.emodb,emodb-common-api,5.6.30,-,-,?,-,false,-
com.bazaarvoice.emodb,emodb-common-astyanax,5.6.30,-,-,?,-,false,-
com.bazaarvoice.emodb,emodb-common-client,5.6.30,-,-,?,-,false,-
com.bazaarvoice.emodb,emodb-common-dropwizard,5.6.30,-,-,?,-,false,-
com.bazaarvoice.emodb,emodb-common-dropwizard-client,5.6.30,-,-,?,-,false,-
com.bazaarvoice.emodb,emodb-common-json,5.6.30,-,-,?,-,false,-
com.bazaarvoice.emodb,emodb-common-stash,5.6.30,-,-,?,-,false,-
com.bazaarvoice.emodb,emodb-common-uuid,5.6.30,-,-,?,-,false,-
com.bazaarvoice.emodb,emodb-common-zookeeper,5.6.30,-,-,?,-,false,-
com.bazaarvoice.emodb,emodb-databus,5.6.30,-,-,?,-,false,-
com.bazaarvoice.emodb,emodb-databus-api,5.6.30,-,-,?,-,false,-
com.bazaarvoice.emodb,emodb-databus-client,5.6.30,-,-,?,-,false,-
com.bazaarvoice.emodb,emodb-databus-client-common,5.6.30,-,-,?,-,false,-
com.bazaarvoice.emodb,emodb-datacenter,5.6.30,-,-,?,-,false,-
com.bazaarvoice.emodb,emodb-event,5.6.30,-,-,?,-,false,-
com.bazaarvoice.emodb,emodb-job,5.6.30,-,-,?,-,false,-
com.bazaarvoice.emodb,emodb-job-api,5.6.30,-,-,?,-,false,-
com.bazaarvoice.emodb,emodb-plugins,5.6.30,-,-,?,-,false,-
com.bazaarvoice.emodb,emodb-quality,5.6.30,-,-,?,-,false,-
com.bazaarvoice.emodb,emodb-queue,5.6.30,-,-,?,-,false,-
com.bazaarvoice.emodb,emodb-queue-api,5.6.30,-,-,?,-,false,-
com.bazaarvoice.emodb,emodb-queue-client,5.6.30,-,-,?,-,false,-
com.bazaarvoice.emodb,emodb-queue-client-common,5.6.30,-,-,?,-,false,-
com.bazaarvoice.emodb,emodb-sdk,5.6.30,-,-,?,-,false,-
com.bazaarvoice.emodb,emodb-shaded-clients-core,5.6.30,-,-,?,-,false,sun.misc.Unsafe                          See http://openjdk.java.net/jeps/260 + sun.reflect.Reflection                   Use java.lang.StackWalker @since 9
com.bazaarvoice.emodb,emodb-shaded-clients-dropwizard6,5.6.30,-,-,?,-,false,-
com.bazaarvoice.emodb,emodb-sor,5.6.30,-,-,?,-,false,-
com.bazaarvoice.emodb,emodb-sor-api,5.6.30,-,-,?,-,false,-
com.bazaarvoice.emodb,emodb-sor-client,5.6.30,-,-,?,-,false,-
com.bazaarvoice.emodb,emodb-sor-client-common,5.6.30,-,-,?,-,false,-
com.bazaarvoice.emodb,emodb-sor-hadoop,5.6.30,-,-,?,-,false,-
com.bazaarvoice.emodb,emodb-sor-hive,5.6.30,-,-,?,-,false,sun.misc.Unsafe                          See http://openjdk.java.net/jeps/260 + sun.reflect.Reflection                   Use java.lang.StackWalker @since 9
com.bazaarvoice.emodb,emodb-table,5.6.30,-,-,?,-,false,-
com.bazaarvoice.emodb,emodb-uac-api,5.6.30,-,-,?,-,false,-
com.bazaarvoice.emodb,emodb-uac-client,5.6.30,-,-,?,-,false,-
com.bazaarvoice.emodb,emodb-web,5.6.30,-,-,?,-,false,sun.misc.Cleaner                         Use java.lang.ref.PhantomReference @since 1.2 or java.lang.ref.Cleaner @since 9 + sun.misc.Signal                          See http://openjdk.java.net/jeps/260 + sun.misc.SignalHandler                   See http://openjdk.java.net/jeps/260 + sun.misc.Unsafe                          See http://openjdk.java.net/jeps/260 + sun.reflect.Reflection                   Use java.lang.StackWalker @since 9 + sun.security.x509.X500Name               Use javax.security.auth.x500.X500Principal @since 1.4
com.bazaarvoice.emodb,emodb-web-local,5.6.30,-,-,?,-,false,sun.misc.Cleaner                         Use java.lang.ref.PhantomReference @since 1.2 or java.lang.ref.Cleaner @since 9 + sun.misc.Signal                          See http://openjdk.java.net/jeps/260 + sun.misc.SignalHandler                   See http://openjdk.java.net/jeps/260 + sun.misc.Unsafe                          See http://openjdk.java.net/jeps/260 + sun.reflect.Reflection                   Use java.lang.StackWalker @since 9 + sun.security.x509.X500Name               Use javax.security.auth.x500.X500Principal @since 1.4
com.codacy,codacy-plugins-api_2.11,3.0.170,-,-,?,-,false,-
com.codacy,codacy-plugins-api_2.12,3.0.170,-,-,?,-,false,-
com.github.busti,scalajs-interactjs_sjs0.6_2.12,1.0,-,-,?,-,false,-
com.github.bwfdm,dspace-connector,0.1.0,-,-,?,-,false,-
com.sbuslab,model,1.0.7,-,-,?,-,false,-
com.sbuslab,sbus,1.0.16,-,-,?,-,false,-
dk.bankdata.gradle.swagger,gradle-swagger-plugin,1.0.1,-,-,?,-,false,-
edu.ndsu.eci.tapestry5-cayenne,tapestry5-cayenne-client,0.6.0.2,-,-,?,-,false,-
edu.ndsu.eci.tapestry5-cayenne,tapestry5-cayenne-core,0.6.0.2,-,-,?,-,false,-
edu.ndsu.eci.tapestry5-cayenne,tapestry5-cayenne-server,0.6.0.2,-,-,?,-,false,-
org.eclipse.che,bootstrapper,6.10.0,-,-,?,-,false,-
org.eclipse.che,che-exec-agent-client,6.10.0,-,-,?,-,false,-
org.eclipse.che,che-exec-agent-shared,6.10.0,-,-,?,-,false,-
org.eclipse.che.core,cascade-removal,6.10.0,-,-,?,-,false,-
org.eclipse.che.core,che-core-api-account,6.10.0,-,-,?,-,false,-
org.eclipse.che.core,che-core-api-auth,6.10.0,-,-,?,-,false,-
org.eclipse.che.core,che-core-api-auth-shared,6.10.0,-,-,?,-,false,-
org.eclipse.che.core,che-core-api-core,6.10.0,-,-,?,-,false,-
org.eclipse.che.core,che-core-api-debug,6.10.0,-,-,?,-,false,-
org.eclipse.che.core,che-core-api-debug-shared,6.10.0,-,-,?,-,false,-
org.eclipse.che.core,che-core-api-dto,6.10.0,-,-,?,-,false,-
org.eclipse.che.core,che-core-api-dto-maven-plugin,6.10.0,-,-,?,-,false,-
org.eclipse.che.core,che-core-api-factory,6.10.0,-,-,?,-,false,-
org.eclipse.che.core,che-core-api-factory-shared,6.10.0,-,-,?,-,false,-
org.eclipse.che.core,che-core-api-git,6.10.0,-,-,?,-,false,-
org.eclipse.che.core,che-core-api-git-shared,6.10.0,-,-,?,-,false,-
org.eclipse.che.core,che-core-api-installer,6.10.0,-,-,?,-,false,-
org.eclipse.che.core,che-core-api-installer-shared,6.10.0,-,-,?,-,false,-
org.eclipse.che.core,che-core-api-languageserver,6.10.0,-,-,?,-,false,-
org.eclipse.che.core,che-core-api-languageserver-maven-plugin,6.10.0,-,-,?,-,false,-
org.eclipse.che.core,che-core-api-languageserver-shared,6.10.0,-,-,?,-,false,-
org.eclipse.che.core,che-core-api-logger,6.10.0,-,-,?,-,false,-
org.eclipse.che.core,che-core-api-logger-shared,6.10.0,-,-,?,-,false,-
org.eclipse.che.core,che-core-api-model,6.10.0,-,-,?,-,false,-
org.eclipse.che.core,che-core-api-oauth,6.10.0,-,-,?,-,false,-
org.eclipse.che.core,che-core-api-project,6.10.0,-,-,?,-,false,-
org.eclipse.che.core,che-core-api-project-shared,6.10.0,-,-,?,-,false,-
org.eclipse.che.core,che-core-api-project-templates,6.10.0,-,-,?,-,false,-
org.eclipse.che.core,che-core-api-project-templates-shared,6.10.0,-,-,?,-,false,-
org.eclipse.che.core,che-core-api-ssh,6.10.0,-,-,?,-,false,-
org.eclipse.che.core,che-core-api-ssh-shared,6.10.0,-,-,?,-,false,-
org.eclipse.che.core,che-core-api-system,6.10.0,-,-,?,-,false,-
org.eclipse.che.core,che-core-api-system-shared,6.10.0,-,-,?,-,false,-
org.eclipse.che.core,che-core-api-testing,6.10.0,-,-,?,-,false,-
org.eclipse.che.core,che-core-api-testing-shared,6.10.0,-,-,?,-,false,-
org.eclipse.che.core,che-core-api-user,6.10.0,-,-,?,-,false,-
org.eclipse.che.core,che-core-api-user-shared,6.10.0,-,-,?,-,false,-
org.eclipse.che.core,che-core-api-workspace,6.10.0,-,-,?,-,false,-
org.eclipse.che.core,che-core-api-workspace-activity,6.10.0,-,-,?,-,false,-
org.eclipse.che.core,che-core-api-workspace-shared,6.10.0,-,-,?,-,false,-
org.eclipse.che.core,che-core-commons-annotations,6.10.0,-,-,?,-,false,-
org.eclipse.che.core,che-core-commons-auth,6.10.0,-,-,?,-,false,-
org.eclipse.che.core,che-core-commons-gwt,6.10.0,-,-,?,-,false,-
org.eclipse.che.core,che-core-commons-inject,6.10.0,-,-,?,-,false,-
org.eclipse.che.core,che-core-commons-j2ee,6.10.0,-,-,?,-,false,-
org.eclipse.che.core,che-core-commons-json,6.10.0,-,-,?,-,false,-
org.eclipse.che.core,che-core-commons-lang,6.10.0,-,-,?,-,false,-
org.eclipse.che.core,che-core-commons-logback,6.10.0,-,-,?,-,false,-
org.eclipse.che.core,che-core-commons-mail,6.10.0,-,-,?,-,false,-
org.eclipse.che.core,che-core-commons-schedule,6.10.0,-,-,?,-,false,-
org.eclipse.che.core,che-core-commons-test,6.10.0,-,-,?,-,false,-
org.eclipse.che.core,che-core-commons-xml,6.10.0,-,-,?,-,false,-
org.eclipse.che.core,che-core-db,6.10.0,-,-,?,-,false,-
org.eclipse.che.core,che-core-db-vendor-h2,6.10.0,-,-,?,-,false,-
org.eclipse.che.core,che-core-db-vendor-postgresql,6.10.0,-,-,?,-,false,-
org.eclipse.che.core,che-core-dynamodule-maven-plugin,6.10.0,-,-,?,-,false,-
org.eclipse.che.core,che-core-dyna-provider-generator-maven-plugin,6.10.0,-,-,?,-,false,-
org.eclipse.che.core,che-core-git-impl-jgit,6.10.0,-,-,?,-,false,-
org.eclipse.che.core,che-core-gwt-logger,6.10.0,-,-,?,-,false,-
org.eclipse.che.core,che-core-gwt-maven-plugin,6.10.0,-,-,?,-,false,-
org.eclipse.che.core,che-core-ide-api,6.10.0,-,-,?,-,false,-
org.eclipse.che.core,che-core-ide-app,6.10.0,-,-,?,-,false,-
org.eclipse.che.core,che-core-ide-generators,6.10.0,-,-,?,-,false,-
org.eclipse.che.core,che-core-ide-stacks,6.10.0,-,-,?,-,false,-
org.eclipse.che.core,che-core-ide-templates,6.10.0,-,-,?,-,false,-
org.eclipse.che.core,che-core-ide-ui,6.10.0,-,-,?,-,false,-
org.eclipse.che.core,che-core-orion-editor,6.10.0,-,-,?,-,false,-
org.eclipse.che.core,che-core-sql-schema,6.10.0,-,-,?,-,false,-
org.eclipse.che.core,che-core-typescript-dto-maven-plugin,6.10.0,-,-,?,-,false,-
org.eclipse.che.core,che-core-workspace-activity-server,6.10.0,-,-,?,-,false,-
org.eclipse.che.core,che-ide-core,6.10.0,-,-,?,-,false,-
org.eclipse.che.core,che-ide-full,6.10.0,-,-,?,-,false,-
org.eclipse.che.core,wsagent,6.10.0,-,-,?,-,false,-
org.eclipse.che.core,wsagent-local,6.10.0,-,-,?,-,false,-
org.eclipse.che.core,wsmaster-local,6.10.0,-,-,?,-,false,-
org.eclipse.che,exec-agent,6.10.0,-,-,?,-,false,-
org.eclipse.che,git-credentials-agent,6.10.0,-,-,?,-,false,-
org.eclipse.che,go-agents,6.10.0,-,-,?,-,false,-
org.eclipse.che.infrastructure.docker,docker-auth,6.10.0,-,-,?,-,false,-
org.eclipse.che.infrastructure.docker,docker-client,6.10.0,-,-,?,-,false,-
org.eclipse.che.infrastructure.docker,docker-environment,6.10.0,-,-,?,-,false,-
org.eclipse.che.infrastructure.docker,infrastructure-docker,6.10.0,-,-,?,-,false,-
org.eclipse.che.infrastructure,infrastructure-kubernetes,6.10.0,-,-,?,-,false,-
org.eclipse.che.infrastructure,infrastructure-openshift,6.10.0,-,-,?,-,false,-
org.eclipse.che.lib,antlr-java5-grammar,6.10.0,-,-,?,-,false,-
org.eclipse.che.lib,che-orion-editor,6.10.0,-,-,?,-,false,-
org.eclipse.che.lib,che-swagger-module,6.10.0,-,-,?,-,false,-
org.eclipse.che.lib,che-terminal-client,6.10.0,-,-,?,-,false,-
org.eclipse.che.lib,che-tomcat8-slf4j-logback,6.10.0,-,-,?,-,false,sun.misc.Unsafe                          See http://openjdk.java.net/jeps/260 + sun.reflect.Reflection                   Use java.lang.StackWalker @since 9
org.eclipse.che.lib,org-eclipse-jdt-core-repack,6.10.0,-,-,?,-,false,-
org.eclipse.che,ls-camel-agent,6.10.0,-,-,?,-,false,-
org.eclipse.che,ls-clang-agent,6.10.0,-,-,?,-,false,-
org.eclipse.che,ls-csharp-agent,6.10.0,-,-,?,-,false,-
org.eclipse.che,ls-golang-agent,6.10.0,-,-,?,-,false,-
org.eclipse.che,ls-json-agent,6.10.0,-,-,?,-,false,-
org.eclipse.che,ls-php-agent,6.10.0,-,-,?,-,false,-
org.eclipse.che,ls-python-agent,6.10.0,-,-,?,-,false,-
org.eclipse.che,ls-typescript-agent,6.10.0,-,-,?,-,false,-
org.eclipse.che,ls-yaml-agent,6.10.0,-,-,?,-,false,-
org.eclipse.che.multiuser,che-multiuser-api-authorization,6.10.0,-,-,?,-,false,-
org.eclipse.che.multiuser,che-multiuser-api-authorization-impl,6.10.0,-,-,?,-,false,-
org.eclipse.che.multiuser,che-multiuser-api-jgroups,6.10.0,-,-,?,-,false,-
org.eclipse.che.multiuser,che-multiuser-api-organization,6.10.0,-,-,?,-,false,-
org.eclipse.che.multiuser,che-multiuser-api-organization-shared,6.10.0,-,-,?,-,false,-
org.eclipse.che.multiuser,che-multiuser-api-permission,6.10.0,-,-,?,-,false,-
org.eclipse.che.multiuser,che-multiuser-api-permission-shared,6.10.0,-,-,?,-,false,-
org.eclipse.che.multiuser,che-multiuser-api-resource,6.10.0,-,-,?,-,false,-
org.eclipse.che.multiuser,che-multiuser-api-resource-shared,6.10.0,-,-,?,-,false,-
org.eclipse.che.multiuser,che-multiuser-api-workspace-activity,6.10.0,-,-,?,-,false,-
org.eclipse.che.multiuser,che-multiuser-cascade-removal,6.10.0,-,-,?,-,false,-
org.eclipse.che.multiuser,che-multiuser-keycloak-ide,6.10.0,-,-,?,-,false,-
org.eclipse.che.multiuser,che-multiuser-keycloak-server,6.10.0,-,-,?,-,false,-
org.eclipse.che.multiuser,che-multiuser-keycloak-shared,6.10.0,-,-,?,-,false,-
org.eclipse.che.multiuser,che-multiuser-keycloak-token-provider,6.10.0,-,-,?,-,false,-
org.eclipse.che.multiuser,che-multiuser-machine-authentication,6.10.0,-,-,?,-,false,-
org.eclipse.che.multiuser,che-multiuser-machine-authentication-agent,6.10.0,-,-,?,-,false,-
org.eclipse.che.multiuser,che-multiuser-machine-authentication-ide,6.10.0,-,-,?,-,false,-
org.eclipse.che.multiuser,che-multiuser-machine-authentication-shared,6.10.0,-,-,?,-,false,-
org.eclipse.che.multiuser,che-multiuser-permission-factory,6.10.0,-,-,?,-,false,-
org.eclipse.che.multiuser,che-multiuser-permission-installer,6.10.0,-,-,?,-,false,-
org.eclipse.che.multiuser,che-multiuser-permission-logger,6.10.0,-,-,?,-,false,-
org.eclipse.che.multiuser,che-multiuser-permission-resource,6.10.0,-,-,?,-,false,-
org.eclipse.che.multiuser,che-multiuser-permission-system,6.10.0,-,-,?,-,false,-
org.eclipse.che.multiuser,che-multiuser-permission-user,6.10.0,-,-,?,-,false,-
org.eclipse.che.multiuser,che-multiuser-permission-workspace,6.10.0,-,-,?,-,false,-
org.eclipse.che.multiuser,che-multiuser-permission-workspace-activity,6.10.0,-,-,?,-,false,-
org.eclipse.che.multiuser,che-multiuser-personal-account,6.10.0,-,-,?,-,false,-
org.eclipse.che.multiuser,che-multiuser-postgresql-tck,6.10.0,-,-,?,-,false,-
org.eclipse.che.multiuser,che-multiuser-sql-schema,6.10.0,-,-,?,-,false,-
org.eclipse.che.plugin,che-plugin-camel-server,6.10.0,-,-,?,-,false,-
org.eclipse.che.plugin,che-plugin-ceylon-lang-ide,6.10.0,-,-,?,-,false,-
org.eclipse.che.plugin,che-plugin-ceylon-lang-server,6.10.0,-,-,?,-,false,-
org.eclipse.che.plugin,che-plugin-ceylon-lang-shared,6.10.0,-,-,?,-,false,-
org.eclipse.che.plugin,che-plugin-clangd-lang-server,6.10.0,-,-,?,-,false,-
org.eclipse.che.plugin,che-plugin-composer-ide,6.10.0,-,-,?,-,false,-
org.eclipse.che.plugin,che-plugin-composer-server,6.10.0,-,-,?,-,false,-
org.eclipse.che.plugin,che-plugin-composer-shared,6.10.0,-,-,?,-,false,-
org.eclipse.che.plugin,che-plugin-cpp-lang-ide,6.10.0,-,-,?,-,false,-
org.eclipse.che.plugin,che-plugin-cpp-lang-server,6.10.0,-,-,?,-,false,-
org.eclipse.che.plugin,che-plugin-cpp-lang-shared,6.10.0,-,-,?,-,false,-
org.eclipse.che.plugin,che-plugin-csharp-lang-ide,6.10.0,-,-,?,-,false,-
org.eclipse.che.plugin,che-plugin-csharp-lang-server,6.10.0,-,-,?,-,false,-
org.eclipse.che.plugin,che-plugin-csharp-lang-shared,6.10.0,-,-,?,-,false,-
org.eclipse.che.plugin,che-plugin-debugger-ide,6.10.0,-,-,?,-,false,-
org.eclipse.che.plugin,che-plugin-ext-dashboard-client,6.10.0,-,-,?,-,false,-
org.eclipse.che.plugin,che-plugin-gdb-ide,6.10.0,-,-,?,-,false,-
org.eclipse.che.plugin,che-plugin-gdb-server,6.10.0,-,-,?,-,false,-
org.eclipse.che.plugin,che-plugin-git-ext-git,6.10.0,-,-,?,-,false,-
org.eclipse.che.plugin,che-plugin-github-factory-resolver,6.10.0,-,-,?,-,false,-
org.eclipse.che.plugin,che-plugin-github-ide,6.10.0,-,-,?,-,false,-
org.eclipse.che.plugin,che-plugin-github-oauth2,6.10.0,-,-,?,-,false,-
org.eclipse.che.plugin,che-plugin-github-provider-github,6.10.0,-,-,?,-,false,-
org.eclipse.che.plugin,che-plugin-github-pullrequest,6.10.0,-,-,?,-,false,-
org.eclipse.che.plugin,che-plugin-github-server,6.10.0,-,-,?,-,false,-
org.eclipse.che.plugin,che-plugin-github-shared,6.10.0,-,-,?,-,false,-
org.eclipse.che.plugin,che-plugin-golang-lang-ide,6.10.0,-,-,?,-,false,-
org.eclipse.che.plugin,che-plugin-golang-lang-server,6.10.0,-,-,?,-,false,-
org.eclipse.che.plugin,che-plugin-golang-lang-shared,6.10.0,-,-,?,-,false,-
org.eclipse.che.plugin,che-plugin-gwt-ext-gwt,6.10.0,-,-,?,-,false,-
org.eclipse.che.plugin,che-plugin-help-ext-client,6.10.0,-,-,?,-,false,-
org.eclipse.che.plugin,che-plugin-java-debugger-ide,6.10.0,-,-,?,-,false,-
org.eclipse.che.plugin,che-plugin-java-debugger-server,6.10.0,-,-,?,-,false,-
org.eclipse.che.plugin,che-plugin-java-ext-lang-client,6.10.0,-,-,?,-,false,-
org.eclipse.che.plugin,che-plugin-java-ext-lang-server,6.10.0,-,-,?,-,false,-
org.eclipse.che.plugin,che-plugin-java-ext-lang-shared,6.10.0,-,-,?,-,false,-
org.eclipse.che.plugin,che-plugin-java-maven-tools,6.10.0,-,-,?,-,false,-
org.eclipse.che.plugin,che-plugin-java-plain-ide,6.10.0,-,-,?,-,false,-
org.eclipse.che.plugin,che-plugin-java-plain-server,6.10.0,-,-,?,-,false,-
org.eclipse.che.plugin,che-plugin-java-plain-shared,6.10.0,-,-,?,-,false,-
org.eclipse.che.plugin,che-plugin-json-server,6.10.0,-,-,?,-,false,-
org.eclipse.che.plugin,che-plugin-keybinding-eclipse-ide,6.10.0,-,-,?,-,false,-
org.eclipse.che.plugin,che-plugin-languageserver-ide,6.10.0,-,-,?,-,false,-
org.eclipse.che.plugin,che-plugin-machine-ext-server,6.10.0,-,-,?,-,false,-
org.eclipse.che.plugin,che-plugin-machine-ssh-client,6.10.0,-,-,?,-,false,-
org.eclipse.che.plugin,che-plugin-maven-generator-archetype,6.10.0,-,-,?,-,false,-
org.eclipse.che.plugin,che-plugin-maven-ide,6.10.0,-,-,?,-,false,-
org.eclipse.che.plugin,che-plugin-maven-server,6.10.0,-,-,?,-,false,-
org.eclipse.che.plugin,che-plugin-maven-shared,6.10.0,-,-,?,-,false,-
org.eclipse.che.plugin,che-plugin-nodejs-debugger-ide,6.10.0,-,-,?,-,false,-
org.eclipse.che.plugin,che-plugin-nodejs-debugger-server,6.10.0,-,-,?,-,false,-
org.eclipse.che.plugin,che-plugin-nodejs-lang-ide,6.10.0,-,-,?,-,false,-
org.eclipse.che.plugin,che-plugin-nodejs-lang-server,6.10.0,-,-,?,-,false,-
org.eclipse.che.plugin,che-plugin-nodejs-lang-shared,6.10.0,-,-,?,-,false,-
org.eclipse.che.plugin,che-plugin-orion-compare,6.10.0,-,-,?,-,false,-
org.eclipse.che.plugin,che-plugin-php-lang-ide,6.10.0,-,-,?,-,false,-
org.eclipse.che.plugin,che-plugin-php-lang-server,6.10.0,-,-,?,-,false,-
org.eclipse.che.plugin,che-plugin-php-lang-shared,6.10.0,-,-,?,-,false,-
org.eclipse.che.plugin,che-plugin-product-info,6.10.0,-,-,?,-,false,-
org.eclipse.che.plugin,che-plugin-pullrequest-ide,6.10.0,-,-,?,-,false,-
org.eclipse.che.plugin,che-plugin-pullrequest-server,6.10.0,-,-,?,-,false,-
org.eclipse.che.plugin,che-plugin-pullrequest-shared,6.10.0,-,-,?,-,false,-
org.eclipse.che.plugin,che-plugin-python-lang-ide,6.10.0,-,-,?,-,false,-
org.eclipse.che.plugin,che-plugin-python-lang-server,6.10.0,-,-,?,-,false,-
org.eclipse.che.plugin,che-plugin-python-lang-shared,6.10.0,-,-,?,-,false,-
org.eclipse.che.plugin,che-plugin-sdk-ext-plugins,6.10.0,-,-,?,-,false,-
org.eclipse.che.plugin,che-plugin-sdk-tools,6.10.0,-,-,?,-,false,-
org.eclipse.che.plugin,che-plugin-ssh-key-ide,6.10.0,-,-,?,-,false,-
org.eclipse.che.plugin,che-plugin-ssh-key-server,6.10.0,-,-,?,-,false,-
org.eclipse.che.plugin,che-plugin-testing-classpath,6.10.0,-,-,?,-,false,-
org.eclipse.che.plugin,che-plugin-testing-ide,6.10.0,-,-,?,-,false,-
org.eclipse.che.plugin,che-plugin-testing-junit-ide,6.10.0,-,-,?,-,false,-
org.eclipse.che.plugin,che-plugin-testing-junit-runtime,6.10.0,-,-,?,-,false,-
org.eclipse.che.plugin,che-plugin-testing-junit-server,6.10.0,-,-,?,-,false,-
org.eclipse.che.plugin,che-plugin-testing-phpunit-ide,6.10.0,-,-,?,-,false,-
org.eclipse.che.plugin,che-plugin-testing-phpunit-server,6.10.0,-,-,?,-,false,-
org.eclipse.che.plugin,che-plugin-testing-testng-ide,6.10.0,-,-,?,-,false,-
org.eclipse.che.plugin,che-plugin-testing-testng-runtime,6.10.0,-,-,?,-,false,-
org.eclipse.che.plugin,che-plugin-testing-testng-server,6.10.0,-,-,?,-,false,-
org.eclipse.che.plugin,che-plugin-test-ls-server,6.10.0,-,-,?,-,false,-
org.eclipse.che.plugin,che-plugin-url-factory,6.10.0,-,-,?,-,false,-
org.eclipse.che.plugin,che-plugin-web-ext-server,6.10.0,-,-,?,-,false,-
org.eclipse.che.plugin,che-plugin-web-ext-shared,6.10.0,-,-,?,-,false,-
org.eclipse.che.plugin,che-plugin-web-ext-web,6.10.0,-,-,?,-,false,-
org.eclipse.che.plugin,che-plugin-yaml-ide,6.10.0,-,-,?,-,false,-
org.eclipse.che.plugin,che-plugin-yaml-server,6.10.0,-,-,?,-,false,-
org.eclipse.che.plugin,che-plugin-yaml-shared,6.10.0,-,-,?,-,false,-
org.eclipse.che.plugin,che-plugin-zend-debugger-ide,6.10.0,-,-,?,-,false,-
org.eclipse.che.plugin,che-plugin-zend-debugger-server,6.10.0,-,-,?,-,false,-
org.eclipse.che.plugin,maven-server-api,6.10.0,-,-,?,-,false,-
org.eclipse.che.plugin,maven-server-impl,6.10.0,-,-,?,-,false,-
org.eclipse.che.plugin,org.eclipse.core.filebuffers,6.10.0,-,-,?,-,false,-
org.eclipse.che.plugin,org.eclipse.core.filesystem,6.10.0,-,-,?,-,false,-
org.eclipse.che.plugin,org.eclipse.core.resources,6.10.0,-,-,?,-,false,-
org.eclipse.che.plugin,org.eclipse.jdt.ui,6.10.0,-,-,?,-,false,-
org.eclipse.che.plugin,org.eclipse.jface,6.10.0,-,-,?,-,false,-
org.eclipse.che.plugin,org.eclipse.jface.text,6.10.0,-,-,?,-,false,-
org.eclipse.che.plugin,org.eclipse.ltk.core.refactoring,6.10.0,-,-,?,-,false,-
org.eclipse.che.plugin,org.eclipse.search,6.10.0,-,-,?,-,false,-
org.eclipse.che.plugin,org.eclipse.ui.ide,6.10.0,-,-,?,-,false,-
org.eclipse.che.sample,plugin-embedjs-ide,6.10.0,-,-,?,-,false,-
org.eclipse.che.sample,plugin-json-ide,6.10.0,-,-,?,-,false,-
org.eclipse.che.sample,plugin-json-server,6.10.0,-,-,?,-,false,-
org.eclipse.che.sample,plugin-json-shared,6.10.0,-,-,?,-,false,-
org.eclipse.che.sample,plugin-menu-ide,6.10.0,-,-,?,-,false,-
org.eclipse.che.sample,plugin-serverservice-ide,6.10.0,-,-,?,-,false,-
org.eclipse.che.sample,plugin-serverservice-server,6.10.0,-,-,?,-,false,-
org.eclipse.che.sample,plugin-wizard-ide,6.10.0,-,-,?,-,false,-
org.eclipse.che.sample,plugin-wizard-server,6.10.0,-,-,?,-,false,-
org.eclipse.che.sample,plugin-wizard-shared,6.10.0,-,-,?,-,false,-
org.eclipse.che.selenium,che-selenium-core,6.10.0,-,-,?,-,false,-
org.eclipse.che.selenium,che-selenium-test,6.10.0,-,-,?,-,false,-
org.eclipse.che,ssh-agent,6.10.0,-,-,?,-,false,-
org.eclipse.che,terminal-agent,6.10.0,-,-,?,-,false,-
org.eclipse.che,test-ls-agent,6.10.0,-,-,?,-,false,-
org.eclipse.che,unison-agent,6.10.0,-,-,?,-,false,-
org.http4k,http4k-format-xml,3.35.1,-,-,?,-,false,-
org.http4k,http4k-metrics-micrometer,3.35.1,-,-,?,-,false,-
org.http4k,http4k-multipart,3.35.1,-,-,?,-,false,-
org.jpmml,jpmml-converter,1.3.3,-,-,?,-,false,-
org.pepsoft.worldpainter,WPCore,2.5.6,-,-,?,-,false,-
org.pepsoft.worldpainter,WPDynmapPreviewer,2.5.6,-,-,?,-,false,-
org.pepsoft.worldpainter,WPGUI,2.5.6,-,-,?,-,false,-
org.pepsoft.worldpainter,WPJava9Support,2.5.6,-,-,?,-,false,-
org.pepsoft.worldpainter,WPUtils,2.5.6,-,-,?,-,false,com.apple.eawt.AboutHandler              Use java.awt.Desktop and JEP 272 @since 9 + com.apple.eawt.AppEvent                  Use java.awt.Desktop and JEP 272 @since 9 + com.apple.eawt.AppEvent$AboutEvent       Use java.awt.Desktop and JEP 272 @since 9 + com.apple.eawt.AppEvent$OpenFilesEvent   Use java.awt.Desktop and JEP 272 @since 9 + com.apple.eawt.AppEvent$PreferencesEvent Use java.awt.Desktop and JEP 272 @since 9 + com.apple.eawt.AppEvent$QuitEvent        Use java.awt.Desktop and JEP 272 @since 9 + com.apple.eawt.Application               Use java.awt.Desktop and JEP 272 @since 9 + com.apple.eawt.OpenFilesHandler          Use java.awt.Desktop and JEP 272 @since 9 + com.apple.eawt.PreferencesHandler        Use java.awt.Desktop and JEP 272 @since 9 + com.apple.eawt.QuitHandler               Use java.awt.Desktop and JEP 272 @since 9 + com.apple.eawt.QuitResponse              Use java.awt.Desktop and JEP 272 @since 9
org.springframework.cloud,spring-cloud-stream-binder-kinesis,1.0.0.RELEASE,-,-,?,-,false,-
org.springframework.cloud,spring-cloud-stream-binder-kinesis-docs,1.0.0.RELEASE,-,-,?,-,false,-
