groupId,artifactId,version,moduleName,moduleVersion,moduleMode,moduleDependencies,jdepsToolError,jdepsViolations
com.github.akurilov,java-commons,2.1.6,-,-,?,-,false,-
com.hankcs,hanlp,portable-1.6.8,-,-,?,-,false,sun.reflect.FieldAccessor                Removed. See http://openjdk.java.net/jeps/260 + sun.reflect.ReflectionFactory            See http://openjdk.java.net/jeps/260
com.hankcs.nlp,hanlp-lucene-plugin,1.1.5,-,-,?,-,false,-
org.aossie,scavenger_2.12,0.2,-,-,?,-,false,-
org.aossie,scavenger-cli_2.12,0.2,-,-,?,-,false,-
org.aossie,scavenger-core_2.12,0.2,-,-,?,-,false,-
org.aossie,scavenger-prover_2.12,0.2,-,-,?,-,false,-
org.axonframework,axon-distributed-commandbus-jgroups,3.3.5,org.axonframework.jgroups.commandhandling,-,automatic,-,false,-
org.axonframework,axon-distributed-commandbus-springcloud,3.3.5,org.axonframework.springcloud.commandhandling,-,automatic,-,false,-
org.axonframework,axon-kafka,3.3.5,org.axonframework.kafka,-,automatic,-,false,-
org.axonframework,axon-mongo,3.3.5,org.axonframework.mongo,-,automatic,-,false,-
org.axonframework,axon-spring,3.3.5,org.axonframework.spring,-,automatic,-,false,-
org.axonframework,axon-spring-boot-autoconfigure,3.3.5,org.axonframework.boot,-,automatic,-,false,-
org.axonframework,axon-spring-boot-starter,3.3.5,-,-,?,-,false,-
org.axonframework,axon-test,3.3.5,org.axonframework.test,-,automatic,-,false,-
org.axonframework.scynapse,scynapse-akka_2.11,0.5.6,-,-,?,-,false,-
org.axonframework.scynapse,scynapse-core_2.11,0.5.6,-,-,?,-,false,-
org.axonframework.scynapse,scynapse-test_2.11,0.5.6,-,-,?,-,false,-
org.isarnproject,isarn-algebird-algebra-api_2.10,0.0.3,-,-,?,-,false,-
org.isarnproject,isarn-algebird-algebra-api_2.11,0.0.4,-,-,?,-,false,-
org.isarnproject,isarn-algebird-algebra-api_2.12,0.0.4,-,-,?,-,false,-
org.isarnproject,isarn-algebra-api_2.10,0.0.2,-,-,?,-,false,-
org.isarnproject,isarn-algebra-api_2.11,0.0.3,-,-,?,-,false,-
org.isarnproject,isarn-algebra-api_2.12,0.0.3,-,-,?,-,false,-
org.isarnproject,isarn-collections_2.10,0.0.3,-,-,?,-,false,-
org.isarnproject,isarn-collections_2.11,0.0.4,-,-,?,-,false,-
org.isarnproject,isarn-collections_2.12,0.0.4,-,-,?,-,false,-
org.isarnproject,isarn-scalatest_2.10,0.0.2,-,-,?,-,false,-
org.isarnproject,isarn-scalatest_2.11,0.0.3,-,-,?,-,false,-
org.isarnproject,isarn-scalatest_2.12,0.0.3,-,-,?,-,false,-
org.isarnproject,isarn-sketches_2.10,0.1.1,-,-,?,-,false,-
org.isarnproject,isarn-sketches_2.11,0.1.2,-,-,?,-,false,-
org.isarnproject,isarn-sketches_2.12,0.1.2,-,-,?,-,false,-
org.isarnproject,isarn-sketches-algebird-api_2.10,0.1.1,-,-,?,-,false,-
org.isarnproject,isarn-sketches-algebird-api_2.11,0.1.2,-,-,?,-,false,-
org.isarnproject,isarn-sketches-algebird-api_2.12,0.1.2,-,-,?,-,false,-
org.isarnproject,isarn-sketches-spark_2.10,0.3.0-sp2.2-py3.5,-,-,?,-,false,-
org.isarnproject,isarn-sketches-spark_2.11,0.3.1-sp2.3-py3.6,-,-,?,-,false,-
org.jmock,jmock,2.8.4,-,-,?,-,false,-
org.jmock,jmock-example,2.8.4,-,-,?,-,false,-
org.jmock,jmock-junit3,2.8.4,-,-,?,-,false,-
org.jmock,jmock-junit4,2.8.4,-,-,?,-,false,-
org.jmock,jmock-legacy,2.8.4,-,-,?,-,false,-
org.jmock,jmock-testjar,2.8.4,-,-,?,-,false,-
org.mobicents.arquillian.container,mss-arquillian-container-api,1.0.3,-,-,?,-,false,-
org.mobicents.arquillian.container,mss-arquillian-container-extension,1.0.3,-,-,?,-,false,-
org.mobicents.arquillian.container,mss-arquillian-lifecycle-extension,1.0.3,-,-,?,-,false,-
org.mobicents.arquillian.container,mss-arquillian-mediaserver-api,1.0.3,-,-,?,-,false,-
org.mobicents.arquillian.container,mss-arquillian-mediaserver-extension,1.0.3,-,-,?,-,false,-
org.mobicents.arquillian.container,mss-arquillian-utilities-extension,1.0.3,-,-,?,-,false,-
org.mobicents.arquillian.container,mss-tomcat-embedded-7,1.0.3,-,-,?,-,false,-
org.mobicents.eir,bootstrap,1.0.13,-,-,?,-,false,-
org.mobicents.eir,check-imei-sbb,1.0.13,-,-,?,-,false,-
org.mobicents.eir.docs,restcomm-eir-docs-sources,1.0.13,-,-,?,-,false,-
org.mobicents.eir.docs,restcomm-eir-docs-sources-restcomm,1.0.13,-,-,?,-,false,-
org.mobicents.eir,eir-service-du,1.0.13,-,-,?,-,false,-
org.mobicents.eir,library,1.0.13,-,-,?,-,false,-
org.mobicents.eir,persistence,1.0.13,-,-,?,-,false,-
org.mobicents.eir,test-bootstrap,1.0.13,-,-,?,-,false,-
org.mobicents.eir,test-mapmodule,1.0.13,-,-,?,-,false,-
org.mobicents.media,bootstrap,6.0.23,-,-,?,-,false,-
org.mobicents.media.client,jsr-309-driver,6.0.23,-,-,?,-,false,-
org.mobicents.media.client,mgcp-driver,6.0.23,-,-,?,-,false,-
org.mobicents.media.codecs,g711,6.0.23,-,-,?,-,false,-
org.mobicents.media.codecs,g729,6.0.23,-,-,?,-,false,-
org.mobicents.media.codecs,gsm,6.0.23,-,-,?,-,false,-
org.mobicents.media.codecs,ilbc,6.0.23,-,-,?,-,false,-
org.mobicents.media.codecs,l16,6.0.23,-,-,?,-,false,-
org.mobicents.media,components,6.0.23,-,-,?,-,false,-
org.mobicents.media,concurrent,6.0.23,-,-,?,-,false,-
org.mobicents.media.controls,mgcp2,6.0.23,-,-,?,-,false,-
org.mobicents.media.controls,mgcp,6.0.23,-,-,?,-,false,-
org.mobicents.media,core,6.0.23,-,-,?,-,false,-
org.mobicents.media.docs,mobicents-mms-docs-sources-asciidoc,6.0.23,-,-,?,-,false,-
org.mobicents.media.hardware,mobicents-dahdi,6.0.23,-,-,?,-,false,-
org.mobicents.media.io,ice,6.0.23,-,-,?,-,false,-
org.mobicents.media.io,network,6.0.23,-,-,?,-,false,-
org.mobicents.media.io,rtp,6.0.23,-,-,?,-,false,-
org.mobicents.media.io,sdp,6.0.23,-,-,?,-,false,-
org.mobicents.media.io,ss7,6.0.23,-,-,?,-,false,-
org.mobicents.media.io,stun,6.0.23,-,-,?,-,false,-
org.mobicents.media.resources,dtmf,6.0.23,-,-,?,-,false,-
org.mobicents.media.resources,player,6.0.23,-,-,?,-,false,-
org.mobicents.media.resources,recorder,6.0.23,-,-,?,-,false,-
org.mobicents.media.resources,tones,6.0.23,-,-,?,-,false,-
org.mobicents.media,scheduler,6.0.23,-,-,?,-,false,-
org.mobicents.media,spi,6.0.23,-,-,?,-,false,-
org.mobicents.servers.jainslee.enablers,hss-client-docs-sources,7.1.26,-,-,?,-,false,-
org.mobicents.servers.jainslee.enablers,hss-client-docs-sources-restcomm,7.1.26,-,-,?,-,false,-
org.mobicents.servers.jainslee.enablers,hss-client-DU,7.1.26,-,-,?,-,false,-
org.mobicents.servers.jainslee.enablers,hss-client-example-DU,7.1.26,-,-,?,-,false,-
org.mobicents.servers.jainslee.enablers,hss-client-sbb,7.1.26,-,-,?,-,false,-
org.mobicents.servers.jainslee.enablers,restcomm-sip-publication-client-DU,7.1.34,-,-,?,-,false,-
org.mobicents.servers.jainslee.enablers,restcomm-slee-enabler-rest-client-sbb,7.2.0-113,-,-,?,-,false,-
org.mobicents.servers.jainslee.enablers,sip-subscription-client-DU,7.1.21,-,-,?,-,false,-
org.mobicents.servers.jainslee.enablers,sip-subscription-client-sbb,7.1.34,-,-,?,-,false,-
org.mobicents.servers.jainslee.enablers,xdm-client-sbb,7.1.13,-,-,?,-,false,-
org.mobicents.sipunit,sipunit,2.0.4,-,-,?,-,false,-
org.streamingpool,streamingpool-core,1.2.12,-,-,?,-,false,-
org.streamingpool,streamingpool-ext-analysis,1.2.11,-,-,?,-,false,-
org.streamingpool,streamingpool-ext-tensorics,1.2.11,-,-,?,-,false,-
org.topicquests,tq-support,1.7.2,-,-,?,-,false,-
org.tupol,scala-utils_2.11,0.0.1,-,-,?,-,false,-
org.tupol,scala-utils_2.12,0.0.1,-,-,?,-,false,-
org.tupol,spark-utils_2.11,0.1.0,-,-,?,-,false,-
ws.osiris,osiris-aws,0.10.1,-,-,?,-,false,-
ws.osiris,osiris-aws-deploy,0.10.1,-,-,?,-,false,-
ws.osiris,osiris-core,0.10.1,-,-,?,-,false,-
ws.osiris,osiris-integration,0.10.1,-,-,?,-,false,-
ws.osiris,osiris-local-server,0.10.1,-,-,?,-,false,-
ws.osiris,osiris-maven-plugin,0.10.1,-,-,?,-,false,-
ws.osiris,osiris-server,0.10.1,-,-,?,-,false,-
