groupId,artifactId,version,moduleName,moduleVersion,moduleMode,moduleDependencies,jdepsToolError,jdepsViolations
com.ardikars.common,common,1.1.0.Final,-,-,?,-,false,-
com.ardikars.common,common-annotation,1.1.0.Final,-,-,?,-,false,-
com.ardikars.common,common-net,1.1.0.Final,-,-,?,-,false,-
com.ardikars.common,common-util,1.1.0.Final,-,-,?,-,false,-
com.codacy,codacy-plugins-api_2.11,3.0.168,-,-,?,-,false,-
com.codacy,codacy-plugins-api_2.12,3.0.168,-,-,?,-,false,-
com.github.bogdanlivadariu,cucumber-reporting-handlebars,2.1.3,-,-,?,-,false,-
com.github.bogdanlivadariu,junit-reporting-handlebars,2.1.3,-,-,?,-,false,-
com.github.bogdanlivadariu,rspec-reporting-handlebars,2.1.3,-,-,?,-,false,-
com.github.bogdanlivadariu,testng-reporting-handlebars,2.1.3,-,-,?,-,false,-
com.github.sergeybudnik,smart.config,3.5.0,-,-,?,-,false,-
com.google.apis,google-api-services-adexchangebuyer2,v2beta1-rev686-1.22.0,-,-,?,-,false,-
com.google.apis,google-api-services-youtubeAnalytics,v2-rev51-1.24.1,-,-,?,-,false,-
com.googlecode.plist,dd-plist,1.21,-,-,?,-,false,-
com.opengamma.strata,strata-basics,2.0.0,com.opengamma.strata.basics,-,automatic,-,false,-
com.opengamma.strata,strata-calc,2.0.0,com.opengamma.strata.calc,-,automatic,-,false,-
com.opengamma.strata,strata-collect,2.0.0,com.opengamma.strata.collect,-,automatic,-,false,-
com.opengamma.strata,strata-data,2.0.0,com.opengamma.strata.data,-,automatic,-,false,-
com.opengamma.strata,strata-loader,2.0.0,com.opengamma.strata.loader,-,automatic,-,false,-
com.opengamma.strata,strata-market,2.0.0,com.opengamma.strata.market,-,automatic,-,false,-
com.opengamma.strata,strata-math,2.0.0,com.opengamma.strata.math,-,automatic,-,false,-
com.opengamma.strata,strata-measure,2.0.0,com.opengamma.strata.measure,-,automatic,-,false,-
com.opengamma.strata,strata-pricer,2.0.0,com.opengamma.strata.pricer,-,automatic,-,false,-
com.opengamma.strata,strata-product,2.0.0,com.opengamma.strata.product,-,automatic,-,false,-
com.opengamma.strata,strata-report,2.0.0,com.opengamma.strata.report,-,automatic,-,false,-
com.sumologic.elasticsearch,elasticsearch-akka,2.0.11,-,-,?,-,false,-
com.sumologic.elasticsearch,elasticsearch-aws,2.0.11,-,-,?,-,false,-
com.sumologic.elasticsearch,elasticsearch-core,2.0.11,-,-,?,-,false,-
com.sumologic.elasticsearch,elasticsearch-test,2.0.11,-,-,?,-,false,-
com.trusona,trusona-sdk,3.4.1,-,-,?,-,false,-
com.trusona,trusona-sdk-http,3.4.1,-,-,?,-,false,-
com.trusona,trusona-sdk-resources,3.4.1,-,-,?,-,false,-
io.github.azagniotov,dropwizard-metrics-cloudwatch,1.0.10,-,-,?,-,false,-
io.iconator,testonator,1.0.22,-,-,?,-,false,-
io.kamon,kanela-agent,0.0.14,-,-,?,-,false,sun.reflect.Reflection                   Use java.lang.StackWalker @since 9
io.kamon,kanela-scala-extension_2.12,0.0.14,-,-,?,-,false,-
io.lenar,easy-log,1.1.5,-,-,?,-,false,-
io.radanalytics,abstract-operator,0.2.5,-,-,?,-,false,-
io.reactiverse,reactive-pg-client,0.10.1,-,-,?,-,false,-
net.oneandone,ejb-cdi-unit,1.1.14,-,-,?,-,false,-
net.oneandone,ejb-cdi-unit5,1.1.14,-,-,?,-,false,-
net.oneandone,ejb-cdi-unit-simulators,1.1.14,-,-,?,-,false,-
net.oneandone.reflections8,reflections8,0.11.1,-,-,?,-,false,-
org.http4k,http4k-client-apache,3.35.1,-,-,?,-,false,-
org.http4k,http4k-client-apache-async,3.35.1,-,-,?,-,false,-
org.http4k,http4k-client-jetty,3.35.1,-,-,?,-,false,-
org.http4k,http4k-client-okhttp,3.35.1,-,-,?,-,false,-
org.http4k,http4k-client-websocket,3.35.1,-,-,?,-,false,-
org.http4k,http4k-format-argo,3.35.1,-,-,?,-,false,-
org.http4k,http4k-format-gson,3.35.1,-,-,?,-,false,-
org.http4k,http4k-format-jackson,3.35.1,-,-,?,-,false,-
org.http4k,http4k-format-moshi,3.35.1,-,-,?,-,false,-
org.http4k,http4k-template-pebble,3.35.1,-,-,?,-,false,-
org.http4k,http4k-template-thymeleaf,3.35.1,-,-,?,-,false,-
org.springframework.integration,spring-integration-aws,2.0.0.RELEASE,-,-,?,-,false,-
