groupId,artifactId,version,moduleName,moduleVersion,moduleMode,moduleDependencies,jdepsToolError,jdepsViolations
com.github.937447974,yjcocoa,17.11.1,-,-,?,-,false,-
com.github.a-nigredo,derivation_macro_2.11,1.29,-,-,?,-,false,-
com.github.a-nigredo,derivation_macro_2.12,1.29,-,-,?,-,false,-
com.github.antdo,antdo-common,0.0.2,-,-,?,-,false,-
com.github.anylogic,alogic-addons,1.6.10,-,-,?,-,false,-
com.github.anylogic,alogic-auth,1.6.10,-,-,?,-,false,-
com.github.anylogic,alogic-blob,1.6.10,-,-,?,-,false,-
com.github.anylogic,alogic-cache,1.6.10,-,-,?,-,false,-
com.github.anylogic,alogic-common,1.6.10,-,-,?,-,false,-
com.github.anylogic,alogic-core,1.6.10,-,-,?,-,false,-
com.github.anylogic,alogic-dbcp,1.6.10,-,-,?,-,false,-
com.github.anylogic,alogic-doer,1.6.10,-,-,?,-,false,-
com.github.anylogic,alogic-example,1.6.9,-,-,?,-,false,-
com.github.anylogic,alogic-kvalue,1.6.10,-,-,?,-,false,-
com.github.anylogic,alogic-lucene,1.6.10,-,-,?,-,false,-
com.github.anylogic,alogic-remote,1.6.7,-,-,?,-,false,-
com.github.anylogic,alogic-rpc,1.6.10,-,-,?,-,false,-
com.github.anylogic,alogic-seq,1.6.10,-,-,?,-,false,-
com.github.anylogic,alogic-together,1.6.10,-,-,?,-,false,-
com.github.anylogic,alogic-vfs,1.6.10,-,-,?,-,false,-
com.github.anylogic,alogic-xscript-kvalue,1.6.9-20170829,-,-,?,-,false,-
com.github.anylogic,alogic-xscript-rest,4.5.2-20170829,-,-,?,-,false,-
com.github.anylogic,alogic-xscript-zk,3.4.6-20170512,-,-,?,-,false,-
com.github.anylogic,alogic-zk,1.6.10,-,-,?,-,false,-
com.github.ben-manes.caffeine,caffeine,2.6.2,com.github.benmanes.caffeine,-,automatic,-,false,sun.misc.Unsafe                          See http://openjdk.java.net/jeps/260
com.github.ben-manes.caffeine,guava,2.6.2,com.github.benmanes.caffeine.guava,-,automatic,-,false,-
com.github.ben-manes.caffeine,jcache,2.6.2,com.github.benmanes.caffeine.jcache,-,automatic,-,false,-
com.github.ben-manes.caffeine,simulator,2.6.2,com.github.benmanes.caffeine.simulator,-,automatic,-,false,-
com.github.bjuvensjo,rsimulator-aop,2.1.1,-,-,?,-,false,-
com.github.bjuvensjo,rsimulator-core,2.1.1,-,-,?,-,false,-
com.github.bjuvensjo,rsimulator-http,2.1.1,-,-,?,-,false,-
com.github.bjuvensjo,rsimulator-jms,2.1.1,-,-,?,-,false,-
com.github.bjuvensjo,rsimulator-proxy,2.1.1,-,-,?,-,false,-
com.github.bjuvensjo,rsimulator-recorder,2.1.1,-,-,?,-,false,-
com.github.bjuvensjo,rsimulator-socket,2.1.1,-,-,?,-,false,-
com.github.blasd.apex,apex-agent,1.11,-,-,?,-,false,-
com.github.blasd.apex,apex-avro,1.11,-,-,?,-,false,-
com.github.blasd.apex,apex-buffermonitor,1.2,-,-,?,-,false,-
com.github.blasd.apex,apex-core-agent,1.3,-,-,?,-,false,-
com.github.blasd.apex,apex-core-java,1.3,-,-,?,-,false,sun.misc.VM                              Removed. See http://openjdk.java.net/jeps/260
com.github.blasd.apex,apex-csv,1.11,-,-,?,-,false,-
com.github.blasd.apex,apex-java,1.11,-,-,?,-,false,-
com.github.blasd.apex,apex-mat,1.11,-,-,?,-,false,-
com.github.blasd.apex,apex-parquet,1.11,-,-,?,-,false,-
com.github.blasd.apex,apex-primitives,1.11,-,-,?,-,false,-
com.github.blasd.apex,apex-server-jmh,1.11,-,-,?,-,false,-
com.github.blasd.apex,apex-spark,1.11,-,-,?,-,false,-
com.github.blasd.apex,apex-static,1.11,-,-,?,-,false,-
com.github.cfparser,cfml.dictionary,2.5.0,-,-,?,-,false,-
com.github.cfparser,cfml.parsing,2.8.0,-,-,?,-,false,-
com.github.codingsoldier,params-validate,1.4-RELEASE,-,-,?,-,false,-
com.github.cormoran-io.pepper,pepper,1.17,-,-,?,-,false,-
com.github.cormoran-io.pepper,pepper-agent,1.17,-,-,?,-,false,-
com.github.cormoran-io.pepper,pepper-arrow,1.17,-,-,?,-,false,-
com.github.cormoran-io.pepper,pepper-avro,1.17,-,-,?,-,false,-
com.github.cormoran-io.pepper,pepper-csv,1.17,-,-,?,-,false,-
com.github.cormoran-io.pepper,pepper-mat,1.17,-,-,?,-,false,-
com.github.cormoran-io.pepper,pepper-parquet,1.17,-,-,?,-,false,-
com.github.cormoran-io.pepper,pepper-primitives,1.17,-,-,?,-,false,-
com.github.cormoran-io.pepper,pepper-server-jmh,1.17,-,-,?,-,false,-
com.github.cormoran-io.pepper,pepper-spark,1.17,-,-,?,-,false,-
com.github.cormoran-io.pepper,pepper-static,1.17,-,-,?,-,false,-
com.github.damianwajser,spring-rest-commons-options,0.1.9,-,-,?,-,false,-
com.github.datatechnology.jraft.core,jraft-core,1.0.1,-,-,?,-,false,-
com.github.datatechnology.jraft.exts,jraft-exts,1.0.1,-,-,?,-,false,-
com.github.davidcarboni,encrypted-file-upload,2.1.0,-,-,?,-,false,-
com.github.davidcarboni,restolino,0.1.16,-,-,?,-,false,-
com.github.dijkstraj,sql-maven-plugin,1.0,-,-,?,-,false,-
com.github.dimosr,ServiceCall4j,1.1.0,-,-,?,-,false,-
com.github.drczearot.reaper,reaper-plugin,1.0.1,-,-,?,-,false,-
com.github.driox,sorus_2.11,1.1.2,-,-,?,-,false,-
com.github.dxee,dject-core,1.1.0,-,-,?,-,false,-
com.github.dxee.dject,dject-core,1.5.1,-,-,?,-,false,-
com.github.dxee.dject,dject-event,1.5.1,-,-,?,-,false,-
com.github.dxee.dject,dject-grapher,1.5.1,-,-,?,-,false,-
com.github.dxee.dject,dject-jsr250,1.2.1,-,-,?,-,false,-
com.github.dxee,dject-event,1.1.0,-,-,?,-,false,-
com.github.dxee,dject-grapher,1.1.0,-,-,?,-,false,-
com.github.emmanueltouzery,crony,1.1.0,-,-,?,-,false,-
com.github.fedorchuck,developers-notification,0.3.0,-,-,?,-,false,-
com.github.fedorchuck,dnjson,0.1.0,-,-,?,-,false,-
com.github.fedorchuck,jsqlb,0.1.0,-,-,?,-,false,-
com.github.finagle,finagle-http-auth_2.11,0.1.0,-,-,?,-,false,-
com.github.finagle,finagle-http-auth_2.12,0.1.0,-,-,?,-,false,-
com.github.finagle,finagle-oauth2_2.11,18.8.0,-,-,?,-,false,-
com.github.finagle,finagle-oauth2_2.12,18.8.0,-,-,?,-,false,-
com.github.finagle,finch-argonaut_2.11,0.23.0,-,-,?,-,false,-
com.github.finagle,finch-argonaut_2.12,0.23.0,-,-,?,-,false,-
com.github.finagle,finch-arrows-argonaut_2.11,0.23.0,-,-,?,-,false,-
com.github.finagle,finch-arrows-argonaut_2.12,0.23.0,-,-,?,-,false,-
com.github.finagle,finch-arrows-circe_2.11,0.23.0,-,-,?,-,false,-
com.github.finagle,finch-arrows-circe_2.12,0.23.0,-,-,?,-,false,-
com.github.finagle,finch-arrows-core_2.11,0.23.0,-,-,?,-,false,-
com.github.finagle,finch-arrows-core_2.12,0.23.0,-,-,?,-,false,-
com.github.finagle,finch-arrows-generic_2.11,0.23.0,-,-,?,-,false,-
com.github.finagle,finch-arrows-generic_2.12,0.23.0,-,-,?,-,false,-
com.github.finagle,finch-arrows-iteratee_2.11,0.23.0,-,-,?,-,false,-
com.github.finagle,finch-arrows-iteratee_2.12,0.23.0,-,-,?,-,false,-
com.github.finagle,finch-arrows-json-test_2.11,0.23.0,-,-,?,-,false,-
com.github.finagle,finch-arrows-json-test_2.12,0.23.0,-,-,?,-,false,-
com.github.finagle,finch-arrows-refined_2.11,0.23.0,-,-,?,-,false,-
com.github.finagle,finch-arrows-refined_2.12,0.23.0,-,-,?,-,false,-
com.github.finagle,finch-arrows-sprayjson_2.11,0.23.0,-,-,?,-,false,-
com.github.finagle,finch-arrows-sprayjson_2.12,0.23.0,-,-,?,-,false,-
com.github.finagle,finch-arrows-sse_2.11,0.23.0,-,-,?,-,false,-
com.github.finagle,finch-arrows-sse_2.12,0.23.0,-,-,?,-,false,-
com.github.finagle,finch-arrows-test_2.11,0.23.0,-,-,?,-,false,-
com.github.finagle,finch-arrows-test_2.12,0.23.0,-,-,?,-,false,-
com.github.finagle,finch-circe_2.11,0.23.0,-,-,?,-,false,-
com.github.finagle,finch-circe_2.12,0.23.0,-,-,?,-,false,-
com.github.finagle,finch-core_2.11,0.23.0,-,-,?,-,false,-
com.github.finagle,finch-core_2.12,0.23.0,-,-,?,-,false,-
com.github.finagle,finch-generic_2.11,0.23.0,-,-,?,-,false,-
com.github.finagle,finch-generic_2.12,0.23.0,-,-,?,-,false,-
com.github.finagle,finch-iteratee_2.11,0.23.0,-,-,?,-,false,-
com.github.finagle,finch-iteratee_2.12,0.23.0,-,-,?,-,false,-
com.github.finagle,finch-jackson_2.11,0.17.0,-,-,?,-,false,-
com.github.finagle,finch-jackson_2.12,0.17.0,-,-,?,-,false,-
com.github.finagle,finch-json4s_2.11,0.23.0,-,-,?,-,false,-
com.github.finagle,finch-json4s_2.12,0.23.0,-,-,?,-,false,-
com.github.finagle,finch-json-test_2.11,0.23.0,-,-,?,-,false,-
com.github.finagle,finch-json-test_2.12,0.23.0,-,-,?,-,false,-
com.github.finagle,finch-oauth2_2.11,0.23.0,-,-,?,-,false,-
com.github.finagle,finch-oauth2_2.12,0.23.0,-,-,?,-,false,-
com.github.finagle,finch-playjson_2.11,0.21.0,-,-,?,-,false,-
com.github.finagle,finch-playjson_2.12,0.21.0,-,-,?,-,false,-
com.github.finagle,finch-refined_2.11,0.23.0,-,-,?,-,false,-
com.github.finagle,finch-refined_2.12,0.23.0,-,-,?,-,false,-
com.github.finagle,finch-sprayjson_2.11,0.23.0,-,-,?,-,false,-
com.github.finagle,finch-sprayjson_2.12,0.23.0,-,-,?,-,false,-
com.github.finagle,finch-sse_2.11,0.23.0,-,-,?,-,false,-
com.github.finagle,finch-sse_2.12,0.23.0,-,-,?,-,false,-
com.github.finagle,finch-test_2.11,0.23.0,-,-,?,-,false,-
com.github.finagle,finch-test_2.12,0.23.0,-,-,?,-,false,-
com.github.fnmartinez,j-micro-configs,1.0.0,-,-,?,-,false,-
com.github.gekoh.yagen,yagen-agent-jar,2.3.1,-,-,?,-,false,-
com.github.gekoh.yagen,yagen-api,2.3.1,-,-,?,-,false,-
com.github.gekoh.yagen,yagen-example-domain,2.3.1,-,-,?,-,false,-
com.github.gekoh.yagen,yagen-generator-lib,2.3.1,-,-,?,-,false,-
com.github.guuilp,trello4j,1.2,-,-,?,-,false,-
com.github.haifengl,smile-core,1.5.1,-,-,?,-,false,-
com.github.haifengl,smile-data,1.5.1,-,-,?,-,false,-
com.github.haifengl,smile-graph,1.5.1,-,-,?,-,false,-
com.github.haifengl,smile-interpolation,1.5.1,-,-,?,-,false,-
com.github.haifengl,smile-math,1.5.1,-,-,?,-,false,-
com.github.haifengl,smile-nd4j,1.5.1,-,-,?,-,false,-
com.github.haifengl,smile-netlib,1.5.1,-,-,?,-,false,-
com.github.haifengl,smile-nlp,1.5.1,-,-,?,-,false,-
com.github.haifengl,smile-plot,1.5.1,-,-,?,-,false,-
com.github.haifengl,smile-scala_2.10,1.5.1,-,-,?,-,false,-
com.github.haifengl,smile-scala_2.11,1.5.1,-,-,?,-,false,-
com.github.haifengl,smile-scala_2.12,1.5.1,-,-,?,-,false,-
com.github.i49,cascade-api,3.0.0,-,-,?,-,false,-
com.github.i49,cascade-core,3.0.0,-,-,?,-,false,-
com.github.i49,cascade-tests,3.0.0,-,-,?,-,false,-
com.github.ingenico-nps-latam,nps-sdk-java,1.0.34,-,-,?,-,false,-
com.github.instantpudd,spring-web-validator,0.0.1,-,-,?,-,false,-
com.github.javaito,hcjf,1.5.11,-,-,?,-,false,-
com.github.javaito,hcjf-bson,1.0.6,-,-,?,-,false,-
com.github.javaito,hcjf-cassandra-storage-layer,1.0.7,-,-,?,-,false,-
com.github.javaito,hcjf-hazelcast-cloud-implementation,1.0.2,-,-,?,-,false,-
com.github.javaito,hcjf-postgres-storage-layer,1.0.8,-,-,?,-,false,-
com.github.java-prolog-connectivity,jpc-jpl,0.0.1-alpha,-,-,?,-,false,-
com.github.jerryxia,devhelper,1.0.18,-,-,?,-,false,-
com.github.jerryxia,devhelper-spring-boot-autoconfigure,1.0.18,-,-,?,-,false,-
com.github.jerryxia,dev-utils,0.0.5,-,-,?,-,false,-
com.github.jiwari,gridmize-2,0.0.6,-,-,?,-,false,-
com.github.jlarrieux,numeric-validator,1.1-rc,-,-,?,-,false,-
com.github.jzhi001,coupon-pojo,1.1,-,-,?,-,false,-
com.github.jzhi001,zjc-cp-redis,0.3,-,-,?,-,false,-
com.github.jzhi001,zjc-rabbit,1.1.1,-,-,?,-,false,-
com.github.kaundev.upfx,upfx-core,1.0.2,-,-,?,-,false,-
com.github.kmekala,pega-ui-testframework,0.0.7,-,-,?,-,false,-
com.github.kmekala,uiautomation,0.0.1,-,-,?,-,false,-
com.github.lahahana,csv,2.0.1,-,-,?,-,false,-
com.github.lbqds,rlp_2.12,0.1,-,-,?,-,false,-
com.github.liuyuyu,dictator-client,0.0.2,-,-,?,-,false,-
com.github.liuyuyu,dictator-common,0.0.2,-,-,?,-,false,-
com.github.liuyuyu,dictator-spring,0.0.2,-,-,?,-,false,-
com.github.liuyuyu,dictator-spring-boot-starter,0.0.2,-,-,?,-,false,-
com.github.liuyuyu,dictator-spring-boot-starter-demo,0.0.1,-,-,?,-,false,-
com.github.liuyuyu,dictator-web,0.0.1,-,-,?,-,false,-
com.github.liuyuyu,jialiao,1.0.5,-,-,?,-,false,-
com.github.liuyuyu,mbg-plus,1.0,-,-,?,-,false,-
com.github.ljun20160606,benchmarks,3.10.0,-,-,?,-,false,-
com.github.ljun20160606,crawler,3.10.0,-,-,?,-,false,-
com.github.ljun20160606,guide,3.10.0,-,-,?,-,false,-
com.github.ljun20160606,logging-interceptor,3.10.0,okhttp3.logging,-,automatic,-,false,-
com.github.ljun20160606,mockwebserver,3.10.0,okhttp3.mockwebserver,-,automatic,-,false,-
com.github.ljun20160606,okcurl,3.10.0,okhttp3.curl,-,automatic,-,false,-
com.github.ljun20160606,okhttp,3.10.0,okhttp3,-,automatic,-,false,-
com.github.ljun20160606,okhttp-android-support,3.10.0,okhttp3.androidsupport,-,automatic,-,false,-
com.github.ljun20160606,okhttp-apache,3.10.0,okhttp3.apache,-,automatic,-,false,-
com.github.ljun20160606,okhttp-testing-support,3.10.0,okhttp3.testing,-,automatic,-,false,-
com.github.ljun20160606,okhttp-tests,3.10.0,-,-,?,-,false,-
com.github.ljun20160606,okhttp-urlconnection,3.10.0,okhttp3.urlconnection,-,automatic,-,false,-
com.github.ljun20160606,simple-client,3.10.0,-,-,?,-,false,-
com.github.ljun20160606,slack,3.10.0,-,-,?,-,false,-
com.github.ljun20160606,static-server,3.10.0,-,-,?,-,false,-
com.github.luben,zstd-jni,1.3.5-3,com.github.luben.zstd_jni,-,automatic,-,false,-
com.github.manodj-sfdc,manogrammaticus,0.0.10,-,-,?,-,false,-
com.github.manodj-sfdc,travis-cent,0.0.18,-,-,?,-,false,-
com.github.manodj-sfdc,travis-central-test,0.0.17,-,-,?,-,false,-
com.github.matheusviegas,configloader,1.0.0,-,-,?,-,false,-
com.github.mfoody,akka-boot_2.12,0.3.8,-,-,?,-,false,-
com.github.microsoft,TSS.Java,0.3.0,-,-,?,-,false,-
com.github.mmizutani,play-gulp_2.12,0.2.0,-,-,?,-,false,-
com.github.msemys,esjc,2.0.0,-,-,?,-,false,-
com.github.mvp4g,iban4g,1.1.0,-,-,?,-,false,-
com.github.mvp4g,mvp4g2,1.0.1,-,-,?,-,false,-
com.github.mvp4g,mvp4g2-processor,1.0.1,-,-,?,-,false,-
com.github.mvp4g,sema4g,1.6.2,-,-,?,-,false,-
com.github.mvp4g,sema4g-requestbuilder,1.6.2,-,-,?,-,false,-
com.github.mvp4g,sema4g-resty,1.6.2,-,-,?,-,false,-
com.github.mvp4g,sema4g-rpc,1.6.2,-,-,?,-,false,-
com.github.nahuelolgiati,jaxrs-angular-maven-plugin,01.00.00,-,-,?,-,false,-
com.github.nhirakawa,immutable-style,1.0,-,-,?,-,false,-
com.github.osp-huhula,huhula-pom-properties,J7.1.1.6,-,-,?,-,false,-
com.github.pablopdomingos,nfse-bh,1.0.1,-,-,?,-,false,com.sun.net.ssl.internal.ssl.Provider    Use java.security.Security.getProvider(provider-name) @since 1.3
com.github.peiatgithub,pjutils,5.0,-,-,?,-,false,-
com.github.pikachu-tech,corgi,0.0.61,-,-,?,-,false,-
com.github.rawls238,Scientist4JCore,0.5,-,-,?,-,false,-
com.github.redhatqe.byzantine,byzantine,0.2.0,-,-,?,-,false,-
com.github.redhatqe.polarize,polarize-bus,0.1.0,-,-,?,-,false,-
com.github.redhatqe.polarize,polarize-meta,0.1.0,-,-,?,-,false,-
com.github.redhatqe.polarizer,polarizer,0.2.1,-,-,?,-,false,-
com.github.redhatqe.polarizer,reporter,0.2.2,-,-,?,-,false,-
com.github.resource4j,converters,3.1.4,-,-,?,-,false,-
com.github.resource4j,resource4j-cms,3.1.0,-,-,?,-,false,-
com.github.resource4j,resource4j-core,3.1.4,-,-,?,-,false,-
com.github.resource4j,resource4j-extras,3.1.4,-,-,?,-,false,-
com.github.resource4j,resource4j-spring,3.1.4,-,-,?,-,false,-
com.github.resource4j,resource4j-thymeleaf21,3.1.4,-,-,?,-,false,-
com.github.resource4j,resource4j-thymeleaf3,3.1.4,-,-,?,-,false,-
com.github.rjdavis3,bigcommerce-sdk,1.1.0,-,-,?,-,false,-
com.github.rjdavis3,ebay-sdk,1.3.1,-,-,?,-,false,-
com.github.rweisleder,jfairy-junit-extension,0.2.0,-,-,?,-,false,-
com.github.ryanholdren,resourcecompressor,2017-06-24,-,-,?,-,false,-
com.github.ryanholdren.typesafesql,framework,2018-06-16,-,-,?,-,false,-
com.github.ryanholdren.typesafesql,gradle-plugin,2018-06-16,-,-,?,-,false,-
com.github.ryanholdren.typesafesql,jdbc-framework,2018-06-16,-,-,?,-,false,-
com.github.ryanholdren.typesafesql,jdbc-mocking,2018-06-16,-,-,?,-,false,-
com.github.ryanholdren.typesafesql,jdbc-tests,2018-06-16,-,-,?,-,false,-
com.github.ryanholdren.typesafesql,maven-plugin,2017-07-12,-,-,?,-,false,-
com.github.ryanholdren.typesafesql,mocking,2017-05-20,-,-,?,-,false,-
com.github.ryanholdren.typesafesql,pgasync-framework,2018-06-16,-,-,?,-,false,-
com.github.ryanholdren.typesafesql,pgasync-tests,2018-06-16,-,-,?,-,false,-
com.github.ryanholdren.typesafesql,plugin,2017-05-11,-,-,?,-,false,-
com.github.ryanholdren.typesafesql,tests,2017-05-20,-,-,?,-,false,-
com.github.ryanholdren.typesafesql,translater,2018-06-16,-,-,?,-,false,-
com.github.ryanholdren.typesafesql,typesafesql-maven-plugin,2018-06-16,-,-,?,-,false,-
com.github.schlak,uinversalQB,0.1,-,-,?,-,false,-
com.github.schlak,universalQB,0.4-Snapshot,-,-,?,-,false,-
com.github.simy4.stub,client-stub-jersey1,1.0.0-M1,client.stub.jersey1,-,automatic,-,false,-
com.github.simy4.stub,client-stub-jersey2,1.0.0-M1,client.stub.jersey2,-,automatic,-,false,-
com.github.simy4.stub,client-stub-junit4-integration,1.0.0-M1,client.stub.junit4.integration,-,automatic,-,false,-
com.github.simy4.xpath,xpath-to-json-gson,1.2.2,xpath.to.json.gson,-,automatic,-,false,-
com.github.simy4.xpath,xpath-to-json-jackson,1.2.2,xpath.to.json.jackson,-,automatic,-,false,-
com.github.simy4.xpath,xpath-to-xml-core,1.2.2,xpath.to.xml.core,-,automatic,-,false,-
com.github.simy4.xpath,xpath-to-xml-dom,1.2.2,xpath.to.xml.dom,-,automatic,-,false,-
com.github.simy4.xpath,xpath-to-xml-dom4j,1.2.2,xpath.to.xml.dom4j,-,automatic,-,false,-
com.github.simy4.xpath,xpath-to-xml-test,1.2.2,xpath.to.xml.test,-,automatic,-,false,-
com.github.simy4.xpath,xpath-to-xml-xom,1.2.2,xpath.to.xml.xom,-,automatic,-,false,-
com.github.skapral,maven-tabularasa-plugin,0.0.0,-,-,?,-,false,-
com.github.skapral.puzzler,puzzler-app,0.0.3,-,-,?,-,false,sun.misc.Contended                       Removed. See http://openjdk.java.net/jeps/260 + sun.misc.Unsafe                          See http://openjdk.java.net/jeps/260
com.github.skapral.puzzler,puzzler-core,0.0.3,-,-,?,-,false,-
com.github.skapral.puzzler,puzzler-github,0.0.3,-,-,?,-,false,-
com.github.skapral.puzzler,puzzler-gitlab,0.0.3,-,-,?,-,false,-
com.github.skapral.puzzler,puzzler-web,0.0.3,-,-,?,-,false,-
com.github.skapral.reqresp,reqresp-core,0.0.0,-,-,?,-,false,-
com.github.skapral.reqresp,reqresp-se,0.0.0,-,-,?,-,false,-
com.github.sps.junidecode,junidecode,0.3,-,-,?,-,false,-
com.github.srf5132,jbloom,1.1.0,-,-,?,-,false,-
com.github.thecoldwine,sigrun,0.4.5,-,-,?,-,false,-
com.github.twogoods,hellorpc-breaker,0.1,-,-,?,-,false,-
com.github.twogoods,hellorpc-consul,0.1,-,-,?,-,false,-
com.github.twogoods,hellorpc-core,0.1,-,-,?,-,false,-
com.github.twogoods,hellorpc-example,0.1,-,-,?,-,false,-
com.github.twogoods,hellorpc-spring,0.1,-,-,?,-,false,-
com.github.twogoods,hellorpc-zookeeper,0.1,-,-,?,-,false,-
com.github.twogoods,tgdao-core,0.1.5,-,-,?,-,false,com.sun.tools.javac.code.Attribute       Use javax.tools and javax.lang.model @since 1.6 + com.sun.tools.javac.code.Attribute$Compound Use javax.tools and javax.lang.model @since 1.6 + com.sun.tools.javac.code.Attribute$Constant Use javax.tools and javax.lang.model @since 1.6 + com.sun.tools.javac.code.Scope           Use javax.tools and javax.lang.model @since 1.6 + com.sun.tools.javac.code.Scope$Entry     Use javax.tools and javax.lang.model @since 1.6 + com.sun.tools.javac.code.Symbol          Use javax.tools and javax.lang.model @since 1.6 + com.sun.tools.javac.code.Symbol$ClassSymbol Use javax.tools and javax.lang.model @since 1.6 + com.sun.tools.javac.code.Symbol$MethodSymbol Use javax.tools and javax.lang.model @since 1.6 + com.sun.tools.javac.code.Symbol$TypeSymbol Use javax.tools and javax.lang.model @since 1.6 + com.sun.tools.javac.code.Type            Use javax.tools and javax.lang.model @since 1.6 + com.sun.tools.javac.code.Type$ArrayType  Use javax.tools and javax.lang.model @since 1.6 + com.sun.tools.javac.code.Type$ClassType  Use javax.tools and javax.lang.model @since 1.6 + com.sun.tools.javac.code.Type$JCNoType   Use javax.tools and javax.lang.model @since 1.6 + com.sun.tools.javac.processing.JavacProcessingEnvironment Use javax.tools and javax.lang.model @since 1.6 + com.sun.tools.javac.tree.JCTree          Use com.sun.source @since 1.6 + com.sun.tools.javac.tree.JCTree$JCAnnotation Use com.sun.source @since 1.6 + com.sun.tools.javac.tree.JCTree$JCBlock  Use com.sun.source @since 1.6 + com.sun.tools.javac.tree.JCTree$JCExpression Use com.sun.source @since 1.6 + com.sun.tools.javac.tree.JCTree$JCMethodDecl Use com.sun.source @since 1.6 + com.sun.tools.javac.tree.JCTree$JCModifiers Use com.sun.source @since 1.6 + com.sun.tools.javac.tree.JCTree$JCVariableDecl Use com.sun.source @since 1.6 + com.sun.tools.javac.tree.JCTree$Visitor  Use com.sun.source @since 1.6 + com.sun.tools.javac.tree.TreeMaker       Use com.sun.source @since 1.6 + com.sun.tools.javac.tree.TreeTranslator  Use com.sun.source @since 1.6 + com.sun.tools.javac.util.Context         Use javax.tools and javax.lang.model @since 1.6 + com.sun.tools.javac.util.List            Use javax.tools and javax.lang.model @since 1.6 + com.sun.tools.javac.util.Name            Use javax.tools and javax.lang.model @since 1.6 + com.sun.tools.javac.util.Names           Use javax.tools and javax.lang.model @since 1.6 + com.sun.tools.javac.util.Pair            Use javax.tools and javax.lang.model @since 1.6
com.github.twogoods,tgdao-example,0.1.5,-,-,?,-,false,-
com.github.vignesh-iopex,persisto,0.0.2,-,-,?,-,false,-
com.github.visket,alipay-java-sdk,1.0,-,-,?,-,false,-
com.github.visket,fengguo-cloud,1.1,-,-,?,-,false,-
com.github.vlsi.gettext,gettext-maven-plugin,1.4.0,-,-,?,-,false,-
com.github.vlsi.mxgraph,jgraphx,3.9.8.1,com.github.vlsi.mxgraph.jgraphx,-,automatic,-,false,-
com.github.xphsc,dynamic-datasource-spring-boot-starter,1.0.1,-,-,?,-,false,-
com.github.xphsc,easyjdbc,1.0.5,-,-,?,-,false,-
com.github.xphsc,easyjdbc-spring-boot-starter,1.0.3,-,-,?,-,false,-
com.github.xphsc,eglsc-helper,1.2.3,-,-,?,-,false,sun.misc.BASE64Decoder                   Use java.util.Base64 @since 1.8 + sun.misc.BASE64Encoder                   Use java.util.Base64 @since 1.8
com.github.xphsc,spring-boot-starter-easyjdbc,1.0.2,-,-,?,-,false,-
com.github.xphsc,spring-boot-starter-fastjson,1.0.3,-,-,?,-,false,-
com.github.xphsc,xtool,1.0.0,-,-,?,-,false,sun.misc.BASE64Decoder                   Use java.util.Base64 @since 1.8 + sun.misc.BASE64Encoder                   Use java.util.Base64 @since 1.8
com.github.youzan,http-fetch,1.2.0,-,-,?,-,false,-
com.github.yracnet.maven,fragment-maven-plugin,0.1.1,-,-,?,-,false,-
com.github.yracnet.maven,qualitycode-maven-plugin,0.1.1,-,-,?,-,false,-
com.github.zaza,allegro-client,0.0.5,-,-,?,-,false,-
com.github.zaza,allegro-webapi,0.0.6,-,-,?,-,false,-
com.github.ZhangNYG,beyongZhangTest,1.2.2,-,-,?,-,false,-
