groupId,artifactId,version,moduleName,moduleVersion,moduleMode,moduleDependencies,jdepsToolError,jdepsViolations
com.badlogicgames.gdxpay,gdx-pay,0.11.3,-,-,?,-,false,-
com.badlogicgames.gdxpay,gdx-pay-android,0.11.3,-,-,?,-,false,-
com.badlogicgames.gdxpay,gdx-pay-android-googleplay,0.11.3,-,-,?,-,false,-
com.badlogicgames.gdxpay,gdx-pay-client,0.11.3,-,-,?,-,false,-
com.badlogicgames.gdxpay,gdx-pay-iosmoe-apple,0.11.3,-,-,?,-,false,-
com.badlogicgames.gdxpay,gdx-pay-iosrobovm-apple,0.11.3,-,-,?,-,false,-
com.badlogicgames.gdxpay,gdx-pay-server,0.11.3,-,-,?,-,false,-
com.beust,jcommander,1.72,-,-,?,-,false,-
com.codiform,moo-core,2.1.0,-,-,?,-,false,-
com.codiform,moo-mvel,2.1.0,-,-,?,-,false,-
com.epam.dep.esp,atg-build-plugin,1.3.1,-,-,?,-,false,-
com.epam.dep.esp,gmp,0.0.14,-,-,?,-,false,-
com.epam.dep.esp,gmp-common,0.0.4,-,-,?,-,false,-
com.epam.indigo,bingo-nosql,1.3.0beta.r354,-,-,?,-,false,-
com.epam.indigo,indigo,1.3.0beta.r354,-,-,?,-,false,-
com.epam.indigo,indigo-inchi,1.3.0beta.r354,-,-,?,-,false,-
com.epam.indigo,indigo-renderer,1.3.0beta.r354,-,-,?,-,false,-
com.epam.jdi,jdi-commons,1.1.29,-,-,?,-,false,-
com.epam.jdi,jdi-core,2.0.23,-,-,?,-,false,sun.reflect.generics.reflectiveObjects.NotImplementedException Removed. See http://openjdk.java.net/jeps/260
com.epam.jdi,jdi-http,1.1.29,-,-,?,-,false,-
com.epam.jdi,jdi-http-cucumber,1.1.29,-,-,?,-,false,-
com.epam.jdi,jdi-light,1.0.5,-,-,?,-,false,sun.reflect.generics.reflectiveObjects.NotImplementedException Removed. See http://openjdk.java.net/jeps/260
com.epam.jdi,jdi-matchers,2.0.23,-,-,?,-,false,-
com.epam.jdi,jdi-matchers-junit,2.0.23,-,-,?,-,false,-
com.epam.jdi,jdi-matchers-testng,2.0.23,-,-,?,-,false,-
com.epam.jdi,jdi-uitest-core,1.1.29,-,-,?,-,false,-
com.epam.jdi,jdi-uitest-cucumber,1.1.29,-,-,?,-,false,-
com.epam.jdi,jdi-uitest-gui,1.1.29,-,-,?,-,false,sun.reflect.generics.reflectiveObjects.NotImplementedException Removed. See http://openjdk.java.net/jeps/260
com.epam.jdi,jdi-uitest-mobile,1.1.29,-,-,?,-,false,-
com.epam.jdi,jdi-uitest-web,1.1.29,-,-,?,-,false,-
com.epam.jdi,jdi-uitest-win,1.1.29,-,-,?,-,false,sun.reflect.generics.reflectiveObjects.NotImplementedException Removed. See http://openjdk.java.net/jeps/260
com.epam.jdi,jdi-web-base,2.0.23,-,-,?,-,false,-
com.epam.jdi,jdi-web-testng,2.0.23,-,-,?,-,false,-
com.epam.jdi.tools,jdi-light-saber,2.0.28,-,-,?,-,false,-
com.epam,parso,2.0.9,-,-,?,-,false,-
com.gettyimages,gettyimagesapi-sdk,2.1.0,-,-,?,-,false,-
com.github.dramer,Bichromate,3.9,-,-,?,-,false,-
com.github.kostasdrakonakis,android-navigator-annotations,1.2.3,-,-,?,-,false,-
com.github.kostasdrakonakis,android-navigator-compiler,1.2.3,-,-,?,-,false,-
com.github.ryanp102694,java-simple-quadtree,1.0-RELEASE,-,-,?,-,false,-
com.gpxblog,xcode-plugin,0.0.201,-,-,?,-,false,-
com.halversondm,develop-james-matcher,1.0.1,-,-,?,-,false,-
com.headius,invokebinder,1.11,com.headius.invokebinder,-,explicit,java.base + java.logging,false,-
com.headius,modulator,1.0,-,-,?,-,false,-
com.headius,unsafe-fences,1.0,-,-,?,-,false,sun.misc.Unsafe                          See http://openjdk.java.net/jeps/260
com.huawei,openstack4j,1.0.5,-,-,?,-,false,-
com.huawei.openstack4j.connectors,openstack4j-httpclient,1.0.5,-,-,?,-,false,-
com.huawei.openstack4j.connectors,openstack4j-http-connector,1.0.5,-,-,?,-,false,-
com.huawei.openstack4j.connectors,openstack4j-jersey2,1.0.5,-,-,?,-,false,-
com.huawei.openstack4j.connectors,openstack4j-okhttp,1.0.5,-,-,?,-,false,-
com.huawei.openstack4j.connectors,openstack4j-resteasy,1.0.5,-,-,?,-,false,-
com.huawei,openstack4j-core,1.0.5,-,-,?,-,false,-
com.huawei,openstack4j-core-functional-test,1.0.5,-,-,?,-,false,-
com.huawei,openstack4j-core-test,1.0.5,-,-,?,-,false,-
com.huawei,openstack4j-kms,1.0.5,-,-,?,-,false,-
com.huawei,openstack-core-sample,1.0.5,-,-,?,-,false,-
com.infradna.tool,bridge-method-annotation,1.18,-,-,?,-,false,-
com.infradna.tool,bridge-method-injector,1.18,-,-,?,-,false,-
com.kxjf.talos,talos-brave,1.0.0,-,-,?,-,false,-
com.kxjf.talos,talos-common,1.0.0,-,-,?,-,false,-
com.kxjf.talos,talos-es-shaded,1.0.0,-,-,?,-,false,sun.misc.Unsafe                          See http://openjdk.java.net/jeps/260 + sun.security.x509.X500Name               Use javax.security.auth.x500.X500Principal @since 1.4
com.kxjf.talos,talos-interceptor,1.0.0,-,-,?,-,false,-
com.nepxion,discovery-common,4.3.19,-,-,?,-,false,-
com.nepxion,discovery-common-nacos,4.3.19,-,-,?,-,false,-
com.nepxion,discovery-common-redis,4.3.19,-,-,?,-,false,-
com.nepxion,discovery-console,4.3.19,-,-,?,-,false,-
com.nepxion,discovery-console-extension-nacos,4.3.19,-,-,?,-,false,-
com.nepxion,discovery-console-extension-redis,4.3.19,-,-,?,-,false,-
com.nepxion,discovery-plugin-admin-center,4.3.19,-,-,?,-,false,-
com.nepxion,discovery-plugin-config-center,4.3.19,-,-,?,-,false,-
com.nepxion,discovery-plugin-config-center-extension-nacos,4.3.19,-,-,?,-,false,-
com.nepxion,discovery-plugin-config-center-extension-redis,4.3.19,-,-,?,-,false,-
com.nepxion,discovery-plugin-framework,4.3.19,-,-,?,-,false,-
com.nepxion,discovery-plugin-framework-consul,4.3.19,-,-,?,-,false,-
com.nepxion,discovery-plugin-framework-eureka,4.3.19,-,-,?,-,false,-
com.nepxion,discovery-plugin-framework-zookeeper,4.3.19,-,-,?,-,false,-
com.nepxion,discovery-plugin-starter-consul,4.3.19,-,-,?,-,false,-
com.nepxion,discovery-plugin-starter-eureka,4.3.19,-,-,?,-,false,-
com.nepxion,discovery-plugin-starter-zookeeper,4.3.19,-,-,?,-,false,-
com.nepxion,discovery-plugin-strategy,4.3.19,-,-,?,-,false,-
com.nepxion,discovery-plugin-strategy-extension-gateway,4.3.19,-,-,?,-,false,-
com.nepxion,discovery-plugin-strategy-extension-service,4.3.19,-,-,?,-,false,-
com.nepxion,discovery-plugin-strategy-extension-zuul,4.3.19,-,-,?,-,false,-
com.qulice,qulice-ant,0.18,-,-,?,-,false,-
com.qulice,qulice-checkstyle,0.18,-,-,?,-,false,-
com.qulice,qulice-findbugs,0.18,-,-,?,-,false,-
com.qulice,qulice-gradle-plugin,0.18,-,-,?,-,false,-
com.qulice,qulice-maven-plugin,0.18,-,-,?,-,false,-
com.qulice,qulice-pmd,0.18,-,-,?,-,false,-
com.qulice,qulice-spi,0.18,-,-,?,-,false,-
com.sangupta,dryredis,0.8.0,-,-,?,-,false,-
com.sangupta,gather,1.2.0,-,-,?,-,false,-
com.sangupta,jerry-services,1.0.0,-,-,?,-,false,-
com.sangupta,jerry-web,1.1.0,-,-,?,-,false,-
com.sdl.audiencemanager,audiencemanager_common,8.6.0,-,-,?,-,false,-
com.sdl.audiencemanager,audiencemanager_core,8.6.0,-,-,?,-,false,-
com.sdl.audiencemanager,audiencemanager_odata_client,8.6.0,-,-,?,-,false,-
com.sdl.audiencemanager,audiencemanager_odata_models,8.6.0,-,-,?,-,false,-
com.sdl.audiencemanager,audiencemanager_profile_compatibility,8.6.0,-,-,?,-,false,-
com.sdl.audiencemanager,audiencemanager_tracking_compatibility,8.6.0,-,-,?,-,false,-
com.sdl.delivery,adf-api,10.1.0-1009,-,-,?,-,false,-
com.sdl.delivery,adf-client,10.1.0-1009,-,-,?,-,false,-
com.sdl.delivery,iq-api-common,10.1.0-1015,-,-,?,-,false,-
com.sdl.delivery,iq-client-configuration-common,10.1.0-1018,-,-,?,-,false,-
com.sdl.delivery,iq-http-client,10.1.0-1018,-,-,?,-,false,-
com.sdl.delivery,iq-index-api,10.1.0-1015,-,-,?,-,false,-
com.sdl.delivery,iq-index-model,10.1.0-1017,-,-,?,-,false,-
com.sdl.delivery,iq-model-common,10.1.0-1017,-,-,?,-,false,-
com.sdl.delivery,iq-query-api,10.1.0-1015,-,-,?,-,false,-
com.sdl.delivery,iq-query-client,10.1.0-1018,-,-,?,-,false,-
com.sdl.delivery,iq-query-client-common,10.1.0-1018,-,-,?,-,false,-
com.sdl.delivery,iq-query-client-rest,10.1.0-1018,-,-,?,-,false,-
com.sdl.delivery,iq-query-model,10.1.0-1017,-,-,?,-,false,-
com.sdl.delivery.ish,ish-module,1.2.0,-,-,?,-,false,-
com.sdl.delivery.ish,ish-search,1.2.0,-,-,?,-,false,-
com.sdl.delivery.ish,ish-ugc-module,1.2.0,-,-,?,-,false,-
com.sdl.delivery.ish,webapp-backend,1.2.0,-,-,?,-,false,-
com.sdl.delivery,oauth-common,10.1.0-1009,-,-,?,-,false,-
com.sdl.delivery,ugc-api,10.1.0-1018,-,-,?,-,false,-
com.sdl.delivery,ugc-client-api,10.1.0-1018,-,-,?,-,false,-
com.sdl.delivery,ugc-client-common,10.1.0-1018,-,-,?,-,false,-
com.sdl.delivery,ugc-model,10.1.0-1018,-,-,?,-,false,-
com.sdl.delivery,ugc-taglib,10.1.0-1018,-,-,?,-,false,-
com.sdl.delivery,ugc-tcdl,10.1.0-1018,-,-,?,-,false,-
com.sdl.dxa,dxa-builder,2.0.0-CTP2,-,-,?,-,false,-
com.sdl.dxa,dxa-common,2.0.0-CTP2,-,-,?,-,false,-
com.sdl.dxa,dxa-common-api,2.0.0-CTP2,-,-,?,-,false,-
com.sdl.dxa,dxa-common-impl,2.0.0-CTP2,-,-,?,-,false,-
com.sdl.dxa,dxa-compatible,2.0.0-CTP2,-,-,?,-,false,-
com.sdl.dxa,dxa-data-model,2.0.0-CTP2,-,-,?,-,false,-
com.sdl.dxa,dxa-dd4t-ms-provider,2.0.0,-,-,?,-,false,-
com.sdl.dxa,dxa-dd4t-provider,2.0.0-CTP2,-,-,?,-,false,-
com.sdl.dxa,dxa-javadoc-tools,2.0.0,-,-,?,-,false,-
com.sdl.dxa,dxa-model-service-client,2.0.0,-,-,?,-,false,-
com.sdl.dxa,dxa-r2-provider,2.0.0-CTP2,-,-,?,-,false,-
com.sdl.dxa,dxa-tridion-common,2.0.0-CTP2,-,-,?,-,false,-
com.sdl.dxa,dxa-tridion-provider,2.0.0-CTP2,-,-,?,-,false,-
com.sdl.dxa,dxa-web8-provider,1.8.0,-,-,?,-,false,-
com.sdl.dxa.modules,dxa-module-51degrees,2.0.0-CTP2,-,-,?,-,false,-
com.sdl.dxa.modules,dxa-module-audience-manager,2.0.0-CTP2,-,-,?,-,false,-
com.sdl.dxa.modules,dxa-module-audience-manager-abstract,1.8.0,-,-,?,-,false,-
com.sdl.dxa.modules,dxa-module-audience-manager-web8,1.8.0,-,-,?,-,false,-
com.sdl.dxa.modules,dxa-module-cid,2.0.0-CTP2,-,-,?,-,false,-
com.sdl.dxa.modules,dxa-module-context-expressions,2.0.0-CTP2,-,-,?,-,false,-
com.sdl.dxa.modules,dxa-module-context-expressions-abstract,2.0.0-CTP2,-,-,?,-,false,-
com.sdl.dxa.modules,dxa-module-context-expressions-legacy,2.0.0-CTP2,-,-,?,-,false,-
com.sdl.dxa.modules,dxa-module-core,2.0.0-CTP2,-,-,?,-,false,-
com.sdl.dxa.modules,dxa-module-googleanalytics,2.0.0-CTP2,-,-,?,-,false,-
com.sdl.dxa.modules,dxa-module-mediamanager,2.0.0-CTP2,-,-,?,-,false,-
com.sdl.dxa.modules,dxa-module-search,2.0.0-CTP2,-,-,?,-,false,-
com.sdl.dxa.modules,dxa-module-smarttarget,2.0.0-CTP2,-,-,?,-,false,-
com.sdl.dxa.modules,dxa-module-smarttarget-abstract,2.0.0-CTP2,-,-,?,-,false,-
com.sdl.dxa.modules,dxa-module-smarttarget-legacy,2.0.0-CTP2,-,-,?,-,false,-
com.sdl.dxa.modules,dxa-module-smarttarget-web8,1.8.0,-,-,?,-,false,-
com.sdl.dxa.modules,dxa-module-test,2.0.0-CTP2,-,-,?,-,false,-
com.sdl.lt,Testy,2.10.0,-,-,?,-,false,-
com.sdl,odata_api,2.6.0,-,-,?,-,false,-
com.sdl,odata_checkstyle,2.6.0,-,-,?,-,false,-
com.sdl,odata_client,2.6.0,-,-,?,-,false,-
com.sdl,odata_client_api,2.6.0,-,-,?,-,false,-
com.sdl,odata_client_tracing,2.6.0,-,-,?,-,false,-
com.sdl,odata_common,2.6.0,-,-,?,-,false,-
com.sdl,odata_controller,2.6.0,-,-,?,-,false,-
com.sdl,odata_edm,2.6.0,-,-,?,-,false,-
com.sdl,odata_parser,2.6.0,-,-,?,-,false,-
com.sdl,odata_processor,2.6.0,-,-,?,-,false,-
com.sdl,odata_renderer,2.6.0,-,-,?,-,false,-
com.sdl,odata_service,2.6.0,-,-,?,-,false,-
com.sdl,odata_test,2.6.0,-,-,?,-,false,-
com.sdl,odata_webservice,2.6.0,-,-,?,-,false,-
com.sdl.web,content-ambient-client,10.1.0-1019,-,-,?,-,false,-
com.sdl.web,content-ambient-model,10.1.0-1022,-,-,?,-,false,-
com.sdl.web,content-api,10.1.0-1019,-,-,?,-,false,-
com.sdl.web,content-broker,10.1.0-1019,-,-,?,-,false,-
com.sdl.web,content-client-api,10.1.0-1019,-,-,?,-,false,-
com.sdl.web,content-compatible,10.1.0-1019,-,-,?,-,false,-
com.sdl.web,content-core,10.1.0-1020,-,-,?,-,false,-
com.sdl.web,content-dynamic,10.1.0-1019,-,-,?,-,false,-
com.sdl.web,content-linking,10.1.0-1019,-,-,?,-,false,-
com.sdl.web,content-model,10.1.0-1019,-,-,?,-,false,-
com.sdl.web,content-tags,10.1.0-1019,-,-,?,-,false,-
com.sdl.web,context-api,10.1.0-1019,-,-,?,-,false,-
com.sdl.web,context-client,10.1.0-1019,-,-,?,-,false,-
com.sdl.web,context-image-proxy,10.1.0-1019,-,-,?,-,false,-
com.sdl.web,context-service-common,10.1.0-1019,-,-,?,-,false,-
com.sdl.web,discovery-client-lightweight,10.1.0-1016,-,-,?,-,false,-
com.sdl.web,discovery-common,10.1.0-1016,-,-,?,-,false,-
com.sdl.web,ugc_api,8.5.0-1041,-,-,?,-,false,-
com.sdl.web,ugc_model,8.5.0-1041,-,-,?,-,false,-
com.sdl.web,ugc_taglib,8.5.0-1041,-,-,?,-,false,-
com.sdl.web,ugc_tcdl,8.5.0-1041,-,-,?,-,false,-
com.sdl.web,web-ambient-api,8.5.0-1021,-,-,?,-,false,-
com.sdl.web,web-ambient-client,8.5.0-1021,-,-,?,-,false,-
com.sdl.web,web-oauth-common,8.5.0-1021,-,-,?,-,false,-
com.sdl.web,xo-client,8.6.0,-,-,?,-,false,-
com.sdl.web,xo-client-compatible,8.6.0,-,-,?,-,false,-
com.sdl.web,xo-model,8.6.0,-,-,?,-,false,-
com.silanis.esl,sdk,11.17,-,-,?,-,false,-
com.silanis.esl,tester,11.17,-,-,?,-,false,-
com.silicolife.textmining,clustering,1.0.0,-,-,?,-,false,-
com.silicolife.textmining,core,1.0.0,-,-,?,-,false,-
com.silicolife.textmining,machinelearning,1.0.0,-,-,?,-,false,-
com.silicolife.textmining,processes,1.0.0,-,-,?,-,false,-
com.silicolife.textmining,processesgate8,1.0.0,-,-,?,-,false,-
com.sonatype.clm,clm-maven-plugin,2.9.0-01,-,-,?,-,false,sun.misc.Unsafe                          See http://openjdk.java.net/jeps/260
com.sonatype.nexus,nexus-platform-api,3.2.20180720-113856.04ab436,-,-,?,-,false,sun.misc.Unsafe                          See http://openjdk.java.net/jeps/260
com.sparkjava,spark-core,2.7.2,-,-,?,-,false,-
com.sparkjava,spark-kotlin,1.0.0-alpha,-,-,?,-,false,-
com.sparkjava,spark-template-closure,2.7.1,-,-,?,-,false,-
com.sparkjava,spark-template-freemarker,2.7.1,-,-,?,-,false,-
com.sparkjava,spark-template-handlebars,2.7.1,-,-,?,-,false,-
com.sparkjava,spark-template-jade,2.7.1,-,-,?,-,false,-
com.sparkjava,spark-template-jetbrick,2.7.1,-,-,?,-,false,-
com.sparkjava,spark-template-jinjava,2.7.1,-,-,?,-,false,-
com.sparkjava,spark-template-jtwig,2.7.1,-,-,?,-,false,-
com.sparkjava,spark-template-mustache,2.7.1,-,-,?,-,false,-
com.sparkjava,spark-template-mvel,2.7.1,-,-,?,-,false,-
com.sparkjava,spark-template-pebble,2.7.1,-,-,?,-,false,-
com.sparkjava,spark-template-rocker,2.7.1,-,-,?,-,false,-
com.sparkjava,spark-template-thymeleaf,2.7.1,-,-,?,-,false,-
com.sparkjava,spark-template-velocity,2.7.1,-,-,?,-,false,-
com.sparkjava,spark-template-water,2.7.1,-,-,?,-,false,-
com.techempower,gemini,2.21.1,-,-,?,-,false,-
com.techempower,gemini-resin,2.21.1,-,-,?,-,false,-
com.techempower,gemini-resin-archetype,2.21.1,-,-,?,-,false,-
com.venomvendor,Wordpress-SDK,1.0.0-beta,-,-,?,-,false,-
com.workiva,frugal,2.22.0,-,-,?,-,false,-
com.zaneli,scalikejdbc-athena_2.12,0.1.0,-,-,?,-,false,-
com.zuhlke.testing,recmocks,0.2-BETA,-,-,?,-,false,-
io.symphonia,lambda-logging,1.0.2,-,-,?,-,false,-
io.symphonia,lambda-metrics,1.0.2,-,-,?,-,false,-
io.symphonia,lambda-metrics-maven-plugin,1.0.2,-,-,?,-,false,-
io.symphonia,lambda-monitoring-sample-project,1.0.2,-,-,?,-,false,sun.misc.Unsafe                          See http://openjdk.java.net/jeps/260 + sun.reflect.Reflection                   Use java.lang.StackWalker @since 9
org.facebook4j,facebook4j-core,2.4.12,-,-,?,-,false,-
org.webpieces,core,1.9.118,-,-,?,-,false,-
org.webpieces,core-asyncserver,1.9.118,-,-,?,-,false,-
org.webpieces,core-channelmanager2,1.9.118,-,-,?,-,false,-
org.webpieces,core-datawrapper,1.9.118,-,-,?,-,false,-
org.webpieces,core-ddl,1.9.118,-,-,?,-,false,-
org.webpieces,core-mock,1.9.118,-,-,?,-,false,-
org.webpieces,core-ssl,1.9.118,-,-,?,-,false,-
org.webpieces,core-statemachine,1.9.118,-,-,?,-,false,-
org.webpieces,core-util,1.9.118,-,-,?,-,false,-
org.webpieces,gradle-plugin-htmlcompiler,1.9.118,-,-,?,-,false,-
org.webpieces,http1_1-client,1.9.118,-,-,?,-,false,-
org.webpieces,http1_1-parser,1.9.118,-,-,?,-,false,-
org.webpieces,http,1.9.118,-,-,?,-,false,-
org.webpieces,http2-client,1.9.118,-,-,?,-,false,-
org.webpieces,http2-engine,1.9.118,-,-,?,-,false,-
org.webpieces,http2-hpack,1.9.118,-,-,?,-,false,-
org.webpieces,http2-parser,1.9.118,-,-,?,-,false,-
org.webpieces,http2to1_1-client,1.9.118,-,-,?,-,false,-
org.webpieces,http2-translations,1.9.118,-,-,?,-,false,-
org.webpieces,http-backpressure-tests,1.9.118,-,-,?,-,false,-
org.webpieces,http-fortesting-plugins,1.9.118,-,-,?,-,false,-
org.webpieces,http-frontend2,1.9.118,-,-,?,-,false,-
org.webpieces,http-router,1.9.118,-,-,?,-,false,-
org.webpieces,http-router-dev,1.9.118,-,-,?,-,false,-
org.webpieces,http-shared,1.9.118,-,-,?,-,false,-
org.webpieces,http-templating,1.9.118,-,-,?,-,false,-
org.webpieces,http-templating-dev,1.9.118,-,-,?,-,false,-
org.webpieces,http-webserver,1.9.118,-,-,?,-,false,-
org.webpieces,http-webserver-test,1.9.118,-,-,?,-,false,-
org.webpieces,plugin-backend,1.9.118,-,-,?,-,false,-
org.webpieces,plugin-documentation,1.9.118,-,-,?,-,false,-
org.webpieces,plugin-h2db,1.9.118,-,-,?,-,false,-
org.webpieces,plugin-hibernate,1.9.118,-,-,?,-,false,-
org.webpieces,plugin-install-sslcert,1.9.118,-,-,?,-,false,-
org.webpieces,plugin-json-jackson,1.9.118,-,-,?,-,false,-
org.webpieces,projectcreator,1.9.118,-,-,?,-,false,-
org.webpieces,runtimecompile,1.9.118,-,-,?,-,false,-
org.webpieces,templateProject,1.9.118,-,-,?,-,false,-
org.webpieces,webpiecesServerBuilder,1.9.118,-,-,?,-,false,-
org.webpieces,WEBPIECESxAPPNAME,1.9.118,-,-,?,-,false,-
org.webpieces,WEBPIECESxAPPNAME-dev,1.9.118,-,-,?,-,false,-
org.webpieces,webserver,1.9.118,-,-,?,-,false,-
org.webpieces,webserver-plugins,1.9.118,-,-,?,-,false,-
