groupId,artifactId,version,moduleName,moduleVersion,moduleMode,moduleDependencies,jdepsToolError,jdepsViolations
org.asm-labs,junrar,0.8,-,-,?,-,false,-
org.beigesoft,beige-docwriter,1.0.2,-,-,?,-,false,-
org.beigesoft,beige-graphic-android,1.0.0,-,-,?,-,false,-
org.beigesoft,beige-graphic-swing,1.0.0,-,-,?,-,false,-
org.beigesoft,beige-logging-acl,1.0.2,-,-,?,-,false,-
org.beigesoft,beige-logging-acl-android,1.0.2,-,-,?,-,false,-
org.beigesoft,beige-logging-android,1.0.2,-,-,?,-,false,-
org.beigesoft,beige-logging-base,1.0.2,-,-,?,-,false,-
org.beigesoft,beige-logging-slf4j,1.0.2,-,-,?,-,false,-
org.beigesoft,beige-logging-slf4j-android,1.0.2,-,-,?,-,false,-
org.beigesoft,beige-pdfwriter,1.0.2,-,-,?,-,false,-
org.beigesoft,beigesoft-accounting,1.1.6,-,-,?,-,false,-
org.beigesoft,beigesoft-accountingoio-ajetty,1.1.6,-,-,?,-,false,-
org.beigesoft,beigesoft-accountingoio-android,1.1.6,-,-,?,-,false,-
org.beigesoft,beigesoft-accounting-weboio-jar,1.1.6,-,-,?,-,false,-
org.beigesoft,beigesoft-android-sqlite,1.1.6,-,-,?,-,false,-
org.beigesoft,beigesoft-bcommon,1.1.6,-,-,?,-,false,-
org.beigesoft,beigesoft-jdbc,1.1.6,-,-,?,-,false,-
org.beigesoft,beigesoft-orm,1.1.6,-,-,?,-,false,-
org.beigesoft,beigesoft-replicator,1.1.6,-,-,?,-,false,-
org.beigesoft,beigesoft-settings,1.1.6,-,-,?,-,false,-
org.beigesoft,beigesoft-webcrud-jar,1.1.6,-,-,?,-,false,-
org.beigesoft,beigesoft-webstore,1.1.6,-,-,?,-,false,-
org.cloudfun,fun-config-server,0.0.2-release,-,-,?,-,false,-
org.dd4t,dd4t-api,2.1.4,-,-,?,-,false,-
org.dd4t,dd4t-caching,2.1.4,-,-,?,-,false,-
org.dd4t,dd4t-compatibility,2.1.4,-,-,?,-,false,-
org.dd4t,dd4t-core,2.1.4,-,-,?,-,false,-
org.dd4t,dd4t-databind,2.1.4,-,-,?,-,false,-
org.dd4t,dd4t-mvc-support,2.1.4,-,-,?,-,false,-
org.dd4t,dd4t-providers,2.1.4,-,-,?,-,false,-
org.dd4t,dd4t-providers-common,2.1.4,-,-,?,-,false,-
org.dd4t,dd4t-providers-web8,2.1.4,-,-,?,-,false,-
org.dd4t,dd4t-thymeleaf-support,2.1.4,-,-,?,-,false,-
org.javafxports,jfxdvk,8.60.11,-,-,?,-,false,-
org.javafxports,jfxmobile-plugin,2.0.29,-,-,?,-,false,sun.security.x509.X500Name               Use javax.security.auth.x500.X500Principal @since 1.4
org.javastack,concurrentlimit-servlet-filter,1.0.0,-,-,?,-,false,-
org.javastack,jipc,1.0.1,-,-,?,-,false,sun.misc.Unsafe                          See http://openjdk.java.net/jeps/260
org.javastack,log4j2-simplejson,1.1.0,-,-,?,-,false,-
org.javastack,log4j-tomcat,1.0.1,-,-,?,-,false,-
org.javastack,metrics-tomcat,1.0.0,-,-,?,-,false,-
org.javastack,simpleauth,1.0.0,-,-,?,-,false,-
org.javastack,stringmappersist,1.0.0,-,-,?,-,false,-
org.javastack,tomcat-juli-log4j2,1.0.0,-,-,?,-,false,-
org.javastack,webapp-notifier,1.1.0,-,-,?,-,false,-
org.john-tipper.gradle,git-semantic-versioning,1.1,-,-,?,-,false,-
org.labkey,labkey-client-api,18.2,-,-,?,-,false,-
org.mapfish.print,print-lib,3.15.0,-,-,?,-,false,-
org.marketcetera,cep-esper,3.0.12,-,-,?,-,false,-
org.marketcetera,cep-system,3.0.12,-,-,?,-,false,-
org.marketcetera,client,3.0.12,-,-,?,-,false,-
org.marketcetera,client-test,3.0.12,-,-,?,-,false,-
org.marketcetera,core,3.0.12,-,-,?,-,false,-
org.marketcetera.fork,commons-csv,3.0.12,-,-,?,-,false,-
org.marketcetera.fork,commons-i18n,3.0.12,-,-,?,-,false,-
org.marketcetera,marketdata-bogus,3.0.12,-,-,?,-,false,-
org.marketcetera,marketdata-core,3.0.12,-,-,?,-,false,-
org.marketcetera,marketdata-csv,3.0.12,-,-,?,-,false,-
org.marketcetera,marketdata-exsim,3.0.12,-,-,?,-,false,-
org.marketcetera,marketdata-marketcetera,3.0.12,-,-,?,-,false,-
org.marketcetera,marketdata-recorder,3.0.12,-,-,?,-,false,-
org.marketcetera,marketdata-yahoo,3.0.12,-,-,?,-,false,-
org.marketcetera,misc,3.0.12,-,-,?,-,false,-
org.marketcetera,orderloader,3.0.12,-,-,?,-,false,-
org.marketcetera,photon-bundle,3.0.12,-,-,?,-,false,-
org.marketcetera,photon-test-bundle,3.0.12,-,-,?,-,false,-
org.marketcetera,remote-emitter,3.0.12,-,-,?,-,false,-
org.marketcetera,remote-receiver,3.0.12,-,-,?,-,false,-
org.marketcetera,saclient,3.0.12,-,-,?,-,false,-
org.marketcetera,strategy,3.0.12,-,-,?,-,false,-
org.marketcetera,strategyagent,3.0.12,-,-,?,-,false,-
org.marketcetera,tensorflow,3.0.12,-,-,?,-,false,-
org.marketcetera,util,3.0.12,-,-,?,-,false,-
org.marketcetera,util-test,3.0.12,-,-,?,-,false,-
org.modelfabric,reactive-sparql_2.12,0.2.13,-,-,?,-,false,-
org.neo4j.client,neo4j-browser,3.2.5,-,-,?,-,false,-
org.neo4j.examples,neo4j-examples,3.1.0-M08,-,-,?,-,false,-
org.neo4j.examples,neo4j-server-examples,3.1.0-M08,-,-,?,-,false,-
org.neo4j,graph-algorithms-core,3.4.4.0,-,-,?,-,false,-
org.neo4j,graph-algorithms-docs,3.4.4.0,-,-,?,-,false,-
org.neo4j,neo4j-cluster,3.5.0-alpha07,org.neo4j.cluster,-,automatic,-,false,-
org.neo4j,neo4j-cypher-compiler-3.1,3.1.9,-,-,?,-,false,-
org.neo4j,neo4j-cypher-expression-3.4,3.4.6,org.neo4j.cypher.internal.v3_4.expressions,-,automatic,-,false,-
org.neo4j,neo4j-cypher-frontend-3.4,3.4.0-alpha08,-,-,?,-,false,-
org.neo4j,neo4j-cypher-planner-3.4,3.4.6,org.neo4j.cypher.internal.compiler.v3_4,-,automatic,-,false,-
org.neo4j,neo4j-deferred-locks,3.5.0-alpha07,org.neo4j.kernel.impl.locking.deferred,-,automatic,-,false,-
org.neo4j,neo4j-graph-algo,3.5.0-alpha07,org.neo4j.graphalgo,-,automatic,-,false,-
org.neo4j,neo4j-graph-matching,3.2.0-alpha02,-,-,?,-,false,-
org.neo4j,neo4j-kernel-commercial,3.4.0-alpha08,-,-,?,-,false,-
org.neo4j,neo4j-ogm-api,3.1.2,org.neo4j.ogm.drivers.api,-,automatic,-,false,-
org.neo4j,neo4j-ogm-bolt-driver,3.1.2,org.neo4j.ogm.drivers.bolt,-,automatic,-,false,-
org.neo4j,neo4j-query-logging,3.5.0-alpha07,org.neo4j.kernel.impl.query,-,automatic,-,false,-
org.neo4j,neo4j-random-values,3.5.0-alpha07,org.neo4j.random.values,-,automatic,-,false,-
org.neo4j,neo4j-ssl,3.5.0-alpha07,org.neo4j.ssl,-,automatic,-,false,-
org.neo4j,neo4j-tinkerpop-api-impl,0.7-3.2.3,-,-,?,-,false,-
org.neo4j,neo4j-unsafe,3.5.0-alpha07,org.neo4j.unsafe,-,automatic,-,false,sun.misc.Unsafe                          See http://openjdk.java.net/jeps/260
org.oedura,scavro_2.10,1.0.3,-,-,?,-,false,-
org.oedura,scavro_2.11,1.0.3,-,-,?,-,false,-
org.oedura,scavro_2.12,1.0.3,-,-,?,-,false,-
org.openestate.io,OpenEstate-IO-CasaIT,1.3,-,-,?,-,false,-
org.openestate.io,OpenEstate-IO-Core,1.3,-,-,?,-,false,-
org.openestate.io,OpenEstate-IO-DaftIE,1.3,-,-,?,-,false,-
org.openestate.io,OpenEstate-IO-Examples,1.3,-,-,?,-,false,-
org.openestate.io,OpenEstate-IO-Filemaker,1.3,-,-,?,-,false,-
org.openestate.io,OpenEstate-IO-IDX,1.3,-,-,?,-,false,-
org.openestate.io,OpenEstate-IO-ImmobiliareIT,1.3,-,-,?,-,false,-
org.openestate.io,OpenEstate-IO-ImmoXML,1.3,-,-,?,-,false,-
org.openestate.io,OpenEstate-IO-IS24-CSV,1.3,-,-,?,-,false,-
org.openestate.io,OpenEstate-IO-IS24-XML,1.3,-,-,?,-,false,-
org.openestate.io,OpenEstate-IO-Kyero,1.3,-,-,?,-,false,-
org.openestate.io,OpenEstate-IO-OpenImmo,1.3,-,-,?,-,false,-
org.openestate.io,OpenEstate-IO-Trovit,1.3,-,-,?,-,false,-
org.openestate.io,OpenEstate-IO-WisIT,1.3,-,-,?,-,false,-
org.openestate.is24,OpenEstate-IS24-REST,0.4,-,-,?,-,false,-
org.openestate.is24,OpenEstate-IS24-REST-examples,0.4,-,-,?,-,false,-
org.openestate.is24,OpenEstate-IS24-REST-hc42,0.4,-,-,?,-,false,-
org.openestate.is24,OpenEstate-IS24-REST-hc43,0.4,-,-,?,-,false,-
org.rootservices,jwt,1.3.1,-,-,?,-,false,-
org.rootservices,otter,1.3,-,-,?,-,false,-
org.rootservices,otter-translatable,1.0,-,-,?,-,false,-
org.toile-libre.libe,curl,0.0.19,-,-,?,-,false,-
org.wso2.extension.siddhi.io.http,org.wso2.extension.siddhi.io.http.coverge.test,1.0.35,-,-,?,-,false,-
org.wso2.extension.siddhi.io.http,siddhi-io-http,1.0.35,-,-,?,-,false,-
org.wso2.extension.siddhi.io.http,siddhi-io-http-osgi-tests,1.0.35,-,-,?,-,false,-
org.wso2.extension.siddhi.io.sqs,siddhi-io-sqs,1.0.5,-,-,?,-,false,-
org.wso2.extension.siddhi.io.websocket,siddhi-io-websocket,1.0.8,-,-,?,-,false,-
org.wso2.extension.siddhi.io.wso2event,siddhi-io-wso2event,4.0.15,-,-,?,-,false,-
org.wso2.extension.siddhi.io.wso2event,siddhi-io-wso2event-osgi-tests,4.0.15,-,-,?,-,false,-
