groupId,artifactId,version,moduleName,moduleVersion,moduleMode,moduleDependencies,jdepsToolError,jdepsViolations
com.adobe.aam,metrics,1.0.3,-,-,?,-,false,-
com.adobe.aam,metrics-all,1.0.3,-,-,?,-,false,-
com.adobe.aam,metrics-codahale,1.0.3,-,-,?,-,false,-
com.adobe.aam,metrics-core,1.0.3,-,-,?,-,false,-
com.adobe.aam,metrics-graphite,1.0.3,-,-,?,-,false,-
com.adobe.aam,metrics-guice,1.0.3,-,-,?,-,false,-
com.adobe.aam,metrics-opentsdb,1.0.3,-,-,?,-,false,-
com.adobe.aam,metrics-prometheus,1.0.3,-,-,?,-,false,-
com.adobe.aam,metrics-sample,1.0.3,-,-,?,-,false,-
com.adobe.aam,metrics-sample-prometheus,1.0.3,-,-,?,-,false,-
com.adobe.aam,shredder-core,1.0.0,-,-,?,-,false,-
com.adobe.aem,aem-importer-markdown,0.0.11,-,-,?,-,false,-
com.adobe.api.platform,launchpad,1.3.2,-,-,?,-,false,-
com.adobe.api.platform,launchpad-test-support,1.3.2,-,-,?,-,false,-
com.adobe.api.platform.runtime,mesos,0.0.2,-,-,?,-,false,-
com.adobe.api.platform.runtime,mesos-actor,0.0.8,-,-,?,-,false,-
com.adobe.commerce.cif,api-model,1.1.2,-,-,?,-,false,-
com.adobe.mobile,adobeMobileLibrary,4.16.1,-,-,?,-,false,-
com.adobe.sign,adobe-sign-java-sdk,1.1.2,-,-,?,-,false,-
com.adobe.testing,s3mock,2.0.7,-,-,?,-,false,-
com.adobe.testing,s3mock-build-config,2.0.7,-,-,?,-,false,-
com.adobe.testing,s3mock-junit4,2.0.7,-,-,?,-,false,-
com.adobe.testing,s3mock-junit5,2.0.7,-,-,?,-,false,-
com.adobe.testing,s3mock-testng,2.0.7,-,-,?,-,false,-
com.adobe.testing,s3mock-testsupport-common,2.0.7,-,-,?,-,false,-
com.axtstar,asta4e_2.11,0.0.6,-,-,?,-,false,-
com.axtstar,asta4e_2.12,0.0.6,-,-,?,-,false,-
com.bimface,bimface-java-sdk,2.0.5.4,-,-,?,-,false,-
com.cheddar,robinhoodjavaclient,0.2.0,-,-,?,-,false,-
com.envisioniot,eeop,0.1.54,-,-,?,-,false,-
com.envisioniot,enos-calculate,1.2.2,-,-,?,-,false,-
com.envisioniot,enos-java-sdk-core,1.0.0,-,-,?,-,false,-
com.frimastudio,slf4j-kotlin-extensions,2.0.0,-,-,?,-,false,-
com.ftpix,sherdog-parser,2.3,-,-,?,-,false,-
com.ftpix,sparknotation,1.10,-,-,?,-,false,-
com.indeni,rsql-scala_2.11,1.0,-,-,?,-,false,-
com.jtelegram,jtelegrambotapi-core,3.6.3,-,-,?,-,false,-
com.jtelegram,jtelegrambotapi-menus,3.6.3,-,-,?,-,false,-
com.jtelegram,jtelegrambotapi-test,3.6.3,-,-,?,-,false,-
com.jtelegram,jtelegrambotapi-webhooks,3.6.3,-,-,?,-,false,-
com.listeningframework.boot,listening-boot-autoconfigure,1.5.9.2,-,-,?,-,false,-
com.listeningframework.boot,listening-boot-codegen,1.5.9.2,-,-,?,-,false,-
com.listeningframework.boot,listening-boot-starter-logstash,1.5.9.2,-,-,?,-,false,-
com.listeningframework.boot,listening-boot-starter-metrics,1.5.9.2,-,-,?,-,false,-
com.listeningframework.boot,listening-boot-starter-mybatis,1.5.9.2,-,-,?,-,false,-
com.listeningframework.boot,listening-boot-starter-quartz,1.5.9.2,-,-,?,-,false,-
com.listeningframework.boot,listening-boot-starter-sitemesh,1.5.9.2,-,-,?,-,false,-
com.listeningframework.boot,listening-boot-starter-swagger,1.5.9.2,-,-,?,-,false,-
com.listeningframework.boot,listening-boot-starter-web,1.0.3,-,-,?,-,false,-
com.listeningframework.boot,listening-boot-webjar-easyui,1.0.2,-,-,?,-,false,-
com.lvonce,binaryweaver,0.0.3,-,-,?,-,false,-
com.lvonce,hera,0.0.2,-,-,?,-,false,-
com.lvonce,hermes,0.0.4,-,-,?,-,false,-
com.lvonce,logicweaver,1.0.0,-,-,?,-,false,-
com.mapbox.mapboxsdk,mapbox-java-core,2.2.10,-,-,?,-,false,-
com.mapbox.mapboxsdk,mapbox-java-geojson,2.2.10,-,-,?,-,false,-
com.mapbox.mapboxsdk,mapbox-java-services,2.2.10,-,-,?,-,false,-
com.mapbox.mapboxsdk,mapbox-java-services-rx,2.2.10,-,-,?,-,false,-
com.mapbox.mapboxsdk,mapbox-sdk-core,3.4.1,-,-,?,-,false,-
com.mapbox.mapboxsdk,mapbox-sdk-geojson,3.4.1,-,-,?,-,false,-
com.mapbox.mapboxsdk,mapbox-sdk-services,3.4.1,-,-,?,-,false,-
com.mapbox.mapboxsdk,mapbox-sdk-turf,3.4.1,-,-,?,-,false,-
com.nablarch.configuration,nablarch-main-default-configuration,1.1.0,-,-,?,-,false,-
com.nablarch.configuration,nablarch-testing-default-configuration,1.1.0,-,-,?,-,false,-
com.nablarch.dev,nablarch-gradle-plugin,0.0.21,-,-,?,-,false,-
com.nablarch.dev,nablarch-test-support,0.1.0,-,-,?,-,false,-
com.nablarch.etl,nablarch-etl-maven-plugin,5u13,-,-,?,-,false,-
com.nablarch.framework,nablarch-backward-compatibility,1.1.0,-,-,?,-,false,-
com.nablarch.framework,nablarch-common-dao,1.5.0,-,-,?,-,false,-
com.nablarch.framework,nablarch-common-databind,1.2.0,-,-,?,-,false,-
com.nablarch.framework,nablarch-common-encryption,1.1.0,-,-,?,-,false,-
com.nablarch.framework,nablarch-common-exclusivecontrol,1.1.0,-,-,?,-,false,-
com.nablarch.framework,nablarch-core,1.4.0,-,-,?,-,false,-
com.nablarch.framework,nablarch-core-applog,1.0.2,-,-,?,-,false,-
com.nablarch.framework,nablarch-core-beans,1.3.0,-,-,?,-,false,-
com.nablarch.framework,nablarch-core-dataformat,1.2.1,-,-,?,-,false,-
com.nablarch.framework,nablarch-core-jdbc,1.4.0,-,-,?,-,false,-
com.nablarch.framework,nablarch-core-repository,1.3.0,-,-,?,-,false,-
com.nablarch.framework,nablarch-core-transaction,1.1.3,-,-,?,-,false,-
com.nablarch.framework,nablarch-core-validation,1.1.0,-,-,?,-,false,-
com.nablarch.framework,nablarch-core-validation-ee,1.1.0,-,-,?,-,false,-
com.nablarch.framework,nablarch-etl,1.2.0,-,-,?,-,false,-
com.nablarch.framework,nablarch-fw,1.2.0,-,-,?,-,false,-
com.nablarch.framework,nablarch-fw-batch,1.2.2,-,-,?,-,false,-
com.nablarch.framework,nablarch-fw-batch-ee,1.3.0,-,-,?,-,false,-
com.nablarch.framework,nablarch-fw-jaxrs,1.0.3,-,-,?,-,false,-
com.nablarch.framework,nablarch-fw-messaging,1.1.0,-,-,?,-,false,-
com.nablarch.framework,nablarch-fw-messaging-http,1.0.3,-,-,?,-,false,-
com.nablarch.framework,nablarch-fw-messaging-mom,1.0.3,-,-,?,-,false,-
com.nablarch.framework,nablarch-fw-standalone,1.3.0,-,-,?,-,false,-
com.nablarch.framework,nablarch-fw-web,1.5.0,-,-,?,-,false,-
com.nablarch.framework,nablarch-fw-web-dbstore,1.0.4,-,-,?,-,false,-
com.nablarch.framework,nablarch-fw-web-tag,1.1.0,-,-,?,-,false,-
com.nablarch.framework,nablarch-mail-sender,1.4.0,-,-,?,-,false,-
com.nablarch.framework,nablarch-testing,1.2.0,-,-,?,-,false,-
com.nablarch.integration,nablarch-doma-adaptor,1.2.0,-,-,?,-,false,-
com.nablarch.integration,nablarch-jackson-adaptor,1.0.3,-,-,?,-,false,-
com.nablarch.integration,nablarch-jboss-logging-adaptor,1.0.0,-,-,?,-,false,-
com.nablarch.integration,nablarch-jsr310-adaptor,1.1.0,-,-,?,-,false,-
com.nablarch.integration,nablarch-mail-sender-freemarker-adaptor,1.0.0,-,-,?,-,false,-
com.nablarch.integration,nablarch-mail-sender-thymeleaf-adaptor,1.0.0,-,-,?,-,false,-
com.nablarch.integration,nablarch-mail-sender-velocity-adaptor,1.0.0,-,-,?,-,false,-
com.nablarch.integration,nablarch-router-adaptor,1.1.0,-,-,?,-,false,-
com.nablarch.integration,nablarch-slf4j-adaptor,1.0.0,-,-,?,-,false,-
com.nablarch.integration,nablarch-web-thymeleaf-adaptor,1.0.0,-,-,?,-,false,-
com.nablarch.profile,nablarch-all-in-one,5u13,-,-,?,-,false,-
com.nablarch.profile,nablarch-batch,5u13,-,-,?,-,false,-
com.nablarch.profile,nablarch-web,5u13,-,-,?,-,false,-
com.nablarch.workflow,nablarch-workflow-tool,1.1.0,-,-,?,-,false,-
com.offerready,xslt-library,1.2.0,-,-,?,-,false,-
com.oneandone,snmpman,1.4.1,-,-,?,-,false,-
com.oneandone,snmpman-cli,1.4.1,-,-,?,-,false,-
com.oneandone,SSHConfig,1.1.6,-,-,?,-,false,-
com.paypal.sdk,merchantsdk,2.15.122,-,-,?,-,false,-
com.picoff,commons,1.17.3,-,-,?,-,false,-
com.picoff,journaldb,1.0.3,-,-,?,-,false,-
com.propensive,rapture-base_sjs0.6_2.11,2.0.0-M9,-,-,?,-,false,-
com.propensive,rapture-codec_2.11,2.0.0-M9,-,-,?,-,false,-
com.propensive,rapture-data_sjs0.6_2.12,2.0.0-M9,-,-,?,-,false,-
com.propensive,rapture-http-jetty_2.12,2.0.0-M9,-,-,?,-,false,-
com.propensive,rapture-json-circe_2.12,2.0.0-M9,-,-,?,-,false,-
com.propensive,rapture-json_sjs0.6_2.12,2.0.0-M9,-,-,?,-,false,-
com.propensive,rapture-latex_2.11,2.0.0-M9,-,-,?,-,false,-
com.rapid7.client,dcerpc,0.9.0,-,-,?,-,false,-
com.rapid7,r7insight_java,1.1.39,-,-,?,-,false,-
com.strandls.alchemy,alchemy-inject,1.1,-,-,?,-,false,-
com.strandls.alchemy,alchemy-inject-json,1.1,-,-,?,-,false,-
com.stripe,bonsai-core_2.10,0.3.0,-,-,?,-,false,-
com.stripe,bonsai-core_2.11,0.3.0,-,-,?,-,false,-
com.stripe,bonsai-core_2.12,0.3.0,-,-,?,-,false,-
com.stripe,brushfire-scalding_2.11,0.8.0,-,-,?,-,false,-
com.stripe,brushfire-scalding_2.12,0.8.0,-,-,?,-,false,-
com.stripe,brushfire-serialization_2.11,0.8.0,-,-,?,-,false,-
com.stripe,brushfire-serialization_2.12,0.8.0,-,-,?,-,false,-
com.stripe,brushfire-training_2.11,0.8.0,-,-,?,-,false,-
com.stripe,brushfire-training_2.12,0.8.0,-,-,?,-,false,-
com.stripe,brushfire-tree_2.11,0.8.0,-,-,?,-,false,-
com.stripe,brushfire-tree_2.12,0.8.0,-,-,?,-,false,-
com.stripe,dagon_2.10,0.3.1,-,-,?,-,false,-
com.stripe,dagon_2.11,0.3.1,-,-,?,-,false,-
com.stripe,dagon_2.12,0.3.1,-,-,?,-,false,-
com.stripe,dagon-core_2.10,0.3.1,-,-,?,-,false,-
com.stripe,dagon-core_2.11,0.3.1,-,-,?,-,false,-
com.stripe,dagon-core_2.12,0.3.1,-,-,?,-,false,-
com.stripe,dagon-core_sjs0.6_2.10,0.3.1,-,-,?,-,false,-
com.stripe,dagon-core_sjs0.6_2.11,0.3.1,-,-,?,-,false,-
com.stripe,dagon-core_sjs0.6_2.12,0.3.1,-,-,?,-,false,-
com.stripe,dagon_sjs0.6_2.10,0.3.1,-,-,?,-,false,-
com.stripe,dagon_sjs0.6_2.11,0.3.1,-,-,?,-,false,-
com.stripe,dagon_sjs0.6_2.12,0.3.1,-,-,?,-,false,-
com.stripe,rainier-cats_2.11,0.1.3,-,-,?,-,false,-
com.stripe,rainier-cats_2.12,0.1.3,-,-,?,-,false,-
com.stripe,rainier-core_2.11,0.1.3,-,-,?,-,false,-
com.stripe,rainier-core_2.12,0.1.3,-,-,?,-,false,-
com.stripe,rainier-plot_2.12,0.1.3,-,-,?,-,false,-
com.stripe,rainier-shaded-asm_2.11,0.1.2,-,-,?,-,false,-
com.stripe,rainier-shaded-asm_2.12,0.1.2,-,-,?,-,false,-
com.stripe,rainier-shaded-asm,6.0_0,-,-,?,-,false,-
com.stripe,scrooge-shapes_2.11,0.1.0,-,-,?,-,false,-
com.stripe,scrooge-shapes_2.12,0.1.0,-,-,?,-,false,-
com.stripe,stripe-java,6.6.0,-,-,?,-,false,-
com.symphony.platformsolutions,symphony-api-client-java,1.0.6,-,-,?,-,false,-
com.symphony.platformsolutions,symphony-camunda-client,1.0.0,-,-,?,-,false,-
com.symphony.platformsolutions,symphony-opennlp-java,1.0.0,-,-,?,-,false,-
com.tmsps,ne4Spring,5.0.4,-,-,?,-,false,-
com.tmsps,ne4Weixin,0.8.1,-,-,?,-,false,-
com.tools20022,tools20022-api-payments,0.1.2,-,-,?,-,false,-
com.tracelytics.agent.java,tracelytics-api,5.0.10,-,-,?,-,false,-
com.yahoofinance-api,YahooFinanceAPI,3.14.0,-,-,?,-,false,-
com.ycframe,yc.frame,0.0.2,-,-,?,-,false,-
com.ycframe,yc.frame.classloader,0.0.1,-,-,?,-,false,-
com.ycframe,yc.frame.database,0.0.2,-,-,?,-,false,-
com.ycframe,yc.frame.expert,0.0.1,-,-,?,-,false,-
com.ycframe,yc.frame.expression,0.0.1,-,-,?,-,false,-
com.ycframe,yc.frame.job,0.0.1,-,-,?,-,false,-
com.ycframe,yc.frame.key,0.0.1,-,-,?,-,false,-
com.ycframe,yc.frame.plugin.ehcache,0.1.1,-,-,?,-,false,sun.misc.Unsafe                          See http://openjdk.java.net/jeps/260
com.ycframe,yc.frame.plugin.freesqlprocessor,0.0.1,-,-,?,-,false,-
com.ycframe,yc.frame.plugin.log,0.0.1,-,-,?,-,false,-
com.ycframe,yc.frame.plugin.rcache,0.1.1,-,-,?,-,false,-
com.ycframe,yc.frame.plugin.redislock,0.0.1,-,-,?,-,false,-
com.ycframe,yc.frame.plugin.security.data,0.0.2,-,-,?,-,false,-
com.ycframe,yc.frame.security,0.0.1,-,-,?,-,false,-
com.ycframe,yc.frame.syslog,0.0.1,-,-,?,-,false,-
com.ycframe,yc.frame.web,0.1.2,-,-,?,-,false,-
com.ycframe,yc.frame.webex,0.1.2,-,-,?,-,false,-
com.ycframe,yc.frame.web.plugin.httputils,0.1.1,-,-,?,-,false,-
com.ycframe,yc.frame.web.plugin.render,0.0.1,-,-,?,-,false,-
com.ycframe,yc.frame.web.plugin.security,0.0.1,-,-,?,-,false,-
com.ycframe,yc.frame.web.plugin.springobjectfactory,0.0.1,-,-,?,-,false,-
com.ycframe,yc.frame.web.runserver,0.1.2,-,-,?,-,false,-
com.yegortimoshenko,data.html,20170427.001236,-,-,?,-,false,-
com.yegortimoshenko,io.http,20170425.114348,-,-,?,-,false,-
org.wso2.extension.siddhi.io.file,siddhi-io-file,1.0.11,-,-,?,-,false,-
