groupId,artifactId,version,moduleName,moduleVersion,moduleMode,moduleDependencies,jdepsToolError,jdepsViolations
cd.go.plugin,go-plugin-api-experimental,18.8.0-7303,-,-,?,-,false,-
com.bitplan.multimodule,multimodule1,0.0.1,-,-,?,-,false,-
com.bitplan.multimodule,multimodule2,0.0.1,-,-,?,-,false,-
com.botscrew,bot-framework-messenger-spring-boot-starter,1.1.7,-,-,?,-,false,-
com.botscrew.botframework,telegram-spring-boot-starter,1.0.0,-,-,?,-,false,-
com.github.NicholasMolyneaux,scala-custom_2.12,1.1.1,-,-,?,-,false,-
com.google.apis,google-api-services-searchconsole,v1-rev370-1.24.1,-,-,?,-,false,-
com.profesorfalken,payzen-ws-stubs,1.0.3,-,-,?,-,false,-
de.adorsys.multibanking,auth-server-example,3.4.1,-,-,?,-,false,-
de.adorsys.multibanking,finapi-adapter,3.4.1,-,-,?,-,false,-
de.adorsys.multibanking,multibanking-mock-inmemory,3.4.1,-,-,?,-,false,-
de.adorsys.multibanking,multibanking-persistence,3.4.1,-,-,?,-,false,-
de.adorsys.multibanking,multibanking-pers-spi,3.4.1,-,-,?,-,false,-
de.adorsys.multibanking,multibanking-rest,3.4.1,-,-,?,-,false,-
de.adorsys.multibanking,multibanking-service-example,3.4.1,-,-,?,-,false,-
de.adorsys.multibanking,onlinebanking-facade,3.4.1,-,-,?,-,false,-
de.adorsys.multibanking,onlinebanking-figo,3.4.1,-,-,?,-,false,-
de.adorsys.multibanking,onlinebanking-finapi,3.4.1,-,-,?,-,false,-
de.adorsys.multibanking,onlinebanking-hbci4java,3.4.1,-,-,?,-,false,-
de.adorsys.multibanking,onlinebanking-mock,3.4.1,-,-,?,-,false,-
de.adorsys.multibanking,onlinebanking-xls-loader,3.4.1,-,-,?,-,false,-
de.adorsys.multibanking,onlinebanking-xs2a,3.4.1,-,-,?,-,false,-
io.github.bitbrain,braingdx-core,0.3.4,-,-,?,-,false,-
io.smallrye,smallrye-open-api,1.0.2,-,-,?,-,false,-
io.smallrye,smallrye-open-api-docs,1.0.2,-,-,?,-,false,-
io.smallrye,smallrye-open-api-tck,1.0.2,-,-,?,-,false,-
org.cache2k,cache2k-all,1.2.0.Final,-,-,?,-,false,-
org.cache2k,cache2k-api,1.2.0.Final,-,-,?,-,false,-
org.cache2k,cache2k-core,1.2.0.Final,-,-,?,-,false,-
org.cache2k,cache2k-jcache,1.2.0.Final,-,-,?,-,false,-
org.cache2k,cache2k-osgi-all,1.2.0.Final,-,-,?,-,false,-
org.cache2k,cache2k-schemas,1.2.0.Final,-,-,?,-,false,-
org.cache2k,cache2k-spring,1.2.0.Final,-,-,?,-,false,-
org.demoiselle.signer,chain-icp-brasil,3.2.12,-,-,?,-,false,-
org.demoiselle.signer,chain-icp-brasil-homolog,3.2.12,-,-,?,-,false,-
org.demoiselle.signer,core,3.2.12,-,-,?,-,false,-
org.demoiselle.signer,cryptography,3.2.12,-,-,?,-,false,com.sun.crypto.provider.SunJCE           Use java.security.Security.getProvider(provider-name) @since 1.3
org.demoiselle.signer,policy-engine,3.2.12,-,-,?,-,false,-
org.demoiselle.signer,policy-impl-cades,3.2.12,-,-,?,-,false,-
org.demoiselle.signer,timestamp,3.2.12,-,-,?,-,false,-
org.rribbit,rribbit,4.0.0,-,-,?,-,false,-
org.srcdeps.core,srcdeps-core,3.3.8,-,-,?,-,false,-
org.srcdeps.core,srcdeps-core-buildconfig,3.3.8,-,-,?,-,false,-
org.srcdeps.core,srcdeps-core-config-yaml,3.3.8,-,-,?,-,false,-
