groupId,artifactId,version,moduleName,moduleVersion,moduleMode,moduleDependencies,jdepsToolError,jdepsViolations
com.github.pshirshov.izumi.r2,distage-app_2.12,0.5.53,-,-,?,-,false,-
com.github.pshirshov.izumi.r2,distage-cats_2.12,0.5.53,-,-,?,-,false,-
com.github.pshirshov.izumi.r2,distage-config_2.12,0.5.53,-,-,?,-,false,-
com.github.pshirshov.izumi.r2,distage-core_2.12,0.5.53,-,-,?,-,false,-
com.github.pshirshov.izumi.r2,distage-model_2.12,0.5.53,-,-,?,-,false,-
com.github.pshirshov.izumi.r2,distage-plugins_2.12,0.5.53,-,-,?,-,false,-
com.github.pshirshov.izumi.r2,distage-proxy-cglib_2.12,0.5.53,-,-,?,-,false,-
com.github.pshirshov.izumi.r2,distage-roles_2.12,0.5.53,-,-,?,-,false,-
com.github.pshirshov.izumi.r2,distage-static_2.12,0.5.53,-,-,?,-,false,-
com.github.pshirshov.izumi.r2,fastparse-shaded_2.12,0.5.53,-,-,?,-,false,-
com.github.pshirshov.izumi.r2,fundamentals-collections_2.12,0.5.53,-,-,?,-,false,-
com.github.pshirshov.izumi.r2,fundamentals-functional_2.12,0.5.53,-,-,?,-,false,-
com.github.pshirshov.izumi.r2,fundamentals-platform_2.12,0.5.53,-,-,?,-,false,-
com.github.pshirshov.izumi.r2,fundamentals-reflection_2.12,0.5.53,-,-,?,-,false,-
com.github.pshirshov.izumi.r2,idealingua-compiler_2.12,0.5.53,-,-,?,-,false,sun.misc.Unsafe                          See http://openjdk.java.net/jeps/260
com.github.pshirshov.izumi.r2,idealingua-core_2.12,0.5.53,-,-,?,-,false,-
com.github.pshirshov.izumi.r2,idealingua-model_2.12,0.5.53,-,-,?,-,false,-
com.github.pshirshov.izumi.r2,idealingua-runtime-rpc-c-sharp_2.12,0.5.53,-,-,?,-,false,-
com.github.pshirshov.izumi.r2,idealingua-runtime-rpc-go_2.12,0.5.53,-,-,?,-,false,-
com.github.pshirshov.izumi.r2,idealingua-runtime-rpc-http4s_2.12,0.5.53,-,-,?,-,false,-
com.github.pshirshov.izumi.r2,idealingua-runtime-rpc-scala_2.12,0.5.53,-,-,?,-,false,-
com.github.pshirshov.izumi.r2,idealingua-runtime-rpc-typescript_2.12,0.5.53,-,-,?,-,false,-
com.github.pshirshov.izumi.r2,idealingua-test-defs_2.12,0.5.53,-,-,?,-,false,-
com.github.pshirshov.izumi.r2,izumi-r2_2.12,0.5.53,-,-,?,-,false,-
com.github.pshirshov.izumi.r2,logstage-adapter-slf4j_2.12,0.5.53,-,-,?,-,false,-
com.github.pshirshov.izumi.r2,logstage-api-base_2.12,0.5.53,-,-,?,-,false,-
com.github.pshirshov.izumi.r2,logstage-api-base-macro_2.12,0.5.53,-,-,?,-,false,-
com.github.pshirshov.izumi.r2,logstage-api-logger_2.12,0.5.53,-,-,?,-,false,-
com.github.pshirshov.izumi.r2,logstage-di_2.12,0.5.53,-,-,?,-,false,-
com.github.pshirshov.izumi.r2,logstage-rendering-circe_2.12,0.5.53,-,-,?,-,false,-
com.github.pshirshov.izumi.r2,logstage-sink-slf4j_2.12,0.5.53,-,-,?,-,false,-
com.okworx.ilcd.validation,ilcd-validation,1.4.10,-,-,?,-,false,-
com.tencentcloudapi,tencentcloud-sdk-java,3.0.17,-,-,?,-,false,-
com.tryflux,merchant-sender,2018.08.24,-,-,?,-,false,-
de.valtech.aecu,aecu.api,1.3.0,-,-,?,-,false,-
de.valtech.aecu,aecu.core,1.3.0,-,-,?,-,false,-
net.tascalate.javaflow.examples,net.tascalate.javaflow.examples.cdi-owb,1.0.1,-,-,?,-,false,-
net.tascalate.javaflow.examples,net.tascalate.javaflow.examples.cdi-weld,1.0.1,-,-,?,-,false,-
net.tascalate.javaflow.examples,net.tascalate.javaflow.examples.common,1.0.1,-,-,?,-,false,-
net.tascalate.javaflow.examples,net.tascalate.javaflow.examples.dyninvoke,1.0.1,-,-,?,-,false,-
net.tascalate.javaflow.examples,net.tascalate.javaflow.examples.lambdas,1.0.1,-,-,?,-,false,-
net.tascalate.javaflow.examples,net.tascalate.javaflow.examples.retro-lambdas,1.0.1,-,-,?,-,false,-
net.tascalate.javaflow.util,net.tascalate.javaflow.util.lib,1.1.1,-,-,?,-,false,-
org.aksw.rdfunit,rdfunit-commons,0.8.14,-,-,?,-,false,-
org.aksw.rdfunit,rdfunit-core,0.8.14,-,-,?,-,false,-
org.aksw.rdfunit,rdfunit-examples,0.8.14,-,-,?,-,false,-
org.aksw.rdfunit,rdfunit-io,0.8.14,-,-,?,-,false,-
org.aksw.rdfunit,rdfunit-junit,0.8.14,-,-,?,-,false,-
org.aksw.rdfunit,rdfunit-manual-tests,0.8.14,-,-,?,-,false,-
org.aksw.rdfunit,rdfunit-model,0.8.14,-,-,?,-,false,-
org.aksw.rdfunit,rdfunit-validate,0.8.14,-,-,?,-,false,-
org.aksw.rdfunit,rdfunit-w3c-dqv,0.8.14,-,-,?,-,false,-
