groupId,artifactId,version,moduleName,moduleVersion,moduleMode,moduleDependencies,jdepsToolError,jdepsViolations
com.central1.buildtools,maven-profiler,1.0,-,-,?,-,false,-
com.cjyong.base,argorithms,1.0.0,-,-,?,-,false,-
com.evolvedbinary.j8fu,j8fu,1.20,-,-,?,-,false,-
com.generallycloud,baseio-all,3.2.5.RELEASE,-,-,?,-,false,sun.misc.Cleaner                         Use java.lang.ref.PhantomReference @since 1.2 or java.lang.ref.Cleaner @since 9 + sun.misc.Unsafe                          See http://openjdk.java.net/jeps/260 + sun.security.x509.X500Name               Use javax.security.auth.x500.X500Principal @since 1.4
com.generallycloud,baseio-balance,3.2.3.RELEASE,-,-,?,-,false,-
com.generallycloud,baseio-codec,3.2.5.RELEASE,-,-,?,-,false,-
com.generallycloud,baseio-container,3.2.5.RELEASE,-,-,?,-,false,-
com.generallycloud,baseio-core,3.2.5.RELEASE,-,-,?,-,false,sun.misc.Cleaner                         Use java.lang.ref.PhantomReference @since 1.2 or java.lang.ref.Cleaner @since 9 + sun.misc.Unsafe                          See http://openjdk.java.net/jeps/260 + sun.security.x509.X500Name               Use javax.security.auth.x500.X500Principal @since 1.4
com.generallycloud,baseio-front,3.1.8-Alpha3,-,-,?,-,false,-
com.generallycloud,baseio-http,3.2.5.RELEASE,-,-,?,-,false,-
com.generallycloud,baseio-jms,3.2.2.RELEASE,-,-,?,-,false,-
com.generallycloud,baseio-protobase,3.2.5.RELEASE,-,-,?,-,false,-
com.generallycloud,baseio-rtp,3.2.2.RELEASE,-,-,?,-,false,-
com.giffing.bucket4j.spring.boot.starter,bucket4j-spring-boot-starter,0.1.3,-,-,?,-,false,-
com.giffing.bucket4j.spring.boot.starter,bucket4j-spring-boot-starter-context,0.1.3,-,-,?,-,false,-
com.giffing.bucket4j.spring.boot.starter,bucket4j-spring-boot-starter-example-ehcache,0.0.2,-,-,?,-,false,-
com.giffing.bucket4j.spring.boot.starter,bucket4j-spring-boot-starter-springboot1,0.1.3,-,-,?,-,false,-
com.giffing.bucket4j.spring.boot.starter,bucket4j-spring-boot-starter-springboot2,0.1.3,-,-,?,-,false,-
com.giffing.wicket.spring.boot.starter,wicket-spring-boot-context,2.1.1,-,-,?,-,false,-
com.giffing.wicket.spring.boot.starter,wicket-spring-boot-starter,2.1.1,-,-,?,-,false,-
com.giffing.wicket.spring.boot.starter,wicket-spring-boot-starter-example,2.1.1,-,-,?,-,false,-
com.gmail.tsuna0x00.ipfilteringtree4,ip-filtering-tree4j,1.0.6,-,-,?,-,false,-
com.groupon.grox,grox-commands-rx,1.1.2,-,-,?,-,false,-
com.groupon.grox,grox-commands-rx2,1.1.2,-,-,?,-,false,-
com.groupon.grox,grox-core,1.1.2,-,-,?,-,false,-
com.groupon.grox,grox-core-rx,1.1.2,-,-,?,-,false,-
com.groupon.grox,grox-core-rx2,1.1.2,-,-,?,-,false,-
com.groupon.sparklint,sparklint-spark162_2.11,1.0.12,-,-,?,-,false,-
com.groupon.sparklint,sparklint-spark163_2.10,1.0.12,-,-,?,-,false,-
com.groupon.sparklint,sparklint-spark200_2.10,1.0.12,-,-,?,-,false,-
com.groupon.sparklint,sparklint-spark201_2.11,1.0.12,-,-,?,-,false,-
com.groupon.sparklint,sparklint-spark202_2.10,1.0.12,-,-,?,-,false,-
com.groupon.sparklint,sparklint-spark210_2.11,1.0.12,-,-,?,-,false,-
com.groupon.sparklint,sparklint-spark211_2.10,1.0.12,-,-,?,-,false,-
com.groupon.sparklint,sparklint-spark212_2.11,1.0.12,-,-,?,-,false,-
com.groupon.sparklint,sparklint-spark220_2.10,1.0.12,-,-,?,-,false,-
com.groupon.sparklint,sparklint-spark221_2.11,1.0.12,-,-,?,-,false,-
com.krux,hyperion_2.10,4.14.4,-,-,?,-,false,-
com.krux,hyperion_2.11,5.1.2,-,-,?,-,false,-
com.krux,hyperion_2.12,5.1.2,-,-,?,-,false,-
com.krux,hyperion-activities_2.10,4.14.4,-,-,?,-,false,-
com.krux,hyperion-activities_2.11,5.1.2,-,-,?,-,false,-
com.krux,hyperion-activities_2.12,5.1.2,-,-,?,-,false,-
com.krux,hyperion-core_2.10,4.14.4,-,-,?,-,false,-
com.krux,hyperion-core_2.11,5.1.2,-,-,?,-,false,-
com.krux,hyperion-core_2.12,5.1.2,-,-,?,-,false,-
com.krux,hyperion-email-activity_2.10,4.14.4,-,-,?,-,false,-
com.krux,hyperion-email-activity_2.11,5.1.2,-,-,?,-,false,-
com.krux,hyperion-email-activity_2.12,5.1.2,-,-,?,-,false,-
com.krux,hyperion-file-activity_2.10,4.14.4,-,-,?,-,false,-
com.krux,hyperion-file-activity_2.11,5.1.2,-,-,?,-,false,-
com.krux,hyperion-file-activity_2.12,5.1.2,-,-,?,-,false,-
com.krux,hyperion-notification-activity_2.10,4.14.4,-,-,?,-,false,-
com.krux,hyperion-notification-activity_2.11,5.1.2,-,-,?,-,false,-
com.krux,hyperion-notification-activity_2.12,5.1.2,-,-,?,-,false,-
com.krux,hyperion-s3-activity_2.10,4.14.4,-,-,?,-,false,-
com.krux,hyperion-s3-activity_2.11,5.1.2,-,-,?,-,false,-
com.krux,hyperion-s3-activity_2.12,5.1.2,-,-,?,-,false,-
com.krux,hyperion-sftp-activity_2.10,4.14.4,-,-,?,-,false,-
com.krux,hyperion-sftp-activity_2.11,5.1.2,-,-,?,-,false,-
com.krux,hyperion-sftp-activity_2.12,5.1.2,-,-,?,-,false,-
com.krux,stubborn_2.10,1.3.0,-,-,?,-,false,-
com.krux,stubborn_2.11,1.3.0,-,-,?,-,false,-
com.krux,stubborn_2.12,1.3.0,-,-,?,-,false,-
com.maestrano,maestrano-java,2.0.0-RC2,-,-,?,-,false,-
com.metaversant,integration-tests,0.0.7,-,-,?,-,false,-
com.metaversant,share-site-creators-repo,0.0.7,-,-,?,-,false,-
com.metaversant,share-site-creators-share,0.0.7,-,-,?,-,false,-
com.nlocketz,entry-point-maven-plugin,0.0.6,-,-,?,-,false,-
com.nlocketz.plugins,easy-plugins,0.2.5,-,-,?,-,false,-
com.nlocketz.plugins,easy-plugins-guice-plugin,0.2.5,-,-,?,-,false,-
com.nlocketz.plugins,easy-plugins-jackson-plugin,0.2.5,-,-,?,-,false,-
com.nlocketz.plugins,plugin-repeater-maven-plugin,0.0.7,-,-,?,-,false,-
com.okworx.ilcd,ilcd-api,1.0.3,-,-,?,-,false,-
com.okworx.ilcd,ilcd-service-api,1.0.4,-,-,?,-,false,-
com.okworx.ilcd.validation,ilcd-validation,1.4.10,-,-,?,-,false,-
com.onepointsixtwo,dagger_viewmodel,1.0.0,-,-,?,-,false,-
com.onepointsixtwo,dagger_viewmodel_processor,1.0.0,-,-,?,-,false,-
com.quhaodian,bbs,1.8.1,-,-,?,-,false,-
com.quhaodian.discover,discover-activiti,1.8.1,-,-,?,-,false,-
com.quhaodian.discover,discover-activity,1.8.1,-,-,?,-,false,-
com.quhaodian.discover,discover-ad,1.8.1,-,-,?,-,false,-
com.quhaodian.discover,discover-album,1.8.1,-,-,?,-,false,-
com.quhaodian.discover,discover-annotations,1.8.1,-,-,?,-,false,-
com.quhaodian.discover,discover-area,1.8.4,-,-,?,-,false,-
com.quhaodian.discover,discover-area-api,1.8.3,-,-,?,-,false,-
com.quhaodian.discover,discover-article,1.8.1,-,-,?,-,false,-
com.quhaodian.discover,discover-bbs,1.8.1,-,-,?,-,false,-
com.quhaodian.discover,discover-freemaker,1.8.2,-,-,?,-,false,-
com.quhaodian.discover,discover-group,1.8.1,-,-,?,-,false,-
com.quhaodian.discover,discover-hibernate-common,1.8.7,-,-,?,-,false,-
com.quhaodian.discover,discover-interceptor,1.8.1,-,-,?,-,false,-
com.quhaodian.discover,discover-make,1.8.8,-,-,?,-,false,-
com.quhaodian.discover,discover-pay,1.8.2,-,-,?,-,false,-
com.quhaodian.discover,discover-plug,1.8.9,-,-,?,-,false,-
com.quhaodian.discover,discover-plug-alidayu,1.8.10,-,-,?,-,false,-
com.quhaodian.discover,discover-quartz,1.8.1,-,-,?,-,false,-
com.quhaodian.discover,discover-question,1.8.1,-,-,?,-,false,-
com.quhaodian.discover,discover-rest,1.8.3,-,-,?,-,false,-
com.quhaodian.discover,discover-security,1.8.1,-,-,?,-,false,-
com.quhaodian.discover,discover-site,1.8.6,-,-,?,-,false,-
com.quhaodian.discover,discover-site-api,1.8.2,-,-,?,-,false,-
com.quhaodian.discover,discover-storage,1.8.1,-,-,?,-,false,-
com.quhaodian.discover,discover-user,1.8.31,-,-,?,-,false,-
com.quhaodian.discover,discover-user-api,1.8.3,-,-,?,-,false,-
com.quhaodian.discover,discover-user-friend,1.8.1,-,-,?,-,false,-
com.quhaodian.discover,discover-usernotice,1.8.4,-,-,?,-,false,-
com.quhaodian.discover,discover_user_oauth,1.8.3,-,-,?,-,false,-
com.quhaodian.discover,discover-utils,1.8.1,-,-,?,-,false,-
com.quhaodian.discover,discover-website,1.8.38,-,-,?,-,false,-
com.quhaodian.discover,discover-workflow,1.8.3,-,-,?,-,false,-
com.quhaodian,interceptor,1.8.1,-,-,?,-,false,-
com.quhaodian,jsonrpc,1.06,-,-,?,-,false,-
com.quhaodian.jsonrpc,annotation,1.01,-,-,?,-,false,-
com.quhaodian.jsonrpc,core,1.02,-,-,?,-,false,-
com.quhaodian.plugs,discover_plug_httpstore,1.03,-,-,?,-,false,-
com.quhaodian,quartz,1.8.1,-,-,?,-,false,-
com.simple,jdub_2.11,1.5.0,-,-,?,-,false,-
com.simple,jdub_2.12,2.1.0,-,-,?,-,false,-
com.simple,kafka-dropwizard-reporter,1.1.1,-,-,?,-,false,-
com.simple,simplespec_2.12,0.9.0,-,-,?,-,false,-
com.webfirmframework,wffweb,3.0.0,-,-,?,-,false,-
