groupId,artifactId,version,moduleName,moduleVersion,moduleMode,moduleDependencies,jdepsToolError,jdepsViolations
com.badlogicgames.gdxpay,gdx-pay,0.11.3,-,-,?,-,false,-
com.badlogicgames.gdxpay,gdx-pay-android,0.11.3,-,-,?,-,false,-
com.badlogicgames.gdxpay,gdx-pay-android-googleplay,0.11.3,-,-,?,-,false,-
com.badlogicgames.gdxpay,gdx-pay-client,0.11.3,-,-,?,-,false,-
com.badlogicgames.gdxpay,gdx-pay-iosmoe-apple,0.11.3,-,-,?,-,false,-
com.badlogicgames.gdxpay,gdx-pay-iosrobovm-apple,0.11.3,-,-,?,-,false,-
com.badlogicgames.gdxpay,gdx-pay-server,0.11.3,-,-,?,-,false,-
com.github.dramer,Bichromate,3.9,-,-,?,-,false,-
com.github.ryanp102694,java-simple-quadtree,1.0-RELEASE,-,-,?,-,false,-
com.nepxion,discovery-common,4.3.19,-,-,?,-,false,-
com.nepxion,discovery-common-nacos,4.3.19,-,-,?,-,false,-
com.nepxion,discovery-common-redis,4.3.19,-,-,?,-,false,-
com.nepxion,discovery-console,4.3.19,-,-,?,-,false,-
com.nepxion,discovery-console-extension-nacos,4.3.19,-,-,?,-,false,-
com.nepxion,discovery-console-extension-redis,4.3.19,-,-,?,-,false,-
com.nepxion,discovery-plugin-admin-center,4.3.19,-,-,?,-,false,-
com.nepxion,discovery-plugin-config-center,4.3.19,-,-,?,-,false,-
com.nepxion,discovery-plugin-config-center-extension-nacos,4.3.19,-,-,?,-,false,-
com.nepxion,discovery-plugin-config-center-extension-redis,4.3.19,-,-,?,-,false,-
com.nepxion,discovery-plugin-framework,4.3.19,-,-,?,-,false,-
com.nepxion,discovery-plugin-framework-consul,4.3.19,-,-,?,-,false,-
com.nepxion,discovery-plugin-framework-eureka,4.3.19,-,-,?,-,false,-
com.nepxion,discovery-plugin-framework-zookeeper,4.3.19,-,-,?,-,false,-
com.nepxion,discovery-plugin-starter-consul,4.3.19,-,-,?,-,false,-
com.nepxion,discovery-plugin-starter-eureka,4.3.19,-,-,?,-,false,-
com.nepxion,discovery-plugin-starter-zookeeper,4.3.19,-,-,?,-,false,-
com.nepxion,discovery-plugin-strategy,4.3.19,-,-,?,-,false,-
com.nepxion,discovery-plugin-strategy-extension-gateway,4.3.19,-,-,?,-,false,-
com.nepxion,discovery-plugin-strategy-extension-service,4.3.19,-,-,?,-,false,-
com.nepxion,discovery-plugin-strategy-extension-zuul,4.3.19,-,-,?,-,false,-
com.twitter,algebird-bijection_2.10,0.13.4,-,-,?,-,false,-
com.twitter,algebird-core_2.12,0.13.4,-,-,?,-,false,-
com.twitter,algebird-util_2.11,0.13.4,-,-,?,-,false,-
com.twitter,bijection-avro_2.10,0.9.6,-,-,?,-,false,-
com.twitter,bijection-clojure_2.12,0.9.6,-,-,?,-,false,-
com.twitter,bijection-finagle-mysql_2.11,0.9.6,-,-,?,-,false,-
com.twitter,bijection-guava_2.12,0.9.6,-,-,?,-,false,-
com.twitter,bijection-jodatime_2.11,0.9.6,-,-,?,-,false,-
com.twitter,bijection-json4s_2.11,0.9.6,-,-,?,-,false,-
com.twitter,bijection-macros_2.11,0.9.6,-,-,?,-,false,-
com.twitter,bijection-netty_2.12,0.9.6,-,-,?,-,false,-
com.twitter,bijection-protobuf_2.11,0.9.6,-,-,?,-,false,-
com.twitter,bijection-scrooge_2.10,0.9.6,-,-,?,-,false,-
com.twitter,bijection-scrooge_2.12,0.9.6,-,-,?,-,false,-
com.twitter,bijection-thrift_2.11,0.9.6,-,-,?,-,false,-
com.twitter,bijection-util_2.10,0.9.6,-,-,?,-,false,-
com.twitter,bijection-util_2.12,0.9.6,-,-,?,-,false,-
com.twitter,chill_2.10,0.9.3,-,-,?,-,false,sun.reflect.ReflectionFactory            See http://openjdk.java.net/jeps/260
com.twitter,chill-akka_2.11,0.9.3,-,-,?,-,false,-
com.twitter,chill-algebird_2.11,0.9.3,-,-,?,-,false,-
com.twitter,chill-avro_2.11,0.9.3,-,-,?,-,false,-
com.twitter,chill-bijection_2.12,0.9.3,-,-,?,-,false,-
com.twitter,chill-hadoop,0.9.3,-,-,?,-,false,-
com.twitter,chill-protobuf,0.9.3,-,-,?,-,false,-
com.twitter,chill-scrooge_2.11,0.9.3,-,-,?,-,false,-
com.twitter,chill-storm,0.9.3,-,-,?,-,false,-
com.twitter,chill-thrift,0.9.3,-,-,?,-,false,-
com.twitter.elephantbird,elephant-bird-cascading2,4.17,-,-,?,-,false,-
com.twitter.elephantbird,elephant-bird-cascading3,4.17,-,-,?,-,false,-
com.twitter.elephantbird,elephant-bird-cascading-protobuf,4.17,-,-,?,-,false,-
com.twitter.elephantbird,elephant-bird-core,4.17,-,-,?,-,false,-
com.twitter.elephantbird,elephant-bird-crunch,4.17,-,-,?,-,false,-
com.twitter.elephantbird,elephant-bird-examples,4.17,-,-,?,-,false,-
com.twitter.elephantbird,elephant-bird-hadoop-compat,4.17,-,-,?,-,false,-
com.twitter.elephantbird,elephant-bird-hive,4.17,-,-,?,-,false,-
com.twitter.elephantbird,elephant-bird-lucene,4.17,-,-,?,-,false,-
com.twitter.elephantbird,elephant-bird-mahout,4.17,-,-,?,-,false,-
com.twitter.elephantbird,elephant-bird-pig,4.17,-,-,?,-,false,-
com.twitter.elephantbird,elephant-bird-pig-lucene,4.17,-,-,?,-,false,-
com.twitter.elephantbird,elephant-bird-rcfile,4.17,-,-,?,-,false,-
com.twitter,execution-tutorial_2.11,0.17.4,-,-,?,-,false,-
com.twitter,finagle-base-http_2.11,18.8.0,-,-,?,-,false,-
com.twitter,finagle-commons-stats_2.11,6.43.0,-,-,?,-,false,-
com.twitter,finagle-core_2.12,18.8.0,-,-,?,-,false,-
com.twitter,finagle-exception_2.12,18.8.0,-,-,?,-,false,-
com.twitter,finagle-exp_2.12,18.8.0,-,-,?,-,false,-
com.twitter,finagle-http_2.11,18.8.0,-,-,?,-,false,-
com.twitter,finagle-http2_2.11,18.8.0,-,-,?,-,false,-
com.twitter,finagle-http-cookie_2.12,18.8.0,-,-,?,-,false,-
com.twitter,finagle-init_2.11,18.8.0,-,-,?,-,false,-
com.twitter,finagle-kestrel_2.11,6.44.0,-,-,?,-,false,-
com.twitter,finagle-mdns_2.11,6.44.0,-,-,?,-,false,-
com.twitter,finagle-memcached_2.12,18.8.0,-,-,?,-,false,-
com.twitter,finagle-mux_2.11,18.8.0,-,-,?,-,false,-
com.twitter,finagle-mysql_2.11,18.8.0,-,-,?,-,false,-
com.twitter,finagle-native_2.12,6.43.0,-,-,?,-,false,-
com.twitter,finagle-netty3_2.12,18.8.0,-,-,?,-,false,-
com.twitter,finagle-netty4_2.11,18.8.0,-,-,?,-,false,-
com.twitter,finagle-netty4-http_2.12,18.8.0,-,-,?,-,false,-
com.twitter,finagle-ostrich4_2.11,6.44.0,-,-,?,-,false,-
com.twitter,finagle-redis_2.12,18.8.0,-,-,?,-,false,-
com.twitter,finagle-serversets_2.11,18.8.0,-,-,?,-,false,sun.reflect.CallerSensitive              Removed. See http://openjdk.java.net/jeps/260
com.twitter,finagle-stats_2.12,18.8.0,-,-,?,-,false,-
com.twitter,finagle-thrift_2.12,18.8.0,-,-,?,-,false,sun.misc.Unsafe                          See http://openjdk.java.net/jeps/260
com.twitter,finagle-toggle_2.11,18.8.0,-,-,?,-,false,-
com.twitter,finagle-zipkin_2.12,18.2.0,-,-,?,-,false,-
com.twitter,finagle-zipkin-scribe_2.11,18.8.0,-,-,?,-,false,-
com.twitter,finatra-benchmarks_2.12,17.11.0,-,-,?,-,false,-
com.twitter,finatra-http_2.12,18.8.0,-,-,?,-,false,-
com.twitter,finatra-httpclient_2.11,18.8.0,-,-,?,-,false,-
com.twitter,finatra-jackson_2.11,18.8.0,-,-,?,-,false,-
com.twitter,finatra-slf4j_2.11,2.13.0,-,-,?,-,false,-
com.twitter,finatra-thrift_2.11,18.8.0,-,-,?,-,false,-
com.twitter,finatra-utils_2.11,18.8.0,-,-,?,-,false,-
com.twitter,hello-world_2.11,17.10.0,-,-,?,-,false,-
com.twitter.heron,heron-api,0.17.8,-,-,?,-,false,sun.misc.Unsafe                          See http://openjdk.java.net/jeps/260
com.twitter.heron,heron-kafka,0.15.0,-,-,?,-,false,-
com.twitter.heron,heron-spi,0.17.8,-,-,?,-,false,sun.misc.Unsafe                          See http://openjdk.java.net/jeps/260
com.twitter.heron,heron-storm,0.17.8,-,-,?,-,false,sun.misc.Unsafe                          See http://openjdk.java.net/jeps/260
com.twitter.hraven,hraven-core,1.0.1,-,-,?,-,false,-
com.twitter.hraven,hraven-etl,1.0.1,-,-,?,-,false,-
com.twitter,inject-app_2.11,18.8.0,-,-,?,-,false,-
com.twitter,inject-core_2.11,18.8.0,-,-,?,-,false,-
com.twitter,inject-modules_2.11,18.8.0,-,-,?,-,false,-
com.twitter,inject-request-scope_2.12,18.8.0,-,-,?,-,false,-
com.twitter,inject-server_2.11,18.8.0,-,-,?,-,false,-
com.twitter,inject-slf4j_2.11,18.8.0,-,-,?,-,false,-
com.twitter,inject-thrift_2.11,18.8.0,-,-,?,-,false,-
com.twitter,inject-utils_2.11,18.8.0,-,-,?,-,false,-
com.twitter,java-http-server_2.11,17.10.0,-,-,?,-,false,-
com.twitter,java-thrift-example-server_2.11,17.10.0,-,-,?,-,false,-
com.twitter,ostrich_2.12,9.27.0,-,-,?,-,false,-
com.twitter,root_2.12,17.10.0,-,-,?,-,false,-
com.twitter,rsc-check_2.11,0.0.0-294-d7114447,-,-,?,-,false,-
com.twitter,scalding-avro_2.12,0.17.4,-,-,?,-,false,-
com.twitter,scalding-core_2.11,0.17.4,-,-,?,-,false,-
com.twitter,scalding-date_2.12,0.17.4,-,-,?,-,false,-
com.twitter,scalding-db_2.12,0.17.4,-,-,?,-,false,-
com.twitter,scalding-estimators-test_2.12,0.17.1,-,-,?,-,false,-
com.twitter,scalding-hadoop-test_2.12,0.17.4,-,-,?,-,false,-
com.twitter,scalding-jdbc_2.11,0.17.4,-,-,?,-,false,-
com.twitter,scalding-parquet_2.12,0.17.4,-,-,?,-,false,-
com.twitter,scalding-parquet-scrooge_2.11,0.17.4,-,-,?,-,false,-
com.twitter,scalding-repl_2.11,0.17.4,-,-,?,-,false,-
com.twitter,scalding-serialization_2.12,0.17.4,-,-,?,-,false,-
com.twitter,scalding-thrift-macros_2.11,0.17.4,-,-,?,-,false,-
com.twitter,scrooge-core_2.12,18.8.0,-,-,?,-,false,-
com.twitter,scrooge-generator_2.10,18.8.0,-,-,?,-,false,-
com.twitter,scrooge-linter_2.11,18.8.0,-,-,?,-,false,-
com.twitter,scrooge-maven-plugin,18.8.0,-,-,?,-,false,-
com.twitter,scrooge-serializer_2.11,18.8.0,-,-,?,-,false,-
com.twitter,storehaus-algebra_2.11,0.15.0,-,-,?,-,false,-
com.twitter,storehaus-core_2.12,0.15.0,-,-,?,-,false,-
com.twitter,storehaus-dynamodb_2.11,0.15.0,-,-,?,-,false,-
com.twitter,storehaus-http_2.11,0.15.0,-,-,?,-,false,-
com.twitter,storehaus-kafka_2.11,0.15.0,-,-,?,-,false,-
com.twitter,storehaus-leveldb_2.11,0.15.0,-,-,?,-,false,-
com.twitter,storehaus-mongodb_2.11,0.15.0,-,-,?,-,false,-
com.twitter,storehaus-mysql_2.11,0.15.0,-,-,?,-,false,-
com.twitter,storehaus-redis_2.12,0.15.0,-,-,?,-,false,-
com.twitter,storehaus-testing_2.11,0.15.0,-,-,?,-,false,-
com.twitter,streaming-example_2.11,17.10.0,-,-,?,-,false,-
com.twitter,tormenta-core_2.12,0.12.0,-,-,?,-,false,-
com.twitter,tormenta-kafka_2.11,0.12.0,-,-,?,-,false,-
com.twitter,tormenta-twitter_2.10,0.12.0,-,-,?,-,false,-
com.twitter,tormenta-twitter_2.12,0.12.0,-,-,?,-,false,-
com.twitter,twitter-clone_2.11,17.10.0,-,-,?,-,false,-
com.twitter,twitter-server-slf4j-jdk14_2.12,18.8.0,-,-,?,-,false,-
com.twitter.twittertext,twitter-text,2.0.10,-,-,?,-,false,-
com.twitter,util-app_2.12,18.8.0,-,-,?,-,false,-
com.twitter,util-cache-guava_2.12,18.8.0,-,-,?,-,false,-
com.twitter,util-class-preloader_2.12,18.8.0,-,-,?,-,false,-
com.twitter,util-codec_2.11,18.8.0,-,-,?,-,false,-
com.twitter,util-core_2.12,18.8.0,-,-,?,-,false,sun.misc.Unsafe                          See http://openjdk.java.net/jeps/260
com.twitter,util-doc_2.11,17.12.0,-,-,?,-,false,-
com.twitter,util-eval_2.11,6.43.0,-,-,?,-,false,-
com.twitter,util-events_2.12,7.0.0,-,-,?,-,false,-
com.twitter,util-function_2.11,18.8.0,-,-,?,-,false,-
com.twitter,util-hashing_2.11,18.8.0,-,-,?,-,false,-
com.twitter,util-jvm_2.12,18.8.0,-,-,?,-,false,-
com.twitter,util-lint_2.12,18.8.0,-,-,?,-,false,-
com.twitter,util-logging_2.12,18.8.0,-,-,?,-,false,-
com.twitter,util-reflect_2.12,18.8.0,-,-,?,-,false,-
com.twitter,util-registry_2.12,18.8.0,-,-,?,-,false,-
com.twitter,util-security_2.11,18.8.0,-,-,?,-,false,-
com.twitter,util-slf4j-api_2.11,18.8.0,-,-,?,-,false,-
com.twitter,util-slf4j-jul-bridge_2.12,18.8.0,-,-,?,-,false,-
com.twitter,util-stats_2.12,18.8.0,-,-,?,-,false,-
com.twitter,util-test_2.11,18.8.0,-,-,?,-,false,-
com.twitter,util-thrift_2.12,18.8.0,-,-,?,-,false,-
com.twitter,util-zk_2.12,18.8.0,-,-,?,-,false,-
com.twitter,util-zk-test_2.11,18.8.0,-,-,?,-,false,-
com.twitter,web-dashboard_2.11,17.10.0,-,-,?,-,false,-
io.github.classgraph,classgraph,4.1.0,io.github.classgraph,4.1.0,explicit,java.base,false,-
org.webpieces,core,1.9.118,-,-,?,-,false,-
org.webpieces,core-asyncserver,1.9.118,-,-,?,-,false,-
org.webpieces,core-channelmanager2,1.9.118,-,-,?,-,false,-
org.webpieces,core-datawrapper,1.9.118,-,-,?,-,false,-
org.webpieces,core-ddl,1.9.118,-,-,?,-,false,-
org.webpieces,core-mock,1.9.118,-,-,?,-,false,-
org.webpieces,core-ssl,1.9.118,-,-,?,-,false,-
org.webpieces,core-statemachine,1.9.118,-,-,?,-,false,-
org.webpieces,core-util,1.9.118,-,-,?,-,false,-
org.webpieces,gradle-plugin-htmlcompiler,1.9.118,-,-,?,-,false,-
org.webpieces,http1_1-client,1.9.118,-,-,?,-,false,-
org.webpieces,http1_1-parser,1.9.118,-,-,?,-,false,-
org.webpieces,http,1.9.118,-,-,?,-,false,-
org.webpieces,http2-client,1.9.118,-,-,?,-,false,-
org.webpieces,http2-engine,1.9.118,-,-,?,-,false,-
org.webpieces,http2-hpack,1.9.118,-,-,?,-,false,-
org.webpieces,http2-parser,1.9.118,-,-,?,-,false,-
org.webpieces,http2to1_1-client,1.9.118,-,-,?,-,false,-
org.webpieces,http2-translations,1.9.118,-,-,?,-,false,-
org.webpieces,http-backpressure-tests,1.9.118,-,-,?,-,false,-
org.webpieces,http-fortesting-plugins,1.9.118,-,-,?,-,false,-
org.webpieces,http-frontend2,1.9.118,-,-,?,-,false,-
org.webpieces,http-router,1.9.118,-,-,?,-,false,-
org.webpieces,http-router-dev,1.9.118,-,-,?,-,false,-
org.webpieces,http-shared,1.9.118,-,-,?,-,false,-
org.webpieces,http-templating,1.9.118,-,-,?,-,false,-
org.webpieces,http-templating-dev,1.9.118,-,-,?,-,false,-
org.webpieces,http-webserver,1.9.118,-,-,?,-,false,-
org.webpieces,http-webserver-test,1.9.118,-,-,?,-,false,-
org.webpieces,plugin-backend,1.9.118,-,-,?,-,false,-
org.webpieces,plugin-documentation,1.9.118,-,-,?,-,false,-
org.webpieces,plugin-h2db,1.9.118,-,-,?,-,false,-
org.webpieces,plugin-hibernate,1.9.118,-,-,?,-,false,-
org.webpieces,plugin-install-sslcert,1.9.118,-,-,?,-,false,-
org.webpieces,plugin-json-jackson,1.9.118,-,-,?,-,false,-
org.webpieces,projectcreator,1.9.118,-,-,?,-,false,-
org.webpieces,runtimecompile,1.9.118,-,-,?,-,false,-
org.webpieces,templateProject,1.9.118,-,-,?,-,false,-
org.webpieces,webpiecesServerBuilder,1.9.118,-,-,?,-,false,-
org.webpieces,WEBPIECESxAPPNAME,1.9.118,-,-,?,-,false,-
org.webpieces,WEBPIECESxAPPNAME-dev,1.9.118,-,-,?,-,false,-
org.webpieces,webserver,1.9.118,-,-,?,-,false,-
org.webpieces,webserver-plugins,1.9.118,-,-,?,-,false,-
