groupId,artifactId,version,moduleName,moduleVersion,moduleMode,moduleDependencies,jdepsToolError,jdepsViolations
ch.streamly,streamly-domain,0.0.1,-,-,?,-,false,-
com.47deg,fetch_2.11,0.7.3,-,-,?,-,false,-
com.47deg,fetch_2.12,0.7.3,-,-,?,-,false,-
com.47deg,fetch-debug_2.11,0.7.3,-,-,?,-,false,-
com.47deg,fetch-debug_2.12,0.7.3,-,-,?,-,false,-
com.47deg,fetch-debug_sjs0.6_2.11,0.7.3,-,-,?,-,false,-
com.47deg,fetch-debug_sjs0.6_2.12,0.7.3,-,-,?,-,false,-
com.47deg,fetch-monix_2.11,0.7.3,-,-,?,-,false,-
com.47deg,fetch-monix_2.12,0.7.3,-,-,?,-,false,-
com.47deg,fetch-monix_sjs0.6_2.11,0.7.3,-,-,?,-,false,-
com.47deg,fetch-monix_sjs0.6_2.12,0.7.3,-,-,?,-,false,-
com.47deg,fetch_sjs0.6_2.11,0.7.3,-,-,?,-,false,-
com.47deg,fetch_sjs0.6_2.12,0.7.3,-,-,?,-,false,-
com.47deg,fetch-twitter_2.11,0.7.3,-,-,?,-,false,-
com.47deg,fetch-twitter_2.12,0.7.3,-,-,?,-,false,-
com.47deg,github4s_2.10,0.18.7,-,-,?,-,false,-
com.47deg,github4s-cats-effect_2.10,0.18.7,-,-,?,-,false,-
com.47deg,github4s-cats-effect_sjs0.6_2.10,0.18.7,-,-,?,-,false,-
com.47deg,github4s-scalaz_2.10,0.18.7,-,-,?,-,false,-
com.47deg,github4s_sjs0.6_2.10,0.18.7,-,-,?,-,false,-
com.47deg,root_2.11,0.7.3,-,-,?,-,false,-
com.47deg,root_2.12,0.7.3,-,-,?,-,false,-
com.aliyun,aliyun-java-sdk-ecs,4.9.7,-,-,?,-,false,-
com.epam.jdi,jdi-commons,1.1.25,-,-,?,-,false,-
com.epam.jdi,jdi-http,1.1.25,-,-,?,-,false,-
com.epam.jdi,jdi-http-cucumber,1.1.25,-,-,?,-,false,-
com.epam.jdi,jdi-matchers,2.0.23,-,-,?,-,false,-
com.epam.jdi,jdi-uitest-core,1.1.25,-,-,?,-,false,-
com.epam.jdi,jdi-uitest-cucumber,1.1.25,-,-,?,-,false,-
com.epam.jdi,jdi-uitest-gui,1.1.25,-,-,?,-,false,sun.reflect.generics.reflectiveObjects.NotImplementedException Removed. See http://openjdk.java.net/jeps/260
com.epam.jdi,jdi-uitest-mobile,1.1.25,-,-,?,-,false,-
com.epam.jdi,jdi-uitest-web,1.1.25,-,-,?,-,false,-
com.epam.jdi,jdi-uitest-win,1.1.25,-,-,?,-,false,sun.reflect.generics.reflectiveObjects.NotImplementedException Removed. See http://openjdk.java.net/jeps/260
com.expedia.www,haystack-trace-commons,1.0.3,-,-,?,-,false,-
com.expedia.www,haystack-trace-indexer,1.0.3,-,-,?,-,false,sun.misc.Cleaner                         Use java.lang.ref.PhantomReference @since 1.2 or java.lang.ref.Cleaner @since 9 + sun.misc.Signal                          See http://openjdk.java.net/jeps/260 + sun.misc.SignalHandler                   See http://openjdk.java.net/jeps/260 + sun.misc.Unsafe                          See http://openjdk.java.net/jeps/260 + sun.reflect.Reflection                   Use java.lang.StackWalker @since 9 + sun.security.x509.X500Name               Use javax.security.auth.x500.X500Principal @since 1.4
com.expedia.www,haystack-trace-reader,1.0.3,-,-,?,-,false,sun.misc.Signal                          See http://openjdk.java.net/jeps/260 + sun.misc.SignalHandler                   See http://openjdk.java.net/jeps/260 + sun.misc.Unsafe                          See http://openjdk.java.net/jeps/260 + sun.reflect.Reflection                   Use java.lang.StackWalker @since 9 + sun.security.x509.X500Name               Use javax.security.auth.x500.X500Principal @since 1.4
com.github.agourlay,cornichon-check_2.12,0.16.2,-,-,?,-,false,-
com.github.agourlay,cornichon-core_2.12,0.16.2,-,-,?,-,false,-
com.github.agourlay,cornichon-http-mock_2.12,0.16.2,-,-,?,-,false,-
com.github.agourlay,cornichon-kafka_2.12,0.16.2,-,-,?,-,false,-
com.github.agourlay,cornichon-scalatest_2.12,0.16.2,-,-,?,-,false,-
com.github.agourlay,cornichon-test-framework_2.12,0.16.2,-,-,?,-,false,-
com.github.qiujiayu,autoload-cache,6.9.2,-,-,?,-,false,-
com.github.qiujiayu,autoload-cache-spring-boot-starter,6.9.2,-,-,?,-,false,-
com.google.apis,google-api-services-cloudfunctions,v1-rev52-1.24.1,-,-,?,-,false,-
com.jimetevenard.xml,Jing-JAXP-Wrapper,1.0.0,-,-,?,-,false,-
com.sinnerschrader.aem.react,aem-react-api,0.24.3,-,-,?,-,false,-
com.sinnerschrader.aem.react,core,0.24.3,-,-,?,-,false,-
com.sinnerschrader.aem.react,generate-typescript-maven-plugin,0.24.3,-,-,?,-,false,-
com.snowplowanalytics,snowplow-common-enrich_2.11,0.35.0,-,-,?,-,false,-
com.yahoo.vespa,annotations,6.276.19,-,-,?,-,false,-
com.yahoo.vespa,application,6.276.19,-,-,?,-,false,-
com.yahoo.vespa,application-deploy-plugin,6.276.19,-,-,?,-,false,-
com.yahoo.vespa,application-model,6.276.19,-,-,?,-,false,-
com.yahoo.vespa,application-preprocessor,6.276.19,-,-,?,-,false,-
com.yahoo.vespa,athenz-identity-provider-service,6.276.19,-,-,?,-,false,-
com.yahoo.vespa,bundle-plugin,6.276.19,-,-,?,-,false,-
com.yahoo.vespa,bundle-plugin-test,6.276.19,-,-,?,-,false,-
com.yahoo.vespa,chain,6.276.19,-,-,?,-,false,-
com.yahoo.vespa,clustercontroller-apps,6.276.19,-,-,?,-,false,-
com.yahoo.vespa,clustercontroller-apputil,6.276.19,-,-,?,-,false,-
com.yahoo.vespa,clustercontroller-core,6.276.19,-,-,?,-,false,-
com.yahoo.vespa,clustercontroller-standalone,6.276.19,-,-,?,-,false,-
com.yahoo.vespa,clustercontroller-utils,6.276.19,-,-,?,-,false,-
com.yahoo.vespa,component,6.276.19,-,-,?,-,false,-
com.yahoo.vespa,config,6.276.19,-,-,?,-,false,-
com.yahoo.vespa,config-application-package,6.276.19,-,-,?,-,false,-
com.yahoo.vespa,config-bundle,6.276.19,-,-,?,-,false,-
com.yahoo.vespa,config-class-plugin,6.276.19,-,-,?,-,false,-
com.yahoo.vespa,configdefinitions,6.276.19,-,-,?,-,false,-
com.yahoo.vespa,configgen,6.276.19,-,-,?,-,false,-
com.yahoo.vespa,config-lib,6.276.19,-,-,?,-,false,-
com.yahoo.vespa,config-model,6.276.19,-,-,?,-,false,-
com.yahoo.vespa,config-model-api,6.276.19,-,-,?,-,false,-
com.yahoo.vespa,config-model-fat,6.276.19,-,-,?,-,false,-
com.yahoo.vespa,config-provisioning,6.276.19,-,-,?,-,false,-
com.yahoo.vespa,config-proxy,6.276.19,-,-,?,-,false,-
com.yahoo.vespa,configserver,6.276.19,-,-,?,-,false,-
com.yahoo.vespa,container,6.276.19,-,-,?,-,false,-
com.yahoo.vespa,container-accesslogging,6.276.19,-,-,?,-,false,-
com.yahoo.vespa,container-core,6.276.19,-,-,?,-,false,-
com.yahoo.vespa,container-dev,6.276.19,-,-,?,-,false,-
com.yahoo.vespa,container-di,6.276.19,-,-,?,-,false,-
com.yahoo.vespa,container-disc,6.276.19,-,-,?,-,false,-
com.yahoo.vespa,container-integration-test,6.276.19,-,-,?,-,false,-
com.yahoo.vespa,container-jersey2,6.276.19,-,-,?,-,false,-
com.yahoo.vespa,container-messagebus,6.276.19,-,-,?,-,false,-
com.yahoo.vespa,container-search,6.276.19,-,-,?,-,false,-
com.yahoo.vespa,container-search-and-docproc,6.276.19,-,-,?,-,false,-
com.yahoo.vespa,container-search-gui,6.276.19,-,-,?,-,false,-
com.yahoo.vespa,container-test,6.276.19,-,-,?,-,false,-
com.yahoo.vespa,controller-api,6.276.19,-,-,?,-,false,-
com.yahoo.vespa,controller-server,6.276.19,-,-,?,-,false,-
com.yahoo.vespa,defaults,6.276.19,-,-,?,-,false,-
com.yahoo.vespa,docker-api,6.276.19,-,-,?,-,false,-
com.yahoo.vespa,docproc,6.276.19,-,-,?,-,false,-
com.yahoo.vespa,docprocs,6.276.19,-,-,?,-,false,-
com.yahoo.vespa,document,6.276.19,-,-,?,-,false,-
com.yahoo.vespa,documentapi,6.276.19,-,-,?,-,false,-
com.yahoo.vespa,fileacquirer,6.276.19,-,-,?,-,false,-
com.yahoo.vespa,filedistribution,6.276.19,-,-,?,-,false,-
com.yahoo.vespa,fsa,6.276.19,-,-,?,-,false,-
com.yahoo.vespa,indexinglanguage,6.276.19,-,-,?,-,false,-
com.yahoo.vespa,jaxrs_client_utils,6.276.19,-,-,?,-,false,-
com.yahoo.vespa,jaxrs_utils,6.276.19,-,-,?,-,false,-
com.yahoo.vespa,jdisc_core,6.276.19,-,-,?,-,false,-
com.yahoo.vespa,jdisc_http_service,6.276.19,-,-,?,-,false,-
com.yahoo.vespa,jdisc_jetty,6.276.19,-,-,?,-,false,-
com.yahoo.vespa,jdisc_messagebus_service,6.276.19,-,-,?,-,false,-
com.yahoo.vespa,jdisc-security-filters,6.276.19,-,-,?,-,false,-
com.yahoo.vespa,jrt,6.276.19,-,-,?,-,false,-
com.yahoo.vespa,linguistics,6.276.19,-,-,?,-,false,-
com.yahoo.vespa,logd,6.276.19,-,-,?,-,false,-
com.yahoo.vespa,logserver,6.276.19,-,-,?,-,false,-
com.yahoo.vespa,messagebus,6.276.19,-,-,?,-,false,-
com.yahoo.vespa,messagebus-disc,6.276.19,-,-,?,-,false,-
com.yahoo.vespa,metrics,6.276.19,-,-,?,-,false,-
com.yahoo.vespa,model-evaluation,6.276.19,-,-,?,-,false,-
com.yahoo.vespa,node-admin,6.276.19,-,-,?,-,false,-
com.yahoo.vespa,node-maintainer,6.276.19,-,-,?,-,false,-
com.yahoo.vespa,node-repository,6.276.19,-,-,?,-,false,-
com.yahoo.vespa,orchestrator,6.276.19,-,-,?,-,false,-
com.yahoo.vespa,orchestrator-restapi,6.276.19,-,-,?,-,false,-
com.yahoo.vespa,predicate-search,6.276.19,-,-,?,-,false,-
com.yahoo.vespa,predicate-search-core,6.276.19,-,-,?,-,false,-
com.yahoo.vespa,processing,6.276.19,-,-,?,-,false,-
com.yahoo.vespa,provided-dependencies,6.276.19,-,-,?,-,false,-
com.yahoo.vespa,searchcore,6.276.19,-,-,?,-,false,-
com.yahoo.vespa,searchlib,6.276.19,-,-,?,-,false,-
com.yahoo.vespa,searchsummary,6.276.19,-,-,?,-,false,-
com.yahoo.vespa,service-monitor,6.276.19,-,-,?,-,false,-
com.yahoo.vespa,serviceview,6.276.19,-,-,?,-,false,-
com.yahoo.vespa,simplemetrics,6.276.19,-,-,?,-,false,-
com.yahoo.vespa,standalone-container,6.276.19,-,-,?,-,false,-
com.yahoo.vespa,statistics,6.276.19,-,-,?,-,false,-
com.yahoo.vespa,storage,6.276.19,-,-,?,-,false,-
com.yahoo.vespa,testutil,6.276.19,-,-,?,-,false,-
com.yahoo.vespa,vdslib,6.276.19,-,-,?,-,false,-
com.yahoo.vespa,vespa-application-maven-plugin,6.276.19,-,-,?,-,false,-
com.yahoo.vespa,vespa-athenz,6.276.19,-,-,?,-,false,-
com.yahoo.vespa,vespaclient-container-plugin,6.276.19,-,-,?,-,false,-
com.yahoo.vespa,vespaclient-core,6.276.19,-,-,?,-,false,-
com.yahoo.vespa,vespaclient-java,6.276.19,-,-,?,-,false,-
com.yahoo.vespa,vespa-documentgen-plugin,6.276.19,-,-,?,-,false,-
com.yahoo.vespa,vespa_feed_perf,6.276.19,-,-,?,-,false,-
com.yahoo.vespa,vespa-hadoop,6.276.19,-,-,?,-,false,sun.misc.Unsafe                          See http://openjdk.java.net/jeps/260
com.yahoo.vespa,vespa-http-client,6.276.19,-,-,?,-,false,-
com.yahoo.vespa,vespajlib,6.276.19,-,-,?,-,false,-
com.yahoo.vespa,vespalog,6.276.19,-,-,?,-,false,-
com.yahoo.vespa,vsm,6.276.19,-,-,?,-,false,-
com.yahoo.vespa,yolean,6.276.19,-,-,?,-,false,-
com.yahoo.vespa,zkfacade,6.276.19,-,-,?,-,false,-
io.bitsensor,lib-entity,2.1.0,-,-,?,-,false,-
io.bitsensor,lib-privacy,2.1.0,-,-,?,-,false,-
io.bitsensor,lib-util,2.1.0,-,-,?,-,false,-
io.muserver,mu-server,0.14.2,-,-,?,-,false,-
org.neo4j,neo4j-ogm-api,3.1.2,org.neo4j.ogm.drivers.api,-,automatic,-,false,-
org.neo4j,neo4j-ogm-bolt-driver,3.1.2,org.neo4j.ogm.drivers.bolt,-,automatic,-,false,-
org.neo4j,neo4j-ogm-core,3.1.2,org.neo4j.ogm.core,-,automatic,-,false,-
org.neo4j,neo4j-ogm-embedded-driver,3.1.2,org.neo4j.ogm.drivers.embedded,-,automatic,-,false,-
org.neo4j,neo4j-ogm-http-driver,3.1.2,org.neo4j.ogm.drivers.http,-,automatic,-,false,-
org.neo4j,neo4j-ogm-test,3.1.2,org.neo4j.ogm.testutil,-,automatic,-,false,-
org.xwiki.rendering,xwiki-rendering-api,10.7-rc-1,-,-,?,-,false,-
org.xwiki.rendering,xwiki-rendering-integration-tests,10.7-rc-1,-,-,?,-,false,-
org.xwiki.rendering,xwiki-rendering-legacy-api,10.7-rc-1,-,-,?,-,false,-
org.xwiki.rendering,xwiki-rendering-macro-box,10.7-rc-1,-,-,?,-,false,-
org.xwiki.rendering,xwiki-rendering-macro-comment,10.7-rc-1,-,-,?,-,false,-
org.xwiki.rendering,xwiki-rendering-macro-content,10.7-rc-1,-,-,?,-,false,-
org.xwiki.rendering,xwiki-rendering-macro-ctsreport,10.7-rc-1,-,-,?,-,false,-
org.xwiki.rendering,xwiki-rendering-macro-figure,10.7-rc-1,-,-,?,-,false,-
org.xwiki.rendering,xwiki-rendering-macro-footnotes,10.7-rc-1,-,-,?,-,false,-
org.xwiki.rendering,xwiki-rendering-macro-html,10.7-rc-1,-,-,?,-,false,-
org.xwiki.rendering,xwiki-rendering-macro-id,10.7-rc-1,-,-,?,-,false,-
org.xwiki.rendering,xwiki-rendering-macro-message,10.7-rc-1,-,-,?,-,false,-
org.xwiki.rendering,xwiki-rendering-macro-quote,10.7-rc-1,-,-,?,-,false,-
org.xwiki.rendering,xwiki-rendering-macro-toc,10.7-rc-1,-,-,?,-,false,-
org.xwiki.rendering,xwiki-rendering-syntax-annotatedhtml5,10.7-rc-1,-,-,?,-,false,-
org.xwiki.rendering,xwiki-rendering-syntax-annotatedxhtml,10.7-rc-1,-,-,?,-,false,-
org.xwiki.rendering,xwiki-rendering-syntax-apt,10.7-rc-1,-,-,?,-,false,-
org.xwiki.rendering,xwiki-rendering-syntax-creole,10.7-rc-1,-,-,?,-,false,-
org.xwiki.rendering,xwiki-rendering-syntax-docbook,10.7-rc-1,-,-,?,-,false,-
org.xwiki.rendering,xwiki-rendering-syntax-doxia,10.7-rc-1,-,-,?,-,false,-
org.xwiki.rendering,xwiki-rendering-syntax-event,10.7-rc-1,-,-,?,-,false,-
org.xwiki.rendering,xwiki-rendering-syntax-html,10.7-rc-1,-,-,?,-,false,-
org.xwiki.rendering,xwiki-rendering-syntax-html5,10.7-rc-1,-,-,?,-,false,-
org.xwiki.rendering,xwiki-rendering-syntax-jspwiki,10.7-rc-1,-,-,?,-,false,-
org.xwiki.rendering,xwiki-rendering-syntax-plain,10.7-rc-1,-,-,?,-,false,-
org.xwiki.rendering,xwiki-rendering-syntax-twiki,10.7-rc-1,-,-,?,-,false,-
org.xwiki.rendering,xwiki-rendering-syntax-wikimodel,10.7-rc-1,-,-,?,-,false,-
org.xwiki.rendering,xwiki-rendering-syntax-xdomxml10,10.7-rc-1,-,-,?,-,false,-
org.xwiki.rendering,xwiki-rendering-syntax-xdomxmlcurrent,10.7-rc-1,-,-,?,-,false,-
org.xwiki.rendering,xwiki-rendering-syntax-xhtml,10.7-rc-1,-,-,?,-,false,-
org.xwiki.rendering,xwiki-rendering-syntax-xwiki20,10.7-rc-1,-,-,?,-,false,-
org.xwiki.rendering,xwiki-rendering-syntax-xwiki21,10.7-rc-1,-,-,?,-,false,-
org.xwiki.rendering,xwiki-rendering-test,10.7-rc-1,-,-,?,-,false,-
org.xwiki.rendering,xwiki-rendering-transformation-icon,10.7-rc-1,-,-,?,-,false,-
org.xwiki.rendering,xwiki-rendering-transformation-linkchecker,10.7-rc-1,-,-,?,-,false,-
org.xwiki.rendering,xwiki-rendering-transformation-macro,10.7-rc-1,-,-,?,-,false,-
org.xwiki.rendering,xwiki-rendering-transformation-wikiword,10.7-rc-1,-,-,?,-,false,-
org.xwiki.rendering,xwiki-rendering-wikimodel,10.7-rc-1,-,-,?,-,false,-
org.xwiki.rendering,xwiki-rendering-xml,10.7-rc-1,-,-,?,-,false,-
