groupId,artifactId,version,moduleName,moduleVersion,moduleMode,moduleDependencies,jdepsToolError,jdepsViolations
com.badlogicgames.gdx,gdx,1.9.8,-,-,?,-,false,-
com.badlogicgames.gdx,gdx-ai,1.8.1,-,-,?,-,false,-
com.badlogicgames.gdx,gdx-backend-android,1.9.8,-,-,?,-,false,-
com.badlogicgames.gdx,gdx-backend-gwt,1.9.8,-,-,?,-,false,-
com.badlogicgames.gdx,gdx-backend-headless,1.9.8,-,-,?,-,false,-
com.badlogicgames.gdx,gdx-backend-jglfw,1.9.6,-,-,?,-,false,-
com.badlogicgames.gdx,gdx-backend-lwjgl,1.9.8,-,-,?,-,false,-
com.badlogicgames.gdx,gdx-backend-lwjgl3,1.9.8,-,-,?,-,false,-
com.badlogicgames.gdx,gdx-backend-moe,1.9.8,-,-,?,-,false,-
com.badlogicgames.gdx,gdx-backend-robovm,1.9.8,-,-,?,-,false,-
com.badlogicgames.gdx,gdx-box2d,1.9.8,-,-,?,-,false,-
com.badlogicgames.gdx,gdx-box2d-gwt,1.9.8,-,-,?,-,false,-
com.badlogicgames.gdx,gdx-box2d-platform,1.9.8,-,-,?,-,false,-
com.badlogicgames.gdx,gdx-bullet,1.9.8,-,-,?,-,false,-
com.badlogicgames.gdx,gdx-bullet-platform,1.9.8,-,-,?,-,false,-
com.badlogicgames.gdx,gdx-controllers,1.9.8,-,-,?,-,false,-
com.badlogicgames.gdx,gdx-controllers-android,1.9.8,-,-,?,-,false,-
com.badlogicgames.gdx,gdx-controllers-desktop,1.9.8,-,-,?,-,false,-
com.badlogicgames.gdx,gdx-controllers-gwt,1.9.8,-,-,?,-,false,-
com.badlogicgames.gdx,gdx-controllers-lwjgl3,1.9.8,-,-,?,-,false,-
com.badlogicgames.gdx,gdx-controllers-platform,1.9.8,-,-,?,-,false,-
com.badlogicgames.gdx,gdx-freetype,1.9.8,-,-,?,-,false,-
com.badlogicgames.gdx,gdx-freetype-platform,1.9.8,-,-,?,-,false,-
com.badlogicgames.gdx,gdx-jnigen,1.9.8,-,-,?,-,false,-
com.badlogicgames.gdx,gdx-platform,1.9.8,-,-,?,-,false,-
com.badlogicgames.gdx,gdx-tools,1.9.8,-,-,?,-,false,-
com.badlogicgames.gdxpay,gdx-pay,0.11.2,-,-,?,-,false,-
com.badlogicgames.gdxpay,gdx-pay-android-amazon,0.11.2,-,-,?,-,false,-
com.badlogicgames.gdxpay,gdx-pay-android-openiab,0.11.2,-,-,?,-,false,-
com.badlogicgames.gdxpay,gdx-pay-android-ouya,0.11.2,-,-,?,-,false,-
com.badlogicgames.gdxpay,gdx-pay-client,0.11.2,-,-,?,-,false,-
com.badlogicgames.gdxpay,gdx-pay-gwt-googlewallet,0.11.2,-,-,?,-,false,-
com.badlogicgames.gdxpay,gdx-pay-iosmoe-apple,0.11.2,-,-,?,-,false,-
com.badlogicgames.gdxpay,gdx-pay-iosrobovm-apple,0.11.2,-,-,?,-,false,-
com.badlogicgames.gdxpay,gdx-pay-server,0.11.2,-,-,?,-,false,-
com.belladati,extensions-api,1.1,-,-,?,-,false,-
com.belladati,sdk-api,0.9.10,-,-,?,-,false,-
com.belladati,sdk-java,0.9.11,-,-,?,-,false,-
com.bitplan.antlr,com.bitplan.antlr,0.0.7,-,-,?,-,false,-
com.bitplan,com.bitplan.fritzbox,0.0.5,-,-,?,-,false,-
com.bitplan,com.bitplan.mjpegstreamer,0.0.7,-,-,?,-,false,sun.misc.BASE64Decoder                   Use java.util.Base64 @since 1.8 + sun.misc.BASE64Encoder                   Use java.util.Base64 @since 1.8
com.bitplan,com.bitplan.rest.freemarker,0.0.2,-,-,?,-,false,-
com.bitplan.gui,com.bitplan.gui,0.0.12,-,-,?,-,false,-
com.bitplan.gui,com.bitplan.javafx,0.0.18,-,-,?,-,false,-
com.bitplan,mediawiki-japi,0.1.02,-,-,?,-,false,sun.misc.BASE64Decoder                   Use java.util.Base64 @since 1.8 + sun.misc.BASE64Encoder                   Use java.util.Base64 @since 1.8
com.bitplan.multimodule,multimodule1,0.0.2,-,-,?,-,false,-
com.bitplan.multimodule,multimodule2,0.0.2,-,-,?,-,false,-
com.bitplan,org.crazybeans,1.5.4,-,-,?,-,false,-
com.bitplan,org.sidif.triplestore,0.0.9,-,-,?,-,false,-
com.bitplan.pdfindex,com.bitplan.pdfindex,0.0.11,-,-,?,-,false,-
com.bitplan.radolan,com.bitplan.radolan,0.0.1,-,-,?,-,false,-
com.bitplan.rest,com.bitplan.simplerest,0.0.13,-,-,?,-,false,-
com.bitplan.rest,com.bitplan.simplerest-api,0.0.8,-,-,?,-,false,-
com.bitplan.rest,com.bitplan.simplerest-example,0.0.2,-,-,?,-,false,-
com.bitplan.simplegraph,com.bitplan.simplegraph.bundle,0.0.2,-,-,?,-,false,-
com.bitplan.simplegraph,com.bitplan.simplegraph-core,0.0.2,-,-,?,-,false,-
com.bitplan.simplegraph,com.bitplan.simplegraph.excel,0.0.2,-,-,?,-,false,-
com.bitplan.simplegraph,com.bitplan.simplegraph.filesystem,0.0.2,-,-,?,-,false,-
com.bitplan.simplegraph,com.bitplan.simplegraph.github,0.0.2,-,-,?,-,false,-
com.bitplan.simplegraph,com.bitplan.simplegraph.html,0.0.2,-,-,?,-,false,-
com.bitplan.simplegraph,com.bitplan.simplegraph.java,0.0.2,-,-,?,-,false,-
com.bitplan.simplegraph,com.bitplan.simplegraph.json,0.0.2,-,-,?,-,false,-
com.bitplan.simplegraph,com.bitplan.simplegraph.map,0.0.2,-,-,?,-,false,-
com.bitplan.simplegraph,com.bitplan.simplegraph.mediawiki,0.0.2,-,-,?,-,false,-
com.bitplan.simplegraph,com.bitplan.simplegraph.pdf,0.0.2,-,-,?,-,false,-
com.bitplan.simplegraph,com.bitplan.simplegraph.powerpoint,0.0.2,-,-,?,-,false,-
com.bitplan.simplegraph,com.bitplan.simplegraph.smw,0.0.2,-,-,?,-,false,-
com.bitplan.simplegraph,com.bitplan.simplegraph.snmp,0.0.2,-,-,?,-,false,-
com.bitplan.simplegraph,com.bitplan.simplegraph.sql,0.0.2,-,-,?,-,false,-
com.bitplan.simplegraph,com.bitplan.simplegraph.triplestore,0.0.2,-,-,?,-,false,-
com.bitplan.simplegraph,com.bitplan.simplegraph.wikidata,0.0.2,-,-,?,-,false,-
com.bitplan.simplegraph,com.bitplan.simplegraph.word,0.0.2,-,-,?,-,false,-
com.bitplan.simplegraph,com.bitplan.simplegraph.xml,0.0.2,-,-,?,-,false,-
com.bitplan.sprinkler,com.bitplan.sprinkler,0.0.1,-,-,?,-,false,-
com.bitplan.vzjava,com.bitplan.vzjava,0.0.1,-,-,?,-,false,-
com.bitplan,w3cValidator,0.0.5,-,-,?,-,false,-
com.bitplan.wikifrontend,com.bitplan.wikifrontend,0.0.4,-,-,?,-,false,-
com.calincosma,args-parser,1.0,-,-,?,-,false,-
com.calincosma,jargs,1.0.2,-,-,?,-,false,-
com.cedarsoftware,java-util,1.34.0,-,-,?,-,false,-
com.cedarsoftware,json-command-servlet,1.8.4,-,-,?,-,false,-
com.cedarsoftware,json-io,4.10.0,-,-,?,-,false,-
com.cedarsoftware,n-cube,4.3.2,-,-,?,-,false,-
com.charlesahunt,proteus_2.12,0.6.7,-,-,?,-,false,-
com.charlesahunt,pure-redis_2.12,0.5.0,-,-,?,-,false,-
com.charlesahunt,range-tree-map_2.12,0.3.0,-,-,?,-,false,-
com.clay-tablet,claytablet-translation,3.6.6,-,-,?,-,false,-
com.coding42,dynamos_2.11,0.3.1,-,-,?,-,false,-
com.coding42,dynamos_2.12,0.4.0,-,-,?,-,false,-
com.codota,codota-sdk-java,1.0.11,-,-,?,-,false,-
com.codota,codota-uploader,1.0.5,-,-,?,-,false,-
com.contentful.generator,generator,1.2.0,-,-,?,-,false,-
com.contentful.java,cma-sdk,3.1.0,-,-,?,-,false,-
com.contentful.java,java-sdk,10.1.0,-,-,?,-,false,-
com.contentful.vault,compiler,3.2.1,-,-,?,-,false,com.sun.tools.javac.code.Attribute       Use javax.tools and javax.lang.model @since 1.6 + com.sun.tools.javac.code.Symbol          Use javax.tools and javax.lang.model @since 1.6 + com.sun.tools.javac.code.Symbol$TypeSymbol Use javax.tools and javax.lang.model @since 1.6 + com.sun.tools.javac.code.Type            Use javax.tools and javax.lang.model @since 1.6
com.contentful.vault,core,3.2.1,-,-,?,-,false,-
com.contentful.vault,last-module,3.2.1,-,-,?,-,false,-
com.ctrip.framework.apollo,apollo-client,1.0.0,-,-,?,-,false,-
com.ctrip.framework.apollo,apollo-core,1.0.0,-,-,?,-,false,-
com.enragedginger,akka-quartz-scheduler_2.12,1.6.1-akka-2.5.x,-,-,?,-,false,-
com.fireflysource,firefly,4.8.1,-,-,?,-,false,-
com.fireflysource,firefly-common,4.8.1,-,-,?,-,false,-
com.fireflysource,firefly-db,4.8.1,-,-,?,-,false,-
com.fireflysource,firefly-example,4.8.1,-,-,?,-,false,-
com.fireflysource,firefly-kotlin-ext,4.8.1,-,-,?,-,false,-
com.fireflysource,firefly-nettool,4.8.1,-,-,?,-,false,-
com.fireflysource,firefly-reactive,4.8.1,-,-,?,-,false,-
com.fireflysource,firefly-session,4.8.1,-,-,?,-,false,-
com.fireflysource,firefly-slf4j,4.8.1,-,-,?,-,false,-
com.fireflysource,firefly-template,4.0.20,-,-,?,-,false,-
com.fireflysource,firefly-wechat,4.8.1,-,-,?,-,false,-
com.freshdbcache,freshdbcache,1.0.12,-,-,?,-,false,-
com.fun90.webjars,swagger-ui-bootstrap4,1.0.1,-,-,?,-,false,-
com.github.takezoe,runtime-scaladoc-reader_2.12,1.0.0,-,-,?,-,false,-
com.google.apis,google-api-services-appsactivity,v1-rev178-1.25.0,-,-,?,-,false,-
com.google.apis,google-api-services-cloudprofiler,v2-rev8-1.25.0,-,-,?,-,false,-
com.google.apis,google-api-services-plus,v1-rev555-1.25.0,-,-,?,-,false,-
com.google.apis,google-api-services-reseller,v1sandbox-rev60-1.22.0,-,-,?,-,false,-
com.google.apis,google-api-services-servicebroker,v1-rev9-1.25.0,-,-,?,-,false,-
com.google.apis,google-api-services-serviceconsumermanagement,v1-rev138-1.25.0,-,-,?,-,false,-
com.guujiang,jacob-core,0.0.1,org.objectweb.asm.tree,6.0,explicit,org.objectweb.asm + java.base,true,-
com.guujiang,jacob-maven-plugin,0.0.1,-,-,?,-,false,-
com.hybhub,concurrent-util,0.2,-,-,?,-,false,-
com.icegreen,greenmail,1.5.7,-,-,?,-,false,-
com.icegreen,greenmail-docker-standalone,1.5.7,-,-,?,-,false,-
com.icegreen,greenmail-spring,1.5.7,-,-,?,-,false,-
com.icegreen,greenmail-standalone,1.5.7,-,-,?,-,false,-
com.inaos.jam,jam-agent,1.0.5,-,-,?,-,false,-
com.inaos.jam,jam-api,1.0.5,-,-,?,-,false,-
com.inaos.jam,jam-attach,1.0.5,-,-,?,-,false,-
com.inaos.jam,jam-benchmark,1.0.5,-,-,?,-,false,-
com.inaos.jam,jam-boot,1.0.5,-,-,?,-,false,-
com.inaos.jam,jam-observation,1.0.5,-,-,?,-,false,-
com.inaos.jam,jam-observation-kryo,1.0.5,-,-,?,-,false,-
com.inaos.jam,jam-test,1.0.5,-,-,?,-,false,-
com.inaos.jam,jam-tool,1.0.5,-,-,?,-,false,-
com.inaos.jam,jam-utility,1.0.5,-,-,?,-,false,-
com.kailuowang,henkan-convert_2.11,0.6.2,-,-,?,-,false,-
com.kailuowang,henkan-convert_2.12,0.6.2,-,-,?,-,false,-
com.kailuowang,henkan-extract_2.12,0.2.10,-,-,?,-,false,-
com.kailuowang,henkan-k_2.12,0.2.10,-,-,?,-,false,-
com.kailuowang,henkan-optional_2.11,0.6.2,-,-,?,-,false,-
com.kailuowang,henkan-optional_2.12,0.6.2,-,-,?,-,false,-
com.kailuowang,mainecoon-core_2.11,0.6.4,-,-,?,-,false,-
com.kailuowang,mainecoon-core_2.12,0.6.4,-,-,?,-,false,-
com.kailuowang,mainecoon-core_sjs0.6_2.11,0.6.4,-,-,?,-,false,-
com.kailuowang,mainecoon-core_sjs0.6_2.12,0.6.4,-,-,?,-,false,-
com.kailuowang,mainecoon-laws_2.11,0.6.4,-,-,?,-,false,-
com.kailuowang,mainecoon-laws_2.12,0.6.4,-,-,?,-,false,-
com.kailuowang,mainecoon-laws_sjs0.6_2.11,0.6.4,-,-,?,-,false,-
com.kailuowang,mainecoon-laws_sjs0.6_2.12,0.6.4,-,-,?,-,false,-
com.kailuowang,mainecoon-macros_2.11,0.6.4,-,-,?,-,false,-
com.kailuowang,mainecoon-macros_2.12,0.6.4,-,-,?,-,false,-
com.kailuowang,mainecoon-macros_sjs0.6_2.11,0.6.4,-,-,?,-,false,-
com.kailuowang,mainecoon-macros_sjs0.6_2.12,0.6.4,-,-,?,-,false,-
com.kolibrifx.common,common,1.1.0,-,-,?,-,false,-
com.kolibrifx.common,common-collections,1.1.0,-,-,?,-,false,-
com.kolibrifx.common,common-dispatcher,1.1.0,-,-,?,-,false,-
com.kolibrifx.common,common-dispatcher-lmax,1.1.0,-,-,?,-,false,-
com.kolibrifx.common,common-statemachine,1.1.0,-,-,?,-,false,-
com.kolibrifx.common,common-testing,1.1.0,-,-,?,-,false,-
com.kolibrifx.lancebill,lancebill,1.0.0,-,-,?,-,false,-
com.kolibrifx.lancebill,lancebill-query-compiler,1.0.0,-,-,?,-,false,-
com.kolibrifx.mq,mq-core,1.0.0,-,-,?,-,false,-
com.kolibrifx.mq,mq-napo,1.0.0,-,-,?,-,false,-
com.kolibrifx.mq,mq-provider-lettuce,1.0.0,-,-,?,-,false,-
com.kolibrifx.mq,mq-provider-racket,1.0.0,-,-,?,-,false,-
com.kolibrifx.napo,napo-base,1.1.3,-,-,?,-,false,-
com.kolibrifx.napo,napo-compiler,1.1.3,-,-,?,-,false,-
com.kolibrifx.napo,napo-core,1.1.3,-,-,?,-,false,-
com.kolibrifx.napo,napo-json,1.1.3,-,-,?,-,false,-
com.kolibrifx.plovercrest,plovercrest-client,1.0.1,-,-,?,-,false,-
com.kolibrifx.plovercrest,plovercrest-napo,1.0.1,-,-,?,-,false,-
com.kolibrifx.plovercrest,plovercrest-performance-tools,1.0.1,-,-,?,-,false,-
com.kolibrifx.plovercrest,plovercrest-server,1.0.1,-,-,?,-,false,-
com.kolibrifx.plovercrest,plovercrest-testing,1.0.1,-,-,?,-,false,-
com.kolibrifx.plovercrest,plovercrest-tools,1.0.1,-,-,?,-,false,-
com.kolibrifx.plovercrest,plovercrest-utils,1.0.1,-,-,?,-,false,-
com.kurzdigital,keycloak-admin-wrapper,0.9.10,-,-,?,-,false,-
com.netflix.conductor,conductor-client,1.11.4,-,-,?,-,false,-
com.netflix.conductor,conductor-common,1.11.4,-,-,?,-,false,-
com.netflix.conductor,conductor-contribs,1.11.4,-,-,?,-,false,-
com.netflix.conductor,conductor-core,1.11.4,-,-,?,-,false,-
com.netflix.conductor,conductor-es2-persistence,1.11.4,-,-,?,-,false,sun.misc.Unsafe                          See http://openjdk.java.net/jeps/260 + sun.security.x509.X500Name               Use javax.security.auth.x500.X500Principal @since 1.4
com.netflix.conductor,conductor-es5-persistence,1.11.4,-,-,?,-,false,-
com.netflix.conductor,conductor-jersey,1.11.4,-,-,?,-,false,-
com.netflix.conductor,conductor-mysql-persistence,1.11.4,-,-,?,-,false,-
com.netflix.conductor,conductor-redis-persistence,1.11.4,-,-,?,-,false,-
com.netflix.conductor,conductor-test-harness,1.11.4,-,-,?,-,false,-
com.netflix.conductor,conductor-ui,1.11.4,-,-,?,-,false,-
com.nimworks,nworm.core,4.0.7.Final,-,-,?,-,false,-
com.nimworks,nworm.hibernate,4.0.7.Final,-,-,?,-,false,-
com.nuecho,rivr-core,1.0.10,-,-,?,-,false,-
com.nuecho,rivr-voicexml,1.0.10,-,-,?,-,false,-
com.ocadotechnology.newrelicalertsconfigurator,newrelic-alerts-configurator,3.3.0,-,-,?,-,false,-
com.ocadotechnology.newrelicalertsconfigurator,newrelic-api-client,3.3.0,-,-,?,-,false,-
com.oliphantllc,gnu-regexp,2.2.12,-,-,?,-,false,-
com.oliphantllc,jtidy,2.2.12,-,-,?,-,false,-
com.oliphantllc,pack200anttasks,1.1,-,-,?,-,false,-
com.oliphantllc,SigPlus,2.57,-,-,?,-,false,-
com.oliphantllc,swing-layout,1.0.3,-,-,?,-,false,-
com.oliphantllc,xmlc,2.2.12,-,-,?,-,false,-
com.oliphantllc,xmlc-all-runtime,2.2.12,-,-,?,-,false,-
com.oliphantllc,xmlc-base,2.2.12,-,-,?,-,false,-
com.oliphantllc,xmlc-chtml,2.2.12,-,-,?,-,false,-
com.oliphantllc,xmlc-taskdef,2.2.12,-,-,?,-,false,-
com.oliphantllc,xmlc-wml,2.2.12,-,-,?,-,false,-
com.pakulov.kafka,kafka_2.11-graphite,0.10.2,-,-,?,-,false,-
com.pakulov.kafka,kafka-graphite-clients,0.10.2,-,-,?,-,false,-
com.pingcap.tikv,tikv-client,1.0,-,-,?,-,false,sun.misc.Unsafe                          See http://openjdk.java.net/jeps/260 + sun.security.x509.X500Name               Use javax.security.auth.x500.X500Principal @since 1.4
com.pingcap.tispark,tispark-core,1.0,-,-,?,-,false,-
com.pushtorefresh.storio2,common,2.1.0,-,-,?,-,false,-
com.pushtorefresh.storio2,common-annotations-processor,2.1.0,-,-,?,-,false,-
com.pushtorefresh.storio2,content-resolver,2.1.0,-,-,?,-,false,-
com.pushtorefresh.storio2,content-resolver-annotations,2.1.0,-,-,?,-,false,-
com.pushtorefresh.storio2,content-resolver-annotations-processor,2.1.0,-,-,?,-,false,-
com.pushtorefresh.storio2,sqlite,2.1.0,-,-,?,-,false,-
com.pushtorefresh.storio2,sqlite-annotations,2.1.0,-,-,?,-,false,-
com.pushtorefresh.storio2,sqlite-annotations-processor,2.1.0,-,-,?,-,false,-
com.pushtorefresh.storio3,common-annotations-processor,3.0.0,-,-,?,-,false,-
com.pushtorefresh.storio3,content-resolver-annotations,3.0.0,-,-,?,-,false,-
com.pushtorefresh.storio3,content-resolver-annotations-processor,3.0.0,-,-,?,-,false,-
com.pushtorefresh.storio3,sqlite-annotations,3.0.0,-,-,?,-,false,-
com.pushtorefresh.storio3,sqlite-annotations-processor,3.0.0,-,-,?,-,false,-
com.pushtorefresh.storio,common,1.13.0,-,-,?,-,false,-
com.pushtorefresh.storio,common-annotations-processor,1.13.0,-,-,?,-,false,-
com.pushtorefresh.storio,content-resolver,1.13.0,-,-,?,-,false,-
com.pushtorefresh.storio,content-resolver-annotations,1.13.0,-,-,?,-,false,-
com.pushtorefresh.storio,content-resolver-annotations-processor,1.13.0,-,-,?,-,false,-
com.pushtorefresh.storio,sqlite,1.13.0,-,-,?,-,false,-
com.pushtorefresh.storio,sqlite-annotations,1.13.0,-,-,?,-,false,-
com.pushtorefresh.storio,sqlite-annotations-processor,1.13.0,-,-,?,-,false,-
com.qq.e,GDTUnionSDK,4.18.569,-,-,?,-,false,-
com.qq.e,GDTUnionSDK_TBS,4.18.569,-,-,?,-,false,-
com.riskified,riskified-sdk,1.1.0,-,-,?,-,false,-
com.shaishavgandhi,bundlex-compiler,0.1.0,-,-,?,-,false,-
com.shaishavgandhi.navigator,navigator-annotations,0.3.2,-,-,?,-,false,-
com.shaishavgandhi.navigator,navigator-compiler,0.3.2,-,-,?,-,false,-
com.shaishavgandhi,prefextensions-annotations,0.2.0,-,-,?,-,false,-
com.shaishavgandhi,prefextensions-compiler,0.2.0,-,-,?,-,false,-
com.sinacloud.java,java-sdk,1.2.3,-,-,?,-,false,sun.misc.BASE64Encoder                   Use java.util.Base64 @since 1.8
com.soerensen.pomedit,pomedit,1.1.0,-,-,?,-,false,-
com.srotya,linea,0.0.18,-,-,?,-,false,-
com.srotya.minuteman,minuteman-core,0.0.4,-,-,?,-,false,sun.misc.Cleaner                         Use java.lang.ref.PhantomReference @since 1.2 or java.lang.ref.Cleaner @since 9 + sun.misc.Unsafe                          See http://openjdk.java.net/jeps/260 + sun.security.x509.X500Name               Use javax.security.auth.x500.X500Principal @since 1.4
com.srotya.minuteman,minuteman-rpc,0.0.4,-,-,?,-,false,-
com.srotya.minuteman,rocksdb-cluster,0.0.4,-,-,?,-,false,-
com.srotya.monitoring,kafka-lag-monitor,0.0.7,-,-,?,-,false,sun.misc.Cleaner                         Use java.lang.ref.PhantomReference @since 1.2 or java.lang.ref.Cleaner @since 9 + sun.misc.Unsafe                          See http://openjdk.java.net/jeps/260 + sun.reflect.Reflection                   Use java.lang.StackWalker @since 9 + sun.security.x509.X500Name               Use javax.security.auth.x500.X500Principal @since 1.4
com.srotya.sidewinder.examples,stock-quants,0.0.37,-,-,?,-,false,-
com.srotya.sidewinder,hdfs-archiver,0.0.37,-,-,?,-,false,sun.misc.Cleaner                         Use java.lang.ref.PhantomReference @since 1.2 or java.lang.ref.Cleaner @since 9 + sun.misc.Signal                          See http://openjdk.java.net/jeps/260 + sun.misc.SignalHandler                   See http://openjdk.java.net/jeps/260 + sun.misc.Unsafe                          See http://openjdk.java.net/jeps/260 + sun.security.x509.X500Name               Use javax.security.auth.x500.X500Principal @since 1.4
com.srotya.sidewinder,s3-archiver,0.0.37,-,-,?,-,false,-
com.srotya.sidewinder,sidewinder-cluster,0.0.32,-,-,?,-,false,-
com.srotya.sidewinder,sidewinder-cluster-dist,0.0.32,-,-,?,-,false,com.sun.tools.javac.processing.JavacFiler Use javax.tools and javax.lang.model @since 1.6 + com.sun.tools.javac.processing.JavacProcessingEnvironment Use javax.tools and javax.lang.model @since 1.6 + com.sun.tools.javac.util.Context         Use javax.tools and javax.lang.model @since 1.6 + com.sun.tools.javac.util.Options         Use javax.tools and javax.lang.model @since 1.6 + sun.misc.Cleaner                         Use java.lang.ref.PhantomReference @since 1.2 or java.lang.ref.Cleaner @since 9 + sun.misc.Unsafe                          See http://openjdk.java.net/jeps/260 + sun.reflect.Reflection                   Use java.lang.StackWalker @since 9 + sun.security.x509.X500Name               Use javax.security.auth.x500.X500Principal @since 1.4
com.srotya.sidewinder,sidewinder-core,0.2.3,-,-,?,-,false,-
com.srotya.sidewinder,sidewinder-grafana,0.0.22,-,-,?,-,false,-
com.srotya.sidewinder,sidewinder-ingesters,0.2.3,-,-,?,-,false,-
com.srotya.sidewinder,sidewinder-rpc,0.2.3,-,-,?,-,false,-
com.srotya.sidewinder,sidewinder-standalone-dist,0.2.3,java.xml.ws,-,explicit,java.xml.soap + java.xml.ws.annotation + java.xml.bind + java.logging + java.base,true,-
com.srotya.sidewinder,sidewinder-tools,0.2.3,-,-,?,-,false,-
com.srotya.tau,tau-anomd,0.0.10,-,-,?,-,false,-
com.srotya.tools,secor,0.0.4,-,-,?,-,false,-
com.talanlabs,apt-debug,1.0.0,-,-,?,-,false,-
com.talanlabs,avatar-generator,1.1.0,-,-,?,-,false,-
com.talanlabs,avatar-generator-8bit,1.1.0,-,-,?,-,false,-
com.talanlabs,avatar-generator-cat,1.1.0,-,-,?,-,false,-
com.talanlabs,avatar-generator-smiley,1.1.0,-,-,?,-,false,-
com.talanlabs,bean-mybatis,1.0.1,-,-,?,-,false,-
com.talanlabs,component-bean,1.0.1,-,-,?,-,false,-
com.talanlabs,component-bean-apt,1.0.1,-,-,?,-,false,-
com.talanlabs,component-bean-mybatis,1.0.1,-,-,?,-,false,-
com.talanlabs,component-config-properties,2.0.0,-,-,?,-,false,-
com.talanlabs,component-entity,1.0.4,-,-,?,-,false,-
com.talanlabs,component-jackson,1.0.0,-,-,?,-,false,-
com.talanlabs,component-mybatis,1.0.4,-,-,?,-,false,-
com.talanlabs,component-mybatis-guice,1.0.4,-,-,?,-,false,-
com.talanlabs,component-mybatis-rsql,1.0.4,-,-,?,-,false,-
com.talanlabs,config-properties,2.0.0,-,-,?,-,false,-
com.talanlabs,guice-resteasy,1.0.0,-,-,?,-,false,-
com.talanlabs,guice-tools,1.0.0,-,-,?,-,false,-
com.talanlabs,guice-unit,1.0.0,-,-,?,-,false,-
com.talanlabs,jargs,1.0.0,-,-,?,-,false,-
com.talanlabs,java-gitlab-api,1.4.1,-,-,?,-,false,-
com.talanlabs,jlegofy,1.0.0,-,-,?,-,false,-
com.talanlabs,message-manager-engine,2.1.0,-,-,?,-,false,-
com.talanlabs,message-manager-example,2.1.0,-,-,?,-,false,-
com.talanlabs,message-manager-server,2.1.0,-,-,?,-,false,-
com.talanlabs,message-manager-shared,2.1.0,-,-,?,-,false,-
com.talanlabs,message-manager-supervision,2.1.0,-,-,?,-,false,-
com.talanlabs,process-manager-engine,1.2.0,-,-,?,-,false,-
com.talanlabs,process-manager-example,1.2.0,-,-,?,-,false,-
com.talanlabs,process-manager-messages-plugin,1.2.0,-,-,?,-,false,-
com.talanlabs,process-manager-rest,1.1.0,-,-,?,-,false,-
com.talanlabs,process-manager-rest-plugin,1.2.0,-,-,?,-,false,-
com.talanlabs,process-manager-shared,1.2.0,-,-,?,-,false,-
com.talanlabs,rsql-builder,1.0.0,-,-,?,-,false,-
com.talanlabs,rtext,1.1.0,-,-,?,-,false,-
com.talanlabs,sonar-gate-breaker,1.0.1,-,-,?,-,false,-
com.talanlabs,task-manager-component,1.5.0,-,-,?,-,false,-
com.talanlabs,task-manager-engine,1.5.0,-,-,?,-,false,-
com.talanlabs,task-manager-example,1.5.0,-,-,?,-,false,-
com.talanlabs,task-manager-jpa,1.5.0,-,-,?,-,false,-
com.talanlabs,task-manager-shared,1.5.0,-,-,?,-,false,-
com.talanlabs,try,1.0.0,-,-,?,-,false,-
com.talanlabs,type-adapters,1.0.0,-,-,?,-,false,-
com.torodb,build-resources,1.0.0,-,-,?,-,false,-
com.torodb.engine.backend,backend-common,0.50.2,-,-,?,-,false,-
com.torodb.engine.backend,backend-derby,0.50.2,-,-,?,-,false,-
com.torodb.engine.backend,backend-postgresql,0.50.2,-,-,?,-,false,-
com.torodb.engine.backend,test-tools,0.50.2,-,-,?,-,false,-
com.torodb.engine,common,0.50.2,-,-,?,-,false,-
com.torodb.engine,core,0.50.2,-,-,?,-,false,-
com.torodb.engine.kvdocument,json-converter,0.50.2,-,-,?,-,false,-
com.torodb.engine.kvdocument,kvdocument-core,0.50.2,-,-,?,-,false,-
com.torodb.engine.kvdocument,mongowp-converter,0.50.2,-,-,?,-,false,-
com.torodb.engine.mongodb,mongodb-core,0.50.2,-,-,?,-,false,-
com.torodb.engine.mongodb,repl,0.50.2,-,-,?,-,false,-
com.torodb.engine.mongodb,wp,0.50.2,-,-,?,-,false,-
com.torodb.engine,packaging-utils,0.50.2,-,-,?,-,false,-
com.torodb.engine,torod,0.50.2,-,-,?,-,false,-
com.torodb.mongowp.bson,bson-core,0.50.1,-,-,?,-,false,-
com.torodb.mongowp.bson,bson-netty,0.50.1,-,-,?,-,false,-
com.torodb.mongowp.bson,org-bson-utils,0.50.1,-,-,?,-,false,-
com.torodb.mongowp.client,core,0.50.1,-,-,?,-,false,-
com.torodb.mongowp.client,driver-wrapper,0.50.1,-,-,?,-,false,-
com.torodb.mongowp,mongowp-core,0.50.1,-,-,?,-,false,-
com.torodb.mongowp,server,0.50.1,-,-,?,-,false,-
com.weicoder,common,2.3.6.2,-,-,?,-,false,-
com.weicoder,core,2.3.6.2,-,-,?,-,false,-
com.weicoder,dao,2.3.6.2,-,-,?,-,false,-
com.weicoder,frame,2.3.6.2,-,-,?,-,false,-
com.weicoder,nosql,2.3.6.2,-,-,?,-,false,-
com.weicoder,outdated,2.3.6.2,-,-,?,-,false,-
com.weicoder,socket,2.3.6.2,-,-,?,-,false,-
com.weicoder,web,2.3.6.2,-,-,?,-,false,-
com.wilddog.location,wilddog-location-android,0.1.2,-,-,?,-,false,-
com.wilddog.sms,sms-client,1.0.1,-,-,?,-,false,-
com.wilddog,wilddog-auth-sdk,2.0.5-jdk1.7,-,-,?,-,false,-
com.wilddog,wilddog-client-jvm,0.6.8,-,-,?,-,false,-
com.wilddog,wildgeo,2.0.0,-,-,?,-,false,-
io.github.lamp-china.ledis,lamp-ledis-core,0.0.2,-,-,?,-,false,-
io.github.lamp-china.ledis,lamp-ledis-spring,0.0.2,-,-,?,-,false,-
org.eurekaclinical,eurekaclinical-protempa-client,2.0-Beta-1,-,-,?,-,false,-
org.eurekaclinical,protempa-bconfigs-ini4j-ini,5.0-Beta-12,-,-,?,-,false,-
org.eurekaclinical,protempa-bcp-serviceloader,5.0-Beta-12,-,-,?,-,false,-
org.eurekaclinical,protempa-bp-serviceloader,5.0-Beta-12,-,-,?,-,false,-
org.eurekaclinical,protempa-dsb-file,5.0-Beta-12,-,-,?,-,false,-
org.eurekaclinical,protempa-dsb-relationaldb,5.0-Beta-12,-,-,?,-,false,-
org.eurekaclinical,protempa-framework,5.0-Beta-12,-,-,?,-,false,-
org.eurekaclinical,protempa-ksb-protege,5.0-Beta-12,-,-,?,-,false,-
org.eurekaclinical,protempa-test-suite,5.0-Beta-12,-,-,?,-,false,-
