groupId,artifactId,version,moduleName,moduleVersion,moduleMode,moduleDependencies,jdepsToolError,jdepsViolations
cn.javaf.cq,database,1.0.0,-,-,?,-,false,com.sun.rowset.CachedRowSetImpl          Use javax.sql.rowset.RowSetProvider @since 1.7
cn.javaf.cq,json,1.0.0,-,-,?,-,false,-
cn.javaf.cq,servlet-database-json,1.0.0,-,-,?,-,false,com.sun.rowset.CachedRowSetImpl          Use javax.sql.rowset.RowSetProvider @since 1.7
com.github.jianliu,excel-poi,1.1,-,-,?,-,false,-
com.github.timofeevda,gwt-rxjs-jsinterop,5.5.11,-,-,?,-,false,-
com.google.apis,google-api-services-cloudbuild,v1-rev763-1.24.1,-,-,?,-,false,-
com.google.apis,google-api-services-cloudfunctions,v1-rev52-1.24.1,-,-,?,-,false,-
com.google.apis,google-api-services-gamesManagement,v1management-rev279-1.24.1,-,-,?,-,false,-
com.manydesigns,elements,4.2.4,-,-,?,-,false,-
com.manydesigns,portofino-admin,4.2.4,-,-,?,-,false,-
com.manydesigns,portofino-atmosphere,4.2.4,-,-,?,-,false,-
com.manydesigns,portofino-base,4.2.4,-,-,?,-,false,-
com.manydesigns,portofino-calendar,4.2.4,-,-,?,-,false,-
com.manydesigns,portofino-chart,4.2.4,-,-,?,-,false,-
com.manydesigns,portofino-crud,4.2.4,-,-,?,-,false,-
com.manydesigns,portofino-cryptography,4.2.4,-,-,?,-,false,-
com.manydesigns,portofino-database,4.2.4,-,-,?,-,false,-
com.manydesigns,portofino-db2,4.2.4,-,-,?,-,false,-
com.manydesigns,portofino-derby,4.2.4,-,-,?,-,false,-
com.manydesigns,portofino-gallery,4.2.4,-,-,?,-,false,-
com.manydesigns,portofino-googlecloudsql,4.2.4,-,-,?,-,false,-
com.manydesigns,portofino-h2,4.2.4,-,-,?,-,false,-
com.manydesigns,portofino-jersey,4.2.4,-,-,?,-,false,-
com.manydesigns,portofino-mail,4.2.4,-,-,?,-,false,-
com.manydesigns,portofino-map,4.2.4,-,-,?,-,false,-
com.manydesigns,portofino-model,4.2.4,-,-,?,-,false,-
com.manydesigns,portofino-mssql,4.2.4,-,-,?,-,false,-
com.manydesigns,portofino-mysql,4.2.4,-,-,?,-,false,-
com.manydesigns,portofino-openid,4.2.4,-,-,?,-,false,-
com.manydesigns,portofino-oracle,4.2.4,-,-,?,-,false,-
com.manydesigns,portofino-pageactions,4.2.4,-,-,?,-,false,-
com.manydesigns,portofino-postgresql,4.2.4,-,-,?,-,false,-
com.manydesigns,portofino-quartz,4.2.4,-,-,?,-,false,-
com.manydesigns,portofino-resteasy,4.2.4,-,-,?,-,false,-
com.manydesigns,portofino-stripes,4.2.4,-,-,?,-,false,-
com.manydesigns,portofino-theme,4.2.4,-,-,?,-,false,-
com.scireum,sirius-biz,7.0-rc6,-,-,?,-,false,-
io.atomicbits,scraml-gradle-plugin,0.8.3,-,-,?,-,false,-
io.atomicbits,scraml-maven-plugin,0.8.3,-,-,?,-,false,-
io.smartup.zipkin,zipkin-datadog-reporter-autoconfigure,1.0.1,-,-,?,-,false,-
io.smartup.zipkin,zipkin-datadog-reporter-core,1.0.1,-,-,?,-,false,-
io.smartup.zipkin,zipkin-datadog-reporter-starter,1.0.1,-,-,?,-,false,-
jp.co.yahoo.dataplatform.mds,multiple-dimension-spread-arrow,0.8.2.hive-1.2.1000.2.6.2.0-205,-,-,?,-,false,-
jp.co.yahoo.dataplatform.mds,multiple-dimension-spread-common,0.8.2.hive-1.2.1000.2.6.2.0-205,-,-,?,-,false,sun.misc.Unsafe                          See http://openjdk.java.net/jeps/260
jp.co.yahoo.dataplatform.mds,multiple-dimension-spread-example,0.8.2.hive-1.2.1000.2.6.2.0-205,-,-,?,-,false,-
jp.co.yahoo.dataplatform.mds,multiple-dimension-spread-hadoop,0.8.2.hive-1.2.1000.2.6.2.0-205,-,-,?,-,false,-
jp.co.yahoo.dataplatform.mds,multiple-dimension-spread-hive,0.8.2.hive-1.2.1000.2.6.2.0-205,-,-,?,-,false,-
jp.co.yahoo.dataplatform.mds,multiple-dimension-spread-legacy-maker,0.8.2.hive-1.2.1000.2.6.2.0-205,-,-,?,-,false,-
jp.co.yahoo.dataplatform.mds,multiple-dimension-spread-schema,0.8.2.hive-1.2.1000.2.6.2.0-205,-,-,?,-,false,-
net.oschina.j2cache,j2cache-spring-boot2-starter,2.4.3-release,-,-,?,-,false,-
net.oschina.j2cache,j2cache-spring-boot-starter,2.4.3-release,-,-,?,-,false,-
no.skatteetaten.aurora.springboot,aurora-spring-boot2-starter,1.2.3,-,-,?,-,false,-
no.skatteetaten.aurora.springboot,aurora-spring-boot-starter,3.7.3,-,-,?,-,false,-
org.sidao,kafka-logback-spring-boot-starter,1.1.0,-,-,?,-,false,-
org.springframework.session,spring-session-data-gemfire,2.0.5.RELEASE,spring.session.data.gemfire,-,automatic,-,false,-
org.springframework.session,spring-session-data-geode,2.0.5.RELEASE,spring.session.data.geode,-,automatic,-,false,-
org.tomitribe,tomitribe-http-signatures,1.1,-,-,?,-,false,-
org.vanilladb,core,0.3.2,-,-,?,-,false,-
