groupId,artifactId,version,moduleName,moduleVersion,moduleMode,moduleDependencies,jdepsToolError,jdepsViolations
ai.h2o,xgboost-predictor,0.3.1,-,-,?,-,false,-
cc.ccoke,validate-spring-boot-starter,0.3,-,-,?,-,false,-
com.geirsson,mdoc_2.12.6,0.4.0,-,-,?,-,false,-
com.geirsson,mdoc-runtime_2.12,0.4.0,-,-,?,-,false,-
com.google.apis,google-api-services-classroom,v1-rev194-1.23.0,-,-,?,-,false,-
com.hotels,waggle-dance-api,2.4.2,-,-,?,-,false,-
com.hotels,waggle-dance-core,2.4.2,-,-,?,-,false,-
com.hotels,waggle-dance-integration-tests,2.4.2,-,-,?,-,false,-
com.hotels,waggle-dance-rest,2.4.2,-,-,?,-,false,-
com.payintech,play-ebean_2.11,18.08,-,-,?,-,false,-
com.payintech,play-ebean_2.12,18.08,-,-,?,-,false,-
com.sksamuel.elastic4s,elastic4s-core_2.10,6.0.0-rc1,-,-,?,-,false,-
com.sksamuel.elastic4s,elastic4s-core_2.11,6.3.6,-,-,?,-,false,-
com.sksamuel.elastic4s,elastic4s-core_2.12,6.3.6,-,-,?,-,false,-
com.sksamuel.elastic4s,elastic4s-examples_2.11,2.4.1,-,-,?,-,false,-
com.sksamuel.elastic4s,elastic4s-examples_2.12,2.4.1,-,-,?,-,false,-
com.sksamuel.elastic4s,elastic4s-jackson_2.10,6.0.0-rc1,-,-,?,-,false,-
com.sksamuel.elastic4s,elastic4s-jackson_2.11,6.3.6,-,-,?,-,false,-
com.sksamuel.elastic4s,elastic4s-jackson_2.12,6.3.6,-,-,?,-,false,-
com.sksamuel.elastic4s,elastic4s-json4s_2.10,6.0.0-rc1,-,-,?,-,false,-
com.sksamuel.elastic4s,elastic4s-json4s_2.11,6.3.6,-,-,?,-,false,-
com.sksamuel.elastic4s,elastic4s-json4s_2.12,6.3.6,-,-,?,-,false,-
com.sksamuel.elastic4s,elastic4s-streams_2.11,5.6.6,-,-,?,-,false,-
com.sksamuel.elastic4s,elastic4s-streams_2.12,5.6.6,-,-,?,-,false,-
com.sksamuel.elastic4s,elastic4s-testkit_2.10,6.0.0-rc1,-,-,?,-,false,-
com.sksamuel.elastic4s,elastic4s-testkit_2.11,6.3.6,-,-,?,-,false,-
com.sksamuel.elastic4s,elastic4s-testkit_2.12,6.3.6,-,-,?,-,false,-
io.logz.sender,logzio-sender,1.0.12,-,-,?,-,false,sun.misc.Unsafe                          See http://openjdk.java.net/jeps/260
io.logz.sender,logzio-sender-test,1.0.12,-,-,?,-,false,-
jp.co.yahoo.dataplatform.mds,multiple-dimension-spread-arrow,0.8.2.hive-1.2.1000.2.6.2.0-205,-,-,?,-,false,-
jp.co.yahoo.dataplatform.mds,multiple-dimension-spread-common,0.8.2.hive-1.2.1000.2.6.2.0-205,-,-,?,-,false,sun.misc.Unsafe                          See http://openjdk.java.net/jeps/260
jp.co.yahoo.dataplatform.mds,multiple-dimension-spread-example,0.8.2.hive-1.2.1000.2.6.2.0-205,-,-,?,-,false,-
jp.co.yahoo.dataplatform.mds,multiple-dimension-spread-hadoop,0.8.2.hive-1.2.1000.2.6.2.0-205,-,-,?,-,false,-
jp.co.yahoo.dataplatform.mds,multiple-dimension-spread-hive,0.8.2.hive-1.2.1000.2.6.2.0-205,-,-,?,-,false,-
jp.co.yahoo.dataplatform.mds,multiple-dimension-spread-legacy-maker,0.8.2.hive-1.2.1000.2.6.2.0-205,-,-,?,-,false,-
jp.co.yahoo.dataplatform.mds,multiple-dimension-spread-schema,0.8.2.hive-1.2.1000.2.6.2.0-205,-,-,?,-,false,-
no.skatteetaten.aurora.springboot,aurora-spring-boot2-starter,1.2.3,-,-,?,-,false,-
no.skatteetaten.aurora.springboot,aurora-spring-boot-starter,3.7.3,-,-,?,-,false,-
org.pac4j,javalin-pac4j,1.0.0.RC0,-,-,?,-,false,-
org.springframework.session,spring-session-data-gemfire,2.0.5.RELEASE,spring.session.data.gemfire,-,automatic,-,false,-
org.springframework.session,spring-session-data-geode,2.0.5.RELEASE,spring.session.data.geode,-,automatic,-,false,-
