groupId,artifactId,version,moduleName,moduleVersion,moduleMode,moduleDependencies,jdepsToolError,jdepsViolations
ch.streamly,chronicle-flux,1.0.1,-,-,?,-,false,-
com.aliyun,aliyun-java-sdk-dds,2.0.1,-,-,?,-,false,-
com.bitplan.pdfindex,com.bitplan.pdfindex,0.0.11,-,-,?,-,false,-
com.gilt,gfc-aws-kinesis_2.11,0.17.3-RC1,-,-,?,-,false,-
com.gilt,gfc-aws-kinesis_2.12,0.17.3-RC1,-,-,?,-,false,-
com.gilt,gfc-aws-kinesis-akka_2.11,0.17.3-RC1,-,-,?,-,false,-
com.gilt,gfc-aws-kinesis-akka_2.12,0.17.3-RC1,-,-,?,-,false,-
com.github.transbankdevelopers,transbank-sdk-java,1.3.0,-,-,?,-,false,-
com.google.apis,google-api-services-youtubeAnalytics,v2-rev52-1.24.1,-,-,?,-,false,-
com.google.apis,google-api-services-youtubereporting,v1-rev538-1.24.1,-,-,?,-,false,-
com.graphaware.neo4j,recommendation-engine,3.4.6.52.11,-,-,?,-,false,-
com.gu.play-secret-rotation,aws-parameterstore_2.11,0.12,-,-,?,-,false,-
com.gu.play-secret-rotation,aws-parameterstore_2.12,0.12,-,-,?,-,false,-
com.gu.play-secret-rotation,aws-parameterstore-lambda_2.11,0.12,-,-,?,-,false,sun.misc.Unsafe                          See http://openjdk.java.net/jeps/260
com.gu.play-secret-rotation,aws-parameterstore-lambda_2.12,0.12,-,-,?,-,false,-
com.gu.play-secret-rotation,core_2.11,0.12,-,-,?,-,false,-
com.gu.play-secret-rotation,core_2.12,0.12,-,-,?,-,false,-
com.lightbend.paradox,paradox_2.10,0.4.0,-,-,?,-,false,-
com.lightbend.paradox,testkit_2.10,0.4.0,-,-,?,-,false,-
com.lihaoyi,ammonite_2.11.3,1.1.2-30-53edc31,-,-,?,-,false,-
com.lihaoyi,ammonite_2.11.4,1.1.2-30-53edc31,-,-,?,-,false,-
com.lihaoyi,ammonite_2.11.5,1.1.2-30-53edc31,-,-,?,-,false,-
com.lihaoyi,ammonite_2.11.6,1.1.2-30-53edc31,-,-,?,-,false,-
com.lihaoyi,ammonite_2.11.7,1.1.2-30-53edc31,-,-,?,-,false,-
com.lihaoyi,ammonite_2.11.8,1.1.2-30-53edc31,-,-,?,-,false,-
com.lihaoyi,ammonite-interp_2.11.3,1.1.2-30-53edc31,-,-,?,-,false,-
com.lihaoyi,ammonite-interp_2.11.4,1.1.2-30-53edc31,-,-,?,-,false,-
com.lihaoyi,ammonite-interp_2.11.5,1.1.2-30-53edc31,-,-,?,-,false,-
com.lihaoyi,ammonite-interp_2.11.6,1.1.2-30-53edc31,-,-,?,-,false,-
com.lihaoyi,ammonite-interp_2.11.7,1.1.2-30-53edc31,-,-,?,-,false,-
com.lihaoyi,ammonite-interp_2.11.8,1.1.2-30-53edc31,-,-,?,-,false,-
com.lihaoyi,ammonite-repl_2.11.3,1.1.2-30-53edc31,-,-,?,-,false,sun.misc.Signal                          See http://openjdk.java.net/jeps/260 + sun.misc.SignalHandler                   See http://openjdk.java.net/jeps/260
com.lihaoyi,ammonite-repl_2.11.4,1.1.2-30-53edc31,-,-,?,-,false,sun.misc.Signal                          See http://openjdk.java.net/jeps/260 + sun.misc.SignalHandler                   See http://openjdk.java.net/jeps/260
com.lihaoyi,ammonite-repl_2.11.5,1.1.2-30-53edc31,-,-,?,-,false,sun.misc.Signal                          See http://openjdk.java.net/jeps/260 + sun.misc.SignalHandler                   See http://openjdk.java.net/jeps/260
com.lihaoyi,ammonite-repl_2.11.6,1.1.2-30-53edc31,-,-,?,-,false,sun.misc.Signal                          See http://openjdk.java.net/jeps/260 + sun.misc.SignalHandler                   See http://openjdk.java.net/jeps/260
com.lihaoyi,ammonite-repl_2.11.7,1.1.2-30-53edc31,-,-,?,-,false,sun.misc.Signal                          See http://openjdk.java.net/jeps/260 + sun.misc.SignalHandler                   See http://openjdk.java.net/jeps/260
com.lihaoyi,ammonite-repl_2.11.8,1.1.2-30-53edc31,-,-,?,-,false,sun.misc.Signal                          See http://openjdk.java.net/jeps/260 + sun.misc.SignalHandler                   See http://openjdk.java.net/jeps/260
com.lihaoyi,ammonite-shell_2.11.3,1.1.2-30-53edc31,-,-,?,-,false,-
com.lihaoyi,ammonite-shell_2.11.4,1.1.2-30-53edc31,-,-,?,-,false,-
com.lihaoyi,ammonite-shell_2.11.5,1.1.2-30-53edc31,-,-,?,-,false,-
com.lihaoyi,ammonite-shell_2.11.6,1.1.2-30-53edc31,-,-,?,-,false,-
com.lihaoyi,ammonite-shell_2.11.7,1.1.2-30-53edc31,-,-,?,-,false,-
com.lihaoyi,ammonite-sshd_2.11.3,1.1.2-30-53edc31,-,-,?,-,false,-
com.lihaoyi,ammonite-sshd_2.11.4,1.1.2-30-53edc31,-,-,?,-,false,-
com.lihaoyi,ammonite-sshd_2.11.5,1.1.2-30-53edc31,-,-,?,-,false,-
com.lihaoyi,ammonite-sshd_2.11.6,1.1.2-30-53edc31,-,-,?,-,false,-
com.lihaoyi,ammonite-sshd_2.11.7,1.1.2-30-53edc31,-,-,?,-,false,-
com.lihaoyi,mill-contrib_2.12,0.2.6-25-e4d16b,-,-,?,-,false,-
com.lihaoyi,mill-contrib-buildinfo_2.12,0.2.6-25-e4d16b,-,-,?,-,false,-
com.lihaoyi,mill-contrib-scalapblib_2.12,0.2.6-25-e4d16b,-,-,?,-,false,-
com.lihaoyi,mill-contrib-testng,0.2.6-25-e4d16b,-,-,?,-,false,-
com.lihaoyi,mill-contrib-twirllib_2.12,0.2.6-25-e4d16b,-,-,?,-,false,-
com.lihaoyi,mill-dev_2.12,0.2.6-25-e4d16b,-,-,?,-,false,-
com.lihaoyi,mill-integration_2.12,2018-02-10T22-20-56-317Z-719ff8a6d79093d390b0d5ce7d01755e65fcd484,-,-,?,-,false,-
com.lihaoyi,mill-main_2.12,2018-02-10T22-20-56-317Z-719ff8a6d79093d390b0d5ce7d01755e65fcd484,-,-,?,-,false,-
com.lihaoyi,mill-main-client,0.2.6-25-e4d16b,-,-,?,-,false,-
com.lihaoyi,mill-main-core_2.12,0.2.6-25-e4d16b,-,-,?,-,false,-
com.lihaoyi,mill-main-graphviz_2.12,0.2.6-25-e4d16b,-,-,?,-,false,-
com.lihaoyi,mill-main-moduledefs_2.12,0.2.6-25-e4d16b,-,-,?,-,false,-
com.lihaoyi,mill-scalajslib_2.12,2018-02-10T22-20-56-317Z-719ff8a6d79093d390b0d5ce7d01755e65fcd484,-,-,?,-,false,-
com.lihaoyi,mill-scalajslib-worker-0.6_2.12,0.2.6-25-e4d16b,-,-,?,-,false,-
com.lihaoyi,mill-scalajslib-worker-1.0_2.12,0.2.6-25-e4d16b,-,-,?,-,false,-
com.lihaoyi,mill-scalalib_2.12,2018-02-10T22-20-56-317Z-719ff8a6d79093d390b0d5ce7d01755e65fcd484,-,-,?,-,false,-
com.lihaoyi,mill-scalalib-backgroundwrapper,0.2.6-25-e4d16b,-,-,?,-,false,-
com.lihaoyi,mill-scalalib-worker_2.12,0.2.6-25-e4d16b,-,-,?,-,false,-
com.lihaoyi,mill-scalanativelib_2.12,0.2.6-25-e4d16b,-,-,?,-,false,-
com.lihaoyi,mill-scalanativelib-worker-0.3_2.12,0.2.6-25-e4d16b,-,-,?,-,false,-
com.taobao.open-link-platform,miniapp-session-sdk,1.2,-,-,?,-,false,-
io.joynr,basemodel,1.5.0,-,-,?,-,false,-
io.joynr.java.common,access-control-common,1.5.0,-,-,?,-,false,-
io.joynr.java.common,discovery-common,1.5.0,-,-,?,-,false,-
io.joynr.java.common,guice-integration,1.5.0,-,-,?,-,false,-
io.joynr.java.common,infrastructure-common,1.5.0,-,-,?,-,false,-
io.joynr.java.common,status-metrics,1.5.0,-,-,?,-,false,-
io.joynr.java.core,clustercontroller,1.5.0,-,-,?,-,false,-
io.joynr.java.core,clustercontroller-inprocess-runtime,1.5.0,-,-,?,-,false,-
io.joynr.java.core,clustercontroller-websocket-runtime,1.5.0,-,-,?,-,false,-
io.joynr.java.core,libjoynr,1.5.0,-,-,?,-,false,-
io.joynr.java.core,libjoynr-websocket-runtime,1.5.0,-,-,?,-,false,-
io.joynr.java,integration-tests,1.5.0,-,-,?,-,false,-
io.joynr.java,javaapi,1.5.0,-,-,?,-,false,-
io.joynr.java,jeeintegration,1.5.0,-,-,?,-,false,-
io.joynr.java.messaging,bounceproxy-controller-service,1.5.0,-,-,?,-,false,-
io.joynr.java.messaging,channel-service,1.5.0,-,-,?,-,false,-
io.joynr.java.messaging,messaging-common,1.5.0,-,-,?,-,false,-
io.joynr.java.messaging,messaging-service,1.5.0,-,-,?,-,false,-
io.joynr.java.messaging.mqtt,joynr-mqtt-client,1.5.0,-,-,?,-,false,-
io.joynr.java.messaging,service-common,1.5.0,-,-,?,-,false,-
io.joynr.java.messaging,servlet-common,1.5.0,-,-,?,-,false,-
io.joynr.java.messaging.websocket,joynr-websocket-client,1.5.0,-,-,?,-,false,-
io.joynr.java.messaging.websocket,joynr-websocket-common,1.5.0,-,-,?,-,false,-
io.joynr.java.messaging.websocket,joynr-websocket-server,1.5.0,-,-,?,-,false,-
io.joynr.tools,build-resources,1.5.0,-,-,?,-,false,-
io.joynr.tools.generator,cpp-generator,1.5.0,-,-,?,-,false,-
io.joynr.tools.generator,dependency-libs,1.5.0,-,-,?,-,false,-
io.joynr.tools.generator,generator-framework,1.5.0,-,-,?,-,false,-
io.joynr.tools.generator,java-generator,1.5.0,-,-,?,-,false,-
io.joynr.tools.generator,joynr-generator-maven-plugin,1.5.0,-,-,?,-,false,-
io.joynr.tools.generator,joynr-generator-standalone,1.5.0,-,-,?,-,false,sun.misc.Unsafe                          See http://openjdk.java.net/jeps/260
io.joynr.tools.generator,js-generator,1.5.0,-,-,?,-,false,-
io.joynr.tools,license-check,1.5.0,-,-,?,-,false,-
nl.vpro,mediaconnect,0.2,-,-,?,-,false,-
org.openapitools,openapi-generator-gradle-plugin,3.2.2,-,-,?,-,false,-
org.slinkyframework.environment,slinky-common-docker,1.0.0,-,-,?,-,false,-
org.slinkyframework.environment,slinky-environment-builder,1.0.0,-,-,?,-,false,-
org.slinkyframework.environment,slinky-environment-builder-couchbase,1.0.0,-,-,?,-,false,-
org.slinkyframework.environment,slinky-environment-builder-liquibase,1.0.0,-,-,?,-,false,-
org.slinkyframework.environment,slinky-environment-builder-maven-plugin,1.0.0,-,-,?,-,false,-
org.slinkyframework.environment,slinky-environment-config-maven-plugin,1.0.0,-,-,?,-,false,-
