com.github.r4mz0r,db-worker,1.8,-,-,?,-,false,sun.security.krb5.Asn1Exception          Use com.sun.security.jgss + sun.security.krb5.Checksum               Use com.sun.security.jgss + sun.security.krb5.EncryptedData          Use com.sun.security.jgss + sun.security.krb5.EncryptionKey          Use com.sun.security.jgss + sun.security.krb5.KrbCryptoException     Use com.sun.security.jgss + sun.security.krb5.RealmException         Use com.sun.security.jgss + sun.security.krb5.internal.APReq         Use com.sun.security.jgss + sun.security.krb5.internal.Authenticator Use com.sun.security.jgss + sun.security.krb5.internal.KRBCred       Use com.sun.security.jgss + sun.security.krb5.internal.KdcErrException Use com.sun.security.jgss + sun.security.krb5.internal.KrbApErrException Use com.sun.security.jgss + sun.security.krb5.internal.Ticket        Use com.sun.security.jgss
ch.sharedvd.jaxb-plugins,xjc-non-null-getter,1.0.0,-,-,?,-,false,-
com.athaydes.gradle.osgi,osgi-run-core,1.6.0,-,-,?,-,false,-
com.athaydes.jgrab,jgrab-runner,1.1.1,-,-,?,-,false,-
com.athaydes.logfx,logfx,0.8.0,-,-,?,-,false,-
com.athaydes.osgiaas,osgiaas-autocomplete,0.7,-,-,?,-,false,-
com.athaydes.osgiaas,osgiaas-autoupdate-grabber,0.7,-,-,?,-,false,-
com.athaydes.osgiaas,osgiaas-cli-api,0.7,-,-,?,-,false,-
com.athaydes.osgiaas,osgiaas-cli-core,0.7,-,-,?,-,false,-
com.athaydes.osgiaas,osgiaas-cli-frege,0.7,-,-,?,-,false,-
com.athaydes.osgiaas,osgiaas-cli-grab,0.7,-,-,?,-,false,-
com.athaydes.osgiaas,osgiaas-cli-groovy,0.7,-,-,?,-,false,-
com.athaydes.osgiaas,osgiaas-cli-ivy,0.7,-,-,?,-,false,-
com.athaydes.osgiaas,osgiaas-cli-javac,0.8,-,-,?,-,false,-
com.athaydes.osgiaas,osgiaas-cli-js,0.7,-,-,?,-,false,-
com.athaydes.osgiaas,osgiaas-cli-scala,0.7,-,-,?,-,false,-
com.athaydes.osgiaas,osgiaas-common,0.7,-,-,?,-,false,-
com.athaydes.osgiaas,osgiaas-grab,0.7,-,-,?,-,false,-
com.athaydes.osgiaas,osgiaas-jar-wrap,0.7,-,-,?,-,false,-
com.athaydes.osgiaas,osgiaas-java-autocomplete,0.7,-,-,?,-,false,-
com.athaydes.osgiaas,osgiaas-javac,0.9,-,-,?,-,false,-
com.athaydes.pony.gradle,pony-gradle-plugin,0.2.0,-,-,?,-,false,-
com.athaydes.protobuf,protobuf-tcp-rpc,0.2.1,com.athaydes.protobuf_tcp_rpc,-,automatic,-,false,-
com.athaydes.protobuf,protobuf-tcp-rsa-provider,0.2.1,com.athaydes.protobuf_tcp_rsa_provider,-,automatic,-,false,-
com.athaydes.rawhttp,rawhttp-cli,0.9.2,-,-,?,-,false,-
com.athaydes.rawhttp,rawhttp-core,2.0-beta4,rawhttp.core,-,automatic,-,false,-
com.athaydes,spock-reports,1.6.0,com.athaydes.spock.reports,-,automatic,-,false,-
com.blossom-project,blossom-autoconfigure,1.1.0.M3,-,-,?,-,false,-
com.blossom-project,blossom-core-association-user-group,1.1.0.M3,-,-,?,-,false,-
com.blossom-project,blossom-core-association-user-role,1.1.0.M3,-,-,?,-,false,-
com.blossom-project,blossom-core-cache,1.1.0.M3,-,-,?,-,false,-
com.blossom-project,blossom-core-common,1.1.0.M3,-,-,?,-,false,-
com.blossom-project,blossom-core-crypto,1.1.0.M3,-,-,?,-,false,-
com.blossom-project,blossom-core-group,1.1.0.M3,-,-,?,-,false,-
com.blossom-project,blossom-core-role,1.1.0.M3,-,-,?,-,false,-
com.blossom-project,blossom-core-scheduler,1.1.0.M3,-,-,?,-,false,-
com.blossom-project,blossom-core-user,1.1.0.M3,-,-,?,-,false,-
com.blossom-project,blossom-core-validation,1.1.0.M3,-,-,?,-,false,-
com.blossom-project,blossom-module-articles,1.1.0.M3,-,-,?,-,false,-
com.blossom-project,blossom-module-bpmn,1.1.0.M3,-,-,?,-,false,-
com.blossom-project,blossom-module-filemanager,1.1.0.M3,-,-,?,-,false,-
com.blossom-project,blossom-starter-articles,1.1.0.M3,-,-,?,-,false,-
com.blossom-project,blossom-starter-basic,1.1.0.M3,-,-,?,-,false,-
com.blossom-project,blossom-starter-bpmn,1.1.0.M3,-,-,?,-,false,-
com.blossom-project,blossom-starter-filemanager,1.1.0.M3,-,-,?,-,false,-
com.blossom-project,blossom-starter-ui-api,1.1.0.M3,-,-,?,-,false,-
com.blossom-project,blossom-starter-ui-web,1.1.0.M3,-,-,?,-,false,-
com.blossom-project,blossom-ui-api,1.1.0.M3,-,-,?,-,false,-
com.blossom-project,blossom-ui-common,1.1.0.M3,-,-,?,-,false,-
com.blossom-project,blossom-ui-web,1.1.0.M3,-,-,?,-,false,-
com.blossom-project.tools,blossom-tools-simple-module-generator,1.1.0.M3,-,-,?,-,false,-
com.ccyblog.myfire,firebatis,0.0.2,-,-,?,-,false,-
com.github.0312birdzhang,Zabbix4j,0.1.9,-,-,?,-,false,-
com.github.abel533,ECharts,3.0.0.5,-,-,?,-,false,-
com.github.agilesteel,spells_2.10,2.1.0,-,-,?,-,false,-
com.github.agilesteel,spells_2.11,2.1.0,-,-,?,-,false,-
com.github.agilesteel,spells_2.12,2.1.0,-,-,?,-,false,-
com.github.aishfenton,argus_2.11,0.2.7,-,-,?,-,false,-
com.github.aishfenton,argus_2.12,0.2.7,-,-,?,-,false,-
com.github.alex-zuy.boilerplate,processor,1.0.1,-,-,?,-,false,sun.misc.Unsafe                          See http://openjdk.java.net/jeps/260
com.github.ansell.concurrent,jparallel,0.0.2,-,-,?,-,false,-
com.github.ansell.csv,csvstream,0.0.5,-,-,?,-,false,-
com.github.ansell.csv.sum,csvsum,0.6.0,-,-,?,-,false,-
com.github.ansell.dwca,dwca-utils,0.0.5,-,-,?,-,false,-
com.github.ansell.rdf4j-schema-generator,schema-generator,0.4.1,-,-,?,-,false,-
com.github.ansell.rdf4j-schema-generator,schema-generator-cli,0.4.1,-,-,?,-,false,-
com.github.ansell.rdf4j-schema-generator,schema-generator-maven-plugin,0.4.1,-,-,?,-,false,-
com.github.ansell.shp,shp-debug,0.0.7,-,-,?,-,false,-
com.github.ansell.shp,utm2wgs,0.0.3,-,-,?,-,false,-
com.github.bartlomiej-gora,RPNLibrary,3.2.2,-,-,?,-,false,-
com.github.biconou,AudioPlayer,0.2.5,-,-,?,-,false,-
com.github.billybichon,livegql,1.0,-,-,?,-,false,-
com.github.billybichon,rx-livegql,1.0,-,-,?,-,false,-
com.github.binarylei,demo-network,1.0,-,-,?,-,false,-
com.github.blackdark,jbehave-junit-runner,1.2.2.1,-,-,?,-,false,-
com.github.bogdan5555556,mrph-cucumber-steps-console-logger,1.0.7,-,-,?,-,false,-
com.github.datalking,mybatis-play-mvc,0.0.2,-,-,?,-,false,-
com.github.datalking,play-ioc,0.0.3,-,-,?,-,false,-
com.github.datalking,play-ioc-lite,0.1.1,-,-,?,-,false,-
com.github.datalking,play-mvc,0.1.1,-,-,?,-,false,-
com.github.dblock,oshi-core,3.4.0,-,-,?,-,false,-
com.github.dblock,oshi-dist,3.4.0,-,-,?,-,false,-
com.github.dblock,oshi-json,3.4.0,-,-,?,-,false,-
com.github.dcshock,consul-rest-client,1.1,-,-,?,-,false,-
com.github.dcshock,forklift,3.5,-,-,?,-,false,-
com.github.dcshock,forklift-activemq,3.5,-,-,?,-,false,-
com.github.dcshock,forklift-k,0.24,-,-,?,-,false,-
com.github.dcshock,forklift-k-activemq,0.12,-,-,?,-,false,-
com.github.dcshock,forklift-kafka,3.5,-,-,?,-,false,-
com.github.dcshock,forklift-k-kafka,0.1,-,-,?,-,false,-
com.github.dcshock,forklift-replay,3.5,-,-,?,-,false,-
com.github.dcshock,forklift-retry,3.5,-,-,?,-,false,-
com.github.dcshock,forklift-server,3.5,-,-,?,-,false,-
com.github.dcshock,forklift-stats,3.5,-,-,?,-,false,-
com.github.devnied,bit-lib4j,1.5.0,-,-,?,-,false,-
com.github.dotxyteam,metalizer,1.0.3,-,-,?,-,false,-
com.github.dotxyteam,reflection-ui,3.1.3,-,-,?,-,false,-
com.github.dotxyteam,swing-testing-toolkit,1.3.5,-,-,?,-,false,-
com.github.druidgreeneyes,rivet-core,1.0.5,-,-,?,-,false,-
com.github.ekryd.sortpom,sortpom-maven-plugin,2.8.0,-,-,?,-,false,-
com.github.ekryd.sortpom,sortpom-sorter,2.8.0,-,-,?,-,false,-
com.github.forwardloop,glicko2s_2.11,0.9.4,-,-,?,-,false,-
com.github.forwardloop,glicko2s_2.12,0.9.3,-,-,?,-,false,-
com.github.forwardloop,highrung-model_2.10,0.9.1,-,-,?,-,false,-
com.github.forwardloop,highrung-model_2.11,0.9.4,-,-,?,-,false,-
com.github.forwardloop,highrung-model_2.12,0.9.2,-,-,?,-,false,-
com.github.forwardloop,highrung-play_2.11,0.9.2,-,-,?,-,false,-
com.github.frederick-s,faker,0.0.1,-,-,?,-,false,-
com.github.friendlyjava,jpa-descriptor,1.2.0,-,-,?,-,false,-
com.github.friendlyjava,jpa-json-core,1.1.0,-,-,?,-,false,-
com.github.friendlyjava,jpa-json-jackson,1.1.0,-,-,?,-,false,-
com.github.gianttreelp,bukkitdependencyloader,0.5-b29,-,-,?,-,false,-
com.github.gianttreelp,bukkit-exposed-extensions,1.0,-,-,?,-,false,-
com.github.gianttreelp,gtlp-processing-ui,1.0.3.1,-,-,?,-,false,-
com.github.gianttreelp,gtlp-processing-utils,1.0.4.1,-,-,?,-,false,-
com.github.greatjapa,bigspin,1.0,-,-,?,-,false,-
com.github.greatjapa,heelflip,1.4,-,-,?,-,false,-
com.github.hermannpencole,nifi-deploy-config,1.1.35,-,-,?,-,false,sun.misc.Unsafe                          See http://openjdk.java.net/jeps/260 + sun.reflect.Reflection                   Use java.lang.StackWalker @since 9
com.github.hermannpencole,nifi-swagger-client,1.3.0.0,-,-,?,-,false,-
com.github.intraway,iway-snmp-jmeter-plugin,1.0.0,-,-,?,-,false,-
com.github.invictum,allure-invictum-integration,1.7,-,-,?,-,false,-
com.github.invictum,invictum-junit-archetype,1.7,-,-,?,-,false,-
com.github.invictum,invictum-test-core,1.7,-,-,?,-,false,-
com.github.invictum,invictum-test-hybris,1.7,-,-,?,-,false,-
com.github.invictum,invictum-test-jbehave,1.7,-,-,?,-,false,-
com.github.invictum,invictum-test-junit,1.7,-,-,?,-,false,-
com.github.invictum,serenity-allure-integration,1.0.0,-,-,?,-,false,-
com.github.invictum,serenity-reportportal-integration,1.2.0,-,-,?,-,false,-
com.github.ipfaffen,ovenbird-commons,1.0.1,-,-,?,-,false,-
com.github.ipfaffen,ovenbird-orm,1.0.1,-,-,?,-,false,-
com.github.ipfaffen,ovenbird-spring,1.0.1,-,-,?,-,false,-
com.github.javaparser,javaparser-core,3.6.18,com.github.javaparser.core,-,automatic,-,false,-
com.github.javaparser,javaparser-core-generators,3.6.18,-,-,?,-,false,-
com.github.javaparser,javaparser-core-serialization,3.6.18,-,-,?,-,false,-
com.github.javaparser,javaparser-generator-utils,3.1.0-beta.1,-,-,?,-,false,-
com.github.javaparser,javaparser-metamodel,3.1.0-beta.1,-,-,?,-,false,-
com.github.javaparser,javaparser-metamodel-generator,3.2.3,-,-,?,-,false,-
com.github.javaparser,javaparser-symbol-solver-core,3.6.18,com.github.javaparser.symbolsolver.core,-,automatic,-,false,-
com.github.javaparser,javaparser-symbol-solver-logic,3.6.18,com.github.javaparser.symbolsolver.logic,-,automatic,-,false,-
com.github.javaparser,javaparser-symbol-solver-model,3.6.18,com.github.javaparser.symbolsolver.model,-,automatic,-,false,-
com.github.javaparser,javaparser-testing,3.2.2,-,-,?,-,false,-
com.github.javaparser,java-symbol-solver-core,0.6.3,-,-,?,-,false,-
com.github.javaparser,java-symbol-solver-logic,0.6.3,-,-,?,-,false,-
com.github.javaparser,java-symbol-solver-model,0.6.3,-,-,?,-,false,-
com.github.jeffreyolchovy,sbt-fmpp-resolver_2.10,0.1.1,-,-,?,-,false,-
com.github.jeffreyolchovy,sbt-fmpp-resolver_2.12,0.1.1,-,-,?,-,false,-
com.github.jonahwh,tesla-api-client,1.3.2,-,-,?,-,false,-
com.github.kostasdrakonakis,android-navigator-annotations,1.2.3,-,-,?,-,false,-
com.github.kostasdrakonakis,android-navigator-compiler,1.2.3,-,-,?,-,false,-
com.github.kyzylsy,cryptography-helper,1.0.0,-,-,?,-,false,-
com.github.lant,DotDump,0.4,-,-,?,-,false,-
com.github.leopard2a5,result-flow,1.0.0,-,-,?,-,false,-
com.github.liyiorg,mbg-plugin,1.0.0-RC1,-,-,?,-,false,-
com.github.liyiorg,mbg-support,1.0.0-RC1,-,-,?,-,false,-
com.github.liyiorg,weixin-popular,2.8.22,-,-,?,-,false,-
com.github.mboogerd,mmap-all_2.12,0.1.1,-,-,?,-,false,-
com.github.mboogerd,mmap-api_2.12,0.1.1,-,-,?,-,false,-
com.github.mboogerd,mmap-mem_2.12,0.1.1,-,-,?,-,false,-
com.github.mickleroy,aem-sass-compiler,1.0.3,-,-,?,-,false,-
com.github.mictaege,doozer,1.5,-,-,?,-,false,-
com.github.mictaege,jitter-api,2018.7,-,-,?,-,false,-
com.github.mictaege,jitter-plugin,2018.7,-,-,?,-,false,-
com.github.mictaege,lenientfun,1.1,-,-,?,-,false,-
com.github.mictaege,spoon-gradle-plugin,2018.1,-,-,?,-,false,-
com.github.mrfrag,spring-data-mapdb,0.1.0,-,-,?,-,false,-
com.github.mrpowers,spark-fast-tests_2.11,2.3.0_0.11.0,-,-,?,-,false,-
com.github.nosan,embedded-cassandra,0.0.12,-,-,?,-,false,-
com.github.nosan,embedded-cassandra-junit,0.0.12,-,-,?,-,false,-
com.github.nosan,embedded-cassandra-jupiter,0.0.12,-,-,?,-,false,-
com.github.nosan,embedded-cassandra-spring,0.0.12,-,-,?,-,false,-
com.github.nosan,embedded-cassandra-testng,0.0.12,-,-,?,-,false,-
com.github.omnecon,loganalytics-logback-appender,0.0.1,-,-,?,-,false,-
com.github.ozlerhakan,poiji,1.16,-,-,?,-,false,-
com.github.paolodenti,telegram-logback,1.2.0,-,-,?,-,false,-
com.github.paolodenti,telegram-types,1.0.1,-,-,?,-,false,-
com.github.paolodenti,telegram-webhook-types,1.0.1,-,-,?,-,false,-
com.github.patwakeem,asm,2018.4.8,-,-,?,-,false,-
com.github.penemue,keap,0.2.2,-,-,?,-,false,-
com.github.pyloque,ormkids,0.0.4,-,-,?,-,false,-
com.github.pyloque,startup,0.0.1,-,-,?,-,false,-
com.github.r4mz0r,cryptoutil,1.0.5,-,-,?,-,false,-
com.github.raipc,log-event-consumer-api,0.1.0,-,-,?,-,false,-
com.github.raipc,log-event-consumer-logback,0.2.0,-,-,?,-,false,-
com.github.sakserv,hadoop-mini-clusters-activemq,0.1.14,-,-,?,-,false,-
com.github.sakserv,hadoop-mini-clusters-common,0.1.14,-,-,?,-,false,-
com.github.sakserv,hadoop-mini-clusters-hbase,0.1.14,-,-,?,-,false,sun.misc.Unsafe                          See http://openjdk.java.net/jeps/260
com.github.sakserv,hadoop-mini-clusters-hdfs,0.1.14,-,-,?,-,false,-
com.github.sakserv,hadoop-mini-clusters-hivemetastore,0.1.14,-,-,?,-,false,-
com.github.sakserv,hadoop-mini-clusters-hiveserver2,0.1.14,-,-,?,-,false,-
com.github.sakserv,hadoop-mini-clusters-hyperscaledb,0.1.14,-,-,?,-,false,-
com.github.sakserv,hadoop-mini-clusters-kafka,0.1.14,-,-,?,-,false,-
com.github.sakserv,hadoop-mini-clusters-kdc,0.1.14,-,-,?,-,false,-
com.github.sakserv,hadoop-mini-clusters-knox,0.1.14,-,-,?,-,false,-
com.github.sakserv,hadoop-mini-clusters-mapreduce,0.1.14,-,-,?,-,false,-
com.github.sakserv,hadoop-mini-clusters-mongodb,0.1.14,-,-,?,-,false,-
com.github.sakserv,hadoop-mini-clusters-oozie,0.1.14,-,-,?,-,false,-
com.github.sakserv,hadoop-mini-clusters-storm,0.1.14,-,-,?,-,false,-
com.github.sakserv,hadoop-mini-clusters-yarn,0.1.14,-,-,?,-,false,-
com.github.sakserv,hadoop-mini-clusters-zookeeper,0.1.14,-,-,?,-,false,-
com.github.seanyinx,unit-scaffolding,1.0.0,-,-,?,-,false,-
com.github.slech.dbmanager,dbmanager,0.1.0,-,-,?,-,false,-
com.github.spartatech,sparta-test-utils,0.8,-,-,?,-,false,-
com.github.spartatech,spring-web-utils-java8,1.4.1,-,-,?,-,false,-
com.github.spinalhdl,spinalhdl-core_2.11,1.1.6,-,-,?,-,false,-
com.github.spinalhdl,spinalhdl-core_2.12,1.1.5,-,-,?,-,false,-
com.github.spinalhdl,spinalhdl-lib_2.11,1.1.6,-,-,?,-,false,-
com.github.spinalhdl,spinalhdl-lib_2.12,1.1.5,-,-,?,-,false,-
com.github.spinalhdl,spinalhdl-sim_2.11,1.1.6,-,-,?,-,false,-
com.github.spinalhdl,spinalhdl-sim_2.12,1.1.5,-,-,?,-,false,-
com.github.stadler,hibernate-tools-maven-plugin,0.1.1,-,-,?,-,false,-
com.github.sulir,edigen,1.1,-,-,?,-,false,-
com.github.sulir,edigen-maven-plugin,1.1,-,-,?,-,false,-
com.github.sxlatgithub.javaglue,javaglue-core,0.0.1,-,-,?,-,false,-
com.github.sxlatgithub.javaglue,javaglue-ext-list,0.0.1,-,-,?,-,false,-
com.github.sxlatgithub.javaglue,javaglue-ext-object,0.0.1,-,-,?,-,false,-
com.github.sxlatgithub.javaglue,javaglue-ext-table,0.0.1,-,-,?,-,false,-
com.github.sxlatgithub.javaglue,javaglue-server,0.0.1,-,-,?,-,false,-
com.github.techguy-bhushan,xss.filter,1.0.2,-,-,?,-,false,-
com.github.timeloveboy,moehttpclient,0.0.1,-,-,?,-,false,-
com.github.timeloveboy,moeserver,0.1.1,-,-,?,-,false,-
com.github.timeloveboy,utils,0.1,-,-,?,-,false,-
com.github.ToolUtils,daoge-common,1.0.2,-,-,?,-,false,-
com.github.ToolUtils,daoge-wechat,1.0.2,-,-,?,-,false,-
com.github.wmifsud.sumo,sumo-logback-appender,1.1.0,-,-,?,-,false,-
com.github.xdcrafts,flower-core,1.4.1,-,-,?,-,false,-
com.github.xdcrafts,flower-spring,1.4.1,-,-,?,-,false,-
com.github.xdcrafts,flower-tools,1.4.1,-,-,?,-,false,-
com.github.xgp,fixml,5.0.SP2.1,-,-,?,-,false,-
com.github.zhuyizhuo,code-generator,1.3.0,-,-,?,-,false,-
com.github.zjzcn,esbatis,1.0.1,-,-,?,-,false,sun.reflect.annotation.AnnotationType    Removed. See http://openjdk.java.net/jeps/260
com.ifrabbit,mybatis-beetl-scripting,1.0.3.RELEASE,-,-,?,-,false,-
com.ifrabbit,spring-boot-starter-data-mybatis,1.0.17.RELEASE,-,-,?,-,false,-
com.ifrabbit,spring-data-mybatis,1.0.17.RELEASE,-,-,?,-,false,-
com.openthinks.libs,openlibs.easyweb,1.2.1,-,-,?,-,false,-
com.openthinks.libs,openlibs.i18n,2.0,-,-,?,-,false,-
com.openthinks.libs,openlibs.sql,2.0.1,-,-,?,-,false,-
com.openthinks.libs,openlibs.utilities,1.2.2,-,-,?,-,false,-
com.openthinks.libs,sql,2.0.1,-,-,?,-,false,-
com.openthinks.libs,utilities,1.2,-,-,?,-,false,-
com.openthinks.libs,zipdiffx,1.0.1,-,-,?,-,false,-
com.openthinks,openlibs.easyweb,1.2.1,-,-,?,-,false,-
com.openthinks.others,safaribook-getter,1.1,-,-,?,-,false,-
com.openthinks.others,webpage-keeper,1.0,-,-,?,-,false,-
com.openthinks,zipdiffx,1.0,-,-,?,-,false,-
io.symphonia,lambda-logging,1.0.2,-,-,?,-,false,-
io.symphonia,lambda-metrics,1.0.2,-,-,?,-,false,-
io.symphonia,lambda-metrics-maven-plugin,1.0.2,-,-,?,-,false,-
io.symphonia,lambda-monitoring-sample-project,1.0.2,-,-,?,-,false,sun.misc.Unsafe                          See http://openjdk.java.net/jeps/260 + sun.reflect.Reflection                   Use java.lang.StackWalker @since 9
org.facebook4j,facebook4j-core,2.4.12,-,-,?,-,false,-
org.jusecase,builders-generator,0.6.0,-,-,?,-,false,-
