groupId,artifactId,version,moduleName,moduleVersion,moduleMode,moduleDependencies,jdepsToolError,jdepsViolations
am.ik.yavi,yavi,0.0.5,-,-,?,-,false,-
com.google.api-ads,ads-lib,4.0.0,-,-,?,-,false,-
com.google.api-ads,ads-lib-appengine,4.0.0,-,-,?,-,false,-
com.google.api-ads,ads-lib-axis,4.0.0,-,-,?,-,false,-
com.google.api-ads,adwords-appengine,4.0.0,-,-,?,-,false,-
com.google.api-ads,adwords-axis,4.0.0,-,-,?,-,false,-
com.google.api-ads,dfp-appengine,4.0.0,-,-,?,-,false,-
com.google.api-ads,dfp-axis,4.0.0,-,-,?,-,false,-
com.google.apis,google-api-services-cloudtrace,v2-rev49-1.24.1,-,-,?,-,false,-
com.google.apis,google-api-services-servicemanagement,v1-rev409-1.24.1,-,-,?,-,false,-
com.google.apis,google-api-services-serviceuser,v1-rev72-1.24.1,-,-,?,-,false,-
com.google.apis,google-api-services-youtubeAnalytics,v2-rev53-1.24.1,-,-,?,-,false,-
com.groupbyinc,api-java-flux,2.5.133,-,-,?,-,false,-
com.liferay,com.liferay.registry.impl,1.0.3,-,-,?,-,false,-
com.salesforce.servicelibs,proto-backwards-compatibility,1.0.1,-,-,?,-,false,-
edu.berkeley.cs,chisel-iotesters_2.11,1.2.3,-,-,?,-,false,-
edu.berkeley.cs,chisel-iotesters_2.12,1.2.3,-,-,?,-,false,-
io.paradoxical,docker-client,1.26,-,-,?,-,false,-
org.valiktor,valiktor-core,0.2.0,-,-,?,-,false,-
org.valiktor,valiktor-javamoney,0.2.0,-,-,?,-,false,-
org.valiktor,valiktor-javatime,0.2.0,-,-,?,-,false,-
org.valiktor,valiktor-spring,0.2.0,-,-,?,-,false,-
org.valiktor,valiktor-spring-boot-autoconfigure,0.2.0,-,-,?,-,false,-
org.valiktor,valiktor-spring-boot-starter,0.2.0,-,-,?,-,false,-
org.virtuslab,play-slick-configuration_2.11,2.1.0,-,-,?,-,false,-
