groupId,artifactId,version,moduleName,moduleVersion,moduleMode,moduleDependencies,jdepsToolError,jdepsViolations
cc.protea.foundation.http,http,0.2.3,-,-,?,-,false,-
com.anubhavshukla,properties-to-yaml-converter,1.0.1,-,-,?,-,false,-
com.google.apis,google-api-services-admin-directory,directory_v1-rev103-1.25.0,-,-,?,-,false,-
com.google.apis,google-api-services-appsactivity,v1-rev177-1.25.0,-,-,?,-,false,-
com.google.apis,google-api-services-bigquerydatatransfer,v1-rev82-1.25.0,-,-,?,-,false,-
com.google.apis,google-api-services-bigquery,v2-rev402-1.25.0,-,-,?,-,false,-
com.google.apis,google-api-services-binaryauthorization,v1beta1-rev2-1.25.0,-,-,?,-,false,-
com.google.apis,google-api-services-blogger,v3-rev61-1.25.0,-,-,?,-,false,-
com.google.apis,google-api-services-books,v1-rev103-1.25.0,-,-,?,-,false,-
com.google.apis,google-api-services-calendar,v3-rev337-1.25.0,-,-,?,-,false,-
com.google.apis,google-api-services-chat,v1-rev32-1.25.0,-,-,?,-,false,-
com.google.apis,google-api-services-civicinfo,v2-rev33-1.25.0,-,-,?,-,false,-
com.google.apis,google-api-services-classroom,v1-rev196-1.25.0,-,-,?,-,false,-
com.google.apis,google-api-services-cloudbilling,v1-rev23-1.25.0,-,-,?,-,false,-
com.google.apis,google-api-services-cloudbuild,v1-rev763-1.25.0,-,-,?,-,false,-
com.google.apis,google-api-services-clouddebugger,v2-rev253-1.25.0,-,-,?,-,false,-
com.google.apis,google-api-services-clouderrorreporting,v1beta1-rev303-1.25.0,-,-,?,-,false,-
com.google.apis,google-api-services-cloudfunctions,v1-rev52-1.25.0,-,-,?,-,false,-
com.google.apis,google-api-services-cloudiot,v1-rev20170922-1.22.0,-,-,?,-,false,-
com.google.apis,google-api-services-cloudkms,v1-rev60-1.25.0,-,-,?,-,false,-
com.google.apis,google-api-services-cloudprofiler,v2-rev7-1.24.1,-,-,?,-,false,-
com.google.apis,google-api-services-cloudresourcemanager,v2-rev29-1.25.0,-,-,?,-,false,-
com.googlecode.aic-expresso,aic-expresso,1.3.3,-,-,?,-,false,-
com.googlecode.cernunnos,cernunnos,1.4.0,-,-,?,-,false,-
com.googlecode.concurrent-trees,concurrent-trees,2.6.1,-,-,?,-,false,-
com.googlecode.dummyjdbc,dummyjdbc,1.3.0,-,-,?,-,false,-
com.googlecode.gwt-test-utils,gwt-test-utils,0.53,-,-,?,-,false,-
com.googlecode.gwt-test-utils,gwt-test-utils-csv,0.53,-,-,?,-,false,-
com.googlecode.jdbw,jdbw,1.0.3,-,-,?,-,false,-
com.googlecode.jfreesane,jfreesane,0.98,-,-,?,-,false,-
com.googlecode.jweb1t,com.googlecode.jweb1t,1.4.0,-,-,?,-,false,-
com.googlecode.luceneappengine,luceneappengine,4.2.0,-,-,?,-,false,-
com.googlecode.objectify,objectify,6.0.1,-,-,?,-,false,-
com.googlecode.objectify,objectify-insight,1.0.5,-,-,?,-,false,-
com.googlecode.openbox,common,2.1.6,-,-,?,-,false,-
com.googlecode.openbox,config,2.1.6,-,-,?,-,false,-
com.googlecode.openbox,cors,2.1.6,-,-,?,-,false,-
com.googlecode.openbox,dbclient,2.1.6,-,-,?,-,false,-
com.googlecode.openbox,demo_performancetest,2.1.6,-,-,?,-,false,-
com.googlecode.openbox,demo_restfulclient,2.1.6,-,-,?,-,false,-
com.googlecode.openbox,http,2.1.6,-,-,?,-,false,-
com.googlecode.openbox,jsonpool,2.1.6,-,-,?,-,false,-
com.googlecode.openbox,log,2.1.6,-,-,?,-,false,-
com.googlecode.openbox,maventools,2.1.6,-,-,?,-,false,-
com.googlecode.openbox,phone,2.1.6,-,-,?,-,false,-
com.googlecode.openbox,ssh,2.1.6,-,-,?,-,false,-
com.googlecode.openbox,testu,2.1.6,-,-,?,-,false,-
com.googlecode.openbox,webcontainer,2.1.6,-,-,?,-,false,-
com.googlecode.openbox,webui,2.1.6,-,-,?,-,false,-
com.googlecode.openbox,xtools,2.1.6,-,-,?,-,false,-
com.googlecode.page-component,page-component,1.3.3,-,-,?,-,false,-
com.googlecode.paradoxdriver,paradoxdriver,1.3,-,-,?,-,false,-
com.googlecode.scalascriptengine,scalascriptengine_2.12,1.3.11,-,-,?,-,false,-
com.googlecode.siren4j,siren4j,2.1.0,-,-,?,-,false,-
com.googlecode.wicket-jquery-ui,wicket-jquery-ui-calendar,8.0.0,-,-,?,-,false,-
com.googlecode.wicket-jquery-ui,wicket-jquery-ui-core,8.0.0,-,-,?,-,false,-
com.googlecode.wicket-jquery-ui,wicket-jquery-ui-plugins,8.0.0,-,-,?,-,false,-
com.googlecode.wicket-jquery-ui,wicket-jquery-ui-theme-base,8.0.0,-,-,?,-,false,-
com.googlecode.wicket-jquery-ui,wicket-jquery-ui-theme-blacktie,8.0.0,-,-,?,-,false,-
com.googlecode.wicket-jquery-ui,wicket-jquery-ui-theme-blitzer,8.0.0,-,-,?,-,false,-
com.googlecode.wicket-jquery-ui,wicket-jquery-ui-theme-cupertino,8.0.0,-,-,?,-,false,-
com.googlecode.wicket-jquery-ui,wicket-jquery-ui-theme-darkhive,8.0.0,-,-,?,-,false,-
com.googlecode.wicket-jquery-ui,wicket-jquery-ui-theme-dotluv,8.0.0,-,-,?,-,false,-
com.googlecode.wicket-jquery-ui,wicket-jquery-ui-theme-eggplant,8.0.0,-,-,?,-,false,-
com.googlecode.wicket-jquery-ui,wicket-jquery-ui-theme-excitebike,8.0.0,-,-,?,-,false,-
com.googlecode.wicket-jquery-ui,wicket-jquery-ui-theme-flick,8.0.0,-,-,?,-,false,-
com.googlecode.wicket-jquery-ui,wicket-jquery-ui-theme-hotsneaks,8.0.0,-,-,?,-,false,-
com.googlecode.wicket-jquery-ui,wicket-jquery-ui-theme-humanity,8.0.0,-,-,?,-,false,-
com.googlecode.wicket-jquery-ui,wicket-jquery-ui-theme-lefrog,8.0.0,-,-,?,-,false,-
com.googlecode.wicket-jquery-ui,wicket-jquery-ui-theme-mintchoc,8.0.0,-,-,?,-,false,-
com.googlecode.wicket-jquery-ui,wicket-jquery-ui-theme-overcast,8.0.0,-,-,?,-,false,-
com.googlecode.wicket-jquery-ui,wicket-jquery-ui-theme-peppergrinder,8.0.0,-,-,?,-,false,-
com.googlecode.wicket-jquery-ui,wicket-jquery-ui-theme-redmond,8.0.0,-,-,?,-,false,-
com.googlecode.wicket-jquery-ui,wicket-jquery-ui-theme-southstreet,8.0.0,-,-,?,-,false,-
com.googlecode.wicket-jquery-ui,wicket-jquery-ui-theme-start,8.0.0,-,-,?,-,false,-
com.googlecode.wicket-jquery-ui,wicket-jquery-ui-theme-sunny,8.0.0,-,-,?,-,false,-
com.googlecode.wicket-jquery-ui,wicket-jquery-ui-theme-swankypurse,8.0.0,-,-,?,-,false,-
com.googlecode.wicket-jquery-ui,wicket-jquery-ui-theme-trontastic,8.0.0,-,-,?,-,false,-
com.googlecode.wicket-jquery-ui,wicket-jquery-ui-theme-uidarkness,8.0.0,-,-,?,-,false,-
com.googlecode.wicket-jquery-ui,wicket-jquery-ui-theme-uilightness,8.0.0,-,-,?,-,false,-
com.googlecode.wicket-jquery-ui,wicket-jquery-ui-theme-vader,8.0.0,-,-,?,-,false,-
com.googlecode.wicket-jquery-ui,wicket-kendo-ui,8.0.0,-,-,?,-,false,-
com.googlecode.wicket-jquery-ui,wicket-kendo-ui-culture,8.0.0,-,-,?,-,false,-
com.googlecode.wicket-jquery-ui,wicket-kendo-ui-theme-black,8.0.0,-,-,?,-,false,-
com.googlecode.wicket-jquery-ui,wicket-kendo-ui-theme-blueopal,8.0.0,-,-,?,-,false,-
com.googlecode.wicket-jquery-ui,wicket-kendo-ui-theme-bootstrap,8.0.0,-,-,?,-,false,-
com.googlecode.wicket-jquery-ui,wicket-kendo-ui-theme-default,8.0.0,-,-,?,-,false,-
com.googlecode.wicket-jquery-ui,wicket-kendo-ui-theme-fiori,8.0.0,-,-,?,-,false,-
com.googlecode.wicket-jquery-ui,wicket-kendo-ui-theme-flat,8.0.0,-,-,?,-,false,-
com.googlecode.wicket-jquery-ui,wicket-kendo-ui-theme-highcontrast,8.0.0,-,-,?,-,false,-
com.googlecode.wicket-jquery-ui,wicket-kendo-ui-theme-material,8.0.0,-,-,?,-,false,-
com.googlecode.wicket-jquery-ui,wicket-kendo-ui-theme-materialblack,8.0.0,-,-,?,-,false,-
com.googlecode.wicket-jquery-ui,wicket-kendo-ui-theme-metro,8.0.0,-,-,?,-,false,-
com.googlecode.wicket-jquery-ui,wicket-kendo-ui-theme-metroblack,8.0.0,-,-,?,-,false,-
com.googlecode.wicket-jquery-ui,wicket-kendo-ui-theme-moonlight,8.0.0,-,-,?,-,false,-
com.googlecode.wicket-jquery-ui,wicket-kendo-ui-theme-nova,8.0.0,-,-,?,-,false,-
com.googlecode.wicket-jquery-ui,wicket-kendo-ui-theme-office365,8.0.0,-,-,?,-,false,-
com.googlecode.wicket-jquery-ui,wicket-kendo-ui-theme-silver,8.0.0,-,-,?,-,false,-
com.googlecode.wicket-jquery-ui,wicket-kendo-ui-theme-uniform,8.0.0,-,-,?,-,false,-
com.googlecode.xades4j,xades4j,1.4.1,-,-,?,-,false,-
com.googlecode.xmemcached,xmemcached,2.4.5,-,-,?,-,false,-
com.imsweb,staging-algorithm-cs,02.05.50.1,-,-,?,-,false,-
com.liferay,com.liferay.asset.publisher.web,1.3.6,-,-,?,-,false,-
com.liferay,com.liferay.dynamic.data.mapping.form.field.type,2.0.5,-,-,?,-,false,-
com.liferay,com.liferay.exportimport.service,3.3.0,-,-,?,-,false,-
com.liferay,com.liferay.frontend.editor.lang,1.0.2,-,-,?,-,false,-
com.liferay,com.liferay.layout.admin.web,1.0.18,-,-,?,-,false,-
com.liferay,com.liferay.petra.doulos,3.2.3,-,-,?,-,false,sun.misc.Unsafe                          See http://openjdk.java.net/jeps/260
com.liferay,com.liferay.petra.mail,1.0.5,-,-,?,-,false,-
com.liferay,com.liferay.polls.service,3.0.10,-,-,?,-,false,-
com.liferay.portal,com.liferay.portal.impl,2.24.0,-,-,?,-,false,-
com.seleniumtests,seleniumtestsframework,5.8,-,-,?,-,false,-
io.zonky.test.postgres,embedded-postgres-binaries-darwin-amd64,10.4.0,-,-,?,-,false,-
io.zonky.test.postgres,embedded-postgres-binaries-linux-amd64,10.4.0,-,-,?,-,false,-
io.zonky.test.postgres,embedded-postgres-binaries-linux-amd64-alpine,10.4.0,-,-,?,-,false,-
io.zonky.test.postgres,embedded-postgres-binaries-linux-arm32v6,10.4.0,-,-,?,-,false,-
io.zonky.test.postgres,embedded-postgres-binaries-linux-arm32v6-alpine,10.4.0,-,-,?,-,false,-
io.zonky.test.postgres,embedded-postgres-binaries-linux-arm32v7,10.4.0,-,-,?,-,false,-
io.zonky.test.postgres,embedded-postgres-binaries-linux-arm64v8,10.4.0,-,-,?,-,false,-
io.zonky.test.postgres,embedded-postgres-binaries-linux-arm64v8-alpine,10.4.0,-,-,?,-,false,-
io.zonky.test.postgres,embedded-postgres-binaries-linux-i386,10.4.0,-,-,?,-,false,-
io.zonky.test.postgres,embedded-postgres-binaries-linux-i386-alpine,10.4.0,-,-,?,-,false,-
io.zonky.test.postgres,embedded-postgres-binaries-linux-ppc64le,10.4.0,-,-,?,-,false,-
io.zonky.test.postgres,embedded-postgres-binaries-linux-ppc64le-alpine,10.4.0,-,-,?,-,false,-
io.zonky.test.postgres,embedded-postgres-binaries-windows-amd64,10.4.0,-,-,?,-,false,-
io.zonky.test.postgres,embedded-postgres-binaries-windows-i386,10.4.0,-,-,?,-,false,-
org.akka-js,akkajsactorstreamtyped_sjs0.6_2.11,1.2.5.15,-,-,?,-,false,-
org.akka-js,akkajsactorstreamtyped_sjs0.6_2.12,1.2.5.15,-,-,?,-,false,-
org.akka-js,akkajsactortyped_sjs0.6_2.11,1.2.5.15,-,-,?,-,false,-
org.akka-js,akkajsactortyped_sjs0.6_2.12,1.2.5.15,-,-,?,-,false,-
org.akka-js,akkajsstreamtestkit_sjs0.6_2.11,1.2.5.15,-,-,?,-,false,-
org.akka-js,akkajsstreamtestkit_sjs0.6_2.12,1.2.5.15,-,-,?,-,false,-
org.akka-js,akkajstypedtestkit_sjs0.6_2.11,1.2.5.15,-,-,?,-,false,-
org.akka-js,akkajstypedtestkit_sjs0.6_2.12,1.2.5.15,-,-,?,-,false,-
org.jooby,jooby,1.5.1,-,-,?,-,false,-
org.jooby,jooby-akka,1.5.1,-,-,?,-,false,-
org.jooby,jooby-apitool,1.5.1,-,-,?,-,false,-
org.jooby,jooby-assets,1.5.1,-,-,?,-,false,-
org.jooby,jooby-assets-autoprefixer,1.5.1,-,-,?,-,false,-
org.jooby,jooby-assets-babel,1.5.1,-,-,?,-,false,-
org.jooby,jooby-assets-clean-css,1.5.1,-,-,?,-,false,-
org.jooby,jooby-assets-closure-compiler,1.5.1,-,-,?,-,false,-
org.jooby,jooby-assets-csslint,1.5.1,-,-,?,-,false,-
org.jooby,jooby-assets-j2v8,1.5.1,-,-,?,-,false,-
org.jooby,jooby-assets-jscs,1.5.1,-,-,?,-,false,-
org.jooby,jooby-assets-jshint,1.5.1,-,-,?,-,false,-
org.jooby,jooby-assets-less,1.5.1,-,-,?,-,false,-
org.jooby,jooby-assets-less4j,1.5.1,-,-,?,-,false,-
org.jooby,jooby-assets-ng-annotate,1.5.1,-,-,?,-,false,-
org.jooby,jooby-assets-nodejs,1.5.1,-,-,?,-,false,-
org.jooby,jooby-assets-requirejs,1.5.1,-,-,?,-,false,-
org.jooby,jooby-assets-rollup,1.5.1,-,-,?,-,false,-
org.jooby,jooby-assets-sass,1.5.1,-,-,?,-,false,-
org.jooby,jooby-assets-svg-sprites,1.5.1,-,-,?,-,false,-
org.jooby,jooby-assets-svg-symbol,1.5.1,-,-,?,-,false,-
org.jooby,jooby-assets-uglify,1.5.1,-,-,?,-,false,-
org.jooby,jooby-assets-yui-compressor,1.5.1,-,-,?,-,false,-
org.jooby,jooby-aws,1.5.1,-,-,?,-,false,-
org.jooby,jooby-banner,1.5.1,-,-,?,-,false,-
org.jooby,jooby-caffeine,1.5.1,-,-,?,-,false,-
org.jooby,jooby-camel,1.5.1,-,-,?,-,false,-
org.jooby,jooby-cassandra,1.5.1,-,-,?,-,false,-
org.jooby,jooby-commons-email,1.5.1,-,-,?,-,false,-
org.jooby,jooby-consul,1.5.1,-,-,?,-,false,-
org.jooby,jooby-couchbase,1.5.1,-,-,?,-,false,-
org.jooby,jooby-crash,1.5.1,-,-,?,-,false,-
org.jooby,jooby-csl,1.5.1,-,-,?,-,false,-
org.jooby,jooby-dist,1.5.1,-,-,?,-,false,-
org.jooby,jooby-ebean,1.5.1,-,-,?,-,false,-
org.jooby,jooby-ehcache,1.5.1,-,-,?,-,false,-
org.jooby,jooby-elasticsearch,1.5.1,-,-,?,-,false,-
org.jooby,jooby-eventbus,1.5.1,-,-,?,-,false,-
org.jooby,jooby-executor,1.5.1,-,-,?,-,false,-
org.jooby,jooby-filewatcher,1.5.1,-,-,?,-,false,-
org.jooby,jooby-flyway,1.5.1,-,-,?,-,false,-
org.jooby,jooby-frontend,1.5.1,-,-,?,-,false,-
org.jooby,jooby-ftl,1.5.1,-,-,?,-,false,-
org.jooby,jooby-gradle-plugin,1.5.1,-,-,?,-,false,-
org.jooby,jooby-gson,1.5.1,-,-,?,-,false,-
org.jooby,jooby-guava-cache,1.5.1,-,-,?,-,false,-
org.jooby,jooby-hazelcast,1.5.1,-,-,?,-,false,-
org.jooby,jooby-hbm,1.5.1,-,-,?,-,false,-
org.jooby,jooby-hbs,1.5.1,-,-,?,-,false,-
org.jooby,jooby-hbv,1.5.1,-,-,?,-,false,-
org.jooby,jooby-jackson,1.5.1,-,-,?,-,false,-
org.jooby,jooby-jade,1.5.1,-,-,?,-,false,-
org.jooby,jooby-jdbc,1.5.1,-,-,?,-,false,-
org.jooby,jooby-jdbi,1.5.1,-,-,?,-,false,-
org.jooby,jooby-jdbi3,1.5.1,-,-,?,-,false,-
org.jooby,jooby-jedis,1.5.1,-,-,?,-,false,-
org.jooby,jooby-jetty,1.5.1,-,-,?,-,false,-
org.jooby,jooby-jongo,1.5.1,-,-,?,-,false,-
org.jooby,jooby-jooq,1.5.1,-,-,?,-,false,-
org.jooby,jooby-lang-kotlin,1.5.1,-,-,?,-,false,-
org.jooby,jooby-livereload,1.5.1,-,-,?,-,false,-
org.jooby,jooby-maven-plugin,1.5.1,-,-,?,-,false,-
org.jooby,jooby-metrics,1.5.1,-,-,?,-,false,-
org.jooby,jooby-micrometer,1.5.1,-,-,?,-,false,-
org.jooby,jooby-mongodb,1.5.1,-,-,?,-,false,-
org.jooby,jooby-mongodb-rx,1.5.1,-,-,?,-,false,-
org.jooby,jooby-morphia,1.5.1,-,-,?,-,false,-
org.jooby,jooby-neo4j,1.5.1,-,-,?,-,false,-
org.jooby,jooby-netty,1.5.1,-,-,?,-,false,-
org.jooby,jooby-pac4j,1.5.1,-,-,?,-,false,-
org.jooby,jooby-pac4j2,1.5.1,-,-,?,-,false,-
org.jooby,jooby-pebble,1.5.1,-,-,?,-,false,-
org.jooby,jooby-quartz,1.5.1,-,-,?,-,false,-
org.jooby,jooby-querydsl,1.5.1,-,-,?,-,false,-
org.jooby,jooby-reactor,1.5.1,-,-,?,-,false,-
org.jooby,jooby-requery,1.5.1,-,-,?,-,false,-
org.jooby,jooby-rocker,1.5.1,-,-,?,-,false,-
org.jooby,jooby-run,1.5.1,-,-,?,-,false,-
org.jooby,jooby-rxjava,1.5.1,-,-,?,-,false,-
org.jooby,jooby-rxjava-jdbc,1.5.1,-,-,?,-,false,-
org.jooby,jooby-scanner,1.5.1,-,-,?,-,false,-
org.jooby,jooby-servlet,1.5.1,-,-,?,-,false,-
org.jooby,jooby-sitemap,1.5.1,-,-,?,-,false,-
org.jooby,jooby-spymemcached,1.5.1,-,-,?,-,false,-
org.jooby,jooby-thymeleaf,1.5.1,-,-,?,-,false,-
org.jooby,jooby-unbescape,1.5.1,-,-,?,-,false,-
org.jooby,jooby-undertow,1.5.1,-,-,?,-,false,-
org.jooby,jooby-whoops,1.5.1,-,-,?,-,false,-
