groupId,artifactId,version,moduleName,moduleVersion,moduleMode,moduleDependencies,jdepsToolError,jdepsViolations
org.ow2.asm,asm,6.2.1,org.objectweb.asm,6.2.1,explicit,java.base,false,-
org.ow2.asm,asm-all,6.0_BETA,org.objectweb.asm.all,6.0_BETA,explicit,java.xml + java.base,false,-
org.ow2.asm,asm-analysis,6.2.1,org.objectweb.asm.tree.analysis,6.2.1,explicit,java.base + org.objectweb.asm.tree,true,-
org.ow2.asm,asm-commons,6.2.1,org.objectweb.asm.commons,6.2.1,explicit,org.objectweb.asm + java.base + org.objectweb.asm.tree.analysis + org.objectweb.asm.tree,true,-
org.ow2.asm,asm-debug-all,6.0_BETA,org.objectweb.asm.all.debug,6.0_BETA,explicit,java.xml + java.base,false,-
org.ow2.asm,asm-tree,6.2.1,org.objectweb.asm.tree,6.2.1,explicit,org.objectweb.asm + java.base,true,-
org.ow2.asm,asm-util,6.2.1,org.objectweb.asm.util,6.2.1,explicit,org.objectweb.asm + java.base + org.objectweb.asm.tree.analysis + org.objectweb.asm.tree,true,-
org.ow2.asm,asm-xml,6.2.1,org.objectweb.asm.xml,6.2.1,explicit,org.objectweb.asm + java.base + org.objectweb.asm.util,true,-
org.ow2.clif,clif-api,3.0.1,-,-,?,-,false,-
org.ow2.easycommons,easycommons-stream,1.4.0,-,-,?,-,false,-
org.ow2.petals,camel-petals,1.2.0,-,-,?,-,false,-
org.ow2.petals.flowable,flowable-bpmn-converter,6.2.1-PETALS-0,-,-,?,-,false,-
org.ow2.petals.flowable,flowable-bpmn-layout,6.2.1-PETALS-0,-,-,?,-,false,-
org.ow2.petals.flowable,flowable-bpmn-model,6.2.1-PETALS-0,-,-,?,-,false,-
org.ow2.petals.flowable,flowable-cmmn-api,6.2.1-PETALS-0,-,-,?,-,false,-
org.ow2.petals.flowable,flowable-cmmn-converter,6.2.1-PETALS-0,-,-,?,-,false,-
org.ow2.petals.flowable,flowable-cmmn-engine,6.2.1-PETALS-0,-,-,?,-,false,-
org.ow2.petals.flowable,flowable-cmmn-image-generator,6.2.1-PETALS-0,-,-,?,-,false,-
org.ow2.petals.flowable,flowable-cmmn-model,6.2.1-PETALS-0,-,-,?,-,false,-
org.ow2.petals.flowable,flowable-common-rest,6.2.1-PETALS-0,-,-,?,-,false,-
org.ow2.petals.flowable,flowable-content-api,6.2.1-PETALS-0,-,-,?,-,false,-
org.ow2.petals.flowable,flowable-cxf,6.2.1-PETALS-0,-,-,?,-,false,-
org.ow2.petals.flowable,flowable-dmn-api,6.2.1-PETALS-0,-,-,?,-,false,-
org.ow2.petals.flowable,flowable-dmn-model,6.2.1-PETALS-0,-,-,?,-,false,-
org.ow2.petals.flowable,flowable-engine,6.2.1-PETALS-0,-,-,?,-,false,-
org.ow2.petals.flowable,flowable-engine-common,6.2.1-PETALS-0,-,-,?,-,false,-
org.ow2.petals.flowable,flowable-engine-common-api,6.2.1-PETALS-0,-,-,?,-,false,-
org.ow2.petals.flowable,flowable-form-api,6.2.1-PETALS-0,-,-,?,-,false,-
org.ow2.petals.flowable,flowable-form-model,6.2.1-PETALS-0,-,-,?,-,false,-
org.ow2.petals.flowable,flowable-identitylink-service,6.2.1-PETALS-0,-,-,?,-,false,-
org.ow2.petals.flowable,flowable-identitylink-service-api,6.2.1-PETALS-0,-,-,?,-,false,-
org.ow2.petals.flowable,flowable-idm-api,6.2.1-PETALS-0,-,-,?,-,false,-
org.ow2.petals.flowable,flowable-idm-engine,6.2.1-PETALS-0,-,-,?,-,false,-
org.ow2.petals.flowable,flowable-idm-spring,6.2.1-PETALS-0,-,-,?,-,false,-
org.ow2.petals.flowable,flowable-image-generator,6.2.1-PETALS-0,-,-,?,-,false,-
org.ow2.petals.flowable,flowable-job-service,6.2.1-PETALS-0,-,-,?,-,false,-
org.ow2.petals.flowable,flowable-job-service-api,6.2.1-PETALS-0,-,-,?,-,false,-
org.ow2.petals.flowable,flowable-ldap,6.2.1-PETALS-0,-,-,?,-,false,-
org.ow2.petals.flowable,flowable-ldap-configurator,6.2.1-PETALS-0,-,-,?,-,false,-
org.ow2.petals.flowable,flowable-process-validation,6.2.1-PETALS-0,-,-,?,-,false,-
org.ow2.petals.flowable,flowable-rest,6.2.1-PETALS-0,-,-,?,-,false,-
org.ow2.petals.flowable,flowable-spring,6.2.1-PETALS-0,-,-,?,-,false,-
org.ow2.petals.flowable,flowable-spring-common,6.2.1-PETALS-0,-,-,?,-,false,-
org.ow2.petals.flowable,flowable-task-service,6.2.1-PETALS-0,-,-,?,-,false,-
org.ow2.petals.flowable,flowable-task-service-api,6.2.1-PETALS-0,-,-,?,-,false,-
org.ow2.petals.flowable,flowable-variable-service,6.2.1-PETALS-0,-,-,?,-,false,-
org.ow2.petals.flowable,flowable-variable-service-api,6.2.1-PETALS-0,-,-,?,-,false,-
org.ow2.petals,jbi-adapter-impl,1.4.0,-,-,?,-,false,-
org.ow2.petals,petals-admin-api,2.0.0,-,-,?,-,false,-
org.ow2.petals,petals-admin-mock,2.0.0,-,-,?,-,false,-
org.ow2.petals,petals-ant,2.7.0,-,-,?,-,false,-
org.ow2.petals,petals-autoloader,1.1.0,-,-,?,-,false,-
org.ow2.petals,petals-bc-ejb,1.4.3,-,-,?,-,false,-
org.ow2.petals,petals-bc-ftp,3.7.4,-,-,?,-,false,-
org.ow2.petals,petals-bc-gateway,1.0.2,-,-,?,-,false,-
org.ow2.petals,petals-bc-jms,3.2.3,-,-,?,-,false,-
org.ow2.petals,petals-bc-rest,1.2.0,-,-,?,-,false,-
org.ow2.petals,petals-bc-sftp-connection,1.2.0,-,-,?,-,false,-
org.ow2.petals,petals-bc-soap-clientserver-api,1.2.0,-,-,?,-,false,-
org.ow2.petals,petals-bc-sql,1.7.0,-,-,?,-,false,-
org.ow2.petals,petals-cdk-clientserver-api,1.2.1,-,-,?,-,false,-
org.ow2.petals,petals-cdk-core,5.7.1,-,-,?,-,false,-
org.ow2.petals,petals-cdk-jbidescriptor,2.6.1,-,-,?,-,false,-
org.ow2.petals,petals-cli,3.0.0,-,-,?,-,false,-
org.ow2.petals,petals-cli-base,1.0.2,-,-,?,-,false,-
org.ow2.petals,petals-cli-bc-sftp,1.0.4,-,-,?,-,false,-
org.ow2.petals,petals-cli-cmd-monitoring,2.0.0,-,-,?,-,false,-
org.ow2.petals,petals-cli-cmd-monitoring-mo-api,2.0.0,-,-,?,-,false,-
org.ow2.petals,petals-cli-cmd-monitoring-mo-cacti,2.0.0,-,-,?,-,false,-
org.ow2.petals,petals-cli-cmd-monitoring-so-api,2.0.0,-,-,?,-,false,-
org.ow2.petals,petals-client-server-api,1.1.0,-,-,?,-,false,-
org.ow2.petals,petals-commons-log,1.1.0,-,-,?,-,false,-
org.ow2.petals,petals-component-api,1.4.0,-,-,?,-,false,-
org.ow2.petals,petals-enforcer-rules,1.0.7,-,-,?,-,false,-
org.ow2.petals,petals-java-orchestration,1.0.2,-,-,?,-,false,-
org.ow2.petals,petals-jbi-ext,1.4.0,-,-,?,-,false,-
org.ow2.petals,petals-junit-external-resources,1.1.0,-,-,?,-,false,-
org.ow2.petals,petals-launcher-default,2.3.0,-,-,?,-,false,-
org.ow2.petals,petals-log,1.2.0,-,-,?,-,false,-
org.ow2.petals,petals-maven-plugin,3.1.0,-,-,?,-,false,-
org.ow2.petals,petals-microkernel,4.2.0,-,-,?,-,false,sun.misc.CompoundEnumeration             Removed. See http://openjdk.java.net/jeps/260
org.ow2.petals,petals-microkernel-api,1.1.0,-,-,?,-,false,-
org.ow2.petals,petals-microkernel-junit,1.1.0,-,-,?,-,false,-
org.ow2.petals,petals-probes,1.3.0,-,-,?,-,false,-
org.ow2.petals,petals-probes-api,1.3.0,-,-,?,-,false,-
org.ow2.petals,petals-registry-overlay,1.1.0,-,-,?,-,false,-
org.ow2.petals,petals-registryoverlay-client-api,1.1.0,-,-,?,-,false,-
org.ow2.petals,petals-registryoverlay-client-cfg,1.1.0,-,-,?,-,false,-
org.ow2.petals,petals-registryoverlay-configuration,1.1.0,-,-,?,-,false,-
org.ow2.petals,petals-registry-overlay-embedded,1.1.0,-,-,?,-,false,-
org.ow2.petals,petals-registryoverlay-junit,1.1.0,-,-,?,-,false,-
org.ow2.petals,petals-sample-client,1.9.3,-,-,?,-,false,-
org.ow2.petals,petals-sample-clock,1.8.3,-,-,?,-,false,-
org.ow2.petals,petals-se-activiti,1.1.1,-,-,?,-,false,-
org.ow2.petals,petals-se-activiti-clientserver-api,1.0.0,-,-,?,-,false,-
org.ow2.petals,petals-se-ase,1.0.3,-,-,?,-,false,-
org.ow2.petals,petals-se-camel-junit,1.2.0,-,-,?,-,false,-
org.ow2.petals,petals-se-eip,2.9.4,-,-,?,-,false,-
org.ow2.petals,petals-se-flowable-clientserver-api,1.1.1,-,-,?,-,false,-
org.ow2.petals,petals-se-flowable-junit,1.1.1,-,-,?,-,false,-
org.ow2.petals,petals-se-flowable-test-utils,1.1.0,-,-,?,-,false,-
org.ow2.petals,petals-se-jsr181,1.5.4,-,-,?,-,false,-
org.ow2.petals,petals-se-jsr181-library,1.5.4,-,-,?,-,false,-
org.ow2.petals,petals-se-mapping-junit,1.1.0,-,-,?,-,false,-
org.ow2.petals,petals-se-validation,1.5.4,-,-,?,-,false,-
org.ow2.petals,petals-se-xslt,2.8.4,-,-,?,-,false,-
org.ow2.petals,petals-systemstate,1.4.0,-,-,?,-,false,-
org.ow2.petals.samples.mapping,ged-server,1.0.0-1.0.0,-,-,?,-,false,-
org.ow2.petals.samples.rest.edm,edm-dropwizard-server,1.1.0-1.0.0,-,-,?,-,false,sun.misc.Unsafe                          See http://openjdk.java.net/jeps/260 + sun.reflect.Reflection                   Use java.lang.StackWalker @since 9
org.wso2.extension.siddhi.io.http,org.wso2.extension.siddhi.io.http.coverge.test,1.0.35,-,-,?,-,false,-
org.wso2.extension.siddhi.io.http,siddhi-io-http,1.0.35,-,-,?,-,false,-
org.wso2.extension.siddhi.io.http,siddhi-io-http-osgi-tests,1.0.35,-,-,?,-,false,-
org.wso2.extension.siddhi.io.sqs,siddhi-io-sqs,1.0.5,-,-,?,-,false,-
org.wso2.extension.siddhi.io.websocket,siddhi-io-websocket,1.0.8,-,-,?,-,false,-
org.wso2.extension.siddhi.io.wso2event,siddhi-io-wso2event,4.0.15,-,-,?,-,false,-
org.wso2.extension.siddhi.io.wso2event,siddhi-io-wso2event-osgi-tests,4.0.15,-,-,?,-,false,-
