groupId,artifactId,version,moduleName,moduleVersion,moduleMode,moduleDependencies,jdepsToolError,jdepsViolations
org.apache.aries.spifly,org.apache.aries.spifly.core-internal,1.0.14,-,-,?,-,false,-
org.apache.aries.spifly,org.apache.aries.spifly.dynamic.bundle,1.0.14,-,-,?,-,false,-
org.apache.aries.spifly,org.apache.aries.spifly.dynamic.framework.extension,1.0.14,-,-,?,-,false,-
org.apache.aries.spifly,org.apache.aries.spifly.static.bundle,1.0.14,-,-,?,-,false,-
org.apache.aries.spifly,org.apache.aries.spifly.static.tool,1.0.14,-,-,?,-,false,-
org.apache.aries.spifly,org.apache.aries.spifly.weaver-internal,1.0.14,-,-,?,-,false,-
org.apache.sling,org.apache.sling.launchpad.base,6.0.1-2.6.30,-,-,?,-,false,-
