groupId,artifactId,version,moduleName,moduleVersion,moduleMode,moduleDependencies,jdepsToolError,jdepsViolations
ch.vorburger.exec,exec,3.1.0,-,-,?,-,false,-
com.bandwidth,async-sqs,0.12.0,-,-,?,-,false,-
com.blackducksoftware.integration,integration-rest,0.1.3,-,-,?,-,false,-
com.blackducksoftware.integration,integration-test-common,4.0.4,-,-,?,-,false,-
com.blackducksoftware.integration,phone-home-client,0.15.3,-,-,?,-,false,-
com.codacy,codacy-analysis-core_2.12,0.1.0-alpha3.3139,-,-,?,-,false,-
com.crobox.clickhouse,client_2.11,0.7.0,-,-,?,-,false,-
com.crobox.clickhouse,client_2.12,0.7.0,-,-,?,-,false,-
com.crobox.clickhouse,dsl_2.11,0.7.0,-,-,?,-,false,-
com.crobox.clickhouse,dsl_2.12,0.7.0,-,-,?,-,false,-
com.crobox.clickhouse,testkit_2.11,0.7.0,-,-,?,-,false,-
com.crobox.clickhouse,testkit_2.12,0.7.0,-,-,?,-,false,-
co.mercenary-creators,mercenary-creators-minio-autoconfigure,1.0.1-RELEASE,-,-,?,-,false,-
com.github.takezoe,jtimewindow,1.1.0,-,-,?,-,false,-
com.natpryce,hamkrest,1.6.0.0,-,-,?,-,false,-
com.sfxcode.nosql,simple-mongo_2.11,1.5.5,-,-,?,-,false,-
com.sfxcode.nosql,simple-mongo_2.12,1.5.5,-,-,?,-,false,-
io.iconator,testonator,1.0.24,-,-,?,-,false,-
io.jitstatic,jitstatic-client,0.7.0,io.jitstatic.client,-,automatic,-,false,-
me.pagar,pagarme-java,1.5.5,-,-,?,-,false,-
org.ejml,ejml-all,0.35,-,-,?,-,false,-
org.ejml,ejml-cdense,0.35,-,-,?,-,false,-
org.ejml,ejml-core,0.35,-,-,?,-,false,-
org.ejml,ejml-ddense,0.35,-,-,?,-,false,-
org.ejml,ejml-dsparse,0.35,-,-,?,-,false,-
org.ejml,ejml-experimental,0.35,-,-,?,-,false,-
org.ejml,ejml-fdense,0.35,-,-,?,-,false,-
org.ejml,ejml-simple,0.35,-,-,?,-,false,-
org.ejml,ejml-zdense,0.35,-,-,?,-,false,-
org.web3j,web3j-maven-plugin,0.3.5,-,-,?,-,false,-
