groupId,artifactId,version,moduleName,moduleVersion,moduleMode,moduleDependencies,jdepsToolError,jdepsViolations
com.adamlewis,guice-persist-jooq,1.0.0,-,-,?,-,false,-
com.ardoq,java-api-client,1.17,-,-,?,-,false,-
com.atolcd.alfresco,amp-maven-plugin,1.1.8,-,-,?,-,false,-
com.atomikos,atomikos-util,4.0.6,-,-,?,-,false,-
com.atomikos,transactions,4.0.6,-,-,?,-,false,-
com.atomikos,transactions-api,4.0.6,-,-,?,-,false,-
com.atomikos,transactions-eclipselink,4.0.6,-,-,?,-,false,-
com.atomikos,transactions-hibernate2,4.0.6,-,-,?,-,false,-
com.atomikos,transactions-hibernate3,4.0.6,-,-,?,-,false,-
com.atomikos,transactions-hibernate4,4.0.6,-,-,?,-,false,-
com.atomikos,transactions-jdbc,4.0.6,-,-,?,-,false,-
com.atomikos,transactions-jms,4.0.6,-,-,?,-,false,-
com.atomikos,transactions-jndi-provider,4.0.6,-,-,?,-,false,-
com.atomikos,transactions-jta,4.0.6,-,-,?,-,false,-
com.atomikos,transactions-osgi,4.0.6,-,-,?,-,false,-
com.atomikos,transactions-tcc-rest,4.0.6,-,-,?,-,false,-
com.atomikos,transactions-tcc-rest-api,4.0.6,-,-,?,-,false,-
com.azuqua,azuqua-java,1.0.3,-,-,?,-,false,-
com.behsacorp,ganjex-spring-boot-starter,0.3-RELEASE,-,-,?,-,false,-
com.behsacorp,geev-spring-boot-autoconfigure,0.2-RELEASE,-,-,?,-,false,-
com.behsacorp,geev-spring-boot-starter,0.2-RELEASE,-,-,?,-,false,-
com.bytekast,netsuite-suitetalk,0.0.1,-,-,?,-,false,-
com.bytekast,sweet-talk,0.0.5,-,-,?,-,false,-
com.citytechinc.cq.cq-component-plugin,cq-component-annotations,5.1.0,-,-,?,-,false,-
com.citytechinc.cq.cq-component-plugin,cq-component-maven-plugin,5.1.0,-,-,?,-,false,-
com.codingame.gameengine,core,2.9,-,-,?,-,false,-
com.codingame.gameengine,module-entities,2.9,-,-,?,-,false,-
com.codingame.gameengine,runner,2.9,-,-,?,-,false,-
com.custardsource.dybdob,dybdob-core,1.0.5,-,-,?,-,false,-
com.custardsource.dybdob,dybdob-detectors,1.0.5,-,-,?,-,false,-
com.custardsource.dybdob,dybdob-mojo,1.0.5,-,-,?,-,false,-
com.custardsource.dybdob,dybdob-sonar-plugin,1.0.5,-,-,?,-,false,-
com.custardsource.dybdob,dybdob-util-mojos,1.0.5,-,-,?,-,false,-
com.custardsource.dybdob,java-diff-utils-copy,1.0.5,-,-,?,-,false,-
com.custardsource.parfait,dxm,0.3.11,-,-,?,-,false,-
com.custardsource.parfait,parfait-benchmark,0.3.11,-,-,?,-,false,-
com.custardsource.parfait,parfait-core,0.3.11,-,-,?,-,false,-
com.custardsource.parfait,parfait-cxf,0.3.11,-,-,?,-,false,-
com.custardsource.parfait,parfait-dropwizard,0.3.11,-,-,?,-,false,-
com.custardsource.parfait,parfait-io,0.3.11,-,-,?,-,false,-
com.custardsource.parfait,parfait-jdbc,0.3.11,-,-,?,-,false,-
com.custardsource.parfait,parfait-jmx,0.3.11,-,-,?,-,false,-
com.custardsource.parfait,parfait-pcp,0.3.11,-,-,?,-,false,-
com.custardsource.parfait,parfait-spring,0.3.11,-,-,?,-,false,-
com.datathings,greycat,10,-,-,?,-,false,sun.misc.Unsafe                          See http://openjdk.java.net/jeps/260
com.datathings,greycat-gencli,10,-,-,?,-,false,-
com.datathings,greycat-generator,10,-,-,?,-,false,-
com.datathings,greycat-gradleplugin,10,-,-,?,-,false,-
com.datathings,greycat-importer,10,-,-,?,-,false,-
com.datathings,greycat-language,10,-,-,?,-,false,-
com.datathings,greycat-leveldb,10,-,-,?,-,false,-
com.datathings,greycat-mavenplugin,10,-,-,?,-,false,-
com.datathings,greycat-memory,4,-,-,?,-,false,sun.misc.Unsafe                          See http://openjdk.java.net/jeps/260
com.datathings,greycat-ml,10,-,-,?,-,false,-
com.datathings,greycat-rocksdb,10,-,-,?,-,false,-
com.datathings,greycat-taskide,5,-,-,?,-,false,-
com.datathings,greycat-websocket,10,-,-,?,-,false,-
com.datathings,j2ts-mavenplugin,92,-,-,?,-,false,-
com.datathings,j2ts-transpiler,92,-,-,?,-,false,-
com.enioka.jqm,jqm-admin,2.0.0,-,-,?,-,false,-
com.enioka.jqm,jqm-api,2.0.0,-,-,?,-,false,-
com.enioka.jqm,jqm-api-client-core,2.0.0,-,-,?,-,false,-
com.enioka.jqm,jqm-api-client-hibernate,2.0.0,-,-,?,-,false,-
com.enioka.jqm,jqm-api-client-jdbc,2.0.0,-,-,?,-,false,-
com.enioka.jqm,jqm-api-client-jersey,2.0.0,-,-,?,-,false,-
com.enioka.jqm,jqm-engine,2.0.0,-,-,?,-,false,-
com.enioka.jqm,jqm-handler-spring,2.0.0,-,-,?,-,false,-
com.enioka.jqm,jqm-integration-tests,2.0.0,-,-,?,-,false,-
com.enioka.jqm,jqm-integration-tests-ws,2.0.0,-,-,?,-,false,-
com.enioka.jqm,jqm-model,2.0.0,-,-,?,-,false,-
com.enioka.jqm,jqm-pki,2.0.0,-,-,?,-,false,-
com.enioka.jqm,jqm-providers,2.0.0,-,-,?,-,false,-
com.enioka.jqm,jqm-runner-basic,2.0.0,-,-,?,-,false,-
com.enioka.jqm,jqm-runner-spring,2.0.0,-,-,?,-,false,-
com.enioka.jqm,jqm-service,2.0.0,-,-,?,-,false,-
com.enioka.jqm,jqm-test-cl-isolation,2.0.0,-,-,?,-,false,-
com.enioka.jqm,jqm-test-datetimemaven,2.0.0,-,-,?,-,false,-
com.enioka.jqm,jqm-test-datetimemavenjarinlib,2.0.0,-,-,?,-,false,-
com.enioka.jqm,jqm-test-datetimemavennolibdef,2.0.0,-,-,?,-,false,-
com.enioka.jqm,jqm-test-datetimemavennopom,2.0.0,-,-,?,-,false,-
com.enioka.jqm,jqm-test-datetimemavennopomlib,2.0.0,-,-,?,-,false,-
com.enioka.jqm,jqm-test-em,2.0.0,-,-,?,-,false,-
com.enioka.jqm,jqm-test-helpers,2.0.0,-,-,?,-,false,-
com.enioka.jqm,jqm-test-jndijms-amq,2.0.0,-,-,?,-,false,-
com.enioka.jqm,jqm-test-providedapi,2.0.0,-,-,?,-,false,-
com.enioka.jqm,jqm-test-pyl,2.0.0,-,-,?,-,false,-
com.enioka.jqm,jqm-test-pyl-hibapi,2.0.0,-,-,?,-,false,-
com.enioka.jqm,jqm-test-pyl-nodep,2.0.0,-,-,?,-,false,-
com.enioka.jqm,jqm-test-spring-1,2.0.0,-,-,?,-,false,-
com.enioka.jqm,jqm-test-spring-2,2.0.0,-,-,?,-,false,-
com.enioka.jqm,jqm-tst,2.0.0,-,-,?,-,false,-
com.enioka.jqm,jqm-xml,2.0.0,-,-,?,-,false,-
com.fixedorgo,neo-fuzzy-neuron,0.1.2,-,-,?,-,false,-
com.gantzgulch.tools,gantzgulch-tools-aws,1.0.13,-,-,?,-,false,-
com.gantzgulch.tools,gantzgulch-tools-common,1.0.13,-,-,?,-,false,-
com.gantzgulch.tools,gantzgulch-tools-crypto,1.0.13,-,-,?,-,false,-
com.gantzgulch.tools,gantzgulch-tools-hibernate,1.0.13,-,-,?,-,false,-
com.gantzgulch.tools,gantzgulch-tools-http,1.0.13,-,-,?,-,false,-
com.gantzgulch.tools,gantzgulch-tools-json,1.0.13,-,-,?,-,false,-
com.gantzgulch.tools,gantzgulch-tools-samples,1.0.13,-,-,?,-,false,-
com.github.gavlyukovskiy,datasource-proxy-spring-boot-starter,1.4.3,-,-,?,-,false,-
com.github.mjeanroy,junit-servers-core,0.10.0,-,-,?,-,false,-
com.github.mjeanroy,junit-servers-jetty,0.10.0,-,-,?,-,false,-
com.github.mjeanroy,junit-servers-tomcat,0.10.0,-,-,?,-,false,-
com.github.pshirshov.izumi.r2,distage-app_2.12,0.5.56,-,-,?,-,false,-
com.github.pshirshov.izumi.r2,distage-cats_2.12,0.5.56,-,-,?,-,false,-
com.github.pshirshov.izumi.r2,distage-config_2.12,0.5.56,-,-,?,-,false,-
com.github.pshirshov.izumi.r2,distage-core_2.12,0.5.56,-,-,?,-,false,-
com.github.pshirshov.izumi.r2,distage-model_2.12,0.5.56,-,-,?,-,false,-
com.github.pshirshov.izumi.r2,distage-plugins_2.12,0.5.56,-,-,?,-,false,-
com.github.pshirshov.izumi.r2,distage-proxy-cglib_2.12,0.5.56,-,-,?,-,false,-
com.github.pshirshov.izumi.r2,distage-roles_2.12,0.5.56,-,-,?,-,false,-
com.github.pshirshov.izumi.r2,distage-roles-api_2.12,0.5.56,-,-,?,-,false,-
com.github.pshirshov.izumi.r2,distage-static_2.12,0.5.56,-,-,?,-,false,-
com.github.pshirshov.izumi.r2,fastparse-shaded_2.12,0.5.56,-,-,?,-,false,-
com.github.pshirshov.izumi.r2,fundamentals-collections_2.12,0.5.56,-,-,?,-,false,-
com.github.pshirshov.izumi.r2,fundamentals-functional_2.12,0.5.56,-,-,?,-,false,-
com.github.pshirshov.izumi.r2,fundamentals-platform_2.12,0.5.56,-,-,?,-,false,-
com.github.pshirshov.izumi.r2,fundamentals-reflection_2.12,0.5.56,-,-,?,-,false,-
com.github.pshirshov.izumi.r2,idealingua-compiler_2.12,0.5.56,-,-,?,-,false,sun.misc.Unsafe                          See http://openjdk.java.net/jeps/260
com.github.pshirshov.izumi.r2,idealingua-core_2.12,0.5.56,-,-,?,-,false,-
com.github.pshirshov.izumi.r2,idealingua-model_2.12,0.5.56,-,-,?,-,false,-
com.github.pshirshov.izumi.r2,idealingua-runtime-rpc-c-sharp_2.12,0.5.56,-,-,?,-,false,-
com.github.pshirshov.izumi.r2,idealingua-runtime-rpc-go_2.12,0.5.56,-,-,?,-,false,-
com.github.pshirshov.izumi.r2,idealingua-runtime-rpc-http4s_2.12,0.5.56,-,-,?,-,false,-
com.github.pshirshov.izumi.r2,idealingua-runtime-rpc-scala_2.12,0.5.56,-,-,?,-,false,-
com.github.pshirshov.izumi.r2,idealingua-runtime-rpc-typescript_2.12,0.5.56,-,-,?,-,false,-
com.github.pshirshov.izumi.r2,idealingua-test-defs_2.12,0.5.56,-,-,?,-,false,-
com.github.pshirshov.izumi.r2,izumi-r2_2.12,0.5.56,-,-,?,-,false,-
com.github.pshirshov.izumi.r2,logstage-adapter-slf4j_2.12,0.5.56,-,-,?,-,false,-
com.github.pshirshov.izumi.r2,logstage-api-base_2.12,0.5.56,-,-,?,-,false,-
com.github.pshirshov.izumi.r2,logstage-api-base-macro_2.12,0.5.56,-,-,?,-,false,-
com.github.pshirshov.izumi.r2,logstage-api-logger_2.12,0.5.56,-,-,?,-,false,-
com.github.pshirshov.izumi.r2,logstage-di_2.12,0.5.56,-,-,?,-,false,-
com.github.pshirshov.izumi.r2,logstage-rendering-circe_2.12,0.5.56,-,-,?,-,false,-
com.github.pshirshov.izumi.r2,logstage-sink-slf4j_2.12,0.5.56,-,-,?,-,false,-
com.github.stefanofornari,bsh-console,1.2.0,-,-,?,-,false,-
com.infobip,infobip-api-java-client,2.2.0,-,-,?,-,false,-
com.infobip,infobip-bean-validation-api,1.1.1,-,-,?,-,false,-
com.infobip,infobip-bean-validation-spring-boot-starter,1.1.1,-,-,?,-,false,-
com.infobip,infobip-spring-bean-validation-api,1.0.0,-,-,?,-,false,-
com.infobip,infobip-spring-bean-validation-boot-starter,1.0.0,-,-,?,-,false,-
com.infobip,infobip-spring-data-jpa-querydsl,2.0.1,-,-,?,-,false,-
com.infobip,jira-version-generator,2.0.0,-,-,?,-,false,com.sun.tools.javac.processing.JavacFiler Use javax.tools and javax.lang.model @since 1.6 + com.sun.tools.javac.processing.JavacProcessingEnvironment Use javax.tools and javax.lang.model @since 1.6 + com.sun.tools.javac.util.Context         Use javax.tools and javax.lang.model @since 1.6 + com.sun.tools.javac.util.Options         Use javax.tools and javax.lang.model @since 1.6
com.jaliansystems,simple-template,1.1,-,-,?,-,false,-
com.karakays.hibernate,hibernate-enum-array,0.1,-,-,?,-,false,-
com.kinbiko,bugsnag-maven-plugin,2.0.0,-,-,?,-,false,-
com.lordofthejars,nosqlunit-cassandra,1.0.0-rc.5,-,-,?,-,false,-
com.lordofthejars,nosqlunit-core,1.0.0-rc.5,-,-,?,-,false,-
com.lordofthejars,nosqlunit-couchbase,1.0.0-rc.5,-,-,?,-,false,-
com.lordofthejars,nosqlunit-couchdb,1.0.0-rc.5,-,-,?,-,false,-
com.lordofthejars,nosqlunit-demo,1.0.0-rc.5,-,-,?,-,false,-
com.lordofthejars,nosqlunit-documentation,1.0.0-rc.5,-,-,?,-,false,-
com.lordofthejars,nosqlunit-elasticsearch,1.0.0-rc.5,-,-,?,-,false,-
com.lordofthejars,nosqlunit-elasticsearch2,1.0.0-rc.5,-,-,?,-,false,-
com.lordofthejars,nosqlunit-hbase,1.0.0-rc.5,-,-,?,-,false,-
com.lordofthejars,nosqlunit-infinispan,1.0.0-rc.5,-,-,?,-,false,-
com.lordofthejars,nosqlunit-mongodb,1.0.0-rc.5,-,-,?,-,false,-
com.lordofthejars,nosqlunit-neo4j,1.0.0-rc.5,-,-,?,-,false,-
com.lordofthejars,nosqlunit-redis,1.0.0-rc.5,-,-,?,-,false,-
com.lordofthejars,nosqlunit-vault,1.0.0-rc.5,-,-,?,-,false,-
com.malliina,appbundler_2.10,1.1.0,-,-,?,-,false,-
com.malliina,appbundler_2.11,1.1.3,-,-,?,-,false,-
com.malliina,appbundler_2.12,1.2.0,-,-,?,-,false,-
com.malliina,jenkins-control_2.10,0.4.0,-,-,?,-,false,-
com.malliina,jenkins-control_2.11,0.4.0,-,-,?,-,false,-
com.malliina,logback-rx_2.11,1.2.0,-,-,?,-,false,-
com.malliina,logback-rx_2.12,1.2.0,-,-,?,-,false,-
com.malliina,logstreams-client_2.11,0.0.9,-,-,?,-,false,-
com.malliina,logstreams-client_2.12,1.1.0,-,-,?,-,false,-
com.malliina,mobile-push_2.11,1.7.5,-,-,?,-,false,-
com.malliina,mobile-push_2.12,1.12.5,-,-,?,-,false,-
com.malliina,okclient_2.10,1.3.5,-,-,?,-,false,-
com.malliina,okclient_2.11,1.3.5,-,-,?,-,false,-
com.malliina,okclient_2.12,1.6.0,-,-,?,-,false,-
com.malliina,play-common_2.12,4.13.0,-,-,?,-,false,-
com.malliina,play-social_2.12,4.13.0,-,-,?,-,false,-
com.malliina,primitives_2.10,1.3.5,-,-,?,-,false,-
com.malliina,primitives_2.11,1.3.5,-,-,?,-,false,-
com.malliina,primitives_2.12,1.6.0,-,-,?,-,false,-
com.malliina,primitives_sjs0.6_2.10,1.3.5,-,-,?,-,false,-
com.malliina,primitives_sjs0.6_2.11,1.3.5,-,-,?,-,false,-
com.malliina,primitives_sjs0.6_2.12,1.6.0,-,-,?,-,false,-
com.malliina,util_2.10,2.8.2,-,-,?,-,false,-
com.malliina,util_2.11,2.8.2,-,-,?,-,false,-
com.malliina,util_2.12,2.11.0,-,-,?,-,false,-
com.malliina,util-actor_2.10,2.8.2,-,-,?,-,false,-
com.malliina,util-actor_2.11,2.8.2,-,-,?,-,false,-
com.malliina,util-actor_2.12,2.11.0,-,-,?,-,false,-
com.malliina,util-audio_2.11,2.3.2,-,-,?,-,false,-
com.malliina,util-audio_2.12,2.5.0,-,-,?,-,false,-
com.malliina,util-auth_2.10,2.5.6,-,-,?,-,false,-
com.malliina,util-auth_2.11,2.5.6,-,-,?,-,false,-
com.malliina,util-azure_2.11,2.5.0,-,-,?,-,false,-
com.malliina,util-base_2.10,1.3.5,-,-,?,-,false,-
com.malliina,util-base_2.11,1.3.5,-,-,?,-,false,-
com.malliina,util-base_2.12,1.6.0,-,-,?,-,false,-
com.malliina,util-html_2.12,4.13.0,-,-,?,-,false,-
com.malliina,util-html_sjs0.6_2.12,4.13.0,-,-,?,-,false,-
com.malliina,util-play_2.11,4.6.1,-,-,?,-,false,-
com.malliina,util-play_2.12,4.13.0,-,-,?,-,false,-
com.malliina,util-rmi_2.10,2.8.2,-,-,?,-,false,-
com.malliina,util-rmi_2.11,2.8.2,-,-,?,-,false,-
com.malliina,util-rmi_2.12,2.11.0,-,-,?,-,false,-
com.milessabin,si2712fix-library_2.10.7,1.2.0,-,-,?,-,false,-
com.milessabin,si2712fix-plugin_2.10.7,1.2.0,-,-,?,-,false,-
com.moolbuy,common,1.0.0,-,-,?,-,false,-
com.moolbuy,m-orm-annotation,1.0.1,-,-,?,-,false,-
com.moolbuy,m-orm-core,1.0.1,-,-,?,-,false,-
com.moolbuy,m-orm-spring-boot-starter,1.0.1,-,-,?,-,false,-
com.moolbuy,m-orm-xsqlbuilder,1.0.1,-,-,?,-,false,-
com.msilb,scalanda-v20_2.12,0.1.4,-,-,?,-,false,-
com.mypoolin,sdk-part-2-sc-npci,1.0,-,-,?,-,false,-
com.n1analytics,javallier_2.10,0.6.0,-,-,?,-,false,-
com.noheltcj,rx-common,0.0.2,-,-,?,-,false,-
com.noheltcj,rx-common-js,0.0.2,-,-,?,-,false,-
com.noheltcj,rx-common-jvm,0.0.2,-,-,?,-,false,-
com.orgzly,org-java,1.2.2,-,-,?,-,false,-
com.paypal.android.sdk,data-collector,2.15.1,-,-,?,-,false,-
com.paypal.butterfly,butterfly-api,3.0.0-M1,-,-,?,-,false,-
com.paypal.butterfly,butterfly-bom,3.0.0-M1,-,-,?,-,false,-
com.paypal.butterfly,butterfly-cli,3.0.0-M1,-,-,?,-,false,-
com.paypal.butterfly,butterfly-cli-package,3.0.0-M1,-,-,?,-,false,-
com.paypal.butterfly,butterfly-core,3.0.0-M1,-,-,?,-,false,-
com.paypal.butterfly,butterfly-extensions-api,3.0.0-M1,-,-,?,-,false,-
com.paypal.butterfly,butterfly-facade,2.5.0,-,-,?,-,false,-
com.paypal.butterfly,butterfly-metrics-couchdb,2.5.0,-,-,?,-,false,-
com.paypal.butterfly,butterfly-metrics-file,2.5.0,-,-,?,-,false,-
com.paypal.butterfly,butterfly-persist-couchdb,3.0.0-M1,-,-,?,-,false,-
com.paypal.butterfly,butterfly-persist-file,3.0.0-M1,-,-,?,-,false,-
com.paypal.butterfly,butterfly-test,3.0.0-M1,-,-,?,-,false,-
com.paypal.butterfly,butterfly-utilities,3.0.0-M1,-,-,?,-,false,-
com.paypal.butterfly.extensions,butterfly-springboot-extension,3.0.0-M1,-,-,?,-,false,-
com.paypal.butterfly,extensions-catalog,3.0.0-M1,-,-,?,-,false,-
com.paypal.digraph,digraph-parser,1.0,-,-,?,-,false,-
com.paypal.sdk,rest-api-sdk,1.14.0,-,-,?,-,false,-
com.paypal.selion,SeLion-Grid,1.2.1,-,-,?,-,false,-
com.paypal.springboot,resteasy-spring-boot-starter,2.3.4-RELEASE,-,-,?,-,false,-
com.pyranid,pyranid,1.0.12,-,-,?,-,false,-
com.ripplargames,engine,0.0.2,-,-,?,-,false,-
com.ripplargames,mesh_io,1.0.0,-,-,?,-,false,-
com.ripplargames,meshio,2.1.2,-,-,?,-,false,-
com.ripplargames,swing-engine,0.0.1,-,-,?,-,false,-
com.ruesga.phoenix,phoenix-hibernate-dialect,0.0.4-hibernate5,-,-,?,-,false,sun.misc.Unsafe                          See http://openjdk.java.net/jeps/260
com.salesforce.aptspring,AptSpringAPI,2.0.3,-,-,?,-,false,-
com.salesforce.aptspring,AptSpringModel,2.0.3,-,-,?,-,false,-
com.salesforce.aptspring,AptSpringProcessor,2.0.3,-,-,?,-,false,-
com.salesforce.argus,argus-client,2.17.1,-,-,?,-,false,-
com.salesforce.argus,argus-core,2.17.1,-,-,?,-,false,-
com.salesforce.argus,argus-sdk,2.17.1,-,-,?,-,false,-
com.salesforce.dockerfile-image-update,dockerfile-image-update,1.0.16,-,-,?,-,false,sun.misc.Unsafe                          See http://openjdk.java.net/jeps/260
com.salesforce.dockerfile-image-update,dockerfile-image-update-itest,1.0.16,-,-,?,-,false,sun.misc.Unsafe                          See http://openjdk.java.net/jeps/260
com.salesforce.grammaticus,grammaticus,1.0.0,-,-,?,-,false,-
com.salesforce.i18n,i18n-util,1.0.4,-,-,?,-,false,-
com.salesforce.kafka.test,kafka-junit4,3.0.1,-,-,?,-,false,-
com.salesforce.kafka.test,kafka-junit5,3.0.1,-,-,?,-,false,-
com.salesforce.kafka.test,kafka-junit-core,3.0.1,-,-,?,-,false,-
com.salesforce.maven,MavenAnalysisConf,1.0.5,-,-,?,-,false,-
com.salesforce.maven,MavenSiteSkin,1.0.5,-,-,?,-,false,-
com.salesforce.servicelibs,grpc-contrib,0.8.0,-,-,?,-,false,-
com.salesforce.servicelibs,grpc-spring,0.8.0,-,-,?,-,false,-
com.salesforce.servicelibs,grpc-testing-contrib,0.8.0,-,-,?,-,false,-
com.salesforce.servicelibs,jprotoc,0.8.0,-,-,?,-,false,-
com.salesforce.servicelibs,proto-backwards-compatibility,1.0.1,-,-,?,-,false,-
com.salesforce.servicelibs,reactive-grpc-common,0.9.0,-,-,?,-,false,-
com.salesforce.servicelibs,reactive-grpc-examples,0.8.2,-,-,?,-,false,-
com.salesforce.servicelibs,reactive-grpc-gencommon,0.9.0,-,-,?,-,false,-
com.salesforce.servicelibs,ReactorChat-Client,0.8.2,-,-,?,-,false,sun.misc.Unsafe                          See http://openjdk.java.net/jeps/260 + sun.security.x509.X500Name               Use javax.security.auth.x500.X500Principal @since 1.4
com.salesforce.servicelibs,ReactorChat-Client-Kt,0.8.2,-,-,?,-,false,sun.misc.Unsafe                          See http://openjdk.java.net/jeps/260 + sun.security.x509.X500Name               Use javax.security.auth.x500.X500Principal @since 1.4
com.salesforce.servicelibs,ReactorChat-Server,0.8.2,-,-,?,-,false,-
com.salesforce.servicelibs,ReactorChat-Server-Kt,0.8.2,-,-,?,-,false,-
com.salesforce.servicelibs,reactor-grpc,0.9.0,-,-,?,-,false,-
com.salesforce.servicelibs,reactor-grpc-stub,0.9.0,-,-,?,-,false,-
com.salesforce.servicelibs,reactor-grpc-tck,0.9.0,-,-,?,-,false,-
com.salesforce.servicelibs,reactor-grpc-test,0.9.0,-,-,?,-,false,-
com.salesforce.servicelibs,RxChat-Client,0.8.2,-,-,?,-,false,sun.misc.Unsafe                          See http://openjdk.java.net/jeps/260 + sun.security.x509.X500Name               Use javax.security.auth.x500.X500Principal @since 1.4
com.salesforce.servicelibs,RxChat-Server,0.8.2,-,-,?,-,false,-
com.salesforce.servicelibs,rxgrpc,0.9.0,-,-,?,-,false,-
com.salesforce.servicelibs,rxgrpc-stub,0.9.0,-,-,?,-,false,-
com.salesforce.servicelibs,rxgrpc-tck,0.9.0,-,-,?,-,false,-
com.salesforce.servicelibs,rxgrpc-test,0.9.0,-,-,?,-,false,-
com.salesforce.servicelibs,time-client-demo,0.8.0,-,-,?,-,false,sun.misc.Unsafe                          See http://openjdk.java.net/jeps/260 + sun.security.x509.X500Name               Use javax.security.auth.x500.X500Principal @since 1.4
com.salesforce.servicelibs,time-service-demo,0.8.0,-,-,?,-,false,-
com.salesforce.sld4j,sld4j,1.0.0,-,-,?,-,false,-
com.salesforce.storm,dynamic-spout,0.9.4,-,-,?,-,false,-
com.salesforce.transmogrifai,transmogrifai-cli_2.11,0.3.4,-,-,?,-,false,-
com.salesforce.transmogrifai,transmogrifai-core_2.11,0.3.4,-,-,?,-,false,-
com.salesforce.transmogrifai,transmogrifai-features_2.11,0.3.4,-,-,?,-,false,-
com.salesforce.transmogrifai,transmogrifai-models_2.11,0.3.4,-,-,?,-,false,-
com.salesforce.transmogrifai,transmogrifai-readers_2.11,0.3.4,-,-,?,-,false,-
com.salesforce.transmogrifai,transmogrifai-templates_2.11,0.3.4,-,-,?,-,false,-
com.salesforce.transmogrifai,transmogrifai-testkit_2.11,0.3.4,-,-,?,-,false,-
com.salesforce.transmogrifai,transmogrifai-utils_2.11,0.3.4,-,-,?,-,false,-
com.sensorsdata.analytics.javasdk,SensorsAnalyticsSDK,3.1.7-standalone,-,-,?,-,false,-
com.shinesolutions,aem-healthcheck-bundle,1.3.3,-,-,?,-,false,-
com.shinesolutions,aem-helloworld-bundle,0.0.1,-,-,?,-,false,-
com.shinesolutions,aem-orchestrator,2.0.0,-,-,?,-,false,-
com.shinesolutions,aem-password-reset-bundle,1.1.0,-,-,?,-,false,-
com.shinesolutions,aem-stack-manager,1.0.2,-,-,?,-,false,-
com.shinesolutions,swaggeraem4j,0.10.0,-,-,?,-,false,-
com.slamdata,abt-core_2.11,0.0.3,-,-,?,-,false,-
com.slamdata,abt-core_2.12,0.0.3,-,-,?,-,false,-
com.slamdata,matryoshka-core_2.11,0.21.3,-,-,?,-,false,-
com.slamdata,matryoshka-core_2.12,0.21.3,-,-,?,-,false,-
com.slamdata,matryoshka-core_sjs0.6_2.11,0.21.3,-,-,?,-,false,-
com.slamdata,matryoshka-core_sjs0.6_2.12,0.21.3,-,-,?,-,false,-
com.slamdata,matryoshka-scalacheck_2.11,0.21.3,-,-,?,-,false,-
com.slamdata,matryoshka-scalacheck_2.12,0.21.3,-,-,?,-,false,-
com.slamdata,matryoshka-scalacheck_sjs0.6_2.11,0.21.3,-,-,?,-,false,-
com.slamdata,matryoshka-scalacheck_sjs0.6_2.12,0.21.3,-,-,?,-,false,-
com.slamdata,pathy-argonaut_2.10,0.2.13,-,-,?,-,false,-
com.slamdata,pathy-argonaut_2.11,0.2.13,-,-,?,-,false,-
com.slamdata,pathy-argonaut_2.12,0.2.13,-,-,?,-,false,-
com.slamdata,pathy-core_2.10,0.2.13,-,-,?,-,false,-
com.slamdata,pathy-core_2.11,0.2.13,-,-,?,-,false,-
com.slamdata,pathy-core_2.12,0.2.13,-,-,?,-,false,-
com.slamdata,pathy-scalacheck_2.10,0.2.13,-,-,?,-,false,-
com.slamdata,pathy-scalacheck_2.11,0.2.13,-,-,?,-,false,-
com.slamdata,pathy-scalacheck_2.12,0.2.13,-,-,?,-,false,-
com.slamdata,slamdata-predef_2.10,0.0.7,-,-,?,-,false,-
com.slamdata,slamdata-predef_2.11,0.0.7,-,-,?,-,false,-
com.slamdata,slamdata-predef_2.12,0.0.7,-,-,?,-,false,-
com.slamdata,xml-names-core_2.10,0.0.1,-,-,?,-,false,-
com.slamdata,xml-names-core_2.11,0.0.1,-,-,?,-,false,-
com.slamdata,xml-names-core_2.12,0.0.1,-,-,?,-,false,-
com.slamdata,xml-names-scalacheck_2.10,0.0.1,-,-,?,-,false,-
com.slamdata,xml-names-scalacheck_2.11,0.0.1,-,-,?,-,false,-
com.slamdata,xml-names-scalacheck_2.12,0.0.1,-,-,?,-,false,-
com.sonicbase,sonicbase-jdbc,1.2.14,-,-,?,-,false,sun.misc.Cleaner                         Use java.lang.ref.PhantomReference @since 1.2 or java.lang.ref.Cleaner @since 9 + sun.misc.URLClassPath                    Removed. See http://openjdk.java.net/jeps/260 + sun.misc.UUEncoder                       Removed. See http://openjdk.java.net/jeps/260 + sun.misc.Unsafe                          See http://openjdk.java.net/jeps/260 + sun.reflect.ReflectionFactory            See http://openjdk.java.net/jeps/260
com.stackstate,akka-http-pac4j_2.12,0.4.0,-,-,?,-,false,-
com.warmmen,RedisLock,1.0.0,-,-,?,-,false,-
com.warmmen,redislock-spring-boot-starter,1.0.0,-,-,?,-,false,-
com.xiaomi.infra.galaxy,galaxy-client-java,1.3.1,-,-,?,-,false,-
com.xiaomi.infra.galaxy,galaxy-emq-client,1.3.1,-,-,?,-,false,-
com.xiaomi.infra.galaxy,galaxy-fds-core,3.0.25,-,-,?,-,false,-
com.xiaomi.infra.galaxy,galaxy-fds-sdk-android,7,-,-,?,-,false,-
com.xiaomi.infra.galaxy,galaxy-fds-sdk-java,3.0.25,-,-,?,-,false,-
com.xiaomi.infra.galaxy,galaxy-sds-client,1.2.18,-,-,?,-,false,-
com.xiaomi.infra.galaxy,galaxy-thrift-api,1.3.1,-,-,?,-,false,-
com.yanxisir,neb-call,0.0.6,-,-,?,-,false,-
com.zerostech,spring-boot-starter-mybatis,1.0.0,-,-,?,-,false,-
io.github.classgraph,classgraph,4.1.1,io.github.classgraph,4.1.1,explicit,java.base,false,-
