groupId,artifactId,version,moduleName,moduleVersion,moduleMode,moduleDependencies,jdepsToolError,jdepsViolations
com.alinkeji,foryou_core,1.1.8,-,-,?,-,false,-
com.amdocs.zusammen,lib,1.0.0,-,-,?,-,false,-
com.amdocs.zusammen.plugin,zusammen-collaboration-cassandra-plugin,1.0.1,-,-,?,-,false,-
com.amdocs.zusammen.plugin,zusammen-collaboration-store-plugin,1.0.0,-,-,?,-,false,-
com.amdocs.zusammen.plugin,zusammen-search-index-elasticsearch-plugin,1.0.0,-,-,?,-,false,-
com.amdocs.zusammen.plugin,zusammen-search-index-empty-plugin,1.0.0,-,-,?,-,false,-
com.amdocs.zusammen.plugin,zusammen-state-store-cassandra-plugin,1.0.1,-,-,?,-,false,-
com.amdocs.zusammen,zusammen-adaptor-inbound-api,1.0.1,-,-,?,-,false,-
com.amdocs.zusammen,zusammen-adaptor-inbound-impl,1.0.1,-,-,?,-,false,-
com.amdocs.zusammen,zusammen-adaptor-outbound-api,1.0.1,-,-,?,-,false,-
com.amdocs.zusammen,zusammen-adaptor-outbound-impl,1.0.1,-,-,?,-,false,-
com.amdocs.zusammen,zusammen-commons-configuration,1.0.1,-,-,?,-,false,-
com.amdocs.zusammen,zusammen-commons-db-api,1.0.1,-,-,?,-,false,-
com.amdocs.zusammen,zusammen-commons-db-impl,1.0.1,-,-,?,-,false,-
com.amdocs.zusammen,zusammen-commons-health,1.0.1,-,-,?,-,false,-
com.amdocs.zusammen,zusammen-commons-log,1.0.1,-,-,?,-,false,-
com.amdocs.zusammen,zusammen-commons-utils,1.0.1,-,-,?,-,false,-
com.amdocs.zusammen,zusammen-core-api,1.0.1,-,-,?,-,false,-
com.amdocs.zusammen,zusammen-core-impl,1.0.1,-,-,?,-,false,-
com.amdocs.zusammen,zusammen-datatypes,1.0.1,-,-,?,-,false,-
com.amdocs.zusammen,zusammen-sdk,1.0.1,-,-,?,-,false,-
com.amlinv.xml,json-tools,1.0.0,-,-,?,-,false,-
com.amlinv.xml,xml-tools,1.0.0,-,-,?,-,false,-
com.brsanthu,google-analytics-java,2.0.0,-,-,?,-,false,-
com.chenxiaojie,http-invoker,1.0.2,-,-,?,-,false,-
com.code-disaster.steamworks4j,steamworks4j,1.7.0,-,-,?,-,false,-
com.code-disaster.steamworks4j,steamworks4j-server,1.7.0,-,-,?,-,false,-
com.cogvio,checkstyle-config,0.1,-,-,?,-,false,-
com.dominikcebula.hadoop.ftp,hdfs-ftp,1.1,-,-,?,-,false,-
com.elo7,cassandra-migration,0.11,-,-,?,-,false,sun.reflect.generics.reflectiveObjects.NotImplementedException Removed. See http://openjdk.java.net/jeps/260
com.elo7.nightfall,nightfall-cassandra,1.0.1,-,-,?,-,false,-
com.elo7.nightfall,nightfall-di,2.1.1,-,-,?,-,false,-
com.elo7.nightfall,nightfall-di-integration,1.0.1,-,-,?,-,false,sun.misc.Cleaner                         Use java.lang.ref.PhantomReference @since 1.2 or java.lang.ref.Cleaner @since 9 + sun.misc.Signal                          See http://openjdk.java.net/jeps/260 + sun.misc.SignalHandler                   See http://openjdk.java.net/jeps/260 + sun.misc.Unsafe                          See http://openjdk.java.net/jeps/260 + sun.security.x509.X500Name               Use javax.security.auth.x500.X500Principal @since 1.4
com.elo7.nightfall,nightfall-di-kafka-0_10,2.1.1,-,-,?,-,false,-
com.elo7.nightfall,nightfall-distcp,1.0.1,-,-,?,-,false,sun.misc.Cleaner                         Use java.lang.ref.PhantomReference @since 1.2 or java.lang.ref.Cleaner @since 9 + sun.misc.Signal                          See http://openjdk.java.net/jeps/260 + sun.misc.SignalHandler                   See http://openjdk.java.net/jeps/260 + sun.misc.Unsafe                          See http://openjdk.java.net/jeps/260 + sun.security.x509.X500Name               Use javax.security.auth.x500.X500Principal @since 1.4
com.elo7.nightfall,nightfall-examples,2.1.1,-,-,?,-,false,-
com.elo7.nightfall,nightfall-migrations,2.1.1,-,-,?,-,false,-
com.elo7.nightfall,nightfall-py-kafka010,2.1.1,-,-,?,-,false,-
com.elo7.nightfall,nightfall-relational,1.0.1,-,-,?,-,false,-
com.elo7.nightfall,nightfall-riposte,2.1.1,-,-,?,-,false,-
com.hacklanta,lift-formality_3.0_2.11,1.2.0,-,-,?,-,false,-
com.hacklanta,lift-formality_3.0_2.12,1.2.0,-,-,?,-,false,-
com.hacklanta,lift-formality_3.1_2.11,1.2.0,-,-,?,-,false,-
com.hacklanta,lift-formality_3.1_2.12,1.2.0,-,-,?,-,false,-
com.hacklanta,lift-formality_3.2_2.11,1.2.0,-,-,?,-,false,-
com.hacklanta,lift-formality_3.2_2.12,1.2.0,-,-,?,-,false,-
com.hacklanta,lift-formality_3.3_2.11,1.2.0,-,-,?,-,false,-
com.hacklanta,lift-formality_3.3_2.12,1.2.0,-,-,?,-,false,-
com.hbm,devscan,2.1.0,-,-,?,-,false,-
com.heroestools,masterleague4s_2.12,0.0.5,-,-,?,-,false,-
com.heroestools,mlapi_2.12,0.0.2,-,-,?,-,false,-
com.hubio,s3sftp-example,1.0.0,-,-,?,-,false,-
com.hubio,s3sftp-server,1.0.0,-,-,?,-,false,-
com.impetus.blkchn,blkchn-sql-addons,1.0.0,-,-,?,-,false,-
com.impetus.blkchn,blkchn-sql-interfaces,1.0.0,-,-,?,-,false,-
com.imsweb,algorithms,1.16,com.imsweb.algorithms,-,automatic,-,false,-
com.imsweb,data-generator,1.9,com.imsweb.datagenerator,-,automatic,-,false,-
com.imsweb,layout,1.12,com.imsweb.layout,-,automatic,-,false,-
com.imsweb,mph,1.10,com.imsweb.mph,-,automatic,-,false,-
com.imsweb,naaccr-geocoder-client,1.9,-,-,?,-,false,-
com.imsweb,naaccr-xml,4.11,com.imsweb.naaccrxml,-,automatic,-,false,-
com.imsweb,seerapi-client-java,3.11,-,-,?,-,false,-
com.imsweb,seerdata-utility,1.11,-,-,?,-,false,-
com.imsweb,seerutils,5.4,com.imsweb.seerutils,-,automatic,-,false,-
com.imsweb,seerutils-gui,1.11,com.imsweb.seerutilsgui,-,automatic,-,false,-
com.imsweb,staging-algorithm-cs,02.05.50.1,-,-,?,-,false,-
com.imsweb,staging-algorithm-eod-public,1.3,-,-,?,-,false,-
com.imsweb,staging-algorithm-tnm,1.9,-,-,?,-,false,-
com.imsweb,staging-client-java,4.1,-,-,?,-,false,-
com.imsweb,validation,1.20,com.imsweb.validation,-,automatic,-,false,-
com.imsweb,validation-edits-naaccr-translated,001-01,-,-,?,-,false,-
com.imsweb,validation-edits-ncdb-translated,001-01,-,-,?,-,false,-
com.imsweb,validation-edits-ncfd-translated,001-01,-,-,?,-,false,-
com.imsweb,validation-edits-seer,018-05,-,-,?,-,false,-
com.imsweb,x12-parser,1.4,-,-,?,-,false,-
com.jonnymatts,jzonbie,4.6.0,-,-,?,-,false,-
com.jonnymatts,jzonbie-client,4.6.0,-,-,?,-,false,-
com.jonnymatts,jzonbie-core,4.6.0,-,-,?,-,false,-
com.jonnymatts.prometheus,http-metrics-core,0.2,-,-,?,-,false,-
com.jonnymatts.prometheus,http-metrics-spring-boot,0.2,-,-,?,-,false,-
com.jonnymatts.prometheus,metrics-core,0.2.1,-,-,?,-,false,-
com.khubla.antlr,antlr4test-maven-plugin,1.10,-,-,?,-,false,-
com.khubla.olmreader,olmreader,1.2,-,-,?,-,false,java.awt.peer.ComponentPeer              Should not use. See https://bugs.openjdk.java.net/browse/JDK-8037739 + java.awt.peer.TextComponentPeer          Should not use. See https://bugs.openjdk.java.net/browse/JDK-8037739 + sun.reflect.Reflection                   Use java.lang.StackWalker @since 9
com.khubla.pdxreader,pdxreader,1.3,-,-,?,-,false,java.awt.peer.ComponentPeer              Should not use. See https://bugs.openjdk.java.net/browse/JDK-8037739 + java.awt.peer.TextComponentPeer          Should not use. See https://bugs.openjdk.java.net/browse/JDK-8037739 + sun.misc.Unsafe                          See http://openjdk.java.net/jeps/260
com.lacorepayments.processing.client,lacore-java,1.0.5,-,-,?,-,false,-
com.martiansoftware,tinyjournal,1.0.0,-,-,?,-,false,-
com.morscs,authn-x509,0.0.1,-,-,?,-,false,-
com.morscs,inspect-request,0.0.1,-,-,?,-,false,-
com.peachfuzzer.web,api,0.0.3,-,-,?,-,false,-
com.peachfuzzer.web,junit4,0.0.3,-,-,?,-,false,-
com.peachfuzzer.web,PeachProxy,0.0.2,-,-,?,-,false,-
com.pojosontheweb,selenium-utils-core,1.4.10,-,-,?,-,false,-
com.pojosontheweb,selenium-utils-groovy,1.4.10,-,-,?,-,false,-
com.puppycrawl.tools,checkstyle,8.12,-,-,?,-,false,-
com.quamto,apis-core,1.4.0,-,-,?,-,false,-
com.quamto.jira,plugins-base,1.5.2,-,-,?,-,false,-
com.quamto.jira,plugins-business,1.5.2,-,-,?,-,false,-
com.quamto.jira,plugins-data,1.5.2,-,-,?,-,false,-
com.quamto,quamto-core,1.4.0,-,-,?,-,false,-
com.rafaskoberg.gdx,typing-label,1.0.4,-,-,?,-,false,-
com.strongjoshua,libgdx-inGameConsole,0.9.0,-,-,?,-,false,-
com.tdunning,json,1.8,-,-,?,-,false,-
com.tdunning,t-digest,3.2,-,-,?,-,false,-
com.themodernway,logback-json-core,2.0.1-RELEASE,-,-,?,-,false,-
com.themodernway,logback-json-jackson,2.0.1-RELEASE,-,-,?,-,false,-
com.themodernway,themodernway-common,2.2.7-RELEASE,-,-,?,-,false,-
com.themodernway,themodernway-server-core,2.2.6-RELEASE,-,-,?,-,false,-
com.themodernway,themodernway-server-hazelcast,1.2.17-RELEASE,-,-,?,-,false,-
com.themodernway,themodernway-server-integration,2.2.6-RELEASE,-,-,?,-,false,-
com.themodernway,themodernway-server-mongodb,2.2.6-RELEASE,-,-,?,-,false,-
com.themodernway,themodernway-server-rest,2.2.6-RELEASE,-,-,?,-,false,-
com.themodernway,themodernway-server-sql,2.2.6-RELEASE,-,-,?,-,false,-
com.tokbox,opentok-server-sdk,4.2.0,-,-,?,-,false,-
com.trcooke.breakerbreaker,breakerbreaker,1.1,-,-,?,-,false,-
com.vansteve911,springboot-captcha,0.1.2,-,-,?,-,false,-
com.widen.oss,tabitha,0.1.1,-,-,?,-,false,-
com.worksap,icefig,0.2.5,-,-,?,-,false,-
com.yevdo,jwildcard,1.3,-,-,?,-,false,-
