groupId,artifactId,version,moduleName,moduleVersion,moduleMode,moduleDependencies,jdepsToolError,jdepsViolations
com.centit.framework,framework-base-view-easyui,3.1.1808,-,-,?,-,false,-
com.github.liujiebang,pay,1.1.1,-,-,?,-,false,-
com.github.troopson,noo,1.0.6,-,-,?,-,false,-
com.google.apis,google-api-services-doubleclicksearch,v2-rev188-1.24.1,-,-,?,-,false,-
com.google.apis,google-api-services-firestore,v1-rev4-1.24.1,-,-,?,-,false,-
com.google.apis,google-api-services-toolresults,v1beta3-rev446-1.24.1,-,-,?,-,false,-
com.sap.cloud.lm.sl.cf,com.sap.cloud.lm.sl.cf.api,1.65.2,-,-,?,-,false,-
com.sap.cloud.lm.sl.cf,com.sap.cloud.lm.sl.cf.client,1.65.2,-,-,?,-,false,-
com.sap.cloud.lm.sl.cf,com.sap.cloud.lm.sl.cf.core,1.65.2,-,-,?,-,false,-
com.sap.cloud.lm.sl.cf,com.sap.cloud.lm.sl.cf.persistence,1.65.2,-,-,?,-,false,-
com.sap.cloud.lm.sl.cf,com.sap.cloud.lm.sl.cf.process,1.65.2,-,-,?,-,false,-
com.threewks.spring,spring-boot-gae,2.1.3,-,-,?,-,false,-
dk.bankdata.gradle.swagger,gradle-swagger-plugin,2.0.2,-,-,?,-,false,-
foundation.icon,icon-sdk,0.9.3,-,-,?,-,false,-
org.realityforge.replicant,replicant-client,6.09,-,-,?,-,false,-
org.realityforge.replicant,replicant-server,6.09,-,-,?,-,false,-
