groupId,artifactId,version,moduleName,moduleVersion,moduleMode,moduleDependencies,jdepsToolError,jdepsViolations
com.baidu.hugegraph,hugegraph-common,1.5.1,-,-,?,-,false,-
com.bigchaindb,bigchaindb-driver,1.1,-,-,?,-,false,-
com.botscrew,bot-framework-messenger-spring-boot-starter,1.1.7,-,-,?,-,false,-
com.botscrew.botframework,telegram-spring-boot-starter,1.0.0,-,-,?,-,false,-
com.google.apis,google-api-services-searchconsole,v1-rev370-1.24.1,-,-,?,-,false,-
com.google.apis,google-api-services-youtubeAnalytics,v2-rev53-1.24.1,-,-,?,-,false,-
com.gu,facia-json_2.11,2.6.3,-,-,?,-,false,-
com.gu,facia-json-play25_2.11,2.6.3,-,-,?,-,false,-
com.gu,facia-json-play26_2.12,2.6.3,-,-,?,-,false,-
com.gu,fapi-client_2.11,2.6.3,-,-,?,-,false,-
com.gu,fapi-client-play25_2.11,2.6.3,-,-,?,-,false,-
com.gu,fapi-client-play26_2.12,2.6.3,-,-,?,-,false,-
com.profesorfalken,payzen-ws-stubs,1.0.3,-,-,?,-,false,-
com.sinnerschrader.aem.react,aem-react-api,0.24.3,-,-,?,-,false,-
com.sinnerschrader.aem.react,core,0.24.3,-,-,?,-,false,-
com.sinnerschrader.aem.react,generate-typescript-maven-plugin,0.24.3,-,-,?,-,false,-
de.julielab,julielab-java-utilities,1.0.4,-,-,?,-,false,-
io.smallrye,smallrye-open-api,1.0.2,-,-,?,-,false,-
io.smallrye,smallrye-open-api-docs,1.0.2,-,-,?,-,false,-
io.smallrye,smallrye-open-api-tck,1.0.2,-,-,?,-,false,-
net.tascalate.javaflow.util,net.tascalate.javaflow.util.lib,1.1.0,-,-,?,-,false,-
org.cache2k,cache2k-all,1.2.0.Final,-,-,?,-,false,-
org.cache2k,cache2k-api,1.2.0.Final,-,-,?,-,false,-
org.cache2k,cache2k-core,1.2.0.Final,-,-,?,-,false,-
org.cache2k,cache2k-jcache,1.2.0.Final,-,-,?,-,false,-
org.cache2k,cache2k-osgi-all,1.2.0.Final,-,-,?,-,false,-
org.cache2k,cache2k-schemas,1.2.0.Final,-,-,?,-,false,-
org.cache2k,cache2k-spring,1.2.0.Final,-,-,?,-,false,-
org.demoiselle.signer,chain-icp-brasil,3.2.12,-,-,?,-,false,-
org.demoiselle.signer,chain-icp-brasil-homolog,3.2.12,-,-,?,-,false,-
org.demoiselle.signer,core,3.2.12,-,-,?,-,false,-
org.demoiselle.signer,cryptography,3.2.12,-,-,?,-,false,com.sun.crypto.provider.SunJCE           Use java.security.Security.getProvider(provider-name) @since 1.3
org.demoiselle.signer,policy-engine,3.2.12,-,-,?,-,false,-
org.demoiselle.signer,policy-impl-cades,3.2.12,-,-,?,-,false,-
org.demoiselle.signer,timestamp,3.2.12,-,-,?,-,false,-
org.srcdeps.core,srcdeps-core,3.3.8,-,-,?,-,false,-
org.srcdeps.core,srcdeps-core-buildconfig,3.3.8,-,-,?,-,false,-
org.srcdeps.core,srcdeps-core-config-yaml,3.3.8,-,-,?,-,false,-
org.xtext,xtext-android-gradle-plugin,2.0.0,-,-,?,-,false,-
org.xtext,xtext-gradle-builder,2.0.0,-,-,?,-,false,-
org.xtext,xtext-gradle-plugin,2.0.0,-,-,?,-,false,-
org.xtext,xtext-gradle-protocol,2.0.0,-,-,?,-,false,-
org.xtext,xtext-idea-gradle-plugin,2.0.0,-,-,?,-,false,-
