groupId,artifactId,version,moduleName,moduleVersion,moduleMode,moduleDependencies,jdepsToolError,jdepsViolations
br.com.jarch,jarch-agent,18.12.0,-,-,?,-,false,-
br.com.jarch,jarch-annotation,18.12.0,-,-,?,-,false,-
br.com.jarch,jarch-apt,18.12.0,-,-,?,-,false,-
br.com.jarch,jarch-bpmn,18.12.0,-,-,?,-,false,-
br.com.jarch,jarch-cep,18.12.0,-,-,?,-,false,-
br.com.jarch,jarch-crud,18.12.0,-,-,?,-,false,-
br.com.jarch,jarch-docx,18.12.0,-,-,?,-,false,-
br.com.jarch,jarch-exception,18.12.0,-,-,?,-,false,-
br.com.jarch,jarch-jdbc,18.12.0,-,-,?,-,false,-
br.com.jarch,jarch-jpa,18.12.0,-,-,?,-,false,-
br.com.jarch,jarch-jsf,18.12.0,-,-,?,-,false,-
br.com.jarch,jarch-migration,18.12.0,-,-,?,-,false,-
br.com.jarch,jarch-model,18.12.0,-,-,?,-,false,-
br.com.jarch,jarch-report,18.12.0,-,-,?,-,false,-
br.com.jarch,jarch-svn,18.12.0,-,-,?,-,false,-
br.com.jarch,jarch-test,18.12.0,-,-,?,-,false,-
br.com.jarch,jarch-utils,18.12.0,-,-,?,-,false,-
com.ardikars.jxnet,jxnet,1.5.3.RC4,-,-,?,-,false,-
com.ardikars.jxnet,jxnet-benchmark,1.5.3.RC4,-,-,?,-,false,-
com.ardikars.jxnet,jxnet-context,1.5.3.RC4,-,-,?,-,false,-
com.ardikars.jxnet,jxnet-core,1.5.3.RC4,-,-,?,-,false,-
com.ardikars.jxnet,jxnet-example,1.5.3.RC4,-,-,?,-,false,-
com.ardikars.jxnet,jxnet-spring-boot-autoconfigure,1.5.3.RC4,-,-,?,-,false,-
com.ardikars.jxnet,jxnet-spring-boot-starter,1.5.3.RC4,-,-,?,-,false,-
com.ardikars.jxnet,jxnet-spring-boot-starter-example,1.5.3.RC4,-,-,?,-,false,-
com.github.bdoepf,spark-cassandra-sink_2.11,2.4.0,-,-,?,-,false,-
com.github.pyracantha,coccinea-core,0.0.2-11-d109e9a,-,-,?,-,false,-
com.notronix,JaLAPI,0.0.38,-,-,?,-,false,-
com.vladmihalcea,hibernate-types-4,2.4.0,com.vladmihalcea.hibernate.type,-,automatic,-,false,-
com.vladmihalcea,hibernate-types-43,2.4.0,com.vladmihalcea.hibernate.type,-,automatic,-,false,-
com.vladmihalcea,hibernate-types-52,2.4.0,com.vladmihalcea.hibernate.type,-,automatic,-,false,-
com.vladmihalcea,hibernate-types-5,2.4.0,com.vladmihalcea.hibernate.type,-,automatic,-,false,-
com.zaxxer,HikariCP,3.3.0,com.zaxxer.hikari,-,automatic,-,false,-
io.github.pcmind,leveldb,0.12,-,-,?,-,false,-
io.github.pcmind,leveldb-api,0.12,-,-,?,-,false,-
io.github.pcmind,leveldb-benchmark,0.12,-,-,?,-,false,-
