groupId,artifactId,version,moduleName,moduleVersion,moduleMode,moduleDependencies,jdepsToolError,jdepsViolations
com.ardikars.jxnet,jxnet,1.5.3.RC7,-,-,?,-,false,-
com.ardikars.jxnet,jxnet-benchmark,1.5.3.RC7,-,-,?,-,false,-
com.ardikars.jxnet,jxnet-context,1.5.3.RC7,-,-,?,-,false,-
com.ardikars.jxnet,jxnet-core,1.5.3.RC7,-,-,?,-,false,-
com.ardikars.jxnet,jxnet-example,1.5.3.RC7,-,-,?,-,false,-
com.ardikars.jxnet,jxnet-spring-boot-autoconfigure,1.5.3.RC7,-,-,?,-,false,-
com.ardikars.jxnet,jxnet-spring-boot-starter,1.5.3.RC7,-,-,?,-,false,-
com.ardikars.jxnet,jxnet-spring-boot-starter-example,1.5.3.RC7,-,-,?,-,false,-
com.caucho,resin-javaee16,4.0.50,-,-,?,-,false,-
com.emcoo.ef,emcoo-common,1.0.8,-,-,?,-,false,-
com.emcoo.ef,emcoo-filesystem,1.0.8,-,-,?,-,false,-
com.emcoo.ef,emcoo-notification,1.0.8,-,-,?,-,false,-
com.emcoo.ef,emcoo-restful,1.0.8,-,-,?,-,false,-
com.emcoo.ef,emcoo-validator,1.0.8,-,-,?,-,false,-
com.github.basking2,sdsai-itrex,1.1.19,-,-,?,-,false,-
com.graphql-java,graphql-java,2019-01-03T03-56-42-93f1c2f,-,-,?,-,false,-
com.liferay,com.liferay.gradle.plugins,3.12.49,-,-,?,-,false,-
com.liferay,com.liferay.gradle.plugins.defaults,5.5.98,-,-,?,-,false,-
com.liferay,com.liferay.gradle.plugins.source.formatter,2.3.256,-,-,?,-,false,-
com.liferay,com.liferay.source.formatter,1.0.656,-,-,?,-,false,-
org.mnode.ical4j,ical4j-vcard,1.0.5,-,-,?,-,false,-
