com.definesys.mpaas,query,0.0.2,-,-,?,-,false,sun.misc.Unsafe                          See http://openjdk.java.net/jeps/260 + sun.reflect.ConstructorAccessor          Removed. See http://openjdk.java.net/jeps/260 + sun.reflect.FieldAccessor                Removed. See http://openjdk.java.net/jeps/260 + sun.reflect.MethodAccessor               Removed. See http://openjdk.java.net/jeps/260 + sun.security.krb5.Asn1Exception          Use com.sun.security.jgss + sun.security.krb5.Checksum               Use com.sun.security.jgss + sun.security.krb5.EncryptedData          Use com.sun.security.jgss + sun.security.krb5.EncryptionKey          Use com.sun.security.jgss + sun.security.krb5.KrbCryptoException     Use com.sun.security.jgss + sun.security.krb5.RealmException         Use com.sun.security.jgss + sun.security.krb5.internal.APReq         Use com.sun.security.jgss + sun.security.krb5.internal.Authenticator Use com.sun.security.jgss + sun.security.krb5.internal.KRBCred       Use com.sun.security.jgss + sun.security.krb5.internal.KdcErrException Use com.sun.security.jgss + sun.security.krb5.internal.KrbApErrException Use com.sun.security.jgss + sun.security.krb5.internal.Ticket        Use com.sun.security.jgss
com.github.zhycn,openyich-framework,2.1.7,-,-,?,-,false,-
eu.binjr,binjr-adapter-csv,2.2.0,-,-,?,-,false,-
eu.binjr,binjr-adapter-jrds,2.2.0,-,-,?,-,false,-
eu.binjr,binjr-adapter-rrd4j,2.2.0,-,-,?,-,false,-
eu.binjr,binjr-core,2.2.0,-,-,?,-,false,-
io.github.moyada,medivh,1.2.0,-,-,?,-,false,com.sun.tools.javac.code.Attribute       Use javax.tools and javax.lang.model @since 1.6 + com.sun.tools.javac.code.Attribute$Compound Use javax.tools and javax.lang.model @since 1.6 + com.sun.tools.javac.code.Flags           Use javax.tools and javax.lang.model @since 1.6 + com.sun.tools.javac.code.Symbol          Use javax.tools and javax.lang.model @since 1.6 + com.sun.tools.javac.code.Symbol$ClassSymbol Use javax.tools and javax.lang.model @since 1.6 + com.sun.tools.javac.code.Symbol$MethodSymbol Use javax.tools and javax.lang.model @since 1.6 + com.sun.tools.javac.code.Symbol$TypeSymbol Use javax.tools and javax.lang.model @since 1.6 + com.sun.tools.javac.code.Symbol$VarSymbol Use javax.tools and javax.lang.model @since 1.6 + com.sun.tools.javac.code.Type            Use javax.tools and javax.lang.model @since 1.6 + com.sun.tools.javac.code.Types           Use javax.tools and javax.lang.model @since 1.6 + com.sun.tools.javac.main.JavaCompiler    Use javax.tools and javax.lang.model @since 1.6 + com.sun.tools.javac.model.JavacElements  Use javax.tools and javax.lang.model @since 1.6 + com.sun.tools.javac.processing.JavacProcessingEnvironment Use javax.tools and javax.lang.model @since 1.6 + com.sun.tools.javac.tree.JCTree          Use com.sun.source @since 1.6 + com.sun.tools.javac.tree.JCTree$JCAssign Use com.sun.source @since 1.6 + com.sun.tools.javac.tree.JCTree$JCBlock  Use com.sun.source @since 1.6 + com.sun.tools.javac.tree.JCTree$JCClassDecl Use com.sun.source @since 1.6 + com.sun.tools.javac.tree.JCTree$JCExpression Use com.sun.source @since 1.6 + com.sun.tools.javac.tree.JCTree$JCExpressionStatement Use com.sun.source @since 1.6 + com.sun.tools.javac.tree.JCTree$JCFieldAccess Use com.sun.source @since 1.6 + com.sun.tools.javac.tree.JCTree$JCIdent  Use com.sun.source @since 1.6 + com.sun.tools.javac.tree.JCTree$JCIf     Use com.sun.source @since 1.6 + com.sun.tools.javac.tree.JCTree$JCLiteral Use com.sun.source @since 1.6 + com.sun.tools.javac.tree.JCTree$JCMethodDecl Use com.sun.source @since 1.6 + com.sun.tools.javac.tree.JCTree$JCMethodInvocation Use com.sun.source @since 1.6 + com.sun.tools.javac.tree.JCTree$JCModifiers Use com.sun.source @since 1.6 + com.sun.tools.javac.tree.JCTree$JCNewClass Use com.sun.source @since 1.6 + com.sun.tools.javac.tree.JCTree$JCReturn Use com.sun.source @since 1.6 + com.sun.tools.javac.tree.JCTree$JCStatement Use com.sun.source @since 1.6 + com.sun.tools.javac.tree.JCTree$JCTypeParameter Use com.sun.source @since 1.6 + com.sun.tools.javac.tree.JCTree$JCVariableDecl Use com.sun.source @since 1.6 + com.sun.tools.javac.tree.JCTree$Visitor  Use com.sun.source @since 1.6 + com.sun.tools.javac.tree.TreeMaker       Use com.sun.source @since 1.6 + com.sun.tools.javac.tree.TreeTranslator  Use com.sun.source @since 1.6 + com.sun.tools.javac.util.Context         Use javax.tools and javax.lang.model @since 1.6 + com.sun.tools.javac.util.List            Use javax.tools and javax.lang.model @since 1.6 + com.sun.tools.javac.util.ListBuffer      Use javax.tools and javax.lang.model @since 1.6 + com.sun.tools.javac.util.Name            Use javax.tools and javax.lang.model @since 1.6
org.chenmin.open,objector,0.1.0,-,-,?,-,false,-
org.chenmin.open,objector-ots,0.1.0,-,-,?,-,false,-
org.javers,javers-core,5.1.1,-,-,?,-,false,-
org.javers,javers-persistence-mongo,5.1.1,-,-,?,-,false,-
org.javers,javers-persistence-sql,5.1.1,-,-,?,-,false,-
org.javers,javers-spring,5.1.1,-,-,?,-,false,-
org.javers,javers-spring-boot-starter-mongo,5.1.1,-,-,?,-,false,-
org.javers,javers-spring-boot-starter-sql,5.1.1,-,-,?,-,false,-
org.javers,javers-spring-jpa,5.1.1,-,-,?,-,false,-
org.javers,javers-spring-mongo,5.1.1,-,-,?,-,false,-
top.arkstack,shine-mq,2.0.0,-,-,?,-,false,-
