groupId,artifactId,version,moduleName,moduleVersion,moduleMode,moduleDependencies,jdepsToolError,jdepsViolations
org.wso2.carbon.identity.inbound.auth.saml2,org.wso2.carbon.identity.query.saml,5.4.27,-,-,?,-,false,-
org.wso2.carbon.identity.inbound.auth.saml2,org.wso2.carbon.identity.sso.saml,5.4.27,-,-,?,-,false,-
org.wso2.carbon.identity.inbound.auth.saml2,org.wso2.carbon.identity.sso.saml.common,5.4.27,-,-,?,-,false,-
org.wso2.carbon.identity.inbound.auth.saml2,org.wso2.carbon.identity.sso.saml.stub,5.4.27,-,-,?,-,false,-
org.wso2.carbon.identity.inbound.auth.saml2,org.wso2.carbon.identity.sso.saml.ui,5.4.27,-,-,?,-,false,-
