groupId,artifactId,version,moduleName,moduleVersion,moduleMode,moduleDependencies,jdepsToolError,jdepsViolations
com.casualmiracles,treelog-cats_2.12,1.4.7,-,-,?,-,false,-
com.github.darrenjw,scala-smfsb_2.11,0.6,-,-,?,-,false,-
com.github.darrenjw,scala-smfsb_2.12,0.6,-,-,?,-,false,-
com.github.marcoferrer.krotoplus,protoc-gen-grpc-coroutines,0.2.2-RC1,-,-,?,-,false,-
com.socrata,soda-api-java,0.10.4,-,-,?,-,false,-
edu.umn.biomedicus,biomedicus-tokenizer,0.0.2,-,-,?,-,false,-
io.github.openunirest,object-mappers-jackson,3.0.02,-,-,?,-,false,-
org.mockito,mockito-scala_2.11,1.0.8,-,-,?,-,false,-
org.mockito,mockito-scala_2.12,1.0.8,-,-,?,-,false,-
