groupId,artifactId,version,moduleName,moduleVersion,moduleMode,moduleDependencies,jdepsToolError,jdepsViolations
cn.minsin,mutils-alipay,0.1.8,-,-,?,-,false,-
cn.minsin,mutils-core,0.1.8,-,-,?,-,false,-
cn.minsin,mutils-dianwoda,0.1.8,-,-,?,-,false,-
cn.minsin,mutils-excel,0.1.8,-,-,?,-,false,-
cn.minsin,mutils-file,0.1.8,-,-,?,-,false,-
cn.minsin,mutils-kuaidi100,0.1.8,-,-,?,-,false,-
cn.minsin,mutils-spring-boot-autoconfigure,0.1.8,-,-,?,-,false,-
cn.minsin,mutils-spring-boot-starter,0.1.8,-,-,?,-,false,-
cn.minsin,mutils-wechat-miniprogram,0.1.8,-,-,?,-,false,-
cn.minsin,mutils-wechat-wechatpay-core,0.1.8,-,-,?,-,false,-
cn.minsin,mutils-yiketong,0.1.8,-,-,?,-,false,-
com.automattic,elasticsearch-statsd,6.4.3.0,-,-,?,-,false,-
com.github.dannil,scb-java-client,2.2.0,-,-,?,-,false,-
com.jdkhome.blzo,blzo-ex-authj,0.0.6,-,-,?,-,false,-
com.jdkhome.blzo,blzo-ex-basic,0.0.6,-,-,?,-,false,-
com.jdkhome.blzo,blzo-ex-ip2region,0.0.6,-,-,?,-,false,-
com.jdkhome.blzo,blzo-ex-redission,0.0.6,-,-,?,-,false,-
com.jdkhome.blzo,blzo-ex-usignin,0.0.6,-,-,?,-,false,-
com.jdkhome.blzo,blzo-ex-utils,0.0.6,-,-,?,-,false,-
com.jdkhome.blzo,blzo-ex-version,0.0.6,-,-,?,-,false,-
li.allan,easycache-cache,0.1,-,-,?,-,false,-
net.ymate.apidocs,ymate-apidocs-annotation,1.0.0,-,-,?,-,false,-
net.ymate.apidocs,ymate-apidocs-core,1.0.0,-,-,?,-,false,-
net.ymate.apidocs,ymate-apidocs-impl,1.0.0,-,-,?,-,false,-
net.ymate.module,ymate-module-captcha,1.0.1,-,-,?,-,false,-
net.ymate.module,ymate-module-captcha-web,1.0.1,-,-,?,-,false,-
net.ymate.module,ymate-module-oauth-connector,1.0.1,-,-,?,-,false,-
net.ymate.module,ymate-module-sso,1.0.1,-,-,?,-,false,-
org.rapidpm,rapidpm-functional-reactive,01.00.00-RPM,-,-,?,-,false,-
