groupId,artifactId,version,moduleName,moduleVersion,moduleMode,moduleDependencies,jdepsToolError,jdepsViolations
be.yildiz-games,module-network-netty,2.0.3,be.yildizgames.module.network.netty,-,explicit,be.yildizgames.common.logging + be.yildizgames.common.model + be.yildizgames.module.network + io.netty.all + java.base + slf4j.api,false,-
com.47deg,pbdirect_2.11,0.2.0,-,-,?,-,false,-
com.47deg,pbdirect_2.12,0.2.0,-,-,?,-,false,-
com.actelion.research,image-provider-omero,1.5.10,-,-,?,-,false,-
com.ardikars.jxnet,jxnet,1.5.4.RC1,-,-,?,-,false,-
com.ardikars.jxnet,jxnet-benchmark,1.5.4.RC1,-,-,?,-,false,-
com.ardikars.jxnet,jxnet-context,1.5.4.RC1,-,-,?,-,false,-
com.ardikars.jxnet,jxnet-core,1.5.4.RC1,-,-,?,-,false,-
com.ardikars.jxnet,jxnet-example,1.5.4.RC1,-,-,?,-,false,-
com.ardikars.jxnet,jxnet-spring-boot-autoconfigure,1.5.4.RC1,-,-,?,-,false,-
com.ardikars.jxnet,jxnet-spring-boot-starter,1.5.4.RC1,-,-,?,-,false,-
com.ardikars.jxnet,jxnet-spring-boot-starter-example,1.5.4.RC1,-,-,?,-,false,-
com.github.saphyra,cache,1.0.3,-,-,?,-,false,-
com.github.vanbv,num,0.0.2,-,-,?,-,false,-
com.somospnt,loader-lib,1.0.3,-,-,?,-,false,-
com.vmware.vcloud,vcd-bindings-generator,0.9.0,-,-,?,-,false,-
com.vmware.vcloud,vcd-bindings-maven-plugin,0.9.0,-,-,?,-,false,-
com.vmware.vcloud,vcd-xjc-plugins,0.9.0,-,-,?,-,false,-
com.worldpay,cse-android-sdk,1.0.4,-,-,?,-,false,-
de.alpharogroup,pg-enum-usertype,1,-,-,?,-,false,-
de.alpharogroup,resource-bundles-view-model,1,-,-,?,-,false,-
de.carne.common,java-security,1.0.0,de.carne.security,-,automatic,-,false,-
de.julielab,jcore-banner-ae-biomedical-english,2.3.10,-,-,?,-,false,-
de.julielab,jcore-biosem-ae-bionlp-st09,2.3.10,-,-,?,-,false,-
de.julielab,jcore-biosem-ae-bionlp-st11,2.3.10,-,-,?,-,false,-
de.julielab,jcore-biosem-ae-bionlp-st13,2.3.10,-,-,?,-,false,-
de.julielab,jcore-jnet-ae-biomedical-english,2.3.10,-,-,?,-,false,-
de.julielab,jcore-jpos-ae-medical-german,2.3.10,-,-,?,-,false,-
de.julielab,jcore-jsbd-ae-biomedical-english,2.3.10,-,-,?,-,false,-
de.julielab,jcore-jsbd-ae-medical-german,2.3.10,-,-,?,-,false,-
de.julielab,jcore-jtbd-ae-biomedical-english,2.3.10,-,-,?,-,false,-
de.julielab,jcore-jtbd-ae-medical-german,2.3.10,-,-,?,-,false,-
de.julielab,jcore-lingpipegazetteer-ae-dummy-implementation,2.3.10,-,-,?,-,false,-
de.julielab,jcore-linnaeus-species-ae-genera-species-proxies-dicts,2.3.10,-,-,?,-,false,-
de.julielab,jcore-linnaeus-species-ae-proxies-dict,2.3.10,-,-,?,-,false,-
de.julielab,jcore-linnaeus-species-ae-species-dict,2.3.10,-,-,?,-,false,-
de.julielab,jcore-medline-db-reader,2.3.10,-,-,?,-,false,-
de.julielab,jcore-medline-reader,2.3.10,-,-,?,-,false,-
de.julielab,jcore-mstparser-ae-biomedical-english,2.3.10,-,-,?,-,false,-
de.julielab,jcore-opennlp-chunk-ae-biomedical-english,2.3.10,-,-,?,-,false,-
de.julielab,jcore-opennlp-parser-ae-biomedical-english,2.3.10,-,-,?,-,false,-
de.julielab,jcore-opennlp-postag-ae-biomedical-english,2.3.10,-,-,?,-,false,-
de.julielab,jcore-opennlp-postag-ae-medical-german,2.3.10,-,-,?,-,false,-
de.julielab,jcore-opennlp-sentence-ae-biomedical-english,2.3.10,-,-,?,-,false,-
de.julielab,jcore-opennlp-sentence-ae-medical-german,2.3.10,-,-,?,-,false,-
de.julielab,jcore-opennlp-token-ae-biomedical-english,2.3.10,-,-,?,-,false,-
de.julielab,jcore-opennlp-token-ae-medical-german,2.3.10,-,-,?,-,false,-
de.julielab,jcore-pubmed-db-reader,2.3.10,-,-,?,-,false,-
de.julielab,jcore-pubmed-reader,2.3.10,-,-,?,-,false,-
io.jaegertracing,jaeger-client,0.33.1,-,-,?,-,false,-
io.jaegertracing,jaeger-core,0.33.1,-,-,?,-,false,-
io.jaegertracing,jaeger-crossdock,0.33.1,-,-,?,-,false,-
io.jaegertracing,jaeger-micrometer,0.33.1,-,-,?,-,false,-
io.jaegertracing,jaeger-thrift,0.33.1,-,-,?,-,false,-
io.jaegertracing,jaeger-tracerresolver,0.33.1,-,-,?,-,false,-
io.jaegertracing,jaeger-zipkin,0.33.1,-,-,?,-,false,-
org.eclipse.microprofile.openapi,microprofile-openapi-api,2.0-MR1,-,-,?,-,false,-
org.eclipse.microprofile.openapi,microprofile-openapi-spi,2.0-MR1,-,-,?,-,false,-
org.eclipse.microprofile.openapi,microprofile-openapi-tck,2.0-MR1,-,-,?,-,false,-
org.scalameta,mdoc_2.12,1.2.2,-,-,?,-,false,-
org.scalameta,mdoc-docs_2.12,1.2.2,-,-,?,-,false,-
org.scalameta,mdoc-js_2.12,1.2.2,-,-,?,-,false,-
org.scalameta,mdoc-lsp_2.12,1.2.2,-,-,?,-,false,-
org.scalameta,mdoc-runtime_2.12,1.2.2,-,-,?,-,false,-
