groupId,artifactId,version,moduleName,moduleVersion,moduleMode,moduleDependencies,jdepsToolError,jdepsViolations
com.auth0,auth0,1.10.0,-,-,?,-,false,-
com.auth0,auth0-spring-security-api,1.2.1,-,-,?,-,false,-
com.auth0,jwks-rsa,0.7.0,-,-,?,-,false,-
com.auth0,mvc-auth-commons,1.0.3,-,-,?,-,false,-
com.budjb,http-requests-groovy,2.0.3.BETA,-,-,?,-,false,-
com.github.saphyra,auth-service,1.0.2,-,-,?,-,false,-
com.icfolson.aem.library,aem-library-api,11.1.0,-,-,?,-,false,-
com.icfolson.aem.library,aem-library-core,11.1.0,-,-,?,-,false,-
com.icfolson.aem.library,aem-library-models,11.1.0,-,-,?,-,false,-
com.icfolson.aem.library,aem-library-ui,11.1.0,-,-,?,-,false,-
com.netflix.evcache,evcache-client,5.0.30-rc.1,-,-,?,-,false,-
com.netflix.evcache,evcache-client-sample,5.0.30-rc.1,-,-,?,-,false,-
com.netflix.evcache,evcache-core,5.0.30-rc.1,-,-,?,-,false,sun.misc.Cleaner                         Use java.lang.ref.PhantomReference @since 1.2 or java.lang.ref.Cleaner @since 9
com.spotify.ffwd,ffwd-agent,0.4.1,org.apache.logging.log4j,-,explicit,java.base,false,-
com.spotify.ffwd,ffwd-api,0.4.1,-,-,?,-,false,-
com.spotify.ffwd,ffwd-core,0.4.1,-,-,?,-,false,-
com.spotify.ffwd,ffwd-module-carbon,0.4.1,-,-,?,-,false,-
com.spotify.ffwd,ffwd-module-http,0.4.1,-,-,?,-,false,-
com.spotify.ffwd,ffwd-module-json,0.4.1,-,-,?,-,false,-
com.spotify.ffwd,ffwd-module-kafka,0.4.1,-,-,?,-,false,-
com.spotify.ffwd,ffwd-module-protobuf,0.4.1,-,-,?,-,false,-
com.spotify.ffwd,ffwd-module-pubsub,0.4.1,-,-,?,-,false,sun.misc.Unsafe                          See http://openjdk.java.net/jeps/260 + sun.security.x509.X500Name               Use javax.security.auth.x500.X500Principal @since 1.4
com.spotify.ffwd,ffwd-module-riemann,0.4.1,-,-,?,-,false,-
com.spotify.ffwd,ffwd-module-signalfx,0.4.1,-,-,?,-,false,-
com.spotify.ffwd,ffwd-module-template,0.4.1,-,-,?,-,false,-
com.spotify.ffwd,ffwd-protobuf250,0.4.1,-,-,?,-,false,-
de.elnarion.maven,plantuml-generator-maven-plugin,0.9.2,-,-,?,-,false,-
de.elnarion.util,plantuml-generator-util,0.9.2,-,-,?,-,false,-
io.circe,circe-jackson25_2.11,0.11.0,-,-,?,-,false,-
io.circe,circe-jackson25_2.12,0.11.0,-,-,?,-,false,-
io.circe,circe-jackson26_2.11,0.11.0,-,-,?,-,false,-
io.circe,circe-jackson26_2.12,0.11.0,-,-,?,-,false,-
io.circe,circe-jackson27_2.11,0.11.0,-,-,?,-,false,-
io.circe,circe-jackson27_2.12,0.11.0,-,-,?,-,false,-
io.circe,circe-jackson28_2.11,0.11.0,-,-,?,-,false,-
io.circe,circe-jackson28_2.12,0.11.0,-,-,?,-,false,-
io.circe,circe-jackson29_2.11,0.11.0,-,-,?,-,false,-
io.circe,circe-jackson29_2.12,0.11.0,-,-,?,-,false,-
io.circe,circe-optics_2.11,0.11.0,-,-,?,-,false,-
io.circe,circe-optics_2.12,0.11.0,-,-,?,-,false,-
io.circe,circe-optics_sjs0.6_2.11,0.11.0,-,-,?,-,false,-
io.circe,circe-optics_sjs0.6_2.12,0.11.0,-,-,?,-,false,-
io.erhardt,pirg,0.0.2,-,-,?,-,false,-
io.nflow,nflow-engine,5.3.0,-,-,?,-,false,-
io.nflow,nflow-jetty,5.3.0,-,-,?,-,false,-
io.nflow,nflow-metrics,5.3.0,-,-,?,-,false,-
io.nflow,nflow-netty,5.3.0,-,-,?,-,false,-
io.nflow,nflow-perf-test,5.3.0,-,-,?,-,false,sun.misc.Unsafe                          See http://openjdk.java.net/jeps/260 + sun.reflect.Reflection                   Use java.lang.StackWalker @since 9
io.nflow,nflow-rest-api-common,5.3.0,-,-,?,-,false,-
io.nflow,nflow-rest-api-jax-rs,5.3.0,-,-,?,-,false,-
io.nflow,nflow-rest-api-spring-web,5.3.0,-,-,?,-,false,-
io.nflow,nflow-server-common,5.3.0,-,-,?,-,false,-
io.nflow,nflow-tests,5.3.0,-,-,?,-,false,java.awt.peer.ComponentPeer              Should not use. See https://bugs.openjdk.java.net/browse/JDK-8037739 + sun.misc.Unsafe                          See http://openjdk.java.net/jeps/260 + sun.reflect.Reflection                   Use java.lang.StackWalker @since 9
me.jorgecastillo,hiroaki-core,0.0.9,-,-,?,-,false,-
net.codecrafting,springfx-core,0.1.0-BETA4,-,-,?,-,false,-
net.liftmodules,fobo_3.3_2.11,2.1.1,-,-,?,-,false,-
net.liftmodules,fobo_3.3_2.12,2.1.1,-,-,?,-,false,-
net.liftmodules,fobo-angularjs_3.3_2.11,2.1.1,-,-,?,-,false,-
net.liftmodules,fobo-angularjs_3.3_2.12,2.1.1,-,-,?,-,false,-
net.liftmodules,fobo-angularjs-api_3.3_2.11,2.1.1,-,-,?,-,false,-
net.liftmodules,fobo-angularjs-api_3.3_2.12,2.1.1,-,-,?,-,false,-
net.liftmodules,fobo-angularjs-res_3.3_2.11,2.1.1,-,-,?,-,false,-
net.liftmodules,fobo-angularjs-res_3.3_2.12,2.1.1,-,-,?,-,false,-
net.liftmodules,fobo-api_3.3_2.11,2.1.1,-,-,?,-,false,-
net.liftmodules,fobo-api_3.3_2.12,2.1.1,-,-,?,-,false,-
net.liftmodules,fobo-font-awesome_3.3_2.11,2.1.1,-,-,?,-,false,-
net.liftmodules,fobo-font-awesome_3.3_2.12,2.1.1,-,-,?,-,false,-
net.liftmodules,fobo-font-awesome-api_3.3_2.11,2.1.1,-,-,?,-,false,-
net.liftmodules,fobo-font-awesome-api_3.3_2.12,2.1.1,-,-,?,-,false,-
net.liftmodules,fobo-font-awesome-res_3.3_2.11,2.1.1,-,-,?,-,false,-
net.liftmodules,fobo-font-awesome-res_3.3_2.12,2.1.1,-,-,?,-,false,-
net.liftmodules,fobo-google-code-prettify_3.3_2.11,2.1.1,-,-,?,-,false,-
net.liftmodules,fobo-google-code-prettify_3.3_2.12,2.1.1,-,-,?,-,false,-
net.liftmodules,fobo-google-code-prettify-res_3.3_2.11,2.1.1,-,-,?,-,false,-
net.liftmodules,fobo-google-code-prettify-res_3.3_2.12,2.1.1,-,-,?,-,false,-
net.liftmodules,fobo-highlightjs_3.3_2.11,2.1.1,-,-,?,-,false,-
net.liftmodules,fobo-highlightjs_3.3_2.12,2.1.1,-,-,?,-,false,-
net.liftmodules,fobo-highlightjs-api_3.3_2.11,2.1.1,-,-,?,-,false,-
net.liftmodules,fobo-highlightjs-api_3.3_2.12,2.1.1,-,-,?,-,false,-
net.liftmodules,fobo-highlightjs-res_3.3_2.11,2.1.1,-,-,?,-,false,-
net.liftmodules,fobo-highlightjs-res_3.3_2.12,2.1.1,-,-,?,-,false,-
net.liftmodules,fobo-jquery_3.3_2.11,2.1.1,-,-,?,-,false,-
net.liftmodules,fobo-jquery_3.3_2.12,2.1.1,-,-,?,-,false,-
net.liftmodules,fobo-jquery-api_3.3_2.11,2.1.1,-,-,?,-,false,-
net.liftmodules,fobo-jquery-api_3.3_2.12,2.1.1,-,-,?,-,false,-
net.liftmodules,fobo-jquery-res_3.3_2.11,2.1.1,-,-,?,-,false,-
net.liftmodules,fobo-jquery-res_3.3_2.12,2.1.1,-,-,?,-,false,-
net.liftmodules,fobo-pace_3.3_2.11,2.1.1,-,-,?,-,false,-
net.liftmodules,fobo-pace_3.3_2.12,2.1.1,-,-,?,-,false,-
net.liftmodules,fobo-pace-api_3.3_2.11,2.1.1,-,-,?,-,false,-
net.liftmodules,fobo-pace-api_3.3_2.12,2.1.1,-,-,?,-,false,-
net.liftmodules,fobo-pace-res_3.3_2.11,2.1.1,-,-,?,-,false,-
net.liftmodules,fobo-pace-res_3.3_2.12,2.1.1,-,-,?,-,false,-
net.liftmodules,fobo-popper_3.3_2.11,2.1.1,-,-,?,-,false,-
net.liftmodules,fobo-popper_3.3_2.12,2.1.1,-,-,?,-,false,-
net.liftmodules,fobo-popper-api_3.3_2.11,2.1.1,-,-,?,-,false,-
net.liftmodules,fobo-popper-api_3.3_2.12,2.1.1,-,-,?,-,false,-
net.liftmodules,fobo-popper-res_3.3_2.11,2.1.1,-,-,?,-,false,-
net.liftmodules,fobo-popper-res_3.3_2.12,2.1.1,-,-,?,-,false,-
net.liftmodules,fobo-tooltip_3.3_2.11,2.1.1,-,-,?,-,false,-
net.liftmodules,fobo-tooltip_3.3_2.12,2.1.1,-,-,?,-,false,-
net.liftmodules,fobo-tooltip-api_3.3_2.11,2.1.1,-,-,?,-,false,-
net.liftmodules,fobo-tooltip-api_3.3_2.12,2.1.1,-,-,?,-,false,-
net.liftmodules,fobo-tooltip-res_3.3_2.11,2.1.1,-,-,?,-,false,-
net.liftmodules,fobo-tooltip-res_3.3_2.12,2.1.1,-,-,?,-,false,-
net.liftmodules,fobo-twbs-bootstrap3_3.3_2.11,2.1.1,-,-,?,-,false,-
net.liftmodules,fobo-twbs-bootstrap3_3.3_2.12,2.1.1,-,-,?,-,false,-
net.liftmodules,fobo-twbs-bootstrap3-api_3.3_2.11,2.1.1,-,-,?,-,false,-
net.liftmodules,fobo-twbs-bootstrap3-api_3.3_2.12,2.1.1,-,-,?,-,false,-
net.liftmodules,fobo-twbs-bootstrap3-res_3.3_2.11,2.1.1,-,-,?,-,false,-
net.liftmodules,fobo-twbs-bootstrap3-res_3.3_2.12,2.1.1,-,-,?,-,false,-
net.liftmodules,fobo-twbs-bootstrap4_3.3_2.11,2.1.1,-,-,?,-,false,-
net.liftmodules,fobo-twbs-bootstrap4_3.3_2.12,2.1.1,-,-,?,-,false,-
net.liftmodules,fobo-twbs-bootstrap4-api_3.3_2.11,2.1.1,-,-,?,-,false,-
net.liftmodules,fobo-twbs-bootstrap4-api_3.3_2.12,2.1.1,-,-,?,-,false,-
net.liftmodules,fobo-twbs-bootstrap4-res_3.3_2.11,2.1.1,-,-,?,-,false,-
net.liftmodules,fobo-twbs-bootstrap4-res_3.3_2.12,2.1.1,-,-,?,-,false,-
net.liftmodules,fobo-twitter-bootstrap_3.3_2.11,2.1.1,-,-,?,-,false,-
net.liftmodules,fobo-twitter-bootstrap_3.3_2.12,2.1.1,-,-,?,-,false,-
net.liftmodules,fobo-twitter-bootstrap-api_3.3_2.11,2.1.1,-,-,?,-,false,-
net.liftmodules,fobo-twitter-bootstrap-api_3.3_2.12,2.1.1,-,-,?,-,false,-
net.liftmodules,fobo-twitter-bootstrap-res_3.3_2.11,2.1.1,-,-,?,-,false,-
net.liftmodules,fobo-twitter-bootstrap-res_3.3_2.12,2.1.1,-,-,?,-,false,-
nl.bstoi.poiparser,PoiParser,4.0.2,-,-,?,-,false,-
org.rapidpm,rapidpm-junit5-ext-servlet-container-api,01.00.00-RPM,-,-,?,-,false,-
org.rapidpm,rapidpm-junit5-ext-servlet-container-impl-meecrowave,01.00.00-RPM,-,-,?,-,false,-
org.rapidpm,rapidpm-junit5-ext-servlet-container-impl-none,01.00.00-RPM,-,-,?,-,false,-
org.rapidpm,rapidpm-junit5-ext-servlet-container-impl-spring-boot-v1,01.00.00-RPM,-,-,?,-,false,-
org.rapidpm,rapidpm-junit5-ext-servlet-container-impl-spring-boot-v2,01.00.00-RPM,-,-,?,-,false,-
