groupId,artifactId,version,moduleName,moduleVersion,moduleMode,moduleDependencies,jdepsToolError,jdepsViolations
au.id.tmm,countstv_2.12,0.1.12,-,-,?,-,false,-
com.aliyun.openservices,tablestore,4.9.0,-,-,?,-,false,-
com.caucho,resin,4.0.52,-,-,?,-,false,sun.security.x509.X500Name               Use javax.security.auth.x500.X500Principal @since 1.4
com.codacy,bitbucket-scala-client_2.11,8.2.0,-,-,?,-,false,-
com.emarsys,permission-system-scala-sdk_2.12,0.0.1,-,-,?,-,false,-
com.github.engwen,owlMagicUtil,2.3.3,-,-,?,-,false,-
com.icthh.xm.commons,xm-commons-config,1.2.20,-,-,?,-,false,-
com.icthh.xm.commons,xm-commons-exceptions,1.2.20,-,-,?,-,false,-
com.icthh.xm.commons,xm-commons-i18n,1.2.20,-,-,?,-,false,-
com.icthh.xm.commons,xm-commons-lep,1.2.20,-,-,?,-,false,-
com.icthh.xm.commons,xm-commons-logging,1.2.20,-,-,?,-,false,-
com.icthh.xm.commons,xm-commons-logging-web,1.2.20,-,-,?,-,false,-
com.icthh.xm.commons,xm-commons-messaging,1.2.20,-,-,?,-,false,-
com.icthh.xm.commons,xm-commons-migration-db,1.2.20,-,-,?,-,false,-
com.icthh.xm.commons,xm-commons-ms-web,1.2.20,-,-,?,-,false,-
com.icthh.xm.commons,xm-commons-permission,1.2.20,-,-,?,-,false,-
com.icthh.xm.commons,xm-commons-request,1.2.20,-,-,?,-,false,-
com.icthh.xm.commons,xm-commons-scheduler,1.2.20,-,-,?,-,false,-
com.icthh.xm.commons,xm-commons-security,1.2.20,-,-,?,-,false,-
com.icthh.xm.commons,xm-commons-tenant,1.2.20,-,-,?,-,false,-
com.icthh.xm.commons,xm-commons-tenant-endpoint,1.2.20,-,-,?,-,false,-
com.icthh.xm.commons,xm-commons-timeline,1.2.20,-,-,?,-,false,-
de.julielab,jcore-db-reader,2.3.9,-,-,?,-,false,-
de.julielab,jcore-xmi-db-reader,2.3.9,-,-,?,-,false,-
de.julielab,jcore-xmi-db-writer,2.3.9,-,-,?,-,false,-
de.julielab,jcore-xml-db-reader,2.3.9,-,-,?,-,false,-
fi.metatavu.tulistop.client,tulistop-api-client,0.0.24,-,-,?,-,false,-
fi.metatavu.tulistop,tulistop-api-spec,0.0.25,-,-,?,-,false,-
hr.laplacian.laplas,laplas-redis_2.11,1.0.0,-,-,?,-,false,-
hr.laplacian.laplas,laplas-redis_2.12,1.0.0,-,-,?,-,false,-
io.github.029vaibhav,correlation,1.0.1.RELEASE,-,-,?,-,false,-
io.github.jhipster,jhipster-framework,2.1.0,-,-,?,-,false,-
io.gridgo,gridgo-connector-core,0.3.0,-,-,?,-,false,-
io.gridgo,gridgo-core,0.3.0,-,-,?,-,false,-
io.gridgo,gridgo-extras-prometheus,0.3.0,-,-,?,-,false,-
io.gridgo,gridgo-file,0.3.0,-,-,?,-,false,-
io.gridgo,gridgo-http,0.3.0,-,-,?,-,false,-
io.gridgo,gridgo-http-common,0.3.0,-,-,?,-,false,-
io.gridgo,gridgo-http-jdk,0.3.0,-,-,?,-,false,-
io.gridgo,gridgo-jetty-http,0.3.0,-,-,?,-,false,-
io.gridgo,gridgo-kafka,0.3.0,-,-,?,-,false,-
io.gridgo,gridgo-mongodb,0.3.0,-,-,?,-,false,-
io.gridgo,gridgo-rabbitmq,0.3.0,-,-,?,-,false,-
io.gridgo,gridgo-redis,0.3.0,-,-,?,-,false,-
io.gridgo,gridgo-rocksdb,0.3.0,-,-,?,-,false,-
io.gridgo,gridgo-socket,0.3.0,-,-,?,-,false,-
io.gridgo,gridgo-socket-nanomsg,0.3.0,-,-,?,-,false,-
io.gridgo,gridgo-socket-netty4,0.3.0,-,-,?,-,false,-
io.gridgo,gridgo-socket-zmq,0.3.0,-,-,?,-,false,-
io.gridgo,gridgo-vertx-http,0.3.0,-,-,?,-,false,-
org.scalameta,mdoc_2.12,1.2.1,-,-,?,-,false,-
org.scalameta,mdoc-docs_2.12,1.2.1,-,-,?,-,false,-
org.scalameta,mdoc-js_2.12,1.2.1,-,-,?,-,false,-
org.scalameta,mdoc-lsp_2.12,1.2.1,-,-,?,-,false,-
org.scalameta,mdoc-runtime_2.12,1.2.1,-,-,?,-,false,-
