groupId,artifactId,version,moduleName,moduleVersion,moduleMode,moduleDependencies,jdepsToolError,jdepsViolations
com.github.nhirakawa,immutable-style,4.0,-,-,?,-,false,-
com.xishankeji,Demo,1.1.1.38,-,-,?,-,false,-
com.xishankeji,Porter-Bridge-Http,1.1.1.38,-,-,?,-,false,-
com.xishankeji,Porter-Bridge-Servlet,1.1.1.38,-,-,?,-,false,-
com.xishankeji,Porter-Core,1.1.1.38,-,-,?,-,false,-
com.xishankeji,Porter-DB,1.1.1.38,-,-,?,-,false,-
io.github.xiaoyudeguang,easy-brancher,3.0.4-RELEASE,-,-,?,-,false,-
io.github.xiaoyudeguang,easy-cache,3.0.4-RELEASE,-,-,?,-,false,-
io.github.xiaoyudeguang,easy-core,3.0.4-RELEASE,-,-,?,-,false,-
io.github.xiaoyudeguang,easy-log,3.0.4-RELEASE,-,-,?,-,false,-
io.github.xiaoyudeguang,easy-mybatis,3.0.4-RELEASE,-,-,?,-,false,-
io.github.xiaoyudeguang,easy-socket,3.0.4-RELEASE,-,-,?,-,false,-
io.github.xiaoyudeguang,easy-trunker,3.0.4-RELEASE,-,-,?,-,false,-
io.growing.sdk.java,growingio-java-sdk,1.0.1,-,-,?,-,false,-
org.fastquery,fastquery,1.0.65,-,-,?,-,false,-
org.pcap4j,pcap4j-core,2.0.0-alpha.1,-,-,?,-,false,-
org.pcap4j,pcap4j-packetfactory-propertiesbased,2.0.0-alpha.1,-,-,?,-,false,-
org.pcap4j,pcap4j-packetfactory-static,2.0.0-alpha.1,-,-,?,-,false,-
org.pcap4j,pcap4j-packettest,2.0.0-alpha.1,-,-,?,-,false,-
org.pcap4j,pcap4j-sample,2.0.0-alpha.1,-,-,?,-,false,-
org.pcap4j,pcap4j-test-coverage,1.7.5,-,-,?,-,false,-
