groupId,artifactId,version,moduleName,moduleVersion,moduleMode,moduleDependencies,jdepsToolError,jdepsViolations
ai.h2o,sparkling-water-core_2.11,2.4.2,-,-,?,-,false,-
ai.h2o,sparkling-water-doc_2.11,2.4.2,-,-,?,-,false,-
ai.h2o,sparkling-water-examples_2.11,2.4.2,-,-,?,-,false,-
ai.h2o,sparkling-water-ml_2.11,2.4.2,-,-,?,-,false,-
ai.h2o,sparkling-water-package_2.11,2.4.2,-,-,?,-,false,-
ai.h2o,sparkling-water-repl_2.11,2.4.2,-,-,?,-,false,-
com.github.progrocus,70-jcore,0.0.1,-,-,?,-,false,-
com.liferay,com.liferay.gradle.plugins.defaults,5.5.98,-,-,?,-,false,-
com.liferay,com.liferay.project.templates,2.1.0,-,-,?,-,false,-
com.lightbend.rp,reactive-lib-akka-cluster-bootstrap_2.11,1.6.0,-,-,?,-,false,-
com.lightbend.rp,reactive-lib-akka-cluster-bootstrap_2.12,1.6.0,-,-,?,-,false,-
com.lightbend.rp,reactive-lib-akka-management_2.11,1.6.0,-,-,?,-,false,-
com.lightbend.rp,reactive-lib-akka-management_2.12,1.6.0,-,-,?,-,false,-
com.lightbend.rp,reactive-lib-common_2.11,1.6.0,-,-,?,-,false,-
com.lightbend.rp,reactive-lib-common_2.12,1.6.0,-,-,?,-,false,-
com.lightbend.rp,reactive-lib-play-http-binding_2.11,1.6.0,-,-,?,-,false,-
com.lightbend.rp,reactive-lib-play-http-binding_2.12,1.6.0,-,-,?,-,false,-
com.lightbend.rp,reactive-lib-secrets_2.11,1.6.0,-,-,?,-,false,-
com.lightbend.rp,reactive-lib-secrets_2.12,1.6.0,-,-,?,-,false,-
com.lightbend.rp,reactive-lib-service-discovery_2.11,1.6.0,-,-,?,-,false,-
com.lightbend.rp,reactive-lib-service-discovery_2.12,1.6.0,-,-,?,-,false,-
com.lightbend.rp,reactive-lib-service-discovery-lagom14-java_2.11,1.6.0,-,-,?,-,false,-
com.lightbend.rp,reactive-lib-service-discovery-lagom14-java_2.12,1.6.0,-,-,?,-,false,-
com.lightbend.rp,reactive-lib-service-discovery-lagom14-scala_2.11,1.6.0,-,-,?,-,false,-
com.lightbend.rp,reactive-lib-service-discovery-lagom14-scala_2.12,1.6.0,-,-,?,-,false,-
com.lightbend.rp,reactive-lib-status_2.11,1.6.0,-,-,?,-,false,-
com.lightbend.rp,reactive-lib-status_2.12,1.6.0,-,-,?,-,false,-
com.lithium.dbi.rdbi,rdbi-core,0.92,-,-,?,-,false,-
com.lithium.dbi.rdbi,rdbi-recipes,0.92,-,-,?,-,false,-
com.redhat.lightblue.client,lightblue-client-core,5.16.0,-,-,?,-,false,-
com.redhat.lightblue.client,lightblue-client-http,5.16.0,-,-,?,-,false,-
com.redhat.lightblue.client,lightblue-client-hystrix,5.16.0,-,-,?,-,false,-
com.redhat.lightblue.client,lightblue-client-integration-test,5.16.0,-,-,?,-,false,-
com.shapesecurity.bandolier,es2017,3.2.0,-,-,?,-,false,-
io.ebean,ebean,11.31.3,io.ebean,-,automatic,-,false,-
org.logevents,logevents,0.1.9,-,-,?,-,false,-
