groupId,artifactId,version,moduleName,moduleVersion,moduleMode,moduleDependencies,jdepsToolError,jdepsViolations
com.formulasearchengine.mathmltools,mathml-converters,2.0.1,-,-,?,-,false,-
com.formulasearchengine.mathmltools,mathml-core,2.0.1,-,-,?,-,false,-
com.formulasearchengine.mathmltools,mathml-gold,2.0.1,-,-,?,-,false,-
com.formulasearchengine.mathmltools,mathml-libs,2.0.1,-,-,?,-,false,-
com.formulasearchengine.mathmltools,mathml-similarity,2.0.1,-,-,?,-,false,-
com.formulasearchengine.mathmltools,mathml-utils,2.0.1,-,-,?,-,false,-
com.formulasearchengine.mathmltools,xamples,mathmltools-2.0.2,-,-,?,-,false,-
com.github.collinalpert,java2db,4.0.1,org.objectweb.asm,7.0.0,explicit,java.base,false,-
com.github.ladutsko,isbn-core,1.0.9,-,-,?,-,false,-
com.github.nfalco79,junit4osgi-bundle,1.2.12,-,-,?,-,false,-
com.github.nfalco79,junit4osgi-gui,1.2.12,-,-,?,-,false,-
com.github.nfalco79,junit4osgi-registry,1.2.12,-,-,?,-,false,-
com.github.nfalco79,junit4osgi-runner,1.2.12,-,-,?,-,false,-
com.uniformlyrandom,nozzler_2.12,0.4.5,-,-,?,-,false,-
com.uniformlyrandom,nozzler_sjs0.6_2.12,0.4.5,-,-,?,-,false,-
io.dropwizard,dropwizard-assets,1.3.8,-,-,?,-,false,-
io.dropwizard,dropwizard-auth,1.3.8,-,-,?,-,false,-
io.dropwizard,dropwizard-client,1.3.8,-,-,?,-,false,-
io.dropwizard,dropwizard-configuration,1.3.8,-,-,?,-,false,-
io.dropwizard,dropwizard-core,1.3.8,-,-,?,-,false,-
io.dropwizard,dropwizard-db,1.3.8,-,-,?,-,false,-
io.dropwizard,dropwizard-forms,1.3.8,-,-,?,-,false,-
io.dropwizard,dropwizard-hibernate,1.3.8,-,-,?,-,false,-
io.dropwizard,dropwizard-http2,1.3.8,-,-,?,-,false,-
io.dropwizard,dropwizard-jackson,1.3.8,-,-,?,-,false,-
io.dropwizard,dropwizard-jdbi,1.3.8,-,-,?,-,false,-
io.dropwizard,dropwizard-jdbi3,1.3.8,-,-,?,-,false,-
io.dropwizard,dropwizard-jersey,1.3.8,-,-,?,-,false,-
io.dropwizard,dropwizard-jetty,1.3.8,-,-,?,-,false,-
io.dropwizard,dropwizard-json-logging,1.3.8,-,-,?,-,false,-
io.dropwizard,dropwizard-lifecycle,1.3.8,-,-,?,-,false,-
io.dropwizard,dropwizard-logging,1.3.8,-,-,?,-,false,-
io.dropwizard,dropwizard-metrics,1.3.8,-,-,?,-,false,-
io.dropwizard,dropwizard-metrics-graphite,1.3.8,-,-,?,-,false,-
io.dropwizard,dropwizard-migrations,1.3.8,-,-,?,-,false,-
io.dropwizard,dropwizard-request-logging,1.3.8,-,-,?,-,false,-
io.dropwizard,dropwizard-servlets,1.3.8,-,-,?,-,false,-
io.dropwizard,dropwizard-testing,1.3.8,-,-,?,-,false,-
io.dropwizard,dropwizard-util,1.3.8,-,-,?,-,false,-
io.dropwizard,dropwizard-validation,1.3.8,-,-,?,-,false,-
io.dropwizard,dropwizard-views,1.3.8,-,-,?,-,false,-
io.dropwizard,dropwizard-views-freemarker,1.3.8,-,-,?,-,false,-
io.dropwizard,dropwizard-views-mustache,1.3.8,-,-,?,-,false,-
org.kyojo,kyojo-schemaorg-m3n4-cmn,0.6.3,-,-,?,-,false,-
org.kyojo,kyojo-schemaorg-m3n4-doma,0.6.3,-,-,?,-,false,-
org.kyojo,kyojo-schemaorg-m3n4-domaConv,0.6.3,-,-,?,-,false,-
org.kyojo,kyojo-schemaorg-m3n4-gson,0.6.3,-,-,?,-,false,-
org.kyojo,kyojo-schemaorg-m3n4-impl,0.6.3,-,-,?,-,false,-
org.owasp,dependency-check-ant,4.0.2,-,-,?,-,false,-
org.owasp,dependency-check-core,4.0.2,-,-,?,-,false,-
org.owasp,dependency-check-maven,4.0.2,-,-,?,-,false,-
org.owasp,dependency-check-plugin,4.0.2,-,-,?,-,false,-
org.owasp,dependency-check-utils,4.0.2,-,-,?,-,false,-
