groupId,artifactId,version,moduleName,moduleVersion,moduleMode,moduleDependencies,jdepsToolError,jdepsViolations
ch.epfl.lamp,dotty_0.12,0.12.0-bin-20190106-bc5e0d2-NIGHTLY,-,-,?,-,false,-
ch.epfl.lamp,dotty-compiler_0.12,0.12.0-bin-20190106-bc5e0d2-NIGHTLY,-,-,?,-,false,-
ch.epfl.lamp,dotty-doc_0.12,0.12.0-bin-20190106-bc5e0d2-NIGHTLY,-,-,?,-,false,-
ch.epfl.lamp,dotty-interfaces,0.12.0-bin-20190106-bc5e0d2-NIGHTLY,-,-,?,-,false,-
ch.epfl.lamp,dotty-language-server_0.12,0.12.0-bin-20190106-bc5e0d2-NIGHTLY,-,-,?,-,false,-
ch.epfl.lamp,dotty-library_0.12,0.12.0-bin-20190106-bc5e0d2-NIGHTLY,-,-,?,-,false,sun.misc.Unsafe                          See http://openjdk.java.net/jeps/260
ch.epfl.lamp,scala-compiler,0.12.0-bin-20190106-bc5e0d2-NIGHTLY,-,-,?,-,false,-
ch.epfl.lamp,scala-library,0.12.0-bin-20190106-bc5e0d2-NIGHTLY,-,-,?,-,false,-
ch.epfl.lamp,scalap,0.12.0-bin-20190106-bc5e0d2-NIGHTLY,-,-,?,-,false,-
ch.epfl.lamp,scala-reflect,0.12.0-bin-20190106-bc5e0d2-NIGHTLY,-,-,?,-,false,-
com.liferay,com.liferay.gradle.plugins,3.12.49,-,-,?,-,false,-
com.liferay,com.liferay.gradle.plugins.defaults,5.5.98,-,-,?,-,false,-
com.liferay,com.liferay.gradle.plugins.service.builder,1.0.51,-,-,?,-,false,-
com.liferay,com.liferay.portal.tools.service.builder,1.0.192,-,-,?,-,false,-
org.snapscript,snap,1.4.2,-,-,?,-,false,-
org.snapscript,snap-agent,1.4.2,-,-,?,-,false,-
org.snapscript,snap-all,1.4.2,-,-,?,-,false,-
org.snapscript,snap-android,1.4.2,-,-,?,-,false,-
org.snapscript,snap-external,1.4.2,-,-,?,-,false,-
