groupId,artifactId,version,moduleName,moduleVersion,moduleMode,moduleDependencies,jdepsToolError,jdepsViolations
cn.ucloud.ufile,ufile-client-java,2.0.3,-,-,?,-,false,-
cn.ucloud.ufile,ufile-core,2.0.3,-,-,?,-,false,-
com.github.mjakubowski84,parquet4s_2.12,0.1.0,-,-,?,-,false,-
com.github.outerman,edf-openapi-sdk,0.1.11,-,-,?,-,false,-
com.qunar.qmq,qmq,1.1.2,-,-,?,-,false,-
com.qunar.qmq,qmq-metrics-prometheus,1.1.2,-,-,?,-,false,-
org.pcap4j,pcap4j-core,2.0.0-alpha.2,-,-,?,-,false,-
org.pcap4j,pcap4j-packetfactory-propertiesbased,2.0.0-alpha.2,-,-,?,-,false,-
org.pcap4j,pcap4j-packetfactory-static,2.0.0-alpha.2,-,-,?,-,false,-
org.pcap4j,pcap4j-packettest,2.0.0-alpha.2,-,-,?,-,false,-
org.pcap4j,pcap4j-sample,2.0.0-alpha.2,-,-,?,-,false,-
