groupId,artifactId,version,moduleName,moduleVersion,moduleMode,moduleDependencies,jdepsToolError,jdepsViolations
com.itxiaoer.commons,commons-core,2.1.12,-,-,?,-,false,-
com.itxiaoer.commons,commons-jpa,2.1.12,-,-,?,-,false,-
com.itxiaoer.commons,commons-jwt,2.1.12,-,-,?,-,false,-
com.itxiaoer.commons,commons-lbs,2.1.12,-,-,?,-,false,-
com.itxiaoer.commons,commons-orm,2.1.12,-,-,?,-,false,-
com.itxiaoer.commons,commons-redis,2.1.12,-,-,?,-,false,-
com.itxiaoer.commons,commons-request,2.1.12,-,-,?,-,false,-
com.itxiaoer.commons,commons-sample-jpa,2.1.12,-,-,?,-,false,-
com.itxiaoer.commons,commons-security,2.1.12,-,-,?,-,false,-
com.itxiaoer.commons,commons-security-wx-work,2.1.12,-,-,?,-,false,-
com.itxiaoer.commons,commons-web,2.1.12,-,-,?,-,false,-
com.jdkhome.blzo,blzo-ex-authj,0.0.8,-,-,?,-,false,-
com.jdkhome.blzo,blzo-ex-basic,0.0.8,-,-,?,-,false,-
com.jdkhome.blzo,blzo-ex-ip2region,0.0.8,-,-,?,-,false,-
com.jdkhome.blzo,blzo-ex-redission,0.0.8,-,-,?,-,false,-
com.jdkhome.blzo,blzo-ex-usignin,0.0.8,-,-,?,-,false,-
com.jdkhome.blzo,blzo-ex-utils,0.0.8,-,-,?,-,false,-
com.jdkhome.blzo,blzo-ex-version,0.0.8,-,-,?,-,false,-
nz.net.osnz.composite,composite-ebean,8.7,-,-,?,-,false,-
nz.net.osnz.composite,composite-groovy,5.2,-,-,?,-,false,-
nz.net.osnz.composite,composite-jackson,2.11,-,-,?,-,false,-
nz.net.osnz.composite,composite-logging,4.5,-,-,?,-,false,-
nz.net.osnz.composite,composite-spring,5.8,-,-,?,-,false,-
nz.net.osnz.composite,composite-spring-aspects,5.8,-,-,?,-,false,-
nz.net.osnz.composite,composite-spring-boot,2.10,-,-,?,-,false,-
nz.net.osnz.composite,composite-spring-boot-devtools,2.7,-,-,?,-,false,-
nz.net.osnz.composite,composite-spring-boot-jetty,2.6,-,-,?,-,false,-
nz.net.osnz.composite,composite-spring-boot-loader,2.6,-,-,?,-,false,-
nz.net.osnz.composite,composite-spring-boot-test,2.7,-,-,?,-,false,-
nz.net.osnz.composite,composite-spring-boot-tomcat,2.6,-,-,?,-,false,-
nz.net.osnz.composite,composite-spring-boot-undertow,2.2,-,-,?,-,false,-
nz.net.osnz.composite,composite-spring-data-jpa,5.8,-,-,?,-,false,-
nz.net.osnz.composite,composite-spring-jdbc,5.8,-,-,?,-,false,-
nz.net.osnz.composite,composite-spring-mvc,5.8,-,-,?,-,false,-
nz.net.osnz.composite,composite-spring-test,5.8,-,-,?,-,false,-
nz.net.osnz.composite,composite-spring-web,5.8,-,-,?,-,false,-
nz.net.osnz.composite,composite-thymeleaf,2.7,-,-,?,-,false,-
org.chenmin.open,objector,0.2.1,-,-,?,-,false,-
org.chenmin.open,objector-ots,0.2.1,-,-,?,-,false,-
