groupId,artifactId,version,moduleName,moduleVersion,moduleMode,moduleDependencies,jdepsToolError,jdepsViolations
com.microsoft.azure,azure-eventhubs,2.0.0,-,-,?,-,false,-
com.netflix.buildinfrastructure,netflixoss-plugin-common,0.8.4,-,-,?,-,false,-
com.netflix.buildinfrastructure,netflixoss-plugin-test,0.8.4,-,-,?,-,false,-
com.softwaremill.tapir,tapir-akka-http-server_2.12,0.0.6,-,-,?,-,false,-
com.softwaremill.tapir,tapir-core_2.12,0.0.6,-,-,?,-,false,-
com.softwaremill.tapir,tapir-http4s-server_2.12,0.0.6,-,-,?,-,false,-
com.softwaremill.tapir,tapir-json-circe_2.12,0.0.6,-,-,?,-,false,-
com.softwaremill.tapir,tapir-openapi-circe_2.12,0.0.6,-,-,?,-,false,-
com.softwaremill.tapir,tapir-openapi-circe-yaml_2.12,0.0.6,-,-,?,-,false,-
com.softwaremill.tapir,tapir-openapi-docs_2.12,0.0.6,-,-,?,-,false,-
com.softwaremill.tapir,tapir-openapi-model_2.12,0.0.6,-,-,?,-,false,-
com.softwaremill.tapir,tapir-sttp-client_2.12,0.0.6,-,-,?,-,false,-
com.walmartlabs.ollie,db,0.0.29,-,-,?,-,false,-
com.walmartlabs.ollie,ollie,0.0.29,-,-,?,-,false,-
com.walmartlabs.ollie,ollie-configuration,0.0.29,-,-,?,-,false,-
com.walmartlabs.ollie,server,0.0.29,-,-,?,-,false,-
de.carne.common,java-boot,2.6.0,de.carne.boot,-,automatic,-,false,-
de.carne.common,java-default,8.7.0,de.carne,-,automatic,-,false,-
de.carne,java-jfx,8.3.0,de.carne.jfx,-,automatic,-,false,-
de.julielab,jcore-xmi-splitter,2.3.3,-,-,?,-,false,-
net.bootsfaces,bootsfaces,1.4.1,-,-,?,-,false,-
net.e6tech,elements-common,2.4.20,-,-,?,-,false,-
net.e6tech,elements-jmx,2.4.20,-,-,?,-,false,-
net.e6tech,elements-jobs,2.4.20,-,-,?,-,false,-
net.e6tech,elements-network,2.4.20,-,-,?,-,false,-
net.e6tech,elements-persist,2.4.20,-,-,?,-,false,-
net.e6tech,elements-persist-hibernate,2.4.20,-,-,?,-,false,-
net.e6tech,elements-rules,2.4.20,-,-,?,-,false,-
net.e6tech,elements-security,2.4.20,-,-,?,-,false,-
net.e6tech,elements-web,2.4.20,-,-,?,-,false,-
net.welen.WildFly-JMX-CLI,WildFly-JMX-CLI,1.0.0,-,-,?,-,false,-
org.cyclonedx,cyclonedx-core-java,1.1.2,-,-,?,-,false,-
