groupId,artifactId,version,moduleName,moduleVersion,moduleMode,moduleDependencies,jdepsToolError,jdepsViolations
com.aventstack,extentreports-testng-adapter,1.0.3,-,-,?,-,false,-
com.itelg,texin,0.5.0-RELEASE,-,-,?,-,false,-
com.manorrock.oyena,oyena-action,2.3.8.0,-,-,?,-,false,-
com.manorrock.oyena,oyena-cdi,2.3.8.0,-,-,?,-,false,-
com.manorrock.oyena,oyena-rest,2.3.8.0,-,-,?,-,false,-
com.netflix.devinsight.rewrite,rewrite-core,1.4.0,-,-,?,-,false,com.sun.tools.javac.code.BoundKind       Use javax.tools and javax.lang.model @since 1.6 + com.sun.tools.javac.code.Flags           Use javax.tools and javax.lang.model @since 1.6 + com.sun.tools.javac.code.Scope           Use javax.tools and javax.lang.model @since 1.6 + com.sun.tools.javac.code.Symbol          Use javax.tools and javax.lang.model @since 1.6 + com.sun.tools.javac.code.Symbol$ClassSymbol Use javax.tools and javax.lang.model @since 1.6 + com.sun.tools.javac.code.Symbol$MethodSymbol Use javax.tools and javax.lang.model @since 1.6 + com.sun.tools.javac.code.Symbol$TypeSymbol Use javax.tools and javax.lang.model @since 1.6 + com.sun.tools.javac.code.Symbol$TypeVariableSymbol Use javax.tools and javax.lang.model @since 1.6 + com.sun.tools.javac.code.Symbol$VarSymbol Use javax.tools and javax.lang.model @since 1.6 + com.sun.tools.javac.code.Type            Use javax.tools and javax.lang.model @since 1.6 + com.sun.tools.javac.code.Type$ArrayType  Use javax.tools and javax.lang.model @since 1.6 + com.sun.tools.javac.code.Type$ClassType  Use javax.tools and javax.lang.model @since 1.6 + com.sun.tools.javac.code.Type$ForAll     Use javax.tools and javax.lang.model @since 1.6 + com.sun.tools.javac.code.Type$JCNoType   Use javax.tools and javax.lang.model @since 1.6 + com.sun.tools.javac.code.Type$JCPrimitiveType Use javax.tools and javax.lang.model @since 1.6 + com.sun.tools.javac.code.Type$MethodType Use javax.tools and javax.lang.model @since 1.6 + com.sun.tools.javac.code.Type$TypeVar    Use javax.tools and javax.lang.model @since 1.6 + com.sun.tools.javac.code.TypeTag         Use javax.tools and javax.lang.model @since 1.6 + com.sun.tools.javac.comp.Check           Use javax.tools and javax.lang.model @since 1.6 + com.sun.tools.javac.comp.Enter           Use javax.tools and javax.lang.model @since 1.6 + com.sun.tools.javac.comp.Todo            Use javax.tools and javax.lang.model @since 1.6 + com.sun.tools.javac.file.JavacFileManager Use javax.tools and javax.lang.model @since 1.6 + com.sun.tools.javac.main.JavaCompiler    Use javax.tools and javax.lang.model @since 1.6 + com.sun.tools.javac.tree.DocCommentTable Use com.sun.source @since 1.6 + com.sun.tools.javac.tree.EndPosTable     Use com.sun.source @since 1.6 + com.sun.tools.javac.tree.JCTree          Use com.sun.source @since 1.6 + com.sun.tools.javac.tree.JCTree$JCArrayTypeTree Use com.sun.source @since 1.6 + com.sun.tools.javac.tree.JCTree$JCAssert Use com.sun.source @since 1.6 + com.sun.tools.javac.tree.JCTree$JCAssign Use com.sun.source @since 1.6 + com.sun.tools.javac.tree.JCTree$JCAssignOp Use com.sun.source @since 1.6 + com.sun.tools.javac.tree.JCTree$JCBinary Use com.sun.source @since 1.6 + com.sun.tools.javac.tree.JCTree$JCBlock  Use com.sun.source @since 1.6 + com.sun.tools.javac.tree.JCTree$JCBreak  Use com.sun.source @since 1.6 + com.sun.tools.javac.tree.JCTree$JCCase   Use com.sun.source @since 1.6 + com.sun.tools.javac.tree.JCTree$JCClassDecl Use com.sun.source @since 1.6 + com.sun.tools.javac.tree.JCTree$JCCompilationUnit Use com.sun.source @since 1.6 + com.sun.tools.javac.tree.JCTree$JCContinue Use com.sun.source @since 1.6 + com.sun.tools.javac.tree.JCTree$JCDoWhileLoop Use com.sun.source @since 1.6 + com.sun.tools.javac.tree.JCTree$JCExpression Use com.sun.source @since 1.6 + com.sun.tools.javac.tree.JCTree$JCExpressionStatement Use com.sun.source @since 1.6 + com.sun.tools.javac.tree.JCTree$JCFieldAccess Use com.sun.source @since 1.6 + com.sun.tools.javac.tree.JCTree$JCIdent  Use com.sun.source @since 1.6 + com.sun.tools.javac.tree.JCTree$JCLiteral Use com.sun.source @since 1.6 + com.sun.tools.javac.tree.JCTree$JCMemberReference Use com.sun.source @since 1.6 + com.sun.tools.javac.tree.JCTree$JCMethodDecl Use com.sun.source @since 1.6 + com.sun.tools.javac.tree.JCTree$JCMethodInvocation Use com.sun.source @since 1.6 + com.sun.tools.javac.tree.JCTree$JCModifiers Use com.sun.source @since 1.6 + com.sun.tools.javac.tree.JCTree$JCNewArray Use com.sun.source @since 1.6 + com.sun.tools.javac.tree.JCTree$JCNewClass Use com.sun.source @since 1.6 + com.sun.tools.javac.tree.JCTree$JCReturn Use com.sun.source @since 1.6 + com.sun.tools.javac.tree.JCTree$JCSkip   Use com.sun.source @since 1.6 + com.sun.tools.javac.tree.JCTree$JCStatement Use com.sun.source @since 1.6 + com.sun.tools.javac.tree.JCTree$JCThrow  Use com.sun.source @since 1.6 + com.sun.tools.javac.tree.JCTree$JCUnary  Use com.sun.source @since 1.6 + com.sun.tools.javac.tree.JCTree$JCVariableDecl Use com.sun.source @since 1.6 + com.sun.tools.javac.tree.JCTree$JCWildcard Use com.sun.source @since 1.6 + com.sun.tools.javac.tree.JCTree$Tag      Use com.sun.source @since 1.6 + com.sun.tools.javac.tree.JCTree$TypeBoundKind Use com.sun.source @since 1.6 + com.sun.tools.javac.util.Context         Use javax.tools and javax.lang.model @since 1.6 + com.sun.tools.javac.util.List            Use javax.tools and javax.lang.model @since 1.6 + com.sun.tools.javac.util.Log             Use javax.tools and javax.lang.model @since 1.6 + com.sun.tools.javac.util.Name            Use javax.tools and javax.lang.model @since 1.6 + com.sun.tools.javac.util.Options         Use javax.tools and javax.lang.model @since 1.6
com.netflix.devinsight.rewrite,rewrite-jackson,1.4.0,-,-,?,-,false,-
com.pandora.hydra,hydra-android-gradle-plugin,1.7.0,-,-,?,-,false,-
com.pandora.hydra,hydra-client,1.7.0,-,-,?,-,false,-
com.pandora.hydra,hydra-common,1.7.0,-,-,?,-,false,-
com.pandora.hydra,hydra-gradle-core,1.7.0,-,-,?,-,false,-
com.pandora.hydra,hydra-gradle-plugin,1.7.0,-,-,?,-,false,-
edu.umn.biomedicus,biomedicus-core,2.1.0,-,-,?,-,false,-
edu.umn.biomedicus,biomedicus-gpl,2.1.0,-,-,?,-,false,-
edu.umn.biomedicus,biomedicus-rtf,2.1.0,-,-,?,-,false,-
edu.umn.biomedicus,biomedicus-uima,2.1.0,-,-,?,-,false,-
edu.umn.biomedicus,nlpengine,2.1.0,-,-,?,-,false,-
net.e6tech,elements-common,2.4.21,-,-,?,-,false,-
net.e6tech,elements-jmx,2.4.21,-,-,?,-,false,-
net.e6tech,elements-jobs,2.4.21,-,-,?,-,false,-
net.e6tech,elements-network,2.4.21,-,-,?,-,false,-
net.e6tech,elements-persist,2.4.21,-,-,?,-,false,-
net.e6tech,elements-persist-hibernate,2.4.21,-,-,?,-,false,-
net.e6tech,elements-rules,2.4.21,-,-,?,-,false,-
net.e6tech,elements-security,2.4.21,-,-,?,-,false,-
net.e6tech,elements-web,2.4.21,-,-,?,-,false,-
org.jpmml,pmml-agent,1.4.8,-,-,?,-,false,-
org.jpmml,pmml-maven-plugin,1.4.8,-,-,?,-,false,-
org.jpmml,pmml-model,1.4.8,-,-,?,-,false,-
org.jpmml,pmml-model-gwt,1.4.8,-,-,?,-,false,-
org.jpmml,pmml-model-jackson,1.4.8,-,-,?,-,false,-
org.jpmml,pmml-model-metro,1.4.8,-,-,?,-,false,-
org.jpmml,pmml-model-moxy,1.4.8,-,-,?,-,false,-
org.jpmml,pmml-xjc,1.4.8,-,-,?,-,false,-
