groupId,artifactId,version,moduleName,moduleVersion,moduleMode,moduleDependencies,jdepsToolError,jdepsViolations
ai.houyi,dorado-core,0.0.34,-,-,?,-,false,-
ai.houyi,dorado-examples,0.0.34,-,-,?,-,false,-
ai.houyi,dorado-spring-boot-starter,0.0.34,-,-,?,-,false,-
ai.houyi,dorado-swagger,0.0.34,-,-,?,-,false,-
ai.houyi,dorado-swagger-ui,0.0.34,-,-,?,-,false,-
com.emarsys,permission-system-scala-sdk_2.12,1.0.0+1-95a67393,-,-,?,-,false,-
com.mobius-software.mqtt,parser,1.0.5,-,-,?,-,false,-
com.sap.cloud.lm.sl,cloudfoundry-client-lib,1.2.0,-,-,?,-,false,sun.misc.BASE64Decoder                   Use java.util.Base64 @since 1.8
com.sipgate,sipgate-types,1.0.3,-,-,?,-,false,-
com.velocidi,apso_2.11,0.13.16,-,-,?,-,false,-
com.velocidi,apso_2.12,0.13.16,-,-,?,-,false,-
com.velocidi,apso-testkit_2.11,0.13.16,-,-,?,-,false,-
com.velocidi,apso-testkit_2.12,0.13.16,-,-,?,-,false,-
io.projectreactor,reactor-core,3.2.5.RELEASE,-,-,?,-,false,sun.misc.JavaLangAccess                  Removed. See http://openjdk.java.net/jeps/260 + sun.misc.SharedSecrets                   Removed. See http://openjdk.java.net/jeps/260 + sun.misc.Unsafe                          See http://openjdk.java.net/jeps/260
io.projectreactor,reactor-test,3.2.5.RELEASE,-,-,?,-,false,-
io.thorntail,config-api,1.6.1,-,-,?,-,false,-
io.thorntail,config-api-generator,1.6.1,-,-,?,-,false,-
io.thorntail,config-api-runtime,1.6.1,-,-,?,-,false,-
no.nav.tjenestespesifikasjoner,aktorid-jaxws,1.2019.01.08-12.37-fc5b8e97668d,-,-,?,-,false,-
no.nav.tjenestespesifikasjoner,altinn-correspondence-agency-external,1.2019.01.08-12.37-fc5b8e97668d,-,-,?,-,false,-
no.nav.tjenestespesifikasjoner,altinn-download-queue-external,1.2019.01.08-12.37-fc5b8e97668d,-,-,?,-,false,-
no.nav.tjenestespesifikasjoner,altinn-pre-fill,1.2019.01.08-12.37-fc5b8e97668d,-,-,?,-,false,-
no.nav.tjenestespesifikasjoner,arbeidogaktivitet-tjenestespesifikasjon,1.2019.01.08-12.37-fc5b8e97668d,-,-,?,-,false,-
no.nav.tjenestespesifikasjoner,arbeidsfordeling-v1-tjenestespesifikasjon,1.2019.01.08-12.37-fc5b8e97668d,-,-,?,-,false,-
no.nav.tjenestespesifikasjoner,arbeidsforholdv3-tjenestespesifikasjon,1.2019.01.08-12.37-fc5b8e97668d,-,-,?,-,false,-
no.nav.tjenestespesifikasjoner,arena-arbeid-og-aktivitet,1.2019.01.08-12.37-fc5b8e97668d,-,-,?,-,false,-
no.nav.tjenestespesifikasjoner,arena-arbeid-og-aktivitet-gosys,1.2019.01.08-12.37-fc5b8e97668d,-,-,?,-,false,-
no.nav.tjenestespesifikasjoner,arena-maalgruppe_v1,1.2019.01.08-12.37-fc5b8e97668d,-,-,?,-,false,-
no.nav.tjenestespesifikasjoner,arena-personinfo-tjenestespesifikasjon,1.2019.01.08-12.37-fc5b8e97668d,-,-,?,-,false,-
no.nav.tjenestespesifikasjoner,arena-sakOgAktivitet_v1,1.2019.01.08-12.37-fc5b8e97668d,-,-,?,-,false,-
no.nav.tjenestespesifikasjoner,behandleArbeidOgAktivitetOppgave-v1-tjenestespesifikasjon,1.2019.01.08-12.37-fc5b8e97668d,-,-,?,-,false,-
no.nav.tjenestespesifikasjoner,behandledokumentforsendelse-v1-tjenestespesifikasjon,1.2019.01.08-12.37-fc5b8e97668d,-,-,?,-,false,-
no.nav.tjenestespesifikasjoner,behandleforeldrepengesak-v1-tjenestespesifikasjon,1.2019.01.08-12.37-fc5b8e97668d,-,-,?,-,false,-
no.nav.tjenestespesifikasjoner,behandleForsendelse-udi-brevdata,1.2019.01.08-12.37-fc5b8e97668d,-,-,?,-,false,-
no.nav.tjenestespesifikasjoner,behandleForsendelse-v1,1.2019.01.08-12.37-fc5b8e97668d,-,-,?,-,false,-
no.nav.tjenestespesifikasjoner,behandle-henvendelse,1.2019.01.08-12.37-fc5b8e97668d,-,-,?,-,false,-
no.nav.tjenestespesifikasjoner,behandle-medlemskap-v1-tjenestespesifikasjon,1.2019.01.08-12.37-fc5b8e97668d,-,-,?,-,false,-
no.nav.tjenestespesifikasjoner,behandle-moetev1-tjenestespesifikasjon,1.2019.01.08-12.37-fc5b8e97668d,-,-,?,-,false,-
no.nav.tjenestespesifikasjoner,behandleoppgave-v1-tjenestespesifikasjon,1.2019.01.08-12.37-fc5b8e97668d,-,-,?,-,false,-
no.nav.tjenestespesifikasjoner,behandle-person-v1-tjenestespesifikasjon,1.2019.01.08-12.37-fc5b8e97668d,-,-,?,-,false,-
no.nav.tjenestespesifikasjoner,behandlesak-v2-tjenestespesifikasjon,1.2019.01.08-12.37-fc5b8e97668d,-,-,?,-,false,-
no.nav.tjenestespesifikasjoner,behandle-sykefravaersoppfoelgingv1-tjenestespesifikasjon,1.2019.01.08-12.37-fc5b8e97668d,-,-,?,-,false,-
no.nav.tjenestespesifikasjoner,behandle-sykmeldingv1-tjenestespesifikasjon,1.2019.01.08-12.37-fc5b8e97668d,-,-,?,-,false,-
no.nav.tjenestespesifikasjoner,besvare-henvendelse-tjenestespesifikasjon,1.2019.01.08-12.37-fc5b8e97668d,-,-,?,-,false,-
no.nav.tjenestespesifikasjoner,brukerdialog-behandleAktivitetsplan-v1-tjenestespesifikasjon,1.2019.01.08-12.37-fc5b8e97668d,-,-,?,-,false,-
no.nav.tjenestespesifikasjoner,brukerprofil-tjenestespesifikasjon,1.2019.01.08-12.37-fc5b8e97668d,-,-,?,-,false,-
no.nav.tjenestespesifikasjoner,brukerprofil-v2-tjenestespesifikasjon,1.2019.01.08-12.37-fc5b8e97668d,-,-,?,-,false,-
no.nav.tjenestespesifikasjoner,brukerprofil-v3-tjenestespesifikasjon,1.2019.01.08-12.37-fc5b8e97668d,-,-,?,-,false,-
no.nav.tjenestespesifikasjoner,brukervarsel-v1-tjenestespesifikasjon,1.2019.01.08-12.37-fc5b8e97668d,-,-,?,-,false,-
no.nav.tjenestespesifikasjoner,cons-sak-gosys-tjenestespesifikasjon,1.2019.01.08-12.37-fc5b8e97668d,-,-,?,-,false,-
no.nav.tjenestespesifikasjoner,dial-nav-tjeneste-aktoer_v2,1.2019.01.08-12.37-fc5b8e97668d,-,-,?,-,false,-
no.nav.tjenestespesifikasjoner,dial-nav-tjeneste-behandlesak,1.2019.01.08-12.37-fc5b8e97668d,-,-,?,-,false,-
no.nav.tjenestespesifikasjoner,dial-nav-tjeneste-pensjonSak,1.2019.01.08-12.37-fc5b8e97668d,-,-,?,-,false,-
no.nav.tjenestespesifikasjoner,dial-nav-tjeneste-sak,1.2019.01.08-12.37-fc5b8e97668d,-,-,?,-,false,-
no.nav.tjenestespesifikasjoner,dialogarena-behandlingsinformasjon,1.2019.01.08-12.37-fc5b8e97668d,-,-,?,-,false,-
no.nav.tjenestespesifikasjoner,dialog-v1-tjenestespesifikasjon,1.2019.01.08-12.37-fc5b8e97668d,-,-,?,-,false,-
no.nav.tjenestespesifikasjoner,digisyfo-naermesteLeder,1.2019.01.08-12.37-fc5b8e97668d,-,-,?,-,false,-
no.nav.tjenestespesifikasjoner,digisyfo-sykmelding,1.2019.01.08-12.37-fc5b8e97668d,-,-,?,-,false,-
no.nav.tjenestespesifikasjoner,diskresjonskodev1-tjenestespesifikasjon,1.2019.01.08-12.37-fc5b8e97668d,-,-,?,-,false,-
no.nav.tjenestespesifikasjoner,dkif-tjenestespesifikasjon,1.2019.01.08-12.37-fc5b8e97668d,-,-,?,-,false,-
no.nav.tjenestespesifikasjoner,dokumentforsendelse-v1-meldingsdefinisjon,1.2019.01.08-12.37-fc5b8e97668d,-,-,?,-,false,-
no.nav.tjenestespesifikasjoner,dokumentinfo-tjenestespesifikasjon,1.2019.01.08-12.37-fc5b8e97668d,-,-,?,-,false,-
no.nav.tjenestespesifikasjoner,dokumentinnsending-jaxws,1.2019.01.08-12.37-fc5b8e97668d,-,-,?,-,false,-
no.nav.tjenestespesifikasjoner,dokumentproduksjon-v2-tjenestespesifikasjon,1.2019.01.08-12.37-fc5b8e97668d,-,-,?,-,false,-
no.nav.tjenestespesifikasjoner,dokumentproduksjon-v3-tjenestespesifikasjon,1.2019.01.08-12.37-fc5b8e97668d,-,-,?,-,false,-
no.nav.tjenestespesifikasjoner,egenansatt-v1-tjenestespesifikasjon,1.2019.01.08-12.37-fc5b8e97668d,-,-,?,-,false,-
no.nav.tjenestespesifikasjoner,ekstern-helse-helsepersonell-tjenestespesifikasjon,1.2019.01.08-12.37-fc5b8e97668d,-,-,?,-,false,-
no.nav.tjenestespesifikasjoner,elektronisknotifikasjon-utsending-tjenestespesifikasjon,1.2019.01.08-12.37-fc5b8e97668d,-,-,?,-,false,-
no.nav.tjenestespesifikasjoner,enhet-v1-tjenestespesifikasjon,1.2019.01.08-12.37-fc5b8e97668d,-,-,?,-,false,-
no.nav.tjenestespesifikasjoner,fillager-tjenestespesifikasjon,1.2019.01.08-12.37-fc5b8e97668d,-,-,?,-,false,-
no.nav.tjenestespesifikasjoner,foreldrepengesak-v1-tjenestespesifikasjon,1.2019.01.08-12.37-fc5b8e97668d,-,-,?,-,false,-
no.nav.tjenestespesifikasjoner,gsak-oppgave-tjenestespesifikasjon,1.2019.01.08-12.37-fc5b8e97668d,-,-,?,-,false,-
no.nav.tjenestespesifikasjoner,henvendelse-arkivering-aktivitet,1.2019.01.08-12.37-fc5b8e97668d,-,-,?,-,false,-
no.nav.tjenestespesifikasjoner,henvendelse-arkivering-common,1.2019.01.08-12.37-fc5b8e97668d,-,-,?,-,false,-
no.nav.tjenestespesifikasjoner,henvendelse-arkivering-informasjon,1.2019.01.08-12.37-fc5b8e97668d,-,-,?,-,false,-
no.nav.tjenestespesifikasjoner,henvendelse-behandlingsresultat,1.2019.01.08-12.37-fc5b8e97668d,-,-,?,-,false,-
no.nav.tjenestespesifikasjoner,henvendelse-felles-tjenestespesifikasjon,1.2019.01.08-12.37-fc5b8e97668d,-,-,?,-,false,-
no.nav.tjenestespesifikasjoner,henvendelse-informasjon-v2,1.2019.01.08-12.37-fc5b8e97668d,-,-,?,-,false,-
no.nav.tjenestespesifikasjoner,henvendelse-jaxws,1.2019.01.08-12.37-fc5b8e97668d,-,-,?,-,false,-
no.nav.tjenestespesifikasjoner,henvendelse-meldinger-tjenestespesifikasjon,1.2019.01.08-12.37-fc5b8e97668d,-,-,?,-,false,-
no.nav.tjenestespesifikasjoner,henvendelse-soknader-tjenestespesifikasjon,1.2019.01.08-12.37-fc5b8e97668d,-,-,?,-,false,-
no.nav.tjenestespesifikasjoner,innsyn-henvendelse,1.2019.01.08-12.37-fc5b8e97668d,-,-,?,-,false,-
no.nav.tjenestespesifikasjoner,innsynjournal-tjenestespesifikasjon,1.2019.01.08-12.37-fc5b8e97668d,-,-,?,-,false,-
no.nav.tjenestespesifikasjoner,institusjon-v1-tjenestespesifikasjon,1.2019.01.08-12.37-fc5b8e97668d,-,-,?,-,false,-
no.nav.tjenestespesifikasjoner,jaxb-adapters,1.2019.01.08-12.37-fc5b8e97668d,-,-,?,-,false,-
no.nav.tjenestespesifikasjoner,joark-tjenestespesifikasjon,1.2019.01.08-12.37-fc5b8e97668d,-,-,?,-,false,-
no.nav.tjenestespesifikasjoner,journal-v1-tjenestespesifikasjon,1.2019.01.08-12.37-fc5b8e97668d,-,-,?,-,false,-
no.nav.tjenestespesifikasjoner,juridisk-logg,1.2019.01.08-12.37-fc5b8e97668d,-,-,?,-,false,-
no.nav.tjenestespesifikasjoner,kodeverk-tjenestespesifikasjon,1.2019.01.08-12.37-fc5b8e97668d,-,-,?,-,false,-
no.nav.tjenestespesifikasjoner,medlemskap-v1-tjenestespesifikasjon,1.2019.01.08-12.37-fc5b8e97668d,-,-,?,-,false,-
no.nav.tjenestespesifikasjoner,moetev1-tjenestespesifikasjon,1.2019.01.08-12.37-fc5b8e97668d,-,-,?,-,false,-
no.nav.tjenestespesifikasjoner,nav-arbeidsforhold-v3-tjenestespesifikasjon,1.2019.01.08-12.37-fc5b8e97668d,-,-,?,-,false,-
no.nav.tjenestespesifikasjoner,nav-behandleInngaaendeJournal-v1-tjenestespesifikasjon,1.2019.01.08-12.37-fc5b8e97668d,-,-,?,-,false,-
no.nav.tjenestespesifikasjoner,nav-fim-aktoer-v1-tjenestespesifikasjon,1.2019.01.08-12.37-fc5b8e97668d,-,-,?,-,false,-
no.nav.tjenestespesifikasjoner,nav-fim-aktoer-v2-tjenestespesifikasjon,1.2019.01.08-12.37-fc5b8e97668d,-,-,?,-,false,-
no.nav.tjenestespesifikasjoner,nav-fim-arbeidsforhold-v1-tjenestespesifikasjon,1.2019.01.08-12.37-fc5b8e97668d,-,-,?,-,false,-
no.nav.tjenestespesifikasjoner,nav-fim-behandleBrukerprofil-v1-tjenestespesifikasjon,1.2019.01.08-12.37-fc5b8e97668d,-,-,?,-,false,-
no.nav.tjenestespesifikasjoner,nav-fim-behandleJournal-v1-tjenestespesifikasjon,1.2019.01.08-12.37-fc5b8e97668d,-,-,?,-,false,-
no.nav.tjenestespesifikasjoner,nav-fim-behandleJournal-v2-tjenestespesifikasjon,1.2019.01.08-12.37-fc5b8e97668d,-,-,?,-,false,-
no.nav.tjenestespesifikasjoner,nav-fim-behandleJournal-v3-tjenestespesifikasjon,1.2019.01.08-12.37-fc5b8e97668d,-,-,?,-,false,-
no.nav.tjenestespesifikasjoner,nav-fim-behandleSakOgBehandling-v1-tjenestespesifikasjon,1.2019.01.08-12.37-fc5b8e97668d,-,-,?,-,false,-
no.nav.tjenestespesifikasjoner,nav-fim-brukerhendelse-v1-tjenestespesifikasjon,1.2019.01.08-12.37-fc5b8e97668d,-,-,?,-,false,-
no.nav.tjenestespesifikasjoner,nav-fim-brukerprofil-v1-tjenestespesifikasjon,1.2019.01.08-12.37-fc5b8e97668d,-,-,?,-,false,-
no.nav.tjenestespesifikasjoner,nav-fim-coma-v2-tjenestespesifikasjon,1.2019.01.08-12.37-fc5b8e97668d,-,-,?,-,false,-
no.nav.tjenestespesifikasjoner,nav-fim-draco-v2-tjenestespesifikasjon,1.2019.01.08-12.37-fc5b8e97668d,-,-,?,-,false,-
no.nav.tjenestespesifikasjoner,nav-fim-echo-tjenestespesifikasjon,1.2019.01.08-12.37-fc5b8e97668d,-,-,?,-,false,-
no.nav.tjenestespesifikasjoner,nav-fim-foreldrepenger-v1-tjenestespesifikasjon,1.2019.01.08-12.37-fc5b8e97668d,-,-,?,-,false,-
no.nav.tjenestespesifikasjoner,nav-fim-henvendelsesbehandling-tjenestespesifikasjon,1.2019.01.08-12.37-fc5b8e97668d,-,-,?,-,false,-
no.nav.tjenestespesifikasjoner,nav-fim-inntekt-v3-tjenestespesifikasjon,1.2019.01.08-12.37-fc5b8e97668d,-,-,?,-,false,-
no.nav.tjenestespesifikasjoner,nav-fim-journal-v1-tjenestespesifikasjon,1.2019.01.08-12.37-fc5b8e97668d,-,-,?,-,false,-
no.nav.tjenestespesifikasjoner,nav-fim-kodeverk-v1-tjenestespesifikasjon,1.2019.01.08-12.37-fc5b8e97668d,-,-,?,-,false,-
no.nav.tjenestespesifikasjoner,nav-fim-kodeverk-v2-tjenestespesifikasjon,1.2019.01.08-12.37-fc5b8e97668d,-,-,?,-,false,-
no.nav.tjenestespesifikasjoner,nav-fim-oppfoelging-v1-tjenestespesifikasjon,1.2019.01.08-12.37-fc5b8e97668d,-,-,?,-,false,-
no.nav.tjenestespesifikasjoner,nav-fim-oppfolging-v1-tjenestespesifikasjon,1.2019.01.08-12.37-fc5b8e97668d,-,-,?,-,false,-
no.nav.tjenestespesifikasjoner,nav-fim-oppgave-v3-tjenestespesifikasjon,1.2019.01.08-12.37-fc5b8e97668d,-,-,?,-,false,-
no.nav.tjenestespesifikasjoner,nav-fim-organisasjon-v1-tjenestespesifikasjon,1.2019.01.08-12.37-fc5b8e97668d,-,-,?,-,false,-
no.nav.tjenestespesifikasjoner,nav-fim-organisasjon-v2-tjenestespesifikasjon,1.2019.01.08-12.37-fc5b8e97668d,-,-,?,-,false,-
no.nav.tjenestespesifikasjoner,nav-fim-organisasjon-v3-tjenestespesifikasjon,1.2019.01.08-12.37-fc5b8e97668d,-,-,?,-,false,-
no.nav.tjenestespesifikasjoner,nav-fim-organisasjon-v4-tjenestespesifikasjon,1.2019.01.08-12.37-fc5b8e97668d,-,-,?,-,false,-
no.nav.tjenestespesifikasjoner,nav-fim-organisasjon-v5-tjenestespesifikasjon,1.2019.01.08-12.37-fc5b8e97668d,-,-,?,-,false,-
no.nav.tjenestespesifikasjoner,nav-fim-personsok-v1-tjenestespesifikasjon,1.2019.01.08-12.37-fc5b8e97668d,-,-,?,-,false,-
no.nav.tjenestespesifikasjoner,nav-fim-person-v1-tjenestespesifikasjon,1.2019.01.08-12.37-fc5b8e97668d,-,-,?,-,false,-
no.nav.tjenestespesifikasjoner,nav-fim-sakOgBehandling-v1-tjenestespesifikasjon,1.2019.01.08-12.37-fc5b8e97668d,-,-,?,-,false,-
no.nav.tjenestespesifikasjoner,nav-fim-sak-v1-tjenestespesifikasjon,1.2019.01.08-12.37-fc5b8e97668d,-,-,?,-,false,-
no.nav.tjenestespesifikasjoner,nav-fim-sykepenger-v1-tjenestespesifikasjon,1.2019.01.08-12.37-fc5b8e97668d,-,-,?,-,false,-
no.nav.tjenestespesifikasjoner,nav-fim-virgo-v1-tjenestespesifikasjon,1.2019.01.08-12.37-fc5b8e97668d,-,-,?,-,false,-
no.nav.tjenestespesifikasjoner,nav-fim-virgo-v2-tjenestespesifikasjon,1.2019.01.08-12.37-fc5b8e97668d,-,-,?,-,false,-
no.nav.tjenestespesifikasjoner,nav-fim-ytelseskontrakt-v1-tjenestespesifikasjon,1.2019.01.08-12.37-fc5b8e97668d,-,-,?,-,false,-
no.nav.tjenestespesifikasjoner,nav-fim-ytelse-v1-tjenestespesifikasjon,1.2019.01.08-12.37-fc5b8e97668d,-,-,?,-,false,-
no.nav.tjenestespesifikasjoner,nav-hentsykepengeliste-v2-tjenestespesifikasjon,1.2019.01.08-12.37-fc5b8e97668d,-,-,?,-,false,-
no.nav.tjenestespesifikasjoner,nav-infotrygdBeregningsgrunnlag-v1-tjenestespesifikasjon,1.2019.01.08-12.37-fc5b8e97668d,-,-,?,-,false,-
no.nav.tjenestespesifikasjoner,nav-infotrygdSak-v1-tjenestespesifikasjon,1.2019.01.08-12.37-fc5b8e97668d,-,-,?,-,false,-
no.nav.tjenestespesifikasjoner,nav-inngaaendeJournal-v1-tjenestespesifikasjon,1.2019.01.08-12.37-fc5b8e97668d,-,-,?,-,false,-
no.nav.tjenestespesifikasjoner,nav-journal-v2-tjenestespesifikasjon,1.2019.01.08-12.37-fc5b8e97668d,-,-,?,-,false,-
no.nav.tjenestespesifikasjoner,nav-journal-v3-tjenestespesifikasjon,1.2019.01.08-12.37-fc5b8e97668d,-,-,?,-,false,-
no.nav.tjenestespesifikasjoner,nav-medlemskap-v2-tjenestespesifikasjon,1.2019.01.08-12.37-fc5b8e97668d,-,-,?,-,false,-
no.nav.tjenestespesifikasjoner,nav-meldekortUtbetalingsgrunnlag-v1-tjenestespesifikasjon,1.2019.01.08-12.37-fc5b8e97668d,-,-,?,-,false,-
no.nav.tjenestespesifikasjoner,nav-pip-diskresjonskode-tjenestespesifikasjon,1.2019.01.08-12.37-fc5b8e97668d,-,-,?,-,false,-
no.nav.tjenestespesifikasjoner,nav-pip-pipEgenAnsatt-v1-tjenestespesifikasjon,1.2019.01.08-12.37-fc5b8e97668d,-,-,?,-,false,-
no.nav.tjenestespesifikasjoner,nav-virksomhet-loependeYtelser-v1-meldingsdefinisjon,1.2019.01.08-12.37-fc5b8e97668d,-,-,?,-,false,-
no.nav.tjenestespesifikasjoner,nav-virksomhet-tiltakOgAktiviteterForBrukere-v1-meldingsdefinisjon,1.2019.01.08-12.37-fc5b8e97668d,-,-,?,-,false,-
no.nav.tjenestespesifikasjoner,no-nav-dok-tjenester-mottainngaaendeforsendelse,1.2019.01.08-12.37-fc5b8e97668d,-,-,?,-,false,-
no.nav.tjenestespesifikasjoner,notat-tjenestespesifikasjon,1.2019.01.08-12.37-fc5b8e97668d,-,-,?,-,false,-
no.nav.tjenestespesifikasjoner,oppfoelging-v1-tjenestespesifikasjon,1.2019.01.08-12.37-fc5b8e97668d,-,-,?,-,false,-
no.nav.tjenestespesifikasjoner,oppfolgingsinfo-v1-tjenestespesifikasjon,1.2019.01.08-12.37-fc5b8e97668d,-,-,?,-,false,-
no.nav.tjenestespesifikasjoner,oppgavebehandling-tjenestespesifikasjon,1.2019.01.08-12.37-fc5b8e97668d,-,-,?,-,false,-
no.nav.tjenestespesifikasjoner,oppgavebehandling-v3-tjenestespesifikasjon,1.2019.01.08-12.37-fc5b8e97668d,-,-,?,-,false,-
no.nav.tjenestespesifikasjoner,oppgave-v3-tjenestespesifikasjon,1.2019.01.08-12.37-fc5b8e97668d,-,-,?,-,false,-
no.nav.tjenestespesifikasjoner,organisasjonenhetkontaktinformasjon-v1-tjenestespesifikasjon,1.2019.01.08-12.37-fc5b8e97668d,-,-,?,-,false,-
no.nav.tjenestespesifikasjoner,organisasjonenhetkontaktinformasjon-v2-tjenestespesifikasjon,1.2019.01.08-12.37-fc5b8e97668d,-,-,?,-,false,-
no.nav.tjenestespesifikasjoner,organisasjonenhet-v1-tjenestespesifikasjon,1.2019.01.08-12.37-fc5b8e97668d,-,-,?,-,false,-
no.nav.tjenestespesifikasjoner,organisasjonenhet-v2-tjenestespesifikasjon,1.2019.01.08-12.37-fc5b8e97668d,-,-,?,-,false,-
no.nav.tjenestespesifikasjoner,organisasjon-ressurs-enhet-v1-tjenestespesifikasjon,1.2019.01.08-12.37-fc5b8e97668d,-,-,?,-,false,-
no.nav.tjenestespesifikasjoner,organisasjonv4-tjenestespesifikasjon,1.2019.01.08-12.37-fc5b8e97668d,-,-,?,-,false,-
no.nav.tjenestespesifikasjoner,pensjonsak-esb-tjenestespesifikasjon,1.2019.01.08-12.37-fc5b8e97668d,-,-,?,-,false,-
no.nav.tjenestespesifikasjoner,pensjon-sak-v1-tjenestespesifikasjon,1.2019.01.08-12.37-fc5b8e97668d,-,-,?,-,false,-
no.nav.tjenestespesifikasjoner,person-sammenslaatt-v1,1.2019.01.08-12.37-fc5b8e97668d,-,-,?,-,false,-
no.nav.tjenestespesifikasjoner,personsok-esb-tjenestespesifikasjon,1.2019.01.08-12.37-fc5b8e97668d,-,-,?,-,false,-
no.nav.tjenestespesifikasjoner,person-splittet-v1,1.2019.01.08-12.37-fc5b8e97668d,-,-,?,-,false,-
no.nav.tjenestespesifikasjoner,person-v1-esb-tjenestespesifikasjon,1.2019.01.08-12.37-fc5b8e97668d,-,-,?,-,false,-
no.nav.tjenestespesifikasjoner,person-v2-tjenestespesifikasjon,1.2019.01.08-12.37-fc5b8e97668d,-,-,?,-,false,-
no.nav.tjenestespesifikasjoner,person-v3-tjenestespesifikasjon,1.2019.01.08-12.37-fc5b8e97668d,-,-,?,-,false,-
no.nav.tjenestespesifikasjoner,pleiepenger-v1-tjenestespesifikasjon,1.2019.01.08-12.37-fc5b8e97668d,-,-,?,-,false,-
no.nav.tjenestespesifikasjoner,sakogbehandling-tjenestespesifikasjon,1.2019.01.08-12.37-fc5b8e97668d,-,-,?,-,false,-
no.nav.tjenestespesifikasjoner,sak-v2-tjenestespesifikasjon,1.2019.01.08-12.37-fc5b8e97668d,-,-,?,-,false,-
no.nav.tjenestespesifikasjoner,sanntidpdfkonverter,1.2019.01.08-12.37-fc5b8e97668d,-,-,?,-,false,-
no.nav.tjenestespesifikasjoner,send-inn-henvendelse,1.2019.01.08-12.37-fc5b8e97668d,-,-,?,-,false,-
no.nav.tjenestespesifikasjoner,sendsoknad-tjenestespesifikasjon,1.2019.01.08-12.37-fc5b8e97668d,-,-,?,-,false,-
no.nav.tjenestespesifikasjoner,send-ut-henvendelse,1.2019.01.08-12.37-fc5b8e97668d,-,-,?,-,false,-
no.nav.tjenestespesifikasjoner,soeknadsskjemaEngangsstoenad-v1-meldingsdefinisjon,1.2019.01.08-12.37-fc5b8e97668d,-,-,?,-,false,-
no.nav.tjenestespesifikasjoner,soeknadsskjemaSosialhjelp-v1-meldingsdefinisjon,1.2019.01.08-12.37-fc5b8e97668d,-,-,?,-,false,-
no.nav.tjenestespesifikasjoner,soeknadsskjemaSosialhjelp-v1-saksoversiktdefinisjon,1.2019.01.08-12.37-fc5b8e97668d,-,-,?,-,false,-
no.nav.tjenestespesifikasjoner,soeknadsskjemaSosialhjelp-v1-soknaddefinisjon,1.2019.01.08-12.37-fc5b8e97668d,-,-,?,-,false,-
no.nav.tjenestespesifikasjoner,soeknadsskjemaSosialhjelp-v1-vedleggdefinisjon,1.2019.01.08-12.37-fc5b8e97668d,-,-,?,-,false,-
no.nav.tjenestespesifikasjoner,sporsmalinnsending-tjenestespesifikasjon,1.2019.01.08-12.37-fc5b8e97668d,-,-,?,-,false,-
no.nav.tjenestespesifikasjoner,startregistreringstatus-v1-tjenestespesifikasjon,1.2019.01.08-12.37-fc5b8e97668d,-,-,?,-,false,-
no.nav.tjenestespesifikasjoner,svarut-ks-forsendelsesservice,1.2019.01.08-12.37-fc5b8e97668d,-,-,?,-,false,-
no.nav.tjenestespesifikasjoner,sykefravaersoppfoelgingv1-tjenestespesifikasjon,1.2019.01.08-12.37-fc5b8e97668d,-,-,?,-,false,-
no.nav.tjenestespesifikasjoner,sykmelderstatistikk-tjenestespesifikasjon,1.2019.01.08-12.37-fc5b8e97668d,-,-,?,-,false,-
no.nav.tjenestespesifikasjoner,sykmeldingv1-tjenestespesifikasjon,1.2019.01.08-12.37-fc5b8e97668d,-,-,?,-,false,-
no.nav.tjenestespesifikasjoner,testvarsel-opprettelse,1.2019.01.08-12.37-fc5b8e97668d,-,-,?,-,false,-
no.nav.tjenestespesifikasjoner,tildeloppgave-v1-tjenestespesifikasjon,1.2019.01.08-12.37-fc5b8e97668d,-,-,?,-,false,-
no.nav.tjenestespesifikasjoner,tmp-nav-fim-hendelse-v1,1.2019.01.08-12.37-fc5b8e97668d,-,-,?,-,false,-
no.nav.tjenestespesifikasjoner,tps-distribusjonsmelding,1.2019.01.08-12.37-fc5b8e97668d,-,-,?,-,false,-
no.nav.tjenestespesifikasjoner,udi-personstatus-v1,1.2019.01.08-12.37-fc5b8e97668d,-,-,?,-,false,-
no.nav.tjenestespesifikasjoner,utbetaling-tjenestespesifikasjon,1.2019.01.08-12.37-fc5b8e97668d,-,-,?,-,false,-
no.nav.tjenestespesifikasjoner,utenrikstjenesten-tjenestespesifikasjon,1.2019.01.08-12.37-fc5b8e97668d,-,-,?,-,false,-
no.nav.tjenestespesifikasjoner,varseldittnav-tjenestespesifikasjon,1.2019.01.08-12.37-fc5b8e97668d,-,-,?,-,false,-
no.nav.tjenestespesifikasjoner,varsel-inn,1.2019.01.08-12.37-fc5b8e97668d,-,-,?,-,false,-
no.nav.tjenestespesifikasjoner,varselkvittering,1.2019.01.08-12.37-fc5b8e97668d,-,-,?,-,false,-
no.nav.tjenestespesifikasjoner,varseltekster,1.2019.01.08-12.37-fc5b8e97668d,-,-,?,-,false,-
no.nav.tjenestespesifikasjoner,varselutsending,1.2019.01.08-12.37-fc5b8e97668d,-,-,?,-,false,-
no.nav.tjenestespesifikasjoner,varsler,1.2019.01.08-12.37-fc5b8e97668d,-,-,?,-,false,-
no.nav.tjenestespesifikasjoner,veiledervarsel,1.2019.01.08-12.37-fc5b8e97668d,-,-,?,-,false,-
no.nav.tjenestespesifikasjoner,ytelseskontrakt-v3-tjenestespesifikasjon,1.2019.01.08-12.37-fc5b8e97668d,-,-,?,-,false,-
org.fissore,slf4j-fluent,0.2.0,-,-,?,-,false,-
org.springframework.cloud,spring-cloud-function-adapter-aws,2.0.0.RELEASE,-,-,?,-,false,-
org.springframework.cloud,spring-cloud-function-adapter-azure,2.0.0.RELEASE,-,-,?,-,false,-
org.springframework.cloud,spring-cloud-function-adapter-openwhisk,2.0.0.RELEASE,-,-,?,-,false,-
org.springframework.cloud,spring-cloud-function-compiler,2.0.0.RELEASE,-,-,?,-,false,-
org.springframework.cloud,spring-cloud-function-context,2.0.0.RELEASE,-,-,?,-,false,-
org.springframework.cloud,spring-cloud-function-core,2.0.0.RELEASE,-,-,?,-,false,-
org.springframework.cloud,spring-cloud-function-deployer,2.0.0.RELEASE,-,-,?,-,false,-
org.springframework.cloud,spring-cloud-function-kotlin,2.0.0.RELEASE,-,-,?,-,false,-
org.springframework.cloud,spring-cloud-function-task,2.0.0.RELEASE,-,-,?,-,false,-
org.springframework.cloud,spring-cloud-function-web,2.0.0.RELEASE,-,-,?,-,false,-
org.springframework.cloud,spring-cloud-starter-function-web,2.0.0.RELEASE,-,-,?,-,false,-
org.springframework.cloud,spring-cloud-starter-function-webflux,2.0.0.RELEASE,-,-,?,-,false,-
org.springframework.cloud,spring-cloud-starter-stream-rabbit,2.1.0.RELEASE,-,-,?,-,false,-
org.springframework.cloud,spring-cloud-stream,2.1.0.RELEASE,-,-,?,-,false,-
org.springframework.cloud,spring-cloud-stream-binder-rabbit,2.1.0.RELEASE,-,-,?,-,false,-
org.springframework.cloud,spring-cloud-stream-binder-rabbit-core,2.1.0.RELEASE,-,-,?,-,false,-
org.springframework.cloud,spring-cloud-stream-binder-rabbit-test-support,2.1.0.RELEASE,-,-,?,-,false,-
org.springframework.cloud,spring-cloud-stream-binder-test,2.1.0.RELEASE,-,-,?,-,false,-
org.springframework.cloud,spring-cloud-stream-integration-tests,2.1.0.RELEASE,-,-,?,-,false,-
org.springframework.cloud,spring-cloud-stream-reactive,2.1.0.RELEASE,-,-,?,-,false,-
org.springframework.cloud,spring-cloud-stream-schema,2.1.0.RELEASE,-,-,?,-,false,-
org.springframework.cloud,spring-cloud-stream-schema-server,2.1.0.RELEASE,-,-,?,-,false,-
org.springframework.cloud,spring-cloud-stream-test-support,2.1.0.RELEASE,-,-,?,-,false,-
org.springframework.cloud,spring-cloud-stream-test-support-internal,2.1.0.RELEASE,-,-,?,-,false,-
org.springframework.cloud,spring-cloud-stream-tools,2.1.0.RELEASE,-,-,?,-,false,-
