groupId,artifactId,version,moduleName,moduleVersion,moduleMode,moduleDependencies,jdepsToolError,jdepsViolations
com.ardikars.jxnet,jxnet,1.5.1.RELEASE,-,-,?,-,false,-
com.ardikars.jxnet,jxnet-benchmark,1.5.1.RELEASE,-,-,?,-,false,-
com.ardikars.jxnet,jxnet-context,1.5.1.RELEASE,-,-,?,-,false,-
com.ardikars.jxnet,jxnet-core,1.5.1.RELEASE,-,-,?,-,false,-
com.ardikars.jxnet,jxnet-example,1.5.1.RELEASE,-,-,?,-,false,-
com.ardikars.jxnet,jxnet-spring-boot-autoconfigure,1.5.1.RELEASE,-,-,?,-,false,-
com.ardikars.jxnet,jxnet-spring-boot-starter,1.5.1.RELEASE,-,-,?,-,false,-
com.ardikars.jxnet,jxnet-spring-boot-starter-example,1.5.1.RELEASE,-,-,?,-,false,-
com.ardikars.jxpacket,jxpacket,1.2.1.RELEASE,-,-,?,-,false,-
com.ardikars.jxpacket,jxpacket-common,1.2.1.RELEASE,-,-,?,-,false,-
com.ardikars.jxpacket,jxpacket-core,1.2.1.RELEASE,-,-,?,-,false,-
com.github.fartherp,shiro-redisson,1.0.0,-,-,?,-,false,-
com.github.loyada.dollarx,dollarx-java,0.52,-,-,?,-,false,-
com.graphql-java,graphql-java,2019-01-01T05-14-41-147d2be,-,-,?,-,false,-
io.baltoro,client-lib,4.0.6,-,-,?,-,false,-
io.github.gearpump,gearpump-core_2.12,0.9.0,-,-,?,-,false,sun.misc.BASE64Decoder                   Use java.util.Base64 @since 1.8 + sun.misc.BASE64Encoder                   Use java.util.Base64 @since 1.8
io.github.gearpump,gearpump-streaming_2.12,0.9.0,-,-,?,-,false,-
