groupId,artifactId,version,moduleName,moduleVersion,moduleMode,moduleDependencies,jdepsToolError,jdepsViolations
com.automattic,elasticsearch-statsd,6.5.0.0,-,-,?,-,false,-
com.codacy,codacy-analysis-core_2.12,0.1.0-alpha3.4329,-,-,?,-,false,-
com.github.saphyra,exception-handling,1.0.0,-,-,?,-,false,-
com.gu,pan-domain-auth-core_2.11,0.7.2,-,-,?,-,false,-
com.gu,pan-domain-auth-core_2.12,0.7.2,-,-,?,-,false,-
com.gu,pan-domain-auth-play_2-6_2.11,0.7.2,-,-,?,-,false,-
com.gu,pan-domain-auth-play_2-6_2.12,0.7.2,-,-,?,-,false,-
com.gu,pan-domain-auth-verification_2.11,0.7.2,-,-,?,-,false,-
com.gu,pan-domain-auth-verification_2.12,0.7.2,-,-,?,-,false,-
com.jdkhome.blzo,blzo-ex-authj,0.0.6,-,-,?,-,false,-
com.jdkhome.blzo,blzo-ex-basic,0.0.6,-,-,?,-,false,-
com.jdkhome.blzo,blzo-ex-ip2region,0.0.6,-,-,?,-,false,-
com.jdkhome.blzo,blzo-ex-redission,0.0.6,-,-,?,-,false,-
com.jdkhome.blzo,blzo-ex-usignin,0.0.6,-,-,?,-,false,-
com.jdkhome.blzo,blzo-ex-utils,0.0.6,-,-,?,-,false,-
com.jdkhome.blzo,blzo-ex-version,0.0.6,-,-,?,-,false,-
com.monkat,spring-livecheck,0.0.7,-,-,?,-,false,-
com.ullink.gradle,gradle-nuget-plugin,2.18,-,-,?,-,false,-
net.ymate.apidocs,ymate-apidocs-annotation,1.0.0,-,-,?,-,false,-
net.ymate.apidocs,ymate-apidocs-core,1.0.0,-,-,?,-,false,-
net.ymate.apidocs,ymate-apidocs-impl,1.0.0,-,-,?,-,false,-
net.ymate.module,ymate-module-oauth,1.0.0,-,-,?,-,false,-
net.ymate.module,ymate-module-oauth-client,1.0.0,-,-,?,-,false,-
net.ymate.module,ymate-module-oauth-connector,1.0.1,-,-,?,-,false,-
net.ymate.module,ymate-module-oauth-impl,1.0.0,-,-,?,-,false,-
net.ymate.module,ymate-module-oauth-model,1.0.0,-,-,?,-,false,-
org.datanucleus,datanucleus-api-jdo,5.2.0-m3,org.datanucleus.api.jdo,-,automatic,-,false,-
org.datanucleus,datanucleus-core,5.2.0-m3,org.datanucleus,-,automatic,-,false,-
org.datanucleus,datanucleus-mongodb,5.2.0-m2,-,-,?,-,false,-
org.datanucleus,datanucleus-rdbms,5.2.0-m3,org.datanucleus.store.rdbms,-,automatic,-,false,-
org.rapidpm,rapidpm-functional-reactive,01.00.00-RPM,-,-,?,-,false,-
