groupId,artifactId,version,moduleName,moduleVersion,moduleMode,moduleDependencies,jdepsToolError,jdepsViolations
com.github.tntim96,jscover-common-maven-plugin,2.0.6,-,-,?,-,false,-
com.github.tntim96,jscover-file-maven-plugin,2.0.6,-,-,?,-,false,-
com.github.tntim96,jscover-report-maven-plugin,2.0.6,-,-,?,-,false,-
com.github.tntim96,jscover-server-maven-plugin,2.0.6,-,-,?,-,false,-
com.wueasy,wueasy-auto,1.1.4,-,-,?,-,false,-
com.wueasy,wueasy-base,1.1.4,-,-,?,-,false,-
com.wueasy,wueasy-base-web,1.1.4,-,-,?,-,false,-
com.wueasy,wueasy-bus-client,1.1.4,-,-,?,-,false,-
com.wueasy,wueasy-bus-server,1.1.4,-,-,?,-,false,-
com.wueasy,wueasy-cache,1.1.4,-,-,?,-,false,-
