groupId,artifactId,version,moduleName,moduleVersion,moduleMode,moduleDependencies,jdepsToolError,jdepsViolations
cn.iq99,padb-common,0.0.1-RELEASE,-,-,?,-,false,-
com.aliyun,aliyun-java-sdk-mts,2.6.1,-,-,?,-,false,-
com.aspectran,aspectran-all,5.9.7,-,-,?,-,false,-
com.aspectran,aspectran-core,5.9.7,-,-,?,-,false,-
com.aspectran,aspectran-daemon,5.9.7,-,-,?,-,false,-
com.aspectran,aspectran-demo,5.9.7,-,-,?,-,false,-
com.aspectran,aspectran-embed,5.9.7,-,-,?,-,false,-
com.aspectran,aspectran-shell,5.9.7,-,-,?,-,false,-
com.aspectran,aspectran-shell-jline,5.9.7,-,-,?,-,false,-
com.aspectran,aspectran-web,5.9.7,-,-,?,-,false,-
com.aspectran,aspectran-with-jetty,5.9.7,-,-,?,-,false,-
com.aspectran,aspectran-with-mybatis,5.9.7,-,-,?,-,false,-
com.github.beingcoder,openapi-generator,3.3.4.2,-,-,?,-,false,-
com.github.beingcoder,openapi-generator-cli,3.3.4.2,-,-,?,-,false,sun.misc.Unsafe                          See http://openjdk.java.net/jeps/260 + sun.reflect.Reflection                   Use java.lang.StackWalker @since 9 + sun.reflect.ReflectionFactory            See http://openjdk.java.net/jeps/260
com.github.beingcoder,openapi-generator-maven-plugin,3.3.4.2,-,-,?,-,false,-
com.github.bpazy,ding-appender,1.0.1,-,-,?,-,false,-
com.github.manosbatsis.scrudbeans,scrudbeans-annotation-processor,0.5,-,-,?,-,false,-
com.github.manosbatsis.scrudbeans,scrudbeans-api,0.5,-,-,?,-,false,-
com.github.manosbatsis.scrudbeans,scrudbeans-common,0.5,-,-,?,-,false,-
com.github.manosbatsis.scrudbeans,scrudbeans-error,0.5,-,-,?,-,false,-
com.github.manosbatsis.scrudbeans,scrudbeans-hypermedia,0.5,-,-,?,-,false,-
com.github.manosbatsis.scrudbeans,scrudbeans-integration-tests,0.5,-,-,?,-,false,-
com.github.manosbatsis.scrudbeans,scrudbeans-jpa,0.5,-,-,?,-,false,-
com.github.manosbatsis.scrudbeans,scrudbeans-spring-boot-autoconfigure,0.5,-,-,?,-,false,-
com.github.manosbatsis.scrudbeans,scrudbeans-spring-boot-starter,0.5,-,-,?,-,false,-
com.github.manosbatsis.scrudbeans,scrudbeans-spring-boot-starter-test,0.5,-,-,?,-,false,sun.reflect.generics.reflectiveObjects.NotImplementedException Removed. See http://openjdk.java.net/jeps/260
com.github.plokhotnyuk.jsoniter-scala,jsoniter-scala-core_2.11,0.37.7,-,-,?,-,false,sun.misc.Unsafe                          See http://openjdk.java.net/jeps/260
com.github.plokhotnyuk.jsoniter-scala,jsoniter-scala-core_2.12,0.37.7,-,-,?,-,false,sun.misc.Unsafe                          See http://openjdk.java.net/jeps/260
com.github.plokhotnyuk.jsoniter-scala,jsoniter-scala-core_2.13.0-M4,0.37.7,-,-,?,-,false,sun.misc.Unsafe                          See http://openjdk.java.net/jeps/260
com.github.plokhotnyuk.jsoniter-scala,jsoniter-scala-core_2.13.0-M5,0.37.7,-,-,?,-,false,sun.misc.Unsafe                          See http://openjdk.java.net/jeps/260
com.github.plokhotnyuk.jsoniter-scala,jsoniter-scala-macros_2.11,0.37.7,-,-,?,-,false,-
com.github.plokhotnyuk.jsoniter-scala,jsoniter-scala-macros_2.12,0.37.7,-,-,?,-,false,-
com.github.plokhotnyuk.jsoniter-scala,jsoniter-scala-macros_2.13.0-M4,0.37.7,-,-,?,-,false,-
com.github.plokhotnyuk.jsoniter-scala,jsoniter-scala-macros_2.13.0-M5,0.37.7,-,-,?,-,false,-
com.github.robozonky.distribution,robozonky-distribution-full,5.0.0,com.github.robozonky.distribution.robozonky-distribution-full,-,automatic,-,false,-
com.github.robozonky,robozonky-api,5.0.0,com.github.robozonky.api,-,automatic,-,false,-
com.github.robozonky,robozonky-app,5.0.0,com.github.robozonky.app,-,automatic,-,false,-
com.github.robozonky,robozonky-cli,5.0.0,com.github.robozonky.robozonky-cli,-,automatic,-,false,-
com.github.robozonky,robozonky-common,5.0.0,com.github.robozonky.common,-,automatic,-,false,-
com.github.robozonky,robozonky-installer,5.0.0,com.github.robozonky.installer,-,automatic,-,false,-
com.github.robozonky,robozonky-integration-stonky,5.0.0,com.github.robozonky.integrations.stonky,-,automatic,-,false,-
com.github.robozonky,robozonky-integration-zonkoid,5.0.0,com.github.robozonky.integration.zonkoid,-,automatic,-,false,-
com.github.robozonky,robozonky-notifications,5.0.0,com.github.robozonky.notifications,-,automatic,-,false,-
com.github.robozonky,robozonky-strategy-natural,5.0.0,com.github.robozonky.strategy.natural,-,automatic,-,false,-
com.github.robozonky,robozonky-test,5.0.0,com.github.robozonky.test,-,automatic,-,false,-
com.healthmarketscience.jackcess,jackcess,2.2.2,-,-,?,-,false,-
io.github.biezhi,anima,0.2.6,-,-,?,-,false,sun.misc.Unsafe                          See http://openjdk.java.net/jeps/260 + sun.reflect.ConstructorAccessor          Removed. See http://openjdk.java.net/jeps/260 + sun.reflect.FieldAccessor                Removed. See http://openjdk.java.net/jeps/260 + sun.reflect.MethodAccessor               Removed. See http://openjdk.java.net/jeps/260
io.polygenesis.demo,your-todo-api,0.0.1,-,-,?,-,false,-
io.yawp,yawp,2.0.5alpha,-,-,?,-,false,-
io.yawp,yawp-core,2.0.5alpha,-,-,?,-,false,-
io.yawp,yawp-devserver-runtime,2.0.5alpha,-,-,?,-,false,-
io.yawp,yawp-maven-plugin,2.0.5alpha,-,-,?,-,false,-
io.yawp,yawp-postgresql,2.0.5alpha,-,-,?,-,false,-
io.yawp,yawp-testing,2.0.5alpha,-,-,?,-,false,-
io.yawp,yawp-testing-core,2.0.5alpha,-,-,?,-,false,-
io.yawp,yawp-testing-postgresql,2.0.5alpha,-,-,?,-,false,-
org.rapidpm,rapidpm-junit5-commons,01.00.01-RPM,-,-,?,-,false,-
