groupId,artifactId,version,moduleName,moduleVersion,moduleMode,moduleDependencies,jdepsToolError,jdepsViolations
org.ops4j.pax.transx,pax-transx-checkstyle-rules,0.4.1,-,-,?,-,false,-
org.ops4j.pax.transx,pax-transx-connection,0.4.1,-,-,?,-,false,-
org.ops4j.pax.transx,pax-transx-connector,0.4.1,-,-,?,-,false,-
org.ops4j.pax.transx,pax-transx-itests,0.4.1,-,-,?,-,false,-
org.ops4j.pax.transx,pax-transx-itests-logback,0.4.1,-,-,?,-,false,-
org.ops4j.pax.transx,pax-transx-jdbc,0.4.1,-,-,?,-,false,-
org.ops4j.pax.transx,pax-transx-jms,0.4.1,-,-,?,-,false,-
org.ops4j.pax.transx,pax-transx-tm-api,0.4.1,-,-,?,-,false,-
org.ops4j.pax.transx,pax-transx-tm-atomikos,0.4.1,-,-,?,-,false,-
org.ops4j.pax.transx,pax-transx-tm-core,0.4.1,-,-,?,-,false,-
org.ops4j.pax.transx,pax-transx-tm-geronimo,0.4.1,-,-,?,-,false,-
org.ops4j.pax.transx,pax-transx-tm-narayana,0.4.1,-,-,?,-,false,-
