groupId,artifactId,version,moduleName,moduleVersion,moduleMode,moduleDependencies,jdepsToolError,jdepsViolations
com.ckjava,xutils,1.0.3,-,-,?,-,false,-
com.github.blutorange,closure-compiler-maven-plugin,2.1.0,-,-,?,-,false,-
com.github.codesorcery,juan,0.1.0,-,-,?,-,false,-
com.github.vebqa,vebtal-3270,0.9.7,-,-,?,-,false,-
com.github.vebqa,vebtal-5250,0.9.7,-,-,?,-,false,-
cz.encircled,reactive-jira-client,0.0.8,-,-,?,-,false,-
net.sf.flatpack,flatpack,4.0.4,net.sf.flatpack,-,automatic,-,false,-
net.sf.flatpack,flatpack-examples,4.0.4,-,-,?,-,false,-
net.sf.flatpack,flatpack-excel,4.0.4,net.sf.flatpack.excel,-,automatic,-,false,-
