groupId,artifactId,version,moduleName,moduleVersion,moduleMode,moduleDependencies,jdepsToolError,jdepsViolations
com.nfl.glitr,glitr,1.9.0-2019-01-05T00-49-40,-,-,?,-,false,-
com.nordstrom.tools,java-utils,1.8.0,-,-,?,-,false,-
com.nordstrom.tools,junit-foundation,9.0.4,-,-,?,-,false,-
io.codearte.gradle.nexus,gradle-nexus-staging-plugin,0.20.0,-,-,?,-,false,-
io.polygenesis.labs,polygenesis-creator,0.0.4,-,-,?,-,false,-
io.polygenesis.labs,polygenesis-deducer-core,0.0.4,-,-,?,-,false,-
io.polygenesis.labs,polygenesis-deducer-redux,0.0.4,-,-,?,-,false,-
io.polygenesis.labs,polygenesis-input-annotations,0.0.4,-,-,?,-,false,-
io.polygenesis.labs,polygenesis-input-dsl,0.0.4,-,-,?,-,false,-
io.polygenesis.labs,polygenesis-interfaces,0.0.4,-,-,?,-,false,-
io.polygenesis.labs,polygenesis-model-core,0.0.4,-,-,?,-,false,-
io.polygenesis.labs,polygenesis-model-redux,0.0.4,-,-,?,-,false,-
io.polygenesis.labs,polygenesis-registry,0.0.4,-,-,?,-,false,-
io.polygenesis.labs,polygenesis-sample-generators,0.0.4,-,-,?,-,false,-
io.polygenesis.labs,polygenesis-shared,0.0.4,-,-,?,-,false,-
org.smartrplace.analysis,backup-gateways-analysis,0.0.2,-,-,?,-,false,-
org.smartrplace.analysis,backup-gateways-viz,0.0.2,-,-,?,-,false,-
org.smartrplace.analysis,backup-parser-v2,0.0.2,-,-,?,-,false,-
org.smartrplace.analysis,memory-gateway-visualisation,0.0.2,-,-,?,-,false,-
org.smartrplace.sim,resource-simulation,0.0.2,-,-,?,-,false,-
org.smartrplace.sim,resource-simulation-examples,0.0.2,-,-,?,-,false,-
org.smartrplace.tools,electric-heater-profile,0.0.1,-,-,?,-,false,-
org.smartrplace.tools,executor-service,0.0.1,-,-,?,-,false,-
org.smartrplace.tools,maven-resolver,0.0.2,-,-,?,-,false,-
org.smartrplace.tools,ogema-timer-utils,0.0.1,-,-,?,-,false,-
org.smartrplace.tools,profile-api,0.0.1,-,-,?,-,false,-
org.smartrplace.tools,profile-preferences,0.0.1,-,-,?,-,false,-
org.smartrplace.tools,profile-viz,0.0.1,-,-,?,-,false,-
org.smartrplace.tools,schedule-management,1.0.2,-,-,?,-,false,-
org.smartrplace.tools,ssl-service,0.0.1,-,-,?,-,false,-
org.tpolecat,doobie-refined_2.12,0.7.0-M1,-,-,?,-,false,-
org.tpolecat,doobie-refined_2.13.0-M5,0.7.0-M1,-,-,?,-,false,-
org.tpolecat,doobie-scalatest_2.11,0.7.0-M1,-,-,?,-,false,-
org.tpolecat,doobie-scalatest_2.12,0.7.0-M1,-,-,?,-,false,-
org.tpolecat,doobie-scalatest_2.13.0-M5,0.7.0-M1,-,-,?,-,false,-
org.tpolecat,doobie-specs2_2.11,0.7.0-M1,-,-,?,-,false,-
org.tpolecat,doobie-specs2_2.12,0.7.0-M1,-,-,?,-,false,-
org.tpolecat,doobie-specs2_2.13.0-M5,0.7.0-M1,-,-,?,-,false,-
