groupId,artifactId,version,moduleName,moduleVersion,moduleMode,moduleDependencies,jdepsToolError,jdepsViolations
com.amazon.alexa,ask-sdk,2.11.2,-,-,?,-,false,-
com.amazon.alexa,ask-sdk-apache-client,2.11.2,-,-,?,-,false,-
com.amazon.alexa,ask-sdk-core,2.11.2,-,-,?,-,false,-
com.amazon.alexa,ask-sdk-dynamodb-persistence-adapter,2.11.2,-,-,?,-,false,-
com.amazon.alexa,ask-sdk-lambda-support,2.11.2,-,-,?,-,false,-
com.amazon.alexa,ask-sdk-runtime,2.11.2,-,-,?,-,false,-
com.amazon.alexa,ask-sdk-servlet-support,2.11.2,-,-,?,-,false,-
com.github.losizm,little-json_2.12,2.1.2,-,-,?,-,false,-
com.github.shalousun,smart-doc,1.6.1,-,-,?,-,false,-
com.goldmansachs.obevo,obevo-cli,7.0.2,-,-,?,-,false,-
com.goldmansachs.obevo,obevo-core,7.0.2,-,-,?,-,false,-
com.goldmansachs.obevo,obevo-db,7.0.2,-,-,?,-,false,-
com.goldmansachs.obevo,obevo-db-client-alldbs,7.0.2,-,-,?,-,false,-
com.goldmansachs.obevo,obevo-db-db2,7.0.2,-,-,?,-,false,-
com.goldmansachs.obevo,obevo-db-h2,7.0.2,-,-,?,-,false,-
com.goldmansachs.obevo,obevo-db-hsql,7.0.2,-,-,?,-,false,-
com.goldmansachs.obevo,obevo-db-internal-test-helper,7.0.2,-,-,?,-,false,-
com.goldmansachs.obevo,obevo-dbmetadata-impl,7.0.2,-,-,?,-,false,-
com.goldmansachs.obevo,obevo-db-mssql,7.0.2,-,-,?,-,false,-
com.goldmansachs.obevo,obevo-db-mysql,7.0.2,-,-,?,-,false,-
com.goldmansachs.obevo,obevo-db-oracle,7.0.2,-,-,?,-,false,-
com.goldmansachs.obevo,obevo-db-postgresql,7.0.2,-,-,?,-,false,-
com.goldmansachs.obevo,obevo-db-sybase-ase,7.0.2,-,-,?,-,false,-
com.goldmansachs.obevo,obevo-db-sybase-iq,7.0.2,-,-,?,-,false,-
com.goldmansachs.obevo,obevo-db-unittest-util,7.0.2,-,-,?,-,false,-
com.goldmansachs.obevo,obevo-internal-comparer,7.0.2,-,-,?,-,false,-
com.goldmansachs.obevo,obevo-maven-plugin,7.0.2,-,-,?,-,false,-
com.goldmansachs.obevo,obevo-mongodb,7.0.2,-,-,?,-,false,-
com.goldmansachs.obevo,obevo-reladomo-util,7.0.2,-,-,?,-,false,-
io.github.animatedledstrip,animatedledstrip-kotlin-pi,0.1.1,-,-,?,-,false,-
org.eclipse.microprofile.openapi,microprofile-openapi-api,2.0-MR1,-,-,?,-,false,-
org.eclipse.microprofile.openapi,microprofile-openapi-spi,2.0-MR1,-,-,?,-,false,-
org.eclipse.microprofile.openapi,microprofile-openapi-tck,2.0-MR1,-,-,?,-,false,-
