groupId,artifactId,version,moduleName,moduleVersion,moduleMode,moduleDependencies,jdepsToolError,jdepsViolations
ai.houyi,dorado-core,0.0.33,-,-,?,-,false,-
ai.houyi,dorado-examples,0.0.33,-,-,?,-,false,-
ai.houyi,dorado-spring-boot-starter,0.0.33,-,-,?,-,false,-
ai.houyi,dorado-swagger,0.0.33,-,-,?,-,false,-
ai.houyi,dorado-swagger-ui,0.0.33,-,-,?,-,false,-
com.epam.jdi.tools,jdi-light-saber,2.0.41,-,-,?,-,false,-
io.github.stepio.coffee-boots,coffee-boots,1.0.2,-,-,?,-,false,-
net.objectlab.kit,datecalc-common,1.4.1,net.objectlab.kit.datecalc.common,-,automatic,-,false,-
net.objectlab.kit,datecalc-jdk,1.4.1,net.objectlab.kit.datecalc.jdk,-,automatic,-,false,-
net.objectlab.kit,datecalc-jdk8,1.4.1,net.objectlab.kit.datecalc.jdk8,-,automatic,-,false,-
net.objectlab.kit,datecalc-jdk8-osgi,1.4.1,net.objectlab.kit,-,automatic,-,false,-
net.objectlab.kit,datecalc-jdk-osgi,1.4.1,net.objectlab.kit,-,automatic,-,false,-
net.objectlab.kit,datecalc-joda,1.4.1,net.objectlab.kit.datecalc.joda,-,automatic,-,false,-
net.objectlab.kit,datecalc-joda-osgi,1.4.1,net.objectlab.kit,-,automatic,-,false,-
net.objectlab.kit,objectlab-fxcalc,1.4.1,net.objectlab.kit,-,automatic,-,false,-
net.objectlab.kit,objectlab-fxcalc-osgi,1.4.1,net.objectlab.kit,-,automatic,-,false,-
net.objectlab.kit,objectlab-portfolio,1.4.1,net.objectlab.kit,-,automatic,-,false,-
net.objectlab.kit,objectlab-utils,1.4.1,net.objectlab.kit,-,automatic,-,false,-
net.objectlab.kit,objectlab-utils-excel,1.4.1,net.objectlab.kit,-,automatic,-,false,-
net.objectlab.kit,objectlab-utils-osgi,1.4.1,net.objectlab.kit,-,automatic,-,false,-
net.objectlab.kit,objectlab-utils-report,1.4.1,net.objectlab.kit,-,automatic,-,false,-
org.agrona,agrona,0.9.29,-,-,?,-,false,sun.misc.Signal                          See http://openjdk.java.net/jeps/260 + sun.misc.SignalHandler                   See http://openjdk.java.net/jeps/260 + sun.misc.Unsafe                          See http://openjdk.java.net/jeps/260
org.agrona,agrona-agent,0.9.29,-,-,?,-,false,-
org.http4k,http4k-metrics-micrometer,3.105.0,-,-,?,-,false,-
org.http4k,http4k-security-oauth,3.105.0,-,-,?,-,false,-
org.http4k,http4k-serverless-lambda,3.105.0,-,-,?,-,false,-
org.http4k,http4k-testing-chaos,3.105.0,-,-,?,-,false,-
org.http4k,http4k-testing-hamkrest,3.105.0,-,-,?,-,false,-
org.http4k,http4k-testing-webdriver,3.105.0,-,-,?,-,false,-
uk.co.real-logic,sbe-all,1.10.2,-,-,?,-,false,sun.misc.Signal                          See http://openjdk.java.net/jeps/260 + sun.misc.SignalHandler                   See http://openjdk.java.net/jeps/260 + sun.misc.Unsafe                          See http://openjdk.java.net/jeps/260
uk.co.real-logic,sbe-benchmarks,1.10.2,-,-,?,-,false,-
uk.co.real-logic,sbe-samples,1.10.2,-,-,?,-,false,-
uk.co.real-logic,sbe-tool,1.10.2,-,-,?,-,false,-
