groupId,artifactId,version,moduleName,moduleVersion,moduleMode,moduleDependencies,jdepsToolError,jdepsViolations
com.acanx,acanx-utils,0.0.1.5,-,-,?,-,false,-
com.emarsys,permission-system-scala-sdk_2.12,0.0.3,-,-,?,-,false,-
com.geirsson,coursier-small_2.10,1.3.2,-,-,?,-,false,-
com.geirsson,coursier-small_2.11,1.3.2,-,-,?,-,false,-
com.geirsson,coursier-small_2.12,1.3.2,-,-,?,-,false,-
com.geirsson,scalafmt-cli_2.11,2.0.0-RC1,-,-,?,-,false,-
com.geirsson,scalafmt-cli_2.12,2.0.0-RC1,-,-,?,-,false,-
com.geirsson,scalafmt-core_2.11,2.0.0-RC1,-,-,?,-,false,-
com.geirsson,scalafmt-core_2.12,2.0.0-RC1,-,-,?,-,false,-
com.geirsson,scalafmt-core_sjs0.6_2.11,2.0.0-RC1,-,-,?,-,false,-
com.geirsson,scalafmt-core_sjs0.6_2.12,2.0.0-RC1,-,-,?,-,false,-
com.geirsson,scalafmt-dynamic_2.11,2.0.0-RC1,-,-,?,-,false,-
com.geirsson,scalafmt-dynamic_2.12,2.0.0-RC1,-,-,?,-,false,-
com.geirsson,scalafmt-interfaces,2.0.0-RC1,-,-,?,-,false,-
com.github.broadinstitute,picard,2.18.23,-,-,?,-,false,-
com.github.tsingjyujing,geo-library,2.8.9-2.11,-,-,?,-,false,-
com.javaetmoi.core,javaetmoi-hibernate5-hydrate,5.2.1,-,-,?,-,false,-
com.solace.cloud.cloudfoundry,solace-spring-cloud-connector,3.1.0,-,-,?,-,false,-
com.yubico,yubico-demo-server,3.0.3,-,-,?,-,false,-
com.yubico,yubico-jaas-module,3.0.3,-,-,?,-,false,-
com.yubico,yubico-validation-client1,3.0.3,-,-,?,-,false,-
com.yubico,yubico-validation-client2,3.0.3,-,-,?,-,false,-
de.wayofquality.blended,blended_2.12,3.0-M2,-,-,?,-,false,-
de.wayofquality.blended,blended.activemq.brokerstarter_2.12,3.0-M2,-,-,?,-,false,-
de.wayofquality.blended,blended.activemq.client_2.12,3.0-M2,-,-,?,-,false,-
de.wayofquality.blended,blended.akka_2.12,3.0-M2,-,-,?,-,false,-
de.wayofquality.blended,blended.akka.http_2.12,3.0-M2,-,-,?,-,false,-
de.wayofquality.blended,blended.akka.http.api_2.12,3.0-M2,-,-,?,-,false,-
de.wayofquality.blended,blended.akka.http.jmsqueue_2.12,3.0-M2,-,-,?,-,false,-
de.wayofquality.blended,blended.akka.http.proxy_2.12,3.0-M2,-,-,?,-,false,-
de.wayofquality.blended,blended.akka.http.restjms_2.12,3.0-M2,-,-,?,-,false,-
de.wayofquality.blended,blended.akka.http.sample.helloworld_2.12,3.0-M2,-,-,?,-,false,-
de.wayofquality.blended,blended.camel.utils_2.12,3.0-M2,-,-,?,-,false,-
de.wayofquality.blended,blended.container.context.api_2.12,3.0-M2,-,-,?,-,false,-
de.wayofquality.blended,blended.container.context.impl_2.12,3.0-M2,-,-,?,-,false,-
de.wayofquality.blended,blended.domino_2.12,3.0-M2,-,-,?,-,false,-
de.wayofquality.blended,blended.file_2.12,3.0-M2,-,-,?,-,false,-
de.wayofquality.blended,blended.hawtio.login_2.12,3.0-M2,-,-,?,-,false,-
de.wayofquality.blended,blended.jetty.boot_2.12,3.0-M2,-,-,?,-,false,-
de.wayofquality.blended,blended.jms.bridge_2.12,3.0-M2,-,-,?,-,false,-
de.wayofquality.blended,blended.jms.sampler_2.12,3.0-M2,-,-,?,-,false,-
de.wayofquality.blended,blended.jms.utils_2.12,3.0-M2,-,-,?,-,false,-
de.wayofquality.blended,blended.jmx_2.12,3.0-M2,-,-,?,-,false,-
de.wayofquality.blended,blended.jolokia_2.12,3.0-M2,-,-,?,-,false,-
de.wayofquality.blended,blended.launcher_2.12,3.0-M2,-,-,?,-,false,-
de.wayofquality.blended,blended.mgmt.agent_2.12,3.0-M2,-,-,?,-,false,-
de.wayofquality.blended,blended.mgmt.base_2.12,3.0-M2,-,-,?,-,false,-
de.wayofquality.blended,blended.mgmt.mock_2.12,3.0-M2,-,-,?,-,false,-
de.wayofquality.blended,blended.mgmt.repo_2.12,3.0-M2,-,-,?,-,false,-
de.wayofquality.blended,blended.mgmt.repo.rest_2.12,3.0-M2,-,-,?,-,false,-
de.wayofquality.blended,blended.mgmt.rest_2.12,3.0-M2,-,-,?,-,false,-
de.wayofquality.blended,blended.mgmt.service.jmx_2.12,3.0-M2,-,-,?,-,false,-
de.wayofquality.blended,blended.mgmt.ws_2.12,3.0-M2,-,-,?,-,false,-
de.wayofquality.blended,blended.persistence_2.12,3.0-M2,-,-,?,-,false,-
de.wayofquality.blended,blended.persistence.h2_2.12,3.0-M2,-,-,?,-,false,-
de.wayofquality.blended,blended.prickle_2.12,3.0-M2,-,-,?,-,false,-
de.wayofquality.blended,blended.prickle.akka.http_2.12,3.0-M2,-,-,?,-,false,-
de.wayofquality.blended,blended.samples.camel_2.12,3.0-M2,-,-,?,-,false,-
de.wayofquality.blended,blended.samples.jms_2.12,3.0-M2,-,-,?,-,false,-
de.wayofquality.blended,blended.security_2.12,3.0-M2,-,-,?,-,false,-
de.wayofquality.blended,blended.security.akka.http_2.12,3.0-M2,-,-,?,-,false,-
de.wayofquality.blended,blended.security.boot_2.12,3.0-M2,-,-,?,-,false,-
de.wayofquality.blended,blended.security.login.api_2.12,3.0-M2,-,-,?,-,false,-
de.wayofquality.blended,blended.security.login.impl_2.12,3.0-M2,-,-,?,-,false,-
de.wayofquality.blended,blended.security.login.rest_2.12,3.0-M2,-,-,?,-,false,sun.misc.BASE64Encoder                   Use java.util.Base64 @since 1.8
de.wayofquality.blended,blended.security.scep_2.12,3.0-M2,-,-,?,-,false,-
de.wayofquality.blended,blended.security.scep.standalone_2.12,3.0-M2,-,-,?,-,false,-
de.wayofquality.blended,blended.security_sjs0.6_2.12,3.0-M2,-,-,?,-,false,-
de.wayofquality.blended,blended.security.ssl_2.12,3.0-M2,-,-,?,-,false,-
de.wayofquality.blended,blended.security.test_2.12,3.0-M2,-,-,?,-,false,-
de.wayofquality.blended,blended.streams_2.12,3.0-M2,-,-,?,-,false,-
de.wayofquality.blended,blended.streams.dispatcher_2.12,3.0-M2,-,-,?,-,false,-
de.wayofquality.blended,blended.streams.testsupport_2.12,3.0-M2,-,-,?,-,false,-
de.wayofquality.blended,blended.testsupport_2.12,3.0-M2,-,-,?,-,false,-
de.wayofquality.blended,blended.testsupport.pojosr_2.12,3.0-M2,-,-,?,-,false,-
de.wayofquality.blended,blended.updater_2.12,3.0-M2,-,-,?,-,false,-
de.wayofquality.blended,blended.updater.config_2.12,3.0-M2,-,-,?,-,false,-
de.wayofquality.blended,blended.updater.config_sjs0.6_2.12,3.0-M2,-,-,?,-,false,-
de.wayofquality.blended,blended.updater.remote_2.12,3.0-M2,-,-,?,-,false,-
de.wayofquality.blended,blended.updater.tools_2.12,3.0-M2,-,-,?,-,false,-
de.wayofquality.blended,blended.util_2.12,3.0-M2,-,-,?,-,false,-
de.wayofquality.blended,blended.util.logging_2.12,3.0-M2,-,-,?,-,false,-
ee.sk.smartid,smart-id-java-client,1.1,-,-,?,-,false,-
io.github.robvanderleek,jlifx,0.5,-,-,?,-,false,-
io.perfana,perfana-gatling-maven-plugin,3.1.0,-,-,?,-,false,-
io.projectreactor.addons,reactor-adapter,3.2.1.RELEASE,-,-,?,-,false,-
io.projectreactor.addons,reactor-extra,3.2.1.RELEASE,-,-,?,-,false,-
io.projectreactor.addons,reactor-logback,3.2.1.RELEASE,-,-,?,-,false,-
org.fissore,slf4j-fluent,0.1.0,-,-,?,-,false,-
org.javers,javers-core,5.1.2,-,-,?,-,false,-
org.javers,javers-persistence-mongo,5.1.2,-,-,?,-,false,-
org.javers,javers-persistence-sql,5.1.2,-,-,?,-,false,-
org.javers,javers-spring,5.1.2,-,-,?,-,false,-
org.javers,javers-spring-boot-starter-mongo,5.1.2,-,-,?,-,false,-
org.javers,javers-spring-boot-starter-sql,5.1.2,-,-,?,-,false,-
org.javers,javers-spring-jpa,5.1.2,-,-,?,-,false,-
org.javers,javers-spring-mongo,5.1.2,-,-,?,-,false,-
org.smartboot.http,smart-http-server,1.0.10.1231-beta,-,-,?,-,false,-
org.sonarsource.scanner.api,sonar-scanner-api,2.12.0.1661,-,-,?,-,false,-
org.sonarsource.scanner.api,sonar-scanner-api-batch,2.12.0.1661,-,-,?,-,false,-
org.sonarsource.scanner.api,sonar-scanner-api-batch-interface,2.12.0.1661,-,-,?,-,false,-
org.zalando.spring,k8s-prestop-starter,2.0.0-beta-2,-,-,?,-,false,-
