groupId,artifactId,version,moduleName,moduleVersion,moduleMode,moduleDependencies,jdepsToolError,jdepsViolations
com.microsoft.azure,azure-eventhubs-eph,2.2.0,-,-,?,-,false,-
com.proofpoint.platform,audit,1.96,-,-,?,-,false,-
com.proofpoint.platform,bootstrap,1.96,-,-,?,-,false,-
com.proofpoint.platform,concurrent,1.96,-,-,?,-,false,-
com.proofpoint.platform,configuration,1.96,-,-,?,-,false,-
com.proofpoint.platform,discovery,1.96,-,-,?,-,false,-
com.proofpoint.platform,event,1.96,-,-,?,-,false,-
com.proofpoint.platform,http-client,1.96,-,-,?,-,false,-
com.proofpoint.platform,http-server,1.96,-,-,?,-,false,-
com.proofpoint.platform,jaxrs,1.96,net.bytebuddy,-,explicit,java.base + java.instrument + jdk.unsupported + net.bytebuddy.agent,false,-
com.proofpoint.platform,jmx,1.96,-,-,?,-,false,-
com.proofpoint.platform,jmx-http,1.96,-,-,?,-,false,-
com.proofpoint.platform,json,1.96,-,-,?,-,false,-
com.proofpoint.platform,launcher,1.96,-,-,?,-,false,sun.misc.Signal                          See http://openjdk.java.net/jeps/260 + sun.misc.SignalHandler                   See http://openjdk.java.net/jeps/260 + sun.misc.Unsafe                          See http://openjdk.java.net/jeps/260
com.proofpoint.platform,log,1.96,-,-,?,-,false,-
com.proofpoint.platform,node,1.96,-,-,?,-,false,-
com.proofpoint.platform,openapi,1.96,-,-,?,-,false,-
com.proofpoint.platform,packaging,1.96,-,-,?,-,false,-
com.proofpoint.platform,reporting,1.96,-,-,?,-,false,-
com.proofpoint.platform,reporting-basemetrics,1.96,-,-,?,-,false,-
com.proofpoint.platform,reporting-client,1.96,-,-,?,-,false,-
com.proofpoint.platform,reporting-prometheus,1.96,-,-,?,-,false,-
com.proofpoint.platform,sample-server,1.96,-,-,?,-,false,-
com.proofpoint.platform,skeleton-server,1.96,-,-,?,-,false,-
com.proofpoint.platform,stats,1.96,-,-,?,-,false,-
com.proofpoint.platform,testing,1.96,-,-,?,-,false,-
com.proofpoint.platform,trace-token,1.96,-,-,?,-,false,-
com.proofpoint.platform,units,1.96,-,-,?,-,false,-
net.sf.okapi.applications,okapi-application-checkmate,0.36,-,-,?,-,false,-
net.sf.okapi.applications,okapi-application-rainbow,0.36,-,-,?,-,false,-
net.sf.okapi.applications,okapi-application-ratel,0.36,-,-,?,-,false,-
net.sf.okapi.applications,okapi-application-serval,0.36,-,-,?,-,false,-
net.sf.okapi.connectors,okapi-connector-apertium,0.36,-,-,?,-,false,-
net.sf.okapi.connectors,okapi-connector-bifile,0.36,-,-,?,-,false,-
net.sf.okapi.connectors,okapi-connector-crosslanguage,0.36,-,-,?,-,false,-
net.sf.okapi.connectors,okapi-connector-globalsight,0.36,-,-,?,-,false,-
net.sf.okapi.connectors,okapi-connector-google,0.36,-,-,?,-,false,-
net.sf.okapi.connectors,okapi-connector-kantan,0.36,-,-,?,-,false,-
net.sf.okapi.connectors,okapi-connector-lingo24,0.36,-,-,?,-,false,-
net.sf.okapi.connectors,okapi-connector-microsoft,0.36,-,-,?,-,false,-
net.sf.okapi.connectors,okapi-connector-mmt,0.36,-,-,?,-,false,-
net.sf.okapi.connectors,okapi-connector-moses,0.36,-,-,?,-,false,-
net.sf.okapi.connectors,okapi-connector-mymemory,0.36,-,-,?,-,false,-
net.sf.okapi.connectors,okapi-connector-pensieve,0.36,-,-,?,-,false,-
net.sf.okapi.connectors,okapi-connector-promt,0.36,-,-,?,-,false,-
net.sf.okapi.connectors,okapi-connector-simpletm,0.36,-,-,?,-,false,-
net.sf.okapi.connectors,okapi-connector-tda,0.36,-,-,?,-,false,-
net.sf.okapi.connectors,okapi-connector-translatetoolkit,0.36,-,-,?,-,false,-
net.sf.okapi.examples,okapi-example-01,0.36,-,-,?,-,false,-
net.sf.okapi.examples,okapi-example-02,0.36,-,-,?,-,false,-
net.sf.okapi.examples,okapi-example-03,0.36,-,-,?,-,false,-
net.sf.okapi.examples,okapi-example-04,0.36,-,-,?,-,false,-
net.sf.okapi.examples,okapi-example-05,0.36,-,-,?,-,false,-
net.sf.okapi.examples,okapi-example-06,0.36,-,-,?,-,false,-
net.sf.okapi.filters,okapi-filter-abstractmarkup,0.36,-,-,?,-,false,-
net.sf.okapi.filters,okapi-filter-abstractmarkup-ui,0.36,-,-,?,-,false,-
net.sf.okapi.filters,okapi-filter-archive,0.36,-,-,?,-,false,-
net.sf.okapi.filters,okapi-filter-doxygen,0.36,-,-,?,-,false,-
net.sf.okapi.filters,okapi-filter-dtd,0.36,-,-,?,-,false,-
net.sf.okapi.filters,okapi-filter-html,0.36,-,-,?,-,false,-
net.sf.okapi.filters,okapi-filter-icml,0.36,-,-,?,-,false,-
net.sf.okapi.filters,okapi-filter-idml,0.36,-,-,?,-,false,-
net.sf.okapi.filters,okapi-filter-its,0.36,-,-,?,-,false,-
net.sf.okapi.filters,okapi-filter-json,0.36,-,-,?,-,false,-
net.sf.okapi.filters,okapi-filter-json-ui,0.36,-,-,?,-,false,-
net.sf.okapi.filters,okapi-filter-markdown,0.36,-,-,?,-,false,-
net.sf.okapi.filters,okapi-filter-markdown-ui,0.36,-,-,?,-,false,-
net.sf.okapi.filters,okapi-filter-mif,0.36,-,-,?,-,false,-
net.sf.okapi.filters,okapi-filter-mif-ui,0.36,-,-,?,-,false,-
net.sf.okapi.filters,okapi-filter-mosestext,0.36,-,-,?,-,false,-
net.sf.okapi.filters,okapi-filter-openoffice,0.36,-,-,?,-,false,-
net.sf.okapi.filters,okapi-filter-openoffice-ui,0.36,-,-,?,-,false,-
net.sf.okapi.filters,okapi-filter-openxml,0.36,-,-,?,-,false,-
net.sf.okapi.filters,okapi-filter-openxml-ui,0.36,-,-,?,-,false,-
net.sf.okapi.filters,okapi-filter-pdf,0.36,-,-,?,-,false,-
net.sf.okapi.filters,okapi-filter-pensieve,0.36,-,-,?,-,false,-
net.sf.okapi.filters,okapi-filter-php,0.36,-,-,?,-,false,-
net.sf.okapi.filters,okapi-filter-plaintext,0.36,-,-,?,-,false,-
net.sf.okapi.filters,okapi-filter-plaintext-ui,0.36,-,-,?,-,false,-
net.sf.okapi.filters,okapi-filter-po,0.36,-,-,?,-,false,-
net.sf.okapi.filters,okapi-filter-po-ui,0.36,-,-,?,-,false,-
net.sf.okapi.filters,okapi-filter-properties,0.36,-,-,?,-,false,-
net.sf.okapi.filters,okapi-filter-properties-ui,0.36,-,-,?,-,false,-
net.sf.okapi.filters,okapi-filter-rainbowkit,0.36,-,-,?,-,false,-
net.sf.okapi.filters,okapi-filter-rainbowkit-ui,0.36,-,-,?,-,false,-
net.sf.okapi.filters,okapi-filter-regex,0.36,-,-,?,-,false,-
net.sf.okapi.filters,okapi-filter-regex-ui,0.36,-,-,?,-,false,-
net.sf.okapi.filters,okapi-filter-rtf,0.36,-,-,?,-,false,-
net.sf.okapi.filters,okapi-filter-sdlpackage,0.36,-,-,?,-,false,-
net.sf.okapi.filters,okapi-filter-table,0.36,-,-,?,-,false,-
net.sf.okapi.filters,okapi-filter-table-ui,0.36,-,-,?,-,false,-
net.sf.okapi.filters,okapi-filter-tmx,0.36,-,-,?,-,false,-
net.sf.okapi.filters,okapi-filter-transifex,0.36,-,-,?,-,false,-
net.sf.okapi.filters,okapi-filter-transifex-ui,0.36,-,-,?,-,false,-
net.sf.okapi.filters,okapi-filter-transtable,0.36,-,-,?,-,false,-
net.sf.okapi.filters,okapi-filter-ts,0.36,-,-,?,-,false,-
net.sf.okapi.filters,okapi-filter-ts-ui,0.36,-,-,?,-,false,-
net.sf.okapi.filters,okapi-filter-ttx,0.36,-,-,?,-,false,-
net.sf.okapi.filters,okapi-filter-txml,0.36,-,-,?,-,false,-
net.sf.okapi.filters,okapi-filter-versifiedtxt,0.36,-,-,?,-,false,-
net.sf.okapi.filters,okapi-filter-vignette,0.36,-,-,?,-,false,-
net.sf.okapi.filters,okapi-filter-wiki,0.36,-,-,?,-,false,-
net.sf.okapi.filters,okapi-filter-xini,0.36,-,-,?,-,false,-
net.sf.okapi.filters,okapi-filter-xliff,0.36,-,-,?,-,false,-
net.sf.okapi.filters,okapi-filter-xliff2,0.36,-,-,?,-,false,-
net.sf.okapi.filters,okapi-filter-xmlstream,0.36,-,-,?,-,false,-
net.sf.okapi.filters,okapi-filter-yaml,0.36,-,-,?,-,false,-
net.sf.okapi.lib,okapi-lib-beans,0.35,-,-,?,-,false,-
net.sf.okapi.lib,okapi-lib-extra,0.36,-,-,?,-,false,-
net.sf.okapi.lib,okapi-lib-gtt,0.36,-,-,?,-,false,-
net.sf.okapi.lib,okapi-lib-merge,0.36,-,-,?,-,false,-
net.sf.okapi.lib,okapi-lib-persistence,0.35,-,-,?,-,false,-
net.sf.okapi.lib,okapi-lib-preprocessing,0.36,-,-,?,-,false,-
net.sf.okapi.lib,okapi-lib-reporting,0.36,-,-,?,-,false,-
net.sf.okapi.lib,okapi-lib-search,0.36,-,-,?,-,false,-
net.sf.okapi.lib,okapi-lib-segmentation,0.36,-,-,?,-,false,-
net.sf.okapi.lib,okapi-lib-segmentation-ui,0.36,-,-,?,-,false,-
net.sf.okapi.lib,okapi-lib-terminology,0.36,-,-,?,-,false,-
net.sf.okapi.lib,okapi-lib-tkit,0.35,-,-,?,-,false,-
net.sf.okapi.lib,okapi-lib-transifex,0.36,-,-,?,-,false,-
net.sf.okapi.lib,okapi-lib-translation,0.36,-,-,?,-,false,-
net.sf.okapi.lib,okapi-lib-translation-ui,0.36,-,-,?,-,false,-
net.sf.okapi.lib,okapi-lib-verification,0.36,-,-,?,-,false,-
net.sf.okapi.lib,okapi-lib-verification-ui,0.36,-,-,?,-,false,-
net.sf.okapi.logbind,build-jdk14,0.36,-,-,?,-,false,-
net.sf.okapi,okapi-application-tikal,0.36,-,-,?,-,false,-
net.sf.okapi,okapi-core,0.36,-,-,?,-,false,-
net.sf.okapi,okapi-core-ui,0.36,-,-,?,-,false,-
net.sf.okapi.steps,okapi-step-aligner,0.36,-,-,?,-,false,-
net.sf.okapi.steps,okapi-step-bomconversion,0.36,-,-,?,-,false,-
net.sf.okapi.steps,okapi-step-bomconversion-ui,0.36,-,-,?,-,false,-
net.sf.okapi.steps,okapi-step-charlisting,0.36,-,-,?,-,false,-
net.sf.okapi.steps,okapi-step-cleanup,0.36,-,-,?,-,false,-
net.sf.okapi.steps,okapi-step-codeshandling,0.36,-,-,?,-,false,-
net.sf.okapi.steps,okapi-step-common,0.36,-,-,?,-,false,-
net.sf.okapi.steps,okapi-step-copyormove,0.36,-,-,?,-,false,-
net.sf.okapi.steps,okapi-step-diffleverage,0.36,-,-,?,-,false,-
net.sf.okapi.steps,okapi-step-encodingconversion,0.36,-,-,?,-,false,-
net.sf.okapi.steps,okapi-step-encodingconversion-ui,0.36,-,-,?,-,false,-
net.sf.okapi.steps,okapi-step-enrycher,0.36,-,-,?,-,false,-
net.sf.okapi.steps,okapi-step-external-command,0.36,-,-,?,-,false,-
net.sf.okapi.steps,okapi-step-formatconversion,0.36,-,-,?,-,false,-
net.sf.okapi.steps,okapi-step-fullwidthconversion,0.36,-,-,?,-,false,-
net.sf.okapi.steps,okapi-step-fullwidthconversion-ui,0.36,-,-,?,-,false,-
net.sf.okapi.steps,okapi-step-generatesimpletm,0.36,-,-,?,-,false,-
net.sf.okapi.steps,okapi-step-gttbatchtranslation,0.36,-,-,?,-,false,-
net.sf.okapi.steps,okapi-step-idbasedaligner,0.36,-,-,?,-,false,-
net.sf.okapi.steps,okapi-step-imagemodification,0.36,-,-,?,-,false,-
net.sf.okapi.steps,okapi-step-inconsistencycheck,0.36,-,-,?,-,false,-
net.sf.okapi.steps,okapi-step-leveraging,0.36,-,-,?,-,false,-
net.sf.okapi.steps,okapi-step-leveraging-ui,0.36,-,-,?,-,false,-
net.sf.okapi.steps,okapi-step-linebreakconversion,0.36,-,-,?,-,false,-
net.sf.okapi.steps,okapi-step-moses,0.36,-,-,?,-,false,-
net.sf.okapi.steps,okapi-step-msbatchtranslation,0.36,-,-,?,-,false,-
net.sf.okapi.steps,okapi-step-qualitycheck,0.36,-,-,?,-,false,-
net.sf.okapi.steps,okapi-step-rainbowkit,0.36,-,-,?,-,false,-
net.sf.okapi.steps,okapi-step-rainbowkit-ui,0.36,-,-,?,-,false,-
net.sf.okapi.steps,okapi-step-repetitionanalysis,0.36,-,-,?,-,false,-
net.sf.okapi.steps,okapi-step-rtfconversion,0.36,-,-,?,-,false,-
net.sf.okapi.steps,okapi-step-scopingreport,0.36,-,-,?,-,false,-
net.sf.okapi.steps,okapi-step-searchandreplace,0.36,-,-,?,-,false,-
net.sf.okapi.steps,okapi-step-searchandreplace-ui,0.36,-,-,?,-,false,-
net.sf.okapi.steps,okapi-step-segmentation,0.36,-,-,?,-,false,-
net.sf.okapi.steps,okapi-step-segmentation-ui,0.36,-,-,?,-,false,-
net.sf.okapi.steps,okapi-step-termextraction,0.36,-,-,?,-,false,-
net.sf.okapi.steps,okapi-step-terminology-leveraging,0.36,-,-,?,-,false,-
net.sf.okapi.steps,okapi-step-textmodification,0.36,-,-,?,-,false,-
net.sf.okapi.steps,okapi-step-textmodification-ui,0.36,-,-,?,-,false,-
net.sf.okapi.steps,okapi-step-tokenization,0.36,-,-,?,-,false,-
net.sf.okapi.steps,okapi-step-tokenization-ui,0.36,-,-,?,-,false,-
net.sf.okapi.steps,okapi-step-tradosutils,0.36,-,-,?,-,false,-
net.sf.okapi.steps,okapi-step-translationcomparison,0.36,-,-,?,-,false,-
net.sf.okapi.steps,okapi-step-ttxsplitter,0.36,-,-,?,-,false,-
net.sf.okapi.steps,okapi-step-uriconversion,0.36,-,-,?,-,false,-
net.sf.okapi.steps,okapi-step-uriconversion-ui,0.36,-,-,?,-,false,-
net.sf.okapi.steps,okapi-step-whitespacecorrection,0.36,-,-,?,-,false,-
net.sf.okapi.steps,okapi-step-wordcount,0.36,-,-,?,-,false,-
net.sf.okapi.steps,okapi-step-xliffkit,0.35,-,-,?,-,false,-
net.sf.okapi.steps,okapi-step-xliffsplitter,0.36,-,-,?,-,false,-
net.sf.okapi.steps,okapi-step-xmlvalidation,0.36,-,-,?,-,false,-
net.sf.okapi.steps,okapi-step-xsltransform,0.36,-,-,?,-,false,-
net.sf.okapi.steps,okapi-step-xsltransform-ui,0.36,-,-,?,-,false,-
net.sf.okapi.testutilities,okapi-ui-harness,0.36,-,-,?,-,false,-
net.sf.okapi.tm,okapi-tm-pensieve,0.36,-,-,?,-,false,-
net.sf.okapi.tm,okapi-tm-simpletm,0.36,-,-,?,-,false,-
net.sf.okapi.tm,pensieve-integration-tests,0.36,-,-,?,-,false,-
org.ode4j,core,0.4.0,-,-,?,-,false,-
org.ode4j,core-cpp,0.4.0,-,-,?,-,false,-
org.ode4j,demo,0.4.0,-,-,?,-,false,-
org.ode4j,demo-cpp,0.4.0,-,-,?,-,false,-
