groupId,artifactId,version,moduleName,moduleVersion,moduleMode,moduleDependencies,jdepsToolError,jdepsViolations
org.hibernate,hibernate-validator,6.1.0.Alpha2,-,-,?,-,false,-
org.hibernate,hibernate-validator-annotation-processor,6.1.0.Alpha2,-,-,?,-,false,-
org.hibernate,hibernate-validator-cdi,6.1.0.Alpha2,-,-,?,-,false,-
org.hibernate,hibernate-validator-osgi-karaf-features,6.1.0.Alpha2,-,-,?,-,false,-
org.hibernate.validator,hibernate-validator,6.1.0.Alpha2,org.hibernate.validator,-,automatic,-,false,-
org.hibernate.validator,hibernate-validator-annotation-processor,6.1.0.Alpha2,org.hibernate.validator.annotationprocessor,-,automatic,-,false,-
org.hibernate.validator,hibernate-validator-cdi,6.1.0.Alpha2,org.hibernate.validator.cdi,-,automatic,-,false,-
org.hibernate.validator,hibernate-validator-test-utils,6.1.0.Alpha2,org.hibernate.validator.testutils,-,automatic,-,false,-
