groupId,artifactId,version,moduleName,moduleVersion,moduleMode,moduleDependencies,jdepsToolError,jdepsViolations
cn.icuter,jsql-jdk1.6,1.0.0,-,-,?,-,false,-
com.microsoft.azure,azure-eventhubs,2.1.0,-,-,?,-,false,-
io.codearte.gradle.nexus,gradle-nexus-staging-plugin,0.20.0,-,-,?,-,false,-
io.polygenesis.labs,polygenesis-creator,0.0.4,-,-,?,-,false,-
io.polygenesis.labs,polygenesis-deducer-core,0.0.4,-,-,?,-,false,-
io.polygenesis.labs,polygenesis-deducer-redux,0.0.4,-,-,?,-,false,-
io.polygenesis.labs,polygenesis-input-annotations,0.0.4,-,-,?,-,false,-
io.polygenesis.labs,polygenesis-input-dsl,0.0.4,-,-,?,-,false,-
io.polygenesis.labs,polygenesis-interfaces,0.0.4,-,-,?,-,false,-
io.polygenesis.labs,polygenesis-model-core,0.0.4,-,-,?,-,false,-
io.polygenesis.labs,polygenesis-model-redux,0.0.4,-,-,?,-,false,-
io.polygenesis.labs,polygenesis-registry,0.0.4,-,-,?,-,false,-
io.polygenesis.labs,polygenesis-sample-generators,0.0.4,-,-,?,-,false,-
io.polygenesis.labs,polygenesis-shared,0.0.4,-,-,?,-,false,-
