groupId,artifactId,version,moduleName,moduleVersion,moduleMode,moduleDependencies,jdepsToolError,jdepsViolations
com.definesys.mpaas,sword-swagger-plugin,1.0.0,-,-,?,-,false,sun.misc.BASE64Decoder                   Use java.util.Base64 @since 1.8 + sun.misc.BASE64Encoder                   Use java.util.Base64 @since 1.8
com.uyoqu,docs-core,1.0,-,-,?,-,false,-
com.uyoqu,hello-docs-plugin,1.0,-,-,?,-,false,-
eu.rssw.openedge.checks,openedge-checks,2.2.4,-,-,?,-,false,-
eu.rssw.openedge.parsers,database-parser,2.2.4,-,-,?,-,false,-
eu.rssw.openedge.parsers,listing-parser,2.2.4,-,-,?,-,false,-
eu.rssw.openedge.parsers,profiler-parser,2.2.4,-,-,?,-,false,-
eu.rssw.openedge.parsers,proparse,2.2.4,-,-,?,-,false,-
eu.rssw.openedge.rcode,rcode-reader,2.2.4,-,-,?,-,false,-
eu.rssw.sonar.openedge,sonar-openedge-plugin,2.2.4,-,-,?,-,false,-
io.projectreactor.ipc,reactor-netty,0.7.13.RELEASE,-,-,?,-,false,-
io.sealights.on-premise.agents.plugin,sealights-gradle-plugin,2.1.294,-,-,?,-,false,-
io.sealights.on-premise.agents.plugin,sealights-maven-plugin,2.1.471,-,-,?,-,false,-
net.centro.rtb,monitoring-center,1.0.14,-,-,?,-,false,-
org.fastquery,tcpserver,1.18,-,-,?,-,false,-
