groupId,artifactId,version,moduleName,moduleVersion,moduleMode,moduleDependencies,jdepsToolError,jdepsViolations
org.apache.maven.wagon,wagon-file,3.3.1,-,-,?,-,false,-
org.apache.maven.wagon,wagon-ftp,3.3.1,-,-,?,-,false,-
org.apache.maven.wagon,wagon-http,3.3.1,-,-,?,-,false,-
org.apache.maven.wagon,wagon-http-lightweight,3.3.1,-,-,?,-,false,-
org.apache.maven.wagon,wagon-http-shared,3.3.1,-,-,?,-,false,-
org.apache.maven.wagon,wagon-provider-api,3.3.1,-,-,?,-,false,-
org.apache.maven.wagon,wagon-provider-test,3.3.1,-,-,?,-,false,-
org.apache.maven.wagon,wagon-scm,3.3.1,-,-,?,-,false,-
org.apache.maven.wagon,wagon-ssh,3.3.1,-,-,?,-,false,-
org.apache.maven.wagon,wagon-ssh-common,3.3.1,-,-,?,-,false,-
org.apache.maven.wagon,wagon-ssh-common-test,3.3.1,-,-,?,-,false,-
org.apache.maven.wagon,wagon-ssh-external,3.3.1,-,-,?,-,false,-
org.apache.maven.wagon,wagon-tck-http,3.3.1,-,-,?,-,false,-
org.apache.maven.wagon,wagon-webdav-jackrabbit,3.3.1,-,-,?,-,false,-
