groupId,artifactId,version,moduleName,moduleVersion,moduleMode,moduleDependencies,jdepsToolError,jdepsViolations
com.alipay.sofa,hessian,4.0.1,-,-,?,-,false,sun.misc.Unsafe                          See http://openjdk.java.net/jeps/260
com.github.Alex-2713-GitHub,Alex_Test,1.0.0,-,-,?,-,false,-
com.github.vipcchua,fastpay,1.0.4.4,-,-,?,-,false,-
com.graphql-java,graphql-java,2019-01-09T03-01-00-2790caa,-,-,?,-,false,-
com.harium.etyl,ui,0.1.5,-,-,?,-,false,-
com.v1ok,spring-boot-commons,0.1.0,-,-,?,-,false,-
com.visionarts,masking-json,0.9.13,-,-,?,-,false,-
com.visionarts,power-jambda-core,0.9.13,-,-,?,-,false,-
com.visionarts,power-jambda-events,0.9.13,-,-,?,-,false,-
io.choerodon,choerodon-gitlab4j-api,0.9.0.RELEASE,-,-,?,-,false,-
io.choerodon,choerodon-liquibase,0.9.0.RELEASE,-,-,?,-,false,-
io.choerodon,choerodon-starter-asgard,0.9.0.RELEASE,-,-,?,-,false,-
io.choerodon,choerodon-starter-config-client,0.9.0.RELEASE,-,-,?,-,false,-
io.choerodon,choerodon-starter-core,0.9.0.RELEASE,-,-,?,-,false,-
io.choerodon,choerodon-starter-eureka-event,0.9.0.RELEASE,-,-,?,-,false,-
io.choerodon,choerodon-starter-feign-replay,0.9.0.RELEASE,-,-,?,-,false,-
io.choerodon,choerodon-starter-hitoa,0.9.0.RELEASE,-,-,?,-,false,-
io.choerodon,choerodon-starter-mybatis-mapper,0.9.0.RELEASE,-,-,?,-,false,-
io.choerodon,choerodon-starter-oauth-core,0.9.0.RELEASE,-,-,?,-,false,-
io.choerodon,choerodon-starter-oauth-resource,0.9.0.RELEASE,-,-,?,-,false,-
io.choerodon,choerodon-starter-statemachine,0.9.0.RELEASE,-,-,?,-,false,-
io.choerodon,choerodon-starter-swagger,0.9.0.RELEASE,-,-,?,-,false,-
io.choerodon,choerodon-tool-config,0.9.0.RELEASE,-,-,?,-,false,-
io.choerodon,choerodon-tool-liquibase,0.9.0.RELEASE,-,-,?,-,false,-
io.choerodon,choerodon-websocket-helper,0.9.0.RELEASE,-,-,?,-,false,-
org.jresearch.dominokit,domino-ui,1.0.23,-,-,?,-,false,sun.misc.IOUtils                         Removed. See http://openjdk.java.net/jeps/260
tech.simter,simter-jwt,1.0.0,-,-,?,-,false,-
tech.simter,simter-jxls-ext,1.0.0,-,-,?,-,false,-
