groupId,artifactId,version,moduleName,moduleVersion,moduleMode,moduleDependencies,jdepsToolError,jdepsViolations
cd.go.plugin,go-plugin-api-experimental,19.1.0-8306,-,-,?,-,false,-
cn.virde,AmnesiaCity-nymph,0.0.3.RELEASE,-,-,?,-,false,-
com.cognifide.aet,aet-maven-plugin,3.2.0,-,-,?,-,false,-
com.cognifide.aet,cleaner,3.2.0,-,-,?,-,false,-
com.cognifide.aet,client-core,3.2.0,-,-,?,-,false,-
com.cognifide.aet,communication,3.2.0,-,-,?,-,false,-
com.cognifide.aet,communication-api,3.2.0,-,-,?,-,false,-
com.cognifide.aet,datastorage,3.2.0,-,-,?,-,false,-
com.cognifide.aet,datastorage-api,3.2.0,-,-,?,-,false,-
com.cognifide.aet,jobs,3.2.0,-,-,?,-,false,-
com.cognifide.aet,jobs-api,3.2.0,-,-,?,-,false,-
com.cognifide.aet,proxy,3.2.0,-,-,?,-,false,-
com.cognifide.aet,rest-endpoint,3.2.0,-,-,?,-,false,-
com.cognifide.aet,runner,3.2.0,-,-,?,-,false,-
com.cognifide.aet,selenium,3.2.0,-,-,?,-,false,-
com.cognifide.aet,test-executor,3.2.0,-,-,?,-,false,-
com.cognifide.aet,validation,3.2.0,-,-,?,-,false,-
com.cognifide.aet,validation-api,3.2.0,-,-,?,-,false,-
com.cognifide.aet,w3chtml5validator,3.2.0,-,-,?,-,false,-
com.cognifide.aet,worker,3.2.0,-,-,?,-,false,-
com.github.lisdocument,ms-io,0.0.9,-,-,?,-,false,-
com.imadcn.framework,common,1.1.12,-,-,?,-,false,-
com.king.bravo,bravo,0.6,-,-,?,-,false,-
com.king.bravo,bravo-test-utils,0.6,-,-,?,-,false,-
com.microsoft.azure,spring-cloud-azure-autoconfigure,1.0.0.RC1,-,-,?,-,false,-
com.microsoft.azure,spring-cloud-azure-context,1.0.0.RC1,-,-,?,-,false,-
com.microsoft.azure,spring-cloud-azure-eventhub-stream-binder,1.0.0.RC1,-,-,?,-,false,-
com.microsoft.azure,spring-cloud-azure-messaging,1.0.0.RC1,-,-,?,-,false,-
com.microsoft.azure,spring-cloud-azure-servicebus-queue-stream-binder,1.0.0.RC1,-,-,?,-,false,-
com.microsoft.azure,spring-cloud-azure-servicebus-topic-stream-binder,1.0.0.RC1,-,-,?,-,false,-
com.microsoft.azure,spring-cloud-azure-storage,1.0.0.RC1,-,-,?,-,false,-
com.microsoft.azure,spring-cloud-starter-azure-eventhub,1.0.0.RC1,-,-,?,-,false,-
com.microsoft.azure,spring-cloud-starter-azure-eventhub-kafka,1.0.0.RC1,-,-,?,-,false,-
com.microsoft.azure,spring-cloud-starter-azure-servicebus,1.0.0.RC1,-,-,?,-,false,-
com.microsoft.azure,spring-cloud-starter-azure-storage-queue,1.0.0.RC1,-,-,?,-,false,-
com.microsoft.azure,spring-integration-azure-core,1.0.0.RC1,-,-,?,-,false,-
com.microsoft.azure,spring-integration-azure-test,1.0.0.RC1,-,-,?,-,false,-
com.microsoft.azure,spring-integration-eventhub,1.0.0.RC1,-,-,?,-,false,-
com.microsoft.azure,spring-integration-servicebus,1.0.0.RC1,-,-,?,-,false,-
com.microsoft.azure,spring-integration-storage-queue,1.0.0.RC1,-,-,?,-,false,-
com.microsoft.azure,spring-starter-azure-cache,1.0.0.RC1,-,-,?,-,false,-
com.microsoft.azure,spring-starter-azure-storage,1.0.0.RC1,-,-,?,-,false,-
com.securionpay,securionpay-java,2.5.1,-,-,?,-,false,-
io.afu,utils,0.0.33-RELEASE,-,-,?,-,false,sun.misc.BASE64Decoder                   Use java.util.Base64 @since 1.8
io.ebean,ebean-gradle-plugin,11.27.1,-,-,?,-,false,-
io.perfana,perfana-java-client,1.1.0,-,-,?,-,false,-
net.anotheria,moskito-additional-producers,2.9.0,-,-,?,-,false,-
net.anotheria,moskito-aop,2.9.0,-,-,?,-,false,-
net.anotheria,moskito-cdi,2.9.0,-,-,?,-,false,-
net.anotheria,moskito-core,2.9.0,-,-,?,-,false,-
net.anotheria,moskito-disk-space-monitoring,2.9.0,-,-,?,-,false,-
net.anotheria,moskito-ehcache,2.9.0,-,-,?,-,false,-
net.anotheria,moskito-inspect-embedded,2.9.0,-,-,?,-,false,-
net.anotheria,moskito-inspect-jersey,2.9.0,-,-,?,-,false,-
net.anotheria,moskito-inspect-remote,2.9.0,-,-,?,-,false,-
net.anotheria,moskito-mongodb,2.9.0,-,-,?,-,false,-
net.anotheria,moskito-monitoring-plugin,2.9.0,-,-,?,-,false,-
net.anotheria,moskito-notification-providers,2.9.0,-,-,?,-,false,-
net.anotheria,moskito-php,2.9.0,-,-,?,-,false,-
net.anotheria,moskito-saas-plugin,2.9.0,-,-,?,-,false,-
net.anotheria,moskito-sampling-api,2.9.0,-,-,?,-,false,-
net.anotheria,moskito-springboot,2.9.0,-,-,?,-,false,-
net.anotheria,moskito-sql,2.9.0,-,-,?,-,false,-
net.anotheria,moskito-web,2.9.0,-,-,?,-,false,-
net.anotheria,moskito-webui,2.9.0,-,-,?,-,false,-
nl.vpro,magnolia-context-annotations,1.1.0,-,-,?,-,false,-
org.sonarsource.analyzer-commons,sonar-analyzer-commons,1.10.1.446,-,-,?,-,false,-
org.sonarsource.analyzer-commons,sonar-analyzer-recognizers,1.10.1.446,-,-,?,-,false,-
org.sonarsource.analyzer-commons,sonar-analyzer-test-commons,1.10.1.446,-,-,?,-,false,-
org.sonarsource.analyzer-commons,sonar-xml-parsing,1.10.1.446,-,-,?,-,false,-
org.wso2.siddhi,performance-samples,4.3.11,-,-,?,-,false,-
org.wso2.siddhi,quick-start-samples,4.3.11,-,-,?,-,false,-
org.wso2.siddhi,siddhi-annotations,4.3.11,-,-,?,-,false,-
org.wso2.siddhi,siddhi-core,4.3.11,-,-,?,-,false,-
org.wso2.siddhi,siddhi-core-doc-gen,4.3.11,-,-,?,-,false,-
org.wso2.siddhi,siddhi-doc-gen,4.3.11,-,-,?,-,false,-
org.wso2.siddhi,siddhi-query-api,4.3.11,-,-,?,-,false,-
org.wso2.siddhi,siddhi-query-compiler,4.3.11,-,-,?,-,false,-
org.wso2.siddhi,siddhi-service,4.3.11,-,-,?,-,false,sun.misc.Cleaner                         Use java.lang.ref.PhantomReference @since 1.2 or java.lang.ref.Cleaner @since 9 + sun.misc.Unsafe                          See http://openjdk.java.net/jeps/260 + sun.security.x509.X500Name               Use javax.security.auth.x500.X500Principal @since 1.4
