groupId,artifactId,version,moduleName,moduleVersion,moduleMode,moduleDependencies,jdepsToolError,jdepsViolations
be.yildiz-games,engine-server,1.0.4,be.yildizgames.engine.server,-,explicit,be.yildizgames.common.authentication + be.yildizgames.common.exception + be.yildizgames.common.gameobject + be.yildizgames.common.geometry + be.yildizgames.common.logging + be.yildizgames.common.mapping + be.yildizgames.common.model + be.yildizgames.common.shape + be.yildizgames.common.util + be.yildizgames.engine.shared + be.yildizgames.module.messaging + be.yildizgames.module.network + be.yildizgames.module.physics + java.base + slf4j.api,false,-
com.amazonaws,aws-android-sdk-apigateway-core,2.9.2,-,-,?,-,false,-
com.amazonaws,aws-android-sdk-autoscaling,2.9.2,-,-,?,-,false,-
com.amazonaws,aws-android-sdk-cloudwatch,2.9.2,-,-,?,-,false,-
com.amazonaws,aws-android-sdk-cognito,2.9.2,-,-,?,-,false,-
com.amazonaws,aws-android-sdk-cognitoidentityprovider,2.9.2,-,-,?,-,false,-
com.amazonaws,aws-android-sdk-comprehend,2.9.2,-,-,?,-,false,-
com.amazonaws,aws-android-sdk-core,2.9.2,-,-,?,-,false,-
com.amazonaws,aws-android-sdk-ddb,2.9.2,-,-,?,-,false,-
com.amazonaws,aws-android-sdk-ddb-document,2.9.2,-,-,?,-,false,-
com.amazonaws,aws-android-sdk-ddb-mapper,2.9.2,-,-,?,-,false,-
com.amazonaws,aws-android-sdk-ec2,2.9.2,-,-,?,-,false,-
com.amazonaws,aws-android-sdk-elb,2.9.2,-,-,?,-,false,-
com.amazonaws,aws-android-sdk-iot,2.9.2,-,-,?,-,false,-
com.amazonaws,aws-android-sdk-kinesis,2.9.2,-,-,?,-,false,-
com.amazonaws,aws-android-sdk-kinesisvideo-archivedmedia,2.9.2,-,-,?,-,false,-
com.amazonaws,aws-android-sdk-kms,2.9.2,-,-,?,-,false,-
com.amazonaws,aws-android-sdk-lambda,2.9.2,-,-,?,-,false,-
com.amazonaws,aws-android-sdk-logs,2.9.2,-,-,?,-,false,-
com.amazonaws,aws-android-sdk-machinelearning,2.9.2,-,-,?,-,false,-
com.amazonaws,aws-android-sdk-mobileanalytics,2.9.2,-,-,?,-,false,-
com.amazonaws,aws-android-sdk-pinpoint,2.9.2,-,-,?,-,false,-
com.amazonaws,aws-android-sdk-polly,2.9.2,-,-,?,-,false,-
com.amazonaws,aws-android-sdk-rekognition,2.9.2,-,-,?,-,false,-
com.amazonaws,aws-android-sdk-s3,2.9.2,-,-,?,-,false,-
com.amazonaws,aws-android-sdk-sdb,2.9.2,-,-,?,-,false,-
com.amazonaws,aws-android-sdk-ses,2.9.2,-,-,?,-,false,-
com.amazonaws,aws-android-sdk-sns,2.9.2,-,-,?,-,false,-
com.amazonaws,aws-android-sdk-sqs,2.9.2,-,-,?,-,false,-
com.amazonaws,aws-android-sdk-transcribe,2.9.2,-,-,?,-,false,-
com.amazonaws,aws-android-sdk-translate,2.9.2,-,-,?,-,false,-
com.diffplug.durian,durian-swt,3.1.0,-,-,?,-,false,-
com.diffplug.durian,durian-swt.cocoa.macosx.x86_64,3.1.0,-,-,?,-,false,-
com.diffplug.durian,durian-swt.gtk.linux.x86,3.1.0,-,-,?,-,false,-
com.diffplug.durian,durian-swt.gtk.linux.x86_64,3.1.0,-,-,?,-,false,-
com.diffplug.durian,durian-swt.os,3.1.0,-,-,?,-,false,-
com.diffplug.durian,durian-swt.win32.win32.x86,3.1.0,-,-,?,-,false,-
com.diffplug.durian,durian-swt.win32.win32.x86_64,3.1.0,-,-,?,-,false,-
com.github.shynixn.structureblocklib,structureblocklib-bukkit-api,1.8.1,-,-,?,-,false,-
com.github.shynixn.structureblocklib,structureblocklib-bukkit-core,1.8.1,-,-,?,-,false,-
com.github.shynixn.structureblocklib,structureblocklib-bukkit-plugin,1.8.1,-,-,?,-,false,-
com.squareup,kotlinpoet,1.0.1,com.squareup.kotlinpoet,-,automatic,-,false,-
com.tiggee.commons,result,0.1.0,-,-,?,-,false,-
io.kontainers,micrometer-registry-dynatrace,1.1.3,-,-,?,-,false,-
org.cloudfoundry,cloudfoundry-client,3.15.0.RELEASE,-,-,?,-,false,-
org.cloudfoundry,cloudfoundry-client-reactor,3.15.0.RELEASE,-,-,?,-,false,-
org.cloudfoundry,cloudfoundry-operations,3.15.0.RELEASE,-,-,?,-,false,-
org.cloudfoundry,cloudfoundry-util,3.15.0.RELEASE,-,-,?,-,false,-
org.openstreetmap.atlas,atlas,5.3.1,-,-,?,-,false,-
ru.vyukov,another-live-refresh-spring-boot-starter,0.3.1,-,-,?,-,false,-
