groupId,artifactId,version,moduleName,moduleVersion,moduleMode,moduleDependencies,jdepsToolError,jdepsViolations
com.almis.ade,ade-core,2.0.5,-,-,?,-,false,-
com.almis.ade,ade-spring-boot-starter,2.0.5,-,-,?,-,false,-
com.codacy,codacy-libraries_2.10,12.0.0-separatelibraries.8894f85,-,-,?,-,false,-
com.codacy,codacy-libraries_2.11,12.0.0-separatelibraries.8894f85,-,-,?,-,false,-
com.codacy,codacy-libraries_2.12,12.0.0-separatelibraries.8894f85,-,-,?,-,false,-
com.emarsys,permission-system-scala-sdk_2.12,0.0.1+1-6735ebbd,-,-,?,-,false,-
com.envisioniot,enos-appframework-mars,0.2.1,-,-,?,-,false,-
com.github.chanmratekoko,myanmar-calendar,1.0.6.RC3,-,-,?,-,false,-
com.github.saphyra,auth-service,0.0.1,-,-,?,-,false,-
com.github.vebqa,vebtal-api,0.9.6,-,-,?,-,false,-
com.icthh.xm.commons,xm-commons-config,1.2.21,-,-,?,-,false,-
com.icthh.xm.commons,xm-commons-exceptions,1.2.21,-,-,?,-,false,-
com.icthh.xm.commons,xm-commons-i18n,1.2.21,-,-,?,-,false,-
com.icthh.xm.commons,xm-commons-lep,1.2.21,-,-,?,-,false,-
com.icthh.xm.commons,xm-commons-logging,1.2.21,-,-,?,-,false,-
com.icthh.xm.commons,xm-commons-logging-web,1.2.21,-,-,?,-,false,-
com.icthh.xm.commons,xm-commons-messaging,1.2.21,-,-,?,-,false,-
com.icthh.xm.commons,xm-commons-migration-db,1.2.21,-,-,?,-,false,-
com.icthh.xm.commons,xm-commons-ms-web,1.2.21,-,-,?,-,false,-
com.icthh.xm.commons,xm-commons-permission,1.2.21,-,-,?,-,false,-
com.icthh.xm.commons,xm-commons-request,1.2.21,-,-,?,-,false,-
com.icthh.xm.commons,xm-commons-scheduler,1.2.21,-,-,?,-,false,-
com.icthh.xm.commons,xm-commons-security,1.2.21,-,-,?,-,false,-
com.icthh.xm.commons,xm-commons-tenant,1.2.21,-,-,?,-,false,-
com.icthh.xm.commons,xm-commons-tenant-endpoint,1.2.21,-,-,?,-,false,-
com.icthh.xm.commons,xm-commons-timeline,1.2.21,-,-,?,-,false,-
com.structurizr,structurizr-adr-tools,1.2.0,-,-,?,-,false,-
com.structurizr,structurizr-analysis,1.2.0,-,-,?,-,false,-
com.structurizr,structurizr-annotations,1.2.0,-,-,?,-,false,-
com.structurizr,structurizr-client,1.2.0,-,-,?,-,false,-
com.structurizr,structurizr-core,1.2.0,-,-,?,-,false,-
com.structurizr,structurizr-dot,1.2.0,-,-,?,-,false,-
com.structurizr,structurizr-plantuml,1.2.0,-,-,?,-,false,-
com.structurizr,structurizr-spring,1.2.0,-,-,?,-,false,-
com.structurizr,structurizr-websequencediagrams,1.2.0,-,-,?,-,false,-
com.thoughtworks.gauge.maven,gauge-maven-plugin,1.4.1,-,-,?,-,false,-
com.yishuifengxiao.common,common-tool,1.1.1-release,-,-,?,-,false,-
org.devefx.spring.boot,dozermapper-spring-boot-starter,0.0.1,-,-,?,-,false,-
org.devefx.spring.boot,retrofit-spring-boot-starter,0.0.1,-,-,?,-,false,-
pro.requena.ea,modeltransfer,1.0,-,-,?,-,false,-
tech.grasshopper,cukefeatureprocessor,1.1.0,-,-,?,-,false,-
uk.co.caprica,vlcj,3.11.0,-,-,?,-,false,-
uk.gov.gchq.gaffer,accumulo-store,1.8.0-RC1,-,-,?,-,false,-
uk.gov.gchq.gaffer,basic-model,1.8.0-RC1,-,-,?,-,false,-
uk.gov.gchq.gaffer,bitmap-library,1.8.0-RC1,-,-,?,-,false,-
uk.gov.gchq.gaffer,cache,1.8.0-RC1,-,-,?,-,false,-
uk.gov.gchq.gaffer,common-util,1.8.0-RC1,-,-,?,-,false,-
uk.gov.gchq.gaffer,data,1.8.0-RC1,-,-,?,-,false,-
uk.gov.gchq.gaffer,exception,1.8.0-RC1,-,-,?,-,false,-
uk.gov.gchq.gaffer,federated-store,1.8.0-RC1,-,-,?,-,false,-
uk.gov.gchq.gaffer,flink-library,1.8.0-RC1,-,-,?,-,false,-
uk.gov.gchq.gaffer,graph,1.8.0-RC1,-,-,?,-,false,-
uk.gov.gchq.gaffer,hazelcast-cache-service,1.8.0-RC1,-,-,?,-,false,-
uk.gov.gchq.gaffer,hbase-store,1.8.0-RC1,-,-,?,-,false,-
uk.gov.gchq.gaffer,hdfs-library,1.8.0-RC1,-,-,?,-,false,-
uk.gov.gchq.gaffer,integration-test,1.8.0-RC1,-,-,?,-,false,-
uk.gov.gchq.gaffer,jcs-cache-service,1.8.0-RC1,-,-,?,-,false,-
uk.gov.gchq.gaffer,map-store,1.8.0-RC1,-,-,?,-,false,-
uk.gov.gchq.gaffer,operation,1.8.0-RC1,-,-,?,-,false,-
uk.gov.gchq.gaffer,parquet-store,1.8.0-RC1,-,-,?,-,false,-
uk.gov.gchq.gaffer,proxy-store,1.8.0-RC1,-,-,?,-,false,-
uk.gov.gchq.gaffer,road-traffic-generators,1.8.0-RC1,-,-,?,-,false,-
uk.gov.gchq.gaffer,road-traffic-model,1.8.0-RC1,-,-,?,-,false,-
uk.gov.gchq.gaffer,serialisation,1.8.0-RC1,-,-,?,-,false,sun.reflect.generics.reflectiveObjects.GenericArrayTypeImpl Removed. See http://openjdk.java.net/jeps/260
uk.gov.gchq.gaffer,sketches-library,1.8.0-RC1,-,-,?,-,false,-
uk.gov.gchq.gaffer,spark-accumulo-library,1.8.0-RC1,-,-,?,-,false,-
uk.gov.gchq.gaffer,spark-library,1.8.0-RC1,-,-,?,-,false,-
uk.gov.gchq.gaffer,store,1.8.0-RC1,-,-,?,-,false,-
uk.gov.gchq.gaffer,time-library,1.8.0-RC1,-,-,?,-,false,-
uk.gov.gchq.gaffer,type,1.8.0-RC1,-,-,?,-,false,-
