groupId,artifactId,version,moduleName,moduleVersion,moduleMode,moduleDependencies,jdepsToolError,jdepsViolations
be.atbash.keys,diffie-hellman,0.5,-,-,?,-,false,-
be.atbash.keys,keymanager-sign,0.5,-,-,?,-,false,-
com.aliyun,aliyun-java-sdk-arms,2.3.0,-,-,?,-,false,-
com.almis.awe,awe-annotation,4.0.3,-,-,?,-,false,-
com.almis.awe,awe-annotations-spring-boot-starter,4.0.3,-,-,?,-,false,-
com.almis.awe,awe-builder,4.0.3,-,-,?,-,false,-
com.almis.awe,awe-builder-spring-boot-starter,4.0.3,-,-,?,-,false,-
com.almis.awe,awe-client-angular,4.0.3,-,-,?,-,false,-
com.almis.awe,awe-controller,4.0.3,-,-,?,-,false,-
com.almis.awe,awe-developer,4.0.3,-,-,?,-,false,-
com.almis.awe,awe-developer-spring-boot-starter,4.0.3,-,-,?,-,false,-
com.almis.awe,awe-generic-screens,4.0.3,-,-,?,-,false,-
com.almis.awe,awe-model,4.0.3,-,-,?,-,false,-
com.almis.awe,awe-rest,4.0.3,-,-,?,-,false,-
com.almis.awe,awe-rest-spring-boot-starter,4.0.3,-,-,?,-,false,-
com.almis.awe,awe-spring-boot-starter,4.0.3,-,-,?,-,false,-
com.almis.awe,awe-tools,4.0.3,-,-,?,-,false,-
com.almis.awe,awe-tools-spring-boot-starter,4.0.3,-,-,?,-,false,-
com.github.mengxianun,air-data-all,1.0.0,-,-,?,-,false,-
com.github.mengxianun,air-data-core,1.0.0,-,-,?,-,false,-
com.github.mengxianun,air-data-elasticsearch,1.0.0,-,-,?,-,false,-
com.github.mengxianun,air-data-encrypt,1.0.0,-,-,?,-,false,-
com.github.mengxianun,air-data-jdbc,1.0.0,-,-,?,-,false,-
com.github.mengxianun,air-data-result,1.0.0,-,-,?,-,false,-
com.github.mengxianun,air-data-result-csv,1.0.0,-,-,?,-,false,-
com.github.mengxianun,air-data-result-excel,1.0.0,-,-,?,-,false,-
com.github.mengxianun,air-data-result-json,1.0.0,-,-,?,-,false,-
com.github.mengxianun,air-data-result-pdf,1.0.0,-,-,?,-,false,-
com.github.mengxianun,air-data-result-word,1.0.0,-,-,?,-,false,-
com.rookout,rook,0.1.48,-,-,?,-,false,sun.misc.JavaLangAccess                  Removed. See http://openjdk.java.net/jeps/260 + sun.misc.SharedSecrets                   Removed. See http://openjdk.java.net/jeps/260 + sun.misc.Unsafe                          See http://openjdk.java.net/jeps/260 + sun.security.x509.X500Name               Use javax.security.auth.x500.X500Principal @since 1.4
com.sun.xml.dtd-parser,dtd-parser,1.4.1,com.sun.xml.dtdparser,-,explicit,java.base + java.logging + java.xml,false,-
io.github.idolofidles,MysqlORM,1.1.6,-,-,?,-,false,-
io.tapir-test,tapir-extensions-allure2,1.1.0,-,-,?,-,false,-
io.tapir-test,tapir-extensions-datasource-excel,1.1.0,-,-,?,-,false,-
io.tapir-test,tapir-extensions-execution-gui,1.1.0,-,-,?,-,false,-
io.tapir-test,tapir-extensions-featuregen,1.1.0,-,-,?,-,false,-
io.tapir-test,tapir-extensions-featuregen-test-base,1.1.0,-,-,?,-,false,-
io.tapir-test,tapir-extensions-feature-ide,1.1.0,-,-,?,-,false,-
io.tapir-test,tapir-extensions-junit5,1.1.0,-,-,?,-,false,-
io.tapir-test,tapir-extensions-junit5-execution,1.1.0,-,-,?,-,false,-
io.tapir-test,tapir-extensions-reporting-base,1.1.0,-,-,?,-,false,-
io.tapir-test,tapir-extensions-reporting-excel,1.1.0,-,-,?,-,false,-
jakarta.el,jakarta.el-api,3.0.2,-,-,?,-,false,-
nz.net.osnz.common,common-ebean,9.7,-,-,?,-,false,-
org.fissore,slf4j-fluent,0.4.0,-,-,?,-,false,-
org.jbehavesupport,jbehave-support-core,1.0.2,-,-,?,-,false,-
org.ovirt.otopi,otopi,1.8.0,-,-,?,-,false,-
org.ovirt.ovirt-host-deploy,ovirt-host-deploy,1.8.0,-,-,?,-,false,-
org.springframework,spring-aop,5.1.3.RELEASE,spring.aop,-,automatic,-,false,-
org.springframework,spring-aspects,5.1.3.RELEASE,spring.aspects,-,automatic,-,false,-
org.springframework,spring-beans,5.1.3.RELEASE,spring.beans,-,automatic,-,false,-
org.springframework,spring-context,5.1.3.RELEASE,spring.context,-,automatic,-,false,-
org.springframework,spring-context-indexer,5.1.3.RELEASE,spring.context.indexer,-,automatic,-,false,-
org.springframework,spring-context-support,5.1.3.RELEASE,spring.context.support,-,automatic,-,false,-
org.springframework,spring-core,5.1.3.RELEASE,spring.core,-,automatic,-,false,sun.misc.Unsafe                          See http://openjdk.java.net/jeps/260
org.springframework,spring-expression,5.1.3.RELEASE,spring.expression,-,automatic,-,false,-
org.springframework,spring-instrument,5.1.3.RELEASE,spring.instrument,-,automatic,-,false,-
org.springframework,spring-jcl,5.1.3.RELEASE,spring.jcl,-,automatic,-,false,-
org.springframework,spring-jdbc,5.1.3.RELEASE,spring.jdbc,-,automatic,-,false,-
org.springframework,spring-jms,5.1.3.RELEASE,spring.jms,-,automatic,-,false,-
org.springframework,spring-messaging,5.1.3.RELEASE,spring.messaging,-,automatic,-,false,-
org.springframework,spring-orm,5.1.3.RELEASE,spring.orm,-,automatic,-,false,-
org.springframework,spring-oxm,5.1.3.RELEASE,spring.oxm,-,automatic,-,false,-
org.springframework,spring-test,5.1.3.RELEASE,spring.test,-,automatic,-,false,-
org.springframework,spring-tx,5.1.3.RELEASE,spring.tx,-,automatic,-,false,-
org.springframework,spring-web,5.1.3.RELEASE,spring.web,-,automatic,-,false,-
org.springframework,spring-webflux,5.1.3.RELEASE,spring.webflux,-,automatic,-,false,-
org.springframework,spring-webmvc,5.1.3.RELEASE,spring.webmvc,-,automatic,-,false,-
org.springframework,spring-websocket,5.1.3.RELEASE,spring.websocket,-,automatic,-,false,-
org.web3j,quorum,4.0.4,-,-,?,-,false,-
ru.odnoklassniki,one-nio,1.1.0,-,-,?,-,false,sun.misc.Unsafe                          See http://openjdk.java.net/jeps/260
