groupId,artifactId,version,moduleName,moduleVersion,moduleMode,moduleDependencies,jdepsToolError,jdepsViolations
com.github.yjagdale.webdriverutil,webdriver-helper-utils,1.3.2,-,-,?,-,false,-
com.huawei,openstack4j,1.0.10,-,-,?,-,false,-
com.huawei.openstack4j.connectors,openstack4j-httpclient,1.0.10,-,-,?,-,false,-
com.huawei.openstack4j.connectors,openstack4j-http-connector,1.0.10,-,-,?,-,false,-
com.huawei.openstack4j.connectors,openstack4j-jersey2,1.0.10,-,-,?,-,false,-
com.huawei.openstack4j.connectors,openstack4j-okhttp,1.0.10,-,-,?,-,false,-
com.huawei.openstack4j.connectors,openstack4j-resteasy,1.0.10,-,-,?,-,false,-
com.huawei,openstack4j-core,1.0.10,-,-,?,-,false,-
com.huawei,openstack-core-sample,1.0.10,-,-,?,-,false,-
com.revengemission.commons,captcha,0.4,-,-,?,-,false,-
