groupId,artifactId,version,moduleName,moduleVersion,moduleMode,moduleDependencies,jdepsToolError,jdepsViolations
com.blackducksoftware.integration,hub-imageinspector-lib,8.1.1,-,-,?,-,false,-
com.citytechinc.cq.cq-component-plugin,cq-component-annotations,6.1.3,-,-,?,-,false,-
com.citytechinc.cq.cq-component-plugin,cq-component-maven-plugin,6.1.3,-,-,?,-,false,-
com.elefana,elefana-api,1.0.0-beta2,-,-,?,-,false,-
com.elefana,elefana-core,1.0.0-beta2,-,-,?,-,false,-
com.frightanic,open-data-smn,1.5.0,-,-,?,-,false,sun.misc.Unsafe                          See http://openjdk.java.net/jeps/260 + sun.reflect.Reflection                   Use java.lang.StackWalker @since 9 + sun.reflect.generics.reflectiveObjects.ParameterizedTypeImpl Removed. See http://openjdk.java.net/jeps/260 + sun.reflect.generics.reflectiveObjects.TypeVariableImpl Removed. See http://openjdk.java.net/jeps/260
com.microsoft.azure,azure-cosmosdb-spark_2.3.0_2.11,1.3.3,-,-,?,-,false,-
com.netflix.nebula,gradle-lint-plugin,10.4.1,-,-,?,-,false,-
com.roscopeco.moxy,moxy-annotations,0.92.1,-,-,?,-,false,-
com.roscopeco.moxy,moxy-core,0.92.1,-,-,?,-,false,sun.misc.Unsafe                          See http://openjdk.java.net/jeps/260
com.roscopeco.moxy,moxy-junit5,0.92.1,-,-,?,-,false,-
com.squareup.sqldelight,core,1.0.0-rc7,-,-,?,-,false,-
com.squareup.sqldelight,gradle-plugin,1.0.0-rc7,-,-,?,-,false,com.apple.eawt.AboutHandler              Use java.awt.Desktop and JEP 272 @since 9 + com.apple.eawt.AppEvent                  Use java.awt.Desktop and JEP 272 @since 9 + com.apple.eawt.AppEvent$AboutEvent       Use java.awt.Desktop and JEP 272 @since 9 + com.apple.eawt.AppEvent$FullScreenEvent  Use java.awt.Desktop and JEP 272 @since 9 + com.apple.eawt.AppEvent$OpenFilesEvent   Use java.awt.Desktop and JEP 272 @since 9 + com.apple.eawt.AppEvent$OpenURIEvent     Use java.awt.Desktop and JEP 272 @since 9 + com.apple.eawt.AppEvent$PreferencesEvent Use java.awt.Desktop and JEP 272 @since 9 + com.apple.eawt.AppEvent$QuitEvent        Use java.awt.Desktop and JEP 272 @since 9 + com.apple.eawt.Application               Use java.awt.Desktop and JEP 272 @since 9 + com.apple.eawt.FullScreenAdapter         Use java.awt.Desktop and JEP 272 @since 9 + com.apple.eawt.FullScreenListener        Use java.awt.Desktop and JEP 272 @since 9 + com.apple.eawt.FullScreenUtilities       Use java.awt.Desktop and JEP 272 @since 9 + com.apple.eawt.OpenFilesHandler          Use java.awt.Desktop and JEP 272 @since 9 + com.apple.eawt.OpenURIHandler            Use java.awt.Desktop and JEP 272 @since 9 + com.apple.eawt.PreferencesHandler        Use java.awt.Desktop and JEP 272 @since 9 + com.apple.eawt.QuitHandler               Use java.awt.Desktop and JEP 272 @since 9 + com.apple.eawt.QuitResponse              Use java.awt.Desktop and JEP 272 @since 9 + com.apple.eawt.event.GestureAdapter      Use java.awt.Desktop and JEP 272 @since 9 + com.apple.eawt.event.GestureListener     Use java.awt.Desktop and JEP 272 @since 9 + com.apple.eawt.event.GesturePhaseEvent   Use java.awt.Desktop and JEP 272 @since 9 + com.apple.eawt.event.GestureUtilities    Use java.awt.Desktop and JEP 272 @since 9 + com.apple.eawt.event.MagnificationEvent  Use java.awt.Desktop and JEP 272 @since 9 + com.apple.eawt.event.PressureEvent       Use java.awt.Desktop and JEP 272 @since 9 + com.apple.eawt.event.PressureListener    Use java.awt.Desktop and JEP 272 @since 9 + com.apple.eawt.event.SwipeEvent          Use java.awt.Desktop and JEP 272 @since 9 + java.awt.peer.ComponentPeer              Should not use. See https://bugs.openjdk.java.net/browse/JDK-8037739 + java.awt.peer.FramePeer                  Should not use. See https://bugs.openjdk.java.net/browse/JDK-8037739 + sun.misc.Cleaner                         Use java.lang.ref.PhantomReference @since 1.2 or java.lang.ref.Cleaner @since 9 + sun.misc.Contended                       Removed. See http://openjdk.java.net/jeps/260 + sun.misc.Unsafe                          See http://openjdk.java.net/jeps/260 + sun.misc.VMSupport                       Removed. See http://openjdk.java.net/jeps/260
com.squareup.sqldelight,idea-plugin,1.0.0-rc7,-,-,?,-,false,-
com.squareup.sqldelight,ios-driver-metadata,1.0.0-rc7,-,-,?,-,false,-
com.squareup.sqldelight,migrations,1.0.0-rc7,-,-,?,-,false,-
com.squareup.sqldelight,runtime-js,1.0.0-rc7,-,-,?,-,false,-
com.squareup.sqldelight,runtime-jvm,1.0.0-rc7,-,-,?,-,false,-
com.squareup.sqldelight,runtime-metadata,1.0.0-rc7,-,-,?,-,false,-
com.squareup.sqldelight,rxjava2-extensions,1.0.0-rc7,-,-,?,-,false,-
com.squareup.sqldelight,sqlite-driver,1.0.0-rc7,-,-,?,-,false,-
com.sumologic.plugins.logback,sumologic-logback-appender,1.2,-,-,?,-,false,-
com.taxjar,taxjar-java,2.0.0,-,-,?,-,false,-
io.airlift,airbase-policy,90,-,-,?,-,false,-
io.github.bonigarcia,selenium-jupiter,3.0.0,-,-,?,-,false,-
net.katsstuff,ackcord_2.11,0.12.0,-,-,?,-,false,-
net.katsstuff,ackcord_2.12,0.12.0,-,-,?,-,false,-
net.katsstuff,ackcord-commands_2.11,0.12.0,-,-,?,-,false,-
net.katsstuff,ackcord-commands_2.12,0.12.0,-,-,?,-,false,-
net.katsstuff,ackcord-commands-core_2.11,0.12.0,-,-,?,-,false,-
net.katsstuff,ackcord-commands-core_2.12,0.12.0,-,-,?,-,false,-
net.katsstuff,ackcord-core_2.11,0.12.0,-,-,?,-,false,-
net.katsstuff,ackcord-core_2.12,0.12.0,-,-,?,-,false,-
net.katsstuff,ackcord-data_2.11,0.12.0,-,-,?,-,false,-
net.katsstuff,ackcord-data_2.12,0.12.0,-,-,?,-,false,-
net.katsstuff,ackcord-data_sjs0.6_2.11,0.12.0,-,-,?,-,false,-
net.katsstuff,ackcord-data_sjs0.6_2.12,0.12.0,-,-,?,-,false,-
net.katsstuff,ackcord-gateway_2.11,0.12.0,-,-,?,-,false,-
net.katsstuff,ackcord-gateway_2.12,0.12.0,-,-,?,-,false,-
net.katsstuff,ackcord-images_2.11,0.12.0,-,-,?,-,false,-
net.katsstuff,ackcord-images_2.12,0.12.0,-,-,?,-,false,-
net.katsstuff,ackcord-lavaplayer_2.11,0.12.0,-,-,?,-,false,-
net.katsstuff,ackcord-lavaplayer_2.12,0.12.0,-,-,?,-,false,-
net.katsstuff,ackcord-lavaplayer-core_2.11,0.12.0,-,-,?,-,false,-
net.katsstuff,ackcord-lavaplayer-core_2.12,0.12.0,-,-,?,-,false,-
net.katsstuff,ackcord-network_2.11,0.12.0,-,-,?,-,false,-
net.katsstuff,ackcord-network_2.12,0.12.0,-,-,?,-,false,-
net.katsstuff,ackcord-oauth_2.11,0.12.0,-,-,?,-,false,-
net.katsstuff,ackcord-oauth_2.12,0.12.0,-,-,?,-,false,-
net.katsstuff,ackcord-rest_2.11,0.12.0,-,-,?,-,false,-
net.katsstuff,ackcord-rest_2.12,0.12.0,-,-,?,-,false,-
net.katsstuff,ackcord-util_2.11,0.12.0,-,-,?,-,false,-
net.katsstuff,ackcord-util_2.12,0.12.0,-,-,?,-,false,-
net.katsstuff,ackcord-voice_2.11,0.12.0,-,-,?,-,false,-
net.katsstuff,ackcord-voice_2.12,0.12.0,-,-,?,-,false,-
net.katsstuff,ackcord-websockets_2.11,0.12.0,-,-,?,-,false,-
net.katsstuff,ackcord-websockets_2.12,0.12.0,-,-,?,-,false,-
org.bedework,bw-access,4.0.5,-,-,?,-,false,-
org.bedework,bw-caldav-server,4.0.6,-,-,?,-,false,-
org.bedework,bw-caldav-util,4.0.6,-,-,?,-,false,-
org.bedework,bw-util2-calendar,4.0.3,-,-,?,-,false,-
org.bedework,bw-util2-vcard,4.0.3,-,-,?,-,false,-
org.bedework,bw-util-args,4.0.21,-,-,?,-,false,-
org.bedework,bw-util-caching,4.0.21,-,-,?,-,false,-
org.bedework,bw-util-cli,4.0.21,-,-,?,-,false,-
org.bedework,bw-util-config,4.0.21,-,-,?,-,false,-
org.bedework,bw-util-config-http,4.0.21,-,-,?,-,false,-
org.bedework,bw-util-dav,4.0.21,-,-,?,-,false,-
org.bedework,bw-util-deployment,4.0.21,-,-,?,-,false,-
org.bedework,bw-util-directory,4.0.21,-,-,?,-,false,-
org.bedework,bw-util-elasticsearch,4.0.21,-,-,?,-,false,-
org.bedework,bw-util-http,4.0.21,-,-,?,-,false,-
org.bedework,bw-util-indexing,4.0.21,-,-,?,-,false,-
org.bedework,bw-util-jms,4.0.21,-,-,?,-,false,-
org.bedework,bw-util-jmx,4.0.21,-,-,?,-,false,-
org.bedework,bw-util-jolokia,4.0.21,-,-,?,-,false,-
org.bedework,bw-util-json,4.0.21,-,-,?,-,false,-
org.bedework,bw-util-maven-deploy,4.0.21,-,-,?,-,false,-
org.bedework,bw-util-misc,4.0.21,-,-,?,-,false,-
org.bedework,bw-util-options,4.0.21,-,-,?,-,false,-
org.bedework,bw-util-security,4.0.21,-,-,?,-,false,-
org.bedework,bw-util-servlet,4.0.21,-,-,?,-,false,-
org.bedework,bw-util-servlet-filters,4.0.21,-,-,?,-,false,-
org.bedework,bw-util-struts,4.0.21,-,-,?,-,false,-
org.bedework,bw-util-timezones,4.0.21,-,-,?,-,false,-
org.bedework,bw-util-xml,4.0.21,-,-,?,-,false,-
org.bedework,bw-webdav,4.0.6,-,-,?,-,false,-
org.bedework.evreg,bw-event-registration-common,4.0.4,-,-,?,-,false,-
org.bedework.evreg,bw-event-registration-service,4.0.4,-,-,?,-,false,-
org.clustering4ever,clustering4ever_2.11,0.8.0,-,-,?,-,false,-
org.clustering4ever,clusteringspark_2.11,0.8.0,-,-,?,-,false,-
org.powermock,powermock-api-easymock,2.0.0,-,-,?,-,false,-
org.powermock,powermock-api-mockito2,2.0.0,-,-,?,-,false,-
org.powermock,powermock-api-support,2.0.0,-,-,?,-,false,-
org.powermock,powermock-classloading-base,2.0.0,-,-,?,-,false,-
org.powermock,powermock-classloading-objenesis,2.0.0,-,-,?,-,false,sun.misc.Unsafe                          See http://openjdk.java.net/jeps/260
org.powermock,powermock-classloading-xstream,2.0.0,-,-,?,-,false,-
org.powermock,powermock-core,2.0.0,-,-,?,-,false,-
org.powermock,powermock-module-javaagent,2.0.0,-,-,?,-,false,-
org.powermock,powermock-module-junit4,2.0.0,-,-,?,-,false,-
org.powermock,powermock-module-junit4-common,2.0.0,-,-,?,-,false,-
org.powermock,powermock-module-junit4-legacy,2.0.0,-,-,?,-,false,-
org.powermock,powermock-module-junit4-rule,2.0.0,-,-,?,-,false,-
org.powermock,powermock-module-junit4-rule-agent,2.0.0,-,-,?,-,false,-
org.powermock,powermock-module-testng,2.0.0,-,-,?,-,false,-
org.powermock,powermock-module-testng-agent,2.0.0,-,-,?,-,false,-
org.powermock,powermock-module-testng-common,2.0.0,-,-,?,-,false,-
org.powermock,powermock-reflect,2.0.0,-,-,?,-,false,-
org.scalameta,scalafmt-cli_2.11,2.0.0-RC4,-,-,?,-,false,-
org.scalameta,scalafmt-cli_2.12,2.0.0-RC4,-,-,?,-,false,-
org.scalameta,scalafmt-core_2.11,2.0.0-RC4,-,-,?,-,false,-
org.scalameta,scalafmt-core_2.12,2.0.0-RC4,-,-,?,-,false,-
org.scalameta,scalafmt-core_sjs0.6_2.11,2.0.0-RC4,-,-,?,-,false,-
org.scalameta,scalafmt-core_sjs0.6_2.12,2.0.0-RC4,-,-,?,-,false,-
org.scalameta,scalafmt-dynamic_2.11,2.0.0-RC4,-,-,?,-,false,-
org.scalameta,scalafmt-dynamic_2.12,2.0.0-RC4,-,-,?,-,false,-
org.scalameta,scalafmt-interfaces,2.0.0-RC4,-,-,?,-,false,-
