groupId,artifactId,version,moduleName,moduleVersion,moduleMode,moduleDependencies,jdepsToolError,jdepsViolations
fi.metatavu.tulistop,tulistop-api-spec,0.0.28,-,-,?,-,false,-
io.ebean,ebean-agent,11.27.1,-,-,?,-,false,-
io.ebean,ebean-maven-plugin,11.27.1,-,-,?,-,false,-
io.thorntail,thorntail-fraction-plugin,93,-,-,?,-,false,-
nz.net.osnz.composite,composite-ebean,8.7,-,-,?,-,false,-
nz.net.osnz.composite,composite-groovy,5.2,-,-,?,-,false,-
nz.net.osnz.composite,composite-jackson,2.11,-,-,?,-,false,-
nz.net.osnz.composite,composite-logging,4.5,-,-,?,-,false,-
nz.net.osnz.composite,composite-spring,5.8,-,-,?,-,false,-
nz.net.osnz.composite,composite-spring-aspects,5.8,-,-,?,-,false,-
nz.net.osnz.composite,composite-spring-boot,2.10,-,-,?,-,false,-
nz.net.osnz.composite,composite-spring-boot-devtools,2.7,-,-,?,-,false,-
nz.net.osnz.composite,composite-spring-boot-jetty,2.6,-,-,?,-,false,-
nz.net.osnz.composite,composite-spring-boot-loader,2.6,-,-,?,-,false,-
nz.net.osnz.composite,composite-spring-boot-test,2.7,-,-,?,-,false,-
nz.net.osnz.composite,composite-spring-boot-tomcat,2.6,-,-,?,-,false,-
nz.net.osnz.composite,composite-spring-boot-undertow,2.2,-,-,?,-,false,-
nz.net.osnz.composite,composite-spring-data-jpa,5.8,-,-,?,-,false,-
nz.net.osnz.composite,composite-spring-jdbc,5.8,-,-,?,-,false,-
nz.net.osnz.composite,composite-spring-mvc,5.8,-,-,?,-,false,-
nz.net.osnz.composite,composite-spring-test,5.8,-,-,?,-,false,-
nz.net.osnz.composite,composite-spring-web,5.8,-,-,?,-,false,-
nz.net.osnz.composite,composite-thymeleaf,2.7,-,-,?,-,false,-
org.rapidpm,rapidpm-selenium-webdriver-management-impl,01.00.00-RPM,-,-,?,-,false,-
