groupId,artifactId,version,moduleName,moduleVersion,moduleMode,moduleDependencies,jdepsToolError,jdepsViolations
com.citytechinc.cq.cq-component-plugin,cq-component-annotations,6.1.3,-,-,?,-,false,-
com.citytechinc.cq.cq-component-plugin,cq-component-maven-plugin,6.1.3,-,-,?,-,false,-
com.elefana,elefana-api,1.0.0-beta2,-,-,?,-,false,-
com.elefana,elefana-core,1.0.0-beta2,-,-,?,-,false,-
com.netflix.nebula,nebula-publishing-plugin,9.4.5,-,-,?,-,false,-
com.sumologic.plugins.logback,sumologic-logback-appender,1.2,-,-,?,-,false,-
com.taxjar,taxjar-java,2.0.0,-,-,?,-,false,-
com.vladsch.flexmark,flexmark,0.40.2,-,-,?,-,false,-
com.vladsch.flexmark,flexmark-all,0.40.2,-,-,?,-,false,-
com.vladsch.flexmark,flexmark-docx-converter,0.40.2,-,-,?,-,false,-
com.vladsch.flexmark,flexmark-ext-abbreviation,0.40.2,-,-,?,-,false,-
com.vladsch.flexmark,flexmark-ext-admonition,0.40.2,-,-,?,-,false,-
com.vladsch.flexmark,flexmark-ext-anchorlink,0.40.2,-,-,?,-,false,-
com.vladsch.flexmark,flexmark-ext-aside,0.40.2,-,-,?,-,false,-
com.vladsch.flexmark,flexmark-ext-attributes,0.40.2,-,-,?,-,false,-
com.vladsch.flexmark,flexmark-ext-autolink,0.40.2,-,-,?,-,false,-
com.vladsch.flexmark,flexmark-ext-definition,0.40.2,-,-,?,-,false,-
com.vladsch.flexmark,flexmark-ext-emoji,0.40.2,-,-,?,-,false,-
com.vladsch.flexmark,flexmark-ext-enumerated-reference,0.40.2,-,-,?,-,false,-
com.vladsch.flexmark,flexmark-ext-escaped-character,0.40.2,-,-,?,-,false,-
com.vladsch.flexmark,flexmark-ext-footnotes,0.40.2,-,-,?,-,false,-
com.vladsch.flexmark,flexmark-ext-gfm-issues,0.40.2,-,-,?,-,false,-
com.vladsch.flexmark,flexmark-ext-gfm-strikethrough,0.40.2,-,-,?,-,false,-
com.vladsch.flexmark,flexmark-ext-gfm-tables,0.40.2,-,-,?,-,false,-
com.vladsch.flexmark,flexmark-ext-gfm-tasklist,0.40.2,-,-,?,-,false,-
com.vladsch.flexmark,flexmark-ext-gfm-users,0.40.2,-,-,?,-,false,-
com.vladsch.flexmark,flexmark-ext-gitlab,0.40.2,-,-,?,-,false,-
com.vladsch.flexmark,flexmark-ext-ins,0.40.2,-,-,?,-,false,-
com.vladsch.flexmark,flexmark-ext-jekyll-front-matter,0.40.2,-,-,?,-,false,-
com.vladsch.flexmark,flexmark-ext-jekyll-tag,0.40.2,-,-,?,-,false,-
com.vladsch.flexmark,flexmark-ext-macros,0.40.2,-,-,?,-,false,-
com.vladsch.flexmark,flexmark-ext-media-tags,0.40.2,-,-,?,-,false,-
com.vladsch.flexmark,flexmark-ext-spec-example,0.40.2,-,-,?,-,false,-
com.vladsch.flexmark,flexmark-ext-superscript,0.40.2,-,-,?,-,false,-
com.vladsch.flexmark,flexmark-ext-tables,0.40.2,-,-,?,-,false,-
com.vladsch.flexmark,flexmark-ext-toc,0.40.2,-,-,?,-,false,-
com.vladsch.flexmark,flexmark-ext-typographic,0.40.2,-,-,?,-,false,-
com.vladsch.flexmark,flexmark-ext-wikilink,0.40.2,-,-,?,-,false,-
com.vladsch.flexmark,flexmark-ext-xwiki-macros,0.40.2,-,-,?,-,false,-
com.vladsch.flexmark,flexmark-ext-yaml-front-matter,0.40.2,-,-,?,-,false,-
com.vladsch.flexmark,flexmark-ext-youtube-embedded,0.40.2,-,-,?,-,false,-
com.vladsch.flexmark,flexmark-ext-zzzzzz,0.40.2,-,-,?,-,false,-
com.vladsch.flexmark,flexmark-formatter,0.40.2,-,-,?,-,false,-
com.vladsch.flexmark,flexmark-html-parser,0.40.2,-,-,?,-,false,-
com.vladsch.flexmark,flexmark-integration-test,0.40.2,-,-,?,-,false,-
com.vladsch.flexmark,flexmark-jira-converter,0.40.2,-,-,?,-,false,-
com.vladsch.flexmark,flexmark-osgi,0.40.2,-,-,?,-,false,sun.misc.BASE64Decoder                   Use java.util.Base64 @since 1.8 + sun.misc.BASE64Encoder                   Use java.util.Base64 @since 1.8
com.vladsch.flexmark,flexmark-pdf-converter,0.40.2,-,-,?,-,false,-
com.vladsch.flexmark,flexmark-profile-pegdown,0.40.2,-,-,?,-,false,-
com.vladsch.flexmark,flexmark-test-util,0.40.2,-,-,?,-,false,-
com.vladsch.flexmark,flexmark-util,0.40.2,-,-,?,-,false,sun.misc.BASE64Decoder                   Use java.util.Base64 @since 1.8 + sun.misc.BASE64Encoder                   Use java.util.Base64 @since 1.8
com.vladsch.flexmark,flexmark-youtrack-converter,0.40.2,-,-,?,-,false,-
io.airlift,airbase-policy,90,-,-,?,-,false,-
io.github.bonigarcia,selenium-jupiter,3.0.0,-,-,?,-,false,-
net.katsstuff,ackcord_2.11,0.12.0,-,-,?,-,false,-
net.katsstuff,ackcord_2.12,0.12.0,-,-,?,-,false,-
net.katsstuff,ackcord-commands_2.11,0.12.0,-,-,?,-,false,-
net.katsstuff,ackcord-commands_2.12,0.12.0,-,-,?,-,false,-
net.katsstuff,ackcord-commands-core_2.11,0.12.0,-,-,?,-,false,-
net.katsstuff,ackcord-commands-core_2.12,0.12.0,-,-,?,-,false,-
net.katsstuff,ackcord-core_2.11,0.12.0,-,-,?,-,false,-
net.katsstuff,ackcord-core_2.12,0.12.0,-,-,?,-,false,-
net.katsstuff,ackcord-data_2.11,0.12.0,-,-,?,-,false,-
net.katsstuff,ackcord-data_2.12,0.12.0,-,-,?,-,false,-
net.katsstuff,ackcord-data_sjs0.6_2.11,0.12.0,-,-,?,-,false,-
net.katsstuff,ackcord-data_sjs0.6_2.12,0.12.0,-,-,?,-,false,-
net.katsstuff,ackcord-gateway_2.11,0.12.0,-,-,?,-,false,-
net.katsstuff,ackcord-gateway_2.12,0.12.0,-,-,?,-,false,-
net.katsstuff,ackcord-images_2.11,0.12.0,-,-,?,-,false,-
net.katsstuff,ackcord-images_2.12,0.12.0,-,-,?,-,false,-
net.katsstuff,ackcord-lavaplayer_2.11,0.12.0,-,-,?,-,false,-
net.katsstuff,ackcord-lavaplayer_2.12,0.12.0,-,-,?,-,false,-
net.katsstuff,ackcord-lavaplayer-core_2.11,0.12.0,-,-,?,-,false,-
net.katsstuff,ackcord-lavaplayer-core_2.12,0.12.0,-,-,?,-,false,-
net.katsstuff,ackcord-network_2.11,0.12.0,-,-,?,-,false,-
net.katsstuff,ackcord-network_2.12,0.12.0,-,-,?,-,false,-
net.katsstuff,ackcord-oauth_2.11,0.12.0,-,-,?,-,false,-
net.katsstuff,ackcord-oauth_2.12,0.12.0,-,-,?,-,false,-
net.katsstuff,ackcord-rest_2.11,0.12.0,-,-,?,-,false,-
net.katsstuff,ackcord-rest_2.12,0.12.0,-,-,?,-,false,-
net.katsstuff,ackcord-util_2.11,0.12.0,-,-,?,-,false,-
net.katsstuff,ackcord-util_2.12,0.12.0,-,-,?,-,false,-
net.katsstuff,ackcord-voice_2.11,0.12.0,-,-,?,-,false,-
net.katsstuff,ackcord-voice_2.12,0.12.0,-,-,?,-,false,-
net.katsstuff,ackcord-websockets_2.11,0.12.0,-,-,?,-,false,-
net.katsstuff,ackcord-websockets_2.12,0.12.0,-,-,?,-,false,-
net.objectlab.kit,datecalc-common,1.4.2,net.objectlab.kit.datecalc.common,-,automatic,-,false,-
net.objectlab.kit,datecalc-jdk,1.4.2,net.objectlab.kit.datecalc.jdk,-,automatic,-,false,-
net.objectlab.kit,datecalc-jdk8,1.4.2,net.objectlab.kit.datecalc.jdk8,-,automatic,-,false,-
net.objectlab.kit,datecalc-joda,1.4.2,net.objectlab.kit.datecalc.joda,-,automatic,-,false,-
net.objectlab.kit,objectlab-fxcalc,1.4.2,net.objectlab.kit,-,automatic,-,false,-
net.objectlab.kit,objectlab-portfolio,1.4.2,net.objectlab.kit,-,automatic,-,false,-
net.objectlab.kit,objectlab-utils,1.4.2,net.objectlab.kit,-,automatic,-,false,-
net.objectlab.kit,objectlab-utils-excel,1.4.2,net.objectlab.kit,-,automatic,-,false,-
net.objectlab.kit,objectlab-utils-report,1.4.2,net.objectlab.kit,-,automatic,-,false,-
org.bedework,bw-access,4.0.5,-,-,?,-,false,-
org.bedework,bw-util2-calendar,4.0.3,-,-,?,-,false,-
org.bedework,bw-util2-vcard,4.0.3,-,-,?,-,false,-
org.bedework,bw-util-args,4.0.21,-,-,?,-,false,-
org.bedework,bw-util-caching,4.0.21,-,-,?,-,false,-
org.bedework,bw-util-cli,4.0.21,-,-,?,-,false,-
org.bedework,bw-util-config,4.0.21,-,-,?,-,false,-
org.bedework,bw-util-config-http,4.0.21,-,-,?,-,false,-
org.bedework,bw-util-dav,4.0.21,-,-,?,-,false,-
org.bedework,bw-util-deployment,4.0.21,-,-,?,-,false,-
org.bedework,bw-util-directory,4.0.21,-,-,?,-,false,-
org.bedework,bw-util-elasticsearch,4.0.21,-,-,?,-,false,-
org.bedework,bw-util-http,4.0.21,-,-,?,-,false,-
org.bedework,bw-util-indexing,4.0.21,-,-,?,-,false,-
org.bedework,bw-util-jms,4.0.21,-,-,?,-,false,-
org.bedework,bw-util-jmx,4.0.21,-,-,?,-,false,-
org.bedework,bw-util-jolokia,4.0.21,-,-,?,-,false,-
org.bedework,bw-util-json,4.0.21,-,-,?,-,false,-
org.bedework,bw-util-maven-deploy,4.0.21,-,-,?,-,false,-
org.bedework,bw-util-misc,4.0.21,-,-,?,-,false,-
org.bedework,bw-util-options,4.0.21,-,-,?,-,false,-
org.bedework,bw-util-security,4.0.21,-,-,?,-,false,-
org.bedework,bw-util-servlet,4.0.21,-,-,?,-,false,-
org.bedework,bw-util-servlet-filters,4.0.21,-,-,?,-,false,-
org.bedework,bw-util-struts,4.0.21,-,-,?,-,false,-
org.bedework,bw-util-timezones,4.0.21,-,-,?,-,false,-
org.bedework,bw-util-xml,4.0.21,-,-,?,-,false,-
org.clustering4ever,clustering4ever_2.11,0.8.0,-,-,?,-,false,-
org.clustering4ever,clusteringscala_2.11,0.8.0,-,-,?,-,false,-
org.clustering4ever,clusteringspark_2.11,0.8.0,-,-,?,-,false,-
org.clustering4ever,core_2.11,0.8.0,-,-,?,-,false,-
org.dstadler,commons-htmlunit,1.0.0.5,-,-,?,-,false,-
org.mini2Dx,miniscript-core,1.1.1,-,-,?,-,false,-
org.mini2Dx,miniscript-gradle-plugin,1.1.1,-,-,?,-,false,-
org.mini2Dx,miniscript-groovy,1.1.1,-,-,?,-,false,-
org.mini2Dx,miniscript-kotlin,1.1.1,-,-,?,-,false,-
org.mini2Dx,miniscript-lua,1.1.1,-,-,?,-,false,-
org.mini2Dx,miniscript-python,1.1.1,-,-,?,-,false,-
org.mini2Dx,miniscript-ruby,1.1.1,-,-,?,-,false,-
org.powermock,powermock-api-easymock,2.0.0,-,-,?,-,false,-
org.powermock,powermock-api-mockito2,2.0.0,-,-,?,-,false,-
org.powermock,powermock-api-support,2.0.0,-,-,?,-,false,-
org.powermock,powermock-classloading-base,2.0.0,-,-,?,-,false,-
org.powermock,powermock-classloading-objenesis,2.0.0,-,-,?,-,false,sun.misc.Unsafe                          See http://openjdk.java.net/jeps/260
org.powermock,powermock-classloading-xstream,2.0.0,-,-,?,-,false,-
org.powermock,powermock-core,2.0.0,-,-,?,-,false,-
org.powermock,powermock-module-javaagent,2.0.0,-,-,?,-,false,-
org.powermock,powermock-module-junit4,2.0.0,-,-,?,-,false,-
org.powermock,powermock-module-junit4-common,2.0.0,-,-,?,-,false,-
org.powermock,powermock-module-junit4-legacy,2.0.0,-,-,?,-,false,-
org.powermock,powermock-module-junit4-rule,2.0.0,-,-,?,-,false,-
org.powermock,powermock-module-junit4-rule-agent,2.0.0,-,-,?,-,false,-
org.powermock,powermock-module-testng,2.0.0,-,-,?,-,false,-
org.powermock,powermock-module-testng-agent,2.0.0,-,-,?,-,false,-
org.powermock,powermock-module-testng-common,2.0.0,-,-,?,-,false,-
org.powermock,powermock-reflect,2.0.0,-,-,?,-,false,-
org.recast4j,detour,1.0.8,-,-,?,-,false,-
org.recast4j,detour-crowd,1.0.8,-,-,?,-,false,-
org.recast4j,detour-extras,1.0.8,-,-,?,-,false,-
org.recast4j,detour-tile-cache,1.0.8,-,-,?,-,false,-
org.recast4j,recast,1.0.8,-,-,?,-,false,-
org.scalameta,scalafmt-cli_2.11,2.0.0-RC4,-,-,?,-,false,-
org.scalameta,scalafmt-cli_2.12,2.0.0-RC4,-,-,?,-,false,-
org.scalameta,scalafmt-core_2.11,2.0.0-RC4,-,-,?,-,false,-
org.scalameta,scalafmt-core_2.12,2.0.0-RC4,-,-,?,-,false,-
org.scalameta,scalafmt-core_sjs0.6_2.11,2.0.0-RC4,-,-,?,-,false,-
org.scalameta,scalafmt-core_sjs0.6_2.12,2.0.0-RC4,-,-,?,-,false,-
org.scalameta,scalafmt-dynamic_2.11,2.0.0-RC4,-,-,?,-,false,-
org.scalameta,scalafmt-dynamic_2.12,2.0.0-RC4,-,-,?,-,false,-
org.scalameta,scalafmt-interfaces,2.0.0-RC4,-,-,?,-,false,-
