groupId,artifactId,version,moduleName,moduleVersion,moduleMode,moduleDependencies,jdepsToolError,jdepsViolations
com.baomidou,mybatis-plus,3.0.7.1,-,-,?,-,false,-
com.baomidou,mybatis-plus-annotation,3.0.7.1,-,-,?,-,false,-
com.baomidou,mybatis-plus-boot-starter,3.0.7.1,-,-,?,-,false,-
com.baomidou,mybatis-plus-core,3.0.7.1,-,-,?,-,false,-
com.baomidou,mybatis-plus-extension,3.0.7.1,-,-,?,-,false,-
com.baomidou,mybatis-plus-generator,3.0.7.1,-,-,?,-,false,-
com.caucho,quercus,4.0.50,-,-,?,-,false,-
com.github.houbb,sensitive-annotation,0.0.1,-,-,?,-,false,-
com.github.houbb,sensitive-api,0.0.1,-,-,?,-,false,-
com.github.houbb,sensitive-core,0.0.1,-,-,?,-,false,-
com.github.houbb,sensitive-test,0.0.1,-,-,?,-,false,-
com.github.jerryzlei,multi-datasource,1.0.0.RELEASE,-,-,?,-,false,-
com.github.nosan,embedded-cassandra,1.2.9,-,-,?,-,false,-
com.github.nosan,embedded-cassandra-test,1.2.9,-,-,?,-,false,-
com.github.pyracantha,coccinea-core,0.1.0-15-8babd3d,-,-,?,-,false,-
com.orientechnologies,orientdb-client,3.1.0-M2,-,-,?,-,false,-
com.orientechnologies,orientdb-community,3.1.0-M2,-,-,?,-,false,-
com.orientechnologies,orientdb-community-tp2,3.1.0-M2,-,-,?,-,false,-
com.orientechnologies,orientdb-core,3.1.0-M2,-,-,?,-,false,sun.misc.Signal                          See http://openjdk.java.net/jeps/260 + sun.misc.SignalHandler                   See http://openjdk.java.net/jeps/260 + sun.misc.Unsafe                          See http://openjdk.java.net/jeps/260
com.orientechnologies,orientdb-crashtests,3.1.0-M2,-,-,?,-,false,-
com.orientechnologies,orientdb-distributed,3.1.0-M2,-,-,?,-,false,sun.misc.Signal                          See http://openjdk.java.net/jeps/260
com.orientechnologies,orientdb-etl,3.1.0-M2,-,-,?,-,false,-
com.orientechnologies,orientdb-graphdb,3.1.0-M2,-,-,?,-,false,-
com.orientechnologies,orientdb-gremlin,3.1.0-M2,-,-,?,-,false,-
com.orientechnologies,orientdb-gremlin-server,3.1.0-M2,-,-,?,-,false,-
com.orientechnologies,orientdb-jdbc,3.1.0-M2,-,-,?,-,false,-
com.orientechnologies,orientdb-lucene,3.1.0-M2,-,-,?,-,false,-
com.orientechnologies,orientdb-neo4j-importer,3.1.0-M2,-,-,?,-,false,-
com.orientechnologies,orientdb-neo4j-importer-plugin,3.1.0-M2,-,-,?,-,false,-
com.orientechnologies,orientdb-object,3.1.0-M2,-,-,?,-,false,-
com.orientechnologies,orientdb-server,3.1.0-M2,-,-,?,-,false,-
com.orientechnologies,orientdb-studio,3.1.0-M2,-,-,?,-,false,-
com.orientechnologies,orientdb-test-commons,3.1.0-M2,-,-,?,-,false,-
com.orientechnologies,orientdb-tools,3.1.0-M2,-,-,?,-,false,sun.misc.Signal                          See http://openjdk.java.net/jeps/260 + sun.misc.SignalHandler                   See http://openjdk.java.net/jeps/260
no.mnemonic.messaging,documentchannel,1.2.5,-,-,?,-,false,-
no.mnemonic.messaging,documentchannel-jms,1.2.5,-,-,?,-,false,-
no.mnemonic.messaging,documentchannel-kafka,1.2.5,-,-,?,-,false,-
no.mnemonic.messaging,requestsink,1.2.5,-,-,?,-,false,-
no.mnemonic.messaging,requestsink-jms,1.2.5,-,-,?,-,false,-
org.rapidpm,rapidpm-dependencies-core,04.00.09-RPM,-,-,?,-,false,-
org.rapidpm,rapidpm-dependencies-core-properties,04.00.09-RPM,-,-,?,-,false,-
