groupId,artifactId,version,moduleName,moduleVersion,moduleMode,moduleDependencies,jdepsToolError,jdepsViolations
cd.go.plugin,go-plugin-api-experimental,19.1.0-8306,-,-,?,-,false,-
cn.virde,AmnesiaCity-nymph,0.0.3.RELEASE,-,-,?,-,false,-
com.cognifide.aet,aet-maven-plugin,3.2.0,-,-,?,-,false,-
com.cognifide.aet,cleaner,3.2.0,-,-,?,-,false,-
com.cognifide.aet,client-core,3.2.0,-,-,?,-,false,-
com.cognifide.aet,communication,3.2.0,-,-,?,-,false,-
com.cognifide.aet,communication-api,3.2.0,-,-,?,-,false,-
com.cognifide.aet,datastorage,3.2.0,-,-,?,-,false,-
com.cognifide.aet,datastorage-api,3.2.0,-,-,?,-,false,-
com.cognifide.aet,jobs,3.2.0,-,-,?,-,false,-
com.cognifide.aet,jobs-api,3.2.0,-,-,?,-,false,-
com.cognifide.aet,proxy,3.2.0,-,-,?,-,false,-
com.cognifide.aet,rest-endpoint,3.2.0,-,-,?,-,false,-
com.cognifide.aet,runner,3.2.0,-,-,?,-,false,-
com.cognifide.aet,selenium,3.2.0,-,-,?,-,false,-
com.cognifide.aet,test-executor,3.2.0,-,-,?,-,false,-
com.cognifide.aet,validation,3.2.0,-,-,?,-,false,-
com.cognifide.aet,validation-api,3.2.0,-,-,?,-,false,-
com.cognifide.aet,w3chtml5validator,3.2.0,-,-,?,-,false,-
com.cognifide.aet,worker,3.2.0,-,-,?,-,false,-
com.github.dreamroute,excel-helper,1.9.4-RELEASE,-,-,?,-,false,-
com.github.gvolpe,console4cats_2.11,0.6.0,-,-,?,-,false,-
com.github.gvolpe,console4cats_2.12,0.6.0,-,-,?,-,false,-
com.github.ldapchai,ldapchai,0.7.4,com.novell.ldapchai,-,automatic,-,false,-
com.github.lisdocument,ms-io,0.0.9,-,-,?,-,false,-
com.github.shyiko,mysql-binlog-connector-java,0.17.0,-,-,?,-,false,sun.security.util.HostnameChecker        Use javax.net.ssl.SSLParameters.setEndpointIdentificationAlgorithm("HTTPS") @since 1.7 +                                          or javax.net.ssl.HttpsURLConnection.setHostnameVerifier() @since 1.4
com.king.bravo,bravo,0.6,-,-,?,-,false,-
com.king.bravo,bravo-test-utils,0.6,-,-,?,-,false,-
com.microsoft.azure,spring-cloud-azure-autoconfigure,1.0.0.RC1,-,-,?,-,false,-
com.microsoft.azure,spring-cloud-azure-context,1.0.0.RC1,-,-,?,-,false,-
com.microsoft.azure,spring-cloud-azure-eventhub-stream-binder,1.0.0.RC1,-,-,?,-,false,-
com.microsoft.azure,spring-cloud-azure-messaging,1.0.0.RC1,-,-,?,-,false,-
com.microsoft.azure,spring-cloud-azure-servicebus-queue-stream-binder,1.0.0.RC1,-,-,?,-,false,-
com.microsoft.azure,spring-cloud-azure-servicebus-topic-stream-binder,1.0.0.RC1,-,-,?,-,false,-
com.microsoft.azure,spring-cloud-azure-storage,1.0.0.RC1,-,-,?,-,false,-
com.microsoft.azure,spring-cloud-starter-azure-eventhub,1.0.0.RC1,-,-,?,-,false,-
com.microsoft.azure,spring-cloud-starter-azure-eventhub-kafka,1.0.0.RC1,-,-,?,-,false,-
com.microsoft.azure,spring-cloud-starter-azure-servicebus,1.0.0.RC1,-,-,?,-,false,-
com.microsoft.azure,spring-cloud-starter-azure-storage-queue,1.0.0.RC1,-,-,?,-,false,-
com.microsoft.azure,spring-integration-azure-core,1.0.0.RC1,-,-,?,-,false,-
com.microsoft.azure,spring-integration-azure-test,1.0.0.RC1,-,-,?,-,false,-
com.microsoft.azure,spring-integration-eventhub,1.0.0.RC1,-,-,?,-,false,-
com.microsoft.azure,spring-integration-servicebus,1.0.0.RC1,-,-,?,-,false,-
com.microsoft.azure,spring-integration-storage-queue,1.0.0.RC1,-,-,?,-,false,-
com.microsoft.azure,spring-starter-azure-cache,1.0.0.RC1,-,-,?,-,false,-
com.microsoft.azure,spring-starter-azure-storage,1.0.0.RC1,-,-,?,-,false,-
com.securionpay,securionpay-java,2.5.1,-,-,?,-,false,-
io.ebean,ebean-migration,11.13.1,io.ebean.migration,-,automatic,-,false,-
net.anotheria,moskito-additional-producers,2.9.0,-,-,?,-,false,-
net.anotheria,moskito-aop,2.9.0,-,-,?,-,false,-
net.anotheria,moskito-cdi,2.9.0,-,-,?,-,false,-
net.anotheria,moskito-core,2.9.0,-,-,?,-,false,-
net.anotheria,moskito-disk-space-monitoring,2.9.0,-,-,?,-,false,-
net.anotheria,moskito-ehcache,2.9.0,-,-,?,-,false,-
net.anotheria,moskito-inspect-embedded,2.9.0,-,-,?,-,false,-
net.anotheria,moskito-inspect-jersey,2.9.0,-,-,?,-,false,-
net.anotheria,moskito-inspect-remote,2.9.0,-,-,?,-,false,-
net.anotheria,moskito-mongodb,2.9.0,-,-,?,-,false,-
net.anotheria,moskito-monitoring-plugin,2.9.0,-,-,?,-,false,-
net.anotheria,moskito-notification-providers,2.9.0,-,-,?,-,false,-
net.anotheria,moskito-php,2.9.0,-,-,?,-,false,-
net.anotheria,moskito-saas-plugin,2.9.0,-,-,?,-,false,-
net.anotheria,moskito-sampling-api,2.9.0,-,-,?,-,false,-
net.anotheria,moskito-springboot,2.9.0,-,-,?,-,false,-
net.anotheria,moskito-sql,2.9.0,-,-,?,-,false,-
net.anotheria,moskito-web,2.9.0,-,-,?,-,false,-
net.anotheria,moskito-webui,2.9.0,-,-,?,-,false,-
nl.vpro,magnolia-context-annotations,1.1.0,-,-,?,-,false,-
org.neo4j,neo4j-ogm-api,3.2.0-alpha02,org.neo4j.ogm.drivers.api,-,automatic,-,false,-
org.neo4j,neo4j-ogm-bolt-driver,3.2.0-alpha02,org.neo4j.ogm.drivers.bolt,-,automatic,-,false,-
org.neo4j,neo4j-ogm-core,3.2.0-alpha02,org.neo4j.ogm.core,-,automatic,-,false,-
org.neo4j,neo4j-ogm-embedded-driver,3.2.0-alpha02,org.neo4j.ogm.drivers.embedded,-,automatic,-,false,-
org.neo4j,neo4j-ogm-http-driver,3.2.0-alpha02,org.neo4j.ogm.drivers.http,-,automatic,-,false,-
org.neo4j,neo4j-ogm-test,3.2.0-alpha02,org.neo4j.ogm.testutil,-,automatic,-,false,-
