groupId,artifactId,version,moduleName,moduleVersion,moduleMode,moduleDependencies,jdepsToolError,jdepsViolations
com.github.liuanxin,api-document,0.3.2,-,-,?,-,false,-
com.github.vlachenal,sql-request-builder,0.10,-,-,?,-,false,-
io.github.cdimascio,japi-errors,1.2.0,-,-,?,-,false,-
io.seldon.wrapper,seldon-core-wrapper,0.1.3,-,-,?,-,false,-
org.reactivemongo,reactivemongo-shaded-native,0.16.1-osx-x86-64,-,-,?,-,false,-
org.scala-js,scalajs-junit-test-runtime_2.13.0-M5,1.0.0-M6,-,-,?,-,false,-
org.scalameta,mdoc_2.12,1.2.6,-,-,?,-,false,-
org.scalameta,mdoc-docs_2.12,1.2.6,-,-,?,-,false,-
org.scalameta,mdoc-js_2.12,1.2.6,-,-,?,-,false,-
org.scalameta,mdoc-lsp_2.12,1.2.6,-,-,?,-,false,-
org.scalameta,mdoc-runtime_2.12,1.2.6,-,-,?,-,false,-
tr.com.terrayazilim.nt.api,nt-api,0.0.3,-,-,?,-,false,-
