groupId,artifactId,version,moduleName,moduleVersion,moduleMode,moduleDependencies,jdepsToolError,jdepsViolations
com.amazonaws,aws-android-sdk-appsync-api,2.7.4,-,-,?,-,false,-
com.amazonaws,aws-android-sdk-appsync-compiler,2.7.4,-,-,?,-,false,-
com.amazonaws,aws-android-sdk-appsync-gradle-plugin,2.7.4,-,-,?,-,false,-
com.amazonaws,aws-android-sdk-appsync-runtime,2.7.4,-,-,?,-,false,-
com.graphql-java,graphql-java,2019-01-08T03-54-43-27471f7,-,-,?,-,false,-
com.v1ok,uuid,0.1.0,-,-,?,-,false,-
net.jueb,util4j,4.3.0,-,-,?,-,false,-
net.unit8.enkan,enkan-component-doma2,0.7.0,-,-,?,-,false,-
net.unit8.enkan,enkan-component-eclipselink,0.7.0,-,-,?,-,false,-
net.unit8.enkan,enkan-component-flyway,0.7.0,-,-,?,-,false,-
net.unit8.enkan,enkan-component-freemarker,0.7.0,-,-,?,-,false,-
net.unit8.enkan,enkan-component-HikariCP,0.7.0,-,-,?,-,false,-
net.unit8.enkan,enkan-component-jackson,0.7.0,-,-,?,-,false,-
net.unit8.enkan,enkan-component-jetty,0.7.0,-,-,?,-,false,-
net.unit8.enkan,enkan-component-jpa,0.7.0,-,-,?,-,false,-
net.unit8.enkan,enkan-component-metrics,0.7.0,-,-,?,-,false,-
net.unit8.enkan,enkan-component-s2util-beans,0.7.0,-,-,?,-,false,-
net.unit8.enkan,enkan-component-thymeleaf,0.7.0,-,-,?,-,false,-
net.unit8.enkan,enkan-component-undertow,0.7.0,-,-,?,-,false,-
net.unit8.enkan,enkan-core,0.7.0,-,-,?,-,false,-
net.unit8.enkan,enkan-devel,0.7.0,-,-,?,-,false,-
net.unit8.enkan,enkan-devel-gradle,0.7.0,-,-,?,-,false,-
net.unit8.enkan,enkan-repl,0.7.0,-,-,?,-,false,-
net.unit8.enkan,enkan-repl-jshell,0.7.0,-,-,?,-,false,-
net.unit8.enkan,enkan-repl-pseudo,0.7.0,-,-,?,-,false,-
net.unit8.enkan,enkan-servlet,0.7.0,-,-,?,-,false,-
net.unit8.enkan,enkan-system,0.7.0,-,-,?,-,false,-
net.unit8.enkan,enkan-throttling,0.7.0,-,-,?,-,false,-
net.unit8.enkan,enkan-web,0.7.0,-,-,?,-,false,-
net.unit8.enkan,kotowari,0.7.0,-,-,?,-,false,-
net.unit8.enkan,kotowari-example,0.7.0,-,-,?,-,false,-
net.unit8.enkan,kotowari-jpa,0.7.0,-,-,?,-,false,-
net.unit8.enkan,kotowari-scaffold,0.7.0,-,-,?,-,false,-
