groupId,artifactId,version,moduleName,moduleVersion,moduleMode,moduleDependencies,jdepsToolError,jdepsViolations
com.github.peteroupc,numbers,1.2.1,-,-,?,-,false,-
com.google.apis,google-api-services-accesscontextmanager,v1beta-rev20181219-1.27.0,-,-,?,-,false,-
com.google.apis,google-api-services-alertcenter,v1beta1-rev20181215-1.27.0,-,-,?,-,false,-
com.google.apis,google-api-services-appengine,v1-rev20181218-1.27.0,-,-,?,-,false,-
com.google.apis,google-api-services-bigquery,v2-rev20181216-1.27.0,-,-,?,-,false,-
com.google.apis,google-api-services-cloudbuild,v1-rev20181017-1.27.0,-,-,?,-,false,-
com.google.apis,google-api-services-cloudfunctions,v1-rev20181212-1.27.0,-,-,?,-,false,-
com.google.apis,google-api-services-cloudidentity,v1-rev20181218-1.27.0,-,-,?,-,false,-
com.google.apis,google-api-services-composer,v1-rev20181120-1.27.0,-,-,?,-,false,-
com.google.apis,google-api-services-compute,v1-rev20181130-1.27.0,-,-,?,-,false,-
com.google.apis,google-api-services-dataproc,v1-rev20181126-1.27.0,-,-,?,-,false,-
com.google.apis,google-api-services-datastore,v1-rev20181207-1.27.0,-,-,?,-,false,-
com.google.apis,google-api-services-dialogflow,v2-rev20181215-1.27.0,-,-,?,-,false,-
com.google.apis,google-api-services-logging,v2-rev20181215-1.26.0,-,-,?,-,false,-
com.google.apis,google-api-services-ml,v1-rev20181207-1.26.0,-,-,?,-,false,-
com.google.apis,google-api-services-monitoring,v3-rev20181205-1.27.0,-,-,?,-,false,-
com.google.apis,google-api-services-pagespeedonline,v5-rev20181127-1.26.0,-,-,?,-,false,-
com.google.apis,google-api-services-pubsub,v1-rev20181213-1.26.0,-,-,?,-,false,-
com.google.apis,google-api-services-serviceconsumermanagement,v1-rev20181217-1.26.0,-,-,?,-,false,-
com.google.apis,google-api-services-servicecontrol,v1-rev20181214-1.26.0,-,-,?,-,false,-
com.google.apis,google-api-services-servicemanagement,v1-rev20181210-1.26.0,-,-,?,-,false,-
com.google.apis,google-api-services-servicenetworking,v1-rev2-1.25.0,-,-,?,-,false,-
com.google.apis,google-api-services-serviceusage,v1-rev20181217-1.26.0,-,-,?,-,false,-
com.netflix.conductor,conductor-cassandra-persistence,2.5.0,-,-,?,-,false,-
com.netflix.conductor,conductor-client,2.5.0,-,-,?,-,false,-
com.netflix.conductor,conductor-common,2.5.0,-,-,?,-,false,-
com.netflix.conductor,conductor-contribs,2.5.0,-,-,?,-,false,-
com.netflix.conductor,conductor-core,2.5.0,-,-,?,-,false,-
com.netflix.conductor,conductor-es5-persistence,2.5.0,-,-,?,-,false,-
com.netflix.conductor,conductor-grpc,2.5.0,-,-,?,-,false,-
com.netflix.conductor,conductor-grpc-client,2.5.0,-,-,?,-,false,-
com.netflix.conductor,conductor-grpc-server,2.5.0,-,-,?,-,false,-
com.netflix.conductor,conductor-jersey,2.5.0,-,-,?,-,false,-
com.netflix.conductor,conductor-mysql-persistence,2.5.0,-,-,?,-,false,-
com.netflix.conductor,conductor-redis-persistence,2.5.0,-,-,?,-,false,-
com.netflix.conductor,conductor-test-harness,2.5.0,-,-,?,-,false,-
com.netflix.conductor,conductor-ui,2.5.0,-,-,?,-,false,-
com.roscopeco.moxy,moxy-annotations,0.92,-,-,?,-,false,-
com.roscopeco.moxy,moxy-core,0.92,-,-,?,-,false,sun.misc.Unsafe                          See http://openjdk.java.net/jeps/260
com.roscopeco.moxy,moxy-junit5,0.92,-,-,?,-,false,-
com.shapesecurity.shift,es2017,1.1.0,-,-,?,-,false,-
guru.qas,martini-jmeter,4.2,-,-,?,-,false,-
guru.qas,martini-reports,4.1.1,-,-,?,-,false,-
guru.qas,martini-standalone,4.1.1,-,-,?,-,false,-
org.microbean,microbean-eclipselink-cdi,0.0.2,org.microbean.eclipselink.cdi,-,automatic,-,false,-
