groupId,artifactId,version,moduleName,moduleVersion,moduleMode,moduleDependencies,jdepsToolError,jdepsViolations
be.yildiz-games,engine-server,1.0.3,be.yildizgames.engine.server,-,explicit,be.yildizgames.common.authentication + be.yildizgames.common.exception + be.yildizgames.common.gameobject + be.yildizgames.common.geometry + be.yildizgames.common.logging + be.yildizgames.common.mapping + be.yildizgames.common.model + be.yildizgames.common.shape + be.yildizgames.common.util + be.yildizgames.engine.shared + be.yildizgames.module.messaging + be.yildizgames.module.network + be.yildizgames.module.physics + java.base + slf4j.api,false,-
be.yildiz-games,module-messaging-activemq,1.0.3,-,-,?,-,false,-
com.ardikars.common,common,1.2.6.RC10,-,-,?,-,false,-
com.ardikars.common,common-annotation,1.2.6.RC10,-,-,?,-,false,-
com.ardikars.common,common-constant,1.2.6.RC10,-,-,?,-,false,-
com.ardikars.common,common-logging,1.2.6.RC10,-,-,?,-,false,-
com.ardikars.common,common-net,1.2.6.RC10,-,-,?,-,false,-
com.ardikars.common,common-tuple,1.2.6.RC10,-,-,?,-,false,-
com.ardikars.common,common-util,1.2.6.RC10,-,-,?,-,false,sun.misc.Unsafe                          See http://openjdk.java.net/jeps/260
com.eclecticlogic,pedal-dialect,1.5.3,-,-,?,-,false,-
com.elo7,secor,0.27.1,-,-,?,-,false,-
com.twilio.sdk,twilio,7.33.1,-,-,?,-,false,-
io.zipkin.brave.ratpack,brave-ratpack,2.3.2,-,-,?,-,false,-
org.reactivecommons,async-commons,0.0.5-beta2,-,-,?,-,false,-
org.reactivecommons,async-commons-api,0.0.5-beta2,-,-,?,-,false,-
org.reactivecommons,async-commons-standalone,0.0.5-beta2,-,-,?,-,false,-
org.reactivecommons,async-commons-starter,0.0.5-beta2,-,-,?,-,false,-
org.reactivecommons,domain-events-api,0.0.5-beta2,-,-,?,-,false,-
org.reactivecommons.utils,object-mapper,0.0.5-beta2,-,-,?,-,false,-
org.reaktivity,nukleus-tls,0.79,-,-,?,-,false,-
