groupId,artifactId,version,moduleName,moduleVersion,moduleMode,moduleDependencies,jdepsToolError,jdepsViolations
org.apache.geronimo,geronimo-metrics,1.0.2,org.apache.geronimo.microprofile.metrics,-,automatic,-,false,-
org.apache.geronimo,geronimo-metrics-common,1.0.2,org.apache.geronimo.microprofile.metrics.common,-,automatic,-,false,-
org.apache.geronimo,geronimo-metrics-extension-common,1.0.2,org.apache.geronimo.microprofile.metrics.extension.common,-,automatic,-,false,-
org.apache.geronimo,geronimo-metrics-sigar,1.0.2,org.apache.geronimo.microprofile.metrics.sigar,-,automatic,-,false,-
org.apache.geronimo,geronimo-metrics-tomcat,1.0.2,org.apache.geronimo.microprofile.metrics.tomcat,-,automatic,-,false,-
org.apache.geronimo,geronimo-openapi-impl,1.0.3,org.apache.geronimo.microprofile.openapi,-,automatic,-,false,-
org.apache.geronimo,geronimo-openapi-maven-plugin,1.0.3,-,-,?,-,false,-
