groupId,artifactId,version,moduleName,moduleVersion,moduleMode,moduleDependencies,jdepsToolError,jdepsViolations
com.baomidou,mybatis-plus,3.0.7,-,-,?,-,false,-
com.baomidou,mybatis-plus-annotation,3.0.7,-,-,?,-,false,-
com.baomidou,mybatis-plus-boot-starter,3.0.7,-,-,?,-,false,-
com.baomidou,mybatis-plus-core,3.0.7,-,-,?,-,false,-
com.baomidou,mybatis-plus-extension,3.0.7,-,-,?,-,false,-
com.baomidou,mybatis-plus-generator,3.0.7,-,-,?,-,false,-
com.charleskorn.kaml,kaml,0.4.0,-,-,?,-,false,-
com.github.fracpete,gpsformats4j,0.0.4,-,-,?,-,false,-
com.github.saphyra,encryption,1.0.0,-,-,?,-,false,-
net.dreamlu,spring-boot-starter-weixin,1.3.2,-,-,?,-,false,-
net.ttddyy,datasource-proxy,1.5,-,-,?,-,false,-
org.reaktivity,nukleus,0.29,-,-,?,-,false,sun.misc.Unsafe                          See http://openjdk.java.net/jeps/260
org.reaktivity,nukleus-auth-jwt,0.24,-,-,?,-,false,-
org.reaktivity,nukleus-http,0.70,-,-,?,-,false,-
org.reaktivity,nukleus-http2,0.86,-,-,?,-,false,-
org.reaktivity,nukleus-http-cache,0.77,-,-,?,-,false,-
org.reaktivity,nukleus-kafka,0.134,-,-,?,-,false,-
org.reaktivity,nukleus-sse,0.38,-,-,?,-,false,-
org.reaktivity,nukleus-tcp,0.69,-,-,?,-,false,-
org.reaktivity,nukleus-tls,0.78,-,-,?,-,false,-
org.reaktivity,nukleus-ws,0.56,-,-,?,-,false,-
org.reaktivity,reaktor,0.73,-,-,?,-,false,-
org.t-io,tio-core,3.2.5.v20190101-RELEASE,-,-,?,-,false,-
org.t-io,tio-flash-policy-server,3.2.5.v20190101-RELEASE,-,-,?,-,false,-
org.t-io,tio-http-common,3.2.5.v20190101-RELEASE,-,-,?,-,false,-
org.t-io,tio-http-server,3.2.5.v20190101-RELEASE,-,-,?,-,false,-
org.t-io,tio-utils,3.2.5.v20190101-RELEASE,-,-,?,-,false,-
org.t-io,tio-webpack-core,3.2.5.v20190101-RELEASE,-,-,?,-,false,-
org.t-io,tio-websocket-common,3.2.5.v20190101-RELEASE,-,-,?,-,false,-
org.t-io,tio-websocket-server,3.2.5.v20190101-RELEASE,-,-,?,-,false,-
org.typelevel,frameless-cats_2.11,0.8.0,-,-,?,-,false,-
org.typelevel,frameless-cats_2.12,0.8.0,-,-,?,-,false,-
org.typelevel,frameless-core_2.11,0.8.0,-,-,?,-,false,-
org.typelevel,frameless-core_2.12,0.8.0,-,-,?,-,false,-
org.typelevel,frameless-dataset_2.11,0.8.0,-,-,?,-,false,-
org.typelevel,frameless-dataset_2.12,0.8.0,-,-,?,-,false,-
org.typelevel,frameless-ml_2.11,0.8.0,-,-,?,-,false,-
org.typelevel,frameless-ml_2.12,0.8.0,-,-,?,-,false,-
