groupId,artifactId,version,moduleName,moduleVersion,moduleMode,moduleDependencies,jdepsToolError,jdepsViolations
com.github.sysalto,reactivereports-core_2.11,1.0.3,-,-,?,-,false,-
com.github.sysalto,reactivereports-core_2.12,1.0.3,-,-,?,-,false,-
com.github.sysalto,reactivereports-core-akka_2.12,1.0.3,-,-,?,-,false,-
com.github.sysalto,reactivereports-pdf-render_2.11,1.0.3,-,-,?,-,false,-
com.github.sysalto,reactivereports-pdf-render_2.12,1.0.3,-,-,?,-,false,-
de.halfbit,autoplay,3.0.0-alpha2,-,-,?,-,false,-
io.github.raghav-chandra,json-matcher,1.0.0,-,-,?,-,false,-
net.anotheria,configureme,2.4.0,-,-,?,-,false,-
nl.martijndwars,web-push,5.0.0,-,-,?,-,false,-
org.cristalise,cristalise-gui,3.6.0,-,-,?,-,false,-
org.cristalise,cristalise-inmemory-lookup,3.6.0,-,-,?,-,false,-
org.cristalise,cristalise-kernel,3.6.0,-,-,?,-,false,-
org.honton.chas,config-cdi,0.1.2,-,-,?,-,false,-
pm.pride,pride,3.2.0,-,-,?,-,false,-
