groupId,artifactId,version,moduleName,moduleVersion,moduleMode,moduleDependencies,jdepsToolError,jdepsViolations
com.aliyun,aliyun-java-sdk-linkwan,1.0.0,-,-,?,-,false,-
com.aliyun,aliyun-java-sdk-partnerintl,1.0.1,-,-,?,-,false,-
com.codacy,codacy-libraries_2.10,12.0.0-separatelibraries.91f1056,-,-,?,-,false,-
com.codacy,codacy-libraries_2.11,12.0.0-separatelibraries.91f1056,-,-,?,-,false,-
com.codacy,codacy-libraries_2.12,12.0.0-separatelibraries.91f1056,-,-,?,-,false,-
com.github.nosan,embedded-cassandra,1.2.8,-,-,?,-,false,-
com.github.nosan,embedded-cassandra-test,1.2.8,-,-,?,-,false,-
com.github.saphyra,util,1.0.0,-,-,?,-,false,-
com.hpe.adm.octane.ciplugins,integrations-dto,2.0.26,-,-,?,-,false,-
com.hpe.adm.octane.ciplugins,integrations-sdk,2.0.26,-,-,?,-,false,-
de.rieckpil.archetypes,javaee8-jsf,1.0.1,-,-,?,-,false,-
io.neow3j,abi,1.0.7,-,-,?,-,false,-
io.neow3j,core,1.0.7,-,-,?,-,false,-
io.neow3j,crypto,1.0.7,-,-,?,-,false,-
io.neow3j,model,1.0.7,-,-,?,-,false,-
io.neow3j,utils,1.0.7,-,-,?,-,false,-
net.ymate.framework,ymate-framework-addons,2.0.6,-,-,?,-,false,-
net.ymate.framework,ymate-framework-commons,2.0.6,-,-,?,-,false,-
net.ymate.framework,ymate-framework-core,2.0.6,-,-,?,-,false,-
net.ymate.framework,ymate-framework-unpack,2.0.6,-,-,?,-,false,-
net.ymate.platform,ymate-platform-cache,2.0.6,-,-,?,-,false,-
net.ymate.platform,ymate-platform-configuration,2.0.6,-,-,?,-,false,-
net.ymate.platform,ymate-platform-core,2.0.6,-,-,?,-,false,-
net.ymate.platform,ymate-platform-log,2.0.6,-,-,?,-,false,-
net.ymate.platform,ymate-platform-log-jcl,2.0.6,-,-,?,-,false,-
net.ymate.platform,ymate-platform-log-slf4j,2.0.6,-,-,?,-,false,-
net.ymate.platform,ymate-platform-persistence,2.0.6,-,-,?,-,false,-
net.ymate.platform,ymate-platform-persistence-jdbc,2.0.6,-,-,?,-,false,-
net.ymate.platform,ymate-platform-persistence-mongodb,2.0.6,-,-,?,-,false,-
net.ymate.platform,ymate-platform-persistence-redis,2.0.6,-,-,?,-,false,-
net.ymate.platform,ymate-platform-plugin,2.0.6,-,-,?,-,false,-
net.ymate.platform,ymate-platform-serv,2.0.6,-,-,?,-,false,-
net.ymate.platform,ymate-platform-validation,2.0.6,-,-,?,-,false,-
net.ymate.platform,ymate-platform-webmvc,2.0.6,-,-,?,-,false,-
org.fuin.esmp,es-maven-plugin,0.5.0,-,-,?,-,false,-
org.leadpony.justify,justify,0.10.0,org.leadpony.justify,-,explicit,com.ibm.icu + java.base + java.json + java.logging,false,-
org.thlws,payment-thl,1.0.6,-,-,?,-,false,-
se.eris,notnull-instrumenter-maven-plugin,0.6.9-RC2,-,-,?,-,false,-
