groupId,artifactId,version,moduleName,moduleVersion,moduleMode,moduleDependencies,jdepsToolError,jdepsViolations
com.bbossgroups.plugins,bboss-elasticsearch,5.3.0,-,-,?,-,false,-
com.bbossgroups.plugins,bboss-elasticsearch-rest,5.3.0,-,-,?,-,false,-
com.bbossgroups.plugins,bboss-elasticsearch-rest-booter,5.3.0,-,-,?,-,false,-
com.bbossgroups.plugins,bboss-elasticsearch-rest-jdbc,5.3.0,-,-,?,-,false,-
com.bbossgroups.plugins,bboss-elasticsearch-spring-boot-starter,5.3.0,-,-,?,-,false,-
com.github.drinkjava2,gosqlgo,1.0.0,-,-,?,-,false,-
com.jcabi,jcabi-jdbc,0.17.2,-,-,?,-,false,-
com.jdkhome.blzo,blzo-ex-authj,0.0.10.RELEASE,-,-,?,-,false,-
com.jdkhome.blzo,blzo-ex-basic,0.0.10.RELEASE,-,-,?,-,false,-
com.jdkhome.blzo,blzo-ex-ip2region,0.0.10.RELEASE,-,-,?,-,false,-
com.jdkhome.blzo,blzo-ex-redission,0.0.10.RELEASE,-,-,?,-,false,-
com.jdkhome.blzo,blzo-ex-usignin,0.0.10.RELEASE,-,-,?,-,false,-
com.jdkhome.blzo,blzo-ex-utils,0.0.10.RELEASE,-,-,?,-,false,-
com.jdkhome.blzo,blzo-ex-version,0.0.10.RELEASE,-,-,?,-,false,-
com.pep1.jira,jira-spring-boot-client,0.4,-,-,?,-,false,-
com.pep1.jira,jira-spring-boot-client-example,0.4,-,-,?,-,false,-
com.sinsz,spring-boot-starter-sinsz-pay,0.0.3,-,-,?,-,false,-
com.typesafe.akka,akka-http_2.13.0-M5,10.1.7,akka.http,-,automatic,-,false,-
com.typesafe.akka,akka-http-caching_2.13.0-M5,10.1.7,akka.http.caching,-,automatic,-,false,-
com.typesafe.akka,akka-http-jackson_2.13.0-M5,10.1.7,akka.http.marshallers.jackson,-,automatic,-,false,-
com.typesafe.akka,akka-http-spray-json_2.13.0-M5,10.1.7,akka.http.marshallers.sprayjson,-,automatic,-,false,-
com.typesafe.akka,akka-http-testkit_2.13.0-M5,10.1.7,akka.http.testkit,-,automatic,-,false,-
com.typesafe.akka,akka-http-xml_2.13.0-M5,10.1.7,akka.http.marshallers.scalaxml,-,automatic,-,false,-
com.yahoo.vespa,annotations,6.327.49,-,-,?,-,false,-
com.yahoo.vespa,application,6.327.49,-,-,?,-,false,-
com.yahoo.vespa,application-deploy-plugin,6.327.49,-,-,?,-,false,-
com.yahoo.vespa,application-model,6.327.49,-,-,?,-,false,-
com.yahoo.vespa,application-preprocessor,6.327.49,-,-,?,-,false,-
com.yahoo.vespa,athenz-identity-provider-service,6.327.49,-,-,?,-,false,-
com.yahoo.vespa,bundle-plugin,6.327.49,-,-,?,-,false,-
com.yahoo.vespa,bundle-plugin-test,6.327.49,-,-,?,-,false,-
com.yahoo.vespa,chain,6.327.49,-,-,?,-,false,-
com.yahoo.vespa,clustercontroller-apps,6.327.49,-,-,?,-,false,-
com.yahoo.vespa,clustercontroller-apputil,6.327.49,-,-,?,-,false,-
com.yahoo.vespa,clustercontroller-core,6.327.49,-,-,?,-,false,-
com.yahoo.vespa,clustercontroller-standalone,6.327.49,-,-,?,-,false,-
com.yahoo.vespa,clustercontroller-utils,6.327.49,-,-,?,-,false,-
com.yahoo.vespa,component,6.327.49,-,-,?,-,false,-
com.yahoo.vespa,config,6.327.49,-,-,?,-,false,-
com.yahoo.vespa,config-application-package,6.327.49,-,-,?,-,false,-
com.yahoo.vespa,config-bundle,6.327.49,-,-,?,-,false,-
com.yahoo.vespa,config-class-plugin,6.327.49,-,-,?,-,false,-
com.yahoo.vespa,configdefinitions,6.327.49,-,-,?,-,false,-
com.yahoo.vespa,configgen,6.327.49,-,-,?,-,false,-
com.yahoo.vespa,config-lib,6.327.49,-,-,?,-,false,-
com.yahoo.vespa,config-model,6.327.49,-,-,?,-,false,-
com.yahoo.vespa,config-model-api,6.327.49,-,-,?,-,false,-
com.yahoo.vespa,config-model-fat,6.327.49,-,-,?,-,false,-
com.yahoo.vespa,config-provisioning,6.327.49,-,-,?,-,false,-
com.yahoo.vespa,config-proxy,6.327.49,-,-,?,-,false,-
com.yahoo.vespa,configserver,6.327.49,-,-,?,-,false,-
com.yahoo.vespa,configserver-flags,6.327.49,-,-,?,-,false,-
com.yahoo.vespa,container,6.327.49,-,-,?,-,false,-
com.yahoo.vespa,container-accesslogging,6.327.49,-,-,?,-,false,-
com.yahoo.vespa,container-core,6.327.49,-,-,?,-,false,-
com.yahoo.vespa,container-dev,6.327.49,-,-,?,-,false,-
com.yahoo.vespa,container-di,6.327.49,-,-,?,-,false,-
com.yahoo.vespa,container-disc,6.327.49,-,-,?,-,false,-
com.yahoo.vespa,container-integration-test,6.327.49,-,-,?,-,false,-
com.yahoo.vespa,container-jersey2,6.327.49,-,-,?,-,false,-
com.yahoo.vespa,container-messagebus,6.327.49,-,-,?,-,false,-
com.yahoo.vespa,container-search,6.327.49,-,-,?,-,false,-
com.yahoo.vespa,container-search-and-docproc,6.327.49,-,-,?,-,false,-
com.yahoo.vespa,container-search-gui,6.327.49,-,-,?,-,false,-
com.yahoo.vespa,container-test,6.327.49,-,-,?,-,false,-
com.yahoo.vespa,controller-api,6.327.49,-,-,?,-,false,-
com.yahoo.vespa,controller-server,6.327.49,-,-,?,-,false,-
com.yahoo.vespa,defaults,6.327.49,-,-,?,-,false,-
com.yahoo.vespa,docker-api,6.327.49,-,-,?,-,false,-
com.yahoo.vespa,docproc,6.327.49,-,-,?,-,false,-
com.yahoo.vespa,docprocs,6.327.49,-,-,?,-,false,-
com.yahoo.vespa,document,6.327.49,-,-,?,-,false,-
com.yahoo.vespa,documentapi,6.327.49,-,-,?,-,false,-
com.yahoo.vespa,fileacquirer,6.327.49,-,-,?,-,false,-
com.yahoo.vespa,filedistribution,6.327.49,-,-,?,-,false,-
com.yahoo.vespa,flags,6.327.49,-,-,?,-,false,-
com.yahoo.vespa,fsa,6.327.49,-,-,?,-,false,-
com.yahoo.vespa,indexinglanguage,6.327.49,-,-,?,-,false,-
com.yahoo.vespa,jaxrs_client_utils,6.327.49,-,-,?,-,false,-
com.yahoo.vespa,jaxrs_utils,6.327.49,-,-,?,-,false,-
com.yahoo.vespa,jdisc_core,6.327.49,-,-,?,-,false,-
com.yahoo.vespa,jdisc_http_service,6.327.49,-,-,?,-,false,-
com.yahoo.vespa,jdisc_jetty,6.327.49,-,-,?,-,false,-
com.yahoo.vespa,jdisc_messagebus_service,6.327.49,-,-,?,-,false,-
com.yahoo.vespa,jdisc-security-filters,6.327.49,-,-,?,-,false,-
com.yahoo.vespa,jrt,6.327.49,-,-,?,-,false,-
com.yahoo.vespa,linguistics,6.327.49,-,-,?,-,false,-
com.yahoo.vespa,logd,6.327.49,-,-,?,-,false,-
com.yahoo.vespa,logserver,6.327.49,-,-,?,-,false,-
com.yahoo.vespa,messagebus,6.327.49,-,-,?,-,false,-
com.yahoo.vespa,messagebus-disc,6.327.49,-,-,?,-,false,-
com.yahoo.vespa,metrics,6.327.49,-,-,?,-,false,-
com.yahoo.vespa,model-evaluation,6.327.49,-,-,?,-,false,-
com.yahoo.vespa,model-integration,6.327.49,-,-,?,-,false,-
com.yahoo.vespa,node-admin,6.327.49,-,-,?,-,false,-
com.yahoo.vespa,node-maintainer,6.327.49,-,-,?,-,false,-
com.yahoo.vespa,node-repository,6.327.49,-,-,?,-,false,-
com.yahoo.vespa,orchestrator,6.327.49,-,-,?,-,false,-
com.yahoo.vespa,orchestrator-restapi,6.327.49,-,-,?,-,false,-
com.yahoo.vespa,predicate-search,6.327.49,-,-,?,-,false,-
com.yahoo.vespa,predicate-search-core,6.327.49,-,-,?,-,false,-
com.yahoo.vespa,processing,6.327.49,-,-,?,-,false,-
com.yahoo.vespa,provided-dependencies,6.327.49,-,-,?,-,false,-
com.yahoo.vespa,searchcore,6.327.49,-,-,?,-,false,-
com.yahoo.vespa,searchlib,6.327.49,-,-,?,-,false,-
com.yahoo.vespa,searchsummary,6.327.49,-,-,?,-,false,-
com.yahoo.vespa,security-utils,6.327.49,-,-,?,-,false,-
com.yahoo.vespa,service-monitor,6.327.49,-,-,?,-,false,-
com.yahoo.vespa,serviceview,6.327.49,-,-,?,-,false,-
com.yahoo.vespa,simplemetrics,6.327.49,-,-,?,-,false,-
com.yahoo.vespa,standalone-container,6.327.49,-,-,?,-,false,-
com.yahoo.vespa,statistics,6.327.49,-,-,?,-,false,-
com.yahoo.vespa,storage,6.327.49,-,-,?,-,false,-
com.yahoo.vespa,tenant-cd,6.327.49,-,-,?,-,false,-
com.yahoo.vespa,testutil,6.327.49,-,-,?,-,false,-
com.yahoo.vespa,vdslib,6.327.49,-,-,?,-,false,-
com.yahoo.vespa,vespa-application-maven-plugin,6.327.49,-,-,?,-,false,-
com.yahoo.vespa,vespa-athenz,6.327.49,-,-,?,-,false,-
com.yahoo.vespa,vespaclient-container-plugin,6.327.49,-,-,?,-,false,-
com.yahoo.vespa,vespaclient-core,6.327.49,-,-,?,-,false,-
com.yahoo.vespa,vespaclient-java,6.327.49,-,-,?,-,false,-
com.yahoo.vespa,vespa-documentgen-plugin,6.327.49,-,-,?,-,false,-
com.yahoo.vespa,vespa_feed_perf,6.327.49,-,-,?,-,false,-
com.yahoo.vespa,vespa-hadoop,6.327.49,-,-,?,-,false,sun.misc.Unsafe                          See http://openjdk.java.net/jeps/260
com.yahoo.vespa,vespa-http-client,6.327.49,-,-,?,-,false,-
com.yahoo.vespa,vespajlib,6.327.49,-,-,?,-,false,-
com.yahoo.vespa,vespalog,6.327.49,-,-,?,-,false,-
com.yahoo.vespa,vsm,6.327.49,-,-,?,-,false,-
com.yahoo.vespa,yolean,6.327.49,-,-,?,-,false,-
com.yahoo.vespa,zkfacade,6.327.49,-,-,?,-,false,-
de.unknownreality,dataframe,0.7.5.3,-,-,?,-,false,-
io.grisu,pojo,1.0.1,-,-,?,-,false,-
io.projectreactor,reactor-core,3.2.3.RELEASE,-,-,?,-,false,sun.misc.Unsafe                          See http://openjdk.java.net/jeps/260
io.projectreactor,reactor-test,3.2.3.RELEASE,-,-,?,-,false,-
io.xream.x7,spring-boot-starter-x7,1.5.9.RELEASE,-,-,?,-,false,-
io.xream.x7,x7-config,1.5.9.RELEASE,-,-,?,-,false,-
io.xream.x7,x7-core,1.5.9.RELEASE,-,-,?,-,false,-
io.xream.x7,x7-repository,1.5.9.RELEASE,-,-,?,-,false,-
md.your.gradle,common-settings,0.0.72,-,-,?,-,false,-
no.nav.tjenestespesifikasjoner,aktorid-jaxws,1.2019.01.07-12.34-f79cb7a9ec30,-,-,?,-,false,-
no.nav.tjenestespesifikasjoner,altinn-correspondence-agency-external,1.2019.01.07-12.34-f79cb7a9ec30,-,-,?,-,false,-
no.nav.tjenestespesifikasjoner,altinn-download-queue-external,1.2019.01.07-12.34-f79cb7a9ec30,-,-,?,-,false,-
no.nav.tjenestespesifikasjoner,altinn-pre-fill,1.2019.01.07-12.34-f79cb7a9ec30,-,-,?,-,false,-
no.nav.tjenestespesifikasjoner,arbeidogaktivitet-tjenestespesifikasjon,1.2019.01.07-12.34-f79cb7a9ec30,-,-,?,-,false,-
no.nav.tjenestespesifikasjoner,arbeidsfordeling-v1-tjenestespesifikasjon,1.2019.01.07-12.34-f79cb7a9ec30,-,-,?,-,false,-
no.nav.tjenestespesifikasjoner,arbeidsforholdv3-tjenestespesifikasjon,1.2019.01.07-12.34-f79cb7a9ec30,-,-,?,-,false,-
no.nav.tjenestespesifikasjoner,arena-arbeid-og-aktivitet,1.2019.01.07-12.34-f79cb7a9ec30,-,-,?,-,false,-
no.nav.tjenestespesifikasjoner,arena-arbeid-og-aktivitet-gosys,1.2019.01.07-12.34-f79cb7a9ec30,-,-,?,-,false,-
no.nav.tjenestespesifikasjoner,arena-maalgruppe_v1,1.2019.01.07-12.34-f79cb7a9ec30,-,-,?,-,false,-
no.nav.tjenestespesifikasjoner,arena-personinfo-tjenestespesifikasjon,1.2019.01.07-12.34-f79cb7a9ec30,-,-,?,-,false,-
no.nav.tjenestespesifikasjoner,arena-sakOgAktivitet_v1,1.2019.01.07-12.34-f79cb7a9ec30,-,-,?,-,false,-
no.nav.tjenestespesifikasjoner,behandleArbeidOgAktivitetOppgave-v1-tjenestespesifikasjon,1.2019.01.07-12.34-f79cb7a9ec30,-,-,?,-,false,-
no.nav.tjenestespesifikasjoner,behandledokumentforsendelse-v1-tjenestespesifikasjon,1.2019.01.07-12.34-f79cb7a9ec30,-,-,?,-,false,-
no.nav.tjenestespesifikasjoner,behandleforeldrepengesak-v1-tjenestespesifikasjon,1.2019.01.07-12.34-f79cb7a9ec30,-,-,?,-,false,-
no.nav.tjenestespesifikasjoner,behandleForsendelse-udi-brevdata,1.2019.01.07-12.34-f79cb7a9ec30,-,-,?,-,false,-
no.nav.tjenestespesifikasjoner,behandleForsendelse-v1,1.2019.01.07-12.34-f79cb7a9ec30,-,-,?,-,false,-
no.nav.tjenestespesifikasjoner,behandle-henvendelse,1.2019.01.07-12.34-f79cb7a9ec30,-,-,?,-,false,-
no.nav.tjenestespesifikasjoner,behandle-medlemskap-v1-tjenestespesifikasjon,1.2019.01.07-12.34-f79cb7a9ec30,-,-,?,-,false,-
no.nav.tjenestespesifikasjoner,behandle-moetev1-tjenestespesifikasjon,1.2019.01.07-12.34-f79cb7a9ec30,-,-,?,-,false,-
no.nav.tjenestespesifikasjoner,behandleoppgave-v1-tjenestespesifikasjon,1.2019.01.07-12.34-f79cb7a9ec30,-,-,?,-,false,-
no.nav.tjenestespesifikasjoner,behandle-person-v1-tjenestespesifikasjon,1.2019.01.07-12.34-f79cb7a9ec30,-,-,?,-,false,-
no.nav.tjenestespesifikasjoner,behandlesak-v2-tjenestespesifikasjon,1.2019.01.07-12.34-f79cb7a9ec30,-,-,?,-,false,-
no.nav.tjenestespesifikasjoner,behandle-sykefravaersoppfoelgingv1-tjenestespesifikasjon,1.2019.01.07-12.34-f79cb7a9ec30,-,-,?,-,false,-
no.nav.tjenestespesifikasjoner,behandle-sykmeldingv1-tjenestespesifikasjon,1.2019.01.07-12.34-f79cb7a9ec30,-,-,?,-,false,-
no.nav.tjenestespesifikasjoner,besvare-henvendelse-tjenestespesifikasjon,1.2019.01.07-12.34-f79cb7a9ec30,-,-,?,-,false,-
no.nav.tjenestespesifikasjoner,brukerdialog-behandleAktivitetsplan-v1-tjenestespesifikasjon,1.2019.01.07-12.34-f79cb7a9ec30,-,-,?,-,false,-
no.nav.tjenestespesifikasjoner,brukerprofil-tjenestespesifikasjon,1.2019.01.07-12.34-f79cb7a9ec30,-,-,?,-,false,-
no.nav.tjenestespesifikasjoner,brukerprofil-v2-tjenestespesifikasjon,1.2019.01.07-12.34-f79cb7a9ec30,-,-,?,-,false,-
no.nav.tjenestespesifikasjoner,brukerprofil-v3-tjenestespesifikasjon,1.2019.01.07-12.34-f79cb7a9ec30,-,-,?,-,false,-
no.nav.tjenestespesifikasjoner,brukervarsel-v1-tjenestespesifikasjon,1.2019.01.07-12.34-f79cb7a9ec30,-,-,?,-,false,-
no.nav.tjenestespesifikasjoner,cons-sak-gosys-tjenestespesifikasjon,1.2019.01.07-12.34-f79cb7a9ec30,-,-,?,-,false,-
no.nav.tjenestespesifikasjoner,dial-nav-tjeneste-aktoer_v2,1.2019.01.07-12.34-f79cb7a9ec30,-,-,?,-,false,-
no.nav.tjenestespesifikasjoner,dial-nav-tjeneste-behandlesak,1.2019.01.07-12.34-f79cb7a9ec30,-,-,?,-,false,-
no.nav.tjenestespesifikasjoner,dial-nav-tjeneste-pensjonSak,1.2019.01.07-12.34-f79cb7a9ec30,-,-,?,-,false,-
no.nav.tjenestespesifikasjoner,dial-nav-tjeneste-sak,1.2019.01.07-12.34-f79cb7a9ec30,-,-,?,-,false,-
no.nav.tjenestespesifikasjoner,dialogarena-behandlingsinformasjon,1.2019.01.07-12.34-f79cb7a9ec30,-,-,?,-,false,-
no.nav.tjenestespesifikasjoner,dialog-v1-tjenestespesifikasjon,1.2019.01.07-12.34-f79cb7a9ec30,-,-,?,-,false,-
no.nav.tjenestespesifikasjoner,digisyfo-naermesteLeder,1.2019.01.07-12.34-f79cb7a9ec30,-,-,?,-,false,-
no.nav.tjenestespesifikasjoner,digisyfo-sykmelding,1.2019.01.07-12.34-f79cb7a9ec30,-,-,?,-,false,-
no.nav.tjenestespesifikasjoner,diskresjonskodev1-tjenestespesifikasjon,1.2019.01.07-12.34-f79cb7a9ec30,-,-,?,-,false,-
no.nav.tjenestespesifikasjoner,dkif-tjenestespesifikasjon,1.2019.01.07-12.34-f79cb7a9ec30,-,-,?,-,false,-
no.nav.tjenestespesifikasjoner,dokumentforsendelse-v1-meldingsdefinisjon,1.2019.01.07-12.34-f79cb7a9ec30,-,-,?,-,false,-
no.nav.tjenestespesifikasjoner,dokumentinfo-tjenestespesifikasjon,1.2019.01.07-12.34-f79cb7a9ec30,-,-,?,-,false,-
no.nav.tjenestespesifikasjoner,dokumentinnsending-jaxws,1.2019.01.07-12.34-f79cb7a9ec30,-,-,?,-,false,-
no.nav.tjenestespesifikasjoner,dokumentproduksjon-v2-tjenestespesifikasjon,1.2019.01.07-12.34-f79cb7a9ec30,-,-,?,-,false,-
no.nav.tjenestespesifikasjoner,dokumentproduksjon-v3-tjenestespesifikasjon,1.2019.01.07-12.34-f79cb7a9ec30,-,-,?,-,false,-
no.nav.tjenestespesifikasjoner,egenansatt-v1-tjenestespesifikasjon,1.2019.01.07-12.34-f79cb7a9ec30,-,-,?,-,false,-
no.nav.tjenestespesifikasjoner,ekstern-helse-helsepersonell-tjenestespesifikasjon,1.2019.01.07-12.34-f79cb7a9ec30,-,-,?,-,false,-
no.nav.tjenestespesifikasjoner,elektronisknotifikasjon-utsending-tjenestespesifikasjon,1.2019.01.07-12.34-f79cb7a9ec30,-,-,?,-,false,-
no.nav.tjenestespesifikasjoner,enhet-v1-tjenestespesifikasjon,1.2019.01.07-12.34-f79cb7a9ec30,-,-,?,-,false,-
no.nav.tjenestespesifikasjoner,fillager-tjenestespesifikasjon,1.2019.01.07-12.34-f79cb7a9ec30,-,-,?,-,false,-
no.nav.tjenestespesifikasjoner,foreldrepengesak-v1-tjenestespesifikasjon,1.2019.01.07-12.34-f79cb7a9ec30,-,-,?,-,false,-
no.nav.tjenestespesifikasjoner,gsak-oppgave-tjenestespesifikasjon,1.2019.01.07-12.34-f79cb7a9ec30,-,-,?,-,false,-
no.nav.tjenestespesifikasjoner,henvendelse-arkivering-aktivitet,1.2019.01.07-12.34-f79cb7a9ec30,-,-,?,-,false,-
no.nav.tjenestespesifikasjoner,henvendelse-arkivering-common,1.2019.01.07-12.34-f79cb7a9ec30,-,-,?,-,false,-
no.nav.tjenestespesifikasjoner,henvendelse-arkivering-informasjon,1.2019.01.07-12.34-f79cb7a9ec30,-,-,?,-,false,-
no.nav.tjenestespesifikasjoner,henvendelse-behandlingsresultat,1.2019.01.07-12.34-f79cb7a9ec30,-,-,?,-,false,-
no.nav.tjenestespesifikasjoner,henvendelse-felles-tjenestespesifikasjon,1.2019.01.07-12.34-f79cb7a9ec30,-,-,?,-,false,-
no.nav.tjenestespesifikasjoner,henvendelse-informasjon-v2,1.2019.01.07-12.34-f79cb7a9ec30,-,-,?,-,false,-
no.nav.tjenestespesifikasjoner,henvendelse-jaxws,1.2019.01.07-12.34-f79cb7a9ec30,-,-,?,-,false,-
no.nav.tjenestespesifikasjoner,henvendelse-meldinger-tjenestespesifikasjon,1.2019.01.07-12.34-f79cb7a9ec30,-,-,?,-,false,-
no.nav.tjenestespesifikasjoner,henvendelse-soknader-tjenestespesifikasjon,1.2019.01.07-12.34-f79cb7a9ec30,-,-,?,-,false,-
no.nav.tjenestespesifikasjoner,innsyn-henvendelse,1.2019.01.07-12.34-f79cb7a9ec30,-,-,?,-,false,-
no.nav.tjenestespesifikasjoner,innsynjournal-tjenestespesifikasjon,1.2019.01.07-12.34-f79cb7a9ec30,-,-,?,-,false,-
no.nav.tjenestespesifikasjoner,institusjon-v1-tjenestespesifikasjon,1.2019.01.07-12.34-f79cb7a9ec30,-,-,?,-,false,-
no.nav.tjenestespesifikasjoner,jaxb-adapters,1.2019.01.07-12.34-f79cb7a9ec30,-,-,?,-,false,-
no.nav.tjenestespesifikasjoner,joark-tjenestespesifikasjon,1.2019.01.07-12.34-f79cb7a9ec30,-,-,?,-,false,-
no.nav.tjenestespesifikasjoner,journal-v1-tjenestespesifikasjon,1.2019.01.07-12.34-f79cb7a9ec30,-,-,?,-,false,-
no.nav.tjenestespesifikasjoner,juridisk-logg,1.2019.01.07-12.34-f79cb7a9ec30,-,-,?,-,false,-
no.nav.tjenestespesifikasjoner,kodeverk-tjenestespesifikasjon,1.2019.01.07-12.34-f79cb7a9ec30,-,-,?,-,false,-
no.nav.tjenestespesifikasjoner,medlemskap-v1-tjenestespesifikasjon,1.2019.01.07-12.34-f79cb7a9ec30,-,-,?,-,false,-
no.nav.tjenestespesifikasjoner,moetev1-tjenestespesifikasjon,1.2019.01.07-12.34-f79cb7a9ec30,-,-,?,-,false,-
no.nav.tjenestespesifikasjoner,nav-fim-aktoer-v1-tjenestespesifikasjon,1.2019.01.07-12.34-f79cb7a9ec30,-,-,?,-,false,-
no.nav.tjenestespesifikasjoner,nav-fim-aktoer-v2-tjenestespesifikasjon,1.2019.01.07-12.34-f79cb7a9ec30,-,-,?,-,false,-
no.nav.tjenestespesifikasjoner,nav-fim-arbeidsforhold-v1-tjenestespesifikasjon,1.2019.01.07-12.34-f79cb7a9ec30,-,-,?,-,false,-
no.nav.tjenestespesifikasjoner,nav-fim-behandleBrukerprofil-v1-tjenestespesifikasjon,1.2019.01.07-12.34-f79cb7a9ec30,-,-,?,-,false,-
no.nav.tjenestespesifikasjoner,nav-fim-behandleJournal-v1-tjenestespesifikasjon,1.2019.01.07-12.34-f79cb7a9ec30,-,-,?,-,false,-
no.nav.tjenestespesifikasjoner,nav-fim-behandleJournal-v2-tjenestespesifikasjon,1.2019.01.07-12.34-f79cb7a9ec30,-,-,?,-,false,-
no.nav.tjenestespesifikasjoner,nav-fim-behandleJournal-v3-tjenestespesifikasjon,1.2019.01.07-12.34-f79cb7a9ec30,-,-,?,-,false,-
no.nav.tjenestespesifikasjoner,nav-fim-behandleSakOgBehandling-v1-tjenestespesifikasjon,1.2019.01.07-12.34-f79cb7a9ec30,-,-,?,-,false,-
no.nav.tjenestespesifikasjoner,nav-fim-brukerhendelse-v1-tjenestespesifikasjon,1.2019.01.07-12.34-f79cb7a9ec30,-,-,?,-,false,-
no.nav.tjenestespesifikasjoner,nav-fim-brukerprofil-v1-tjenestespesifikasjon,1.2019.01.07-12.34-f79cb7a9ec30,-,-,?,-,false,-
no.nav.tjenestespesifikasjoner,nav-fim-coma-v2-tjenestespesifikasjon,1.2019.01.07-12.34-f79cb7a9ec30,-,-,?,-,false,-
no.nav.tjenestespesifikasjoner,nav-fim-draco-v2-tjenestespesifikasjon,1.2019.01.07-12.34-f79cb7a9ec30,-,-,?,-,false,-
no.nav.tjenestespesifikasjoner,nav-fim-echo-tjenestespesifikasjon,1.2019.01.07-12.34-f79cb7a9ec30,-,-,?,-,false,-
no.nav.tjenestespesifikasjoner,nav-fim-foreldrepenger-v1-tjenestespesifikasjon,1.2019.01.07-12.34-f79cb7a9ec30,-,-,?,-,false,-
no.nav.tjenestespesifikasjoner,nav-fim-henvendelsesbehandling-tjenestespesifikasjon,1.2019.01.07-12.34-f79cb7a9ec30,-,-,?,-,false,-
no.nav.tjenestespesifikasjoner,nav-fim-inntekt-v3-tjenestespesifikasjon,1.2019.01.07-12.34-f79cb7a9ec30,-,-,?,-,false,-
no.nav.tjenestespesifikasjoner,nav-fim-journal-v1-tjenestespesifikasjon,1.2019.01.07-12.34-f79cb7a9ec30,-,-,?,-,false,-
no.nav.tjenestespesifikasjoner,nav-fim-kodeverk-v1-tjenestespesifikasjon,1.2019.01.07-12.34-f79cb7a9ec30,-,-,?,-,false,-
no.nav.tjenestespesifikasjoner,nav-fim-oppfoelging-v1-tjenestespesifikasjon,1.2019.01.07-12.34-f79cb7a9ec30,-,-,?,-,false,-
no.nav.tjenestespesifikasjoner,nav-fim-oppfolging-v1-tjenestespesifikasjon,1.2019.01.07-12.34-f79cb7a9ec30,-,-,?,-,false,-
no.nav.tjenestespesifikasjoner,nav-fim-organisasjon-v1-tjenestespesifikasjon,1.2019.01.07-12.34-f79cb7a9ec30,-,-,?,-,false,-
no.nav.tjenestespesifikasjoner,nav-fim-organisasjon-v2-tjenestespesifikasjon,1.2019.01.07-12.34-f79cb7a9ec30,-,-,?,-,false,-
no.nav.tjenestespesifikasjoner,nav-fim-organisasjon-v5-tjenestespesifikasjon,1.2019.01.07-12.34-f79cb7a9ec30,-,-,?,-,false,-
no.nav.tjenestespesifikasjoner,nav-fim-personsok-v1-tjenestespesifikasjon,1.2019.01.07-12.34-f79cb7a9ec30,-,-,?,-,false,-
no.nav.tjenestespesifikasjoner,nav-fim-person-v1-tjenestespesifikasjon,1.2019.01.07-12.34-f79cb7a9ec30,-,-,?,-,false,-
no.nav.tjenestespesifikasjoner,nav-fim-sakOgBehandling-v1-tjenestespesifikasjon,1.2019.01.07-12.34-f79cb7a9ec30,-,-,?,-,false,-
no.nav.tjenestespesifikasjoner,nav-fim-sykepenger-v1-tjenestespesifikasjon,1.2019.01.07-12.34-f79cb7a9ec30,-,-,?,-,false,-
no.nav.tjenestespesifikasjoner,nav-fim-virgo-v1-tjenestespesifikasjon,1.2019.01.07-12.34-f79cb7a9ec30,-,-,?,-,false,-
no.nav.tjenestespesifikasjoner,nav-fim-virgo-v2-tjenestespesifikasjon,1.2019.01.07-12.34-f79cb7a9ec30,-,-,?,-,false,-
no.nav.tjenestespesifikasjoner,nav-fim-ytelseskontrakt-v1-tjenestespesifikasjon,1.2019.01.07-12.34-f79cb7a9ec30,-,-,?,-,false,-
no.nav.tjenestespesifikasjoner,nav-fim-ytelse-v1-tjenestespesifikasjon,1.2019.01.07-12.34-f79cb7a9ec30,-,-,?,-,false,-
no.nav.tjenestespesifikasjoner,nav-hentsykepengeliste-v2-tjenestespesifikasjon,1.2019.01.07-12.34-f79cb7a9ec30,-,-,?,-,false,-
no.nav.tjenestespesifikasjoner,nav-pip-diskresjonskode-tjenestespesifikasjon,1.2019.01.07-12.34-f79cb7a9ec30,-,-,?,-,false,-
no.nav.tjenestespesifikasjoner,nav-pip-pipEgenAnsatt-v1-tjenestespesifikasjon,1.2019.01.07-12.34-f79cb7a9ec30,-,-,?,-,false,-
no.nav.tjenestespesifikasjoner,nav-virksomhet-loependeYtelser-v1-meldingsdefinisjon,1.2019.01.07-12.34-f79cb7a9ec30,-,-,?,-,false,-
no.nav.tjenestespesifikasjoner,nav-virksomhet-tiltakOgAktiviteterForBrukere-v1-meldingsdefinisjon,1.2019.01.07-12.34-f79cb7a9ec30,-,-,?,-,false,-
no.nav.tjenestespesifikasjoner,notat-tjenestespesifikasjon,1.2019.01.07-12.34-f79cb7a9ec30,-,-,?,-,false,-
no.nav.tjenestespesifikasjoner,oppfoelging-v1-tjenestespesifikasjon,1.2019.01.07-12.34-f79cb7a9ec30,-,-,?,-,false,-
no.nav.tjenestespesifikasjoner,oppfolgingsinfo-v1-tjenestespesifikasjon,1.2019.01.07-12.34-f79cb7a9ec30,-,-,?,-,false,-
no.nav.tjenestespesifikasjoner,oppgavebehandling-tjenestespesifikasjon,1.2019.01.07-12.34-f79cb7a9ec30,-,-,?,-,false,-
no.nav.tjenestespesifikasjoner,oppgavebehandling-v3-tjenestespesifikasjon,1.2019.01.07-12.34-f79cb7a9ec30,-,-,?,-,false,-
no.nav.tjenestespesifikasjoner,oppgave-v3-tjenestespesifikasjon,1.2019.01.07-12.34-f79cb7a9ec30,-,-,?,-,false,-
no.nav.tjenestespesifikasjoner,organisasjonenhetkontaktinformasjon-v1-tjenestespesifikasjon,1.2019.01.07-12.34-f79cb7a9ec30,-,-,?,-,false,-
no.nav.tjenestespesifikasjoner,organisasjonenhetkontaktinformasjon-v2-tjenestespesifikasjon,1.2019.01.07-12.34-f79cb7a9ec30,-,-,?,-,false,-
no.nav.tjenestespesifikasjoner,organisasjonenhet-v1-tjenestespesifikasjon,1.2019.01.07-12.34-f79cb7a9ec30,-,-,?,-,false,-
no.nav.tjenestespesifikasjoner,organisasjonenhet-v2-tjenestespesifikasjon,1.2019.01.07-12.34-f79cb7a9ec30,-,-,?,-,false,-
no.nav.tjenestespesifikasjoner,organisasjon-ressurs-enhet-v1-tjenestespesifikasjon,1.2019.01.07-12.34-f79cb7a9ec30,-,-,?,-,false,-
no.nav.tjenestespesifikasjoner,organisasjonv4-tjenestespesifikasjon,1.2019.01.07-12.34-f79cb7a9ec30,-,-,?,-,false,-
no.nav.tjenestespesifikasjoner,pensjonsak-esb-tjenestespesifikasjon,1.2019.01.07-12.34-f79cb7a9ec30,-,-,?,-,false,-
no.nav.tjenestespesifikasjoner,pensjon-sak-v1-tjenestespesifikasjon,1.2019.01.07-12.34-f79cb7a9ec30,-,-,?,-,false,-
no.nav.tjenestespesifikasjoner,person-sammenslaatt-v1,1.2019.01.07-12.34-f79cb7a9ec30,-,-,?,-,false,-
no.nav.tjenestespesifikasjoner,personsok-esb-tjenestespesifikasjon,1.2019.01.07-12.34-f79cb7a9ec30,-,-,?,-,false,-
no.nav.tjenestespesifikasjoner,person-splittet-v1,1.2019.01.07-12.34-f79cb7a9ec30,-,-,?,-,false,-
no.nav.tjenestespesifikasjoner,person-v1-esb-tjenestespesifikasjon,1.2019.01.07-12.34-f79cb7a9ec30,-,-,?,-,false,-
no.nav.tjenestespesifikasjoner,person-v2-tjenestespesifikasjon,1.2019.01.07-12.34-f79cb7a9ec30,-,-,?,-,false,-
no.nav.tjenestespesifikasjoner,person-v3-tjenestespesifikasjon,1.2019.01.07-12.34-f79cb7a9ec30,-,-,?,-,false,-
no.nav.tjenestespesifikasjoner,pleiepenger-v1-tjenestespesifikasjon,1.2019.01.07-12.34-f79cb7a9ec30,-,-,?,-,false,-
no.nav.tjenestespesifikasjoner,sakogbehandling-tjenestespesifikasjon,1.2019.01.07-12.34-f79cb7a9ec30,-,-,?,-,false,-
no.nav.tjenestespesifikasjoner,sak-v2-tjenestespesifikasjon,1.2019.01.07-12.34-f79cb7a9ec30,-,-,?,-,false,-
no.nav.tjenestespesifikasjoner,sanntidpdfkonverter,1.2019.01.07-12.34-f79cb7a9ec30,-,-,?,-,false,-
no.nav.tjenestespesifikasjoner,send-inn-henvendelse,1.2019.01.07-12.34-f79cb7a9ec30,-,-,?,-,false,-
no.nav.tjenestespesifikasjoner,sendsoknad-tjenestespesifikasjon,1.2019.01.07-12.34-f79cb7a9ec30,-,-,?,-,false,-
no.nav.tjenestespesifikasjoner,send-ut-henvendelse,1.2019.01.07-12.34-f79cb7a9ec30,-,-,?,-,false,-
no.nav.tjenestespesifikasjoner,soeknadsskjemaEngangsstoenad-v1-meldingsdefinisjon,1.2019.01.07-12.34-f79cb7a9ec30,-,-,?,-,false,-
no.nav.tjenestespesifikasjoner,soeknadsskjemaSosialhjelp-v1-meldingsdefinisjon,1.2019.01.07-12.34-f79cb7a9ec30,-,-,?,-,false,-
no.nav.tjenestespesifikasjoner,soeknadsskjemaSosialhjelp-v1-saksoversiktdefinisjon,1.2019.01.07-12.34-f79cb7a9ec30,-,-,?,-,false,-
no.nav.tjenestespesifikasjoner,soeknadsskjemaSosialhjelp-v1-soknaddefinisjon,1.2019.01.07-12.34-f79cb7a9ec30,-,-,?,-,false,-
no.nav.tjenestespesifikasjoner,soeknadsskjemaSosialhjelp-v1-vedleggdefinisjon,1.2019.01.07-12.34-f79cb7a9ec30,-,-,?,-,false,-
no.nav.tjenestespesifikasjoner,sporsmalinnsending-tjenestespesifikasjon,1.2019.01.07-12.34-f79cb7a9ec30,-,-,?,-,false,-
no.nav.tjenestespesifikasjoner,startregistreringstatus-v1-tjenestespesifikasjon,1.2019.01.07-12.34-f79cb7a9ec30,-,-,?,-,false,-
no.nav.tjenestespesifikasjoner,svarut-ks-forsendelsesservice,1.2019.01.07-12.34-f79cb7a9ec30,-,-,?,-,false,-
no.nav.tjenestespesifikasjoner,sykefravaersoppfoelgingv1-tjenestespesifikasjon,1.2019.01.07-12.34-f79cb7a9ec30,-,-,?,-,false,-
no.nav.tjenestespesifikasjoner,sykmelderstatistikk-tjenestespesifikasjon,1.2019.01.07-12.34-f79cb7a9ec30,-,-,?,-,false,-
no.nav.tjenestespesifikasjoner,sykmeldingv1-tjenestespesifikasjon,1.2019.01.07-12.34-f79cb7a9ec30,-,-,?,-,false,-
no.nav.tjenestespesifikasjoner,testvarsel-opprettelse,1.2019.01.07-12.34-f79cb7a9ec30,-,-,?,-,false,-
no.nav.tjenestespesifikasjoner,tildeloppgave-v1-tjenestespesifikasjon,1.2019.01.07-12.34-f79cb7a9ec30,-,-,?,-,false,-
no.nav.tjenestespesifikasjoner,tmp-nav-fim-hendelse-v1,1.2019.01.07-12.34-f79cb7a9ec30,-,-,?,-,false,-
no.nav.tjenestespesifikasjoner,tps-distribusjonsmelding,1.2019.01.07-12.34-f79cb7a9ec30,-,-,?,-,false,-
no.nav.tjenestespesifikasjoner,udi-personstatus-v1,1.2019.01.07-12.34-f79cb7a9ec30,-,-,?,-,false,-
no.nav.tjenestespesifikasjoner,utbetaling-tjenestespesifikasjon,1.2019.01.07-12.34-f79cb7a9ec30,-,-,?,-,false,-
no.nav.tjenestespesifikasjoner,utenrikstjenesten-tjenestespesifikasjon,1.2019.01.07-12.34-f79cb7a9ec30,-,-,?,-,false,-
no.nav.tjenestespesifikasjoner,varseldittnav-tjenestespesifikasjon,1.2019.01.07-12.34-f79cb7a9ec30,-,-,?,-,false,-
no.nav.tjenestespesifikasjoner,varsel-inn,1.2019.01.07-12.34-f79cb7a9ec30,-,-,?,-,false,-
no.nav.tjenestespesifikasjoner,varselkvittering,1.2019.01.07-12.34-f79cb7a9ec30,-,-,?,-,false,-
no.nav.tjenestespesifikasjoner,varseltekster,1.2019.01.07-12.34-f79cb7a9ec30,-,-,?,-,false,-
no.nav.tjenestespesifikasjoner,varselutsending,1.2019.01.07-12.34-f79cb7a9ec30,-,-,?,-,false,-
no.nav.tjenestespesifikasjoner,varsler,1.2019.01.07-12.34-f79cb7a9ec30,-,-,?,-,false,-
no.nav.tjenestespesifikasjoner,veiledervarsel,1.2019.01.07-12.34-f79cb7a9ec30,-,-,?,-,false,-
no.nav.tjenestespesifikasjoner,ytelseskontrakt-v3-tjenestespesifikasjon,1.2019.01.07-12.34-f79cb7a9ec30,-,-,?,-,false,-
org.axonframework.extensions.mongo,axon-mongo,4.0.1,org.axonframework.extensions.mongo,-,automatic,-,false,-
org.tentackle,tentackle-build-support,11.2.3.0,-,-,?,-,false,-
org.tentackle,tentackle-check-maven-plugin,11.2.3.0,-,-,?,-,false,-
org.tentackle,tentackle-common,11.2.3.0,org.tentackle.common,-,explicit,java.base + java.compiler + java.sql,false,-
org.tentackle,tentackle-core,11.2.3.0,org.tentackle.core,-,explicit,java.base + java.compiler + java.desktop + java.management + java.prefs + java.rmi + java.scripting + java.sql + org.tentackle.common,false,-
org.tentackle,tentackle-database,11.2.3.0,org.tentackle.database,-,explicit,java.base + java.management + java.prefs + java.rmi + java.sql + org.tentackle.session + org.tentackle.sql,false,-
org.tentackle,tentackle-domain,11.2.3.0,org.tentackle.domain,-,explicit,java.base + org.tentackle.pdo,false,-
org.tentackle,tentackle-fx,11.2.3.0,org.tentackle.fx,-,explicit,java.base + java.compiler + java.desktop + java.prefs + java.sql + javafx.fxml + javafx.web + org.tentackle.core,false,-
org.tentackle,tentackle-fx-rdc,11.2.3.0,org.tentackle.fx.rdc,-,explicit,java.base + java.compiler + java.desktop + java.prefs + org.tentackle.fx + org.tentackle.pdo,false,-
org.tentackle,tentackle-fx-rdc-poi,11.2.3.0,-,-,?,-,false,-
org.tentackle,tentackle-i18n,11.2.3.0,org.tentackle.i18n,-,explicit,java.base + java.rmi + org.tentackle.domain + org.tentackle.persistence,false,-
org.tentackle,tentackle-i18n-maven-plugin,11.2.3.0,-,-,?,-,false,-
org.tentackle,tentackle-log-log4j,11.2.3.0,-,-,?,-,false,-
org.tentackle,tentackle-log-log4j2v,11.2.3.0,-,-,?,-,false,-
org.tentackle,tentackle-log-slf4j,11.2.3.0,-,-,?,-,false,-
org.tentackle,tentackle-maven-plugin,11.2.3.0,-,-,?,-,false,-
org.tentackle,tentackle-model,11.2.3.0,org.tentackle.model,-,explicit,java.base + java.sql + org.tentackle.sql,false,-
org.tentackle,tentackle-pdo,11.2.3.0,org.tentackle.pdo,-,explicit,java.base + java.compiler + org.tentackle.session,false,-
org.tentackle,tentackle-persistence,11.2.3.0,org.tentackle.persistence,-,explicit,java.base + java.naming + java.rmi + java.sql + org.tentackle.database + org.tentackle.pdo,false,-
org.tentackle,tentackle-persistence-wurblets,11.2.3.0,-,-,?,-,false,-
org.tentackle,tentackle-script-groovy,11.2.3.0,-,-,?,-,false,-
org.tentackle,tentackle-script-ruby,11.2.3.0,-,-,?,-,false,-
org.tentackle,tentackle-session,11.2.3.0,org.tentackle.session,-,explicit,java.base + java.prefs + java.rmi + java.sql + org.tentackle.core,false,-
org.tentackle,tentackle-sql,11.2.3.0,org.tentackle.sql,-,explicit,java.base + java.naming + java.sql + org.tentackle.common,false,-
org.tentackle,tentackle-sql-maven-plugin,11.2.3.0,-,-,?,-,false,-
org.tentackle,tentackle-test-fx-rdc,11.2.3.0,-,-,?,-,false,-
org.tentackle,tentackle-test-pdo,11.2.3.0,-,-,?,-,false,-
org.tentackle,tentackle-web,11.2.3.0,org.tentackle.web,-,explicit,java.base + org.tentackle.persistence,false,-
org.tentackle,tentackle-wizard-maven-plugin,11.2.3.0,-,-,?,-,false,-
org.tentackle,tentackle-wurblets,11.2.3.0,-,-,?,-,false,-
org.wurbelizer,ant-wurbelizer,11.2.2.1,-,-,?,-,false,-
org.wurbelizer,console-wurbelizer,11.2.2.1,-,-,?,-,false,-
org.wurbelizer,wurbelizer,11.2.2.1,-,-,?,-,false,-
org.wurbelizer,wurbelizer-maven-plugin,11.2.2.1,-,-,?,-,false,-
