groupId,artifactId,version,moduleName,moduleVersion,moduleMode,moduleDependencies,jdepsToolError,jdepsViolations
cloud.orbit,orbit-actor-benchmarks,1.11.0,-,-,?,-,false,-
cloud.orbit,orbit-actor-tests,1.11.0,-,-,?,-,false,-
cloud.orbit,orbit-commons,1.11.0,-,-,?,-,false,-
cloud.orbit,orbit-core,1.11.0,-,-,?,-,false,-
cloud.orbit,orbit-infinispan-cluster,1.11.0,-,-,?,-,false,-
cloud.orbit,orbit-json,1.11.0,-,-,?,-,false,-
cloud.orbit,orbit-runtime,1.11.0,-,-,?,-,false,sun.misc.Cleaner                         Use java.lang.ref.PhantomReference @since 1.2 or java.lang.ref.Cleaner @since 9 + sun.misc.Unsafe                          See http://openjdk.java.net/jeps/260 + sun.reflect.ReflectionFactory            See http://openjdk.java.net/jeps/260
com.expedia,graphql-kotlin,0.0.30,-,-,?,-,false,-
io.kontainers,micrometer-registry-dynatrace,1.1.3,-,-,?,-,false,-
io.virtdata,project-annotations,2.11.10,-,-,?,-,false,-
io.virtdata,project-processors,2.11.10,-,-,?,-,false,-
io.virtdata,virtdata-api,2.11.10,-,-,?,-,false,-
io.virtdata,virtdata-lang,2.11.10,-,-,?,-,false,-
io.virtdata,virtdata-lib-basics,2.11.10,-,-,?,-,false,-
io.virtdata,virtdata-lib-curves4,2.11.10,-,-,?,-,false,-
io.virtdata,virtdata-lib-random,2.11.10,-,-,?,-,false,sun.misc.Unsafe                          See http://openjdk.java.net/jeps/260 + sun.reflect.Reflection                   Use java.lang.StackWalker @since 9
io.virtdata,virtdata-lib-realer,2.11.10,-,-,?,-,false,sun.misc.Unsafe                          See http://openjdk.java.net/jeps/260 + sun.reflect.Reflection                   Use java.lang.StackWalker @since 9
io.virtdata,virtdata-realdata,2.11.10,-,-,?,-,false,sun.misc.Unsafe                          See http://openjdk.java.net/jeps/260 + sun.reflect.Reflection                   Use java.lang.StackWalker @since 9
io.virtdata,virtdata-userlibs,2.11.10,-,-,?,-,false,-
org.bboxdb,bboxdb-commons,0.8.6,-,-,?,-,false,sun.misc.Cleaner                         Use java.lang.ref.PhantomReference @since 1.2 or java.lang.ref.Cleaner @since 9
org.bboxdb,bboxdb-examples,0.8.6,-,-,?,-,false,-
org.bboxdb,bboxdb-experiments,0.8.6,-,-,?,-,false,-
org.bboxdb,bboxdb-network-proxy,0.8.6,-,-,?,-,false,-
org.bboxdb,bboxdb-server,0.8.6,-,-,?,-,false,-
org.bboxdb,bboxdb-tools,0.8.6,-,-,?,-,false,-
org.openstreetmap.atlas,atlas,5.3.1,-,-,?,-,false,-
org.openstreetmap.atlas,atlas-generator,4.1.9,-,-,?,-,false,-
