groupId,artifactId,version,moduleName,moduleVersion,moduleMode,moduleDependencies,jdepsToolError,jdepsViolations
cd.go.plugin,go-plugin-api-experimental,19.1.0-8274,-,-,?,-,false,-
com.sombrainc,excelorm,1.0.2,-,-,?,-,false,-
io.gridgo,gridgo-bean,0.3.0,-,-,?,-,false,-
io.gridgo,gridgo-formatting,0.3.0,-,-,?,-,false,-
io.gridgo,gridgo-framework,0.3.0,-,-,?,-,false,-
io.gridgo,gridgo-utils,0.3.0,-,-,?,-,false,-
org.coody.framework,coody-cache,alpha-1.2.1,-,-,?,-,false,-
org.coody.framework,coody-core,alpha-1.2.1,-,-,?,-,false,-
org.coody.framework,coody-elock,alpha-1.2.1,-,-,?,-,false,-
org.coody.framework,coody-jdbc,alpha-1.2.1,-,-,?,-,false,-
org.coody.framework,coody-rcc,alpha-1.2.1,-,-,?,-,false,-
org.coody.framework,coody-task,alpha-1.2.1,-,-,?,-,false,-
org.coody.framework,coody-web,alpha-1.2.1,-,-,?,-,false,-
org.scalaz,scalaz-concurrent_2.11,7.3.0-M27,-,-,?,-,false,-
org.scalaz,scalaz-concurrent_2.12,7.3.0-M27,-,-,?,-,false,-
org.scalaz,scalaz-concurrent_2.13.0-M5,7.3.0-M27,-,-,?,-,false,-
org.scalaz,scalaz-core_2.11,7.3.0-M27,-,-,?,-,false,-
org.scalaz,scalaz-core_2.12,7.3.0-M27,-,-,?,-,false,-
org.scalaz,scalaz-core_2.13.0-M5,7.3.0-M27,-,-,?,-,false,-
org.scalaz,scalaz-core_native0.3_2.11,7.3.0-M27,-,-,?,-,false,-
org.scalaz,scalaz-core_sjs0.6_2.11,7.3.0-M27,-,-,?,-,false,-
org.scalaz,scalaz-core_sjs0.6_2.12,7.3.0-M27,-,-,?,-,false,-
org.scalaz,scalaz-core_sjs0.6_2.13.0-M5,7.3.0-M27,-,-,?,-,false,-
org.scalaz,scalaz-effect_2.11,7.3.0-M27,-,-,?,-,false,-
org.scalaz,scalaz-effect_2.12,7.3.0-M27,-,-,?,-,false,-
org.scalaz,scalaz-effect_2.13.0-M5,7.3.0-M27,-,-,?,-,false,-
org.scalaz,scalaz-effect_native0.3_2.11,7.3.0-M27,-,-,?,-,false,-
org.scalaz,scalaz-effect_sjs0.6_2.11,7.3.0-M27,-,-,?,-,false,-
org.scalaz,scalaz-effect_sjs0.6_2.12,7.3.0-M27,-,-,?,-,false,-
org.scalaz,scalaz-effect_sjs0.6_2.13.0-M5,7.3.0-M27,-,-,?,-,false,-
org.scalaz,scalaz-iteratee_2.11,7.3.0-M27,-,-,?,-,false,-
org.scalaz,scalaz-iteratee_2.12,7.3.0-M27,-,-,?,-,false,-
org.scalaz,scalaz-iteratee_2.13.0-M5,7.3.0-M27,-,-,?,-,false,-
org.scalaz,scalaz-iteratee_native0.3_2.11,7.3.0-M27,-,-,?,-,false,-
org.scalaz,scalaz-iteratee_sjs0.6_2.11,7.3.0-M27,-,-,?,-,false,-
org.scalaz,scalaz-iteratee_sjs0.6_2.12,7.3.0-M27,-,-,?,-,false,-
org.scalaz,scalaz-iteratee_sjs0.6_2.13.0-M5,7.3.0-M27,-,-,?,-,false,-
org.scalaz,scalaz-scalacheck-binding_2.11,7.3.0-M27,-,-,?,-,false,-
org.scalaz,scalaz-scalacheck-binding_2.12,7.3.0-M27,-,-,?,-,false,-
org.scalaz,scalaz-scalacheck-binding_2.13.0-M5,7.3.0-M27,-,-,?,-,false,-
org.scalaz,scalaz-scalacheck-binding_sjs0.6_2.11,7.3.0-M27,-,-,?,-,false,-
org.scalaz,scalaz-scalacheck-binding_sjs0.6_2.12,7.3.0-M27,-,-,?,-,false,-
org.scalaz,scalaz-scalacheck-binding_sjs0.6_2.13.0-M5,7.3.0-M27,-,-,?,-,false,-
org.springblade,blade-core-boot,1.0.0-RC3,-,-,?,-,false,-
org.springblade,blade-core-launch,1.0.0-RC3,-,-,?,-,false,-
org.springblade,blade-core-log,1.0.0-RC3,-,-,?,-,false,-
org.springblade,blade-core-mybatis,1.0.0-RC3,-,-,?,-,false,-
org.springblade,blade-core-secure,1.0.0-RC3,-,-,?,-,false,-
org.springblade,blade-core-swagger,1.0.0-RC3,-,-,?,-,false,-
org.springblade,blade-core-tool,1.0.0-RC3,-,-,?,-,false,-
