groupId,artifactId,version,moduleName,moduleVersion,moduleMode,moduleDependencies,jdepsToolError,jdepsViolations
br.ufsc.bridge,validation,1.4.1,-,-,?,-,false,-
com.aventstack,extentreports-cucumber3-adapter,1.0.2,-,-,?,-,false,-
com.aventstack,extentreports-cucumber4-adapter,1.0.6,-,-,?,-,false,-
com.feingto,iot-hub-client-java,1.2.0.RELEASE,-,-,?,-,false,-
com.feingto,iot-hub-client-spring,1.2.0.RELEASE,-,-,?,-,false,-
com.feingto,iot-hub-common,1.2.0.RELEASE,-,-,?,-,false,-
com.feingto,iot-hub-server,1.2.0.RELEASE,-,-,?,-,false,-
com.github.akaskywolf,rjc,0.7.1,-,-,?,-,false,-
com.lightbend.play,play-grpc-scalatest_2.11,0.5.0-M7,-,-,?,-,false,-
com.lightbend.play,play-grpc-scalatest_2.12,0.5.0-M7,-,-,?,-,false,-
com.lightbend.play,play-grpc-specs2_2.11,0.5.0-M7,-,-,?,-,false,-
com.lightbend.play,play-grpc-specs2_2.12,0.5.0-M7,-,-,?,-,false,-
com.lightbend.play,play-grpc-testkit_2.11,0.5.0-M7,-,-,?,-,false,-
com.lightbend.play,play-grpc-testkit_2.12,0.5.0-M7,-,-,?,-,false,-
com.rookout,rook,0.1.47,-,-,?,-,false,sun.misc.JavaLangAccess                  Removed. See http://openjdk.java.net/jeps/260 + sun.misc.SharedSecrets                   Removed. See http://openjdk.java.net/jeps/260 + sun.misc.Unsafe                          See http://openjdk.java.net/jeps/260 + sun.security.x509.X500Name               Use javax.security.auth.x500.X500Principal @since 1.4
com.societegenerale.ci-droid,internal-api,1.0.6,-,-,?,-,false,-
engineering.exploratory,nbiot-java,0.2,-,-,?,-,false,-
org.amqphub.spring,amqp-10-jms-spring-boot-autoconfigure,2.1.1,-,-,?,-,false,-
org.amqphub.spring,amqp-10-jms-spring-boot-starter,2.1.1,-,-,?,-,false,-
org.filesys,jfileserver-db-postgres,1.0.2,-,-,?,-,false,-
org.springframework.cloud,spring-cloud-build-docs,2.1.0.RELEASE,-,-,?,-,false,-
org.springframework.cloud,spring-cloud-build-tools,2.1.0.RELEASE,-,-,?,-,false,-
top.hmtools,hm-tools-gb-t2260-starter,0.0.1,-,-,?,-,false,-
