groupId,artifactId,version,moduleName,moduleVersion,moduleMode,moduleDependencies,jdepsToolError,jdepsViolations
org.apache.jena,jena-arq,3.10.0,org.apache.jena.arq,-,automatic,-,false,-
org.apache.jena,jena-base,3.10.0,org.apache.jena.base,-,automatic,-,false,-
org.apache.jena,jena-cmds,3.10.0,org.apache.jena.cmds,-,automatic,-,false,-
org.apache.jena,jena-core,3.10.0,org.apache.jena.core,-,automatic,-,false,-
org.apache.jena,jena-dboe-base,3.10.0,org.apache.jena.dboe,-,automatic,-,false,-
org.apache.jena,jena-dboe-index,3.10.0,org.apache.jena.dboe.index,-,automatic,-,false,-
org.apache.jena,jena-dboe-index-test,3.10.0,org.apache.jena.dboe.index.test,-,automatic,-,false,-
org.apache.jena,jena-dboe-transaction,3.10.0,org.apache.jena.dboe.transaction,-,automatic,-,false,-
org.apache.jena,jena-dboe-trans-data,3.10.0,org.apache.jena.dboe.trans.data,-,automatic,-,false,-
org.apache.jena,jena-elephas-common,3.10.0,org.apache.jena.elephas,-,automatic,-,false,-
org.apache.jena,jena-elephas-io,3.10.0,org.apache.jena.elephas,-,automatic,-,false,-
org.apache.jena,jena-elephas-mapreduce,3.10.0,org.apache.jena.elephas,-,automatic,-,false,-
org.apache.jena,jena-elephas-stats,3.10.0,org.apache.jena.elephas,-,automatic,-,false,-
org.apache.jena,jena-fuseki-access,3.10.0,org.apache.jena.fuseki.access,-,automatic,-,false,-
org.apache.jena,jena-fuseki-core,3.10.0,org.apache.jena.fuseki.core,-,automatic,-,false,-
org.apache.jena,jena-fuseki-fulljar,3.10.0,-,-,?,-,false,sun.misc.Unsafe                          See http://openjdk.java.net/jeps/260
org.apache.jena,jena-fuseki-main,3.10.0,org.apache.jena.fuseki.main,-,automatic,-,false,-
org.apache.jena,jena-fuseki-server,3.10.0,-,-,?,-,false,sun.misc.Unsafe                          See http://openjdk.java.net/jeps/260
org.apache.jena,jena-fuseki-webapp,3.10.0,-,-,?,-,false,-
org.apache.jena,jena-integration-tests,3.10.0,-,-,?,-,false,-
org.apache.jena,jena-iri,3.10.0,org.apache.jena.iri,-,automatic,-,false,-
org.apache.jena,jena-jdbc-core,3.10.0,org.apache.jena.jdbc,-,automatic,-,false,-
org.apache.jena,jena-jdbc-driver-bundle,3.10.0,org.apache.jena.jdbc,-,automatic,-,false,sun.misc.Unsafe                          See http://openjdk.java.net/jeps/260
org.apache.jena,jena-jdbc-driver-mem,3.10.0,org.apache.jena.jdbc,-,automatic,-,false,-
org.apache.jena,jena-jdbc-driver-remote,3.10.0,org.apache.jena.jdbc,-,automatic,-,false,-
org.apache.jena,jena-jdbc-driver-tdb,3.10.0,org.apache.jena.jdbc,-,automatic,-,false,-
org.apache.jena,jena-osgi,3.10.0,-,-,?,-,false,sun.misc.Unsafe                          See http://openjdk.java.net/jeps/260
org.apache.jena,jena-osgi-features,3.10.0,-,-,?,-,false,-
org.apache.jena,jena-permissions,3.10.0,org.apache.jena.permissions,-,automatic,-,false,-
org.apache.jena,jena-querybuilder,3.10.0,-,-,?,-,false,-
org.apache.jena,jena-rdfconnection,3.10.0,org.apache.jena.rdfconnection,-,automatic,-,false,-
org.apache.jena,jena-sdb,3.10.0,org.apache.jena.sdb,-,automatic,-,false,-
org.apache.jena,jena-shaded-guava,3.10.0,org.apache.jena.ext.com.google,-,automatic,-,false,sun.misc.Unsafe                          See http://openjdk.java.net/jeps/260
org.apache.jena,jena-spatial,3.10.0,org.apache.jena.spatial,-,automatic,-,false,-
org.apache.jena,jena-tdb2,3.10.0,org.apache.jena.tdb2,-,automatic,-,false,-
org.apache.jena,jena-tdb,3.10.0,org.apache.jena.tdb,-,automatic,-,false,-
org.apache.jena,jena-text,3.10.0,org.apache.jena.text,-,automatic,-,false,-
org.apache.jena,jena-text-es,3.10.0,org.apache.jena.text.es,-,automatic,-,false,-
