groupId,artifactId,version,moduleName,moduleVersion,moduleMode,moduleDependencies,jdepsToolError,jdepsViolations
com.github.broadinstitute,picard,2.18.22,-,-,?,-,false,-
com.github.cb372,scala-typed-holes_2.11.12,0.0.5,-,-,?,-,false,-
com.github.cb372,scala-typed-holes_2.12.8,0.0.5,-,-,?,-,false,-
com.github.cb372,scala-typed-holes_2.13.0-M5,0.0.5,-,-,?,-,false,-
de.aosd.clazzfish,clazzfish-agent,0.9,-,-,?,-,false,-
de.aosd.clazzfish,clazzfish-jdbc,0.9,-,-,?,-,false,-
de.aosd.clazzfish,clazzfish-monitor,0.9,-,-,?,-,false,-
org.powerflows,dmn,0.6.0,-,-,?,-,false,-
