groupId,artifactId,version,moduleName,moduleVersion,moduleMode,moduleDependencies,jdepsToolError,jdepsViolations
com.caucho,resin-javaee16,4.0.50,-,-,?,-,false,-
com.emcoo.ef,emcoo-common,1.0.8,-,-,?,-,false,-
com.emcoo.ef,emcoo-filesystem,1.0.8,-,-,?,-,false,-
com.emcoo.ef,emcoo-notification,1.0.8,-,-,?,-,false,-
com.emcoo.ef,emcoo-restful,1.0.8,-,-,?,-,false,-
com.emcoo.ef,emcoo-validator,1.0.8,-,-,?,-,false,-
com.github.basking2,sdsai-itrex,1.1.19,-,-,?,-,false,-
com.github.richardroda.util,closeit,1.4,com.github.richardroda.util.closeit,-,automatic,-,false,-
com.jdkhome.blzo,blzo-ex-authj,0.0.7,-,-,?,-,false,-
com.jdkhome.blzo,blzo-ex-basic,0.0.7,-,-,?,-,false,-
com.jdkhome.blzo,blzo-ex-ip2region,0.0.7,-,-,?,-,false,-
com.jdkhome.blzo,blzo-ex-redission,0.0.7,-,-,?,-,false,-
com.jdkhome.blzo,blzo-ex-usignin,0.0.7,-,-,?,-,false,-
com.jdkhome.blzo,blzo-ex-utils,0.0.7,-,-,?,-,false,-
com.jdkhome.blzo,blzo-ex-version,0.0.7,-,-,?,-,false,-
com.pholser,junit-quickcheck-core,0.8.2,-,-,?,-,false,-
com.pholser,junit-quickcheck-examples,0.8.2,-,-,?,-,false,-
com.pholser,junit-quickcheck-generators,0.8.2,-,-,?,-,false,-
com.pholser,junit-quickcheck-guava,0.8.2,-,-,?,-,false,-
org.mnode.ical4j,ical4j-vcard,1.0.5,-,-,?,-,false,-
