groupId,artifactId,version,moduleName,moduleVersion,moduleMode,moduleDependencies,jdepsToolError,jdepsViolations
ai.foremast.metrics,foremast-spring-boot-k8s-metrics-starter,0.1.2,-,-,?,-,false,-
com.auth0,auth0,1.10.0,-,-,?,-,false,-
com.auth0,auth0-spring-security-api,1.2.1,-,-,?,-,false,-
com.auth0,mvc-auth-commons,1.0.3,-,-,?,-,false,-
com.budjb,http-requests-groovy,2.0.3.BETA,-,-,?,-,false,-
com.github.agilesteel,spells_2.10,2.2.0,-,-,?,-,false,-
com.github.agilesteel,spells_2.11,2.2.0,-,-,?,-,false,-
com.github.agilesteel,spells_2.12,2.2.0,-,-,?,-,false,-
com.icfolson.aem.library,aem-library-api,11.1.0,-,-,?,-,false,-
com.icfolson.aem.library,aem-library-core,11.1.0,-,-,?,-,false,-
com.icfolson.aem.library,aem-library-models,11.1.0,-,-,?,-,false,-
com.icfolson.aem.library,aem-library-ui,11.1.0,-,-,?,-,false,-
com.itelg,texin,0.4.0-RELEASE,-,-,?,-,false,-
com.netflix.evcache,evcache-client,5.0.30-rc.1,-,-,?,-,false,-
com.netflix.evcache,evcache-client-sample,5.0.30-rc.1,-,-,?,-,false,-
com.netflix.evcache,evcache-core,5.0.30-rc.1,-,-,?,-,false,sun.misc.Cleaner                         Use java.lang.ref.PhantomReference @since 1.2 or java.lang.ref.Cleaner @since 9
com.wavefront,wavefront-dropwizard-sdk-java,0.9.0,-,-,?,-,false,-
de.elnarion.maven,plantuml-generator-maven-plugin,0.9.2,-,-,?,-,false,-
de.elnarion.util,plantuml-generator-util,0.9.2,-,-,?,-,false,-
me.jorgecastillo,hiroaki-core,0.0.9,-,-,?,-,false,-
nl.bstoi.poiparser,PoiParser,4.0.2,-,-,?,-,false,-
org.rapidpm,rapidpm-junit5-ext-servlet-container-api,01.00.00-RPM,-,-,?,-,false,-
org.rapidpm,rapidpm-junit5-ext-servlet-container-impl-meecrowave,01.00.00-RPM,-,-,?,-,false,-
org.rapidpm,rapidpm-junit5-ext-servlet-container-impl-none,01.00.00-RPM,-,-,?,-,false,-
org.rapidpm,rapidpm-junit5-ext-servlet-container-impl-spring-boot-v1,01.00.00-RPM,-,-,?,-,false,-
org.rapidpm,rapidpm-junit5-ext-servlet-container-impl-spring-boot-v2,01.00.00-RPM,-,-,?,-,false,-
