groupId,artifactId,version,moduleName,moduleVersion,moduleMode,moduleDependencies,jdepsToolError,jdepsViolations
be.yildiz-games,feature-research-shared,1.0.1,be.yildizgames.feature.research.shared,-,explicit,be.yildizgames.common.exception + be.yildizgames.common.logging + be.yildizgames.common.mapping + be.yildizgames.common.mapping.model + be.yildizgames.common.model + be.yildizgames.common.util + java.base + slf4j.api,false,-
cd.go.plugin,go-plugin-api-experimental,19.1.0-8294,-,-,?,-,false,-
com.aliyun,aliyun-java-sdk-nas,3.2.0,-,-,?,-,false,-
com.gitee.wangxinhome,poi-plugin,1.0.8,-,-,?,-,false,-
com.github.liujiebang,pay,1.4.2,-,-,?,-,false,-
com.hazelcast,hazelcast-hibernate5,1.3.1,-,-,?,-,false,-
com.hazelcast,hazelcast-hibernate52,1.3.1,-,-,?,-,false,-
com.hazelcast,hazelcast-hibernate53,1.3.1,-,-,?,-,false,-
com.nepxion,aquarius-cache-aop,2.0.7,-,-,?,-,false,-
com.nepxion,aquarius-cache-redis,2.0.7,-,-,?,-,false,-
com.nepxion,aquarius-cache-starter,2.0.7,-,-,?,-,false,-
com.nepxion,aquarius-common,2.0.7,-,-,?,-,false,-
com.nepxion,aquarius-common-redis,2.0.7,-,-,?,-,false,-
com.nepxion,aquarius-common-zookeeper,2.0.7,-,-,?,-,false,-
com.nepxion,aquarius-id-generator-local,2.0.7,-,-,?,-,false,-
com.nepxion,aquarius-id-generator-redis,2.0.7,-,-,?,-,false,-
com.nepxion,aquarius-id-generator-starter,2.0.7,-,-,?,-,false,-
com.nepxion,aquarius-id-generator-zookeeper,2.0.7,-,-,?,-,false,-
com.nepxion,aquarius-limit-aop,2.0.7,-,-,?,-,false,-
com.nepxion,aquarius-limit-local,2.0.7,-,-,?,-,false,-
com.nepxion,aquarius-limit-redis,2.0.7,-,-,?,-,false,-
com.nepxion,aquarius-limit-starter,2.0.7,-,-,?,-,false,-
com.nepxion,aquarius-lock-aop,2.0.7,-,-,?,-,false,-
com.nepxion,aquarius-lock-local,2.0.7,-,-,?,-,false,-
com.nepxion,aquarius-lock-redis,2.0.7,-,-,?,-,false,-
com.nepxion,aquarius-lock-starter,2.0.7,-,-,?,-,false,-
com.nepxion,aquarius-lock-zookeeper,2.0.7,-,-,?,-,false,-
com.nepxion,permission-aop,3.0.1,-,-,?,-,false,-
com.nepxion,permission-aop-starter,3.0.1,-,-,?,-,false,-
com.nepxion,permission-api,3.0.1,-,-,?,-,false,-
com.nepxion,permission-entity,3.0.1,-,-,?,-,false,-
com.nepxion,permission-feign,3.0.1,-,-,?,-,false,-
com.nepxion,permission-feign-starter,3.0.1,-,-,?,-,false,-
com.tradenity,java-sdk,1.0.0,-,-,?,-,false,-
com.tradenity,java-sdk-spring-ext,1.0.0,-,-,?,-,false,-
dk.nodes.nstack,translation,2.3.0,-,-,?,-,false,-
io.javalin,javalin,2.5.0,io.javalin,-,automatic,-,false,-
net.skobow,oauth2-restclient,0.1.1,-,-,?,-,false,-
net.skobow,oauth2-restclient-spring-boot-autoconfigure,0.1.1,-,-,?,-,false,-
net.skobow,oauth2-restclient-spring-boot-starter,0.1.1,-,-,?,-,false,-
