groupId,artifactId,version,moduleName,moduleVersion,moduleMode,moduleDependencies,jdepsToolError,jdepsViolations
ai.foremast.metrics,foremast-spring-boot-k8s-metrics-starter,0.1.2,-,-,?,-,false,-
com.feingto,iot-hub-client-java,1.1.8.RELEASE,-,-,?,-,false,-
com.feingto,iot-hub-client-spring,1.1.8.RELEASE,-,-,?,-,false,-
com.feingto,iot-hub-common,1.1.8.RELEASE,-,-,?,-,false,-
com.feingto,iot-hub-server,1.1.8.RELEASE,-,-,?,-,false,-
com.github.agilesteel,spells_2.10,2.2.0,-,-,?,-,false,-
com.github.agilesteel,spells_2.11,2.2.0,-,-,?,-,false,-
com.github.agilesteel,spells_2.12,2.2.0,-,-,?,-,false,-
com.itelg,texin,0.4.0-RELEASE,-,-,?,-,false,-
com.socrata,soda-api-java,0.10.3,-,-,?,-,false,-
com.wavefront,wavefront-dropwizard-sdk-java,0.9.0,-,-,?,-,false,-
org.zoodb,zoodb,0.5.2,-,-,?,-,false,-
