groupId,artifactId,version,moduleName,moduleVersion,moduleMode,moduleDependencies,jdepsToolError,jdepsViolations
cd.connect.features,connect-feature-service-sql,1.2,-,-,?,-,false,-
cn.yukonga,yrpc-spring-boot-starter,1.1.RELEASE,-,-,?,-,false,-
com.github.liaochong,html2excel,1.3.1,-,-,?,-,false,-
com.jdkhome.blzo,blzo-ex-authj,0.0.11.RELEASE,-,-,?,-,false,-
com.jdkhome.blzo,blzo-ex-basic,0.0.11.RELEASE,-,-,?,-,false,-
com.jdkhome.blzo,blzo-ex-ip2region,0.0.11.RELEASE,-,-,?,-,false,-
com.jdkhome.blzo,blzo-ex-redission,0.0.11.RELEASE,-,-,?,-,false,-
com.jdkhome.blzo,blzo-ex-usignin,0.0.11.RELEASE,-,-,?,-,false,-
com.jdkhome.blzo,blzo-ex-utils,0.0.11.RELEASE,-,-,?,-,false,-
com.jdkhome.blzo,blzo-ex-version,0.0.11.RELEASE,-,-,?,-,false,-
com.liferay.portal,release.dxp.distro,7.1.10,-,-,?,-,false,-
com.rapid7.docker,docker-image-analyzer,0.1.0,-,-,?,-,false,-
io.afu,utils,0.0.37-RELEASE,-,-,?,-,false,sun.misc.BASE64Decoder                   Use java.util.Base64 @since 1.8
