groupId,artifactId,version,moduleName,moduleVersion,moduleMode,moduleDependencies,jdepsToolError,jdepsViolations
com.github.fracpete,gpsformats4j,0.0.4,-,-,?,-,false,-
org.reaktivity,nukleus-http-cache,0.77,-,-,?,-,false,-
org.reaktivity,nukleus-kafka,0.134,-,-,?,-,false,-
org.reaktivity,nukleus-sse,0.38,-,-,?,-,false,-
org.t-io,tio-core,3.2.5.v20190101-RELEASE,-,-,?,-,false,-
org.t-io,tio-flash-policy-server,3.2.5.v20190101-RELEASE,-,-,?,-,false,-
org.t-io,tio-http-common,3.2.5.v20190101-RELEASE,-,-,?,-,false,-
org.t-io,tio-http-server,3.2.5.v20190101-RELEASE,-,-,?,-,false,-
org.t-io,tio-utils,3.2.5.v20190101-RELEASE,-,-,?,-,false,-
org.t-io,tio-webpack-core,3.2.5.v20190101-RELEASE,-,-,?,-,false,-
org.t-io,tio-websocket-common,3.2.5.v20190101-RELEASE,-,-,?,-,false,-
org.t-io,tio-websocket-server,3.2.5.v20190101-RELEASE,-,-,?,-,false,-
