groupId,artifactId,version,moduleName,moduleVersion,moduleMode,moduleDependencies,jdepsToolError,jdepsViolations
com.epam.jdi,jdi-light,1.0.24,-,-,?,-,false,sun.reflect.generics.reflectiveObjects.NotImplementedException Removed. See http://openjdk.java.net/jeps/260
com.epam.jdi,jdi-light-html,1.0.24,-,-,?,-,false,-
com.github.fabiomaffioletti,spring-boot-starter-data-firebase,1.0.0.RELEASE,-,-,?,-,false,-
com.google.apis,google-api-services-accesscontextmanager,v1beta-rev20181219-1.26.0,-,-,?,-,false,-
com.google.apis,google-api-services-appengine,v1-rev20181218-1.26.0,-,-,?,-,false,-
com.google.apis,google-api-services-bigquery,v2-rev20181216-1.26.0,-,-,?,-,false,-
com.microsoft.azure,azure-eventhubs,2.0.0,-,-,?,-,false,-
com.netflix.buildinfrastructure,netflixoss-plugin-common,0.8.4,-,-,?,-,false,-
com.netflix.buildinfrastructure,netflixoss-plugin-test,0.8.4,-,-,?,-,false,-
com.walmartlabs.ollie,db,0.0.29,-,-,?,-,false,-
com.walmartlabs.ollie,ollie,0.0.29,-,-,?,-,false,-
com.walmartlabs.ollie,ollie-configuration,0.0.29,-,-,?,-,false,-
com.walmartlabs.ollie,server,0.0.29,-,-,?,-,false,-
de.bwaldvogel,mongo-java-server,1.11.1,-,-,?,-,false,-
de.bwaldvogel,mongo-java-server-core,1.11.1,-,-,?,-,false,-
de.bwaldvogel,mongo-java-server-h2-backend,1.11.1,-,-,?,-,false,-
de.bwaldvogel,mongo-java-server-memory-backend,1.11.1,-,-,?,-,false,-
de.bwaldvogel,mongo-java-server-postgresql-backend,1.11.1,-,-,?,-,false,-
de.bwaldvogel,mongo-java-server-test-common,1.11.1,-,-,?,-,false,-
de.carne.common,java-boot,2.6.0,de.carne.boot,-,automatic,-,false,-
de.carne.common,java-default,8.7.0,de.carne,-,automatic,-,false,-
de.julielab,jcore-xmi-splitter,2.3.3,-,-,?,-,false,-
io.github.dgroup,tagyml,0.1.0,-,-,?,-,false,-
net.bootsfaces,bootsfaces,1.4.1,-,-,?,-,false,-
net.e6tech,elements-common,2.4.20,-,-,?,-,false,-
net.e6tech,elements-jmx,2.4.20,-,-,?,-,false,-
net.e6tech,elements-jobs,2.4.20,-,-,?,-,false,-
net.e6tech,elements-network,2.4.20,-,-,?,-,false,-
net.e6tech,elements-persist,2.4.20,-,-,?,-,false,-
net.e6tech,elements-persist-hibernate,2.4.20,-,-,?,-,false,-
net.e6tech,elements-rules,2.4.20,-,-,?,-,false,-
net.e6tech,elements-security,2.4.20,-,-,?,-,false,-
net.e6tech,elements-web,2.4.20,-,-,?,-,false,-
net.sf.okapi.applications,okapi-application-lynx,1.1.7,-,-,?,-,false,-
net.sf.okapi.lib,okapi-lib-xliff2,1.1.8,-,-,?,-,false,-
net.welen.WildFly-JMX-CLI,WildFly-JMX-CLI,1.0.0,-,-,?,-,false,-
org.cyclonedx,cyclonedx-core-java,1.1.2,-,-,?,-,false,-
org.cyclonedx,cyclonedx-maven-plugin,1.3.1,-,-,?,-,false,-
se.bjurr.violations,violation-comments-lib,1.80,-,-,?,-,false,-
se.bjurr.violations,violation-comments-to-bitbucket-server-lib,1.72,-,-,?,-,false,-
se.bjurr.violations,violations-lib,1.74,-,-,?,-,false,-
