groupId,artifactId,version,moduleName,moduleVersion,moduleMode,moduleDependencies,jdepsToolError,jdepsViolations
com.github.Alex-2713-GitHub,Alex_Test,1.0.1,-,-,?,-,false,-
com.github.weibin268,my-data,1.0.0,-,-,?,-,false,-
com.github.workingDog,scalastix_2.12,0.8,-,-,?,-,false,-
com.googlecode.libphonenumber,carrier,1.99,-,-,?,-,false,-
com.googlecode.libphonenumber,demo,8.10.3,-,-,?,-,false,-
com.googlecode.libphonenumber,geocoder,2.109,-,-,?,-,false,-
com.googlecode.libphonenumber,libphonenumber,8.10.3,-,-,?,-,false,-
com.googlecode.libphonenumber,prefixmapper,2.109,-,-,?,-,false,-
com.yitongmed,yt-common,0.0.0,-,-,?,-,false,-
io.github.tilumi,azure-eventhubs-spark_2.11,2.3.8,-,-,?,-,false,-
org.nutz,nutz,1.r.67,-,-,?,-,false,-
org.nutz,nutz-integration-activiti,1.r.67,-,-,?,-,false,-
org.nutz,nutz-integration-bex5,1.r.67,-,-,?,-,false,-
org.nutz,nutz-integration-cxf,1.r.67,-,-,?,-,false,-
org.nutz,nutz-integration-dubbo,1.r.67,-,-,?,-,false,-
org.nutz,nutz-integration-dwr,1.r.67,-,-,?,-,false,-
org.nutz,nutz-integration-grpc,1.r.67,-,-,?,-,false,-
org.nutz,nutz-integration-hasor,1.r.67,-,-,?,-,false,-
org.nutz,nutz-integration-hessian,1.r.67,-,-,?,-,false,-
org.nutz,nutz-integration-jedis,1.r.67,-,-,?,-,false,-
org.nutz,nutz-integration-jedisque,1.r.67,-,-,?,-,false,-
org.nutz,nutz-integration-json4excel,1.r.67,-,-,?,-,false,-
org.nutz,nutz-integration-lettuce,1.r.67,-,-,?,-,false,-
org.nutz,nutz-integration-neo4j,1.r.67,-,-,?,-,false,-
org.nutz,nutz-integration-nettice,1.r.67,-,-,?,-,false,-
org.nutz,nutz-integration-quartz,1.r.67,-,-,?,-,false,-
org.nutz,nutz-integration-rabbitmq,1.r.67,-,-,?,-,false,-
org.nutz,nutz-integration-shiro,1.r.67,-,-,?,-,false,-
org.nutz,nutz-integration-spring,1.r.67,-,-,?,-,false,-
org.nutz,nutz-integration-zbus,1.r.67,-,-,?,-,false,-
org.nutz,nutz-plugins-apidoc,1.r.67,-,-,?,-,false,-
org.nutz,nutz-plugins-cache,1.r.67,-,-,?,-,false,-
org.nutz,nutz-plugins-daocache,1.r.67,-,-,?,-,false,-
org.nutz,nutz-plugins-daomapping,1.r.67,-,-,?,-,false,-
org.nutz,nutz-plugins-dict,1.r.67,-,-,?,-,false,-
org.nutz,nutz-plugins-event,1.r.67,-,-,?,-,false,-
org.nutz,nutz-plugins-fiddler,1.r.67,-,-,?,-,false,-
org.nutz,nutz-plugins-hotplug,1.r.67,-,-,?,-,false,-
org.nutz,nutz-plugins-iocloader,1.r.67,-,-,?,-,false,-
org.nutz,nutz-plugins-ip2region,1.r.67,-,-,?,-,false,-
org.nutz,nutz-plugins-jetty-client,1.r.67,-,-,?,-,false,-
org.nutz,nutz-plugins-jqgrid,1.r.67,-,-,?,-,false,-
org.nutz,nutz-plugins-jsonrpc,1.r.67,-,-,?,-,false,-
org.nutz,nutz-plugins-mock,1.r.67,-,-,?,-,false,-
org.nutz,nutz-plugins-mongodb,1.r.67,-,-,?,-,false,-
org.nutz,nutz-plugins-multiview,1.r.67,-,-,?,-,false,-
org.nutz,nutz-plugins-ngrok,1.r.67,-,-,?,-,false,-
org.nutz,nutz-plugins-nop,1.r.67,-,-,?,-,false,-
org.nutz,nutz-plugins-profiler,1.r.67,-,-,?,-,false,-
org.nutz,nutz-plugins-protobuf,1.r.67,-,-,?,-,false,-
org.nutz,nutz-plugins-qrcode,1.r.67,-,-,?,-,false,-
org.nutz,nutz-plugins-sigar,1.r.67,-,-,?,-,false,-
org.nutz,nutz-plugins-slog,1.r.67,-,-,?,-,false,-
org.nutz,nutz-plugins-sqlmanager,1.r.67,-,-,?,-,false,-
org.nutz,nutz-plugins-sqltpl,1.r.67,-,-,?,-,false,-
org.nutz,nutz-plugins-undertow,1.r.67,-,-,?,-,false,-
org.nutz,nutz-plugins-validation,1.r.67,-,-,?,-,false,-
org.nutz,nutz-plugins-views,1.r.67,-,-,?,-,false,-
org.nutz,nutz-plugins-websocket,1.r.67,-,-,?,-,false,-
org.nutz,nutz-plugins-wkcache,1.r.67,-,-,?,-,false,-
org.nutz,nutz-plugins-xmlbind,1.r.67,-,-,?,-,false,-
org.nutz,nutz-plugins-xmlentitymaker,1.r.67,-,-,?,-,false,-
org.nutz,nutz-plugins-zcron,1.r.67,-,-,?,-,false,-
org.nutz,nutz-plugins-zdoc,1.r.67,-,-,?,-,false,-
org.nutz,nutz-web,1.r.67,-,-,?,-,false,-
