groupId,artifactId,version,moduleName,moduleVersion,moduleMode,moduleDependencies,jdepsToolError,jdepsViolations
cn.jiangzeyin.fast-boot,common-boot,1.2.24,-,-,?,-,false,-
cn.jiangzeyin.fast-boot,common-redis,1.2.24,-,-,?,-,false,-
com.roncoo,roncoo-spring-boot-autoconfigure,1.0.6,-,-,?,-,false,-
com.roncoo,roncoo-spring-boot-starter-druid,1.0.6,-,-,?,-,false,-
com.roncoo,roncoo-spring-boot-starter-shiro,1.0.6,-,-,?,-,false,-
com.stellarstation.api,stellarstation-api,0.2.0,-,-,?,-,false,-
io.github.springstudent,GyJdbc,3.1.0,-,-,?,-,false,-
