groupId,artifactId,version,moduleName,moduleVersion,moduleMode,moduleDependencies,jdepsToolError,jdepsViolations
cn.hutool,hutool-all,4.4.0,-,-,?,-,false,-
cn.hutool,hutool-aop,4.4.0,-,-,?,-,false,-
cn.hutool,hutool-bloomFilter,4.4.0,-,-,?,-,false,-
cn.hutool,hutool-cache,4.4.0,-,-,?,-,false,-
cn.hutool,hutool-captcha,4.4.0,-,-,?,-,false,-
cn.hutool,hutool-core,4.4.0,-,-,?,-,false,-
cn.hutool,hutool-cron,4.4.0,-,-,?,-,false,-
cn.hutool,hutool-crypto,4.4.0,-,-,?,-,false,-
cn.hutool,hutool-db,4.4.0,-,-,?,-,false,-
cn.hutool,hutool-dfa,4.4.0,-,-,?,-,false,-
cn.hutool,hutool-extra,4.4.0,-,-,?,-,false,-
cn.hutool,hutool-http,4.4.0,-,-,?,-,false,-
cn.hutool,hutool-json,4.4.0,-,-,?,-,false,-
cn.hutool,hutool-log,4.4.0,-,-,?,-,false,-
cn.hutool,hutool-poi,4.4.0,-,-,?,-,false,-
cn.hutool,hutool-script,4.4.0,-,-,?,-,false,-
cn.hutool,hutool-setting,4.4.0,-,-,?,-,false,-
cn.hutool,hutool-system,4.4.0,-,-,?,-,false,-
com.ekino.oss.jcv,jcv-assertj,1.0.1,-,-,?,-,false,-
com.ekino.oss.jcv,jcv-core,1.0.1,-,-,?,-,false,-
com.ekino.oss.jcv,jcv-hamcrest,1.0.1,-,-,?,-,false,-
com.github.almondtools,rexlex,0.3.1,-,-,?,-,false,-
com.github.basking2,sdsai-itrex,1.1.20,-,-,?,-,false,-
de.julielab,jcore-ace-reader,2.3.10,-,-,?,-,false,-
de.julielab,jcore-acronym-ae,2.3.10,-,-,?,-,false,-
de.julielab,jcore-banner-ae,2.3.10,-,-,?,-,false,-
de.julielab,jcore-biolemmatizer-ae,2.3.10,-,-,?,-,false,-
de.julielab,jcore-bionlpformat-consumer,2.3.10,-,-,?,-,false,-
de.julielab,jcore-bionlpformat-reader,2.3.10,-,-,?,-,false,-
de.julielab,jcore-biosem-ae,2.3.10,-,-,?,-,false,-
de.julielab,jcore-conll-consumer,2.3.10,-,-,?,-,false,-
de.julielab,jcore-coordination-baseline-ae,2.3.10,-,-,?,-,false,-
de.julielab,jcore-db-reader,2.3.10,-,-,?,-,false,-
de.julielab,jcore-dta-reader,2.3.10,-,-,?,-,false,-
de.julielab,jcore-ecn-code-ae,2.3.10,-,-,?,-,false,-
de.julielab,jcore-elasticsearch-consumer,2.3.10,-,-,?,-,false,-
de.julielab,jcore-event-flattener-ae,2.3.10,-,-,?,-,false,-
de.julielab,jcore-feature-value-replacement-ae,2.3.10,-,-,?,-,false,-
de.julielab,jcore-file-reader,2.3.10,-,-,?,-,false,-
de.julielab,jcore-iexml-consumer,2.3.10,-,-,?,-,false,-
de.julielab,jcore-iexml-reader,2.3.10,-,-,?,-,false,-
de.julielab,jcore-ign-reader,2.3.10,-,-,?,-,false,-
de.julielab,jcore-iob-consumer,2.3.10,-,-,?,-,false,-
de.julielab,jcore-jnet-ae,2.3.10,-,-,?,-,false,-
de.julielab,jcore-jpos-ae,2.3.10,-,-,?,-,false,-
de.julielab,jcore-jsbd-ae,2.3.10,-,-,?,-,false,-
de.julielab,jcore-jtbd-ae,2.3.10,-,-,?,-,false,-
de.julielab,jcore-julielab-entity-evaluator-consumer,2.3.10,-,-,?,-,false,-
de.julielab,jcore-likelihood-assignment-ae,2.3.10,-,-,?,-,false,-
de.julielab,jcore-likelihood-detection-ae,2.3.10,-,-,?,-,false,-
de.julielab,jcore-lingpipe-gazetteer-ae,2.3.10,-,-,?,-,false,-
de.julielab,jcore-lingpipe-porterstemmer-ae,2.3.10,-,-,?,-,false,-
de.julielab,jcore-linnaeus-species-ae,2.3.10,-,-,?,-,false,-
de.julielab,jcore-mantra-xml-types,2.3.10,-,-,?,-,false,-
de.julielab,jcore-medxn-ae,2.3.10,-,-,?,-,false,-
de.julielab,jcore-msdoc-reader,2.3.10,-,-,?,-,false,-
de.julielab,jcore-mstparser-ae,2.3.10,-,-,?,-,false,-
de.julielab,jcore-muc7-reader,2.3.10,-,-,?,-,false,-
de.julielab,jcore-opennlp-chunk-ae,2.3.10,-,-,?,-,false,-
de.julielab,jcore-opennlp-parser-ae,2.3.10,-,-,?,-,false,-
de.julielab,jcore-opennlp-postag-ae,2.3.10,-,-,?,-,false,-
de.julielab,jcore-opennlp-sentence-ae,2.3.10,-,-,?,-,false,-
de.julielab,jcore-opennlp-token-ae,2.3.10,-,-,?,-,false,-
de.julielab,jcore-pmc-reader,2.3.10,-,-,?,-,false,-
de.julielab,jcore-pubtator-reader,2.3.10,-,-,?,-,false,-
de.julielab,jcore-stanford-lemmatizer,2.3.10,-,-,?,-,false,-
de.julielab,jcore-topic-indexing-ae,2.3.10,-,-,?,-,false,-
de.julielab,jcore-topics-writer,2.3.10,-,-,?,-,false,-
de.julielab,jcore-txt-consumer,2.3.10,-,-,?,-,false,-
de.julielab,jcore-types,2.3.10,-,-,?,-,false,-
de.julielab,jcore-utilities,2.3.10,-,-,?,-,false,-
de.julielab,jcore-xmi-db-reader,2.3.10,-,-,?,-,false,-
de.julielab,jcore-xmi-db-writer,2.3.10,-,-,?,-,false,-
de.julielab,jcore-xmi-reader,2.3.10,-,-,?,-,false,-
de.julielab,jcore-xmi-writer,2.3.10,-,-,?,-,false,-
de.julielab,jcore-xml-db-reader,2.3.10,-,-,?,-,false,-
de.julielab,jcore-xml-mapper,2.3.10,-,-,?,-,false,-
de.julielab,jcore-xml-reader,2.3.10,-,-,?,-,false,-
net.amygdalum,patternsearchalgorithms,0.1.1,-,-,?,-,false,-
net.amygdalum,regexparser,0.2.2,-,-,?,-,false,-
net.amygdalum,stringsearchalgorithms,0.4.1,-,-,?,-,false,-
nl.praegus,toolchain-fixtures,1.6.2,-,-,?,-,false,-
org.appng,appng-api,1.18.0,-,-,?,-,false,-
org.appng,appng-application-assembly,1.18.0,-,-,?,-,false,-
org.appng,appng-appngizer-jaxb,1.18.0,-,-,?,-,false,-
org.appng,appng-archetype-application,1.18.0,-,-,?,-,false,-
org.appng,appng-camunda,1.18.0,-,-,?,-,false,-
org.appng,appng-cli,1.18.0,-,-,?,-,false,-
org.appng,appng-core,1.18.0,-,-,?,-,false,-
org.appng,appng-documentation,1.18.0,-,-,?,-,false,-
org.appng,appng-forms,1.18.0,-,-,?,-,false,-
org.appng,appng-formtags,1.18.0,-,-,?,-,false,-
org.appng,appng-mail,1.18.0,-,-,?,-,false,-
org.appng,appng-manager,1.14.0,-,-,?,-,false,-
org.appng,appng-maven-plugin,1.18.0,-,-,?,-,false,-
org.appng,appng-persistence,1.18.0,-,-,?,-,false,-
org.appng,appng-rest-api,1.18.0,-,-,?,-,false,-
org.appng,appng-search,1.18.0,-,-,?,-,false,-
org.appng,appng-taglib,1.18.0,-,-,?,-,false,-
org.appng,appng-template-assembly,1.18.0,-,-,?,-,false,-
org.appng,appng-testsupport,1.18.0,-,-,?,-,false,-
org.appng,appng-tomcat7,1.18.0,-,-,?,-,false,-
org.appng,appng-tomcat8,1.18.0,-,-,?,-,false,-
org.appng,appng-tools,1.18.0,-,-,?,-,false,-
org.appng,appng-xmlapi,1.18.0,-,-,?,-,false,-
org.appng.maven,appng-appngizer-maven-plugin,1.18.0,-,-,?,-,false,-
org.tatools,sunshine-core,0.4.2,-,-,?,-,false,-
org.tatools,sunshine-junit4,0.4.2,-,-,?,-,false,-
org.tatools,sunshine-testng,0.4.2,-,-,?,-,false,-
org.zalando,logbook-api,1.12.0,-,-,?,-,false,-
org.zalando,logbook-core,1.12.0,-,-,?,-,false,-
org.zalando,logbook-httpclient,1.12.0,-,-,?,-,false,-
org.zalando,logbook-jaxrs,1.12.0,-,-,?,-,false,-
org.zalando,logbook-okhttp,1.12.0,-,-,?,-,false,-
org.zalando,logbook-okhttp2,1.12.0,-,-,?,-,false,-
org.zalando,logbook-servlet,1.12.0,-,-,?,-,false,-
org.zalando,logbook-spring-boot-starter,1.12.0,-,-,?,-,false,-
org.zalando,logbook-test,1.12.0,-,-,?,-,false,-
