groupId,artifactId,version,moduleName,moduleVersion,moduleMode,moduleDependencies,jdepsToolError,jdepsViolations
cn.icuter,jsql,1.0.0,-,-,?,-,false,-
com.github.marcoferrer.krotoplus,kroto-plus-coroutines,0.2.2-RC1,-,-,?,-,false,-
com.github.marcoferrer.krotoplus,kroto-plus-test,0.2.2-RC1,-,-,?,-,false,-
com.github.marcoferrer.krotoplus,protoc-gen-kroto-plus,0.2.2-RC1,-,-,?,-,false,-
com.haoxuer.discover,discover-weibo,2.0.5,-,-,?,-,false,-
com.liferay,com.liferay.gradle.plugins,3.12.49,-,-,?,-,false,-
com.liferay,com.liferay.gradle.plugins.defaults,5.5.98,-,-,?,-,false,-
com.liferay,com.liferay.gradle.plugins.source.formatter,2.3.256,-,-,?,-,false,-
com.liferay,com.liferay.source.formatter,1.0.656,-,-,?,-,false,-
org.keycloak,kcinit,4.8.2.Final,java.json.bind,-,explicit,java.base + java.json + java.logging,false,-
org.keycloak,keycloak-adapter-core,4.8.2.Final,-,-,?,-,false,-
org.keycloak,keycloak-adapter-spi,4.8.2.Final,-,-,?,-,false,-
org.keycloak,keycloak-admin-cli,4.8.2.Final,-,-,?,-,false,-
org.keycloak,keycloak-admin-client,4.8.2.Final,-,-,?,-,false,-
org.keycloak,keycloak-as7-adapter,4.8.2.Final,-,-,?,-,false,-
org.keycloak,keycloak-as7-adapter-spi,4.8.2.Final,-,-,?,-,false,-
org.keycloak,keycloak-as7-subsystem,4.8.2.Final,-,-,?,-,false,-
org.keycloak,keycloak-authz-client,4.8.2.Final,-,-,?,-,false,-
org.keycloak,keycloak-authz-policy-common,4.8.2.Final,-,-,?,-,false,-
org.keycloak,keycloak-authz-policy-drools,4.8.2.Final,-,-,?,-,false,-
org.keycloak,keycloak-camel-undertow,4.8.2.Final,-,-,?,-,false,-
org.keycloak,keycloak-client-registration-api,4.8.2.Final,-,-,?,-,false,-
org.keycloak,keycloak-client-registration-cli,4.8.2.Final,-,-,?,-,false,-
org.keycloak,keycloak-common,4.8.2.Final,-,-,?,-,false,-
org.keycloak,keycloak-core,4.8.2.Final,-,-,?,-,false,-
org.keycloak,keycloak-distribution-licenses-common,4.8.2.Final,-,-,?,-,false,-
org.keycloak,keycloak-distribution-licenses-maven-plugin,4.8.2.Final,-,-,?,-,false,-
org.keycloak,keycloak-installed-adapter,4.8.2.Final,-,-,?,-,false,-
org.keycloak,keycloak-jaxrs-oauth-client,4.8.2.Final,-,-,?,-,false,-
org.keycloak,keycloak-jboss-adapter-core,4.8.2.Final,-,-,?,-,false,-
org.keycloak,keycloak-jetty81-adapter,4.8.2.Final,-,-,?,-,false,-
org.keycloak,keycloak-jetty91-adapter,4.8.2.Final,-,-,?,-,false,-
org.keycloak,keycloak-jetty92-adapter,4.8.2.Final,-,-,?,-,false,-
org.keycloak,keycloak-jetty93-adapter,4.8.2.Final,-,-,?,-,false,-
org.keycloak,keycloak-jetty94-adapter,4.8.2.Final,-,-,?,-,false,-
org.keycloak,keycloak-jetty-adapter-spi,4.8.2.Final,-,-,?,-,false,-
org.keycloak,keycloak-jetty-core,4.8.2.Final,-,-,?,-,false,-
org.keycloak,keycloak-js-adapter,4.8.2.Final,-,-,?,-,false,-
org.keycloak,keycloak-kerberos-federation,4.8.2.Final,-,-,?,-,false,-
org.keycloak,keycloak-ldap-federation,4.8.2.Final,-,-,?,-,false,-
org.keycloak,keycloak-legacy-spring-boot-starter,4.8.2.Final,-,-,?,-,false,-
org.keycloak,keycloak-model-infinispan,4.8.2.Final,-,-,?,-,false,-
org.keycloak,keycloak-model-jpa,4.8.2.Final,-,-,?,-,false,-
org.keycloak,keycloak-osgi-adapter,4.8.2.Final,-,-,?,-,false,-
org.keycloak,keycloak-osgi-features,4.8.2.Final,-,-,?,-,false,-
org.keycloak,keycloak-osgi-jaas,4.8.2.Final,-,-,?,-,false,-
org.keycloak,keycloak-pax-web-jetty94,4.8.2.Final,-,-,?,-,false,-
org.keycloak,keycloak-pax-web-tomcat8,4.8.2.Final,-,-,?,-,false,-
org.keycloak,keycloak-pax-web-undertow,4.8.2.Final,-,-,?,-,false,-
org.keycloak,keycloak-proxy-server,4.8.2.Final,-,-,?,-,false,-
org.keycloak,keycloak-saml-adapter-api-public,4.8.2.Final,-,-,?,-,false,-
org.keycloak,keycloak-saml-adapter-core,4.8.2.Final,-,-,?,-,false,-
org.keycloak,keycloak-saml-as7-adapter,4.8.2.Final,-,-,?,-,false,-
org.keycloak,keycloak-saml-as7-subsystem,4.8.2.Final,-,-,?,-,false,-
org.keycloak,keycloak-saml-core,4.8.2.Final,-,-,?,-,false,-
org.keycloak,keycloak-saml-core-public,4.8.2.Final,-,-,?,-,false,-
org.keycloak,keycloak-saml-jetty81-adapter,4.8.2.Final,-,-,?,-,false,-
org.keycloak,keycloak-saml-jetty91-adapter,4.8.2.Final,-,-,?,-,false,-
org.keycloak,keycloak-saml-jetty92-adapter,4.8.2.Final,-,-,?,-,false,-
org.keycloak,keycloak-saml-jetty93-adapter,4.8.2.Final,-,-,?,-,false,-
org.keycloak,keycloak-saml-jetty94-adapter,4.8.2.Final,-,-,?,-,false,-
org.keycloak,keycloak-saml-jetty-adapter-core,4.8.2.Final,-,-,?,-,false,-
org.keycloak,keycloak-saml-servlet-filter-adapter,4.8.2.Final,-,-,?,-,false,-
org.keycloak,keycloak-saml-tomcat6-adapter,4.8.2.Final,-,-,?,-,false,-
org.keycloak,keycloak-saml-tomcat7-adapter,4.8.2.Final,-,-,?,-,false,-
org.keycloak,keycloak-saml-tomcat8-adapter,4.8.2.Final,-,-,?,-,false,-
org.keycloak,keycloak-saml-tomcat-adapter-core,4.8.2.Final,-,-,?,-,false,-
org.keycloak,keycloak-saml-undertow-adapter,4.8.2.Final,-,-,?,-,false,-
org.keycloak,keycloak-saml-wildfly-adapter,4.8.2.Final,-,-,?,-,false,-
org.keycloak,keycloak-saml-wildfly-elytron-adapter,4.8.2.Final,-,-,?,-,false,-
org.keycloak,keycloak-saml-wildfly-subsystem,4.8.2.Final,-,-,?,-,false,-
org.keycloak,keycloak-server-spi,4.8.2.Final,-,-,?,-,false,-
org.keycloak,keycloak-server-spi-private,4.8.2.Final,-,-,?,-,false,-
org.keycloak,keycloak-services,4.8.2.Final,-,-,?,-,false,-
org.keycloak,keycloak-servlet-adapter-spi,4.8.2.Final,-,-,?,-,false,-
org.keycloak,keycloak-servlet-filter-adapter,4.8.2.Final,-,-,?,-,false,-
org.keycloak,keycloak-servlet-oauth-client,4.8.2.Final,-,-,?,-,false,-
org.keycloak,keycloak-spring-boot-2-adapter,4.8.2.Final,-,-,?,-,false,-
org.keycloak,keycloak-spring-boot-adapter,4.8.2.Final,-,-,?,-,false,-
org.keycloak,keycloak-spring-boot-adapter-core,4.8.2.Final,-,-,?,-,false,-
org.keycloak,keycloak-spring-boot-starter,4.8.2.Final,-,-,?,-,false,-
org.keycloak,keycloak-spring-security-adapter,4.8.2.Final,-,-,?,-,false,-
org.keycloak,keycloak-sssd-federation,4.8.2.Final,-,-,?,-,false,-
org.keycloak,keycloak-test-helper,4.8.2.Final,-,-,?,-,false,-
org.keycloak,keycloak-themes,4.8.2.Final,-,-,?,-,false,-
org.keycloak,keycloak-tomcat6-adapter,4.8.2.Final,-,-,?,-,false,-
org.keycloak,keycloak-tomcat7-adapter,4.8.2.Final,-,-,?,-,false,-
org.keycloak,keycloak-tomcat8-adapter,4.8.2.Final,-,-,?,-,false,-
org.keycloak,keycloak-tomcat-adapter-spi,4.8.2.Final,-,-,?,-,false,-
org.keycloak,keycloak-tomcat-core-adapter,4.8.2.Final,-,-,?,-,false,-
org.keycloak,keycloak-undertow-adapter,4.8.2.Final,-,-,?,-,false,-
org.keycloak,keycloak-undertow-adapter-spi,4.8.2.Final,-,-,?,-,false,-
org.keycloak,keycloak-util-embedded-ldap,4.8.2.Final,-,-,?,-,false,-
org.keycloak,keycloak-wf8-subsystem,4.8.2.Final,-,-,?,-,false,-
org.keycloak,keycloak-wildfly-adapter,4.8.2.Final,-,-,?,-,false,-
org.keycloak,keycloak-wildfly-adduser,4.8.2.Final,-,-,?,-,false,-
org.keycloak,keycloak-wildfly-elytron-oidc-adapter,4.8.2.Final,-,-,?,-,false,-
org.keycloak,keycloak-wildfly-extensions,4.8.2.Final,-,-,?,-,false,-
org.keycloak,keycloak-wildfly-server-subsystem,4.8.2.Final,-,-,?,-,false,-
org.keycloak,keycloak-wildfly-subsystem,4.8.2.Final,-,-,?,-,false,-
org.keycloak,launcher,4.8.2.Final,-,-,?,-,false,-
org.keycloak,spring-boot-container-bundle,4.8.2.Final,-,-,?,-,false,-
org.keycloak.testsuite,integration-arquillian-test-apps-dist,4.8.2.Final,-,-,?,-,false,-
