groupId,artifactId,version,moduleName,moduleVersion,moduleMode,moduleDependencies,jdepsToolError,jdepsViolations
com.baomidou,dynamic-datasource-spring-boot-starter,2.5.0,-,-,?,-,false,-
com.github.timofeevda.jstressy,jstressy-api,1.0.11,-,-,?,-,false,-
com.github.timofeevda.jstressy,jstressy-config,1.0.11,-,-,?,-,false,-
com.github.timofeevda.jstressy,jstressy-cookiesession,1.0.11,-,-,?,-,false,-
com.github.timofeevda.jstressy,jstressy-dummy-scenario-java,1.0.11,-,-,?,-,false,-
com.github.timofeevda.jstressy,jstressy-dummy-scenario-kotlin,1.0.11,-,-,?,-,false,-
com.github.timofeevda.jstressy,jstressy-dummy-scenario-scala,1.0.11,-,-,?,-,false,-
com.github.timofeevda.jstressy,jstressy-httpclient,1.0.11,-,-,?,-,false,-
com.github.timofeevda.jstressy,jstressy-httprequest,1.0.11,-,-,?,-,false,-
com.github.timofeevda.jstressy,jstressy-httpsession,1.0.11,-,-,?,-,false,-
com.github.timofeevda.jstressy,jstressy-logger,1.0.11,-,-,?,-,false,-
com.github.timofeevda.jstressy,jstressy-maven-plugin,1.0.11,-,-,?,-,false,-
com.github.timofeevda.jstressy,jstressy-metrics-micrometer,1.0.11,-,-,?,-,false,sun.misc.Unsafe                          See http://openjdk.java.net/jeps/260
com.github.timofeevda.jstressy,jstressy-scenario-registry,1.0.11,-,-,?,-,false,-
com.github.timofeevda.jstressy,jstressy-scheduler,1.0.11,-,-,?,-,false,-
com.github.timofeevda.jstressy,jstressy-utils,1.0.11,-,-,?,-,false,-
com.github.timofeevda.jstressy,jstressy-vertx,1.0.11,-,-,?,-,false,-
com.github.timofeevda.jstressy,jstressy-vertx-metrics,1.0.11,-,-,?,-,false,-
com.github.timofeevda.jstressy,jstressy-websocket-utils,1.0.11,-,-,?,-,false,-
com.snowplowanalytics,scala-referer-parser_2.11,0.5.0,-,-,?,-,false,-
com.snowplowanalytics,scala-referer-parser_2.12,0.5.0,-,-,?,-,false,-
com.surenpi.autotest,autotest.web.framework.archetype,2.0.2,-,-,?,-,false,-
com.typesafe.play,play-omnidoc_2.11,2.7.0-RC8,-,-,?,-,false,-
com.typesafe.play,play-omnidoc_2.12,2.7.0-RC8,-,-,?,-,false,-
de.hbt.propertyname,propertyname,1.0.1,-,-,?,-,false,-
enterprises.orbital.eve.esi,client,1.0.0.20190108,-,-,?,-,false,-
io.github.msantarsiere,dado,0.13,-,-,?,-,false,-
io.github.scalapb-json,scalapb-json-common_2.11,0.4.1,-,-,?,-,false,-
io.github.scalapb-json,scalapb-json-common_2.12,0.4.1,-,-,?,-,false,-
io.github.scalapb-json,scalapb-json-common_native0.3_2.11,0.4.1,-,-,?,-,false,-
io.github.scalapb-json,scalapb-json-common_sjs0.6_2.11,0.4.1,-,-,?,-,false,-
io.github.scalapb-json,scalapb-json-common_sjs0.6_2.12,0.4.1,-,-,?,-,false,-
io.github.scalapb-json,scalapb-json-macros_2.11,0.4.1,-,-,?,-,false,-
io.github.scalapb-json,scalapb-json-macros_2.12,0.4.1,-,-,?,-,false,-
io.github.scalapb-json,scalapb-json-macros-java_2.11,0.4.1,-,-,?,-,false,-
io.github.scalapb-json,scalapb-json-macros-java_2.12,0.4.1,-,-,?,-,false,-
io.github.scalapb-json,scalapb-playjson_2.11,0.9.1,-,-,?,-,false,-
io.github.scalapb-json,scalapb-playjson_2.12,0.9.1,-,-,?,-,false,-
io.github.scalapb-json,scalapb-playjson-macros_2.11,0.9.1,-,-,?,-,false,-
io.github.scalapb-json,scalapb-playjson-macros_2.12,0.9.1,-,-,?,-,false,-
io.github.scalapb-json,scalapb-playjson_sjs0.6_2.11,0.9.1,-,-,?,-,false,-
io.github.scalapb-json,scalapb-playjson_sjs0.6_2.12,0.9.1,-,-,?,-,false,-
io.projectreactor.addons,reactor-adapter,3.2.2.RELEASE,-,-,?,-,false,-
io.projectreactor.addons,reactor-extra,3.2.2.RELEASE,-,-,?,-,false,-
io.projectreactor.addons,reactor-logback,3.2.2.RELEASE,-,-,?,-,false,-
link.bek.tools,issue-keeper-base,2.6.0,-,-,?,-,false,-
link.bek.tools,issue-keeper-junit,4.12.5,-,-,?,-,false,-
net.callumtaylor,geogson,2.0,-,-,?,-,false,-
net.skobow,oauth2-restclient,0.3.0,-,-,?,-,false,-
net.skobow,oauth2-restclient-spring-boot-autoconfigure,0.3.0,-,-,?,-,false,-
net.skobow,oauth2-restclient-spring-boot-starter,0.3.0,-,-,?,-,false,-
net.worcade,api-client,1.1.0,-,-,?,-,false,-
net.worcade,api-client-jersey,1.1.0,-,-,?,-,false,-
org.scanamo,scanamo_2.11,1.0.0-M9,-,-,?,-,false,-
org.scanamo,scanamo_2.12,1.0.0-M9,-,-,?,-,false,-
org.scanamo,scanamo-alpakka_2.11,1.0.0-M9,-,-,?,-,false,-
org.scanamo,scanamo-alpakka_2.12,1.0.0-M9,-,-,?,-,false,-
org.scanamo,scanamo-cats-effect_2.11,1.0.0-M9,-,-,?,-,false,-
org.scanamo,scanamo-cats-effect_2.12,1.0.0-M9,-,-,?,-,false,-
org.scanamo,scanamo-formats_2.11,1.0.0-M9,-,-,?,-,false,-
org.scanamo,scanamo-formats_2.12,1.0.0-M9,-,-,?,-,false,-
org.scanamo,scanamo-joda_2.11,1.0.0-M9,-,-,?,-,false,-
org.scanamo,scanamo-joda_2.12,1.0.0-M9,-,-,?,-,false,-
org.scanamo,scanamo-refined_2.11,1.0.0-M9,-,-,?,-,false,-
org.scanamo,scanamo-refined_2.12,1.0.0-M9,-,-,?,-,false,-
org.scanamo,scanamo-scalaz_2.11,1.0.0-M9,-,-,?,-,false,-
org.scanamo,scanamo-scalaz_2.12,1.0.0-M9,-,-,?,-,false,-
org.scanamo,scanamo-scalaz-zio_2.11,1.0.0-M9,-,-,?,-,false,-
org.scanamo,scanamo-scalaz-zio_2.12,1.0.0-M9,-,-,?,-,false,-
org.scanamo,scanamo-testkit_2.11,1.0.0-M9,-,-,?,-,false,-
org.scanamo,scanamo-testkit_2.12,1.0.0-M9,-,-,?,-,false,-
org.scanamo,scanamo-time_2.11,1.0.0-M9,-,-,?,-,false,-
org.scanamo,scanamo-time_2.12,1.0.0-M9,-,-,?,-,false,-
