groupId,artifactId,version,moduleName,moduleVersion,moduleMode,moduleDependencies,jdepsToolError,jdepsViolations
com.amazon.alexa,ask-sdk-model,1.11.2,-,-,?,-,false,-
com.github.lisdocument,ms-io,1.0.0,-,-,?,-,false,-
com.google.api.grpc,grpc-google-cloud-asset-v1beta1,0.41.0,-,-,?,-,false,-
com.google.api.grpc,grpc-google-cloud-automl-v1beta1,0.41.0,-,-,?,-,false,-
com.google.api.grpc,grpc-google-cloud-bigquerydatatransfer-v1,0.41.0,-,-,?,-,false,-
com.google.api.grpc,grpc-google-cloud-bigquerystorage-v1beta1,0.41.0,-,-,?,-,false,-
com.google.api.grpc,grpc-google-cloud-bigtable-admin-v2,0.41.0,-,-,?,-,false,-
com.google.api.grpc,grpc-google-cloud-bigtable-v2,0.41.0,-,-,?,-,false,-
com.google.api.grpc,grpc-google-cloud-containeranalysis-v1beta1,0.41.0,-,-,?,-,false,-
com.google.api.grpc,grpc-google-cloud-container-v1,0.41.0,-,-,?,-,false,-
com.google.api.grpc,grpc-google-cloud-dataproc-v1,0.41.0,-,-,?,-,false,-
com.google.api.grpc,grpc-google-cloud-dataproc-v1beta2,0.41.0,-,-,?,-,false,-
com.google.api.grpc,grpc-google-cloud-dialogflow-v2,0.41.0,-,-,?,-,false,-
com.google.api.grpc,grpc-google-cloud-dialogflow-v2beta1,0.41.0,-,-,?,-,false,-
com.google.api.grpc,grpc-google-cloud-dlp-v2,0.41.0,-,-,?,-,false,-
com.google.api.grpc,grpc-google-cloud-error-reporting-v1beta1,0.41.0,-,-,?,-,false,-
com.google.api.grpc,grpc-google-cloud-firestore-v1beta1,0.41.0,-,-,?,-,false,-
com.google.api.grpc,grpc-google-cloud-iamcredentials-v1,0.3.0-alpha,-,-,?,-,false,-
com.google.api.grpc,grpc-google-cloud-iot-v1,0.41.0,-,-,?,-,false,-
com.google.api.grpc,grpc-google-cloud-kms-v1,0.41.0,-,-,?,-,false,-
com.google.api.grpc,grpc-google-cloud-language-v1,1.40.0,-,-,?,-,false,-
com.google.api.grpc,grpc-google-cloud-language-v1beta2,0.41.0,-,-,?,-,false,-
com.google.api.grpc,grpc-google-cloud-logging-v2,0.41.0,-,-,?,-,false,-
com.google.api.grpc,grpc-google-cloud-monitoring-v3,1.40.0,-,-,?,-,false,-
com.google.api.grpc,grpc-google-cloud-os-login-v1,0.41.0,-,-,?,-,false,-
com.google.api.grpc,grpc-google-cloud-pubsub-v1,1.40.0,-,-,?,-,false,-
com.google.api.grpc,grpc-google-cloud-redis-v1,0.41.0,-,-,?,-,false,-
com.google.api.grpc,grpc-google-cloud-redis-v1beta1,0.41.0,-,-,?,-,false,-
com.google.api.grpc,grpc-google-cloud-scheduler-v1beta1,0.41.0,-,-,?,-,false,-
com.google.api.grpc,grpc-google-cloud-securitycenter-v1beta1,0.41.0,-,-,?,-,false,-
com.google.api.grpc,grpc-google-cloud-spanner-admin-database-v1,1.3.0,-,-,?,-,false,-
com.google.api.grpc,grpc-google-cloud-spanner-admin-instance-v1,1.3.0,-,-,?,-,false,-
com.google.api.grpc,grpc-google-cloud-spanner-v1,1.3.0,-,-,?,-,false,-
com.google.api.grpc,grpc-google-cloud-speech-v1,0.41.0,-,-,?,-,false,-
com.google.api.grpc,grpc-google-cloud-speech-v1beta1,0.41.0,-,-,?,-,false,-
com.google.api.grpc,grpc-google-cloud-speech-v1p1beta1,0.41.0,-,-,?,-,false,-
com.google.api.grpc,grpc-google-cloud-tasks-v2beta2,0.41.0,-,-,?,-,false,-
com.google.api.grpc,grpc-google-cloud-tasks-v2beta3,0.41.0,-,-,?,-,false,-
com.google.api.grpc,grpc-google-cloud-texttospeech-v1,0.41.0,-,-,?,-,false,-
com.google.api.grpc,grpc-google-cloud-texttospeech-v1beta1,0.41.0,-,-,?,-,false,-
com.google.api.grpc,grpc-google-cloud-trace-v1,0.41.0,-,-,?,-,false,-
com.google.api.grpc,grpc-google-cloud-trace-v2,0.41.0,-,-,?,-,false,-
com.google.api.grpc,grpc-google-cloud-video-intelligence-v1,0.41.0,-,-,?,-,false,-
com.google.api.grpc,grpc-google-cloud-video-intelligence-v1beta1,0.41.0,-,-,?,-,false,-
com.google.api.grpc,grpc-google-cloud-video-intelligence-v1beta2,0.41.0,-,-,?,-,false,-
com.google.api.grpc,grpc-google-cloud-video-intelligence-v1p1beta1,0.41.0,-,-,?,-,false,-
com.google.api.grpc,grpc-google-cloud-video-intelligence-v1p2beta1,0.41.0,-,-,?,-,false,-
com.google.api.grpc,grpc-google-cloud-vision-v1,1.40.0,-,-,?,-,false,-
com.google.api.grpc,grpc-google-cloud-vision-v1p1beta1,0.41.0,-,-,?,-,false,-
com.google.api.grpc,grpc-google-cloud-vision-v1p2beta1,1.40.0,-,-,?,-,false,-
com.google.api.grpc,grpc-google-cloud-vision-v1p3beta1,0.41.0,-,-,?,-,false,-
com.google.api.grpc,grpc-google-cloud-websecurityscanner-v1alpha,0.41.0,-,-,?,-,false,-
com.google.api.grpc,proto-google-cloud-asset-v1beta1,0.41.0,-,-,?,-,false,-
com.google.api.grpc,proto-google-cloud-automl-v1beta1,0.41.0,-,-,?,-,false,-
com.google.api.grpc,proto-google-cloud-bigquerydatatransfer-v1,0.41.0,-,-,?,-,false,-
com.google.api.grpc,proto-google-cloud-bigquerystorage-v1beta1,0.41.0,-,-,?,-,false,-
com.google.api.grpc,proto-google-cloud-bigtable-admin-v2,0.41.0,-,-,?,-,false,-
com.google.api.grpc,proto-google-cloud-bigtable-v2,0.41.0,-,-,?,-,false,-
com.google.api.grpc,proto-google-cloud-containeranalysis-v1beta1,0.41.0,-,-,?,-,false,-
com.google.api.grpc,proto-google-cloud-container-v1,0.41.0,-,-,?,-,false,-
com.google.api.grpc,proto-google-cloud-dataproc-v1,0.41.0,-,-,?,-,false,-
com.google.api.grpc,proto-google-cloud-dataproc-v1beta2,0.41.0,-,-,?,-,false,-
com.google.api.grpc,proto-google-cloud-datastore-v1,0.41.0,-,-,?,-,false,-
com.google.api.grpc,proto-google-cloud-dialogflow-v2,0.41.0,-,-,?,-,false,-
com.google.api.grpc,proto-google-cloud-dialogflow-v2beta1,0.41.0,-,-,?,-,false,-
com.google.api.grpc,proto-google-cloud-dlp-v2,0.41.0,-,-,?,-,false,-
com.google.api.grpc,proto-google-cloud-error-reporting-v1beta1,0.41.0,-,-,?,-,false,-
com.google.api.grpc,proto-google-cloud-firestore-v1beta1,0.41.0,-,-,?,-,false,-
com.google.api.grpc,proto-google-cloud-iamcredentials-v1,0.3.0-alpha,-,-,?,-,false,-
com.google.api.grpc,proto-google-cloud-iot-v1,0.41.0,-,-,?,-,false,-
com.google.api.grpc,proto-google-cloud-kms-v1,0.41.0,-,-,?,-,false,-
com.google.api.grpc,proto-google-cloud-language-v1,1.40.0,-,-,?,-,false,-
com.google.api.grpc,proto-google-cloud-language-v1beta2,0.41.0,-,-,?,-,false,-
com.google.api.grpc,proto-google-cloud-logging-v2,0.41.0,-,-,?,-,false,-
com.google.api.grpc,proto-google-cloud-monitoring-v3,1.40.0,-,-,?,-,false,-
com.google.api.grpc,proto-google-cloud-os-login-v1,0.41.0,-,-,?,-,false,-
com.google.api.grpc,proto-google-cloud-pubsub-v1,1.40.0,-,-,?,-,false,-
com.google.api.grpc,proto-google-cloud-redis-v1,0.41.0,-,-,?,-,false,-
com.google.api.grpc,proto-google-cloud-redis-v1beta1,0.41.0,-,-,?,-,false,-
com.google.api.grpc,proto-google-cloud-scheduler-v1beta1,0.41.0,-,-,?,-,false,-
com.google.api.grpc,proto-google-cloud-securitycenter-v1beta1,0.41.0,-,-,?,-,false,-
com.google.api.grpc,proto-google-cloud-spanner-admin-database-v1,1.3.0,-,-,?,-,false,-
com.google.api.grpc,proto-google-cloud-spanner-admin-instance-v1,1.3.0,-,-,?,-,false,-
com.google.api.grpc,proto-google-cloud-spanner-v1,1.3.0,-,-,?,-,false,-
com.google.api.grpc,proto-google-cloud-speech-v1,0.41.0,-,-,?,-,false,-
com.google.api.grpc,proto-google-cloud-speech-v1beta1,0.41.0,-,-,?,-,false,-
com.google.api.grpc,proto-google-cloud-speech-v1p1beta1,0.41.0,-,-,?,-,false,-
com.google.api.grpc,proto-google-cloud-tasks-v2beta2,0.41.0,-,-,?,-,false,-
com.google.api.grpc,proto-google-cloud-tasks-v2beta3,0.41.0,-,-,?,-,false,-
com.google.api.grpc,proto-google-cloud-texttospeech-v1,0.41.0,-,-,?,-,false,-
com.google.api.grpc,proto-google-cloud-texttospeech-v1beta1,0.41.0,-,-,?,-,false,-
com.google.api.grpc,proto-google-cloud-trace-v1,0.41.0,-,-,?,-,false,-
com.google.api.grpc,proto-google-cloud-trace-v2,0.41.0,-,-,?,-,false,-
com.google.api.grpc,proto-google-cloud-video-intelligence-v1,0.41.0,-,-,?,-,false,-
com.google.api.grpc,proto-google-cloud-video-intelligence-v1beta1,0.41.0,-,-,?,-,false,-
com.google.api.grpc,proto-google-cloud-video-intelligence-v1beta2,0.41.0,-,-,?,-,false,-
com.google.api.grpc,proto-google-cloud-video-intelligence-v1p1beta1,0.41.0,-,-,?,-,false,-
com.google.api.grpc,proto-google-cloud-video-intelligence-v1p2beta1,0.41.0,-,-,?,-,false,-
com.google.api.grpc,proto-google-cloud-vision-v1,1.40.0,-,-,?,-,false,-
com.google.api.grpc,proto-google-cloud-vision-v1p1beta1,0.41.0,-,-,?,-,false,-
com.google.api.grpc,proto-google-cloud-vision-v1p2beta1,1.40.0,-,-,?,-,false,-
com.google.api.grpc,proto-google-cloud-vision-v1p3beta1,0.41.0,-,-,?,-,false,-
com.google.api.grpc,proto-google-cloud-websecurityscanner-v1alpha,0.41.0,-,-,?,-,false,-
com.google.cloud,google-cloud-asset,0.76.0-beta,-,-,?,-,false,-
com.google.cloud,google-cloud-automl,0.76.0-beta,-,-,?,-,false,-
com.google.cloud,google-cloud-bigquery,1.58.0,-,-,?,-,false,-
com.google.cloud,google-cloud-bigquerydatatransfer,0.76.0-beta,-,-,?,-,false,-
com.google.cloud,google-cloud-bigquerystorage,0.76.0-alpha,-,-,?,-,false,-
com.google.cloud,google-cloud-bigtable,0.76.0-alpha,-,-,?,-,false,-
com.google.cloud,google-cloud-bigtable-admin,0.76.0-alpha,-,-,?,-,false,-
com.google.cloud,google-cloud-bigtable-emulator,0.76.0-alpha,-,-,?,-,false,-
com.google.cloud,google-cloud-compute,0.76.0-alpha,-,-,?,-,false,-
com.google.cloud,google-cloud-container,0.76.0-beta,-,-,?,-,false,-
com.google.cloud,google-cloud-containeranalysis,0.76.0-beta,-,-,?,-,false,-
com.google.cloud,google-cloud-core,1.58.0,-,-,?,-,false,-
com.google.cloud,google-cloud-core-grpc,1.58.0,-,-,?,-,false,-
com.google.cloud,google-cloud-core-http,1.58.0,-,-,?,-,false,-
com.google.cloud,google-cloud-dataproc,0.76.0-alpha,-,-,?,-,false,-
com.google.cloud,google-cloud-datastore,1.58.0,-,-,?,-,false,-
com.google.cloud,google-cloud-dialogflow,0.76.0-alpha,-,-,?,-,false,-
com.google.cloud,google-cloud-dlp,0.76.0-beta,-,-,?,-,false,-
com.google.cloud,google-cloud-dns,0.76.0-alpha,-,-,?,-,false,-
com.google.cloud,google-cloud-errorreporting,0.76.0-beta,-,-,?,-,false,-
com.google.cloud,google-cloud-firestore,0.76.0-beta,-,-,?,-,false,-
com.google.cloud,google-cloud-iamcredentials,0.3.0-alpha,-,-,?,-,false,-
com.google.cloud,google-cloud-iot,0.76.0-beta,-,-,?,-,false,-
com.google.cloud,google-cloud-kms,0.76.0-beta,-,-,?,-,false,-
com.google.cloud,google-cloud-language,1.58.0,-,-,?,-,false,-
com.google.cloud,google-cloud-logging,1.58.0,-,-,?,-,false,-
com.google.cloud,google-cloud-logging-logback,0.76.0-alpha,-,-,?,-,false,-
com.google.cloud,google-cloud-monitoring,1.58.0,-,-,?,-,false,-
com.google.cloud,google-cloud-nio,0.76.0-alpha,-,-,?,-,false,-
com.google.cloud,google-cloud-nio-examples,0.76.0-alpha,-,-,?,-,false,-
com.google.cloud,google-cloud-notification,0.76.0-beta,-,-,?,-,false,-
com.google.cloud,google-cloud-os-login,0.76.0-alpha,-,-,?,-,false,-
com.google.cloud,google-cloud-pubsub,1.58.0,-,-,?,-,false,-
com.google.cloud,google-cloud-redis,0.76.0-alpha,-,-,?,-,false,-
com.google.cloud,google-cloud-resourcemanager,0.76.0-alpha,-,-,?,-,false,-
com.google.cloud,google-cloud-scheduler,0.76.0-alpha,-,-,?,-,false,-
com.google.cloud,google-cloud-securitycenter,0.76.0-alpha,-,-,?,-,false,-
com.google.cloud,google-cloud-spanner,1.3.0,-,-,?,-,false,-
com.google.cloud,google-cloud-speech,0.76.0-beta,-,-,?,-,false,-
com.google.cloud,google-cloud-storage,1.58.0,-,-,?,-,false,-
com.google.cloud,google-cloud-tasks,0.76.0-beta,-,-,?,-,false,-
com.google.cloud,google-cloud-texttospeech,0.76.0-beta,-,-,?,-,false,-
com.google.cloud,google-cloud-trace,0.76.0-beta,-,-,?,-,false,-
com.google.cloud,google-cloud-translate,1.58.0,-,-,?,-,false,-
com.google.cloud,google-cloud-video-intelligence,0.76.0-beta,-,-,?,-,false,-
com.google.cloud,google-cloud-vision,1.58.0,-,-,?,-,false,-
com.google.cloud,google-cloud-websecurityscanner,0.76.0-alpha,-,-,?,-,false,-
com.itranswarp,warpdb,4.1,-,-,?,-,false,-
org.onosproject,onlab-junit,2.0.0-rc2,-,-,?,-,false,-
org.onosproject,onlab-misc,2.0.0-rc2,-,-,?,-,false,-
org.onosproject,onlab-osgi,2.0.0-rc2,-,-,?,-,false,-
org.onosproject,onlab-rest,2.0.0-rc2,-,-,?,-,false,-
org.onosproject,onos-api,2.0.0-rc2,-,-,?,-,false,-
org.onosproject,onos-apps-intentsync,2.0.0-rc2,-,-,?,-,false,-
org.onosproject,onos-apps-newoptical,2.0.0-rc2,-,-,?,-,false,-
org.onosproject,onos-apps-optical-model,2.0.0-rc2,-,-,?,-,false,-
org.onosproject,onos-apps-restconf-api,2.0.0-rc2,-,-,?,-,false,-
org.onosproject,onos-apps-route-service-api,2.0.0-rc2,-,-,?,-,false,-
org.onosproject,onos-apps-routing-api,2.0.0-rc2,-,-,?,-,false,-
org.onosproject,onos-cli,2.0.0-rc2,-,-,?,-,false,-
org.onosproject,onos-core-common,2.0.0-rc2,-,-,?,-,false,-
org.onosproject,onos-core-dist,2.0.0-rc2,-,-,?,-,false,-
org.onosproject,onos-core-net,2.0.0-rc2,-,-,?,-,false,-
org.onosproject,onos-core-persistence,2.0.0-rc2,-,-,?,-,false,-
org.onosproject,onos-core-serializers,2.0.0-rc2,-,-,?,-,false,-
org.onosproject,onos-drivers-default,2.0.0-rc2,-,-,?,-,false,-
org.onosproject,onos-drivers-netconf,2.0.0-rc2,-,-,?,-,false,-
org.onosproject,onos-drivers-utilities,2.0.0-rc2,-,-,?,-,false,-
org.onosproject,onos-protocols-bgp-api,2.0.0-rc2,-,-,?,-,false,-
org.onosproject,onos-protocols-bgp-bgpio,2.0.0-rc2,-,-,?,-,false,-
org.onosproject,onos-protocols-isis-api,2.0.0-rc2,-,-,?,-,false,-
org.onosproject,onos-protocols-lisp-api,2.0.0-rc2,-,-,?,-,false,-
org.onosproject,onos-protocols-lisp-msg,2.0.0-rc2,-,-,?,-,false,-
org.onosproject,onos-protocols-netconf-api,2.0.0-rc2,-,-,?,-,false,-
org.onosproject,onos-protocols-openflow-api,2.0.0-rc2,-,-,?,-,false,-
org.onosproject,onos-protocols-openflow-ctl,2.0.0-rc2,-,-,?,-,false,-
org.onosproject,onos-protocols-ospf-api,2.0.0-rc2,-,-,?,-,false,-
org.onosproject,onos-protocols-ospf-protocol,2.0.0-rc2,-,-,?,-,false,-
org.onosproject,onos-protocols-ovsdb-api,2.0.0-rc2,-,-,?,-,false,-
org.onosproject,onos-protocols-ovsdb-ctl,2.0.0-rc2,-,-,?,-,false,-
org.onosproject,onos-protocols-ovsdb-rfc,2.0.0-rc2,-,-,?,-,false,-
org.onosproject,onos-protocols-pcep-pcepio,2.0.0-rc2,-,-,?,-,false,-
org.onosproject,onos-protocols-pcep-server-api,2.0.0-rc2,-,-,?,-,false,-
org.onosproject,onos-protocols-rest-api,2.0.0-rc2,-,-,?,-,false,-
org.onosproject,onos-protocols-restconf-client-api,2.0.0-rc2,-,-,?,-,false,-
org.onosproject,onos-protocols-snmp-api,2.0.0-rc2,-,-,?,-,false,-
org.onosproject,onos-rest,2.0.0-rc2,-,-,?,-,false,-
