groupId,artifactId,version,moduleName,moduleVersion,moduleMode,moduleDependencies,jdepsToolError,jdepsViolations
com.github.benniekrijger,scala-mollie_2.12,0.21,-,-,?,-,false,-
com.github.benniekrijger,scala-postnl_2.12,0.22,-,-,?,-,false,-
com.github.lburgazzoli,gradle-karaf-plugin,0.5.1,-,-,?,-,false,-
com.github.marschall,threeten-jpa,1.12,-,-,?,-,false,-
com.github.marschall,threeten-jpa-h2-eclipselink,1.12,-,-,?,-,false,-
com.github.marschall,threeten-jpa-jdbc42-hibernate,1.12,-,-,?,-,false,-
com.github.marschall,threeten-jpa-mssql-eclipselink,1.12,-,-,?,-,false,-
com.github.marschall,threeten-jpa-mssql-hibernate,1.12,-,-,?,-,false,-
com.github.marschall,threeten-jpa-mssql-impl,1.12,-,-,?,-,false,-
com.github.marschall,threeten-jpa-oracle-api,1.12,-,-,?,-,false,-
com.github.marschall,threeten-jpa-oracle-eclipselink,1.12,-,-,?,-,false,-
com.github.marschall,threeten-jpa-oracle-hibernate,1.12,-,-,?,-,false,-
com.github.marschall,threeten-jpa-oracle-impl,1.12,-,-,?,-,false,-
com.github.marschall,threeten-jpa-test,1.12,-,-,?,-,false,-
com.github.marschall,threeten-jpa-zoned-hibernate,1.12,-,-,?,-,false,-
com.github.robtimus,data-url,1.0.1,-,-,?,-,false,-
com.liulishuo.okcheck,gradle,0.2.8,-,-,?,-,false,-
