groupId,artifactId,version,moduleName,moduleVersion,moduleMode,moduleDependencies,jdepsToolError,jdepsViolations
app.myoss.cloud.boot,myoss-starter-apm,2.0.9.RELEASE,-,-,?,-,false,-
app.myoss.cloud.boot,myoss-starter-cache,2.0.9.RELEASE,-,-,?,-,false,-
app.myoss.cloud.boot,myoss-starter-core,2.0.9.RELEASE,-,-,?,-,false,-
app.myoss.cloud.boot,myoss-starter-web,2.0.9.RELEASE,-,-,?,-,false,-
app.myoss.cloud.maven.plugins,archetypes-maven-plugin,2.0.3.RELEASE,-,-,?,-,false,-
com.ardikars.common,common,1.2.6.RC6,-,-,?,-,false,-
com.ardikars.common,common-annotation,1.2.6.RC6,-,-,?,-,false,-
com.ardikars.common,common-constant,1.2.6.RC6,-,-,?,-,false,-
com.ardikars.common,common-logging,1.2.6.RC6,-,-,?,-,false,-
com.ardikars.common,common-net,1.2.6.RC6,-,-,?,-,false,-
com.ardikars.common,common-tuple,1.2.6.RC6,-,-,?,-,false,-
com.ardikars.common,common-util,1.2.6.RC6,-,-,?,-,false,sun.misc.Unsafe                          See http://openjdk.java.net/jeps/260
com.github.insanusmokrassar,TelegramBotAPI,0.8.1,-,-,?,-,false,-
com.github.peteroupc,numbers,1.2,-,-,?,-,false,-
com.github.quantumcs,ocean-maven-plugin,1.01,-,-,?,-,false,-
