groupId,artifactId,version,moduleName,moduleVersion,moduleMode,moduleDependencies,jdepsToolError,jdepsViolations
be.atbash.json,octopus-jwt-support,0.9.1,-,-,?,-,false,-
cn.leancloud,engine-core,5.0.7,-,-,?,-,false,-
cn.leancloud,leancloud-fcm,5.0.6,-,-,?,-,false,-
cn.leancloud,mixpush-android,5.0.6,-,-,?,-,false,-
cn.leancloud,realtime-android,5.0.6,-,-,?,-,false,-
cn.leancloud,realtime-core,5.0.7,-,-,?,-,false,-
cn.leancloud,storage-android,5.0.6,-,-,?,-,false,-
cn.leancloud,storage-core,5.0.7,-,-,?,-,false,-
com.aliyun,aliyun-java-sdk-imm,1.10.3,-,-,?,-,false,-
com.icthh.xm.commons,xm-commons-config,1.2.23,-,-,?,-,false,-
com.icthh.xm.commons,xm-commons-exceptions,1.2.23,-,-,?,-,false,-
com.icthh.xm.commons,xm-commons-i18n,1.2.23,-,-,?,-,false,-
com.icthh.xm.commons,xm-commons-lep,1.2.23,-,-,?,-,false,-
com.icthh.xm.commons,xm-commons-logging,1.2.23,-,-,?,-,false,-
com.icthh.xm.commons,xm-commons-logging-web,1.2.23,-,-,?,-,false,-
com.icthh.xm.commons,xm-commons-messaging,1.2.23,-,-,?,-,false,-
com.icthh.xm.commons,xm-commons-migration-db,1.2.23,-,-,?,-,false,-
com.icthh.xm.commons,xm-commons-ms-web,1.2.23,-,-,?,-,false,-
com.icthh.xm.commons,xm-commons-permission,1.2.23,-,-,?,-,false,-
com.icthh.xm.commons,xm-commons-request,1.2.23,-,-,?,-,false,-
com.icthh.xm.commons,xm-commons-scheduler,1.2.23,-,-,?,-,false,-
com.icthh.xm.commons,xm-commons-security,1.2.23,-,-,?,-,false,-
com.icthh.xm.commons,xm-commons-tenant,1.2.23,-,-,?,-,false,-
com.icthh.xm.commons,xm-commons-tenant-endpoint,1.2.23,-,-,?,-,false,-
com.icthh.xm.commons,xm-commons-timeline,1.2.23,-,-,?,-,false,-
de.bmiag.tapir,tapir-allure,3.3.0,-,-,?,-,false,-
de.bmiag.tapir,tapir-annotation-processing,3.3.0,-,-,?,-,false,-
de.bmiag.tapir,tapir-annotations,3.3.0,-,-,?,-,false,-
de.bmiag.tapir,tapir-assertion,3.3.0,-,-,?,-,false,-
de.bmiag.tapir,tapir-bootstrap,3.3.0,-,-,?,-,false,-
de.bmiag.tapir,tapir-cli,3.3.0,-,-,?,-,false,-
de.bmiag.tapir,tapir-conditional,3.3.0,-,-,?,-,false,-
de.bmiag.tapir,tapir-configuration,3.3.0,-,-,?,-,false,-
de.bmiag.tapir,tapir-core,3.3.0,-,-,?,-,false,-
de.bmiag.tapir,tapir-core-assertion,3.3.0,-,-,?,-,false,-
de.bmiag.tapir,tapir-data,3.3.0,-,-,?,-,false,-
de.bmiag.tapir,tapir-datasource-api,3.3.0,-,-,?,-,false,-
de.bmiag.tapir,tapir-datasource-csv,3.3.0,-,-,?,-,false,-
de.bmiag.tapir,tapir-datasource-resource,3.3.0,-,-,?,-,false,-
de.bmiag.tapir,tapir-execution,3.3.0,-,-,?,-,false,-
de.bmiag.tapir,tapir-executiontest-lib,3.3.0,-,-,?,-,false,-
de.bmiag.tapir,tapir-html-basic-api,3.3.0,-,-,?,-,false,-
de.bmiag.tapir,tapir-html-basic-impl,3.3.0,-,-,?,-,false,-
de.bmiag.tapir,tapir-javafx,3.3.0,-,-,?,-,false,-
de.bmiag.tapir,tapir-junit,3.3.0,-,-,?,-,false,-
de.bmiag.tapir,tapir-junit-execution,3.3.0,-,-,?,-,false,-
de.bmiag.tapir,tapir-page,3.3.0,-,-,?,-,false,-
de.bmiag.tapir,tapir-page-execution,3.3.0,-,-,?,-,false,-
de.bmiag.tapir,tapir-selenium,3.3.0,-,-,?,-,false,-
de.bmiag.tapir,tapir-selenium-chrome,3.3.0,-,-,?,-,false,-
de.bmiag.tapir,tapir-selenium-execution,3.3.0,-,-,?,-,false,-
de.bmiag.tapir,tapir-selenium-firefox,3.3.0,-,-,?,-,false,-
de.bmiag.tapir,tapir-selenium-htmlunit,3.3.0,-,-,?,-,false,-
de.bmiag.tapir,tapir-selenium-ie,3.3.0,-,-,?,-,false,-
de.bmiag.tapir,tapir-starter-selenium-execution,3.3.0,-,-,?,-,false,-
de.bmiag.tapir,tapir-ui-api,3.3.0,-,-,?,-,false,-
de.bmiag.tapir,tapir-util,3.3.0,-,-,?,-,false,-
de.bmiag.tapir,tapir-variant,3.3.0,-,-,?,-,false,-
de.bmiag.tapir,tapir-xunit,3.3.0,-,-,?,-,false,-
fi.metatavu.tulistop,tulistop-api-spec,0.0.33,-,-,?,-,false,-
io.github.tilumi,azure-eventhubs-spark_2.11,2.3.8,-,-,?,-,false,-
io.sitoolkit.cv,sit-cv-app,1.0.0-appha.2,-,-,?,-,false,-
io.sitoolkit.cv,sit-cv-core,1.0.0-appha.2,-,-,?,-,false,-
io.sitoolkit.cv,sit-cv-maven-plugin,1.0.0-beta.3,-,-,?,-,false,-
org.glassfish.gmbal,gmbal,4.0.0,-,-,?,-,false,-
org.glassfish.pfl,pfl-asm,4.0.1,-,-,?,-,false,-
org.glassfish.pfl,pfl-basic,4.0.1,-,-,?,-,false,sun.misc.Unsafe                          See http://openjdk.java.net/jeps/260 + sun.reflect.ReflectionFactory            See http://openjdk.java.net/jeps/260
org.glassfish.pfl,pfl-basic-tools,4.0.1,-,-,?,-,false,-
org.glassfish.pfl,pfl-dynamic,4.0.1,-,-,?,-,false,-
org.glassfish.pfl,pfl-test,4.0.1,-,-,?,-,false,-
org.glassfish.pfl,pfl-tf,4.0.1,-,-,?,-,false,-
org.glassfish.pfl,pfl-tf-tools,4.0.1,-,-,?,-,false,-
org.ogema.tools,remote-ogema-auth,2.2.0_1,-,-,?,-,false,-
tech.simter,simter-jackson-ext,1.0.0,-,-,?,-,false,-
tech.simter,simter-test,1.0.0,-,-,?,-,false,-
tech.simter,simter-util,1.0.0,-,-,?,-,false,-
top.plong,ms-base-rest-api,0.0.4,-,-,?,-,false,-
top.plong,ms-base-rest-default,0.0.4,-,-,?,-,false,-
top.plong,ms-base-rest-generator,0.0.4,-,-,?,-,false,-
top.plong,ms-base-rest-ots,0.0.4,-,-,?,-,false,-
top.plong,ms-base-rest-resource,0.0.4,-,-,?,-,false,-
top.plong,ms-cas-security,0.0.4,-,-,?,-,false,-
top.plong,ms-common-bean,0.0.4,-,-,?,-,false,-
top.plong,ms-common-data,0.0.4,-,-,?,-,false,-
top.plong,ms-fw-starter,0.0.4,-,-,?,-,false,-
top.plong,ms-workable-flow-api,0.0.4,-,-,?,-,false,-
top.plong,ms-workable-flow-idm,0.0.4,-,-,?,-,false,-
top.plong,ms-workable-flow-modeler,0.0.4,-,-,?,-,false,-
