groupId,artifactId,version,moduleName,moduleVersion,moduleMode,moduleDependencies,jdepsToolError,jdepsViolations
com.github.evansiroky,maven-semantic-release-example,3.1.0,-,-,?,-,false,-
com.gu,kinesis-logback-appender,1.4.4,-,-,?,-,false,-
com.intuit.fuzzymatcher,fuzzy-matcher,0.1.0,-,-,?,-,false,-
com.lihaoyi,mill-contrib_2.12,0.3.5-27-eb497a,-,-,?,-,false,-
com.lihaoyi,mill-contrib-buildinfo_2.12,0.3.5-27-eb497a,-,-,?,-,false,-
com.lihaoyi,mill-contrib-scalapblib_2.12,0.3.5-27-eb497a,-,-,?,-,false,-
com.lihaoyi,mill-contrib-testng,0.3.5-27-eb497a,-,-,?,-,false,-
com.lihaoyi,mill-contrib-tut_2.12,0.3.5-27-eb497a,-,-,?,-,false,-
com.lihaoyi,mill-contrib-twirllib_2.12,0.3.5-27-eb497a,-,-,?,-,false,-
com.lihaoyi,mill-dev_2.12,0.3.5-27-eb497a,-,-,?,-,false,-
com.lihaoyi,mill-integration_2.12,2018-02-10T22-20-56-317Z-719ff8a6d79093d390b0d5ce7d01755e65fcd484,-,-,?,-,false,-
com.lihaoyi,mill-main_2.12,2018-02-10T22-20-56-317Z-719ff8a6d79093d390b0d5ce7d01755e65fcd484,-,-,?,-,false,-
com.lihaoyi,mill-main-api_2.12,0.3.5-27-eb497a,-,-,?,-,false,-
com.lihaoyi,mill-main-client,0.3.5-27-eb497a,-,-,?,-,false,-
com.lihaoyi,mill-main-core_2.12,0.3.5-27-eb497a,-,-,?,-,false,-
com.lihaoyi,mill-main-graphviz_2.12,0.3.5-27-eb497a,-,-,?,-,false,-
com.lihaoyi,mill-main-moduledefs_2.12,0.3.5-27-eb497a,-,-,?,-,false,-
com.lihaoyi,mill-scalajslib_2.12,2018-02-10T22-20-56-317Z-719ff8a6d79093d390b0d5ce7d01755e65fcd484,-,-,?,-,false,-
com.lihaoyi,mill-scalajslib-api_2.12,0.3.5-27-eb497a,-,-,?,-,false,-
com.lihaoyi,mill-scalajslib-worker-0.6_2.12,0.3.5-27-eb497a,-,-,?,-,false,-
com.lihaoyi,mill-scalajslib-worker-1.0_2.12,0.3.5-27-eb497a,-,-,?,-,false,-
com.lihaoyi,mill-scalalib_2.12,2018-02-10T22-20-56-317Z-719ff8a6d79093d390b0d5ce7d01755e65fcd484,-,-,?,-,false,-
com.lihaoyi,mill-scalalib-api_2.12,0.3.5-27-eb497a,-,-,?,-,false,-
com.lihaoyi,mill-scalalib-backgroundwrapper,0.3.5-27-eb497a,-,-,?,-,false,-
com.lihaoyi,mill-scalalib-worker_2.12,0.3.5-27-eb497a,-,-,?,-,false,-
com.lihaoyi,mill-scalanativelib_2.12,0.3.5-27-eb497a,-,-,?,-,false,-
com.lihaoyi,mill-scalanativelib-api_2.12,0.3.5-27-eb497a,-,-,?,-,false,-
com.lihaoyi,mill-scalanativelib-worker-0.3_2.12,0.3.5-27-eb497a,-,-,?,-,false,-
com.mchange,ens-scala_2.10,0.0.8,-,-,?,-,false,-
com.mchange,ens-scala_2.11,0.0.8,-,-,?,-,false,-
com.mchange,ens-scala_2.12,0.0.8,-,-,?,-,false,-
com.mdsol,mauth-authenticator,1.0.14,-,-,?,-,false,-
com.mdsol,mauth-authenticator-akka-http_2.11,1.0.14,-,-,?,-,false,-
com.mdsol,mauth-authenticator-akka-http_2.12,1.0.14,-,-,?,-,false,-
com.mdsol,mauth-authenticator-apachehttp,1.0.14,-,-,?,-,false,-
com.mdsol,mauth-common,1.0.14,-,-,?,-,false,-
com.mdsol,mauth-proxy,1.0.14,-,-,?,-,false,-
com.mdsol,mauth-signer,1.0.14,-,-,?,-,false,-
com.mdsol,mauth-signer-akka-http_2.11,1.0.14,-,-,?,-,false,-
com.mdsol,mauth-signer-akka-http_2.12,1.0.14,-,-,?,-,false,-
com.mdsol,mauth-signer-apachehttp,1.0.14,-,-,?,-,false,-
com.mdsol,mauth-test-utils,1.0.14,-,-,?,-,false,-
com.netflix.nebula,nebula-dependency-recommender,7.2.2,-,-,?,-,false,-
com.notronix,JaLAPI,0.0.39,-,-,?,-,false,-
de.alpharogroup,jcommons-lang,5.1.1,-,-,?,-,false,-
de.mhus.osgi,mhu-karaf-commands,1.4.4,-,-,?,-,false,-
de.mhus.osgi,mhu-karaf-crypt,1.4.3,-,-,?,-,false,-
de.mhus.osgi,mhu-karaf-jwsbridge,1.4.3,-,-,?,-,false,-
de.mhus.osgi,mhu-karaf-mongo,1.4.4,-,-,?,-,false,-
de.mhus.osgi,mhu-karaf-vaadinbridge,1.4.3,-,-,?,-,false,-
de.mhus.osgi,mhu-karaf-xdb,1.4.4,-,-,?,-,false,-
de.mhus.osgi,mhu-osgi-crypt-api,1.4.3,-,-,?,-,false,-
de.mhus.osgi,mhu-osgi-crypt-bc,1.4.3,-,-,?,-,false,-
de.mhus.osgi,mhu-osgi-jms,1.4.4,-,-,?,-,false,-
de.mhus.osgi,mhu-osgi-jwsbridge,1.4.3,-,-,?,-,false,-
de.mhus.osgi,mhu-osgi-jwsclient,1.4.3,-,-,?,-,false,-
de.mhus.osgi,mhu-osgi-rewrite-servlet,1.4.3,-,-,?,-,false,-
de.mhus.osgi,mhu-osgi-root-servlet,1.4.3,-,-,?,-,false,-
de.mhus.osgi,mhu-osgi-services,1.4.4,-,-,?,-,false,-
de.mhus.osgi,mhu-osgi-vaadinbridge,1.4.3,-,-,?,-,false,-
de.mhus.osgi,mhu-osgi-web-console,1.4.3,-,-,?,-,false,-
io.radanalytics,abstract-operator,0.4.10,-,-,?,-,false,-
org.activiti,activiti-api-process-runtime-impl,7.0.0.Beta5,-,-,?,-,false,-
org.activiti,activiti-api-runtime-shared-impl,7.0.0.Beta5,-,-,?,-,false,-
org.activiti,activiti-api-task-runtime-impl,7.0.0.Beta5,-,-,?,-,false,-
org.activiti,activiti-bpmn-converter,7-201802-EA,-,-,?,-,false,-
org.activiti,activiti-bpmn-layout,7-201802-EA,-,-,?,-,false,-
org.activiti,activiti-bpmn-model,7-201802-EA,-,-,?,-,false,-
org.activiti,activiti-engine,7-201802-EA,-,-,?,-,false,-
org.activiti,activiti-image-generator,7-201802-EA,-,-,?,-,false,-
org.activiti,activiti-json-converter,7-201802-EA,-,-,?,-,false,-
org.activiti,activiti-process-validation,7-201802-EA,-,-,?,-,false,-
org.activiti,activiti-spring,7-201802-EA,-,-,?,-,false,-
org.activiti,activiti-spring-app-process,7.0.0.Beta5,-,-,?,-,false,-
org.activiti,activiti-spring-boot-starter,7.0.0.Beta5,-,-,?,-,false,-
org.activiti,activiti-spring-conformance-set0,7.0.0.Beta5,-,-,?,-,false,-
org.activiti,activiti-spring-conformance-set1,7.0.0.Beta5,-,-,?,-,false,-
org.activiti,activiti-spring-conformance-set2,7.0.0.Beta5,-,-,?,-,false,-
org.activiti,activiti-spring-conformance-set3,7.0.0.Beta5,-,-,?,-,false,-
org.activiti,activiti-spring-conformance-set4,7.0.0.Beta5,-,-,?,-,false,-
org.activiti,activiti-spring-conformance-util,7.0.0.Beta5,-,-,?,-,false,-
org.activiti,activiti-spring-process-extensions,7.0.0.Beta5,-,-,?,-,false,-
org.activiti.api,activiti-api-model-shared,7.0.0.Beta5,-,-,?,-,false,-
org.activiti.api,activiti-api-model-shared-impl,7.0.0.Beta5,-,-,?,-,false,-
org.activiti.api,activiti-api-process-model,7.0.0.Beta5,-,-,?,-,false,-
org.activiti.api,activiti-api-process-model-impl,7.0.0.Beta5,-,-,?,-,false,-
org.activiti.api,activiti-api-process-runtime,7.0.0.Beta5,-,-,?,-,false,-
org.activiti.api,activiti-api-runtime-shared,7.0.0.Beta5,-,-,?,-,false,-
org.activiti.api,activiti-api-task-model,7.0.0.Beta5,-,-,?,-,false,-
org.activiti.api,activiti-api-task-model-impl,7.0.0.Beta5,-,-,?,-,false,-
org.activiti.api,activiti-api-task-runtime,7.0.0.Beta5,-,-,?,-,false,-
org.activiti.cloud.acc,activiti-cloud-acceptance-tests-core,7.0.0.Beta5,-,-,?,-,false,-
org.activiti.cloud.acc,activiti-cloud-acceptance-tests-shared,7.0.0.Beta5,-,-,?,-,false,-
org.activiti.cloud.api,activiti-cloud-api-model-shared,7.0.0.Beta5,-,-,?,-,false,-
org.activiti.cloud.api,activiti-cloud-api-model-shared-impl,7.0.0.Beta5,-,-,?,-,false,-
org.activiti.cloud.api,activiti-cloud-api-process-model,7.0.0.Beta5,-,-,?,-,false,-
org.activiti.cloud.api,activiti-cloud-api-process-model-impl,7.0.0.Beta5,-,-,?,-,false,-
org.activiti.cloud.api,activiti-cloud-api-task-model,7.0.0.Beta5,-,-,?,-,false,-
org.activiti.cloud.api,activiti-cloud-api-task-model-impl,7.0.0.Beta5,-,-,?,-,false,-
org.activiti.cloud.app,activiti-cloud-app-service,7.0.0.Beta5,-,-,?,-,false,-
org.activiti.cloud.audit,activiti-cloud-services-audit-api,7.0.0.Beta5,-,-,?,-,false,-
org.activiti.cloud.audit,activiti-cloud-services-audit-jpa,7.0.0.Beta5,-,-,?,-,false,-
org.activiti.cloud.audit,activiti-cloud-starter-audit,7.0.0.Beta5,-,-,?,-,false,-
org.activiti.cloud.common,activiti-cloud-services-auditable,7.0.0.Beta5,-,-,?,-,false,-
org.activiti.cloud.common,activiti-cloud-services-common-identity-keycloak,7.0.0.Beta5,-,-,?,-,false,-
org.activiti.cloud.common,activiti-cloud-services-common-security,7.0.0.Beta5,-,-,?,-,false,-
org.activiti.cloud.common,activiti-cloud-services-common-security-keycloak,7.0.0.Beta5,-,-,?,-,false,-
org.activiti.cloud.common,activiti-cloud-services-commons-io,7.0.0.Beta5,-,-,?,-,false,-
org.activiti.cloud.common,activiti-cloud-services-dbp-rest,7.0.0.Beta5,-,-,?,-,false,-
org.activiti.cloud.common,activiti-cloud-services-logging,7.0.0.Beta5,-,-,?,-,false,-
org.activiti.cloud.common,activiti-cloud-services-metadata,7.0.0.Beta5,-,-,?,-,false,-
org.activiti.cloud.common,activiti-cloud-services-monitoring,7.0.0.Beta5,-,-,?,-,false,-
org.activiti.cloud.common,activiti-cloud-services-rest-docs,7.0.0.Beta5,-,-,?,-,false,-
org.activiti.cloud.common,activiti-cloud-services-test,7.0.0.Beta5,-,-,?,-,false,-
org.activiti.cloud.common,activiti-cloud-services-tracing,7.0.0.Beta5,-,-,?,-,false,-
org.activiti.cloud.connector,activiti-cloud-starter-connector,7.0.0.Beta5,-,-,?,-,false,-
org.activiti.cloud.modeling,activiti-cloud-services-org-api,7.0.0.Beta5,-,-,?,-,false,-
org.activiti.cloud.modeling,activiti-cloud-services-org-api-impl,7.0.0.Beta5,-,-,?,-,false,-
org.activiti.cloud.modeling,activiti-cloud-services-org-core,7.0.0.Beta5,-,-,?,-,false,-
org.activiti.cloud.modeling,activiti-cloud-services-org-jpa,7.0.0.Beta5,-,-,?,-,false,-
org.activiti.cloud.modeling,activiti-cloud-services-org-repository,7.0.0.Beta5,-,-,?,-,false,-
org.activiti.cloud.modeling,activiti-cloud-services-org-rest,7.0.0.Beta5,-,-,?,-,false,-
org.activiti.cloud.modeling,activiti-cloud-services-org-service,7.0.0.Beta5,-,-,?,-,false,-
org.activiti.cloud.modeling,activiti-cloud-starter-org,7.0.0.Beta5,-,-,?,-,false,-
org.activiti.cloud.process.model,activiti-cloud-services-process-model-core,7.0.0.Beta5,-,-,?,-,false,-
org.activiti.cloud.process.model,activiti-cloud-services-process-model-jpa,7.0.0.Beta5,-,-,?,-,false,-
org.activiti.cloud.process.model,activiti-cloud-services-process-model-rest,7.0.0.Beta5,-,-,?,-,false,-
org.activiti.cloud.process.model,activiti-cloud-services-process-model-services,7.0.0.Beta5,-,-,?,-,false,-
org.activiti.cloud.process.model,activiti-cloud-starter-process-model,7.0.0.Beta5,-,-,?,-,false,-
org.activiti.cloud.query,activiti-cloud-services-query-model,7.0.0.Beta5,-,-,?,-,false,-
org.activiti.cloud.query,activiti-cloud-services-query-repo,7.0.0.Beta5,-,-,?,-,false,-
org.activiti.cloud.query,activiti-cloud-services-query-rest,7.0.0.Beta5,-,-,?,-,false,-
org.activiti.cloud.query,activiti-cloud-starter-query,7.0.0.Beta5,-,-,?,-,false,-
org.activiti.cloud.rb,activiti-cloud-services-api,7.0.0.Beta5,-,-,?,-,false,-
org.activiti.cloud.rb,activiti-cloud-services-connectors,7.0.0.Beta5,-,-,?,-,false,-
org.activiti.cloud.rb,activiti-cloud-services-core,7.0.0.Beta5,-,-,?,-,false,-
org.activiti.cloud.rb,activiti-cloud-services-events,7.0.0.Beta5,-,-,?,-,false,-
org.activiti.cloud.rb,activiti-cloud-services-identity-basic,7.0.0.Beta5,-,-,?,-,false,-
org.activiti.cloud.rb,activiti-cloud-services-identity-keycloak,7.0.0.Beta5,-,-,?,-,false,-
org.activiti.cloud.rb,activiti-cloud-services-rest-api,7.0.0.Beta5,-,-,?,-,false,-
org.activiti.cloud.rb,activiti-cloud-services-rest-impl,7.0.0.Beta5,-,-,?,-,false,-
org.activiti.cloud.rb,activiti-cloud-services-subscriptions,7.0.0.Beta5,-,-,?,-,false,-
org.activiti.cloud.rb,activiti-cloud-starter-runtime-bundle,7.0.0.Beta5,-,-,?,-,false,-
org.activiti.core.common,activiti-connector-model,7.0.0.Beta5,-,-,?,-,false,-
org.activiti.core.common,activiti-spring-application,7.0.0.Beta5,-,-,?,-,false,-
org.activiti.core.common,activiti-spring-connector,7.0.0.Beta5,-,-,?,-,false,-
org.activiti.core.common,activiti-spring-identity,7.0.0.Beta5,-,-,?,-,false,-
org.activiti.core.common,activiti-spring-security,7.0.0.Beta5,-,-,?,-,false,-
org.activiti.core.common,activiti-spring-security-policies,7.0.0.Beta5,-,-,?,-,false,-
org.itsallcode,openfasttrace-maven-plugin,0.0.2,-,-,?,-,false,-
org.yuequan,hibernate-ext-multivalue-map,1.0.0.BETA,-,-,?,-,false,-
org.zoxweb,zoxweb-core,2.1.5,-,-,?,-,false,sun.misc.Resource                        Removed. See http://openjdk.java.net/jeps/260 + sun.misc.URLClassPath                    Removed. See http://openjdk.java.net/jeps/260 + sun.misc.Unsafe                          See http://openjdk.java.net/jeps/260
