groupId,artifactId,version,moduleName,moduleVersion,moduleMode,moduleDependencies,jdepsToolError,jdepsViolations
ca.qc.ircm,generate-property-names,0.5,-,-,?,-,false,-
eu.cdevreeze.tqa,tqa_2.11,0.8.10,-,-,?,-,false,-
eu.cdevreeze.tqa,tqa_2.12,0.8.10,-,-,?,-,false,-
eu.cdevreeze.tqa,tqa_sjs0.6_2.11,0.8.10,-,-,?,-,false,-
eu.cdevreeze.tqa,tqa_sjs0.6_2.12,0.8.10,-,-,?,-,false,-
net.mostlyoriginal.artemis-odb,contrib-benchmark,2.4.0,-,-,?,-,false,-
net.mostlyoriginal.artemis-odb,contrib-core,2.4.0,-,-,?,-,false,-
net.mostlyoriginal.artemis-odb,contrib-eventbus,2.4.0,-,-,?,-,false,-
net.mostlyoriginal.artemis-odb,contrib-jam,2.4.0,-,-,?,-,false,-
net.mostlyoriginal.artemis-odb,contrib-network,2.4.0,-,-,?,-,false,-
net.mostlyoriginal.artemis-odb,contrib-plugin-logging-api,2.4.0,-,-,?,-,false,-
net.mostlyoriginal.artemis-odb,contrib-plugin-logging-libgdx,2.4.0,-,-,?,-,false,-
net.mostlyoriginal.artemis-odb,contrib-plugin-operations,2.4.0,-,-,?,-,false,-
net.mostlyoriginal.artemis-odb,contrib-plugin-profiler,2.4.0,-,-,?,-,false,-
org.bedework.bwwebcl,bw-calendar-client-appcommon,3.12.3,-,-,?,-,false,-
org.bedework.bwwebcl,bw-calendar-client-webcommon,3.12.3,-,-,?,-,false,-
org.bedework.caleng,bw-calendar-engine-annotations,3.12.3,-,-,?,-,false,-
org.bedework.caleng,bw-calendar-engine-api,3.12.3,-,-,?,-,false,-
org.bedework.caleng,bw-calendar-engine-caldav,3.12.3,-,-,?,-,false,-
org.bedework.caleng,bw-calendar-engine-chgnote,3.12.3,-,-,?,-,false,-
org.bedework.caleng,bw-calendar-engine-core,3.12.3,-,-,?,-,false,-
org.bedework.caleng,bw-calendar-engine-core-common,3.12.3,-,-,?,-,false,-
org.bedework.caleng,bw-calendar-engine-dumprestore,3.12.3,-,-,?,-,false,-
org.bedework.caleng,bw-calendar-engine-facade,3.12.3,-,-,?,-,false,-
org.bedework.caleng,bw-calendar-engine-ical,3.12.3,-,-,?,-,false,-
org.bedework.caleng,bw-calendar-engine-impl,3.12.3,-,-,?,-,false,-
org.bedework.caleng,bw-calendar-engine-indexer,3.12.3,-,-,?,-,false,-
org.bedework.caleng,bw-calendar-engine-inoutsched,3.12.3,-,-,?,-,false,-
org.bedework.caleng,bw-calendar-engine-interfaces,3.12.3,-,-,?,-,false,-
org.bedework.caleng,bw-calendar-engine-mail,3.12.3,-,-,?,-,false,-
org.bedework.caleng,bw-calendar-engine-sysevents-common,3.12.3,-,-,?,-,false,-
org.bedework.caleng,bw-calendar-engine-sysevents-msgs,3.12.3,-,-,?,-,false,-
org.bedework.caleng,bw-calendar-engine-tools,3.12.3,-,-,?,-,false,-
org.duracloud,account-management-common,4.1.0,-,-,?,-,false,-
org.duracloud,account-management-db-util,4.1.0,-,-,?,-,false,sun.misc.Unsafe                          See http://openjdk.java.net/jeps/260 + sun.reflect.Reflection                   Use java.lang.StackWalker @since 9 + sun.reflect.ReflectionFactory            See http://openjdk.java.net/jeps/260
org.duracloud,account-management-monitor,4.1.0,-,-,?,-,false,sun.misc.Unsafe                          See http://openjdk.java.net/jeps/260 + sun.reflect.Reflection                   Use java.lang.StackWalker @since 9 + sun.reflect.ReflectionFactory            See http://openjdk.java.net/jeps/260
org.duracloud,account-management-security,4.1.0,-,-,?,-,false,-
org.duracloud,account-management-util,4.1.0,-,-,?,-,false,-
org.symphonyoss.s2.common,S2-common-core,0.1.32,-,-,?,-,false,-
org.symphonyoss.s2.common,S2-common-dom,0.1.32,-,-,?,-,false,-
org.symphonyoss.s2.common,S2-common-dom-jackson,0.1.32,-,-,?,-,false,-
org.symphonyoss.s2.common,S2-common-http,0.1.32,-,-,?,-,false,-
org.symphonyoss.s2.common,S2-legacy-id,0.1.32,-,-,?,-,false,-
