groupId,artifactId,version,moduleName,moduleVersion,moduleMode,moduleDependencies,jdepsToolError,jdepsViolations
com.amazonaws,aws-android-sdk-apigateway-core,2.10.0,-,-,?,-,false,-
com.amazonaws,aws-android-sdk-autoscaling,2.10.0,-,-,?,-,false,-
com.amazonaws,aws-android-sdk-cloudwatch,2.10.0,-,-,?,-,false,-
com.amazonaws,aws-android-sdk-cognito,2.10.0,-,-,?,-,false,-
com.amazonaws,aws-android-sdk-cognitoidentityprovider,2.10.0,-,-,?,-,false,-
com.amazonaws,aws-android-sdk-comprehend,2.10.0,-,-,?,-,false,-
com.amazonaws,aws-android-sdk-core,2.10.0,-,-,?,-,false,-
com.amazonaws,aws-android-sdk-ddb,2.10.0,-,-,?,-,false,-
com.amazonaws,aws-android-sdk-ddb-document,2.10.0,-,-,?,-,false,-
com.amazonaws,aws-android-sdk-ddb-mapper,2.10.0,-,-,?,-,false,-
com.amazonaws,aws-android-sdk-ec2,2.10.0,-,-,?,-,false,-
com.amazonaws,aws-android-sdk-elb,2.10.0,-,-,?,-,false,-
com.amazonaws,aws-android-sdk-iot,2.10.0,-,-,?,-,false,-
com.amazonaws,aws-android-sdk-kinesis,2.10.0,-,-,?,-,false,-
com.amazonaws,aws-android-sdk-kinesisvideo-archivedmedia,2.10.0,-,-,?,-,false,-
com.amazonaws,aws-android-sdk-kms,2.10.0,-,-,?,-,false,-
com.amazonaws,aws-android-sdk-lambda,2.10.0,-,-,?,-,false,-
com.amazonaws,aws-android-sdk-logs,2.10.0,-,-,?,-,false,-
com.amazonaws,aws-android-sdk-machinelearning,2.10.0,-,-,?,-,false,-
com.amazonaws,aws-android-sdk-mobileanalytics,2.10.0,-,-,?,-,false,-
com.amazonaws,aws-android-sdk-pinpoint,2.10.0,-,-,?,-,false,-
com.amazonaws,aws-android-sdk-polly,2.10.0,-,-,?,-,false,-
com.amazonaws,aws-android-sdk-rekognition,2.10.0,-,-,?,-,false,-
com.amazonaws,aws-android-sdk-s3,2.10.0,-,-,?,-,false,-
com.amazonaws,aws-android-sdk-sdb,2.10.0,-,-,?,-,false,-
com.amazonaws,aws-android-sdk-ses,2.10.0,-,-,?,-,false,-
com.amazonaws,aws-android-sdk-sns,2.10.0,-,-,?,-,false,-
com.amazonaws,aws-android-sdk-sqs,2.10.0,-,-,?,-,false,-
com.amazonaws,aws-android-sdk-transcribe,2.10.0,-,-,?,-,false,-
com.amazonaws,aws-android-sdk-translate,2.10.0,-,-,?,-,false,-
com.budjb,http-requests-httpcomponents-client,2.0.3.BETA,-,-,?,-,false,-
com.budjb,http-requests-jersey1,2.0.3.BETA,-,-,?,-,false,-
com.budjb,http-requests-jersey2,2.0.3.BETA,-,-,?,-,false,-
com.github.saphyra,auth-service,1.0.1,-,-,?,-,false,-
com.github.saphyra,cache,1.0.4,-,-,?,-,false,-
com.mercateo.rest,rest-jersey-utils,0.0.26,-,-,?,-,false,-
com.tranxactive,j2pay,2.8.9,-,-,?,-,false,-
com.typesafe.akka,akka-persistence-cassandra_2.11,0.92,-,-,?,-,false,-
com.typesafe.akka,akka-persistence-cassandra_2.12,0.92,-,-,?,-,false,-
com.typesafe.akka,akka-persistence-cassandra-launcher_2.11,0.92,-,-,?,-,false,-
com.typesafe.akka,akka-persistence-cassandra-launcher_2.12,0.92,-,-,?,-,false,-
com.upokecenter,cbor,4.0.0-alpha2,-,-,?,-,false,-
edu.utah.bmi.pojava,pojava,3.0.8,-,-,?,-,false,-
io.circe,circe-config_2.11,0.6.0,-,-,?,-,false,-
io.circe,circe-config_2.12,0.6.0,-,-,?,-,false,-
io.circe,circe-config_2.13.0-M5,0.6.0,-,-,?,-,false,-
io.github.xfournet.jconfig,jconfig,0.3.0,-,-,?,-,false,-
io.github.xfournet.jconfig,jconfig-cli,0.3.0,-,-,?,-,false,-
io.radanalytics,abstract-operator,0.4.10,-,-,?,-,false,-
org.scalameta,mdoc_2.12,1.2.3,-,-,?,-,false,-
org.scalameta,mdoc-docs_2.12,1.2.3,-,-,?,-,false,-
org.scalameta,mdoc-js_2.12,1.2.3,-,-,?,-,false,-
org.scalameta,mdoc-lsp_2.12,1.2.3,-,-,?,-,false,-
org.scalameta,mdoc-runtime_2.12,1.2.3,-,-,?,-,false,-
org.webswing,webswing-api,2.5.10,-,-,?,-,false,-
org.webswing,webswing-app-interface,2.5.10,-,-,?,-,false,sun.security.util.SecurityConstants      Use appropriate java.security.Permission subclass @since 1.1
org.webswing,webswing-app-launcher,2.5.10,-,-,?,-,false,-
org.webswing,webswing-app-toolkit,2.5.10,-,-,?,-,false,java.awt.dnd.peer.DragSourceContextPeer  Should not use. See https://bugs.openjdk.java.net/browse/JDK-8037739 + java.awt.peer.ButtonPeer                 Should not use. See https://bugs.openjdk.java.net/browse/JDK-8037739 + java.awt.peer.CheckboxMenuItemPeer       Should not use. See https://bugs.openjdk.java.net/browse/JDK-8037739 + java.awt.peer.CheckboxPeer               Should not use. See https://bugs.openjdk.java.net/browse/JDK-8037739 + java.awt.peer.ChoicePeer                 Should not use. See https://bugs.openjdk.java.net/browse/JDK-8037739 + java.awt.peer.ComponentPeer              Should not use. See https://bugs.openjdk.java.net/browse/JDK-8037739 + java.awt.peer.ContainerPeer              Should not use. See https://bugs.openjdk.java.net/browse/JDK-8037739 + java.awt.peer.DesktopPeer                Should not use. See https://bugs.openjdk.java.net/browse/JDK-8037739 + java.awt.peer.DialogPeer                 Should not use. See https://bugs.openjdk.java.net/browse/JDK-8037739 + java.awt.peer.FileDialogPeer             Should not use. See https://bugs.openjdk.java.net/browse/JDK-8037739 + java.awt.peer.FontPeer                   Should not use. See https://bugs.openjdk.java.net/browse/JDK-8037739 + java.awt.peer.FramePeer                  Should not use. See https://bugs.openjdk.java.net/browse/JDK-8037739 + java.awt.peer.KeyboardFocusManagerPeer   Should not use. See https://bugs.openjdk.java.net/browse/JDK-8037739 + java.awt.peer.LabelPeer                  Should not use. See https://bugs.openjdk.java.net/browse/JDK-8037739 + java.awt.peer.ListPeer                   Should not use. See https://bugs.openjdk.java.net/browse/JDK-8037739 + java.awt.peer.MenuBarPeer                Should not use. See https://bugs.openjdk.java.net/browse/JDK-8037739 + java.awt.peer.MenuItemPeer               Should not use. See https://bugs.openjdk.java.net/browse/JDK-8037739 + java.awt.peer.MenuPeer                   Should not use. See https://bugs.openjdk.java.net/browse/JDK-8037739 + java.awt.peer.MouseInfoPeer              Should not use. See https://bugs.openjdk.java.net/browse/JDK-8037739 + java.awt.peer.PanelPeer                  Should not use. See https://bugs.openjdk.java.net/browse/JDK-8037739 + java.awt.peer.PopupMenuPeer              Should not use. See https://bugs.openjdk.java.net/browse/JDK-8037739 + java.awt.peer.RobotPeer                  Should not use. See https://bugs.openjdk.java.net/browse/JDK-8037739 + java.awt.peer.ScrollPanePeer             Should not use. See https://bugs.openjdk.java.net/browse/JDK-8037739 + java.awt.peer.ScrollbarPeer              Should not use. See https://bugs.openjdk.java.net/browse/JDK-8037739 + java.awt.peer.SystemTrayPeer             Should not use. See https://bugs.openjdk.java.net/browse/JDK-8037739 + java.awt.peer.TextAreaPeer               Should not use. See https://bugs.openjdk.java.net/browse/JDK-8037739 + java.awt.peer.TextFieldPeer              Should not use. See https://bugs.openjdk.java.net/browse/JDK-8037739 + java.awt.peer.TrayIconPeer               Should not use. See https://bugs.openjdk.java.net/browse/JDK-8037739 + java.awt.peer.WindowPeer                 Should not use. See https://bugs.openjdk.java.net/browse/JDK-8037739 + sun.awt.CausedFocusEvent                 Use java.awt.event.FocusEvent::getCause @since 9 + sun.misc.Ref                             Removed. See http://openjdk.java.net/jeps/260
org.webswing,webswing-app-toolkit-fx,2.5.10,-,-,?,-,false,-
org.webswing,webswing-app-toolkit-java7,2.5.10,-,-,?,-,false,java.awt.peer.KeyboardFocusManagerPeer   Should not use. See https://bugs.openjdk.java.net/browse/JDK-8037739
org.webswing,webswing-app-toolkit-java8,2.5.10,-,-,?,-,false,java.awt.peer.FramePeer                  Should not use. See https://bugs.openjdk.java.net/browse/JDK-8037739 + java.awt.peer.KeyboardFocusManagerPeer   Should not use. See https://bugs.openjdk.java.net/browse/JDK-8037739 + sun.awt.CausedFocusEvent                 Use java.awt.event.FocusEvent::getCause @since 9
org.webswing,webswing-demo-ensemble8,2.5.10,-,-,?,-,false,-
org.webswing,webswing-demo-nbplatform,2.5.10,-,-,?,-,false,-
org.webswing,webswing-demo-swingset3,2.5.10,-,-,?,-,false,-
org.webswing,webswing-directdraw-swing,2.5.10,-,-,?,-,false,-
org.webswing,webswing-server-common,2.5.10,-,-,?,-,false,sun.misc.CompoundEnumeration             Removed. See http://openjdk.java.net/jeps/260
org.webswing,webswing-server-launcher,2.5.10,-,-,?,-,false,-
org.webswing,webswing-server-security,2.5.10,-,-,?,-,false,-
se.bjurr.violations,violation-comments-to-github-lib,1.64,-,-,?,-,false,-
se.bjurr.violations,violation-comments-to-gitlab-lib,1.56,-,-,?,-,false,-
