groupId,artifactId,version,moduleName,moduleVersion,moduleMode,moduleDependencies,jdepsToolError,jdepsViolations
org.wso2.testgrid,org.wso2.testgrid.agent,1.0.0,-,-,?,-,false,-
org.wso2.testgrid,org.wso2.testgrid.automation,1.0.0,-,-,?,-,false,-
org.wso2.testgrid,org.wso2.testgrid.common,1.0.0,-,-,?,-,false,-
org.wso2.testgrid,org.wso2.testgrid.core,1.0.0,-,-,?,-,false,-
org.wso2.testgrid,org.wso2.testgrid.dao,1.0.0,-,-,?,-,false,-
org.wso2.testgrid,org.wso2.testgrid.deployment,1.0.0,-,-,?,-,false,-
org.wso2.testgrid,org.wso2.testgrid.infrastructure,1.0.0,-,-,?,-,false,-
org.wso2.testgrid,org.wso2.testgrid.logging,1.0.0,-,-,?,-,false,-
org.wso2.testgrid,org.wso2.testgrid.reporting,1.0.0,-,-,?,-,false,-
org.wso2.testgrid,org.wso2.testgrid.test.coverage,1.0.0,-,-,?,-,false,-
