groupId,artifactId,version,moduleName,moduleVersion,moduleMode,moduleDependencies,jdepsToolError,jdepsViolations
com.autotec.sdk,aci-java,2.0.11,-,-,?,-,false,-
com.autotec.sdk,vxc-java,2.0.11,-,-,?,-,false,-
com.crobox.clickhouse,client_2.11,0.8.12,-,-,?,-,false,-
com.crobox.clickhouse,client_2.12,0.8.12,-,-,?,-,false,-
com.crobox.clickhouse,dsl_2.12,0.8.12,-,-,?,-,false,-
com.crobox.clickhouse,testkit_2.11,0.8.12,-,-,?,-,false,-
com.crobox.clickhouse,testkit_2.12,0.8.12,-,-,?,-,false,-
com.feingto,iot-hub-client-java,1.1.9.RELEASE,-,-,?,-,false,-
com.feingto,iot-hub-client-spring,1.1.9.RELEASE,-,-,?,-,false,-
com.feingto,iot-hub-common,1.1.9.RELEASE,-,-,?,-,false,-
com.feingto,iot-hub-server,1.1.9.RELEASE,-,-,?,-,false,-
com.github.vh,skvs,1.0.1,-,-,?,-,false,-
com.gluonhq,strange,0.0.5,com.gluonhq.strange,-,explicit,java.base,false,-
com.hashmapinc.tempus,witsml-client,1.1.0,-,-,?,-,false,-
com.qaprosoft,carina-api,6.0.5,-,-,?,-,false,-
com.qaprosoft,carina-aws-s3,6.0.5,-,-,?,-,false,-
com.qaprosoft,carina-commons,6.0.5,-,-,?,-,false,-
com.qaprosoft,carina-core,6.0.5,-,-,?,-,false,-
com.qaprosoft,carina-crypto,6.0.5,-,-,?,-,false,-
com.qaprosoft,carina-dataprovider,6.0.5,-,-,?,-,false,-
com.qaprosoft,carina-hockeyapp,6.0.5,-,-,?,-,false,-
com.qaprosoft,carina-proxy,6.0.5,-,-,?,-,false,-
com.qaprosoft,carina-reporting,6.0.5,-,-,?,-,false,-
com.qaprosoft,carina-utils,6.0.5,-,-,?,-,false,-
com.qaprosoft,carina-webdriver,6.0.5,-,-,?,-,false,-
com.typesafe.akka,akka-http2-support_2.13.0-M5,10.1.7,akka.http.http2,-,automatic,-,false,-
com.typesafe.akka,akka-http-core_2.13.0-M5,10.1.7,akka.http.core,-,automatic,-,false,-
com.typesafe.akka,akka-parsing_2.13.0-M5,10.1.7,akka.http.parsing,-,automatic,-,false,-
de.mklinger.commons,httpclient,0.3,-,-,?,-,false,-
fun.mike,azure-auth,0.1.0,-,-,?,-,false,-
info.picocli,picocli,3.9.0,info.picocli,-,automatic,-,false,-
info.picocli,picocli-codegen,3.9.0,info.picocli.codegen,-,automatic,-,false,-
info.picocli,picocli-shell-jline2,3.9.0,info.picocli.shell.jline2,-,automatic,-,false,-
io.radanalytics,abstract-operator,0.4.10,-,-,?,-,false,-
io.xream.x7,spring-boot-starter-x7,1.5.7.RELEASE,-,-,?,-,false,-
io.xream.x7,x7-config,1.5.7.RELEASE,-,-,?,-,false,-
io.xream.x7,x7-core,1.5.7.RELEASE,-,-,?,-,false,-
io.xream.x7,x7-repository,1.5.7.RELEASE,-,-,?,-,false,-
jp.ne.opt,chronoscala_2.10,0.3.0,-,-,?,-,false,-
jp.ne.opt,chronoscala_2.11,0.3.0,-,-,?,-,false,-
jp.ne.opt,chronoscala_2.12,0.3.0,-,-,?,-,false,-
jp.ne.opt,chronoscala_2.13.0-M4,0.3.0,-,-,?,-,false,-
net.skobow,oauth2-restclient,0.2.0,-,-,?,-,false,-
net.skobow,oauth2-restclient-spring-boot-autoconfigure,0.2.0,-,-,?,-,false,-
net.skobow,oauth2-restclient-spring-boot-starter,0.2.0,-,-,?,-,false,-
ru.shemplo,snowball,1.0.0,-,-,?,-,false,-
