groupId,artifactId,version,moduleName,moduleVersion,moduleMode,moduleDependencies,jdepsToolError,jdepsViolations
com.gluonhq,strange,0.0.6,com.gluonhq.strange,-,explicit,java.base,false,-
com.playfab,gameserverSDK,0.3.190104,-,-,?,-,false,-
com.walmartlabs.concord,concord-agent,1.1.0,-,-,?,-,false,-
com.walmartlabs.concord,concord-client,1.1.0,-,-,?,-,false,-
com.walmartlabs.concord,concord-common,1.1.0,-,-,?,-,false,-
com.walmartlabs.concord,concord-dependency-manager,1.1.0,-,-,?,-,false,-
com.walmartlabs.concord,concord-policy-engine,1.1.0,-,-,?,-,false,-
com.walmartlabs.concord,concord-project-model,1.1.0,-,-,?,-,false,-
com.walmartlabs.concord,concord-repository,1.1.0,-,-,?,-,false,-
com.walmartlabs.concord,concord-runner,1.1.0,-,-,?,-,false,-
com.walmartlabs.concord,concord-sdk,1.1.0,-,-,?,-,false,-
com.walmartlabs.concord.it,concord-common-it,1.1.0,-,-,?,-,false,-
com.walmartlabs.concord.it,concord-console-it,1.1.0,-,-,?,-,false,-
com.walmartlabs.concord.it,concord-keywhiz-it,1.1.0,-,-,?,-,false,-
com.walmartlabs.concord.it,concord-s3-it,1.1.0,-,-,?,-,false,-
com.walmartlabs.concord.it,concord-server-it,1.1.0,-,-,?,-,false,-
com.walmartlabs.concord.it.tasks,broken-deps,1.1.0,-,-,?,-,false,-
com.walmartlabs.concord.it.tasks,suspend-test,1.1.0,-,-,?,-,false,-
com.walmartlabs.concord.plugins.basic,ansible-tasks,1.1.0,-,-,?,-,false,-
com.walmartlabs.concord.plugins.basic,ansible-template,1.1.0,-,-,?,-,false,-
com.walmartlabs.concord.plugins.basic,concord-tasks,1.1.0,-,-,?,-,false,-
com.walmartlabs.concord.plugins.basic,crypto-tasks,1.1.0,-,-,?,-,false,-
com.walmartlabs.concord.plugins.basic,docker-tasks,1.1.0,-,-,?,-,false,-
com.walmartlabs.concord.plugins.basic,dynamic-tasks,1.1.0,-,-,?,-,false,-
com.walmartlabs.concord.plugins.basic,example-tasks,1.1.0,-,-,?,-,false,-
com.walmartlabs.concord.plugins.basic,http-tasks,1.1.0,-,-,?,-,false,-
com.walmartlabs.concord.plugins.basic,kv-tasks,1.1.0,-,-,?,-,false,-
com.walmartlabs.concord.plugins.basic,locale-tasks,1.1.0,-,-,?,-,false,-
com.walmartlabs.concord.plugins.basic,log-tasks,1.1.0,-,-,?,-,false,-
com.walmartlabs.concord.plugins.basic,misc-tasks,1.1.0,-,-,?,-,false,-
com.walmartlabs.concord.plugins.basic,resource-tasks,1.1.0,-,-,?,-,false,-
com.walmartlabs.concord.plugins.basic,slack-tasks,1.1.0,-,-,?,-,false,-
com.walmartlabs.concord.plugins.basic,sleep-tasks,1.1.0,-,-,?,-,false,-
com.walmartlabs.concord.plugins.basic,smtp-tasks,1.1.0,-,-,?,-,false,-
com.walmartlabs.concord.plugins.basic,throw-tasks,1.1.0,-,-,?,-,false,-
com.walmartlabs.concord.plugins.basic,variables-tasks,1.1.0,-,-,?,-,false,-
com.walmartlabs.concord.server,concord-queue-client,1.1.0,-,-,?,-,false,-
com.walmartlabs.concord.server,concord-server,1.1.0,-,-,?,-,false,-
com.walmartlabs.concord.server,concord-server-db,1.1.0,-,-,?,-,false,-
eu.dattri,jsonbodyhandler,0.4.4,-,-,?,-,false,-
io.github.cquiroz,sjs-rgl_sjs0.6_2.12,0.0.1,-,-,?,-,false,-
io.github.prashant-ramcharan,courgette-jvm,3.1.0,-,-,?,-,false,-
