groupId,artifactId,version,moduleName,moduleVersion,moduleMode,moduleDependencies,jdepsToolError,jdepsViolations
com.github.giiita,scaladia-http_2.11,0.0.3,-,-,?,-,false,-
com.github.giiita,scaladia-http_2.12,0.0.3,-,-,?,-,false,-
com.wacai,wacai-file-client,1.0.4,-,-,?,-,false,-
io.afu,utils,0.0.32-RELEASE,-,-,?,-,false,sun.misc.BASE64Decoder                   Use java.util.Base64 @since 1.8
io.github.martinschneider,justtestlah-browserstack,1.4-RC2,-,-,?,-,false,-
io.github.martinschneider,justtestlah-core,1.4-RC2,-,-,?,-,false,-
io.github.martinschneider,justtestlah-demos,1.4-RC2,-,-,?,-,false,-
io.github.martinschneider,justtestlah-mobile-tools,1.4-RC2,-,-,?,-,false,-
io.github.martinschneider,justtestlah-pcloudy,1.4-RC2,-,-,?,-,false,-
top.ibase4j,ibase4j-common,3.6.3,-,-,?,-,false,-
