groupId,artifactId,version,moduleName,moduleVersion,moduleMode,moduleDependencies,jdepsToolError,jdepsViolations
br.com.gerencianet.gnsdk,gn-api-sdk-java,0.2.5,-,-,?,-,false,-
com.ibm.g11n.pipeline,gp-ant-task,1.2.4,-,-,?,-,false,-
com.ibm.g11n.pipeline,gp-cli,1.2.4,-,-,?,-,false,-
com.ibm.g11n.pipeline,gp-maven-plugin,1.2.4,-,-,?,-,false,-
com.ibm.g11n.pipeline,gp-res-filter,1.2.4,-,-,?,-,false,-
com.tiggee.commons,result,0.2.0,-,-,?,-,false,-
com.twosigma.webtau,webtau,1.4,-,-,?,-,false,-
com.twosigma.webtau,webtau-browser,1.4,-,-,?,-,false,-
com.twosigma.webtau,webtau-cache,1.4,-,-,?,-,false,-
com.twosigma.webtau,webtau-config,1.4,-,-,?,-,false,-
com.twosigma.webtau,webtau-console,1.4,-,-,?,-,false,-
com.twosigma.webtau,webtau-core,1.4,-,-,?,-,false,-
com.twosigma.webtau,webtau-core-groovy,1.4,-,-,?,-,false,-
com.twosigma.webtau,webtau-data,1.4,-,-,?,-,false,-
com.twosigma.webtau,webtau-dist,1.4,-,-,?,-,false,-
com.twosigma.webtau,webtau-docs,1.4,-,-,?,-,false,-
com.twosigma.webtau,webtau-feature-testing,1.4,-,-,?,-,false,-
com.twosigma.webtau,webtau-groovy,1.4,-,-,?,-,false,-
com.twosigma.webtau,webtau-groovy-ast,1.4,-,-,?,-,false,-
com.twosigma.webtau,webtau-http,1.4,-,-,?,-,false,-
com.twosigma.webtau,webtau-http-groovy,1.4,-,-,?,-,false,-
com.twosigma.webtau,webtau-java-runner,1.4,-,-,?,-,false,-
com.twosigma.webtau,webtau-json-schema,1.4,-,-,?,-,false,-
com.twosigma.webtau,webtau-junit4,1.4,-,-,?,-,false,-
com.twosigma.webtau,webtau-junit4-examples,1.4,-,-,?,-,false,-
com.twosigma.webtau,webtau-junit5,1.4,-,-,?,-,false,-
com.twosigma.webtau,webtau-junit5-examples,1.4,-,-,?,-,false,-
com.twosigma.webtau,webtau-maven-plugin,1.4,-,-,?,-,false,-
com.twosigma.webtau,webtau-maven-plugin-test,1.4,-,-,?,-,false,-
com.twosigma.webtau,webtau-maven-plugin-test-skip,1.4,-,-,?,-,false,-
com.twosigma.webtau,webtau-open-api,1.4,-,-,?,-,false,-
com.twosigma.webtau,webtau-pdf,1.4,-,-,?,-,false,-
com.twosigma.webtau,webtau-reactjs,1.4,-,-,?,-,false,-
com.twosigma.webtau,webtau-report,1.4,-,-,?,-,false,-
com.twosigma.webtau,webtau-standalone-runner-groovy,1.4,-,-,?,-,false,-
com.twosigma.webtau,webtau-testapp,1.4,-,-,?,-,false,-
com.twosigma.webtau,webtau-test-server,1.4,-,-,?,-,false,-
com.twosigma.webtau,webtau-utils,1.4,-,-,?,-,false,-
com.twosigma.webtau,webtau-utils-testing-data,1.4,-,-,?,-,false,-
de.mhus.lib,constgenerator-maven-plugin,3.4.0,-,-,?,-,false,sun.misc.Unsafe                          See http://openjdk.java.net/jeps/260
de.mhus.lib,mhu-lib-annotations,3.4.0,-,-,?,-,false,-
de.mhus.lib,mhu-lib-core,3.4.0,-,-,?,-,false,-
de.mhus.lib,mhu-lib-j2ee,3.4.0,-,-,?,-,false,-
de.mhus.lib,mhu-lib-jms,3.4.0,-,-,?,-,false,-
de.mhus.lib,mhu-lib-persistence,3.4.0,-,-,?,-,false,-
de.mhus.lib,mhu-lib-vaadin,3.4.0,-,-,?,-,false,-
de.mklinger.jgroups,jgroups-http2,1.8,-,-,?,-,false,-
engineering.exploratory,nbiot-java,0.1,-,-,?,-,false,-
org.scalameta,mdoc_2.12,1.2.5,-,-,?,-,false,-
org.scalameta,mdoc-docs_2.12,1.2.5,-,-,?,-,false,-
org.scalameta,mdoc-js_2.12,1.2.5,-,-,?,-,false,-
org.scalameta,mdoc-lsp_2.12,1.2.5,-,-,?,-,false,-
org.scalameta,mdoc-runtime_2.12,1.2.5,-,-,?,-,false,-
org.webjars,jquery.inputmask,4.0.5,-,-,?,-,false,-
