groupId,artifactId,version,moduleName,moduleVersion,moduleMode,moduleDependencies,jdepsToolError,jdepsViolations
com.cobber.fta,fta,1.0.34,-,-,?,-,false,-
com.docusign,docusign-esign-java,2.9.0-beta-1,-,-,?,-,false,-
com.hashmapinc.tempus,WitsmlObjects,1.1.6,-,-,?,-,false,-
com.kyleu,projectile_2.12,0.9.1,-,-,?,-,false,-
com.kyleu,projectile-export_2.12,0.9.1,-,-,?,-,false,-
com.kyleu,projectile-lib-auth_2.12,0.9.1,-,-,?,-,false,-
com.kyleu,projectile-lib-doobie_2.12,0.9.1,-,-,?,-,false,-
com.kyleu,projectile-lib-graphql_2.12,0.9.1,-,-,?,-,false,-
com.kyleu,projectile-lib-jdbc_2.12,0.9.1,-,-,?,-,false,-
com.kyleu,projectile-lib-play_2.12,0.9.1,-,-,?,-,false,-
com.kyleu,projectile-lib-scala_2.12,0.9.1,-,-,?,-,false,-
com.kyleu,projectile-lib-scalajs_sjs0.6_2.12,0.9.1,-,-,?,-,false,-
com.kyleu,projectile-lib-service_2.12,0.9.1,-,-,?,-,false,-
com.kyleu,projectile-lib-slick_2.12,0.9.1,-,-,?,-,false,-
com.kyleu,projectile-lib-thrift_2.12,0.9.1,-,-,?,-,false,-
com.kyleu,projectile-lib-tracing_2.12,0.9.1,-,-,?,-,false,-
io.github.classgraph,classgraph,4.6.12,io.github.classgraph,4.6.12,explicit,java.base + java.xml + jdk.unsupported,false,-
