groupId,artifactId,version,moduleName,moduleVersion,moduleMode,moduleDependencies,jdepsToolError,jdepsViolations
com.ardikars.jxnet,jxnet,1.5.3.RC2,-,-,?,-,false,-
com.ardikars.jxnet,jxnet-benchmark,1.5.3.RC2,-,-,?,-,false,-
com.ardikars.jxnet,jxnet-context,1.5.3.RC2,-,-,?,-,false,-
com.ardikars.jxnet,jxnet-core,1.5.3.RC2,-,-,?,-,false,-
com.ardikars.jxnet,jxnet-example,1.5.3.RC2,-,-,?,-,false,-
com.ardikars.jxnet,jxnet-spring-boot-autoconfigure,1.5.3.RC2,-,-,?,-,false,-
com.ardikars.jxnet,jxnet-spring-boot-starter,1.5.3.RC2,-,-,?,-,false,-
com.ardikars.jxnet,jxnet-spring-boot-starter-example,1.5.3.RC2,-,-,?,-,false,-
de.kgrupp,inoks-java-utils,0.8.1.1,inoks.java.utils,-,explicit,annotations + com.fasterxml.jackson.core + com.fasterxml.jackson.databind + com.fasterxml.jackson.datatype.joda + com.fasterxml.jackson.datatype.jsr310 + inoks.java.monads + java.base + java.logging + java.xml,false,-
