groupId,artifactId,version,moduleName,moduleVersion,moduleMode,moduleDependencies,jdepsToolError,jdepsViolations
com.landawn,abacus-android,1.3.27,-,-,?,-,false,-
com.landawn,abacus-android-jdk7,1.3.27,-,-,?,-,false,-
com.landawn,abacus-android-se,1.3.27,-,-,?,-,false,-
com.landawn,abacus-android-se-jdk7,1.3.27,-,-,?,-,false,-
com.landawn,abacus-util,1.3.27,-,-,?,-,false,sun.misc.Unsafe                          See http://openjdk.java.net/jeps/260
com.landawn,abacus-util-jdk7,1.3.27,-,-,?,-,false,sun.misc.Unsafe                          See http://openjdk.java.net/jeps/260
org.http4k,http4k-aws,3.105.0,-,-,?,-,false,-
org.http4k,http4k-client-apache,3.105.0,-,-,?,-,false,-
org.http4k,http4k-client-apache-async,3.105.0,-,-,?,-,false,-
org.http4k,http4k-client-jetty,3.105.0,-,-,?,-,false,-
org.http4k,http4k-client-okhttp,3.105.0,-,-,?,-,false,-
org.http4k,http4k-cloudnative,3.105.0,-,-,?,-,false,-
org.http4k,http4k-contract,3.105.0,-,-,?,-,false,-
org.http4k,http4k-core,3.105.0,-,-,?,-,false,-
org.http4k,http4k-multipart,3.105.0,-,-,?,-,false,-
org.http4k,http4k-server-apache,3.105.0,-,-,?,-,false,-
org.http4k,http4k-server-jetty,3.105.0,-,-,?,-,false,-
org.http4k,http4k-server-netty,3.105.0,-,-,?,-,false,-
org.http4k,http4k-server-undertow,3.105.0,-,-,?,-,false,-
ru.curs,celesta-core,7.0.15,-,-,?,-,false,-
ru.curs,celesta-maven-plugin,7.0.15,-,-,?,-,false,-
ru.curs,celesta-sql,7.0.15,-,-,?,-,false,-
ru.curs,celesta-system-services,7.0.15,-,-,?,-,false,-
ru.curs,celesta-unit,7.0.15,-,-,?,-,false,-
