groupId,artifactId,version,moduleName,moduleVersion,moduleMode,moduleDependencies,jdepsToolError,jdepsViolations
org.wso2.carbon.commons,org.wso2.carbon.adc.repositoryinformation.service.stub,4.6.50,-,-,?,-,false,-
org.wso2.carbon.commons,org.wso2.carbon.application.mgt,4.6.50,-,-,?,-,false,-
org.wso2.carbon.commons,org.wso2.carbon.application.mgt.stub,4.6.50,-,-,?,-,false,-
org.wso2.carbon.commons,org.wso2.carbon.application.mgt.ui,4.6.50,-,-,?,-,false,-
org.wso2.carbon.commons,org.wso2.carbon.application.upload,4.6.50,-,-,?,-,false,-
org.wso2.carbon.commons,org.wso2.carbon.caching.invalidator,4.6.50,-,-,?,-,false,-
org.wso2.carbon.commons,org.wso2.carbon.cluster.mgt.admin,4.6.50,-,-,?,-,false,-
org.wso2.carbon.commons,org.wso2.carbon.cluster.mgt.admin.stub,4.6.50,-,-,?,-,false,-
org.wso2.carbon.commons,org.wso2.carbon.cluster.mgt.admin.ui,4.6.50,-,-,?,-,false,-
org.wso2.carbon.commons,org.wso2.carbon.deployment.synchronizer,4.6.50,-,-,?,-,false,-
org.wso2.carbon.commons,org.wso2.carbon.deployment.synchronizer.git,4.6.50,-,-,?,-,false,-
org.wso2.carbon.commons,org.wso2.carbon.deployment.synchronizer.stub,4.6.50,-,-,?,-,false,-
org.wso2.carbon.commons,org.wso2.carbon.deployment.synchronizer.subversion,4.6.50,-,-,?,-,false,-
org.wso2.carbon.commons,org.wso2.carbon.deployment.synchronizer.ui,4.6.50,-,-,?,-,false,-
org.wso2.carbon.commons,org.wso2.carbon.discovery.admin.ui,4.6.50,-,-,?,-,false,-
org.wso2.carbon.commons,org.wso2.carbon.discovery.core,4.6.50,-,-,?,-,false,-
org.wso2.carbon.commons,org.wso2.carbon.discovery.module,4.6.50,-,-,?,-,false,-
org.wso2.carbon.commons,org.wso2.carbon.discovery.stub,4.6.50,-,-,?,-,false,-
org.wso2.carbon.commons,org.wso2.carbon.discovery.ui,4.6.50,-,-,?,-,false,-
org.wso2.carbon.commons,org.wso2.carbon.doc.ui,4.6.50,-,-,?,-,false,-
org.wso2.carbon.commons,org.wso2.carbon.email.verification,4.6.50,-,-,?,-,false,-
org.wso2.carbon.commons,org.wso2.carbon.email.verification.stub,4.6.50,-,-,?,-,false,-
org.wso2.carbon.commons,org.wso2.carbon.email.verification.ui,4.6.50,-,-,?,-,false,-
org.wso2.carbon.commons,org.wso2.carbon.event.admin,4.6.50,-,-,?,-,false,-
org.wso2.carbon.commons,org.wso2.carbon.event.client,4.6.50,-,-,?,-,false,-
org.wso2.carbon.commons,org.wso2.carbon.event.client.stub,4.6.50,-,-,?,-,false,-
org.wso2.carbon.commons,org.wso2.carbon.event.common,4.6.50,-,-,?,-,false,-
org.wso2.carbon.commons,org.wso2.carbon.event.core,4.6.50,-,-,?,-,false,-
org.wso2.carbon.commons,org.wso2.carbon.event.stub,4.6.50,-,-,?,-,false,-
org.wso2.carbon.commons,org.wso2.carbon.event.ui,4.6.50,-,-,?,-,false,-
org.wso2.carbon.commons,org.wso2.carbon.event.ws,4.6.50,-,-,?,-,false,-
org.wso2.carbon.commons,org.wso2.carbon.ganalytics.publisher,4.6.50,-,-,?,-,false,-
org.wso2.carbon.commons,org.wso2.carbon.hostobjects.carbonutil,4.6.50,-,-,?,-,false,-
org.wso2.carbon.commons,org.wso2.carbon.hostobjects.sso,4.6.50,-,-,?,-,false,-
org.wso2.carbon.commons,org.wso2.carbon.identity.authentication,4.6.50,-,-,?,-,false,-
org.wso2.carbon.commons,org.wso2.carbon.identity.entitlement.stub,4.6.50,-,-,?,-,false,-
org.wso2.carbon.commons,org.wso2.carbon.identity.oauth.stub,4.6.50,-,-,?,-,false,-
org.wso2.carbon.commons,org.wso2.carbon.java2wsdl,4.6.50,-,-,?,-,false,-
org.wso2.carbon.commons,org.wso2.carbon.java2wsdl.ui,4.6.50,-,-,?,-,false,-
org.wso2.carbon.commons,org.wso2.carbon.logging.admin.stub,4.6.50,-,-,?,-,false,-
org.wso2.carbon.commons,org.wso2.carbon.logging.admin.ui,4.6.50,-,-,?,-,false,-
org.wso2.carbon.commons,org.wso2.carbon.logging.service,4.6.50,-,-,?,-,false,-
org.wso2.carbon.commons,org.wso2.carbon.logging.view.stub,4.6.50,-,-,?,-,false,-
org.wso2.carbon.commons,org.wso2.carbon.logging.view.ui,4.6.50,-,-,?,-,false,-
org.wso2.carbon.commons,org.wso2.carbon.messageflows,4.6.50,-,-,?,-,false,-
org.wso2.carbon.commons,org.wso2.carbon.messageflows.stub,4.6.50,-,-,?,-,false,-
org.wso2.carbon.commons,org.wso2.carbon.messageflows.ui,4.6.50,-,-,?,-,false,-
org.wso2.carbon.commons,org.wso2.carbon.ndatasource.capp.deployer,4.6.50,-,-,?,-,false,-
org.wso2.carbon.commons,org.wso2.carbon.ndatasource.datasources,4.6.50,-,-,?,-,false,-
org.wso2.carbon.commons,org.wso2.carbon.ndatasource.stub,4.6.50,-,-,?,-,false,-
org.wso2.carbon.commons,org.wso2.carbon.ndatasource.ui,4.6.50,-,-,?,-,false,-
org.wso2.carbon.commons,org.wso2.carbon.ntask.common,4.6.50,-,-,?,-,false,-
org.wso2.carbon.commons,org.wso2.carbon.ntask.core,4.6.50,-,-,?,-,false,-
org.wso2.carbon.commons,org.wso2.carbon.ntask.solutions,4.6.50,-,-,?,-,false,-
org.wso2.carbon.commons,org.wso2.carbon.qpid.stub,4.6.50,-,-,?,-,false,-
org.wso2.carbon.commons,org.wso2.carbon.remote-tasks.stub,4.6.50,-,-,?,-,false,-
org.wso2.carbon.commons,org.wso2.carbon.reporting.api,4.6.50,-,-,?,-,false,-
org.wso2.carbon.commons,org.wso2.carbon.reporting.core,4.6.50,-,-,?,-,false,-
org.wso2.carbon.commons,org.wso2.carbon.reporting.custom.ui,4.6.50,-,-,?,-,false,-
org.wso2.carbon.commons,org.wso2.carbon.reporting.stub,4.6.50,-,-,?,-,false,-
org.wso2.carbon.commons,org.wso2.carbon.reporting.template.core,4.6.50,-,-,?,-,false,-
org.wso2.carbon.commons,org.wso2.carbon.reporting.template.stub,4.6.50,-,-,?,-,false,-
org.wso2.carbon.commons,org.wso2.carbon.reporting.template.ui,4.6.50,-,-,?,-,false,-
org.wso2.carbon.commons,org.wso2.carbon.reporting.ui,4.6.50,-,-,?,-,false,-
org.wso2.carbon.commons,org.wso2.carbon.reporting.util,4.6.50,-,-,?,-,false,-
org.wso2.carbon.commons,org.wso2.carbon.statistics,4.6.50,-,-,?,-,false,-
org.wso2.carbon.commons,org.wso2.carbon.statistics.stub,4.6.50,-,-,?,-,false,-
org.wso2.carbon.commons,org.wso2.carbon.statistics.ui,4.6.50,-,-,?,-,false,-
org.wso2.carbon.commons,org.wso2.carbon.tenant.common,4.6.50,-,-,?,-,false,-
org.wso2.carbon.commons,org.wso2.carbon.tenant.common.stub,4.6.50,-,-,?,-,false,-
org.wso2.carbon.commons,org.wso2.carbon.throttling.agent.stub,4.6.50,-,-,?,-,false,-
org.wso2.carbon.commons,org.wso2.carbon.tools.wsdlvalidator,4.6.50,-,-,?,-,false,-
org.wso2.carbon.commons,org.wso2.carbon.tools.wsdlvalidator.ui,4.6.50,-,-,?,-,false,-
org.wso2.carbon.commons,org.wso2.carbon.tracer,4.6.50,-,-,?,-,false,-
org.wso2.carbon.commons,org.wso2.carbon.tracer.stub,4.6.50,-,-,?,-,false,-
org.wso2.carbon.commons,org.wso2.carbon.tracer.ui,4.6.50,-,-,?,-,false,-
org.wso2.carbon.commons,org.wso2.carbon.transaction.manager,4.6.50,-,-,?,-,false,-
org.wso2.carbon.commons,org.wso2.carbon.tryit,4.6.50,-,-,?,-,false,-
org.wso2.carbon.commons,org.wso2.carbon.tryit.ui,4.6.50,-,-,?,-,false,-
org.wso2.carbon.commons,org.wso2.carbon.url.mapper,4.6.50,-,-,?,-,false,-
org.wso2.carbon.commons,org.wso2.carbon.url.mapper.clustermessage,4.6.50,-,-,?,-,false,-
org.wso2.carbon.commons,org.wso2.carbon.url.mapper.stub,4.6.50,-,-,?,-,false,-
org.wso2.carbon.commons,org.wso2.carbon.url.mapper.ui,4.6.50,-,-,?,-,false,-
org.wso2.carbon.commons,org.wso2.carbon.wsdl2code,4.6.50,-,-,?,-,false,-
org.wso2.carbon.commons,org.wso2.carbon.wsdl2code.stub,4.6.50,-,-,?,-,false,-
org.wso2.carbon.commons,org.wso2.carbon.wsdl2code.ui,4.6.50,-,-,?,-,false,-
org.wso2.carbon.commons,org.wso2.carbon.wsdl2form,4.6.50,-,-,?,-,false,-
