groupId,artifactId,version,moduleName,moduleVersion,moduleMode,moduleDependencies,jdepsToolError,jdepsViolations
com.github.drinkjava2,gosqlgo,1.0.0,-,-,?,-,false,-
com.github.kklisura.cdt,cdt-java-client,1.3.3,-,-,?,-,false,-
com.hotels,hotels-oss-plugin-config,1.2.2,-,-,?,-,false,-
com.jcabi,jcabi-jdbc,0.17.2,-,-,?,-,false,-
com.oceanprotocol,keeper-contracts,0.5.2,-,-,?,-,false,-
com.pep1.jira,jira-spring-boot-client,0.4,-,-,?,-,false,-
com.pep1.jira,jira-spring-boot-client-example,0.4,-,-,?,-,false,-
de.unknownreality,dataframe,0.7.5.3,-,-,?,-,false,-
io.projectreactor,reactor-core,3.2.3.RELEASE,-,-,?,-,false,sun.misc.Unsafe                          See http://openjdk.java.net/jeps/260
io.projectreactor,reactor-test,3.2.3.RELEASE,-,-,?,-,false,-
md.your.gradle,common-settings,0.0.72,-,-,?,-,false,-
org.axonframework.extensions.mongo,axon-mongo,4.0.1,org.axonframework.extensions.mongo,-,automatic,-,false,-
org.rapidpm,rapidpm-vaadin-testbench-ng-m-framework-generic,01.00.00-RPM,-,-,?,-,false,-
org.rapidpm,rapidpm-vaadin-testbench-ng-m-framework-v08,01.00.00-RPM,-,-,?,-,false,-
org.rapidpm,rapidpm-vaadin-testbench-ng-m-framework-v10,01.00.00-RPM,-,-,?,-,false,-
org.rapidpm,rapidpm-vaadin-testbench-ng-m-pageobject,01.00.00-RPM,-,-,?,-,false,-
org.rapidpm,rapidpm-vaadin-testbench-ng-m-pageobject-vaadin-generic,01.00.00-RPM,-,-,?,-,false,-
org.rapidpm,rapidpm-vaadin-testbench-ng-m-pageobject-vaadin-v08-tb,01.00.00-RPM,-,-,?,-,false,-
org.rapidpm,rapidpm-vaadin-testbench-ng-m-pageobject-vaadin-v10-tb,01.00.00-RPM,-,-,?,-,false,-
