groupId,artifactId,version,moduleName,moduleVersion,moduleMode,moduleDependencies,jdepsToolError,jdepsViolations
be.yildiz-games,engine-server,1.0.4,be.yildizgames.engine.server,-,explicit,be.yildizgames.common.authentication + be.yildizgames.common.exception + be.yildizgames.common.gameobject + be.yildizgames.common.geometry + be.yildizgames.common.logging + be.yildizgames.common.mapping + be.yildizgames.common.model + be.yildizgames.common.shape + be.yildizgames.common.util + be.yildizgames.engine.shared + be.yildizgames.module.messaging + be.yildizgames.module.network + be.yildizgames.module.physics + java.base + slf4j.api,false,-
com.amazonaws,aws-android-sdk-apigateway-core,2.9.2,-,-,?,-,false,-
com.amazonaws,aws-android-sdk-autoscaling,2.9.2,-,-,?,-,false,-
com.amazonaws,aws-android-sdk-cloudwatch,2.9.2,-,-,?,-,false,-
com.amazonaws,aws-android-sdk-cognito,2.9.2,-,-,?,-,false,-
com.amazonaws,aws-android-sdk-cognitoidentityprovider,2.9.2,-,-,?,-,false,-
com.amazonaws,aws-android-sdk-comprehend,2.9.2,-,-,?,-,false,-
com.amazonaws,aws-android-sdk-core,2.9.2,-,-,?,-,false,-
com.amazonaws,aws-android-sdk-ddb,2.9.2,-,-,?,-,false,-
com.amazonaws,aws-android-sdk-ddb-document,2.9.2,-,-,?,-,false,-
com.amazonaws,aws-android-sdk-ddb-mapper,2.9.2,-,-,?,-,false,-
com.amazonaws,aws-android-sdk-ec2,2.9.2,-,-,?,-,false,-
com.amazonaws,aws-android-sdk-elb,2.9.2,-,-,?,-,false,-
com.amazonaws,aws-android-sdk-iot,2.9.2,-,-,?,-,false,-
com.amazonaws,aws-android-sdk-kinesis,2.9.2,-,-,?,-,false,-
com.amazonaws,aws-android-sdk-kinesisvideo-archivedmedia,2.9.2,-,-,?,-,false,-
com.amazonaws,aws-android-sdk-kms,2.9.2,-,-,?,-,false,-
com.amazonaws,aws-android-sdk-lambda,2.9.2,-,-,?,-,false,-
com.amazonaws,aws-android-sdk-logs,2.9.2,-,-,?,-,false,-
com.amazonaws,aws-android-sdk-machinelearning,2.9.2,-,-,?,-,false,-
com.amazonaws,aws-android-sdk-mobileanalytics,2.9.2,-,-,?,-,false,-
com.amazonaws,aws-android-sdk-pinpoint,2.9.2,-,-,?,-,false,-
com.amazonaws,aws-android-sdk-polly,2.9.2,-,-,?,-,false,-
com.amazonaws,aws-android-sdk-rekognition,2.9.2,-,-,?,-,false,-
com.amazonaws,aws-android-sdk-s3,2.9.2,-,-,?,-,false,-
com.amazonaws,aws-android-sdk-sdb,2.9.2,-,-,?,-,false,-
com.amazonaws,aws-android-sdk-ses,2.9.2,-,-,?,-,false,-
com.amazonaws,aws-android-sdk-sns,2.9.2,-,-,?,-,false,-
com.amazonaws,aws-android-sdk-sqs,2.9.2,-,-,?,-,false,-
com.amazonaws,aws-android-sdk-transcribe,2.9.2,-,-,?,-,false,-
com.amazonaws,aws-android-sdk-translate,2.9.2,-,-,?,-,false,-
com.diffplug.durian,durian-swt,3.1.0,-,-,?,-,false,-
com.diffplug.durian,durian-swt.cocoa.macosx.x86_64,3.1.0,-,-,?,-,false,-
com.diffplug.durian,durian-swt.gtk.linux.x86,3.1.0,-,-,?,-,false,-
com.diffplug.durian,durian-swt.gtk.linux.x86_64,3.1.0,-,-,?,-,false,-
com.diffplug.durian,durian-swt.os,3.1.0,-,-,?,-,false,-
com.diffplug.durian,durian-swt.win32.win32.x86,3.1.0,-,-,?,-,false,-
com.diffplug.durian,durian-swt.win32.win32.x86_64,3.1.0,-,-,?,-,false,-
com.github.shynixn.structureblocklib,structureblocklib-bukkit-api,1.8.1,-,-,?,-,false,-
com.github.shynixn.structureblocklib,structureblocklib-bukkit-core,1.8.1,-,-,?,-,false,-
com.github.shynixn.structureblocklib,structureblocklib-bukkit-plugin,1.8.1,-,-,?,-,false,-
com.google.cloud.tools,appengine-plugins-core,0.7.2,-,-,?,-,false,-
com.reprezen.genflow,genflow-api,1.1.0,-,-,?,-,false,-
com.reprezen.genflow,genflow-common,1.1.0,-,-,?,-,false,-
com.reprezen.genflow,genflow-tools,1.1.0,-,-,?,-,false,-
com.reprezen.genflow,openapi3-doc,1.1.0,-,-,?,-,false,-
com.reprezen.genflow,openapi-diagram,1.1.0,-,-,?,-,false,-
com.reprezen.genflow,openapi-generator,1.1.0,-,-,?,-,false,-
com.reprezen.genflow,openapi-normalizer,1.1.0,-,-,?,-,false,-
com.reprezen.genflow,rapidml-csharp,1.1.0,-,-,?,-,false,-
com.reprezen.genflow,rapidml-diagram,1.1.0,-,-,?,-,false,-
com.reprezen.genflow,rapidml-doc,1.1.0,-,-,?,-,false,-
com.reprezen.genflow,rapidml-jaxrs,1.1.0,-,-,?,-,false,-
com.reprezen.genflow,rapidml-jsonschema,1.1.0,-,-,?,-,false,-
com.reprezen.genflow,rapidml-nodejs,1.1.0,-,-,?,-,false,-
com.reprezen.genflow,rapidml-swagger,1.1.0,-,-,?,-,false,-
com.reprezen.genflow,rapidml-wadl,1.1.0,-,-,?,-,false,-
com.reprezen.genflow,rapidml-xsd,1.1.0,-,-,?,-,false,-
com.reprezen.genflow,swagger-codegen,1.1.0,-,-,?,-,false,-
com.reprezen.genflow,swagger-doc,1.1.0,-,-,?,-,false,-
com.reprezen.genflow,swagger-nswag,1.1.0,-,-,?,-,false,-
com.reprezen.genflow,swagger-ui,1.1.0,-,-,?,-,false,-
com.reprezen.rapidml,com.reprezen.rapidml,0.0.8,com.reprezen.rapidml,-,automatic,-,false,-
com.reprezen.rapidml,com.reprezen.rapidml.model,0.0.8,com.reprezen.rapidml.model,-,automatic,-,false,-
com.reprezen.rapidml,com.reprezen.rapidml.realization,0.0.8,-,-,?,-,false,-
com.squareup,kotlinpoet,1.0.1,com.squareup.kotlinpoet,-,automatic,-,false,-
com.tiggee.commons,result,0.1.0,-,-,?,-,false,-
de.ruedigermoeller,kontraktor,4.27,-,-,?,-,false,sun.misc.Unsafe                          See http://openjdk.java.net/jeps/260
de.ruedigermoeller,kontraktor-bare,4.27,-,-,?,-,false,-
de.ruedigermoeller,kontraktor-http,4.27,-,-,?,-,false,-
de.ruedigermoeller,kontraktor-web,4.27,-,-,?,-,false,-
de.ruedigermoeller,reallive,4.27,-,-,?,-,false,-
de.ruedigermoeller,service-support,4.27,-,-,?,-,false,-
io.antmedia.api.periscope,PeriscopeAPI,1.3.0,-,-,?,-,false,-
net.nemerosa.ontrack,ontrack-acceptance,3.37.3,-,-,?,-,false,-
net.nemerosa.ontrack,ontrack-client,3.37.3,-,-,?,-,false,-
net.nemerosa.ontrack,ontrack-common,3.37.3,-,-,?,-,false,-
net.nemerosa.ontrack,ontrack-database,3.37.3,-,-,?,-,false,-
net.nemerosa.ontrack,ontrack-docs,3.37.3,-,-,?,-,false,-
net.nemerosa.ontrack,ontrack-dsl,3.37.3,-,-,?,-,false,-
net.nemerosa.ontrack,ontrack-dsl-shell,3.37.3,-,-,?,-,false,-
net.nemerosa.ontrack,ontrack-extension-api,3.37.3,-,-,?,-,false,-
net.nemerosa.ontrack,ontrack-extension-artifactory,3.37.3,-,-,?,-,false,-
net.nemerosa.ontrack,ontrack-extension-combined,3.37.3,-,-,?,-,false,-
net.nemerosa.ontrack,ontrack-extension-general,3.37.3,-,-,?,-,false,-
net.nemerosa.ontrack,ontrack-extension-git,3.37.3,-,-,?,-,false,-
net.nemerosa.ontrack,ontrack-extension-github,3.37.3,-,-,?,-,false,-
net.nemerosa.ontrack,ontrack-extension-gitlab,3.37.3,-,-,?,-,false,-
net.nemerosa.ontrack,ontrack-extension-influxdb,3.37.3,-,-,?,-,false,-
net.nemerosa.ontrack,ontrack-extension-issues,3.37.3,-,-,?,-,false,-
net.nemerosa.ontrack,ontrack-extension-jenkins,3.37.3,-,-,?,-,false,-
net.nemerosa.ontrack,ontrack-extension-jira,3.37.3,-,-,?,-,false,-
net.nemerosa.ontrack,ontrack-extension-ldap,3.37.3,-,-,?,-,false,-
net.nemerosa.ontrack,ontrack-extension-plugin,3.37.3,-,-,?,-,false,-
net.nemerosa.ontrack,ontrack-extension-scm,3.37.3,-,-,?,-,false,-
net.nemerosa.ontrack,ontrack-extension-stale,3.37.3,-,-,?,-,false,-
net.nemerosa.ontrack,ontrack-extension-stash,3.37.3,-,-,?,-,false,-
net.nemerosa.ontrack,ontrack-extension-support,3.37.3,-,-,?,-,false,-
net.nemerosa.ontrack,ontrack-extension-svn,3.37.3,-,-,?,-,false,-
net.nemerosa.ontrack,ontrack-extension-vault,3.37.3,-,-,?,-,false,-
net.nemerosa.ontrack,ontrack-git,3.37.3,-,-,?,-,false,-
net.nemerosa.ontrack,ontrack-it-utils,3.37.3,-,-,?,-,false,-
net.nemerosa.ontrack,ontrack-job,3.37.3,-,-,?,-,false,-
net.nemerosa.ontrack,ontrack-json,3.37.3,-,-,?,-,false,-
net.nemerosa.ontrack,ontrack-model,3.37.3,-,-,?,-,false,-
net.nemerosa.ontrack,ontrack-postgresql-migration,3.37.3,-,-,?,-,false,-
net.nemerosa.ontrack,ontrack-repository,3.37.3,-,-,?,-,false,-
net.nemerosa.ontrack,ontrack-repository-impl,3.37.3,-,-,?,-,false,-
net.nemerosa.ontrack,ontrack-repository-support,3.37.3,-,-,?,-,false,-
net.nemerosa.ontrack,ontrack-service,3.37.3,-,-,?,-,false,-
net.nemerosa.ontrack,ontrack-test-utils,3.37.3,-,-,?,-,false,-
net.nemerosa.ontrack,ontrack-tx,3.37.3,-,-,?,-,false,-
net.nemerosa.ontrack,ontrack-ui,3.37.3,-,-,?,-,false,-
net.nemerosa.ontrack,ontrack-ui-graphql,3.37.3,-,-,?,-,false,-
net.nemerosa.ontrack,ontrack-ui-support,3.37.3,-,-,?,-,false,-
org.clojure,tools.deps.alpha,0.6.474,-,-,?,-,false,-
org.cloudfoundry,cloudfoundry-client,3.15.0.RELEASE,-,-,?,-,false,-
org.cloudfoundry,cloudfoundry-client-reactor,3.15.0.RELEASE,-,-,?,-,false,-
org.cloudfoundry,cloudfoundry-operations,3.15.0.RELEASE,-,-,?,-,false,-
org.cloudfoundry,cloudfoundry-util,3.15.0.RELEASE,-,-,?,-,false,-
ru.vyukov,another-live-refresh-spring-boot-starter,0.3.1,-,-,?,-,false,-
