groupId,artifactId,version,moduleName,moduleVersion,moduleMode,moduleDependencies,jdepsToolError,jdepsViolations
cn.iq99,padb,0.0.6-RELEASE,-,-,?,-,false,-
com.github.shynixn.blockball,blockball-api,6.4.0,-,-,?,-,false,-
com.github.shynixn.blockball,blockball-bukkit-api,6.4.0,-,-,?,-,false,-
com.github.shynixn.blockball,blockball-bukkit-plugin,6.4.0,-,-,?,-,false,sun.misc.Unsafe                          See http://openjdk.java.net/jeps/260
com.github.shynixn.blockball,blockball-core,6.4.0,-,-,?,-,false,-
io.github.xiaoyudeguang,easy-brancher,3.0.3-RELEASE,-,-,?,-,false,-
io.github.xiaoyudeguang,easy-cache,3.0.3-RELEASE,-,-,?,-,false,-
io.github.xiaoyudeguang,easy-core,3.0.3-RELEASE,-,-,?,-,false,-
io.github.xiaoyudeguang,easy-log,3.0.3-RELEASE,-,-,?,-,false,-
io.github.xiaoyudeguang,easy-mybatis,3.0.3-RELEASE,-,-,?,-,false,-
io.github.xiaoyudeguang,easy-socket,3.0.3-RELEASE,-,-,?,-,false,-
io.github.xiaoyudeguang,easy-trunker,3.0.3-RELEASE,-,-,?,-,false,-
org.asciidoctor,asciidoctorj,1.6.0,-,-,?,-,false,-
org.asciidoctor,asciidoctorj-api,1.6.0,-,-,?,-,false,-
