groupId,artifactId,version,moduleName,moduleVersion,moduleMode,moduleDependencies,jdepsToolError,jdepsViolations
com.acanx,acanx-utils,0.0.1.5,-,-,?,-,false,-
com.geirsson,coursier-small_2.10,1.3.2,-,-,?,-,false,-
com.geirsson,coursier-small_2.12,1.3.2,-,-,?,-,false,-
com.geirsson,scalafmt-cli_2.11,2.0.0-RC1,-,-,?,-,false,-
com.geirsson,scalafmt-cli_2.12,2.0.0-RC1,-,-,?,-,false,-
com.geirsson,scalafmt-core_2.11,2.0.0-RC1,-,-,?,-,false,-
com.geirsson,scalafmt-core_2.12,2.0.0-RC1,-,-,?,-,false,-
com.geirsson,scalafmt-core_sjs0.6_2.11,2.0.0-RC1,-,-,?,-,false,-
com.geirsson,scalafmt-core_sjs0.6_2.12,2.0.0-RC1,-,-,?,-,false,-
com.geirsson,scalafmt-dynamic_2.11,2.0.0-RC1,-,-,?,-,false,-
com.geirsson,scalafmt-dynamic_2.12,2.0.0-RC1,-,-,?,-,false,-
com.geirsson,scalafmt-interfaces,2.0.0-RC1,-,-,?,-,false,-
com.softwaremill.tapir,tapir-akka-http-server_2.12,0.0.7,-,-,?,-,false,-
com.softwaremill.tapir,tapir-core_2.12,0.0.7,-,-,?,-,false,-
com.softwaremill.tapir,tapir-http4s-server_2.12,0.0.7,-,-,?,-,false,-
com.softwaremill.tapir,tapir-json-circe_2.12,0.0.7,-,-,?,-,false,-
com.softwaremill.tapir,tapir-openapi-circe_2.12,0.0.7,-,-,?,-,false,-
com.softwaremill.tapir,tapir-openapi-circe-yaml_2.12,0.0.7,-,-,?,-,false,-
com.softwaremill.tapir,tapir-openapi-docs_2.12,0.0.7,-,-,?,-,false,-
com.softwaremill.tapir,tapir-openapi-model_2.12,0.0.7,-,-,?,-,false,-
com.softwaremill.tapir,tapir-sttp-client_2.12,0.0.7,-,-,?,-,false,-
com.solace.cloud.cloudfoundry,solace-spring-cloud-connector,3.1.0,-,-,?,-,false,-
com.yubico,yubico-demo-server,3.0.3,-,-,?,-,false,-
com.yubico,yubico-jaas-module,3.0.3,-,-,?,-,false,-
com.yubico,yubico-validation-client1,3.0.3,-,-,?,-,false,-
com.yubico,yubico-validation-client2,3.0.3,-,-,?,-,false,-
de.wayofquality.blended,blended_2.12,3.0-M2,-,-,?,-,false,-
de.wayofquality.blended,blended.activemq.brokerstarter_2.12,3.0-M2,-,-,?,-,false,-
de.wayofquality.blended,blended.activemq.client_2.12,3.0-M2,-,-,?,-,false,-
de.wayofquality.blended,blended.akka_2.12,3.0-M2,-,-,?,-,false,-
de.wayofquality.blended,blended.akka.http_2.12,3.0-M2,-,-,?,-,false,-
de.wayofquality.blended,blended.akka.http.api_2.12,3.0-M2,-,-,?,-,false,-
de.wayofquality.blended,blended.akka.http.jmsqueue_2.12,3.0-M2,-,-,?,-,false,-
de.wayofquality.blended,blended.akka.http.proxy_2.12,3.0-M2,-,-,?,-,false,-
de.wayofquality.blended,blended.akka.http.restjms_2.12,3.0-M2,-,-,?,-,false,-
de.wayofquality.blended,blended.akka.http.sample.helloworld_2.12,3.0-M2,-,-,?,-,false,-
de.wayofquality.blended,blended.camel.utils_2.12,3.0-M2,-,-,?,-,false,-
de.wayofquality.blended,blended.container.context.api_2.12,3.0-M2,-,-,?,-,false,-
de.wayofquality.blended,blended.container.context.impl_2.12,3.0-M2,-,-,?,-,false,-
de.wayofquality.blended,blended.domino_2.12,3.0-M2,-,-,?,-,false,-
de.wayofquality.blended,blended.file_2.12,3.0-M2,-,-,?,-,false,-
de.wayofquality.blended,blended.hawtio.login_2.12,3.0-M2,-,-,?,-,false,-
de.wayofquality.blended,blended.jetty.boot_2.12,3.0-M2,-,-,?,-,false,-
de.wayofquality.blended,blended.jms.bridge_2.12,3.0-M2,-,-,?,-,false,-
de.wayofquality.blended,blended.jms.sampler_2.12,3.0-M2,-,-,?,-,false,-
de.wayofquality.blended,blended.jms.utils_2.12,3.0-M2,-,-,?,-,false,-
de.wayofquality.blended,blended.jmx_2.12,3.0-M2,-,-,?,-,false,-
de.wayofquality.blended,blended.jolokia_2.12,3.0-M2,-,-,?,-,false,-
de.wayofquality.blended,blended.launcher_2.12,3.0-M2,-,-,?,-,false,-
de.wayofquality.blended,blended.mgmt.agent_2.12,3.0-M2,-,-,?,-,false,-
de.wayofquality.blended,blended.mgmt.base_2.12,3.0-M2,-,-,?,-,false,-
de.wayofquality.blended,blended.mgmt.mock_2.12,3.0-M2,-,-,?,-,false,-
de.wayofquality.blended,blended.mgmt.repo_2.12,3.0-M2,-,-,?,-,false,-
de.wayofquality.blended,blended.mgmt.repo.rest_2.12,3.0-M2,-,-,?,-,false,-
de.wayofquality.blended,blended.mgmt.rest_2.12,3.0-M2,-,-,?,-,false,-
de.wayofquality.blended,blended.mgmt.service.jmx_2.12,3.0-M2,-,-,?,-,false,-
de.wayofquality.blended,blended.mgmt.ws_2.12,3.0-M2,-,-,?,-,false,-
de.wayofquality.blended,blended.persistence_2.12,3.0-M2,-,-,?,-,false,-
de.wayofquality.blended,blended.persistence.h2_2.12,3.0-M2,-,-,?,-,false,-
de.wayofquality.blended,blended.prickle_2.12,3.0-M2,-,-,?,-,false,-
de.wayofquality.blended,blended.prickle.akka.http_2.12,3.0-M2,-,-,?,-,false,-
de.wayofquality.blended,blended.samples.camel_2.12,3.0-M2,-,-,?,-,false,-
de.wayofquality.blended,blended.samples.jms_2.12,3.0-M2,-,-,?,-,false,-
de.wayofquality.blended,blended.security_2.12,3.0-M2,-,-,?,-,false,-
de.wayofquality.blended,blended.security.akka.http_2.12,3.0-M2,-,-,?,-,false,-
de.wayofquality.blended,blended.security.boot_2.12,3.0-M2,-,-,?,-,false,-
de.wayofquality.blended,blended.security.login.api_2.12,3.0-M2,-,-,?,-,false,-
de.wayofquality.blended,blended.security.login.impl_2.12,3.0-M2,-,-,?,-,false,-
de.wayofquality.blended,blended.security.login.rest_2.12,3.0-M2,-,-,?,-,false,sun.misc.BASE64Encoder                   Use java.util.Base64 @since 1.8
de.wayofquality.blended,blended.security.scep_2.12,3.0-M2,-,-,?,-,false,-
de.wayofquality.blended,blended.security.scep.standalone_2.12,3.0-M2,-,-,?,-,false,-
de.wayofquality.blended,blended.security_sjs0.6_2.12,3.0-M2,-,-,?,-,false,-
de.wayofquality.blended,blended.security.ssl_2.12,3.0-M2,-,-,?,-,false,-
de.wayofquality.blended,blended.security.test_2.12,3.0-M2,-,-,?,-,false,-
de.wayofquality.blended,blended.streams_2.12,3.0-M2,-,-,?,-,false,-
de.wayofquality.blended,blended.streams.dispatcher_2.12,3.0-M2,-,-,?,-,false,-
de.wayofquality.blended,blended.streams.testsupport_2.12,3.0-M2,-,-,?,-,false,-
de.wayofquality.blended,blended.testsupport_2.12,3.0-M2,-,-,?,-,false,-
de.wayofquality.blended,blended.testsupport.pojosr_2.12,3.0-M2,-,-,?,-,false,-
de.wayofquality.blended,blended.updater_2.12,3.0-M2,-,-,?,-,false,-
de.wayofquality.blended,blended.updater.config_2.12,3.0-M2,-,-,?,-,false,-
de.wayofquality.blended,blended.updater.config_sjs0.6_2.12,3.0-M2,-,-,?,-,false,-
de.wayofquality.blended,blended.updater.remote_2.12,3.0-M2,-,-,?,-,false,-
de.wayofquality.blended,blended.updater.tools_2.12,3.0-M2,-,-,?,-,false,-
de.wayofquality.blended,blended.util_2.12,3.0-M2,-,-,?,-,false,-
de.wayofquality.blended,blended.util.logging_2.12,3.0-M2,-,-,?,-,false,-
ee.sk.smartid,smart-id-java-client,1.1,-,-,?,-,false,-
io.github.robvanderleek,jlifx,0.5,-,-,?,-,false,-
io.perfana,perfana-gatling-maven-plugin,3.1.0,-,-,?,-,false,-
io.perfana,perfana-jmeter-maven-plugin,1.1.0,-,-,?,-,false,-
io.projectreactor.addons,reactor-adapter,3.2.1.RELEASE,-,-,?,-,false,-
io.projectreactor.addons,reactor-extra,3.2.1.RELEASE,-,-,?,-,false,-
io.projectreactor.addons,reactor-logback,3.2.1.RELEASE,-,-,?,-,false,-
io.radanalytics,abstract-operator,0.4.10,-,-,?,-,false,-
net.sf.jkniv,jkniv-camel-sap-jco3,2.19.0,-,-,?,-,false,-
net.sf.jkniv,jkniv-sap-provider,2.19.0,-,-,?,-,false,-
no.nav.tjenestespesifikasjoner,aktorid-jaxws,1.2019.01.07-15.51-a1bba42f33fc,-,-,?,-,false,-
no.nav.tjenestespesifikasjoner,altinn-correspondence-agency-external,1.2019.01.07-15.51-a1bba42f33fc,-,-,?,-,false,-
no.nav.tjenestespesifikasjoner,altinn-download-queue-external,1.2019.01.07-15.51-a1bba42f33fc,-,-,?,-,false,-
no.nav.tjenestespesifikasjoner,altinn-pre-fill,1.2019.01.07-15.51-a1bba42f33fc,-,-,?,-,false,-
no.nav.tjenestespesifikasjoner,arbeidogaktivitet-tjenestespesifikasjon,1.2019.01.07-15.51-a1bba42f33fc,-,-,?,-,false,-
no.nav.tjenestespesifikasjoner,arbeidsfordeling-v1-tjenestespesifikasjon,1.2019.01.07-15.51-a1bba42f33fc,-,-,?,-,false,-
no.nav.tjenestespesifikasjoner,arbeidsforholdv3-tjenestespesifikasjon,1.2019.01.07-15.51-a1bba42f33fc,-,-,?,-,false,-
no.nav.tjenestespesifikasjoner,arena-arbeid-og-aktivitet,1.2019.01.07-15.51-a1bba42f33fc,-,-,?,-,false,-
no.nav.tjenestespesifikasjoner,arena-arbeid-og-aktivitet-gosys,1.2019.01.07-15.51-a1bba42f33fc,-,-,?,-,false,-
no.nav.tjenestespesifikasjoner,arena-maalgruppe_v1,1.2019.01.07-15.51-a1bba42f33fc,-,-,?,-,false,-
no.nav.tjenestespesifikasjoner,arena-personinfo-tjenestespesifikasjon,1.2019.01.07-15.51-a1bba42f33fc,-,-,?,-,false,-
no.nav.tjenestespesifikasjoner,arena-sakOgAktivitet_v1,1.2019.01.07-15.51-a1bba42f33fc,-,-,?,-,false,-
no.nav.tjenestespesifikasjoner,behandleArbeidOgAktivitetOppgave-v1-tjenestespesifikasjon,1.2019.01.07-15.51-a1bba42f33fc,-,-,?,-,false,-
no.nav.tjenestespesifikasjoner,behandledokumentforsendelse-v1-tjenestespesifikasjon,1.2019.01.07-15.51-a1bba42f33fc,-,-,?,-,false,-
no.nav.tjenestespesifikasjoner,behandleforeldrepengesak-v1-tjenestespesifikasjon,1.2019.01.07-15.51-a1bba42f33fc,-,-,?,-,false,-
no.nav.tjenestespesifikasjoner,behandleForsendelse-udi-brevdata,1.2019.01.07-15.51-a1bba42f33fc,-,-,?,-,false,-
no.nav.tjenestespesifikasjoner,behandleForsendelse-v1,1.2019.01.07-15.51-a1bba42f33fc,-,-,?,-,false,-
no.nav.tjenestespesifikasjoner,behandle-henvendelse,1.2019.01.07-15.51-a1bba42f33fc,-,-,?,-,false,-
no.nav.tjenestespesifikasjoner,behandle-medlemskap-v1-tjenestespesifikasjon,1.2019.01.07-15.51-a1bba42f33fc,-,-,?,-,false,-
no.nav.tjenestespesifikasjoner,behandle-moetev1-tjenestespesifikasjon,1.2019.01.07-15.51-a1bba42f33fc,-,-,?,-,false,-
no.nav.tjenestespesifikasjoner,behandleoppgave-v1-tjenestespesifikasjon,1.2019.01.07-15.51-a1bba42f33fc,-,-,?,-,false,-
no.nav.tjenestespesifikasjoner,behandle-person-v1-tjenestespesifikasjon,1.2019.01.07-15.51-a1bba42f33fc,-,-,?,-,false,-
no.nav.tjenestespesifikasjoner,behandlesak-v2-tjenestespesifikasjon,1.2019.01.07-15.51-a1bba42f33fc,-,-,?,-,false,-
no.nav.tjenestespesifikasjoner,behandle-sykefravaersoppfoelgingv1-tjenestespesifikasjon,1.2019.01.07-15.51-a1bba42f33fc,-,-,?,-,false,-
no.nav.tjenestespesifikasjoner,behandle-sykmeldingv1-tjenestespesifikasjon,1.2019.01.07-15.51-a1bba42f33fc,-,-,?,-,false,-
no.nav.tjenestespesifikasjoner,besvare-henvendelse-tjenestespesifikasjon,1.2019.01.07-15.51-a1bba42f33fc,-,-,?,-,false,-
no.nav.tjenestespesifikasjoner,brukerdialog-behandleAktivitetsplan-v1-tjenestespesifikasjon,1.2019.01.07-15.51-a1bba42f33fc,-,-,?,-,false,-
no.nav.tjenestespesifikasjoner,brukerprofil-tjenestespesifikasjon,1.2019.01.07-15.51-a1bba42f33fc,-,-,?,-,false,-
no.nav.tjenestespesifikasjoner,brukerprofil-v2-tjenestespesifikasjon,1.2019.01.07-15.51-a1bba42f33fc,-,-,?,-,false,-
no.nav.tjenestespesifikasjoner,brukerprofil-v3-tjenestespesifikasjon,1.2019.01.07-15.51-a1bba42f33fc,-,-,?,-,false,-
no.nav.tjenestespesifikasjoner,brukervarsel-v1-tjenestespesifikasjon,1.2019.01.07-15.51-a1bba42f33fc,-,-,?,-,false,-
no.nav.tjenestespesifikasjoner,cons-sak-gosys-tjenestespesifikasjon,1.2019.01.07-15.51-a1bba42f33fc,-,-,?,-,false,-
no.nav.tjenestespesifikasjoner,dial-nav-tjeneste-aktoer_v2,1.2019.01.07-15.51-a1bba42f33fc,-,-,?,-,false,-
no.nav.tjenestespesifikasjoner,dial-nav-tjeneste-behandlesak,1.2019.01.07-15.51-a1bba42f33fc,-,-,?,-,false,-
no.nav.tjenestespesifikasjoner,dial-nav-tjeneste-pensjonSak,1.2019.01.07-15.51-a1bba42f33fc,-,-,?,-,false,-
no.nav.tjenestespesifikasjoner,dial-nav-tjeneste-sak,1.2019.01.07-15.51-a1bba42f33fc,-,-,?,-,false,-
no.nav.tjenestespesifikasjoner,dialogarena-behandlingsinformasjon,1.2019.01.07-15.51-a1bba42f33fc,-,-,?,-,false,-
no.nav.tjenestespesifikasjoner,dialog-v1-tjenestespesifikasjon,1.2019.01.07-15.51-a1bba42f33fc,-,-,?,-,false,-
no.nav.tjenestespesifikasjoner,digisyfo-naermesteLeder,1.2019.01.07-15.51-a1bba42f33fc,-,-,?,-,false,-
no.nav.tjenestespesifikasjoner,digisyfo-sykmelding,1.2019.01.07-15.51-a1bba42f33fc,-,-,?,-,false,-
no.nav.tjenestespesifikasjoner,diskresjonskodev1-tjenestespesifikasjon,1.2019.01.07-15.51-a1bba42f33fc,-,-,?,-,false,-
no.nav.tjenestespesifikasjoner,dkif-tjenestespesifikasjon,1.2019.01.07-15.51-a1bba42f33fc,-,-,?,-,false,-
no.nav.tjenestespesifikasjoner,dokumentforsendelse-v1-meldingsdefinisjon,1.2019.01.07-15.51-a1bba42f33fc,-,-,?,-,false,-
no.nav.tjenestespesifikasjoner,dokumentinfo-tjenestespesifikasjon,1.2019.01.07-15.51-a1bba42f33fc,-,-,?,-,false,-
no.nav.tjenestespesifikasjoner,dokumentinnsending-jaxws,1.2019.01.07-15.51-a1bba42f33fc,-,-,?,-,false,-
no.nav.tjenestespesifikasjoner,dokumentproduksjon-v2-tjenestespesifikasjon,1.2019.01.07-15.51-a1bba42f33fc,-,-,?,-,false,-
no.nav.tjenestespesifikasjoner,dokumentproduksjon-v3-tjenestespesifikasjon,1.2019.01.07-15.51-a1bba42f33fc,-,-,?,-,false,-
no.nav.tjenestespesifikasjoner,egenansatt-v1-tjenestespesifikasjon,1.2019.01.07-15.51-a1bba42f33fc,-,-,?,-,false,-
no.nav.tjenestespesifikasjoner,ekstern-helse-helsepersonell-tjenestespesifikasjon,1.2019.01.07-15.51-a1bba42f33fc,-,-,?,-,false,-
no.nav.tjenestespesifikasjoner,elektronisknotifikasjon-utsending-tjenestespesifikasjon,1.2019.01.07-15.51-a1bba42f33fc,-,-,?,-,false,-
no.nav.tjenestespesifikasjoner,enhet-v1-tjenestespesifikasjon,1.2019.01.07-15.51-a1bba42f33fc,-,-,?,-,false,-
no.nav.tjenestespesifikasjoner,fillager-tjenestespesifikasjon,1.2019.01.07-15.51-a1bba42f33fc,-,-,?,-,false,-
no.nav.tjenestespesifikasjoner,foreldrepengesak-v1-tjenestespesifikasjon,1.2019.01.07-15.51-a1bba42f33fc,-,-,?,-,false,-
no.nav.tjenestespesifikasjoner,gsak-oppgave-tjenestespesifikasjon,1.2019.01.07-15.51-a1bba42f33fc,-,-,?,-,false,-
no.nav.tjenestespesifikasjoner,henvendelse-arkivering-aktivitet,1.2019.01.07-15.51-a1bba42f33fc,-,-,?,-,false,-
no.nav.tjenestespesifikasjoner,henvendelse-arkivering-common,1.2019.01.07-15.51-a1bba42f33fc,-,-,?,-,false,-
no.nav.tjenestespesifikasjoner,henvendelse-arkivering-informasjon,1.2019.01.07-15.51-a1bba42f33fc,-,-,?,-,false,-
no.nav.tjenestespesifikasjoner,henvendelse-behandlingsresultat,1.2019.01.07-15.51-a1bba42f33fc,-,-,?,-,false,-
no.nav.tjenestespesifikasjoner,henvendelse-felles-tjenestespesifikasjon,1.2019.01.07-15.51-a1bba42f33fc,-,-,?,-,false,-
no.nav.tjenestespesifikasjoner,henvendelse-informasjon-v2,1.2019.01.07-15.51-a1bba42f33fc,-,-,?,-,false,-
no.nav.tjenestespesifikasjoner,henvendelse-jaxws,1.2019.01.07-15.51-a1bba42f33fc,-,-,?,-,false,-
no.nav.tjenestespesifikasjoner,henvendelse-meldinger-tjenestespesifikasjon,1.2019.01.07-15.51-a1bba42f33fc,-,-,?,-,false,-
no.nav.tjenestespesifikasjoner,henvendelse-soknader-tjenestespesifikasjon,1.2019.01.07-15.51-a1bba42f33fc,-,-,?,-,false,-
no.nav.tjenestespesifikasjoner,innsyn-henvendelse,1.2019.01.07-15.51-a1bba42f33fc,-,-,?,-,false,-
no.nav.tjenestespesifikasjoner,innsynjournal-tjenestespesifikasjon,1.2019.01.07-15.51-a1bba42f33fc,-,-,?,-,false,-
no.nav.tjenestespesifikasjoner,institusjon-v1-tjenestespesifikasjon,1.2019.01.07-15.51-a1bba42f33fc,-,-,?,-,false,-
no.nav.tjenestespesifikasjoner,jaxb-adapters,1.2019.01.07-15.51-a1bba42f33fc,-,-,?,-,false,-
no.nav.tjenestespesifikasjoner,joark-tjenestespesifikasjon,1.2019.01.07-15.51-a1bba42f33fc,-,-,?,-,false,-
no.nav.tjenestespesifikasjoner,journal-v1-tjenestespesifikasjon,1.2019.01.07-15.51-a1bba42f33fc,-,-,?,-,false,-
no.nav.tjenestespesifikasjoner,juridisk-logg,1.2019.01.07-15.51-a1bba42f33fc,-,-,?,-,false,-
no.nav.tjenestespesifikasjoner,kodeverk-tjenestespesifikasjon,1.2019.01.07-15.51-a1bba42f33fc,-,-,?,-,false,-
no.nav.tjenestespesifikasjoner,medlemskap-v1-tjenestespesifikasjon,1.2019.01.07-15.51-a1bba42f33fc,-,-,?,-,false,-
no.nav.tjenestespesifikasjoner,moetev1-tjenestespesifikasjon,1.2019.01.07-15.51-a1bba42f33fc,-,-,?,-,false,-
no.nav.tjenestespesifikasjoner,nav-arbeidsforhold-v3-tjenestespesifikasjon,1.2019.01.07-15.51-a1bba42f33fc,-,-,?,-,false,-
no.nav.tjenestespesifikasjoner,nav-behandleInngaaendeJournal-v1-tjenestespesifikasjon,1.2019.01.07-15.51-a1bba42f33fc,-,-,?,-,false,-
no.nav.tjenestespesifikasjoner,nav-fim-aktoer-v1-tjenestespesifikasjon,1.2019.01.07-15.51-a1bba42f33fc,-,-,?,-,false,-
no.nav.tjenestespesifikasjoner,nav-fim-aktoer-v2-tjenestespesifikasjon,1.2019.01.07-15.51-a1bba42f33fc,-,-,?,-,false,-
no.nav.tjenestespesifikasjoner,nav-fim-arbeidsforhold-v1-tjenestespesifikasjon,1.2019.01.07-15.51-a1bba42f33fc,-,-,?,-,false,-
no.nav.tjenestespesifikasjoner,nav-fim-behandleBrukerprofil-v1-tjenestespesifikasjon,1.2019.01.07-15.51-a1bba42f33fc,-,-,?,-,false,-
no.nav.tjenestespesifikasjoner,nav-fim-behandleJournal-v1-tjenestespesifikasjon,1.2019.01.07-15.51-a1bba42f33fc,-,-,?,-,false,-
no.nav.tjenestespesifikasjoner,nav-fim-behandleJournal-v2-tjenestespesifikasjon,1.2019.01.07-15.51-a1bba42f33fc,-,-,?,-,false,-
no.nav.tjenestespesifikasjoner,nav-fim-behandleJournal-v3-tjenestespesifikasjon,1.2019.01.07-15.51-a1bba42f33fc,-,-,?,-,false,-
no.nav.tjenestespesifikasjoner,nav-fim-behandleSakOgBehandling-v1-tjenestespesifikasjon,1.2019.01.07-15.51-a1bba42f33fc,-,-,?,-,false,-
no.nav.tjenestespesifikasjoner,nav-fim-brukerhendelse-v1-tjenestespesifikasjon,1.2019.01.07-15.51-a1bba42f33fc,-,-,?,-,false,-
no.nav.tjenestespesifikasjoner,nav-fim-brukerprofil-v1-tjenestespesifikasjon,1.2019.01.07-15.51-a1bba42f33fc,-,-,?,-,false,-
no.nav.tjenestespesifikasjoner,nav-fim-coma-v2-tjenestespesifikasjon,1.2019.01.07-15.51-a1bba42f33fc,-,-,?,-,false,-
no.nav.tjenestespesifikasjoner,nav-fim-draco-v2-tjenestespesifikasjon,1.2019.01.07-15.51-a1bba42f33fc,-,-,?,-,false,-
no.nav.tjenestespesifikasjoner,nav-fim-echo-tjenestespesifikasjon,1.2019.01.07-15.51-a1bba42f33fc,-,-,?,-,false,-
no.nav.tjenestespesifikasjoner,nav-fim-foreldrepenger-v1-tjenestespesifikasjon,1.2019.01.07-15.51-a1bba42f33fc,-,-,?,-,false,-
no.nav.tjenestespesifikasjoner,nav-fim-henvendelsesbehandling-tjenestespesifikasjon,1.2019.01.07-15.51-a1bba42f33fc,-,-,?,-,false,-
no.nav.tjenestespesifikasjoner,nav-fim-inntekt-v3-tjenestespesifikasjon,1.2019.01.07-15.51-a1bba42f33fc,-,-,?,-,false,-
no.nav.tjenestespesifikasjoner,nav-fim-journal-v1-tjenestespesifikasjon,1.2019.01.07-15.51-a1bba42f33fc,-,-,?,-,false,-
no.nav.tjenestespesifikasjoner,nav-fim-kodeverk-v1-tjenestespesifikasjon,1.2019.01.07-15.51-a1bba42f33fc,-,-,?,-,false,-
no.nav.tjenestespesifikasjoner,nav-fim-kodeverk-v2-tjenestespesifikasjon,1.2019.01.07-15.51-a1bba42f33fc,-,-,?,-,false,-
no.nav.tjenestespesifikasjoner,nav-fim-oppfoelging-v1-tjenestespesifikasjon,1.2019.01.07-15.51-a1bba42f33fc,-,-,?,-,false,-
no.nav.tjenestespesifikasjoner,nav-fim-oppfolging-v1-tjenestespesifikasjon,1.2019.01.07-15.51-a1bba42f33fc,-,-,?,-,false,-
no.nav.tjenestespesifikasjoner,nav-fim-oppgave-v3-tjenestespesifikasjon,1.2019.01.07-15.51-a1bba42f33fc,-,-,?,-,false,-
no.nav.tjenestespesifikasjoner,nav-fim-organisasjon-v1-tjenestespesifikasjon,1.2019.01.07-15.51-a1bba42f33fc,-,-,?,-,false,-
no.nav.tjenestespesifikasjoner,nav-fim-organisasjon-v2-tjenestespesifikasjon,1.2019.01.07-15.51-a1bba42f33fc,-,-,?,-,false,-
no.nav.tjenestespesifikasjoner,nav-fim-organisasjon-v3-tjenestespesifikasjon,1.2019.01.07-15.51-a1bba42f33fc,-,-,?,-,false,-
no.nav.tjenestespesifikasjoner,nav-fim-organisasjon-v4-tjenestespesifikasjon,1.2019.01.07-15.51-a1bba42f33fc,-,-,?,-,false,-
no.nav.tjenestespesifikasjoner,nav-fim-organisasjon-v5-tjenestespesifikasjon,1.2019.01.07-15.51-a1bba42f33fc,-,-,?,-,false,-
no.nav.tjenestespesifikasjoner,nav-fim-personsok-v1-tjenestespesifikasjon,1.2019.01.07-15.51-a1bba42f33fc,-,-,?,-,false,-
no.nav.tjenestespesifikasjoner,nav-fim-person-v1-tjenestespesifikasjon,1.2019.01.07-15.51-a1bba42f33fc,-,-,?,-,false,-
no.nav.tjenestespesifikasjoner,nav-fim-sakOgBehandling-v1-tjenestespesifikasjon,1.2019.01.07-15.51-a1bba42f33fc,-,-,?,-,false,-
no.nav.tjenestespesifikasjoner,nav-fim-sak-v1-tjenestespesifikasjon,1.2019.01.07-15.51-a1bba42f33fc,-,-,?,-,false,-
no.nav.tjenestespesifikasjoner,nav-fim-sykepenger-v1-tjenestespesifikasjon,1.2019.01.07-15.51-a1bba42f33fc,-,-,?,-,false,-
no.nav.tjenestespesifikasjoner,nav-fim-virgo-v1-tjenestespesifikasjon,1.2019.01.07-15.51-a1bba42f33fc,-,-,?,-,false,-
no.nav.tjenestespesifikasjoner,nav-fim-virgo-v2-tjenestespesifikasjon,1.2019.01.07-15.51-a1bba42f33fc,-,-,?,-,false,-
no.nav.tjenestespesifikasjoner,nav-fim-ytelseskontrakt-v1-tjenestespesifikasjon,1.2019.01.07-15.51-a1bba42f33fc,-,-,?,-,false,-
no.nav.tjenestespesifikasjoner,nav-fim-ytelse-v1-tjenestespesifikasjon,1.2019.01.07-15.51-a1bba42f33fc,-,-,?,-,false,-
no.nav.tjenestespesifikasjoner,nav-hentsykepengeliste-v2-tjenestespesifikasjon,1.2019.01.07-15.51-a1bba42f33fc,-,-,?,-,false,-
no.nav.tjenestespesifikasjoner,nav-infotrygdBeregningsgrunnlag-v1-tjenestespesifikasjon,1.2019.01.07-15.51-a1bba42f33fc,-,-,?,-,false,-
no.nav.tjenestespesifikasjoner,nav-infotrygdSak-v1-tjenestespesifikasjon,1.2019.01.07-15.51-a1bba42f33fc,-,-,?,-,false,-
no.nav.tjenestespesifikasjoner,nav-inngaaendeJournal-v1-tjenestespesifikasjon,1.2019.01.07-15.51-a1bba42f33fc,-,-,?,-,false,-
no.nav.tjenestespesifikasjoner,nav-journal-v2-tjenestespesifikasjon,1.2019.01.07-15.51-a1bba42f33fc,-,-,?,-,false,-
no.nav.tjenestespesifikasjoner,nav-journal-v3-tjenestespesifikasjon,1.2019.01.07-15.51-a1bba42f33fc,-,-,?,-,false,-
no.nav.tjenestespesifikasjoner,nav-medlemskap-v2-tjenestespesifikasjon,1.2019.01.07-15.51-a1bba42f33fc,-,-,?,-,false,-
no.nav.tjenestespesifikasjoner,nav-meldekortUtbetalingsgrunnlag-v1-tjenestespesifikasjon,1.2019.01.07-15.51-a1bba42f33fc,-,-,?,-,false,-
no.nav.tjenestespesifikasjoner,nav-pip-diskresjonskode-tjenestespesifikasjon,1.2019.01.07-15.51-a1bba42f33fc,-,-,?,-,false,-
no.nav.tjenestespesifikasjoner,nav-pip-pipEgenAnsatt-v1-tjenestespesifikasjon,1.2019.01.07-15.51-a1bba42f33fc,-,-,?,-,false,-
no.nav.tjenestespesifikasjoner,nav-virksomhet-loependeYtelser-v1-meldingsdefinisjon,1.2019.01.07-15.51-a1bba42f33fc,-,-,?,-,false,-
no.nav.tjenestespesifikasjoner,nav-virksomhet-tiltakOgAktiviteterForBrukere-v1-meldingsdefinisjon,1.2019.01.07-15.51-a1bba42f33fc,-,-,?,-,false,-
no.nav.tjenestespesifikasjoner,no-nav-dok-tjenester-mottainngaaendeforsendelse,1.2019.01.07-15.51-a1bba42f33fc,-,-,?,-,false,-
no.nav.tjenestespesifikasjoner,notat-tjenestespesifikasjon,1.2019.01.07-15.51-a1bba42f33fc,-,-,?,-,false,-
no.nav.tjenestespesifikasjoner,oppfoelging-v1-tjenestespesifikasjon,1.2019.01.07-15.51-a1bba42f33fc,-,-,?,-,false,-
no.nav.tjenestespesifikasjoner,oppfolgingsinfo-v1-tjenestespesifikasjon,1.2019.01.07-15.51-a1bba42f33fc,-,-,?,-,false,-
no.nav.tjenestespesifikasjoner,oppgavebehandling-tjenestespesifikasjon,1.2019.01.07-15.51-a1bba42f33fc,-,-,?,-,false,-
no.nav.tjenestespesifikasjoner,oppgavebehandling-v3-tjenestespesifikasjon,1.2019.01.07-15.51-a1bba42f33fc,-,-,?,-,false,-
no.nav.tjenestespesifikasjoner,oppgave-v3-tjenestespesifikasjon,1.2019.01.07-15.51-a1bba42f33fc,-,-,?,-,false,-
no.nav.tjenestespesifikasjoner,organisasjonenhetkontaktinformasjon-v1-tjenestespesifikasjon,1.2019.01.07-15.51-a1bba42f33fc,-,-,?,-,false,-
no.nav.tjenestespesifikasjoner,organisasjonenhetkontaktinformasjon-v2-tjenestespesifikasjon,1.2019.01.07-15.51-a1bba42f33fc,-,-,?,-,false,-
no.nav.tjenestespesifikasjoner,organisasjonenhet-v1-tjenestespesifikasjon,1.2019.01.07-15.51-a1bba42f33fc,-,-,?,-,false,-
no.nav.tjenestespesifikasjoner,organisasjonenhet-v2-tjenestespesifikasjon,1.2019.01.07-15.51-a1bba42f33fc,-,-,?,-,false,-
no.nav.tjenestespesifikasjoner,organisasjon-ressurs-enhet-v1-tjenestespesifikasjon,1.2019.01.07-15.51-a1bba42f33fc,-,-,?,-,false,-
no.nav.tjenestespesifikasjoner,organisasjonv4-tjenestespesifikasjon,1.2019.01.07-15.51-a1bba42f33fc,-,-,?,-,false,-
no.nav.tjenestespesifikasjoner,pensjonsak-esb-tjenestespesifikasjon,1.2019.01.07-15.51-a1bba42f33fc,-,-,?,-,false,-
no.nav.tjenestespesifikasjoner,pensjon-sak-v1-tjenestespesifikasjon,1.2019.01.07-15.51-a1bba42f33fc,-,-,?,-,false,-
no.nav.tjenestespesifikasjoner,person-sammenslaatt-v1,1.2019.01.07-15.51-a1bba42f33fc,-,-,?,-,false,-
no.nav.tjenestespesifikasjoner,personsok-esb-tjenestespesifikasjon,1.2019.01.07-15.51-a1bba42f33fc,-,-,?,-,false,-
no.nav.tjenestespesifikasjoner,person-splittet-v1,1.2019.01.07-15.51-a1bba42f33fc,-,-,?,-,false,-
no.nav.tjenestespesifikasjoner,person-v1-esb-tjenestespesifikasjon,1.2019.01.07-15.51-a1bba42f33fc,-,-,?,-,false,-
no.nav.tjenestespesifikasjoner,person-v2-tjenestespesifikasjon,1.2019.01.07-15.51-a1bba42f33fc,-,-,?,-,false,-
no.nav.tjenestespesifikasjoner,person-v3-tjenestespesifikasjon,1.2019.01.07-15.51-a1bba42f33fc,-,-,?,-,false,-
no.nav.tjenestespesifikasjoner,pleiepenger-v1-tjenestespesifikasjon,1.2019.01.07-15.51-a1bba42f33fc,-,-,?,-,false,-
no.nav.tjenestespesifikasjoner,sakogbehandling-tjenestespesifikasjon,1.2019.01.07-15.51-a1bba42f33fc,-,-,?,-,false,-
no.nav.tjenestespesifikasjoner,sak-v2-tjenestespesifikasjon,1.2019.01.07-15.51-a1bba42f33fc,-,-,?,-,false,-
no.nav.tjenestespesifikasjoner,sanntidpdfkonverter,1.2019.01.07-15.51-a1bba42f33fc,-,-,?,-,false,-
no.nav.tjenestespesifikasjoner,send-inn-henvendelse,1.2019.01.07-15.51-a1bba42f33fc,-,-,?,-,false,-
no.nav.tjenestespesifikasjoner,sendsoknad-tjenestespesifikasjon,1.2019.01.07-15.51-a1bba42f33fc,-,-,?,-,false,-
no.nav.tjenestespesifikasjoner,send-ut-henvendelse,1.2019.01.07-15.51-a1bba42f33fc,-,-,?,-,false,-
no.nav.tjenestespesifikasjoner,soeknadsskjemaEngangsstoenad-v1-meldingsdefinisjon,1.2019.01.07-15.51-a1bba42f33fc,-,-,?,-,false,-
no.nav.tjenestespesifikasjoner,soeknadsskjemaSosialhjelp-v1-meldingsdefinisjon,1.2019.01.07-15.51-a1bba42f33fc,-,-,?,-,false,-
no.nav.tjenestespesifikasjoner,soeknadsskjemaSosialhjelp-v1-saksoversiktdefinisjon,1.2019.01.07-15.51-a1bba42f33fc,-,-,?,-,false,-
no.nav.tjenestespesifikasjoner,soeknadsskjemaSosialhjelp-v1-soknaddefinisjon,1.2019.01.07-15.51-a1bba42f33fc,-,-,?,-,false,-
no.nav.tjenestespesifikasjoner,soeknadsskjemaSosialhjelp-v1-vedleggdefinisjon,1.2019.01.07-15.51-a1bba42f33fc,-,-,?,-,false,-
no.nav.tjenestespesifikasjoner,sporsmalinnsending-tjenestespesifikasjon,1.2019.01.07-15.51-a1bba42f33fc,-,-,?,-,false,-
no.nav.tjenestespesifikasjoner,startregistreringstatus-v1-tjenestespesifikasjon,1.2019.01.07-15.51-a1bba42f33fc,-,-,?,-,false,-
no.nav.tjenestespesifikasjoner,svarut-ks-forsendelsesservice,1.2019.01.07-15.51-a1bba42f33fc,-,-,?,-,false,-
no.nav.tjenestespesifikasjoner,sykefravaersoppfoelgingv1-tjenestespesifikasjon,1.2019.01.07-15.51-a1bba42f33fc,-,-,?,-,false,-
no.nav.tjenestespesifikasjoner,sykmelderstatistikk-tjenestespesifikasjon,1.2019.01.07-15.51-a1bba42f33fc,-,-,?,-,false,-
no.nav.tjenestespesifikasjoner,sykmeldingv1-tjenestespesifikasjon,1.2019.01.07-15.51-a1bba42f33fc,-,-,?,-,false,-
no.nav.tjenestespesifikasjoner,testvarsel-opprettelse,1.2019.01.07-15.51-a1bba42f33fc,-,-,?,-,false,-
no.nav.tjenestespesifikasjoner,tildeloppgave-v1-tjenestespesifikasjon,1.2019.01.07-15.51-a1bba42f33fc,-,-,?,-,false,-
no.nav.tjenestespesifikasjoner,tmp-nav-fim-hendelse-v1,1.2019.01.07-15.51-a1bba42f33fc,-,-,?,-,false,-
no.nav.tjenestespesifikasjoner,tps-distribusjonsmelding,1.2019.01.07-15.51-a1bba42f33fc,-,-,?,-,false,-
no.nav.tjenestespesifikasjoner,udi-personstatus-v1,1.2019.01.07-15.51-a1bba42f33fc,-,-,?,-,false,-
no.nav.tjenestespesifikasjoner,utbetaling-tjenestespesifikasjon,1.2019.01.07-15.51-a1bba42f33fc,-,-,?,-,false,-
no.nav.tjenestespesifikasjoner,utenrikstjenesten-tjenestespesifikasjon,1.2019.01.07-15.51-a1bba42f33fc,-,-,?,-,false,-
no.nav.tjenestespesifikasjoner,varseldittnav-tjenestespesifikasjon,1.2019.01.07-15.51-a1bba42f33fc,-,-,?,-,false,-
no.nav.tjenestespesifikasjoner,varsel-inn,1.2019.01.07-15.51-a1bba42f33fc,-,-,?,-,false,-
no.nav.tjenestespesifikasjoner,varselkvittering,1.2019.01.07-15.51-a1bba42f33fc,-,-,?,-,false,-
no.nav.tjenestespesifikasjoner,varseltekster,1.2019.01.07-15.51-a1bba42f33fc,-,-,?,-,false,-
no.nav.tjenestespesifikasjoner,varselutsending,1.2019.01.07-15.51-a1bba42f33fc,-,-,?,-,false,-
no.nav.tjenestespesifikasjoner,varsler,1.2019.01.07-15.51-a1bba42f33fc,-,-,?,-,false,-
no.nav.tjenestespesifikasjoner,veiledervarsel,1.2019.01.07-15.51-a1bba42f33fc,-,-,?,-,false,-
no.nav.tjenestespesifikasjoner,ytelseskontrakt-v3-tjenestespesifikasjon,1.2019.01.07-15.51-a1bba42f33fc,-,-,?,-,false,-
org.fissore,slf4j-fluent,0.1.0,-,-,?,-,false,-
org.javers,javers-core,5.1.2,-,-,?,-,false,-
org.javers,javers-persistence-mongo,5.1.2,-,-,?,-,false,-
org.javers,javers-persistence-sql,5.1.2,-,-,?,-,false,-
org.javers,javers-spring,5.1.2,-,-,?,-,false,-
org.javers,javers-spring-boot-starter-mongo,5.1.2,-,-,?,-,false,-
org.javers,javers-spring-boot-starter-sql,5.1.2,-,-,?,-,false,-
org.javers,javers-spring-jpa,5.1.2,-,-,?,-,false,-
org.javers,javers-spring-mongo,5.1.2,-,-,?,-,false,-
org.sinnlabs,zk-codemirror,0.4,-,-,?,-,false,-
org.sonarsource.scanner.api,sonar-scanner-api,2.12.0.1661,-,-,?,-,false,-
org.sonarsource.scanner.api,sonar-scanner-api-batch,2.12.0.1661,-,-,?,-,false,-
org.sonarsource.scanner.api,sonar-scanner-api-batch-interface,2.12.0.1661,-,-,?,-,false,-
org.zalando.spring,k8s-prestop-starter,2.0.0-beta-2,-,-,?,-,false,-
