groupId,artifactId,version,moduleName,moduleVersion,moduleMode,moduleDependencies,jdepsToolError,jdepsViolations
cn.yukonga,yrpc-spring-boot-starter,1.1.RELEASE,-,-,?,-,false,-
com.github.liaochong,html2excel,1.3.1,-,-,?,-,false,-
com.github.progrocus,70-jcore,0.1.5,-,-,?,-,false,-
com.liferay.portal,release.dxp.distro,7.1.10,-,-,?,-,false,-
com.peachapisecurity,api,1.5.28,-,-,?,-,false,-
com.peachapisecurity,tg-junit4,1.5.28,-,-,?,-,false,-
com.rapid7.docker,docker-image-analyzer,0.1.0,-,-,?,-,false,-
tech.simter,simter-genson-ext,1.0.0,-,-,?,-,false,-
tech.simter,simter-http,1.0.0,-,-,?,-,false,-
tech.simter,simter-jpa-ext,1.0.0,-,-,?,-,false,-
tech.simter,simter-json,1.0.0,-,-,?,-,false,-
