groupId,artifactId,version,moduleName,moduleVersion,moduleMode,moduleDependencies,jdepsToolError,jdepsViolations
com.amazonaws,aws-android-sdk-appsync-api,2.7.3,-,-,?,-,false,-
com.amazonaws,aws-android-sdk-appsync-compiler,2.7.3,-,-,?,-,false,-
com.amazonaws,aws-android-sdk-appsync-gradle-plugin,2.7.3,-,-,?,-,false,-
com.amazonaws,aws-android-sdk-appsync-runtime,2.7.3,-,-,?,-,false,-
com.github.hazendaz,scriptable-dataset,2.1.0,-,-,?,-,false,-
com.ociweb,greenlightning,1.0.23,-,-,?,-,false,-
com.ociweb,pronghorn,1.0.27,-,-,?,-,false,-
com.ociweb,pronghorn-pipes,1.0.19,-,-,?,-,false,-
com.ociweb,pronghorn-ranch,1.0.27,-,-,?,-,false,-
