groupId,artifactId,version,moduleName,moduleVersion,moduleMode,moduleDependencies,jdepsToolError,jdepsViolations
com.harium.etyl,ui,0.1.3,-,-,?,-,false,-
com.narbase,kunafa,0.1.5.0.43-alpha,-,-,?,-,false,-
org.chorusbdd,chorus,3.1.0,org.chorusbdd.chorus,-,automatic,-,false,-
org.chorusbdd,chorus-selenium,3.1.0,org.chorusbdd.chorus.selenium,-,automatic,-,false,-
org.chorusbdd,chorus-spring,3.1.0,org.chorusbdd.chorus.spring,-,automatic,-,false,-
org.chorusbdd,chorus-sql,3.1.0,org.chorusbdd.chorus.sql,-,automatic,-,false,-
org.chorusbdd,chorus-websockets,3.1.0,org.chorusbdd.chorus.websockets,-,automatic,-,false,-
org.cristalise,cristalise-trigger,3.6.0,-,-,?,-,false,-
org.cristalise,cristalise-xmldb,3.6.0,-,-,?,-,false,-
org.cristalise,cristalise-xpath-outcomeinit,3.6.0,-,-,?,-,false,-
org.honton.chas.datadog.apm,client,0.0.8,-,-,?,-,false,-
org.honton.chas,testpojo-maven-plugin,0.0.9,-,-,?,-,false,-
org.ogema.sim,simple-devices,2.2.0,-,-,?,-,false,-
