groupId,artifactId,version,moduleName,moduleVersion,moduleMode,moduleDependencies,jdepsToolError,jdepsViolations
com.github.bordertech.common,build-tools,1.0.7,-,-,?,-,false,-
com.homeaway.streamingplatform,kafka-infra-provider,0.4.1,-,-,?,-,false,-
com.homeaway.streamingplatform,schema-library-events,0.4.1,-,-,?,-,false,-
com.homeaway.streamingplatform,stream-registry,0.4.1,-,-,?,-,false,sun.misc.Cleaner                         Use java.lang.ref.PhantomReference @since 1.2 or java.lang.ref.Cleaner @since 9 + sun.misc.Unsafe                          See http://openjdk.java.net/jeps/260 + sun.reflect.Reflection                   Use java.lang.StackWalker @since 9
com.homeaway.streamingplatform,stream-registry-core,0.4.1,-,-,?,-,false,-
com.kyleu,projectile_2.12,0.8.0,-,-,?,-,false,-
com.kyleu,projectile-export_2.12,0.8.0,-,-,?,-,false,-
com.kyleu,projectile-lib-auth_2.12,0.8.0,-,-,?,-,false,-
com.kyleu,projectile-lib-doobie_2.12,0.8.0,-,-,?,-,false,-
com.kyleu,projectile-lib-graphql_2.12,0.8.0,-,-,?,-,false,-
com.kyleu,projectile-lib-jdbc_2.12,0.8.0,-,-,?,-,false,-
com.kyleu,projectile-lib-play_2.12,0.8.0,-,-,?,-,false,-
com.kyleu,projectile-lib-scala_2.12,0.8.0,-,-,?,-,false,-
com.kyleu,projectile-lib-scalajs_sjs0.6_2.12,0.8.0,-,-,?,-,false,-
com.kyleu,projectile-lib-service_2.12,0.8.0,-,-,?,-,false,-
com.kyleu,projectile-lib-slick_2.12,0.8.0,-,-,?,-,false,-
com.kyleu,projectile-lib-thrift_2.12,0.8.0,-,-,?,-,false,-
com.kyleu,projectile-lib-tracing_2.12,0.8.0,-,-,?,-,false,-
com.netflix.conductor,conductor-cassandra-persistence,2.5.1,-,-,?,-,false,-
com.netflix.conductor,conductor-client,2.5.1,-,-,?,-,false,-
com.netflix.conductor,conductor-common,2.5.1,-,-,?,-,false,-
com.netflix.conductor,conductor-contribs,2.5.1,-,-,?,-,false,-
com.netflix.conductor,conductor-core,2.5.1,-,-,?,-,false,-
com.netflix.conductor,conductor-es5-persistence,2.5.1,-,-,?,-,false,-
com.netflix.conductor,conductor-grpc,2.5.1,-,-,?,-,false,-
com.netflix.conductor,conductor-grpc-client,2.5.1,-,-,?,-,false,-
com.netflix.conductor,conductor-grpc-server,2.5.1,-,-,?,-,false,-
com.netflix.conductor,conductor-jersey,2.5.1,-,-,?,-,false,-
com.netflix.conductor,conductor-mysql-persistence,2.5.1,-,-,?,-,false,-
com.netflix.conductor,conductor-redis-persistence,2.5.1,-,-,?,-,false,-
com.netflix.conductor,conductor-test-harness,2.5.1,-,-,?,-,false,-
com.netflix.conductor,conductor-ui,2.5.1,-,-,?,-,false,-
io.github.udaychandra.bdd,bdd-core,0.1.0,-,-,?,-,false,-
io.github.udaychandra.bdd,bdd-junit,0.1.0,-,-,?,-,false,-
