groupId,artifactId,version,moduleName,moduleVersion,moduleMode,moduleDependencies,jdepsToolError,jdepsViolations
com.ardikars.jxnet,jxnet,1.5.3.RC5,-,-,?,-,false,-
com.ardikars.jxnet,jxnet-benchmark,1.5.3.RC5,-,-,?,-,false,-
com.ardikars.jxnet,jxnet-context,1.5.3.RC5,-,-,?,-,false,-
com.ardikars.jxnet,jxnet-core,1.5.3.RC5,-,-,?,-,false,-
com.ardikars.jxnet,jxnet-example,1.5.3.RC5,-,-,?,-,false,-
com.ardikars.jxnet,jxnet-spring-boot-autoconfigure,1.5.3.RC5,-,-,?,-,false,-
com.ardikars.jxnet,jxnet-spring-boot-starter,1.5.3.RC5,-,-,?,-,false,-
com.ardikars.jxnet,jxnet-spring-boot-starter-example,1.5.3.RC5,-,-,?,-,false,-
com.caucho,quercus,4.0.50,-,-,?,-,false,-
com.disneystreaming.pg2k4j,pg2k4j,0.1.15,-,-,?,-,false,-
com.github.martinjedwabny,papow,1.0.6,-,-,?,-,false,-
com.orientechnologies,orientdb-client,3.1.0-M2,-,-,?,-,false,-
com.orientechnologies,orientdb-community,3.1.0-M2,-,-,?,-,false,-
com.orientechnologies,orientdb-community-tp2,3.1.0-M2,-,-,?,-,false,-
com.orientechnologies,orientdb-core,3.1.0-M2,-,-,?,-,false,sun.misc.Signal                          See http://openjdk.java.net/jeps/260 + sun.misc.SignalHandler                   See http://openjdk.java.net/jeps/260 + sun.misc.Unsafe                          See http://openjdk.java.net/jeps/260
com.orientechnologies,orientdb-crashtests,3.1.0-M2,-,-,?,-,false,-
com.orientechnologies,orientdb-distributed,3.1.0-M2,-,-,?,-,false,sun.misc.Signal                          See http://openjdk.java.net/jeps/260
com.orientechnologies,orientdb-etl,3.1.0-M2,-,-,?,-,false,-
com.orientechnologies,orientdb-graphdb,3.1.0-M2,-,-,?,-,false,-
com.orientechnologies,orientdb-gremlin,3.1.0-M2,-,-,?,-,false,-
com.orientechnologies,orientdb-gremlin-server,3.1.0-M2,-,-,?,-,false,-
com.orientechnologies,orientdb-jdbc,3.1.0-M2,-,-,?,-,false,-
com.orientechnologies,orientdb-lucene,3.1.0-M2,-,-,?,-,false,-
com.orientechnologies,orientdb-neo4j-importer,3.1.0-M2,-,-,?,-,false,-
com.orientechnologies,orientdb-neo4j-importer-plugin,3.1.0-M2,-,-,?,-,false,-
com.orientechnologies,orientdb-object,3.1.0-M2,-,-,?,-,false,-
com.orientechnologies,orientdb-server,3.1.0-M2,-,-,?,-,false,-
com.orientechnologies,orientdb-studio,3.1.0-M2,-,-,?,-,false,-
com.orientechnologies,orientdb-test-commons,3.1.0-M2,-,-,?,-,false,-
com.orientechnologies,orientdb-tools,3.1.0-M2,-,-,?,-,false,sun.misc.Signal                          See http://openjdk.java.net/jeps/260 + sun.misc.SignalHandler                   See http://openjdk.java.net/jeps/260
de.julielab,jcore-pipeline-builder-base,0.2.7,-,-,?,-,false,-
de.julielab,jcore-pipeline-builder-cli,0.2.7,-,-,?,-,false,-
de.julielab,jcore-pipeline-runner-assembly,0.2.7,-,-,?,-,false,-
de.julielab,jcore-pipeline-runner-base,0.2.7,-,-,?,-,false,-
de.julielab,jcore-pipeline-runner-cpe,0.2.7,-,-,?,-,false,-
net.nemerosa.ontrack,ontrack-acceptance,3.37.2,-,-,?,-,false,-
net.nemerosa.ontrack,ontrack-client,3.37.2,-,-,?,-,false,-
net.nemerosa.ontrack,ontrack-common,3.37.2,-,-,?,-,false,-
net.nemerosa.ontrack,ontrack-database,3.37.2,-,-,?,-,false,-
net.nemerosa.ontrack,ontrack-docs,3.37.2,-,-,?,-,false,-
net.nemerosa.ontrack,ontrack-dsl,3.37.2,-,-,?,-,false,-
net.nemerosa.ontrack,ontrack-dsl-shell,3.37.2,-,-,?,-,false,-
net.nemerosa.ontrack,ontrack-extension-api,3.37.2,-,-,?,-,false,-
net.nemerosa.ontrack,ontrack-extension-artifactory,3.37.2,-,-,?,-,false,-
net.nemerosa.ontrack,ontrack-extension-combined,3.37.2,-,-,?,-,false,-
net.nemerosa.ontrack,ontrack-extension-general,3.37.2,-,-,?,-,false,-
net.nemerosa.ontrack,ontrack-extension-git,3.37.2,-,-,?,-,false,-
net.nemerosa.ontrack,ontrack-extension-github,3.37.2,-,-,?,-,false,-
net.nemerosa.ontrack,ontrack-extension-gitlab,3.37.2,-,-,?,-,false,-
net.nemerosa.ontrack,ontrack-extension-influxdb,3.37.2,-,-,?,-,false,-
net.nemerosa.ontrack,ontrack-extension-issues,3.37.2,-,-,?,-,false,-
net.nemerosa.ontrack,ontrack-extension-jenkins,3.37.2,-,-,?,-,false,-
net.nemerosa.ontrack,ontrack-extension-jira,3.37.2,-,-,?,-,false,-
net.nemerosa.ontrack,ontrack-extension-ldap,3.37.2,-,-,?,-,false,-
net.nemerosa.ontrack,ontrack-extension-plugin,3.37.2,-,-,?,-,false,-
net.nemerosa.ontrack,ontrack-extension-scm,3.37.2,-,-,?,-,false,-
net.nemerosa.ontrack,ontrack-extension-stale,3.37.2,-,-,?,-,false,-
net.nemerosa.ontrack,ontrack-extension-stash,3.37.2,-,-,?,-,false,-
net.nemerosa.ontrack,ontrack-extension-support,3.37.2,-,-,?,-,false,-
net.nemerosa.ontrack,ontrack-extension-svn,3.37.2,-,-,?,-,false,-
net.nemerosa.ontrack,ontrack-extension-vault,3.37.2,-,-,?,-,false,-
net.nemerosa.ontrack,ontrack-git,3.37.2,-,-,?,-,false,-
net.nemerosa.ontrack,ontrack-it-utils,3.37.2,-,-,?,-,false,-
net.nemerosa.ontrack,ontrack-job,3.37.2,-,-,?,-,false,-
net.nemerosa.ontrack,ontrack-json,3.37.2,-,-,?,-,false,-
net.nemerosa.ontrack,ontrack-model,3.37.2,-,-,?,-,false,-
net.nemerosa.ontrack,ontrack-postgresql-migration,3.37.2,-,-,?,-,false,-
net.nemerosa.ontrack,ontrack-repository,3.37.2,-,-,?,-,false,-
net.nemerosa.ontrack,ontrack-repository-impl,3.37.2,-,-,?,-,false,-
net.nemerosa.ontrack,ontrack-repository-support,3.37.2,-,-,?,-,false,-
net.nemerosa.ontrack,ontrack-service,3.37.2,-,-,?,-,false,-
net.nemerosa.ontrack,ontrack-test-utils,3.37.2,-,-,?,-,false,-
net.nemerosa.ontrack,ontrack-tx,3.37.2,-,-,?,-,false,-
net.nemerosa.ontrack,ontrack-ui,3.37.2,-,-,?,-,false,-
net.nemerosa.ontrack,ontrack-ui-graphql,3.37.2,-,-,?,-,false,-
net.nemerosa.ontrack,ontrack-ui-support,3.37.2,-,-,?,-,false,-
org.rapidpm,rapidpm-dependencies-core,04.00.09-RPM,-,-,?,-,false,-
org.rapidpm,rapidpm-dependencies-core-properties,04.00.09-RPM,-,-,?,-,false,-
org.scalamacros,resetallattrs_2.13.0-M5,1.0.0,-,-,?,-,false,-
pl.allegro.finance,tradukisto,1.6.0,-,-,?,-,false,-
