groupId,artifactId,version,moduleName,moduleVersion,moduleMode,moduleDependencies,jdepsToolError,jdepsViolations
com.egzosn,pay-java-ali,2.12.3,-,-,?,-,false,-
com.egzosn,pay-java-common,2.12.3,-,-,?,-,false,-
com.egzosn,pay-java-fuiou,2.12.3,-,-,?,-,false,-
com.egzosn,pay-java-payoneer,2.12.3,-,-,?,-,false,-
com.egzosn,pay-java-paypal,2.12.3,-,-,?,-,false,-
com.egzosn,pay-java-union,2.12.3,-,-,?,-,false,-
com.egzosn,pay-java-wx,2.12.3,-,-,?,-,false,-
com.egzosn,pay-java-wx-youdian,2.12.3,-,-,?,-,false,-
com.emcoo.ef,emcoo-common,1.0.9,-,-,?,-,false,-
com.emcoo.ef,emcoo-filesystem,1.0.9,-,-,?,-,false,-
com.emcoo.ef,emcoo-notification,1.0.9,-,-,?,-,false,-
com.emcoo.ef,emcoo-restful,1.0.9,-,-,?,-,false,-
com.emcoo.ef,emcoo-validator,1.0.9,-,-,?,-,false,-
com.itxiaoer.commons,commons-core,2.1.12,-,-,?,-,false,-
com.itxiaoer.commons,commons-jpa,2.1.12,-,-,?,-,false,-
com.itxiaoer.commons,commons-jwt,2.1.12,-,-,?,-,false,-
com.itxiaoer.commons,commons-lbs,2.1.12,-,-,?,-,false,-
com.itxiaoer.commons,commons-orm,2.1.12,-,-,?,-,false,-
com.itxiaoer.commons,commons-redis,2.1.12,-,-,?,-,false,-
com.itxiaoer.commons,commons-request,2.1.12,-,-,?,-,false,-
com.itxiaoer.commons,commons-sample-jpa,2.1.12,-,-,?,-,false,-
com.itxiaoer.commons,commons-security,2.1.12,-,-,?,-,false,-
com.itxiaoer.commons,commons-security-wx-work,2.1.12,-,-,?,-,false,-
com.itxiaoer.commons,commons-web,2.1.12,-,-,?,-,false,-
com.jdkhome.blzo,blzo-ex-authj,0.0.8,-,-,?,-,false,-
com.jdkhome.blzo,blzo-ex-basic,0.0.8,-,-,?,-,false,-
com.jdkhome.blzo,blzo-ex-ip2region,0.0.8,-,-,?,-,false,-
com.jdkhome.blzo,blzo-ex-redission,0.0.8,-,-,?,-,false,-
com.jdkhome.blzo,blzo-ex-usignin,0.0.8,-,-,?,-,false,-
com.jdkhome.blzo,blzo-ex-utils,0.0.8,-,-,?,-,false,-
com.jdkhome.blzo,blzo-ex-version,0.0.8,-,-,?,-,false,-
org.chenmin.open,objector,0.2.1,-,-,?,-,false,-
org.chenmin.open,objector-ots,0.2.1,-,-,?,-,false,-
org.jresearch.commons.base,org.jresearch.commons.base.domain,1.0.41,-,-,?,-,false,-
org.jresearch.commons.gwt,org.jresearch.commons.gwt.app,1.0.197,-,-,?,-,false,-
org.jresearch.commons.gwt,org.jresearch.commons.gwt.app.shared,1.0.197,-,-,?,-,false,-
org.jresearch.commons.gwt,org.jresearch.commons.gwt.app.srv,1.0.197,-,-,?,-,false,-
org.jresearch.commons.gwt,org.jresearch.commons.gwt.base,1.0.197,-,-,?,-,false,-
org.jresearch.commons.gwt,org.jresearch.commons.gwt.base.model,1.0.197,-,-,?,-,false,-
org.jresearch.commons.gwt,org.jresearch.commons.gwt.base.srv,1.0.197,-,-,?,-,false,-
org.jresearch.commons.gwt,org.jresearch.commons.gwt.crud.model,1.0.197,-,-,?,-,false,-
org.jresearch.commons.gwt,org.jresearch.commons.gwt.flexess,1.0.197,-,-,?,-,false,-
org.jresearch.commons.gwt,org.jresearch.commons.gwt.flexess.shared,1.0.197,-,-,?,-,false,-
org.jresearch.commons.gwt,org.jresearch.commons.gwt.flexess.srv,1.0.197,-,-,?,-,false,-
org.jresearch.commons.gwt,org.jresearch.commons.gwt.oauth2,1.0.197,-,-,?,-,false,-
org.jresearch.commons.gwt,org.jresearch.commons.gwt.oauth2.shared,1.0.197,-,-,?,-,false,-
org.jresearch.commons.gwt,org.jresearch.commons.gwt.oauth2.srv,1.0.197,-,-,?,-,false,-
org.jresearch.commons.gwt,org.jresearch.commons.gwt.test,1.0.197,-,-,?,-,false,-
org.jresearch.commons.gwt,org.jresearch.commons.gwt.utils,1.0.197,-,-,?,-,false,-
org.jresearch.commons.gwt,org.jresearch.commons.gwt.utils.shared,1.0.197,-,-,?,-,false,-
org.jresearch.commons.gwt,org.jresearch.commons.gwt.utils.srv,1.0.197,-,-,?,-,false,-
org.jresearch.commons.gwt,org.jresearch.commons.gwt.utils.test,1.0.197,-,-,?,-,false,-
