groupId,artifactId,version,moduleName,moduleVersion,moduleMode,moduleDependencies,jdepsToolError,jdepsViolations
com.envisioniot,enos-api,2.2.3,-,-,?,-,false,-
com.graphql-java,graphql-java,2019-01-08T05-54-26-5ecf32d,-,-,?,-,false,-
io.github.bitbrain,braingdx-core,0.4.3,-,-,?,-,false,-
io.github.tilumi,azure-eventhubs-spark_2.11,2.3.8,-,-,?,-,false,-
io.vavr,vavr,1.0.0-alpha-2,io.vavr,-,automatic,-,false,-
net.unit8.enkan,enkan-bouncr,0.7.0,-,-,?,-,false,-
net.unit8.enkan,kotowari-restful,0.1.0,-,-,?,-,false,-
org.bitstrings.maven.plugins.ext,maven-jaxb2-plugin-catalogresolver,1.0.2,-,-,?,-,false,com.sun.org.apache.xml.internal.resolver.Catalog Use javax.xml.catalog @since 9 + com.sun.org.apache.xml.internal.resolver.CatalogManager Use javax.xml.catalog @since 9 + com.sun.org.apache.xml.internal.resolver.tools.CatalogResolver Use javax.xml.catalog @since 9
org.bitstrings.maven.plugins,xmllocation-replacer-maven-plugin,1.1.3,-,-,?,-,false,-
