groupId,artifactId,version,moduleName,moduleVersion,moduleMode,moduleDependencies,jdepsToolError,jdepsViolations
au.id.tmm,countstv_2.12,0.1.13,-,-,?,-,false,-
com.appoptics.agent.java,appoptics-agent,6.7.1,-,-,?,-,false,sun.misc.Unsafe                          See http://openjdk.java.net/jeps/260 + sun.security.action.GetPropertyAction    Use java.security.PrivilegedAction @since 1.1
com.appoptics.agent.java,appoptics-sdk,6.7.1,-,-,?,-,false,-
com.blackducksoftware.integration,integration-rest,0.6.0,-,-,?,-,false,-
com.box,box-java-sdk,2.25.1,-,-,?,-,false,-
com.graphql-java,graphql-java,2019-01-03T22-57-19-e75b425,-,-,?,-,false,-
com.netflix.nebula,nebula-release-plugin,9.2.0,-,-,?,-,false,-
com.rosette.elasticsearch,rosette-elasticsearch-plugin,6.5.4.0,-,-,?,-,false,-
io.github.stepio.coffee-boots,coffee-boots,1.0.0,-,-,?,-,false,-
