groupId,artifactId,version,moduleName,moduleVersion,moduleMode,moduleDependencies,jdepsToolError,jdepsViolations
be.atbash.json,octopus-accessors-smart,0.9.2,-,-,?,-,false,-
be.atbash.json,octopus-json-smart,0.9.2,-,-,?,-,false,-
com.gabrielittner.ktlint,ktlint-rules,0.2.0,-,-,?,-,false,-
com.github.bbottema,java-reflection,3.8.5,-,-,?,-,false,-
com.github.gekomad,itto-csv_2.11,0.0.3,-,-,?,-,false,-
com.github.gekomad,itto-csv_2.12,0.0.3,-,-,?,-,false,-
com.github.gekomad,scala-regex-collection_2.10,0.0.1,-,-,?,-,false,-
com.github.gekomad,scala-regex-collection_2.11,0.0.1,-,-,?,-,false,-
com.github.gekomad,scala-regex-collection_2.12,0.0.1,-,-,?,-,false,-
com.iheart,thomas-analysis_2.12,0.15,-,-,?,-,false,-
com.iheart,thomas-client_2.12,0.15,-,-,?,-,false,-
com.iheart,thomas-core_2.12,0.15,-,-,?,-,false,-
com.iheart,thomas-mongo_2.12,0.15,-,-,?,-,false,-
com.iheart,thomas-play-lib_2.12,0.15,-,-,?,-,false,-
com.panemu,tiwulfx,3.0,-,-,?,-,false,-
com.spotify,helios-client,0.9.238,-,-,?,-,false,-
com.spotify,helios-integration-tests,0.9.238,-,-,?,-,false,-
com.spotify,helios-service-registration,0.9.238,-,-,?,-,false,-
com.spotify,helios-services,0.9.238,-,-,?,-,false,sun.misc.Signal                          See http://openjdk.java.net/jeps/260 + sun.misc.SignalHandler                   See http://openjdk.java.net/jeps/260
com.spotify,helios-system-tests,0.9.238,-,-,?,-,false,-
com.spotify,helios-testing,0.9.238,-,-,?,-,false,-
com.spotify,helios-testing-common,0.9.238,-,-,?,-,false,-
com.spotify,helios-tools,0.9.238,-,-,?,-,false,-
edu.cornell.weill.reciter,reciter-identity-model,2.0.1,-,-,?,-,false,-
edu.cornell.weill.reciter,reciter-pubmed-model,2.0.1,-,-,?,-,false,-
edu.cornell.weill.reciter,reciter-scopus-model,2.0.1,-,-,?,-,false,-
io.github.mweirauch,micrometer-jvm-extras,0.1.3,-,-,?,-,false,-
net.sf.proguard,proguard-annotations,6.1.0beta2,-,-,?,-,false,-
net.sf.proguard,proguard-anttask,6.1.0beta2,-,-,?,-,false,-
net.sf.proguard,proguard-base,6.1.0beta2,-,-,?,-,false,-
net.sf.proguard,proguard-gradle,6.1.0beta2,-,-,?,-,false,-
net.sf.proguard,proguard-gui,6.1.0beta2,-,-,?,-,false,-
net.sf.proguard,proguard-retrace,6.1.0beta2,-,-,?,-,false,-
net.sf.proguard,proguard-wtk-plugin,6.1.0beta2,-,-,?,-,false,-
org.jpmml,pmml-evaluator,1.4.6,-,-,?,-,false,-
org.jpmml,pmml-evaluator-extension,1.4.6,-,-,?,-,false,-
org.jpmml,pmml-evaluator-test,1.4.6,-,-,?,-,false,-
org.jpmml,pmml-knime,1.4.6,-,-,?,-,false,-
org.jpmml,pmml-rattle,1.4.6,-,-,?,-,false,-
org.jpmml,pmml-sas,1.4.6,-,-,?,-,false,-
