groupId,artifactId,version,moduleName,moduleVersion,moduleMode,moduleDependencies,jdepsToolError,jdepsViolations
cd.connect.features,connect-feature-service-sql,1.2,-,-,?,-,false,-
com.jdkhome.blzo,blzo-ex-authj,0.0.11.RELEASE,-,-,?,-,false,-
com.jdkhome.blzo,blzo-ex-basic,0.0.11.RELEASE,-,-,?,-,false,-
com.jdkhome.blzo,blzo-ex-ip2region,0.0.11.RELEASE,-,-,?,-,false,-
com.jdkhome.blzo,blzo-ex-redission,0.0.11.RELEASE,-,-,?,-,false,-
com.jdkhome.blzo,blzo-ex-usignin,0.0.11.RELEASE,-,-,?,-,false,-
com.jdkhome.blzo,blzo-ex-utils,0.0.11.RELEASE,-,-,?,-,false,-
com.jdkhome.blzo,blzo-ex-version,0.0.11.RELEASE,-,-,?,-,false,-
com.twilio,guardrail-maven-plugin_2.12,0.41.4,-,-,?,-,false,-
com.xiaomi.infra.galaxy,galaxy-sds-client,1.3.1,-,-,?,-,false,-
io.afu,utils,0.0.37-RELEASE,-,-,?,-,false,sun.misc.BASE64Decoder                   Use java.util.Base64 @since 1.8
