groupId,artifactId,version,moduleName,moduleVersion,moduleMode,moduleDependencies,jdepsToolError,jdepsViolations
com.kyleu,projectile_2.12,0.9.0,-,-,?,-,false,-
com.kyleu,projectile-export_2.12,0.9.0,-,-,?,-,false,-
com.kyleu,projectile-lib-auth_2.12,0.9.0,-,-,?,-,false,-
com.kyleu,projectile-lib-doobie_2.12,0.9.0,-,-,?,-,false,-
com.kyleu,projectile-lib-graphql_2.12,0.9.0,-,-,?,-,false,-
com.kyleu,projectile-lib-jdbc_2.12,0.9.0,-,-,?,-,false,-
com.kyleu,projectile-lib-play_2.12,0.9.0,-,-,?,-,false,-
com.kyleu,projectile-lib-scala_2.12,0.9.0,-,-,?,-,false,-
com.kyleu,projectile-lib-scalajs_sjs0.6_2.12,0.9.0,-,-,?,-,false,-
com.kyleu,projectile-lib-service_2.12,0.9.0,-,-,?,-,false,-
com.kyleu,projectile-lib-slick_2.12,0.9.0,-,-,?,-,false,-
com.kyleu,projectile-lib-thrift_2.12,0.9.0,-,-,?,-,false,-
com.kyleu,projectile-lib-tracing_2.12,0.9.0,-,-,?,-,false,-
com.liferay.portal,release.dxp.distro,7.1.10,-,-,?,-,false,-
com.lucidworks.spark,spark-solr,3.6.0,-,-,?,-,false,-
com.manorrock.herring,herring,1.4.0,-,-,?,-,false,-
com.netflix.nebula,nebula-publishing-plugin,9.4.4,-,-,?,-,false,-
com.squareup.sqldelight,core,1.0.0-rc6,-,-,?,-,false,-
com.squareup.sqldelight,gradle-plugin,1.0.0-rc6,-,-,?,-,false,com.apple.eawt.AboutHandler              Use java.awt.Desktop and JEP 272 @since 9 + com.apple.eawt.AppEvent                  Use java.awt.Desktop and JEP 272 @since 9 + com.apple.eawt.AppEvent$AboutEvent       Use java.awt.Desktop and JEP 272 @since 9 + com.apple.eawt.AppEvent$FullScreenEvent  Use java.awt.Desktop and JEP 272 @since 9 + com.apple.eawt.AppEvent$OpenFilesEvent   Use java.awt.Desktop and JEP 272 @since 9 + com.apple.eawt.AppEvent$OpenURIEvent     Use java.awt.Desktop and JEP 272 @since 9 + com.apple.eawt.AppEvent$PreferencesEvent Use java.awt.Desktop and JEP 272 @since 9 + com.apple.eawt.AppEvent$QuitEvent        Use java.awt.Desktop and JEP 272 @since 9 + com.apple.eawt.Application               Use java.awt.Desktop and JEP 272 @since 9 + com.apple.eawt.FullScreenAdapter         Use java.awt.Desktop and JEP 272 @since 9 + com.apple.eawt.FullScreenListener        Use java.awt.Desktop and JEP 272 @since 9 + com.apple.eawt.FullScreenUtilities       Use java.awt.Desktop and JEP 272 @since 9 + com.apple.eawt.OpenFilesHandler          Use java.awt.Desktop and JEP 272 @since 9 + com.apple.eawt.OpenURIHandler            Use java.awt.Desktop and JEP 272 @since 9 + com.apple.eawt.PreferencesHandler        Use java.awt.Desktop and JEP 272 @since 9 + com.apple.eawt.QuitHandler               Use java.awt.Desktop and JEP 272 @since 9 + com.apple.eawt.QuitResponse              Use java.awt.Desktop and JEP 272 @since 9 + com.apple.eawt.event.GestureAdapter      Use java.awt.Desktop and JEP 272 @since 9 + com.apple.eawt.event.GestureListener     Use java.awt.Desktop and JEP 272 @since 9 + com.apple.eawt.event.GesturePhaseEvent   Use java.awt.Desktop and JEP 272 @since 9 + com.apple.eawt.event.GestureUtilities    Use java.awt.Desktop and JEP 272 @since 9 + com.apple.eawt.event.MagnificationEvent  Use java.awt.Desktop and JEP 272 @since 9 + com.apple.eawt.event.PressureEvent       Use java.awt.Desktop and JEP 272 @since 9 + com.apple.eawt.event.PressureListener    Use java.awt.Desktop and JEP 272 @since 9 + com.apple.eawt.event.SwipeEvent          Use java.awt.Desktop and JEP 272 @since 9 + java.awt.peer.ComponentPeer              Should not use. See https://bugs.openjdk.java.net/browse/JDK-8037739 + java.awt.peer.FramePeer                  Should not use. See https://bugs.openjdk.java.net/browse/JDK-8037739 + sun.misc.Cleaner                         Use java.lang.ref.PhantomReference @since 1.2 or java.lang.ref.Cleaner @since 9 + sun.misc.Contended                       Removed. See http://openjdk.java.net/jeps/260 + sun.misc.Unsafe                          See http://openjdk.java.net/jeps/260 + sun.misc.VMSupport                       Removed. See http://openjdk.java.net/jeps/260
com.squareup.sqldelight,idea-plugin,1.0.0-rc6,-,-,?,-,false,-
com.squareup.sqldelight,ios-driver-metadata,1.0.0-rc6,-,-,?,-,false,-
com.squareup.sqldelight,migrations,1.0.0-rc6,-,-,?,-,false,-
com.squareup.sqldelight,runtime-js,1.0.0-rc6,-,-,?,-,false,-
com.squareup.sqldelight,runtime-jvm,1.0.0-rc6,-,-,?,-,false,-
com.squareup.sqldelight,runtime-metadata,1.0.0-rc6,-,-,?,-,false,-
com.squareup.sqldelight,rxjava2-extensions,1.0.0-rc6,-,-,?,-,false,-
com.squareup.sqldelight,sqlite-driver,1.0.0-rc6,-,-,?,-,false,-
com.vtxsystems,statemachine,0.1.0,-,-,?,-,false,-
de.gurkenlabs,litiengine,0.4.15,java.xml.bind,-,explicit,java.activation + java.base + java.desktop + java.logging + java.xml,false,-
io.atomix,atomix,3.1.1,-,-,?,-,false,-
io.atomix,atomix-agent,3.1.1,-,-,?,-,false,-
io.atomix,atomix-cluster,3.1.1,-,-,?,-,false,-
io.atomix,atomix-dist,3.1.1,-,-,?,-,false,-
io.atomix,atomix-gossip,3.1.1,-,-,?,-,false,-
io.atomix,atomix-log,3.1.1,-,-,?,-,false,-
io.atomix,atomix-primary-backup,3.1.1,-,-,?,-,false,-
io.atomix,atomix-primitive,3.1.1,-,-,?,-,false,-
io.atomix,atomix-raft,3.1.1,-,-,?,-,false,-
io.atomix,atomix-rest,3.1.1,-,-,?,-,false,-
io.atomix,atomix-storage,3.1.1,-,-,?,-,false,-
io.atomix,atomix-tests,3.1.1,-,-,?,-,false,-
io.atomix,atomix-utils,3.1.1,-,-,?,-,false,-
net.skobow,oauth2-restclient,0.1.0,-,-,?,-,false,-
net.skobow,oauth2-restclient-spring-boot-autoconfigure,0.1.0,-,-,?,-,false,-
net.skobow,oauth2-restclient-spring-boot-starter,0.1.0,-,-,?,-,false,-
net.snowflake,snowflake-jdbc,3.6.23,-,-,?,-,false,-
