groupId,artifactId,version,moduleName,moduleVersion,moduleMode,moduleDependencies,jdepsToolError,jdepsViolations
com.bisahealth,bisahealth-decoding,0.0.2,-,-,?,-,false,-
com.github.xiaolyuh,layering-cache-aspectj,2.0.0,-,-,?,-,false,-
com.github.xiaolyuh,layering-cache-core,2.0.0,-,-,?,-,false,-
com.github.xiaolyuh,layering-cache-starter,2.0.0,-,-,?,-,false,-
com.github.xiaolyuh,layering-cache-tool,2.0.0,-,-,?,-,false,-
com.ibeetl,beetl-framework-starter,1.1.71.RELEASE,-,-,?,-,false,-
com.ibeetl,beetlsql,2.10.44,-,-,?,-,false,-
com.landawn,abacus-android,1.3.28,-,-,?,-,false,-
com.landawn,abacus-android-jdk7,1.3.28,-,-,?,-,false,-
com.landawn,abacus-android-se,1.3.28,-,-,?,-,false,-
com.landawn,abacus-android-se-jdk7,1.3.28,-,-,?,-,false,-
com.landawn,abacus-util,1.3.28,-,-,?,-,false,sun.misc.Unsafe                          See http://openjdk.java.net/jeps/260
com.landawn,abacus-util-jdk7,1.3.28,-,-,?,-,false,sun.misc.Unsafe                          See http://openjdk.java.net/jeps/260
io.github.magic-core,easy-poi,1.0.0,-,-,?,-,false,-
io.github.xiaoyudeguang,easy-brancher,3.0.7-RELEASE,-,-,?,-,false,-
io.github.xiaoyudeguang,easy-cache,3.0.7-RELEASE,-,-,?,-,false,-
io.github.xiaoyudeguang,easy-core,3.0.7-RELEASE,-,-,?,-,false,-
io.github.xiaoyudeguang,easy-log,3.0.7-RELEASE,-,-,?,-,false,-
io.github.xiaoyudeguang,easy-mybatis,3.0.7-RELEASE,-,-,?,-,false,-
io.github.xiaoyudeguang,easy-socket,3.0.7-RELEASE,-,-,?,-,false,-
io.github.xiaoyudeguang,easy-swagger,3.0.7-RELEASE,-,-,?,-,false,-
io.github.xiaoyudeguang,easy-trunker,3.0.7-RELEASE,-,-,?,-,false,-
io.github.xiaoyudeguang,easy-web,3.0.7-RELEASE,-,-,?,-,false,-
net.wicp.tams,common-apiext,3.5.10,-,-,?,-,false,-
net.wicp.tams,common-connector,3.5.10,-,-,?,-,false,-
net.wicp.tams,common-es-assit,3.5.10,-,-,?,-,false,-
net.wicp.tams,common-es-client,3.5.10,-,-,?,-,false,-
net.wicp.tams,common-es-plugin,3.5.10,-,-,?,-,false,-
net.wicp.tams,common-spring,3.5.10,-,-,?,-,false,-
