groupId,artifactId,version,moduleName,moduleVersion,moduleMode,moduleDependencies,jdepsToolError,jdepsViolations
com.github.jikyo,romaji,0.0.3,-,-,?,-,false,-
com.harium.etyl,etyl-gdx,1.2.7,-,-,?,-,false,-
com.harium.etyl,etyl-gdx-base-backend,1.1.5,-,-,?,-,false,-
com.harium.etyl,etyl-gdx-lwjgl,1.0.9,-,-,?,-,false,-
com.harium.propan,propan-gdx,1.2.4,-,-,?,-,false,-
org.threadly,arcCommon,0.8,-,-,?,-,false,-
org.threadly,auroraArc-mysql,0.8,-,-,?,-,false,-
org.threadly,auroraArc-psql,0.8,-,-,?,-,false,-
