groupId,artifactId,version,moduleName,moduleVersion,moduleMode,moduleDependencies,jdepsToolError,jdepsViolations
be.yildiz-games,feature-research-server,1.0.2,be.yildizgames.feature.research.server,-,explicit,be.yildizgames.common.model + be.yildizgames.common.util + be.yildizgames.feature.research.shared + be.yildizgames.module.database + java.annotation + java.base + java.sql + org.jooq,false,-
com.danielflower.apprunner,app-runner,2.0.14,-,-,?,-,false,sun.misc.Unsafe                          See http://openjdk.java.net/jeps/260 + sun.reflect.Reflection                   Use java.lang.StackWalker @since 9 + sun.security.x509.X500Name               Use javax.security.auth.x500.X500Principal @since 1.4
com.github.egateam,jrunlist,0.1.6,-,-,?,-,false,-
com.github.manosbatsis.scrudbeans,scrudbeans-annotation-processor,0.4,-,-,?,-,false,-
com.github.manosbatsis.scrudbeans,scrudbeans-api,0.4,-,-,?,-,false,-
com.github.manosbatsis.scrudbeans,scrudbeans-common,0.4,-,-,?,-,false,-
com.github.manosbatsis.scrudbeans,scrudbeans-error,0.4,-,-,?,-,false,-
com.github.manosbatsis.scrudbeans,scrudbeans-hypermedia,0.4,-,-,?,-,false,-
com.github.manosbatsis.scrudbeans,scrudbeans-integration-tests,0.4,-,-,?,-,false,-
com.github.manosbatsis.scrudbeans,scrudbeans-jpa,0.4,-,-,?,-,false,-
com.github.manosbatsis.scrudbeans,scrudbeans-spring-boot-autoconfigure,0.4,-,-,?,-,false,-
com.github.manosbatsis.scrudbeans,scrudbeans-spring-boot-starter,0.4,-,-,?,-,false,-
com.github.manosbatsis.scrudbeans,scrudbeans-spring-boot-starter-test,0.4,-,-,?,-,false,sun.reflect.generics.reflectiveObjects.NotImplementedException Removed. See http://openjdk.java.net/jeps/260
de.alpharogroup,email-tails,5.0.2,-,-,?,-,false,-
io.github.stepio.coffee-boots,coffee-boots,1.0.1,-,-,?,-,false,-
io.muserver,mu-server,0.16.2,-,-,?,-,false,-
org.rapidpm,rapidpm-junit5-ext-servlet-container-api,01.00.01-RPM,-,-,?,-,false,-
org.rapidpm,rapidpm-junit5-ext-servlet-container-impl-meecrowave,01.00.01-RPM,-,-,?,-,false,-
org.rapidpm,rapidpm-junit5-ext-servlet-container-impl-none,01.00.01-RPM,-,-,?,-,false,-
org.rapidpm,rapidpm-junit5-ext-servlet-container-impl-spring-boot-v1,01.00.01-RPM,-,-,?,-,false,-
org.rapidpm,rapidpm-junit5-ext-servlet-container-impl-spring-boot-v2,01.00.01-RPM,-,-,?,-,false,-
