groupId,artifactId,version,moduleName,moduleVersion,moduleMode,moduleDependencies,jdepsToolError,jdepsViolations
com.github.berkesa,moleculer-java-jmx,1.0.1,-,-,?,-,false,-
com.github.cb372,scala-typed-holes_2.11.12,0.0.5,-,-,?,-,false,-
com.github.cb372,scala-typed-holes_2.12.8,0.0.5,-,-,?,-,false,-
com.github.cb372,scala-typed-holes_2.13.0-M5,0.0.5,-,-,?,-,false,-
com.github.vandeseer,easytable,0.3.0,-,-,?,-,false,-
de.aosd.clazzfish,clazzfish-agent,0.9,-,-,?,-,false,-
de.aosd.clazzfish,clazzfish-jdbc,0.9,-,-,?,-,false,-
de.aosd.clazzfish,clazzfish-monitor,0.9,-,-,?,-,false,-
ru.r2cloud,sids,1.2,-,-,?,-,false,-
se.michaelthelin.spotify,spotify-web-api-java,2.1.2,-,-,?,-,false,-
