groupId,artifactId,version,moduleName,moduleVersion,moduleMode,moduleDependencies,jdepsToolError,jdepsViolations
ai.foremast.metrics,foremast-spring-boot-k8s-metrics-starter,0.1.3,-,-,?,-,false,-
com.appoptics.agent.java,appoptics-agent,6.7.1,-,-,?,-,false,sun.misc.Unsafe                          See http://openjdk.java.net/jeps/260 + sun.security.action.GetPropertyAction    Use java.security.PrivilegedAction @since 1.1
com.appoptics.agent.java,appoptics-sdk,6.7.1,-,-,?,-,false,-
com.blackducksoftware.integration,integration-rest,0.6.0,-,-,?,-,false,-
com.box,box-java-sdk,2.25.1,-,-,?,-,false,-
com.google.api.grpc,grpc-google-cloud-asset-v1beta1,0.40.0,-,-,?,-,false,-
com.google.api.grpc,grpc-google-cloud-automl-v1beta1,0.40.0,-,-,?,-,false,-
com.google.api.grpc,grpc-google-cloud-bigquerydatatransfer-v1,0.40.0,-,-,?,-,false,-
com.google.api.grpc,grpc-google-cloud-bigquerystorage-v1beta1,0.40.0,-,-,?,-,false,-
com.google.api.grpc,grpc-google-cloud-bigtable-admin-v2,0.40.0,-,-,?,-,false,-
com.google.api.grpc,grpc-google-cloud-bigtable-v2,0.40.0,-,-,?,-,false,-
com.google.api.grpc,grpc-google-cloud-containeranalysis-v1beta1,0.40.0,-,-,?,-,false,-
com.google.api.grpc,grpc-google-cloud-container-v1,0.40.0,-,-,?,-,false,-
com.google.api.grpc,grpc-google-cloud-dataproc-v1,0.40.0,-,-,?,-,false,-
com.google.api.grpc,grpc-google-cloud-dataproc-v1beta2,0.40.0,-,-,?,-,false,-
com.google.api.grpc,grpc-google-cloud-dialogflow-v2,0.40.0,-,-,?,-,false,-
com.google.api.grpc,grpc-google-cloud-dialogflow-v2beta1,0.40.0,-,-,?,-,false,-
com.google.api.grpc,grpc-google-cloud-dlp-v2,0.40.0,-,-,?,-,false,-
com.google.api.grpc,grpc-google-cloud-error-reporting-v1beta1,0.40.0,-,-,?,-,false,-
com.google.api.grpc,grpc-google-cloud-firestore-v1beta1,0.40.0,-,-,?,-,false,-
com.google.api.grpc,grpc-google-cloud-iamcredentials-v1,0.2.0-alpha,-,-,?,-,false,-
com.google.api.grpc,grpc-google-cloud-iot-v1,0.40.0,-,-,?,-,false,-
com.google.api.grpc,grpc-google-cloud-kms-v1,0.40.0,-,-,?,-,false,-
com.google.api.grpc,grpc-google-cloud-language-v1,1.39.0,-,-,?,-,false,-
com.google.api.grpc,grpc-google-cloud-language-v1beta2,0.40.0,-,-,?,-,false,-
com.google.api.grpc,grpc-google-cloud-logging-v2,0.40.0,-,-,?,-,false,-
com.google.api.grpc,grpc-google-cloud-monitoring-v3,1.39.0,-,-,?,-,false,-
com.google.api.grpc,grpc-google-cloud-os-login-v1,0.40.0,-,-,?,-,false,-
com.google.api.grpc,grpc-google-cloud-pubsub-v1,1.39.0,-,-,?,-,false,-
com.google.api.grpc,grpc-google-cloud-redis-v1,0.40.0,-,-,?,-,false,-
com.google.api.grpc,grpc-google-cloud-redis-v1beta1,0.40.0,-,-,?,-,false,-
com.google.api.grpc,grpc-google-cloud-scheduler-v1beta1,0.40.0,-,-,?,-,false,-
com.google.api.grpc,grpc-google-cloud-securitycenter-v1beta1,0.40.0,-,-,?,-,false,-
com.google.api.grpc,grpc-google-cloud-spanner-admin-database-v1,1.2.0,-,-,?,-,false,-
com.google.api.grpc,grpc-google-cloud-spanner-admin-instance-v1,1.2.0,-,-,?,-,false,-
com.google.api.grpc,grpc-google-cloud-spanner-v1,1.2.0,-,-,?,-,false,-
com.google.api.grpc,grpc-google-cloud-speech-v1,0.40.0,-,-,?,-,false,-
com.google.api.grpc,grpc-google-cloud-speech-v1beta1,0.40.0,-,-,?,-,false,-
com.google.api.grpc,grpc-google-cloud-speech-v1p1beta1,0.40.0,-,-,?,-,false,-
com.google.api.grpc,grpc-google-cloud-tasks-v2beta2,0.40.0,-,-,?,-,false,-
com.google.api.grpc,grpc-google-cloud-tasks-v2beta3,0.40.0,-,-,?,-,false,-
com.google.api.grpc,grpc-google-cloud-texttospeech-v1,0.40.0,-,-,?,-,false,-
com.google.api.grpc,grpc-google-cloud-texttospeech-v1beta1,0.40.0,-,-,?,-,false,-
com.google.api.grpc,grpc-google-cloud-trace-v1,0.40.0,-,-,?,-,false,-
com.google.api.grpc,grpc-google-cloud-trace-v2,0.40.0,-,-,?,-,false,-
com.google.api.grpc,grpc-google-cloud-video-intelligence-v1,0.40.0,-,-,?,-,false,-
com.google.api.grpc,grpc-google-cloud-video-intelligence-v1beta1,0.40.0,-,-,?,-,false,-
com.google.api.grpc,grpc-google-cloud-video-intelligence-v1beta2,0.40.0,-,-,?,-,false,-
com.google.api.grpc,grpc-google-cloud-video-intelligence-v1p1beta1,0.40.0,-,-,?,-,false,-
com.google.api.grpc,grpc-google-cloud-video-intelligence-v1p2beta1,0.40.0,-,-,?,-,false,-
com.google.api.grpc,grpc-google-cloud-vision-v1,1.39.0,-,-,?,-,false,-
com.google.api.grpc,grpc-google-cloud-vision-v1p1beta1,0.40.0,-,-,?,-,false,-
com.google.api.grpc,grpc-google-cloud-vision-v1p2beta1,1.39.0,-,-,?,-,false,-
com.google.api.grpc,grpc-google-cloud-vision-v1p3beta1,0.40.0,-,-,?,-,false,-
com.google.api.grpc,grpc-google-cloud-websecurityscanner-v1alpha,0.40.0,-,-,?,-,false,-
com.google.api.grpc,proto-google-cloud-asset-v1beta1,0.40.0,-,-,?,-,false,-
com.google.api.grpc,proto-google-cloud-automl-v1beta1,0.40.0,-,-,?,-,false,-
com.google.api.grpc,proto-google-cloud-bigquerydatatransfer-v1,0.40.0,-,-,?,-,false,-
com.google.api.grpc,proto-google-cloud-bigquerystorage-v1beta1,0.40.0,-,-,?,-,false,-
com.google.api.grpc,proto-google-cloud-bigtable-admin-v2,0.40.0,-,-,?,-,false,-
com.google.api.grpc,proto-google-cloud-bigtable-v2,0.40.0,-,-,?,-,false,-
com.google.api.grpc,proto-google-cloud-containeranalysis-v1beta1,0.40.0,-,-,?,-,false,-
com.google.api.grpc,proto-google-cloud-container-v1,0.40.0,-,-,?,-,false,-
com.google.api.grpc,proto-google-cloud-dataproc-v1,0.40.0,-,-,?,-,false,-
com.google.api.grpc,proto-google-cloud-dataproc-v1beta2,0.40.0,-,-,?,-,false,-
com.google.api.grpc,proto-google-cloud-datastore-v1,0.40.0,-,-,?,-,false,-
com.google.api.grpc,proto-google-cloud-dialogflow-v2,0.40.0,-,-,?,-,false,-
com.google.api.grpc,proto-google-cloud-dialogflow-v2beta1,0.40.0,-,-,?,-,false,-
com.google.api.grpc,proto-google-cloud-dlp-v2,0.40.0,-,-,?,-,false,-
com.google.api.grpc,proto-google-cloud-error-reporting-v1beta1,0.40.0,-,-,?,-,false,-
com.google.api.grpc,proto-google-cloud-firestore-v1beta1,0.40.0,-,-,?,-,false,-
com.google.api.grpc,proto-google-cloud-iamcredentials-v1,0.2.0-alpha,-,-,?,-,false,-
com.google.api.grpc,proto-google-cloud-iot-v1,0.40.0,-,-,?,-,false,-
com.google.api.grpc,proto-google-cloud-kms-v1,0.40.0,-,-,?,-,false,-
com.google.api.grpc,proto-google-cloud-language-v1,1.39.0,-,-,?,-,false,-
com.google.api.grpc,proto-google-cloud-language-v1beta2,0.40.0,-,-,?,-,false,-
com.google.api.grpc,proto-google-cloud-logging-v2,0.40.0,-,-,?,-,false,-
com.google.api.grpc,proto-google-cloud-monitoring-v3,1.39.0,-,-,?,-,false,-
com.google.api.grpc,proto-google-cloud-os-login-v1,0.40.0,-,-,?,-,false,-
com.google.api.grpc,proto-google-cloud-pubsub-v1,1.39.0,-,-,?,-,false,-
com.google.api.grpc,proto-google-cloud-redis-v1,0.40.0,-,-,?,-,false,-
com.google.api.grpc,proto-google-cloud-redis-v1beta1,0.40.0,-,-,?,-,false,-
com.google.api.grpc,proto-google-cloud-scheduler-v1beta1,0.40.0,-,-,?,-,false,-
com.google.api.grpc,proto-google-cloud-securitycenter-v1beta1,0.40.0,-,-,?,-,false,-
com.google.api.grpc,proto-google-cloud-spanner-admin-database-v1,1.2.0,-,-,?,-,false,-
com.google.api.grpc,proto-google-cloud-spanner-admin-instance-v1,1.2.0,-,-,?,-,false,-
com.google.api.grpc,proto-google-cloud-spanner-v1,1.2.0,-,-,?,-,false,-
com.google.api.grpc,proto-google-cloud-speech-v1,0.40.0,-,-,?,-,false,-
com.google.api.grpc,proto-google-cloud-speech-v1beta1,0.40.0,-,-,?,-,false,-
com.google.api.grpc,proto-google-cloud-speech-v1p1beta1,0.40.0,-,-,?,-,false,-
com.google.api.grpc,proto-google-cloud-tasks-v2beta2,0.40.0,-,-,?,-,false,-
com.google.api.grpc,proto-google-cloud-tasks-v2beta3,0.40.0,-,-,?,-,false,-
com.google.api.grpc,proto-google-cloud-texttospeech-v1,0.40.0,-,-,?,-,false,-
com.google.api.grpc,proto-google-cloud-texttospeech-v1beta1,0.40.0,-,-,?,-,false,-
com.google.api.grpc,proto-google-cloud-trace-v1,0.40.0,-,-,?,-,false,-
com.google.api.grpc,proto-google-cloud-trace-v2,0.40.0,-,-,?,-,false,-
com.google.api.grpc,proto-google-cloud-video-intelligence-v1,0.40.0,-,-,?,-,false,-
com.google.api.grpc,proto-google-cloud-video-intelligence-v1beta1,0.40.0,-,-,?,-,false,-
com.google.api.grpc,proto-google-cloud-video-intelligence-v1beta2,0.40.0,-,-,?,-,false,-
com.google.api.grpc,proto-google-cloud-video-intelligence-v1p1beta1,0.40.0,-,-,?,-,false,-
com.google.api.grpc,proto-google-cloud-video-intelligence-v1p2beta1,0.40.0,-,-,?,-,false,-
com.google.api.grpc,proto-google-cloud-vision-v1,1.39.0,-,-,?,-,false,-
com.google.api.grpc,proto-google-cloud-vision-v1p1beta1,0.40.0,-,-,?,-,false,-
com.google.api.grpc,proto-google-cloud-vision-v1p2beta1,1.39.0,-,-,?,-,false,-
com.google.api.grpc,proto-google-cloud-vision-v1p3beta1,0.40.0,-,-,?,-,false,-
com.google.api.grpc,proto-google-cloud-websecurityscanner-v1alpha,0.40.0,-,-,?,-,false,-
com.google.cloud,google-cloud-asset,0.75.0-beta,-,-,?,-,false,-
com.google.cloud,google-cloud-automl,0.75.0-beta,-,-,?,-,false,-
com.google.cloud,google-cloud-bigquery,1.57.0,-,-,?,-,false,-
com.google.cloud,google-cloud-bigquerydatatransfer,0.75.0-beta,-,-,?,-,false,-
com.google.cloud,google-cloud-bigquerystorage,0.75.0-alpha,-,-,?,-,false,-
com.google.cloud,google-cloud-bigtable,0.75.0-alpha,-,-,?,-,false,-
com.google.cloud,google-cloud-bigtable-admin,0.75.0-alpha,-,-,?,-,false,-
com.google.cloud,google-cloud-bigtable-emulator,0.75.0-alpha,-,-,?,-,false,-
com.google.cloud,google-cloud-compute,0.75.0-alpha,-,-,?,-,false,-
com.google.cloud,google-cloud-container,0.75.0-beta,-,-,?,-,false,-
com.google.cloud,google-cloud-containeranalysis,0.75.0-beta,-,-,?,-,false,-
com.google.cloud,google-cloud-core,1.57.0,-,-,?,-,false,-
com.google.cloud,google-cloud-core-grpc,1.57.0,-,-,?,-,false,-
com.google.cloud,google-cloud-core-http,1.57.0,-,-,?,-,false,-
com.google.cloud,google-cloud-dataproc,0.75.0-alpha,-,-,?,-,false,-
com.google.cloud,google-cloud-datastore,1.57.0,-,-,?,-,false,-
com.google.cloud,google-cloud-dialogflow,0.75.0-alpha,-,-,?,-,false,-
com.google.cloud,google-cloud-dlp,0.75.0-beta,-,-,?,-,false,-
com.google.cloud,google-cloud-dns,0.75.0-alpha,-,-,?,-,false,-
com.google.cloud,google-cloud-errorreporting,0.75.0-beta,-,-,?,-,false,-
com.google.cloud,google-cloud-firestore,0.75.0-beta,-,-,?,-,false,-
com.google.cloud,google-cloud-iamcredentials,0.2.0-alpha,-,-,?,-,false,-
com.google.cloud,google-cloud-iot,0.75.0-beta,-,-,?,-,false,-
com.google.cloud,google-cloud-kms,0.75.0-beta,-,-,?,-,false,-
com.google.cloud,google-cloud-language,1.57.0,-,-,?,-,false,-
com.google.cloud,google-cloud-logging,1.57.0,-,-,?,-,false,-
com.google.cloud,google-cloud-logging-logback,0.75.0-alpha,-,-,?,-,false,-
com.google.cloud,google-cloud-monitoring,1.57.0,-,-,?,-,false,-
com.google.cloud,google-cloud-nio,0.75.0-alpha,-,-,?,-,false,-
com.google.cloud,google-cloud-nio-examples,0.75.0-alpha,-,-,?,-,false,-
com.google.cloud,google-cloud-notification,0.75.0-beta,-,-,?,-,false,-
com.google.cloud,google-cloud-os-login,0.75.0-alpha,-,-,?,-,false,-
com.google.cloud,google-cloud-pubsub,1.57.0,-,-,?,-,false,-
com.google.cloud,google-cloud-redis,0.75.0-alpha,-,-,?,-,false,-
com.google.cloud,google-cloud-resourcemanager,0.75.0-alpha,-,-,?,-,false,-
com.google.cloud,google-cloud-scheduler,0.75.0-alpha,-,-,?,-,false,-
com.google.cloud,google-cloud-securitycenter,0.75.0-alpha,-,-,?,-,false,-
com.google.cloud,google-cloud-spanner,1.2.0,-,-,?,-,false,-
com.google.cloud,google-cloud-speech,0.75.0-beta,-,-,?,-,false,-
com.google.cloud,google-cloud-storage,1.57.0,-,-,?,-,false,-
com.google.cloud,google-cloud-tasks,0.75.0-beta,-,-,?,-,false,-
com.google.cloud,google-cloud-texttospeech,0.75.0-beta,-,-,?,-,false,-
com.google.cloud,google-cloud-trace,0.75.0-beta,-,-,?,-,false,-
com.google.cloud,google-cloud-translate,1.57.0,-,-,?,-,false,-
com.google.cloud,google-cloud-video-intelligence,0.75.0-beta,-,-,?,-,false,-
com.google.cloud,google-cloud-vision,1.57.0,-,-,?,-,false,-
com.google.cloud,google-cloud-websecurityscanner,0.75.0-alpha,-,-,?,-,false,-
com.newrelic.agent.android,agent-gradle-plugin,5.21.3,-,-,?,-,false,-
com.newrelic.agent.android,android-agent,5.21.3,-,-,?,-,false,-
com.newrelic.agent.android,class-rewriter,5.21.3,-,-,?,-,false,sun.misc.Unsafe                          See http://openjdk.java.net/jeps/260
com.rosette.elasticsearch,rosette-elasticsearch-plugin,6.5.4.0,-,-,?,-,false,-
io.github.stepio.coffee-boots,coffee-boots,1.0.0,-,-,?,-,false,-
org.wso2.siddhi,performance-samples,4.3.9,-,-,?,-,false,-
org.wso2.siddhi,quick-start-samples,4.3.9,-,-,?,-,false,-
org.wso2.siddhi,siddhi-annotations,4.3.9,-,-,?,-,false,-
org.wso2.siddhi,siddhi-core,4.3.9,-,-,?,-,false,-
org.wso2.siddhi,siddhi-core-doc-gen,4.3.9,-,-,?,-,false,-
org.wso2.siddhi,siddhi-doc-gen,4.3.9,-,-,?,-,false,-
org.wso2.siddhi,siddhi-query-api,4.3.9,-,-,?,-,false,-
org.wso2.siddhi,siddhi-query-compiler,4.3.9,-,-,?,-,false,-
org.wso2.siddhi,siddhi-service,4.3.9,-,-,?,-,false,sun.misc.Cleaner                         Use java.lang.ref.PhantomReference @since 1.2 or java.lang.ref.Cleaner @since 9 + sun.misc.Unsafe                          See http://openjdk.java.net/jeps/260 + sun.security.x509.X500Name               Use javax.security.auth.x500.X500Principal @since 1.4
pl.mk5.gdx-fireapp,gdx-fireapp-core,1.9.2,-,-,?,-,false,-
pl.mk5.gdx-fireapp,gdx-fireapp-html,1.9.2,-,-,?,-,false,-
pl.mk5.gdx-fireapp,gdx-fireapp-ios-moe,1.9.2,-,-,?,-,false,-
