groupId,artifactId,version,moduleName,moduleVersion,moduleMode,moduleDependencies,jdepsToolError,jdepsViolations
ch.carve,mp-config-consul,0.3,-,-,?,-,false,-
com.elepy,elepy-admin,1.6.3,-,-,?,-,false,-
com.elepy,elepy-core,1.6.3,-,-,?,-,false,-
com.elepy,elepy-gallery,1.6.3,-,-,?,-,false,-
com.elepy,elepy-hibernate,1.6.3,-,-,?,-,false,-
com.github.gvolpe,fs2-redis-core_2.12,0.7.0,-,-,?,-,false,-
com.github.gvolpe,fs2-redis-effects_2.12,0.7.0,-,-,?,-,false,-
com.github.gvolpe,fs2-redis-streams_2.12,0.7.0,-,-,?,-,false,-
com.github.gvolpe,fs2-redis-test-support_2.12,0.7.0,-,-,?,-,false,-
com.marcosbarbero.cloud,spring-cloud-zuul-ratelimit,2.2.2.RELEASE,-,-,?,-,false,-
com.marcosbarbero.cloud,spring-cloud-zuul-ratelimit-core,2.2.2.RELEASE,-,-,?,-,false,-
com.spotify,scio-avro_2.11,0.7.0-beta3,-,-,?,-,false,-
com.spotify,scio-avro_2.12,0.7.0-beta3,-,-,?,-,false,-
com.spotify,scio-bigquery_2.11,0.7.0-beta3,-,-,?,-,false,-
com.spotify,scio-bigquery_2.12,0.7.0-beta3,-,-,?,-,false,-
com.spotify,scio-bigtable_2.11,0.7.0-beta3,-,-,?,-,false,-
com.spotify,scio-bigtable_2.12,0.7.0-beta3,-,-,?,-,false,-
com.spotify,scio-cassandra2_2.11,0.7.0-beta3,-,-,?,-,false,-
com.spotify,scio-cassandra2_2.12,0.7.0-beta3,-,-,?,-,false,-
com.spotify,scio-cassandra3_2.11,0.7.0-beta3,-,-,?,-,false,-
com.spotify,scio-cassandra3_2.12,0.7.0-beta3,-,-,?,-,false,-
com.spotify,scio-core_2.11,0.7.0-beta3,-,-,?,-,false,sun.reflect.ReflectionFactory            See http://openjdk.java.net/jeps/260
com.spotify,scio-core_2.12,0.7.0-beta3,-,-,?,-,false,sun.reflect.ReflectionFactory            See http://openjdk.java.net/jeps/260
com.spotify,scio-elasticsearch2_2.11,0.7.0-beta3,-,-,?,-,false,-
com.spotify,scio-elasticsearch2_2.12,0.7.0-beta3,-,-,?,-,false,-
com.spotify,scio-elasticsearch5_2.11,0.7.0-beta3,-,-,?,-,false,-
com.spotify,scio-elasticsearch5_2.12,0.7.0-beta3,-,-,?,-,false,-
com.spotify,scio-elasticsearch6_2.11,0.7.0-beta3,-,-,?,-,false,-
com.spotify,scio-elasticsearch6_2.12,0.7.0-beta3,-,-,?,-,false,-
com.spotify,scio-extra_2.11,0.7.0-beta3,-,-,?,-,false,-
com.spotify,scio-extra_2.12,0.7.0-beta3,-,-,?,-,false,-
com.spotify,scio-hdfs_2.11,0.7.0-beta3,-,-,?,-,false,-
com.spotify,scio-hdfs_2.12,0.7.0-beta3,-,-,?,-,false,-
com.spotify,scio-jdbc_2.11,0.7.0-beta3,-,-,?,-,false,-
com.spotify,scio-jdbc_2.12,0.7.0-beta3,-,-,?,-,false,-
com.spotify,scio-macros_2.11,0.7.0-beta3,-,-,?,-,false,-
com.spotify,scio-macros_2.12,0.7.0-beta3,-,-,?,-,false,-
com.spotify,scio-parquet_2.11,0.7.0-beta3,-,-,?,-,false,-
com.spotify,scio-parquet_2.12,0.7.0-beta3,-,-,?,-,false,-
com.spotify,scio-repl_2.11,0.7.0-beta3,-,-,?,-,false,-
com.spotify,scio-repl_2.12,0.7.0-beta3,-,-,?,-,false,-
com.spotify,scio-spanner_2.11,0.7.0-beta3,-,-,?,-,false,-
com.spotify,scio-spanner_2.12,0.7.0-beta3,-,-,?,-,false,-
com.spotify,scio-tensorflow_2.11,0.7.0-beta3,-,-,?,-,false,-
com.spotify,scio-tensorflow_2.12,0.7.0-beta3,-,-,?,-,false,-
com.spotify,scio-test_2.11,0.7.0-beta3,-,-,?,-,false,-
com.spotify,scio-test_2.12,0.7.0-beta3,-,-,?,-,false,-
com.typesafe.play,build-link,2.7.0-RC8,-,-,?,-,false,-
com.typesafe.play,filters-helpers_2.11,2.7.0-RC8,-,-,?,-,false,-
com.typesafe.play,filters-helpers_2.12,2.7.0-RC8,-,-,?,-,false,-
com.typesafe.play,play_2.11,2.7.0-RC8,-,-,?,-,false,-
com.typesafe.play,play_2.12,2.7.0-RC8,-,-,?,-,false,-
com.typesafe.play,play-ahc-ws_2.11,2.7.0-RC8,-,-,?,-,false,-
com.typesafe.play,play-ahc-ws_2.12,2.7.0-RC8,-,-,?,-,false,-
com.typesafe.play,play-akka-http2-support_2.11,2.7.0-RC8,-,-,?,-,false,-
com.typesafe.play,play-akka-http2-support_2.12,2.7.0-RC8,-,-,?,-,false,-
com.typesafe.play,play-akka-http-server_2.11,2.7.0-RC8,-,-,?,-,false,-
com.typesafe.play,play-akka-http-server_2.12,2.7.0-RC8,-,-,?,-,false,-
com.typesafe.play,play-cache_2.11,2.7.0-RC8,-,-,?,-,false,-
com.typesafe.play,play-cache_2.12,2.7.0-RC8,-,-,?,-,false,-
com.typesafe.play,play-docs_2.11,2.7.0-RC8,-,-,?,-,false,-
com.typesafe.play,play-docs_2.12,2.7.0-RC8,-,-,?,-,false,-
com.typesafe.play,play-ehcache_2.11,2.7.0-RC8,-,-,?,-,false,-
com.typesafe.play,play-ehcache_2.12,2.7.0-RC8,-,-,?,-,false,-
com.typesafe.play,play-exceptions,2.7.0-RC8,-,-,?,-,false,-
com.typesafe.play,play-guice_2.11,2.7.0-RC8,-,-,?,-,false,-
com.typesafe.play,play-guice_2.12,2.7.0-RC8,-,-,?,-,false,-
com.typesafe.play,play-integration-test_2.11,2.7.0-RC8,-,-,?,-,false,-
com.typesafe.play,play-integration-test_2.12,2.7.0-RC8,-,-,?,-,false,-
com.typesafe.play,play-java_2.11,2.7.0-RC8,-,-,?,-,false,-
com.typesafe.play,play-java_2.12,2.7.0-RC8,-,-,?,-,false,-
com.typesafe.play,play-java-forms_2.11,2.7.0-RC8,-,-,?,-,false,-
com.typesafe.play,play-java-forms_2.12,2.7.0-RC8,-,-,?,-,false,-
com.typesafe.play,play-java-jdbc_2.11,2.7.0-RC8,-,-,?,-,false,-
com.typesafe.play,play-java-jdbc_2.12,2.7.0-RC8,-,-,?,-,false,-
com.typesafe.play,play-java-jpa_2.11,2.7.0-RC8,-,-,?,-,false,-
com.typesafe.play,play-java-jpa_2.12,2.7.0-RC8,-,-,?,-,false,-
com.typesafe.play,play-jcache_2.11,2.7.0-RC8,-,-,?,-,false,-
com.typesafe.play,play-jcache_2.12,2.7.0-RC8,-,-,?,-,false,-
com.typesafe.play,play-jdbc_2.11,2.7.0-RC8,-,-,?,-,false,-
com.typesafe.play,play-jdbc_2.12,2.7.0-RC8,-,-,?,-,false,-
com.typesafe.play,play-jdbc-api_2.11,2.7.0-RC8,-,-,?,-,false,-
com.typesafe.play,play-jdbc-api_2.12,2.7.0-RC8,-,-,?,-,false,-
com.typesafe.play,play-jdbc-evolutions_2.11,2.7.0-RC8,-,-,?,-,false,-
com.typesafe.play,play-jdbc-evolutions_2.12,2.7.0-RC8,-,-,?,-,false,-
com.typesafe.play,play-joda-forms_2.11,2.7.0-RC8,-,-,?,-,false,-
com.typesafe.play,play-joda-forms_2.12,2.7.0-RC8,-,-,?,-,false,-
com.typesafe.play,play-logback_2.11,2.7.0-RC8,-,-,?,-,false,-
com.typesafe.play,play-logback_2.12,2.7.0-RC8,-,-,?,-,false,-
com.typesafe.play,play-netty-server_2.11,2.7.0-RC8,-,-,?,-,false,-
com.typesafe.play,play-netty-server_2.12,2.7.0-RC8,-,-,?,-,false,-
com.typesafe.play,play-netty-utils,2.6.21,-,-,?,-,false,-
com.typesafe.play,play-openid_2.11,2.7.0-RC8,-,-,?,-,false,-
com.typesafe.play,play-openid_2.12,2.7.0-RC8,-,-,?,-,false,-
com.typesafe.play,play-server_2.11,2.7.0-RC8,-,-,?,-,false,sun.security.x509.X500Name               Use javax.security.auth.x500.X500Principal @since 1.4
com.typesafe.play,play-server_2.12,2.7.0-RC8,-,-,?,-,false,sun.security.x509.X500Name               Use javax.security.auth.x500.X500Principal @since 1.4
com.typesafe.play,play-specs2_2.11,2.7.0-RC8,-,-,?,-,false,-
com.typesafe.play,play-specs2_2.12,2.7.0-RC8,-,-,?,-,false,-
com.typesafe.play,play-streams_2.11,2.7.0-RC8,-,-,?,-,false,-
com.typesafe.play,play-streams_2.12,2.7.0-RC8,-,-,?,-,false,-
com.typesafe.play,play-test_2.11,2.7.0-RC8,-,-,?,-,false,-
com.typesafe.play,play-test_2.12,2.7.0-RC8,-,-,?,-,false,-
com.typesafe.play,play-ws_2.11,2.7.0-RC8,-,-,?,-,false,-
com.typesafe.play,play-ws_2.12,2.7.0-RC8,-,-,?,-,false,-
com.typesafe.play,routes-compiler_2.11,2.7.0-RC8,-,-,?,-,false,-
com.typesafe.play,routes-compiler_2.12,2.7.0-RC8,-,-,?,-,false,-
com.typesafe.play,run-support_2.10,2.7.0-RC8,-,-,?,-,false,-
com.typesafe.play,run-support_2.12,2.7.0-RC8,-,-,?,-,false,-
com.typesafe.play,sbt-routes-compiler_2.10,2.7.0-RC8,-,-,?,-,false,-
com.typesafe.play,sbt-routes-compiler_2.12,2.7.0-RC8,-,-,?,-,false,-
com.vaadin,flow-client,1.2.4,-,-,?,-,false,-
com.vaadin,flow-code-generator,1.2.4,-,-,?,-,false,-
com.vaadin,flow-code-generator-api,1.2.4,-,-,?,-,false,-
com.vaadin,flow-component-demo-helpers,1.2.4,-,-,?,-,false,-
com.vaadin,flow-data,1.2.4,-,-,?,-,false,-
com.vaadin,flow-html-components,1.2.4,-,-,?,-,false,-
com.vaadin,flow-html-components-testbench,1.2.4,-,-,?,-,false,-
com.vaadin,flow-maven-plugin,1.2.4,-,-,?,-,false,-
com.vaadin,flow-osgi,1.2.4,-,-,?,-,false,-
com.vaadin,flow-push,1.2.4,-,-,?,-,false,-
com.vaadin,flow-server,1.2.4,-,-,?,-,false,-
com.vaadin,flow-server-production-mode,1.2.4,-,-,?,-,false,-
com.vaadin,flow-test-generic,1.2.4,-,-,?,-,false,-
com.vaadin,flow-test-util,1.2.4,-,-,?,-,false,-
com.vaadin,vaadin-lumo-theme,1.2.4,-,-,?,-,false,-
com.vaadin,vaadin-material-theme,1.2.4,-,-,?,-,false,-
cz.jiripinkas,jsitemapgenerator,3.10,cz.jiripinkas.jsitemapgenerator,-,automatic,-,false,-
eu.rssw.openedge.checks,openedge-checks,2.2.5,-,-,?,-,false,-
eu.rssw.openedge.parsers,database-parser,2.2.5,-,-,?,-,false,-
eu.rssw.openedge.parsers,listing-parser,2.2.5,-,-,?,-,false,-
eu.rssw.openedge.parsers,profiler-parser,2.2.5,-,-,?,-,false,-
eu.rssw.openedge.parsers,proparse,2.2.5,-,-,?,-,false,-
eu.rssw.openedge.rcode,rcode-reader,2.2.5,-,-,?,-,false,-
eu.rssw.sonar.openedge,sonar-openedge-plugin,2.2.5,-,-,?,-,false,-
io.github.martinschneider,justtestlah-browserstack,1.4,-,-,?,-,false,-
io.github.martinschneider,justtestlah-core,1.4,-,-,?,-,false,-
io.github.martinschneider,justtestlah-demos,1.4,-,-,?,-,false,-
io.github.martinschneider,justtestlah-mobile-tools,1.4,-,-,?,-,false,-
io.github.martinschneider,justtestlah-pcloudy,1.4,-,-,?,-,false,-
io.sundr,builder-annotations,0.14.4,-,-,?,-,false,-
io.sundr,dsl-annotations,0.14.4,-,-,?,-,false,-
io.sundr.examples,arrays,0.14.4,-,-,?,-,false,-
io.sundr.examples,codegen-example,0.14.4,-,-,?,-,false,-
io.sundr.examples,crud,0.14.4,-,-,?,-,false,-
io.sundr.examples,curator,0.14.4,-,-,?,-,false,-
io.sundr.examples,kubernetes,0.14.4,-,-,?,-,false,-
io.sundr.examples,kubernetes-swagger,0.14.4,-,-,?,-,false,-
io.sundr.examples,shapes,0.14.4,-,-,?,-,false,-
io.sundr.examples,shapes-extension,0.14.4,-,-,?,-,false,-
io.sundr.examples,validation,0.14.4,-,-,?,-,false,-
io.sundr,resourcecify-annotations,0.14.4,-,-,?,-,false,com.sun.tools.javac.code.Symbol          Use javax.tools and javax.lang.model @since 1.6 + com.sun.tools.javac.code.Symbol$ClassSymbol Use javax.tools and javax.lang.model @since 1.6
io.sundr,sundr-codegen,0.14.4,-,-,?,-,false,-
io.sundr,sundr-core,0.14.4,-,-,?,-,false,-
io.sundr,sundr-maven-plugin,0.14.4,-,-,?,-,false,-
io.sundr,sundr-swagger,0.14.4,-,-,?,-,false,-
io.sundr,transform-annotations,0.14.4,-,-,?,-,false,-
net.jueb,util4j,4.3.1,-,-,?,-,false,-
net.sf.aws-syndicate,deployment-configuration-annotations,1.5.0,-,-,?,-,false,-
net.sf.aws-syndicate,deployment-configuration-maven-plugin,1.5.0,-,-,?,-,false,-
org.corpus-tools,graphannis-api,0.15.0,-,-,?,-,false,-
org.http4k,http4k-core,3.106.0,-,-,?,-,false,-
org.http4k,http4k-server-apache,3.106.0,-,-,?,-,false,-
org.jsonbuddy,jsonbuddy,0.14.0,-,-,?,-,false,-
org.springframework.cloud,spring-cloud-build-docs,2.1.1.RELEASE,-,-,?,-,false,-
org.springframework.cloud,spring-cloud-build-tools,2.1.1.RELEASE,-,-,?,-,false,-
