groupId,artifactId,version,moduleName,moduleVersion,moduleMode,moduleDependencies,jdepsToolError,jdepsViolations
com.almis.ade,ade-core,2.0.6,-,-,?,-,false,-
com.almis.ade,ade-spring-boot-starter,2.0.6,-,-,?,-,false,-
com.cloudbees,syslog-java-client,1.1.6,-,-,?,-,false,-
com.datamotion,dmweb.securemail.messaging,1.0.2,-,-,?,-,false,-
com.frugalmechanic,fm-xml_2.11,0.13.0,-,-,?,-,false,-
com.frugalmechanic,fm-xml_2.12,0.13.0,-,-,?,-,false,-
com.lob,lob-java,9.0.3,-,-,?,-,false,-
com.redhat.lightblue.mongo,lightblue-mongo,1.34.0,-,-,?,-,false,-
com.redhat.lightblue.mongo,lightblue-mongo-test,1.34.0,-,-,?,-,false,-
io.mfj,textricator,9.1.48,-,-,?,-,false,-
org.bsc.maven,confluence-reporting-maven-plugin,6.0,-,-,?,-,false,-
org.bsc.maven,maven-confluence-core,6.0,-,-,?,-,false,-
org.bsc.maven,maven-confluence-plugin-itest,6.0,-,-,?,-,false,-
org.bsc.maven,maven-confluence-plugin-test,6.0,-,-,?,-,false,-
org.bsc.maven,maven-confluence-test,6.0,-,-,?,-,false,-
org.glittum,jaorm,0.1-3ec7adff,jaormfw,-,explicit,java.base + java.naming + java.sql,false,-
org.sila-standard.sila_java.library,core,0.0.1,-,-,?,-,false,-
org.sila-standard.sila_java.library,manager,0.0.1,-,-,?,-,false,-
org.sila-standard.sila_java.library,maven_plugin,0.0.1,-,-,?,-,false,-
org.sila-standard.sila_java.library,server_base,0.0.1,-,-,?,-,false,-
org.sila-standard.sila_java.library,sila_base,0.0.1,-,-,?,-,false,-
