groupId,artifactId,version,moduleName,moduleVersion,moduleMode,moduleDependencies,jdepsToolError,jdepsViolations
au.net.zeus.jgdms,extra,3.1.0,-,-,?,-,false,-
au.net.zeus.jgdms.fiddler,fiddler-dl,3.1.0,-,-,?,-,false,-
au.net.zeus.jgdms.fiddler,fiddler-service,3.1.0,-,-,?,-,false,-
au.net.zeus.jgdms,groovy-config,3.1.0,-,-,?,-,false,-
au.net.zeus.jgdms.group,group-service,3.1.0,-,-,?,-,false,-
au.net.zeus.jgdms,jgdms-activation,3.1.0,-,-,?,-,false,-
au.net.zeus.jgdms,jgdms-browser,3.1.0,-,-,?,-,false,-
au.net.zeus.jgdms,jgdms-collections,3.1.0,-,-,?,-,false,-
au.net.zeus.jgdms,jgdms-destroy,3.1.0,-,-,?,-,false,-
au.net.zeus.jgdms,jgdms-discovery-providers,3.1.0,-,-,?,-,false,-
au.net.zeus.jgdms,jgdms-iiop,3.1.0,-,-,?,-,false,-
au.net.zeus.jgdms,jgdms-jeri,3.1.0,-,-,?,-,false,-
au.net.zeus.jgdms,jgdms-jrmp,3.1.0,-,-,?,-,false,-
au.net.zeus.jgdms,jgdms-lib,3.1.0,-,-,?,-,false,-
au.net.zeus.jgdms,jgdms-lib-dl,3.1.0,-,-,?,-,false,-
au.net.zeus.jgdms,jgdms-osgi-services,3.1.0,-,-,?,-,false,-
au.net.zeus.jgdms,jgdms-platform,3.1.0,-,-,?,-,false,-
au.net.zeus.jgdms,jgdms-pref-class-loader,3.1.0,-,-,?,-,false,-
au.net.zeus.jgdms,jgdms-resources,3.1.0,-,-,?,-,false,-
au.net.zeus.jgdms,jgdms-rmi-tls,3.1.0,-,-,?,-,false,-
au.net.zeus.jgdms,jgdms-ui-factory,3.1.0,-,-,?,-,false,-
au.net.zeus.jgdms,jgdms-url-integrity,3.1.0,-,-,?,-,false,-
au.net.zeus.jgdms,jini-2.1-compat,3.1.0,-,-,?,-,false,-
au.net.zeus.jgdms,jsk-lib,3.1.0,-,-,?,-,false,-
au.net.zeus.jgdms,jsk-platform,3.1.0,-,-,?,-,false,-
au.net.zeus.jgdms.mahalo,mahalo-dl,3.1.0,-,-,?,-,false,-
au.net.zeus.jgdms.mahalo,mahalo-service,3.1.0,-,-,?,-,false,-
au.net.zeus.jgdms.mercury,mercury-dl,3.1.0,-,-,?,-,false,-
au.net.zeus.jgdms.mercury,mercury-service,3.1.0,-,-,?,-,false,-
au.net.zeus.jgdms.norm,norm-dl,3.1.0,-,-,?,-,false,-
au.net.zeus.jgdms.norm,norm-service,3.1.0,-,-,?,-,false,-
au.net.zeus.jgdms.outrigger,outrigger-dl,3.1.0,-,-,?,-,false,-
au.net.zeus.jgdms.outrigger,outrigger-service,3.1.0,-,-,?,-,false,-
au.net.zeus.jgdms.outrigger,outrigger-snaplogstore,3.1.0,-,-,?,-,false,-
au.net.zeus.jgdms.phoenix-activation,phoenix,3.1.0,-,-,?,-,false,-
au.net.zeus.jgdms.phoenix-activation,phoenix-common,3.1.0,-,-,?,-,false,-
au.net.zeus.jgdms.phoenix-activation,phoenix-dl,3.1.0,-,-,?,-,false,-
au.net.zeus.jgdms.phoenix-activation,phoenix-group,3.1.0,-,-,?,-,false,-
au.net.zeus.jgdms.phoenix-activation,phoenix-init,3.1.0,-,-,?,-,false,-
au.net.zeus.jgdms.reggie,reggie-dl,3.1.0,-,-,?,-,false,-
au.net.zeus.jgdms.reggie,reggie-service,3.1.0,-,-,?,-,false,-
au.net.zeus.jgdms,service-starter,3.1.0,-,-,?,-,false,-
au.net.zeus.jgdms.tools,checkconfigurationfile,3.1.0,-,-,?,-,false,-
au.net.zeus.jgdms.tools,checkser,3.1.0,-,-,?,-,false,-
au.net.zeus.jgdms.tools,classdep,3.1.0,-,-,?,-,false,-
au.net.zeus.jgdms.tools,classserver,3.1.0,-,-,?,-,false,-
au.net.zeus.jgdms.tools,computedigest,3.1.0,-,-,?,-,false,-
au.net.zeus.jgdms.tools,computehttpmdcodebase,3.1.0,-,-,?,-,false,-
au.net.zeus.jgdms.tools,envcheck,3.1.0,-,-,?,-,false,-
au.net.zeus.jgdms.tools,jarwrapper,3.1.0,-,-,?,-,false,-
au.net.zeus.jgdms.tools,policy-condenser,3.1.0,-,-,?,-,false,-
au.net.zeus.jgdms.tools,preferredlistgen,3.1.0,-,-,?,-,false,-
au.net.zeus.jgdms.tools,security-policy-debug,3.1.0,-,-,?,-,false,-
com.clarifai.clarifai-api2,core,2.8.0-alpha1,-,-,?,-,false,-
com.fundebug,fundebug-spring,0.1.1,-,-,?,-,false,-
com.github.berkesa,moleculer-java-repl,1.0.5,-,-,?,-,false,-
com.github.shynixn.structureblocklib,structureblocklib-bukkit-api,1.8.2,-,-,?,-,false,-
com.github.shynixn.structureblocklib,structureblocklib-bukkit-core,1.8.2,-,-,?,-,false,-
com.github.shynixn.structureblocklib,structureblocklib-bukkit-plugin,1.8.2,-,-,?,-,false,-
com.github.thinkerou,karate-grpc-core,1.0.1,-,-,?,-,false,-
com.github.thinkerou,karate-grpc-demo,1.0.1,-,-,?,-,false,-
com.github.thinkerou,karate-grpc-helper,1.0.1,-,-,?,-,false,-
com.github.thinkerou,karate-grpc-proto,1.0.1,-,-,?,-,false,-
com.github.thinkerou,karate-grpc-web,1.0.1,-,-,?,-,false,-
io.gitlab.schedule4j,schedule4j-cron,1.0.0,-,-,?,-,false,-
me.jorgecastillo,hiroaki-core,0.1.0,-,-,?,-,false,-
org.http4k,http4k-aws,3.104.0,-,-,?,-,false,-
org.http4k,http4k-cloudnative,3.104.0,-,-,?,-,false,-
org.voovan,voovan-database,4.0.1,-,-,?,-,false,-
org.voovan,voovan-network,4.0.1,-,-,?,-,false,-
uk.ac.ed.cyphsem,cyphsem,0.4.2,-,-,?,-,false,-
