groupId,artifactId,version,moduleName,moduleVersion,moduleMode,moduleDependencies,jdepsToolError,jdepsViolations
com.github.sysalto,reactivereports-core_2.11,1.0.3,-,-,?,-,false,-
com.github.sysalto,reactivereports-core_2.12,1.0.3,-,-,?,-,false,-
com.github.sysalto,reactivereports-core-akka_2.12,1.0.3,-,-,?,-,false,-
com.github.sysalto,reactivereports-pdf-render_2.11,1.0.3,-,-,?,-,false,-
com.github.sysalto,reactivereports-pdf-render_2.12,1.0.3,-,-,?,-,false,-
com.harium.etyl,ui,0.1.3,-,-,?,-,false,-
de.halfbit,autoplay,3.0.0-alpha2,-,-,?,-,false,-
net.anotheria,configureme,2.4.0,-,-,?,-,false,-
nl.martijndwars,web-push,5.0.0,-,-,?,-,false,-
org.chorusbdd,chorus,3.1.0,org.chorusbdd.chorus,-,automatic,-,false,-
org.chorusbdd,chorus-selenium,3.1.0,org.chorusbdd.chorus.selenium,-,automatic,-,false,-
org.chorusbdd,chorus-spring,3.1.0,org.chorusbdd.chorus.spring,-,automatic,-,false,-
org.chorusbdd,chorus-sql,3.1.0,org.chorusbdd.chorus.sql,-,automatic,-,false,-
org.chorusbdd,chorus-websockets,3.1.0,org.chorusbdd.chorus.websockets,-,automatic,-,false,-
org.cristalise,cristalise-gui,3.6.0,-,-,?,-,false,-
org.cristalise,cristalise-inmemory-lookup,3.6.0,-,-,?,-,false,-
org.cristalise,cristalise-trigger,3.6.0,-,-,?,-,false,-
org.cristalise,cristalise-xmldb,3.6.0,-,-,?,-,false,-
org.cristalise,cristalise-xpath-outcomeinit,3.6.0,-,-,?,-,false,-
org.honton.chas,config-cdi,0.1.2,-,-,?,-,false,-
org.honton.chas,testpojo-maven-plugin,0.0.9,-,-,?,-,false,-
