groupId,artifactId,version,moduleName,moduleVersion,moduleMode,moduleDependencies,jdepsToolError,jdepsViolations
com.ardikars.common,common,1.2.6.RELEASE,-,-,?,-,false,-
com.ardikars.common,common-annotation,1.2.6.RELEASE,-,-,?,-,false,-
com.ardikars.common,common-constant,1.2.6.RELEASE,-,-,?,-,false,-
com.ardikars.common,common-logging,1.2.6.RELEASE,-,-,?,-,false,-
com.ardikars.common,common-net,1.2.6.RELEASE,-,-,?,-,false,-
com.ardikars.common,common-tuple,1.2.6.RELEASE,-,-,?,-,false,-
com.ardikars.common,common-util,1.2.6.RELEASE,-,-,?,-,false,sun.misc.Unsafe                          See http://openjdk.java.net/jeps/260
com.ardikars.jxnet,jxnet,1.5.3.RELEASE,-,-,?,-,false,-
com.ardikars.jxnet,jxnet-benchmark,1.5.3.RELEASE,-,-,?,-,false,-
com.ardikars.jxnet,jxnet-context,1.5.3.RELEASE,-,-,?,-,false,-
com.ardikars.jxnet,jxnet-core,1.5.3.RELEASE,-,-,?,-,false,-
com.ardikars.jxnet,jxnet-example,1.5.3.RELEASE,-,-,?,-,false,-
com.ardikars.jxnet,jxnet-spring-boot-autoconfigure,1.5.3.RELEASE,-,-,?,-,false,-
com.ardikars.jxnet,jxnet-spring-boot-starter,1.5.3.RELEASE,-,-,?,-,false,-
com.ardikars.jxnet,jxnet-spring-boot-starter-example,1.5.3.RELEASE,-,-,?,-,false,-
com.graphql-java,graphql-java,2019-01-03T03-56-42-93f1c2f,-,-,?,-,false,-
jp.nephy,penicillin,3.3.4,-,-,?,-,false,-
