groupId,artifactId,version,moduleName,moduleVersion,moduleMode,moduleDependencies,jdepsToolError,jdepsViolations
com.aliyun,aliyun-java-sdk-partnerintl,1.0.2,-,-,?,-,false,-
com.cedarsoftware,n-cube,4.4.1,-,-,?,-,false,-
com.github.dadiyang,wechat-client,1.0.1,-,-,?,-,false,-
com.github.liuanxin,api-document,0.3.3,-,-,?,-,false,-
com.qunar.qmq,qmq,1.1.3,-,-,?,-,false,-
fi.metatavu.tulistop.client,tulistop-api-client,0.0.27,-,-,?,-,false,-
fi.metatavu.tulistop,tulistop-api-spec,0.0.29,-,-,?,-,false,-
io.github.martinschneider,justtestlah-browserstack,1.4-RC2,-,-,?,-,false,-
io.github.martinschneider,justtestlah-core,1.4-RC2,-,-,?,-,false,-
io.github.martinschneider,justtestlah-demos,1.4-RC2,-,-,?,-,false,-
io.github.martinschneider,justtestlah-mobile-tools,1.4-RC2,-,-,?,-,false,-
io.github.martinschneider,justtestlah-pcloudy,1.4-RC2,-,-,?,-,false,-
net.oschina.haopeng,simple-orm,v1.8,-,-,?,-,false,-
org.corefine.common,common-cache,1.5.0,-,-,?,-,false,-
org.corefine.common,common-core,1.5.0,-,-,?,-,false,-
org.corefine.common,common-feign,1.5.0,-,-,?,-,false,-
org.corefine.common,common-jdbc,1.5.0,-,-,?,-,false,-
org.corefine.common,common-util,1.5.0,-,-,?,-,false,-
org.corefine.common,common-web,1.5.0,-,-,?,-,false,-
org.corefine.common,common-web-mvc,1.5.0,-,-,?,-,false,-
org.corefine.common,common-web-websocket,1.5.0,-,-,?,-,false,-
org.corefine.common,common-wx,1.5.0,-,-,?,-,false,-
