groupId,artifactId,version,moduleName,moduleVersion,moduleMode,moduleDependencies,jdepsToolError,jdepsViolations
com.github.javaparser,javaparser-core,3.9.1,com.github.javaparser.core,-,automatic,-,false,-
com.github.javaparser,javaparser-core-generators,3.9.1,-,-,?,-,false,-
com.github.javaparser,javaparser-core-serialization,3.9.1,com.github.javaparser.core.serialization,-,automatic,-,false,-
com.github.javaparser,javaparser-symbol-solver-core,3.9.1,com.github.javaparser.symbolsolver.core,-,automatic,-,false,-
com.github.javaparser,javaparser-symbol-solver-logic,3.9.1,com.github.javaparser.symbolsolver.logic,-,automatic,-,false,-
com.github.javaparser,javaparser-symbol-solver-model,3.9.1,com.github.javaparser.symbolsolver.model,-,automatic,-,false,-
com.github.vebqa,vebtal-api,0.9.7,-,-,?,-,false,-
com.github.vebqa,vebtal-manager,0.9.8,-,-,?,-,false,-
com.github.vebqa,vebtal-pdf,0.9.8,-,-,?,-,false,-
com.github.vebqa,vebtal-selenium,0.9.9,-,-,?,-,false,-
com.kdgregory.logging,aws-shared,2.1.1,-,-,?,-,false,-
com.kdgregory.logging,log4j1-aws-appenders,2.1.1,-,-,?,-,false,-
com.kdgregory.logging,logback-aws-appenders,2.1.1,-,-,?,-,false,-
com.stalary,easydoc-maven-plugin,0.1.0,-,-,?,-,false,-
com.wix,http-testkit_2.11,0.1.20,-,-,?,-,false,-
com.wix,http-testkit_2.12,0.1.20,-,-,?,-,false,-
com.wix,http-testkit-client_2.11,0.1.20,-,-,?,-,false,-
com.wix,http-testkit-client_2.12,0.1.20,-,-,?,-,false,-
com.wix,http-testkit-core_2.11,0.1.20,-,-,?,-,false,-
com.wix,http-testkit-core_2.12,0.1.20,-,-,?,-,false,-
com.wix,http-testkit-marshaller-jackson_2.11,0.1.20,-,-,?,-,false,-
com.wix,http-testkit-marshaller-jackson_2.12,0.1.20,-,-,?,-,false,-
com.wix,http-testkit-scalatest_2.11,0.1.20,-,-,?,-,false,-
com.wix,http-testkit-scalatest_2.12,0.1.20,-,-,?,-,false,-
com.wix,http-testkit-server_2.11,0.1.20,-,-,?,-,false,-
com.wix,http-testkit-server_2.12,0.1.20,-,-,?,-,false,-
com.wix,http-testkit-specs2_2.11,0.1.20,-,-,?,-,false,-
com.wix,http-testkit-specs2_2.12,0.1.20,-,-,?,-,false,-
io.axway.iron,iron-api,0.13.0,-,-,?,-,false,-
io.axway.iron,iron-core,0.13.0,-,-,?,-,false,-
io.axway.iron,iron-inttest,0.13.0,-,-,?,-,false,-
io.axway.iron,iron-spi,0.13.0,-,-,?,-,false,-
io.axway.iron,iron-spi-aws,0.13.0,-,-,?,-,false,-
io.axway.iron,iron-spi-chronicle,0.13.0,-,-,?,-,false,-
io.axway.iron,iron-spi-jackson,0.13.0,-,-,?,-,false,-
io.axway.iron,iron-spi-kafka,0.13.0,-,-,?,-,false,-
org.cristalise,cristalise-dev,3.6.0,-,-,?,-,false,-
org.cristalise,cristalise-dsl,3.6.0,-,-,?,-,false,-
org.cristalise,cristalise-restapi,3.6.0,-,-,?,-,false,-
org.smartboot.http,smart-http-server,1.0.10.1231-beta,-,-,?,-,false,-
