groupId,artifactId,version,moduleName,moduleVersion,moduleMode,moduleDependencies,jdepsToolError,jdepsViolations
com.docusign,docusign-esign-java,2.9.0-beta-1,-,-,?,-,false,-
com.github.evansiroky,maven-semantic-release-example,3.1.3,-,-,?,-,false,-
com.github.mhshams,dahgan-core,0.6.0,-,-,?,-,false,-
com.github.mhshams,dahgan-loader,0.6.0,-,-,?,-,false,-
com.github.target365,target-365-sdk,1.1,-,-,?,-,false,-
edu.umn.biomedicus,biomedicus-measures,2.0.2,-,-,?,-,false,-
edu.umn.biomedicus,biomedicus-tokenizer,0.0.3,-,-,?,-,false,-
io.ap4k,ap4k-core,0.1.3,-,-,?,-,false,-
io.ap4k,ap4k-doc,0.1.3,-,-,?,-,false,-
io.ap4k,ap4k-micronaut,0.1.3,-,-,?,-,false,-
io.ap4k,ap4k-spring-boot,0.1.3,-,-,?,-,false,-
io.ap4k,ap4k-thorntail,0.1.3,-,-,?,-,false,-
io.ap4k,component-annotations,0.1.3,-,-,?,-,false,-
io.ap4k,component-example,0.1.3,-,-,?,-,false,-
io.ap4k,component-service-example,0.1.3,-,-,?,-,false,-
io.ap4k,core-junit,0.1.3,-,-,?,-,false,-
io.ap4k,docker-annotations,0.1.3,-,-,?,-,false,-
io.ap4k,istio-annotations,0.1.3,-,-,?,-,false,-
io.ap4k,istio-example,0.1.3,-,-,?,-,false,-
io.ap4k,kubernetes-annotations,0.1.3,-,-,?,-,false,-
io.ap4k,kubernetes-example,0.1.3,-,-,?,-,false,-
io.ap4k,kubernetes-junit,0.1.3,-,-,?,-,false,-
io.ap4k,kubernetes-junit-starter,0.1.3,-,-,?,-,false,-
io.ap4k,kubernetes-spring-starter,0.1.3,-,-,?,-,false,-
io.ap4k,kubernetes-thorntail-starter,0.1.3,-,-,?,-,false,-
io.ap4k,openshift-annotations,0.1.3,-,-,?,-,false,-
io.ap4k,openshift-example,0.1.3,-,-,?,-,false,-
io.ap4k,openshift-junit,0.1.3,-,-,?,-,false,-
io.ap4k,openshift-junit-starter,0.1.3,-,-,?,-,false,-
io.ap4k,openshift-spring-starter,0.1.3,-,-,?,-,false,-
io.ap4k,openshift-thorntail-starter,0.1.3,-,-,?,-,false,-
io.ap4k,servicecatalog-annotations,0.1.3,-,-,?,-,false,-
io.ap4k,service-catalog-example,0.1.3,-,-,?,-,false,-
io.ap4k,source-to-image-example,0.1.3,-,-,?,-,false,-
io.ap4k,spring-boot-on-kubernetes-example,0.1.3,-,-,?,-,false,-
io.ap4k,spring-boot-on-openshift-example,0.1.3,-,-,?,-,false,-
io.ap4k,spring-boot-with-fmp-on-kubernetes-example,0.1.3,-,-,?,-,false,-
io.ap4k,spring-boot-with-gradle-on-openshift-example,0.1.3,-,-,?,-,false,-
io.ap4k,spring-boot-with-groovy-on-openshift-example,0.1.3,-,-,?,-,false,-
io.geekabyte.ristex,ristex_2.12,0.1.0,-,-,?,-,false,-
io.github.classgraph,classgraph,4.6.12,io.github.classgraph,4.6.12,explicit,java.base + java.xml + jdk.unsupported,false,-
