groupId,artifactId,version,moduleName,moduleVersion,moduleMode,moduleDependencies,jdepsToolError,jdepsViolations
com.alibaba.cloud,alicloud-context,1.0.4,-,-,?,-,false,-
com.github.giiita,scaladia_2.11,1.5.2,-,-,?,-,false,-
com.github.giiita,scaladia_2.12,1.5.2,-,-,?,-,false,-
com.github.giiita,scaladia-http_2.11,0.0.3,-,-,?,-,false,-
com.github.giiita,scaladia-http_2.12,0.0.3,-,-,?,-,false,-
com.wacai,wacai-file-client,1.0.4,-,-,?,-,false,-
io.afu,utils,0.0.32-RELEASE,-,-,?,-,false,sun.misc.BASE64Decoder                   Use java.util.Base64 @since 1.8
top.ibase4j,ibase4j-common,3.6.3,-,-,?,-,false,-
