groupId,artifactId,version,moduleName,moduleVersion,moduleMode,moduleDependencies,jdepsToolError,jdepsViolations
be.yildiz-games,module-network-netty,2.0.3,be.yildizgames.module.network.netty,-,explicit,be.yildizgames.common.logging + be.yildizgames.common.model + be.yildizgames.module.network + io.netty.all + java.base + slf4j.api,false,-
com.47deg,pbdirect_2.11,0.2.0,-,-,?,-,false,-
com.47deg,pbdirect_2.12,0.2.0,-,-,?,-,false,-
com.ekino.oss.jcv,jcv-assertj,1.0.1,-,-,?,-,false,-
com.ekino.oss.jcv,jcv-core,1.0.1,-,-,?,-,false,-
com.ekino.oss.jcv,jcv-hamcrest,1.0.1,-,-,?,-,false,-
com.github.saphyra,auth-service,0.0.3,-,-,?,-,false,-
com.github.saphyra,cache,1.0.3,-,-,?,-,false,-
com.somospnt,loader-lib,1.0.3,-,-,?,-,false,-
de.alpharogroup,resource-bundles-view-model,1,-,-,?,-,false,-
de.carne.common,java-security,1.0.0,de.carne.security,-,automatic,-,false,-
de.julielab,jcore-ace-reader,2.3.10,-,-,?,-,false,-
de.julielab,jcore-acronym-ae,2.3.10,-,-,?,-,false,-
de.julielab,jcore-banner-ae,2.3.10,-,-,?,-,false,-
de.julielab,jcore-banner-ae-biomedical-english,2.3.10,-,-,?,-,false,-
de.julielab,jcore-biolemmatizer-ae,2.3.10,-,-,?,-,false,-
de.julielab,jcore-bionlpformat-consumer,2.3.10,-,-,?,-,false,-
de.julielab,jcore-bionlpformat-reader,2.3.10,-,-,?,-,false,-
de.julielab,jcore-biosem-ae,2.3.10,-,-,?,-,false,-
de.julielab,jcore-biosem-ae-bionlp-st09,2.3.10,-,-,?,-,false,-
de.julielab,jcore-biosem-ae-bionlp-st11,2.3.10,-,-,?,-,false,-
de.julielab,jcore-biosem-ae-bionlp-st13,2.3.10,-,-,?,-,false,-
de.julielab,jcore-conll-consumer,2.3.10,-,-,?,-,false,-
de.julielab,jcore-coordination-baseline-ae,2.3.10,-,-,?,-,false,-
de.julielab,jcore-db-reader,2.3.10,-,-,?,-,false,-
de.julielab,jcore-dta-reader,2.3.10,-,-,?,-,false,-
de.julielab,jcore-ecn-code-ae,2.3.10,-,-,?,-,false,-
de.julielab,jcore-elasticsearch-consumer,2.3.10,-,-,?,-,false,-
de.julielab,jcore-event-flattener-ae,2.3.10,-,-,?,-,false,-
de.julielab,jcore-feature-value-replacement-ae,2.3.10,-,-,?,-,false,-
de.julielab,jcore-file-reader,2.3.10,-,-,?,-,false,-
de.julielab,jcore-iexml-consumer,2.3.10,-,-,?,-,false,-
de.julielab,jcore-iexml-reader,2.3.10,-,-,?,-,false,-
de.julielab,jcore-ign-reader,2.3.10,-,-,?,-,false,-
de.julielab,jcore-iob-consumer,2.3.10,-,-,?,-,false,-
de.julielab,jcore-jnet-ae,2.3.10,-,-,?,-,false,-
de.julielab,jcore-jnet-ae-biomedical-english,2.3.10,-,-,?,-,false,-
de.julielab,jcore-jpos-ae,2.3.10,-,-,?,-,false,-
de.julielab,jcore-jpos-ae-medical-german,2.3.10,-,-,?,-,false,-
de.julielab,jcore-jsbd-ae,2.3.10,-,-,?,-,false,-
de.julielab,jcore-jsbd-ae-biomedical-english,2.3.10,-,-,?,-,false,-
de.julielab,jcore-jsbd-ae-medical-german,2.3.10,-,-,?,-,false,-
de.julielab,jcore-jtbd-ae,2.3.10,-,-,?,-,false,-
de.julielab,jcore-jtbd-ae-biomedical-english,2.3.10,-,-,?,-,false,-
de.julielab,jcore-jtbd-ae-medical-german,2.3.10,-,-,?,-,false,-
de.julielab,jcore-julielab-entity-evaluator-consumer,2.3.10,-,-,?,-,false,-
de.julielab,jcore-likelihood-assignment-ae,2.3.10,-,-,?,-,false,-
de.julielab,jcore-likelihood-detection-ae,2.3.10,-,-,?,-,false,-
de.julielab,jcore-lingpipe-gazetteer-ae,2.3.10,-,-,?,-,false,-
de.julielab,jcore-lingpipegazetteer-ae-dummy-implementation,2.3.10,-,-,?,-,false,-
de.julielab,jcore-lingpipe-porterstemmer-ae,2.3.10,-,-,?,-,false,-
de.julielab,jcore-linnaeus-species-ae,2.3.10,-,-,?,-,false,-
de.julielab,jcore-linnaeus-species-ae-genera-species-proxies-dicts,2.3.10,-,-,?,-,false,-
de.julielab,jcore-linnaeus-species-ae-proxies-dict,2.3.10,-,-,?,-,false,-
de.julielab,jcore-linnaeus-species-ae-species-dict,2.3.10,-,-,?,-,false,-
de.julielab,jcore-mantra-xml-types,2.3.10,-,-,?,-,false,-
de.julielab,jcore-medline-db-reader,2.3.10,-,-,?,-,false,-
de.julielab,jcore-medline-reader,2.3.10,-,-,?,-,false,-
de.julielab,jcore-medxn-ae,2.3.10,-,-,?,-,false,-
de.julielab,jcore-msdoc-reader,2.3.10,-,-,?,-,false,-
de.julielab,jcore-mstparser-ae,2.3.10,-,-,?,-,false,-
de.julielab,jcore-mstparser-ae-biomedical-english,2.3.10,-,-,?,-,false,-
de.julielab,jcore-muc7-reader,2.3.10,-,-,?,-,false,-
de.julielab,jcore-opennlp-chunk-ae,2.3.10,-,-,?,-,false,-
de.julielab,jcore-opennlp-chunk-ae-biomedical-english,2.3.10,-,-,?,-,false,-
de.julielab,jcore-opennlp-parser-ae,2.3.10,-,-,?,-,false,-
de.julielab,jcore-opennlp-parser-ae-biomedical-english,2.3.10,-,-,?,-,false,-
de.julielab,jcore-opennlp-postag-ae,2.3.10,-,-,?,-,false,-
de.julielab,jcore-opennlp-postag-ae-biomedical-english,2.3.10,-,-,?,-,false,-
de.julielab,jcore-opennlp-postag-ae-medical-german,2.3.10,-,-,?,-,false,-
de.julielab,jcore-opennlp-sentence-ae,2.3.10,-,-,?,-,false,-
de.julielab,jcore-opennlp-sentence-ae-biomedical-english,2.3.10,-,-,?,-,false,-
de.julielab,jcore-opennlp-sentence-ae-medical-german,2.3.10,-,-,?,-,false,-
de.julielab,jcore-opennlp-token-ae,2.3.10,-,-,?,-,false,-
de.julielab,jcore-opennlp-token-ae-biomedical-english,2.3.10,-,-,?,-,false,-
de.julielab,jcore-opennlp-token-ae-medical-german,2.3.10,-,-,?,-,false,-
de.julielab,jcore-pmc-reader,2.3.10,-,-,?,-,false,-
de.julielab,jcore-pubmed-db-reader,2.3.10,-,-,?,-,false,-
de.julielab,jcore-pubmed-reader,2.3.10,-,-,?,-,false,-
de.julielab,jcore-pubtator-reader,2.3.10,-,-,?,-,false,-
de.julielab,jcore-stanford-lemmatizer,2.3.10,-,-,?,-,false,-
de.julielab,jcore-topic-indexing-ae,2.3.10,-,-,?,-,false,-
de.julielab,jcore-topics-writer,2.3.10,-,-,?,-,false,-
de.julielab,jcore-txt-consumer,2.3.10,-,-,?,-,false,-
de.julielab,jcore-types,2.3.10,-,-,?,-,false,-
de.julielab,jcore-utilities,2.3.10,-,-,?,-,false,-
de.julielab,jcore-xmi-db-reader,2.3.10,-,-,?,-,false,-
de.julielab,jcore-xmi-db-writer,2.3.10,-,-,?,-,false,-
de.julielab,jcore-xmi-reader,2.3.10,-,-,?,-,false,-
de.julielab,jcore-xmi-writer,2.3.10,-,-,?,-,false,-
de.julielab,jcore-xml-db-reader,2.3.10,-,-,?,-,false,-
de.julielab,jcore-xml-mapper,2.3.10,-,-,?,-,false,-
de.julielab,jcore-xml-reader,2.3.10,-,-,?,-,false,-
