groupId,artifactId,version,moduleName,moduleVersion,moduleMode,moduleDependencies,jdepsToolError,jdepsViolations
io.github.cquiroz,scalajs-react-semantic-ui_sjs0.6_2.12,0.0.1,-,-,?,-,false,-
io.github.jhannes,fluent-jdbc,0.0.3,-,-,?,-,false,-
io.sealights.on-premise.agents.plugin,sealights-maven-plugin,2.1.470,-,-,?,-,false,-
net.sf.nachocalendar,nachocalendar,0.25,net.sf.nachocalendar,-,automatic,-,false,-
net.sf.nachocalendar,nachocalendar-demo,0.25,-,-,?,-,false,-
org.scalameta,mdoc_2.12,1.2.7,-,-,?,-,false,-
org.scalameta,mdoc-docs_2.12,1.2.7,-,-,?,-,false,-
org.scalameta,mdoc-js_2.12,1.2.7,-,-,?,-,false,-
org.scalameta,mdoc-lsp_2.12,1.2.7,-,-,?,-,false,-
org.scalameta,mdoc-runtime_2.12,1.2.7,-,-,?,-,false,-
se.ayoy.maven-plugins,ayoy-license-verifier-maven-plugin,1.0.4,-,-,?,-,false,-
