groupId,artifactId,version,moduleName,moduleVersion,moduleMode,moduleDependencies,jdepsToolError,jdepsViolations
com.github.dadiyang,wechat-client,1.0.0,-,-,?,-,false,-
fi.metatavu.tulistop,tulistop-api-spec,0.0.28,-,-,?,-,false,-
io.ebean,ebean-agent,11.27.1,-,-,?,-,false,-
io.ebean,ebean-maven-plugin,11.27.1,-,-,?,-,false,-
io.thorntail,thorntail-fraction-plugin,93,-,-,?,-,false,-
net.spals.appbuilder.plugins,spals-appbuilder-app-dropwizard,0.6.5,-,-,?,-,false,-
net.spals.appbuilder.plugins,spals-appbuilder-app-dropwizard-test,0.6.5,-,-,?,-,false,-
net.spals.appbuilder.plugins,spals-appbuilder-app-finatra,0.6.5,-,-,?,-,false,-
net.spals.appbuilder.plugins,spals-appbuilder-app-finatra-test,0.6.5,-,-,?,-,false,-
net.spals.appbuilder.plugins,spals-appbuilder-app-grpc,0.6.5,-,-,?,-,false,-
net.spals.appbuilder.plugins,spals-appbuilder-app-grpc-test,0.6.5,-,-,?,-,false,-
net.spals.appbuilder.plugins,spals-appbuilder-filestore-s3,0.6.5,-,-,?,-,false,-
net.spals.appbuilder.plugins,spals-appbuilder-filestore-s3-test,0.6.5,-,-,?,-,false,-
net.spals.appbuilder.plugins,spals-appbuilder-mapstore-cassandra,0.6.5,-,-,?,-,false,-
net.spals.appbuilder.plugins,spals-appbuilder-mapstore-cassandra-test,0.6.5,-,-,?,-,false,-
net.spals.appbuilder.plugins,spals-appbuilder-mapstore-dynamodb,0.6.5,-,-,?,-,false,-
net.spals.appbuilder.plugins,spals-appbuilder-mapstore-dynamodb-test,0.6.5,-,-,?,-,false,-
net.spals.appbuilder.plugins,spals-appbuilder-mapstore-mongodb,0.6.5,-,-,?,-,false,-
net.spals.appbuilder.plugins,spals-appbuilder-mapstore-mongodb-test,0.6.5,-,-,?,-,false,-
net.spals.appbuilder.plugins,spals-appbuilder-message-kafka,0.6.5,-,-,?,-,false,-
net.spals.appbuilder.plugins,spals-appbuilder-message-kafka-test,0.6.5,-,-,?,-,false,-
net.spals.appbuilder.plugins,spals-appbuilder-model-protobuf,0.6.5,-,-,?,-,false,-
net.spals.appbuilder.plugins,spals-appbuilder-model-protobuf-test,0.6.5,-,-,?,-,false,-
net.spals.appbuilder.plugins,spals-appbuilder-monitor-lightstep,0.6.5,-,-,?,-,false,-
net.spals.appbuilder,spals-appbuilder-annotations,0.6.5,-,-,?,-,false,-
net.spals.appbuilder,spals-appbuilder-app-core,0.6.5,-,-,?,-,false,-
net.spals.appbuilder,spals-appbuilder-app-core-test,0.6.5,-,-,?,-,false,-
net.spals.appbuilder,spals-appbuilder-app-examples,0.6.5,-,-,?,-,false,-
net.spals.appbuilder,spals-appbuilder-app-mock,0.6.5,-,-,?,-,false,-
net.spals.appbuilder,spals-appbuilder-app-mock-test,0.6.5,-,-,?,-,false,-
net.spals.appbuilder,spals-appbuilder-config,0.6.5,-,-,?,-,false,-
net.spals.appbuilder,spals-appbuilder-config-test,0.6.5,-,-,?,-,false,-
net.spals.appbuilder,spals-appbuilder-executor-core,0.6.5,-,-,?,-,false,-
net.spals.appbuilder,spals-appbuilder-executor-core-test,0.6.5,-,-,?,-,false,-
net.spals.appbuilder,spals-appbuilder-filestore-core,0.6.5,-,-,?,-,false,-
net.spals.appbuilder,spals-appbuilder-filestore-core-test,0.6.5,-,-,?,-,false,-
net.spals.appbuilder,spals-appbuilder-graph,0.6.5,-,-,?,-,false,-
net.spals.appbuilder,spals-appbuilder-graph-test,0.6.5,-,-,?,-,false,-
net.spals.appbuilder,spals-appbuilder-keystore-core,0.6.5,-,-,?,-,false,-
net.spals.appbuilder,spals-appbuilder-keystore-core-test,0.6.5,-,-,?,-,false,-
net.spals.appbuilder,spals-appbuilder-mapstore-core,0.6.5,-,-,?,-,false,-
net.spals.appbuilder,spals-appbuilder-mapstore-core-test,0.6.5,-,-,?,-,false,-
net.spals.appbuilder,spals-appbuilder-message-core,0.6.5,-,-,?,-,false,-
net.spals.appbuilder,spals-appbuilder-message-core-test,0.6.5,-,-,?,-,false,-
net.spals.appbuilder,spals-appbuilder-model-core,0.6.5,-,-,?,-,false,-
net.spals.appbuilder,spals-appbuilder-model-core-test,0.6.5,-,-,?,-,false,-
net.spals.appbuilder,spals-appbuilder-monitor-core,0.6.5,-,-,?,-,false,-
net.spals.appbuilder,spals-appbuilder-monitor-core-test,0.6.5,-,-,?,-,false,-
org.rapidpm,rapidpm-selenium-webdriver-management-impl,01.00.00-RPM,-,-,?,-,false,-
org.wso2.org.apache.shindig,shindig-common,2.5.2-wso2v8,-,-,?,-,false,-
org.wso2.org.apache.shindig,shindig-extras,2.5.2-wso2v8,-,-,?,-,false,-
org.wso2.org.apache.shindig,shindig-features,2.5.2-wso2v8,-,-,?,-,false,-
org.wso2.org.apache.shindig,shindig-gadgets,2.5.2-wso2v8,-,-,?,-,false,-
org.wso2.org.apache.shindig,shindig-sample-container,2.5.2-wso2v8,-,-,?,-,false,-
org.wso2.org.apache.shindig,shindig-social-api,2.5.2-wso2v8,-,-,?,-,false,-
