groupId,artifactId,version,moduleName,moduleVersion,moduleMode,moduleDependencies,jdepsToolError,jdepsViolations
cn.iq99,padb-common,0.0.2-RELEASE,-,-,?,-,false,-
com.bisahealth,bisahealth-decoding,0.0.1,-,-,?,-,false,-
com.microsoft.azure,azure-eventhubs-spark_2.11,2.3.7,-,-,?,-,false,-
io.afu,utils,0.0.31-RELEASE,-,-,?,-,false,sun.misc.BASE64Decoder                   Use java.util.Base64 @since 1.8
tk.mybatis,mapper,4.1.3,-,-,?,-,false,-
tk.mybatis,mapper-all-dependencies,4.1.3,-,-,?,-,false,-
tk.mybatis,mapper-base,1.1.3,-,-,?,-,false,-
tk.mybatis,mapper-core,1.1.3,-,-,?,-,false,-
tk.mybatis,mapper-extra,1.1.3,-,-,?,-,false,-
tk.mybatis,mapper-generator,1.1.3,-,-,?,-,false,-
tk.mybatis,mapper-spring,1.1.3,-,-,?,-,false,-
tk.mybatis,mapper-spring-boot-autoconfigure,2.1.3,-,-,?,-,false,-
tk.mybatis,mapper-spring-boot-sample-annotation,2.1.3,-,-,?,-,false,-
tk.mybatis,mapper-spring-boot-sample-xml,2.1.3,-,-,?,-,false,-
tk.mybatis,mapper-spring-boot-starter,2.1.3,-,-,?,-,false,-
tk.mybatis,mapper-weekend,1.1.4.5,-,-,?,-,false,-
