groupId,artifactId,version,moduleName,moduleVersion,moduleMode,moduleDependencies,jdepsToolError,jdepsViolations
org.wso2.maven,carbon-p2-plugin,5.1.2,-,-,?,-,false,-
org.wso2.maven,maven-carbon-ui-plugin,5.1.2,-,-,?,-,false,-
org.wso2.maven,maven-car-deploy-plugin,5.1.2,-,-,?,-,false,-
org.wso2.maven,maven-car-plugin,5.1.2,-,-,?,-,false,-
org.wso2.maven,maven-library-plugin,5.1.2,-,-,?,-,false,-
org.wso2.maven,org.wso2.maven.capp,5.1.2,-,-,?,-,false,-
org.wso2.maven,org.wso2.maven.core,5.1.2,-,-,?,-,false,-
org.wso2.maven,org.wso2.maven.utils,5.1.2,-,-,?,-,false,-
org.wso2.maven,wso2-maven-package-prepare-plugin,5.1.2,-,-,?,-,false,-
org.wso2.maven,wso2-release-helper-plugin,5.1.2,-,-,?,-,false,-
org.wso2.maven,wso2-release-pre-prepare-plugin,5.1.2,-,-,?,-,false,-
