groupId,artifactId,version,moduleName,moduleVersion,moduleMode,moduleDependencies,jdepsToolError,jdepsViolations
com.github.jikyo,suji,0.0.3,-,-,?,-,false,-
com.github.stefvanschie.inventoryframework,IF,0.3.1,-,-,?,-,false,-
cz.habarta.typescript-generator,typescript-generator-core,2.11.472,-,-,?,-,false,-
cz.habarta.typescript-generator,typescript-generator-gradle-plugin,2.11.472,-,-,?,-,false,-
cz.habarta.typescript-generator,typescript-generator-maven-plugin,2.11.472,-,-,?,-,false,-
io.amient.affinity,api,0.9.9,-,-,?,-,false,-
io.amient.affinity,avro-formatter-kafka_0.11-scala_2.11,0.9.9,-,-,?,-,false,-
io.amient.affinity,avro-formatter-kafka_1.0-scala_2.11,0.9.9,-,-,?,-,false,-
io.amient.affinity,avro-formatter-kafka_1.1-scala_2.11,0.9.9,-,-,?,-,false,-
io.amient.affinity,avro-formatter-kafka_2.0-scala_2.11,0.9.9,-,-,?,-,false,-
io.amient.affinity,avro-formatter-kafka_2.1-scala_2.11,0.9.9,-,-,?,-,false,-
io.amient.affinity,avro-scala_2.11,0.9.9,-,-,?,-,false,-
io.amient.affinity,avro-serde-kafka_0.11-scala_2.11,0.9.9,-,-,?,-,false,-
io.amient.affinity,avro-serde-kafka_1.0-scala_2.11,0.9.9,-,-,?,-,false,-
io.amient.affinity,avro-serde-kafka_1.1-scala_2.11,0.9.9,-,-,?,-,false,-
io.amient.affinity,avro-serde-kafka_2.0-scala_2.11,0.9.9,-,-,?,-,false,-
io.amient.affinity,avro-serde-kafka_2.1-scala_2.11,0.9.9,-,-,?,-,false,-
io.amient.affinity,core-scala_2.11,0.9.9,-,-,?,-,false,-
io.amient.affinity,metrics-reporter-kafka_0.11,0.9.9,-,-,?,-,false,-
io.amient.affinity,metrics-reporter-kafka_1.0,0.9.9,-,-,?,-,false,-
io.amient.affinity,metrics-reporter-kafka_1.1,0.9.9,-,-,?,-,false,-
io.amient.affinity,metrics-reporter-kafka_2.0,0.9.9,-,-,?,-,false,-
io.amient.affinity,metrics-reporter-kafka_2.1,0.9.9,-,-,?,-,false,-
io.amient.affinity,rocksdb,0.9.9,-,-,?,-,false,-
io.amient.affinity,spark_2.0-scala_2.11,0.9.9,-,-,?,-,false,-
io.amient.affinity,spark_2.2-scala_2.11,0.9.9,-,-,?,-,false,-
io.amient.affinity,spark_2.3-scala_2.11,0.9.9,-,-,?,-,false,-
io.amient.affinity,storage-kafka_0.11-scala_2.11,0.9.9,-,-,?,-,false,-
io.amient.affinity,storage-kafka_1.0-scala_2.11,0.9.9,-,-,?,-,false,-
io.amient.affinity,storage-kafka_1.1-scala_2.11,0.9.9,-,-,?,-,false,-
io.amient.affinity,storage-kafka_2.0-scala_2.11,0.9.9,-,-,?,-,false,-
io.amient.affinity,storage-kafka_2.1-scala_2.11,0.9.9,-,-,?,-,false,-
io.amient.affinity,test-util-kafka_0.11-scala_2.11,0.9.9,-,-,?,-,false,-
io.amient.affinity,test-util-kafka_1.0-scala_2.11,0.9.9,-,-,?,-,false,-
io.amient.affinity,test-util-kafka_1.1-scala_2.11,0.9.9,-,-,?,-,false,-
io.amient.affinity,test-util-kafka_2.0-scala_2.11,0.9.9,-,-,?,-,false,-
io.amient.affinity,test-util-kafka_2.1-scala_2.11,0.9.9,-,-,?,-,false,-
io.amient.affinity,ws-client,0.9.9,-,-,?,-,false,-
io.cucumber,datatable,1.1.12,io.cucumber.datatable,-,automatic,-,false,-
io.cucumber,datatable-dependencies,1.1.12,io.cucumber.datatable.dependencies,-,automatic,-,false,-
io.cucumber,datatable-matchers,1.1.12,io.cucumber.datatable.matchers,-,automatic,-,false,-
org.brunocvcunha.coinpayments,coinpayments-java,1.2,-,-,?,-,false,-
org.dungba,joo-promise4j,1.3.2,-,-,?,-,false,-
org.smartrplace.drivers,upnp-client,0.0.2,-,-,?,-,false,-
org.smartrplace.drivers,upnp-provider,0.0.2,-,-,?,-,false,-
org.smartrplace.drivers,upnp-provider-icon-smartrplace,0.0.2,-,-,?,-,false,-
org.smartrplace.drivers,upnp-tools,0.0.2,-,-,?,-,false,-
org.testng,testng,7.0.0-beta2,-,-,?,-,false,-
