groupId,artifactId,version,moduleName,moduleVersion,moduleMode,moduleDependencies,jdepsToolError,jdepsViolations
be.looorent,keycloak-micronaut-adapter,1.5.0,-,-,?,-,false,-
be.yildiz-games,common-logging,2.1.0,be.yildizgames.common.logging,-,explicit,be.yildizgames.common.exception + be.yildizgames.common.util + java.base + logback.classic + logback.core + slf4j.api + splunk.library.javalogging,false,-
by.next-way,neural.network,1.0,-,-,?,-,false,-
com.aceql,aceql-http,3.1,-,-,?,-,false,-
com.aceql,aceql-http-client-sdk,3.0,-,-,?,-,false,-
com.audienceproject,spark-dynamodb_2.11,0.3.5,-,-,?,-,false,-
com.audienceproject,spark-dynamodb_2.12,0.3.5,-,-,?,-,false,-
com.autotec.sdk,vxc-java,2.0.11,-,-,?,-,false,-
com.bazaarvoice.emodb,emodb-auth-client,5.7.11,-,-,?,-,false,-
com.bazaarvoice.emodb,emodb-auth-core,5.7.11,-,-,?,-,false,-
com.bazaarvoice.emodb,emodb-auth-store,5.7.11,-,-,?,-,false,-
com.bazaarvoice.emodb,emodb-auth-test,5.7.11,-,-,?,-,false,-
com.bazaarvoice.emodb,emodb-blob,5.7.11,-,-,?,-,false,-
com.bazaarvoice.emodb,emodb-blob-api,5.7.11,-,-,?,-,false,-
com.bazaarvoice.emodb,emodb-blob-client,5.7.11,-,-,?,-,false,-
com.bazaarvoice.emodb,emodb-blob-client-common,5.7.11,-,-,?,-,false,-
com.bazaarvoice.emodb,emodb-cachemgr,5.7.11,-,-,?,-,false,-
com.bazaarvoice.emodb,emodb-common-api,5.7.11,-,-,?,-,false,-
com.bazaarvoice.emodb,emodb-common-astyanax,5.7.11,-,-,?,-,false,-
com.bazaarvoice.emodb,emodb-common-client,5.7.11,-,-,?,-,false,-
com.bazaarvoice.emodb,emodb-common-dropwizard,5.7.11,-,-,?,-,false,-
com.bazaarvoice.emodb,emodb-common-dropwizard-client,5.7.11,-,-,?,-,false,-
com.bazaarvoice.emodb,emodb-common-json,5.7.11,-,-,?,-,false,-
com.bazaarvoice.emodb,emodb-common-stash,5.7.11,-,-,?,-,false,-
com.bazaarvoice.emodb,emodb-common-uuid,5.7.11,-,-,?,-,false,-
com.bazaarvoice.emodb,emodb-common-zookeeper,5.7.11,-,-,?,-,false,-
com.bazaarvoice.emodb,emodb-databus,5.7.11,-,-,?,-,false,-
com.bazaarvoice.emodb,emodb-databus-api,5.7.11,-,-,?,-,false,-
com.bazaarvoice.emodb,emodb-databus-client,5.7.11,-,-,?,-,false,-
com.bazaarvoice.emodb,emodb-databus-client-common,5.7.11,-,-,?,-,false,-
com.bazaarvoice.emodb,emodb-datacenter,5.7.11,-,-,?,-,false,-
com.bazaarvoice.emodb,emodb-event,5.7.11,-,-,?,-,false,-
com.bazaarvoice.emodb,emodb-job,5.7.11,-,-,?,-,false,-
com.bazaarvoice.emodb,emodb-job-api,5.7.11,-,-,?,-,false,-
com.bazaarvoice.emodb,emodb-plugins,5.7.11,-,-,?,-,false,-
com.bazaarvoice.emodb,emodb-quality,5.7.11,-,-,?,-,false,-
com.bazaarvoice.emodb,emodb-queue,5.7.11,-,-,?,-,false,-
com.bazaarvoice.emodb,emodb-queue-api,5.7.11,-,-,?,-,false,-
com.bazaarvoice.emodb,emodb-queue-client,5.7.11,-,-,?,-,false,-
com.bazaarvoice.emodb,emodb-queue-client-common,5.7.11,-,-,?,-,false,-
com.bazaarvoice.emodb,emodb-sdk,5.7.11,-,-,?,-,false,-
com.bazaarvoice.emodb,emodb-shaded-clients-core,5.7.11,-,-,?,-,false,sun.misc.Unsafe                          See http://openjdk.java.net/jeps/260 + sun.reflect.Reflection                   Use java.lang.StackWalker @since 9
com.bazaarvoice.emodb,emodb-shaded-clients-dropwizard6,5.7.11,-,-,?,-,false,-
com.bazaarvoice.emodb,emodb-sor,5.7.11,-,-,?,-,false,-
com.bazaarvoice.emodb,emodb-sor-api,5.7.11,-,-,?,-,false,-
com.bazaarvoice.emodb,emodb-sor-client,5.7.11,-,-,?,-,false,-
com.bazaarvoice.emodb,emodb-sor-client-common,5.7.11,-,-,?,-,false,-
com.bazaarvoice.emodb,emodb-sor-hadoop,5.7.11,-,-,?,-,false,-
com.bazaarvoice.emodb,emodb-sor-hive,5.7.11,-,-,?,-,false,sun.misc.Unsafe                          See http://openjdk.java.net/jeps/260 + sun.reflect.Reflection                   Use java.lang.StackWalker @since 9
com.bazaarvoice.emodb,emodb-table,5.7.11,-,-,?,-,false,-
com.bazaarvoice.emodb,emodb-uac-api,5.7.11,-,-,?,-,false,-
com.bazaarvoice.emodb,emodb-uac-client,5.7.11,-,-,?,-,false,-
com.bazaarvoice.emodb,emodb-web,5.7.11,-,-,?,-,false,sun.misc.Cleaner                         Use java.lang.ref.PhantomReference @since 1.2 or java.lang.ref.Cleaner @since 9 + sun.misc.Signal                          See http://openjdk.java.net/jeps/260 + sun.misc.SignalHandler                   See http://openjdk.java.net/jeps/260 + sun.misc.Unsafe                          See http://openjdk.java.net/jeps/260 + sun.reflect.Reflection                   Use java.lang.StackWalker @since 9 + sun.security.x509.X500Name               Use javax.security.auth.x500.X500Principal @since 1.4
com.bazaarvoice.emodb,emodb-web-local,5.7.11,-,-,?,-,false,sun.misc.Cleaner                         Use java.lang.ref.PhantomReference @since 1.2 or java.lang.ref.Cleaner @since 9 + sun.misc.Signal                          See http://openjdk.java.net/jeps/260 + sun.misc.SignalHandler                   See http://openjdk.java.net/jeps/260 + sun.misc.Unsafe                          See http://openjdk.java.net/jeps/260 + sun.reflect.Reflection                   Use java.lang.StackWalker @since 9 + sun.security.x509.X500Name               Use javax.security.auth.x500.X500Principal @since 1.4
com.braintreepayments.gateway,braintree-java,2.91.0,-,-,?,-,false,-
com.caucho,hessian,4.0.53,-,-,?,-,false,sun.misc.Unsafe                          See http://openjdk.java.net/jeps/260
com.caucho,javaee-16,4.0.53,-,-,?,-,false,-
com.caucho,quercus,4.0.53,-,-,?,-,false,-
com.caucho,resin,4.0.53,-,-,?,-,false,sun.security.x509.X500Name               Use javax.security.auth.x500.X500Principal @since 1.4
com.codacy,events_2.11,2.0.2_circe_0.9.1,-,-,?,-,false,-
com.codacy,events_2.12,2.0.2_circe_0.9.1,-,-,?,-,false,-
com.codacy,events-core_2.11,2.0.2_circe_0.9.1,-,-,?,-,false,-
com.codacy,events-core_2.12,2.0.2_circe_0.9.1,-,-,?,-,false,-
com.codacy,events-defs_2.11,2.0.2_circe_0.9.1,-,-,?,-,false,-
com.codacy,events-defs_2.12,2.0.2_circe_0.9.1,-,-,?,-,false,-
com.codacy,events-plugin_2.11,2.0.2_circe_0.9.1,-,-,?,-,false,-
com.codacy,events-plugin_2.12,2.0.2_circe_0.9.1,-,-,?,-,false,-
com.codacy,events-rabbitmq_2.11,2.0.2_circe_0.9.1,-,-,?,-,false,-
com.codacy,events-rabbitmq_2.12,2.0.2_circe_0.9.1,-,-,?,-,false,-
com.epsagon,epsagon,1.2.4,-,-,?,-,false,-
com.feingto,iot-hub-client-java,1.2.1.RELEASE,-,-,?,-,false,-
com.feingto,iot-hub-client-spring,1.2.1.RELEASE,-,-,?,-,false,-
com.feingto,iot-hub-common,1.2.1.RELEASE,-,-,?,-,false,-
com.feingto,iot-hub-server,1.2.1.RELEASE,-,-,?,-,false,-
com.formulasearchengine.mathmltools,mathml-converters,2.0.3,-,-,?,-,false,-
com.formulasearchengine.mathmltools,mathml-core,2.0.3,-,-,?,-,false,-
com.formulasearchengine.mathmltools,mathml-gold,2.0.3,-,-,?,-,false,-
com.formulasearchengine.mathmltools,mathml-libs,2.0.3,-,-,?,-,false,-
com.formulasearchengine.mathmltools,mathml-similarity,2.0.3,-,-,?,-,false,-
com.formulasearchengine.mathmltools,mathml-utils,2.0.3,-,-,?,-,false,-
com.formulasearchengine.mathmltools,xamples,2.0.3,-,-,?,-,false,-
com.github.bpazy,id,1.1.4,-,-,?,-,false,-
com.github.korthout,cantis,0.1,-,-,?,-,false,-
com.github.loyada.dollarx,dollarx-java,0.53,-,-,?,-,false,-
com.github.mrivanplays,BungeeBossbarAPI,1.3.1,-,-,?,-,false,-
com.github.novamage,squeryl_2.10,0.9.15,-,-,?,-,false,-
com.github.novamage,squeryl_2.11,0.9.15,-,-,?,-,false,-
com.github.novamage,squeryl_2.12,0.9.15,-,-,?,-,false,-
com.github.novamage,squeryl_2.13.0-M5,0.9.15,-,-,?,-,false,-
com.github.oskin1,scakoo_2.12,0.3.0,-,-,?,-,false,-
com.github.plokhotnyuk.jsoniter-scala,jsoniter-scala-core_2.11,0.37.8,-,-,?,-,false,sun.misc.Unsafe                          See http://openjdk.java.net/jeps/260
com.github.plokhotnyuk.jsoniter-scala,jsoniter-scala-core_2.12,0.37.8,-,-,?,-,false,sun.misc.Unsafe                          See http://openjdk.java.net/jeps/260
com.github.plokhotnyuk.jsoniter-scala,jsoniter-scala-core_2.13.0-M4,0.37.8,-,-,?,-,false,sun.misc.Unsafe                          See http://openjdk.java.net/jeps/260
com.github.plokhotnyuk.jsoniter-scala,jsoniter-scala-core_2.13.0-M5,0.37.8,-,-,?,-,false,sun.misc.Unsafe                          See http://openjdk.java.net/jeps/260
com.github.plokhotnyuk.jsoniter-scala,jsoniter-scala-macros_2.11,0.37.8,-,-,?,-,false,-
com.github.plokhotnyuk.jsoniter-scala,jsoniter-scala-macros_2.12,0.37.8,-,-,?,-,false,-
com.github.plokhotnyuk.jsoniter-scala,jsoniter-scala-macros_2.13.0-M4,0.37.8,-,-,?,-,false,-
com.github.plokhotnyuk.jsoniter-scala,jsoniter-scala-macros_2.13.0-M5,0.37.8,-,-,?,-,false,-
com.github.pshirshov.izumi.r2,distage-app_2.12,0.6.24,-,-,?,-,false,-
com.github.pshirshov.izumi.r2,distage-cats_2.12,0.6.24,-,-,?,-,false,-
com.github.pshirshov.izumi.r2,distage-config_2.12,0.6.24,-,-,?,-,false,-
com.github.pshirshov.izumi.r2,distage-core_2.12,0.6.24,-,-,?,-,false,-
com.github.pshirshov.izumi.r2,distage-model_2.12,0.6.24,-,-,?,-,false,-
com.github.pshirshov.izumi.r2,distage-plugins_2.12,0.6.24,-,-,?,-,false,-
com.github.pshirshov.izumi.r2,distage-proxy-cglib_2.12,0.6.24,-,-,?,-,false,-
com.github.pshirshov.izumi.r2,distage-roles_2.12,0.6.24,-,-,?,-,false,-
com.github.pshirshov.izumi.r2,distage-roles-api_2.12,0.6.24,-,-,?,-,false,-
com.github.pshirshov.izumi.r2,distage-static_2.12,0.6.24,-,-,?,-,false,-
com.github.pshirshov.izumi.r2,distage-testkit_2.12,0.6.24,-,-,?,-,false,-
com.github.pshirshov.izumi.r2,fastparse-shaded_2.12,0.6.24,-,-,?,-,false,-
com.github.pshirshov.izumi.r2,fundamentals-bio_2.12,0.6.24,-,-,?,-,false,-
com.github.pshirshov.izumi.r2,fundamentals-bio_sjs0.6_2.12,0.6.24,-,-,?,-,false,-
com.github.pshirshov.izumi.r2,fundamentals-collections_2.12,0.6.24,-,-,?,-,false,-
com.github.pshirshov.izumi.r2,fundamentals-collections_sjs0.6_2.12,0.6.24,-,-,?,-,false,-
com.github.pshirshov.izumi.r2,fundamentals-functional_2.12,0.6.24,-,-,?,-,false,-
com.github.pshirshov.izumi.r2,fundamentals-functional_sjs0.6_2.12,0.6.24,-,-,?,-,false,-
com.github.pshirshov.izumi.r2,fundamentals-platform_2.12,0.6.24,-,-,?,-,false,-
com.github.pshirshov.izumi.r2,fundamentals-platform_sjs0.6_2.12,0.6.24,-,-,?,-,false,-
com.github.pshirshov.izumi.r2,fundamentals-reflection_2.12,0.6.24,-,-,?,-,false,-
com.github.pshirshov.izumi.r2,fundamentals-typesafe-config_2.12,0.6.24,-,-,?,-,false,-
com.github.pshirshov.izumi.r2,idealingua-compiler_2.12,0.6.24,-,-,?,-,false,sun.misc.Unsafe                          See http://openjdk.java.net/jeps/260
com.github.pshirshov.izumi.r2,idealingua-core_2.12,0.6.24,-,-,?,-,false,-
com.github.pshirshov.izumi.r2,idealingua-core_sjs0.6_2.12,0.6.24,-,-,?,-,false,-
com.github.pshirshov.izumi.r2,idealingua-model_2.12,0.6.24,-,-,?,-,false,-
com.github.pshirshov.izumi.r2,idealingua-model_sjs0.6_2.12,0.6.24,-,-,?,-,false,-
com.github.pshirshov.izumi.r2,idealingua-runtime-rpc-c-sharp_2.12,0.6.24,-,-,?,-,false,-
com.github.pshirshov.izumi.r2,idealingua-runtime-rpc-go_2.12,0.6.24,-,-,?,-,false,-
com.github.pshirshov.izumi.r2,idealingua-runtime-rpc-http4s_2.12,0.6.24,-,-,?,-,false,-
com.github.pshirshov.izumi.r2,idealingua-runtime-rpc-scala_2.12,0.6.24,-,-,?,-,false,-
com.github.pshirshov.izumi.r2,idealingua-runtime-rpc-scala_sjs0.6_2.12,0.6.24,-,-,?,-,false,-
com.github.pshirshov.izumi.r2,idealingua-runtime-rpc-typescript_2.12,0.6.24,-,-,?,-,false,-
com.github.pshirshov.izumi.r2,idealingua-test-defs_2.12,0.6.24,-,-,?,-,false,-
com.github.pshirshov.izumi.r2,idealingua-transpilers_2.12,0.6.24,-,-,?,-,false,-
com.github.pshirshov.izumi.r2,idealingua-transpilers_sjs0.6_2.12,0.6.24,-,-,?,-,false,-
com.github.pshirshov.izumi.r2,izumi-r2_2.12,0.6.24,-,-,?,-,false,-
com.github.pshirshov.izumi.r2,logstage-adapter-slf4j_2.12,0.6.24,-,-,?,-,false,-
com.github.pshirshov.izumi.r2,logstage-api_2.12,0.6.24,-,-,?,-,false,-
com.github.pshirshov.izumi.r2,logstage-config_2.12,0.6.24,-,-,?,-,false,-
com.github.pshirshov.izumi.r2,logstage-config-di_2.12,0.6.24,-,-,?,-,false,-
com.github.pshirshov.izumi.r2,logstage-core_2.12,0.6.24,-,-,?,-,false,-
com.github.pshirshov.izumi.r2,logstage-di_2.12,0.6.24,-,-,?,-,false,-
com.github.pshirshov.izumi.r2,logstage-rendering-circe_2.12,0.6.24,-,-,?,-,false,-
com.github.pshirshov.izumi.r2,logstage-sink-slf4j_2.12,0.6.24,-,-,?,-,false,-
com.github.timofeevda.jstressy,jstressy-api,1.0.12,-,-,?,-,false,-
com.github.timofeevda.jstressy,jstressy-config,1.0.12,-,-,?,-,false,-
com.github.timofeevda.jstressy,jstressy-cookiesession,1.0.12,-,-,?,-,false,-
com.github.timofeevda.jstressy,jstressy-dummy-scenario-java,1.0.12,-,-,?,-,false,-
com.github.timofeevda.jstressy,jstressy-dummy-scenario-kotlin,1.0.12,-,-,?,-,false,-
com.github.timofeevda.jstressy,jstressy-dummy-scenario-scala,1.0.12,-,-,?,-,false,-
com.github.timofeevda.jstressy,jstressy-httpclient,1.0.12,-,-,?,-,false,-
com.github.timofeevda.jstressy,jstressy-httprequest,1.0.12,-,-,?,-,false,-
com.github.timofeevda.jstressy,jstressy-httpsession,1.0.12,-,-,?,-,false,-
com.github.timofeevda.jstressy,jstressy-logger,1.0.12,-,-,?,-,false,-
com.github.timofeevda.jstressy,jstressy-maven-plugin,1.0.12,-,-,?,-,false,-
com.github.timofeevda.jstressy,jstressy-metrics-micrometer,1.0.12,-,-,?,-,false,sun.misc.Unsafe                          See http://openjdk.java.net/jeps/260
com.github.timofeevda.jstressy,jstressy-scenario-registry,1.0.12,-,-,?,-,false,-
com.github.timofeevda.jstressy,jstressy-scheduler,1.0.12,-,-,?,-,false,-
com.github.timofeevda.jstressy,jstressy-utils,1.0.12,-,-,?,-,false,-
com.github.timofeevda.jstressy,jstressy-vertx,1.0.12,-,-,?,-,false,-
com.github.timofeevda.jstressy,jstressy-vertx-metrics,1.0.12,-,-,?,-,false,-
com.github.timofeevda.jstressy,jstressy-websocket-utils,1.0.12,-,-,?,-,false,-
com.heidelpay.payment,heidelpayJava,1.1.2.0,-,-,?,-,false,-
com.hotels,shunting-yard-common,0.0.4,-,-,?,-,false,-
com.hotels,shunting-yard-receiver-sqs,0.0.4,-,-,?,-,false,-
com.hotels,shunting-yard-replicator,0.0.4,-,-,?,-,false,-
com.hubspot.jinjava,jinjava,2.4.14,-,-,?,-,false,-
com.icthh.xm.commons,xm-commons-config,1.2.22,-,-,?,-,false,-
com.icthh.xm.commons,xm-commons-exceptions,1.2.22,-,-,?,-,false,-
com.icthh.xm.commons,xm-commons-i18n,1.2.22,-,-,?,-,false,-
com.icthh.xm.commons,xm-commons-lep,1.2.22,-,-,?,-,false,-
com.icthh.xm.commons,xm-commons-logging,1.2.22,-,-,?,-,false,-
com.icthh.xm.commons,xm-commons-logging-web,1.2.22,-,-,?,-,false,-
com.icthh.xm.commons,xm-commons-messaging,1.2.22,-,-,?,-,false,-
com.icthh.xm.commons,xm-commons-migration-db,1.2.22,-,-,?,-,false,-
com.icthh.xm.commons,xm-commons-ms-web,1.2.22,-,-,?,-,false,-
com.icthh.xm.commons,xm-commons-permission,1.2.22,-,-,?,-,false,-
com.icthh.xm.commons,xm-commons-request,1.2.22,-,-,?,-,false,-
com.icthh.xm.commons,xm-commons-scheduler,1.2.22,-,-,?,-,false,-
com.icthh.xm.commons,xm-commons-security,1.2.22,-,-,?,-,false,-
com.icthh.xm.commons,xm-commons-tenant,1.2.22,-,-,?,-,false,-
com.icthh.xm.commons,xm-commons-tenant-endpoint,1.2.22,-,-,?,-,false,-
com.icthh.xm.commons,xm-commons-timeline,1.2.22,-,-,?,-,false,-
com.iheart,lihua-core_2.11,0.13,-,-,?,-,false,-
com.iheart,lihua-core_2.12,0.13,-,-,?,-,false,-
com.iheart,lihua-crypt_2.11,0.13,-,-,?,-,false,-
com.iheart,lihua-crypt_2.12,0.13,-,-,?,-,false,-
com.iheart,lihua-mongo_2.11,0.13,-,-,?,-,false,-
com.iheart,lihua-mongo_2.12,0.13,-,-,?,-,false,-
com.letters7.wuchen,springboot2-cache-caffeine,1.0.0,-,-,?,-,false,-
com.letters7.wuchen,springboot2-cache-redis,1.0.0,-,-,?,-,false,-
com.letters7.wuchen,springboot2-cache-support,1.0.0,-,-,?,-,false,-
com.letters7.wuchen,springboot2-sdk,1.0.0,-,-,?,-,false,-
com.letters7.wuchen,springboot2-utils,1.0.0,-,-,?,-,false,-
com.letters7.wuchen,springboot2-web,1.0.0,-,-,?,-,false,-
com.liferay,com.liferay.gradle.plugins,3.12.49,-,-,?,-,false,-
com.liferay,com.liferay.gradle.plugins.defaults,5.5.98,-,-,?,-,false,-
com.liferay,com.liferay.gradle.plugins.service.builder,1.0.51,-,-,?,-,false,-
com.liferay,com.liferay.portal.tools.service.builder,1.0.192,-,-,?,-,false,-
com.lightbend.akka,akka-persistence-couchbase_2.11,1.0-RC2,akka.persistence.couchbase,-,automatic,-,false,-
com.lightbend.akka,akka-persistence-couchbase_2.12,1.0-RC2,akka.persistence.couchbase,-,automatic,-,false,-
com.lightbend.akka,akka-persistence-couchbase-client_2.11,1.0-RC2,akka.stream.alpakka.couchbase,-,automatic,-,false,-
com.lightbend.akka,akka-persistence-couchbase-client_2.12,1.0-RC2,akka.stream.alpakka.couchbase,-,automatic,-,false,-
com.lightbend.akka,lagom-javadsl-persistence-couchbase_2.11,1.0-RC2,lagom.persistence.couchbase.javadsl,-,automatic,-,false,-
com.lightbend.akka,lagom-javadsl-persistence-couchbase_2.12,1.0-RC2,lagom.persistence.couchbase.javadsl,-,automatic,-,false,-
com.lightbend.akka,lagom-persistence-couchbase-core_2.11,1.0-RC2,lagom.persistence.couchbase.core,-,automatic,-,false,-
com.lightbend.akka,lagom-persistence-couchbase-core_2.12,1.0-RC2,lagom.persistence.couchbase.core,-,automatic,-,false,-
com.lightbend.akka,lagom-scaladsl-persistence-couchbase_2.11,1.0-RC2,lagom.persistence.couchbase.scaladsl,-,automatic,-,false,-
com.lightbend.akka,lagom-scaladsl-persistence-couchbase_2.12,1.0-RC2,lagom.persistence.couchbase.scaladsl,-,automatic,-,false,-
com.mastercard.developer,oauth1-signer,1.1.0,-,-,?,-,false,-
com.microsoft.azure,azure-batch,5.0.1,-,-,?,-,false,-
com.netflix.conductor,conductor-cassandra-persistence,2.5.2,-,-,?,-,false,-
com.netflix.conductor,conductor-client,2.5.2,-,-,?,-,false,-
com.netflix.conductor,conductor-common,2.5.2,-,-,?,-,false,-
com.netflix.conductor,conductor-contribs,2.5.2,-,-,?,-,false,-
com.netflix.conductor,conductor-core,2.5.2,-,-,?,-,false,-
com.netflix.conductor,conductor-es5-persistence,2.5.2,-,-,?,-,false,-
com.netflix.conductor,conductor-grpc,2.5.2,-,-,?,-,false,-
com.netflix.conductor,conductor-grpc-client,2.5.2,-,-,?,-,false,-
com.netflix.conductor,conductor-grpc-server,2.5.2,-,-,?,-,false,-
com.netflix.conductor,conductor-jersey,2.5.2,-,-,?,-,false,-
com.netflix.conductor,conductor-mysql-persistence,2.5.2,-,-,?,-,false,-
com.netflix.conductor,conductor-redis-persistence,2.5.2,-,-,?,-,false,-
com.netflix.conductor,conductor-test-harness,2.5.2,-,-,?,-,false,-
com.netflix.conductor,conductor-ui,2.5.2,-,-,?,-,false,-
com.netflix.nebula,nebula-plugin-plugin,9.2.4,-,-,?,-,false,-
com.netflix.nebula,nebula-test,7.1.7,-,-,?,-,false,-
com.oceanprotocol,keeper-contracts,0.5.3,-,-,?,-,false,-
com.quadient.dataservices,dataservices-client-api,0.19,-,-,?,-,false,-
com.quadient.dataservices,dataservices-client-jersey,0.19,-,-,?,-,false,-
com.quadient.dataservices,dataservices-client-swagger-model,0.19,-,-,?,-,false,-
com.quadient.dataservices,dataservices-models-admin,0.19,-,-,?,-,false,-
com.quadient.dataservices,dataservices-models-core,0.19,-,-,?,-,false,-
com.rayanova.community,solarhijri-jsr310,1.0.1,-,-,?,-,false,-
com.solace.spring.boot,solace-java-spring-boot-autoconfigure,2.1.0,-,-,?,-,false,-
com.solace.spring.boot,solace-java-spring-boot-starter,2.1.0,-,-,?,-,false,-
com.solace.spring.boot,solace-jms-spring-boot-autoconfigure,2.1.0,-,-,?,-,false,-
com.solace.spring.boot,solace-jms-spring-boot-starter,2.1.0,-,-,?,-,false,-
com.squareup.sqldelight,core,1.0.0,-,-,?,-,false,-
com.squareup.sqldelight,gradle-plugin,1.0.0,-,-,?,-,false,com.apple.eawt.AboutHandler              Use java.awt.Desktop and JEP 272 @since 9 + com.apple.eawt.AppEvent                  Use java.awt.Desktop and JEP 272 @since 9 + com.apple.eawt.AppEvent$AboutEvent       Use java.awt.Desktop and JEP 272 @since 9 + com.apple.eawt.AppEvent$FullScreenEvent  Use java.awt.Desktop and JEP 272 @since 9 + com.apple.eawt.AppEvent$OpenFilesEvent   Use java.awt.Desktop and JEP 272 @since 9 + com.apple.eawt.AppEvent$OpenURIEvent     Use java.awt.Desktop and JEP 272 @since 9 + com.apple.eawt.AppEvent$PreferencesEvent Use java.awt.Desktop and JEP 272 @since 9 + com.apple.eawt.AppEvent$QuitEvent        Use java.awt.Desktop and JEP 272 @since 9 + com.apple.eawt.Application               Use java.awt.Desktop and JEP 272 @since 9 + com.apple.eawt.FullScreenAdapter         Use java.awt.Desktop and JEP 272 @since 9 + com.apple.eawt.FullScreenListener        Use java.awt.Desktop and JEP 272 @since 9 + com.apple.eawt.FullScreenUtilities       Use java.awt.Desktop and JEP 272 @since 9 + com.apple.eawt.OpenFilesHandler          Use java.awt.Desktop and JEP 272 @since 9 + com.apple.eawt.OpenURIHandler            Use java.awt.Desktop and JEP 272 @since 9 + com.apple.eawt.PreferencesHandler        Use java.awt.Desktop and JEP 272 @since 9 + com.apple.eawt.QuitHandler               Use java.awt.Desktop and JEP 272 @since 9 + com.apple.eawt.QuitResponse              Use java.awt.Desktop and JEP 272 @since 9 + com.apple.eawt.event.GestureAdapter      Use java.awt.Desktop and JEP 272 @since 9 + com.apple.eawt.event.GestureListener     Use java.awt.Desktop and JEP 272 @since 9 + com.apple.eawt.event.GesturePhaseEvent   Use java.awt.Desktop and JEP 272 @since 9 + com.apple.eawt.event.GestureUtilities    Use java.awt.Desktop and JEP 272 @since 9 + com.apple.eawt.event.MagnificationEvent  Use java.awt.Desktop and JEP 272 @since 9 + com.apple.eawt.event.PressureEvent       Use java.awt.Desktop and JEP 272 @since 9 + com.apple.eawt.event.PressureListener    Use java.awt.Desktop and JEP 272 @since 9 + com.apple.eawt.event.SwipeEvent          Use java.awt.Desktop and JEP 272 @since 9 + java.awt.peer.ComponentPeer              Should not use. See https://bugs.openjdk.java.net/browse/JDK-8037739 + java.awt.peer.FramePeer                  Should not use. See https://bugs.openjdk.java.net/browse/JDK-8037739 + sun.misc.Cleaner                         Use java.lang.ref.PhantomReference @since 1.2 or java.lang.ref.Cleaner @since 9 + sun.misc.Contended                       Removed. See http://openjdk.java.net/jeps/260 + sun.misc.Unsafe                          See http://openjdk.java.net/jeps/260 + sun.misc.VMSupport                       Removed. See http://openjdk.java.net/jeps/260
com.squareup.sqldelight,idea-plugin,1.0.0,-,-,?,-,false,-
com.squareup.sqldelight,ios-driver-metadata,1.0.0,-,-,?,-,false,-
com.squareup.sqldelight,migrations,1.0.0,-,-,?,-,false,-
com.squareup.sqldelight,runtime-js,1.0.0,-,-,?,-,false,-
com.squareup.sqldelight,runtime-jvm,1.0.0,-,-,?,-,false,-
com.squareup.sqldelight,runtime-metadata,1.0.0,-,-,?,-,false,-
com.squareup.sqldelight,rxjava2-extensions,1.0.0,-,-,?,-,false,-
com.squareup.sqldelight,sqlite-driver,1.0.0,-,-,?,-,false,-
com.stripe,stripe-java,7.12.0,-,-,?,-,false,-
com.tairanchina.csp.dew,auth,1.5.0-RC,-,-,?,-,false,-
com.tairanchina.csp.dew,auth-sdk-starter,1.5.0-RC,-,-,?,-,false,-
com.tairanchina.csp.dew,boot-starter,1.5.0-RC,-,-,?,-,false,-
com.tairanchina.csp.dew,cloud-starter,1.5.0-RC,-,-,?,-,false,-
com.tairanchina.csp.dew,cluster-common,1.5.0-RC,-,-,?,-,false,sun.reflect.generics.reflectiveObjects.NotImplementedException Removed. See http://openjdk.java.net/jeps/260
com.tairanchina.csp.dew,cluster-spi-eureka,1.5.0-RC,-,-,?,-,false,sun.reflect.generics.reflectiveObjects.NotImplementedException Removed. See http://openjdk.java.net/jeps/260
com.tairanchina.csp.dew,cluster-spi-hazelcast,1.5.0-RC,-,-,?,-,false,-
com.tairanchina.csp.dew,cluster-spi-rabbit,1.5.0-RC,-,-,?,-,false,-
com.tairanchina.csp.dew,cluster-spi-redis,1.5.0-RC,-,-,?,-,false,-
com.tairanchina.csp.dew,config,1.5.0-RC,-,-,?,-,false,-
com.tairanchina.csp.dew,gateway,1.5.0-RC,-,-,?,-,false,-
com.tairanchina.csp.dew,idempotent-starter,1.5.0-RC,-,-,?,-,false,sun.reflect.generics.reflectiveObjects.NotImplementedException Removed. See http://openjdk.java.net/jeps/260
com.tairanchina.csp.dew,jdbc-starter,1.5.0-RC,-,-,?,-,false,-
com.tairanchina.csp.dew,monitor,1.5.0-RC,-,-,?,-,false,-
com.tairanchina.csp.dew,registry,1.5.0-RC,-,-,?,-,false,-
com.tairanchina.csp.dew,test-starter,1.5.0-RC,-,-,?,-,false,-
com.threatconnect.app,apps-core,2.11.0,-,-,?,-,false,-
com.threatconnect.app,apps-util,2.11.0,-,-,?,-,false,-
com.threatconnect.app,playbooks-core,2.11.0,-,-,?,-,false,-
com.threatconnect.app,playbooks-test,2.11.0,-,-,?,-,false,-
com.threatconnect.sdk.addons,app-package-plugin,2.11.0,-,-,?,-,false,-
com.threatconnect.sdk.addons,opendxl,2.11.0,-,-,?,-,false,-
com.threatconnect.sdk.addons,stix-reader,2.11.0,-,-,?,-,false,-
com.threatconnect.sdk.addons,stix-writer,2.11.0,-,-,?,-,false,-
com.threatconnect.sdk.addons,threatconnect-parser,2.11.0,-,-,?,-,false,-
com.threatconnect.sdk.core,threatconnect-sdk,2.11.0,-,-,?,-,false,sun.misc.BASE64Encoder                   Use java.util.Base64 @since 1.8
com.threatconnect.sdk,threatconnect-model,2.11.0,-,-,?,-,false,-
com.threatconnect.sdk,threatconnect-sdk,3.1,-,-,?,-,false,sun.misc.BASE64Encoder                   Use java.util.Base64 @since 1.8
com.velocidi,apso_2.11,0.13.17,-,-,?,-,false,-
com.velocidi,apso_2.12,0.13.17,-,-,?,-,false,-
com.velocidi,apso-testkit_2.11,0.13.17,-,-,?,-,false,-
com.velocidi,apso-testkit_2.12,0.13.17,-,-,?,-,false,-
com.vladsch.flexmark,flexmark,0.40.4,-,-,?,-,false,-
com.vladsch.flexmark,flexmark-all,0.40.4,-,-,?,-,false,-
com.vladsch.flexmark,flexmark-docx-converter,0.40.4,-,-,?,-,false,-
com.vladsch.flexmark,flexmark-ext-abbreviation,0.40.4,-,-,?,-,false,-
com.vladsch.flexmark,flexmark-ext-admonition,0.40.4,-,-,?,-,false,-
com.vladsch.flexmark,flexmark-ext-anchorlink,0.40.4,-,-,?,-,false,-
com.vladsch.flexmark,flexmark-ext-aside,0.40.4,-,-,?,-,false,-
com.vladsch.flexmark,flexmark-ext-attributes,0.40.4,-,-,?,-,false,-
com.vladsch.flexmark,flexmark-ext-autolink,0.40.4,-,-,?,-,false,-
com.vladsch.flexmark,flexmark-ext-definition,0.40.4,-,-,?,-,false,-
com.vladsch.flexmark,flexmark-ext-emoji,0.40.4,-,-,?,-,false,-
com.vladsch.flexmark,flexmark-ext-enumerated-reference,0.40.4,-,-,?,-,false,-
com.vladsch.flexmark,flexmark-ext-escaped-character,0.40.4,-,-,?,-,false,-
com.vladsch.flexmark,flexmark-ext-footnotes,0.40.4,-,-,?,-,false,-
com.vladsch.flexmark,flexmark-ext-gfm-issues,0.40.4,-,-,?,-,false,-
com.vladsch.flexmark,flexmark-ext-gfm-strikethrough,0.40.4,-,-,?,-,false,-
com.vladsch.flexmark,flexmark-ext-gfm-tables,0.40.4,-,-,?,-,false,-
com.vladsch.flexmark,flexmark-ext-gfm-tasklist,0.40.4,-,-,?,-,false,-
com.vladsch.flexmark,flexmark-ext-gfm-users,0.40.4,-,-,?,-,false,-
com.vladsch.flexmark,flexmark-ext-gitlab,0.40.4,-,-,?,-,false,-
com.vladsch.flexmark,flexmark-ext-ins,0.40.4,-,-,?,-,false,-
com.vladsch.flexmark,flexmark-ext-jekyll-front-matter,0.40.4,-,-,?,-,false,-
com.vladsch.flexmark,flexmark-ext-jekyll-tag,0.40.4,-,-,?,-,false,-
com.vladsch.flexmark,flexmark-ext-macros,0.40.4,-,-,?,-,false,-
com.vladsch.flexmark,flexmark-ext-media-tags,0.40.4,-,-,?,-,false,-
com.vladsch.flexmark,flexmark-ext-spec-example,0.40.4,-,-,?,-,false,-
com.vladsch.flexmark,flexmark-ext-superscript,0.40.4,-,-,?,-,false,-
com.vladsch.flexmark,flexmark-ext-tables,0.40.4,-,-,?,-,false,-
com.vladsch.flexmark,flexmark-ext-toc,0.40.4,-,-,?,-,false,-
com.vladsch.flexmark,flexmark-ext-typographic,0.40.4,-,-,?,-,false,-
com.vladsch.flexmark,flexmark-ext-wikilink,0.40.4,-,-,?,-,false,-
com.vladsch.flexmark,flexmark-ext-xwiki-macros,0.40.4,-,-,?,-,false,-
com.vladsch.flexmark,flexmark-ext-yaml-front-matter,0.40.4,-,-,?,-,false,-
com.vladsch.flexmark,flexmark-ext-youtube-embedded,0.40.4,-,-,?,-,false,-
com.vladsch.flexmark,flexmark-ext-zzzzzz,0.40.4,-,-,?,-,false,-
com.vladsch.flexmark,flexmark-formatter,0.40.4,-,-,?,-,false,-
com.vladsch.flexmark,flexmark-html-parser,0.40.4,-,-,?,-,false,-
com.vladsch.flexmark,flexmark-integration-test,0.40.4,-,-,?,-,false,-
com.vladsch.flexmark,flexmark-jira-converter,0.40.4,-,-,?,-,false,-
com.vladsch.flexmark,flexmark-osgi,0.40.4,-,-,?,-,false,sun.misc.BASE64Decoder                   Use java.util.Base64 @since 1.8 + sun.misc.BASE64Encoder                   Use java.util.Base64 @since 1.8
com.vladsch.flexmark,flexmark-pdf-converter,0.40.4,-,-,?,-,false,-
com.vladsch.flexmark,flexmark-profile-pegdown,0.40.4,-,-,?,-,false,-
com.vladsch.flexmark,flexmark-test-util,0.40.4,-,-,?,-,false,-
com.vladsch.flexmark,flexmark-util,0.40.4,-,-,?,-,false,sun.misc.BASE64Decoder                   Use java.util.Base64 @since 1.8 + sun.misc.BASE64Encoder                   Use java.util.Base64 @since 1.8
com.vladsch.flexmark,flexmark-youtrack-converter,0.40.4,-,-,?,-,false,-
fr.pilato.spring,spring-elasticsearch,6.2,-,-,?,-,false,-
hr.laplacian.laplas,laplas-cacheable_2.11,1.0.1,-,-,?,-,false,-
hr.laplacian.laplas,laplas-cacheable_2.12,1.0.1,-,-,?,-,false,-
io.antmedia,ant-media-server,1.6.1,-,-,?,-,false,-
io.codegen.gwt-json-overlay,gwt-json-overlay-annotations,0.0.3,-,-,?,-,false,-
io.codegen.gwt-json-overlay,gwt-json-overlay-integration,0.0.3,-,-,?,-,false,-
io.codegen.gwt-json-overlay,gwt-json-overlay-processor,0.0.3,-,-,?,-,false,-
io.codegen.gwt-json-overlay,gwt-json-overlay-runtime,0.0.3,-,-,?,-,false,-
io.codegen.gwt-json-overlay,gwt-json-overlay-test,0.0.3,-,-,?,-,false,-
io.micronaut,micronaut-aop,1.0.3,io.micronaut.aop,-,automatic,-,false,-
io.micronaut,micronaut-bom,1.0.3,io.micronaut.bom,-,automatic,-,false,-
io.micronaut,micronaut-buffer-netty,1.0.3,io.micronaut.buffer_netty,-,automatic,-,false,-
io.micronaut,micronaut-cli,1.0.3,io.micronaut.cli,-,automatic,-,false,-
io.micronaut,micronaut-core,1.0.3,io.micronaut.core,-,automatic,-,false,sun.misc.Unsafe                          See http://openjdk.java.net/jeps/260
io.micronaut,micronaut-discovery-client,1.0.3,io.micronaut.discovery_client,-,automatic,-,false,-
io.micronaut,micronaut-function,1.0.3,io.micronaut.function,-,automatic,-,false,-
io.micronaut,micronaut-function-aws,1.0.3,io.micronaut.function_aws,-,automatic,-,false,-
io.micronaut,micronaut-function-client,1.0.3,io.micronaut.function_client,-,automatic,-,false,-
io.micronaut,micronaut-function-groovy,1.0.3,io.micronaut.function_groovy,-,automatic,-,false,-
io.micronaut.spring,micronaut-spring-annotation,1.0.0.M2,io.micronaut.spring.spring_annotation,-,automatic,-,false,-
io.micronaut.spring,micronaut-spring-boot,1.0.0.M2,io.micronaut.spring.spring_boot,-,automatic,-,false,-
io.micronaut.spring,micronaut-spring-boot-annotation,1.0.0.M2,io.micronaut.spring.spring_boot_annotation,-,automatic,-,false,-
io.micronaut.spring,micronaut-spring-context,1.0.0.M2,io.micronaut.spring.spring_context,-,automatic,-,false,-
io.micronaut.spring,micronaut-spring-web,1.0.0.M2,io.micronaut.spring.spring_web,-,automatic,-,false,-
io.micronaut.spring,micronaut-spring-web-annotation,1.0.0.M2,io.micronaut.spring.spring_web_annotation,-,automatic,-,false,-
io.projectreactor.ipc,reactor-netty,0.7.14.RELEASE,-,-,?,-,false,-
io.projectreactor.netty,reactor-netty,0.8.4.RELEASE,-,-,?,-,false,-
it.aleven,webapp-common,3.2.9,-,-,?,-,false,-
jakarta.annotation,jakarta.annotation-api,1.3.4,java.annotation,-,automatic,-,false,-
jakarta.jws,jakarta.jws-api,1.1.1,java.jws,-,explicit,java.base,false,-
jakarta.xml.soap,jakarta.xml.soap-api,1.4.1,java.xml.soap,-,explicit,jakarta.activation + java.base + java.logging + java.xml,false,-
jakarta.xml.ws,jakarta.xml.ws-api,2.3.2,java.xml.ws,-,explicit,java.annotation + java.base + java.logging + java.xml.bind + java.xml.soap,false,-
me.vertretungsplan,parser,1.0.0-beta295,-,-,?,-,false,-
nl.basjes.parse.httpdlog,httpdlog-inputformat,5.2,-,-,?,-,false,-
nl.basjes.parse.httpdlog,httpdlog-parser,5.2,-,-,?,-,false,-
nl.basjes.parse.httpdlog,httpdlog-pigloader,5.2,-,-,?,-,false,-
nl.basjes.parse.httpdlog,httpdlog-serde,5.2,-,-,?,-,false,-
nl.basjes.parse,parser-core,5.2,-,-,?,-,false,-
org.glittum,jaorm,0.1-3ec7adff,jaormfw,-,explicit,java.base + java.naming + java.sql,false,-
org.jadice.recordmapper,recordmapper,1.1.4,-,-,?,-,false,-
org.ladsn,ladsn-cloud-eureka,1.0.1,-,-,?,-,false,-
org.mousio,etcd4j,2.17.0,-,-,?,-,false,-
org.sonarsource.scanner.cli,sonar-scanner-cli,3.3.0.1492,-,-,?,-,false,-
org.sonarsource.scanner.maven,sonar-maven-plugin,3.6.0.1398,-,-,?,-,false,-
se.bjurr.gitchangelog,git-changelog-gradle-plugin,1.60,-,-,?,-,false,-
se.bjurr.gitchangelog,git-changelog-lib,1.88,-,-,?,-,false,-
tech.simter,simter-core,1.0.0,-,-,?,-,false,-
tech.simter,simter-exception,1.0.0,-,-,?,-,false,-
tel.schich,javacan,2.0.0,-,-,?,-,false,-
