groupId,artifactId,version,moduleName,moduleVersion,moduleMode,moduleDependencies,jdepsToolError,jdepsViolations
au.net.zeus.jgdms,extra,3.1.0,-,-,?,-,false,-
au.net.zeus.jgdms.fiddler,fiddler-dl,3.1.0,-,-,?,-,false,-
au.net.zeus.jgdms.fiddler,fiddler-service,3.1.0,-,-,?,-,false,-
au.net.zeus.jgdms,groovy-config,3.1.0,-,-,?,-,false,-
au.net.zeus.jgdms.group,group-service,3.1.0,-,-,?,-,false,-
au.net.zeus.jgdms,jgdms-activation,3.1.0,-,-,?,-,false,-
au.net.zeus.jgdms,jgdms-browser,3.1.0,-,-,?,-,false,-
au.net.zeus.jgdms,jgdms-collections,3.1.0,-,-,?,-,false,-
au.net.zeus.jgdms,jgdms-destroy,3.1.0,-,-,?,-,false,-
au.net.zeus.jgdms,jgdms-discovery-providers,3.1.0,-,-,?,-,false,-
au.net.zeus.jgdms,jgdms-iiop,3.1.0,-,-,?,-,false,-
au.net.zeus.jgdms,jgdms-jeri,3.1.0,-,-,?,-,false,-
au.net.zeus.jgdms,jgdms-jrmp,3.1.0,-,-,?,-,false,-
au.net.zeus.jgdms,jgdms-lib,3.1.0,-,-,?,-,false,-
au.net.zeus.jgdms,jgdms-lib-dl,3.1.0,-,-,?,-,false,-
au.net.zeus.jgdms,jgdms-osgi-services,3.1.0,-,-,?,-,false,-
au.net.zeus.jgdms,jgdms-platform,3.1.0,-,-,?,-,false,-
au.net.zeus.jgdms,jgdms-pref-class-loader,3.1.0,-,-,?,-,false,-
au.net.zeus.jgdms,jgdms-resources,3.1.0,-,-,?,-,false,-
au.net.zeus.jgdms,jgdms-rmi-tls,3.1.0,-,-,?,-,false,-
au.net.zeus.jgdms,jgdms-ui-factory,3.1.0,-,-,?,-,false,-
au.net.zeus.jgdms,jgdms-url-integrity,3.1.0,-,-,?,-,false,-
au.net.zeus.jgdms,jini-2.1-compat,3.1.0,-,-,?,-,false,-
au.net.zeus.jgdms,jsk-lib,3.1.0,-,-,?,-,false,-
au.net.zeus.jgdms,jsk-platform,3.1.0,-,-,?,-,false,-
au.net.zeus.jgdms.mahalo,mahalo-dl,3.1.0,-,-,?,-,false,-
au.net.zeus.jgdms.mahalo,mahalo-service,3.1.0,-,-,?,-,false,-
au.net.zeus.jgdms.mercury,mercury-dl,3.1.0,-,-,?,-,false,-
au.net.zeus.jgdms.mercury,mercury-service,3.1.0,-,-,?,-,false,-
au.net.zeus.jgdms.norm,norm-dl,3.1.0,-,-,?,-,false,-
au.net.zeus.jgdms.norm,norm-service,3.1.0,-,-,?,-,false,-
au.net.zeus.jgdms.outrigger,outrigger-dl,3.1.0,-,-,?,-,false,-
au.net.zeus.jgdms.outrigger,outrigger-service,3.1.0,-,-,?,-,false,-
au.net.zeus.jgdms.outrigger,outrigger-snaplogstore,3.1.0,-,-,?,-,false,-
au.net.zeus.jgdms.phoenix-activation,phoenix,3.1.0,-,-,?,-,false,-
au.net.zeus.jgdms.phoenix-activation,phoenix-common,3.1.0,-,-,?,-,false,-
au.net.zeus.jgdms.phoenix-activation,phoenix-dl,3.1.0,-,-,?,-,false,-
au.net.zeus.jgdms.phoenix-activation,phoenix-group,3.1.0,-,-,?,-,false,-
au.net.zeus.jgdms.phoenix-activation,phoenix-init,3.1.0,-,-,?,-,false,-
au.net.zeus.jgdms.reggie,reggie-dl,3.1.0,-,-,?,-,false,-
au.net.zeus.jgdms.reggie,reggie-service,3.1.0,-,-,?,-,false,-
au.net.zeus.jgdms,service-starter,3.1.0,-,-,?,-,false,-
au.net.zeus.jgdms.tools,checkconfigurationfile,3.1.0,-,-,?,-,false,-
au.net.zeus.jgdms.tools,checkser,3.1.0,-,-,?,-,false,-
au.net.zeus.jgdms.tools,classdep,3.1.0,-,-,?,-,false,-
au.net.zeus.jgdms.tools,classserver,3.1.0,-,-,?,-,false,-
au.net.zeus.jgdms.tools,computedigest,3.1.0,-,-,?,-,false,-
au.net.zeus.jgdms.tools,computehttpmdcodebase,3.1.0,-,-,?,-,false,-
au.net.zeus.jgdms.tools,envcheck,3.1.0,-,-,?,-,false,-
au.net.zeus.jgdms.tools,jarwrapper,3.1.0,-,-,?,-,false,-
au.net.zeus.jgdms.tools,policy-condenser,3.1.0,-,-,?,-,false,-
au.net.zeus.jgdms.tools,preferredlistgen,3.1.0,-,-,?,-,false,-
au.net.zeus.jgdms.tools,security-policy-debug,3.1.0,-,-,?,-,false,-
com.caitaojun.ctjdfs,ctjdfs-client,1.0,-,-,?,-,false,-
com.fundebug,fundebug-spring,0.1.1,-,-,?,-,false,-
com.github.shynixn.structureblocklib,structureblocklib-bukkit-api,1.8.2,-,-,?,-,false,-
com.github.shynixn.structureblocklib,structureblocklib-bukkit-core,1.8.2,-,-,?,-,false,-
com.github.shynixn.structureblocklib,structureblocklib-bukkit-plugin,1.8.2,-,-,?,-,false,-
com.github.thinkerou,karate-grpc-core,1.0.1,-,-,?,-,false,-
com.github.thinkerou,karate-grpc-demo,1.0.1,-,-,?,-,false,-
com.github.thinkerou,karate-grpc-helper,1.0.1,-,-,?,-,false,-
com.github.thinkerou,karate-grpc-proto,1.0.1,-,-,?,-,false,-
com.github.thinkerou,karate-grpc-web,1.0.1,-,-,?,-,false,-
com.mchange,jsonrpc-client_2.10,0.0.4,-,-,?,-,false,-
com.mchange,jsonrpc-client_2.11,0.0.4,-,-,?,-,false,-
com.mchange,jsonrpc-client_2.12,0.0.4,-,-,?,-,false,-
org.dotwebstack.framework,dotwebstack-backend-sparql,0.1.5,-,-,?,-,false,-
org.dotwebstack.framework,dotwebstack-core,0.1.5,-,-,?,-,false,-
org.dotwebstack.framework,dotwebstack-frontend-http,0.1.5,-,-,?,-,false,-
org.dotwebstack.framework,dotwebstack-frontend-ld,0.1.5,-,-,?,-,false,-
org.dotwebstack.framework,dotwebstack-frontend-openapi,0.1.5,-,-,?,-,false,-
org.dotwebstack.framework,dotwebstack-integration-test,0.1.5,-,-,?,-,false,-
org.dotwebstack.framework,dotwebstack-test,0.1.5,-,-,?,-,false,-
org.jmotor.metral,metral_2.10,1.0.2,-,-,?,-,false,-
org.jmotor.metral,metral_2.11,1.0.2,-,-,?,-,false,-
org.jmotor.metral,metral_2.12,1.0.2,-,-,?,-,false,-
org.voovan,voovan-database,4.0.1,-,-,?,-,false,-
org.voovan,voovan-network,4.0.1,-,-,?,-,false,-
