groupId,artifactId,version,moduleName,moduleVersion,moduleMode,moduleDependencies,jdepsToolError,jdepsViolations
com.microsoft.azure,azure-eventhubs-spark_2.11,2.3.7,-,-,?,-,false,-
tk.mybatis,mapper,4.1.3,-,-,?,-,false,-
tk.mybatis,mapper-all-dependencies,4.1.3,-,-,?,-,false,-
tk.mybatis,mapper-base,1.1.3,-,-,?,-,false,-
tk.mybatis,mapper-core,1.1.3,-,-,?,-,false,-
tk.mybatis,mapper-extra,1.1.3,-,-,?,-,false,-
tk.mybatis,mapper-generator,1.1.3,-,-,?,-,false,-
tk.mybatis,mapper-spring,1.1.3,-,-,?,-,false,-
tk.mybatis,mapper-spring-boot-autoconfigure,2.1.3,-,-,?,-,false,-
tk.mybatis,mapper-spring-boot-sample-annotation,2.1.3,-,-,?,-,false,-
tk.mybatis,mapper-spring-boot-sample-xml,2.1.3,-,-,?,-,false,-
tk.mybatis,mapper-spring-boot-starter,2.1.3,-,-,?,-,false,-
tk.mybatis,mapper-weekend,1.1.4.5,-,-,?,-,false,-
