groupId,artifactId,version,moduleName,moduleVersion,moduleMode,moduleDependencies,jdepsToolError,jdepsViolations
com.ardikars.jxnet,jxnet,1.5.4.RELEASE,-,-,?,-,false,-
com.ardikars.jxnet,jxnet-benchmark,1.5.4.RELEASE,-,-,?,-,false,-
com.ardikars.jxnet,jxnet-context,1.5.4.RELEASE,-,-,?,-,false,-
com.ardikars.jxnet,jxnet-core,1.5.4.RELEASE,-,-,?,-,false,-
com.ardikars.jxnet,jxnet-example,1.5.4.RELEASE,-,-,?,-,false,-
com.ardikars.jxnet,jxnet-spring-boot-autoconfigure,1.5.4.RELEASE,-,-,?,-,false,-
com.ardikars.jxnet,jxnet-spring-boot-starter,1.5.4.RELEASE,-,-,?,-,false,-
com.ardikars.jxnet,jxnet-spring-boot-starter-example,1.5.4.RELEASE,-,-,?,-,false,-
com.github.fartherp,framework-common,3.0.1,-,-,?,-,false,-
com.github.fartherp,framework-compress,3.0.1,-,-,?,-,false,-
com.github.fartherp,framework-core,3.0.1,-,-,?,-,false,-
com.github.fartherp,framework-database,3.0.1,-,-,?,-,false,-
com.github.fartherp,framework-exception,3.0.1,-,-,?,-,false,-
com.github.fartherp,framework-file,3.0.1,-,-,?,-,false,-
com.github.fartherp,framework-filter,3.0.1,-,-,?,-,false,-
com.github.fartherp,framework-net,3.0.1,-,-,?,-,false,-
com.github.fartherp,framework-poi,3.0.1,-,-,?,-,false,-
com.github.fartherp,framework-remoting,3.0.1,-,-,?,-,false,-
com.github.fartherp,framework-security,3.0.1,-,-,?,-,false,-
com.github.fartherp,framework-tree,3.0.1,-,-,?,-,false,-
com.github.fartherp,javacode,2.0.3,-,-,?,-,false,-
com.github.fartherp,javaxml,2.0.2,-,-,?,-,false,-
com.hankcs,aho-corasick-double-array-trie,1.2.1,-,-,?,-,false,-
com.jakewharton,butterknife-annotations,10.0.0,-,-,?,-,false,-
com.jakewharton,butterknife-compiler,10.0.0,-,-,?,-,false,com.sun.tools.javac.code.Symbol          Use javax.tools and javax.lang.model @since 1.6 + com.sun.tools.javac.code.Symbol$ClassSymbol Use javax.tools and javax.lang.model @since 1.6 + com.sun.tools.javac.code.Symbol$PackageSymbol Use javax.tools and javax.lang.model @since 1.6 + com.sun.tools.javac.code.Symbol$VarSymbol Use javax.tools and javax.lang.model @since 1.6 + com.sun.tools.javac.tree.JCTree          Use com.sun.source @since 1.6 + com.sun.tools.javac.tree.JCTree$JCFieldAccess Use com.sun.source @since 1.6 + com.sun.tools.javac.tree.JCTree$JCLiteral Use com.sun.source @since 1.6 + com.sun.tools.javac.tree.JCTree$Visitor  Use com.sun.source @since 1.6 + com.sun.tools.javac.tree.TreeScanner     Use com.sun.source @since 1.6 + com.sun.tools.javac.util.Name            Use javax.tools and javax.lang.model @since 1.6
com.jakewharton,butterknife-gradle-plugin,10.0.0,-,-,?,-,false,-
com.lucidworks.spark,spark-solr,3.6.0,-,-,?,-,false,-
io.atomix,atomix,3.1.2,-,-,?,-,false,-
io.atomix,atomix-agent,3.1.2,-,-,?,-,false,-
io.atomix,atomix-cluster,3.1.2,-,-,?,-,false,-
io.atomix,atomix-dist,3.1.2,-,-,?,-,false,-
io.atomix,atomix-gossip,3.1.2,-,-,?,-,false,-
io.atomix,atomix-log,3.1.2,-,-,?,-,false,-
io.atomix,atomix-primary-backup,3.1.2,-,-,?,-,false,-
io.atomix,atomix-primitive,3.1.2,-,-,?,-,false,-
io.atomix,atomix-raft,3.1.2,-,-,?,-,false,-
io.atomix,atomix-rest,3.1.2,-,-,?,-,false,-
io.atomix,atomix-storage,3.1.2,-,-,?,-,false,-
io.atomix,atomix-tests,3.1.2,-,-,?,-,false,-
io.atomix,atomix-utils,3.1.2,-,-,?,-,false,-
it.vige,school-ejb,1.2.1,-,-,?,-,false,-
it.vige,school-keycloak-theme,1.2.1,-,-,?,-,false,-
net.anumbrella.seaweedfs,seaweedfs-java-client,0.0.2.RELEASE,-,-,?,-,false,-
org.reaktivity,nukleus-http-cache.spec,0.56,-,-,?,-,false,-
se.mithlond.codestyle.codestyle,mithlond-codestyle,2.1.0,-,-,?,-,false,-
