groupId,artifactId,version,moduleName,moduleVersion,moduleMode,moduleDependencies,jdepsToolError,jdepsViolations
com.conveyal,gtfs-lib,4.2.4,-,-,?,-,false,-
com.github.evansiroky,maven-semantic-release-example,3.1.4,-,-,?,-,false,-
com.github.mjakubowski84,parquet4s-akka_2.11,0.2.0,-,-,?,-,false,-
com.github.mjakubowski84,parquet4s-akka_2.12,0.2.0,-,-,?,-,false,-
com.github.mjakubowski84,parquet4s-core_2.11,0.2.0,-,-,?,-,false,-
com.github.mjakubowski84,parquet4s-core_2.12,0.2.0,-,-,?,-,false,-
com.hubspot.jinjava,jinjava,2.4.13,-,-,?,-,false,-
io.polyglotted,es-common,1.1.8,-,-,?,-,false,-
io.tryp,xpct-core_2.12,0.1.5,-,-,?,-,false,-
io.tryp,xpct-scalatest_2.12,0.1.5,-,-,?,-,false,-
io.tryp,xpct-specs2_2.12,0.1.5,-,-,?,-,false,-
io.tryp,xpct-utest_2.12,0.1.5,-,-,?,-,false,-
me.fmeng,anstore,1.0.0,-,-,?,-,false,-
me.fmeng,anstore-test,1.0.0,-,-,?,-,false,-
net.jmatrix,slf-color-console,1.0.9,-,-,?,-,false,-
org.jfleet,jfleet,0.6.1,-,-,?,-,false,-
org.wso2.extension.siddhi.execution.markov,siddhi-execution-markov,4.0.17,-,-,?,-,false,-
