groupId,artifactId,version,moduleName,moduleVersion,moduleMode,moduleDependencies,jdepsToolError,jdepsViolations
com.imsweb,algorithms,1.20,com.imsweb.algorithms,-,automatic,-,false,-
de.elnarion.asciidoc,asciidoc-extension-multiinclude,0.9.2,-,-,?,-,false,-
de.elnarion.asciidoc,asciidoc-extension-remoteplantuml,0.9.2,-,-,?,-,false,-
de.elnarion.asciidoc,asciidoc-extensions-test,0.9.2,-,-,?,-,false,-
io.github.scambon,io.github.scambon.cliwrapper4j,0.2.0,io.github.scambon.cliwrapper4j,-,automatic,-,false,-
jp.co.future,uroborosql,0.9.0,-,-,?,-,false,-
