groupId,artifactId,version,moduleName,moduleVersion,moduleMode,moduleDependencies,jdepsToolError,jdepsViolations
app.myoss.cloud.boot,myoss-starter-apm,2.0.9.RELEASE,-,-,?,-,false,-
app.myoss.cloud.boot,myoss-starter-cache,2.0.9.RELEASE,-,-,?,-,false,-
app.myoss.cloud.boot,myoss-starter-core,2.0.9.RELEASE,-,-,?,-,false,-
app.myoss.cloud.boot,myoss-starter-web,2.0.9.RELEASE,-,-,?,-,false,-
app.myoss.cloud.maven.plugins,archetypes-maven-plugin,2.0.3.RELEASE,-,-,?,-,false,-
com.github.insanusmokrassar,TelegramBotAPI,0.8.1,-,-,?,-,false,-
com.uniformlyrandom,jello_2.12,0.6.0,-,-,?,-,false,-
com.uniformlyrandom,jello_sjs0.6_2.12,0.6.0,-,-,?,-,false,-
