groupId,artifactId,version,moduleName,moduleVersion,moduleMode,moduleDependencies,jdepsToolError,jdepsViolations
com.aceql,aceql-http,3.1,-,-,?,-,false,-
com.aceql,aceql-http-client-sdk,3.0,-,-,?,-,false,-
com.anaplan.engineering,vdm-gradle-plugin,2.6.4,-,-,?,-,false,-
com.egzosn,pay-java-ali,2.12.4,-,-,?,-,false,-
com.egzosn,pay-java-common,2.12.4,-,-,?,-,false,-
com.egzosn,pay-java-fuiou,2.12.4,-,-,?,-,false,-
com.egzosn,pay-java-payoneer,2.12.4,-,-,?,-,false,-
com.egzosn,pay-java-paypal,2.12.4,-,-,?,-,false,-
com.egzosn,pay-java-union,2.12.4,-,-,?,-,false,-
com.egzosn,pay-java-wx,2.12.4,-,-,?,-,false,-
com.egzosn,pay-java-wx-youdian,2.12.4,-,-,?,-,false,-
com.epam.jdi,jdi-light,1.0.26,-,-,?,-,false,sun.reflect.generics.reflectiveObjects.NotImplementedException Removed. See http://openjdk.java.net/jeps/260
com.epam.jdi,jdi-light-html,1.0.26,-,-,?,-,false,-
com.github.mrivanplays,BungeeBossbarAPI,1.3.1,-,-,?,-,false,-
com.github.novamage,squeryl_2.10,0.9.15,-,-,?,-,false,-
com.github.novamage,squeryl_2.11,0.9.15,-,-,?,-,false,-
com.github.novamage,squeryl_2.12,0.9.15,-,-,?,-,false,-
com.github.novamage,squeryl_2.13.0-M5,0.9.15,-,-,?,-,false,-
com.github.timofeevda.jstressy,jstressy-api,1.0.12,-,-,?,-,false,-
com.github.timofeevda.jstressy,jstressy-config,1.0.12,-,-,?,-,false,-
com.github.timofeevda.jstressy,jstressy-cookiesession,1.0.12,-,-,?,-,false,-
com.github.timofeevda.jstressy,jstressy-dummy-scenario-java,1.0.12,-,-,?,-,false,-
com.github.timofeevda.jstressy,jstressy-dummy-scenario-kotlin,1.0.12,-,-,?,-,false,-
com.github.timofeevda.jstressy,jstressy-dummy-scenario-scala,1.0.12,-,-,?,-,false,-
com.github.timofeevda.jstressy,jstressy-httpclient,1.0.12,-,-,?,-,false,-
com.github.timofeevda.jstressy,jstressy-httprequest,1.0.12,-,-,?,-,false,-
com.github.timofeevda.jstressy,jstressy-httpsession,1.0.12,-,-,?,-,false,-
com.github.timofeevda.jstressy,jstressy-logger,1.0.12,-,-,?,-,false,-
com.github.timofeevda.jstressy,jstressy-maven-plugin,1.0.12,-,-,?,-,false,-
com.github.timofeevda.jstressy,jstressy-metrics-micrometer,1.0.12,-,-,?,-,false,sun.misc.Unsafe                          See http://openjdk.java.net/jeps/260
com.github.timofeevda.jstressy,jstressy-scenario-registry,1.0.12,-,-,?,-,false,-
com.github.timofeevda.jstressy,jstressy-scheduler,1.0.12,-,-,?,-,false,-
com.github.timofeevda.jstressy,jstressy-utils,1.0.12,-,-,?,-,false,-
com.github.timofeevda.jstressy,jstressy-vertx,1.0.12,-,-,?,-,false,-
com.github.timofeevda.jstressy,jstressy-vertx-metrics,1.0.12,-,-,?,-,false,-
com.github.timofeevda.jstressy,jstressy-websocket-utils,1.0.12,-,-,?,-,false,-
com.icthh.xm.commons,xm-commons-config,1.2.22,-,-,?,-,false,-
com.icthh.xm.commons,xm-commons-exceptions,1.2.22,-,-,?,-,false,-
com.icthh.xm.commons,xm-commons-i18n,1.2.22,-,-,?,-,false,-
com.icthh.xm.commons,xm-commons-lep,1.2.22,-,-,?,-,false,-
com.icthh.xm.commons,xm-commons-logging,1.2.22,-,-,?,-,false,-
com.icthh.xm.commons,xm-commons-logging-web,1.2.22,-,-,?,-,false,-
com.icthh.xm.commons,xm-commons-messaging,1.2.22,-,-,?,-,false,-
com.icthh.xm.commons,xm-commons-migration-db,1.2.22,-,-,?,-,false,-
com.icthh.xm.commons,xm-commons-ms-web,1.2.22,-,-,?,-,false,-
com.icthh.xm.commons,xm-commons-permission,1.2.22,-,-,?,-,false,-
com.icthh.xm.commons,xm-commons-request,1.2.22,-,-,?,-,false,-
com.icthh.xm.commons,xm-commons-scheduler,1.2.22,-,-,?,-,false,-
com.icthh.xm.commons,xm-commons-security,1.2.22,-,-,?,-,false,-
com.icthh.xm.commons,xm-commons-tenant,1.2.22,-,-,?,-,false,-
com.icthh.xm.commons,xm-commons-tenant-endpoint,1.2.22,-,-,?,-,false,-
com.icthh.xm.commons,xm-commons-timeline,1.2.22,-,-,?,-,false,-
com.lightbend.akka,akka-persistence-couchbase_2.11,1.0-RC2,akka.persistence.couchbase,-,automatic,-,false,-
com.lightbend.akka,akka-persistence-couchbase_2.12,1.0-RC2,akka.persistence.couchbase,-,automatic,-,false,-
com.lightbend.akka,akka-persistence-couchbase-client_2.11,1.0-RC2,akka.stream.alpakka.couchbase,-,automatic,-,false,-
com.lightbend.akka,akka-persistence-couchbase-client_2.12,1.0-RC2,akka.stream.alpakka.couchbase,-,automatic,-,false,-
com.lightbend.akka,lagom-javadsl-persistence-couchbase_2.11,1.0-RC2,lagom.persistence.couchbase.javadsl,-,automatic,-,false,-
com.lightbend.akka,lagom-javadsl-persistence-couchbase_2.12,1.0-RC2,lagom.persistence.couchbase.javadsl,-,automatic,-,false,-
com.lightbend.akka,lagom-persistence-couchbase-core_2.11,1.0-RC2,lagom.persistence.couchbase.core,-,automatic,-,false,-
com.lightbend.akka,lagom-persistence-couchbase-core_2.12,1.0-RC2,lagom.persistence.couchbase.core,-,automatic,-,false,-
com.lightbend.akka,lagom-scaladsl-persistence-couchbase_2.11,1.0-RC2,lagom.persistence.couchbase.scaladsl,-,automatic,-,false,-
com.lightbend.akka,lagom-scaladsl-persistence-couchbase_2.12,1.0-RC2,lagom.persistence.couchbase.scaladsl,-,automatic,-,false,-
com.solace.spring.boot,solace-java-spring-boot-autoconfigure,2.1.0,-,-,?,-,false,-
com.solace.spring.boot,solace-java-spring-boot-starter,2.1.0,-,-,?,-,false,-
fi.metatavu.tulistop.client,tulistop-api-client,0.0.29,-,-,?,-,false,-
fi.metatavu.tulistop,tulistop-api-spec,0.0.31,-,-,?,-,false,-
io.micronaut,micronaut-aop,1.0.3,io.micronaut.aop,-,automatic,-,false,-
io.micronaut,micronaut-bom,1.0.3,io.micronaut.bom,-,automatic,-,false,-
io.micronaut,micronaut-buffer-netty,1.0.3,io.micronaut.buffer_netty,-,automatic,-,false,-
io.micronaut,micronaut-cli,1.0.3,io.micronaut.cli,-,automatic,-,false,-
io.micronaut,micronaut-core,1.0.3,io.micronaut.core,-,automatic,-,false,sun.misc.Unsafe                          See http://openjdk.java.net/jeps/260
jakarta.jws,jakarta.jws-api,1.1.1,java.jws,-,explicit,java.base,false,-
jakarta.xml.soap,jakarta.xml.soap-api,1.4.1,java.xml.soap,-,explicit,jakarta.activation + java.base + java.logging + java.xml,false,-
me.vertretungsplan,parser,1.0.0-beta295,-,-,?,-,false,-
net.worcade,api-client,1.1.1,-,-,?,-,false,-
net.worcade,api-client-jersey,1.1.1,-,-,?,-,false,-
nl.basjes.parse.httpdlog,httpdlog-inputformat,5.2,-,-,?,-,false,-
nl.basjes.parse.httpdlog,httpdlog-parser,5.2,-,-,?,-,false,-
nl.basjes.parse.httpdlog,httpdlog-pigloader,5.2,-,-,?,-,false,-
nl.basjes.parse.httpdlog,httpdlog-serde,5.2,-,-,?,-,false,-
nl.basjes.parse,parser-core,5.2,-,-,?,-,false,-
no.digipost,digipost-data-types,0.16,-,-,?,-,false,-
org.molgenis,vcf-io,1.0.3,-,-,?,-,false,-
org.sonarsource.scanner.maven,sonar-maven-plugin,3.6.0.1398,-,-,?,-,false,-
pl.decerto,hyperon-persistence,1.6.36,-,-,?,-,false,-
pl.decerto.hyperon.persistence,codegen-gradle-plugin,0.1.35,-,-,?,-,false,-
pl.decerto.hyperon.persistence,codegen-maven-plugin,0.1.35,-,-,?,-,false,-
pl.decerto,hyperon-runtime,1.6.36,-,-,?,-,false,-
