groupId,artifactId,version,moduleName,moduleVersion,moduleMode,moduleDependencies,jdepsToolError,jdepsViolations
com.ardikars.common,common,1.2.6.RC10,-,-,?,-,false,-
com.ardikars.common,common-annotation,1.2.6.RC10,-,-,?,-,false,-
com.ardikars.common,common-constant,1.2.6.RC10,-,-,?,-,false,-
com.ardikars.common,common-logging,1.2.6.RC10,-,-,?,-,false,-
com.ardikars.common,common-net,1.2.6.RC10,-,-,?,-,false,-
com.ardikars.common,common-tuple,1.2.6.RC10,-,-,?,-,false,-
com.ardikars.common,common-util,1.2.6.RC10,-,-,?,-,false,sun.misc.Unsafe                          See http://openjdk.java.net/jeps/260
com.eclecticlogic,pedal-dialect,1.5.3,-,-,?,-,false,-
com.twilio.sdk,twilio,7.33.1,-,-,?,-,false,-
io.zipkin.brave.ratpack,brave-ratpack,2.3.2,-,-,?,-,false,-
