groupId,artifactId,version,moduleName,moduleVersion,moduleMode,moduleDependencies,jdepsToolError,jdepsViolations
com.2oi7,mysql-table-helper,2.1.0,-,-,?,-,false,-
com.alibaba.pelican,PelicanDT,1.0.4,-,-,?,-,false,-
com.battcn,request-spring-boot-autoconfigure,1.0.8-RELEASE,-,-,?,-,false,sun.misc.BASE64Decoder                   Use java.util.Base64 @since 1.8
com.battcn,request-spring-boot-starter,1.0.8-RELEASE,-,-,?,-,false,-
com.github.fartherp,shiro-redisson,1.0.2,-,-,?,-,false,-
com.jdkhome.blzo,blzo-ex-authj,0.0.5,-,-,?,-,false,-
com.jdkhome.blzo,blzo-ex-basic,0.0.5,-,-,?,-,false,-
com.jdkhome.blzo,blzo-ex-ip2region,0.0.5,-,-,?,-,false,-
com.jdkhome.blzo,blzo-ex-redission,0.0.5,-,-,?,-,false,-
com.jdkhome.blzo,blzo-ex-usignin,0.0.5,-,-,?,-,false,-
com.jdkhome.blzo,blzo-ex-utils,0.0.5,-,-,?,-,false,-
com.jdkhome.blzo,blzo-ex-version,0.0.5,-,-,?,-,false,-
com.vodori,missing,0.1.6,-,-,?,-,false,-
