groupId,artifactId,version,moduleName,moduleVersion,moduleMode,moduleDependencies,jdepsToolError,jdepsViolations
be.atbash.config,atbash-alias-config-test,0.9.3,-,-,?,-,false,-
be.atbash.config,atbash-config,0.9.3,-,-,?,-,false,-
be.atbash.config,atbash-config-test,0.9.3,-,-,?,-,false,-
be.atbash.config,geronimo-config,0.9.3,-,-,?,-,false,-
be.atbash.config,microprofile-config-api,0.9.3,-,-,?,-,false,-
com.github.Alex-2713-GitHub,alex-cloud-framework-core,1.0.1,-,-,?,-,false,-
com.github.Alex-2713-GitHub,alex-cloud-framework-criteria,1.0.1,-,-,?,-,false,-
com.github.Alex-2713-GitHub,alex-cloud-framework-date,1.0.1,-,-,?,-,false,-
com.github.Alex-2713-GitHub,alex-cloud-framework-excel,1.0.1,-,-,?,-,false,-
com.github.Alex-2713-GitHub,alex-cloud-framework-mail,1.0.1,-,-,?,-,false,-
com.github.Alex-2713-GitHub,alex-cloud-framework-util,1.0.1,-,-,?,-,false,-
com.remondis,remap,4.1.3,com.remondis.remap,-,automatic,-,false,-
com.vip.saturn,saturn-console,3.3.0,-,-,?,-,false,-
com.vip.saturn,saturn-console-api,3.3.0,-,-,?,-,false,-
com.vip.saturn,saturn-core,3.3.0,-,-,?,-,false,sun.misc.Signal                          See http://openjdk.java.net/jeps/260 + sun.misc.SignalHandler                   See http://openjdk.java.net/jeps/260
com.vip.saturn,saturn-embed,3.3.0,-,-,?,-,false,-
com.vip.saturn,saturn-embed-spring,3.3.0,-,-,?,-,false,-
com.vip.saturn,saturn-executor,3.3.0,-,-,?,-,false,-
com.vip.saturn,saturn-integrate,3.3.0,-,-,?,-,false,-
com.vip.saturn,saturn-it,3.3.0,-,-,?,-,false,-
com.vip.saturn,saturn-job-api,3.3.0,-,-,?,-,false,-
com.vip.saturn,saturn-job-sharding,3.3.0,-,-,?,-,false,-
com.vip.saturn,saturn-plugin,3.3.0,-,-,?,-,false,-
com.vip.saturn,saturn-spring,3.3.0,-,-,?,-,false,-
com.vip.saturn,saturn-springboot,3.3.0,-,-,?,-,false,-
io.github.flyingdew,mybatis-generator-plugins,1.1.2,-,-,?,-,false,-
io.github.idolofidles,MysqlORM,1.1.5,-,-,?,-,false,-
io.github.tilumi,azure-eventhubs-spark_2.11,2.3.8,-,-,?,-,false,-
org.jsonbuddy,jsonbuddy,0.14.1,-,-,?,-,false,-
org.nutz.boot,nutzboot-maven-plugin,2.2.9,-,-,?,-,false,-
org.nutz,nutzboot-core,2.2.9,-,-,?,-,false,-
org.nutz,nutzboot-servlet3,2.2.9,-,-,?,-,false,-
org.nutz,nutzboot-spring4,2.2.9,-,-,?,-,false,-
org.nutz,nutzboot-starter-activiti,2.2.9,-,-,?,-,false,-
org.nutz,nutzboot-starter-actuator,2.2.9,-,-,?,-,false,-
org.nutz,nutzboot-starter-apollo-client,2.2.9,-,-,?,-,false,-
org.nutz,nutzboot-starter-beetl,2.2.9,-,-,?,-,false,-
org.nutz,nutzboot-starter-beetlsql,2.2.9,-,-,?,-,false,-
org.nutz,nutzboot-starter-caffeine,2.2.9,-,-,?,-,false,-
org.nutz,nutzboot-starter-config-client,2.2.9,-,-,?,-,false,-
org.nutz,nutzboot-starter-cxf,2.2.9,-,-,?,-,false,-
org.nutz,nutzboot-starter-disque,2.2.9,-,-,?,-,false,-
org.nutz,nutzboot-starter-dubbo,2.2.9,-,-,?,-,false,-
org.nutz,nutzboot-starter-elasticsearch,2.2.9,-,-,?,-,false,-
org.nutz,nutzboot-starter-email,2.2.9,-,-,?,-,false,-
org.nutz,nutzboot-starter-eureka-client,2.2.9,-,-,?,-,false,-
org.nutz,nutzboot-starter-eureka-server,2.2.9,-,-,?,-,false,-
org.nutz,nutzboot-starter-feign,2.2.9,-,-,?,-,false,-
org.nutz,nutzboot-starter-freemarker,2.2.9,-,-,?,-,false,-
org.nutz,nutzboot-starter-hystrix,2.2.9,-,-,?,-,false,-
org.nutz,nutzboot-starter-hystrix-dashboard,2.2.9,-,-,?,-,false,-
org.nutz,nutzboot-starter-j2cache,2.2.9,-,-,?,-,false,-
org.nutz,nutzboot-starter-jdbc,2.2.9,-,-,?,-,false,-
org.nutz,nutzboot-starter-jetty,2.2.9,-,-,?,-,false,-
org.nutz,nutzboot-starter-jetx,2.2.9,-,-,?,-,false,-
org.nutz,nutzboot-starter-mongodb,2.2.9,-,-,?,-,false,-
org.nutz,nutzboot-starter-mqtt-client,2.2.9,-,-,?,-,false,-
org.nutz,nutzboot-starter-ngrok,2.2.9,-,-,?,-,false,-
org.nutz,nutzboot-starter-nutz-dao,2.2.9,-,-,?,-,false,-
org.nutz,nutzboot-starter-nutz-mvc,2.2.9,-,-,?,-,false,-
org.nutz,nutzboot-starter-prevent-duplicate-submit,2.2.9,-,-,?,-,false,-
org.nutz,nutzboot-starter-quartz,2.2.9,-,-,?,-,false,-
org.nutz,nutzboot-starter-rabbitmq,2.2.9,-,-,?,-,false,-
org.nutz,nutzboot-starter-redis,2.2.9,-,-,?,-,false,-
org.nutz,nutzboot-starter-redis-lettuce,2.2.9,-,-,?,-,false,-
org.nutz,nutzboot-starter-sentinel-dubbo,2.2.9,-,-,?,-,false,-
org.nutz,nutzboot-starter-servicecomb,2.2.9,-,-,?,-,false,-
org.nutz,nutzboot-starter-sharding-jdbc,2.2.9,-,-,?,-,false,-
org.nutz,nutzboot-starter-shiro,2.2.9,-,-,?,-,false,-
org.nutz,nutzboot-starter-ssdb,2.2.9,-,-,?,-,false,-
org.nutz,nutzboot-starter-swagger,2.2.9,-,-,?,-,false,-
org.nutz,nutzboot-starter-test-junit4,2.2.9,-,-,?,-,false,-
org.nutz,nutzboot-starter-thymeleaf,2.2.9,-,-,?,-,false,-
org.nutz,nutzboot-starter-tio,2.2.9,-,-,?,-,false,-
org.nutz,nutzboot-starter-tio-mvc,2.2.9,-,-,?,-,false,-
org.nutz,nutzboot-starter-tomcat,2.2.9,-,-,?,-,false,-
org.nutz,nutzboot-starter-uflo,2.2.9,-,-,?,-,false,-
org.nutz,nutzboot-starter-undertow,2.2.9,-,-,?,-,false,-
org.nutz,nutzboot-starter-ureport,2.2.9,-,-,?,-,false,-
org.nutz,nutzboot-starter-urule,2.2.9,-,-,?,-,false,-
org.nutz,nutzboot-starter-velocity,2.2.9,-,-,?,-,false,-
org.nutz,nutzboot-starter-web3j,2.2.9,-,-,?,-,false,-
org.nutz,nutzboot-starter-weixin,2.2.9,-,-,?,-,false,-
org.nutz,nutzboot-starter-wkcache,2.2.9,-,-,?,-,false,-
org.nutz,nutzboot-starter-xxl-job-executor,2.2.9,-,-,?,-,false,-
org.nutz,nutzboot-starter-zbus,2.2.9,-,-,?,-,false,-
org.nutz,nutzboot-starter-zkclient,2.2.9,-,-,?,-,false,-
org.nutz,nutz-plugins-spring-boot-starter,1.r.67,-,-,?,-,false,-
tech.simter,simter-rest-jaxrs,1.0.0,-,-,?,-,false,-
top.plong,ms-base-rest-api,0.0.3,-,-,?,-,false,-
top.plong,ms-base-rest-default,0.0.3,-,-,?,-,false,-
top.plong,ms-base-rest-generator,0.0.3,-,-,?,-,false,-
top.plong,ms-base-rest-ots,0.0.3,-,-,?,-,false,-
top.plong,ms-base-rest-resource,0.0.3,-,-,?,-,false,-
top.plong,ms-cas-security,0.0.3,-,-,?,-,false,-
top.plong,ms-common-bean,0.0.3,-,-,?,-,false,-
top.plong,ms-common-data,0.0.3,-,-,?,-,false,-
top.plong,ms-fw-starter,0.0.3,-,-,?,-,false,-
top.plong,ms-workable-flow-api,0.0.3,-,-,?,-,false,-
top.plong,ms-workable-flow-idm,0.0.3,-,-,?,-,false,-
top.plong,ms-workable-flow-modeler,0.0.3,-,-,?,-,false,-
win.hupubao,hupubao-common,2.0.2,-,-,?,-,false,sun.misc.BASE64Decoder                   Use java.util.Base64 @since 1.8 + sun.misc.BASE64Encoder                   Use java.util.Base64 @since 1.8
