groupId,artifactId,version,moduleName,moduleVersion,moduleMode,moduleDependencies,jdepsToolError,jdepsViolations
be.yildiz-games,module-messaging-activemq,1.0.4,-,-,?,-,false,-
com.github.danielgindi,helpers,1.4.1,-,-,?,-,false,-
com.github.dzieciou.testing,curl-logger,1.0.4,-,-,?,-,false,-
com.github.vipcchua,fastpay,1.0.3.6,-,-,?,-,false,-
com.indix,util-core_2.10,0.2.38,-,-,?,-,false,-
com.indix,util-core_2.11,0.2.38,-,-,?,-,false,-
com.indix,util-gocd_2.11,v0.8.0,-,-,?,-,false,-
com.indix,util-spark_2.10,0.2.38,-,-,?,-,false,-
com.indix,util-spark_2.11,0.2.38,-,-,?,-,false,-
com.indix,util-store_2.10,0.2.38,-,-,?,-,false,-
com.indix,util-store_2.11,0.2.38,-,-,?,-,false,-
com.ouattararomuald,syndication,0.1.0-rc.1,-,-,?,-,false,-
com.ouattararomuald,syndication-kotlin-coroutines-adapter,0.1.0-rc.1,-,-,?,-,false,-
com.sap.cloud.servicesdk.archetypes,cloud-servicesdk-odatav4-quickstart,1.25.0,-,-,?,-,false,-
com.sap.cloud.servicesdk.archetypes,odatav2,1.25.0,-,-,?,-,false,-
com.sap.cloud.servicesdk.archetypes,odatav4,1.25.0,-,-,?,-,false,-
com.sap.cloud.servicesdk.archetypes,odatav4-sample,1.25.0,-,-,?,-,false,-
com.sap.cloud.servicesdk,developer_license,1.25.0,-,-,?,-,false,-
com.sap.cloud.servicesdk,hana-connectivity-cds,1.25.0,-,-,?,-,false,-
com.sap.cloud.servicesdk,hana.connectivity.cds-core,1.25.0,-,-,?,-,false,-
com.sap.cloud.servicesdk,jacksonutil,1.25.0,-,-,?,-,false,-
com.sap.cloud.servicesdk,odatav2-connectivity,1.25.0,-,-,?,-,false,-
com.sap.cloud.servicesdk,odata-v2-lib,1.25.0,-,-,?,-,false,-
com.sap.cloud.servicesdk.prov,annotation-processor,1.25.0,-,-,?,-,false,-
com.sap.cloud.servicesdk.prov,api,1.25.0,-,-,?,-,false,-
com.sap.cloud.servicesdk.prov,auditlog,1.25.0,-,-,?,-,false,-
com.sap.cloud.servicesdk.prov,cf-xsa-util,1.25.0,-,-,?,-,false,-
com.sap.cloud.servicesdk.prov,custom-dataprovider,1.25.0,-,-,?,-,false,-
com.sap.cloud.servicesdk.prov,edmxparser,1.25.0,-,-,?,-,false,-
com.sap.cloud.servicesdk.prov,multitenancy-dependencies,1.25.0,-,-,?,-,false,-
com.sap.cloud.servicesdk.prov,multitenant-core,1.25.0,-,-,?,-,false,-
com.sap.cloud.servicesdk.prov,odata2.api,1.25.0,-,-,?,-,false,-
com.sap.cloud.servicesdk.prov,odata2.cds,1.25.0,-,-,?,-,false,-
com.sap.cloud.servicesdk.prov,odata2.cdx,1.25.0,-,-,?,-,false,-
com.sap.cloud.servicesdk.prov,odata2.core,1.25.0,-,-,?,-,false,-
com.sap.cloud.servicesdk.prov,odata2.web,1.25.0,-,-,?,-,false,-
com.sap.cloud.servicesdk.prov,odata2.xsa,1.25.0,-,-,?,-,false,-
com.sap.cloud.servicesdk.prov,odata4.api,1.25.0,-,-,?,-,false,-
com.sap.cloud.servicesdk.prov,odata4.cds,1.25.0,-,-,?,-,false,-
com.sap.cloud.servicesdk.prov,odata4.cdx,1.25.0,-,-,?,-,false,-
com.sap.cloud.servicesdk.prov,odata4.core,1.25.0,-,-,?,-,false,-
com.sap.cloud.servicesdk.prov,odata4.jdbc,1.25.0,-,-,?,-,false,-
com.sap.cloud.servicesdk.prov,odata4.web,1.25.0,-,-,?,-,false,-
com.sap.cloud.servicesdk.prov,odata4.xsa,1.25.0,-,-,?,-,false,-
com.sap.cloud.servicesdk.prov,odata-core,1.25.0,-,-,?,-,false,-
com.sap.cloud.servicesdk.prov,odatav2-hybrid,1.25.0,-,-,?,-,false,-
com.sap.cloud.servicesdk.prov,odatav2-lib,1.25.0,-,-,?,-,false,-
com.sap.cloud.servicesdk.prov,odatav2-prov,1.25.0,-,-,?,-,false,-
com.sap.cloud.servicesdk.prov,odatav4,1.25.0,-,-,?,-,false,-
com.sap.cloud.servicesdk.prov,odatav4-lib,1.25.0,-,-,?,-,false,-
com.sap.cloud.servicesdk.prov,odatav4-prov,1.25.0,-,-,?,-,false,-
com.sap.cloud.servicesdk.prov,pojogenerator,1.25.0,-,-,?,-,false,-
io.buji,buji-pac4j,4.1.0,-,-,?,-,false,-
io.github.nassimus26,FastScanner,1.0.2,-,-,?,-,false,-
io.github.nassimus26,FlowControl,1.0.9,-,-,?,-,false,-
io.github.xiaoyudeguang,easy-brancher,3.0.5-RELEASE,-,-,?,-,false,-
io.github.xiaoyudeguang,easy-cache,3.0.5-RELEASE,-,-,?,-,false,-
io.github.xiaoyudeguang,easy-core,3.0.5-RELEASE,-,-,?,-,false,-
io.github.xiaoyudeguang,easy-log,3.0.5-RELEASE,-,-,?,-,false,-
io.github.xiaoyudeguang,easy-mybatis,3.0.5-RELEASE,-,-,?,-,false,-
io.github.xiaoyudeguang,easy-socket,3.0.5-RELEASE,-,-,?,-,false,-
io.github.xiaoyudeguang,easy-swagger,3.0.5-RELEASE,-,-,?,-,false,-
io.github.xiaoyudeguang,easy-trunker,3.0.5-RELEASE,-,-,?,-,false,-
io.wisetime,wisetime-connector,1.1.3,-,-,?,-,false,-
org.chenmin.open,objector,0.0.6,-,-,?,-,false,-
org.chenmin.open,objector-ots,0.0.6,-,-,?,-,false,-
org.pac4j,vertx-pac4j,4.1.0,-,-,?,-,false,-
