groupId,artifactId,version,moduleName,moduleVersion,moduleMode,moduleDependencies,jdepsToolError,jdepsViolations
ch.epfl.lamp,dotty_0.12,0.12.0-bin-20190104-2b31453-NIGHTLY,-,-,?,-,false,-
ch.epfl.lamp,dotty-compiler_0.12,0.12.0-bin-20190104-2b31453-NIGHTLY,-,-,?,-,false,-
ch.epfl.lamp,dotty-doc_0.12,0.12.0-bin-20190104-2b31453-NIGHTLY,-,-,?,-,false,-
ch.epfl.lamp,dotty-interfaces,0.12.0-bin-20190104-2b31453-NIGHTLY,-,-,?,-,false,-
ch.epfl.lamp,dotty-language-server_0.12,0.12.0-bin-20190104-2b31453-NIGHTLY,-,-,?,-,false,-
ch.epfl.lamp,dotty-library_0.12,0.12.0-bin-20190104-2b31453-NIGHTLY,-,-,?,-,false,sun.misc.Unsafe                          See http://openjdk.java.net/jeps/260
ch.epfl.lamp,scala-compiler,0.12.0-bin-20190104-2b31453-NIGHTLY,-,-,?,-,false,-
ch.epfl.lamp,scala-library,0.12.0-bin-20190104-2b31453-NIGHTLY,-,-,?,-,false,-
ch.epfl.lamp,scalap,0.12.0-bin-20190104-2b31453-NIGHTLY,-,-,?,-,false,-
ch.epfl.lamp,scala-reflect,0.12.0-bin-20190104-2b31453-NIGHTLY,-,-,?,-,false,-
cn.simplifydb,simplifydb,2.0.14,-,-,?,-,false,-
com.github.phantomthief,simple-failover,0.1.16,-,-,?,-,false,-
com.github.wangzaixiang,scala-sql_2.11,2.0.7,-,-,?,-,false,-
com.github.wangzaixiang,scala-sql_2.12,2.0.7,-,-,?,-,false,-
com.graphql-java,graphql-java,2019-01-04T03-07-40-a61f4ee,-,-,?,-,false,-
com.revengemission.plugins,mybatis-plugins,0.2.2,-,-,?,-,false,-
io.github.openunirest,open-unirest-java,3.2.06,-,-,?,-,false,-
net.codebuilders,guno-extension,4.1.6.10,-,-,?,-,false,-
org.facebook4j,facebook4j-core,2.4.13,-,-,?,-,false,-
org.nocrala.tools.texttreeformatter,text-tree-formatter,1.0.5,-,-,?,-,false,-
