groupId,artifactId,version,moduleName,moduleVersion,moduleMode,moduleDependencies,jdepsToolError,jdepsViolations
com.aliyun,aliyun-java-sdk-mts,2.6.2,-,-,?,-,false,-
fi.metatavu.tulistop.client,tulistop-api-client,0.0.28,-,-,?,-,false,-
fi.metatavu.tulistop,tulistop-api-spec,0.0.30,-,-,?,-,false,-
io.denkbar.smb,smb-core,1.7,-,-,?,-,false,-
io.gravitee.node,gravitee-node-api,1.2.2,-,-,?,-,false,-
io.gravitee.node,gravitee-node-container,1.2.2,-,-,?,-,false,-
io.gravitee.node,gravitee-node-management,1.2.2,-,-,?,-,false,-
io.gravitee.node,gravitee-node-notifier,1.2.2,-,-,?,-,false,-
io.gravitee.node,gravitee-node-plugins-service,1.2.2,-,-,?,-,false,-
io.gravitee.node,gravitee-node-reporter,1.2.2,-,-,?,-,false,-
io.gravitee.node,gravitee-node-vertx,1.2.2,-,-,?,-,false,-
io.gravitee.node.services,gravitee-node-services-healthcheck,1.2.2,-,-,?,-,false,-
io.gravitee.node.services,gravitee-node-services-monitoring,1.2.2,-,-,?,-,false,-
nl.talsmasoftware.context,context-propagation,1.0.3,nl.talsmasoftware.context,-,automatic,-,false,-
nl.talsmasoftware.context,context-propagation-java8,1.0.3,nl.talsmasoftware.context.java8,-,automatic,-,false,-
nl.talsmasoftware.context,context-propagation-metrics,1.0.3,nl.talsmasoftware.context.metrics,-,automatic,-,false,-
nl.talsmasoftware.context,locale-context,1.0.3,nl.talsmasoftware.context.locale,-,automatic,-,false,-
nl.talsmasoftware.context,mdc-propagation,1.0.3,nl.talsmasoftware.context.mdc,-,automatic,-,false,-
nl.talsmasoftware.context,opentracing-span-propagation,1.0.3,nl.talsmasoftware.context.opentracing,-,automatic,-,false,-
nl.talsmasoftware.context,servletrequest-propagation,1.0.3,nl.talsmasoftware.context.servletrequest,-,automatic,-,false,-
nl.talsmasoftware.context,spring-security-context,1.0.3,nl.talsmasoftware.context.springsecurity,-,automatic,-,false,-
no.nav.fpsak.tidsserie,fpsak-tidsserie,2.0_20180831125757_006dad2,-,-,?,-,false,-
no.nav.meldinger.virksomhet,nav-virksomhet-dokumentnotifikasjon-v1-meldingsdefinisjon,1.2019.01.08-09.21,-,-,?,-,false,-
org.beangle,style-maven-plugin,25.2,-,-,?,-,false,-
org.brunocvcunha.seleneasy,seleneasy,1.1,-,-,?,-,false,-
win.hupubao,dockit-maven-plugin,1.0.1,-,-,?,-,false,-
