groupId,artifactId,version,moduleName,moduleVersion,moduleMode,moduleDependencies,jdepsToolError,jdepsViolations
com.aliyun.openservices,aliyun-log-producer,0.0.8,-,-,?,-,false,-
com.bbossgroups,bboss-core,5.1.8,-,-,?,-,false,-
com.bbossgroups,bboss-data,5.1.8,-,-,?,-,false,-
com.bbossgroups,bboss-event,5.1.8,-,-,?,-,false,-
com.bbossgroups,bboss-hession,5.1.8,-,-,?,-,false,-
com.bbossgroups,bboss-htmlparser,5.1.8,-,-,?,-,false,-
com.bbossgroups,bboss-http,5.1.8,-,-,?,-,false,-
com.bbossgroups,bboss-mvc,5.1.8,-,-,?,-,false,-
com.bbossgroups,bboss-persistent,5.1.8,-,-,?,-,false,com.sun.crypto.provider.SunJCE           Use java.security.Security.getProvider(provider-name) @since 1.3 + sun.misc.BASE64Encoder                   Use java.util.Base64 @since 1.8
com.bbossgroups,bboss-rt,5.1.8,-,-,?,-,false,-
com.bbossgroups,bboss-schedule,5.1.8,-,-,?,-,false,-
com.bbossgroups,bboss-soa,5.1.8,-,-,?,-,false,-
com.bbossgroups,bboss-tabpane,5.1.8,-,-,?,-,false,-
com.bbossgroups,bboss-taglib,5.1.8,-,-,?,-,false,-
com.bbossgroups,bboss-util,5.1.8,-,-,?,-,false,com.sun.crypto.provider.SunJCE           Use java.security.Security.getProvider(provider-name) @since 1.3 + sun.misc.BASE64Decoder                   Use java.util.Base64 @since 1.8 + sun.misc.BASE64Encoder                   Use java.util.Base64 @since 1.8
com.bbossgroups,bboss-velocity,5.1.8,-,-,?,-,false,-
com.bbossgroups,bboss-websocket,5.1.8,-,-,?,-,false,-
com.bbossgroups.plugins,bboss-elasticsearch,5.2.9,-,-,?,-,false,-
com.bbossgroups.plugins,bboss-elasticsearch-rest,5.2.9,-,-,?,-,false,-
com.bbossgroups.plugins,bboss-elasticsearch-rest-booter,5.2.9,-,-,?,-,false,-
com.bbossgroups.plugins,bboss-elasticsearch-rest-jdbc,5.2.9,-,-,?,-,false,-
com.bbossgroups.plugins,bboss-elasticsearch-spring-boot-starter,5.2.9,-,-,?,-,false,-
com.caucho,hessian,4.0.52,-,-,?,-,false,sun.misc.Unsafe                          See http://openjdk.java.net/jeps/260
com.caucho,javaee-16,4.0.52,-,-,?,-,false,-
com.caucho,resin-kernel,4.0.52,-,-,?,-,false,-
com.github.jsonzou,jmockdata,4.1.0,-,-,?,-,false,-
com.tranxactive,j2pay,2.8.8,-,-,?,-,false,-
io.gridgo,gridgo-bean,0.3.0,-,-,?,-,false,-
io.gridgo,gridgo-formatting,0.3.0,-,-,?,-,false,-
io.gridgo,gridgo-framework,0.3.0,-,-,?,-,false,-
io.gridgo,gridgo-utils,0.3.0,-,-,?,-,false,-
org.coody.framework,coody-cache,alpha-1.2.1,-,-,?,-,false,-
org.coody.framework,coody-core,alpha-1.2.1,-,-,?,-,false,-
org.coody.framework,coody-elock,alpha-1.2.1,-,-,?,-,false,-
org.coody.framework,coody-jdbc,alpha-1.2.1,-,-,?,-,false,-
org.coody.framework,coody-rcc,alpha-1.2.1,-,-,?,-,false,-
org.coody.framework,coody-task,alpha-1.2.1,-,-,?,-,false,-
org.coody.framework,coody-web,alpha-1.2.1,-,-,?,-,false,-
org.springblade,blade-core-boot,1.0.0-RC3,-,-,?,-,false,-
org.springblade,blade-core-launch,1.0.0-RC3,-,-,?,-,false,-
org.springblade,blade-core-log,1.0.0-RC3,-,-,?,-,false,-
org.springblade,blade-core-mybatis,1.0.0-RC3,-,-,?,-,false,-
org.springblade,blade-core-secure,1.0.0-RC3,-,-,?,-,false,-
org.springblade,blade-core-swagger,1.0.0-RC3,-,-,?,-,false,-
org.springblade,blade-core-tool,1.0.0-RC3,-,-,?,-,false,-
org.zoxweb,zoxweb-core,2.1.4,-,-,?,-,false,sun.misc.Resource                        Removed. See http://openjdk.java.net/jeps/260 + sun.misc.URLClassPath                    Removed. See http://openjdk.java.net/jeps/260 + sun.misc.Unsafe                          See http://openjdk.java.net/jeps/260
top.coos,coos.app,2.2.6.9,-,-,?,-,false,-
top.coos,coos.component,2.2.6.9,-,-,?,-,false,-
top.coos,coos.core,2.2.6.9,-,-,?,-,false,-
top.coos,coos.resource,2.2.6.9,-,-,?,-,false,-
