groupId,artifactId,version,moduleName,moduleVersion,moduleMode,moduleDependencies,jdepsToolError,jdepsViolations
au.id.tmm,countstv_2.12,0.1.13,-,-,?,-,false,-
com.graphql-java,graphql-java,2019-01-03T22-57-19-e75b425,-,-,?,-,false,-
com.liferay.portal,release.dxp.distro,7.1.10,-,-,?,-,false,-
com.netflix.nebula,nebula-publishing-plugin,9.4.3,-,-,?,-,false,-
com.netflix.nebula,nebula-release-plugin,9.2.0,-,-,?,-,false,-
com.squareup.sqldelight,core,1.0.0-rc6,-,-,?,-,false,-
com.squareup.sqldelight,gradle-plugin,1.0.0-rc6,-,-,?,-,false,com.apple.eawt.AboutHandler              Use java.awt.Desktop and JEP 272 @since 9 + com.apple.eawt.AppEvent                  Use java.awt.Desktop and JEP 272 @since 9 + com.apple.eawt.AppEvent$AboutEvent       Use java.awt.Desktop and JEP 272 @since 9 + com.apple.eawt.AppEvent$FullScreenEvent  Use java.awt.Desktop and JEP 272 @since 9 + com.apple.eawt.AppEvent$OpenFilesEvent   Use java.awt.Desktop and JEP 272 @since 9 + com.apple.eawt.AppEvent$OpenURIEvent     Use java.awt.Desktop and JEP 272 @since 9 + com.apple.eawt.AppEvent$PreferencesEvent Use java.awt.Desktop and JEP 272 @since 9 + com.apple.eawt.AppEvent$QuitEvent        Use java.awt.Desktop and JEP 272 @since 9 + com.apple.eawt.Application               Use java.awt.Desktop and JEP 272 @since 9 + com.apple.eawt.FullScreenAdapter         Use java.awt.Desktop and JEP 272 @since 9 + com.apple.eawt.FullScreenListener        Use java.awt.Desktop and JEP 272 @since 9 + com.apple.eawt.FullScreenUtilities       Use java.awt.Desktop and JEP 272 @since 9 + com.apple.eawt.OpenFilesHandler          Use java.awt.Desktop and JEP 272 @since 9 + com.apple.eawt.OpenURIHandler            Use java.awt.Desktop and JEP 272 @since 9 + com.apple.eawt.PreferencesHandler        Use java.awt.Desktop and JEP 272 @since 9 + com.apple.eawt.QuitHandler               Use java.awt.Desktop and JEP 272 @since 9 + com.apple.eawt.QuitResponse              Use java.awt.Desktop and JEP 272 @since 9 + com.apple.eawt.event.GestureAdapter      Use java.awt.Desktop and JEP 272 @since 9 + com.apple.eawt.event.GestureListener     Use java.awt.Desktop and JEP 272 @since 9 + com.apple.eawt.event.GesturePhaseEvent   Use java.awt.Desktop and JEP 272 @since 9 + com.apple.eawt.event.GestureUtilities    Use java.awt.Desktop and JEP 272 @since 9 + com.apple.eawt.event.MagnificationEvent  Use java.awt.Desktop and JEP 272 @since 9 + com.apple.eawt.event.PressureEvent       Use java.awt.Desktop and JEP 272 @since 9 + com.apple.eawt.event.PressureListener    Use java.awt.Desktop and JEP 272 @since 9 + com.apple.eawt.event.SwipeEvent          Use java.awt.Desktop and JEP 272 @since 9 + java.awt.peer.ComponentPeer              Should not use. See https://bugs.openjdk.java.net/browse/JDK-8037739 + java.awt.peer.FramePeer                  Should not use. See https://bugs.openjdk.java.net/browse/JDK-8037739 + sun.misc.Cleaner                         Use java.lang.ref.PhantomReference @since 1.2 or java.lang.ref.Cleaner @since 9 + sun.misc.Contended                       Removed. See http://openjdk.java.net/jeps/260 + sun.misc.Unsafe                          See http://openjdk.java.net/jeps/260 + sun.misc.VMSupport                       Removed. See http://openjdk.java.net/jeps/260
com.squareup.sqldelight,idea-plugin,1.0.0-rc6,-,-,?,-,false,-
com.squareup.sqldelight,ios-driver-metadata,1.0.0-rc6,-,-,?,-,false,-
com.squareup.sqldelight,migrations,1.0.0-rc6,-,-,?,-,false,-
com.squareup.sqldelight,runtime-js,1.0.0-rc6,-,-,?,-,false,-
com.squareup.sqldelight,runtime-jvm,1.0.0-rc6,-,-,?,-,false,-
com.squareup.sqldelight,runtime-metadata,1.0.0-rc6,-,-,?,-,false,-
com.squareup.sqldelight,rxjava2-extensions,1.0.0-rc6,-,-,?,-,false,-
com.squareup.sqldelight,sqlite-driver,1.0.0-rc6,-,-,?,-,false,-
com.vtxsystems,statemachine,0.1.0,-,-,?,-,false,-
net.skobow,oauth2-restclient,0.1.0,-,-,?,-,false,-
net.skobow,oauth2-restclient-spring-boot-autoconfigure,0.1.0,-,-,?,-,false,-
net.skobow,oauth2-restclient-spring-boot-starter,0.1.0,-,-,?,-,false,-
net.snowflake,snowflake-jdbc,3.6.23,-,-,?,-,false,-
