groupId,artifactId,version,moduleName,moduleVersion,moduleMode,moduleDependencies,jdepsToolError,jdepsViolations
org.ops4j.pax.url,pax-url-aether,2.6.1,-,-,?,-,false,-
org.ops4j.pax.url,pax-url-aether-support,2.6.1,-,-,?,-,false,-
org.ops4j.pax.url,pax-url-assembly,2.6.1,-,-,?,-,false,-
org.ops4j.pax.url,pax-url-cache,2.6.1,-,-,?,-,false,-
org.ops4j.pax.url,pax-url-classpath,2.6.1,-,-,?,-,false,-
org.ops4j.pax.url,pax-url-commons,2.6.1,-,-,?,-,false,-
org.ops4j.pax.url,pax-url-dir,2.6.1,-,-,?,-,false,-
org.ops4j.pax.url,pax-url-link,2.6.1,-,-,?,-,false,-
org.ops4j.pax.url,pax-url-obr,2.6.1,-,-,?,-,false,-
org.ops4j.pax.url,pax-url-reference,2.6.1,-,-,?,-,false,-
org.ops4j.pax.url,pax-url-war,2.6.1,-,-,?,-,false,-
org.ops4j.pax.url,pax-url-wrap,2.6.1,-,-,?,-,false,-
