groupId,artifactId,version,moduleName,moduleVersion,moduleMode,moduleDependencies,jdepsToolError,jdepsViolations
ai.h2o,sparkling-water-core_2.11,2.4.2,-,-,?,-,false,-
ai.h2o,sparkling-water-doc_2.11,2.4.2,-,-,?,-,false,-
ai.h2o,sparkling-water-examples_2.11,2.4.2,-,-,?,-,false,-
ai.h2o,sparkling-water-ml_2.11,2.4.2,-,-,?,-,false,-
ai.h2o,sparkling-water-package_2.11,2.4.2,-,-,?,-,false,-
ai.h2o,sparkling-water-repl_2.11,2.4.2,-,-,?,-,false,-
com.expedia,metrics-java,0.6.2,-,-,?,-,false,-
com.expedia,metrics-java-jackson,0.6.2,-,-,?,-,false,-
com.expedia,metrics-java-metrictank,0.6.2,-,-,?,-,false,-
com.liferay,com.liferay.ant.bnd,2.0.42,-,-,?,-,false,-
com.liferay,com.liferay.gradle.plugins,3.12.49,-,-,?,-,false,-
com.liferay,com.liferay.gradle.plugins.baseline,1.0.0,-,-,?,-,false,-
com.liferay,com.liferay.gradle.plugins.defaults,5.5.98,-,-,?,-,false,-
com.lithium.dbi.rdbi,rdbi-core,0.92,-,-,?,-,false,-
com.lithium.dbi.rdbi,rdbi-recipes,0.92,-,-,?,-,false,-
com.shapesecurity.bandolier,es2017,3.2.0,-,-,?,-,false,-
com.thoughtworks.spring.security.acls.jdbc,fallbacklookupstrategy,0.1.0,-,-,?,-,false,-
io.ebean,ebean,11.31.3,io.ebean,-,automatic,-,false,-
io.sinistral,proteus-core,0.3.7,-,-,?,-,false,-
org.logevents,logevents,0.1.9,-,-,?,-,false,-
