groupId,artifactId,version,moduleName,moduleVersion,moduleMode,moduleDependencies,jdepsToolError,jdepsViolations
cn.ibaijia,jsm-frame,1.3.15,-,-,?,-,false,-
com.actelion.research,orbit-image-analysis,3.08,-,-,?,-,false,com.sun.net.ssl.internal.ssl.Provider    Use java.security.Security.getProvider(provider-name) @since 1.3
com.crobox.clickhouse,client_2.11,0.8.9,-,-,?,-,false,-
com.crobox.clickhouse,client_2.12,0.8.9,-,-,?,-,false,-
com.crobox.clickhouse,dsl_2.12,0.8.9,-,-,?,-,false,-
com.crobox.clickhouse,testkit_2.11,0.8.9,-,-,?,-,false,-
com.crobox.clickhouse,testkit_2.12,0.8.9,-,-,?,-,false,-
com.ericsson.commonlibrary,proxy,1.2.2,-,-,?,-,false,-
com.github.almondtools,rexlex,0.3.2,-,-,?,-,false,-
com.github.vipcchua,fastpay,1.0.4.3,-,-,?,-,false,-
de.carne.common,java-gradle-plugins,0.7.1,-,-,?,-,false,-
dk.bankdata.api,types,1.0.0,-,-,?,-,false,-
net.amygdalum,compilerutils,0.2.2,-,-,?,-,false,-
net.amygdalum,patternsearchalgorithms,0.1.2,-,-,?,-,false,-
net.amygdalum,regexparser,0.2.3,-,-,?,-,false,-
net.amygdalum,stringsearchalgorithms,0.4.2,-,-,?,-,false,-
org.carrot2,elasticsearch-carrot2,6.5.4,-,-,?,-,false,-
org.neo4j,neo4j-ogm-api,3.2.0-alpha02,org.neo4j.ogm.drivers.api,-,automatic,-,false,-
org.neo4j,neo4j-ogm-bolt-driver,3.2.0-alpha02,org.neo4j.ogm.drivers.bolt,-,automatic,-,false,-
org.neo4j,neo4j-ogm-bolt-native-types,3.2.0-alpha02,-,-,automatic,-,false,-
org.neo4j,neo4j-ogm-core,3.2.0-alpha02,org.neo4j.ogm.core,-,automatic,-,false,-
org.neo4j,neo4j-ogm-embedded-driver,3.2.0-alpha02,org.neo4j.ogm.drivers.embedded,-,automatic,-,false,-
org.neo4j,neo4j-ogm-embedded-native-types,3.2.0-alpha02,-,-,automatic,-,false,-
org.neo4j,neo4j-ogm-http-driver,3.2.0-alpha02,org.neo4j.ogm.drivers.http,-,automatic,-,false,-
org.neo4j,neo4j-ogm-test,3.2.0-alpha02,org.neo4j.ogm.testutil,-,automatic,-,false,-
