groupId,artifactId,version,moduleName,moduleVersion,moduleMode,moduleDependencies,jdepsToolError,jdepsViolations
be.atbash.keys,diffie-hellman,0.5,-,-,?,-,false,-
be.atbash.keys,keymanager-sign,0.5,-,-,?,-,false,-
com.github.agourlay,json-2-csv_2.12,0.4.2,-,-,?,-,false,-
com.github.kongchen,swagger-maven-plugin,3.1.8,-,-,?,-,false,-
com.github.mengxianun,air-data-all,1.0.0,-,-,?,-,false,-
com.github.mengxianun,air-data-core,1.0.0,-,-,?,-,false,-
com.github.mengxianun,air-data-elasticsearch,1.0.0,-,-,?,-,false,-
com.github.mengxianun,air-data-encrypt,1.0.0,-,-,?,-,false,-
com.github.mengxianun,air-data-jdbc,1.0.0,-,-,?,-,false,-
com.github.mengxianun,air-data-result,1.0.0,-,-,?,-,false,-
com.github.mengxianun,air-data-result-csv,1.0.0,-,-,?,-,false,-
com.github.mengxianun,air-data-result-excel,1.0.0,-,-,?,-,false,-
com.github.mengxianun,air-data-result-json,1.0.0,-,-,?,-,false,-
com.github.mengxianun,air-data-result-pdf,1.0.0,-,-,?,-,false,-
com.github.mengxianun,air-data-result-word,1.0.0,-,-,?,-,false,-
com.rookout,rook,0.1.48,-,-,?,-,false,sun.misc.JavaLangAccess                  Removed. See http://openjdk.java.net/jeps/260 + sun.misc.SharedSecrets                   Removed. See http://openjdk.java.net/jeps/260 + sun.misc.Unsafe                          See http://openjdk.java.net/jeps/260 + sun.security.x509.X500Name               Use javax.security.auth.x500.X500Principal @since 1.4
com.sun.istack,import-properties-plugin,3.0.8,-,-,?,-,false,-
com.sun.istack,istack-commons-buildtools,3.0.8,-,-,?,-,false,-
com.sun.istack,istack-commons-maven-plugin,3.0.8,-,-,?,-,false,-
com.sun.istack,istack-commons-runtime,3.0.8,com.sun.istack.runtime,-,explicit,jakarta.activation + java.base + java.logging + java.xml,false,-
com.sun.istack,istack-commons-soimp,3.0.8,-,-,?,-,false,-
com.sun.istack,istack-commons-test,3.0.8,-,-,?,-,false,-
com.sun.istack,istack-commons-tools,3.0.8,com.sun.istack.tools,-,explicit,java.base + java.logging + java.xml,false,-
com.sun.xml.dtd-parser,dtd-parser,1.4.1,com.sun.xml.dtdparser,-,explicit,java.base + java.logging + java.xml,false,-
com.sun.xml.fastinfoset,FastInfoset,1.2.16,com.sun.xml.fastinfoset,-,explicit,java.base + java.logging + java.xml,false,-
com.sun.xml.fastinfoset,FastInfosetRoundTripTests,1.2.16,-,-,?,-,false,-
com.sun.xml.fastinfoset,FastInfosetSamples,1.2.16,-,-,?,-,false,-
com.sun.xml.fastinfoset,FastInfosetUtilities,1.2.16,-,-,?,-,false,-
com.taobao.csp.ahas,ahas-gateway-client-outer,1.1,-,-,?,-,false,-
com.taobao.csp.ahas,ahas-gateway-common,1.1,-,-,?,-,false,sun.misc.Unsafe                          See http://openjdk.java.net/jeps/260
io.github.idolofidles,MysqlORM,1.1.6,-,-,?,-,false,-
jakarta.el,jakarta.el-api,3.0.2,-,-,?,-,false,-
no.nav.tjenestespesifikasjoner,aktorid-jaxws,1.2019.01.09-11.55-84c21cab82d3,-,-,?,-,false,-
no.nav.tjenestespesifikasjoner,altinn-correspondence-agency-external,1.2019.01.09-11.55-84c21cab82d3,-,-,?,-,false,-
no.nav.tjenestespesifikasjoner,altinn-download-queue-external,1.2019.01.09-11.55-84c21cab82d3,-,-,?,-,false,-
no.nav.tjenestespesifikasjoner,altinn-pre-fill,1.2019.01.09-11.55-84c21cab82d3,-,-,?,-,false,-
no.nav.tjenestespesifikasjoner,arbeidogaktivitet-tjenestespesifikasjon,1.2019.01.09-11.55-84c21cab82d3,-,-,?,-,false,-
no.nav.tjenestespesifikasjoner,arbeidsfordeling-v1-tjenestespesifikasjon,1.2019.01.09-11.55-84c21cab82d3,-,-,?,-,false,-
no.nav.tjenestespesifikasjoner,arbeidsforholdv3-tjenestespesifikasjon,1.2019.01.09-11.55-84c21cab82d3,-,-,?,-,false,-
no.nav.tjenestespesifikasjoner,arena-arbeid-og-aktivitet,1.2019.01.09-11.55-84c21cab82d3,-,-,?,-,false,-
no.nav.tjenestespesifikasjoner,arena-arbeid-og-aktivitet-gosys,1.2019.01.09-11.55-84c21cab82d3,-,-,?,-,false,-
no.nav.tjenestespesifikasjoner,arena-maalgruppe_v1,1.2019.01.09-11.55-84c21cab82d3,-,-,?,-,false,-
no.nav.tjenestespesifikasjoner,arena-personinfo-tjenestespesifikasjon,1.2019.01.09-11.55-84c21cab82d3,-,-,?,-,false,-
no.nav.tjenestespesifikasjoner,arena-sakOgAktivitet_v1,1.2019.01.09-11.55-84c21cab82d3,-,-,?,-,false,-
no.nav.tjenestespesifikasjoner,behandleArbeidOgAktivitetOppgave-v1-tjenestespesifikasjon,1.2019.01.09-11.55-84c21cab82d3,-,-,?,-,false,-
no.nav.tjenestespesifikasjoner,behandledokumentforsendelse-v1-tjenestespesifikasjon,1.2019.01.09-11.55-84c21cab82d3,-,-,?,-,false,-
no.nav.tjenestespesifikasjoner,behandleforeldrepengesak-v1-tjenestespesifikasjon,1.2019.01.09-11.55-84c21cab82d3,-,-,?,-,false,-
no.nav.tjenestespesifikasjoner,behandleForsendelse-udi-brevdata,1.2019.01.09-11.55-84c21cab82d3,-,-,?,-,false,-
no.nav.tjenestespesifikasjoner,behandleForsendelse-v1,1.2019.01.09-11.55-84c21cab82d3,-,-,?,-,false,-
no.nav.tjenestespesifikasjoner,behandle-henvendelse,1.2019.01.09-11.55-84c21cab82d3,-,-,?,-,false,-
no.nav.tjenestespesifikasjoner,behandle-medlemskap-v1-tjenestespesifikasjon,1.2019.01.09-11.55-84c21cab82d3,-,-,?,-,false,-
no.nav.tjenestespesifikasjoner,behandle-moetev1-tjenestespesifikasjon,1.2019.01.09-11.55-84c21cab82d3,-,-,?,-,false,-
no.nav.tjenestespesifikasjoner,behandleoppgave-v1-tjenestespesifikasjon,1.2019.01.09-11.55-84c21cab82d3,-,-,?,-,false,-
no.nav.tjenestespesifikasjoner,behandle-person-v1-tjenestespesifikasjon,1.2019.01.09-11.55-84c21cab82d3,-,-,?,-,false,-
no.nav.tjenestespesifikasjoner,behandlesak-v2-tjenestespesifikasjon,1.2019.01.09-11.55-84c21cab82d3,-,-,?,-,false,-
no.nav.tjenestespesifikasjoner,behandle-sykefravaersoppfoelgingv1-tjenestespesifikasjon,1.2019.01.09-11.55-84c21cab82d3,-,-,?,-,false,-
no.nav.tjenestespesifikasjoner,behandle-sykmeldingv1-tjenestespesifikasjon,1.2019.01.09-11.55-84c21cab82d3,-,-,?,-,false,-
no.nav.tjenestespesifikasjoner,besvare-henvendelse-tjenestespesifikasjon,1.2019.01.09-11.55-84c21cab82d3,-,-,?,-,false,-
no.nav.tjenestespesifikasjoner,brukerdialog-behandleAktivitetsplan-v1-tjenestespesifikasjon,1.2019.01.09-11.55-84c21cab82d3,-,-,?,-,false,-
no.nav.tjenestespesifikasjoner,brukerprofil-tjenestespesifikasjon,1.2019.01.09-11.55-84c21cab82d3,-,-,?,-,false,-
no.nav.tjenestespesifikasjoner,brukerprofil-v2-tjenestespesifikasjon,1.2019.01.09-11.55-84c21cab82d3,-,-,?,-,false,-
no.nav.tjenestespesifikasjoner,brukerprofil-v3-tjenestespesifikasjon,1.2019.01.09-11.55-84c21cab82d3,-,-,?,-,false,-
no.nav.tjenestespesifikasjoner,brukervarsel-v1-tjenestespesifikasjon,1.2019.01.09-11.55-84c21cab82d3,-,-,?,-,false,-
no.nav.tjenestespesifikasjoner,cons-sak-gosys-tjenestespesifikasjon,1.2019.01.09-11.55-84c21cab82d3,-,-,?,-,false,-
no.nav.tjenestespesifikasjoner,dial-nav-tjeneste-aktoer_v2,1.2019.01.09-11.55-84c21cab82d3,-,-,?,-,false,-
no.nav.tjenestespesifikasjoner,dial-nav-tjeneste-behandlesak,1.2019.01.09-11.55-84c21cab82d3,-,-,?,-,false,-
no.nav.tjenestespesifikasjoner,dial-nav-tjeneste-pensjonSak,1.2019.01.09-11.55-84c21cab82d3,-,-,?,-,false,-
no.nav.tjenestespesifikasjoner,dial-nav-tjeneste-sak,1.2019.01.09-11.55-84c21cab82d3,-,-,?,-,false,-
no.nav.tjenestespesifikasjoner,dialogarena-behandlingsinformasjon,1.2019.01.09-11.55-84c21cab82d3,-,-,?,-,false,-
no.nav.tjenestespesifikasjoner,dialog-v1-tjenestespesifikasjon,1.2019.01.09-11.55-84c21cab82d3,-,-,?,-,false,-
no.nav.tjenestespesifikasjoner,digisyfo-naermesteLeder,1.2019.01.09-11.55-84c21cab82d3,-,-,?,-,false,-
no.nav.tjenestespesifikasjoner,digisyfo-sykmelding,1.2019.01.09-11.55-84c21cab82d3,-,-,?,-,false,-
no.nav.tjenestespesifikasjoner,diskresjonskodev1-tjenestespesifikasjon,1.2019.01.09-11.55-84c21cab82d3,-,-,?,-,false,-
no.nav.tjenestespesifikasjoner,dkif-tjenestespesifikasjon,1.2019.01.09-11.55-84c21cab82d3,-,-,?,-,false,-
no.nav.tjenestespesifikasjoner,dokumentforsendelse-v1-meldingsdefinisjon,1.2019.01.09-11.55-84c21cab82d3,-,-,?,-,false,-
no.nav.tjenestespesifikasjoner,dokumentinfo-tjenestespesifikasjon,1.2019.01.09-11.55-84c21cab82d3,-,-,?,-,false,-
no.nav.tjenestespesifikasjoner,dokumentinnsending-jaxws,1.2019.01.09-11.55-84c21cab82d3,-,-,?,-,false,-
no.nav.tjenestespesifikasjoner,dokumentproduksjon-v2-tjenestespesifikasjon,1.2019.01.09-11.55-84c21cab82d3,-,-,?,-,false,-
no.nav.tjenestespesifikasjoner,dokumentproduksjon-v3-tjenestespesifikasjon,1.2019.01.09-11.55-84c21cab82d3,-,-,?,-,false,-
no.nav.tjenestespesifikasjoner,egenansatt-v1-tjenestespesifikasjon,1.2019.01.09-11.55-84c21cab82d3,-,-,?,-,false,-
no.nav.tjenestespesifikasjoner,ekstern-helse-helsepersonell-tjenestespesifikasjon,1.2019.01.09-11.55-84c21cab82d3,-,-,?,-,false,-
no.nav.tjenestespesifikasjoner,elektronisknotifikasjon-utsending-tjenestespesifikasjon,1.2019.01.09-11.55-84c21cab82d3,-,-,?,-,false,-
no.nav.tjenestespesifikasjoner,enhet-v1-tjenestespesifikasjon,1.2019.01.09-11.55-84c21cab82d3,-,-,?,-,false,-
no.nav.tjenestespesifikasjoner,fillager-tjenestespesifikasjon,1.2019.01.09-11.55-84c21cab82d3,-,-,?,-,false,-
no.nav.tjenestespesifikasjoner,foreldrepengesak-v1-tjenestespesifikasjon,1.2019.01.09-11.55-84c21cab82d3,-,-,?,-,false,-
no.nav.tjenestespesifikasjoner,gsak-oppgave-tjenestespesifikasjon,1.2019.01.09-11.55-84c21cab82d3,-,-,?,-,false,-
no.nav.tjenestespesifikasjoner,henvendelse-arkivering-aktivitet,1.2019.01.09-11.55-84c21cab82d3,-,-,?,-,false,-
no.nav.tjenestespesifikasjoner,henvendelse-arkivering-common,1.2019.01.09-11.55-84c21cab82d3,-,-,?,-,false,-
no.nav.tjenestespesifikasjoner,henvendelse-arkivering-informasjon,1.2019.01.09-11.55-84c21cab82d3,-,-,?,-,false,-
no.nav.tjenestespesifikasjoner,henvendelse-behandlingsresultat,1.2019.01.09-11.55-84c21cab82d3,-,-,?,-,false,-
no.nav.tjenestespesifikasjoner,henvendelse-felles-tjenestespesifikasjon,1.2019.01.09-11.55-84c21cab82d3,-,-,?,-,false,-
no.nav.tjenestespesifikasjoner,henvendelse-informasjon-v2,1.2019.01.09-11.55-84c21cab82d3,-,-,?,-,false,-
no.nav.tjenestespesifikasjoner,henvendelse-jaxws,1.2019.01.09-11.55-84c21cab82d3,-,-,?,-,false,-
no.nav.tjenestespesifikasjoner,henvendelse-meldinger-tjenestespesifikasjon,1.2019.01.09-11.55-84c21cab82d3,-,-,?,-,false,-
no.nav.tjenestespesifikasjoner,henvendelse-soknader-tjenestespesifikasjon,1.2019.01.09-11.55-84c21cab82d3,-,-,?,-,false,-
no.nav.tjenestespesifikasjoner,innsyn-henvendelse,1.2019.01.09-11.55-84c21cab82d3,-,-,?,-,false,-
no.nav.tjenestespesifikasjoner,innsynjournal-tjenestespesifikasjon,1.2019.01.09-11.55-84c21cab82d3,-,-,?,-,false,-
no.nav.tjenestespesifikasjoner,institusjon-v1-tjenestespesifikasjon,1.2019.01.09-11.55-84c21cab82d3,-,-,?,-,false,-
no.nav.tjenestespesifikasjoner,jaxb-adapters,1.2019.01.09-11.55-84c21cab82d3,-,-,?,-,false,-
no.nav.tjenestespesifikasjoner,joark-tjenestespesifikasjon,1.2019.01.09-11.55-84c21cab82d3,-,-,?,-,false,-
no.nav.tjenestespesifikasjoner,journal-v1-tjenestespesifikasjon,1.2019.01.09-11.55-84c21cab82d3,-,-,?,-,false,-
no.nav.tjenestespesifikasjoner,juridisk-logg,1.2019.01.09-11.55-84c21cab82d3,-,-,?,-,false,-
no.nav.tjenestespesifikasjoner,kodeverk-tjenestespesifikasjon,1.2019.01.09-11.55-84c21cab82d3,-,-,?,-,false,-
no.nav.tjenestespesifikasjoner,medlemskap-v1-tjenestespesifikasjon,1.2019.01.09-11.55-84c21cab82d3,-,-,?,-,false,-
no.nav.tjenestespesifikasjoner,moetev1-tjenestespesifikasjon,1.2019.01.09-11.55-84c21cab82d3,-,-,?,-,false,-
no.nav.tjenestespesifikasjoner,nav-arbeidsforhold-v3-tjenestespesifikasjon,1.2019.01.09-11.55-84c21cab82d3,-,-,?,-,false,-
no.nav.tjenestespesifikasjoner,nav-behandleInngaaendeJournal-v1-tjenestespesifikasjon,1.2019.01.09-11.55-84c21cab82d3,-,-,?,-,false,-
no.nav.tjenestespesifikasjoner,nav-fim-aktoer-v1-tjenestespesifikasjon,1.2019.01.09-11.55-84c21cab82d3,-,-,?,-,false,-
no.nav.tjenestespesifikasjoner,nav-fim-aktoer-v2-tjenestespesifikasjon,1.2019.01.09-11.55-84c21cab82d3,-,-,?,-,false,-
no.nav.tjenestespesifikasjoner,nav-fim-arbeidsforhold-v1-tjenestespesifikasjon,1.2019.01.09-11.55-84c21cab82d3,-,-,?,-,false,-
no.nav.tjenestespesifikasjoner,nav-fim-behandleBrukerprofil-v1-tjenestespesifikasjon,1.2019.01.09-11.55-84c21cab82d3,-,-,?,-,false,-
no.nav.tjenestespesifikasjoner,nav-fim-behandleJournal-v1-tjenestespesifikasjon,1.2019.01.09-11.55-84c21cab82d3,-,-,?,-,false,-
no.nav.tjenestespesifikasjoner,nav-fim-behandleJournal-v2-tjenestespesifikasjon,1.2019.01.09-11.55-84c21cab82d3,-,-,?,-,false,-
no.nav.tjenestespesifikasjoner,nav-fim-behandleJournal-v3-tjenestespesifikasjon,1.2019.01.09-11.55-84c21cab82d3,-,-,?,-,false,-
no.nav.tjenestespesifikasjoner,nav-fim-behandleSakOgBehandling-v1-tjenestespesifikasjon,1.2019.01.09-11.55-84c21cab82d3,-,-,?,-,false,-
no.nav.tjenestespesifikasjoner,nav-fim-brukerhendelse-v1-tjenestespesifikasjon,1.2019.01.09-11.55-84c21cab82d3,-,-,?,-,false,-
no.nav.tjenestespesifikasjoner,nav-fim-brukerprofil-v1-tjenestespesifikasjon,1.2019.01.09-11.55-84c21cab82d3,-,-,?,-,false,-
no.nav.tjenestespesifikasjoner,nav-fim-coma-v2-tjenestespesifikasjon,1.2019.01.09-11.55-84c21cab82d3,-,-,?,-,false,-
no.nav.tjenestespesifikasjoner,nav-fim-draco-v2-tjenestespesifikasjon,1.2019.01.09-11.55-84c21cab82d3,-,-,?,-,false,-
no.nav.tjenestespesifikasjoner,nav-fim-echo-tjenestespesifikasjon,1.2019.01.09-11.55-84c21cab82d3,-,-,?,-,false,-
no.nav.tjenestespesifikasjoner,nav-fim-foreldrepenger-v1-tjenestespesifikasjon,1.2019.01.09-11.55-84c21cab82d3,-,-,?,-,false,-
no.nav.tjenestespesifikasjoner,nav-fim-henvendelsesbehandling-tjenestespesifikasjon,1.2019.01.09-11.55-84c21cab82d3,-,-,?,-,false,-
no.nav.tjenestespesifikasjoner,nav-fim-inntekt-v3-tjenestespesifikasjon,1.2019.01.09-11.55-84c21cab82d3,-,-,?,-,false,-
no.nav.tjenestespesifikasjoner,nav-fim-journal-v1-tjenestespesifikasjon,1.2019.01.09-11.55-84c21cab82d3,-,-,?,-,false,-
no.nav.tjenestespesifikasjoner,nav-fim-kodeverk-v1-tjenestespesifikasjon,1.2019.01.09-11.55-84c21cab82d3,-,-,?,-,false,-
no.nav.tjenestespesifikasjoner,nav-fim-kodeverk-v2-tjenestespesifikasjon,1.2019.01.09-11.55-84c21cab82d3,-,-,?,-,false,-
no.nav.tjenestespesifikasjoner,nav-fim-oppfoelging-v1-tjenestespesifikasjon,1.2019.01.09-11.55-84c21cab82d3,-,-,?,-,false,-
no.nav.tjenestespesifikasjoner,nav-fim-oppfolging-v1-tjenestespesifikasjon,1.2019.01.09-11.55-84c21cab82d3,-,-,?,-,false,-
no.nav.tjenestespesifikasjoner,nav-fim-oppgave-v3-tjenestespesifikasjon,1.2019.01.09-11.55-84c21cab82d3,-,-,?,-,false,-
no.nav.tjenestespesifikasjoner,nav-fim-organisasjon-v1-tjenestespesifikasjon,1.2019.01.09-11.55-84c21cab82d3,-,-,?,-,false,-
no.nav.tjenestespesifikasjoner,nav-fim-organisasjon-v2-tjenestespesifikasjon,1.2019.01.09-11.55-84c21cab82d3,-,-,?,-,false,-
no.nav.tjenestespesifikasjoner,nav-fim-organisasjon-v3-tjenestespesifikasjon,1.2019.01.09-11.55-84c21cab82d3,-,-,?,-,false,-
no.nav.tjenestespesifikasjoner,nav-fim-organisasjon-v4-tjenestespesifikasjon,1.2019.01.09-11.55-84c21cab82d3,-,-,?,-,false,-
no.nav.tjenestespesifikasjoner,nav-fim-organisasjon-v5-tjenestespesifikasjon,1.2019.01.09-11.55-84c21cab82d3,-,-,?,-,false,-
no.nav.tjenestespesifikasjoner,nav-fim-personsok-v1-tjenestespesifikasjon,1.2019.01.09-11.55-84c21cab82d3,-,-,?,-,false,-
no.nav.tjenestespesifikasjoner,nav-fim-person-v1-tjenestespesifikasjon,1.2019.01.09-11.55-84c21cab82d3,-,-,?,-,false,-
no.nav.tjenestespesifikasjoner,nav-fim-sakOgBehandling-v1-tjenestespesifikasjon,1.2019.01.09-11.55-84c21cab82d3,-,-,?,-,false,-
no.nav.tjenestespesifikasjoner,nav-fim-sak-v1-tjenestespesifikasjon,1.2019.01.09-11.55-84c21cab82d3,-,-,?,-,false,-
no.nav.tjenestespesifikasjoner,nav-fim-sykepenger-v1-tjenestespesifikasjon,1.2019.01.09-11.55-84c21cab82d3,-,-,?,-,false,-
no.nav.tjenestespesifikasjoner,nav-fim-virgo-v1-tjenestespesifikasjon,1.2019.01.09-11.55-84c21cab82d3,-,-,?,-,false,-
no.nav.tjenestespesifikasjoner,nav-fim-virgo-v2-tjenestespesifikasjon,1.2019.01.09-11.55-84c21cab82d3,-,-,?,-,false,-
no.nav.tjenestespesifikasjoner,nav-fim-ytelseskontrakt-v1-tjenestespesifikasjon,1.2019.01.09-11.55-84c21cab82d3,-,-,?,-,false,-
no.nav.tjenestespesifikasjoner,nav-fim-ytelse-v1-tjenestespesifikasjon,1.2019.01.09-11.55-84c21cab82d3,-,-,?,-,false,-
no.nav.tjenestespesifikasjoner,nav-hentsykepengeliste-v2-tjenestespesifikasjon,1.2019.01.09-11.55-84c21cab82d3,-,-,?,-,false,-
no.nav.tjenestespesifikasjoner,nav-infotrygdBeregningsgrunnlag-v1-tjenestespesifikasjon,1.2019.01.09-11.55-84c21cab82d3,-,-,?,-,false,-
no.nav.tjenestespesifikasjoner,nav-infotrygdSak-v1-tjenestespesifikasjon,1.2019.01.09-11.55-84c21cab82d3,-,-,?,-,false,-
no.nav.tjenestespesifikasjoner,nav-inngaaendeJournal-v1-tjenestespesifikasjon,1.2019.01.09-11.55-84c21cab82d3,-,-,?,-,false,-
no.nav.tjenestespesifikasjoner,nav-journal-v2-tjenestespesifikasjon,1.2019.01.09-11.55-84c21cab82d3,-,-,?,-,false,-
no.nav.tjenestespesifikasjoner,nav-journal-v3-tjenestespesifikasjon,1.2019.01.09-11.55-84c21cab82d3,-,-,?,-,false,-
no.nav.tjenestespesifikasjoner,nav-medlemskap-v2-tjenestespesifikasjon,1.2019.01.09-11.55-84c21cab82d3,-,-,?,-,false,-
no.nav.tjenestespesifikasjoner,nav-meldekortUtbetalingsgrunnlag-v1-tjenestespesifikasjon,1.2019.01.09-11.55-84c21cab82d3,-,-,?,-,false,-
no.nav.tjenestespesifikasjoner,nav-pip-diskresjonskode-tjenestespesifikasjon,1.2019.01.09-11.55-84c21cab82d3,-,-,?,-,false,-
no.nav.tjenestespesifikasjoner,nav-pip-pipEgenAnsatt-v1-tjenestespesifikasjon,1.2019.01.09-11.55-84c21cab82d3,-,-,?,-,false,-
no.nav.tjenestespesifikasjoner,nav-virksomhet-loependeYtelser-v1-meldingsdefinisjon,1.2019.01.09-11.55-84c21cab82d3,-,-,?,-,false,-
no.nav.tjenestespesifikasjoner,nav-virksomhet-tiltakOgAktiviteterForBrukere-v1-meldingsdefinisjon,1.2019.01.09-11.55-84c21cab82d3,-,-,?,-,false,-
no.nav.tjenestespesifikasjoner,no-nav-dok-tjenester-mottainngaaendeforsendelse,1.2019.01.09-11.55-84c21cab82d3,-,-,?,-,false,-
no.nav.tjenestespesifikasjoner,notat-tjenestespesifikasjon,1.2019.01.09-11.55-84c21cab82d3,-,-,?,-,false,-
no.nav.tjenestespesifikasjoner,oppfoelging-v1-tjenestespesifikasjon,1.2019.01.09-11.55-84c21cab82d3,-,-,?,-,false,-
no.nav.tjenestespesifikasjoner,oppfolgingsinfo-v1-tjenestespesifikasjon,1.2019.01.09-11.55-84c21cab82d3,-,-,?,-,false,-
no.nav.tjenestespesifikasjoner,oppgavebehandling-tjenestespesifikasjon,1.2019.01.09-11.55-84c21cab82d3,-,-,?,-,false,-
no.nav.tjenestespesifikasjoner,oppgavebehandling-v3-tjenestespesifikasjon,1.2019.01.09-11.55-84c21cab82d3,-,-,?,-,false,-
no.nav.tjenestespesifikasjoner,oppgave-v3-tjenestespesifikasjon,1.2019.01.09-11.55-84c21cab82d3,-,-,?,-,false,-
no.nav.tjenestespesifikasjoner,organisasjonenhetkontaktinformasjon-v1-tjenestespesifikasjon,1.2019.01.09-11.55-84c21cab82d3,-,-,?,-,false,-
no.nav.tjenestespesifikasjoner,organisasjonenhetkontaktinformasjon-v2-tjenestespesifikasjon,1.2019.01.09-11.55-84c21cab82d3,-,-,?,-,false,-
no.nav.tjenestespesifikasjoner,organisasjonenhet-v1-tjenestespesifikasjon,1.2019.01.09-11.55-84c21cab82d3,-,-,?,-,false,-
no.nav.tjenestespesifikasjoner,organisasjonenhet-v2-tjenestespesifikasjon,1.2019.01.09-11.55-84c21cab82d3,-,-,?,-,false,-
no.nav.tjenestespesifikasjoner,organisasjon-ressurs-enhet-v1-tjenestespesifikasjon,1.2019.01.09-11.55-84c21cab82d3,-,-,?,-,false,-
no.nav.tjenestespesifikasjoner,organisasjonv4-tjenestespesifikasjon,1.2019.01.09-11.55-84c21cab82d3,-,-,?,-,false,-
no.nav.tjenestespesifikasjoner,pensjonsak-esb-tjenestespesifikasjon,1.2019.01.09-11.55-84c21cab82d3,-,-,?,-,false,-
no.nav.tjenestespesifikasjoner,pensjon-sak-v1-tjenestespesifikasjon,1.2019.01.09-11.55-84c21cab82d3,-,-,?,-,false,-
no.nav.tjenestespesifikasjoner,person-sammenslaatt-v1,1.2019.01.09-11.55-84c21cab82d3,-,-,?,-,false,-
no.nav.tjenestespesifikasjoner,personsok-esb-tjenestespesifikasjon,1.2019.01.09-11.55-84c21cab82d3,-,-,?,-,false,-
no.nav.tjenestespesifikasjoner,person-splittet-v1,1.2019.01.09-11.55-84c21cab82d3,-,-,?,-,false,-
no.nav.tjenestespesifikasjoner,person-v1-esb-tjenestespesifikasjon,1.2019.01.09-11.55-84c21cab82d3,-,-,?,-,false,-
no.nav.tjenestespesifikasjoner,person-v2-tjenestespesifikasjon,1.2019.01.09-11.55-84c21cab82d3,-,-,?,-,false,-
no.nav.tjenestespesifikasjoner,person-v3-tjenestespesifikasjon,1.2019.01.09-11.55-84c21cab82d3,-,-,?,-,false,-
no.nav.tjenestespesifikasjoner,pleiepenger-v1-tjenestespesifikasjon,1.2019.01.09-11.55-84c21cab82d3,-,-,?,-,false,-
no.nav.tjenestespesifikasjoner,sakogbehandling-tjenestespesifikasjon,1.2019.01.09-11.55-84c21cab82d3,-,-,?,-,false,-
no.nav.tjenestespesifikasjoner,sak-v2-tjenestespesifikasjon,1.2019.01.09-11.55-84c21cab82d3,-,-,?,-,false,-
no.nav.tjenestespesifikasjoner,sanntidpdfkonverter,1.2019.01.09-11.55-84c21cab82d3,-,-,?,-,false,-
no.nav.tjenestespesifikasjoner,send-inn-henvendelse,1.2019.01.09-11.55-84c21cab82d3,-,-,?,-,false,-
no.nav.tjenestespesifikasjoner,sendsoknad-tjenestespesifikasjon,1.2019.01.09-11.55-84c21cab82d3,-,-,?,-,false,-
no.nav.tjenestespesifikasjoner,send-ut-henvendelse,1.2019.01.09-11.55-84c21cab82d3,-,-,?,-,false,-
no.nav.tjenestespesifikasjoner,soeknadsskjemaEngangsstoenad-v1-meldingsdefinisjon,1.2019.01.09-11.55-84c21cab82d3,-,-,?,-,false,-
no.nav.tjenestespesifikasjoner,soeknadsskjemaSosialhjelp-v1-meldingsdefinisjon,1.2019.01.09-11.55-84c21cab82d3,-,-,?,-,false,-
no.nav.tjenestespesifikasjoner,soeknadsskjemaSosialhjelp-v1-saksoversiktdefinisjon,1.2019.01.09-11.55-84c21cab82d3,-,-,?,-,false,-
no.nav.tjenestespesifikasjoner,soeknadsskjemaSosialhjelp-v1-soknaddefinisjon,1.2019.01.09-11.55-84c21cab82d3,-,-,?,-,false,-
no.nav.tjenestespesifikasjoner,soeknadsskjemaSosialhjelp-v1-vedleggdefinisjon,1.2019.01.09-11.55-84c21cab82d3,-,-,?,-,false,-
no.nav.tjenestespesifikasjoner,sporsmalinnsending-tjenestespesifikasjon,1.2019.01.09-11.55-84c21cab82d3,-,-,?,-,false,-
no.nav.tjenestespesifikasjoner,startregistreringstatus-v1-tjenestespesifikasjon,1.2019.01.09-11.55-84c21cab82d3,-,-,?,-,false,-
no.nav.tjenestespesifikasjoner,svarut-ks-forsendelsesservice,1.2019.01.09-11.55-84c21cab82d3,-,-,?,-,false,-
no.nav.tjenestespesifikasjoner,sykefravaersoppfoelgingv1-tjenestespesifikasjon,1.2019.01.09-11.55-84c21cab82d3,-,-,?,-,false,-
no.nav.tjenestespesifikasjoner,sykmelderstatistikk-tjenestespesifikasjon,1.2019.01.09-11.55-84c21cab82d3,-,-,?,-,false,-
no.nav.tjenestespesifikasjoner,sykmeldingv1-tjenestespesifikasjon,1.2019.01.09-11.55-84c21cab82d3,-,-,?,-,false,-
no.nav.tjenestespesifikasjoner,testvarsel-opprettelse,1.2019.01.09-11.55-84c21cab82d3,-,-,?,-,false,-
no.nav.tjenestespesifikasjoner,tildeloppgave-v1-tjenestespesifikasjon,1.2019.01.09-11.55-84c21cab82d3,-,-,?,-,false,-
no.nav.tjenestespesifikasjoner,tmp-nav-fim-hendelse-v1,1.2019.01.09-11.55-84c21cab82d3,-,-,?,-,false,-
no.nav.tjenestespesifikasjoner,tps-distribusjonsmelding,1.2019.01.09-11.55-84c21cab82d3,-,-,?,-,false,-
no.nav.tjenestespesifikasjoner,udi-personstatus-v1,1.2019.01.09-11.55-84c21cab82d3,-,-,?,-,false,-
no.nav.tjenestespesifikasjoner,utbetaling-tjenestespesifikasjon,1.2019.01.09-11.55-84c21cab82d3,-,-,?,-,false,-
no.nav.tjenestespesifikasjoner,utenrikstjenesten-tjenestespesifikasjon,1.2019.01.09-11.55-84c21cab82d3,-,-,?,-,false,-
no.nav.tjenestespesifikasjoner,varseldittnav-tjenestespesifikasjon,1.2019.01.09-11.55-84c21cab82d3,-,-,?,-,false,-
no.nav.tjenestespesifikasjoner,varsel-inn,1.2019.01.09-11.55-84c21cab82d3,-,-,?,-,false,-
no.nav.tjenestespesifikasjoner,varselkvittering,1.2019.01.09-11.55-84c21cab82d3,-,-,?,-,false,-
no.nav.tjenestespesifikasjoner,varseltekster,1.2019.01.09-11.55-84c21cab82d3,-,-,?,-,false,-
no.nav.tjenestespesifikasjoner,varselutsending,1.2019.01.09-11.55-84c21cab82d3,-,-,?,-,false,-
no.nav.tjenestespesifikasjoner,varsler,1.2019.01.09-11.55-84c21cab82d3,-,-,?,-,false,-
no.nav.tjenestespesifikasjoner,veiledervarsel,1.2019.01.09-11.55-84c21cab82d3,-,-,?,-,false,-
no.nav.tjenestespesifikasjoner,ytelseskontrakt-v3-tjenestespesifikasjon,1.2019.01.09-11.55-84c21cab82d3,-,-,?,-,false,-
nz.net.osnz.common,common-ebean,9.7,-,-,?,-,false,-
org.fissore,slf4j-fluent,0.4.0,-,-,?,-,false,-
org.jbehavesupport,jbehave-support-core,1.0.2,-,-,?,-,false,-
org.springframework,spring-aop,5.1.3.RELEASE,spring.aop,-,automatic,-,false,-
org.springframework,spring-aspects,5.1.3.RELEASE,spring.aspects,-,automatic,-,false,-
org.springframework,spring-beans,5.1.3.RELEASE,spring.beans,-,automatic,-,false,-
org.springframework,spring-context,5.1.3.RELEASE,spring.context,-,automatic,-,false,-
org.springframework,spring-context-indexer,5.1.3.RELEASE,spring.context.indexer,-,automatic,-,false,-
org.springframework,spring-context-support,5.1.3.RELEASE,spring.context.support,-,automatic,-,false,-
org.springframework,spring-core,5.1.3.RELEASE,spring.core,-,automatic,-,false,sun.misc.Unsafe                          See http://openjdk.java.net/jeps/260
org.springframework,spring-expression,5.1.3.RELEASE,spring.expression,-,automatic,-,false,-
org.springframework,spring-instrument,5.1.3.RELEASE,spring.instrument,-,automatic,-,false,-
org.springframework,spring-jcl,5.1.3.RELEASE,spring.jcl,-,automatic,-,false,-
org.springframework,spring-jdbc,5.1.3.RELEASE,spring.jdbc,-,automatic,-,false,-
org.springframework,spring-jms,5.1.3.RELEASE,spring.jms,-,automatic,-,false,-
org.springframework,spring-messaging,5.1.3.RELEASE,spring.messaging,-,automatic,-,false,-
org.springframework,spring-orm,5.1.3.RELEASE,spring.orm,-,automatic,-,false,-
org.springframework,spring-oxm,5.1.3.RELEASE,spring.oxm,-,automatic,-,false,-
org.springframework,spring-test,5.1.3.RELEASE,spring.test,-,automatic,-,false,-
org.springframework,spring-tx,5.1.3.RELEASE,spring.tx,-,automatic,-,false,-
org.springframework,spring-web,5.1.3.RELEASE,spring.web,-,automatic,-,false,-
org.springframework,spring-webflux,5.1.3.RELEASE,spring.webflux,-,automatic,-,false,-
org.springframework,spring-webmvc,5.1.3.RELEASE,spring.webmvc,-,automatic,-,false,-
org.springframework,spring-websocket,5.1.3.RELEASE,spring.websocket,-,automatic,-,false,-
ru.odnoklassniki,one-nio,1.1.0,-,-,?,-,false,sun.misc.Unsafe                          See http://openjdk.java.net/jeps/260
tech.simter.reactive,simter-reactive-security,1.0.0,-,-,?,-,false,-
