com.definesys.mpaas,query,1.0.0,-,-,?,-,false,sun.misc.Unsafe                          See http://openjdk.java.net/jeps/260 + sun.reflect.ConstructorAccessor          Removed. See http://openjdk.java.net/jeps/260 + sun.reflect.FieldAccessor                Removed. See http://openjdk.java.net/jeps/260 + sun.reflect.MethodAccessor               Removed. See http://openjdk.java.net/jeps/260 + sun.security.krb5.Checksum               Use com.sun.security.jgss + sun.security.krb5.EncryptedData          Use com.sun.security.jgss + sun.security.krb5.EncryptionKey          Use com.sun.security.jgss + sun.security.krb5.internal.APReq         Use com.sun.security.jgss + sun.security.krb5.internal.Authenticator Use com.sun.security.jgss + sun.security.krb5.internal.KRBCred       Use com.sun.security.jgss + sun.security.krb5.internal.Ticket        Use com.sun.security.jgss
com.landawn,abacus-android,1.3.27,-,-,?,-,false,-
com.landawn,abacus-android-jdk7,1.3.27,-,-,?,-,false,-
com.landawn,abacus-android-se,1.3.27,-,-,?,-,false,-
com.landawn,abacus-android-se-jdk7,1.3.27,-,-,?,-,false,-
com.landawn,abacus-util,1.3.27,-,-,?,-,false,sun.misc.Unsafe                          See http://openjdk.java.net/jeps/260
com.landawn,abacus-util-jdk7,1.3.27,-,-,?,-,false,sun.misc.Unsafe                          See http://openjdk.java.net/jeps/260
