groupId,artifactId,version,moduleName,moduleVersion,moduleMode,moduleDependencies,jdepsToolError,jdepsViolations
org.wso2.carbon.identity.inbound.auth.oauth2,org.wso2.carbon.claim.metadata.mgt.stub.dep,6.0.86,-,-,?,-,false,-
org.wso2.carbon.identity.inbound.auth.oauth2,org.wso2.carbon.identity.discovery,6.0.86,-,-,?,-,false,-
org.wso2.carbon.identity.inbound.auth.oauth2,org.wso2.carbon.identity.oauth,6.0.86,-,-,?,-,false,-
org.wso2.carbon.identity.inbound.auth.oauth2,org.wso2.carbon.identity.oauth.client.authn.filter,6.0.86,-,-,?,-,false,-
org.wso2.carbon.identity.inbound.auth.oauth2,org.wso2.carbon.identity.oauth.common,6.0.86,-,-,?,-,false,-
org.wso2.carbon.identity.inbound.auth.oauth2,org.wso2.carbon.identity.oauth.common.testng,6.0.86,-,-,?,-,false,-
org.wso2.carbon.identity.inbound.auth.oauth2,org.wso2.carbon.identity.oauth.dcr,6.0.86,-,-,?,-,false,-
org.wso2.carbon.identity.inbound.auth.oauth2,org.wso2.carbon.identity.oauth.stub,6.0.86,-,-,?,-,false,-
org.wso2.carbon.identity.inbound.auth.oauth2,org.wso2.carbon.identity.oauth.ui,6.0.86,-,-,?,-,false,-
org.wso2.carbon.identity.inbound.auth.oauth2,org.wso2.carbon.identity.oidc.dcr,6.0.86,-,-,?,-,false,-
org.wso2.carbon.identity.inbound.auth.oauth2,org.wso2.carbon.identity.oidc.session,6.0.86,-,-,?,-,false,-
org.wso2.carbon.identity.inbound.auth.oauth2,org.wso2.carbon.identity.webfinger,6.0.86,-,-,?,-,false,-
org.wso2.extension.siddhi.execution.map,siddhi-execution-map,4.0.19,-,-,?,-,false,-
org.wso2.extension.siddhi.execution.unique,siddhi-execution-unique,4.0.28,-,-,?,-,false,-
