groupId,artifactId,version,moduleName,moduleVersion,moduleMode,moduleDependencies,jdepsToolError,jdepsViolations
com.alipay.sofa,sofa-tracer-core-test,3.0.2,-,-,?,-,false,-
com.alipay.sofa,sofa-tracer-datasource-plugin,3.0.2,-,-,?,-,false,-
com.alipay.sofa,sofa-tracer-httpclient-plugin,3.0.2,-,-,?,-,false,-
com.alipay.sofa,sofa-tracer-log4j2-test,3.0.2,-,-,?,-,false,-
com.alipay.sofa,sofa-tracer-log4j-test,3.0.2,-,-,?,-,false,-
com.alipay.sofa,sofa-tracer-logback-test,3.0.2,-,-,?,-,false,-
com.alipay.sofa,sofa-tracer-sample-with-h2,3.0.2,-,-,?,-,false,-
com.alipay.sofa,sofa-tracer-sample-with-slf4j,3.0.2,-,-,?,-,false,-
com.alipay.sofa,sofa-tracer-sample-with-sofarpc,3.0.2,-,-,?,-,false,-
com.alipay.sofa,sofa-tracer-sample-with-springmvc,3.0.2,-,-,?,-,false,-
com.alipay.sofa,sofa-tracer-sample-with-zipkin,3.0.2,-,-,?,-,false,-
com.alipay.sofa,sofa-tracer-springmvc-plugin,3.0.2,-,-,?,-,false,-
com.alipay.sofa,tracer-all,3.0.2,-,-,?,-,false,-
com.alipay.sofa,tracer-core,3.0.2,-,-,?,-,false,sun.misc.Unsafe                          See http://openjdk.java.net/jeps/260
com.alipay.sofa,tracer-extensions,3.0.2,-,-,?,-,false,-
com.alipay.sofa,tracer-sample-with-httpclient,3.0.2,-,-,?,-,false,-
com.alipay.sofa,tracer-sofa-boot-starter,3.0.2,-,-,?,-,false,-
com.googlecode.aviator,aviator,4.1.0,-,-,?,-,false,-
io.identifiers,identifiers,0.1.0,-,-,?,-,false,-
org.wso2.testgrid,org.wso2.testgrid.agent,1.0.0,-,-,?,-,false,-
org.wso2.testgrid,org.wso2.testgrid.automation,1.0.0,-,-,?,-,false,-
org.wso2.testgrid,org.wso2.testgrid.common,1.0.0,-,-,?,-,false,-
org.wso2.testgrid,org.wso2.testgrid.core,1.0.0,-,-,?,-,false,-
org.wso2.testgrid,org.wso2.testgrid.dao,1.0.0,-,-,?,-,false,-
org.wso2.testgrid,org.wso2.testgrid.deployment,1.0.0,-,-,?,-,false,-
org.wso2.testgrid,org.wso2.testgrid.infrastructure,1.0.0,-,-,?,-,false,-
org.wso2.testgrid,org.wso2.testgrid.logging,1.0.0,-,-,?,-,false,-
org.wso2.testgrid,org.wso2.testgrid.reporting,1.0.0,-,-,?,-,false,-
org.wso2.testgrid,org.wso2.testgrid.test.coverage,1.0.0,-,-,?,-,false,-
