groupId,artifactId,version,moduleName,moduleVersion,moduleMode,moduleDependencies,jdepsToolError,jdepsViolations
com.github.benniekrijger,scala-mollie_2.12,0.21,-,-,?,-,false,-
com.github.benniekrijger,scala-postnl_2.12,0.22,-,-,?,-,false,-
com.github.lburgazzoli,gradle-karaf-plugin,0.5.1,-,-,?,-,false,-
com.github.vlachenal,sql-request-builder,0.10,-,-,?,-,false,-
io.seldon.wrapper,seldon-core-wrapper,0.1.3,-,-,?,-,false,-
org.scalameta,mdoc_2.12,1.2.6,-,-,?,-,false,-
org.scalameta,mdoc-docs_2.12,1.2.6,-,-,?,-,false,-
org.scalameta,mdoc-js_2.12,1.2.6,-,-,?,-,false,-
org.scalameta,mdoc-lsp_2.12,1.2.6,-,-,?,-,false,-
org.scalameta,mdoc-runtime_2.12,1.2.6,-,-,?,-,false,-
tr.com.terrayazilim.nt.api,nt-api,0.0.3,-,-,?,-,false,-
