groupId,artifactId,version,moduleName,moduleVersion,moduleMode,moduleDependencies,jdepsToolError,jdepsViolations
com.envisioniot,enos-api,2.2.0,-,-,?,-,false,-
com.github.marcoferrer.krotoplus,kroto-plus-coroutines,0.2.2-RC1,-,-,?,-,false,-
com.github.marcoferrer.krotoplus,kroto-plus-test,0.2.2-RC1,-,-,?,-,false,-
com.github.marcoferrer.krotoplus,protoc-gen-kroto-plus,0.2.2-RC1,-,-,?,-,false,-
com.liferay,com.liferay.gradle.plugins,3.12.49,-,-,?,-,false,-
com.liferay,com.liferay.gradle.plugins.defaults,5.5.98,-,-,?,-,false,-
com.liferay,com.liferay.gradle.plugins.source.formatter,2.3.256,-,-,?,-,false,-
com.liferay,com.liferay.source.formatter,1.0.656,-,-,?,-,false,-
org.nocrala.tools.texttreeformatter,text-tree-formatter,1.0.6.2,-,-,?,-,false,-
