groupId,artifactId,version,moduleName,moduleVersion,moduleMode,moduleDependencies,jdepsToolError,jdepsViolations
com.bandwidth.sdk,bandwidth-java-sdk,1.12,-,-,?,-,false,-
com.codemettle.jsactor,jsactor-bridge-client-boopickle_sjs0.6_2.11,0.8.0,-,-,?,-,false,-
com.codemettle.jsactor,jsactor-bridge-client-boopickle_sjs0.6_2.12,0.8.0,-,-,?,-,false,-
com.codemettle.jsactor,jsactor-bridge-client-circe_sjs0.6_2.11,0.8.0,-,-,?,-,false,-
com.codemettle.jsactor,jsactor-bridge-client-circe_sjs0.6_2.12,0.8.0,-,-,?,-,false,-
com.codemettle.jsactor,jsactor-bridge-client-scalapb_sjs0.6_2.11,0.8.0,-,-,?,-,false,-
com.codemettle.jsactor,jsactor-bridge-client-scalapb_sjs0.6_2.12,0.8.0,-,-,?,-,false,-
com.codemettle.jsactor,jsactor-bridge-client_sjs0.6_2.11,0.8.0,-,-,?,-,false,-
com.codemettle.jsactor,jsactor-bridge-client_sjs0.6_2.12,0.8.0,-,-,?,-,false,-
com.codemettle.jsactor,jsactor-bridge-client-upickle_sjs0.6_2.11,0.8.0,-,-,?,-,false,-
com.codemettle.jsactor,jsactor-bridge-client-upickle_sjs0.6_2.12,0.8.0,-,-,?,-,false,-
com.codemettle.jsactor,jsactor-bridge-server_2.11,0.8.0,-,-,?,-,false,-
com.codemettle.jsactor,jsactor-bridge-server_2.12,0.8.0,-,-,?,-,false,-
com.codemettle.jsactor,jsactor-bridge-server-boopickle_2.11,0.8.0,-,-,?,-,false,-
com.codemettle.jsactor,jsactor-bridge-server-boopickle_2.12,0.8.0,-,-,?,-,false,-
com.codemettle.jsactor,jsactor-bridge-server-circe_2.11,0.8.0,-,-,?,-,false,-
com.codemettle.jsactor,jsactor-bridge-server-circe_2.12,0.8.0,-,-,?,-,false,-
com.codemettle.jsactor,jsactor-bridge-server-scalapb_2.11,0.8.0,-,-,?,-,false,-
com.codemettle.jsactor,jsactor-bridge-server-scalapb_2.12,0.8.0,-,-,?,-,false,-
com.codemettle.jsactor,jsactor-bridge-server-upickle_2.11,0.8.0,-,-,?,-,false,-
com.codemettle.jsactor,jsactor-bridge-server-upickle_2.12,0.8.0,-,-,?,-,false,-
com.codemettle.jsactor,jsactor-bridge-shared_2.11,0.8.0,-,-,?,-,false,-
com.codemettle.jsactor,jsactor-bridge-shared_2.12,0.8.0,-,-,?,-,false,-
com.codemettle.jsactor,jsactor-bridge-shared-boopickle_2.11,0.8.0,-,-,?,-,false,-
com.codemettle.jsactor,jsactor-bridge-shared-boopickle_2.12,0.8.0,-,-,?,-,false,-
com.codemettle.jsactor,jsactor-bridge-shared-boopickle_sjs0.6_2.11,0.8.0,-,-,?,-,false,-
com.codemettle.jsactor,jsactor-bridge-shared-boopickle_sjs0.6_2.12,0.8.0,-,-,?,-,false,-
com.codemettle.jsactor,jsactor-bridge-shared-circe_2.11,0.8.0,-,-,?,-,false,-
com.codemettle.jsactor,jsactor-bridge-shared-circe_2.12,0.8.0,-,-,?,-,false,-
com.codemettle.jsactor,jsactor-bridge-shared-circe_sjs0.6_2.11,0.8.0,-,-,?,-,false,-
com.codemettle.jsactor,jsactor-bridge-shared-circe_sjs0.6_2.12,0.8.0,-,-,?,-,false,-
com.codemettle.jsactor,jsactor-bridge-shared-scalapb_2.11,0.8.0,-,-,?,-,false,-
com.codemettle.jsactor,jsactor-bridge-shared-scalapb_2.12,0.8.0,-,-,?,-,false,-
com.codemettle.jsactor,jsactor-bridge-shared-scalapb-model_2.11,0.8.0,-,-,?,-,false,-
com.codemettle.jsactor,jsactor-bridge-shared-scalapb-model_2.12,0.8.0,-,-,?,-,false,-
com.codemettle.jsactor,jsactor-bridge-shared-scalapb-model_sjs0.6_2.11,0.8.0,-,-,?,-,false,-
com.codemettle.jsactor,jsactor-bridge-shared-scalapb-model_sjs0.6_2.12,0.8.0,-,-,?,-,false,-
com.codemettle.jsactor,jsactor-bridge-shared-scalapb_sjs0.6_2.11,0.8.0,-,-,?,-,false,-
com.codemettle.jsactor,jsactor-bridge-shared-scalapb_sjs0.6_2.12,0.8.0,-,-,?,-,false,-
com.codemettle.jsactor,jsactor-bridge-shared_sjs0.6_2.11,0.8.0,-,-,?,-,false,-
com.codemettle.jsactor,jsactor-bridge-shared_sjs0.6_2.12,0.8.0,-,-,?,-,false,-
com.codemettle.jsactor,jsactor-bridge-shared-upickle_2.11,0.8.0,-,-,?,-,false,-
com.codemettle.jsactor,jsactor-bridge-shared-upickle_2.12,0.8.0,-,-,?,-,false,-
com.codemettle.jsactor,jsactor-bridge-shared-upickle_sjs0.6_2.11,0.8.0,-,-,?,-,false,-
com.codemettle.jsactor,jsactor-bridge-shared-upickle_sjs0.6_2.12,0.8.0,-,-,?,-,false,-
com.diffplug.gradle,image-grinder,2.0.1,-,-,?,-,false,-
com.epam.jdi,jdi-light,1.0.24,-,-,?,-,false,sun.reflect.generics.reflectiveObjects.NotImplementedException Removed. See http://openjdk.java.net/jeps/260
com.epam.jdi,jdi-light-html,1.0.24,-,-,?,-,false,-
com.getkeepsafe.dexcount,dexcount-gradle-plugin,0.8.5,-,-,?,-,false,-
com.github.fabiomaffioletti,spring-boot-starter-data-firebase,1.0.0.RELEASE,-,-,?,-,false,-
com.google.apis,google-api-services-accesscontextmanager,v1beta-rev20181219-1.26.0,-,-,?,-,false,-
com.google.apis,google-api-services-appengine,v1-rev20181218-1.26.0,-,-,?,-,false,-
com.google.apis,google-api-services-bigquery,v2-rev20181216-1.26.0,-,-,?,-,false,-
com.google.apis,google-api-services-cloudbuild,v1-rev20181017-1.27.0,-,-,?,-,false,-
com.google.apis,google-api-services-cloudfunctions,v1-rev20181212-1.26.0,-,-,?,-,false,-
com.google.apis,google-api-services-cloudidentity,v1-rev20181218-1.26.0,-,-,?,-,false,-
com.google.apis,google-api-services-composer,v1-rev20181120-1.27.0,-,-,?,-,false,-
com.google.apis,google-api-services-compute,v1-rev20181130-1.26.0,-,-,?,-,false,-
com.google.apis,google-api-services-dataproc,v1-rev20181126-1.27.0,-,-,?,-,false,-
com.google.apis,google-api-services-datastore,v1-rev20181207-1.26.0,-,-,?,-,false,-
com.google.apis,google-api-services-dialogflow,v2-rev20181215-1.26.0,-,-,?,-,false,-
com.google.apis,google-api-services-dlp,v2-rev20181218-1.26.0,-,-,?,-,false,-
com.google.apis,google-api-services-drive,v3-rev20181213-1.26.0,-,-,?,-,false,-
com.google.apis,google-api-services-jobs,v3-rev20181210-1.26.0,-,-,?,-,false,-
com.google.apis,google-api-services-logging,v2-rev20181215-1.26.0,-,-,?,-,false,-
com.liferay,com.liferay.gradle.plugins.workspace,1.7.1,-,-,?,-,false,-
de.bwaldvogel,mongo-java-server,1.11.1,-,-,?,-,false,-
de.bwaldvogel,mongo-java-server-core,1.11.1,-,-,?,-,false,-
de.bwaldvogel,mongo-java-server-h2-backend,1.11.1,-,-,?,-,false,-
de.bwaldvogel,mongo-java-server-memory-backend,1.11.1,-,-,?,-,false,-
de.bwaldvogel,mongo-java-server-postgresql-backend,1.11.1,-,-,?,-,false,-
de.bwaldvogel,mongo-java-server-test-common,1.11.1,-,-,?,-,false,-
guru.qas,martini-core,4.1.1,-,-,?,-,false,-
io.github.dgroup,tagyml,0.1.0,-,-,?,-,false,-
net.ozwolf,mongo-trek,3.1.0,-,-,?,-,false,-
net.sf.okapi.applications,okapi-application-lynx,1.1.7,-,-,?,-,false,-
net.sf.okapi.lib,okapi-lib-xliff2,1.1.8,-,-,?,-,false,-
org.cyclonedx,cyclonedx-maven-plugin,1.3.1,-,-,?,-,false,-
org.glassfish.copyright,glassfish-copyright-maven-plugin,2.0,-,-,?,-,false,-
org.scalameta,mdoc_2.12,1.2.0,-,-,?,-,false,-
org.scalameta,mdoc-docs_2.12,1.2.0,-,-,?,-,false,-
org.scalameta,mdoc-js_2.12,1.2.0,-,-,?,-,false,-
org.scalameta,mdoc-lsp_2.12,1.2.0,-,-,?,-,false,-
org.scalameta,mdoc-runtime_2.12,1.2.0,-,-,?,-,false,-
se.bjurr.violations,violation-comments-lib,1.80,-,-,?,-,false,-
se.bjurr.violations,violation-comments-to-bitbucket-server-lib,1.72,-,-,?,-,false,-
se.bjurr.violations,violations-lib,1.74,-,-,?,-,false,-
