groupId,artifactId,version,moduleName,moduleVersion,moduleMode,moduleDependencies,jdepsToolError,jdepsViolations
com.epsagon,epsagon,1.2.3,-,-,?,-,false,-
com.github.gvolpe,fs2-redis-core_2.12,0.7.0,-,-,?,-,false,-
com.github.gvolpe,fs2-redis-effects_2.12,0.7.0,-,-,?,-,false,-
com.github.gvolpe,fs2-redis-streams_2.12,0.7.0,-,-,?,-,false,-
com.github.gvolpe,fs2-redis-test-support_2.12,0.7.0,-,-,?,-,false,-
com.github.yangjiacheng,spring-data-querydsl-rsql,1.0.0-RELEASE,-,-,?,-,false,-
com.marcosbarbero.cloud,spring-cloud-zuul-ratelimit,2.2.2.RELEASE,-,-,?,-,false,-
com.marcosbarbero.cloud,spring-cloud-zuul-ratelimit-core,2.2.2.RELEASE,-,-,?,-,false,-
com.spotify,scio-avro_2.11,0.7.0-beta3,-,-,?,-,false,-
com.spotify,scio-avro_2.12,0.7.0-beta3,-,-,?,-,false,-
com.spotify,scio-bigquery_2.11,0.7.0-beta3,-,-,?,-,false,-
com.spotify,scio-bigquery_2.12,0.7.0-beta3,-,-,?,-,false,-
com.spotify,scio-bigtable_2.11,0.7.0-beta3,-,-,?,-,false,-
com.spotify,scio-bigtable_2.12,0.7.0-beta3,-,-,?,-,false,-
com.spotify,scio-cassandra2_2.11,0.7.0-beta3,-,-,?,-,false,-
com.spotify,scio-cassandra2_2.12,0.7.0-beta3,-,-,?,-,false,-
com.spotify,scio-cassandra3_2.11,0.7.0-beta3,-,-,?,-,false,-
com.spotify,scio-cassandra3_2.12,0.7.0-beta3,-,-,?,-,false,-
com.spotify,scio-core_2.11,0.7.0-beta3,-,-,?,-,false,sun.reflect.ReflectionFactory            See http://openjdk.java.net/jeps/260
com.spotify,scio-core_2.12,0.7.0-beta3,-,-,?,-,false,sun.reflect.ReflectionFactory            See http://openjdk.java.net/jeps/260
com.spotify,scio-elasticsearch2_2.11,0.7.0-beta3,-,-,?,-,false,-
com.spotify,scio-elasticsearch2_2.12,0.7.0-beta3,-,-,?,-,false,-
com.spotify,scio-elasticsearch5_2.11,0.7.0-beta3,-,-,?,-,false,-
com.spotify,scio-elasticsearch5_2.12,0.7.0-beta3,-,-,?,-,false,-
com.spotify,scio-elasticsearch6_2.11,0.7.0-beta3,-,-,?,-,false,-
com.spotify,scio-elasticsearch6_2.12,0.7.0-beta3,-,-,?,-,false,-
com.spotify,scio-extra_2.11,0.7.0-beta3,-,-,?,-,false,-
com.spotify,scio-extra_2.12,0.7.0-beta3,-,-,?,-,false,-
com.spotify,scio-hdfs_2.11,0.7.0-beta3,-,-,?,-,false,-
com.spotify,scio-hdfs_2.12,0.7.0-beta3,-,-,?,-,false,-
com.spotify,scio-jdbc_2.11,0.7.0-beta3,-,-,?,-,false,-
com.spotify,scio-jdbc_2.12,0.7.0-beta3,-,-,?,-,false,-
com.spotify,scio-macros_2.11,0.7.0-beta3,-,-,?,-,false,-
com.spotify,scio-macros_2.12,0.7.0-beta3,-,-,?,-,false,-
com.spotify,scio-parquet_2.11,0.7.0-beta3,-,-,?,-,false,-
com.spotify,scio-parquet_2.12,0.7.0-beta3,-,-,?,-,false,-
com.spotify,scio-repl_2.11,0.7.0-beta3,-,-,?,-,false,-
com.spotify,scio-repl_2.12,0.7.0-beta3,-,-,?,-,false,-
com.spotify,scio-spanner_2.11,0.7.0-beta3,-,-,?,-,false,-
com.spotify,scio-spanner_2.12,0.7.0-beta3,-,-,?,-,false,-
com.spotify,scio-tensorflow_2.11,0.7.0-beta3,-,-,?,-,false,-
com.spotify,scio-tensorflow_2.12,0.7.0-beta3,-,-,?,-,false,-
com.spotify,scio-test_2.11,0.7.0-beta3,-,-,?,-,false,-
com.spotify,scio-test_2.12,0.7.0-beta3,-,-,?,-,false,-
cz.jiripinkas,jsitemapgenerator,3.10,cz.jiripinkas.jsitemapgenerator,-,automatic,-,false,-
io.github.idolofidles,MysqlORM,1.1.4,-,-,?,-,false,-
io.github.martinschneider,justtestlah-browserstack,1.4,-,-,?,-,false,-
io.github.martinschneider,justtestlah-core,1.4,-,-,?,-,false,-
io.github.martinschneider,justtestlah-demos,1.4,-,-,?,-,false,-
io.github.martinschneider,justtestlah-mobile-tools,1.4,-,-,?,-,false,-
io.github.martinschneider,justtestlah-pcloudy,1.4,-,-,?,-,false,-
io.socket,engine.io-server,1.2.0,-,-,?,-,false,-
io.socket,engine.io-server-jetty,1.2.0,-,-,?,-,false,-
io.sundr,builder-annotations,0.14.4,-,-,?,-,false,-
io.sundr,dsl-annotations,0.14.4,-,-,?,-,false,-
io.sundr.examples,arrays,0.14.4,-,-,?,-,false,-
io.sundr.examples,codegen-example,0.14.4,-,-,?,-,false,-
io.sundr.examples,crud,0.14.4,-,-,?,-,false,-
io.sundr.examples,curator,0.14.4,-,-,?,-,false,-
io.sundr.examples,kubernetes,0.14.4,-,-,?,-,false,-
io.sundr.examples,kubernetes-swagger,0.14.4,-,-,?,-,false,-
io.sundr.examples,shapes,0.14.4,-,-,?,-,false,-
io.sundr.examples,shapes-extension,0.14.4,-,-,?,-,false,-
io.sundr.examples,validation,0.14.4,-,-,?,-,false,-
io.sundr,resourcecify-annotations,0.14.4,-,-,?,-,false,com.sun.tools.javac.code.Symbol          Use javax.tools and javax.lang.model @since 1.6 + com.sun.tools.javac.code.Symbol$ClassSymbol Use javax.tools and javax.lang.model @since 1.6
io.sundr,sundr-codegen,0.14.4,-,-,?,-,false,-
io.sundr,sundr-core,0.14.4,-,-,?,-,false,-
io.sundr,sundr-maven-plugin,0.14.4,-,-,?,-,false,-
io.sundr,sundr-swagger,0.14.4,-,-,?,-,false,-
io.sundr,transform-annotations,0.14.4,-,-,?,-,false,-
net.jueb,util4j,4.3.1,-,-,?,-,false,-
net.sf.aws-syndicate,deployment-configuration-annotations,1.5.0,-,-,?,-,false,-
net.sf.aws-syndicate,deployment-configuration-maven-plugin,1.5.0,-,-,?,-,false,-
org.corpus-tools,graphannis-api,0.15.0,-,-,?,-,false,-
org.http4k,http4k-core,3.106.0,-,-,?,-,false,-
org.http4k,http4k-server-apache,3.106.0,-,-,?,-,false,-
