groupId,artifactId,version,moduleName,moduleVersion,moduleMode,moduleDependencies,jdepsToolError,jdepsViolations
com.github.bdoepf,spark-cassandra-sink_2.11,2.4.0,-,-,?,-,false,-
com.github.pyracantha,coccinea-core,0.0.2-11-d109e9a,-,-,?,-,false,-
com.vladmihalcea,hibernate-types-4,2.4.0,com.vladmihalcea.hibernate.type,-,automatic,-,false,-
com.vladmihalcea,hibernate-types-43,2.4.0,com.vladmihalcea.hibernate.type,-,automatic,-,false,-
com.vladmihalcea,hibernate-types-52,2.4.0,com.vladmihalcea.hibernate.type,-,automatic,-,false,-
com.vladmihalcea,hibernate-types-5,2.4.0,com.vladmihalcea.hibernate.type,-,automatic,-,false,-
io.github.pcmind,leveldb,0.12,-,-,?,-,false,-
io.github.pcmind,leveldb-api,0.12,-,-,?,-,false,-
io.github.pcmind,leveldb-benchmark,0.12,-,-,?,-,false,-
io.github.tilumi,azure-eventhubs-spark_2.11,2.3.8,-,-,?,-,false,-
net.sixpointsix,spring-boot-jdbi-starter,0.7.0,-,-,?,-,false,-
org.rapidpm,rapidpm-logger-adapter,01.00.00-RPM,-,-,?,-,false,-
