groupId,artifactId,version,moduleName,moduleVersion,moduleMode,moduleDependencies,jdepsToolError,jdepsViolations
com.airbnb.android,paris-annotations,1.2.1,-,-,?,-,false,-
com.airbnb.android,paris-processor,1.2.1,-,-,?,-,false,com.sun.tools.javac.code.Symbol          Use javax.tools and javax.lang.model @since 1.6 + com.sun.tools.javac.code.Symbol$ClassSymbol Use javax.tools and javax.lang.model @since 1.6 + com.sun.tools.javac.code.Symbol$VarSymbol Use javax.tools and javax.lang.model @since 1.6 + com.sun.tools.javac.tree.JCTree          Use com.sun.source @since 1.6 + com.sun.tools.javac.tree.JCTree$JCFieldAccess Use com.sun.source @since 1.6 + com.sun.tools.javac.tree.JCTree$Visitor  Use com.sun.source @since 1.6 + com.sun.tools.javac.tree.TreeScanner     Use com.sun.source @since 1.6 + com.sun.tools.javac.util.Name            Use javax.tools and javax.lang.model @since 1.6
com.diffplug.gradle,goomph,3.17.1,-,-,?,-,false,-
com.github.bordertech.common,build-tools,1.0.7,-,-,?,-,false,-
com.homeaway.streamingplatform,kafka-infra-provider,0.4.1,-,-,?,-,false,-
com.homeaway.streamingplatform,schema-library-events,0.4.1,-,-,?,-,false,-
com.homeaway.streamingplatform,stream-registry,0.4.1,-,-,?,-,false,sun.misc.Cleaner                         Use java.lang.ref.PhantomReference @since 1.2 or java.lang.ref.Cleaner @since 9 + sun.misc.Unsafe                          See http://openjdk.java.net/jeps/260 + sun.reflect.Reflection                   Use java.lang.StackWalker @since 9
com.homeaway.streamingplatform,stream-registry-core,0.4.1,-,-,?,-,false,-
com.kyleu,projectile_2.12,0.8.0,-,-,?,-,false,-
com.kyleu,projectile-export_2.12,0.8.0,-,-,?,-,false,-
com.kyleu,projectile-lib-auth_2.12,0.8.0,-,-,?,-,false,-
com.kyleu,projectile-lib-doobie_2.12,0.8.0,-,-,?,-,false,-
com.kyleu,projectile-lib-graphql_2.12,0.8.0,-,-,?,-,false,-
com.kyleu,projectile-lib-jdbc_2.12,0.8.0,-,-,?,-,false,-
com.kyleu,projectile-lib-play_2.12,0.8.0,-,-,?,-,false,-
com.kyleu,projectile-lib-scala_2.12,0.8.0,-,-,?,-,false,-
com.kyleu,projectile-lib-scalajs_sjs0.6_2.12,0.8.0,-,-,?,-,false,-
com.kyleu,projectile-lib-service_2.12,0.8.0,-,-,?,-,false,-
com.kyleu,projectile-lib-slick_2.12,0.8.0,-,-,?,-,false,-
com.kyleu,projectile-lib-thrift_2.12,0.8.0,-,-,?,-,false,-
com.kyleu,projectile-lib-tracing_2.12,0.8.0,-,-,?,-,false,-
io.github.udaychandra.bdd,bdd-core,0.1.0,-,-,?,-,false,-
io.github.udaychandra.bdd,bdd-junit,0.1.0,-,-,?,-,false,-
org.mnode.ical4j,ical4j,3.0.4,-,-,?,-,false,-
