groupId,artifactId,version,moduleName,moduleVersion,moduleMode,moduleDependencies,jdepsToolError,jdepsViolations
com.bullhorn,sdk-rest,1.2.45,-,-,?,-,false,-
com.github.luben,zstd-jni,1.3.8-1,com.github.luben.zstd_jni,-,automatic,-,false,-
com.github.progrocus,70-jcore,0.1.5,-,-,?,-,false,-
com.liferay.portal,release.dxp.distro,7.1.10,-,-,?,-,false,-
com.microsoft.azure,azure-servicebus,2.0.0-PREVIEW-7,-,-,?,-,false,-
com.peachapisecurity,api,1.5.28,-,-,?,-,false,-
com.peachapisecurity,tg-junit4,1.5.28,-,-,?,-,false,-
com.streamsets,streamsets-datacollector-api,3.7.0,-,-,?,-,false,-
com.streamsets,streamsets-datacollector-sdk,3.7.0,-,-,?,-,false,sun.misc.Cleaner                         Use java.lang.ref.PhantomReference @since 1.2 or java.lang.ref.Cleaner @since 9 + sun.misc.Unsafe                          See http://openjdk.java.net/jeps/260
com.streamsets,streamsets-datacollector-spark-api,3.7.0,-,-,?,-,false,-
com.thoughtworks.spring.security.acls.jdbc,fallbacklookupstrategy,1.0.0,-,-,?,-,false,-
com.twilio,guardrail_2.12,0.41.4,-,-,?,-,false,-
com.vmware.vcloud,vcd-bindings-generator,0.9.1,-,-,?,-,false,-
com.vmware.vcloud,vcd-bindings-maven-plugin,0.9.1,-,-,?,-,false,-
com.vmware.vcloud,vcd-xjc-plugins,0.9.1,-,-,?,-,false,-
io.github.bdbull.maven.cloud,azure-storage-wagon,1.6,-,-,?,-,false,-
io.github.bdbull.maven.cloud,cloud-storage-core,1.6,-,-,?,-,false,-
io.github.bdbull.maven.cloud,google-storage-wagon,1.6,-,-,?,-,false,sun.misc.Unsafe                          See http://openjdk.java.net/jeps/260
tech.simter,simter-context,1.0.0,-,-,?,-,false,-
tech.simter,simter-genson-ext,1.0.0,-,-,?,-,false,-
tech.simter,simter-http,1.0.0,-,-,?,-,false,-
tech.simter,simter-jpa-ext,1.0.0,-,-,?,-,false,-
tech.simter,simter-json,1.0.0,-,-,?,-,false,-
