groupId,artifactId,version,moduleName,moduleVersion,moduleMode,moduleDependencies,jdepsToolError,jdepsViolations
io.github.magic-core,easy-poi,2.0.0,-,-,?,-,false,-
net.nextpulse,jfactuursturen,0.2.2,-,-,?,-,false,-
org.cristalise,cristalise-jooqdb,3.6.0,-,-,?,-,false,-
org.typelevel,jawn-argonaut_2.10,0.14.1,-,-,?,-,false,-
org.typelevel,jawn-argonaut_2.11,0.14.1,-,-,?,-,false,-
org.typelevel,jawn-argonaut_2.12,0.14.1,-,-,?,-,false,-
org.typelevel,jawn-ast_2.10,0.14.1,-,-,?,-,false,-
org.typelevel,jawn-ast_2.11,0.14.1,-,-,?,-,false,-
org.typelevel,jawn-ast_2.12,0.14.1,-,-,?,-,false,-
org.typelevel,jawn-ast_2.13.0-M5,0.14.1,-,-,?,-,false,-
org.typelevel,jawn-json4s_2.10,0.14.1,-,-,?,-,false,-
org.typelevel,jawn-json4s_2.11,0.14.1,-,-,?,-,false,-
org.typelevel,jawn-json4s_2.12,0.14.1,-,-,?,-,false,-
org.typelevel,jawn-json4s_2.13.0-M5,0.14.1,-,-,?,-,false,-
org.typelevel,jawn-parser_2.10,0.14.1,-,-,?,-,false,-
org.typelevel,jawn-parser_2.11,0.14.1,-,-,?,-,false,-
org.typelevel,jawn-parser_2.12,0.14.1,-,-,?,-,false,-
org.typelevel,jawn-parser_2.13.0-M5,0.14.1,-,-,?,-,false,-
org.typelevel,jawn-play_2.10,0.14.1,-,-,?,-,false,-
org.typelevel,jawn-play_2.11,0.14.1,-,-,?,-,false,-
org.typelevel,jawn-play_2.12,0.14.1,-,-,?,-,false,-
org.typelevel,jawn-play_2.13.0-M5,0.14.1,-,-,?,-,false,-
org.typelevel,jawn-rojoma_2.10,0.14.1,-,-,?,-,false,-
org.typelevel,jawn-rojoma_2.11,0.14.1,-,-,?,-,false,-
org.typelevel,jawn-rojoma_2.12,0.14.1,-,-,?,-,false,-
org.typelevel,jawn-rojoma-v3_2.10,0.14.1,-,-,?,-,false,-
org.typelevel,jawn-rojoma-v3_2.11,0.14.1,-,-,?,-,false,-
org.typelevel,jawn-rojoma-v3_2.12,0.14.1,-,-,?,-,false,-
org.typelevel,jawn-spray_2.10,0.14.1,-,-,?,-,false,-
org.typelevel,jawn-spray_2.11,0.14.1,-,-,?,-,false,-
org.typelevel,jawn-spray_2.12,0.14.1,-,-,?,-,false,-
org.typelevel,jawn-spray_2.13.0-M5,0.14.1,-,-,?,-,false,-
org.typelevel,jawn-util_2.10,0.14.1,-,-,?,-,false,-
org.typelevel,jawn-util_2.11,0.14.1,-,-,?,-,false,-
org.typelevel,jawn-util_2.12,0.14.1,-,-,?,-,false,-
org.typelevel,jawn-util_2.13.0-M5,0.14.1,-,-,?,-,false,-
