groupId,artifactId,version,moduleName,moduleVersion,moduleMode,moduleDependencies,jdepsToolError,jdepsViolations
com.github.saphyra,auth-service,1.0.3,-,-,?,-,false,-
com.github.saphyra,encryption,1.0.1,-,-,?,-,false,-
com.netflix.nebula,nebula-publishing-plugin,9.4.2,-,-,?,-,false,-
com.solace.cloud.core,solace-services-info,0.3.0,-,-,?,-,false,-
de.japrost.jabudget,jabudget-domain,0.0.3,de.japrost.jabudget.domain,-,explicit,java.base,false,-
de.japrost.jabudget,jabudget-repository,0.0.3,de.japrost.jabudget.repository,-,explicit,de.japrost.jabudget.domain + java.base,false,-
de.japrost.jabudget,jabudget-serialization,0.0.3,de.japrost.jabudget.serialization,-,explicit,de.japrost.jabudget.domain + java.base + xstream,false,-
de.japrost.jabudget,jabudget-service,0.0.3,de.japrost.jabudget.service,-,explicit,de.japrost.jabudget.domain + de.japrost.jabudget.repository + de.japrost.jabudget.serialization + java.base,false,-
de.japrost.jabudget,jabudget-spring-rest,0.0.3,de.japrost.jabudget.spring.rest,-,explicit,de.japrost.jabudget.domain + de.japrost.jabudget.service + java.base + spring.context + spring.web,false,-
de.japrost.jabudget,jabudget-starter,0.0.3,-,-,?,-,false,-
de.japrost.jabudget,jabudget-vaadin-spring,0.0.3,de.japrost.jabudget.vaadin.spring,-,explicit,de.japrost.jabudget.domain + de.japrost.jabudget.service + flow.data + flow.server + java.base + java.sql + spring.context + vaadin.button.flow + vaadin.core + vaadin.form.layout.flow + vaadin.grid.flow + vaadin.notification.flow + vaadin.ordered.layout.flow + vaadin.spring + vaadin.text.field.flow,false,-
eu.aronnax.maven.cloud,cloud-storage-core,1.5.2,-,-,?,-,false,-
eu.aronnax.maven.cloud,google-storage-noshade-wagon,1.5.2,-,-,?,-,false,-
foundation.fluent.api,fluent-api-generator,2.7,-,-,?,-,false,-
foundation.fluent.api,fluent-api-generator-annotations,2.7,-,-,?,-,false,-
foundation.fluent.api,fluent-api-generator-tests,2.7,-,-,?,-,false,-
foundation.fluent.api,fluent-builder-api-generator,2.7,-,-,?,-,false,-
foundation.fluent.api,fluent-builder-generator,2.7,-,-,?,-,false,-
foundation.fluent.api,fluent-config-generator,2.7,-,-,?,-,false,-
foundation.fluent.api,fluent-validation-generator,2.7,-,-,?,-,false,-
io.rainfall,rainfall-cassandra,1.4.8,-,-,?,-,false,-
io.rainfall,rainfall-core,1.4.8,-,-,?,-,false,sun.misc.Unsafe                          See http://openjdk.java.net/jeps/260
io.rainfall,rainfall-ehcache,1.4.8,-,-,?,-,false,-
io.rainfall,rainfall-jcache,1.4.8,-,-,?,-,false,-
io.rainfall,rainfall-redis,1.4.8,-,-,?,-,false,-
io.rainfall,Rainfall-tutorial,1.4.8,-,-,?,-,false,-
io.rainfall,rainfall-web,1.4.8,-,-,?,-,false,-
org.biojava,biojava-aa-prop,5.2.0,-,-,?,-,false,-
org.biojava,biojava-alignment,5.2.0,-,-,?,-,false,-
org.biojava,biojava-core,5.2.0,-,-,?,-,false,-
org.biojava,biojava-genome,5.2.0,-,-,?,-,false,-
org.biojava,biojava-integrationtest,5.2.0,-,-,?,-,false,-
org.biojava,biojava-modfinder,5.2.0,-,-,?,-,false,-
org.biojava,biojava-ontology,5.2.0,-,-,?,-,false,-
org.biojava,biojava-protein-disorder,5.2.0,-,-,?,-,false,-
org.biojava,biojava-structure,5.2.0,-,-,?,-,false,-
org.biojava,biojava-structure-gui,5.2.0,-,-,?,-,false,-
org.biojava,biojava-survival,5.2.0,-,-,?,-,false,-
org.biojava,biojava-ws,5.2.0,-,-,?,-,false,-
