groupId,artifactId,version,moduleName,moduleVersion,moduleMode,moduleDependencies,jdepsToolError,jdepsViolations
org.wso2.carbon.apimgt,org.wso2.carbon.apimgt.core,7.0.241,-,-,?,-,false,-
org.wso2.carbon.apimgt,org.wso2.carbon.apimgt.rest.api.admin,7.0.241,-,-,?,-,false,-
org.wso2.carbon.apimgt,org.wso2.carbon.apimgt.rest.api.analytics,7.0.241,-,-,?,-,false,-
org.wso2.carbon.apimgt,org.wso2.carbon.apimgt.rest.api.authenticator,7.0.241,-,-,?,-,false,-
org.wso2.carbon.apimgt,org.wso2.carbon.apimgt.rest.api.commons,7.0.241,-,-,?,-,false,-
org.wso2.carbon.apimgt,org.wso2.carbon.apimgt.rest.api.configurations,7.0.241,-,-,?,-,false,-
org.wso2.carbon.apimgt,org.wso2.carbon.apimgt.rest.api.core,7.0.241,-,-,?,-,false,-
org.wso2.carbon.apimgt,org.wso2.carbon.apimgt.rest.api.publisher,7.0.241,-,-,?,-,false,-
org.wso2.carbon.apimgt,org.wso2.carbon.apimgt.rest.api.store,7.0.241,-,-,?,-,false,-
org.wso2.carbon.apimgt,org.wso2.carbon.apimgt.throttling.siddhi.extension,7.0.241,-,-,?,-,false,-
org.wso2.is,custom-grant,5.8.0-m16,-,-,?,-,false,-
org.wso2.is,identity-samples-remote-user-mgt,5.8.0-m16,-,-,?,-,false,-
org.wso2.is,oauth10a-resource-owner-equivalent,5.8.0-m16,-,-,?,-,false,-
org.wso2.is,org.wso2.carbon.identity.sample.extension.authenticators,5.8.0-m16,-,-,?,-,false,-
org.wso2.is,org.wso2.carbon.identity.samples.entitlement.kmarket.trading,5.8.0-m16,-,-,?,-,false,-
org.wso2.is,org.wso2.carbon.identity.samples.sts,5.8.0-m16,-,-,?,-,false,-
org.wso2.is,org.wso2.carbon.is.migration,5.8.0-m16,-,-,?,-,false,-
org.wso2.is,org.wso2.identity.passivests.filter,5.8.0-m16,-,-,?,-,false,-
org.wso2.is,org.wso2.identity.styles,5.8.0-m16,-,-,?,-,false,-
org.wso2.is,sample-handler,5.8.0-m16,-,-,?,-,false,-
org.wso2.is,sample-template,5.8.0-m16,-,-,?,-,false,-
org.wso2.is,scim-provisioning,5.8.0-m16,-,-,?,-,false,-
