groupId,artifactId,version,moduleName,moduleVersion,moduleMode,moduleDependencies,jdepsToolError,jdepsViolations
com.crobox.clickhouse,client_2.11,0.8.10,-,-,?,-,false,-
com.crobox.clickhouse,client_2.12,0.8.10,-,-,?,-,false,-
com.crobox.clickhouse,dsl_2.12,0.8.10,-,-,?,-,false,-
com.crobox.clickhouse,testkit_2.11,0.8.10,-,-,?,-,false,-
com.crobox.clickhouse,testkit_2.12,0.8.10,-,-,?,-,false,-
com.ibm.mobilefirstplatform.serversdk.java,push,1.5.0,-,-,?,-,false,-
com.mchange,mchange-commons-scala_2.10,0.4.8,-,-,?,-,false,-
com.mchange,mchange-commons-scala_2.11,0.4.8,-,-,?,-,false,-
com.mchange,mchange-commons-scala_2.12,0.4.8,-,-,?,-,false,-
com.typesafe.akka,akka-http_2.11,10.1.7,akka.http,-,automatic,-,false,-
com.typesafe.akka,akka-http_2.12,10.1.7,akka.http,-,automatic,-,false,-
com.typesafe.akka,akka-http2-support_2.11,10.1.7,akka.http.http2,-,automatic,-,false,-
com.typesafe.akka,akka-http2-support_2.12,10.1.7,akka.http.http2,-,automatic,-,false,-
com.typesafe.akka,akka-http-caching_2.11,10.1.7,akka.http.caching,-,automatic,-,false,-
com.typesafe.akka,akka-http-caching_2.12,10.1.7,akka.http.caching,-,automatic,-,false,-
com.typesafe.akka,akka-http-core_2.11,10.1.7,akka.http.core,-,automatic,-,false,-
com.typesafe.akka,akka-http-core_2.12,10.1.7,akka.http.core,-,automatic,-,false,-
com.typesafe.akka,akka-http-jackson_2.11,10.1.7,akka.http.marshallers.jackson,-,automatic,-,false,-
com.typesafe.akka,akka-http-jackson_2.12,10.1.7,akka.http.marshallers.jackson,-,automatic,-,false,-
com.typesafe.akka,akka-http-spray-json_2.11,10.1.7,akka.http.marshallers.sprayjson,-,automatic,-,false,-
com.typesafe.akka,akka-http-spray-json_2.12,10.1.7,akka.http.marshallers.sprayjson,-,automatic,-,false,-
com.typesafe.akka,akka-http-testkit_2.11,10.1.7,akka.http.testkit,-,automatic,-,false,-
com.typesafe.akka,akka-http-testkit_2.12,10.1.7,akka.http.testkit,-,automatic,-,false,-
com.typesafe.akka,akka-http-xml_2.11,10.1.7,akka.http.marshallers.scalaxml,-,automatic,-,false,-
com.typesafe.akka,akka-http-xml_2.12,10.1.7,akka.http.marshallers.scalaxml,-,automatic,-,false,-
com.typesafe.akka,akka-parsing_2.11,10.1.7,akka.http.parsing,-,automatic,-,false,-
com.typesafe.akka,akka-parsing_2.12,10.1.7,akka.http.parsing,-,automatic,-,false,-
dk.nodes.ci,bitrise,1.1,-,-,?,-,false,-
io.github.springstudent,GyJdbc,3.0.0,-,-,?,-,false,-
net.ravendb,ravendb,4.1.3,-,-,?,-,false,-
net.ravendb,ravendb-embedded,4.1.3,-,-,?,-,false,-
net.ravendb,ravendb-test-driver,4.1.3,-,-,?,-,false,-
org.chenmin.open,objector,0.0.7,-,-,?,-,false,-
org.chenmin.open,objector-ots,0.0.7,-,-,?,-,false,-
org.http4k,http4k-contract,3.104.0,-,-,?,-,false,-
org.http4k,http4k-core,3.104.0,-,-,?,-,false,-
org.http4k,http4k-multipart,3.104.0,-,-,?,-,false,-
org.http4k,http4k-server-apache,3.104.0,-,-,?,-,false,-
org.http4k,http4k-server-jetty,3.104.0,-,-,?,-,false,-
org.http4k,http4k-server-netty,3.104.0,-,-,?,-,false,-
org.http4k,http4k-server-undertow,3.104.0,-,-,?,-,false,-
org.scalameta,mdoc_2.12,1.2.4,-,-,?,-,false,-
org.scalameta,mdoc-docs_2.12,1.2.4,-,-,?,-,false,-
org.scalameta,mdoc-js_2.12,1.2.4,-,-,?,-,false,-
org.scalameta,mdoc-lsp_2.12,1.2.4,-,-,?,-,false,-
org.scalameta,mdoc-runtime_2.12,1.2.4,-,-,?,-,false,-
