groupId,artifactId,version,moduleName,moduleVersion,moduleMode,moduleDependencies,jdepsToolError,jdepsViolations
be.yildiz-games,feature-research-server,1.0.1,be.yildizgames.feature.research.server,-,explicit,be.yildizgames.common.model + be.yildizgames.common.util + be.yildizgames.feature.research.shared + be.yildizgames.module.database + java.annotation + java.base + java.sql + org.jooq,false,-
com.envisioniot,enos-api,2.2.1,-,-,?,-,false,-
com.github.liujiebang,pay,1.4.4,-,-,?,-,false,-
com.github.lsqlebai,server-common,0.3.3,-,-,?,-,false,-
tech.tablesaw,tablesaw-aggregate,0.30.2,-,-,?,-,false,-
tech.tablesaw,tablesaw-beakerx,0.30.2,-,-,?,-,false,-
tech.tablesaw,tablesaw-core,0.30.2,-,-,?,-,false,-
tech.tablesaw,tablesaw-jsplot,0.30.2,-,-,?,-,false,-
