groupId,artifactId,version,moduleName,moduleVersion,moduleMode,moduleDependencies,jdepsToolError,jdepsViolations
com.bluenimble.serverless,bluenimble-jvm-sdk,2.4.0,-,-,?,-,false,-
com.bluenimble.serverless,bluenimble-server,2.4.0,-,-,?,-,false,-
com.github.codesorcery,juan,0.1.1,-,-,?,-,false,-
com.github.jlangch,venice,1.2.1,-,-,?,-,false,-
io.github.adorable-skullmaster,pw4j,1.2.5,-,-,?,-,false,-
io.github.scambon,io.github.scambon.cliwrapper4j,1.0.0,io.github.scambon.cliwrapper4j,-,automatic,-,false,-
net.onedaybeard.artemis,artemis-fluid-core,2.2.0,-,-,?,-,false,-
net.onedaybeard.artemis,artemis-fluid-core-utility-sources,2.2.0,-,-,?,-,false,-
net.onedaybeard.artemis,artemis-fluid-gradle-plugin,2.2.0,-,-,?,-,false,-
net.onedaybeard.artemis,artemis-fluid-maven-integration-test-components,2.2.0,-,-,?,-,false,-
net.onedaybeard.artemis,artemis-fluid-maven-integration-test-systems,2.2.0,-,-,?,-,false,-
net.onedaybeard.artemis,artemis-fluid-maven-plugin,2.2.0,-,-,?,-,false,-
net.onedaybeard.artemis,artemis-odb,2.2.0,-,-,?,-,false,-
net.onedaybeard.artemis,artemis-odb-cli,2.2.0,-,-,?,-,false,sun.misc.BASE64Decoder                   Use java.util.Base64 @since 1.8 + sun.misc.BASE64Encoder                   Use java.util.Base64 @since 1.8
net.onedaybeard.artemis,artemis-odb-gradle-plugin,2.2.0,-,-,?,-,false,-
net.onedaybeard.artemis,artemis-odb-gwt,2.2.0,-,-,?,-,false,-
net.onedaybeard.artemis,artemis-odb-gwt-test,2.2.0,-,-,?,-,false,-
net.onedaybeard.artemis,artemis-odb-maven-plugin,2.2.0,-,-,?,-,false,-
net.onedaybeard.artemis,artemis-odb-serializer,2.2.0,-,-,?,-,false,-
net.onedaybeard.artemis,artemis-odb-serializer-json,2.2.0,-,-,?,-,false,-
net.onedaybeard.artemis,artemis-odb-serializer-json-libgdx,2.2.0,-,-,?,-,false,-
net.onedaybeard.artemis,artemis-odb-serializer-kryo,2.2.0,-,-,?,-,false,-
net.onedaybeard.artemis,artemis-odb-test,2.2.0,-,-,?,-,false,-
net.onedaybeard.artemis,artemis-odb-weaver,2.2.0,-,-,?,-,false,-
org.pitest,highwheel-ant,1.4,-,-,?,-,false,-
org.pitest,highwheel-bytecode,1.4,-,-,?,-,false,-
org.pitest,highwheel-core,1.4,-,-,?,-,false,-
org.pitest,highwheel-maven,1.4,-,-,?,-,false,-
org.pitest,highwheel-model,1.4,-,-,?,-,false,-
org.pitest,highwheel-parser,1.4,-,-,?,-,false,-
