groupId,artifactId,version,moduleName,moduleVersion,moduleMode,moduleDependencies,jdepsToolError,jdepsViolations
be.yildiz-games,feature-research-server,1.0.2,be.yildizgames.feature.research.server,-,explicit,be.yildizgames.common.model + be.yildizgames.common.util + be.yildizgames.feature.research.shared + be.yildizgames.module.database + java.annotation + java.base + java.sql + org.jooq,false,-
cc.plural,jsonij,0.5.2,-,-,?,-,false,-
com.github.egateam,jrunlist,0.1.6,-,-,?,-,false,-
de.alpharogroup,email-tails,5.0.2,-,-,?,-,false,-
io.github.idolofidles,MysqlORM,1.1.3,-,-,?,-,false,-
io.github.xiaoyudeguang,easy-brancher,3.0.6-RELEASE,-,-,?,-,false,-
io.github.xiaoyudeguang,easy-cache,3.0.6-RELEASE,-,-,?,-,false,-
io.github.xiaoyudeguang,easy-core,3.0.6-RELEASE,-,-,?,-,false,-
io.github.xiaoyudeguang,easy-log,3.0.6-RELEASE,-,-,?,-,false,-
io.github.xiaoyudeguang,easy-mybatis,3.0.6-RELEASE,-,-,?,-,false,-
io.github.xiaoyudeguang,easy-socket,3.0.6-RELEASE,-,-,?,-,false,-
io.github.xiaoyudeguang,easy-swagger,3.0.6-RELEASE,-,-,?,-,false,-
io.github.xiaoyudeguang,easy-trunker,3.0.6-RELEASE,-,-,?,-,false,-
io.github.xiaoyudeguang,easy-web,3.0.6-RELEASE,-,-,?,-,false,-
io.muserver,mu-server,0.16.2,-,-,?,-,false,-
org.rapidpm,rapidpm-dependencies-core,04.00.11-RPM,-,-,?,-,false,-
org.rapidpm,rapidpm-dependencies-core-properties,04.00.11-RPM,-,-,?,-,false,-
