groupId,artifactId,version,moduleName,moduleVersion,moduleMode,moduleDependencies,jdepsToolError,jdepsViolations
com.authlete,authlete-java-jaxrs,2.13,-,-,?,-,false,-
com.github.life-lab,common-exception,0.0.3,-,-,?,-,false,-
com.github.life-lab,common-feign,0.0.3,-,-,?,-,false,-
com.github.life-lab,common-framework,0.0.3,-,-,?,-,false,-
com.github.life-lab,common-jpa,0.0.3,-,-,?,-,false,-
com.github.life-lab,common-model,0.0.3,-,-,?,-,false,-
com.github.life-lab,common-rocketmq,0.0.3,-,-,?,-,false,-
com.github.life-lab,common-utils,0.0.3,-,-,?,-,false,-
com.github.yangjiacheng,spring-data-querydsl-rsql,1.1.0-RELEASE,-,-,?,-,false,-
com.yodo1,hades-helper,0.0.9,-,-,?,-,false,-
io.github.moyada,medivh,1.2.3,-,-,?,-,false,com.sun.tools.javac.code.Attribute       Use javax.tools and javax.lang.model @since 1.6 + com.sun.tools.javac.code.Attribute$Compound Use javax.tools and javax.lang.model @since 1.6 + com.sun.tools.javac.code.Flags           Use javax.tools and javax.lang.model @since 1.6 + com.sun.tools.javac.code.Symbol          Use javax.tools and javax.lang.model @since 1.6 + com.sun.tools.javac.code.Symbol$ClassSymbol Use javax.tools and javax.lang.model @since 1.6 + com.sun.tools.javac.code.Symbol$MethodSymbol Use javax.tools and javax.lang.model @since 1.6 + com.sun.tools.javac.code.Symbol$TypeSymbol Use javax.tools and javax.lang.model @since 1.6 + com.sun.tools.javac.code.Symbol$VarSymbol Use javax.tools and javax.lang.model @since 1.6 + com.sun.tools.javac.code.Type            Use javax.tools and javax.lang.model @since 1.6 + com.sun.tools.javac.code.Types           Use javax.tools and javax.lang.model @since 1.6 + com.sun.tools.javac.main.JavaCompiler    Use javax.tools and javax.lang.model @since 1.6 + com.sun.tools.javac.model.JavacElements  Use javax.tools and javax.lang.model @since 1.6 + com.sun.tools.javac.processing.JavacProcessingEnvironment Use javax.tools and javax.lang.model @since 1.6 + com.sun.tools.javac.tree.JCTree          Use com.sun.source @since 1.6 + com.sun.tools.javac.tree.JCTree$JCAssign Use com.sun.source @since 1.6 + com.sun.tools.javac.tree.JCTree$JCBlock  Use com.sun.source @since 1.6 + com.sun.tools.javac.tree.JCTree$JCClassDecl Use com.sun.source @since 1.6 + com.sun.tools.javac.tree.JCTree$JCExpression Use com.sun.source @since 1.6 + com.sun.tools.javac.tree.JCTree$JCExpressionStatement Use com.sun.source @since 1.6 + com.sun.tools.javac.tree.JCTree$JCFieldAccess Use com.sun.source @since 1.6 + com.sun.tools.javac.tree.JCTree$JCForLoop Use com.sun.source @since 1.6 + com.sun.tools.javac.tree.JCTree$JCIdent  Use com.sun.source @since 1.6 + com.sun.tools.javac.tree.JCTree$JCIf     Use com.sun.source @since 1.6 + com.sun.tools.javac.tree.JCTree$JCLiteral Use com.sun.source @since 1.6 + com.sun.tools.javac.tree.JCTree$JCMethodDecl Use com.sun.source @since 1.6 + com.sun.tools.javac.tree.JCTree$JCMethodInvocation Use com.sun.source @since 1.6 + com.sun.tools.javac.tree.JCTree$JCModifiers Use com.sun.source @since 1.6 + com.sun.tools.javac.tree.JCTree$JCNewClass Use com.sun.source @since 1.6 + com.sun.tools.javac.tree.JCTree$JCPrimitiveTypeTree Use com.sun.source @since 1.6 + com.sun.tools.javac.tree.JCTree$JCReturn Use com.sun.source @since 1.6 + com.sun.tools.javac.tree.JCTree$JCStatement Use com.sun.source @since 1.6 + com.sun.tools.javac.tree.JCTree$JCTypeParameter Use com.sun.source @since 1.6 + com.sun.tools.javac.tree.JCTree$JCVariableDecl Use com.sun.source @since 1.6 + com.sun.tools.javac.tree.JCTree$Visitor  Use com.sun.source @since 1.6 + com.sun.tools.javac.tree.TreeMaker       Use com.sun.source @since 1.6 + com.sun.tools.javac.tree.TreeTranslator  Use com.sun.source @since 1.6 + com.sun.tools.javac.util.Context         Use javax.tools and javax.lang.model @since 1.6 + com.sun.tools.javac.util.List            Use javax.tools and javax.lang.model @since 1.6 + com.sun.tools.javac.util.ListBuffer      Use javax.tools and javax.lang.model @since 1.6 + com.sun.tools.javac.util.Name            Use javax.tools and javax.lang.model @since 1.6 + sun.misc.Unsafe                          See http://openjdk.java.net/jeps/260
nl.talsmasoftware,lazy4j,1.0.1,nl.talsmasoftware.lazy4j,-,explicit,java.base,false,-
org.kquiet,auto-browser,0.1.0,-,-,?,-,false,-
org.terasoluna.gfw.codepoints,terasoluna-gfw-codepoints-jisx0201,5.6.0.RC1,-,-,?,-,false,-
org.terasoluna.gfw.codepoints,terasoluna-gfw-codepoints-jisx0208,5.6.0.RC1,-,-,?,-,false,-
org.terasoluna.gfw.codepoints,terasoluna-gfw-codepoints-jisx0208kanji,5.6.0.RC1,-,-,?,-,false,-
org.terasoluna.gfw.codepoints,terasoluna-gfw-codepoints-jisx0213kanji,5.6.0.RC1,-,-,?,-,false,-
org.terasoluna.gfw,terasoluna-gfw-codepoints,5.6.0.RC1,-,-,?,-,false,-
org.terasoluna.gfw,terasoluna-gfw-common,5.6.0.RC1,-,-,?,-,false,-
org.terasoluna.gfw,terasoluna-gfw-jodatime,5.6.0.RC1,-,-,?,-,false,-
org.terasoluna.gfw,terasoluna-gfw-security-web,5.6.0.RC1,-,-,?,-,false,-
org.terasoluna.gfw,terasoluna-gfw-string,5.6.0.RC1,-,-,?,-,false,-
org.terasoluna.gfw,terasoluna-gfw-validator,5.6.0.RC1,-,-,?,-,false,-
org.terasoluna.gfw,terasoluna-gfw-web,5.6.0.RC1,-,-,?,-,false,-
org.terasoluna.gfw,terasoluna-gfw-web-jsp,5.6.0.RC1,-,-,?,-,false,-
tech.simter,simter-rest-jaxrs-jersey,1.0.0,-,-,?,-,false,-
tech.simter,simter-security,1.0.0,-,-,?,-,false,-
tech.simter,simter-template,1.0.0,-,-,?,-,false,-
