groupId,artifactId,version,moduleName,moduleVersion,moduleMode,moduleDependencies,jdepsToolError,jdepsViolations
be.yildiz-games,engine-server,1.0.3,be.yildizgames.engine.server,-,explicit,be.yildizgames.common.authentication + be.yildizgames.common.exception + be.yildizgames.common.gameobject + be.yildizgames.common.geometry + be.yildizgames.common.logging + be.yildizgames.common.mapping + be.yildizgames.common.model + be.yildizgames.common.shape + be.yildizgames.common.util + be.yildizgames.engine.shared + be.yildizgames.module.messaging + be.yildizgames.module.network + be.yildizgames.module.physics + java.base + slf4j.api,false,-
be.yildiz-games,module-messaging-activemq,1.0.3,-,-,?,-,false,-
com.elo7,secor,0.27.1,-,-,?,-,false,-
com.github.phisgr,gatling-grpc_2.12,0.2.0,-,-,?,-,false,-
io.github.moacchain,abi,0.1.0,-,-,?,-,false,-
io.github.moacchain,codegen,0.1.0,-,-,?,-,false,-
io.github.moacchain,console,0.1.0,-,-,?,-,false,-
io.github.moacchain,core,0.1.0,-,-,?,-,false,-
io.github.moacchain,crypto,0.1.0,-,-,?,-,false,-
io.github.moacchain,moac,0.1.0,-,-,?,-,false,-
io.github.moacchain,rlp,0.1.0,-,-,?,-,false,-
io.github.moacchain,tuples,0.1.0,-,-,?,-,false,-
io.github.moacchain,utils,0.1.0,-,-,?,-,false,-
org.reactivecommons,async-commons,0.0.5-beta2,-,-,?,-,false,-
org.reactivecommons,async-commons-api,0.0.5-beta2,-,-,?,-,false,-
org.reactivecommons,async-commons-standalone,0.0.5-beta2,-,-,?,-,false,-
org.reactivecommons,async-commons-starter,0.0.5-beta2,-,-,?,-,false,-
org.reactivecommons,domain-events-api,0.0.5-beta2,-,-,?,-,false,-
org.reactivecommons.utils,object-mapper,0.0.5-beta2,-,-,?,-,false,-
org.reaktivity,nukleus-tls,0.79,-,-,?,-,false,-
