groupId,artifactId,version,moduleName,moduleVersion,moduleMode,moduleDependencies,jdepsToolError,jdepsViolations
io.github.magic-core,easy-poi,2.0.0,-,-,?,-,false,-
io.github.scambon,io.github.scambon.cliwrapper4j,0.2.0,io.github.scambon.cliwrapper4j,-,automatic,-,false,-
io.scalecube,scalecube-app-utils,0.0.4,-,-,?,-,false,-
io.xream.x7,spring-boot-starter-x7,1.5.8.RELEASE,-,-,?,-,false,-
io.xream.x7,x7-config,1.5.8.RELEASE,-,-,?,-,false,-
io.xream.x7,x7-core,1.5.8.RELEASE,-,-,?,-,false,-
io.xream.x7,x7-repository,1.5.8.RELEASE,-,-,?,-,false,-
org.sqlproc,sql-processor,3.3.6,-,-,?,-,false,-
org.sqlproc,sql-processor-beans,3.3.6,-,-,?,-,false,-
org.sqlproc,sql-processor-hibernate,3.3.6,-,-,?,-,false,-
org.sqlproc,sql-processor-spring,3.3.6,-,-,?,-,false,-
