groupId,artifactId,version,moduleName,moduleVersion,moduleMode,moduleDependencies,jdepsToolError,jdepsViolations
com.aliyun,aliyun-java-sdk-partnerintl,1.0.0,-,-,?,-,false,-
com.assist4j,assist4j-core,1.1.16,-,-,?,-,false,-
com.assist4j,assist4j-dao,1.1.16,-,-,?,-,false,-
com.assist4j,assist4j-data,1.1.16,-,-,?,-,false,-
com.assist4j,assist4j-http,1.1.16,-,-,?,-,false,-
com.assist4j,assist4j-schedule,1.1.16,-,-,?,-,false,-
com.assist4j,assist4j-sequence,1.1.16,-,-,?,-,false,-
com.assist4j,assist4j-session,1.1.16,-,-,?,-,false,-
com.assist4j,assist4j-web,1.1.16,-,-,?,-,false,-
com.assist4j.boot,assist4j-spring-boot-starter,1.1.16,-,-,?,-,false,-
com.graphql-java,graphql-java,2019-01-02T07-00-24-b2bcb40,-,-,?,-,false,-
io.github.firefang,power-common,0.0.1,-,-,?,-,false,-
io.github.firefang,power-starter-exception,0.0.1,-,-,?,-,false,-
io.github.firefang,power-starter-login,0.0.1,-,-,?,-,false,-
io.github.firefang,power-starter-mybatis,0.0.1,-,-,?,-,false,-
io.github.firefang,power-starter-mybatis-page,0.0.1,-,-,?,-,false,-
io.github.firefang,power-starter-permission,0.0.1,-,-,?,-,false,-
io.github.firefang,power-starter-transaction,0.0.1,-,-,?,-,false,-
io.github.firefang,power-starter-web,0.0.1,-,-,?,-,false,-
org.infinitenature,bde,0.5.1,-,-,?,-,false,-
org.smartrplace.logging,fendodb-admin-api,0.1.0,-,-,?,-,false,-
org.smartrplace.logging,fendodb-api,0.1.0,-,-,?,-,false,-
org.smartrplace.logging,fendodb-core,0.1.0,-,-,?,-,false,-
org.smartrplace.logging,fendodb-grafana,0.1.0,-,-,?,-,false,-
org.smartrplace.logging,fendodb-grafana-config,0.1.0,-,-,?,-,false,-
org.smartrplace.logging,fendodb-grafana-ogema-config,0.1.0,-,-,?,-,false,-
org.smartrplace.logging,fendodb-grafana-server-config,0.1.0,-,-,?,-,false,-
org.smartrplace.logging,fendodb-influx-connector,0.1.0,-,-,?,-,false,-
org.smartrplace.logging,fendodb-ogema-context,0.1.0,-,-,?,-,false,-
org.smartrplace.logging,fendodb-ogema-tagging,0.1.0,-,-,?,-,false,-
org.smartrplace.logging,fendodb-reader,0.1.0,-,-,?,-,false,sun.misc.Unsafe                          See http://openjdk.java.net/jeps/260
org.smartrplace.logging,fendodb-recordeddata-wrapper,0.1.0,-,-,?,-,false,-
org.smartrplace.logging,fendodb-rest,0.1.0,-,-,?,-,false,-
org.smartrplace.logging,fendodb-source,0.1.0,-,-,?,-,false,-
org.smartrplace.logging,fendodb-tools,0.1.0,-,-,?,-,false,-
org.smartrplace.logging,fendodb-viz,0.1.0,-,-,?,-,false,-
org.smartrplace.tools,smartrplace-servlet-api,0.0.1,-,-,?,-,false,-
org.smartrplace.tools,smartrplace-servlet-context,0.0.1,-,-,?,-,false,-
org.smartrplace.tools,smartrplace-servlet-context-test,0.0.1,-,-,?,-,false,-
