groupId,artifactId,version,moduleName,moduleVersion,moduleMode,moduleDependencies,jdepsToolError,jdepsViolations
cn.yukonga,yrpc-spring-boot-starter,1.0.RELEASE,-,-,?,-,false,-
com.adobe.api.platform,launchpad,1.3.6,-,-,?,-,false,-
com.adobe.api.platform,launchpad-test-support,1.3.6,-,-,?,-,false,-
com.anaplan.engineering,vdm-pretty-printer,2.6.4,-,-,?,-,false,-
com.baomidou,dynamic-datasource-spring-boot-starter,2.5.0,-,-,?,-,false,-
com.coveo,fmt-maven-plugin,2.7,-,-,?,-,false,-
com.dynatrace.tools,android,7.2.3.1251,-,-,?,-,false,-
com.emarsys,permission-system-scala-sdk_2.12,2.0.0,-,-,?,-,false,-
com.ethlo.lamebda,lamebda-core,0.4.0,-,-,?,-,false,-
com.ethlo.lamebda,lamebda-servlet,0.4.0,-,-,?,-,false,-
com.ethlo.lamebda,lamebda-springmvc,0.4.0,-,-,?,-,false,-
com.ethlo.lamebda,lamebda-spring-web-starter,0.4.0,-,-,?,-,false,-
com.scireum,sirius-db,5.0.3,-,-,?,-,false,-
com.snowplowanalytics,scala-referer-parser_2.11,0.5.0,-,-,?,-,false,-
com.snowplowanalytics,scala-referer-parser_2.12,0.5.0,-,-,?,-,false,-
com.surenpi.autotest,autotest.web.framework.archetype,2.0.2,-,-,?,-,false,-
com.trivago.rta,cluecumber-report-plugin,1.6.3,-,-,?,-,false,-
com.typesafe.play,play-omnidoc_2.11,2.7.0-RC8,-,-,?,-,false,-
com.typesafe.play,play-omnidoc_2.12,2.7.0-RC8,-,-,?,-,false,-
com.yubico,u2flib-server-attestation,0.19.2,-,-,?,-,false,-
com.yubico,u2flib-server-core,0.19.2,-,-,?,-,false,-
com.yubico,u2flib-server-demo,0.19.2,-,-,?,-,false,-
de.hbt.propertyname,propertyname,1.0.1,-,-,?,-,false,-
info.scce,addlib,2.0.8-BETA,-,-,?,-,false,-
io.github.scalapb-json,scalapb-json-common_2.11,0.4.1,-,-,?,-,false,-
io.github.scalapb-json,scalapb-json-common_2.12,0.4.1,-,-,?,-,false,-
io.github.scalapb-json,scalapb-json-common_native0.3_2.11,0.4.1,-,-,?,-,false,-
io.github.scalapb-json,scalapb-json-common_sjs0.6_2.11,0.4.1,-,-,?,-,false,-
io.github.scalapb-json,scalapb-json-common_sjs0.6_2.12,0.4.1,-,-,?,-,false,-
io.github.scalapb-json,scalapb-json-macros_2.11,0.4.1,-,-,?,-,false,-
io.github.scalapb-json,scalapb-json-macros_2.12,0.4.1,-,-,?,-,false,-
io.github.scalapb-json,scalapb-json-macros-java_2.11,0.4.1,-,-,?,-,false,-
io.github.scalapb-json,scalapb-json-macros-java_2.12,0.4.1,-,-,?,-,false,-
io.thorntail,cassandra-config-api,1.6.1,-,-,?,-,false,-
io.thorntail,keycloak-client-config-api,1.6.2,-,-,?,-,false,-
io.thorntail,keycloak-server-config-api,1.6.2,-,-,?,-,false,-
io.thorntail,microprofile-config-wildfly-config-api,1.6.1,-,-,?,-,false,-
io.thorntail,microprofile-config-wildfly-dist,1.6.1,-,-,?,-,false,-
io.thorntail,microprofile-config-wildfly-extension,1.6.1,-,-,?,-,false,-
io.thorntail,microprofile-config-wildfly-testsuite-wildfly,1.6.1,-,-,?,-,false,-
io.thorntail,mongo-config-api,1.6.1,-,-,?,-,false,-
io.thorntail,neo4j-config-api,1.6.1,-,-,?,-,false,-
io.thorntail,orientdb-config-api,1.6.1,-,-,?,-,false,-
link.bek.tools,issue-keeper-base,2.6.0,-,-,?,-,false,-
link.bek.tools,issue-keeper-junit,4.12.5,-,-,?,-,false,-
net.skobow,oauth2-restclient,0.3.0,-,-,?,-,false,-
net.skobow,oauth2-restclient-spring-boot-autoconfigure,0.3.0,-,-,?,-,false,-
net.skobow,oauth2-restclient-spring-boot-starter,0.3.0,-,-,?,-,false,-
org.cloudsimplus,cloudsim-plus,4.0.6,-,-,?,-,false,-
org.scanamo,scanamo_2.12,1.0.0-M9,-,-,?,-,false,-
org.scanamo,scanamo-alpakka_2.12,1.0.0-M9,-,-,?,-,false,-
org.scanamo,scanamo-cats-effect_2.12,1.0.0-M9,-,-,?,-,false,-
org.scanamo,scanamo-formats_2.12,1.0.0-M9,-,-,?,-,false,-
org.scanamo,scanamo-joda_2.12,1.0.0-M9,-,-,?,-,false,-
org.scanamo,scanamo-refined_2.12,1.0.0-M9,-,-,?,-,false,-
org.scanamo,scanamo-scalaz_2.12,1.0.0-M9,-,-,?,-,false,-
org.scanamo,scanamo-scalaz-zio_2.12,1.0.0-M9,-,-,?,-,false,-
org.scanamo,scanamo-testkit_2.12,1.0.0-M9,-,-,?,-,false,-
org.scanamo,scanamo-time_2.12,1.0.0-M9,-,-,?,-,false,-
