groupId,artifactId,version,moduleName,moduleVersion,moduleMode,moduleDependencies,jdepsToolError,jdepsViolations
com.epam.jdi,jdi-light,1.0.25,-,-,?,-,false,sun.reflect.generics.reflectiveObjects.NotImplementedException Removed. See http://openjdk.java.net/jeps/260
com.epam.jdi,jdi-light-html,1.0.25,-,-,?,-,false,-
com.epam.jdi.tools,jdi-light-saber,2.0.41,-,-,?,-,false,-
com.github.stefvanschie.inventoryframework,IF,0.3.2,-,-,?,-,false,-
io.aeron,aeron-agent,1.14.0,-,-,?,-,false,-
io.aeron,aeron-all,1.14.0,net.bytebuddy,-,explicit,java.base + java.instrument + jdk.unsupported + net.bytebuddy.agent,false,-
io.aeron,aeron-archive,1.14.0,-,-,?,-,false,-
io.aeron,aeron-client,1.14.0,-,-,?,-,false,sun.misc.Unsafe                          See http://openjdk.java.net/jeps/260
io.aeron,aeron-cluster,1.14.0,-,-,?,-,false,-
io.aeron,aeron-driver,1.14.0,-,-,?,-,false,sun.misc.Unsafe                          See http://openjdk.java.net/jeps/260
io.aeron,aeron-samples,1.14.0,-,-,?,-,false,sun.misc.Unsafe                          See http://openjdk.java.net/jeps/260
io.aeron,aeron-system-tests,1.14.0,-,-,?,-,false,-
net.objectlab.kit,datecalc-common,1.4.1,net.objectlab.kit.datecalc.common,-,automatic,-,false,-
net.objectlab.kit,datecalc-jdk,1.4.1,net.objectlab.kit.datecalc.jdk,-,automatic,-,false,-
net.objectlab.kit,datecalc-jdk8,1.4.1,net.objectlab.kit.datecalc.jdk8,-,automatic,-,false,-
net.objectlab.kit,datecalc-jdk8-osgi,1.4.1,net.objectlab.kit,-,automatic,-,false,-
net.objectlab.kit,datecalc-jdk-osgi,1.4.1,net.objectlab.kit,-,automatic,-,false,-
net.objectlab.kit,datecalc-joda,1.4.1,net.objectlab.kit.datecalc.joda,-,automatic,-,false,-
net.objectlab.kit,datecalc-joda-osgi,1.4.1,net.objectlab.kit,-,automatic,-,false,-
net.objectlab.kit,objectlab-fxcalc,1.4.1,net.objectlab.kit,-,automatic,-,false,-
net.objectlab.kit,objectlab-fxcalc-osgi,1.4.1,net.objectlab.kit,-,automatic,-,false,-
net.objectlab.kit,objectlab-portfolio,1.4.1,net.objectlab.kit,-,automatic,-,false,-
net.objectlab.kit,objectlab-utils,1.4.1,net.objectlab.kit,-,automatic,-,false,-
net.objectlab.kit,objectlab-utils-excel,1.4.1,net.objectlab.kit,-,automatic,-,false,-
net.objectlab.kit,objectlab-utils-osgi,1.4.1,net.objectlab.kit,-,automatic,-,false,-
net.objectlab.kit,objectlab-utils-report,1.4.1,net.objectlab.kit,-,automatic,-,false,-
org.agrona,agrona,0.9.29,-,-,?,-,false,sun.misc.Signal                          See http://openjdk.java.net/jeps/260 + sun.misc.SignalHandler                   See http://openjdk.java.net/jeps/260 + sun.misc.Unsafe                          See http://openjdk.java.net/jeps/260
org.agrona,agrona-agent,0.9.29,-,-,?,-,false,-
org.openhubframework,openhub-admin-console,2.1.0,-,-,?,-,false,-
org.openhubframework,openhub-common,2.1.0,-,-,?,-,false,-
org.openhubframework,openhub-components,2.1.0,-,-,?,-,false,-
org.openhubframework,openhub-core,2.1.0,-,-,?,-,false,-
org.openhubframework,openhub-core-api,2.1.0,-,-,?,-,false,-
org.openhubframework,openhub-core-spi,2.1.0,-,-,?,-,false,-
org.openhubframework,openhub-examples,2.1.0,-,-,?,-,false,-
org.openhubframework,openhub-test,2.1.0,-,-,?,-,false,-
org.openhubframework,openhub-web,2.1.0,-,-,?,-,false,-
uk.co.real-logic,sbe-all,1.10.2,-,-,?,-,false,sun.misc.Signal                          See http://openjdk.java.net/jeps/260 + sun.misc.SignalHandler                   See http://openjdk.java.net/jeps/260 + sun.misc.Unsafe                          See http://openjdk.java.net/jeps/260
uk.co.real-logic,sbe-benchmarks,1.10.2,-,-,?,-,false,-
uk.co.real-logic,sbe-samples,1.10.2,-,-,?,-,false,-
uk.co.real-logic,sbe-tool,1.10.2,-,-,?,-,false,-
