groupId,artifactId,version,moduleName,moduleVersion,moduleMode,moduleDependencies,jdepsToolError,jdepsViolations
com.alibaba.calcite,calcite-core,1.17.0-flink-r2,-,-,?,-,false,-
com.alipay.sofa,hessian,4.0.1,-,-,?,-,false,sun.misc.Unsafe                          See http://openjdk.java.net/jeps/260
com.github.kenwdelong,stability-utils,1.7.3,-,-,?,-,false,-
com.liferay,com.liferay.gradle.plugins,3.12.49,-,-,?,-,false,-
com.liferay,com.liferay.gradle.plugins.defaults,5.5.98,-,-,?,-,false,-
com.liferay,com.liferay.gradle.plugins.source.formatter,2.3.256,-,-,?,-,false,-
com.liferay,com.liferay.gradle.plugins.workspace,1.7.1,-,-,?,-,false,-
com.liferay,com.liferay.petra.json.web.service.client,1.3.3,-,-,?,-,false,-
com.liferay,com.liferay.source.formatter,1.0.656,-,-,?,-,false,-
com.visionarts,masking-json,0.9.13,-,-,?,-,false,-
com.visionarts,power-jambda-core,0.9.13,-,-,?,-,false,-
com.visionarts,power-jambda-events,0.9.13,-,-,?,-,false,-
io.choerodon,choerodon-gitlab4j-api,0.9.0.RELEASE,-,-,?,-,false,-
io.choerodon,choerodon-liquibase,0.9.0.RELEASE,-,-,?,-,false,-
io.choerodon,choerodon-starter-asgard,0.9.0.RELEASE,-,-,?,-,false,-
io.choerodon,choerodon-starter-config-client,0.9.0.RELEASE,-,-,?,-,false,-
io.choerodon,choerodon-starter-core,0.9.0.RELEASE,-,-,?,-,false,-
io.choerodon,choerodon-starter-eureka-event,0.9.0.RELEASE,-,-,?,-,false,-
io.choerodon,choerodon-starter-feign-replay,0.9.0.RELEASE,-,-,?,-,false,-
io.choerodon,choerodon-starter-hitoa,0.9.0.RELEASE,-,-,?,-,false,-
io.choerodon,choerodon-starter-mybatis-mapper,0.9.0.RELEASE,-,-,?,-,false,-
io.choerodon,choerodon-starter-oauth-core,0.9.0.RELEASE,-,-,?,-,false,-
io.choerodon,choerodon-starter-oauth-resource,0.9.0.RELEASE,-,-,?,-,false,-
io.choerodon,choerodon-starter-statemachine,0.9.0.RELEASE,-,-,?,-,false,-
io.choerodon,choerodon-starter-swagger,0.9.0.RELEASE,-,-,?,-,false,-
io.choerodon,choerodon-tool-config,0.9.0.RELEASE,-,-,?,-,false,-
io.choerodon,choerodon-tool-liquibase,0.9.0.RELEASE,-,-,?,-,false,-
io.choerodon,choerodon-websocket-helper,0.9.0.RELEASE,-,-,?,-,false,-
tech.simter,simter-jwt,1.0.0,-,-,?,-,false,-
tech.simter,simter-jxls-ext,1.0.0,-,-,?,-,false,-
