groupId,artifactId,version,moduleName,moduleVersion,moduleMode,moduleDependencies,jdepsToolError,jdepsViolations
com.github.saphyra,converter,1.0.0,-,-,?,-,false,-
de.bwaldvogel,mongo-java-server,1.11.0,-,-,?,-,false,-
de.bwaldvogel,mongo-java-server-core,1.11.0,-,-,?,-,false,-
de.bwaldvogel,mongo-java-server-h2-backend,1.11.0,-,-,?,-,false,-
de.bwaldvogel,mongo-java-server-memory-backend,1.11.0,-,-,?,-,false,-
de.bwaldvogel,mongo-java-server-postgresql-backend,1.11.0,-,-,?,-,false,-
de.bwaldvogel,mongo-java-server-test-common,1.11.0,-,-,?,-,false,-
io.baltoro,client-lib,4.0.7,-,-,?,-,false,-
org.trellisldp.ext,camel-ldp-elasticsearch,0.1.0,org.trellisldp.ext.elasticsearch,-,automatic,-,false,-
org.trellisldp.ext,camel-ldp-karaf,0.1.0,-,-,?,-,false,-
org.trellisldp.ext,camel-ldp-ldpath,0.1.0,org.trellisldp.ext.ldpath,-,automatic,-,false,-
org.trellisldp.ext,camel-ldp-triplestore,0.1.0,org.trellisldp.ext.triplestore,-,automatic,-,false,-
org.trellisldp.ext,camel-ldp-websub,0.1.0,org.trellisldp.ext.websub,-,automatic,-,false,-
