groupId,artifactId,version,moduleName,moduleVersion,moduleMode,moduleDependencies,jdepsToolError,jdepsViolations
ai.preferred,venom,4.1.1-SNAPHSOT,-,-,?,-,false,-
cd.go.plugin,go-plugin-api-experimental,19.1.0-8308,-,-,?,-,false,-
cn.minsin,mutils-alipay,0.1.9,-,-,?,-,false,-
cn.minsin,mutils-core,0.1.9,-,-,?,-,false,-
cn.minsin,mutils-dianwoda,0.1.9,-,-,?,-,false,-
cn.minsin,mutils-excel,0.1.9,-,-,?,-,false,-
cn.minsin,mutils-file,0.1.9,-,-,?,-,false,-
cn.minsin,mutils-file-server,0.1.9,-,-,?,-,false,-
cn.minsin,mutils-kuaidi100,0.1.9,-,-,?,-,false,-
cn.minsin,mutils-spring-boot-autoconfigure,0.1.9,-,-,?,-,false,-
cn.minsin,mutils-spring-boot-starter,0.1.9,-,-,?,-,false,-
cn.minsin,mutils-wechat-miniprogram,0.1.9,-,-,?,-,false,-
cn.minsin,mutils-wechat-wechatpay-core,0.1.9,-,-,?,-,false,-
cn.minsin,mutils-yiketong,0.1.9,-,-,?,-,false,-
com.bbossgroups.plugins,bboss-elasticsearch,5.3.0,-,-,?,-,false,-
com.bbossgroups.plugins,bboss-elasticsearch-rest,5.3.0,-,-,?,-,false,-
com.bbossgroups.plugins,bboss-elasticsearch-rest-booter,5.3.0,-,-,?,-,false,-
com.bbossgroups.plugins,bboss-elasticsearch-rest-jdbc,5.3.0,-,-,?,-,false,-
com.bbossgroups.plugins,bboss-elasticsearch-spring-boot-starter,5.3.0,-,-,?,-,false,-
com.bystr.stemkit,stemkit-bdd,0.0.2,-,-,?,-,false,-
com.bystr.stemkit,stemkit-i18n,0.0.2,-,-,?,-,false,-
com.bystr.stemkit,stemkit-util,0.0.2,-,-,?,-,false,-
com.bystr.stemkit,stemkit-web,0.0.2,-,-,?,-,false,-
com.gitee.wangxinhome,poi-plugin,1.0.9,-,-,?,-,false,-
com.jdkhome.blzo,blzo-ex-authj,0.0.10.RELEASE,-,-,?,-,false,-
com.jdkhome.blzo,blzo-ex-basic,0.0.10.RELEASE,-,-,?,-,false,-
com.jdkhome.blzo,blzo-ex-ip2region,0.0.10.RELEASE,-,-,?,-,false,-
com.jdkhome.blzo,blzo-ex-redission,0.0.10.RELEASE,-,-,?,-,false,-
com.jdkhome.blzo,blzo-ex-usignin,0.0.10.RELEASE,-,-,?,-,false,-
com.jdkhome.blzo,blzo-ex-utils,0.0.10.RELEASE,-,-,?,-,false,-
com.jdkhome.blzo,blzo-ex-version,0.0.10.RELEASE,-,-,?,-,false,-
com.sinsz,spring-boot-starter-sinsz-pay,0.0.3,-,-,?,-,false,-
com.typesafe.akka,akka-http_2.13.0-M5,10.1.7,akka.http,-,automatic,-,false,-
com.typesafe.akka,akka-http-caching_2.13.0-M5,10.1.7,akka.http.caching,-,automatic,-,false,-
com.typesafe.akka,akka-http-jackson_2.13.0-M5,10.1.7,akka.http.marshallers.jackson,-,automatic,-,false,-
com.typesafe.akka,akka-http-spray-json_2.13.0-M5,10.1.7,akka.http.marshallers.sprayjson,-,automatic,-,false,-
com.typesafe.akka,akka-http-testkit_2.13.0-M5,10.1.7,akka.http.testkit,-,automatic,-,false,-
com.typesafe.akka,akka-http-xml_2.13.0-M5,10.1.7,akka.http.marshallers.scalaxml,-,automatic,-,false,-
com.yahoo.vespa,annotations,6.327.49,-,-,?,-,false,-
com.yahoo.vespa,application,6.327.49,-,-,?,-,false,-
com.yahoo.vespa,application-deploy-plugin,6.327.49,-,-,?,-,false,-
com.yahoo.vespa,application-model,6.327.49,-,-,?,-,false,-
com.yahoo.vespa,application-preprocessor,6.327.49,-,-,?,-,false,-
com.yahoo.vespa,athenz-identity-provider-service,6.327.49,-,-,?,-,false,-
com.yahoo.vespa,bundle-plugin,6.327.49,-,-,?,-,false,-
com.yahoo.vespa,bundle-plugin-test,6.327.49,-,-,?,-,false,-
com.yahoo.vespa,chain,6.327.49,-,-,?,-,false,-
com.yahoo.vespa,clustercontroller-apps,6.327.49,-,-,?,-,false,-
com.yahoo.vespa,clustercontroller-apputil,6.327.49,-,-,?,-,false,-
com.yahoo.vespa,clustercontroller-core,6.327.49,-,-,?,-,false,-
com.yahoo.vespa,clustercontroller-standalone,6.327.49,-,-,?,-,false,-
com.yahoo.vespa,clustercontroller-utils,6.327.49,-,-,?,-,false,-
com.yahoo.vespa,component,6.327.49,-,-,?,-,false,-
com.yahoo.vespa,config,6.327.49,-,-,?,-,false,-
com.yahoo.vespa,config-application-package,6.327.49,-,-,?,-,false,-
com.yahoo.vespa,config-bundle,6.327.49,-,-,?,-,false,-
com.yahoo.vespa,config-class-plugin,6.327.49,-,-,?,-,false,-
com.yahoo.vespa,configdefinitions,6.327.49,-,-,?,-,false,-
com.yahoo.vespa,configgen,6.327.49,-,-,?,-,false,-
com.yahoo.vespa,config-lib,6.327.49,-,-,?,-,false,-
com.yahoo.vespa,config-model,6.327.49,-,-,?,-,false,-
com.yahoo.vespa,config-model-api,6.327.49,-,-,?,-,false,-
com.yahoo.vespa,config-model-fat,6.327.49,-,-,?,-,false,-
com.yahoo.vespa,config-provisioning,6.327.49,-,-,?,-,false,-
com.yahoo.vespa,config-proxy,6.327.49,-,-,?,-,false,-
com.yahoo.vespa,configserver,6.327.49,-,-,?,-,false,-
com.yahoo.vespa,configserver-flags,6.327.49,-,-,?,-,false,-
com.yahoo.vespa,container,6.327.49,-,-,?,-,false,-
com.yahoo.vespa,container-accesslogging,6.327.49,-,-,?,-,false,-
com.yahoo.vespa,container-core,6.327.49,-,-,?,-,false,-
com.yahoo.vespa,container-dev,6.327.49,-,-,?,-,false,-
com.yahoo.vespa,container-di,6.327.49,-,-,?,-,false,-
com.yahoo.vespa,container-disc,6.327.49,-,-,?,-,false,-
com.yahoo.vespa,container-integration-test,6.327.49,-,-,?,-,false,-
com.yahoo.vespa,container-jersey2,6.327.49,-,-,?,-,false,-
com.yahoo.vespa,container-messagebus,6.327.49,-,-,?,-,false,-
com.yahoo.vespa,container-search,6.327.49,-,-,?,-,false,-
com.yahoo.vespa,container-search-and-docproc,6.327.49,-,-,?,-,false,-
com.yahoo.vespa,container-search-gui,6.327.49,-,-,?,-,false,-
com.yahoo.vespa,container-test,6.327.49,-,-,?,-,false,-
com.yahoo.vespa,controller-api,6.327.49,-,-,?,-,false,-
com.yahoo.vespa,controller-server,6.327.49,-,-,?,-,false,-
com.yahoo.vespa,defaults,6.327.49,-,-,?,-,false,-
com.yahoo.vespa,docker-api,6.327.49,-,-,?,-,false,-
com.yahoo.vespa,docproc,6.327.49,-,-,?,-,false,-
com.yahoo.vespa,docprocs,6.327.49,-,-,?,-,false,-
com.yahoo.vespa,document,6.327.49,-,-,?,-,false,-
com.yahoo.vespa,documentapi,6.327.49,-,-,?,-,false,-
com.yahoo.vespa,fileacquirer,6.327.49,-,-,?,-,false,-
com.yahoo.vespa,filedistribution,6.327.49,-,-,?,-,false,-
com.yahoo.vespa,flags,6.327.49,-,-,?,-,false,-
com.yahoo.vespa,fsa,6.327.49,-,-,?,-,false,-
com.yahoo.vespa,indexinglanguage,6.327.49,-,-,?,-,false,-
com.yahoo.vespa,jaxrs_client_utils,6.327.49,-,-,?,-,false,-
com.yahoo.vespa,jaxrs_utils,6.327.49,-,-,?,-,false,-
com.yahoo.vespa,jdisc_core,6.327.49,-,-,?,-,false,-
com.yahoo.vespa,jdisc_http_service,6.327.49,-,-,?,-,false,-
com.yahoo.vespa,jdisc_jetty,6.327.49,-,-,?,-,false,-
com.yahoo.vespa,jdisc_messagebus_service,6.327.49,-,-,?,-,false,-
com.yahoo.vespa,jdisc-security-filters,6.327.49,-,-,?,-,false,-
com.yahoo.vespa,jrt,6.327.49,-,-,?,-,false,-
com.yahoo.vespa,linguistics,6.327.49,-,-,?,-,false,-
com.yahoo.vespa,logd,6.327.49,-,-,?,-,false,-
com.yahoo.vespa,logserver,6.327.49,-,-,?,-,false,-
com.yahoo.vespa,messagebus,6.327.49,-,-,?,-,false,-
com.yahoo.vespa,messagebus-disc,6.327.49,-,-,?,-,false,-
com.yahoo.vespa,metrics,6.327.49,-,-,?,-,false,-
com.yahoo.vespa,model-evaluation,6.327.49,-,-,?,-,false,-
com.yahoo.vespa,model-integration,6.327.49,-,-,?,-,false,-
com.yahoo.vespa,node-admin,6.327.49,-,-,?,-,false,-
com.yahoo.vespa,node-maintainer,6.327.49,-,-,?,-,false,-
com.yahoo.vespa,node-repository,6.327.49,-,-,?,-,false,-
com.yahoo.vespa,orchestrator,6.327.49,-,-,?,-,false,-
com.yahoo.vespa,orchestrator-restapi,6.327.49,-,-,?,-,false,-
com.yahoo.vespa,predicate-search,6.327.49,-,-,?,-,false,-
com.yahoo.vespa,predicate-search-core,6.327.49,-,-,?,-,false,-
com.yahoo.vespa,processing,6.327.49,-,-,?,-,false,-
com.yahoo.vespa,provided-dependencies,6.327.49,-,-,?,-,false,-
com.yahoo.vespa,searchcore,6.327.49,-,-,?,-,false,-
com.yahoo.vespa,searchlib,6.327.49,-,-,?,-,false,-
com.yahoo.vespa,searchsummary,6.327.49,-,-,?,-,false,-
com.yahoo.vespa,security-utils,6.327.49,-,-,?,-,false,-
com.yahoo.vespa,service-monitor,6.327.49,-,-,?,-,false,-
com.yahoo.vespa,serviceview,6.327.49,-,-,?,-,false,-
com.yahoo.vespa,simplemetrics,6.327.49,-,-,?,-,false,-
com.yahoo.vespa,standalone-container,6.327.49,-,-,?,-,false,-
com.yahoo.vespa,statistics,6.327.49,-,-,?,-,false,-
com.yahoo.vespa,storage,6.327.49,-,-,?,-,false,-
com.yahoo.vespa,tenant-cd,6.327.49,-,-,?,-,false,-
com.yahoo.vespa,testutil,6.327.49,-,-,?,-,false,-
com.yahoo.vespa,vdslib,6.327.49,-,-,?,-,false,-
com.yahoo.vespa,vespa-application-maven-plugin,6.327.49,-,-,?,-,false,-
com.yahoo.vespa,vespa-athenz,6.327.49,-,-,?,-,false,-
com.yahoo.vespa,vespaclient-container-plugin,6.327.49,-,-,?,-,false,-
com.yahoo.vespa,vespaclient-core,6.327.49,-,-,?,-,false,-
com.yahoo.vespa,vespaclient-java,6.327.49,-,-,?,-,false,-
com.yahoo.vespa,vespa-documentgen-plugin,6.327.49,-,-,?,-,false,-
com.yahoo.vespa,vespa_feed_perf,6.327.49,-,-,?,-,false,-
com.yahoo.vespa,vespa-hadoop,6.327.49,-,-,?,-,false,sun.misc.Unsafe                          See http://openjdk.java.net/jeps/260
com.yahoo.vespa,vespa-http-client,6.327.49,-,-,?,-,false,-
com.yahoo.vespa,vespajlib,6.327.49,-,-,?,-,false,-
com.yahoo.vespa,vespalog,6.327.49,-,-,?,-,false,-
com.yahoo.vespa,vsm,6.327.49,-,-,?,-,false,-
com.yahoo.vespa,yolean,6.327.49,-,-,?,-,false,-
com.yahoo.vespa,zkfacade,6.327.49,-,-,?,-,false,-
fr.brouillard.oss,jgitver-maven-plugin,1.4.5,-,-,?,-,false,-
io.grisu,pojo,1.0.1,-,-,?,-,false,-
io.xream.x7,spring-boot-starter-x7,1.5.9.RELEASE,-,-,?,-,false,-
io.xream.x7,x7-config,1.5.9.RELEASE,-,-,?,-,false,-
io.xream.x7,x7-core,1.5.9.RELEASE,-,-,?,-,false,-
io.xream.x7,x7-repository,1.5.9.RELEASE,-,-,?,-,false,-
org.openjfx,javafx-base,12-ea+7,javafx.baseEmpty,-,automatic,-,false,-
org.openjfx,javafx-controls,12-ea+7,javafx.controlsEmpty,-,automatic,-,false,-
org.openjfx,javafx-fxml,12-ea+7,javafx.fxmlEmpty,-,automatic,-,false,-
org.openjfx,javafx-graphics,12-ea+7,javafx.graphicsEmpty,-,automatic,-,false,-
org.openjfx,javafx-media,12-ea+7,javafx.mediaEmpty,-,automatic,-,false,-
org.openjfx,javafx-swing,12-ea+7,javafx.swingEmpty,-,automatic,-,false,-
org.openjfx,javafx-web,12-ea+7,javafx.webEmpty,-,automatic,-,false,-
org.tentackle,fixprefs,8.2.2.0,-,-,?,-,false,-
org.tentackle,tentackle-build-support,11.2.3.0,-,-,?,-,false,-
org.tentackle,tentackle-check-maven-plugin,11.2.3.0,-,-,?,-,false,-
org.tentackle,tentackle-common,11.2.3.0,org.tentackle.common,-,explicit,java.base + java.compiler + java.sql,false,-
org.tentackle,tentackle-core,11.2.3.0,org.tentackle.core,-,explicit,java.base + java.compiler + java.desktop + java.management + java.prefs + java.rmi + java.scripting + java.sql + org.tentackle.common,false,-
org.tentackle,tentackle-database,11.2.3.0,org.tentackle.database,-,explicit,java.base + java.management + java.prefs + java.rmi + java.sql + org.tentackle.session + org.tentackle.sql,false,-
org.tentackle,tentackle-domain,11.2.3.0,org.tentackle.domain,-,explicit,java.base + org.tentackle.pdo,false,-
org.tentackle,tentackle-fx,11.2.3.0,org.tentackle.fx,-,explicit,java.base + java.compiler + java.desktop + java.prefs + java.sql + javafx.fxml + javafx.web + org.tentackle.core,false,-
org.tentackle,tentackle-fx-rdc,11.2.3.0,org.tentackle.fx.rdc,-,explicit,java.base + java.compiler + java.desktop + java.prefs + org.tentackle.fx + org.tentackle.pdo,false,-
org.tentackle,tentackle-fx-rdc-poi,11.2.3.0,-,-,?,-,false,-
org.tentackle,tentackle-i18n,11.2.3.0,org.tentackle.i18n,-,explicit,java.base + java.rmi + org.tentackle.domain + org.tentackle.persistence,false,-
org.tentackle,tentackle-i18n-maven-plugin,11.2.3.0,-,-,?,-,false,-
org.tentackle,tentackle-log-log4j,11.2.3.0,-,-,?,-,false,-
org.tentackle,tentackle-log-log4j2v,11.2.3.0,-,-,?,-,false,-
org.tentackle,tentackle-log-slf4j,11.2.3.0,-,-,?,-,false,-
org.tentackle,tentackle-log-util,8.2.2.0,-,-,?,-,false,-
org.tentackle,tentackle-maven-plugin,11.2.3.0,-,-,?,-,false,-
org.tentackle,tentackle-model,11.2.3.0,org.tentackle.model,-,explicit,java.base + java.sql + org.tentackle.sql,false,-
org.tentackle,tentackle-pdo,11.2.3.0,org.tentackle.pdo,-,explicit,java.base + java.compiler + org.tentackle.session,false,-
org.tentackle,tentackle-persistence,11.2.3.0,org.tentackle.persistence,-,explicit,java.base + java.naming + java.rmi + java.sql + org.tentackle.database + org.tentackle.pdo,false,-
org.tentackle,tentackle-persistence-wurblets,11.2.3.0,-,-,?,-,false,-
org.tentackle,tentackle-script-groovy,11.2.3.0,-,-,?,-,false,-
org.tentackle,tentackle-script-ruby,11.2.3.0,-,-,?,-,false,-
org.tentackle,tentackle-session,11.2.3.0,org.tentackle.session,-,explicit,java.base + java.prefs + java.rmi + java.sql + org.tentackle.core,false,-
org.tentackle,tentackle-sql,11.2.3.0,org.tentackle.sql,-,explicit,java.base + java.naming + java.sql + org.tentackle.common,false,-
org.tentackle,tentackle-sql-maven-plugin,11.2.3.0,-,-,?,-,false,-
org.tentackle,tentackle-swing,8.2.2.0,-,-,?,-,false,-
org.tentackle,tentackle-swing-looks,8.2.2.0,-,-,?,-,false,-
org.tentackle,tentackle-swing-print,8.2.2.0,-,-,?,-,false,-
org.tentackle,tentackle-swing-rdc,8.2.2.0,-,-,?,-,false,-
org.tentackle,tentackle-swing-substance,8.2.2.0,-,-,?,-,false,-
org.tentackle,tentackle-swing-tinylaf,8.2.2.0,-,-,?,-,false,-
org.tentackle,tentackle-test-fx-rdc,11.2.3.0,-,-,?,-,false,-
org.tentackle,tentackle-test-pdo,11.2.3.0,-,-,?,-,false,-
org.tentackle,tentackle-web,11.2.3.0,org.tentackle.web,-,explicit,java.base + org.tentackle.persistence,false,-
org.tentackle,tentackle-wizard-maven-plugin,11.2.3.0,-,-,?,-,false,-
org.tentackle,tentackle-wurblets,11.2.3.0,-,-,?,-,false,-
org.wurbelizer,ant-wurbelizer,11.2.2.1,-,-,?,-,false,-
org.wurbelizer,console-wurbelizer,11.2.2.1,-,-,?,-,false,-
org.wurbelizer,wurbelizer,11.2.2.1,-,-,?,-,false,-
org.wurbelizer,wurbelizer-maven-plugin,11.2.2.1,-,-,?,-,false,-
