groupId,artifactId,version,moduleName,moduleVersion,moduleMode,moduleDependencies,jdepsToolError,jdepsViolations
biz.turnonline.ecosystem,turnonline-product-billing-client,0.11,-,-,?,-,false,-
cd.go.plugin,go-plugin-api-experimental,19.1.0-8274,-,-,?,-,false,-
cn.ucloud,ucloud-sdk-java-common,0.6.3-release,-,-,?,-,false,-
cn.ucloud,ucloud-sdk-java-udisk,0.6.3-release,-,-,?,-,false,-
cn.ucloud,ucloud-sdk-java-ufs,0.6.3-release,-,-,?,-,false,-
cn.ucloud,ucloud-sdk-java-uhost,0.6.3-release,-,-,?,-,false,-
cn.ucloud,ucloud-sdk-java-ulb,0.6.3-release,-,-,?,-,false,-
cn.ucloud,ucloud-sdk-java-unet,0.6.3-release,-,-,?,-,false,-
cn.ucloud,ucloud-sdk-java-vpc,0.6.3-release,-,-,?,-,false,-
com.expedia.www,haystack-client-commons,0.2.2,-,-,?,-,false,-
com.expedia.www,haystack-client-core,0.2.2,-,-,?,-,false,-
com.expedia.www,haystack-client-dropwizard,0.2.2,-,-,?,-,false,-
com.expedia.www,haystack-client-dropwizard-metrics,0.2.2,-,-,?,-,false,-
com.expedia.www,haystack-client-java-example-dropwizard,0.2.2,-,-,?,-,false,sun.misc.Unsafe                          See http://openjdk.java.net/jeps/260 + sun.reflect.Reflection                   Use java.lang.StackWalker @since 9 + sun.security.x509.X500Name               Use javax.security.auth.x500.X500Principal @since 1.4
com.expedia.www,haystack-client-micrometer,0.2.2,-,-,?,-,false,-
com.expedia.www,opencensus-exporter-trace-haystack,0.2.2,-,-,?,-,false,-
com.expedia.www,opentracing-spring-haystack-starter,0.2.2,-,-,?,-,false,-
com.expedia.www,opentracing-spring-haystack-web-starter,0.2.2,-,-,?,-,false,-
com.sombrainc,excelorm,1.0.2,-,-,?,-,false,-
org.scalaz,scalaz-concurrent_2.11,7.3.0-M27,-,-,?,-,false,-
org.scalaz,scalaz-concurrent_2.12,7.3.0-M27,-,-,?,-,false,-
org.scalaz,scalaz-concurrent_2.13.0-M5,7.3.0-M27,-,-,?,-,false,-
org.scalaz,scalaz-core_2.11,7.3.0-M27,-,-,?,-,false,-
org.scalaz,scalaz-core_2.12,7.3.0-M27,-,-,?,-,false,-
org.scalaz,scalaz-core_2.13.0-M5,7.3.0-M27,-,-,?,-,false,-
org.scalaz,scalaz-core_native0.3_2.11,7.3.0-M27,-,-,?,-,false,-
org.scalaz,scalaz-core_sjs0.6_2.11,7.3.0-M27,-,-,?,-,false,-
org.scalaz,scalaz-core_sjs0.6_2.12,7.3.0-M27,-,-,?,-,false,-
org.scalaz,scalaz-core_sjs0.6_2.13.0-M5,7.3.0-M27,-,-,?,-,false,-
org.scalaz,scalaz-effect_2.11,7.3.0-M27,-,-,?,-,false,-
org.scalaz,scalaz-effect_2.12,7.3.0-M27,-,-,?,-,false,-
org.scalaz,scalaz-effect_2.13.0-M5,7.3.0-M27,-,-,?,-,false,-
org.scalaz,scalaz-effect_native0.3_2.11,7.3.0-M27,-,-,?,-,false,-
org.scalaz,scalaz-effect_sjs0.6_2.11,7.3.0-M27,-,-,?,-,false,-
org.scalaz,scalaz-effect_sjs0.6_2.12,7.3.0-M27,-,-,?,-,false,-
org.scalaz,scalaz-effect_sjs0.6_2.13.0-M5,7.3.0-M27,-,-,?,-,false,-
org.scalaz,scalaz-iteratee_2.11,7.3.0-M27,-,-,?,-,false,-
org.scalaz,scalaz-iteratee_2.12,7.3.0-M27,-,-,?,-,false,-
org.scalaz,scalaz-iteratee_2.13.0-M5,7.3.0-M27,-,-,?,-,false,-
org.scalaz,scalaz-iteratee_native0.3_2.11,7.3.0-M27,-,-,?,-,false,-
org.scalaz,scalaz-iteratee_sjs0.6_2.11,7.3.0-M27,-,-,?,-,false,-
org.scalaz,scalaz-iteratee_sjs0.6_2.12,7.3.0-M27,-,-,?,-,false,-
org.scalaz,scalaz-iteratee_sjs0.6_2.13.0-M5,7.3.0-M27,-,-,?,-,false,-
org.scalaz,scalaz-scalacheck-binding_2.11,7.3.0-M27,-,-,?,-,false,-
org.scalaz,scalaz-scalacheck-binding_2.12,7.3.0-M27,-,-,?,-,false,-
org.scalaz,scalaz-scalacheck-binding_2.13.0-M5,7.3.0-M27,-,-,?,-,false,-
org.scalaz,scalaz-scalacheck-binding_sjs0.6_2.11,7.3.0-M27,-,-,?,-,false,-
org.scalaz,scalaz-scalacheck-binding_sjs0.6_2.12,7.3.0-M27,-,-,?,-,false,-
org.scalaz,scalaz-scalacheck-binding_sjs0.6_2.13.0-M5,7.3.0-M27,-,-,?,-,false,-
