groupId,artifactId,version,moduleName,moduleVersion,moduleMode,moduleDependencies,jdepsToolError,jdepsViolations
com.actelion.research,image-provider-omero,1.5.10,-,-,?,-,false,-
com.ardikars.jxnet,jxnet,1.5.4.RC1,-,-,?,-,false,-
com.ardikars.jxnet,jxnet-benchmark,1.5.4.RC1,-,-,?,-,false,-
com.ardikars.jxnet,jxnet-context,1.5.4.RC1,-,-,?,-,false,-
com.ardikars.jxnet,jxnet-core,1.5.4.RC1,-,-,?,-,false,-
com.ardikars.jxnet,jxnet-example,1.5.4.RC1,-,-,?,-,false,-
com.ardikars.jxnet,jxnet-spring-boot-autoconfigure,1.5.4.RC1,-,-,?,-,false,-
com.ardikars.jxnet,jxnet-spring-boot-starter,1.5.4.RC1,-,-,?,-,false,-
com.ardikars.jxnet,jxnet-spring-boot-starter-example,1.5.4.RC1,-,-,?,-,false,-
com.github.saphyra,auth-service,1.0.0,-,-,?,-,false,-
com.github.vanbv,num,0.0.2,-,-,?,-,false,-
com.vmware.vcloud,vcd-bindings-generator,0.9.0,-,-,?,-,false,-
com.vmware.vcloud,vcd-bindings-maven-plugin,0.9.0,-,-,?,-,false,-
com.vmware.vcloud,vcd-xjc-plugins,0.9.0,-,-,?,-,false,-
com.worldpay,cse-android-sdk,1.0.4,-,-,?,-,false,-
de.alpharogroup,pg-enum-usertype,1,-,-,?,-,false,-
io.jaegertracing,jaeger-client,0.33.1,-,-,?,-,false,-
io.jaegertracing,jaeger-core,0.33.1,-,-,?,-,false,-
io.jaegertracing,jaeger-crossdock,0.33.1,-,-,?,-,false,-
io.jaegertracing,jaeger-micrometer,0.33.1,-,-,?,-,false,-
io.jaegertracing,jaeger-thrift,0.33.1,-,-,?,-,false,-
io.jaegertracing,jaeger-tracerresolver,0.33.1,-,-,?,-,false,-
io.jaegertracing,jaeger-zipkin,0.33.1,-,-,?,-,false,-
org.eclipse.microprofile.openapi,microprofile-openapi-api,2.0-MR1,-,-,?,-,false,-
org.eclipse.microprofile.openapi,microprofile-openapi-spi,2.0-MR1,-,-,?,-,false,-
org.eclipse.microprofile.openapi,microprofile-openapi-tck,2.0-MR1,-,-,?,-,false,-
org.jooq,jooq,3.11.9,org.jooq,-,automatic,-,false,-
org.jooq,jooq-checker,3.11.9,org.jooq.checker,-,automatic,-,false,-
org.jooq,jooq-codegen,3.11.9,org.jooq.codegen,-,automatic,-,false,-
org.jooq,jooq-codegen-maven,3.11.9,org.jooq.codegen.maven,-,automatic,-,false,-
org.jooq,jooq-meta,3.11.9,org.jooq.meta,-,automatic,-,false,-
org.jooq,jooq-meta-extensions,3.11.9,org.jooq.meta.extensions,-,automatic,-,false,-
org.jooq,jooq-scala_2.12,3.11.9,-,-,?,-,false,-
org.scalameta,mdoc_2.12,1.2.2,-,-,?,-,false,-
org.scalameta,mdoc-docs_2.12,1.2.2,-,-,?,-,false,-
org.scalameta,mdoc-js_2.12,1.2.2,-,-,?,-,false,-
org.scalameta,mdoc-lsp_2.12,1.2.2,-,-,?,-,false,-
org.scalameta,mdoc-runtime_2.12,1.2.2,-,-,?,-,false,-
