groupId,artifactId,version,moduleName,moduleVersion,moduleMode,moduleDependencies,jdepsToolError,jdepsViolations
cn.fraudmetrix,riskservice-client,1.4.7,-,-,?,-,false,-
com.alibaba.cloud,alicloud-context,1.0.4,-,-,?,-,false,-
com.bpodgursky,jbool_expressions,1.22,-,-,?,-,false,-
com.bystr.stemkit,stemkit-bdd,0.0.1,-,-,?,-,false,-
com.gitee.sherlockholmnes,goge-aop,0.1.5,-,-,?,-,false,-
com.gitee.sherlockholmnes,goge-core,0.1.5,-,-,?,-,false,-
com.gitee.sherlockholmnes,goge-extends-all,0.1.5,-,-,?,-,false,-
com.gitee.sherlockholmnes,goge-ioc,0.1.5,-,-,?,-,false,-
com.gitee.sherlockholmnes,goge-jdbc,0.1.5,-,-,?,-,false,-
com.gitee.sherlockholmnes,goge-mvc,0.1.5,-,-,?,-,false,-
com.gitee.sherlockholmnes,goge-netty,0.1.5,-,-,?,-,false,-
com.gitee.sherlockholmnes,goge-redis,0.1.5,-,-,?,-,false,-
com.gitee.sherlockholmnes,goge-server,0.1.5,-,-,?,-,false,-
com.gitee.sherlockholmnes,goge-start-all,0.1.5,-,-,?,-,false,-
com.gitee.sherlockholmnes,goge-start-simple,0.1.5,-,-,?,-,false,-
com.gitee.sherlockholmnes,goge-utils,0.1.5,-,-,?,-,false,sun.misc.BASE64Decoder                   Use java.util.Base64 @since 1.8 + sun.misc.BASE64Encoder                   Use java.util.Base64 @since 1.8
com.github.fartherp,shiro-redisson,1.0.5,-,-,?,-,false,-
com.github.giiita,scaladia_2.11,1.5.2,-,-,?,-,false,-
com.github.giiita,scaladia_2.12,1.5.2,-,-,?,-,false,-
com.github.yydf,struts,1.0.1,-,-,?,-,false,-
io.antmedia,ant-media-server-service,1.6.1,-,-,?,-,false,-
org.smartrplace.tools,maven-resolver,0.0.3,-,-,?,-,false,-
