groupId,artifactId,version,moduleName,moduleVersion,moduleMode,moduleDependencies,jdepsToolError,jdepsViolations
com.amazonaws,aws-android-sdk-apigateway-core,2.10.0,-,-,?,-,false,-
com.amazonaws,aws-android-sdk-autoscaling,2.10.0,-,-,?,-,false,-
com.amazonaws,aws-android-sdk-cloudwatch,2.10.0,-,-,?,-,false,-
com.amazonaws,aws-android-sdk-cognito,2.10.0,-,-,?,-,false,-
com.amazonaws,aws-android-sdk-cognitoidentityprovider,2.10.0,-,-,?,-,false,-
com.amazonaws,aws-android-sdk-comprehend,2.10.0,-,-,?,-,false,-
com.amazonaws,aws-android-sdk-core,2.10.0,-,-,?,-,false,-
com.amazonaws,aws-android-sdk-ddb,2.10.0,-,-,?,-,false,-
com.amazonaws,aws-android-sdk-ddb-document,2.10.0,-,-,?,-,false,-
com.amazonaws,aws-android-sdk-ddb-mapper,2.10.0,-,-,?,-,false,-
com.amazonaws,aws-android-sdk-ec2,2.10.0,-,-,?,-,false,-
com.amazonaws,aws-android-sdk-elb,2.10.0,-,-,?,-,false,-
com.amazonaws,aws-android-sdk-iot,2.10.0,-,-,?,-,false,-
com.amazonaws,aws-android-sdk-kinesis,2.10.0,-,-,?,-,false,-
com.amazonaws,aws-android-sdk-kinesisvideo-archivedmedia,2.10.0,-,-,?,-,false,-
com.amazonaws,aws-android-sdk-kms,2.10.0,-,-,?,-,false,-
com.amazonaws,aws-android-sdk-lambda,2.10.0,-,-,?,-,false,-
com.amazonaws,aws-android-sdk-logs,2.10.0,-,-,?,-,false,-
com.amazonaws,aws-android-sdk-machinelearning,2.10.0,-,-,?,-,false,-
com.amazonaws,aws-android-sdk-mobileanalytics,2.10.0,-,-,?,-,false,-
com.amazonaws,aws-android-sdk-pinpoint,2.10.0,-,-,?,-,false,-
com.amazonaws,aws-android-sdk-polly,2.10.0,-,-,?,-,false,-
com.amazonaws,aws-android-sdk-rekognition,2.10.0,-,-,?,-,false,-
com.amazonaws,aws-android-sdk-s3,2.10.0,-,-,?,-,false,-
com.amazonaws,aws-android-sdk-sdb,2.10.0,-,-,?,-,false,-
com.amazonaws,aws-android-sdk-ses,2.10.0,-,-,?,-,false,-
com.amazonaws,aws-android-sdk-sns,2.10.0,-,-,?,-,false,-
com.amazonaws,aws-android-sdk-sqs,2.10.0,-,-,?,-,false,-
com.amazonaws,aws-android-sdk-transcribe,2.10.0,-,-,?,-,false,-
com.amazonaws,aws-android-sdk-translate,2.10.0,-,-,?,-,false,-
com.amazonaws,aws-lambda-java-events,2.2.5,-,-,?,-,false,-
com.budjb,http-requests-core,2.0.3.BETA,-,-,?,-,false,-
com.budjb,http-requests-jackson,2.0.3.BETA,-,-,?,-,false,-
com.budjb,http-requests-jersey2,2.0.3.BETA,-,-,?,-,false,-
com.budjb,http-requests-spring,2.0.3.BETA,-,-,?,-,false,-
com.cognifide.qa.bb,bb-aem-64,2.0.3,-,-,?,-,false,-
com.cognifide.qa.bb,bb-aem-core,2.0.3,-,-,?,-,false,-
com.cognifide.qa.bb,bb-core,2.0.3,-,-,?,-,false,-
com.cognifide.qa.bb,bb-cumber,2.0.3,-,-,?,-,false,-
com.cognifide.qa.bb,bb-email,2.0.3,-,-,?,-,false,-
com.cognifide.qa.bb,bb-integration-tests,2.0.3,-,-,?,-,false,-
com.cognifide.qa.bb,bb-junit5,2.0.3,-,-,?,-,false,-
com.cognifide.qa.bb,bb-traffic,2.0.3,-,-,?,-,false,-
com.cosium.openapi,openapi-annotation-processor,1.25,-,-,?,-,false,-
com.github.vebqa,vebtal-manager,0.9.7,-,-,?,-,false,-
com.mercateo.rest,rest-jersey-utils,0.0.26,-,-,?,-,false,-
com.tranxactive,j2pay,2.8.9,-,-,?,-,false,-
com.typesafe.akka,akka-http_2.11,10.1.6,akka.http,-,automatic,-,false,-
com.typesafe.akka,akka-http_2.12,10.1.6,akka.http,-,automatic,-,false,-
com.typesafe.akka,akka-http2-support_2.11,10.1.6,akka.http.http2,-,automatic,-,false,-
com.typesafe.akka,akka-http2-support_2.12,10.1.6,akka.http.http2,-,automatic,-,false,-
com.typesafe.akka,akka-http-spray-json_2.12,10.1.6,akka.http.marshallers.sprayjson,-,automatic,-,false,-
com.typesafe.akka,akka-http-testkit_2.11,10.1.6,akka.http.testkit,-,automatic,-,false,-
com.typesafe.akka,akka-http-testkit_2.12,10.1.6,akka.http.testkit,-,automatic,-,false,-
com.typesafe.akka,akka-http-xml_2.11,10.1.6,akka.http.marshallers.scalaxml,-,automatic,-,false,-
com.typesafe.akka,akka-http-xml_2.12,10.1.6,akka.http.marshallers.scalaxml,-,automatic,-,false,-
com.typesafe.akka,akka-parsing_2.11,10.1.6,akka.http.parsing,-,automatic,-,false,-
com.typesafe.akka,akka-parsing_2.12,10.1.6,akka.http.parsing,-,automatic,-,false,-
com.typesafe.akka,akka-persistence-cassandra_2.11,0.92,-,-,?,-,false,-
com.typesafe.akka,akka-persistence-cassandra_2.12,0.92,-,-,?,-,false,-
com.typesafe.akka,akka-persistence-cassandra-launcher_2.11,0.92,-,-,?,-,false,-
com.typesafe.akka,akka-persistence-cassandra-launcher_2.12,0.92,-,-,?,-,false,-
de.alpharogroup,jetty-runner-config,3.16.1,-,-,?,-,false,-
de.alpharogroup,jetty-runner-core,3.16.1,-,-,?,-,false,-
de.alpharogroup,wicket-jetty9-runner,3.16.1,-,-,?,-,false,-
de.dm.auth,activedirectory-spring-boot-starter,2.2.0,-,-,?,-,false,-
edu.utah.bmi.pojava,pojava,3.0.8,-,-,?,-,false,-
io.github.xfournet.jconfig,jconfig,0.3.0,-,-,?,-,false,-
io.github.xfournet.jconfig,jconfig-cli,0.3.0,-,-,?,-,false,-
org.openstreetmap.atlas,atlas-generator,4.1.10,-,-,?,-,false,-
org.spincast,spincast-core,0.9.53,-,-,?,-,false,-
org.spincast,spincast-core-tests,0.9.53,-,-,?,-,false,-
org.spincast,spincast-default,0.9.53,-,-,?,-,false,-
org.spincast,spincast-demos-better,0.9.53,-,-,?,-,false,sun.misc.Unsafe                          See http://openjdk.java.net/jeps/260 + sun.reflect.Reflection                   Use java.lang.StackWalker @since 9
org.spincast,spincast-demos-quick,0.9.53,-,-,?,-,false,sun.misc.Unsafe                          See http://openjdk.java.net/jeps/260 + sun.reflect.Reflection                   Use java.lang.StackWalker @since 9
org.spincast,spincast-demos-sum,0.9.53,-,-,?,-,false,sun.misc.Unsafe                          See http://openjdk.java.net/jeps/260 + sun.reflect.Reflection                   Use java.lang.StackWalker @since 9
org.spincast,spincast-demos-supercalifragilisticexpialidocious,0.9.53,-,-,?,-,false,sun.misc.Unsafe                          See http://openjdk.java.net/jeps/260 + sun.reflect.Reflection                   Use java.lang.StackWalker @since 9
org.spincast,spincast-plugins-attempts-limiter,0.9.53,-,-,?,-,false,-
org.spincast,spincast-plugins-attempts-limiter-tests,0.9.53,-,-,?,-,false,-
org.spincast,spincast-plugins-config,0.9.53,-,-,?,-,false,-
org.spincast,spincast-plugins-config-tests,0.9.53,-,-,?,-,false,-
org.spincast,spincast-plugins-crypto,0.9.53,-,-,?,-,false,-
org.spincast,spincast-plugins-crypto-tests,0.9.53,-,-,?,-,false,-
org.spincast,spincast-plugins-date-formatter,0.9.53,-,-,?,-,false,-
org.spincast,spincast-plugins-date-formatter-tests,0.9.53,-,-,?,-,false,-
org.spincast,spincast-plugins-dictionary,0.9.53,-,-,?,-,false,-
org.spincast,spincast-plugins-dictionary-tests,0.9.53,-,-,?,-,false,-
org.spincast,spincast-plugins-flyway-utils,0.9.53,-,-,?,-,false,-
org.spincast,spincast-plugins-flyway-utils-tests,0.9.53,-,-,?,-,false,-
org.spincast,spincast-plugins-forms-protection,0.9.53,-,-,?,-,false,-
org.spincast,spincast-plugins-forms-protection-tests,0.9.53,-,-,?,-,false,-
org.spincast,spincast-plugins-hotswap,0.9.53,-,-,?,-,false,-
org.spincast,spincast-plugins-hotswap-tests,0.9.53,-,-,?,-,false,-
org.spincast,spincast-plugins-http-caching,0.9.53,-,-,?,-,false,-
org.spincast,spincast-plugins-http-caching-tests,0.9.53,-,-,?,-,false,-
org.spincast,spincast-plugins-http-client,0.9.53,-,-,?,-,false,-
org.spincast,spincast-plugins-http-client-tests,0.9.53,-,-,?,-,false,-
org.spincast,spincast-plugins-http-client-with-websocket,0.9.53,-,-,?,-,false,-
org.spincast,spincast-plugins-jackson-json,0.9.53,-,-,?,-,false,-
org.spincast,spincast-plugins-jackson-json-tests,0.9.53,-,-,?,-,false,-
org.spincast,spincast-plugins-jackson-xml,0.9.53,-,-,?,-,false,-
org.spincast,spincast-plugins-jackson-xml-tests,0.9.53,-,-,?,-,false,-
org.spincast,spincast-plugins-jdbc,0.9.53,-,-,?,-,false,-
org.spincast,spincast-plugins-jdbc-tests,0.9.53,-,-,?,-,false,-
org.spincast,spincast-plugins-locale-resolver,0.9.53,-,-,?,-,false,-
org.spincast,spincast-plugins-locale-resolver-tests,0.9.53,-,-,?,-,false,-
org.spincast,spincast-plugins-pebble,0.9.53,-,-,?,-,false,-
org.spincast,spincast-plugins-pebble-tests,0.9.53,-,-,?,-,false,-
org.spincast,spincast-plugins-request,0.9.53,-,-,?,-,false,-
org.spincast,spincast-plugins-request-tests,0.9.53,-,-,?,-,false,-
org.spincast,spincast-plugins-response,0.9.53,-,-,?,-,false,-
org.spincast,spincast-plugins-response-tests,0.9.53,-,-,?,-,false,-
org.spincast,spincast-plugins-routing,0.9.53,-,-,?,-,false,-
org.spincast,spincast-plugins-routing-tests,0.9.53,-,-,?,-,false,-
org.spincast,spincast-plugins-scheduledtasks,0.9.53,-,-,?,-,false,-
org.spincast,spincast-plugins-scheduledtasks-tests,0.9.53,-,-,?,-,false,-
org.spincast,spincast-plugins-session,0.9.53,-,-,?,-,false,-
org.spincast,spincast-plugins-session-tests,0.9.53,-,-,?,-,false,-
org.spincast,spincast-plugins-templating-addon,0.9.53,-,-,?,-,false,-
org.spincast,spincast-plugins-templating-addon-tests,0.9.53,-,-,?,-,false,-
org.spincast,spincast-plugins-timezone-resolver,0.9.53,-,-,?,-,false,-
org.spincast,spincast-plugins-timezone-resolver-tests,0.9.53,-,-,?,-,false,-
org.spincast,spincast-plugins-undertow,0.9.53,-,-,?,-,false,-
org.spincast,spincast-plugins-undertow-tests,0.9.53,-,-,?,-,false,-
org.spincast,spincast-plugins-variables-addon,0.9.53,-,-,?,-,false,-
org.spincast,spincast-plugins-variables-addon-tests,0.9.53,-,-,?,-,false,-
org.spincast,spincast-quickstart,0.9.53,-,-,?,-,false,sun.misc.Unsafe                          See http://openjdk.java.net/jeps/260 + sun.reflect.Reflection                   Use java.lang.StackWalker @since 9
org.spincast,spincast-testing-core,0.9.53,-,-,?,-,false,-
org.spincast,spincast-testing-default,0.9.53,-,-,?,-,false,-
org.spincast,spincast-testing-junit-runner,0.9.53,-,-,?,-,false,-
org.spincast,spincast-website,0.9.53,-,-,?,-,false,sun.misc.Unsafe                          See http://openjdk.java.net/jeps/260 + sun.reflect.Reflection                   Use java.lang.StackWalker @since 9
org.webswing,webswing-api,2.5.10,-,-,?,-,false,-
org.webswing,webswing-app-interface,2.5.10,-,-,?,-,false,sun.security.util.SecurityConstants      Use appropriate java.security.Permission subclass @since 1.1
org.webswing,webswing-app-launcher,2.5.10,-,-,?,-,false,-
org.webswing,webswing-app-toolkit,2.5.10,-,-,?,-,false,java.awt.dnd.peer.DragSourceContextPeer  Should not use. See https://bugs.openjdk.java.net/browse/JDK-8037739 + java.awt.peer.ButtonPeer                 Should not use. See https://bugs.openjdk.java.net/browse/JDK-8037739 + java.awt.peer.CheckboxMenuItemPeer       Should not use. See https://bugs.openjdk.java.net/browse/JDK-8037739 + java.awt.peer.CheckboxPeer               Should not use. See https://bugs.openjdk.java.net/browse/JDK-8037739 + java.awt.peer.ChoicePeer                 Should not use. See https://bugs.openjdk.java.net/browse/JDK-8037739 + java.awt.peer.ComponentPeer              Should not use. See https://bugs.openjdk.java.net/browse/JDK-8037739 + java.awt.peer.ContainerPeer              Should not use. See https://bugs.openjdk.java.net/browse/JDK-8037739 + java.awt.peer.DesktopPeer                Should not use. See https://bugs.openjdk.java.net/browse/JDK-8037739 + java.awt.peer.DialogPeer                 Should not use. See https://bugs.openjdk.java.net/browse/JDK-8037739 + java.awt.peer.FileDialogPeer             Should not use. See https://bugs.openjdk.java.net/browse/JDK-8037739 + java.awt.peer.FontPeer                   Should not use. See https://bugs.openjdk.java.net/browse/JDK-8037739 + java.awt.peer.FramePeer                  Should not use. See https://bugs.openjdk.java.net/browse/JDK-8037739 + java.awt.peer.KeyboardFocusManagerPeer   Should not use. See https://bugs.openjdk.java.net/browse/JDK-8037739 + java.awt.peer.LabelPeer                  Should not use. See https://bugs.openjdk.java.net/browse/JDK-8037739 + java.awt.peer.ListPeer                   Should not use. See https://bugs.openjdk.java.net/browse/JDK-8037739 + java.awt.peer.MenuBarPeer                Should not use. See https://bugs.openjdk.java.net/browse/JDK-8037739 + java.awt.peer.MenuItemPeer               Should not use. See https://bugs.openjdk.java.net/browse/JDK-8037739 + java.awt.peer.MenuPeer                   Should not use. See https://bugs.openjdk.java.net/browse/JDK-8037739 + java.awt.peer.MouseInfoPeer              Should not use. See https://bugs.openjdk.java.net/browse/JDK-8037739 + java.awt.peer.PanelPeer                  Should not use. See https://bugs.openjdk.java.net/browse/JDK-8037739 + java.awt.peer.PopupMenuPeer              Should not use. See https://bugs.openjdk.java.net/browse/JDK-8037739 + java.awt.peer.RobotPeer                  Should not use. See https://bugs.openjdk.java.net/browse/JDK-8037739 + java.awt.peer.ScrollPanePeer             Should not use. See https://bugs.openjdk.java.net/browse/JDK-8037739 + java.awt.peer.ScrollbarPeer              Should not use. See https://bugs.openjdk.java.net/browse/JDK-8037739 + java.awt.peer.SystemTrayPeer             Should not use. See https://bugs.openjdk.java.net/browse/JDK-8037739 + java.awt.peer.TextAreaPeer               Should not use. See https://bugs.openjdk.java.net/browse/JDK-8037739 + java.awt.peer.TextFieldPeer              Should not use. See https://bugs.openjdk.java.net/browse/JDK-8037739 + java.awt.peer.TrayIconPeer               Should not use. See https://bugs.openjdk.java.net/browse/JDK-8037739 + java.awt.peer.WindowPeer                 Should not use. See https://bugs.openjdk.java.net/browse/JDK-8037739 + sun.awt.CausedFocusEvent                 Use java.awt.event.FocusEvent::getCause @since 9 + sun.misc.Ref                             Removed. See http://openjdk.java.net/jeps/260
org.webswing,webswing-app-toolkit-fx,2.5.10,-,-,?,-,false,-
org.webswing,webswing-app-toolkit-java7,2.5.10,-,-,?,-,false,java.awt.peer.KeyboardFocusManagerPeer   Should not use. See https://bugs.openjdk.java.net/browse/JDK-8037739
org.webswing,webswing-app-toolkit-java8,2.5.10,-,-,?,-,false,java.awt.peer.FramePeer                  Should not use. See https://bugs.openjdk.java.net/browse/JDK-8037739 + java.awt.peer.KeyboardFocusManagerPeer   Should not use. See https://bugs.openjdk.java.net/browse/JDK-8037739 + sun.awt.CausedFocusEvent                 Use java.awt.event.FocusEvent::getCause @since 9
org.webswing,webswing-demo-ensemble8,2.5.10,-,-,?,-,false,-
org.webswing,webswing-demo-nbplatform,2.5.10,-,-,?,-,false,-
org.webswing,webswing-demo-swingset3,2.5.10,-,-,?,-,false,-
org.webswing,webswing-directdraw-swing,2.5.10,-,-,?,-,false,-
org.webswing,webswing-server-common,2.5.10,-,-,?,-,false,sun.misc.CompoundEnumeration             Removed. See http://openjdk.java.net/jeps/260
org.webswing,webswing-server-launcher,2.5.10,-,-,?,-,false,-
org.webswing,webswing-server-security,2.5.10,-,-,?,-,false,-
us.hebi.matlab.mat,mfl-core,0.5.1,us.hebi.matlab.mat.mfl-core,-,automatic,-,false,sun.misc.Unsafe                          See http://openjdk.java.net/jeps/260
us.hebi.matlab.mat,mfl-ejml,0.5.1,us.hebi.matlab.mat.mfl-ejml,-,automatic,-,false,-
