groupId,artifactId,version,moduleName,moduleVersion,moduleMode,moduleDependencies,jdepsToolError,jdepsViolations
cc.catalysts.structurizr,structurizr-kotlin,1.2.1,-,-,?,-,false,-
cc.catalysts.structurizr,structurizr-spring-boot,1.2.1,-,-,?,-,false,-
cn.com.antcloud.api,antcloud-api-kms,3.2.1,-,-,?,-,false,-
com.emarsys,permission-system-scala-sdk_2.12,0.0.3,-,-,?,-,false,-
com.geirsson,coursier-small_2.11,1.3.2,-,-,?,-,false,-
com.github.broadinstitute,picard,2.18.23,-,-,?,-,false,-
com.github.tsingjyujing,geo-library,2.8.9-2.11,-,-,?,-,false,-
com.itv,bucky-argonaut_2.11,1.3.7,-,-,?,-,false,-
com.itv,bucky-argonaut_2.12,1.3.7,-,-,?,-,false,-
com.itv,bucky-circe_2.11,1.3.7,-,-,?,-,false,-
com.itv,bucky-circe_2.12,1.3.7,-,-,?,-,false,-
com.itv,bucky-core_2.11,1.3.7,-,-,?,-,false,-
com.itv,bucky-core_2.12,1.3.7,-,-,?,-,false,-
com.itv,bucky-example_2.11,1.3.7,-,-,?,-,false,-
com.itv,bucky-example_2.12,1.3.7,-,-,?,-,false,-
com.itv,bucky-fs2_2.11,1.3.7,-,-,?,-,false,-
com.itv,bucky-fs2_2.12,1.3.7,-,-,?,-,false,-
com.itv,bucky-rabbitmq_2.11,1.3.7,-,-,?,-,false,-
com.itv,bucky-rabbitmq_2.12,1.3.7,-,-,?,-,false,-
com.itv,bucky-scalaz_2.11,1.3.7,-,-,?,-,false,-
com.itv,bucky-scalaz_2.12,1.3.7,-,-,?,-,false,-
com.itv,bucky-test_2.11,1.3.7,-,-,?,-,false,-
com.itv,bucky-test_2.12,1.3.7,-,-,?,-,false,-
com.itv,bucky-xml_2.11,1.3.7,-,-,?,-,false,-
com.itv,bucky-xml_2.12,1.3.7,-,-,?,-,false,-
com.javaetmoi.core,javaetmoi-hibernate5-hydrate,5.2.1,-,-,?,-,false,-
com.spotify,styx-api-service,2.0.63,-,-,?,-,false,-
com.spotify,styx-cli,2.0.63,-,-,?,-,false,sun.misc.Cleaner                         Use java.lang.ref.PhantomReference @since 1.2 or java.lang.ref.Cleaner @since 9 + sun.misc.Signal                          See http://openjdk.java.net/jeps/260 + sun.misc.SignalHandler                   See http://openjdk.java.net/jeps/260 + sun.misc.Unsafe                          See http://openjdk.java.net/jeps/260 + sun.reflect.Reflection                   Use java.lang.StackWalker @since 9 + sun.security.x509.X500Name               Use javax.security.auth.x500.X500Principal @since 1.4
com.spotify,styx-client,2.0.63,-,-,?,-,false,-
com.spotify,styx-common,2.0.63,-,-,?,-,false,-
com.spotify,styx-report,2.0.63,-,-,?,-,false,-
com.spotify,styx-scheduler-service,2.0.63,-,-,?,-,false,-
com.spotify,styx-standalone-service,2.0.63,-,-,?,-,false,-
com.spotify,styx-test,2.0.63,-,-,?,-,false,-
io.electrum,suv-service-interface,1.3.0,-,-,?,-,false,-
io.github.rybalkinsd,kohttp,0.7.0,-,-,?,-,false,-
io.projectreactor,reactor-core,3.2.4.RELEASE,-,-,?,-,false,sun.misc.JavaLangAccess                  Removed. See http://openjdk.java.net/jeps/260 + sun.misc.SharedSecrets                   Removed. See http://openjdk.java.net/jeps/260 + sun.misc.Unsafe                          See http://openjdk.java.net/jeps/260
io.projectreactor,reactor-test,3.2.4.RELEASE,-,-,?,-,false,-
jakarta.json.bind,jakarta.json.bind-api,1.0.1,java.json.bind,-,explicit,java.base + java.json + java.logging,false,-
org.ops4j.pax.url,pax-url-aether,2.6.0,-,-,?,-,false,-
org.ops4j.pax.url,pax-url-aether-support,2.6.0,-,-,?,-,false,-
org.ops4j.pax.url,pax-url-assembly,2.6.0,-,-,?,-,false,-
org.ops4j.pax.url,pax-url-cache,2.6.0,-,-,?,-,false,-
org.ops4j.pax.url,pax-url-classpath,2.6.0,-,-,?,-,false,-
org.ops4j.pax.url,pax-url-commons,2.6.0,-,-,?,-,false,-
org.ops4j.pax.url,pax-url-dir,2.6.0,-,-,?,-,false,-
org.ops4j.pax.url,pax-url-link,2.6.0,-,-,?,-,false,-
org.ops4j.pax.url,pax-url-obr,2.6.0,-,-,?,-,false,-
org.ops4j.pax.url,pax-url-reference,2.6.0,-,-,?,-,false,-
org.ops4j.pax.url,pax-url-war,2.6.0,-,-,?,-,false,-
org.ops4j.pax.url,pax-url-wrap,2.6.0,-,-,?,-,false,-
org.smartboot.http,smart-http-server,1.0.10.1231-beta,-,-,?,-,false,-
org.zalando.spring,k8s-prestop-starter,1.0.0-beta-1,-,-,?,-,false,-
