groupId,artifactId,version,moduleName,moduleVersion,moduleMode,moduleDependencies,jdepsToolError,jdepsViolations
com.googlecode.aviator,aviator,4.1.0,-,-,?,-,false,-
com.imadcn.framework,common,1.1.11,-,-,?,-,false,-
com.kyleu,projectile_2.12,0.7.0,-,-,?,-,false,-
com.kyleu,projectile-export_2.12,0.7.0,-,-,?,-,false,-
com.kyleu,projectile-lib-auth_2.12,0.7.0,-,-,?,-,false,-
com.kyleu,projectile-lib-doobie_2.12,0.7.0,-,-,?,-,false,-
com.kyleu,projectile-lib-graphql_2.12,0.7.0,-,-,?,-,false,-
com.kyleu,projectile-lib-jdbc_2.12,0.7.0,-,-,?,-,false,-
com.kyleu,projectile-lib-play_2.12,0.7.0,-,-,?,-,false,-
com.kyleu,projectile-lib-scala_2.12,0.7.0,-,-,?,-,false,-
com.kyleu,projectile-lib-service_2.12,0.7.0,-,-,?,-,false,-
com.kyleu,projectile-lib-slick_2.12,0.7.0,-,-,?,-,false,-
com.kyleu,projectile-lib-tracing_2.12,0.7.0,-,-,?,-,false,-
