groupId,artifactId,version,moduleName,moduleVersion,moduleMode,moduleDependencies,jdepsToolError,jdepsViolations
com.budjb,http-requests-httpcomponents-client,2.0.3.BETA,-,-,?,-,false,-
com.budjb,http-requests-jersey1,2.0.3.BETA,-,-,?,-,false,-
com.github.saphyra,auth-service,1.0.1,-,-,?,-,false,-
com.github.vebqa,vebtal-pdf,0.9.7,-,-,?,-,false,-
com.google.cloud.bigtable,bigtable-beam-import,1.8.0,-,-,?,-,false,-
com.google.cloud.bigtable,bigtable-client-core,1.8.0,-,-,?,-,false,-
com.google.cloud.bigtable,bigtable-emulator-maven-plugin,1.8.0,-,-,?,-,false,-
com.google.cloud.bigtable,bigtable-hbase,1.8.0,-,-,?,-,false,-
com.google.cloud.bigtable,bigtable-hbase-1.x,1.8.0,-,-,?,-,false,-
com.google.cloud.bigtable,bigtable-hbase-1.x-hadoop,1.8.0,-,-,?,-,false,sun.misc.Unsafe                          See http://openjdk.java.net/jeps/260 + sun.security.x509.X500Name               Use javax.security.auth.x500.X500Principal @since 1.4
com.google.cloud.bigtable,bigtable-hbase-1.x-integration-tests,1.8.0,-,-,?,-,false,-
com.google.cloud.bigtable,bigtable-hbase-1.x-mapreduce,1.8.0,-,-,?,-,false,-
com.google.cloud.bigtable,bigtable-hbase-1.x-shaded,1.8.0,-,-,?,-,false,sun.misc.Unsafe                          See http://openjdk.java.net/jeps/260 + sun.security.x509.X500Name               Use javax.security.auth.x500.X500Principal @since 1.4
com.google.cloud.bigtable,bigtable-hbase-2.x,1.8.0,-,-,?,-,false,-
com.google.cloud.bigtable,bigtable-hbase-2.x-hadoop,1.8.0,-,-,?,-,false,sun.misc.Unsafe                          See http://openjdk.java.net/jeps/260 + sun.security.x509.X500Name               Use javax.security.auth.x500.X500Principal @since 1.4
com.google.cloud.bigtable,bigtable-hbase-2.x-integration-tests,1.8.0,-,-,?,-,false,-
com.google.cloud.bigtable,bigtable-hbase-2.x-shaded,1.8.0,-,-,?,-,false,sun.misc.Unsafe                          See http://openjdk.java.net/jeps/260 + sun.security.x509.X500Name               Use javax.security.auth.x500.X500Principal @since 1.4
com.google.cloud.bigtable,bigtable-hbase-beam,1.8.0,-,-,?,-,false,-
com.google.cloud.bigtable,bigtable-hbase-integration-tests-common,1.8.0,-,-,?,-,false,-
com.upokecenter,cbor,4.0.0-alpha2,-,-,?,-,false,-
io.circe,circe-config_2.11,0.6.0,-,-,?,-,false,-
io.circe,circe-config_2.12,0.6.0,-,-,?,-,false,-
io.circe,circe-config_2.13.0-M5,0.6.0,-,-,?,-,false,-
io.getnelson.nelson,api_2.11,0.12.158,-,-,?,-,false,-
io.getnelson.nelson,core_2.11,0.12.158,-,-,?,-,false,-
io.radanalytics,abstract-operator,0.4.10,-,-,?,-,false,-
io.shardingsphere,sharding-core,3.1.0,-,-,?,-,false,-
io.shardingsphere,sharding-jdbc-core,3.1.0,-,-,?,-,false,-
io.shardingsphere,sharding-jdbc-orchestration,3.1.0,-,-,?,-,false,-
io.shardingsphere,sharding-jdbc-orchestration-spring-boot-starter,3.1.0,-,-,?,-,false,-
io.shardingsphere,sharding-jdbc-orchestration-spring-namespace,3.1.0,-,-,?,-,false,-
io.shardingsphere,sharding-jdbc-spring-boot-starter,3.1.0,-,-,?,-,false,-
io.shardingsphere,sharding-jdbc-spring-namespace,3.1.0,-,-,?,-,false,-
io.shardingsphere,sharding-opentracing,3.1.0,-,-,?,-,false,-
io.shardingsphere,sharding-orchestration-core,3.1.0,-,-,?,-,false,-
io.shardingsphere,sharding-orchestration-reg-api,3.1.0,-,-,?,-,false,-
io.shardingsphere,sharding-orchestration-reg-etcd,3.1.0,-,-,?,-,false,-
io.shardingsphere,sharding-orchestration-reg-zookeeper-curator,3.1.0,-,-,?,-,false,-
io.shardingsphere,sharding-proxy,3.1.0,-,-,?,-,false,-
io.shardingsphere,sharding-sql-test,3.1.0,-,-,?,-,false,-
io.shardingsphere,sharding-transaction-2pc-spi,3.1.0,-,-,?,-,false,-
io.shardingsphere,sharding-transaction-2pc-xa,3.1.0,-,-,?,-,false,-
io.shardingsphere,sharding-transaction-core,3.1.0,-,-,?,-,false,-
io.shardingsphere,sharding-transaction-spring,3.1.0,-,-,?,-,false,-
io.shardingsphere,sharding-transaction-spring-boot-starter,3.1.0,-,-,?,-,false,-
org.keeber,esprit-api-client,0.3.4,-,-,?,-,false,-
org.scalameta,mdoc_2.12,1.2.3,-,-,?,-,false,-
org.scalameta,mdoc-docs_2.12,1.2.3,-,-,?,-,false,-
org.scalameta,mdoc-js_2.12,1.2.3,-,-,?,-,false,-
org.scalameta,mdoc-lsp_2.12,1.2.3,-,-,?,-,false,-
org.scalameta,mdoc-runtime_2.12,1.2.3,-,-,?,-,false,-
se.bjurr.violations,violation-comments-to-github-gradle-plugin,1.51,-,-,?,-,false,-
se.bjurr.violations,violation-comments-to-github-lib,1.64,-,-,?,-,false,-
se.bjurr.violations,violation-comments-to-github-maven-plugin,1.50,-,-,?,-,false,-
se.bjurr.violations,violation-comments-to-gitlab-gradle-plugin,1.25,-,-,?,-,false,-
se.bjurr.violations,violation-comments-to-gitlab-lib,1.56,-,-,?,-,false,-
se.bjurr.violations,violation-comments-to-gitlab-maven-plugin,1.27,-,-,?,-,false,-
za.co.absa,abris_2.11,2.2.2,-,-,?,-,false,-
