groupId,artifactId,version,moduleName,moduleVersion,moduleMode,moduleDependencies,jdepsToolError,jdepsViolations
com.crobox.clickhouse,client_2.11,0.8.11,-,-,?,-,false,-
com.crobox.clickhouse,client_2.12,0.8.11,-,-,?,-,false,-
com.crobox.clickhouse,dsl_2.12,0.8.11,-,-,?,-,false,-
com.crobox.clickhouse,testkit_2.11,0.8.11,-,-,?,-,false,-
com.crobox.clickhouse,testkit_2.12,0.8.11,-,-,?,-,false,-
com.ethlo.lamebda,lamebda-core,0.3.0,-,-,?,-,false,-
com.ethlo.lamebda,lamebda-servlet,0.3.0,-,-,?,-,false,-
com.ethlo.lamebda,lamebda-springmvc,0.3.0,-,-,?,-,false,-
com.ethlo.lamebda,lamebda-spring-web-starter,0.3.0,-,-,?,-,false,-
com.github.vh,skvs,1.0.1,-,-,?,-,false,-
com.gluonhq,strange,0.0.5,com.gluonhq.strange,-,explicit,java.base,false,-
com.jelastic,jelastic-public-j2se,5.6,-,-,?,-,false,-
com.mchange,consuela_2.10,0.0.11,-,-,?,-,false,-
com.mchange,consuela_2.11,0.0.11,-,-,?,-,false,-
com.mchange,consuela_2.12,0.0.11,-,-,?,-,false,-
com.polidea.rxandroidble2,dagger-library-shadow,1.8.0,-,-,?,-,false,-
com.qaprosoft,carina-api,6.0.5,-,-,?,-,false,-
com.qaprosoft,carina-aws-s3,6.0.5,-,-,?,-,false,-
com.qaprosoft,carina-commons,6.0.5,-,-,?,-,false,-
com.qaprosoft,carina-core,6.0.5,-,-,?,-,false,-
com.qaprosoft,carina-crypto,6.0.5,-,-,?,-,false,-
com.qaprosoft,carina-dataprovider,6.0.5,-,-,?,-,false,-
com.qaprosoft,carina-hockeyapp,6.0.5,-,-,?,-,false,-
com.qaprosoft,carina-proxy,6.0.5,-,-,?,-,false,-
com.qaprosoft,carina-reporting,6.0.5,-,-,?,-,false,-
com.qaprosoft,carina-utils,6.0.5,-,-,?,-,false,-
com.qaprosoft,carina-webdriver,6.0.5,-,-,?,-,false,-
com.signalfx.public,signalfx-trace-api,0.20.0-sfx0-beta1,-,-,?,-,false,-
com.signalfx.public,signalfx-trace-ot,0.20.0-sfx0-beta1,-,-,?,-,false,-
com.spotify.ffwd,ffwd-agent,0.4.2,org.apache.logging.log4j,-,explicit,java.base,false,-
com.spotify.ffwd,ffwd-api,0.4.2,-,-,?,-,false,-
com.spotify.ffwd,ffwd-core,0.4.2,-,-,?,-,false,-
com.spotify.ffwd,ffwd-module-carbon,0.4.2,-,-,?,-,false,-
com.spotify.ffwd,ffwd-module-http,0.4.2,-,-,?,-,false,-
com.spotify.ffwd,ffwd-module-json,0.4.2,-,-,?,-,false,-
com.spotify.ffwd,ffwd-module-kafka,0.4.2,-,-,?,-,false,-
com.spotify.ffwd,ffwd-module-protobuf,0.4.2,-,-,?,-,false,-
com.spotify.ffwd,ffwd-module-pubsub,0.4.2,-,-,?,-,false,sun.misc.Unsafe                          See http://openjdk.java.net/jeps/260 + sun.security.x509.X500Name               Use javax.security.auth.x500.X500Principal @since 1.4
com.spotify.ffwd,ffwd-module-riemann,0.4.2,-,-,?,-,false,-
com.spotify.ffwd,ffwd-module-signalfx,0.4.2,-,-,?,-,false,-
com.spotify.ffwd,ffwd-module-template,0.4.2,-,-,?,-,false,-
com.spotify.ffwd,ffwd-protobuf250,0.4.2,-,-,?,-,false,-
com.typesafe.akka,akka-http2-support_2.13.0-M5,10.1.7,akka.http.http2,-,automatic,-,false,-
com.typesafe.akka,akka-http-core_2.13.0-M5,10.1.7,akka.http.core,-,automatic,-,false,-
com.typesafe.akka,akka-parsing_2.13.0-M5,10.1.7,akka.http.parsing,-,automatic,-,false,-
fr.pilato.elasticsearch,elasticsearch-beyonder,6.5,-,-,?,-,false,-
io.radanalytics,abstract-operator,0.4.10,-,-,?,-,false,-
net.skobow,oauth2-restclient,0.2.0,-,-,?,-,false,-
net.skobow,oauth2-restclient-spring-boot-autoconfigure,0.2.0,-,-,?,-,false,-
net.skobow,oauth2-restclient-spring-boot-starter,0.2.0,-,-,?,-,false,-
net.wildfyre,wflib-java,0.8.0,-,-,?,-,false,-
no.nav.tjenestespesifikasjoner,aktorid-jaxws,1.2019.01.04-15.24-b819e9793a12,-,-,?,-,false,-
no.nav.tjenestespesifikasjoner,altinn-correspondence-agency-external,1.2019.01.04-15.24-b819e9793a12,-,-,?,-,false,-
no.nav.tjenestespesifikasjoner,altinn-download-queue-external,1.2019.01.04-15.24-b819e9793a12,-,-,?,-,false,-
no.nav.tjenestespesifikasjoner,altinn-pre-fill,1.2019.01.04-15.24-b819e9793a12,-,-,?,-,false,-
no.nav.tjenestespesifikasjoner,arbeidogaktivitet-tjenestespesifikasjon,1.2019.01.04-15.24-b819e9793a12,-,-,?,-,false,-
no.nav.tjenestespesifikasjoner,arbeidsfordeling-v1-tjenestespesifikasjon,1.2019.01.04-15.24-b819e9793a12,-,-,?,-,false,-
no.nav.tjenestespesifikasjoner,arbeidsforholdv3-tjenestespesifikasjon,1.2019.01.04-15.24-b819e9793a12,-,-,?,-,false,-
no.nav.tjenestespesifikasjoner,arena-arbeid-og-aktivitet,1.2019.01.04-15.24-b819e9793a12,-,-,?,-,false,-
no.nav.tjenestespesifikasjoner,arena-arbeid-og-aktivitet-gosys,1.2019.01.04-15.24-b819e9793a12,-,-,?,-,false,-
no.nav.tjenestespesifikasjoner,arena-maalgruppe_v1,1.2019.01.04-15.24-b819e9793a12,-,-,?,-,false,-
no.nav.tjenestespesifikasjoner,arena-personinfo-tjenestespesifikasjon,1.2019.01.04-15.24-b819e9793a12,-,-,?,-,false,-
no.nav.tjenestespesifikasjoner,arena-sakOgAktivitet_v1,1.2019.01.04-15.24-b819e9793a12,-,-,?,-,false,-
no.nav.tjenestespesifikasjoner,behandleArbeidOgAktivitetOppgave-v1-tjenestespesifikasjon,1.2019.01.04-15.24-b819e9793a12,-,-,?,-,false,-
no.nav.tjenestespesifikasjoner,behandledokumentforsendelse-v1-tjenestespesifikasjon,1.2019.01.04-15.24-b819e9793a12,-,-,?,-,false,-
no.nav.tjenestespesifikasjoner,behandleforeldrepengesak-v1-tjenestespesifikasjon,1.2019.01.04-15.24-b819e9793a12,-,-,?,-,false,-
no.nav.tjenestespesifikasjoner,behandleForsendelse-udi-brevdata,1.2019.01.04-15.24-b819e9793a12,-,-,?,-,false,-
no.nav.tjenestespesifikasjoner,behandleForsendelse-v1,1.2019.01.04-15.24-b819e9793a12,-,-,?,-,false,-
no.nav.tjenestespesifikasjoner,behandle-henvendelse,1.2019.01.04-15.24-b819e9793a12,-,-,?,-,false,-
no.nav.tjenestespesifikasjoner,behandleJournal-jaxws,1.2019.01.04-15.24-b819e9793a12,-,-,?,-,false,-
no.nav.tjenestespesifikasjoner,behandle-medlemskap-v1-tjenestespesifikasjon,1.2019.01.04-15.24-b819e9793a12,-,-,?,-,false,-
no.nav.tjenestespesifikasjoner,behandle-moetev1-tjenestespesifikasjon,1.2019.01.04-15.24-b819e9793a12,-,-,?,-,false,-
no.nav.tjenestespesifikasjoner,behandleoppgave-v1-tjenestespesifikasjon,1.2019.01.04-15.24-b819e9793a12,-,-,?,-,false,-
no.nav.tjenestespesifikasjoner,behandle-person-v1-tjenestespesifikasjon,1.2019.01.04-15.24-b819e9793a12,-,-,?,-,false,-
no.nav.tjenestespesifikasjoner,behandlesak-v2-tjenestespesifikasjon,1.2019.01.04-15.24-b819e9793a12,-,-,?,-,false,-
no.nav.tjenestespesifikasjoner,behandle-sykefravaersoppfoelgingv1-tjenestespesifikasjon,1.2019.01.04-15.24-b819e9793a12,-,-,?,-,false,-
no.nav.tjenestespesifikasjoner,behandle-sykmeldingv1-tjenestespesifikasjon,1.2019.01.04-15.24-b819e9793a12,-,-,?,-,false,-
no.nav.tjenestespesifikasjoner,besvare-henvendelse-tjenestespesifikasjon,1.2019.01.04-15.24-b819e9793a12,-,-,?,-,false,-
no.nav.tjenestespesifikasjoner,brukerdialog-behandleAktivitetsplan-v1-tjenestespesifikasjon,1.2019.01.04-15.24-b819e9793a12,-,-,?,-,false,-
no.nav.tjenestespesifikasjoner,brukerprofil-tjenestespesifikasjon,1.2019.01.04-15.24-b819e9793a12,-,-,?,-,false,-
no.nav.tjenestespesifikasjoner,brukerprofil-v2-tjenestespesifikasjon,1.2019.01.04-15.24-b819e9793a12,-,-,?,-,false,-
no.nav.tjenestespesifikasjoner,brukerprofil-v3-tjenestespesifikasjon,1.2019.01.04-15.24-b819e9793a12,-,-,?,-,false,-
no.nav.tjenestespesifikasjoner,brukervarsel-v1-tjenestespesifikasjon,1.2019.01.04-15.24-b819e9793a12,-,-,?,-,false,-
no.nav.tjenestespesifikasjoner,cons-sak-gosys-tjenestespesifikasjon,1.2019.01.04-15.24-b819e9793a12,-,-,?,-,false,-
no.nav.tjenestespesifikasjoner,dial-nav-tjeneste-aktoer_v2,1.2019.01.04-15.24-b819e9793a12,-,-,?,-,false,-
no.nav.tjenestespesifikasjoner,dial-nav-tjeneste-behandlesak,1.2019.01.04-15.24-b819e9793a12,-,-,?,-,false,-
no.nav.tjenestespesifikasjoner,dial-nav-tjeneste-pensjonSak,1.2019.01.04-15.24-b819e9793a12,-,-,?,-,false,-
no.nav.tjenestespesifikasjoner,dial-nav-tjeneste-sak,1.2019.01.04-15.24-b819e9793a12,-,-,?,-,false,-
no.nav.tjenestespesifikasjoner,dialogarena-behandlingsinformasjon,1.2019.01.04-15.24-b819e9793a12,-,-,?,-,false,-
no.nav.tjenestespesifikasjoner,dialog-v1-tjenestespesifikasjon,1.2019.01.04-15.24-b819e9793a12,-,-,?,-,false,-
no.nav.tjenestespesifikasjoner,digisyfo-naermesteLeder,1.2019.01.04-15.24-b819e9793a12,-,-,?,-,false,-
no.nav.tjenestespesifikasjoner,digisyfo-sykmelding,1.2019.01.04-15.24-b819e9793a12,-,-,?,-,false,-
no.nav.tjenestespesifikasjoner,diskresjonskodev1-tjenestespesifikasjon,1.2019.01.04-15.24-b819e9793a12,-,-,?,-,false,-
no.nav.tjenestespesifikasjoner,dkif-tjenestespesifikasjon,1.2019.01.04-15.24-b819e9793a12,-,-,?,-,false,-
no.nav.tjenestespesifikasjoner,dokumentforsendelse-v1-meldingsdefinisjon,1.2019.01.04-15.24-b819e9793a12,-,-,?,-,false,-
no.nav.tjenestespesifikasjoner,dokumentinfo-tjenestespesifikasjon,1.2019.01.04-15.24-b819e9793a12,-,-,?,-,false,-
no.nav.tjenestespesifikasjoner,dokumentinnsending-jaxws,1.2019.01.04-15.24-b819e9793a12,-,-,?,-,false,-
no.nav.tjenestespesifikasjoner,dokumentproduksjon-v2-tjenestespesifikasjon,1.2019.01.04-15.24-b819e9793a12,-,-,?,-,false,-
no.nav.tjenestespesifikasjoner,dokumentproduksjon-v3-tjenestespesifikasjon,1.2019.01.04-15.24-b819e9793a12,-,-,?,-,false,-
no.nav.tjenestespesifikasjoner,egenansatt-v1-tjenestespesifikasjon,1.2019.01.04-15.24-b819e9793a12,-,-,?,-,false,-
no.nav.tjenestespesifikasjoner,ekstern-helse-helsepersonell-tjenestespesifikasjon,1.2019.01.04-15.24-b819e9793a12,-,-,?,-,false,-
no.nav.tjenestespesifikasjoner,elektronisknotifikasjon-utsending-tjenestespesifikasjon,1.2019.01.04-15.24-b819e9793a12,-,-,?,-,false,-
no.nav.tjenestespesifikasjoner,enhet-v1-tjenestespesifikasjon,1.2019.01.04-15.24-b819e9793a12,-,-,?,-,false,-
no.nav.tjenestespesifikasjoner,fillager-tjenestespesifikasjon,1.2019.01.04-15.24-b819e9793a12,-,-,?,-,false,-
no.nav.tjenestespesifikasjoner,foreldrepengesak-v1-tjenestespesifikasjon,1.2019.01.04-15.24-b819e9793a12,-,-,?,-,false,-
no.nav.tjenestespesifikasjoner,gsak-oppgave-tjenestespesifikasjon,1.2019.01.04-15.24-b819e9793a12,-,-,?,-,false,-
no.nav.tjenestespesifikasjoner,henvendelse-arkivering-aktivitet,1.2019.01.04-15.24-b819e9793a12,-,-,?,-,false,-
no.nav.tjenestespesifikasjoner,henvendelse-arkivering-common,1.2019.01.04-15.24-b819e9793a12,-,-,?,-,false,-
no.nav.tjenestespesifikasjoner,henvendelse-arkivering-informasjon,1.2019.01.04-15.24-b819e9793a12,-,-,?,-,false,-
no.nav.tjenestespesifikasjoner,henvendelse-behandlingsresultat,1.2019.01.04-15.24-b819e9793a12,-,-,?,-,false,-
no.nav.tjenestespesifikasjoner,henvendelse-felles-tjenestespesifikasjon,1.2019.01.04-15.24-b819e9793a12,-,-,?,-,false,-
no.nav.tjenestespesifikasjoner,henvendelse-informasjon-v2,1.2019.01.04-15.24-b819e9793a12,-,-,?,-,false,-
no.nav.tjenestespesifikasjoner,henvendelse-jaxws,1.2019.01.04-15.24-b819e9793a12,-,-,?,-,false,-
no.nav.tjenestespesifikasjoner,henvendelse-meldinger-tjenestespesifikasjon,1.2019.01.04-15.24-b819e9793a12,-,-,?,-,false,-
no.nav.tjenestespesifikasjoner,henvendelse-soknader-tjenestespesifikasjon,1.2019.01.04-15.24-b819e9793a12,-,-,?,-,false,-
no.nav.tjenestespesifikasjoner,innsyn-henvendelse,1.2019.01.04-15.24-b819e9793a12,-,-,?,-,false,-
no.nav.tjenestespesifikasjoner,innsynjournal-tjenestespesifikasjon,1.2019.01.04-15.24-b819e9793a12,-,-,?,-,false,-
no.nav.tjenestespesifikasjoner,institusjon-v1-tjenestespesifikasjon,1.2019.01.04-15.24-b819e9793a12,-,-,?,-,false,-
no.nav.tjenestespesifikasjoner,jaxb-adapters,1.2019.01.04-15.24-b819e9793a12,-,-,?,-,false,-
no.nav.tjenestespesifikasjoner,joark-tjenestespesifikasjon,1.2019.01.04-15.24-b819e9793a12,-,-,?,-,false,-
no.nav.tjenestespesifikasjoner,journal-v1-tjenestespesifikasjon,1.2019.01.04-15.24-b819e9793a12,-,-,?,-,false,-
no.nav.tjenestespesifikasjoner,juridisk-logg,1.2019.01.04-15.24-b819e9793a12,-,-,?,-,false,-
no.nav.tjenestespesifikasjoner,kodeverk-tjenestespesifikasjon,1.2019.01.04-15.24-b819e9793a12,-,-,?,-,false,-
no.nav.tjenestespesifikasjoner,medlemskap-v1-tjenestespesifikasjon,1.2019.01.04-15.24-b819e9793a12,-,-,?,-,false,-
no.nav.tjenestespesifikasjoner,moetev1-tjenestespesifikasjon,1.2019.01.04-15.24-b819e9793a12,-,-,?,-,false,-
no.nav.tjenestespesifikasjoner,nav-fim-aktoer-v1-tjenestespesifikasjon,1.2019.01.04-15.24-b819e9793a12,-,-,?,-,false,-
no.nav.tjenestespesifikasjoner,nav-fim-aktoer-v2-tjenestespesifikasjon,1.2019.01.04-15.24-b819e9793a12,-,-,?,-,false,-
no.nav.tjenestespesifikasjoner,nav-fim-arbeidsforhold-v1-tjenestespesifikasjon,1.2019.01.04-15.24-b819e9793a12,-,-,?,-,false,-
no.nav.tjenestespesifikasjoner,nav-fim-behandleBrukerprofil-v1-tjenestespesifikasjon,1.2019.01.04-15.24-b819e9793a12,-,-,?,-,false,-
no.nav.tjenestespesifikasjoner,nav-fim-behandleJournal-v1-tjenestespesifikasjon,1.2019.01.04-15.24-b819e9793a12,-,-,?,-,false,-
no.nav.tjenestespesifikasjoner,nav-fim-behandleSakOgBehandling-v1-tjenestespesifikasjon,1.2019.01.04-15.24-b819e9793a12,-,-,?,-,false,-
no.nav.tjenestespesifikasjoner,nav-fim-brukerhendelse-v1-tjenestespesifikasjon,1.2019.01.04-15.24-b819e9793a12,-,-,?,-,false,-
no.nav.tjenestespesifikasjoner,nav-fim-brukerprofil-v1-tjenestespesifikasjon,1.2019.01.04-15.24-b819e9793a12,-,-,?,-,false,-
no.nav.tjenestespesifikasjoner,nav-fim-coma-v2-tjenestespesifikasjon,1.2019.01.04-15.24-b819e9793a12,-,-,?,-,false,-
no.nav.tjenestespesifikasjoner,nav-fim-draco-v2-tjenestespesifikasjon,1.2019.01.04-15.24-b819e9793a12,-,-,?,-,false,-
no.nav.tjenestespesifikasjoner,nav-fim-echo-tjenestespesifikasjon,1.2019.01.04-15.24-b819e9793a12,-,-,?,-,false,-
no.nav.tjenestespesifikasjoner,nav-fim-foreldrepenger-v1-tjenestespesifikasjon,1.2019.01.04-15.24-b819e9793a12,-,-,?,-,false,-
no.nav.tjenestespesifikasjoner,nav-fim-henvendelsesbehandling-tjenestespesifikasjon,1.2019.01.04-15.24-b819e9793a12,-,-,?,-,false,-
no.nav.tjenestespesifikasjoner,nav-fim-inntekt-v3-tjenestespesifikasjon,1.2019.01.04-15.24-b819e9793a12,-,-,?,-,false,-
no.nav.tjenestespesifikasjoner,nav-fim-journal-v1-tjenestespesifikasjon,1.2019.01.04-15.24-b819e9793a12,-,-,?,-,false,-
no.nav.tjenestespesifikasjoner,nav-fim-kodeverk-v1-tjenestespesifikasjon,1.2019.01.04-15.24-b819e9793a12,-,-,?,-,false,-
no.nav.tjenestespesifikasjoner,nav-fim-oppfoelging-v1-tjenestespesifikasjon,1.2019.01.04-15.24-b819e9793a12,-,-,?,-,false,-
no.nav.tjenestespesifikasjoner,nav-fim-oppfolging-v1-tjenestespesifikasjon,1.2019.01.04-15.24-b819e9793a12,-,-,?,-,false,-
no.nav.tjenestespesifikasjoner,nav-fim-organisasjon-v1-tjenestespesifikasjon,1.2019.01.04-15.24-b819e9793a12,-,-,?,-,false,-
no.nav.tjenestespesifikasjoner,nav-fim-organisasjon-v2-tjenestespesifikasjon,1.2019.01.04-15.24-b819e9793a12,-,-,?,-,false,-
no.nav.tjenestespesifikasjoner,nav-fim-organisasjon-v5-tjenestespesifikasjon,1.2019.01.04-15.24-b819e9793a12,-,-,?,-,false,-
no.nav.tjenestespesifikasjoner,nav-fim-personsok-v1-tjenestespesifikasjon,1.2019.01.04-15.24-b819e9793a12,-,-,?,-,false,-
no.nav.tjenestespesifikasjoner,nav-fim-person-v1-tjenestespesifikasjon,1.2019.01.04-15.24-b819e9793a12,-,-,?,-,false,-
no.nav.tjenestespesifikasjoner,nav-fim-sakOgBehandling-v1-tjenestespesifikasjon,1.2019.01.04-15.24-b819e9793a12,-,-,?,-,false,-
no.nav.tjenestespesifikasjoner,nav-fim-sykepenger-v1-tjenestespesifikasjon,1.2019.01.04-15.24-b819e9793a12,-,-,?,-,false,-
no.nav.tjenestespesifikasjoner,nav-fim-virgo-v1-tjenestespesifikasjon,1.2019.01.04-15.24-b819e9793a12,-,-,?,-,false,-
no.nav.tjenestespesifikasjoner,nav-fim-virgo-v2-tjenestespesifikasjon,1.2019.01.04-15.24-b819e9793a12,-,-,?,-,false,-
no.nav.tjenestespesifikasjoner,nav-fim-ytelseskontrakt-v1-tjenestespesifikasjon,1.2019.01.04-15.24-b819e9793a12,-,-,?,-,false,-
no.nav.tjenestespesifikasjoner,nav-fim-ytelse-v1-tjenestespesifikasjon,1.2019.01.04-15.24-b819e9793a12,-,-,?,-,false,-
no.nav.tjenestespesifikasjoner,nav-hentsykepengeliste-v2-tjenestespesifikasjon,1.2019.01.04-15.24-b819e9793a12,-,-,?,-,false,-
no.nav.tjenestespesifikasjoner,nav-pip-diskresjonskode-tjenestespesifikasjon,1.2019.01.04-15.24-b819e9793a12,-,-,?,-,false,-
no.nav.tjenestespesifikasjoner,nav-pip-pipEgenAnsatt-v1-tjenestespesifikasjon,1.2019.01.04-15.24-b819e9793a12,-,-,?,-,false,-
no.nav.tjenestespesifikasjoner,nav-virksomhet-loependeYtelser-v1-meldingsdefinisjon,1.2019.01.04-15.24-b819e9793a12,-,-,?,-,false,-
no.nav.tjenestespesifikasjoner,nav-virksomhet-tiltakOgAktiviteterForBrukere-v1-meldingsdefinisjon,1.2019.01.04-15.24-b819e9793a12,-,-,?,-,false,-
no.nav.tjenestespesifikasjoner,notat-tjenestespesifikasjon,1.2019.01.04-15.24-b819e9793a12,-,-,?,-,false,-
no.nav.tjenestespesifikasjoner,oppfoelging-v1-tjenestespesifikasjon,1.2019.01.04-15.24-b819e9793a12,-,-,?,-,false,-
no.nav.tjenestespesifikasjoner,oppfolgingsinfo-v1-tjenestespesifikasjon,1.2019.01.04-15.24-b819e9793a12,-,-,?,-,false,-
no.nav.tjenestespesifikasjoner,oppgavebehandling-tjenestespesifikasjon,1.2019.01.04-15.24-b819e9793a12,-,-,?,-,false,-
no.nav.tjenestespesifikasjoner,oppgavebehandling-v3-tjenestespesifikasjon,1.2019.01.04-15.24-b819e9793a12,-,-,?,-,false,-
no.nav.tjenestespesifikasjoner,oppgave-v3-tjenestespesifikasjon,1.2019.01.04-15.24-b819e9793a12,-,-,?,-,false,-
no.nav.tjenestespesifikasjoner,organisasjonenhetkontaktinformasjon-v1-tjenestespesifikasjon,1.2019.01.04-15.24-b819e9793a12,-,-,?,-,false,-
no.nav.tjenestespesifikasjoner,organisasjonenhetkontaktinformasjon-v2-tjenestespesifikasjon,1.2019.01.04-15.24-b819e9793a12,-,-,?,-,false,-
no.nav.tjenestespesifikasjoner,organisasjonenhet-v1-tjenestespesifikasjon,1.2019.01.04-15.24-b819e9793a12,-,-,?,-,false,-
no.nav.tjenestespesifikasjoner,organisasjonenhet-v2-tjenestespesifikasjon,1.2019.01.04-15.24-b819e9793a12,-,-,?,-,false,-
no.nav.tjenestespesifikasjoner,organisasjon-ressurs-enhet-v1-tjenestespesifikasjon,1.2019.01.04-15.24-b819e9793a12,-,-,?,-,false,-
no.nav.tjenestespesifikasjoner,organisasjonv4-tjenestespesifikasjon,1.2019.01.04-15.24-b819e9793a12,-,-,?,-,false,-
no.nav.tjenestespesifikasjoner,pensjonsak-esb-tjenestespesifikasjon,1.2019.01.04-15.24-b819e9793a12,-,-,?,-,false,-
no.nav.tjenestespesifikasjoner,pensjon-sak-v1-tjenestespesifikasjon,1.2019.01.04-15.24-b819e9793a12,-,-,?,-,false,-
no.nav.tjenestespesifikasjoner,person-sammenslaatt-v1,1.2019.01.04-15.24-b819e9793a12,-,-,?,-,false,-
no.nav.tjenestespesifikasjoner,personsok-esb-tjenestespesifikasjon,1.2019.01.04-15.24-b819e9793a12,-,-,?,-,false,-
no.nav.tjenestespesifikasjoner,person-splittet-v1,1.2019.01.04-15.24-b819e9793a12,-,-,?,-,false,-
no.nav.tjenestespesifikasjoner,person-v1-esb-tjenestespesifikasjon,1.2019.01.04-15.24-b819e9793a12,-,-,?,-,false,-
no.nav.tjenestespesifikasjoner,person-v2-tjenestespesifikasjon,1.2019.01.04-15.24-b819e9793a12,-,-,?,-,false,-
no.nav.tjenestespesifikasjoner,person-v3-tjenestespesifikasjon,1.2019.01.04-15.24-b819e9793a12,-,-,?,-,false,-
no.nav.tjenestespesifikasjoner,pleiepenger-v1-tjenestespesifikasjon,1.2019.01.04-15.24-b819e9793a12,-,-,?,-,false,-
no.nav.tjenestespesifikasjoner,sakogbehandling-tjenestespesifikasjon,1.2019.01.04-15.24-b819e9793a12,-,-,?,-,false,-
no.nav.tjenestespesifikasjoner,sak-v2-tjenestespesifikasjon,1.2019.01.04-15.24-b819e9793a12,-,-,?,-,false,-
no.nav.tjenestespesifikasjoner,sanntidpdfkonverter,1.2019.01.04-15.24-b819e9793a12,-,-,?,-,false,-
no.nav.tjenestespesifikasjoner,send-inn-henvendelse,1.2019.01.04-15.24-b819e9793a12,-,-,?,-,false,-
no.nav.tjenestespesifikasjoner,sendsoknad-tjenestespesifikasjon,1.2019.01.04-15.24-b819e9793a12,-,-,?,-,false,-
no.nav.tjenestespesifikasjoner,send-ut-henvendelse,1.2019.01.04-15.24-b819e9793a12,-,-,?,-,false,-
no.nav.tjenestespesifikasjoner,soeknadsskjemaEngangsstoenad-v1-meldingsdefinisjon,1.2019.01.04-15.24-b819e9793a12,-,-,?,-,false,-
no.nav.tjenestespesifikasjoner,soeknadsskjemaSosialhjelp-v1-meldingsdefinisjon,1.2019.01.04-15.24-b819e9793a12,-,-,?,-,false,-
no.nav.tjenestespesifikasjoner,soeknadsskjemaSosialhjelp-v1-saksoversiktdefinisjon,1.2019.01.04-15.24-b819e9793a12,-,-,?,-,false,-
no.nav.tjenestespesifikasjoner,soeknadsskjemaSosialhjelp-v1-soknaddefinisjon,1.2019.01.04-15.24-b819e9793a12,-,-,?,-,false,-
no.nav.tjenestespesifikasjoner,soeknadsskjemaSosialhjelp-v1-vedleggdefinisjon,1.2019.01.04-15.24-b819e9793a12,-,-,?,-,false,-
no.nav.tjenestespesifikasjoner,sporsmalinnsending-tjenestespesifikasjon,1.2019.01.04-15.24-b819e9793a12,-,-,?,-,false,-
no.nav.tjenestespesifikasjoner,startregistreringstatus-v1-tjenestespesifikasjon,1.2019.01.04-15.24-b819e9793a12,-,-,?,-,false,-
no.nav.tjenestespesifikasjoner,svarut-ks-forsendelsesservice,1.2019.01.04-15.24-b819e9793a12,-,-,?,-,false,-
no.nav.tjenestespesifikasjoner,sykefravaersoppfoelgingv1-tjenestespesifikasjon,1.2019.01.04-15.24-b819e9793a12,-,-,?,-,false,-
no.nav.tjenestespesifikasjoner,sykmelderstatistikk-tjenestespesifikasjon,1.2019.01.04-15.24-b819e9793a12,-,-,?,-,false,-
no.nav.tjenestespesifikasjoner,sykmeldingv1-tjenestespesifikasjon,1.2019.01.04-15.24-b819e9793a12,-,-,?,-,false,-
no.nav.tjenestespesifikasjoner,testvarsel-opprettelse,1.2019.01.04-15.24-b819e9793a12,-,-,?,-,false,-
no.nav.tjenestespesifikasjoner,tildeloppgave-v1-tjenestespesifikasjon,1.2019.01.04-15.24-b819e9793a12,-,-,?,-,false,-
no.nav.tjenestespesifikasjoner,tmp-nav-fim-hendelse-v1,1.2019.01.04-15.24-b819e9793a12,-,-,?,-,false,-
no.nav.tjenestespesifikasjoner,tps-distribusjonsmelding,1.2019.01.04-15.24-b819e9793a12,-,-,?,-,false,-
no.nav.tjenestespesifikasjoner,udi-personstatus-v1,1.2019.01.04-15.24-b819e9793a12,-,-,?,-,false,-
no.nav.tjenestespesifikasjoner,utbetaling-tjenestespesifikasjon,1.2019.01.04-15.24-b819e9793a12,-,-,?,-,false,-
no.nav.tjenestespesifikasjoner,utenrikstjenesten-tjenestespesifikasjon,1.2019.01.04-15.24-b819e9793a12,-,-,?,-,false,-
no.nav.tjenestespesifikasjoner,varseldittnav-tjenestespesifikasjon,1.2019.01.04-15.24-b819e9793a12,-,-,?,-,false,-
no.nav.tjenestespesifikasjoner,varsel-inn,1.2019.01.04-15.24-b819e9793a12,-,-,?,-,false,-
no.nav.tjenestespesifikasjoner,varselkvittering,1.2019.01.04-15.24-b819e9793a12,-,-,?,-,false,-
no.nav.tjenestespesifikasjoner,varseltekster,1.2019.01.04-15.24-b819e9793a12,-,-,?,-,false,-
no.nav.tjenestespesifikasjoner,varselutsending,1.2019.01.04-15.24-b819e9793a12,-,-,?,-,false,-
no.nav.tjenestespesifikasjoner,varsler,1.2019.01.04-15.24-b819e9793a12,-,-,?,-,false,-
no.nav.tjenestespesifikasjoner,veiledervarsel,1.2019.01.04-15.24-b819e9793a12,-,-,?,-,false,-
no.nav.tjenestespesifikasjoner,ytelseskontrakt-v3-tjenestespesifikasjon,1.2019.01.04-15.24-b819e9793a12,-,-,?,-,false,-
org.clojure,tools.deps.alpha,0.6.480,-,-,?,-,false,-
