groupId,artifactId,version,moduleName,moduleVersion,moduleMode,moduleDependencies,jdepsToolError,jdepsViolations
com.ardikars.common,common,1.2.6.RC7,-,-,?,-,false,-
com.ardikars.common,common-annotation,1.2.6.RC7,-,-,?,-,false,-
com.ardikars.common,common-constant,1.2.6.RC7,-,-,?,-,false,-
com.ardikars.common,common-logging,1.2.6.RC7,-,-,?,-,false,-
com.ardikars.common,common-net,1.2.6.RC7,-,-,?,-,false,-
com.ardikars.common,common-tuple,1.2.6.RC7,-,-,?,-,false,-
com.ardikars.common,common-util,1.2.6.RC7,-,-,?,-,false,sun.misc.Unsafe                          See http://openjdk.java.net/jeps/260
com.ardikars.jxnet,jxnet,1.5.3.RC2,-,-,?,-,false,-
com.ardikars.jxnet,jxnet-benchmark,1.5.3.RC2,-,-,?,-,false,-
com.ardikars.jxnet,jxnet-context,1.5.3.RC2,-,-,?,-,false,-
com.ardikars.jxnet,jxnet-core,1.5.3.RC2,-,-,?,-,false,-
com.ardikars.jxnet,jxnet-example,1.5.3.RC2,-,-,?,-,false,-
com.ardikars.jxnet,jxnet-spring-boot-autoconfigure,1.5.3.RC2,-,-,?,-,false,-
com.ardikars.jxnet,jxnet-spring-boot-starter,1.5.3.RC2,-,-,?,-,false,-
com.ardikars.jxnet,jxnet-spring-boot-starter-example,1.5.3.RC2,-,-,?,-,false,-
com.github.fishlikewater,schedule-client,1.0.0.RELEASE,-,-,?,-,false,-
com.github.fishlikewater,schedule-common,1.0.0.RELEASE,-,-,?,-,false,-
com.github.fishlikewater,schedule-server,1.0.0.RELEASE,-,-,?,-,false,-
com.github.fishlikewater,spring-boot-schedule-client-stater,0.0.1.RELEASE,-,-,?,-,false,-
com.github.fishlikewater,spring-boot-schedule-server-stater,0.0.1.RELEASE,-,-,?,-,false,-
com.github.youtongluan,sumk,1.9.0,-,-,?,-,false,-
com.github.youtongluan,sumk-tool,1.9.0,-,-,?,-,false,-
de.kgrupp,inoks-java-monads,0.8.0.1,inoks.java.monads,-,explicit,java.base,false,-
de.kgrupp,inoks-java-utils,0.8.1.1,inoks.java.utils,-,explicit,annotations + com.fasterxml.jackson.core + com.fasterxml.jackson.databind + com.fasterxml.jackson.datatype.joda + com.fasterxml.jackson.datatype.jsr310 + inoks.java.monads + java.base + java.logging + java.xml,false,-
io.xream.x7,spring-boot-starter-x7,1.5.6.RELEASE,-,-,?,-,false,-
io.xream.x7,x7-config,1.5.6.RELEASE,-,-,?,-,false,-
io.xream.x7,x7-core,1.5.6.RELEASE,-,-,?,-,false,-
io.xream.x7,x7-repository,1.5.6.RELEASE,-,-,?,-,false,-
net.oschina.likaixuan,excelutil,2.0.2,-,-,?,-,false,-
