groupId,artifactId,version,moduleName,moduleVersion,moduleMode,moduleDependencies,jdepsToolError,jdepsViolations
ca.qc.ircm,generate-property-names,0.5,-,-,?,-,false,-
com.blackducksoftware.integration,hub-imageinspector-lib,8.1.1,-,-,?,-,false,-
com.frightanic,open-data-smn,1.5.0,-,-,?,-,false,sun.misc.Unsafe                          See http://openjdk.java.net/jeps/260 + sun.reflect.Reflection                   Use java.lang.StackWalker @since 9 + sun.reflect.generics.reflectiveObjects.ParameterizedTypeImpl Removed. See http://openjdk.java.net/jeps/260 + sun.reflect.generics.reflectiveObjects.TypeVariableImpl Removed. See http://openjdk.java.net/jeps/260
com.microsoft.azure,azure-cosmosdb-spark_2.3.0_2.11,1.3.3,-,-,?,-,false,-
com.netflix.nebula,gradle-lint-plugin,10.4.1,-,-,?,-,false,-
com.roscopeco.moxy,moxy-annotations,0.92.1,-,-,?,-,false,-
com.roscopeco.moxy,moxy-core,0.92.1,-,-,?,-,false,sun.misc.Unsafe                          See http://openjdk.java.net/jeps/260
com.roscopeco.moxy,moxy-junit5,0.92.1,-,-,?,-,false,-
com.squareup.sqldelight,core,1.0.0-rc7,-,-,?,-,false,-
com.squareup.sqldelight,gradle-plugin,1.0.0-rc7,-,-,?,-,false,com.apple.eawt.AboutHandler              Use java.awt.Desktop and JEP 272 @since 9 + com.apple.eawt.AppEvent                  Use java.awt.Desktop and JEP 272 @since 9 + com.apple.eawt.AppEvent$AboutEvent       Use java.awt.Desktop and JEP 272 @since 9 + com.apple.eawt.AppEvent$FullScreenEvent  Use java.awt.Desktop and JEP 272 @since 9 + com.apple.eawt.AppEvent$OpenFilesEvent   Use java.awt.Desktop and JEP 272 @since 9 + com.apple.eawt.AppEvent$OpenURIEvent     Use java.awt.Desktop and JEP 272 @since 9 + com.apple.eawt.AppEvent$PreferencesEvent Use java.awt.Desktop and JEP 272 @since 9 + com.apple.eawt.AppEvent$QuitEvent        Use java.awt.Desktop and JEP 272 @since 9 + com.apple.eawt.Application               Use java.awt.Desktop and JEP 272 @since 9 + com.apple.eawt.FullScreenAdapter         Use java.awt.Desktop and JEP 272 @since 9 + com.apple.eawt.FullScreenListener        Use java.awt.Desktop and JEP 272 @since 9 + com.apple.eawt.FullScreenUtilities       Use java.awt.Desktop and JEP 272 @since 9 + com.apple.eawt.OpenFilesHandler          Use java.awt.Desktop and JEP 272 @since 9 + com.apple.eawt.OpenURIHandler            Use java.awt.Desktop and JEP 272 @since 9 + com.apple.eawt.PreferencesHandler        Use java.awt.Desktop and JEP 272 @since 9 + com.apple.eawt.QuitHandler               Use java.awt.Desktop and JEP 272 @since 9 + com.apple.eawt.QuitResponse              Use java.awt.Desktop and JEP 272 @since 9 + com.apple.eawt.event.GestureAdapter      Use java.awt.Desktop and JEP 272 @since 9 + com.apple.eawt.event.GestureListener     Use java.awt.Desktop and JEP 272 @since 9 + com.apple.eawt.event.GesturePhaseEvent   Use java.awt.Desktop and JEP 272 @since 9 + com.apple.eawt.event.GestureUtilities    Use java.awt.Desktop and JEP 272 @since 9 + com.apple.eawt.event.MagnificationEvent  Use java.awt.Desktop and JEP 272 @since 9 + com.apple.eawt.event.PressureEvent       Use java.awt.Desktop and JEP 272 @since 9 + com.apple.eawt.event.PressureListener    Use java.awt.Desktop and JEP 272 @since 9 + com.apple.eawt.event.SwipeEvent          Use java.awt.Desktop and JEP 272 @since 9 + java.awt.peer.ComponentPeer              Should not use. See https://bugs.openjdk.java.net/browse/JDK-8037739 + java.awt.peer.FramePeer                  Should not use. See https://bugs.openjdk.java.net/browse/JDK-8037739 + sun.misc.Cleaner                         Use java.lang.ref.PhantomReference @since 1.2 or java.lang.ref.Cleaner @since 9 + sun.misc.Contended                       Removed. See http://openjdk.java.net/jeps/260 + sun.misc.Unsafe                          See http://openjdk.java.net/jeps/260 + sun.misc.VMSupport                       Removed. See http://openjdk.java.net/jeps/260
com.squareup.sqldelight,idea-plugin,1.0.0-rc7,-,-,?,-,false,-
com.squareup.sqldelight,ios-driver-metadata,1.0.0-rc7,-,-,?,-,false,-
com.squareup.sqldelight,migrations,1.0.0-rc7,-,-,?,-,false,-
com.squareup.sqldelight,runtime-js,1.0.0-rc7,-,-,?,-,false,-
com.squareup.sqldelight,runtime-jvm,1.0.0-rc7,-,-,?,-,false,-
com.squareup.sqldelight,runtime-metadata,1.0.0-rc7,-,-,?,-,false,-
com.squareup.sqldelight,rxjava2-extensions,1.0.0-rc7,-,-,?,-,false,-
com.squareup.sqldelight,sqlite-driver,1.0.0-rc7,-,-,?,-,false,-
eu.cdevreeze.tqa,tqa_2.11,0.8.10,-,-,?,-,false,-
eu.cdevreeze.tqa,tqa_2.12,0.8.10,-,-,?,-,false,-
eu.cdevreeze.tqa,tqa_sjs0.6_2.11,0.8.10,-,-,?,-,false,-
eu.cdevreeze.tqa,tqa_sjs0.6_2.12,0.8.10,-,-,?,-,false,-
net.mostlyoriginal.artemis-odb,contrib-benchmark,2.4.0,-,-,?,-,false,-
net.mostlyoriginal.artemis-odb,contrib-core,2.4.0,-,-,?,-,false,-
net.mostlyoriginal.artemis-odb,contrib-eventbus,2.4.0,-,-,?,-,false,-
net.mostlyoriginal.artemis-odb,contrib-jam,2.4.0,-,-,?,-,false,-
net.mostlyoriginal.artemis-odb,contrib-network,2.4.0,-,-,?,-,false,-
net.mostlyoriginal.artemis-odb,contrib-plugin-logging-api,2.4.0,-,-,?,-,false,-
net.mostlyoriginal.artemis-odb,contrib-plugin-logging-libgdx,2.4.0,-,-,?,-,false,-
net.mostlyoriginal.artemis-odb,contrib-plugin-operations,2.4.0,-,-,?,-,false,-
net.mostlyoriginal.artemis-odb,contrib-plugin-profiler,2.4.0,-,-,?,-,false,-
org.bedework,bw-caldav-server,4.0.6,-,-,?,-,false,-
org.bedework,bw-caldav-util,4.0.6,-,-,?,-,false,-
org.bedework,bw-webdav,4.0.6,-,-,?,-,false,-
org.bedework.caleng,bw-calendar-engine-annotations,3.12.3,-,-,?,-,false,-
org.bedework.caleng,bw-calendar-engine-api,3.12.3,-,-,?,-,false,-
org.bedework.caleng,bw-calendar-engine-caldav,3.12.3,-,-,?,-,false,-
org.bedework.caleng,bw-calendar-engine-chgnote,3.12.3,-,-,?,-,false,-
org.bedework.caleng,bw-calendar-engine-core,3.12.3,-,-,?,-,false,-
org.bedework.caleng,bw-calendar-engine-core-common,3.12.3,-,-,?,-,false,-
org.bedework.caleng,bw-calendar-engine-dumprestore,3.12.3,-,-,?,-,false,-
org.bedework.caleng,bw-calendar-engine-facade,3.12.3,-,-,?,-,false,-
org.bedework.caleng,bw-calendar-engine-ical,3.12.3,-,-,?,-,false,-
org.bedework.caleng,bw-calendar-engine-impl,3.12.3,-,-,?,-,false,-
org.bedework.caleng,bw-calendar-engine-indexer,3.12.3,-,-,?,-,false,-
org.bedework.caleng,bw-calendar-engine-inoutsched,3.12.3,-,-,?,-,false,-
org.bedework.caleng,bw-calendar-engine-interfaces,3.12.3,-,-,?,-,false,-
org.bedework.caleng,bw-calendar-engine-mail,3.12.3,-,-,?,-,false,-
org.bedework.caleng,bw-calendar-engine-sysevents-common,3.12.3,-,-,?,-,false,-
org.bedework.caleng,bw-calendar-engine-sysevents-msgs,3.12.3,-,-,?,-,false,-
org.bedework.caleng,bw-calendar-engine-tools,3.12.3,-,-,?,-,false,-
org.bedework.evreg,bw-event-registration-common,4.0.4,-,-,?,-,false,-
org.bedework.evreg,bw-event-registration-service,4.0.4,-,-,?,-,false,-
org.symphonyoss.s2.common,S2-common-core,0.1.32,-,-,?,-,false,-
org.symphonyoss.s2.common,S2-common-dom,0.1.32,-,-,?,-,false,-
org.symphonyoss.s2.common,S2-common-dom-jackson,0.1.32,-,-,?,-,false,-
org.symphonyoss.s2.common,S2-common-http,0.1.32,-,-,?,-,false,-
org.symphonyoss.s2.common,S2-legacy-id,0.1.32,-,-,?,-,false,-
