groupId,artifactId,version,moduleName,moduleVersion,moduleMode,moduleDependencies,jdepsToolError,jdepsViolations
com.envisioniot,enos-api,2.2.2,-,-,?,-,false,-
com.github.ngeor,yak4j-bitbucket-maven-plugin,0.4.1,-,-,?,-,false,-
com.github.ngeor,yak4j-filename-conventions-maven-plugin,0.10.1,-,-,?,-,false,-
com.github.ngeor,yak4j-json-yaml-converter-maven-plugin,0.0.2,-,-,?,-,false,-
com.github.ngeor,yak4j-spring-test-utils,0.9.3,-,-,?,-,false,-
com.github.ngeor,yak4j-swagger-maven-plugin,0.9.3,-,-,?,-,false,-
com.github.ngeor,yak4j-sync-archetype-maven-plugin,0.9.3,-,-,?,-,false,-
com.github.ngeor,yak4j-utc-time-zone-mapper,0.9.3,-,-,?,-,false,-
com.github.ngeor,yak4j-xml,0.9.3,-,-,?,-,false,-
org.rapidpm,rapidpm-functional-reactive,01.00.01-RPM,-,-,?,-,false,-
