groupId,artifactId,version,moduleName,moduleVersion,moduleMode,moduleDependencies,jdepsToolError,jdepsViolations
com.github.ladutsko,isbn-core,1.0.9,-,-,?,-,false,-
com.rookout,rook,0.1.46,-,-,?,-,false,sun.misc.JavaLangAccess                  Removed. See http://openjdk.java.net/jeps/260 + sun.misc.SharedSecrets                   Removed. See http://openjdk.java.net/jeps/260 + sun.misc.Unsafe                          See http://openjdk.java.net/jeps/260 + sun.security.x509.X500Name               Use javax.security.auth.x500.X500Principal @since 1.4
io.dropwizard,dropwizard-assets,1.3.8,-,-,?,-,false,-
io.dropwizard,dropwizard-auth,1.3.8,-,-,?,-,false,-
io.dropwizard,dropwizard-client,1.3.8,-,-,?,-,false,-
io.dropwizard,dropwizard-configuration,1.3.8,-,-,?,-,false,-
io.dropwizard,dropwizard-core,1.3.8,-,-,?,-,false,-
io.dropwizard,dropwizard-db,1.3.8,-,-,?,-,false,-
io.dropwizard,dropwizard-forms,1.3.8,-,-,?,-,false,-
io.dropwizard,dropwizard-hibernate,1.3.8,-,-,?,-,false,-
io.dropwizard,dropwizard-http2,1.3.8,-,-,?,-,false,-
io.dropwizard,dropwizard-jackson,1.3.8,-,-,?,-,false,-
io.dropwizard,dropwizard-jdbi,1.3.8,-,-,?,-,false,-
io.dropwizard,dropwizard-jdbi3,1.3.8,-,-,?,-,false,-
io.dropwizard,dropwizard-jersey,1.3.8,-,-,?,-,false,-
io.dropwizard,dropwizard-jetty,1.3.8,-,-,?,-,false,-
io.dropwizard,dropwizard-json-logging,1.3.8,-,-,?,-,false,-
io.dropwizard,dropwizard-lifecycle,1.3.8,-,-,?,-,false,-
io.dropwizard,dropwizard-logging,1.3.8,-,-,?,-,false,-
io.dropwizard,dropwizard-metrics,1.3.8,-,-,?,-,false,-
io.dropwizard,dropwizard-metrics-graphite,1.3.8,-,-,?,-,false,-
io.dropwizard,dropwizard-migrations,1.3.8,-,-,?,-,false,-
io.dropwizard,dropwizard-request-logging,1.3.8,-,-,?,-,false,-
io.dropwizard,dropwizard-servlets,1.3.8,-,-,?,-,false,-
io.dropwizard,dropwizard-testing,1.3.8,-,-,?,-,false,-
io.dropwizard,dropwizard-util,1.3.8,-,-,?,-,false,-
io.dropwizard,dropwizard-validation,1.3.8,-,-,?,-,false,-
io.dropwizard,dropwizard-views,1.3.8,-,-,?,-,false,-
io.dropwizard,dropwizard-views-freemarker,1.3.8,-,-,?,-,false,-
io.dropwizard,dropwizard-views-mustache,1.3.8,-,-,?,-,false,-
io.github.moyada,medivh,1.1.0,-,-,?,-,false,com.sun.tools.javac.code.Attribute       Use javax.tools and javax.lang.model @since 1.6 + com.sun.tools.javac.code.Attribute$Compound Use javax.tools and javax.lang.model @since 1.6 + com.sun.tools.javac.code.Flags           Use javax.tools and javax.lang.model @since 1.6 + com.sun.tools.javac.code.Symbol          Use javax.tools and javax.lang.model @since 1.6 + com.sun.tools.javac.code.Symbol$ClassSymbol Use javax.tools and javax.lang.model @since 1.6 + com.sun.tools.javac.code.Symbol$MethodSymbol Use javax.tools and javax.lang.model @since 1.6 + com.sun.tools.javac.code.Symbol$TypeSymbol Use javax.tools and javax.lang.model @since 1.6 + com.sun.tools.javac.code.Symbol$VarSymbol Use javax.tools and javax.lang.model @since 1.6 + com.sun.tools.javac.code.Type            Use javax.tools and javax.lang.model @since 1.6 + com.sun.tools.javac.code.Types           Use javax.tools and javax.lang.model @since 1.6 + com.sun.tools.javac.main.JavaCompiler    Use javax.tools and javax.lang.model @since 1.6 + com.sun.tools.javac.model.JavacElements  Use javax.tools and javax.lang.model @since 1.6 + com.sun.tools.javac.processing.JavacProcessingEnvironment Use javax.tools and javax.lang.model @since 1.6 + com.sun.tools.javac.tree.JCTree          Use com.sun.source @since 1.6 + com.sun.tools.javac.tree.JCTree$JCAssign Use com.sun.source @since 1.6 + com.sun.tools.javac.tree.JCTree$JCBlock  Use com.sun.source @since 1.6 + com.sun.tools.javac.tree.JCTree$JCClassDecl Use com.sun.source @since 1.6 + com.sun.tools.javac.tree.JCTree$JCExpression Use com.sun.source @since 1.6 + com.sun.tools.javac.tree.JCTree$JCExpressionStatement Use com.sun.source @since 1.6 + com.sun.tools.javac.tree.JCTree$JCFieldAccess Use com.sun.source @since 1.6 + com.sun.tools.javac.tree.JCTree$JCIdent  Use com.sun.source @since 1.6 + com.sun.tools.javac.tree.JCTree$JCIf     Use com.sun.source @since 1.6 + com.sun.tools.javac.tree.JCTree$JCLiteral Use com.sun.source @since 1.6 + com.sun.tools.javac.tree.JCTree$JCMethodDecl Use com.sun.source @since 1.6 + com.sun.tools.javac.tree.JCTree$JCMethodInvocation Use com.sun.source @since 1.6 + com.sun.tools.javac.tree.JCTree$JCModifiers Use com.sun.source @since 1.6 + com.sun.tools.javac.tree.JCTree$JCNewClass Use com.sun.source @since 1.6 + com.sun.tools.javac.tree.JCTree$JCReturn Use com.sun.source @since 1.6 + com.sun.tools.javac.tree.JCTree$JCStatement Use com.sun.source @since 1.6 + com.sun.tools.javac.tree.JCTree$JCTypeParameter Use com.sun.source @since 1.6 + com.sun.tools.javac.tree.JCTree$JCVariableDecl Use com.sun.source @since 1.6 + com.sun.tools.javac.tree.JCTree$Visitor  Use com.sun.source @since 1.6 + com.sun.tools.javac.tree.TreeMaker       Use com.sun.source @since 1.6 + com.sun.tools.javac.tree.TreeTranslator  Use com.sun.source @since 1.6 + com.sun.tools.javac.util.Context         Use javax.tools and javax.lang.model @since 1.6 + com.sun.tools.javac.util.List            Use javax.tools and javax.lang.model @since 1.6 + com.sun.tools.javac.util.ListBuffer      Use javax.tools and javax.lang.model @since 1.6 + com.sun.tools.javac.util.Name            Use javax.tools and javax.lang.model @since 1.6
net.kyori,text-adapter-bukkit,1.0.2,-,-,?,-,false,-
net.kyori,text-adapter-bungeecord,1.0.2,-,-,?,-,false,-
org.kyojo,kyojo-schemaorg-m3n4-cmn,0.6.3,-,-,?,-,false,-
org.kyojo,kyojo-schemaorg-m3n4-doma,0.6.3,-,-,?,-,false,-
org.kyojo,kyojo-schemaorg-m3n4-domaConv,0.6.3,-,-,?,-,false,-
org.kyojo,kyojo-schemaorg-m3n4-gson,0.6.3,-,-,?,-,false,-
org.kyojo,kyojo-schemaorg-m3n4-impl,0.6.3,-,-,?,-,false,-
org.owasp,dependency-check-ant,4.0.2,-,-,?,-,false,-
org.owasp,dependency-check-core,4.0.2,-,-,?,-,false,-
org.owasp,dependency-check-maven,4.0.2,-,-,?,-,false,-
org.owasp,dependency-check-plugin,4.0.2,-,-,?,-,false,-
org.owasp,dependency-check-utils,4.0.2,-,-,?,-,false,-
