groupId,artifactId,version,moduleName,moduleVersion,moduleMode,moduleDependencies,jdepsToolError,jdepsViolations
com.github.ferstl,pedantic-pom-enforcers,1.3.2,-,-,?,-,false,-
com.github.kl3answer,dynamicConfig,1.0.1.4,-,-,?,-,false,-
com.github.losizm,scamper_2.12,4.1.0,-,-,?,-,false,-
com.mayabot,fastText4j,1.2.3,-,-,?,-,false,-
com.uddernetworks.newocr,NewOCR,1.1.1,-,-,?,-,false,-
org.ctoolkit.restapi,ctoolkit-rest-facade-api,0.26,-,-,?,-,false,-
org.glittum,jaorm,0.1-f404313d3d3e20c9bae729ecec7b4747d316fe24,jaormfw,-,explicit,java.base + java.naming + java.sql,false,-
