com.openpojo,openpojo,0.8.11,-,-,?,-,false,sun.security.krb5.Credentials            Use com.sun.security.jgss + sun.security.krb5.EncryptionKey          Use com.sun.security.jgss + sun.security.krb5.PrincipalName          Use com.sun.security.jgss + sun.security.krb5.internal.HostAddresses Use com.sun.security.jgss + sun.security.krb5.internal.KerberosTime  Use com.sun.security.jgss + sun.security.krb5.internal.Ticket        Use com.sun.security.jgss + sun.security.krb5.internal.TicketFlags   Use com.sun.security.jgss
com.conveyal,gtfs-lib,4.2.0,-,-,?,-,false,-
com.eduworks,cass.adapter,2.6.1,-,-,?,-,false,-
com.eduworks,cass.competency,2.6.1,-,-,?,-,false,-
com.eduworks,cass.import,2.6.1,-,-,?,-,false,-
com.eduworks,cass.rollup,2.6.1,-,-,?,-,false,-
com.eduworks,cass.rollup.ctdl,2.6.1,-,-,?,-,false,-
com.eduworks,cfd.competency,2.6.1,-,-,?,-,false,-
com.eduworks,com.eduworks.schema,2.6.1,-,-,?,-,false,-
com.eduworks,ebac.identity,2.6.1,-,-,?,-,false,-
com.eduworks,ebac.repository,2.6.1,-,-,?,-,false,-
com.eduworks,ec.base,2.6.1,-,-,?,-,false,-
com.eduworks,ec.crypto,2.6.1,-,-,?,-,false,-
com.eduworks,ec.service.task,2.6.1,-,-,?,-,false,-
com.eduworks,ec.service.user,2.6.1,-,-,?,-,false,-
com.eduworks,ec.task,2.6.1,-,-,?,-,false,-
com.eduworks,ec.ui.framework,2.6.1,-,-,?,-,false,-
com.eduworks,kbac.skyrepo,2.6.1,-,-,?,-,false,-
com.eduworks,org.angles.schema.angles,2.6.1,-,-,?,-,false,-
com.eduworks,org.cassproject.schema.cass,2.6.1,-,-,?,-,false,-
com.eduworks,org.cassproject.schema.ebac,2.6.1,-,-,?,-,false,-
com.eduworks,org.cassproject.schema.general,2.6.1,-,-,?,-,false,-
com.eduworks,org.credentialengine,2.6.1,-,-,?,-,false,-
com.eduworks,org.json-ld,2.6.1,-,-,?,-,false,-
com.eduworks,org.schema,2.6.1,-,-,?,-,false,-
com.eduworks,org.w3.skos,2.6.1,-,-,?,-,false,-
com.eduworks,pebl.eXtension.schema,2.6.1,-,-,?,-,false,-
com.github.evansiroky,maven-semantic-release-example,3.1.1,-,-,?,-,false,-
com.mdsol,mauth-authenticator,1.0.15,-,-,?,-,false,-
com.mdsol,mauth-authenticator-akka-http_2.11,1.0.15,-,-,?,-,false,-
com.mdsol,mauth-authenticator-akka-http_2.12,1.0.15,-,-,?,-,false,-
com.mdsol,mauth-authenticator-apachehttp,1.0.15,-,-,?,-,false,-
com.mdsol,mauth-common,1.0.15,-,-,?,-,false,-
com.mdsol,mauth-proxy,1.0.15,-,-,?,-,false,-
com.mdsol,mauth-signer,1.0.15,-,-,?,-,false,-
com.mdsol,mauth-signer-akka-http_2.11,1.0.15,-,-,?,-,false,-
com.mdsol,mauth-signer-akka-http_2.12,1.0.15,-,-,?,-,false,-
com.mdsol,mauth-signer-apachehttp,1.0.15,-,-,?,-,false,-
com.mdsol,mauth-test-utils,1.0.15,-,-,?,-,false,-
com.slickqa,slick-webdriver-java,1.0.0-35,-,-,?,-,false,-
de.alpharogroup,file-worker,5.0.2,-,-,?,-,false,-
de.mhus.osgi,mhu-transform-api,1.1.2,-,-,?,-,false,-
de.mhus.osgi,mhu-transform-birt,1.1.2,-,-,?,-,false,-
de.mhus.osgi,mhu-transform-core,1.1.2,-,-,?,-,false,-
de.mhus.osgi,mhu-transform-freemarker,1.1.2,-,-,?,-,false,-
de.mhus.osgi,mhu-transform-jtwig,1.1.2,-,-,?,-,false,-
de.mhus.osgi,mhu-transform-pdf,1.1.2,-,-,?,-,false,-
de.mhus.osgi,mhu-transform-soffice,1.1.2,-,-,?,-,false,-
de.mhus.osgi,mhu-transform-velocity,1.1.2,-,-,?,-,false,-
fi.metatavu.tulistop.client,tulistop-api-client,0.0.26,-,-,?,-,false,-
fi.metatavu.tulistop,tulistop-api-spec,0.0.27,-,-,?,-,false,-
hr.laplacian.laplas,laplas-llama_2.11,0.1.5,-,-,?,-,false,-
hr.laplacian.laplas,laplas-llama_2.12,0.1.5,-,-,?,-,false,-
info.hupel.fork.oeffi,public-transport-enabler,1,-,-,?,-,false,-
net.igsoft,sdi,0.9.2,-,-,?,-,false,-
no.nav.tjenestespesifikasjoner,aktorid-jaxws,1.2019.01.04-19.15-2a19721005cd,-,-,?,-,false,-
no.nav.tjenestespesifikasjoner,altinn-correspondence-agency-external,1.2019.01.04-19.15-2a19721005cd,-,-,?,-,false,-
no.nav.tjenestespesifikasjoner,altinn-download-queue-external,1.2019.01.04-19.15-2a19721005cd,-,-,?,-,false,-
no.nav.tjenestespesifikasjoner,altinn-pre-fill,1.2019.01.04-19.15-2a19721005cd,-,-,?,-,false,-
no.nav.tjenestespesifikasjoner,arbeidogaktivitet-tjenestespesifikasjon,1.2019.01.04-19.15-2a19721005cd,-,-,?,-,false,-
no.nav.tjenestespesifikasjoner,arbeidsfordeling-v1-tjenestespesifikasjon,1.2019.01.04-19.15-2a19721005cd,-,-,?,-,false,-
no.nav.tjenestespesifikasjoner,arbeidsforholdv3-tjenestespesifikasjon,1.2019.01.04-19.15-2a19721005cd,-,-,?,-,false,-
no.nav.tjenestespesifikasjoner,arena-arbeid-og-aktivitet,1.2019.01.04-19.15-2a19721005cd,-,-,?,-,false,-
no.nav.tjenestespesifikasjoner,arena-arbeid-og-aktivitet-gosys,1.2019.01.04-19.15-2a19721005cd,-,-,?,-,false,-
no.nav.tjenestespesifikasjoner,arena-maalgruppe_v1,1.2019.01.04-19.15-2a19721005cd,-,-,?,-,false,-
no.nav.tjenestespesifikasjoner,arena-personinfo-tjenestespesifikasjon,1.2019.01.04-19.15-2a19721005cd,-,-,?,-,false,-
no.nav.tjenestespesifikasjoner,arena-sakOgAktivitet_v1,1.2019.01.04-19.15-2a19721005cd,-,-,?,-,false,-
no.nav.tjenestespesifikasjoner,behandleArbeidOgAktivitetOppgave-v1-tjenestespesifikasjon,1.2019.01.04-19.15-2a19721005cd,-,-,?,-,false,-
no.nav.tjenestespesifikasjoner,behandledokumentforsendelse-v1-tjenestespesifikasjon,1.2019.01.04-19.15-2a19721005cd,-,-,?,-,false,-
no.nav.tjenestespesifikasjoner,behandleforeldrepengesak-v1-tjenestespesifikasjon,1.2019.01.04-19.15-2a19721005cd,-,-,?,-,false,-
no.nav.tjenestespesifikasjoner,behandleForsendelse-udi-brevdata,1.2019.01.04-19.15-2a19721005cd,-,-,?,-,false,-
no.nav.tjenestespesifikasjoner,behandleForsendelse-v1,1.2019.01.04-19.15-2a19721005cd,-,-,?,-,false,-
no.nav.tjenestespesifikasjoner,behandle-henvendelse,1.2019.01.04-19.15-2a19721005cd,-,-,?,-,false,-
no.nav.tjenestespesifikasjoner,behandleJournal-jaxws,1.2019.01.04-19.15-2a19721005cd,-,-,?,-,false,-
no.nav.tjenestespesifikasjoner,behandle-medlemskap-v1-tjenestespesifikasjon,1.2019.01.04-19.15-2a19721005cd,-,-,?,-,false,-
no.nav.tjenestespesifikasjoner,behandle-moetev1-tjenestespesifikasjon,1.2019.01.04-19.15-2a19721005cd,-,-,?,-,false,-
no.nav.tjenestespesifikasjoner,behandleoppgave-v1-tjenestespesifikasjon,1.2019.01.04-19.15-2a19721005cd,-,-,?,-,false,-
no.nav.tjenestespesifikasjoner,behandle-person-v1-tjenestespesifikasjon,1.2019.01.04-19.15-2a19721005cd,-,-,?,-,false,-
no.nav.tjenestespesifikasjoner,behandlesak-v2-tjenestespesifikasjon,1.2019.01.04-19.15-2a19721005cd,-,-,?,-,false,-
no.nav.tjenestespesifikasjoner,behandle-sykefravaersoppfoelgingv1-tjenestespesifikasjon,1.2019.01.04-19.15-2a19721005cd,-,-,?,-,false,-
no.nav.tjenestespesifikasjoner,behandle-sykmeldingv1-tjenestespesifikasjon,1.2019.01.04-19.15-2a19721005cd,-,-,?,-,false,-
no.nav.tjenestespesifikasjoner,besvare-henvendelse-tjenestespesifikasjon,1.2019.01.04-19.15-2a19721005cd,-,-,?,-,false,-
no.nav.tjenestespesifikasjoner,brukerdialog-behandleAktivitetsplan-v1-tjenestespesifikasjon,1.2019.01.04-19.15-2a19721005cd,-,-,?,-,false,-
no.nav.tjenestespesifikasjoner,brukerprofil-tjenestespesifikasjon,1.2019.01.04-19.15-2a19721005cd,-,-,?,-,false,-
no.nav.tjenestespesifikasjoner,brukerprofil-v2-tjenestespesifikasjon,1.2019.01.04-19.15-2a19721005cd,-,-,?,-,false,-
no.nav.tjenestespesifikasjoner,brukerprofil-v3-tjenestespesifikasjon,1.2019.01.04-19.15-2a19721005cd,-,-,?,-,false,-
no.nav.tjenestespesifikasjoner,brukervarsel-v1-tjenestespesifikasjon,1.2019.01.04-19.15-2a19721005cd,-,-,?,-,false,-
no.nav.tjenestespesifikasjoner,cons-sak-gosys-tjenestespesifikasjon,1.2019.01.04-19.15-2a19721005cd,-,-,?,-,false,-
no.nav.tjenestespesifikasjoner,dial-nav-tjeneste-aktoer_v2,1.2019.01.04-19.15-2a19721005cd,-,-,?,-,false,-
no.nav.tjenestespesifikasjoner,dial-nav-tjeneste-behandlesak,1.2019.01.04-19.15-2a19721005cd,-,-,?,-,false,-
no.nav.tjenestespesifikasjoner,dial-nav-tjeneste-pensjonSak,1.2019.01.04-19.15-2a19721005cd,-,-,?,-,false,-
no.nav.tjenestespesifikasjoner,dial-nav-tjeneste-sak,1.2019.01.04-19.15-2a19721005cd,-,-,?,-,false,-
no.nav.tjenestespesifikasjoner,dialogarena-behandlingsinformasjon,1.2019.01.04-19.15-2a19721005cd,-,-,?,-,false,-
no.nav.tjenestespesifikasjoner,dialog-v1-tjenestespesifikasjon,1.2019.01.04-19.15-2a19721005cd,-,-,?,-,false,-
no.nav.tjenestespesifikasjoner,digisyfo-naermesteLeder,1.2019.01.04-19.15-2a19721005cd,-,-,?,-,false,-
no.nav.tjenestespesifikasjoner,digisyfo-sykmelding,1.2019.01.04-19.15-2a19721005cd,-,-,?,-,false,-
no.nav.tjenestespesifikasjoner,diskresjonskodev1-tjenestespesifikasjon,1.2019.01.04-19.15-2a19721005cd,-,-,?,-,false,-
no.nav.tjenestespesifikasjoner,dkif-tjenestespesifikasjon,1.2019.01.04-19.15-2a19721005cd,-,-,?,-,false,-
no.nav.tjenestespesifikasjoner,dokumentforsendelse-v1-meldingsdefinisjon,1.2019.01.04-19.15-2a19721005cd,-,-,?,-,false,-
no.nav.tjenestespesifikasjoner,dokumentinfo-tjenestespesifikasjon,1.2019.01.04-19.15-2a19721005cd,-,-,?,-,false,-
no.nav.tjenestespesifikasjoner,dokumentinnsending-jaxws,1.2019.01.04-19.15-2a19721005cd,-,-,?,-,false,-
no.nav.tjenestespesifikasjoner,dokumentproduksjon-v2-tjenestespesifikasjon,1.2019.01.04-19.15-2a19721005cd,-,-,?,-,false,-
no.nav.tjenestespesifikasjoner,dokumentproduksjon-v3-tjenestespesifikasjon,1.2019.01.04-19.15-2a19721005cd,-,-,?,-,false,-
no.nav.tjenestespesifikasjoner,egenansatt-v1-tjenestespesifikasjon,1.2019.01.04-19.15-2a19721005cd,-,-,?,-,false,-
no.nav.tjenestespesifikasjoner,ekstern-helse-helsepersonell-tjenestespesifikasjon,1.2019.01.04-19.15-2a19721005cd,-,-,?,-,false,-
no.nav.tjenestespesifikasjoner,elektronisknotifikasjon-utsending-tjenestespesifikasjon,1.2019.01.04-19.15-2a19721005cd,-,-,?,-,false,-
no.nav.tjenestespesifikasjoner,enhet-v1-tjenestespesifikasjon,1.2019.01.04-19.15-2a19721005cd,-,-,?,-,false,-
no.nav.tjenestespesifikasjoner,fillager-tjenestespesifikasjon,1.2019.01.04-19.15-2a19721005cd,-,-,?,-,false,-
no.nav.tjenestespesifikasjoner,foreldrepengesak-v1-tjenestespesifikasjon,1.2019.01.04-19.15-2a19721005cd,-,-,?,-,false,-
no.nav.tjenestespesifikasjoner,gsak-oppgave-tjenestespesifikasjon,1.2019.01.04-19.15-2a19721005cd,-,-,?,-,false,-
no.nav.tjenestespesifikasjoner,henvendelse-arkivering-aktivitet,1.2019.01.04-19.15-2a19721005cd,-,-,?,-,false,-
no.nav.tjenestespesifikasjoner,henvendelse-arkivering-common,1.2019.01.04-19.15-2a19721005cd,-,-,?,-,false,-
no.nav.tjenestespesifikasjoner,henvendelse-arkivering-informasjon,1.2019.01.04-19.15-2a19721005cd,-,-,?,-,false,-
no.nav.tjenestespesifikasjoner,henvendelse-behandlingsresultat,1.2019.01.04-19.15-2a19721005cd,-,-,?,-,false,-
no.nav.tjenestespesifikasjoner,henvendelse-felles-tjenestespesifikasjon,1.2019.01.04-19.15-2a19721005cd,-,-,?,-,false,-
no.nav.tjenestespesifikasjoner,henvendelse-informasjon-v2,1.2019.01.04-19.15-2a19721005cd,-,-,?,-,false,-
no.nav.tjenestespesifikasjoner,henvendelse-jaxws,1.2019.01.04-19.15-2a19721005cd,-,-,?,-,false,-
no.nav.tjenestespesifikasjoner,henvendelse-meldinger-tjenestespesifikasjon,1.2019.01.04-19.15-2a19721005cd,-,-,?,-,false,-
no.nav.tjenestespesifikasjoner,henvendelse-soknader-tjenestespesifikasjon,1.2019.01.04-19.15-2a19721005cd,-,-,?,-,false,-
no.nav.tjenestespesifikasjoner,innsyn-henvendelse,1.2019.01.04-19.15-2a19721005cd,-,-,?,-,false,-
no.nav.tjenestespesifikasjoner,innsynjournal-tjenestespesifikasjon,1.2019.01.04-19.15-2a19721005cd,-,-,?,-,false,-
no.nav.tjenestespesifikasjoner,institusjon-v1-tjenestespesifikasjon,1.2019.01.04-19.15-2a19721005cd,-,-,?,-,false,-
no.nav.tjenestespesifikasjoner,jaxb-adapters,1.2019.01.04-19.15-2a19721005cd,-,-,?,-,false,-
no.nav.tjenestespesifikasjoner,joark-tjenestespesifikasjon,1.2019.01.04-19.15-2a19721005cd,-,-,?,-,false,-
no.nav.tjenestespesifikasjoner,journal-v1-tjenestespesifikasjon,1.2019.01.04-19.15-2a19721005cd,-,-,?,-,false,-
no.nav.tjenestespesifikasjoner,juridisk-logg,1.2019.01.04-19.15-2a19721005cd,-,-,?,-,false,-
no.nav.tjenestespesifikasjoner,kodeverk-tjenestespesifikasjon,1.2019.01.04-19.15-2a19721005cd,-,-,?,-,false,-
no.nav.tjenestespesifikasjoner,medlemskap-v1-tjenestespesifikasjon,1.2019.01.04-19.15-2a19721005cd,-,-,?,-,false,-
no.nav.tjenestespesifikasjoner,moetev1-tjenestespesifikasjon,1.2019.01.04-19.15-2a19721005cd,-,-,?,-,false,-
no.nav.tjenestespesifikasjoner,nav-fim-aktoer-v1-tjenestespesifikasjon,1.2019.01.04-19.15-2a19721005cd,-,-,?,-,false,-
no.nav.tjenestespesifikasjoner,nav-fim-aktoer-v2-tjenestespesifikasjon,1.2019.01.04-19.15-2a19721005cd,-,-,?,-,false,-
no.nav.tjenestespesifikasjoner,nav-fim-arbeidsforhold-v1-tjenestespesifikasjon,1.2019.01.04-19.15-2a19721005cd,-,-,?,-,false,-
no.nav.tjenestespesifikasjoner,nav-fim-behandleBrukerprofil-v1-tjenestespesifikasjon,1.2019.01.04-19.15-2a19721005cd,-,-,?,-,false,-
no.nav.tjenestespesifikasjoner,nav-fim-behandleJournal-v1-tjenestespesifikasjon,1.2019.01.04-19.15-2a19721005cd,-,-,?,-,false,-
no.nav.tjenestespesifikasjoner,nav-fim-behandleSakOgBehandling-v1-tjenestespesifikasjon,1.2019.01.04-19.15-2a19721005cd,-,-,?,-,false,-
no.nav.tjenestespesifikasjoner,nav-fim-brukerhendelse-v1-tjenestespesifikasjon,1.2019.01.04-19.15-2a19721005cd,-,-,?,-,false,-
no.nav.tjenestespesifikasjoner,nav-fim-brukerprofil-v1-tjenestespesifikasjon,1.2019.01.04-19.15-2a19721005cd,-,-,?,-,false,-
no.nav.tjenestespesifikasjoner,nav-fim-coma-v2-tjenestespesifikasjon,1.2019.01.04-19.15-2a19721005cd,-,-,?,-,false,-
no.nav.tjenestespesifikasjoner,nav-fim-draco-v2-tjenestespesifikasjon,1.2019.01.04-19.15-2a19721005cd,-,-,?,-,false,-
no.nav.tjenestespesifikasjoner,nav-fim-echo-tjenestespesifikasjon,1.2019.01.04-19.15-2a19721005cd,-,-,?,-,false,-
no.nav.tjenestespesifikasjoner,nav-fim-foreldrepenger-v1-tjenestespesifikasjon,1.2019.01.04-19.15-2a19721005cd,-,-,?,-,false,-
no.nav.tjenestespesifikasjoner,nav-fim-henvendelsesbehandling-tjenestespesifikasjon,1.2019.01.04-19.15-2a19721005cd,-,-,?,-,false,-
no.nav.tjenestespesifikasjoner,nav-fim-inntekt-v3-tjenestespesifikasjon,1.2019.01.04-19.15-2a19721005cd,-,-,?,-,false,-
no.nav.tjenestespesifikasjoner,nav-fim-journal-v1-tjenestespesifikasjon,1.2019.01.04-19.15-2a19721005cd,-,-,?,-,false,-
no.nav.tjenestespesifikasjoner,nav-fim-kodeverk-v1-tjenestespesifikasjon,1.2019.01.04-19.15-2a19721005cd,-,-,?,-,false,-
no.nav.tjenestespesifikasjoner,nav-fim-oppfoelging-v1-tjenestespesifikasjon,1.2019.01.04-19.15-2a19721005cd,-,-,?,-,false,-
no.nav.tjenestespesifikasjoner,nav-fim-oppfolging-v1-tjenestespesifikasjon,1.2019.01.04-19.15-2a19721005cd,-,-,?,-,false,-
no.nav.tjenestespesifikasjoner,nav-fim-organisasjon-v1-tjenestespesifikasjon,1.2019.01.04-19.15-2a19721005cd,-,-,?,-,false,-
no.nav.tjenestespesifikasjoner,nav-fim-organisasjon-v2-tjenestespesifikasjon,1.2019.01.04-19.15-2a19721005cd,-,-,?,-,false,-
no.nav.tjenestespesifikasjoner,nav-fim-organisasjon-v5-tjenestespesifikasjon,1.2019.01.04-19.15-2a19721005cd,-,-,?,-,false,-
no.nav.tjenestespesifikasjoner,nav-fim-personsok-v1-tjenestespesifikasjon,1.2019.01.04-19.15-2a19721005cd,-,-,?,-,false,-
no.nav.tjenestespesifikasjoner,nav-fim-person-v1-tjenestespesifikasjon,1.2019.01.04-19.15-2a19721005cd,-,-,?,-,false,-
no.nav.tjenestespesifikasjoner,nav-fim-sakOgBehandling-v1-tjenestespesifikasjon,1.2019.01.04-19.15-2a19721005cd,-,-,?,-,false,-
no.nav.tjenestespesifikasjoner,nav-fim-sykepenger-v1-tjenestespesifikasjon,1.2019.01.04-19.15-2a19721005cd,-,-,?,-,false,-
no.nav.tjenestespesifikasjoner,nav-fim-virgo-v1-tjenestespesifikasjon,1.2019.01.04-19.15-2a19721005cd,-,-,?,-,false,-
no.nav.tjenestespesifikasjoner,nav-fim-virgo-v2-tjenestespesifikasjon,1.2019.01.04-19.15-2a19721005cd,-,-,?,-,false,-
no.nav.tjenestespesifikasjoner,nav-fim-ytelseskontrakt-v1-tjenestespesifikasjon,1.2019.01.04-19.15-2a19721005cd,-,-,?,-,false,-
no.nav.tjenestespesifikasjoner,nav-fim-ytelse-v1-tjenestespesifikasjon,1.2019.01.04-19.15-2a19721005cd,-,-,?,-,false,-
no.nav.tjenestespesifikasjoner,nav-hentsykepengeliste-v2-tjenestespesifikasjon,1.2019.01.04-19.15-2a19721005cd,-,-,?,-,false,-
no.nav.tjenestespesifikasjoner,nav-pip-diskresjonskode-tjenestespesifikasjon,1.2019.01.04-19.15-2a19721005cd,-,-,?,-,false,-
no.nav.tjenestespesifikasjoner,nav-pip-pipEgenAnsatt-v1-tjenestespesifikasjon,1.2019.01.04-19.15-2a19721005cd,-,-,?,-,false,-
no.nav.tjenestespesifikasjoner,nav-virksomhet-loependeYtelser-v1-meldingsdefinisjon,1.2019.01.04-19.15-2a19721005cd,-,-,?,-,false,-
no.nav.tjenestespesifikasjoner,nav-virksomhet-tiltakOgAktiviteterForBrukere-v1-meldingsdefinisjon,1.2019.01.04-19.15-2a19721005cd,-,-,?,-,false,-
no.nav.tjenestespesifikasjoner,notat-tjenestespesifikasjon,1.2019.01.04-19.15-2a19721005cd,-,-,?,-,false,-
no.nav.tjenestespesifikasjoner,oppfoelging-v1-tjenestespesifikasjon,1.2019.01.04-19.15-2a19721005cd,-,-,?,-,false,-
no.nav.tjenestespesifikasjoner,oppfolgingsinfo-v1-tjenestespesifikasjon,1.2019.01.04-19.15-2a19721005cd,-,-,?,-,false,-
no.nav.tjenestespesifikasjoner,oppgavebehandling-tjenestespesifikasjon,1.2019.01.04-19.15-2a19721005cd,-,-,?,-,false,-
no.nav.tjenestespesifikasjoner,oppgavebehandling-v3-tjenestespesifikasjon,1.2019.01.04-19.15-2a19721005cd,-,-,?,-,false,-
no.nav.tjenestespesifikasjoner,oppgave-v3-tjenestespesifikasjon,1.2019.01.04-19.15-2a19721005cd,-,-,?,-,false,-
no.nav.tjenestespesifikasjoner,organisasjonenhetkontaktinformasjon-v1-tjenestespesifikasjon,1.2019.01.04-19.15-2a19721005cd,-,-,?,-,false,-
no.nav.tjenestespesifikasjoner,organisasjonenhetkontaktinformasjon-v2-tjenestespesifikasjon,1.2019.01.04-19.15-2a19721005cd,-,-,?,-,false,-
no.nav.tjenestespesifikasjoner,organisasjonenhet-v1-tjenestespesifikasjon,1.2019.01.04-19.15-2a19721005cd,-,-,?,-,false,-
no.nav.tjenestespesifikasjoner,organisasjonenhet-v2-tjenestespesifikasjon,1.2019.01.04-19.15-2a19721005cd,-,-,?,-,false,-
no.nav.tjenestespesifikasjoner,organisasjon-ressurs-enhet-v1-tjenestespesifikasjon,1.2019.01.04-19.15-2a19721005cd,-,-,?,-,false,-
no.nav.tjenestespesifikasjoner,organisasjonv4-tjenestespesifikasjon,1.2019.01.04-19.15-2a19721005cd,-,-,?,-,false,-
no.nav.tjenestespesifikasjoner,pensjonsak-esb-tjenestespesifikasjon,1.2019.01.04-19.15-2a19721005cd,-,-,?,-,false,-
no.nav.tjenestespesifikasjoner,pensjon-sak-v1-tjenestespesifikasjon,1.2019.01.04-19.15-2a19721005cd,-,-,?,-,false,-
no.nav.tjenestespesifikasjoner,person-sammenslaatt-v1,1.2019.01.04-19.15-2a19721005cd,-,-,?,-,false,-
no.nav.tjenestespesifikasjoner,personsok-esb-tjenestespesifikasjon,1.2019.01.04-19.15-2a19721005cd,-,-,?,-,false,-
no.nav.tjenestespesifikasjoner,person-splittet-v1,1.2019.01.04-19.15-2a19721005cd,-,-,?,-,false,-
no.nav.tjenestespesifikasjoner,person-v1-esb-tjenestespesifikasjon,1.2019.01.04-19.15-2a19721005cd,-,-,?,-,false,-
no.nav.tjenestespesifikasjoner,person-v2-tjenestespesifikasjon,1.2019.01.04-19.15-2a19721005cd,-,-,?,-,false,-
no.nav.tjenestespesifikasjoner,person-v3-tjenestespesifikasjon,1.2019.01.04-19.15-2a19721005cd,-,-,?,-,false,-
no.nav.tjenestespesifikasjoner,pleiepenger-v1-tjenestespesifikasjon,1.2019.01.04-19.15-2a19721005cd,-,-,?,-,false,-
no.nav.tjenestespesifikasjoner,sakogbehandling-tjenestespesifikasjon,1.2019.01.04-19.15-2a19721005cd,-,-,?,-,false,-
no.nav.tjenestespesifikasjoner,sak-v2-tjenestespesifikasjon,1.2019.01.04-19.15-2a19721005cd,-,-,?,-,false,-
no.nav.tjenestespesifikasjoner,sanntidpdfkonverter,1.2019.01.04-19.15-2a19721005cd,-,-,?,-,false,-
no.nav.tjenestespesifikasjoner,send-inn-henvendelse,1.2019.01.04-19.15-2a19721005cd,-,-,?,-,false,-
no.nav.tjenestespesifikasjoner,sendsoknad-tjenestespesifikasjon,1.2019.01.04-19.15-2a19721005cd,-,-,?,-,false,-
no.nav.tjenestespesifikasjoner,send-ut-henvendelse,1.2019.01.04-19.15-2a19721005cd,-,-,?,-,false,-
no.nav.tjenestespesifikasjoner,soeknadsskjemaEngangsstoenad-v1-meldingsdefinisjon,1.2019.01.04-19.15-2a19721005cd,-,-,?,-,false,-
no.nav.tjenestespesifikasjoner,soeknadsskjemaSosialhjelp-v1-meldingsdefinisjon,1.2019.01.04-19.15-2a19721005cd,-,-,?,-,false,-
no.nav.tjenestespesifikasjoner,soeknadsskjemaSosialhjelp-v1-saksoversiktdefinisjon,1.2019.01.04-19.15-2a19721005cd,-,-,?,-,false,-
no.nav.tjenestespesifikasjoner,soeknadsskjemaSosialhjelp-v1-soknaddefinisjon,1.2019.01.04-19.15-2a19721005cd,-,-,?,-,false,-
no.nav.tjenestespesifikasjoner,soeknadsskjemaSosialhjelp-v1-vedleggdefinisjon,1.2019.01.04-19.15-2a19721005cd,-,-,?,-,false,-
no.nav.tjenestespesifikasjoner,sporsmalinnsending-tjenestespesifikasjon,1.2019.01.04-19.15-2a19721005cd,-,-,?,-,false,-
no.nav.tjenestespesifikasjoner,startregistreringstatus-v1-tjenestespesifikasjon,1.2019.01.04-19.15-2a19721005cd,-,-,?,-,false,-
no.nav.tjenestespesifikasjoner,svarut-ks-forsendelsesservice,1.2019.01.04-19.15-2a19721005cd,-,-,?,-,false,-
no.nav.tjenestespesifikasjoner,sykefravaersoppfoelgingv1-tjenestespesifikasjon,1.2019.01.04-19.15-2a19721005cd,-,-,?,-,false,-
no.nav.tjenestespesifikasjoner,sykmelderstatistikk-tjenestespesifikasjon,1.2019.01.04-19.15-2a19721005cd,-,-,?,-,false,-
no.nav.tjenestespesifikasjoner,sykmeldingv1-tjenestespesifikasjon,1.2019.01.04-19.15-2a19721005cd,-,-,?,-,false,-
no.nav.tjenestespesifikasjoner,testvarsel-opprettelse,1.2019.01.04-19.15-2a19721005cd,-,-,?,-,false,-
no.nav.tjenestespesifikasjoner,tildeloppgave-v1-tjenestespesifikasjon,1.2019.01.04-19.15-2a19721005cd,-,-,?,-,false,-
no.nav.tjenestespesifikasjoner,tmp-nav-fim-hendelse-v1,1.2019.01.04-19.15-2a19721005cd,-,-,?,-,false,-
no.nav.tjenestespesifikasjoner,tps-distribusjonsmelding,1.2019.01.04-19.15-2a19721005cd,-,-,?,-,false,-
no.nav.tjenestespesifikasjoner,udi-personstatus-v1,1.2019.01.04-19.15-2a19721005cd,-,-,?,-,false,-
no.nav.tjenestespesifikasjoner,utbetaling-tjenestespesifikasjon,1.2019.01.04-19.15-2a19721005cd,-,-,?,-,false,-
no.nav.tjenestespesifikasjoner,utenrikstjenesten-tjenestespesifikasjon,1.2019.01.04-19.15-2a19721005cd,-,-,?,-,false,-
no.nav.tjenestespesifikasjoner,varseldittnav-tjenestespesifikasjon,1.2019.01.04-19.15-2a19721005cd,-,-,?,-,false,-
no.nav.tjenestespesifikasjoner,varsel-inn,1.2019.01.04-19.15-2a19721005cd,-,-,?,-,false,-
no.nav.tjenestespesifikasjoner,varselkvittering,1.2019.01.04-19.15-2a19721005cd,-,-,?,-,false,-
no.nav.tjenestespesifikasjoner,varseltekster,1.2019.01.04-19.15-2a19721005cd,-,-,?,-,false,-
no.nav.tjenestespesifikasjoner,varselutsending,1.2019.01.04-19.15-2a19721005cd,-,-,?,-,false,-
no.nav.tjenestespesifikasjoner,varsler,1.2019.01.04-19.15-2a19721005cd,-,-,?,-,false,-
no.nav.tjenestespesifikasjoner,veiledervarsel,1.2019.01.04-19.15-2a19721005cd,-,-,?,-,false,-
no.nav.tjenestespesifikasjoner,ytelseskontrakt-v3-tjenestespesifikasjon,1.2019.01.04-19.15-2a19721005cd,-,-,?,-,false,-
tech.grasshopper,cukefeatureprocessor,1.1.1,-,-,?,-,false,-
