groupId,artifactId,version,moduleName,moduleVersion,moduleMode,moduleDependencies,jdepsToolError,jdepsViolations
ch.epfl.lamp,dotty_0.12,0.12.0-bin-20190106-3a457fa-NIGHTLY,-,-,?,-,false,-
ch.epfl.lamp,dotty-compiler_0.12,0.12.0-bin-20190106-3a457fa-NIGHTLY,-,-,?,-,false,-
ch.epfl.lamp,dotty-doc_0.12,0.12.0-bin-20190106-3a457fa-NIGHTLY,-,-,?,-,false,-
ch.epfl.lamp,dotty-interfaces,0.12.0-bin-20190106-3a457fa-NIGHTLY,-,-,?,-,false,-
ch.epfl.lamp,dotty-language-server_0.12,0.12.0-bin-20190106-3a457fa-NIGHTLY,-,-,?,-,false,-
ch.epfl.lamp,dotty-library_0.12,0.12.0-bin-20190106-3a457fa-NIGHTLY,-,-,?,-,false,sun.misc.Unsafe                          See http://openjdk.java.net/jeps/260
ch.epfl.lamp,scala-compiler,0.12.0-bin-20190106-3a457fa-NIGHTLY,-,-,?,-,false,-
ch.epfl.lamp,scala-library,0.12.0-bin-20190106-3a457fa-NIGHTLY,-,-,?,-,false,-
ch.epfl.lamp,scalap,0.12.0-bin-20190106-3a457fa-NIGHTLY,-,-,?,-,false,-
ch.epfl.lamp,scala-reflect,0.12.0-bin-20190106-3a457fa-NIGHTLY,-,-,?,-,false,-
com.egzosn,pay-java-ali,2.12.3,-,-,?,-,false,-
com.egzosn,pay-java-common,2.12.3,-,-,?,-,false,-
com.egzosn,pay-java-fuiou,2.12.3,-,-,?,-,false,-
com.egzosn,pay-java-payoneer,2.12.3,-,-,?,-,false,-
com.egzosn,pay-java-paypal,2.12.3,-,-,?,-,false,-
com.egzosn,pay-java-union,2.12.3,-,-,?,-,false,-
com.egzosn,pay-java-wx,2.12.3,-,-,?,-,false,-
com.egzosn,pay-java-wx-youdian,2.12.3,-,-,?,-,false,-
com.emcoo.ef,emcoo-common,1.0.9,-,-,?,-,false,-
com.emcoo.ef,emcoo-filesystem,1.0.9,-,-,?,-,false,-
com.emcoo.ef,emcoo-notification,1.0.9,-,-,?,-,false,-
com.emcoo.ef,emcoo-restful,1.0.9,-,-,?,-,false,-
com.emcoo.ef,emcoo-validator,1.0.9,-,-,?,-,false,-
com.github.deepexi,optimus-archetype-dubbo,1.0.12,-,-,?,-,false,-
com.github.deepexi,optimus-archetype-hsf,1.3.19,-,-,?,-,false,-
com.github.deepexi,optimus-archetype-springcloud,1.0.15,-,-,?,-,false,-
com.googlecode.aviator,aviator,4.1.1,-,-,?,-,false,-
io.yawp,yawp,2.0.6alpha,-,-,?,-,false,-
io.yawp,yawp-core,2.0.6alpha,-,-,?,-,false,sun.reflect.ReflectionFactory            See http://openjdk.java.net/jeps/260
io.yawp,yawp-devserver-runtime,2.0.6alpha,-,-,?,-,false,-
io.yawp,yawp-maven-plugin,2.0.6alpha,-,-,?,-,false,-
io.yawp,yawp-postgresql,2.0.6alpha,-,-,?,-,false,-
io.yawp,yawp-testing,2.0.6alpha,-,-,?,-,false,-
io.yawp,yawp-testing-core,2.0.6alpha,-,-,?,-,false,-
io.yawp,yawp-testing-postgresql,2.0.6alpha,-,-,?,-,false,-
net.codecrafting,springfx-core,0.1.0-BETA5,-,-,?,-,false,-
org.fastquery,tcpserver,1.17,-,-,?,-,false,-
org.jresearch.commons.base,org.jresearch.commons.base.domain,1.0.41,-,-,?,-,false,-
org.jresearch.commons.gwt,org.jresearch.commons.gwt.app,1.0.197,-,-,?,-,false,-
org.jresearch.commons.gwt,org.jresearch.commons.gwt.app.shared,1.0.197,-,-,?,-,false,-
org.jresearch.commons.gwt,org.jresearch.commons.gwt.app.srv,1.0.197,-,-,?,-,false,-
org.jresearch.commons.gwt,org.jresearch.commons.gwt.base,1.0.197,-,-,?,-,false,-
org.jresearch.commons.gwt,org.jresearch.commons.gwt.base.model,1.0.197,-,-,?,-,false,-
org.jresearch.commons.gwt,org.jresearch.commons.gwt.base.srv,1.0.197,-,-,?,-,false,-
org.jresearch.commons.gwt,org.jresearch.commons.gwt.crud.model,1.0.197,-,-,?,-,false,-
org.jresearch.commons.gwt,org.jresearch.commons.gwt.flexess,1.0.197,-,-,?,-,false,-
org.jresearch.commons.gwt,org.jresearch.commons.gwt.flexess.shared,1.0.197,-,-,?,-,false,-
org.jresearch.commons.gwt,org.jresearch.commons.gwt.flexess.srv,1.0.197,-,-,?,-,false,-
org.jresearch.commons.gwt,org.jresearch.commons.gwt.oauth2,1.0.197,-,-,?,-,false,-
org.jresearch.commons.gwt,org.jresearch.commons.gwt.oauth2.shared,1.0.197,-,-,?,-,false,-
org.jresearch.commons.gwt,org.jresearch.commons.gwt.oauth2.srv,1.0.197,-,-,?,-,false,-
org.jresearch.commons.gwt,org.jresearch.commons.gwt.test,1.0.197,-,-,?,-,false,-
org.jresearch.commons.gwt,org.jresearch.commons.gwt.utils,1.0.197,-,-,?,-,false,-
org.jresearch.commons.gwt,org.jresearch.commons.gwt.utils.shared,1.0.197,-,-,?,-,false,-
org.jresearch.commons.gwt,org.jresearch.commons.gwt.utils.srv,1.0.197,-,-,?,-,false,-
org.jresearch.commons.gwt,org.jresearch.commons.gwt.utils.test,1.0.197,-,-,?,-,false,-
