groupId,artifactId,version,moduleName,moduleVersion,moduleMode,moduleDependencies,jdepsToolError,jdepsViolations
com.aliyun,aliyun-java-sdk-aps,1.0.0,-,-,?,-,false,-
com.envisioniot,enos-api-common,2.1.3,-,-,?,-,false,-
com.github.phantomthief,simple-failover,0.1.16,-,-,?,-,false,-
com.github.wangzaixiang,scala-sql_2.11,2.0.7,-,-,?,-,false,-
com.github.wangzaixiang,scala-sql_2.12,2.0.7,-,-,?,-,false,-
com.graphql-java,graphql-java,2019-01-04T03-07-40-a61f4ee,-,-,?,-,false,-
com.tmsps,ne4Spring,999.0.0.0,-,-,?,-,false,-
io.github.openunirest,open-unirest-java,3.2.06,-,-,?,-,false,-
org.facebook4j,facebook4j-core,2.4.13,-,-,?,-,false,-
