groupId,artifactId,version,moduleName,moduleVersion,moduleMode,moduleDependencies,jdepsToolError,jdepsViolations
com.aliyun,aliyun-java-sdk-mts,2.6.2,-,-,?,-,false,-
com.epsagon,epsagon,1.2.3,-,-,?,-,false,-
com.github.yangjiacheng,spring-data-querydsl-rsql,1.0.0-RELEASE,-,-,?,-,false,-
fi.metatavu.tulistop.client,tulistop-api-client,0.0.28,-,-,?,-,false,-
fi.metatavu.tulistop,tulistop-api-spec,0.0.30,-,-,?,-,false,-
io.denkbar.smb,smb-core,1.7,-,-,?,-,false,-
io.github.idolofidles,MysqlORM,1.1.4,-,-,?,-,false,-
io.socket,engine.io-server,1.2.0,-,-,?,-,false,-
io.socket,engine.io-server-jetty,1.2.0,-,-,?,-,false,-
no.nav.fpsak.tidsserie,fpsak-tidsserie,2.0_20180831125757_006dad2,-,-,?,-,false,-
org.beangle,style-maven-plugin,25.2,-,-,?,-,false,-
win.hupubao,dockit-maven-plugin,1.0.1,-,-,?,-,false,-
