groupId,artifactId,version,moduleName,moduleVersion,moduleMode,moduleDependencies,jdepsToolError,jdepsViolations
org.apache.hbase,hbase-annotations,2.1.1,-,-,?,-,false,-
org.apache.hbase,hbase-checkstyle,2.1.1,-,-,?,-,false,-
org.apache.hbase,hbase-client,2.1.1,-,-,?,-,false,-
org.apache.hbase,hbase-client-project,2.1.1,-,-,?,-,false,-
org.apache.hbase,hbase-common,2.1.1,-,-,?,-,false,sun.misc.Unsafe                          See http://openjdk.java.net/jeps/260
org.apache.hbase,hbase-endpoint,2.1.1,-,-,?,-,false,-
org.apache.hbase,hbase-error-prone,2.1.1,-,-,?,-,false,-
org.apache.hbase,hbase-examples,2.1.1,-,-,?,-,false,-
org.apache.hbase,hbase-external-blockcache,2.1.1,-,-,?,-,false,-
org.apache.hbase,hbase-hadoop2-compat,2.1.1,-,-,?,-,false,-
org.apache.hbase,hbase-hadoop-compat,2.1.1,-,-,?,-,false,-
org.apache.hbase,hbase-http,2.1.1,-,-,?,-,false,-
org.apache.hbase,hbase-it,2.1.1,-,-,?,-,false,-
org.apache.hbase,hbase-mapreduce,2.1.1,-,-,?,-,false,-
org.apache.hbase,hbase-metrics,2.1.1,-,-,?,-,false,-
org.apache.hbase,hbase-metrics-api,2.1.1,-,-,?,-,false,-
org.apache.hbase,hbase-procedure,2.1.1,-,-,?,-,false,-
org.apache.hbase,hbase-protocol,2.1.1,-,-,?,-,false,-
org.apache.hbase,hbase-protocol-shaded,2.1.1,-,-,?,-,false,-
org.apache.hbase,hbase-replication,2.1.1,-,-,?,-,false,-
org.apache.hbase,hbase-resource-bundle,2.1.1,-,-,?,-,false,-
org.apache.hbase,hbase-rest,2.1.1,-,-,?,-,false,-
org.apache.hbase,hbase-rsgroup,2.1.1,-,-,?,-,false,-
org.apache.hbase,hbase-server,2.1.1,-,-,?,-,false,sun.misc.Signal                          See http://openjdk.java.net/jeps/260 + sun.misc.SignalHandler                   See http://openjdk.java.net/jeps/260 + sun.misc.Unsafe                          See http://openjdk.java.net/jeps/260
org.apache.hbase,hbase-shaded-client,2.1.1,-,-,?,-,false,sun.misc.Cleaner                         Use java.lang.ref.PhantomReference @since 1.2 or java.lang.ref.Cleaner @since 9 + sun.misc.Signal                          See http://openjdk.java.net/jeps/260 + sun.misc.SignalHandler                   See http://openjdk.java.net/jeps/260 + sun.misc.Unsafe                          See http://openjdk.java.net/jeps/260 + sun.security.x509.X500Name               Use javax.security.auth.x500.X500Principal @since 1.4
org.apache.hbase,hbase-shaded-client-project,2.1.1,-,-,?,-,false,-
org.apache.hbase,hbase-shaded-mapreduce,2.1.1,-,-,?,-,false,sun.misc.Signal                          See http://openjdk.java.net/jeps/260 + sun.misc.SignalHandler                   See http://openjdk.java.net/jeps/260 + sun.misc.Unsafe                          See http://openjdk.java.net/jeps/260 + sun.security.x509.X500Name               Use javax.security.auth.x500.X500Principal @since 1.4
org.apache.hbase,hbase-shell,2.1.1,-,-,?,-,false,-
org.apache.hbase,hbase-testing-util,2.1.1,-,-,?,-,false,-
org.apache.hbase,hbase-thrift,2.1.1,-,-,?,-,false,-
org.apache.hbase,hbase-zookeeper,2.1.1,-,-,?,-,false,-
