groupId,artifactId,version,moduleName,moduleVersion,moduleMode,moduleDependencies,jdepsToolError,jdepsViolations
com.emarsys,permission-system-scala-sdk_2.12,1.0.0,-,-,?,-,false,-
com.github.hoantran-it.library,utility-library,1.6,-,-,?,-,false,-
com.gooddata,gooddata-java,2.32.0+api1,-,-,?,-,false,-
com.usmanhussain.habanero,Habanero,1.4.4,-,-,?,-,false,-
info.purocean,kotlin-db-migration,1.0,-,-,?,-,false,-
io.ap4k,ap4k-dependencies,0.1.2,-,-,?,-,false,com.sun.tools.javac.code.Symbol          Use javax.tools and javax.lang.model @since 1.6 + com.sun.tools.javac.code.Symbol$ClassSymbol Use javax.tools and javax.lang.model @since 1.6
io.ebean,ebean,11.31.2,io.ebean,-,automatic,-,false,-
io.projectreactor,reactor-core,3.2.5.RELEASE,-,-,?,-,false,sun.misc.JavaLangAccess                  Removed. See http://openjdk.java.net/jeps/260 + sun.misc.SharedSecrets                   Removed. See http://openjdk.java.net/jeps/260 + sun.misc.Unsafe                          See http://openjdk.java.net/jeps/260
io.projectreactor,reactor-test,3.2.5.RELEASE,-,-,?,-,false,-
io.scalecube,scalecube-cluster,2.2.3,-,-,?,-,false,-
io.scalecube,scalecube-cluster-examples,2.2.3,-,-,?,-,false,-
io.scalecube,scalecube-transport,2.2.3,-,-,?,-,false,-
jakarta.transaction,jakarta.transaction-api,1.3.2,java.transaction,-,automatic,-,false,-
jakarta.xml.bind,jakarta.xml.bind-api,2.3.2,java.xml.bind,-,explicit,jakarta.activation + java.base + java.desktop + java.logging + java.xml,false,-
jakarta.xml.bind,jakarta.xml.bind-api-test,2.3.2,java.xml.bind.tests.src,-,explicit,java.base,false,-
no.nav.fpsak.nare,fpsak-nare-core,2.0_20181105115918_47dcace,-,-,?,-,false,-
org.cikit.syslog,cikit-syslog,0.5.1,-,-,?,-,false,-
org.http4k,http4k-aws,3.106.0,-,-,?,-,false,-
org.http4k,http4k-contract,3.106.0,-,-,?,-,false,-
org.http4k,http4k-multipart,3.106.0,-,-,?,-,false,-
org.http4k,http4k-server-jetty,3.106.0,-,-,?,-,false,-
org.http4k,http4k-server-netty,3.106.0,-,-,?,-,false,-
org.http4k,http4k-server-undertow,3.106.0,-,-,?,-,false,-
uk.co.caprica,vlcj,3.12.0,-,-,?,-,false,-
vision.id,tessella_2.12,0.1.2,-,-,?,-,false,-
