groupId,artifactId,version,moduleName,moduleVersion,moduleMode,moduleDependencies,jdepsToolError,jdepsViolations
com.liferay,com.liferay.gradle.plugins,3.12.49,-,-,?,-,false,-
com.liferay,com.liferay.gradle.plugins.defaults,5.5.98,-,-,?,-,false,-
com.liferay,com.liferay.gradle.plugins.source.formatter,2.3.256,-,-,?,-,false,-
com.liferay,com.liferay.source.formatter,1.0.656,-,-,?,-,false,-
org.wso2.is,custom-grant,5.8.0-m16,-,-,?,-,false,-
org.wso2.is,identity-samples-remote-user-mgt,5.8.0-m16,-,-,?,-,false,-
org.wso2.is,oauth10a-resource-owner-equivalent,5.8.0-m16,-,-,?,-,false,-
org.wso2.is,org.wso2.carbon.identity.sample.extension.authenticators,5.8.0-m16,-,-,?,-,false,-
org.wso2.is,org.wso2.carbon.identity.samples.entitlement.kmarket.trading,5.8.0-m16,-,-,?,-,false,-
org.wso2.is,org.wso2.carbon.identity.samples.sts,5.8.0-m16,-,-,?,-,false,-
org.wso2.is,org.wso2.carbon.is.migration,5.8.0-m16,-,-,?,-,false,-
org.wso2.is,org.wso2.identity.passivests.filter,5.8.0-m16,-,-,?,-,false,-
org.wso2.is,org.wso2.identity.styles,5.8.0-m16,-,-,?,-,false,-
org.wso2.is,sample-handler,5.8.0-m16,-,-,?,-,false,-
org.wso2.is,sample-template,5.8.0-m16,-,-,?,-,false,-
org.wso2.is,scim-provisioning,5.8.0-m16,-,-,?,-,false,-
