groupId,artifactId,version,moduleName,moduleVersion,moduleMode,moduleDependencies,jdepsToolError,jdepsViolations
br.com.gerencianet.gnsdk,gn-api-sdk-java,0.2.5,-,-,?,-,false,-
com.gu,kinesis-logback-appender,1.4.4,-,-,?,-,false,-
com.ibm.g11n.pipeline,gp-ant-task,1.2.4,-,-,?,-,false,-
com.ibm.g11n.pipeline,gp-cli,1.2.4,-,-,?,-,false,-
com.ibm.g11n.pipeline,gp-maven-plugin,1.2.4,-,-,?,-,false,-
com.ibm.g11n.pipeline,gp-res-filter,1.2.4,-,-,?,-,false,-
com.intuit.fuzzymatcher,fuzzy-matcher,0.1.0,-,-,?,-,false,-
com.lihaoyi,mill-contrib_2.12,0.3.5-27-eb497a,-,-,?,-,false,-
com.lihaoyi,mill-contrib-buildinfo_2.12,0.3.5-27-eb497a,-,-,?,-,false,-
com.lihaoyi,mill-contrib-scalapblib_2.12,0.3.5-27-eb497a,-,-,?,-,false,-
com.lihaoyi,mill-contrib-testng,0.3.5-27-eb497a,-,-,?,-,false,-
com.lihaoyi,mill-contrib-tut_2.12,0.3.5-27-eb497a,-,-,?,-,false,-
com.lihaoyi,mill-contrib-twirllib_2.12,0.3.5-27-eb497a,-,-,?,-,false,-
com.lihaoyi,mill-dev_2.12,0.3.5-27-eb497a,-,-,?,-,false,-
com.lihaoyi,mill-integration_2.12,2018-02-10T22-20-56-317Z-719ff8a6d79093d390b0d5ce7d01755e65fcd484,-,-,?,-,false,-
com.lihaoyi,mill-main_2.12,2018-02-10T22-20-56-317Z-719ff8a6d79093d390b0d5ce7d01755e65fcd484,-,-,?,-,false,-
com.lihaoyi,mill-main-api_2.12,0.3.5-27-eb497a,-,-,?,-,false,-
com.lihaoyi,mill-main-client,0.3.5-27-eb497a,-,-,?,-,false,-
com.lihaoyi,mill-main-core_2.12,0.3.5-27-eb497a,-,-,?,-,false,-
com.lihaoyi,mill-main-graphviz_2.12,0.3.5-27-eb497a,-,-,?,-,false,-
com.lihaoyi,mill-main-moduledefs_2.12,0.3.5-27-eb497a,-,-,?,-,false,-
com.lihaoyi,mill-scalajslib_2.12,2018-02-10T22-20-56-317Z-719ff8a6d79093d390b0d5ce7d01755e65fcd484,-,-,?,-,false,-
com.lihaoyi,mill-scalajslib-api_2.12,0.3.5-27-eb497a,-,-,?,-,false,-
com.lihaoyi,mill-scalajslib-worker-0.6_2.12,0.3.5-27-eb497a,-,-,?,-,false,-
com.lihaoyi,mill-scalajslib-worker-1.0_2.12,0.3.5-27-eb497a,-,-,?,-,false,-
com.lihaoyi,mill-scalalib_2.12,2018-02-10T22-20-56-317Z-719ff8a6d79093d390b0d5ce7d01755e65fcd484,-,-,?,-,false,-
com.lihaoyi,mill-scalalib-api_2.12,0.3.5-27-eb497a,-,-,?,-,false,-
com.lihaoyi,mill-scalalib-backgroundwrapper,0.3.5-27-eb497a,-,-,?,-,false,-
com.lihaoyi,mill-scalalib-worker_2.12,0.3.5-27-eb497a,-,-,?,-,false,-
com.lihaoyi,mill-scalanativelib_2.12,0.3.5-27-eb497a,-,-,?,-,false,-
com.lihaoyi,mill-scalanativelib-api_2.12,0.3.5-27-eb497a,-,-,?,-,false,-
com.lihaoyi,mill-scalanativelib-worker-0.3_2.12,0.3.5-27-eb497a,-,-,?,-,false,-
com.mchange,ens-scala_2.10,0.0.8,-,-,?,-,false,-
com.mchange,ens-scala_2.11,0.0.8,-,-,?,-,false,-
com.mchange,ens-scala_2.12,0.0.8,-,-,?,-,false,-
com.mdsol,mauth-authenticator,1.0.14,-,-,?,-,false,-
com.mdsol,mauth-authenticator-akka-http_2.11,1.0.14,-,-,?,-,false,-
com.mdsol,mauth-authenticator-akka-http_2.12,1.0.14,-,-,?,-,false,-
com.mdsol,mauth-authenticator-apachehttp,1.0.14,-,-,?,-,false,-
com.mdsol,mauth-common,1.0.14,-,-,?,-,false,-
com.mdsol,mauth-proxy,1.0.14,-,-,?,-,false,-
com.mdsol,mauth-signer,1.0.14,-,-,?,-,false,-
com.mdsol,mauth-signer-akka-http_2.11,1.0.14,-,-,?,-,false,-
com.mdsol,mauth-signer-akka-http_2.12,1.0.14,-,-,?,-,false,-
com.mdsol,mauth-signer-apachehttp,1.0.14,-,-,?,-,false,-
com.mdsol,mauth-test-utils,1.0.14,-,-,?,-,false,-
com.tiggee.commons,result,0.2.0,-,-,?,-,false,-
com.twosigma.webtau,webtau,1.4,-,-,?,-,false,-
com.twosigma.webtau,webtau-browser,1.4,-,-,?,-,false,-
com.twosigma.webtau,webtau-cache,1.4,-,-,?,-,false,-
com.twosigma.webtau,webtau-config,1.4,-,-,?,-,false,-
com.twosigma.webtau,webtau-console,1.4,-,-,?,-,false,-
com.twosigma.webtau,webtau-core,1.4,-,-,?,-,false,-
com.twosigma.webtau,webtau-core-groovy,1.4,-,-,?,-,false,-
com.twosigma.webtau,webtau-data,1.4,-,-,?,-,false,-
com.twosigma.webtau,webtau-dist,1.4,-,-,?,-,false,-
com.twosigma.webtau,webtau-docs,1.4,-,-,?,-,false,-
com.twosigma.webtau,webtau-feature-testing,1.4,-,-,?,-,false,-
com.twosigma.webtau,webtau-groovy,1.4,-,-,?,-,false,-
com.twosigma.webtau,webtau-groovy-ast,1.4,-,-,?,-,false,-
com.twosigma.webtau,webtau-http,1.4,-,-,?,-,false,-
com.twosigma.webtau,webtau-http-groovy,1.4,-,-,?,-,false,-
com.twosigma.webtau,webtau-java-runner,1.4,-,-,?,-,false,-
com.twosigma.webtau,webtau-json-schema,1.4,-,-,?,-,false,-
com.twosigma.webtau,webtau-junit4,1.4,-,-,?,-,false,-
com.twosigma.webtau,webtau-junit4-examples,1.4,-,-,?,-,false,-
com.twosigma.webtau,webtau-junit5,1.4,-,-,?,-,false,-
com.twosigma.webtau,webtau-junit5-examples,1.4,-,-,?,-,false,-
com.twosigma.webtau,webtau-maven-plugin,1.4,-,-,?,-,false,-
com.twosigma.webtau,webtau-maven-plugin-test,1.4,-,-,?,-,false,-
com.twosigma.webtau,webtau-maven-plugin-test-skip,1.4,-,-,?,-,false,-
com.twosigma.webtau,webtau-open-api,1.4,-,-,?,-,false,-
com.twosigma.webtau,webtau-pdf,1.4,-,-,?,-,false,-
com.twosigma.webtau,webtau-reactjs,1.4,-,-,?,-,false,-
com.twosigma.webtau,webtau-report,1.4,-,-,?,-,false,-
com.twosigma.webtau,webtau-standalone-runner-groovy,1.4,-,-,?,-,false,-
com.twosigma.webtau,webtau-testapp,1.4,-,-,?,-,false,-
com.twosigma.webtau,webtau-test-server,1.4,-,-,?,-,false,-
com.twosigma.webtau,webtau-utils,1.4,-,-,?,-,false,-
com.twosigma.webtau,webtau-utils-testing-data,1.4,-,-,?,-,false,-
io.radanalytics,abstract-operator,0.4.10,-,-,?,-,false,-
