groupId,artifactId,version,moduleName,moduleVersion,moduleMode,moduleDependencies,jdepsToolError,jdepsViolations
cd.go.plugin,go-plugin-api-experimental,19.1.0-8293,-,-,?,-,false,-
com.alibaba.csp,sentinel-annotation-aspectj,1.4.1,-,-,?,-,false,-
com.alibaba.csp,sentinel-benchmark,1.4.1,-,-,?,-,false,sun.misc.Unsafe                          See http://openjdk.java.net/jeps/260
com.alibaba.csp,sentinel-cluster-client-default,1.4.1,-,-,?,-,false,-
com.alibaba.csp,sentinel-cluster-common-default,1.4.1,-,-,?,-,false,-
com.alibaba.csp,sentinel-cluster-server-default,1.4.1,-,-,?,-,false,-
com.alibaba.csp,sentinel-core,1.4.1,-,-,?,-,false,sun.misc.Unsafe                          See http://openjdk.java.net/jeps/260
com.alibaba.csp,sentinel-datasource-apollo,1.4.1,-,-,?,-,false,-
com.alibaba.csp,sentinel-datasource-extension,1.4.1,-,-,?,-,false,-
com.alibaba.csp,sentinel-datasource-nacos,1.4.1,-,-,?,-,false,-
com.alibaba.csp,sentinel-datasource-redis,1.4.1,-,-,?,-,false,-
com.alibaba.csp,sentinel-datasource-zookeeper,1.4.1,-,-,?,-,false,-
com.alibaba.csp,sentinel-dubbo-adapter,1.4.1,-,-,?,-,false,-
com.alibaba.csp,sentinel-grpc-adapter,1.4.1,-,-,?,-,false,-
com.alibaba.csp,sentinel-parameter-flow-control,1.4.1,-,-,?,-,false,-
com.alibaba.csp,sentinel-transport-common,1.4.1,-,-,?,-,false,-
com.alibaba.csp,sentinel-transport-netty-http,1.4.1,-,-,?,-,false,-
com.alibaba.csp,sentinel-transport-simple-http,1.4.1,-,-,?,-,false,-
com.alibaba.csp,sentinel-web-servlet,1.4.1,-,-,?,-,false,-
com.alibaba.pelican,PelicanDT,1.0.5,-,-,?,-,false,-
com.aliyun,aliyun-java-sdk-rds,2.3.1,-,-,?,-,false,-
com.github.marcoferrer.krotoplus,kroto-plus-message,0.2.2-RC1,-,-,?,-,false,-
com.github.vipcchua,fastpay,1.0.4.1,-,-,?,-,false,-
de.m3y.prometheus.assertj,assertj-prometheus,0.1,-,-,?,-,false,-
edu.colostate.omslab,csip-core,2.3.5,-,-,?,-,false,-
io.mockk,mockk,1.9.kotlin12,-,-,?,-,false,-
io.mockk,mockk-agent-api,1.9.kotlin12,-,-,?,-,false,-
io.mockk,mockk-agent-common,1.9.kotlin12,-,-,?,-,false,-
io.mockk,mockk-agent-jvm,1.9.kotlin12,-,-,?,-,false,-
io.mockk,mockk-common,1.9.kotlin12,-,-,?,-,false,-
io.mockk,mockk-dsl,1.9.kotlin12,-,-,?,-,false,-
io.mockk,mockk-dsl-js,1.9.kotlin12,-,-,?,-,false,-
io.mockk,mockk-dsl-jvm,1.9.kotlin12,-,-,?,-,false,-
io.nuls.sdk,sdk-account,1.1.4.3,-,-,?,-,false,-
io.nuls.sdk,sdk-account-ledger,1.1.4.3,-,-,?,-,false,-
io.nuls.sdk,sdk-all,1.1.4.3,-,-,?,-,false,-
io.nuls.sdk,sdk-consensus,1.1.4.3,-,-,?,-,false,-
io.nuls.sdk,sdk-contract,1.1.4.3,-,-,?,-,false,-
io.nuls.sdk,sdk-contract-vm,1.1.4.3,-,-,?,-,false,-
io.nuls.sdk,sdk-core,1.1.4.3,-,-,?,-,false,-
io.nuls.sdk,sdk-ledger,1.1.4.3,-,-,?,-,false,-
io.nuls.sdk,sdk-protocol,1.1.4.3,-,-,?,-,false,-
jp.nephy,penicillin,4.0.0-eap-1,-,-,?,-,false,-
