groupId,artifactId,version,moduleName,moduleVersion,moduleMode,moduleDependencies,jdepsToolError,jdepsViolations
cn.ucloud.ufile,ufile-client-java,2.0.4,-,-,?,-,false,-
cn.ucloud.ufile,ufile-core,2.0.4,-,-,?,-,false,-
com.github.bpazy,ding-appender,1.0.0,-,-,?,-,false,-
de.alpharogroup,test-objects,5.0.1,-,-,?,-,false,-
me.saro,commons,1.9,-,-,?,-,false,-
org.chenmin.open,objector,0.0.8,-,-,?,-,false,-
org.chenmin.open,objector-ots,0.0.8,-,-,?,-,false,-
xyz.gianlu.librespot,librespot-api,0.1.3,-,-,?,-,false,-
xyz.gianlu.librespot,librespot-api-client,0.1.3,-,-,?,-,false,-
xyz.gianlu.librespot,librespot-common,0.1.3,-,-,?,-,false,-
xyz.gianlu.librespot,librespot-core,0.1.3,-,-,?,-,false,-
