groupId,artifactId,version,moduleName,moduleVersion,moduleMode,moduleDependencies,jdepsToolError,jdepsViolations
com.netflix.conductor,conductor-cassandra-persistence,2.5.1,-,-,?,-,false,-
com.netflix.conductor,conductor-client,2.5.1,-,-,?,-,false,-
com.netflix.conductor,conductor-common,2.5.1,-,-,?,-,false,-
com.netflix.conductor,conductor-contribs,2.5.1,-,-,?,-,false,-
com.netflix.conductor,conductor-core,2.5.1,-,-,?,-,false,-
com.netflix.conductor,conductor-es5-persistence,2.5.1,-,-,?,-,false,-
com.netflix.conductor,conductor-grpc,2.5.1,-,-,?,-,false,-
com.netflix.conductor,conductor-grpc-client,2.5.1,-,-,?,-,false,-
com.netflix.conductor,conductor-grpc-server,2.5.1,-,-,?,-,false,-
com.netflix.conductor,conductor-jersey,2.5.1,-,-,?,-,false,-
com.netflix.conductor,conductor-mysql-persistence,2.5.1,-,-,?,-,false,-
com.netflix.conductor,conductor-redis-persistence,2.5.1,-,-,?,-,false,-
com.netflix.conductor,conductor-test-harness,2.5.1,-,-,?,-,false,-
com.netflix.conductor,conductor-ui,2.5.1,-,-,?,-,false,-
org.mnode.ical4j,ical4j,3.0.5,-,-,?,-,false,-
org.scray,scray-hdfs-writer,1.2.2,-,-,?,-,false,-
tel.schich,qewqew,1.0.3,-,-,?,-,false,-
