groupId,artifactId,version,moduleName,moduleVersion,moduleMode,moduleDependencies,jdepsToolError,jdepsViolations
com.github.liuanxin,api-document,0.3.2,-,-,?,-,false,-
com.github.stefvanschie.inventoryframework,IF,0.3.1,-,-,?,-,false,-
io.cucumber,datatable,1.1.12,io.cucumber.datatable,-,automatic,-,false,-
io.cucumber,datatable-dependencies,1.1.12,io.cucumber.datatable.dependencies,-,automatic,-,false,-
io.cucumber,datatable-matchers,1.1.12,io.cucumber.datatable.matchers,-,automatic,-,false,-
io.github.cdimascio,japi-errors,1.2.0,-,-,?,-,false,-
org.brunocvcunha.coinpayments,coinpayments-java,1.2,-,-,?,-,false,-
org.dungba,joo-promise4j,1.3.2,-,-,?,-,false,-
org.reactivemongo,reactivemongo-shaded-native,0.16.1-osx-x86-64,-,-,?,-,false,-
org.scala-js,scalajs-junit-test-runtime_2.13.0-M5,1.0.0-M6,-,-,?,-,false,-
org.smartrplace.drivers,upnp-client,0.0.2,-,-,?,-,false,-
org.smartrplace.drivers,upnp-provider,0.0.2,-,-,?,-,false,-
org.smartrplace.drivers,upnp-provider-icon-smartrplace,0.0.2,-,-,?,-,false,-
org.smartrplace.drivers,upnp-tools,0.0.2,-,-,?,-,false,-
org.testng,testng,7.0.0-beta2,-,-,?,-,false,-
