groupId,artifactId,version,moduleName,moduleVersion,moduleMode,moduleDependencies,jdepsToolError,jdepsViolations
be.atbash.utils,utils-cdi,0.9.3,-,-,?,-,false,-
be.atbash.utils,utils-jsf,0.9.3,-,-,?,-,false,-
be.atbash.utils,utils-se,0.9.3,-,-,?,-,false,-
com.appian,connected-systems-core,1.0.1,-,-,?,-,false,-
com.github.kremliovskyi,combinationsgenerator,1.0.0,-,-,?,-,false,-
com.github.tonivade,purefun,0.9.0,com.github.tonivade.purefun,-,automatic,-,false,-
com.helger,ph-oton-atom,8.1.2,com.helger.photon.atom,-,automatic,-,false,-
com.helger,ph-oton-basic,8.1.2,com.helger.photon.basic,-,automatic,-,false,-
com.helger,ph-oton-bootstrap3,8.1.2,com.helger.photon.bootstrap3,-,automatic,-,false,-
com.helger,ph-oton-bootstrap3-pages,8.1.2,com.helger.photon.bootstrap3.pages,-,automatic,-,false,-
com.helger,ph-oton-bootstrap3-stub,8.1.2,com.helger.photon.bootstrap3.stub,-,automatic,-,false,-
com.helger,ph-oton-bootstrap3-uictrls,8.1.2,com.helger.photon.bootstrap3.uictrls,-,automatic,-,false,-
com.helger,ph-oton-bootstrap4,8.1.2,com.helger.photon.bootstrap4,-,automatic,-,false,-
com.helger,ph-oton-bootstrap4-pages,8.1.2,com.helger.photon.bootstrap3.pages,-,automatic,-,false,-
com.helger,ph-oton-bootstrap4-stub,8.1.2,com.helger.photon.bootstrap4.stub,-,automatic,-,false,-
com.helger,ph-oton-bootstrap4-uictrls,8.1.2,com.helger.photon.bootstrap4.uictrls,-,automatic,-,false,-
com.helger,ph-oton-connect,8.1.2,com.helger.photon.connect,-,automatic,-,false,-
com.helger,ph-oton-core,8.1.2,com.helger.photon.core,-,automatic,-,false,-
com.helger,ph-oton-datatables,8.1.2,com.helger.photon.uictrls.datatables,-,automatic,-,false,-
com.helger,ph-oton-exchange,8.1.2,com.helger.photon.exchange,-,automatic,-,false,-
com.helger,ph-oton-html,8.1.2,com.helger.photon.html,-,automatic,-,false,-
com.helger,ph-oton-icon,8.1.2,com.helger.photon.icon,-,automatic,-,false,-
com.helger,ph-oton-jetty,8.1.2,com.helger.photon.jetty,-,automatic,-,false,-
com.helger,ph-oton-jquery,8.1.2,com.helger.photon.html.jquery,-,automatic,-,false,-
com.helger,ph-oton-jscode,8.1.2,com.helger.photon.html.jscode,-,automatic,-,false,-
com.helger,ph-oton-security,8.1.2,com.helger.photon.security,-,automatic,-,false,-
com.helger,ph-oton-tinymce4,8.1.2,com.helger.photon.tinymce4,-,automatic,-,false,-
com.helger,ph-oton-uicore,8.1.2,com.helger.photon.uicore,-,automatic,-,false,-
com.helger,ph-oton-uictrls,8.1.2,com.helger.photon.uictrls,-,automatic,-,false,-
com.hubspot,EmbedSingularityExample,0.22.0,-,-,?,-,false,-
com.hubspot,SingularityBase,0.22.0,-,-,?,-,false,-
com.hubspot,SingularityClient,0.22.0,-,-,?,-,false,-
com.hubspot,SingularityExecutor,0.22.0,-,-,?,-,false,-
com.hubspot,SingularityExecutorCleanup,0.22.0,-,-,?,-,false,-
com.hubspot,SingularityMesosClient,0.22.0,-,-,?,-,false,-
com.hubspot,SingularityRunnerBase,0.22.0,-,-,?,-,false,-
com.hubspot,SingularityS3Base,0.22.0,-,-,?,-,false,-
com.hubspot,SingularityS3Downloader,0.22.0,-,-,?,-,false,-
com.hubspot,SingularityS3Uploader,0.22.0,-,-,?,-,false,-
com.hubspot,SingularityService,0.22.0,-,-,?,-,false,-
com.hubspot,SingularityServiceIntegrationTests,0.22.0,-,-,?,-,false,-
com.hubspot,SingularityUI,0.22.0,-,-,?,-,false,-
de.deltatree.pub.apis,easyfin,1.0.3,-,-,?,-,false,-
hu.advancedweb,scott,3.4.1,-,-,?,-,false,-
hu.advancedweb,scott-maven-plugin,3.4.1,-,-,?,-,false,-
io.circe,circe-fs2_2.11,0.11.0,-,-,?,-,false,-
io.circe,circe-fs2_2.12,0.11.0,-,-,?,-,false,-
life.expert,himalaya,1.0.0,-,-,?,-,false,-
me.lucko,commodore,1.3,-,-,?,-,false,-
org.piccolo2d,piccolo2d-core,3.0.1,-,-,?,-,false,-
org.piccolo2d,piccolo2d-examples,3.0.1,-,-,?,-,false,-
org.piccolo2d,piccolo2d-extras,3.0.1,-,-,?,-,false,-
org.piccolo2d,piccolo2d-swt,3.0.1,-,-,?,-,false,-
org.piccolo2d,piccolo2d-swt-examples,3.0.1,-,-,?,-,false,-
org.testng,testng,7.0.0-beta3,org.testng,-,automatic,-,false,-
