groupId,artifactId,version,moduleName,moduleVersion,moduleMode,moduleDependencies,jdepsToolError,jdepsViolations
br.ufsc.bridge,soap-api,0.0.7,-,-,?,-,false,-
com.conveyal,gtfs-lib,4.2.3,-,-,?,-,false,-
com.expedia,graphql-kotlin,0.0.31,-,-,?,-,false,-
com.github.evansiroky,maven-semantic-release-example,3.1.4,-,-,?,-,false,-
com.github.ferstl,depgraph-maven-plugin,3.3.0,-,-,?,-,false,-
com.hubspot.jinjava,jinjava,2.4.13,-,-,?,-,false,-
de.hbt.propertyname,propertyname,1.0.0,-,-,?,-,false,-
io.polyglotted,es-common,1.1.8,-,-,?,-,false,-
io.tryp,xpct-core_2.12,0.1.5,-,-,?,-,false,-
io.tryp,xpct-scalatest_2.12,0.1.5,-,-,?,-,false,-
io.tryp,xpct-specs2_2.12,0.1.5,-,-,?,-,false,-
io.tryp,xpct-utest_2.12,0.1.5,-,-,?,-,false,-
me.fmeng,anstore,1.0.0,-,-,?,-,false,-
me.fmeng,anstore-test,1.0.0,-,-,?,-,false,-
net.seesharpsoft.sharping,sharping-commons,0.14.0,-,-,?,-,false,-
net.seesharpsoft.sharping,sharping-spring-data,0.14.0,-,-,?,-,false,-
net.seesharpsoft.sharping,sharping-spring-multipart,0.14.0,-,-,?,-,false,-
net.seesharpsoft.sharping,sharping-spring-multipart-boot,0.14.0,-,-,?,-,false,-
net.seesharpsoft.sharping,sharping-spring-multipart-boot-example,0.14.0,-,-,?,-,false,-
net.seesharpsoft.sharping,sharping-spring-multipart-example,0.14.0,-,-,?,-,false,-
net.seesharpsoft.sharping,sharping-spring-suite,0.14.0,-,-,?,-,false,-
net.seesharpsoft.sharping,sharping-spring-suite-boot,0.14.0,-,-,?,-,false,-
org.scalameta,scalafmt-cli_2.11,2.0.0-RC3,-,-,?,-,false,-
org.scalameta,scalafmt-cli_2.12,2.0.0-RC3,-,-,?,-,false,-
org.scalameta,scalafmt-core_2.11,2.0.0-RC3,-,-,?,-,false,-
org.scalameta,scalafmt-core_2.12,2.0.0-RC3,-,-,?,-,false,-
org.scalameta,scalafmt-core_sjs0.6_2.11,2.0.0-RC3,-,-,?,-,false,-
org.scalameta,scalafmt-core_sjs0.6_2.12,2.0.0-RC3,-,-,?,-,false,-
org.scalameta,scalafmt-dynamic_2.11,2.0.0-RC3,-,-,?,-,false,-
org.scalameta,scalafmt-dynamic_2.12,2.0.0-RC3,-,-,?,-,false,-
org.scalameta,scalafmt-interfaces,2.0.0-RC3,-,-,?,-,false,-
