groupId,artifactId,version,moduleName,moduleVersion,moduleMode,moduleDependencies,jdepsToolError,jdepsViolations
com.google.apis,google-api-services-accesscontextmanager,v1beta-rev20181219-1.27.0,-,-,?,-,false,-
com.google.apis,google-api-services-alertcenter,v1beta1-rev20181215-1.27.0,-,-,?,-,false,-
com.google.apis,google-api-services-appengine,v1-rev20181218-1.27.0,-,-,?,-,false,-
com.google.apis,google-api-services-bigquery,v2-rev20181216-1.27.0,-,-,?,-,false,-
com.google.apis,google-api-services-cloudbuild,v1-rev20181017-1.27.0,-,-,?,-,false,-
com.google.apis,google-api-services-cloudfunctions,v1-rev20181212-1.27.0,-,-,?,-,false,-
com.google.apis,google-api-services-cloudidentity,v1-rev20181218-1.27.0,-,-,?,-,false,-
com.google.apis,google-api-services-composer,v1-rev20181120-1.27.0,-,-,?,-,false,-
com.google.apis,google-api-services-compute,v1-rev20181130-1.27.0,-,-,?,-,false,-
com.google.apis,google-api-services-dataproc,v1-rev20181126-1.27.0,-,-,?,-,false,-
com.google.apis,google-api-services-datastore,v1-rev20181207-1.27.0,-,-,?,-,false,-
com.google.apis,google-api-services-dialogflow,v2-rev20181215-1.27.0,-,-,?,-,false,-
com.google.apis,google-api-services-dlp,v2-rev20181218-1.27.0,-,-,?,-,false,-
com.google.apis,google-api-services-drive,v3-rev20181213-1.27.0,-,-,?,-,false,-
com.google.apis,google-api-services-jobs,v3-rev20181210-1.27.0,-,-,?,-,false,-
com.google.apis,google-api-services-logging,v2-rev20181215-1.27.0,-,-,?,-,false,-
com.google.apis,google-api-services-ml,v1-rev20181207-1.27.0,-,-,?,-,false,-
com.google.apis,google-api-services-monitoring,v3-rev20181205-1.27.0,-,-,?,-,false,-
com.google.apis,google-api-services-pagespeedonline,v5-rev20181127-1.27.0,-,-,?,-,false,-
com.google.apis,google-api-services-pubsub,v1-rev20181213-1.27.0,-,-,?,-,false,-
com.google.apis,google-api-services-serviceconsumermanagement,v1-rev20181217-1.27.0,-,-,?,-,false,-
com.google.apis,google-api-services-servicecontrol,v1-rev20181214-1.27.0,-,-,?,-,false,-
com.google.apis,google-api-services-servicemanagement,v1-rev20181210-1.27.0,-,-,?,-,false,-
com.google.apis,google-api-services-servicenetworking,v1-rev2-1.25.0,-,-,?,-,false,-
com.google.apis,google-api-services-serviceusage,v1-rev20181217-1.27.0,-,-,?,-,false,-
com.netflix.conductor,conductor-cassandra-persistence,2.5.0,-,-,?,-,false,-
com.netflix.conductor,conductor-client,2.5.0,-,-,?,-,false,-
com.netflix.conductor,conductor-common,2.5.0,-,-,?,-,false,-
com.netflix.conductor,conductor-contribs,2.5.0,-,-,?,-,false,-
com.netflix.conductor,conductor-core,2.5.0,-,-,?,-,false,-
com.netflix.conductor,conductor-es5-persistence,2.5.0,-,-,?,-,false,-
com.netflix.conductor,conductor-grpc,2.5.0,-,-,?,-,false,-
com.netflix.conductor,conductor-grpc-client,2.5.0,-,-,?,-,false,-
com.netflix.conductor,conductor-grpc-server,2.5.0,-,-,?,-,false,-
com.netflix.conductor,conductor-jersey,2.5.0,-,-,?,-,false,-
com.netflix.conductor,conductor-mysql-persistence,2.5.0,-,-,?,-,false,-
com.netflix.conductor,conductor-redis-persistence,2.5.0,-,-,?,-,false,-
com.netflix.conductor,conductor-test-harness,2.5.0,-,-,?,-,false,-
com.netflix.conductor,conductor-ui,2.5.0,-,-,?,-,false,-
com.netflix.evcache,evcache-client,5.0.27-rc.1,-,-,?,-,false,sun.misc.Cleaner                         Use java.lang.ref.PhantomReference @since 1.2 or java.lang.ref.Cleaner @since 9
com.netflix.evcache,evcache-client-sample,5.0.27-rc.1,-,-,?,-,false,-
com.shapesecurity.shift,es2017,1.1.0,-,-,?,-,false,-
io.github.robvanderleek,jlifx,0.4,-,-,?,-,false,-
net.nemerosa.ontrack,ontrack-acceptance,3.37.4,-,-,?,-,false,-
net.nemerosa.ontrack,ontrack-client,3.37.4,-,-,?,-,false,-
net.nemerosa.ontrack,ontrack-common,3.37.4,-,-,?,-,false,-
net.nemerosa.ontrack,ontrack-database,3.37.4,-,-,?,-,false,-
net.nemerosa.ontrack,ontrack-docs,3.37.4,-,-,?,-,false,-
net.nemerosa.ontrack,ontrack-dsl,3.37.4,-,-,?,-,false,-
net.nemerosa.ontrack,ontrack-dsl-shell,3.37.4,-,-,?,-,false,-
net.nemerosa.ontrack,ontrack-extension-api,3.37.4,-,-,?,-,false,-
net.nemerosa.ontrack,ontrack-extension-artifactory,3.37.4,-,-,?,-,false,-
net.nemerosa.ontrack,ontrack-extension-combined,3.37.4,-,-,?,-,false,-
net.nemerosa.ontrack,ontrack-extension-general,3.37.4,-,-,?,-,false,-
net.nemerosa.ontrack,ontrack-extension-git,3.37.4,-,-,?,-,false,-
net.nemerosa.ontrack,ontrack-extension-github,3.37.4,-,-,?,-,false,-
net.nemerosa.ontrack,ontrack-extension-gitlab,3.37.4,-,-,?,-,false,-
net.nemerosa.ontrack,ontrack-extension-influxdb,3.37.4,-,-,?,-,false,-
net.nemerosa.ontrack,ontrack-extension-issues,3.37.4,-,-,?,-,false,-
net.nemerosa.ontrack,ontrack-extension-jenkins,3.37.4,-,-,?,-,false,-
net.nemerosa.ontrack,ontrack-extension-jira,3.37.4,-,-,?,-,false,-
net.nemerosa.ontrack,ontrack-extension-ldap,3.37.4,-,-,?,-,false,-
net.nemerosa.ontrack,ontrack-extension-plugin,3.37.4,-,-,?,-,false,-
net.nemerosa.ontrack,ontrack-extension-scm,3.37.4,-,-,?,-,false,-
net.nemerosa.ontrack,ontrack-extension-stale,3.37.4,-,-,?,-,false,-
net.nemerosa.ontrack,ontrack-extension-stash,3.37.4,-,-,?,-,false,-
net.nemerosa.ontrack,ontrack-extension-support,3.37.4,-,-,?,-,false,-
net.nemerosa.ontrack,ontrack-extension-svn,3.37.4,-,-,?,-,false,-
net.nemerosa.ontrack,ontrack-extension-vault,3.37.4,-,-,?,-,false,-
net.nemerosa.ontrack,ontrack-git,3.37.4,-,-,?,-,false,-
net.nemerosa.ontrack,ontrack-it-utils,3.37.4,-,-,?,-,false,-
net.nemerosa.ontrack,ontrack-job,3.37.4,-,-,?,-,false,-
net.nemerosa.ontrack,ontrack-json,3.37.4,-,-,?,-,false,-
net.nemerosa.ontrack,ontrack-model,3.37.4,-,-,?,-,false,-
net.nemerosa.ontrack,ontrack-postgresql-migration,3.37.4,-,-,?,-,false,-
net.nemerosa.ontrack,ontrack-repository,3.37.4,-,-,?,-,false,-
net.nemerosa.ontrack,ontrack-repository-impl,3.37.4,-,-,?,-,false,-
net.nemerosa.ontrack,ontrack-repository-support,3.37.4,-,-,?,-,false,-
net.nemerosa.ontrack,ontrack-service,3.37.4,-,-,?,-,false,-
net.nemerosa.ontrack,ontrack-test-utils,3.37.4,-,-,?,-,false,-
net.nemerosa.ontrack,ontrack-tx,3.37.4,-,-,?,-,false,-
net.nemerosa.ontrack,ontrack-ui,3.37.4,-,-,?,-,false,-
net.nemerosa.ontrack,ontrack-ui-graphql,3.37.4,-,-,?,-,false,-
net.nemerosa.ontrack,ontrack-ui-support,3.37.4,-,-,?,-,false,-
org.eclipse.microprofile.fault-tolerance,microprofile-fault-tolerance-api,1.1.4,-,-,?,-,false,-
org.eclipse.microprofile.fault-tolerance,microprofile-fault-tolerance-tck,1.1.4,-,-,?,-,false,-
org.microbean,microbean-eclipselink-cdi,0.0.2,org.microbean.eclipselink.cdi,-,automatic,-,false,-
