groupId,artifactId,version,moduleName,moduleVersion,moduleMode,moduleDependencies,jdepsToolError,jdepsViolations
io.github.xiaoyudeguang,easy-brancher,3.0.71-RELEASE,-,-,?,-,false,-
io.github.xiaoyudeguang,easy-cache,3.0.71-RELEASE,-,-,?,-,false,-
io.github.xiaoyudeguang,easy-core,3.0.71-RELEASE,-,-,?,-,false,-
io.github.xiaoyudeguang,easy-log,3.0.71-RELEASE,-,-,?,-,false,-
io.github.xiaoyudeguang,easy-mybatis,3.0.71-RELEASE,-,-,?,-,false,-
io.github.xiaoyudeguang,easy-socket,3.0.71-RELEASE,-,-,?,-,false,-
io.github.xiaoyudeguang,easy-swagger,3.0.71-RELEASE,-,-,?,-,false,-
io.github.xiaoyudeguang,easy-trunker,3.0.71-RELEASE,-,-,?,-,false,-
io.github.xiaoyudeguang,easy-web,3.0.71-RELEASE,-,-,?,-,false,-
org.cristalise,cristalise-jooqdb,3.6.0,-,-,?,-,false,-
tech.sparse,toml-scala_2.11,0.2.0,-,-,?,-,false,-
tech.sparse,toml-scala_2.12,0.2.0,-,-,?,-,false,-
tech.sparse,toml-scala_native0.3_2.11,0.2.0,-,-,?,-,false,-
tech.sparse,toml-scala_sjs0.6_2.11,0.2.0,-,-,?,-,false,-
tech.sparse,toml-scala_sjs0.6_2.12,0.2.0,-,-,?,-,false,-
