groupId,artifactId,version,moduleName,moduleVersion,moduleMode,moduleDependencies,jdepsToolError,jdepsViolations
com.bernardomg.tabletop,dice,1.3.1,-,-,?,-,false,-
com.github.blutorange,primefaces.monaco,0.15.1,-,-,?,-,false,-
com.github.ejin66,QuickHttp,1.0.7,-,-,?,-,false,-
com.wix,accord-api_2.11,0.7.3,-,-,?,-,false,-
com.wix,accord-api_2.12,0.7.3,-,-,?,-,false,-
com.wix,accord-api_2.13.0-M5,0.7.3,-,-,?,-,false,-
com.wix,accord-api_sjs0.6_2.11,0.7.3,-,-,?,-,false,-
com.wix,accord-api_sjs0.6_2.12,0.7.3,-,-,?,-,false,-
com.wix,accord-api_sjs0.6_2.13.0-M5,0.7.3,-,-,?,-,false,-
com.wix,accord-core_2.11,0.7.3,-,-,?,-,false,-
com.wix,accord-core_2.12,0.7.3,-,-,?,-,false,-
com.wix,accord-core_2.13.0-M5,0.7.3,-,-,?,-,false,-
com.wix,accord-core_sjs0.6_2.11,0.7.3,-,-,?,-,false,-
com.wix,accord-core_sjs0.6_2.12,0.7.3,-,-,?,-,false,-
com.wix,accord-core_sjs0.6_2.13.0-M5,0.7.3,-,-,?,-,false,-
com.wix,accord-java8_2.11,0.7.3,-,-,?,-,false,-
com.wix,accord-java8_2.12,0.7.3,-,-,?,-,false,-
com.wix,accord-java8_2.13.0-M5,0.7.3,-,-,?,-,false,-
com.wix,accord-joda_2.11,0.7.3,-,-,?,-,false,-
com.wix,accord-joda_2.12,0.7.3,-,-,?,-,false,-
com.wix,accord-joda_2.13.0-M5,0.7.3,-,-,?,-,false,-
com.wix,accord-scalatest_2.11,0.7.3,-,-,?,-,false,-
com.wix,accord-scalatest_2.12,0.7.3,-,-,?,-,false,-
com.wix,accord-scalatest_2.13.0-M5,0.7.3,-,-,?,-,false,-
com.wix,accord-scalatest_sjs0.6_2.11,0.7.3,-,-,?,-,false,-
com.wix,accord-scalatest_sjs0.6_2.12,0.7.3,-,-,?,-,false,-
com.wix,accord-scalatest_sjs0.6_2.13.0-M5,0.7.3,-,-,?,-,false,-
com.wix,accord-specs2_2.11,0.7.3,-,-,?,-,false,-
com.wix,accord-specs2_2.12,0.7.3,-,-,?,-,false,-
com.wix,accord-specs2_2.13.0-M5,0.7.3,-,-,?,-,false,-
com.wix,accord-spring3_2.11,0.7.3,-,-,?,-,false,-
com.wix,accord-spring3_2.12,0.7.3,-,-,?,-,false,-
com.wix,accord-spring3_2.13.0-M5,0.7.3,-,-,?,-,false,-
io.iteratee,iteratee-twitter_2.11,18.12.0,-,-,?,-,false,-
io.iteratee,iteratee-twitter_2.12,18.12.0,-,-,?,-,false,-
