groupId,artifactId,version,moduleName,moduleVersion,moduleMode,moduleDependencies,jdepsToolError,jdepsViolations
com.bisahealth,bisahealth-decoding,0.0.2,-,-,?,-,false,-
com.github.xiaolyuh,layering-cache-aspectj,2.0.0,-,-,?,-,false,-
com.github.xiaolyuh,layering-cache-core,2.0.0,-,-,?,-,false,-
com.github.xiaolyuh,layering-cache-starter,2.0.0,-,-,?,-,false,-
com.github.xiaolyuh,layering-cache-tool,2.0.0,-,-,?,-,false,-
io.github.magic-core,easy-poi,1.0.0,-,-,?,-,false,-
jp.nephy,penicillin,4.0.0-eap-1,-,-,?,-,false,-
jp.qpg,java-web,2.0.30,-,-,?,-,false,-
net.wicp.tams,common-apiext,3.5.10,-,-,?,-,false,-
net.wicp.tams,common-connector,3.5.10,-,-,?,-,false,-
net.wicp.tams,common-es-assit,3.5.10,-,-,?,-,false,-
net.wicp.tams,common-es-client,3.5.10,-,-,?,-,false,-
net.wicp.tams,common-es-plugin,3.5.10,-,-,?,-,false,-
net.wicp.tams,common-spring,3.5.10,-,-,?,-,false,-
org.seasar.doma,doma,2.21.0,-,-,?,-,false,-
tr.com.terrayazilim.nt.api,nt-api,0.0.4,-,-,?,-,false,-
