groupId,artifactId,version,moduleName,moduleVersion,moduleMode,moduleDependencies,jdepsToolError,jdepsViolations
com.aliyun,aliyun-java-sdk-kdata-aliyun-inc,2.2.1,-,-,?,-,false,-
com.caucho,quercus,4.0.52,-,-,?,-,false,-
com.github.takezoe,scala-rison_2.12,0.0.1,-,-,?,-,false,-
fi.metatavu.tulistop.client,tulistop-api-client,0.0.23,-,-,?,-,false,-
fi.metatavu.tulistop,tulistop-api-spec,0.0.24,-,-,?,-,false,-
io.github.nassimus26,FastScanner,1.0.2,-,-,?,-,false,-
org.chenmin.open,objector,0.0.5,-,-,?,-,false,-
org.chenmin.open,objector-ots,0.0.5,-,-,?,-,false,-
