groupId,artifactId,version,moduleName,moduleVersion,moduleMode,moduleDependencies,jdepsToolError,jdepsViolations
com.amazon.alexa,ask-sdk,2.11.2,-,-,?,-,false,-
com.amazon.alexa,ask-sdk-apache-client,2.11.2,-,-,?,-,false,-
com.amazon.alexa,ask-sdk-core,2.11.2,-,-,?,-,false,-
com.amazon.alexa,ask-sdk-dynamodb-persistence-adapter,2.11.2,-,-,?,-,false,-
com.amazon.alexa,ask-sdk-lambda-support,2.11.2,-,-,?,-,false,-
com.amazon.alexa,ask-sdk-runtime,2.11.2,-,-,?,-,false,-
com.amazon.alexa,ask-sdk-servlet-support,2.11.2,-,-,?,-,false,-
com.fluxtion.example,documentation_core_examples,1.6.0,-,-,?,-,false,-
com.fluxtion.extension,fluxtion-declarative-api,1.6.0,-,-,?,-,false,-
com.fluxtion.extension,fluxtion-declarative-builder,1.6.0,-,-,?,-,false,-
com.fluxtion.extension,fluxtion-fu-text-api,1.6.0,-,-,?,-,false,-
com.fluxtion.extension,fluxtion-fu-text-builder,1.6.0,-,-,?,-,false,-
com.fluxtion,fluxtion-api,1.6.0,-,-,?,-,false,-
com.fluxtion,fluxtion-builder,1.6.0,-,-,?,-,false,-
com.fluxtion,fluxtion-maven-plugin,1.6.0,-,-,?,-,false,-
com.fluxtion,generator,1.6.0,-,-,?,-,false,-
com.github.losizm,little-json_2.12,2.1.2,-,-,?,-,false,-
com.github.shalousun,smart-doc,1.6.1,-,-,?,-,false,-
com.goldmansachs.obevo,obevo-cli,7.0.2,-,-,?,-,false,-
com.goldmansachs.obevo,obevo-core,7.0.2,-,-,?,-,false,-
com.goldmansachs.obevo,obevo-db,7.0.2,-,-,?,-,false,-
com.goldmansachs.obevo,obevo-db-client-alldbs,7.0.2,-,-,?,-,false,-
com.goldmansachs.obevo,obevo-db-db2,7.0.2,-,-,?,-,false,-
com.goldmansachs.obevo,obevo-db-h2,7.0.2,-,-,?,-,false,-
com.goldmansachs.obevo,obevo-db-hsql,7.0.2,-,-,?,-,false,-
com.goldmansachs.obevo,obevo-db-internal-test-helper,7.0.2,-,-,?,-,false,-
com.goldmansachs.obevo,obevo-dbmetadata-impl,7.0.2,-,-,?,-,false,-
com.goldmansachs.obevo,obevo-db-mssql,7.0.2,-,-,?,-,false,-
com.goldmansachs.obevo,obevo-db-mysql,7.0.2,-,-,?,-,false,-
com.goldmansachs.obevo,obevo-db-oracle,7.0.2,-,-,?,-,false,-
com.goldmansachs.obevo,obevo-db-postgresql,7.0.2,-,-,?,-,false,-
com.goldmansachs.obevo,obevo-db-sybase-ase,7.0.2,-,-,?,-,false,-
com.goldmansachs.obevo,obevo-db-sybase-iq,7.0.2,-,-,?,-,false,-
com.goldmansachs.obevo,obevo-db-unittest-util,7.0.2,-,-,?,-,false,-
com.goldmansachs.obevo,obevo-internal-comparer,7.0.2,-,-,?,-,false,-
com.goldmansachs.obevo,obevo-maven-plugin,7.0.2,-,-,?,-,false,-
com.goldmansachs.obevo,obevo-mongodb,7.0.2,-,-,?,-,false,-
com.goldmansachs.obevo,obevo-reladomo-util,7.0.2,-,-,?,-,false,-
com.thesamet.scalapb,compilerplugin_2.10,0.8.3,-,-,?,-,false,-
com.thesamet.scalapb,compilerplugin_2.11,0.8.3,-,-,?,-,false,-
com.thesamet.scalapb,compilerplugin_2.12,0.8.3,-,-,?,-,false,-
com.thesamet.scalapb,compilerplugin-shaded_2.10,0.8.3,-,-,?,-,false,sun.misc.Unsafe                          See http://openjdk.java.net/jeps/260
com.thesamet.scalapb,compilerplugin-shaded_2.11,0.8.3,-,-,?,-,false,sun.misc.Unsafe                          See http://openjdk.java.net/jeps/260
com.thesamet.scalapb,compilerplugin-shaded_2.12,0.8.3,-,-,?,-,false,sun.misc.Unsafe                          See http://openjdk.java.net/jeps/260
com.thesamet.scalapb,lenses_2.10,0.8.3,-,-,?,-,false,-
com.thesamet.scalapb,lenses_2.11,0.8.3,-,-,?,-,false,-
com.thesamet.scalapb,lenses_2.12,0.8.3,-,-,?,-,false,-
com.thesamet.scalapb,lenses_native0.3_2.11,0.8.3,-,-,?,-,false,-
com.thesamet.scalapb,lenses_sjs0.6_2.10,0.8.3,-,-,?,-,false,-
com.thesamet.scalapb,lenses_sjs0.6_2.11,0.8.3,-,-,?,-,false,-
com.thesamet.scalapb,lenses_sjs0.6_2.12,0.8.3,-,-,?,-,false,-
com.thesamet.scalapb,scalapbc_2.10,0.8.3,-,-,?,-,false,-
com.thesamet.scalapb,scalapbc_2.11,0.8.3,-,-,?,-,false,-
com.thesamet.scalapb,scalapbc_2.12,0.8.3,-,-,?,-,false,-
com.thesamet.scalapb,scalapb-runtime_2.10,0.8.3,-,-,?,-,false,-
com.thesamet.scalapb,scalapb-runtime_2.11,0.8.3,-,-,?,-,false,-
com.thesamet.scalapb,scalapb-runtime_2.12,0.8.3,-,-,?,-,false,-
com.thesamet.scalapb,scalapb-runtime-grpc_2.10,0.8.3,-,-,?,-,false,-
com.thesamet.scalapb,scalapb-runtime-grpc_2.11,0.8.3,-,-,?,-,false,-
com.thesamet.scalapb,scalapb-runtime-grpc_2.12,0.8.3,-,-,?,-,false,-
com.thesamet.scalapb,scalapb-runtime_native0.3_2.11,0.8.3,-,-,?,-,false,-
com.thesamet.scalapb,scalapb-runtime_sjs0.6_2.10,0.8.3,-,-,?,-,false,-
com.thesamet.scalapb,scalapb-runtime_sjs0.6_2.11,0.8.3,-,-,?,-,false,-
com.thesamet.scalapb,scalapb-runtime_sjs0.6_2.12,0.8.3,-,-,?,-,false,-
io.github.xiaobogaga,datastructure,1.0,-,-,?,-,false,sun.misc.Cleaner                         Use java.lang.ref.PhantomReference @since 1.2 or java.lang.ref.Cleaner @since 9
org.eclipse.microprofile.openapi,microprofile-openapi-api,2.0-MR1,-,-,?,-,false,-
org.eclipse.microprofile.openapi,microprofile-openapi-spi,2.0-MR1,-,-,?,-,false,-
org.eclipse.microprofile.openapi,microprofile-openapi-tck,2.0-MR1,-,-,?,-,false,-
top.plong,ms-base-rest-api,0.0.2,-,-,?,-,false,-
top.plong,ms-base-rest-default,0.0.2,-,-,?,-,false,-
top.plong,ms-base-rest-generator,0.0.2,-,-,?,-,false,-
top.plong,ms-base-rest-ots,0.0.2,-,-,?,-,false,-
top.plong,ms-base-rest-resource,0.0.2,-,-,?,-,false,-
top.plong,ms-cas-security,0.0.2,-,-,?,-,false,-
top.plong,ms-common-batis,0.0.2,-,-,?,-,false,-
top.plong,ms-common-bean,0.0.2,-,-,?,-,false,-
top.plong,ms-common-data,0.0.2,-,-,?,-,false,-
top.plong,ms-fw-starter,0.0.2,-,-,?,-,false,-
top.plong,ms-workable-flow-api,0.0.2,-,-,?,-,false,-
top.plong,ms-workable-flow-idm,0.0.2,-,-,?,-,false,-
top.plong,ms-workable-flow-modeler,0.0.2,-,-,?,-,false,-
