groupId,artifactId,version,moduleName,moduleVersion,moduleMode,moduleDependencies,jdepsToolError,jdepsViolations
com.definesys.mpaas,sword-swagger-plugin,1.0.0,-,-,?,-,false,sun.misc.BASE64Decoder                   Use java.util.Base64 @since 1.8 + sun.misc.BASE64Encoder                   Use java.util.Base64 @since 1.8
eu.rssw.openedge.checks,openedge-checks,2.2.4,-,-,?,-,false,-
eu.rssw.openedge.parsers,database-parser,2.2.4,-,-,?,-,false,-
eu.rssw.openedge.parsers,listing-parser,2.2.4,-,-,?,-,false,-
eu.rssw.openedge.parsers,profiler-parser,2.2.4,-,-,?,-,false,-
eu.rssw.openedge.parsers,proparse,2.2.4,-,-,?,-,false,-
eu.rssw.openedge.rcode,rcode-reader,2.2.4,-,-,?,-,false,-
eu.rssw.sonar.openedge,sonar-openedge-plugin,2.2.4,-,-,?,-,false,-
io.gravitee.node,gravitee-node-api,1.2.2,-,-,?,-,false,-
io.gravitee.node,gravitee-node-container,1.2.2,-,-,?,-,false,-
io.gravitee.node,gravitee-node-management,1.2.2,-,-,?,-,false,-
io.gravitee.node,gravitee-node-notifier,1.2.2,-,-,?,-,false,-
io.gravitee.node,gravitee-node-plugins-service,1.2.2,-,-,?,-,false,-
io.gravitee.node,gravitee-node-reporter,1.2.2,-,-,?,-,false,-
io.gravitee.node,gravitee-node-vertx,1.2.2,-,-,?,-,false,-
io.gravitee.node.services,gravitee-node-services-healthcheck,1.2.2,-,-,?,-,false,-
io.gravitee.node.services,gravitee-node-services-monitoring,1.2.2,-,-,?,-,false,-
nl.talsmasoftware.context,context-propagation,1.0.3,nl.talsmasoftware.context,-,automatic,-,false,-
nl.talsmasoftware.context,context-propagation-java8,1.0.3,nl.talsmasoftware.context.java8,-,automatic,-,false,-
nl.talsmasoftware.context,context-propagation-metrics,1.0.3,nl.talsmasoftware.context.metrics,-,automatic,-,false,-
nl.talsmasoftware.context,locale-context,1.0.3,nl.talsmasoftware.context.locale,-,automatic,-,false,-
nl.talsmasoftware.context,mdc-propagation,1.0.3,nl.talsmasoftware.context.mdc,-,automatic,-,false,-
nl.talsmasoftware.context,opentracing-span-propagation,1.0.3,nl.talsmasoftware.context.opentracing,-,automatic,-,false,-
nl.talsmasoftware.context,servletrequest-propagation,1.0.3,nl.talsmasoftware.context.servletrequest,-,automatic,-,false,-
nl.talsmasoftware.context,spring-security-context,1.0.3,nl.talsmasoftware.context.springsecurity,-,automatic,-,false,-
no.nav.meldinger.virksomhet,nav-virksomhet-dokumentnotifikasjon-v1-meldingsdefinisjon,1.2019.01.08-09.21,-,-,?,-,false,-
org.brunocvcunha.seleneasy,seleneasy,1.1,-,-,?,-,false,-
win.hupubao,dockit-maven-plugin,1.0.0,-,-,?,-,false,-
