groupId,artifactId,version,moduleName,moduleVersion,moduleMode,moduleDependencies,jdepsToolError,jdepsViolations
br.com.jarch,jarch-agent,18.12.0,-,-,?,-,false,-
br.com.jarch,jarch-annotation,18.12.0,-,-,?,-,false,-
br.com.jarch,jarch-apt,18.12.0,-,-,?,-,false,-
br.com.jarch,jarch-bpmn,18.12.0,-,-,?,-,false,-
br.com.jarch,jarch-cep,18.12.0,-,-,?,-,false,-
br.com.jarch,jarch-crud,18.12.0,-,-,?,-,false,-
br.com.jarch,jarch-docx,18.12.0,-,-,?,-,false,-
br.com.jarch,jarch-exception,18.12.0,-,-,?,-,false,-
br.com.jarch,jarch-jdbc,18.12.0,-,-,?,-,false,-
br.com.jarch,jarch-jpa,18.12.0,-,-,?,-,false,-
br.com.jarch,jarch-jsf,18.12.0,-,-,?,-,false,-
br.com.jarch,jarch-migration,18.12.0,-,-,?,-,false,-
br.com.jarch,jarch-model,18.12.0,-,-,?,-,false,-
br.com.jarch,jarch-report,18.12.0,-,-,?,-,false,-
br.com.jarch,jarch-svn,18.12.0,-,-,?,-,false,-
br.com.jarch,jarch-test,18.12.0,-,-,?,-,false,-
br.com.jarch,jarch-utils,18.12.0,-,-,?,-,false,-
com.ardikars.jxnet,jxnet,1.5.3.RC4,-,-,?,-,false,-
com.ardikars.jxnet,jxnet-benchmark,1.5.3.RC4,-,-,?,-,false,-
com.ardikars.jxnet,jxnet-context,1.5.3.RC4,-,-,?,-,false,-
com.ardikars.jxnet,jxnet-core,1.5.3.RC4,-,-,?,-,false,-
com.ardikars.jxnet,jxnet-example,1.5.3.RC4,-,-,?,-,false,-
com.ardikars.jxnet,jxnet-spring-boot-autoconfigure,1.5.3.RC4,-,-,?,-,false,-
com.ardikars.jxnet,jxnet-spring-boot-starter,1.5.3.RC4,-,-,?,-,false,-
com.ardikars.jxnet,jxnet-spring-boot-starter-example,1.5.3.RC4,-,-,?,-,false,-
com.baomidou,mybatis-plus,3.0.7.1,-,-,?,-,false,-
com.baomidou,mybatis-plus-annotation,3.0.7.1,-,-,?,-,false,-
com.baomidou,mybatis-plus-boot-starter,3.0.7.1,-,-,?,-,false,-
com.baomidou,mybatis-plus-core,3.0.7.1,-,-,?,-,false,-
com.baomidou,mybatis-plus-extension,3.0.7.1,-,-,?,-,false,-
com.baomidou,mybatis-plus-generator,3.0.7.1,-,-,?,-,false,-
com.github.houbb,sensitive-annotation,0.0.1,-,-,?,-,false,-
com.github.houbb,sensitive-api,0.0.1,-,-,?,-,false,-
com.github.houbb,sensitive-core,0.0.1,-,-,?,-,false,-
com.github.houbb,sensitive-test,0.0.1,-,-,?,-,false,-
com.github.jerryzlei,multi-datasource,1.0.0.RELEASE,-,-,?,-,false,-
com.github.nosan,embedded-cassandra,1.2.9,-,-,?,-,false,-
com.github.nosan,embedded-cassandra-test,1.2.9,-,-,?,-,false,-
com.github.pyracantha,coccinea-core,0.1.0-15-8babd3d,-,-,?,-,false,-
com.notronix,JaLAPI,0.0.38,-,-,?,-,false,-
com.zaxxer,HikariCP,3.3.0,com.zaxxer.hikari,-,automatic,-,false,-
no.mnemonic.messaging,documentchannel,1.2.5,-,-,?,-,false,-
no.mnemonic.messaging,documentchannel-jms,1.2.5,-,-,?,-,false,-
no.mnemonic.messaging,documentchannel-kafka,1.2.5,-,-,?,-,false,-
no.mnemonic.messaging,requestsink,1.2.5,-,-,?,-,false,-
no.mnemonic.messaging,requestsink-jms,1.2.5,-,-,?,-,false,-
org.apache.flume,flume-ng-auth,1.9.0,-,-,?,-,false,-
org.apache.flume.flume-ng-channels,flume-file-channel,1.9.0,-,-,?,-,false,-
org.apache.flume.flume-ng-channels,flume-jdbc-channel,1.9.0,-,-,?,-,false,-
org.apache.flume.flume-ng-channels,flume-kafka-channel,1.9.0,-,-,?,-,false,-
org.apache.flume.flume-ng-channels,flume-spillable-memory-channel,1.9.0,-,-,?,-,false,-
org.apache.flume.flume-ng-clients,flume-ng-log4jappender,1.9.0,-,-,?,-,false,-
org.apache.flume.flume-ng-configfilters,flume-ng-config-filter-api,1.9.0,-,-,?,-,false,-
org.apache.flume.flume-ng-configfilters,flume-ng-environment-variable-config-filter,1.9.0,-,-,?,-,false,-
org.apache.flume.flume-ng-configfilters,flume-ng-external-process-config-filter,1.9.0,-,-,?,-,false,-
org.apache.flume.flume-ng-configfilters,flume-ng-hadoop-credential-store-config-filter,1.9.0,-,-,?,-,false,-
org.apache.flume,flume-ng-configuration,1.9.0,-,-,?,-,false,-
org.apache.flume,flume-ng-core,1.9.0,-,-,?,-,false,-
org.apache.flume,flume-ng-embedded-agent,1.9.0,-,-,?,-,false,-
org.apache.flume.flume-ng-legacy-sources,flume-avro-source,1.9.0,-,-,?,-,false,-
org.apache.flume.flume-ng-legacy-sources,flume-thrift-source,1.9.0,-,-,?,-,false,-
org.apache.flume,flume-ng-node,1.9.0,-,-,?,-,false,-
org.apache.flume,flume-ng-sdk,1.9.0,-,-,?,-,false,-
org.apache.flume.flume-ng-sinks,flume-dataset-sink,1.9.0,-,-,?,-,false,-
org.apache.flume.flume-ng-sinks,flume-hdfs-sink,1.9.0,-,-,?,-,false,-
org.apache.flume.flume-ng-sinks,flume-hive-sink,1.9.0,-,-,?,-,false,-
org.apache.flume.flume-ng-sinks,flume-http-sink,1.9.0,-,-,?,-,false,-
org.apache.flume.flume-ng-sinks,flume-irc-sink,1.9.0,-,-,?,-,false,-
org.apache.flume.flume-ng-sinks,flume-ng-elasticsearch-sink,1.9.0,-,-,?,-,false,-
org.apache.flume.flume-ng-sinks,flume-ng-hbase2-sink,1.9.0,-,-,?,-,false,-
org.apache.flume.flume-ng-sinks,flume-ng-hbase-sink,1.9.0,-,-,?,-,false,-
org.apache.flume.flume-ng-sinks,flume-ng-kafka-sink,1.9.0,-,-,?,-,false,-
org.apache.flume.flume-ng-sinks,flume-ng-morphline-solr-sink,1.9.0,-,-,?,-,false,-
org.apache.flume.flume-ng-sources,flume-jms-source,1.9.0,-,-,?,-,false,-
org.apache.flume.flume-ng-sources,flume-kafka-source,1.9.0,-,-,?,-,false,-
org.apache.flume.flume-ng-sources,flume-scribe-source,1.9.0,-,-,?,-,false,-
org.apache.flume.flume-ng-sources,flume-taildir-source,1.9.0,-,-,?,-,false,-
org.apache.flume.flume-ng-sources,flume-twitter-source,1.9.0,-,-,?,-,false,-
org.apache.flume,flume-ng-tests,1.9.0,-,-,?,-,false,-
org.apache.flume.flume-shared,flume-shared-kafka,1.9.0,-,-,?,-,false,-
org.apache.flume.flume-shared,flume-shared-kafka-test,1.9.0,-,-,?,-,false,-
org.apache.flume,flume-tools,1.9.0,-,-,?,-,false,-
