groupId,artifactId,version,moduleName,moduleVersion,moduleMode,moduleDependencies,jdepsToolError,jdepsViolations
be.atbash.utils,utils-cdi,0.9.3,-,-,?,-,false,-
be.atbash.utils,utils-jsf,0.9.3,-,-,?,-,false,-
be.atbash.utils,utils-se,0.9.3,-,-,?,-,false,-
ch.exense.step,step-grid-agent,0.9.1,-,-,?,-,false,-
ch.exense.step,step-grid-api,0.9.1,-,-,?,-,false,-
ch.exense.step,step-grid-server,0.9.1,-,-,?,-,false,-
com.aggrepoint.framework,apdao,1.0.1,-,-,?,-,false,-
com.aggrepoint.framework,aputils,1.0.1,-,-,?,-,false,-
com.aggrepoint.framework,winlet,1.0.1,-,-,?,-,false,-
com.github.kremliovskyi,combinationsgenerator,1.0.0,-,-,?,-,false,-
com.github.saphyra,auth-service,1.1.0,-,-,?,-,false,-
com.github.tonivade,purefun,0.9.0,com.github.tonivade.purefun,-,automatic,-,false,-
com.harium.etyl,ui,0.1.4,-,-,?,-,false,-
com.helger,ph-oton-atom,8.1.2,com.helger.photon.atom,-,automatic,-,false,-
com.helger,ph-oton-basic,8.1.2,com.helger.photon.basic,-,automatic,-,false,-
com.helger,ph-oton-bootstrap3,8.1.2,com.helger.photon.bootstrap3,-,automatic,-,false,-
com.helger,ph-oton-bootstrap3-pages,8.1.2,com.helger.photon.bootstrap3.pages,-,automatic,-,false,-
com.helger,ph-oton-bootstrap3-stub,8.1.2,com.helger.photon.bootstrap3.stub,-,automatic,-,false,-
com.helger,ph-oton-bootstrap3-uictrls,8.1.2,com.helger.photon.bootstrap3.uictrls,-,automatic,-,false,-
com.helger,ph-oton-bootstrap4,8.1.2,com.helger.photon.bootstrap4,-,automatic,-,false,-
com.helger,ph-oton-bootstrap4-pages,8.1.2,com.helger.photon.bootstrap3.pages,-,automatic,-,false,-
com.helger,ph-oton-bootstrap4-stub,8.1.2,com.helger.photon.bootstrap4.stub,-,automatic,-,false,-
com.helger,ph-oton-bootstrap4-uictrls,8.1.2,com.helger.photon.bootstrap4.uictrls,-,automatic,-,false,-
com.helger,ph-oton-connect,8.1.2,com.helger.photon.connect,-,automatic,-,false,-
com.helger,ph-oton-core,8.1.2,com.helger.photon.core,-,automatic,-,false,-
com.helger,ph-oton-datatables,8.1.2,com.helger.photon.uictrls.datatables,-,automatic,-,false,-
com.helger,ph-oton-exchange,8.1.2,com.helger.photon.exchange,-,automatic,-,false,-
com.helger,ph-oton-html,8.1.2,com.helger.photon.html,-,automatic,-,false,-
com.helger,ph-oton-icon,8.1.2,com.helger.photon.icon,-,automatic,-,false,-
com.helger,ph-oton-jetty,8.1.2,com.helger.photon.jetty,-,automatic,-,false,-
com.helger,ph-oton-jquery,8.1.2,com.helger.photon.html.jquery,-,automatic,-,false,-
com.helger,ph-oton-jscode,8.1.2,com.helger.photon.html.jscode,-,automatic,-,false,-
com.helger,ph-oton-security,8.1.2,com.helger.photon.security,-,automatic,-,false,-
com.helger,ph-oton-tinymce4,8.1.2,com.helger.photon.tinymce4,-,automatic,-,false,-
com.helger,ph-oton-uicore,8.1.2,com.helger.photon.uicore,-,automatic,-,false,-
com.helger,ph-oton-uictrls,8.1.2,com.helger.photon.uictrls,-,automatic,-,false,-
com.jsunsoft.http,http-request,1.0.3,-,-,?,-,false,-
com.wizarius,wizarius-orm,0.0.5,-,-,?,-,false,-
de.mhus.ports,ports-flummi,1.3.6,-,-,?,-,false,-
de.mhus.ports,ports-groovy,1.3.6,-,-,?,-,false,sun.misc.Unsafe                          See http://openjdk.java.net/jeps/260
de.mhus.ports,ports-javaxmail,1.3.6,-,-,?,-,false,-
de.mhus.ports,ports-javaxt,1.3.6,-,-,?,-,false,-
de.mhus.ports,ports-jrandtest,1.3.6,-,-,?,-,false,-
de.mhus.ports,vaadin-aceeditor,1.3.6,-,-,?,-,false,-
de.mhus.ports,vaadin-borderlayout,1.3.6,-,-,?,-,false,-
de.mhus.ports,vaadin-ckeditor,1.3.6,-,-,?,-,false,-
de.mhus.ports,vaadin-contextmenu,1.3.6,-,-,?,-,false,-
de.mhus.ports,vaadin-easyuploads,1.3.6,-,-,?,-,false,-
de.mhus.ports,vaadin-flatselect,1.3.6,-,-,?,-,false,-
de.mhus.ports,vaadin-jfreechart,1.3.6,-,-,?,-,false,-
de.mhus.ports,vaadin-portallayout,1.3.6,-,-,?,-,false,-
de.mhus.ports,vaadin-refresher,1.3.6,-,-,?,-,false,-
de.mhus.ports,vaadin-shared-deps,1.3.6,-,-,?,-,false,sun.misc.Unsafe                          See http://openjdk.java.net/jeps/260
de.mhus.ports,vaadin-sliderpanel,1.3.6,-,-,?,-,false,-
de.mhus.ports,vaadin-viritin,1.3.6,-,-,?,-,false,-
graphics.scenery,scenery,0.7.0-beta-1,-,-,automatic,-,false,sun.misc.Unsafe                          See http://openjdk.java.net/jeps/260
hu.advancedweb,scott,3.4.1,-,-,?,-,false,-
hu.advancedweb,scott-maven-plugin,3.4.1,-,-,?,-,false,-
io.airlift,airbase-policy,89,-,-,?,-,false,-
uk.com.robust-it,cloning,1.9.11,-,-,?,-,false,-
