groupId,artifactId,version,moduleName,moduleVersion,moduleMode,moduleDependencies,jdepsToolError,jdepsViolations
com.github.berkesa,moleculer-java-jmx,1.0.1,-,-,?,-,false,-
com.github.saphyra,converter,1.0.0,-,-,?,-,false,-
com.github.vandeseer,easytable,0.3.0,-,-,?,-,false,-
de.bwaldvogel,mongo-java-server,1.11.0,-,-,?,-,false,-
de.bwaldvogel,mongo-java-server-core,1.11.0,-,-,?,-,false,-
de.bwaldvogel,mongo-java-server-h2-backend,1.11.0,-,-,?,-,false,-
de.bwaldvogel,mongo-java-server-memory-backend,1.11.0,-,-,?,-,false,-
de.bwaldvogel,mongo-java-server-postgresql-backend,1.11.0,-,-,?,-,false,-
de.bwaldvogel,mongo-java-server-test-common,1.11.0,-,-,?,-,false,-
ru.r2cloud,sids,1.2,-,-,?,-,false,-
se.michaelthelin.spotify,spotify-web-api-java,2.1.2,-,-,?,-,false,-
