groupId,artifactId,version,moduleName,moduleVersion,moduleMode,moduleDependencies,jdepsToolError,jdepsViolations
com.ovoenergy,fs2-kafka_2.11,0.18.1,-,-,?,-,false,-
com.ovoenergy,fs2-kafka_2.12,0.18.1,-,-,?,-,false,-
io.github.idolofidles,MysqlORM,1.1.2,-,-,?,-,false,-
io.opentracing.contrib,opentracing-jdbc,0.0.10,-,-,?,-,false,-
io.opentracing.contrib,opentracing-kafka-client,0.0.16,-,-,?,-,false,-
io.opentracing.contrib,opentracing-kafka-spring,0.0.16,-,-,?,-,false,-
io.opentracing.contrib,opentracing-kafka-streams,0.0.16,-,-,?,-,false,-
