groupId,artifactId,version,moduleName,moduleVersion,moduleMode,moduleDependencies,jdepsToolError,jdepsViolations
com.askfast.askfastapi,askfast-api-java,1.5.6,-,-,?,-,false,-
com.caitaojun.ctjdfs,ctjdfs-client,1.0,-,-,?,-,false,-
com.github.sbaudoin,sonar-shellcheck-plugin,2.0.0,-,-,?,-,false,-
com.jongsoft.utils,highchart-core,2.3.0,-,-,?,-,false,-
com.jongsoft.utils,highchart-export-server,2.3.0,-,-,?,-,false,-
com.jongsoft.utils,highchart-phantomjs,2.3.0,-,-,?,-,false,-
com.jongsoft.utils,highchart-web,2.3.0,-,-,?,-,false,-
com.mchange,jsonrpc-client_2.10,0.0.4,-,-,?,-,false,-
com.mchange,jsonrpc-client_2.11,0.0.4,-,-,?,-,false,-
com.mchange,jsonrpc-client_2.12,0.0.4,-,-,?,-,false,-
org.dotwebstack.framework,dotwebstack-backend-sparql,0.1.5,-,-,?,-,false,-
org.dotwebstack.framework,dotwebstack-core,0.1.5,-,-,?,-,false,-
org.dotwebstack.framework,dotwebstack-frontend-http,0.1.5,-,-,?,-,false,-
org.dotwebstack.framework,dotwebstack-frontend-ld,0.1.5,-,-,?,-,false,-
org.dotwebstack.framework,dotwebstack-frontend-openapi,0.1.5,-,-,?,-,false,-
org.dotwebstack.framework,dotwebstack-integration-test,0.1.5,-,-,?,-,false,-
org.dotwebstack.framework,dotwebstack-test,0.1.5,-,-,?,-,false,-
org.jmotor.metral,metral_2.10,1.0.2,-,-,?,-,false,-
org.jmotor.metral,metral_2.11,1.0.2,-,-,?,-,false,-
org.jmotor.metral,metral_2.12,1.0.2,-,-,?,-,false,-
