groupId,artifactId,version,moduleName,moduleVersion,moduleMode,moduleDependencies,jdepsToolError,jdepsViolations
com.github.cb372,scala-typed-holes_2.11.12,0.0.6,-,-,?,-,false,-
com.github.cb372,scala-typed-holes_2.12.1,0.0.6,-,-,?,-,false,-
com.github.cb372,scala-typed-holes_2.12.2,0.0.6,-,-,?,-,false,-
com.github.cb372,scala-typed-holes_2.12.3,0.0.6,-,-,?,-,false,-
com.github.cb372,scala-typed-holes_2.12.4,0.0.6,-,-,?,-,false,-
com.github.cb372,scala-typed-holes_2.12.5,0.0.6,-,-,?,-,false,-
com.github.cb372,scala-typed-holes_2.12.6,0.0.6,-,-,?,-,false,-
com.github.cb372,scala-typed-holes_2.12.7,0.0.6,-,-,?,-,false,-
com.github.cb372,scala-typed-holes_2.12.8,0.0.6,-,-,?,-,false,-
com.github.cb372,scala-typed-holes_2.13.0-M5,0.0.6,-,-,?,-,false,-
com.github.vincentrussell,json-data-generator,1.9,-,-,?,-,false,-
com.kloudtek.ktcli,ktcli,0.9.13,-,-,?,-,false,-
org.codelibs.fess,fess,12.4.3,-,-,?,-,false,-
