groupId,artifactId,version,moduleName,moduleVersion,moduleMode,moduleDependencies,jdepsToolError,jdepsViolations
com.applitools,eyes-common-java3,3.143.0,-,-,?,-,false,-
com.applitools,eyes-connectivity-java3-jboss,3.143.0,-,-,?,-,false,-
com.applitools,eyes-connectivity-java3-jersey1x,3.143.0,-,-,?,-,false,-
com.applitools,eyes-connectivity-java3-jersey2x,3.143.0,-,-,?,-,false,-
com.applitools,eyes-images-java3,3.143.0,-,-,?,-,false,-
com.applitools,eyes-sdk-core-java3,3.143.0,-,-,?,-,false,-
com.applitools,eyes-sdk-distribution-images-java3,3.143.0,-,-,?,-,false,-
com.applitools,eyes-sdk-distribution-java3,3.143.0,-,-,?,-,false,-
com.applitools,eyes-selenium-java3,3.143.0,-,-,?,-,false,-
com.conveyal,gtfs-lib,4.1.2,-,-,?,-,false,-
com.github.saphyra,auth-service,1.0.0,-,-,?,-,false,-
com.groupbyinc,api-java-flux,2.6.26,-,-,?,-,false,-
com.ibm.mobilefirstplatform.serversdk.java,push,1.4.0,-,-,?,-,false,-
com.rabbitmq,perf-test,2.5.0,com.rabbitmq.perf,-,automatic,-,false,-
com.typesafe.akka,akka-http-caching_2.11,10.1.6,akka.http.caching,-,automatic,-,false,-
com.typesafe.akka,akka-http-caching_2.12,10.1.6,akka.http.caching,-,automatic,-,false,-
com.typesafe.akka,akka-http-core_2.11,10.1.6,akka.http.core,-,automatic,-,false,-
com.typesafe.akka,akka-http-core_2.12,10.1.6,akka.http.core,-,automatic,-,false,-
com.typesafe.akka,akka-http-jackson_2.11,10.1.6,akka.http.marshallers.jackson,-,automatic,-,false,-
com.typesafe.akka,akka-http-jackson_2.12,10.1.6,akka.http.marshallers.jackson,-,automatic,-,false,-
com.typesafe.akka,akka-http-spray-json_2.11,10.1.6,akka.http.marshallers.sprayjson,-,automatic,-,false,-
it.aleven,webapp-common,3.2.6,-,-,?,-,false,-
org.foundweekends,pamflet-app_2.12,0.8.0,-,-,?,-,false,-
org.foundweekends,pamflet-knockoff_2.12,0.8.0,-,-,?,-,false,-
org.foundweekends,pamflet-library_2.12,0.8.0,-,-,?,-,false,-
org.jooq,jooq,3.11.9,org.jooq,-,automatic,-,false,-
org.jooq,jooq-checker,3.11.9,org.jooq.checker,-,automatic,-,false,-
org.jooq,jooq-codegen,3.11.9,org.jooq.codegen,-,automatic,-,false,-
org.jooq,jooq-codegen-maven,3.11.9,org.jooq.codegen.maven,-,automatic,-,false,-
org.jooq,jooq-meta,3.11.9,org.jooq.meta,-,automatic,-,false,-
org.jooq,jooq-meta-extensions,3.11.9,org.jooq.meta.extensions,-,automatic,-,false,-
org.jooq,jooq-scala_2.12,3.11.9,-,-,?,-,false,-
org.rapidpm,rapidpm-dependencies-core,04.00.10-RPM,-,-,?,-,false,-
org.rapidpm,rapidpm-dependencies-core-properties,04.00.10-RPM,-,-,?,-,false,-
software.amazon.jsii,jsii-runtime,0.7.13,-,-,?,-,false,-
