groupId,artifactId,version,moduleName,moduleVersion,moduleMode,moduleDependencies,jdepsToolError,jdepsViolations
ai.h2o,sparkling-water-core_2.11,2.4.1,-,-,?,-,false,-
ai.h2o,sparkling-water-doc_2.11,2.4.1,-,-,?,-,false,-
ai.h2o,sparkling-water-examples_2.11,2.4.1,-,-,?,-,false,-
ai.h2o,sparkling-water-ml_2.11,2.4.1,-,-,?,-,false,-
ai.h2o,sparkling-water-package_2.11,2.4.1,-,-,?,-,false,-
ai.h2o,sparkling-water-repl_2.11,2.4.1,-,-,?,-,false,-
com.almis.ade,ade-core,2.0.6,-,-,?,-,false,-
com.almis.ade,ade-spring-boot-starter,2.0.6,-,-,?,-,false,-
com.datamotion,dmweb.securemail.messaging,1.0.2,-,-,?,-,false,-
com.github.veithen.maven,wsimport-maven-plugin,0.2.1,-,-,?,-,false,-
com.netflix.nebula,gradle-lint-plugin,10.4.2,-,-,?,-,false,-
com.nfbsoftware,simple-diffbot,1.0.15,-,-,?,-,false,-
com.redhat.lightblue,lightblue-core-api,2.17.0,-,-,?,-,false,-
com.redhat.lightblue,lightblue-core-config,2.17.0,-,-,?,-,false,-
com.redhat.lightblue,lightblue-core-crud,2.17.0,-,-,?,-,false,-
com.redhat.lightblue,lightblue-core-extensions,2.17.0,-,-,?,-,false,-
com.redhat.lightblue,lightblue-core-metadata,2.17.0,-,-,?,-,false,-
com.redhat.lightblue,lightblue-core-misc,2.17.0,-,-,?,-,false,-
com.redhat.lightblue,lightblue-core-query-api,2.17.0,-,-,?,-,false,-
com.redhat.lightblue,lightblue-core-test,2.17.0,-,-,?,-,false,-
com.redhat.lightblue,lightblue-core-util,2.17.0,-,-,?,-,false,-
io.github.achacha,DadaWordEngine,1.3.1,-,-,?,-,false,-
io.github.moyada,medivh,1.2.2,-,-,?,-,false,com.sun.tools.javac.code.Attribute       Use javax.tools and javax.lang.model @since 1.6 + com.sun.tools.javac.code.Attribute$Compound Use javax.tools and javax.lang.model @since 1.6 + com.sun.tools.javac.code.Flags           Use javax.tools and javax.lang.model @since 1.6 + com.sun.tools.javac.code.Symbol          Use javax.tools and javax.lang.model @since 1.6 + com.sun.tools.javac.code.Symbol$ClassSymbol Use javax.tools and javax.lang.model @since 1.6 + com.sun.tools.javac.code.Symbol$MethodSymbol Use javax.tools and javax.lang.model @since 1.6 + com.sun.tools.javac.code.Symbol$TypeSymbol Use javax.tools and javax.lang.model @since 1.6 + com.sun.tools.javac.code.Symbol$VarSymbol Use javax.tools and javax.lang.model @since 1.6 + com.sun.tools.javac.code.Type            Use javax.tools and javax.lang.model @since 1.6 + com.sun.tools.javac.code.Types           Use javax.tools and javax.lang.model @since 1.6 + com.sun.tools.javac.main.JavaCompiler    Use javax.tools and javax.lang.model @since 1.6 + com.sun.tools.javac.model.JavacElements  Use javax.tools and javax.lang.model @since 1.6 + com.sun.tools.javac.processing.JavacProcessingEnvironment Use javax.tools and javax.lang.model @since 1.6 + com.sun.tools.javac.tree.JCTree          Use com.sun.source @since 1.6 + com.sun.tools.javac.tree.JCTree$JCAssign Use com.sun.source @since 1.6 + com.sun.tools.javac.tree.JCTree$JCBlock  Use com.sun.source @since 1.6 + com.sun.tools.javac.tree.JCTree$JCClassDecl Use com.sun.source @since 1.6 + com.sun.tools.javac.tree.JCTree$JCExpression Use com.sun.source @since 1.6 + com.sun.tools.javac.tree.JCTree$JCExpressionStatement Use com.sun.source @since 1.6 + com.sun.tools.javac.tree.JCTree$JCFieldAccess Use com.sun.source @since 1.6 + com.sun.tools.javac.tree.JCTree$JCForLoop Use com.sun.source @since 1.6 + com.sun.tools.javac.tree.JCTree$JCIdent  Use com.sun.source @since 1.6 + com.sun.tools.javac.tree.JCTree$JCIf     Use com.sun.source @since 1.6 + com.sun.tools.javac.tree.JCTree$JCLiteral Use com.sun.source @since 1.6 + com.sun.tools.javac.tree.JCTree$JCMethodDecl Use com.sun.source @since 1.6 + com.sun.tools.javac.tree.JCTree$JCMethodInvocation Use com.sun.source @since 1.6 + com.sun.tools.javac.tree.JCTree$JCModifiers Use com.sun.source @since 1.6 + com.sun.tools.javac.tree.JCTree$JCNewClass Use com.sun.source @since 1.6 + com.sun.tools.javac.tree.JCTree$JCPrimitiveTypeTree Use com.sun.source @since 1.6 + com.sun.tools.javac.tree.JCTree$JCReturn Use com.sun.source @since 1.6 + com.sun.tools.javac.tree.JCTree$JCStatement Use com.sun.source @since 1.6 + com.sun.tools.javac.tree.JCTree$JCTypeParameter Use com.sun.source @since 1.6 + com.sun.tools.javac.tree.JCTree$JCVariableDecl Use com.sun.source @since 1.6 + com.sun.tools.javac.tree.JCTree$Visitor  Use com.sun.source @since 1.6 + com.sun.tools.javac.tree.TreeMaker       Use com.sun.source @since 1.6 + com.sun.tools.javac.tree.TreeTranslator  Use com.sun.source @since 1.6 + com.sun.tools.javac.util.Context         Use javax.tools and javax.lang.model @since 1.6 + com.sun.tools.javac.util.List            Use javax.tools and javax.lang.model @since 1.6 + com.sun.tools.javac.util.ListBuffer      Use javax.tools and javax.lang.model @since 1.6 + com.sun.tools.javac.util.Name            Use javax.tools and javax.lang.model @since 1.6 + sun.misc.Unsafe                          See http://openjdk.java.net/jeps/260
io.mfj,textricator,9.1.48,-,-,?,-,false,-
org.sila-standard.sila_java.library,core,0.0.1,-,-,?,-,false,-
org.sila-standard.sila_java.library,manager,0.0.1,-,-,?,-,false,-
org.sila-standard.sila_java.library,maven_plugin,0.0.1,-,-,?,-,false,-
org.sila-standard.sila_java.library,server_base,0.0.1,-,-,?,-,false,-
org.sila-standard.sila_java.library,sila_base,0.0.1,-,-,?,-,false,-
