groupId,artifactId,version,moduleName,moduleVersion,moduleMode,moduleDependencies,jdepsToolError,jdepsViolations
au.id.tmm,countstv_2.12,0.1.12,-,-,?,-,false,-
com.almis.ade,ade-core,2.0.5,-,-,?,-,false,-
com.almis.ade,ade-spring-boot-starter,2.0.5,-,-,?,-,false,-
com.caucho,resin,4.0.52,-,-,?,-,false,sun.security.x509.X500Name               Use javax.security.auth.x500.X500Principal @since 1.4
com.codacy,codacy-libraries_2.10,12.0.0-separatelibraries.8894f85,-,-,?,-,false,-
com.codacy,codacy-libraries_2.11,12.0.0-separatelibraries.8894f85,-,-,?,-,false,-
com.codacy,codacy-libraries_2.12,12.0.0-separatelibraries.8894f85,-,-,?,-,false,-
com.emarsys,permission-system-scala-sdk_2.12,0.0.1,-,-,?,-,false,-
com.envisioniot,enos-appframework-mars,0.2.1,-,-,?,-,false,-
com.github.chanmratekoko,myanmar-calendar,1.0.6.RC3,-,-,?,-,false,-
com.github.vebqa,vebtal-api,0.9.6,-,-,?,-,false,-
com.icthh.xm.commons,xm-commons-config,1.2.21,-,-,?,-,false,-
com.icthh.xm.commons,xm-commons-exceptions,1.2.21,-,-,?,-,false,-
com.icthh.xm.commons,xm-commons-i18n,1.2.21,-,-,?,-,false,-
com.icthh.xm.commons,xm-commons-lep,1.2.21,-,-,?,-,false,-
com.icthh.xm.commons,xm-commons-logging,1.2.21,-,-,?,-,false,-
com.icthh.xm.commons,xm-commons-logging-web,1.2.21,-,-,?,-,false,-
com.icthh.xm.commons,xm-commons-messaging,1.2.21,-,-,?,-,false,-
com.icthh.xm.commons,xm-commons-migration-db,1.2.21,-,-,?,-,false,-
com.icthh.xm.commons,xm-commons-ms-web,1.2.21,-,-,?,-,false,-
com.icthh.xm.commons,xm-commons-permission,1.2.21,-,-,?,-,false,-
com.icthh.xm.commons,xm-commons-request,1.2.21,-,-,?,-,false,-
com.icthh.xm.commons,xm-commons-scheduler,1.2.21,-,-,?,-,false,-
com.icthh.xm.commons,xm-commons-security,1.2.21,-,-,?,-,false,-
com.icthh.xm.commons,xm-commons-tenant,1.2.21,-,-,?,-,false,-
com.icthh.xm.commons,xm-commons-tenant-endpoint,1.2.21,-,-,?,-,false,-
com.icthh.xm.commons,xm-commons-timeline,1.2.21,-,-,?,-,false,-
com.structurizr,structurizr-adr-tools,1.2.0,-,-,?,-,false,-
com.structurizr,structurizr-analysis,1.2.0,-,-,?,-,false,-
com.structurizr,structurizr-annotations,1.2.0,-,-,?,-,false,-
com.structurizr,structurizr-client,1.2.0,-,-,?,-,false,-
com.structurizr,structurizr-core,1.2.0,-,-,?,-,false,-
com.structurizr,structurizr-dot,1.2.0,-,-,?,-,false,-
com.structurizr,structurizr-plantuml,1.2.0,-,-,?,-,false,-
com.structurizr,structurizr-spring,1.2.0,-,-,?,-,false,-
com.structurizr,structurizr-websequencediagrams,1.2.0,-,-,?,-,false,-
com.thoughtworks.gauge.maven,gauge-maven-plugin,1.4.1,-,-,?,-,false,-
de.julielab,jcore-db-reader,2.3.9,-,-,?,-,false,-
de.julielab,jcore-xmi-db-reader,2.3.9,-,-,?,-,false,-
de.julielab,jcore-xmi-db-writer,2.3.9,-,-,?,-,false,-
de.julielab,jcore-xml-db-reader,2.3.9,-,-,?,-,false,-
fi.metatavu.tulistop.client,tulistop-api-client,0.0.24,-,-,?,-,false,-
hr.laplacian.laplas,laplas-redis_2.11,1.0.0,-,-,?,-,false,-
hr.laplacian.laplas,laplas-redis_2.12,1.0.0,-,-,?,-,false,-
io.gridgo,gridgo-core,0.3.0,-,-,?,-,false,-
io.gridgo,gridgo-extras-prometheus,0.3.0,-,-,?,-,false,-
org.scalameta,mdoc_2.12,1.2.1,-,-,?,-,false,-
org.scalameta,mdoc-docs_2.12,1.2.1,-,-,?,-,false,-
org.scalameta,mdoc-js_2.12,1.2.1,-,-,?,-,false,-
org.scalameta,mdoc-lsp_2.12,1.2.1,-,-,?,-,false,-
org.scalameta,mdoc-runtime_2.12,1.2.1,-,-,?,-,false,-
uk.gov.gchq.gaffer,accumulo-store,1.8.0-RC1,-,-,?,-,false,-
uk.gov.gchq.gaffer,basic-model,1.8.0-RC1,-,-,?,-,false,-
uk.gov.gchq.gaffer,bitmap-library,1.8.0-RC1,-,-,?,-,false,-
uk.gov.gchq.gaffer,cache,1.8.0-RC1,-,-,?,-,false,-
uk.gov.gchq.gaffer,common-util,1.8.0-RC1,-,-,?,-,false,-
uk.gov.gchq.gaffer,data,1.8.0-RC1,-,-,?,-,false,-
uk.gov.gchq.gaffer,exception,1.8.0-RC1,-,-,?,-,false,-
uk.gov.gchq.gaffer,federated-store,1.8.0-RC1,-,-,?,-,false,-
uk.gov.gchq.gaffer,flink-library,1.8.0-RC1,-,-,?,-,false,-
uk.gov.gchq.gaffer,graph,1.8.0-RC1,-,-,?,-,false,-
uk.gov.gchq.gaffer,hazelcast-cache-service,1.8.0-RC1,-,-,?,-,false,-
uk.gov.gchq.gaffer,hbase-store,1.8.0-RC1,-,-,?,-,false,-
uk.gov.gchq.gaffer,hdfs-library,1.8.0-RC1,-,-,?,-,false,-
uk.gov.gchq.gaffer,integration-test,1.8.0-RC1,-,-,?,-,false,-
uk.gov.gchq.gaffer,jcs-cache-service,1.8.0-RC1,-,-,?,-,false,-
uk.gov.gchq.gaffer,map-store,1.8.0-RC1,-,-,?,-,false,-
uk.gov.gchq.gaffer,operation,1.8.0-RC1,-,-,?,-,false,-
uk.gov.gchq.gaffer,parquet-store,1.8.0-RC1,-,-,?,-,false,-
uk.gov.gchq.gaffer,proxy-store,1.8.0-RC1,-,-,?,-,false,-
uk.gov.gchq.gaffer,road-traffic-generators,1.8.0-RC1,-,-,?,-,false,-
uk.gov.gchq.gaffer,road-traffic-model,1.8.0-RC1,-,-,?,-,false,-
uk.gov.gchq.gaffer,serialisation,1.8.0-RC1,-,-,?,-,false,sun.reflect.generics.reflectiveObjects.GenericArrayTypeImpl Removed. See http://openjdk.java.net/jeps/260
uk.gov.gchq.gaffer,sketches-library,1.8.0-RC1,-,-,?,-,false,-
uk.gov.gchq.gaffer,spark-accumulo-library,1.8.0-RC1,-,-,?,-,false,-
uk.gov.gchq.gaffer,spark-library,1.8.0-RC1,-,-,?,-,false,-
uk.gov.gchq.gaffer,store,1.8.0-RC1,-,-,?,-,false,-
uk.gov.gchq.gaffer,time-library,1.8.0-RC1,-,-,?,-,false,-
uk.gov.gchq.gaffer,type,1.8.0-RC1,-,-,?,-,false,-
