groupId,artifactId,version,moduleName,moduleVersion,moduleMode,moduleDependencies,jdepsToolError,jdepsViolations
be.yildiz-games,engine-server,1.0.6,be.yildizgames.engine.server,-,explicit,be.yildizgames.common.authentication + be.yildizgames.common.exception + be.yildizgames.common.gameobject + be.yildizgames.common.geometry + be.yildizgames.common.logging + be.yildizgames.common.mapping + be.yildizgames.common.model + be.yildizgames.common.shape + be.yildizgames.common.util + be.yildizgames.engine.shared + be.yildizgames.module.database + be.yildizgames.module.messaging + be.yildizgames.module.network + be.yildizgames.module.physics + java.base + java.sql + slf4j.api,false,-
com.esotericsoftware.spine,spine-libgdx,3.7.0.1,-,-,?,-,false,-
com.github.jlangch,venice,1.2.1,-,-,?,-,false,-
com.igormaznitsa,meta-annotations,1.1.3,igormaznitsa.meta.annotations,-,automatic,-,false,-
com.igormaznitsa,meta-checker,1.1.3,-,-,?,-,false,-
com.igormaznitsa,meta-utils,1.1.3,igormaznitsa.meta.utils,-,automatic,-,false,-
io.antmedia,ant-media-server-common,1.6.1,-,-,?,-,false,-
io.github.scambon,io.github.scambon.cliwrapper4j,1.0.0,io.github.scambon.cliwrapper4j,-,automatic,-,false,-
io.pebbletemplates,pebble,3.0.7,io.pebbletemplates,-,automatic,-,false,-
io.pebbletemplates,pebble-spring3,3.0.7,io.pebbletemplates.spring,-,automatic,-,false,-
io.pebbletemplates,pebble-spring4,3.0.7,io.pebbletemplates.spring,-,automatic,-,false,-
io.pebbletemplates,pebble-spring5,3.0.7,io.pebbletemplates.spring,-,automatic,-,false,-
io.pebbletemplates,pebble-spring-boot-2-starter,3.0.7,io.pebbletemplates.spring.boot,-,automatic,-,false,-
io.pebbletemplates,pebble-spring-boot-starter,3.0.7,io.pebbletemplates.spring.boot,-,automatic,-,false,-
net.onedaybeard.artemis,artemis-fluid-core,2.2.0,-,-,?,-,false,-
net.onedaybeard.artemis,artemis-fluid-core-utility-sources,2.2.0,-,-,?,-,false,-
net.onedaybeard.artemis,artemis-fluid-gradle-plugin,2.2.0,-,-,?,-,false,-
net.onedaybeard.artemis,artemis-fluid-maven-integration-test-components,2.2.0,-,-,?,-,false,-
net.onedaybeard.artemis,artemis-fluid-maven-integration-test-systems,2.2.0,-,-,?,-,false,-
net.onedaybeard.artemis,artemis-fluid-maven-plugin,2.2.0,-,-,?,-,false,-
net.onedaybeard.artemis,artemis-odb,2.2.0,-,-,?,-,false,-
net.onedaybeard.artemis,artemis-odb-cli,2.2.0,-,-,?,-,false,sun.misc.BASE64Decoder                   Use java.util.Base64 @since 1.8 + sun.misc.BASE64Encoder                   Use java.util.Base64 @since 1.8
net.onedaybeard.artemis,artemis-odb-gradle-plugin,2.2.0,-,-,?,-,false,-
net.onedaybeard.artemis,artemis-odb-gwt,2.2.0,-,-,?,-,false,-
net.onedaybeard.artemis,artemis-odb-gwt-test,2.2.0,-,-,?,-,false,-
net.onedaybeard.artemis,artemis-odb-maven-plugin,2.2.0,-,-,?,-,false,-
net.onedaybeard.artemis,artemis-odb-serializer,2.2.0,-,-,?,-,false,-
net.onedaybeard.artemis,artemis-odb-serializer-json,2.2.0,-,-,?,-,false,-
net.onedaybeard.artemis,artemis-odb-serializer-json-libgdx,2.2.0,-,-,?,-,false,-
net.onedaybeard.artemis,artemis-odb-serializer-kryo,2.2.0,-,-,?,-,false,-
net.onedaybeard.artemis,artemis-odb-test,2.2.0,-,-,?,-,false,-
net.onedaybeard.artemis,artemis-odb-weaver,2.2.0,-,-,?,-,false,-
org.pitest,highwheel-ant,1.4,-,-,?,-,false,-
org.pitest,highwheel-bytecode,1.4,-,-,?,-,false,-
org.pitest,highwheel-core,1.4,-,-,?,-,false,-
org.pitest,highwheel-maven,1.4,-,-,?,-,false,-
org.pitest,highwheel-model,1.4,-,-,?,-,false,-
org.pitest,highwheel-parser,1.4,-,-,?,-,false,-
