groupId,artifactId,version,moduleName,moduleVersion,moduleMode,moduleDependencies,jdepsToolError,jdepsViolations
cn.ibaijia,jsm-frame,1.3.15,-,-,?,-,false,-
com.actelion.research,orbit-image-analysis,3.08,-,-,?,-,false,com.sun.net.ssl.internal.ssl.Provider    Use java.security.Security.getProvider(provider-name) @since 1.3
com.alibaba.csp,sentinel-annotation-aspectj,1.4.1,-,-,?,-,false,-
com.alibaba.csp,sentinel-benchmark,1.4.1,-,-,?,-,false,sun.misc.Unsafe                          See http://openjdk.java.net/jeps/260
com.alibaba.csp,sentinel-cluster-client-default,1.4.1,-,-,?,-,false,-
com.alibaba.csp,sentinel-cluster-common-default,1.4.1,-,-,?,-,false,-
com.alibaba.csp,sentinel-cluster-server-default,1.4.1,-,-,?,-,false,-
com.alibaba.csp,sentinel-core,1.4.1,-,-,?,-,false,sun.misc.Unsafe                          See http://openjdk.java.net/jeps/260
com.alibaba.csp,sentinel-datasource-apollo,1.4.1,-,-,?,-,false,-
com.alibaba.csp,sentinel-datasource-extension,1.4.1,-,-,?,-,false,-
com.alibaba.csp,sentinel-datasource-nacos,1.4.1,-,-,?,-,false,-
com.alibaba.csp,sentinel-datasource-redis,1.4.1,-,-,?,-,false,-
com.alibaba.csp,sentinel-datasource-zookeeper,1.4.1,-,-,?,-,false,-
com.alibaba.csp,sentinel-dubbo-adapter,1.4.1,-,-,?,-,false,-
com.alibaba.csp,sentinel-grpc-adapter,1.4.1,-,-,?,-,false,-
com.alibaba.csp,sentinel-parameter-flow-control,1.4.1,-,-,?,-,false,-
com.alibaba.csp,sentinel-transport-common,1.4.1,-,-,?,-,false,-
com.alibaba.csp,sentinel-transport-netty-http,1.4.1,-,-,?,-,false,-
com.alibaba.csp,sentinel-transport-simple-http,1.4.1,-,-,?,-,false,-
com.alibaba.csp,sentinel-web-servlet,1.4.1,-,-,?,-,false,-
com.aliyun,aliyun-java-sdk-rds,2.3.1,-,-,?,-,false,-
com.crobox.clickhouse,client_2.11,0.8.9,-,-,?,-,false,-
com.crobox.clickhouse,client_2.12,0.8.9,-,-,?,-,false,-
com.crobox.clickhouse,dsl_2.12,0.8.9,-,-,?,-,false,-
com.crobox.clickhouse,testkit_2.11,0.8.9,-,-,?,-,false,-
com.crobox.clickhouse,testkit_2.12,0.8.9,-,-,?,-,false,-
com.ericsson.commonlibrary,proxy,1.2.2,-,-,?,-,false,-
com.github.marcoferrer.krotoplus,kroto-plus-message,0.2.2-RC1,-,-,?,-,false,-
de.m3y.prometheus.assertj,assertj-prometheus,0.1,-,-,?,-,false,-
dk.bankdata.api,types,1.0.0,-,-,?,-,false,-
io.nuls.sdk,sdk-account,1.1.4.3,-,-,?,-,false,-
io.nuls.sdk,sdk-account-ledger,1.1.4.3,-,-,?,-,false,-
io.nuls.sdk,sdk-all,1.1.4.3,-,-,?,-,false,-
io.nuls.sdk,sdk-consensus,1.1.4.3,-,-,?,-,false,-
io.nuls.sdk,sdk-contract,1.1.4.3,-,-,?,-,false,-
io.nuls.sdk,sdk-contract-vm,1.1.4.3,-,-,?,-,false,-
io.nuls.sdk,sdk-core,1.1.4.3,-,-,?,-,false,-
io.nuls.sdk,sdk-ledger,1.1.4.3,-,-,?,-,false,-
io.nuls.sdk,sdk-protocol,1.1.4.3,-,-,?,-,false,-
jp.nephy,penicillin,4.0.0-eap-1,-,-,?,-,false,-
net.amygdalum,compilerutils,0.2.2,-,-,?,-,false,-
net.amygdalum,regexparser,0.2.3,-,-,?,-,false,-
