groupId,artifactId,version,moduleName,moduleVersion,moduleMode,moduleDependencies,jdepsToolError,jdepsViolations
com.airbnb.android,paris-annotations,1.2.1,-,-,?,-,false,-
com.airbnb.android,paris-processor,1.2.1,-,-,?,-,false,com.sun.tools.javac.code.Symbol          Use javax.tools and javax.lang.model @since 1.6 + com.sun.tools.javac.code.Symbol$ClassSymbol Use javax.tools and javax.lang.model @since 1.6 + com.sun.tools.javac.code.Symbol$VarSymbol Use javax.tools and javax.lang.model @since 1.6 + com.sun.tools.javac.tree.JCTree          Use com.sun.source @since 1.6 + com.sun.tools.javac.tree.JCTree$JCFieldAccess Use com.sun.source @since 1.6 + com.sun.tools.javac.tree.JCTree$Visitor  Use com.sun.source @since 1.6 + com.sun.tools.javac.tree.TreeScanner     Use com.sun.source @since 1.6 + com.sun.tools.javac.util.Name            Use javax.tools and javax.lang.model @since 1.6
com.diffplug.gradle,goomph,3.17.1,-,-,?,-,false,-
com.proofpoint.platform,audit,1.96,-,-,?,-,false,-
com.proofpoint.platform,bootstrap,1.96,-,-,?,-,false,-
com.proofpoint.platform,concurrent,1.96,-,-,?,-,false,-
com.proofpoint.platform,configuration,1.96,-,-,?,-,false,-
com.proofpoint.platform,discovery,1.96,-,-,?,-,false,-
com.proofpoint.platform,event,1.96,-,-,?,-,false,-
com.proofpoint.platform,http-client,1.96,-,-,?,-,false,-
com.proofpoint.platform,http-server,1.96,-,-,?,-,false,-
com.proofpoint.platform,jaxrs,1.96,net.bytebuddy,-,explicit,java.base + java.instrument + jdk.unsupported + net.bytebuddy.agent,false,-
com.proofpoint.platform,jmx,1.96,-,-,?,-,false,-
com.proofpoint.platform,jmx-http,1.96,-,-,?,-,false,-
com.proofpoint.platform,json,1.96,-,-,?,-,false,-
com.proofpoint.platform,launcher,1.96,-,-,?,-,false,sun.misc.Signal                          See http://openjdk.java.net/jeps/260 + sun.misc.SignalHandler                   See http://openjdk.java.net/jeps/260 + sun.misc.Unsafe                          See http://openjdk.java.net/jeps/260
com.proofpoint.platform,log,1.96,-,-,?,-,false,-
com.proofpoint.platform,node,1.96,-,-,?,-,false,-
com.proofpoint.platform,openapi,1.96,-,-,?,-,false,-
com.proofpoint.platform,packaging,1.96,-,-,?,-,false,-
com.proofpoint.platform,reporting,1.96,-,-,?,-,false,-
com.proofpoint.platform,reporting-basemetrics,1.96,-,-,?,-,false,-
com.proofpoint.platform,reporting-client,1.96,-,-,?,-,false,-
com.proofpoint.platform,reporting-prometheus,1.96,-,-,?,-,false,-
com.proofpoint.platform,sample-server,1.96,-,-,?,-,false,-
com.proofpoint.platform,skeleton-server,1.96,-,-,?,-,false,-
com.proofpoint.platform,stats,1.96,-,-,?,-,false,-
com.proofpoint.platform,testing,1.96,-,-,?,-,false,-
com.proofpoint.platform,trace-token,1.96,-,-,?,-,false,-
com.proofpoint.platform,units,1.96,-,-,?,-,false,-
