groupId,artifactId,version,moduleName,moduleVersion,moduleMode,moduleDependencies,jdepsToolError,jdepsViolations
org.sonatype.goodies.dropwizard,dropwizard-support-client,1.0.3,-,-,?,-,false,-
org.sonatype.goodies.dropwizard,dropwizard-support-core,1.0.3,-,-,?,-,false,-
org.sonatype.goodies.dropwizard,dropwizard-support-datadog,1.0.3,-,-,?,-,false,-
org.sonatype.goodies.dropwizard,dropwizard-support-events,1.0.3,-,-,?,-,false,-
org.sonatype.goodies.dropwizard,dropwizard-support-hibernate,1.0.3,-,-,?,-,false,-
org.sonatype.goodies.dropwizard,dropwizard-support-rules,1.0.3,-,-,?,-,false,-
org.sonatype.goodies.dropwizard,dropwizard-support-security,1.0.3,-,-,?,-,false,-
org.sonatype.goodies.dropwizard,dropwizard-support-swagger,1.0.3,-,-,?,-,false,-
org.sonatype.goodies.dropwizard,dropwizard-support-testsupport,1.0.3,-,-,?,-,false,-
org.sonatype.goodies.dropwizard,dropwizard-support-views,1.0.3,-,-,?,-,false,-
