groupId,artifactId,version,moduleName,moduleVersion,moduleMode,moduleDependencies,jdepsToolError,jdepsViolations
cn.ibaijia,jsm-frame,1.3.16,-,-,?,-,false,-
com.aliyun,aliyun-java-sdk-nas,3.2.0,-,-,?,-,false,-
com.nepxion,aquarius-cache-aop,2.0.7,-,-,?,-,false,-
com.nepxion,aquarius-cache-redis,2.0.7,-,-,?,-,false,-
com.nepxion,aquarius-cache-starter,2.0.7,-,-,?,-,false,-
com.nepxion,aquarius-common,2.0.7,-,-,?,-,false,-
com.nepxion,aquarius-common-redis,2.0.7,-,-,?,-,false,-
com.nepxion,aquarius-common-zookeeper,2.0.7,-,-,?,-,false,-
com.nepxion,aquarius-id-generator-local,2.0.7,-,-,?,-,false,-
com.nepxion,aquarius-id-generator-redis,2.0.7,-,-,?,-,false,-
com.nepxion,aquarius-id-generator-starter,2.0.7,-,-,?,-,false,-
com.nepxion,aquarius-id-generator-zookeeper,2.0.7,-,-,?,-,false,-
com.nepxion,aquarius-limit-aop,2.0.7,-,-,?,-,false,-
com.nepxion,aquarius-limit-local,2.0.7,-,-,?,-,false,-
com.nepxion,aquarius-limit-redis,2.0.7,-,-,?,-,false,-
com.nepxion,aquarius-limit-starter,2.0.7,-,-,?,-,false,-
com.nepxion,aquarius-lock-aop,2.0.7,-,-,?,-,false,-
com.nepxion,aquarius-lock-local,2.0.7,-,-,?,-,false,-
com.nepxion,aquarius-lock-redis,2.0.7,-,-,?,-,false,-
com.nepxion,aquarius-lock-starter,2.0.7,-,-,?,-,false,-
com.nepxion,aquarius-lock-zookeeper,2.0.7,-,-,?,-,false,-
com.nepxion,permission-aop,3.0.1,-,-,?,-,false,-
com.nepxion,permission-aop-starter,3.0.1,-,-,?,-,false,-
com.nepxion,permission-api,3.0.1,-,-,?,-,false,-
com.nepxion,permission-entity,3.0.1,-,-,?,-,false,-
com.nepxion,permission-feign,3.0.1,-,-,?,-,false,-
com.nepxion,permission-feign-starter,3.0.1,-,-,?,-,false,-
com.tradenity,java-sdk,1.0.0,-,-,?,-,false,-
com.tradenity,java-sdk-spring-ext,1.0.0,-,-,?,-,false,-
de.dm.auth,activedirectory-spring-boot-starter,2.2.1,-,-,?,-,false,-
de.skuzzle.enforcer,restrict-imports-enforcer-rule,0.15.0,-,-,?,-,false,-
dk.nodes.nstack,translation,2.3.0,-,-,?,-,false,-
net.sf.tsl2nano,tsl2.nano.common,2.2.1,-,-,?,-,false,-
net.sf.tsl2nano,tsl2.nano.core,2.2.1,-,-,?,-,false,sun.security.x509.X500Name               Use javax.security.auth.x500.X500Principal @since 1.4
net.sf.tsl2nano,tsl2.nano.cursus,2.2.1,-,-,?,-,false,-
net.sf.tsl2nano,tsl2.nano.descriptor,2.2.1,-,-,?,-,false,-
net.sf.tsl2nano,tsl2.nano.directaccess,2.2.1,-,-,?,-,false,-
net.sf.tsl2nano,tsl2.nano.ebeanprovider,2.2.1,-,-,?,-,false,-
net.sf.tsl2nano,tsl2.nano.h5,2.2.1,-,-,?,-,false,sun.security.x509.X500Name               Use javax.security.auth.x500.X500Principal @since 1.4
net.sf.tsl2nano,tsl2.nano.h5.thymeleaf,2.2.1,-,-,?,-,false,-
net.sf.tsl2nano,tsl2.nano.incubation,2.2.1,-,-,?,-,false,-
net.sf.tsl2nano,tsl2.nano.jarresolver,2.2.1,-,-,?,-,false,-
net.sf.tsl2nano,tsl2.nano.logicstructure,2.2.1,-,-,?,-,false,-
net.sf.tsl2nano,tsl2.nano.operation,2.2.1,-,-,?,-,false,-
net.sf.tsl2nano,tsl2.nano.ormliteprovider,2.2.1,-,-,?,-,false,-
net.sf.tsl2nano,tsl2.nano.repeatable,2.2.1,-,-,?,-,false,-
net.sf.tsl2nano,tsl2.nano.replication,2.2.1,-,-,?,-,false,-
net.sf.tsl2nano,tsl2.nano.serviceaccess,2.2.1,-,-,?,-,false,-
net.sf.tsl2nano,tsl2.nano.specification,2.2.1,-,-,?,-,false,-
net.sf.tsl2nano,tsl2.nano.terminal,2.2.1,-,-,?,-,false,sun.security.x509.X500Name               Use javax.security.auth.x500.X500Principal @since 1.4
net.sf.tsl2nano,tsl2.nano.vnet,2.2.1,-,-,?,-,false,-
no.nav.abac.policies,abac-attribute-constants,3.3.13,-,-,?,-,false,-
