groupId,artifactId,version,moduleName,moduleVersion,moduleMode,moduleDependencies,jdepsToolError,jdepsViolations
com.aliyun,aliyun-java-sdk-partnerintl,1.0.2,-,-,?,-,false,-
com.cedarsoftware,n-cube,4.4.1,-,-,?,-,false,-
com.github.dadiyang,wechat-client,1.0.1,-,-,?,-,false,-
com.github.liuanxin,api-document,0.3.3,-,-,?,-,false,-
com.qunar.qmq,qmq,1.1.3,-,-,?,-,false,-
fi.metatavu.tulistop.client,tulistop-api-client,0.0.27,-,-,?,-,false,-
fi.metatavu.tulistop,tulistop-api-spec,0.0.29,-,-,?,-,false,-
net.oschina.haopeng,simple-orm,v1.8,-,-,?,-,false,-
net.spals.appbuilder.plugins,spals-appbuilder-app-dropwizard,0.6.5,-,-,?,-,false,-
net.spals.appbuilder.plugins,spals-appbuilder-app-dropwizard-test,0.6.5,-,-,?,-,false,-
net.spals.appbuilder.plugins,spals-appbuilder-app-finatra,0.6.5,-,-,?,-,false,-
net.spals.appbuilder.plugins,spals-appbuilder-app-finatra-test,0.6.5,-,-,?,-,false,-
net.spals.appbuilder.plugins,spals-appbuilder-app-grpc,0.6.5,-,-,?,-,false,-
net.spals.appbuilder.plugins,spals-appbuilder-app-grpc-test,0.6.5,-,-,?,-,false,-
net.spals.appbuilder.plugins,spals-appbuilder-filestore-s3,0.6.5,-,-,?,-,false,-
net.spals.appbuilder.plugins,spals-appbuilder-filestore-s3-test,0.6.5,-,-,?,-,false,-
net.spals.appbuilder.plugins,spals-appbuilder-mapstore-cassandra,0.6.5,-,-,?,-,false,-
net.spals.appbuilder.plugins,spals-appbuilder-mapstore-cassandra-test,0.6.5,-,-,?,-,false,-
net.spals.appbuilder.plugins,spals-appbuilder-mapstore-dynamodb,0.6.5,-,-,?,-,false,-
net.spals.appbuilder.plugins,spals-appbuilder-mapstore-dynamodb-test,0.6.5,-,-,?,-,false,-
net.spals.appbuilder.plugins,spals-appbuilder-mapstore-mongodb,0.6.5,-,-,?,-,false,-
net.spals.appbuilder.plugins,spals-appbuilder-mapstore-mongodb-test,0.6.5,-,-,?,-,false,-
net.spals.appbuilder.plugins,spals-appbuilder-message-kafka,0.6.5,-,-,?,-,false,-
net.spals.appbuilder.plugins,spals-appbuilder-message-kafka-test,0.6.5,-,-,?,-,false,-
net.spals.appbuilder.plugins,spals-appbuilder-model-protobuf,0.6.5,-,-,?,-,false,-
net.spals.appbuilder.plugins,spals-appbuilder-model-protobuf-test,0.6.5,-,-,?,-,false,-
net.spals.appbuilder.plugins,spals-appbuilder-monitor-lightstep,0.6.5,-,-,?,-,false,-
net.spals.appbuilder,spals-appbuilder-annotations,0.6.5,-,-,?,-,false,-
net.spals.appbuilder,spals-appbuilder-app-core,0.6.5,-,-,?,-,false,-
net.spals.appbuilder,spals-appbuilder-app-core-test,0.6.5,-,-,?,-,false,-
net.spals.appbuilder,spals-appbuilder-app-examples,0.6.5,-,-,?,-,false,-
net.spals.appbuilder,spals-appbuilder-app-mock,0.6.5,-,-,?,-,false,-
net.spals.appbuilder,spals-appbuilder-app-mock-test,0.6.5,-,-,?,-,false,-
net.spals.appbuilder,spals-appbuilder-config,0.6.5,-,-,?,-,false,-
net.spals.appbuilder,spals-appbuilder-config-test,0.6.5,-,-,?,-,false,-
net.spals.appbuilder,spals-appbuilder-executor-core,0.6.5,-,-,?,-,false,-
net.spals.appbuilder,spals-appbuilder-executor-core-test,0.6.5,-,-,?,-,false,-
net.spals.appbuilder,spals-appbuilder-filestore-core,0.6.5,-,-,?,-,false,-
net.spals.appbuilder,spals-appbuilder-filestore-core-test,0.6.5,-,-,?,-,false,-
net.spals.appbuilder,spals-appbuilder-graph,0.6.5,-,-,?,-,false,-
net.spals.appbuilder,spals-appbuilder-graph-test,0.6.5,-,-,?,-,false,-
net.spals.appbuilder,spals-appbuilder-keystore-core,0.6.5,-,-,?,-,false,-
net.spals.appbuilder,spals-appbuilder-keystore-core-test,0.6.5,-,-,?,-,false,-
net.spals.appbuilder,spals-appbuilder-mapstore-core,0.6.5,-,-,?,-,false,-
net.spals.appbuilder,spals-appbuilder-mapstore-core-test,0.6.5,-,-,?,-,false,-
net.spals.appbuilder,spals-appbuilder-message-core,0.6.5,-,-,?,-,false,-
net.spals.appbuilder,spals-appbuilder-message-core-test,0.6.5,-,-,?,-,false,-
net.spals.appbuilder,spals-appbuilder-model-core,0.6.5,-,-,?,-,false,-
net.spals.appbuilder,spals-appbuilder-model-core-test,0.6.5,-,-,?,-,false,-
net.spals.appbuilder,spals-appbuilder-monitor-core,0.6.5,-,-,?,-,false,-
net.spals.appbuilder,spals-appbuilder-monitor-core-test,0.6.5,-,-,?,-,false,-
org.corefine.common,common-cache,1.5.0,-,-,?,-,false,-
org.corefine.common,common-core,1.5.0,-,-,?,-,false,-
org.corefine.common,common-feign,1.5.0,-,-,?,-,false,-
org.corefine.common,common-jdbc,1.5.0,-,-,?,-,false,-
org.corefine.common,common-util,1.5.0,-,-,?,-,false,-
org.corefine.common,common-web,1.5.0,-,-,?,-,false,-
org.corefine.common,common-web-mvc,1.5.0,-,-,?,-,false,-
org.corefine.common,common-web-websocket,1.5.0,-,-,?,-,false,-
org.corefine.common,common-wx,1.5.0,-,-,?,-,false,-
