groupId,artifactId,version,moduleName,moduleVersion,moduleMode,moduleDependencies,jdepsToolError,jdepsViolations
com.github.nhirakawa,immutable-style,4.0,-,-,?,-,false,-
org.pcap4j,pcap4j-core,2.0.0-alpha.1,-,-,?,-,false,-
org.pcap4j,pcap4j-packetfactory-propertiesbased,2.0.0-alpha.1,-,-,?,-,false,-
org.pcap4j,pcap4j-packetfactory-static,2.0.0-alpha.1,-,-,?,-,false,-
org.pcap4j,pcap4j-packettest,2.0.0-alpha.1,-,-,?,-,false,-
org.pcap4j,pcap4j-sample,2.0.0-alpha.1,-,-,?,-,false,-
org.pcap4j,pcap4j-test-coverage,1.7.5,-,-,?,-,false,-
