groupId,artifactId,version,moduleName,moduleVersion,moduleMode,moduleDependencies,jdepsToolError,jdepsViolations
com.github.cb372,scala-typed-holes_2.11.12,0.0.6,-,-,?,-,false,-
com.github.cb372,scala-typed-holes_2.12.1,0.0.6,-,-,?,-,false,-
com.github.cb372,scala-typed-holes_2.12.2,0.0.6,-,-,?,-,false,-
com.github.cb372,scala-typed-holes_2.12.3,0.0.6,-,-,?,-,false,-
com.github.cb372,scala-typed-holes_2.12.4,0.0.6,-,-,?,-,false,-
com.github.cb372,scala-typed-holes_2.12.5,0.0.6,-,-,?,-,false,-
com.github.cb372,scala-typed-holes_2.12.6,0.0.6,-,-,?,-,false,-
com.github.cb372,scala-typed-holes_2.12.7,0.0.6,-,-,?,-,false,-
com.github.cb372,scala-typed-holes_2.12.8,0.0.6,-,-,?,-,false,-
com.github.cb372,scala-typed-holes_2.13.0-M5,0.0.6,-,-,?,-,false,-
com.github.vincentrussell,json-data-generator,1.9,-,-,?,-,false,-
com.kloudtek.ktcli,ktcli,0.9.13,-,-,?,-,false,-
org.questdb,questdb-core,3.0.6,-,-,?,-,false,sun.misc.Cleaner                         Use java.lang.ref.PhantomReference @since 1.2 or java.lang.ref.Cleaner @since 9 + sun.misc.Contended                       Removed. See http://openjdk.java.net/jeps/260 + sun.misc.Signal                          See http://openjdk.java.net/jeps/260 + sun.misc.SignalHandler                   See http://openjdk.java.net/jeps/260 + sun.misc.Unsafe                          See http://openjdk.java.net/jeps/260 + sun.security.action.GetPropertyAction    Use java.security.PrivilegedAction @since 1.1
