groupId,artifactId,version,moduleName,moduleVersion,moduleMode,moduleDependencies,jdepsToolError,jdepsViolations
com.fundebug,fundebug-java,0.1.2,-,-,?,-,false,-
com.fundebug,fundebug-spring,0.1.2,-,-,?,-,false,-
com.github.dadiyang,http-api-invoker,1.0.6,-,-,?,-,false,-
com.github.deepexi,optimus-archetype-dubbo,1.0.11,-,-,?,-,false,-
com.github.deepexi,optimus-archetype-hsf,1.3.17,-,-,?,-,false,-
com.github.deepexi,optimus-archetype-springcloud,1.0.14,-,-,?,-,false,-
com.github.liubingxu18,spring-data-jpawapper,1.0.1,-,-,?,-,false,-
com.microsoft.azure,azure-eventhubs-eph,2.3.0,-,-,?,-,false,-
