groupId,artifactId,version,moduleName,moduleVersion,moduleMode,moduleDependencies,jdepsToolError,jdepsViolations
be.yildiz-games,feature-research-shared,1.0.1,be.yildizgames.feature.research.shared,-,explicit,be.yildizgames.common.exception + be.yildizgames.common.logging + be.yildizgames.common.mapping + be.yildizgames.common.mapping.model + be.yildizgames.common.model + be.yildizgames.common.util + java.base + slf4j.api,false,-
cd.go.plugin,go-plugin-api-experimental,19.1.0-8294,-,-,?,-,false,-
com.beachape,enumeratum-circe_2.10,1.5.19,-,-,?,-,false,-
com.beachape,enumeratum-circe_2.11,1.5.19,-,-,?,-,false,-
com.beachape,enumeratum-circe_2.12,1.5.19,-,-,?,-,false,-
com.beachape,enumeratum-circe_sjs0.6_2.10,1.5.19,-,-,?,-,false,-
com.beachape,enumeratum-circe_sjs0.6_2.11,1.5.19,-,-,?,-,false,-
com.beachape,enumeratum-circe_sjs0.6_2.12,1.5.19,-,-,?,-,false,-
com.gitee.wangxinhome,poi-plugin,1.0.8,-,-,?,-,false,-
com.github.liujiebang,pay,1.4.2,-,-,?,-,false,-
com.hazelcast,hazelcast-hibernate5,1.3.1,-,-,?,-,false,-
com.hazelcast,hazelcast-hibernate52,1.3.1,-,-,?,-,false,-
com.hazelcast,hazelcast-hibernate53,1.3.1,-,-,?,-,false,-
com.mchange,failable_2.10,0.0.2,-,-,?,-,false,-
com.mchange,failable_2.11,0.0.2,-,-,?,-,false,-
com.mchange,failable_2.12,0.0.2,-,-,?,-,false,-
com.mchange,failable-logging_2.10,0.0.2,-,-,?,-,false,-
com.mchange,failable-logging_2.11,0.0.2,-,-,?,-,false,-
com.mchange,failable-logging_2.12,0.0.2,-,-,?,-,false,-
com.nepxion,permission-aop,3.0.1,-,-,?,-,false,-
com.nepxion,permission-aop-starter,3.0.1,-,-,?,-,false,-
com.nepxion,permission-api,3.0.1,-,-,?,-,false,-
com.nepxion,permission-entity,3.0.1,-,-,?,-,false,-
com.nepxion,permission-feign,3.0.1,-,-,?,-,false,-
com.nepxion,permission-feign-starter,3.0.1,-,-,?,-,false,-
de.saumya.mojo,bundler-maven-plugin,1.1.6,-,-,?,-,false,-
de.saumya.mojo,cucumber-maven-plugin,1.1.6,-,-,?,-,false,-
de.saumya.mojo,gem-assembly-descriptors,1.1.6,-,-,?,-,false,-
de.saumya.mojo,gem-extension,1.1.6,-,-,?,-,false,-
de.saumya.mojo,gem-maven-plugin,1.1.6,-,-,?,-,false,-
de.saumya.mojo,gem-with-jar-extension,1.1.6,-,-,?,-,false,-
de.saumya.mojo,jruby-maven-plugin,1.1.6,-,-,?,-,false,-
de.saumya.mojo,minitest-maven-plugin,1.1.6,-,-,?,-,false,-
de.saumya.mojo,rake-maven-plugin,1.1.6,-,-,?,-,false,-
de.saumya.mojo,rspec-maven-plugin,1.1.6,-,-,?,-,false,-
de.saumya.mojo,ruby-tools,1.1.6,-,-,?,-,false,-
de.saumya.mojo,runit-maven-plugin,1.1.6,-,-,?,-,false,-
de.saumya.mojo,test-base-plugin,1.1.6,-,-,?,-,false,-
io.javalin,javalin,2.5.0,io.javalin,-,automatic,-,false,-
net.skobow,oauth2-restclient,0.1.2,-,-,?,-,false,-
net.skobow,oauth2-restclient-spring-boot-autoconfigure,0.1.2,-,-,?,-,false,-
net.skobow,oauth2-restclient-spring-boot-starter,0.1.2,-,-,?,-,false,-
org.wso2.extension.siddhi.map.avro,siddhi-map-avro,1.0.59,-,-,?,-,false,sun.misc.Unsafe                          See http://openjdk.java.net/jeps/260
