groupId,artifactId,version,moduleName,moduleVersion,moduleMode,moduleDependencies,jdepsToolError,jdepsViolations
com.conveyal,gtfs-lib,4.2.2,-,-,?,-,false,-
com.github.shalousun,common-util,1.7.2,-,-,?,-,false,-
com.neuronrobotics,JavaCad,0.18.1,-,-,?,-,false,com.sun.image.codec.jpeg.JPEGCodec       Use javax.imageio @since 1.4 + com.sun.image.codec.jpeg.JPEGDecodeParam Use javax.imageio @since 1.4 + com.sun.image.codec.jpeg.JPEGEncodeParam Use javax.imageio @since 1.4 + com.sun.image.codec.jpeg.JPEGImageDecoder Use javax.imageio @since 1.4 + com.sun.image.codec.jpeg.JPEGImageEncoder Use javax.imageio @since 1.4 + com.sun.image.codec.jpeg.JPEGQTable      Use javax.imageio @since 1.4 + com.sun.image.codec.jpeg.TruncatedFileException Use javax.imageio @since 1.4
com.ociweb,pronghorn,1.0.28,-,-,?,-,false,-
com.ociweb,pronghorn-ranch,1.0.28,-,-,?,-,false,-
com.ursful.framework,ursful-orm,2.0.6,-,-,?,-,false,-
io.github.xiaoyudeguang,easy-brancher,3.0.71-RELEASE,-,-,?,-,false,-
io.github.xiaoyudeguang,easy-cache,3.0.71-RELEASE,-,-,?,-,false,-
io.github.xiaoyudeguang,easy-core,3.0.71-RELEASE,-,-,?,-,false,-
io.github.xiaoyudeguang,easy-log,3.0.71-RELEASE,-,-,?,-,false,-
io.github.xiaoyudeguang,easy-mybatis,3.0.71-RELEASE,-,-,?,-,false,-
io.github.xiaoyudeguang,easy-socket,3.0.71-RELEASE,-,-,?,-,false,-
io.github.xiaoyudeguang,easy-swagger,3.0.71-RELEASE,-,-,?,-,false,-
io.github.xiaoyudeguang,easy-trunker,3.0.71-RELEASE,-,-,?,-,false,-
io.github.xiaoyudeguang,easy-web,3.0.71-RELEASE,-,-,?,-,false,-
io.vavr,vavr,0.9.3,io.vavr,-,automatic,-,false,-
io.vavr,vavr-match,0.9.3,io.vavr.match,-,automatic,-,false,-
io.vavr,vavr-match-processor,0.9.3,io.vavr.match.processor,-,automatic,-,false,-
io.vavr,vavr-test,0.9.3,io.vavr.test,-,automatic,-,false,-
org.libtorrent4j,libtorrent4j,1.2.0.21-RC1,-,-,?,-,false,-
xin.yuki,auth-client,1.0.1,-,-,?,-,false,-
xin.yuki,auth-client-spring-boot-starter,1.0.1,-,-,?,-,false,-
xin.yuki,auth-core,1.0.1,-,-,?,-,false,-
xin.yuki,auth-server,1.0.1,-,-,?,-,false,-
xin.yuki,auth-server-spring-boot-starter,1.0.1,-,-,?,-,false,-
