groupId,artifactId,version,moduleName,moduleVersion,moduleMode,moduleDependencies,jdepsToolError,jdepsViolations
ai.houyi,dorado-core,0.0.34,-,-,?,-,false,-
ai.houyi,dorado-examples,0.0.34,-,-,?,-,false,-
ai.houyi,dorado-spring-boot-starter,0.0.34,-,-,?,-,false,-
ai.houyi,dorado-swagger,0.0.34,-,-,?,-,false,-
ai.houyi,dorado-swagger-ui,0.0.34,-,-,?,-,false,-
com.emarsys,permission-system-scala-sdk_2.12,1.0.0,-,-,?,-,false,-
com.github.hoantran-it.library,utility-library,1.6,-,-,?,-,false,-
com.mobius-software.mqtt,parser,1.0.5,-,-,?,-,false,-
com.sap.cloud.lm.sl,cloudfoundry-client-lib,1.2.0,-,-,?,-,false,sun.misc.BASE64Decoder                   Use java.util.Base64 @since 1.8
com.usmanhussain.habanero,Habanero,1.4.4,-,-,?,-,false,-
com.velocidi,apso_2.11,0.13.16,-,-,?,-,false,-
com.velocidi,apso_2.12,0.13.16,-,-,?,-,false,-
com.velocidi,apso-testkit_2.11,0.13.16,-,-,?,-,false,-
com.velocidi,apso-testkit_2.12,0.13.16,-,-,?,-,false,-
info.purocean,kotlin-db-migration,1.0,-,-,?,-,false,-
io.ap4k,ap4k-dependencies,0.1.2,-,-,?,-,false,com.sun.tools.javac.code.Symbol          Use javax.tools and javax.lang.model @since 1.6 + com.sun.tools.javac.code.Symbol$ClassSymbol Use javax.tools and javax.lang.model @since 1.6
io.projectreactor,reactor-core,3.2.5.RELEASE,-,-,?,-,false,sun.misc.JavaLangAccess                  Removed. See http://openjdk.java.net/jeps/260 + sun.misc.SharedSecrets                   Removed. See http://openjdk.java.net/jeps/260 + sun.misc.Unsafe                          See http://openjdk.java.net/jeps/260
io.projectreactor,reactor-test,3.2.5.RELEASE,-,-,?,-,false,-
io.thorntail,config-api,1.6.1,-,-,?,-,false,-
io.thorntail,config-api-generator,1.6.1,-,-,?,-,false,-
io.thorntail,config-api-runtime,1.6.1,-,-,?,-,false,-
jakarta.xml.bind,jakarta.xml.bind-api,2.3.2,java.xml.bind,-,explicit,jakarta.activation + java.base + java.desktop + java.logging + java.xml,false,-
jakarta.xml.bind,jakarta.xml.bind-api-test,2.3.2,java.xml.bind.tests.src,-,explicit,java.base,false,-
org.fissore,slf4j-fluent,0.2.0,-,-,?,-,false,-
org.http4k,http4k-aws,3.106.0,-,-,?,-,false,-
org.http4k,http4k-contract,3.106.0,-,-,?,-,false,-
org.http4k,http4k-multipart,3.106.0,-,-,?,-,false,-
org.http4k,http4k-server-netty,3.106.0,-,-,?,-,false,-
org.http4k,http4k-server-undertow,3.106.0,-,-,?,-,false,-
vision.id,tessella_2.12,0.1.2,-,-,?,-,false,-
