groupId,artifactId,version,moduleName,moduleVersion,moduleMode,moduleDependencies,jdepsToolError,jdepsViolations
com.amazonaws,aws-lambda-java-events,2.2.5,-,-,?,-,false,-
com.applitools,eyes-common-java3,3.143.0,-,-,?,-,false,-
com.applitools,eyes-connectivity-java3-jboss,3.143.0,-,-,?,-,false,-
com.applitools,eyes-connectivity-java3-jersey1x,3.143.0,-,-,?,-,false,-
com.applitools,eyes-connectivity-java3-jersey2x,3.143.0,-,-,?,-,false,-
com.applitools,eyes-images-java3,3.143.0,-,-,?,-,false,-
com.applitools,eyes-sdk-core-java3,3.143.0,-,-,?,-,false,-
com.applitools,eyes-sdk-distribution-images-java3,3.143.0,-,-,?,-,false,-
com.applitools,eyes-sdk-distribution-java3,3.143.0,-,-,?,-,false,-
com.applitools,eyes-selenium-java3,3.143.0,-,-,?,-,false,-
com.budjb,http-requests-core,2.0.3.BETA,-,-,?,-,false,-
com.budjb,http-requests-jackson,2.0.3.BETA,-,-,?,-,false,-
com.budjb,http-requests-spring,2.0.3.BETA,-,-,?,-,false,-
com.cognifide.qa.bb,bb-aem-64,2.0.3,-,-,?,-,false,-
com.cognifide.qa.bb,bb-aem-core,2.0.3,-,-,?,-,false,-
com.cognifide.qa.bb,bb-core,2.0.3,-,-,?,-,false,-
com.cognifide.qa.bb,bb-cumber,2.0.3,-,-,?,-,false,-
com.cognifide.qa.bb,bb-email,2.0.3,-,-,?,-,false,-
com.cognifide.qa.bb,bb-integration-tests,2.0.3,-,-,?,-,false,-
com.cognifide.qa.bb,bb-junit5,2.0.3,-,-,?,-,false,-
com.cognifide.qa.bb,bb-traffic,2.0.3,-,-,?,-,false,-
com.conveyal,gtfs-lib,4.1.2,-,-,?,-,false,-
com.cosium.openapi,openapi-annotation-processor,1.25,-,-,?,-,false,-
com.github.vebqa,vebtal-manager,0.9.7,-,-,?,-,false,-
com.groupbyinc,api-java-flux,2.6.26,-,-,?,-,false,-
com.ibm.mobilefirstplatform.serversdk.java,push,1.4.0,-,-,?,-,false,-
com.rabbitmq,perf-test,2.5.0,com.rabbitmq.perf,-,automatic,-,false,-
com.typesafe.akka,akka-http_2.11,10.1.6,akka.http,-,automatic,-,false,-
com.typesafe.akka,akka-http_2.12,10.1.6,akka.http,-,automatic,-,false,-
com.typesafe.akka,akka-http2-support_2.11,10.1.6,akka.http.http2,-,automatic,-,false,-
com.typesafe.akka,akka-http2-support_2.12,10.1.6,akka.http.http2,-,automatic,-,false,-
com.typesafe.akka,akka-http-caching_2.11,10.1.6,akka.http.caching,-,automatic,-,false,-
com.typesafe.akka,akka-http-caching_2.12,10.1.6,akka.http.caching,-,automatic,-,false,-
com.typesafe.akka,akka-http-core_2.11,10.1.6,akka.http.core,-,automatic,-,false,-
com.typesafe.akka,akka-http-core_2.12,10.1.6,akka.http.core,-,automatic,-,false,-
com.typesafe.akka,akka-http-jackson_2.11,10.1.6,akka.http.marshallers.jackson,-,automatic,-,false,-
com.typesafe.akka,akka-http-jackson_2.12,10.1.6,akka.http.marshallers.jackson,-,automatic,-,false,-
com.typesafe.akka,akka-http-spray-json_2.11,10.1.6,akka.http.marshallers.sprayjson,-,automatic,-,false,-
com.typesafe.akka,akka-http-spray-json_2.12,10.1.6,akka.http.marshallers.sprayjson,-,automatic,-,false,-
com.typesafe.akka,akka-http-testkit_2.11,10.1.6,akka.http.testkit,-,automatic,-,false,-
com.typesafe.akka,akka-http-testkit_2.12,10.1.6,akka.http.testkit,-,automatic,-,false,-
com.typesafe.akka,akka-http-xml_2.11,10.1.6,akka.http.marshallers.scalaxml,-,automatic,-,false,-
com.typesafe.akka,akka-http-xml_2.12,10.1.6,akka.http.marshallers.scalaxml,-,automatic,-,false,-
com.typesafe.akka,akka-parsing_2.11,10.1.6,akka.http.parsing,-,automatic,-,false,-
com.typesafe.akka,akka-parsing_2.12,10.1.6,akka.http.parsing,-,automatic,-,false,-
de.alpharogroup,jetty-runner-config,3.16.1,-,-,?,-,false,-
de.alpharogroup,jetty-runner-core,3.16.1,-,-,?,-,false,-
de.alpharogroup,wicket-jetty9-runner,3.16.1,-,-,?,-,false,-
de.dm.auth,activedirectory-spring-boot-starter,2.2.0,-,-,?,-,false,-
it.aleven,webapp-common,3.2.6,-,-,?,-,false,-
org.foundweekends,pamflet-app_2.12,0.8.0,-,-,?,-,false,-
org.foundweekends,pamflet-knockoff_2.12,0.8.0,-,-,?,-,false,-
org.foundweekends,pamflet-library_2.12,0.8.0,-,-,?,-,false,-
org.openstreetmap.atlas,atlas-generator,4.1.10,-,-,?,-,false,-
org.rapidpm,rapidpm-dependencies-core,04.00.10-RPM,-,-,?,-,false,-
org.rapidpm,rapidpm-dependencies-core-properties,04.00.10-RPM,-,-,?,-,false,-
org.spincast,spincast-core,0.9.53,-,-,?,-,false,-
org.spincast,spincast-core-tests,0.9.53,-,-,?,-,false,-
org.spincast,spincast-default,0.9.53,-,-,?,-,false,-
org.spincast,spincast-demos-better,0.9.53,-,-,?,-,false,sun.misc.Unsafe                          See http://openjdk.java.net/jeps/260 + sun.reflect.Reflection                   Use java.lang.StackWalker @since 9
org.spincast,spincast-demos-quick,0.9.53,-,-,?,-,false,sun.misc.Unsafe                          See http://openjdk.java.net/jeps/260 + sun.reflect.Reflection                   Use java.lang.StackWalker @since 9
org.spincast,spincast-demos-sum,0.9.53,-,-,?,-,false,sun.misc.Unsafe                          See http://openjdk.java.net/jeps/260 + sun.reflect.Reflection                   Use java.lang.StackWalker @since 9
org.spincast,spincast-demos-supercalifragilisticexpialidocious,0.9.53,-,-,?,-,false,sun.misc.Unsafe                          See http://openjdk.java.net/jeps/260 + sun.reflect.Reflection                   Use java.lang.StackWalker @since 9
org.spincast,spincast-plugins-attempts-limiter,0.9.53,-,-,?,-,false,-
org.spincast,spincast-plugins-attempts-limiter-tests,0.9.53,-,-,?,-,false,-
org.spincast,spincast-plugins-config,0.9.53,-,-,?,-,false,-
org.spincast,spincast-plugins-config-tests,0.9.53,-,-,?,-,false,-
org.spincast,spincast-plugins-crypto,0.9.53,-,-,?,-,false,-
org.spincast,spincast-plugins-crypto-tests,0.9.53,-,-,?,-,false,-
org.spincast,spincast-plugins-date-formatter,0.9.53,-,-,?,-,false,-
org.spincast,spincast-plugins-date-formatter-tests,0.9.53,-,-,?,-,false,-
org.spincast,spincast-plugins-dictionary,0.9.53,-,-,?,-,false,-
org.spincast,spincast-plugins-dictionary-tests,0.9.53,-,-,?,-,false,-
org.spincast,spincast-plugins-flyway-utils,0.9.53,-,-,?,-,false,-
org.spincast,spincast-plugins-flyway-utils-tests,0.9.53,-,-,?,-,false,-
org.spincast,spincast-plugins-forms-protection,0.9.53,-,-,?,-,false,-
org.spincast,spincast-plugins-forms-protection-tests,0.9.53,-,-,?,-,false,-
org.spincast,spincast-plugins-hotswap,0.9.53,-,-,?,-,false,-
org.spincast,spincast-plugins-hotswap-tests,0.9.53,-,-,?,-,false,-
org.spincast,spincast-plugins-http-caching,0.9.53,-,-,?,-,false,-
org.spincast,spincast-plugins-http-caching-tests,0.9.53,-,-,?,-,false,-
org.spincast,spincast-plugins-http-client,0.9.53,-,-,?,-,false,-
org.spincast,spincast-plugins-http-client-tests,0.9.53,-,-,?,-,false,-
org.spincast,spincast-plugins-http-client-with-websocket,0.9.53,-,-,?,-,false,-
org.spincast,spincast-plugins-jackson-json,0.9.53,-,-,?,-,false,-
org.spincast,spincast-plugins-jackson-json-tests,0.9.53,-,-,?,-,false,-
org.spincast,spincast-plugins-jackson-xml,0.9.53,-,-,?,-,false,-
org.spincast,spincast-plugins-jackson-xml-tests,0.9.53,-,-,?,-,false,-
org.spincast,spincast-plugins-jdbc,0.9.53,-,-,?,-,false,-
org.spincast,spincast-plugins-jdbc-tests,0.9.53,-,-,?,-,false,-
org.spincast,spincast-plugins-locale-resolver,0.9.53,-,-,?,-,false,-
org.spincast,spincast-plugins-locale-resolver-tests,0.9.53,-,-,?,-,false,-
org.spincast,spincast-plugins-pebble,0.9.53,-,-,?,-,false,-
org.spincast,spincast-plugins-pebble-tests,0.9.53,-,-,?,-,false,-
org.spincast,spincast-plugins-request,0.9.53,-,-,?,-,false,-
org.spincast,spincast-plugins-request-tests,0.9.53,-,-,?,-,false,-
org.spincast,spincast-plugins-response,0.9.53,-,-,?,-,false,-
org.spincast,spincast-plugins-response-tests,0.9.53,-,-,?,-,false,-
org.spincast,spincast-plugins-routing,0.9.53,-,-,?,-,false,-
org.spincast,spincast-plugins-routing-tests,0.9.53,-,-,?,-,false,-
org.spincast,spincast-plugins-scheduledtasks,0.9.53,-,-,?,-,false,-
org.spincast,spincast-plugins-scheduledtasks-tests,0.9.53,-,-,?,-,false,-
org.spincast,spincast-plugins-session,0.9.53,-,-,?,-,false,-
org.spincast,spincast-plugins-session-tests,0.9.53,-,-,?,-,false,-
org.spincast,spincast-plugins-templating-addon,0.9.53,-,-,?,-,false,-
org.spincast,spincast-plugins-templating-addon-tests,0.9.53,-,-,?,-,false,-
org.spincast,spincast-plugins-timezone-resolver,0.9.53,-,-,?,-,false,-
org.spincast,spincast-plugins-timezone-resolver-tests,0.9.53,-,-,?,-,false,-
org.spincast,spincast-plugins-undertow,0.9.53,-,-,?,-,false,-
org.spincast,spincast-plugins-undertow-tests,0.9.53,-,-,?,-,false,-
org.spincast,spincast-plugins-variables-addon,0.9.53,-,-,?,-,false,-
org.spincast,spincast-plugins-variables-addon-tests,0.9.53,-,-,?,-,false,-
org.spincast,spincast-quickstart,0.9.53,-,-,?,-,false,sun.misc.Unsafe                          See http://openjdk.java.net/jeps/260 + sun.reflect.Reflection                   Use java.lang.StackWalker @since 9
org.spincast,spincast-testing-core,0.9.53,-,-,?,-,false,-
org.spincast,spincast-testing-default,0.9.53,-,-,?,-,false,-
org.spincast,spincast-testing-junit-runner,0.9.53,-,-,?,-,false,-
org.spincast,spincast-website,0.9.53,-,-,?,-,false,sun.misc.Unsafe                          See http://openjdk.java.net/jeps/260 + sun.reflect.Reflection                   Use java.lang.StackWalker @since 9
software.amazon.jsii,jsii-runtime,0.7.13,-,-,?,-,false,-
us.hebi.matlab.mat,mfl-core,0.5.1,us.hebi.matlab.mat.mfl-core,-,automatic,-,false,sun.misc.Unsafe                          See http://openjdk.java.net/jeps/260
us.hebi.matlab.mat,mfl-ejml,0.5.1,us.hebi.matlab.mat.mfl-ejml,-,automatic,-,false,-
