groupId,artifactId,version,moduleName,moduleVersion,moduleMode,moduleDependencies,jdepsToolError,jdepsViolations
com.bluenimble.serverless,bluenimble-jvm-sdk,2.4.0,-,-,?,-,false,-
com.bluenimble.serverless,bluenimble-server,2.4.0,-,-,?,-,false,-
com.conveyal,gtfs-lib,4.2.1,-,-,?,-,false,-
com.github.codesorcery,juan,0.1.1,-,-,?,-,false,-
com.neuronrobotics,BowlerScriptingKernel,0.35.0,-,-,?,-,false,com.sun.image.codec.jpeg.JPEGCodec       Use javax.imageio @since 1.4 + com.sun.image.codec.jpeg.JPEGDecodeParam Use javax.imageio @since 1.4 + com.sun.image.codec.jpeg.JPEGEncodeParam Use javax.imageio @since 1.4 + com.sun.image.codec.jpeg.JPEGImageDecoder Use javax.imageio @since 1.4 + com.sun.image.codec.jpeg.JPEGImageEncoder Use javax.imageio @since 1.4 + com.sun.image.codec.jpeg.JPEGQTable      Use javax.imageio @since 1.4 + com.sun.image.codec.jpeg.TruncatedFileException Use javax.imageio @since 1.4 + java.awt.peer.ComponentPeer              Should not use. See https://bugs.openjdk.java.net/browse/JDK-8037739 + java.awt.peer.LightweightPeer            Should not use. See https://bugs.openjdk.java.net/browse/JDK-8037739 + sun.misc.Signal                          See http://openjdk.java.net/jeps/260 + sun.misc.SignalHandler                   See http://openjdk.java.net/jeps/260 + sun.misc.Unsafe                          See http://openjdk.java.net/jeps/260 + sun.reflect.ReflectionFactory            See http://openjdk.java.net/jeps/260
com.neuronrobotics,JavaCad,0.18.0,-,-,?,-,false,com.sun.image.codec.jpeg.JPEGCodec       Use javax.imageio @since 1.4 + com.sun.image.codec.jpeg.JPEGDecodeParam Use javax.imageio @since 1.4 + com.sun.image.codec.jpeg.JPEGEncodeParam Use javax.imageio @since 1.4 + com.sun.image.codec.jpeg.JPEGImageDecoder Use javax.imageio @since 1.4 + com.sun.image.codec.jpeg.JPEGImageEncoder Use javax.imageio @since 1.4 + com.sun.image.codec.jpeg.JPEGQTable      Use javax.imageio @since 1.4 + com.sun.image.codec.jpeg.TruncatedFileException Use javax.imageio @since 1.4
io.github.adorable-skullmaster,pw4j,1.2.5,-,-,?,-,false,-
website.automate,waml-io,2.0.4,-,-,?,-,false,-
