groupId,artifactId,version,moduleName,moduleVersion,moduleMode,moduleDependencies,jdepsToolError,jdepsViolations
ch.epfl.lamp,dotty_0.12,0.12.0-bin-20190102-01078c4-NIGHTLY,-,-,?,-,false,-
ch.epfl.lamp,dotty-compiler_0.12,0.12.0-bin-20190102-01078c4-NIGHTLY,-,-,?,-,false,-
ch.epfl.lamp,dotty-doc_0.12,0.12.0-bin-20190102-01078c4-NIGHTLY,-,-,?,-,false,-
ch.epfl.lamp,dotty-interfaces,0.12.0-bin-20190102-01078c4-NIGHTLY,-,-,?,-,false,-
ch.epfl.lamp,dotty-language-server_0.12,0.12.0-bin-20190102-01078c4-NIGHTLY,-,-,?,-,false,-
ch.epfl.lamp,dotty-library_0.12,0.12.0-bin-20190102-01078c4-NIGHTLY,-,-,?,-,false,sun.misc.Unsafe                          See http://openjdk.java.net/jeps/260
ch.epfl.lamp,scala-compiler,0.12.0-bin-20190102-01078c4-NIGHTLY,-,-,?,-,false,-
ch.epfl.lamp,scala-library,0.12.0-bin-20190102-01078c4-NIGHTLY,-,-,?,-,false,-
ch.epfl.lamp,scalap,0.12.0-bin-20190102-01078c4-NIGHTLY,-,-,?,-,false,-
ch.epfl.lamp,scala-reflect,0.12.0-bin-20190102-01078c4-NIGHTLY,-,-,?,-,false,-
ch.epfl.scala,bloop-backend_2.12,1032048a,-,-,?,-,false,-
ch.epfl.scala,bloop-config_2.10,121807cc,-,-,?,-,false,-
ch.epfl.scala,bloop-config_2.11,121807cc,-,-,?,-,false,-
ch.epfl.scala,bloop-config_2.12,121807cc,-,-,?,-,false,-
ch.epfl.scala,bloop-frontend_2.12,1032048a,-,-,?,-,false,-
ch.epfl.scala,bloop-js-bridge-0-6_2.12,121807cc,-,-,?,-,false,-
ch.epfl.scala,bloop-js-bridge-1-0_2.12,121807cc,-,-,?,-,false,-
ch.epfl.scala,bloop-launcher_2.12,1.2.1,-,-,?,-,false,-
ch.epfl.scala,bloop-native-bridge_2.12,121807cc,-,-,?,-,false,-
ch.epfl.scala,gradle-bloop_2.11,121807cc,-,-,?,-,false,-
ch.epfl.scala,gradlebloop212_2.12,121807cc,-,-,?,-,false,-
ch.epfl.scala,maven-bloop_2.10,121807cc,-,-,?,-,false,-
ch.epfl.scala,mill-bloop_2.12,121807cc,-,-,?,-,false,-
com.caucho,resin-kernel,4.0.50,-,-,?,-,false,-
org.mnode.ical4j,ical4j,3.0.5,-,-,?,-,false,-
org.scray,scray-hdfs-writer,1.2.2,-,-,?,-,false,-
tel.schich,qewqew,1.0.3,-,-,?,-,false,-
