groupId,artifactId,version,moduleName,moduleVersion,moduleMode,moduleDependencies,jdepsToolError,jdepsViolations
com.kauailabs.navx.frc,navx-java,3.1.344,-,-,?,-,false,-
com.nfl.glitr,glitr,1.9.0-2019-01-05T00-49-40,-,-,?,-,false,-
com.nordstrom.tools,java-utils,1.8.0,-,-,?,-,false,-
com.nordstrom.tools,junit-foundation,9.0.4,-,-,?,-,false,-
net.bis5.mattermost4j,mattermost4j-core,0.4.0,-,-,?,-,false,-
net.bis5.mattermost4j,mattermost-models,0.4.0,-,-,?,-,false,-
org.smartrplace.analysis,backup-gateways-analysis,0.0.2,-,-,?,-,false,-
org.smartrplace.analysis,backup-gateways-viz,0.0.2,-,-,?,-,false,-
org.smartrplace.analysis,backup-parser-v2,0.0.2,-,-,?,-,false,-
org.smartrplace.analysis,memory-gateway-visualisation,0.0.2,-,-,?,-,false,-
org.smartrplace.sim,resource-simulation,0.0.2,-,-,?,-,false,-
org.smartrplace.sim,resource-simulation-examples,0.0.2,-,-,?,-,false,-
org.smartrplace.tools,electric-heater-profile,0.0.1,-,-,?,-,false,-
org.smartrplace.tools,executor-service,0.0.1,-,-,?,-,false,-
org.smartrplace.tools,maven-resolver,0.0.2,-,-,?,-,false,-
org.smartrplace.tools,ogema-timer-utils,0.0.1,-,-,?,-,false,-
org.smartrplace.tools,profile-api,0.0.1,-,-,?,-,false,-
org.smartrplace.tools,profile-preferences,0.0.1,-,-,?,-,false,-
org.smartrplace.tools,profile-viz,0.0.1,-,-,?,-,false,-
org.smartrplace.tools,schedule-management,1.0.2,-,-,?,-,false,-
org.smartrplace.tools,ssl-service,0.0.1,-,-,?,-,false,-
org.tpolecat,doobie-core_2.11,0.7.0-M1,-,-,?,-,false,-
org.tpolecat,doobie-core_2.12,0.7.0-M1,-,-,?,-,false,-
org.tpolecat,doobie-core_2.13.0-M5,0.7.0-M1,-,-,?,-,false,-
org.tpolecat,doobie-free_2.11,0.7.0-M1,-,-,?,-,false,-
org.tpolecat,doobie-free_2.12,0.7.0-M1,-,-,?,-,false,-
org.tpolecat,doobie-free_2.13.0-M5,0.7.0-M1,-,-,?,-,false,-
org.tpolecat,doobie-h2_2.11,0.7.0-M1,-,-,?,-,false,-
org.tpolecat,doobie-h2_2.12,0.7.0-M1,-,-,?,-,false,-
org.tpolecat,doobie-h2_2.13.0-M5,0.7.0-M1,-,-,?,-,false,-
org.tpolecat,doobie-hikari_2.11,0.7.0-M1,-,-,?,-,false,-
org.tpolecat,doobie-hikari_2.12,0.7.0-M1,-,-,?,-,false,-
org.tpolecat,doobie-hikari_2.13.0-M5,0.7.0-M1,-,-,?,-,false,-
org.tpolecat,doobie-postgres_2.11,0.7.0-M1,-,-,?,-,false,-
org.tpolecat,doobie-postgres_2.12,0.7.0-M1,-,-,?,-,false,-
org.tpolecat,doobie-postgres_2.13.0-M5,0.7.0-M1,-,-,?,-,false,-
org.tpolecat,doobie-postgres-circe_2.11,0.7.0-M1,-,-,?,-,false,-
org.tpolecat,doobie-postgres-circe_2.12,0.7.0-M1,-,-,?,-,false,-
org.tpolecat,doobie-postgres-circe_2.13.0-M5,0.7.0-M1,-,-,?,-,false,-
org.tpolecat,doobie-refined_2.11,0.7.0-M1,-,-,?,-,false,-
org.tpolecat,doobie-refined_2.12,0.7.0-M1,-,-,?,-,false,-
org.tpolecat,doobie-refined_2.13.0-M5,0.7.0-M1,-,-,?,-,false,-
org.tpolecat,doobie-scalatest_2.11,0.7.0-M1,-,-,?,-,false,-
org.tpolecat,doobie-scalatest_2.12,0.7.0-M1,-,-,?,-,false,-
org.tpolecat,doobie-scalatest_2.13.0-M5,0.7.0-M1,-,-,?,-,false,-
org.tpolecat,doobie-specs2_2.11,0.7.0-M1,-,-,?,-,false,-
org.tpolecat,doobie-specs2_2.12,0.7.0-M1,-,-,?,-,false,-
org.tpolecat,doobie-specs2_2.13.0-M5,0.7.0-M1,-,-,?,-,false,-
