groupId,artifactId,version,moduleName,moduleVersion,moduleMode,moduleDependencies,jdepsToolError,jdepsViolations
be.yildiz-games,common-application,1.0.3,be.yildizgames.common.application,-,explicit,be.yildizgames.common.git + be.yildizgames.common.logging + be.yildizgames.common.util + java.base + slf4j.api,false,-
com.github.marschall,threeten-jpa,1.12,-,-,?,-,false,-
com.github.marschall,threeten-jpa-h2-eclipselink,1.12,-,-,?,-,false,-
com.github.marschall,threeten-jpa-jdbc42-hibernate,1.12,-,-,?,-,false,-
com.github.marschall,threeten-jpa-mssql-eclipselink,1.12,-,-,?,-,false,-
com.github.marschall,threeten-jpa-mssql-hibernate,1.12,-,-,?,-,false,-
com.github.marschall,threeten-jpa-mssql-impl,1.12,-,-,?,-,false,-
com.github.marschall,threeten-jpa-oracle-api,1.12,-,-,?,-,false,-
com.github.marschall,threeten-jpa-oracle-eclipselink,1.12,-,-,?,-,false,-
com.github.marschall,threeten-jpa-oracle-hibernate,1.12,-,-,?,-,false,-
com.github.marschall,threeten-jpa-oracle-impl,1.12,-,-,?,-,false,-
com.github.marschall,threeten-jpa-test,1.12,-,-,?,-,false,-
com.github.marschall,threeten-jpa-zoned-hibernate,1.12,-,-,?,-,false,-
com.github.robtimus,data-url,1.0.1,-,-,?,-,false,-
com.liulishuo.okcheck,gradle,0.2.8,-,-,?,-,false,-
