groupId,artifactId,version,moduleName,moduleVersion,moduleMode,moduleDependencies,jdepsToolError,jdepsViolations
com.github.ejin66,QuickHttp,1.0.7,-,-,?,-,false,-
com.github.vebqa,vebtal-api,0.9.7,-,-,?,-,false,-
com.github.vebqa,vebtal-manager,0.9.8,-,-,?,-,false,-
com.github.vebqa,vebtal-pdf,0.9.8,-,-,?,-,false,-
com.kdgregory.logging,aws-shared,2.1.1,-,-,?,-,false,-
com.kdgregory.logging,log4j1-aws-appenders,2.1.1,-,-,?,-,false,-
com.kdgregory.logging,logback-aws-appenders,2.1.1,-,-,?,-,false,-
com.wix,accord-api_2.11,0.7.3,-,-,?,-,false,-
com.wix,accord-api_2.12,0.7.3,-,-,?,-,false,-
com.wix,accord-api_2.13.0-M5,0.7.3,-,-,?,-,false,-
com.wix,accord-api_sjs0.6_2.11,0.7.3,-,-,?,-,false,-
com.wix,accord-api_sjs0.6_2.12,0.7.3,-,-,?,-,false,-
com.wix,accord-api_sjs0.6_2.13.0-M5,0.7.3,-,-,?,-,false,-
com.wix,accord-core_2.11,0.7.3,-,-,?,-,false,-
com.wix,accord-core_2.12,0.7.3,-,-,?,-,false,-
com.wix,accord-core_2.13.0-M5,0.7.3,-,-,?,-,false,-
com.wix,accord-core_sjs0.6_2.11,0.7.3,-,-,?,-,false,-
com.wix,accord-core_sjs0.6_2.12,0.7.3,-,-,?,-,false,-
com.wix,accord-core_sjs0.6_2.13.0-M5,0.7.3,-,-,?,-,false,-
com.wix,accord-java8_2.11,0.7.3,-,-,?,-,false,-
com.wix,accord-java8_2.12,0.7.3,-,-,?,-,false,-
com.wix,accord-java8_2.13.0-M5,0.7.3,-,-,?,-,false,-
com.wix,accord-joda_2.11,0.7.3,-,-,?,-,false,-
com.wix,accord-joda_2.12,0.7.3,-,-,?,-,false,-
com.wix,accord-joda_2.13.0-M5,0.7.3,-,-,?,-,false,-
com.wix,accord-scalatest_2.11,0.7.3,-,-,?,-,false,-
com.wix,accord-scalatest_2.12,0.7.3,-,-,?,-,false,-
com.wix,accord-scalatest_2.13.0-M5,0.7.3,-,-,?,-,false,-
com.wix,accord-scalatest_sjs0.6_2.11,0.7.3,-,-,?,-,false,-
com.wix,accord-scalatest_sjs0.6_2.12,0.7.3,-,-,?,-,false,-
com.wix,accord-scalatest_sjs0.6_2.13.0-M5,0.7.3,-,-,?,-,false,-
com.wix,accord-specs2_2.11,0.7.3,-,-,?,-,false,-
com.wix,accord-specs2_2.12,0.7.3,-,-,?,-,false,-
com.wix,accord-specs2_2.13.0-M5,0.7.3,-,-,?,-,false,-
com.wix,accord-spring3_2.11,0.7.3,-,-,?,-,false,-
com.wix,accord-spring3_2.12,0.7.3,-,-,?,-,false,-
com.wix,accord-spring3_2.13.0-M5,0.7.3,-,-,?,-,false,-
io.iteratee,iteratee-twitter_2.11,18.12.0,-,-,?,-,false,-
io.iteratee,iteratee-twitter_2.12,18.12.0,-,-,?,-,false,-
org.cristalise,cristalise-dev,3.6.0,-,-,?,-,false,-
org.cristalise,cristalise-restapi,3.6.0,-,-,?,-,false,-
org.smartboot.http,smart-http-server,1.0.10.1231-beta,-,-,?,-,false,-
