groupId,artifactId,version,moduleName,moduleVersion,moduleMode,moduleDependencies,jdepsToolError,jdepsViolations
com.github.codesorcery,juan,0.1.0,-,-,?,-,false,-
com.github.vebqa,vebtal-3270,0.9.7,-,-,?,-,false,-
com.github.vebqa,vebtal-5250,0.9.7,-,-,?,-,false,-
com.imsweb,algorithms,1.20,com.imsweb.algorithms,-,automatic,-,false,-
cz.encircled,reactive-jira-client,0.0.8,-,-,?,-,false,-
de.elnarion.asciidoc,asciidoc-extension-multiinclude,0.9.2,-,-,?,-,false,-
de.elnarion.asciidoc,asciidoc-extension-remoteplantuml,0.9.2,-,-,?,-,false,-
de.elnarion.asciidoc,asciidoc-extensions-test,0.9.2,-,-,?,-,false,-
jp.co.future,uroborosql,0.9.0,-,-,?,-,false,-
