groupId,artifactId,version,moduleName,moduleVersion,moduleMode,moduleDependencies,jdepsToolError,jdepsViolations
cd.go.plugin,go-plugin-api-experimental,19.1.0-8293,-,-,?,-,false,-
cn.dalgen.plugins,mybatis-maven-plugin,1.2.1,-,-,?,-,false,-
com.alibaba.pelican,PelicanDT,1.0.5,-,-,?,-,false,-
com.aliyun,aliyun-java-sdk-ccc,1.0.12,-,-,?,-,false,-
com.fundebug,fundebug-java,0.0.1,-,-,?,-,false,-
com.fundebug,fundebug-spring,0.0.1,-,-,?,-,false,-
com.github.vipcchua,fastpay,1.0.4.1,-,-,?,-,false,-
com.stalary,easydoc-maven-plugin,0.0.1,-,-,?,-,false,-
edu.colostate.omslab,csip-core,2.3.5,-,-,?,-,false,-
io.mockk,mockk,1.9.kotlin12,-,-,?,-,false,-
io.mockk,mockk-agent-api,1.9.kotlin12,-,-,?,-,false,-
io.mockk,mockk-agent-common,1.9.kotlin12,-,-,?,-,false,-
io.mockk,mockk-agent-jvm,1.9.kotlin12,-,-,?,-,false,-
io.mockk,mockk-common,1.9.kotlin12,-,-,?,-,false,-
io.mockk,mockk-dsl,1.9.kotlin12,-,-,?,-,false,-
io.mockk,mockk-dsl-js,1.9.kotlin12,-,-,?,-,false,-
io.mockk,mockk-dsl-jvm,1.9.kotlin12,-,-,?,-,false,-
li.allan,easycache-cache,0.1.1,-,-,?,-,false,-
org.zalando,logbook-api,1.12.1,-,-,?,-,false,-
org.zalando,logbook-core,1.12.1,-,-,?,-,false,-
org.zalando,logbook-httpclient,1.12.1,-,-,?,-,false,-
org.zalando,logbook-jaxrs,1.12.1,-,-,?,-,false,-
org.zalando,logbook-okhttp,1.12.1,-,-,?,-,false,-
org.zalando,logbook-okhttp2,1.12.1,-,-,?,-,false,-
org.zalando,logbook-servlet,1.12.1,-,-,?,-,false,-
org.zalando,logbook-spring-boot-starter,1.12.1,-,-,?,-,false,-
org.zalando,logbook-test,1.12.1,-,-,?,-,false,-
