groupId,artifactId,version,moduleName,moduleVersion,moduleMode,moduleDependencies,jdepsToolError,jdepsViolations
br.ufsc.bridge,validation,1.4.1,-,-,?,-,false,-
com.aventstack,extentreports-cucumber3-adapter,1.0.2,-,-,?,-,false,-
com.aventstack,extentreports-cucumber4-adapter,1.0.6,-,-,?,-,false,-
com.burningmime,setmatch,0.1,-,-,?,-,false,-
com.feingto,iot-hub-client-java,1.2.0.RELEASE,-,-,?,-,false,-
com.feingto,iot-hub-client-spring,1.2.0.RELEASE,-,-,?,-,false,-
com.feingto,iot-hub-common,1.2.0.RELEASE,-,-,?,-,false,-
com.feingto,iot-hub-server,1.2.0.RELEASE,-,-,?,-,false,-
com.github.akaskywolf,rjc,0.7,-,-,?,-,false,-
com.lightbend.play,play-grpc-scalatest_2.11,0.5.0-M7,-,-,?,-,false,-
com.lightbend.play,play-grpc-scalatest_2.12,0.5.0-M7,-,-,?,-,false,-
com.lightbend.play,play-grpc-specs2_2.11,0.5.0-M7,-,-,?,-,false,-
com.lightbend.play,play-grpc-specs2_2.12,0.5.0-M7,-,-,?,-,false,-
com.lightbend.play,play-grpc-testkit_2.11,0.5.0-M7,-,-,?,-,false,-
com.lightbend.play,play-grpc-testkit_2.12,0.5.0-M7,-,-,?,-,false,-
com.societegenerale.ci-droid,internal-api,1.0.6,-,-,?,-,false,-
com.softwaresecured.reshift,gradle-plugin,1.0.8,-,-,?,-,false,-
com.softwaresecured.reshift,maven-plugin,1.0.8,-,-,?,-,false,-
com.sumologic.elasticsearch,elasticsearch-akka,7.0.0-M3,-,-,?,-,false,-
com.sumologic.elasticsearch,elasticsearch-aws,7.0.0-M3,-,-,?,-,false,-
com.sumologic.elasticsearch,elasticsearch-core,7.0.0-M3,-,-,?,-,false,-
engineering.exploratory,nbiot-java,0.2,-,-,?,-,false,-
jp.nephy,penicillin,4.0.1,-,-,?,-,false,-
org.filesys,jfileserver,1.1.1,-,-,?,-,false,-
org.filesys,jfileserver-db-postgres,1.0.2,-,-,?,-,false,-
org.icij.extract,extract-cli,2.0.6,-,-,?,-,false,sun.misc.Cleaner                         Use java.lang.ref.PhantomReference @since 1.2 or java.lang.ref.Cleaner @since 9 + sun.misc.Unsafe                          See http://openjdk.java.net/jeps/260 + sun.reflect.generics.reflectiveObjects.NotImplementedException Removed. See http://openjdk.java.net/jeps/260 + sun.security.action.GetPropertyAction    Use java.security.PrivilegedAction @since 1.1 + sun.security.x509.X500Name               Use javax.security.auth.x500.X500Principal @since 1.4
org.icij.extract,extract-lib,2.0.6,-,-,?,-,false,-
org.prompto,CodeFactory,0.0.54,-,-,?,-,false,-
org.scalameta,scalafmt-cli_2.11,2.0.0-RC2,-,-,?,-,false,-
org.scalameta,scalafmt-cli_2.12,2.0.0-RC2,-,-,?,-,false,-
org.scalameta,scalafmt-core_2.11,2.0.0-RC2,-,-,?,-,false,-
org.scalameta,scalafmt-core_2.12,2.0.0-RC2,-,-,?,-,false,-
org.scalameta,scalafmt-core_sjs0.6_2.11,2.0.0-RC2,-,-,?,-,false,-
org.scalameta,scalafmt-core_sjs0.6_2.12,2.0.0-RC2,-,-,?,-,false,-
org.scalameta,scalafmt-dynamic_2.11,2.0.0-RC2,-,-,?,-,false,-
org.scalameta,scalafmt-dynamic_2.12,2.0.0-RC2,-,-,?,-,false,-
org.scalameta,scalafmt-interfaces,2.0.0-RC2,-,-,?,-,false,-
org.springframework.cloud,spring-cloud-build-docs,2.1.0.RELEASE,-,-,?,-,false,-
org.springframework.cloud,spring-cloud-build-tools,2.1.0.RELEASE,-,-,?,-,false,-
