groupId,artifactId,version,moduleName,moduleVersion,moduleMode,moduleDependencies,jdepsToolError,jdepsViolations
com.ardikars.jxnet,jxnet,1.5.2.RELEASE,-,-,?,-,false,-
com.ardikars.jxnet,jxnet-benchmark,1.5.2.RELEASE,-,-,?,-,false,-
com.ardikars.jxnet,jxnet-context,1.5.2.RELEASE,-,-,?,-,false,-
com.ardikars.jxnet,jxnet-core,1.5.2.RELEASE,-,-,?,-,false,-
com.ardikars.jxnet,jxnet-example,1.5.2.RELEASE,-,-,?,-,false,-
com.ardikars.jxnet,jxnet-spring-boot-autoconfigure,1.5.2.RELEASE,-,-,?,-,false,-
com.ardikars.jxnet,jxnet-spring-boot-starter,1.5.2.RELEASE,-,-,?,-,false,-
com.ardikars.jxnet,jxnet-spring-boot-starter-example,1.5.2.RELEASE,-,-,?,-,false,-
com.github.fartherp,shiro-redisson,1.0.1,-,-,?,-,false,-
com.lodsve,lodsve-3rd,2.7.2-RELEASE,-,-,?,-,false,-
com.lodsve,lodsve-all,2.7.2-RELEASE,-,-,?,-,false,-
com.lodsve,lodsve-amqp,2.7.2-RELEASE,-,-,?,-,false,-
com.lodsve,lodsve-cache,2.7.2-RELEASE,-,-,?,-,false,-
com.lodsve,lodsve-core,2.7.2-RELEASE,-,-,?,-,false,-
com.lodsve,lodsve-dfs,2.7.2-RELEASE,-,-,?,-,false,-
com.lodsve,lodsve-mongodb,2.7.2-RELEASE,-,-,?,-,false,-
com.lodsve,lodsve-mybatis,2.7.2-RELEASE,-,-,?,-,false,-
com.lodsve,lodsve-rdbms,2.7.2-RELEASE,-,-,?,-,false,-
com.lodsve,lodsve-redis,2.7.2-RELEASE,-,-,?,-,false,-
com.lodsve,lodsve-search,2.7.2-RELEASE,-,-,?,-,false,-
com.lodsve,lodsve-security,2.7.2-RELEASE,-,-,?,-,false,-
com.lodsve,lodsve-test,2.7.2-RELEASE,-,-,?,-,false,-
com.lodsve,lodsve-validate,2.7.2-RELEASE,-,-,?,-,false,-
com.lodsve,lodsve-web,2.7.2-RELEASE,-,-,?,-,false,-
com.lodsve,lodsve-wechat,2.7.2-RELEASE,-,-,?,-,false,-
ink.organics,lina,2.1,-,-,?,-,false,-
io.bloombox,java-client,1.7,-,-,?,-,false,-
io.github.idolofidles,MysqlORM,1.1.1,-,-,?,-,false,-
io.github.mrdear,excel,0.0.7,-,-,?,-,false,-
org.linuxprobe,mybatis-universal-crud,2.0.7.RELEASE,-,-,?,-,false,-
top.ibase4j,ibase4j-common,3.6.2,-,-,?,-,false,-
