groupId,artifactId,version,moduleName,moduleVersion,moduleMode,moduleDependencies,jdepsToolError,jdepsViolations
com.github.hcyhzy,ratelimiter,1.0-RELEASE,-,-,?,-,false,-
com.nepxion,discovery-common,4.8.2,-,-,?,-,false,-
com.nepxion,discovery-common-apollo,4.8.2,-,-,?,-,false,-
com.nepxion,discovery-common-nacos,4.8.2,-,-,?,-,false,-
com.nepxion,discovery-common-redis,4.8.2,-,-,?,-,false,-
com.nepxion,discovery-console,4.8.2,-,-,?,-,false,-
com.nepxion,discovery-console-starter-apollo,4.8.2,-,-,?,-,false,-
com.nepxion,discovery-console-starter-nacos,4.8.2,-,-,?,-,false,-
com.nepxion,discovery-console-starter-redis,4.8.2,-,-,?,-,false,-
com.nepxion,discovery-plugin-admin-center,4.8.2,-,-,?,-,false,-
com.nepxion,discovery-plugin-config-center,4.8.2,-,-,?,-,false,-
com.nepxion,discovery-plugin-config-center-starter-apollo,4.8.2,-,-,?,-,false,-
com.nepxion,discovery-plugin-config-center-starter-nacos,4.8.2,-,-,?,-,false,-
com.nepxion,discovery-plugin-config-center-starter-redis,4.8.2,-,-,?,-,false,-
com.nepxion,discovery-plugin-framework,4.8.2,-,-,?,-,false,-
com.nepxion,discovery-plugin-framework-consul,4.8.2,-,-,?,-,false,-
com.nepxion,discovery-plugin-framework-eureka,4.8.2,-,-,?,-,false,-
com.nepxion,discovery-plugin-framework-nacos,4.8.2,-,-,?,-,false,-
com.nepxion,discovery-plugin-framework-zookeeper,4.8.2,-,-,?,-,false,-
com.nepxion,discovery-plugin-starter-consul,4.8.2,-,-,?,-,false,-
com.nepxion,discovery-plugin-starter-eureka,4.8.2,-,-,?,-,false,-
com.nepxion,discovery-plugin-starter-nacos,4.8.2,-,-,?,-,false,-
com.nepxion,discovery-plugin-starter-zookeeper,4.8.2,-,-,?,-,false,-
com.nepxion,discovery-plugin-strategy,4.8.2,-,-,?,-,false,-
com.nepxion,discovery-plugin-strategy-starter-gateway,4.8.2,-,-,?,-,false,-
com.nepxion,discovery-plugin-strategy-starter-hystrix,4.8.2,-,-,?,-,false,-
com.nepxion,discovery-plugin-strategy-starter-service,4.8.2,-,-,?,-,false,-
com.nepxion,discovery-plugin-strategy-starter-zuul,4.8.2,-,-,?,-,false,-
