groupId,artifactId,version,moduleName,moduleVersion,moduleMode,moduleDependencies,jdepsToolError,jdepsViolations
com.ardikars.jxpacket,jxpacket,1.2.1.RELEASE,-,-,?,-,false,-
com.ardikars.jxpacket,jxpacket-common,1.2.1.RELEASE,-,-,?,-,false,-
com.ardikars.jxpacket,jxpacket-core,1.2.1.RELEASE,-,-,?,-,false,-
com.graphql-java,graphql-java,2019-01-01T05-14-41-147d2be,-,-,?,-,false,-
io.configrd,configrd-service,2.0.0,-,-,?,-,false,sun.misc.Contended                       Removed. See http://openjdk.java.net/jeps/260 + sun.misc.Unsafe                          See http://openjdk.java.net/jeps/260 + sun.reflect.Reflection                   Use java.lang.StackWalker @since 9
org.jmotor,scala-utils_2.12,1.0.4,-,-,?,-,false,-
