groupId,artifactId,version,moduleName,moduleVersion,moduleMode,moduleDependencies,jdepsToolError,jdepsViolations
cn.ucloud.ufile,ufile-client-java,2.0.3,-,-,?,-,false,-
cn.ucloud.ufile,ufile-core,2.0.3,-,-,?,-,false,-
org.infinitenature,bde,0.5.1,-,-,?,-,false,-
org.smartrplace.logging,fendodb-admin-api,0.1.0,-,-,?,-,false,-
org.smartrplace.logging,fendodb-api,0.1.0,-,-,?,-,false,-
org.smartrplace.logging,fendodb-core,0.1.0,-,-,?,-,false,-
org.smartrplace.logging,fendodb-grafana,0.1.0,-,-,?,-,false,-
org.smartrplace.logging,fendodb-grafana-config,0.1.0,-,-,?,-,false,-
org.smartrplace.logging,fendodb-grafana-ogema-config,0.1.0,-,-,?,-,false,-
org.smartrplace.logging,fendodb-grafana-server-config,0.1.0,-,-,?,-,false,-
org.smartrplace.logging,fendodb-influx-connector,0.1.0,-,-,?,-,false,-
org.smartrplace.logging,fendodb-ogema-context,0.1.0,-,-,?,-,false,-
org.smartrplace.logging,fendodb-ogema-tagging,0.1.0,-,-,?,-,false,-
org.smartrplace.logging,fendodb-reader,0.1.0,-,-,?,-,false,sun.misc.Unsafe                          See http://openjdk.java.net/jeps/260
org.smartrplace.logging,fendodb-recordeddata-wrapper,0.1.0,-,-,?,-,false,-
org.smartrplace.logging,fendodb-rest,0.1.0,-,-,?,-,false,-
org.smartrplace.logging,fendodb-source,0.1.0,-,-,?,-,false,-
org.smartrplace.logging,fendodb-tools,0.1.0,-,-,?,-,false,-
org.smartrplace.logging,fendodb-viz,0.1.0,-,-,?,-,false,-
org.smartrplace.tools,smartrplace-servlet-api,0.0.1,-,-,?,-,false,-
org.smartrplace.tools,smartrplace-servlet-context,0.0.1,-,-,?,-,false,-
org.smartrplace.tools,smartrplace-servlet-context-test,0.0.1,-,-,?,-,false,-
