groupId,artifactId,version,moduleName,moduleVersion,moduleMode,moduleDependencies,jdepsToolError,jdepsViolations
org.wso2.carbon.dashboards,org.wso2.carbon.dashboard.migration.tool,2.0.22,-,-,?,-,false,-
org.wso2.carbon.dashboards,org.wso2.carbon.dashboard.store.filter,2.0.22,-,-,?,-,false,-
org.wso2.org.apache.shindig,shindig-common,2.5.2-wso2v8,-,-,?,-,false,-
org.wso2.org.apache.shindig,shindig-extras,2.5.2-wso2v8,-,-,?,-,false,-
org.wso2.org.apache.shindig,shindig-features,2.5.2-wso2v8,-,-,?,-,false,-
org.wso2.org.apache.shindig,shindig-gadgets,2.5.2-wso2v8,-,-,?,-,false,-
org.wso2.org.apache.shindig,shindig-sample-container,2.5.2-wso2v8,-,-,?,-,false,-
org.wso2.org.apache.shindig,shindig-social-api,2.5.2-wso2v8,-,-,?,-,false,-
