groupId,artifactId,version,moduleName,moduleVersion,moduleMode,moduleDependencies,jdepsToolError,jdepsViolations
cc.plural,jsonij,0.5.2,-,-,?,-,false,-
io.github.idolofidles,MysqlORM,1.1.3,-,-,?,-,false,-
io.github.xiaoyudeguang,easy-brancher,3.0.6-RELEASE,-,-,?,-,false,-
io.github.xiaoyudeguang,easy-cache,3.0.6-RELEASE,-,-,?,-,false,-
io.github.xiaoyudeguang,easy-core,3.0.6-RELEASE,-,-,?,-,false,-
io.github.xiaoyudeguang,easy-log,3.0.6-RELEASE,-,-,?,-,false,-
io.github.xiaoyudeguang,easy-mybatis,3.0.6-RELEASE,-,-,?,-,false,-
io.github.xiaoyudeguang,easy-socket,3.0.6-RELEASE,-,-,?,-,false,-
io.github.xiaoyudeguang,easy-swagger,3.0.6-RELEASE,-,-,?,-,false,-
io.github.xiaoyudeguang,easy-trunker,3.0.6-RELEASE,-,-,?,-,false,-
io.github.xiaoyudeguang,easy-web,3.0.6-RELEASE,-,-,?,-,false,-
org.rapidpm,rapidpm-dependencies-core,04.00.11-RPM,-,-,?,-,false,-
org.rapidpm,rapidpm-dependencies-core-properties,04.00.11-RPM,-,-,?,-,false,-
