groupId,artifactId,version,moduleName,moduleVersion,moduleMode,moduleDependencies,jdepsToolError,jdepsViolations
com.bernardomg.maven.skins,docs-maven-skin,1.4.0,-,-,?,-,false,-
com.github.martinjedwabny,papow,1.0.4,-,-,?,-,false,-
com.malliina,logstreams-client_2.12,1.4.0,-,-,?,-,false,-
de.alpharogroup,base-entities,6.6,-,-,?,-,false,-
de.alpharogroup,base-service-api,6.6,-,-,?,-,false,-
de.alpharogroup,business-api,6.6,-,-,?,-,false,-
de.alpharogroup,data-api,6.6,-,-,?,-,false,-
de.alpharogroup,data-initialization,6.6,-,-,?,-,false,-
de.alpharogroup,data-usertype,6.6,-,-,?,-,false,-
de.alpharogroup,domain-api,6.6,-,-,?,-,false,-
de.alpharogroup,domain-mapper,6.6,-,-,?,-,false,-
de.alpharogroup,ent-core,1.1,-,-,?,-,false,-
de.alpharogroup,entities-api,6.6,-,-,?,-,false,-
de.alpharogroup,rest-api,6.6,-,-,?,-,false,-
de.alpharogroup,rest-client,6.6,-,-,?,-,false,-
io.getnelson.platypus,core_2.11,0.1.5,-,-,?,-,false,-
io.getnelson.platypus,core_2.12,0.1.5,-,-,?,-,false,-
io.getnelson.platypus,http4s_2.11,0.1.5,-,-,?,-,false,-
io.getnelson.platypus,http4s_2.12,0.1.5,-,-,?,-,false,-
io.skysail,stage-autoconfig,0.0.28,-,-,?,-,false,-
org.scalameta,mdoc_2.12,1.1.1,-,-,?,-,false,-
org.scalameta,mdoc-docs_2.12,1.1.1,-,-,?,-,false,-
org.scalameta,mdoc-lsp_2.12,1.1.1,-,-,?,-,false,-
org.scalameta,mdoc-runtime_2.12,1.1.1,-,-,?,-,false,-
org.trellisldp,camel-ldp,0.1.1,org.trellisldp.camel,-,automatic,-,false,-
org.webjars,popper.js,1.14.6,-,-,?,-,false,-
