groupId,artifactId,version,moduleName,moduleVersion,moduleMode,moduleDependencies,jdepsToolError,jdepsViolations
com.authlete,authlete-java-jaxrs,2.13,-,-,?,-,false,-
com.cognitect.aws,devicefarm,692.2.384.0,-,-,?,-,false,-
com.cognitect.aws,ecs,692.2.384.0,-,-,?,-,false,-
com.cognitect.aws,endpoints,1.1.11.479,-,-,?,-,false,-
com.cognitect.aws,iotanalytics,692.2.383.0,-,-,?,-,false,-
com.cognitect.aws,opsworkscm,692.2.383.0,-,-,?,-,false,-
com.github.Alex-2713-GitHub,Alex_Test,1.0.2,-,-,?,-,false,-
com.github.davidmoten,xjc-maven-plugin,0.1,-,-,?,-,false,-
com.github.davidmoten,xjc-maven-plugin-test,0.1,-,-,?,-,false,-
com.github.life-lab,common-exception,0.0.3,-,-,?,-,false,-
com.github.life-lab,common-feign,0.0.3,-,-,?,-,false,-
com.github.life-lab,common-framework,0.0.3,-,-,?,-,false,-
com.github.life-lab,common-jpa,0.0.3,-,-,?,-,false,-
com.github.life-lab,common-model,0.0.3,-,-,?,-,false,-
com.github.life-lab,common-rocketmq,0.0.3,-,-,?,-,false,-
com.github.life-lab,common-utils,0.0.3,-,-,?,-,false,-
com.github.workingDog,taxii2lib_2.12,0.4,-,-,?,-,false,-
org.nutz,nutzwx,2.4,-,-,?,-,false,-
tech.simter,simter-mongo-ext,1.0.0,-,-,?,-,false,-
tech.simter,simter-scheduling,1.0.0,-,-,?,-,false,-
tech.simter,simter-security,1.0.0,-,-,?,-,false,-
tech.simter,simter-template,1.0.0,-,-,?,-,false,-
win.hupubao,hupubao-common,2.0.0,-,-,?,-,false,sun.misc.BASE64Decoder                   Use java.util.Base64 @since 1.8 + sun.misc.BASE64Encoder                   Use java.util.Base64 @since 1.8
