groupId,artifactId,version,moduleName,moduleVersion,moduleMode,moduleDependencies,jdepsToolError,jdepsViolations
com.github.shynixn.blockball,blockball-api,6.4.0,-,-,?,-,false,-
com.github.shynixn.blockball,blockball-bukkit-api,6.4.0,-,-,?,-,false,-
com.github.shynixn.blockball,blockball-bukkit-plugin,6.4.0,-,-,?,-,false,sun.misc.Unsafe                          See http://openjdk.java.net/jeps/260
com.github.shynixn.blockball,blockball-core,6.4.0,-,-,?,-,false,-
com.nu-art-software,automation-core,1.0.45,-,-,?,-,false,-
com.nu-art-software,belog,1.0.45,-,-,?,-,false,-
com.nu-art-software,firebase-storage,1.0.45,-,-,?,-,false,-
com.nu-art-software,generic-processor,1.0.45,-,-,?,-,false,-
com.nu-art-software,google-stt,1.0.45,-,-,?,-,false,-
com.nu-art-software,http-module,1.0.45,-,-,?,-,false,-
com.nu-art-software,local-storage,1.0.45,-,-,?,-,false,-
com.nu-art-software,module-manager,1.0.45,-,-,?,-,false,-
com.nu-art-software,nu-art-core,1.0.45,-,-,?,-,false,sun.reflect.generics.reflectiveObjects.GenericArrayTypeImpl Removed. See http://openjdk.java.net/jeps/260
com.nu-art-software,nu-art-io,1.0.45,-,-,?,-,false,-
com.nu-art-software,reflection,1.0.45,-,-,?,-,false,-
org.asciidoctor,asciidoctorj,1.6.0,-,-,?,-,false,-
org.asciidoctor,asciidoctorj-api,1.6.0,-,-,?,-,false,-
org.codelibs.fess,fess-crawler,2.4.4,-,-,?,-,false,-
org.codelibs.fess,fess-crawler-es,2.4.4,-,-,?,-,false,-
org.codelibs.fess,fess-crawler-lasta,2.4.4,-,-,?,-,false,-
org.codelibs.fess,fess-crawler-webdriver,2.4.4,-,-,?,-,false,-
org.openapitools,openapi-generator-gradle-plugin,4.0.0-beta,-,-,?,-,false,-
