groupId,artifactId,version,moduleName,moduleVersion,moduleMode,moduleDependencies,jdepsToolError,jdepsViolations
org.wildfly,jipijapa-eclipselink,15.0.1.Final,-,-,?,-,false,-
org.wildfly,jipijapa-hibernate4-1,15.0.1.Final,-,-,?,-,false,-
org.wildfly,jipijapa-hibernate4-3,15.0.1.Final,-,-,?,-,false,-
org.wildfly,jipijapa-hibernate5,15.0.1.Final,-,-,?,-,false,-
org.wildfly,jipijapa-hibernate5-3,15.0.1.Final,-,-,?,-,false,-
org.wildfly,jipijapa-hibernate5-3-legacy,15.0.1.Final,-,-,?,-,false,-
org.wildfly,jipijapa-hibernate5-legacy,15.0.1.Final,-,-,?,-,false,-
org.wildfly,jipijapa-openjpa,15.0.1.Final,-,-,?,-,false,-
org.wildfly,jipijapa-spi,15.0.1.Final,-,-,?,-,false,-
org.wildfly,wildfly-appclient,15.0.1.Final,-,-,?,-,false,-
org.wildfly,wildfly-batch-jberet,15.0.1.Final,-,-,?,-,false,-
org.wildfly,wildfly-bean-validation,15.0.1.Final,-,-,?,-,false,-
org.wildfly,wildfly-client-all,15.0.1.Final,-,-,?,-,true,-
org.wildfly,wildfly-client-properties,15.0.1.Final,-,-,?,-,false,-
org.wildfly,wildfly-clustering-api,15.0.1.Final,-,-,?,-,false,-
org.wildfly,wildfly-clustering-common,15.0.1.Final,-,-,?,-,false,-
org.wildfly,wildfly-clustering-ee-infinispan,15.0.1.Final,-,-,?,-,false,-
org.wildfly,wildfly-clustering-ee-spi,15.0.1.Final,-,-,?,-,false,-
org.wildfly,wildfly-clustering-ejb-infinispan,15.0.1.Final,-,-,?,-,false,-
org.wildfly,wildfly-clustering-ejb-spi,15.0.1.Final,-,-,?,-,false,-
org.wildfly,wildfly-clustering-infinispan-extension,15.0.1.Final,-,-,?,-,false,-
org.wildfly,wildfly-clustering-infinispan-spi,15.0.1.Final,-,-,?,-,false,-
org.wildfly,wildfly-clustering-jgroups-api,15.0.1.Final,-,-,?,-,false,-
org.wildfly,wildfly-clustering-jgroups-extension,15.0.1.Final,-,-,?,-,false,-
org.wildfly,wildfly-clustering-jgroups-spi,15.0.1.Final,-,-,?,-,false,-
org.wildfly,wildfly-clustering-marshalling-api,15.0.1.Final,-,-,?,-,false,-
org.wildfly,wildfly-clustering-marshalling-infinispan,15.0.1.Final,-,-,?,-,false,-
org.wildfly,wildfly-clustering-marshalling-jboss,15.0.1.Final,-,-,?,-,false,-
org.wildfly,wildfly-clustering-marshalling-spi,15.0.1.Final,-,-,?,-,false,-
org.wildfly,wildfly-clustering-server,15.0.1.Final,-,-,?,-,false,-
org.wildfly,wildfly-clustering-service,15.0.1.Final,-,-,?,-,false,-
org.wildfly,wildfly-clustering-singleton-api,15.0.1.Final,-,-,?,-,false,-
org.wildfly,wildfly-clustering-singleton-extension,15.0.1.Final,-,-,?,-,false,-
org.wildfly,wildfly-clustering-spi,15.0.1.Final,-,-,?,-,false,-
org.wildfly,wildfly-clustering-web-api,15.0.1.Final,-,-,?,-,false,-
org.wildfly,wildfly-clustering-web-infinispan,15.0.1.Final,-,-,?,-,false,-
org.wildfly,wildfly-clustering-web-spi,15.0.1.Final,-,-,?,-,false,-
org.wildfly,wildfly-clustering-web-undertow,15.0.1.Final,-,-,?,-,false,-
org.wildfly,wildfly-cmp,15.0.1.Final,-,-,?,-,false,-
org.wildfly,wildfly-configadmin,15.0.1.Final,-,-,?,-,false,-
org.wildfly,wildfly-connector,15.0.1.Final,-,-,?,-,false,-
org.wildfly,wildfly-datasources-agroal,15.0.1.Final,-,-,?,-,false,-
org.wildfly,wildfly-dist,15.0.1.Final,-,-,?,-,false,-
org.wildfly,wildfly-dist-legacy,15.0.1.Final,-,-,?,-,false,-
org.wildfly,wildfly-ee,15.0.1.Final,-,-,?,-,false,-
org.wildfly,wildfly-ee-security,15.0.1.Final,-,-,?,-,false,-
org.wildfly,wildfly-ejb3,15.0.1.Final,-,-,?,-,false,-
org.wildfly,wildfly-iiop-openjdk,15.0.1.Final,-,-,?,-,false,-
org.wildfly,wildfly-jacorb,15.0.1.Final,-,-,?,-,false,-
org.wildfly,wildfly-jaxr,15.0.1.Final,-,-,?,-,false,-
org.wildfly,wildfly-jaxrs,15.0.1.Final,-,-,?,-,false,-
org.wildfly,wildfly-jdr,15.0.1.Final,-,-,?,-,false,-
org.wildfly,wildfly-jpa,15.0.1.Final,-,-,?,-,false,-
org.wildfly,wildfly-jsf,15.0.1.Final,-,-,?,-,false,-
org.wildfly,wildfly-jsf-injection,15.0.1.Final,-,-,?,-,false,-
org.wildfly,wildfly-jsf-installer,15.0.1.Final,-,-,?,-,false,-
org.wildfly,wildfly-jsr77,15.0.1.Final,-,-,?,-,false,-
org.wildfly,wildfly-mail,15.0.1.Final,-,-,?,-,false,-
org.wildfly,wildfly-messaging,15.0.1.Final,-,-,?,-,false,-
org.wildfly,wildfly-messaging-activemq,15.0.1.Final,-,-,?,-,false,-
org.wildfly,wildfly-microprofile-config-smallrye,15.0.1.Final,-,-,?,-,false,-
org.wildfly,wildfly-microprofile-health-smallrye,15.0.1.Final,-,-,?,-,false,-
org.wildfly,wildfly-microprofile-metrics-smallrye,15.0.1.Final,-,-,?,-,false,-
org.wildfly,wildfly-microprofile-opentracing-extension,15.0.1.Final,-,-,?,-,false,-
org.wildfly,wildfly-microprofile-opentracing-smallrye,15.0.1.Final,-,-,?,-,false,-
org.wildfly,wildfly-mod_cluster-extension,15.0.1.Final,-,-,?,-,false,-
org.wildfly,wildfly-mod_cluster-undertow,15.0.1.Final,-,-,?,-,false,-
org.wildfly,wildfly-naming,15.0.1.Final,-,-,?,-,false,-
org.wildfly,wildfly-ormtransformer,15.0.1.Final,-,-,?,-,false,-
org.wildfly,wildfly-picketlink,15.0.1.Final,-,-,?,-,false,-
org.wildfly,wildfly-pojo,15.0.1.Final,-,-,?,-,false,-
org.wildfly,wildfly-rts,15.0.1.Final,-,-,?,-,false,-
org.wildfly,wildfly-sar,15.0.1.Final,-,-,?,-,false,-
org.wildfly,wildfly-security,15.0.1.Final,-,-,?,-,false,sun.misc.Unsafe                          See http://openjdk.java.net/jeps/260
org.wildfly,wildfly-security-api,15.0.1.Final,-,-,?,-,false,-
org.wildfly,wildfly-servlet-dist,15.0.1.Final,-,-,?,-,false,-
org.wildfly,wildfly-servlet-dist-legacy,15.0.1.Final,-,-,?,-,false,-
org.wildfly,wildfly-spec-api-test,15.0.1.Final,-,-,?,-,false,-
org.wildfly,wildfly-system-jmx,15.0.1.Final,-,-,?,-,false,-
org.wildfly,wildfly-testsuite-shared,15.0.1.Final,-,-,?,-,false,-
org.wildfly,wildfly-transactions,15.0.1.Final,-,-,?,-,false,-
org.wildfly,wildfly-undertow,15.0.1.Final,-,-,?,-,false,-
org.wildfly,wildfly-web,15.0.1.Final,-,-,?,-,false,-
org.wildfly,wildfly-web-common,15.0.1.Final,-,-,?,-,false,-
org.wildfly,wildfly-webservices-server-integration,15.0.1.Final,-,-,?,-,false,-
org.wildfly,wildfly-webservices-tests-integration,15.0.1.Final,-,-,?,-,false,-
org.wildfly,wildfly-weld,15.0.1.Final,-,-,?,-,false,-
org.wildfly,wildfly-weld-bean-validation,15.0.1.Final,-,-,?,-,false,-
org.wildfly,wildfly-weld-common,15.0.1.Final,-,-,?,-,false,-
org.wildfly,wildfly-weld-ejb,15.0.1.Final,-,-,?,-,false,-
org.wildfly,wildfly-weld-jpa,15.0.1.Final,-,-,?,-,false,-
org.wildfly,wildfly-weld-spi,15.0.1.Final,-,-,?,-,false,-
org.wildfly,wildfly-weld-transactions,15.0.1.Final,-,-,?,-,false,-
org.wildfly,wildfly-weld-webservices,15.0.1.Final,-,-,?,-,false,-
org.wildfly,wildfly-xts,15.0.1.Final,-,-,?,-,false,-
