groupId,artifactId,version,moduleName,moduleVersion,moduleMode,moduleDependencies,jdepsToolError,jdepsViolations
org.apache.tinkerpop,giraph-gremlin,3.3.5,-,-,?,-,false,-
org.apache.tinkerpop,gremlin-archetype-dsl,3.4.0,-,-,?,-,false,-
org.apache.tinkerpop,gremlin-archetype-server,3.4.0,-,-,?,-,false,-
org.apache.tinkerpop,gremlin-archetype-tinkergraph,3.4.0,-,-,?,-,false,-
org.apache.tinkerpop,gremlin-console,3.4.0,-,-,?,-,false,-
org.apache.tinkerpop,gremlin-core,3.4.0,-,-,?,-,false,-
org.apache.tinkerpop,gremlin-driver,3.4.0,-,-,?,-,false,-
org.apache.tinkerpop,gremlin-groovy,3.4.0,-,-,?,-,false,-
org.apache.tinkerpop,gremlin-groovy-test,3.2.11,-,-,?,-,false,-
org.apache.tinkerpop,gremlin-python,3.4.0,-,-,?,-,false,-
org.apache.tinkerpop,gremlin-server,3.4.0,-,-,?,-,false,-
org.apache.tinkerpop,gremlin-shaded,3.4.0,-,-,?,-,false,sun.misc.Cleaner                         Use java.lang.ref.PhantomReference @since 1.2 or java.lang.ref.Cleaner @since 9 + sun.misc.Unsafe                          See http://openjdk.java.net/jeps/260
org.apache.tinkerpop,gremlin-test,3.4.0,-,-,?,-,false,-
org.apache.tinkerpop,hadoop-gremlin,3.4.0,-,-,?,-,false,-
org.apache.tinkerpop,neo4j-gremlin,3.4.0,-,-,?,-,false,-
org.apache.tinkerpop,spark-gremlin,3.4.0,-,-,?,-,false,-
org.apache.tinkerpop,sparql-gremlin,3.4.0,-,-,?,-,false,-
org.apache.tinkerpop,tinkergraph-gremlin,3.4.0,-,-,?,-,false,-
