groupId,artifactId,version,moduleName,moduleVersion,moduleMode,moduleDependencies,jdepsToolError,jdepsViolations
com.natpryce,hamkrest,1.7.0.0,-,-,?,-,false,-
io.github.cquiroz,scalajs-react-semantic-ui_sjs0.6_2.12,0.0.1,-,-,?,-,false,-
io.github.jhannes,fluent-jdbc,0.0.3,-,-,?,-,false,-
io.sealights.on-premise.agents.plugin,sealights-maven-plugin,2.1.470,-,-,?,-,false,-
org.scalameta,mdoc_2.12,1.2.7,-,-,?,-,false,-
org.scalameta,mdoc-docs_2.12,1.2.7,-,-,?,-,false,-
org.scalameta,mdoc-js_2.12,1.2.7,-,-,?,-,false,-
org.scalameta,mdoc-lsp_2.12,1.2.7,-,-,?,-,false,-
org.scalameta,mdoc-runtime_2.12,1.2.7,-,-,?,-,false,-
org.sodeac,org.sodeac.multichainlist,1.0.0,-,-,?,-,false,-
se.ayoy.maven-plugins,ayoy-license-verifier-maven-plugin,1.0.4,-,-,?,-,false,-
