groupId,artifactId,version,moduleName,moduleVersion,moduleMode,moduleDependencies,jdepsToolError,jdepsViolations
cn.hutool,hutool-all,4.4.0,-,-,?,-,false,-
cn.hutool,hutool-aop,4.4.0,-,-,?,-,false,-
cn.hutool,hutool-bloomFilter,4.4.0,-,-,?,-,false,-
cn.hutool,hutool-cache,4.4.0,-,-,?,-,false,-
cn.hutool,hutool-captcha,4.4.0,-,-,?,-,false,-
cn.hutool,hutool-core,4.4.0,-,-,?,-,false,-
cn.hutool,hutool-cron,4.4.0,-,-,?,-,false,-
cn.hutool,hutool-crypto,4.4.0,-,-,?,-,false,-
cn.hutool,hutool-db,4.4.0,-,-,?,-,false,-
cn.hutool,hutool-dfa,4.4.0,-,-,?,-,false,-
cn.hutool,hutool-extra,4.4.0,-,-,?,-,false,-
cn.hutool,hutool-http,4.4.0,-,-,?,-,false,-
cn.hutool,hutool-json,4.4.0,-,-,?,-,false,-
cn.hutool,hutool-log,4.4.0,-,-,?,-,false,-
cn.hutool,hutool-poi,4.4.0,-,-,?,-,false,-
cn.hutool,hutool-script,4.4.0,-,-,?,-,false,-
cn.hutool,hutool-setting,4.4.0,-,-,?,-,false,-
cn.hutool,hutool-system,4.4.0,-,-,?,-,false,-
com.github.almondtools,rexlex,0.3.1,-,-,?,-,false,-
com.github.basking2,sdsai-itrex,1.1.20,-,-,?,-,false,-
com.github.saphyra,auth-service,0.0.2,-,-,?,-,false,-
io.github.029vaibhav,correlation,1.0.2.RELEASE,-,-,?,-,false,-
io.jawg.geojson,geojson-jackson,1.0.0,-,-,?,-,false,-
net.amygdalum,compilerutils,0.2.1,-,-,?,-,false,-
net.amygdalum,patternsearchalgorithms,0.1.1,-,-,?,-,false,-
net.amygdalum,regexparser,0.2.2,-,-,?,-,false,-
net.amygdalum,stringsearchalgorithms,0.4.1,-,-,?,-,false,-
nl.praegus,toolchain-fixtures,1.6.2,-,-,?,-,false,-
org.appng,appng-api,1.18.0,-,-,?,-,false,-
org.appng,appng-application-assembly,1.18.0,-,-,?,-,false,-
org.appng,appng-appngizer-jaxb,1.18.0,-,-,?,-,false,-
org.appng,appng-archetype-application,1.18.0,-,-,?,-,false,-
org.appng,appng-camunda,1.18.0,-,-,?,-,false,-
org.appng,appng-cli,1.18.0,-,-,?,-,false,-
org.appng,appng-core,1.18.0,-,-,?,-,false,-
org.appng,appng-documentation,1.18.0,-,-,?,-,false,-
org.appng,appng-forms,1.18.0,-,-,?,-,false,-
org.appng,appng-formtags,1.18.0,-,-,?,-,false,-
org.appng,appng-mail,1.18.0,-,-,?,-,false,-
org.appng,appng-manager,1.14.0,-,-,?,-,false,-
org.appng,appng-maven-plugin,1.18.0,-,-,?,-,false,-
org.appng,appng-persistence,1.18.0,-,-,?,-,false,-
org.appng,appng-rest-api,1.18.0,-,-,?,-,false,-
org.appng,appng-search,1.18.0,-,-,?,-,false,-
org.appng,appng-taglib,1.18.0,-,-,?,-,false,-
org.appng,appng-template-assembly,1.18.0,-,-,?,-,false,-
org.appng,appng-testsupport,1.18.0,-,-,?,-,false,-
org.appng,appng-tomcat7,1.18.0,-,-,?,-,false,-
org.appng,appng-tomcat8,1.18.0,-,-,?,-,false,-
org.appng,appng-tools,1.18.0,-,-,?,-,false,-
org.appng,appng-xmlapi,1.18.0,-,-,?,-,false,-
org.appng.maven,appng-appngizer-maven-plugin,1.18.0,-,-,?,-,false,-
org.tatools,sunshine-core,0.4.2,-,-,?,-,false,-
org.tatools,sunshine-junit4,0.4.2,-,-,?,-,false,-
org.tatools,sunshine-testng,0.4.2,-,-,?,-,false,-
org.zalando,logbook-api,1.12.0,-,-,?,-,false,-
org.zalando,logbook-core,1.12.0,-,-,?,-,false,-
org.zalando,logbook-httpclient,1.12.0,-,-,?,-,false,-
org.zalando,logbook-jaxrs,1.12.0,-,-,?,-,false,-
org.zalando,logbook-okhttp,1.12.0,-,-,?,-,false,-
org.zalando,logbook-okhttp2,1.12.0,-,-,?,-,false,-
org.zalando,logbook-servlet,1.12.0,-,-,?,-,false,-
org.zalando,logbook-spring-boot-starter,1.12.0,-,-,?,-,false,-
org.zalando,logbook-test,1.12.0,-,-,?,-,false,-
