groupId,artifactId,version,moduleName,moduleVersion,moduleMode,moduleDependencies,jdepsToolError,jdepsViolations
cloud.orbit,orbit-actor-benchmarks,1.11.1,-,-,?,-,false,-
cloud.orbit,orbit-actor-tests,1.11.1,-,-,?,-,false,-
cloud.orbit,orbit-commons,1.11.1,-,-,?,-,false,-
cloud.orbit,orbit-core,1.11.1,-,-,?,-,false,-
cloud.orbit,orbit-infinispan-cluster,1.11.1,-,-,?,-,false,-
cloud.orbit,orbit-json,1.11.1,-,-,?,-,false,-
cloud.orbit,orbit-runtime,1.11.1,-,-,?,-,false,sun.misc.Cleaner                         Use java.lang.ref.PhantomReference @since 1.2 or java.lang.ref.Cleaner @since 9 + sun.misc.Unsafe                          See http://openjdk.java.net/jeps/260 + sun.reflect.ReflectionFactory            See http://openjdk.java.net/jeps/260
com.cloudbees,syslog-java-client,1.1.6,-,-,?,-,false,-
com.frugalmechanic,fm-xml_2.11,0.13.0,-,-,?,-,false,-
com.frugalmechanic,fm-xml_2.12,0.13.0,-,-,?,-,false,-
com.lob,lob-java,9.0.3,-,-,?,-,false,-
com.microsoft.rest.v2,client-runtime,2.0.2,-,-,?,-,false,-
com.opendxl,dxlclient,0.1.1,-,-,?,-,false,-
com.redhat.lightblue.mongo,lightblue-mongo,1.34.0,-,-,?,-,false,-
com.redhat.lightblue.mongo,lightblue-mongo-test,1.34.0,-,-,?,-,false,-
com.redhat.lightblue.rest,lightblue-rest-auth,2.27.0,-,-,?,-,false,-
com.redhat.lightblue.rest,lightblue-rest-common,2.27.0,-,-,?,-,false,-
com.redhat.lightblue.rest,lightblue-rest-integration-test,2.27.0,-,-,?,-,false,-
com.redhat.lightblue.rest,lightblue-rest-test,2.27.0,-,-,?,-,false,-
org.bsc.maven,confluence-reporting-maven-plugin,6.0,-,-,?,-,false,-
org.bsc.maven,maven-confluence-core,6.0,-,-,?,-,false,-
org.bsc.maven,maven-confluence-plugin-itest,6.0,-,-,?,-,false,-
org.bsc.maven,maven-confluence-plugin-test,6.0,-,-,?,-,false,-
org.bsc.maven,maven-confluence-test,6.0,-,-,?,-,false,-
org.glittum,jaorm,0.1-3ec7adff,jaormfw,-,explicit,java.base + java.naming + java.sql,false,-
