groupId,artifactId,version,moduleName,moduleVersion,moduleMode,moduleDependencies,jdepsToolError,jdepsViolations
com.github.phisgr,gatling-grpc_2.12,0.2.0,-,-,?,-,false,-
com.google.cloud.tools,appengine-plugins-core,0.7.2,-,-,?,-,false,-
com.reprezen.genflow,genflow-api,1.1.0,-,-,?,-,false,-
com.reprezen.genflow,genflow-common,1.1.0,-,-,?,-,false,-
com.reprezen.genflow,genflow-tools,1.1.0,-,-,?,-,false,-
com.reprezen.genflow,openapi3-doc,1.1.0,-,-,?,-,false,-
com.reprezen.genflow,openapi-diagram,1.1.0,-,-,?,-,false,-
com.reprezen.genflow,openapi-generator,1.1.0,-,-,?,-,false,-
com.reprezen.genflow,openapi-normalizer,1.1.0,-,-,?,-,false,-
com.reprezen.genflow,rapidml-csharp,1.1.0,-,-,?,-,false,-
com.reprezen.genflow,rapidml-diagram,1.1.0,-,-,?,-,false,-
com.reprezen.genflow,rapidml-doc,1.1.0,-,-,?,-,false,-
com.reprezen.genflow,rapidml-jaxrs,1.1.0,-,-,?,-,false,-
com.reprezen.genflow,rapidml-jsonschema,1.1.0,-,-,?,-,false,-
com.reprezen.genflow,rapidml-nodejs,1.1.0,-,-,?,-,false,-
com.reprezen.genflow,rapidml-swagger,1.1.0,-,-,?,-,false,-
com.reprezen.genflow,rapidml-wadl,1.1.0,-,-,?,-,false,-
com.reprezen.genflow,rapidml-xsd,1.1.0,-,-,?,-,false,-
com.reprezen.genflow,swagger-codegen,1.1.0,-,-,?,-,false,-
com.reprezen.genflow,swagger-doc,1.1.0,-,-,?,-,false,-
com.reprezen.genflow,swagger-nswag,1.1.0,-,-,?,-,false,-
com.reprezen.genflow,swagger-ui,1.1.0,-,-,?,-,false,-
com.reprezen.rapidml,com.reprezen.rapidml,0.0.8,com.reprezen.rapidml,-,automatic,-,false,-
com.reprezen.rapidml,com.reprezen.rapidml.model,0.0.8,com.reprezen.rapidml.model,-,automatic,-,false,-
com.reprezen.rapidml,com.reprezen.rapidml.realization,0.0.8,-,-,?,-,false,-
de.ruedigermoeller,kontraktor,4.27,-,-,?,-,false,sun.misc.Unsafe                          See http://openjdk.java.net/jeps/260
de.ruedigermoeller,kontraktor-bare,4.27,-,-,?,-,false,-
de.ruedigermoeller,kontraktor-http,4.27,-,-,?,-,false,-
de.ruedigermoeller,kontraktor-web,4.27,-,-,?,-,false,-
de.ruedigermoeller,reallive,4.27,-,-,?,-,false,-
de.ruedigermoeller,service-support,4.27,-,-,?,-,false,-
io.antmedia.api.periscope,PeriscopeAPI,1.3.0,-,-,?,-,false,-
io.github.moacchain,abi,0.1.0,-,-,?,-,false,-
io.github.moacchain,codegen,0.1.0,-,-,?,-,false,-
io.github.moacchain,console,0.1.0,-,-,?,-,false,-
io.github.moacchain,core,0.1.0,-,-,?,-,false,-
io.github.moacchain,crypto,0.1.0,-,-,?,-,false,-
io.github.moacchain,moac,0.1.0,-,-,?,-,false,-
io.github.moacchain,rlp,0.1.0,-,-,?,-,false,-
io.github.moacchain,tuples,0.1.0,-,-,?,-,false,-
io.github.moacchain,utils,0.1.0,-,-,?,-,false,-
net.nemerosa.ontrack,ontrack-acceptance,3.37.3,-,-,?,-,false,-
net.nemerosa.ontrack,ontrack-client,3.37.3,-,-,?,-,false,-
net.nemerosa.ontrack,ontrack-common,3.37.3,-,-,?,-,false,-
net.nemerosa.ontrack,ontrack-database,3.37.3,-,-,?,-,false,-
net.nemerosa.ontrack,ontrack-docs,3.37.3,-,-,?,-,false,-
net.nemerosa.ontrack,ontrack-dsl,3.37.3,-,-,?,-,false,-
net.nemerosa.ontrack,ontrack-dsl-shell,3.37.3,-,-,?,-,false,-
net.nemerosa.ontrack,ontrack-extension-api,3.37.3,-,-,?,-,false,-
net.nemerosa.ontrack,ontrack-extension-artifactory,3.37.3,-,-,?,-,false,-
net.nemerosa.ontrack,ontrack-extension-combined,3.37.3,-,-,?,-,false,-
net.nemerosa.ontrack,ontrack-extension-general,3.37.3,-,-,?,-,false,-
net.nemerosa.ontrack,ontrack-extension-git,3.37.3,-,-,?,-,false,-
net.nemerosa.ontrack,ontrack-extension-github,3.37.3,-,-,?,-,false,-
net.nemerosa.ontrack,ontrack-extension-gitlab,3.37.3,-,-,?,-,false,-
net.nemerosa.ontrack,ontrack-extension-influxdb,3.37.3,-,-,?,-,false,-
net.nemerosa.ontrack,ontrack-extension-issues,3.37.3,-,-,?,-,false,-
net.nemerosa.ontrack,ontrack-extension-jenkins,3.37.3,-,-,?,-,false,-
net.nemerosa.ontrack,ontrack-extension-jira,3.37.3,-,-,?,-,false,-
net.nemerosa.ontrack,ontrack-extension-ldap,3.37.3,-,-,?,-,false,-
net.nemerosa.ontrack,ontrack-extension-plugin,3.37.3,-,-,?,-,false,-
net.nemerosa.ontrack,ontrack-extension-scm,3.37.3,-,-,?,-,false,-
net.nemerosa.ontrack,ontrack-extension-stale,3.37.3,-,-,?,-,false,-
net.nemerosa.ontrack,ontrack-extension-stash,3.37.3,-,-,?,-,false,-
net.nemerosa.ontrack,ontrack-extension-support,3.37.3,-,-,?,-,false,-
net.nemerosa.ontrack,ontrack-extension-svn,3.37.3,-,-,?,-,false,-
net.nemerosa.ontrack,ontrack-extension-vault,3.37.3,-,-,?,-,false,-
net.nemerosa.ontrack,ontrack-git,3.37.3,-,-,?,-,false,-
net.nemerosa.ontrack,ontrack-it-utils,3.37.3,-,-,?,-,false,-
net.nemerosa.ontrack,ontrack-job,3.37.3,-,-,?,-,false,-
net.nemerosa.ontrack,ontrack-json,3.37.3,-,-,?,-,false,-
net.nemerosa.ontrack,ontrack-model,3.37.3,-,-,?,-,false,-
net.nemerosa.ontrack,ontrack-postgresql-migration,3.37.3,-,-,?,-,false,-
net.nemerosa.ontrack,ontrack-repository,3.37.3,-,-,?,-,false,-
net.nemerosa.ontrack,ontrack-repository-impl,3.37.3,-,-,?,-,false,-
net.nemerosa.ontrack,ontrack-repository-support,3.37.3,-,-,?,-,false,-
net.nemerosa.ontrack,ontrack-service,3.37.3,-,-,?,-,false,-
net.nemerosa.ontrack,ontrack-test-utils,3.37.3,-,-,?,-,false,-
net.nemerosa.ontrack,ontrack-tx,3.37.3,-,-,?,-,false,-
net.nemerosa.ontrack,ontrack-ui,3.37.3,-,-,?,-,false,-
net.nemerosa.ontrack,ontrack-ui-graphql,3.37.3,-,-,?,-,false,-
net.nemerosa.ontrack,ontrack-ui-support,3.37.3,-,-,?,-,false,-
org.clojure,tools.deps.alpha,0.6.474,-,-,?,-,false,-
