groupId,artifactId,version,moduleName,moduleVersion,moduleMode,moduleDependencies,jdepsToolError,jdepsViolations
com.nu-art-software,automation-core,1.0.45,-,-,?,-,false,-
com.nu-art-software,belog,1.0.45,-,-,?,-,false,-
com.nu-art-software,firebase-storage,1.0.45,-,-,?,-,false,-
com.nu-art-software,generic-processor,1.0.45,-,-,?,-,false,-
com.nu-art-software,google-stt,1.0.45,-,-,?,-,false,-
com.nu-art-software,http-module,1.0.45,-,-,?,-,false,-
com.nu-art-software,local-storage,1.0.45,-,-,?,-,false,-
com.nu-art-software,module-manager,1.0.45,-,-,?,-,false,-
com.nu-art-software,nu-art-core,1.0.45,-,-,?,-,false,sun.reflect.generics.reflectiveObjects.GenericArrayTypeImpl Removed. See http://openjdk.java.net/jeps/260
com.nu-art-software,nu-art-io,1.0.45,-,-,?,-,false,-
com.nu-art-software,reflection,1.0.45,-,-,?,-,false,-
com.ovoenergy,fs2-kafka_2.11,0.18.1,-,-,?,-,false,-
com.ovoenergy,fs2-kafka_2.12,0.18.1,-,-,?,-,false,-
io.github.idolofidles,MysqlORM,1.1.2,-,-,?,-,false,-
io.opentracing.contrib,opentracing-jdbc,0.0.10,-,-,?,-,false,-
io.opentracing.contrib,opentracing-kafka-client,0.0.16,-,-,?,-,false,-
io.opentracing.contrib,opentracing-kafka-spring,0.0.16,-,-,?,-,false,-
io.opentracing.contrib,opentracing-kafka-streams,0.0.16,-,-,?,-,false,-
org.codelibs.fess,fess-crawler,2.4.4,-,-,?,-,false,-
org.codelibs.fess,fess-crawler-es,2.4.4,-,-,?,-,false,-
org.codelibs.fess,fess-crawler-lasta,2.4.4,-,-,?,-,false,-
org.codelibs.fess,fess-crawler-webdriver,2.4.4,-,-,?,-,false,-
org.openapitools,openapi-generator-gradle-plugin,4.0.0-beta,-,-,?,-,false,-
