groupId,artifactId,version,moduleName,moduleVersion,moduleMode,moduleDependencies,jdepsToolError,jdepsViolations
cn.luway,pikachu,1.1.6,-,-,?,-,false,-
com.aliyun,aliyun-java-sdk-arms,2.3.0,-,-,?,-,false,-
com.almis.awe,awe-annotation,4.0.3,-,-,?,-,false,-
com.almis.awe,awe-annotations-spring-boot-starter,4.0.3,-,-,?,-,false,-
com.almis.awe,awe-builder,4.0.3,-,-,?,-,false,-
com.almis.awe,awe-builder-spring-boot-starter,4.0.3,-,-,?,-,false,-
com.almis.awe,awe-client-angular,4.0.3,-,-,?,-,false,-
com.almis.awe,awe-controller,4.0.3,-,-,?,-,false,-
com.almis.awe,awe-developer,4.0.3,-,-,?,-,false,-
com.almis.awe,awe-developer-spring-boot-starter,4.0.3,-,-,?,-,false,-
com.almis.awe,awe-generic-screens,4.0.3,-,-,?,-,false,-
com.almis.awe,awe-model,4.0.3,-,-,?,-,false,-
com.almis.awe,awe-rest,4.0.3,-,-,?,-,false,-
com.almis.awe,awe-rest-spring-boot-starter,4.0.3,-,-,?,-,false,-
com.almis.awe,awe-spring-boot-starter,4.0.3,-,-,?,-,false,-
com.almis.awe,awe-tools,4.0.3,-,-,?,-,false,-
com.almis.awe,awe-tools-spring-boot-starter,4.0.3,-,-,?,-,false,-
com.dolphindb,api-java,1.0.0,-,-,?,-,false,-
com.epsagon,epsagon,1.2.5,-,-,?,-,false,-
com.github.Alex-2713-GitHub,alex-cloud-framework-core,1.0.2,-,-,?,-,false,-
com.github.Alex-2713-GitHub,alex-cloud-framework-criteria,1.0.2,-,-,?,-,false,-
com.github.Alex-2713-GitHub,alex-cloud-framework-date,1.0.2,-,-,?,-,false,-
com.github.Alex-2713-GitHub,alex-cloud-framework-excel,1.0.2,-,-,?,-,false,-
com.github.Alex-2713-GitHub,alex-cloud-framework-mail,1.0.2,-,-,?,-,false,-
com.github.Alex-2713-GitHub,alex-cloud-framework-util,1.0.2,-,-,?,-,false,-
com.github.bjansen,swagger-schema-validator,0.2.0,-,-,?,-,false,-
com.github.vagmcs,scalatikz_2.11,0.3.5,-,-,?,-,false,-
com.github.vagmcs,scalatikz_2.12,0.3.5,-,-,?,-,false,-
com.narbase,kunafa,0.1.5.0.47-alpha,-,-,?,-,false,-
com.yodo1,hades-helper,0.1.0,-,-,?,-,false,-
de.viadee.camunda,camunda-kafka-model,1.0.1,-,-,?,-,false,-
de.viadee.camunda,camunda-kafka-polling-client,1.0.1,-,-,?,-,false,-
fi.metatavu.tulistop.client,tulistop-api-client,0.0.30,-,-,?,-,false,-
io.github.tilumi,azure-eventhubs-spark_2.11,2.3.8,-,-,?,-,false,-
io.tapir-test,tapir-extensions-allure2,1.1.0,-,-,?,-,false,-
io.tapir-test,tapir-extensions-datasource-excel,1.1.0,-,-,?,-,false,-
io.tapir-test,tapir-extensions-execution-gui,1.1.0,-,-,?,-,false,-
io.tapir-test,tapir-extensions-featuregen,1.1.0,-,-,?,-,false,-
io.tapir-test,tapir-extensions-featuregen-test-base,1.1.0,-,-,?,-,false,-
io.tapir-test,tapir-extensions-feature-ide,1.1.0,-,-,?,-,false,-
io.tapir-test,tapir-extensions-junit5,1.1.0,-,-,?,-,false,-
io.tapir-test,tapir-extensions-junit5-execution,1.1.0,-,-,?,-,false,-
io.tapir-test,tapir-extensions-reporting-base,1.1.0,-,-,?,-,false,-
io.tapir-test,tapir-extensions-reporting-excel,1.1.0,-,-,?,-,false,-
no.nav.spsak.tidsserie,spsak-tidsserie,2.0,-,-,?,-,false,-
org.fissore,slf4j-fluent,0.3.0,-,-,?,-,false,-
org.http4k,http4k-server-ktorcio,3.106.0,-,-,?,-,false,-
org.ovirt.otopi,otopi,1.8.0,-,-,?,-,false,-
org.ovirt.ovirt-host-deploy,ovirt-host-deploy,1.8.0,-,-,?,-,false,-
org.springframework,spring-aop,5.1.3.RELEASE,spring.aop,-,automatic,-,false,-
org.springframework,spring-aspects,5.1.3.RELEASE,spring.aspects,-,automatic,-,false,-
org.springframework,spring-beans,5.1.3.RELEASE,spring.beans,-,automatic,-,false,-
org.springframework,spring-context,5.1.3.RELEASE,spring.context,-,automatic,-,false,-
org.springframework,spring-context-support,5.1.3.RELEASE,spring.context.support,-,automatic,-,false,-
org.springframework,spring-core,5.1.3.RELEASE,spring.core,-,automatic,-,false,sun.misc.Unsafe                          See http://openjdk.java.net/jeps/260
org.springframework,spring-expression,5.1.3.RELEASE,spring.expression,-,automatic,-,false,-
org.springframework,spring-instrument,5.1.3.RELEASE,spring.instrument,-,automatic,-,false,-
org.springframework,spring-instrument-tomcat,4.3.22.RELEASE,-,-,?,-,false,-
org.springframework,spring-jdbc,5.1.3.RELEASE,spring.jdbc,-,automatic,-,false,-
org.springframework,spring-jms,5.1.3.RELEASE,spring.jms,-,automatic,-,false,-
org.springframework,spring-messaging,5.1.3.RELEASE,spring.messaging,-,automatic,-,false,-
org.springframework,spring-orm,5.1.3.RELEASE,spring.orm,-,automatic,-,false,-
org.springframework,spring-oxm,5.1.3.RELEASE,spring.oxm,-,automatic,-,false,-
org.springframework,spring-test,5.1.3.RELEASE,spring.test,-,automatic,-,false,-
org.springframework,spring-tx,5.1.3.RELEASE,spring.tx,-,automatic,-,false,-
org.springframework,spring-web,5.1.3.RELEASE,spring.web,-,automatic,-,false,-
org.springframework,spring-webmvc,5.1.3.RELEASE,spring.webmvc,-,automatic,-,false,-
org.springframework,spring-webmvc-portlet,4.3.22.RELEASE,-,-,?,-,false,-
org.springframework,spring-websocket,5.1.3.RELEASE,spring.websocket,-,automatic,-,false,-
org.web3j,quorum,4.0.4,-,-,?,-,false,-
org.wso2.carbon.datasources,carbon-datasources-osgi-tests,1.1.6,-,-,?,-,false,-
org.wso2.carbon.datasources,datasources-osgi-sample,1.1.6,-,-,?,-,false,-
org.wso2.carbon.datasources,datasources-spi-sample,1.1.6,-,-,?,-,false,-
org.wso2.carbon.datasources,org.wso2.carbon.datasource.core,1.1.6,-,-,?,-,false,-
tech.simter,simter-query,1.0.0,-,-,?,-,false,-
