groupId,artifactId,version,moduleName,moduleVersion,moduleMode,moduleDependencies,jdepsToolError,jdepsViolations
ch.exense.step,step-grid-agent,0.9.1,-,-,?,-,false,-
ch.exense.step,step-grid-api,0.9.1,-,-,?,-,false,-
ch.exense.step,step-grid-server,0.9.1,-,-,?,-,false,-
com.aggrepoint.framework,apdao,1.0.1,-,-,?,-,false,-
com.aggrepoint.framework,aputils,1.0.1,-,-,?,-,false,-
com.aggrepoint.framework,winlet,1.0.1,-,-,?,-,false,-
com.github.saphyra,auth-service,1.1.0,-,-,?,-,false,-
com.harium.etyl,ui,0.1.4,-,-,?,-,false,-
com.jsunsoft.http,http-request,1.0.3,-,-,?,-,false,-
com.netflix.nebula,nebula-publishing-plugin,9.4.5,-,-,?,-,false,-
com.vladsch.flexmark,flexmark,0.40.2,-,-,?,-,false,-
com.vladsch.flexmark,flexmark-all,0.40.2,-,-,?,-,false,-
com.vladsch.flexmark,flexmark-docx-converter,0.40.2,-,-,?,-,false,-
com.vladsch.flexmark,flexmark-ext-abbreviation,0.40.2,-,-,?,-,false,-
com.vladsch.flexmark,flexmark-ext-admonition,0.40.2,-,-,?,-,false,-
com.vladsch.flexmark,flexmark-ext-anchorlink,0.40.2,-,-,?,-,false,-
com.vladsch.flexmark,flexmark-ext-aside,0.40.2,-,-,?,-,false,-
com.vladsch.flexmark,flexmark-ext-attributes,0.40.2,-,-,?,-,false,-
com.vladsch.flexmark,flexmark-ext-autolink,0.40.2,-,-,?,-,false,-
com.vladsch.flexmark,flexmark-ext-definition,0.40.2,-,-,?,-,false,-
com.vladsch.flexmark,flexmark-ext-emoji,0.40.2,-,-,?,-,false,-
com.vladsch.flexmark,flexmark-ext-enumerated-reference,0.40.2,-,-,?,-,false,-
com.vladsch.flexmark,flexmark-ext-escaped-character,0.40.2,-,-,?,-,false,-
com.vladsch.flexmark,flexmark-ext-footnotes,0.40.2,-,-,?,-,false,-
com.vladsch.flexmark,flexmark-ext-gfm-issues,0.40.2,-,-,?,-,false,-
com.vladsch.flexmark,flexmark-ext-gfm-strikethrough,0.40.2,-,-,?,-,false,-
com.vladsch.flexmark,flexmark-ext-gfm-tables,0.40.2,-,-,?,-,false,-
com.vladsch.flexmark,flexmark-ext-gfm-tasklist,0.40.2,-,-,?,-,false,-
com.vladsch.flexmark,flexmark-ext-gfm-users,0.40.2,-,-,?,-,false,-
com.vladsch.flexmark,flexmark-ext-gitlab,0.40.2,-,-,?,-,false,-
com.vladsch.flexmark,flexmark-ext-ins,0.40.2,-,-,?,-,false,-
com.vladsch.flexmark,flexmark-ext-jekyll-front-matter,0.40.2,-,-,?,-,false,-
com.vladsch.flexmark,flexmark-ext-jekyll-tag,0.40.2,-,-,?,-,false,-
com.vladsch.flexmark,flexmark-ext-macros,0.40.2,-,-,?,-,false,-
com.vladsch.flexmark,flexmark-ext-media-tags,0.40.2,-,-,?,-,false,-
com.vladsch.flexmark,flexmark-ext-spec-example,0.40.2,-,-,?,-,false,-
com.vladsch.flexmark,flexmark-ext-superscript,0.40.2,-,-,?,-,false,-
com.vladsch.flexmark,flexmark-ext-tables,0.40.2,-,-,?,-,false,-
com.vladsch.flexmark,flexmark-ext-toc,0.40.2,-,-,?,-,false,-
com.vladsch.flexmark,flexmark-ext-typographic,0.40.2,-,-,?,-,false,-
com.vladsch.flexmark,flexmark-ext-wikilink,0.40.2,-,-,?,-,false,-
com.vladsch.flexmark,flexmark-ext-xwiki-macros,0.40.2,-,-,?,-,false,-
com.vladsch.flexmark,flexmark-ext-yaml-front-matter,0.40.2,-,-,?,-,false,-
com.vladsch.flexmark,flexmark-ext-youtube-embedded,0.40.2,-,-,?,-,false,-
com.vladsch.flexmark,flexmark-ext-zzzzzz,0.40.2,-,-,?,-,false,-
com.vladsch.flexmark,flexmark-formatter,0.40.2,-,-,?,-,false,-
com.vladsch.flexmark,flexmark-html-parser,0.40.2,-,-,?,-,false,-
com.vladsch.flexmark,flexmark-integration-test,0.40.2,-,-,?,-,false,-
com.vladsch.flexmark,flexmark-jira-converter,0.40.2,-,-,?,-,false,-
com.vladsch.flexmark,flexmark-osgi,0.40.2,-,-,?,-,false,sun.misc.BASE64Decoder                   Use java.util.Base64 @since 1.8 + sun.misc.BASE64Encoder                   Use java.util.Base64 @since 1.8
com.vladsch.flexmark,flexmark-pdf-converter,0.40.2,-,-,?,-,false,-
com.vladsch.flexmark,flexmark-profile-pegdown,0.40.2,-,-,?,-,false,-
com.vladsch.flexmark,flexmark-test-util,0.40.2,-,-,?,-,false,-
com.vladsch.flexmark,flexmark-util,0.40.2,-,-,?,-,false,sun.misc.BASE64Decoder                   Use java.util.Base64 @since 1.8 + sun.misc.BASE64Encoder                   Use java.util.Base64 @since 1.8
com.vladsch.flexmark,flexmark-youtrack-converter,0.40.2,-,-,?,-,false,-
com.wizarius,wizarius-orm,0.0.5,-,-,?,-,false,-
de.mhus.ports,ports-flummi,1.3.6,-,-,?,-,false,-
de.mhus.ports,ports-groovy,1.3.6,-,-,?,-,false,sun.misc.Unsafe                          See http://openjdk.java.net/jeps/260
de.mhus.ports,ports-javaxmail,1.3.6,-,-,?,-,false,-
de.mhus.ports,ports-javaxt,1.3.6,-,-,?,-,false,-
de.mhus.ports,ports-jrandtest,1.3.6,-,-,?,-,false,-
de.mhus.ports,vaadin-aceeditor,1.3.6,-,-,?,-,false,-
de.mhus.ports,vaadin-borderlayout,1.3.6,-,-,?,-,false,-
de.mhus.ports,vaadin-ckeditor,1.3.6,-,-,?,-,false,-
de.mhus.ports,vaadin-contextmenu,1.3.6,-,-,?,-,false,-
de.mhus.ports,vaadin-easyuploads,1.3.6,-,-,?,-,false,-
de.mhus.ports,vaadin-flatselect,1.3.6,-,-,?,-,false,-
de.mhus.ports,vaadin-jfreechart,1.3.6,-,-,?,-,false,-
de.mhus.ports,vaadin-portallayout,1.3.6,-,-,?,-,false,-
de.mhus.ports,vaadin-refresher,1.3.6,-,-,?,-,false,-
de.mhus.ports,vaadin-shared-deps,1.3.6,-,-,?,-,false,sun.misc.Unsafe                          See http://openjdk.java.net/jeps/260
de.mhus.ports,vaadin-sliderpanel,1.3.6,-,-,?,-,false,-
de.mhus.ports,vaadin-viritin,1.3.6,-,-,?,-,false,-
graphics.scenery,scenery,0.7.0-beta-1,-,-,automatic,-,false,sun.misc.Unsafe                          See http://openjdk.java.net/jeps/260
net.objectlab.kit,datecalc-common,1.4.2,net.objectlab.kit.datecalc.common,-,automatic,-,false,-
net.objectlab.kit,datecalc-jdk,1.4.2,net.objectlab.kit.datecalc.jdk,-,automatic,-,false,-
net.objectlab.kit,datecalc-jdk8,1.4.2,net.objectlab.kit.datecalc.jdk8,-,automatic,-,false,-
net.objectlab.kit,datecalc-joda,1.4.2,net.objectlab.kit.datecalc.joda,-,automatic,-,false,-
net.objectlab.kit,objectlab-fxcalc,1.4.2,net.objectlab.kit,-,automatic,-,false,-
net.objectlab.kit,objectlab-portfolio,1.4.2,net.objectlab.kit,-,automatic,-,false,-
net.objectlab.kit,objectlab-utils,1.4.2,net.objectlab.kit,-,automatic,-,false,-
net.objectlab.kit,objectlab-utils-excel,1.4.2,net.objectlab.kit,-,automatic,-,false,-
net.objectlab.kit,objectlab-utils-report,1.4.2,net.objectlab.kit,-,automatic,-,false,-
org.clustering4ever,clusteringscala_2.11,0.8.0,-,-,?,-,false,-
org.clustering4ever,core_2.11,0.8.0,-,-,?,-,false,-
org.dstadler,commons-htmlunit,1.0.0.5,-,-,?,-,false,-
org.mini2Dx,miniscript-core,1.1.1,-,-,?,-,false,-
org.mini2Dx,miniscript-gradle-plugin,1.1.1,-,-,?,-,false,-
org.mini2Dx,miniscript-groovy,1.1.1,-,-,?,-,false,-
org.mini2Dx,miniscript-kotlin,1.1.1,-,-,?,-,false,-
org.mini2Dx,miniscript-lua,1.1.1,-,-,?,-,false,-
org.mini2Dx,miniscript-python,1.1.1,-,-,?,-,false,-
org.mini2Dx,miniscript-ruby,1.1.1,-,-,?,-,false,-
org.recast4j,detour,1.0.8,-,-,?,-,false,-
org.recast4j,detour-crowd,1.0.8,-,-,?,-,false,-
org.recast4j,detour-extras,1.0.8,-,-,?,-,false,-
org.recast4j,detour-tile-cache,1.0.8,-,-,?,-,false,-
org.recast4j,recast,1.0.8,-,-,?,-,false,-
uk.com.robust-it,cloning,1.9.11,-,-,?,-,false,-
