groupId,artifactId,version,moduleName,moduleVersion,moduleMode,moduleDependencies,jdepsToolError,jdepsViolations
com.formulasearchengine.mathmltools,mathml-converters,2.0.2,-,-,?,-,false,-
com.formulasearchengine.mathmltools,mathml-core,2.0.2,-,-,?,-,false,-
com.formulasearchengine.mathmltools,mathml-gold,2.0.2,-,-,?,-,false,-
com.formulasearchengine.mathmltools,mathml-libs,2.0.2,-,-,?,-,false,-
com.formulasearchengine.mathmltools,mathml-similarity,2.0.2,-,-,?,-,false,-
com.formulasearchengine.mathmltools,mathml-utils,2.0.2,-,-,?,-,false,-
com.formulasearchengine.mathmltools,xamples,2.0.2,-,-,?,-,false,-
com.github.collinalpert,java2db,4.0.1,org.objectweb.asm,7.0.0,explicit,java.base,false,-
com.github.nfalco79,junit4osgi-bundle,1.2.12,-,-,?,-,false,-
com.github.nfalco79,junit4osgi-gui,1.2.12,-,-,?,-,false,-
com.github.nfalco79,junit4osgi-registry,1.2.12,-,-,?,-,false,-
com.github.nfalco79,junit4osgi-runner,1.2.12,-,-,?,-,false,-
com.github.tornaia,aott-desktop-client-bootstrap,1.0.339,-,-,?,-,false,-
com.github.tornaia,aott-desktop-client-core,1.0.339,-,-,?,-,false,-
com.jfinal,jetty-server,2019.1,-,-,?,-,false,-
com.uniformlyrandom,nozzler_2.12,0.4.5,-,-,?,-,false,-
com.uniformlyrandom,nozzler_sjs0.6_2.12,0.4.5,-,-,?,-,false,-
de.sciss,fingertree_2.11,1.5.4,-,-,?,-,false,-
de.sciss,fingertree_2.12,1.5.4,-,-,?,-,false,-
de.sciss,fingertree_2.13.0-M5,1.5.4,-,-,?,-,false,-
