groupId,artifactId,version,moduleName,moduleVersion,moduleMode,moduleDependencies,jdepsToolError,jdepsViolations
com.automattic,elasticsearch-statsd,6.5.0.0,-,-,?,-,false,-
com.codacy,codacy-analysis-core_2.12,0.1.0-alpha3.4329,-,-,?,-,false,-
com.cognifide.qa.bb,bb-aem-64,2.0.2,-,-,?,-,false,-
com.cognifide.qa.bb,bb-aem-core,2.0.2,-,-,?,-,false,-
com.cognifide.qa.bb,bb-core,2.0.2,-,-,?,-,false,-
com.cognifide.qa.bb,bb-cumber,2.0.2,-,-,?,-,false,-
com.cognifide.qa.bb,bb-email,2.0.2,-,-,?,-,false,-
com.cognifide.qa.bb,bb-integration-tests,2.0.2,-,-,?,-,false,-
com.cognifide.qa.bb,bb-junit5,2.0.2,-,-,?,-,false,-
com.cognifide.qa.bb,bb-traffic,2.0.2,-,-,?,-,false,-
com.crobox,reactive-consul_2.12,0.5.1,-,-,?,-,false,-
com.crobox,reactive-consul-dns_2.12,0.5.1,-,-,?,-,false,-
com.github.saphyra,cache,1.0.2,-,-,?,-,false,-
com.github.saphyra,exception-handling,1.0.0,-,-,?,-,false,-
com.github.saphyra,util,1.2.0,-,-,?,-,false,-
com.gu,pan-domain-auth-core_2.11,0.7.2,-,-,?,-,false,-
com.gu,pan-domain-auth-core_2.12,0.7.2,-,-,?,-,false,-
com.gu,pan-domain-auth-play_2-6_2.11,0.7.2,-,-,?,-,false,-
com.gu,pan-domain-auth-play_2-6_2.12,0.7.2,-,-,?,-,false,-
com.gu,pan-domain-auth-verification_2.11,0.7.2,-,-,?,-,false,-
com.gu,pan-domain-auth-verification_2.12,0.7.2,-,-,?,-,false,-
com.monkat,spring-livecheck,0.0.7,-,-,?,-,false,-
com.ullink.gradle,gradle-nuget-plugin,2.18,-,-,?,-,false,-
net.nemerosa.ontrack,ontrack-acceptance,3.37.1,-,-,?,-,false,-
net.nemerosa.ontrack,ontrack-client,3.37.1,-,-,?,-,false,-
net.nemerosa.ontrack,ontrack-common,3.37.1,-,-,?,-,false,-
net.nemerosa.ontrack,ontrack-database,3.37.1,-,-,?,-,false,-
net.nemerosa.ontrack,ontrack-docs,3.37.1,-,-,?,-,false,-
net.nemerosa.ontrack,ontrack-dsl,3.37.1,-,-,?,-,false,-
net.nemerosa.ontrack,ontrack-dsl-shell,3.37.1,-,-,?,-,false,-
net.nemerosa.ontrack,ontrack-extension-api,3.37.1,-,-,?,-,false,-
net.nemerosa.ontrack,ontrack-extension-artifactory,3.37.1,-,-,?,-,false,-
net.nemerosa.ontrack,ontrack-extension-combined,3.37.1,-,-,?,-,false,-
net.nemerosa.ontrack,ontrack-extension-general,3.37.1,-,-,?,-,false,-
net.nemerosa.ontrack,ontrack-extension-git,3.37.1,-,-,?,-,false,-
net.nemerosa.ontrack,ontrack-extension-github,3.37.1,-,-,?,-,false,-
net.nemerosa.ontrack,ontrack-extension-gitlab,3.37.1,-,-,?,-,false,-
net.nemerosa.ontrack,ontrack-extension-influxdb,3.37.1,-,-,?,-,false,-
net.nemerosa.ontrack,ontrack-extension-issues,3.37.1,-,-,?,-,false,-
net.nemerosa.ontrack,ontrack-extension-jenkins,3.37.1,-,-,?,-,false,-
net.nemerosa.ontrack,ontrack-extension-jira,3.37.1,-,-,?,-,false,-
net.nemerosa.ontrack,ontrack-extension-ldap,3.37.1,-,-,?,-,false,-
net.nemerosa.ontrack,ontrack-extension-plugin,3.37.1,-,-,?,-,false,-
net.nemerosa.ontrack,ontrack-extension-scm,3.37.1,-,-,?,-,false,-
net.nemerosa.ontrack,ontrack-extension-stale,3.37.1,-,-,?,-,false,-
net.nemerosa.ontrack,ontrack-extension-stash,3.37.1,-,-,?,-,false,-
net.nemerosa.ontrack,ontrack-extension-support,3.37.1,-,-,?,-,false,-
net.nemerosa.ontrack,ontrack-extension-svn,3.37.1,-,-,?,-,false,-
net.nemerosa.ontrack,ontrack-extension-vault,3.37.1,-,-,?,-,false,-
net.nemerosa.ontrack,ontrack-git,3.37.1,-,-,?,-,false,-
net.nemerosa.ontrack,ontrack-it-utils,3.37.1,-,-,?,-,false,-
net.nemerosa.ontrack,ontrack-job,3.37.1,-,-,?,-,false,-
net.nemerosa.ontrack,ontrack-json,3.37.1,-,-,?,-,false,-
net.nemerosa.ontrack,ontrack-model,3.37.1,-,-,?,-,false,-
net.nemerosa.ontrack,ontrack-postgresql-migration,3.37.1,-,-,?,-,false,-
net.nemerosa.ontrack,ontrack-repository,3.37.1,-,-,?,-,false,-
net.nemerosa.ontrack,ontrack-repository-impl,3.37.1,-,-,?,-,false,-
net.nemerosa.ontrack,ontrack-repository-support,3.37.1,-,-,?,-,false,-
net.nemerosa.ontrack,ontrack-service,3.37.1,-,-,?,-,false,-
net.nemerosa.ontrack,ontrack-test-utils,3.37.1,-,-,?,-,false,-
net.nemerosa.ontrack,ontrack-tx,3.37.1,-,-,?,-,false,-
net.nemerosa.ontrack,ontrack-ui,3.37.1,-,-,?,-,false,-
net.nemerosa.ontrack,ontrack-ui-graphql,3.37.1,-,-,?,-,false,-
net.nemerosa.ontrack,ontrack-ui-support,3.37.1,-,-,?,-,false,-
net.ymate.module,ymate-module-oauth,1.0.0,-,-,?,-,false,-
net.ymate.module,ymate-module-oauth-client,1.0.0,-,-,?,-,false,-
net.ymate.module,ymate-module-oauth-impl,1.0.0,-,-,?,-,false,-
net.ymate.module,ymate-module-oauth-model,1.0.0,-,-,?,-,false,-
net.ymate.starter,ymate-starter-framework,1.0.1,-,-,?,-,false,-
net.ymate.starter,ymate-starter-jdbc,1.0.1,-,-,?,-,false,-
net.ymate.starter,ymate-starter-log,1.0.1,-,-,?,-,false,-
net.ymate.starter,ymate-starter-webapp,1.0.1,-,-,?,-,false,-
org.datanucleus,datanucleus-api-jdo,5.2.0-m3,org.datanucleus.api.jdo,-,automatic,-,false,-
org.datanucleus,datanucleus-core,5.2.0-m3,org.datanucleus,-,automatic,-,false,-
org.datanucleus,datanucleus-mongodb,5.2.0-m2,-,-,?,-,false,-
org.datanucleus,datanucleus-rdbms,5.2.0-m3,org.datanucleus.store.rdbms,-,automatic,-,false,-
org.testcontainers,cassandra,1.10.5,-,-,?,-,false,-
org.testcontainers,clickhouse,1.10.5,-,-,?,-,false,-
org.testcontainers,couchbase,1.10.5,-,-,?,-,false,-
org.testcontainers,database-commons,1.10.5,-,-,?,-,false,-
org.testcontainers,dynalite,1.10.5,-,-,?,-,false,-
org.testcontainers,elasticsearch,1.10.5,-,-,?,-,false,-
org.testcontainers,influxdb,1.10.5,-,-,?,-,false,-
org.testcontainers,jdbc,1.10.5,-,-,?,-,false,-
org.testcontainers,jdbc-test,1.10.5,-,-,?,-,false,-
org.testcontainers,junit-jupiter,1.10.5,-,-,?,-,false,-
org.testcontainers,kafka,1.10.5,-,-,?,-,false,-
org.testcontainers,localstack,1.10.5,-,-,?,-,false,-
org.testcontainers,mariadb,1.10.5,-,-,?,-,false,-
org.testcontainers,mockserver,1.10.5,-,-,?,-,false,-
org.testcontainers,mssqlserver,1.10.5,-,-,?,-,false,-
org.testcontainers,mysql,1.10.5,-,-,?,-,false,-
org.testcontainers,neo4j,1.10.5,-,-,?,-,false,-
org.testcontainers,nginx,1.10.5,-,-,?,-,false,-
org.testcontainers,oracle-xe,1.10.5,-,-,?,-,false,-
org.testcontainers,postgresql,1.10.5,-,-,?,-,false,-
org.testcontainers,pulsar,1.10.5,-,-,?,-,false,-
org.testcontainers,selenium,1.10.5,-,-,?,-,false,-
org.testcontainers,spock,1.10.5,-,-,?,-,false,-
org.testcontainers,testcontainers,1.10.5,-,-,?,-,false,sun.misc.Contended                       Removed. See http://openjdk.java.net/jeps/260 + sun.misc.Unsafe                          See http://openjdk.java.net/jeps/260 + sun.security.x509.X500Name               Use javax.security.auth.x500.X500Principal @since 1.4
org.testcontainers,vault,1.10.5,-,-,?,-,false,-
