groupId,artifactId,version,moduleName,moduleVersion,moduleMode,moduleDependencies,jdepsToolError,jdepsViolations
com.digitalpebble.stormcrawler,storm-crawler-archetype,1.13,-,-,?,-,false,-
com.digitalpebble.stormcrawler,storm-crawler-aws,1.13,-,-,?,-,false,-
com.digitalpebble.stormcrawler,storm-crawler-core,1.13,-,-,?,-,false,-
com.digitalpebble.stormcrawler,storm-crawler-elasticsearch,1.13,-,-,?,-,false,-
com.digitalpebble.stormcrawler,storm-crawler-langid,1.13,-,-,?,-,false,-
com.digitalpebble.stormcrawler,storm-crawler-solr,1.13,-,-,?,-,false,-
com.digitalpebble.stormcrawler,storm-crawler-sql,1.13,-,-,?,-,false,-
com.digitalpebble.stormcrawler,storm-crawler-tika,1.13,-,-,?,-,false,-
com.digitalpebble.stormcrawler,storm-crawler-warc,1.13,-,-,?,-,false,-
com.fundebug,fundebug-java,0.2.0,-,-,?,-,false,-
com.fundebug,fundebug-spring,0.2.0,-,-,?,-,false,-
net.wicp.tams,tams-component,1.2.3,-,-,?,-,false,-
org.rapidpm,rapidpm-junit5-ext-servlet-container-api,01.00.02-RPM,-,-,?,-,false,-
org.rapidpm,rapidpm-junit5-ext-servlet-container-impl-meecrowave,01.00.02-RPM,-,-,?,-,false,-
org.rapidpm,rapidpm-junit5-ext-servlet-container-impl-none,01.00.02-RPM,-,-,?,-,false,-
org.rapidpm,rapidpm-junit5-ext-servlet-container-impl-spring-boot-v1,01.00.02-RPM,-,-,?,-,false,-
org.rapidpm,rapidpm-junit5-ext-servlet-container-impl-spring-boot-v2,01.00.02-RPM,-,-,?,-,false,-
org.seasar.doma,doma-gen,2.21.0,-,-,?,-,false,-
