groupId,artifactId,version,moduleName,moduleVersion,moduleMode,moduleDependencies,jdepsToolError,jdepsViolations
be.yildiz-games,common-logging,2.1.0,be.yildizgames.common.logging,-,explicit,be.yildizgames.common.exception + be.yildizgames.common.util + java.base + logback.classic + logback.core + slf4j.api + splunk.library.javalogging,false,-
com.gabrielittner.ktlint,ktlint-rules,0.2.0,-,-,?,-,false,-
com.github.gekomad,itto-csv_2.11,0.0.3,-,-,?,-,false,-
com.github.gekomad,itto-csv_2.12,0.0.3,-,-,?,-,false,-
com.github.gekomad,scala-regex-collection_2.10,0.0.1,-,-,?,-,false,-
com.github.gekomad,scala-regex-collection_2.11,0.0.1,-,-,?,-,false,-
com.github.gekomad,scala-regex-collection_2.12,0.0.1,-,-,?,-,false,-
com.hubspot.jinjava,jinjava,2.4.14,-,-,?,-,false,-
com.iheart,thomas-analysis_2.12,0.15,-,-,?,-,false,-
com.iheart,thomas-client_2.12,0.15,-,-,?,-,false,-
com.iheart,thomas-core_2.12,0.15,-,-,?,-,false,-
com.iheart,thomas-mongo_2.12,0.15,-,-,?,-,false,-
com.iheart,thomas-play-lib_2.12,0.15,-,-,?,-,false,-
com.liferay,com.liferay.gradle.plugins,3.12.49,-,-,?,-,false,-
com.liferay,com.liferay.gradle.plugins.defaults,5.5.98,-,-,?,-,false,-
com.liferay,com.liferay.gradle.plugins.service.builder,1.0.51,-,-,?,-,false,-
com.liferay,com.liferay.portal.tools.service.builder,1.0.192,-,-,?,-,false,-
com.panemu,tiwulfx,3.0,-,-,?,-,false,-
com.tairanchina.csp.dew,auth,1.5.0-RC,-,-,?,-,false,-
com.tairanchina.csp.dew,auth-sdk-starter,1.5.0-RC,-,-,?,-,false,-
com.tairanchina.csp.dew,boot-starter,1.5.0-RC,-,-,?,-,false,-
com.tairanchina.csp.dew,cloud-starter,1.5.0-RC,-,-,?,-,false,-
com.tairanchina.csp.dew,cluster-common,1.5.0-RC,-,-,?,-,false,sun.reflect.generics.reflectiveObjects.NotImplementedException Removed. See http://openjdk.java.net/jeps/260
com.tairanchina.csp.dew,cluster-spi-eureka,1.5.0-RC,-,-,?,-,false,sun.reflect.generics.reflectiveObjects.NotImplementedException Removed. See http://openjdk.java.net/jeps/260
com.tairanchina.csp.dew,cluster-spi-hazelcast,1.5.0-RC,-,-,?,-,false,-
com.tairanchina.csp.dew,cluster-spi-rabbit,1.5.0-RC,-,-,?,-,false,-
com.tairanchina.csp.dew,cluster-spi-redis,1.5.0-RC,-,-,?,-,false,-
com.tairanchina.csp.dew,config,1.5.0-RC,-,-,?,-,false,-
com.tairanchina.csp.dew,gateway,1.5.0-RC,-,-,?,-,false,-
com.tairanchina.csp.dew,idempotent-starter,1.5.0-RC,-,-,?,-,false,sun.reflect.generics.reflectiveObjects.NotImplementedException Removed. See http://openjdk.java.net/jeps/260
com.tairanchina.csp.dew,jdbc-starter,1.5.0-RC,-,-,?,-,false,-
com.tairanchina.csp.dew,monitor,1.5.0-RC,-,-,?,-,false,-
com.tairanchina.csp.dew,registry,1.5.0-RC,-,-,?,-,false,-
com.tairanchina.csp.dew,test-starter,1.5.0-RC,-,-,?,-,false,-
edu.cornell.weill.reciter,reciter-identity-model,2.0.1,-,-,?,-,false,-
edu.cornell.weill.reciter,reciter-pubmed-model,2.0.1,-,-,?,-,false,-
edu.cornell.weill.reciter,reciter-scopus-model,2.0.1,-,-,?,-,false,-
org.glittum,jaorm,0.1-3ec7adff,jaormfw,-,explicit,java.base + java.naming + java.sql,false,-
