groupId,artifactId,version,moduleName,moduleVersion,moduleMode,moduleDependencies,jdepsToolError,jdepsViolations
com.github.fartherp,framework-common,3.0.1,-,-,?,-,false,-
com.github.fartherp,framework-compress,3.0.1,-,-,?,-,false,-
com.github.fartherp,framework-core,3.0.1,-,-,?,-,false,-
com.github.fartherp,framework-database,3.0.1,-,-,?,-,false,-
com.github.fartherp,framework-exception,3.0.1,-,-,?,-,false,-
com.github.fartherp,framework-file,3.0.1,-,-,?,-,false,-
com.github.fartherp,framework-filter,3.0.1,-,-,?,-,false,-
com.github.fartherp,framework-net,3.0.1,-,-,?,-,false,-
com.github.fartherp,framework-poi,3.0.1,-,-,?,-,false,-
com.github.fartherp,framework-remoting,3.0.1,-,-,?,-,false,-
com.github.fartherp,framework-security,3.0.1,-,-,?,-,false,-
com.github.fartherp,framework-tree,3.0.1,-,-,?,-,false,-
com.github.fartherp,javacode,2.0.3,-,-,?,-,false,-
com.github.fartherp,javaxml,2.0.2,-,-,?,-,false,-
com.jakewharton,butterknife-annotations,10.0.0,-,-,?,-,false,-
com.jakewharton,butterknife-compiler,10.0.0,-,-,?,-,false,com.sun.tools.javac.code.Symbol          Use javax.tools and javax.lang.model @since 1.6 + com.sun.tools.javac.code.Symbol$ClassSymbol Use javax.tools and javax.lang.model @since 1.6 + com.sun.tools.javac.code.Symbol$PackageSymbol Use javax.tools and javax.lang.model @since 1.6 + com.sun.tools.javac.code.Symbol$VarSymbol Use javax.tools and javax.lang.model @since 1.6 + com.sun.tools.javac.tree.JCTree          Use com.sun.source @since 1.6 + com.sun.tools.javac.tree.JCTree$JCFieldAccess Use com.sun.source @since 1.6 + com.sun.tools.javac.tree.JCTree$JCLiteral Use com.sun.source @since 1.6 + com.sun.tools.javac.tree.JCTree$Visitor  Use com.sun.source @since 1.6 + com.sun.tools.javac.tree.TreeScanner     Use com.sun.source @since 1.6 + com.sun.tools.javac.util.Name            Use javax.tools and javax.lang.model @since 1.6
com.jakewharton,butterknife-gradle-plugin,10.0.0,-,-,?,-,false,-
com.kyleu,projectile_2.12,0.9.0,-,-,?,-,false,-
com.kyleu,projectile-export_2.12,0.9.0,-,-,?,-,false,-
com.kyleu,projectile-lib-auth_2.12,0.9.0,-,-,?,-,false,-
com.kyleu,projectile-lib-doobie_2.12,0.9.0,-,-,?,-,false,-
com.kyleu,projectile-lib-graphql_2.12,0.9.0,-,-,?,-,false,-
com.kyleu,projectile-lib-jdbc_2.12,0.9.0,-,-,?,-,false,-
com.kyleu,projectile-lib-play_2.12,0.9.0,-,-,?,-,false,-
com.kyleu,projectile-lib-scala_2.12,0.9.0,-,-,?,-,false,-
com.kyleu,projectile-lib-scalajs_sjs0.6_2.12,0.9.0,-,-,?,-,false,-
com.kyleu,projectile-lib-service_2.12,0.9.0,-,-,?,-,false,-
com.kyleu,projectile-lib-slick_2.12,0.9.0,-,-,?,-,false,-
com.kyleu,projectile-lib-thrift_2.12,0.9.0,-,-,?,-,false,-
com.kyleu,projectile-lib-tracing_2.12,0.9.0,-,-,?,-,false,-
com.lucidworks.spark,spark-solr,3.6.0,-,-,?,-,false,-
com.manorrock.herring,herring,1.4.0,-,-,?,-,false,-
com.netflix.nebula,nebula-publishing-plugin,9.4.4,-,-,?,-,false,-
de.gurkenlabs,litiengine,0.4.15,java.xml.bind,-,explicit,java.activation + java.base + java.desktop + java.logging + java.xml,false,-
io.atomix,atomix,3.1.2,-,-,?,-,false,-
io.atomix,atomix-agent,3.1.2,-,-,?,-,false,-
io.atomix,atomix-cluster,3.1.2,-,-,?,-,false,-
io.atomix,atomix-dist,3.1.2,-,-,?,-,false,-
io.atomix,atomix-gossip,3.1.2,-,-,?,-,false,-
io.atomix,atomix-log,3.1.2,-,-,?,-,false,-
io.atomix,atomix-primary-backup,3.1.2,-,-,?,-,false,-
io.atomix,atomix-primitive,3.1.2,-,-,?,-,false,-
io.atomix,atomix-raft,3.1.2,-,-,?,-,false,-
io.atomix,atomix-rest,3.1.2,-,-,?,-,false,-
io.atomix,atomix-storage,3.1.2,-,-,?,-,false,-
io.atomix,atomix-tests,3.1.2,-,-,?,-,false,-
io.atomix,atomix-utils,3.1.2,-,-,?,-,false,-
it.vige,school-ejb,1.2.1,-,-,?,-,false,-
it.vige,school-keycloak-theme,1.2.1,-,-,?,-,false,-
