groupId,artifactId,version,moduleName,moduleVersion,moduleMode,moduleDependencies,jdepsToolError,jdepsViolations
com.ckjava,xutils,1.0.3,-,-,?,-,false,-
com.github.blutorange,closure-compiler-maven-plugin,2.1.0,-,-,?,-,false,-
com.github.javaparser,javaparser-core,3.9.1,com.github.javaparser.core,-,automatic,-,false,-
com.github.javaparser,javaparser-core-generators,3.9.1,-,-,?,-,false,-
com.github.javaparser,javaparser-core-serialization,3.9.1,com.github.javaparser.core.serialization,-,automatic,-,false,-
com.github.javaparser,javaparser-symbol-solver-core,3.9.1,com.github.javaparser.symbolsolver.core,-,automatic,-,false,-
com.github.javaparser,javaparser-symbol-solver-logic,3.9.1,com.github.javaparser.symbolsolver.logic,-,automatic,-,false,-
com.github.javaparser,javaparser-symbol-solver-model,3.9.1,com.github.javaparser.symbolsolver.model,-,automatic,-,false,-
com.github.vebqa,vebtal-selenium,0.9.9,-,-,?,-,false,-
com.stalary,easydoc-maven-plugin,0.1.0,-,-,?,-,false,-
com.wix,http-testkit_2.11,0.1.20,-,-,?,-,false,-
com.wix,http-testkit_2.12,0.1.20,-,-,?,-,false,-
com.wix,http-testkit-client_2.11,0.1.20,-,-,?,-,false,-
com.wix,http-testkit-client_2.12,0.1.20,-,-,?,-,false,-
com.wix,http-testkit-core_2.11,0.1.20,-,-,?,-,false,-
com.wix,http-testkit-core_2.12,0.1.20,-,-,?,-,false,-
com.wix,http-testkit-marshaller-jackson_2.11,0.1.20,-,-,?,-,false,-
com.wix,http-testkit-marshaller-jackson_2.12,0.1.20,-,-,?,-,false,-
com.wix,http-testkit-scalatest_2.11,0.1.20,-,-,?,-,false,-
com.wix,http-testkit-scalatest_2.12,0.1.20,-,-,?,-,false,-
com.wix,http-testkit-server_2.11,0.1.20,-,-,?,-,false,-
com.wix,http-testkit-server_2.12,0.1.20,-,-,?,-,false,-
com.wix,http-testkit-specs2_2.11,0.1.20,-,-,?,-,false,-
com.wix,http-testkit-specs2_2.12,0.1.20,-,-,?,-,false,-
io.axway.iron,iron-api,0.13.0,-,-,?,-,false,-
io.axway.iron,iron-core,0.13.0,-,-,?,-,false,-
io.axway.iron,iron-inttest,0.13.0,-,-,?,-,false,-
io.axway.iron,iron-spi,0.13.0,-,-,?,-,false,-
io.axway.iron,iron-spi-aws,0.13.0,-,-,?,-,false,-
io.axway.iron,iron-spi-chronicle,0.13.0,-,-,?,-,false,-
io.axway.iron,iron-spi-jackson,0.13.0,-,-,?,-,false,-
io.axway.iron,iron-spi-kafka,0.13.0,-,-,?,-,false,-
net.sf.flatpack,flatpack,4.0.4,net.sf.flatpack,-,automatic,-,false,-
net.sf.flatpack,flatpack-examples,4.0.4,-,-,?,-,false,-
net.sf.flatpack,flatpack-excel,4.0.4,net.sf.flatpack.excel,-,automatic,-,false,-
org.cristalise,cristalise-dsl,3.6.0,-,-,?,-,false,-
