groupId,artifactId,version,moduleName,moduleVersion,moduleMode,moduleDependencies,jdepsToolError,jdepsViolations
at.willhaben.willtest,browserstack,2.0.4,-,-,?,-,false,-
at.willhaben.willtest,core,2.0.4,-,-,?,-,false,-
at.willhaben.willtest,examples,2.0.4,-,-,?,-,false,-
at.willhaben.willtest,log4j,2.0.4,-,-,?,-,false,-
at.willhaben.willtest,maven-utils,2.0.4,-,-,?,-,false,-
at.willhaben.willtest,misc,2.0.4,-,-,?,-,false,-
com.alipay.sofa,hessian,4.0.1,-,-,?,-,false,sun.misc.Unsafe                          See http://openjdk.java.net/jeps/260
com.aliyun.openservices,tablestore,4.9.0,-,-,?,-,false,-
com.codacy,bitbucket-scala-client_2.11,8.2.0,-,-,?,-,false,-
com.github.engwen,owlMagicUtil,2.3.3,-,-,?,-,false,-
com.github.saphyra,util,1.2.1,-,-,?,-,false,-
com.rabbitmq,amqp-client,5.5.2,com.rabbitmq.client,-,automatic,-,false,-
com.takipi,api-client,2.11.0,-,-,?,-,false,-
com.takipi,api-client-util,2.11.0,-,-,?,-,false,-
fi.metatavu.tulistop,tulistop-api-spec,0.0.25,-,-,?,-,false,-
io.github.029vaibhav,correlation,1.0.1.RELEASE,-,-,?,-,false,-
io.github.cactacea,core_2.12,18.12.11,-,-,?,-,false,-
io.github.cactacea,filhouette_2.12,18.12.11,-,-,?,-,false,-
io.github.cactacea,finagger_2.12,18.12.11,-,-,?,-,false,sun.reflect.generics.reflectiveObjects.TypeVariableImpl Removed. See http://openjdk.java.net/jeps/260
io.github.cactacea,finasocket_2.12,18.12.11,-,-,?,-,false,-
io.github.cactacea,server_2.12,18.12.11,-,-,?,-,false,-
io.github.jhipster,jhipster-framework,2.1.0,-,-,?,-,false,-
io.gridgo,gridgo-connector-core,0.3.0,-,-,?,-,false,-
io.gridgo,gridgo-file,0.3.0,-,-,?,-,false,-
io.gridgo,gridgo-http,0.3.0,-,-,?,-,false,-
io.gridgo,gridgo-http-common,0.3.0,-,-,?,-,false,-
io.gridgo,gridgo-http-jdk,0.3.0,-,-,?,-,false,-
io.gridgo,gridgo-jetty-http,0.3.0,-,-,?,-,false,-
io.gridgo,gridgo-kafka,0.3.0,-,-,?,-,false,-
io.gridgo,gridgo-mongodb,0.3.0,-,-,?,-,false,-
io.gridgo,gridgo-rabbitmq,0.3.0,-,-,?,-,false,-
io.gridgo,gridgo-redis,0.3.0,-,-,?,-,false,-
io.gridgo,gridgo-rocksdb,0.3.0,-,-,?,-,false,-
io.gridgo,gridgo-socket,0.3.0,-,-,?,-,false,-
io.gridgo,gridgo-socket-nanomsg,0.3.0,-,-,?,-,false,-
io.gridgo,gridgo-socket-netty4,0.3.0,-,-,?,-,false,-
io.gridgo,gridgo-socket-zmq,0.3.0,-,-,?,-,false,-
io.gridgo,gridgo-vertx-http,0.3.0,-,-,?,-,false,-
me.ele.openapi,eleme-openapi-sdk,1.27.0,-,-,?,-,false,-
nl.praegus,toolchain-fixtures,1.6.1,-,-,?,-,false,-
org.sonarsource.analyzer-commons,sonar-analyzer-commons,1.10.0.416,-,-,?,-,false,-
org.sonarsource.analyzer-commons,sonar-analyzer-recognizers,1.10.0.416,-,-,?,-,false,-
org.sonarsource.analyzer-commons,sonar-analyzer-test-commons,1.10.0.416,-,-,?,-,false,-
org.sonarsource.analyzer-commons,sonar-xml-parsing,1.10.0.416,-,-,?,-,false,-
