groupId,artifactId,version,moduleName,moduleVersion,moduleMode,moduleDependencies,jdepsToolError,jdepsViolations
de.sciss,mellite_2.11,2.31.0,-,-,?,-,false,-
de.sciss,mellite_2.12,2.31.0,-,-,?,-,false,-
de.sciss,mellite_2.13.0-M5,2.31.0,-,-,?,-,false,-
io.github.jonas,paradox-material-theme,0.6.0,-,-,?,-,false,-
org.skinny-framework,skinny-assets_2.11,3.0.2-RC1,-,-,?,-,false,-
org.skinny-framework,skinny-assets_2.12,3.0.2-RC1,-,-,?,-,false,-
org.skinny-framework,skinny-assets_2.13.0-M5,3.0.2-RC1,-,-,?,-,false,-
org.skinny-framework,skinny-common_2.11,3.0.2-RC1,-,-,?,-,false,-
org.skinny-framework,skinny-common_2.12,3.0.2-RC1,-,-,?,-,false,-
org.skinny-framework,skinny-common_2.13.0-M5,3.0.2-RC1,-,-,?,-,false,-
org.skinny-framework,skinny-factory-girl_2.11,3.0.2-RC1,-,-,?,-,false,-
org.skinny-framework,skinny-factory-girl_2.12,3.0.2-RC1,-,-,?,-,false,-
org.skinny-framework,skinny-factory-girl_2.13.0-M5,3.0.2-RC1,-,-,?,-,false,-
org.skinny-framework,skinny-framework_2.11,3.0.2-RC1,-,-,?,-,false,-
org.skinny-framework,skinny-framework_2.12,3.0.2-RC1,-,-,?,-,false,-
org.skinny-framework,skinny-framework_2.13.0-M5,3.0.2-RC1,-,-,?,-,false,-
org.skinny-framework,skinny-freemarker_2.11,3.0.2-RC1,-,-,?,-,false,-
org.skinny-framework,skinny-freemarker_2.12,3.0.2-RC1,-,-,?,-,false,-
org.skinny-framework,skinny-freemarker_2.13.0-M5,3.0.2-RC1,-,-,?,-,false,-
org.skinny-framework,skinny-http-client_2.11,3.0.2-RC1,-,-,?,-,false,-
org.skinny-framework,skinny-http-client_2.12,3.0.2-RC1,-,-,?,-,false,-
org.skinny-framework,skinny-http-client_2.13.0-M5,3.0.2-RC1,-,-,?,-,false,-
org.skinny-framework,skinny-json_2.11,3.0.2-RC1,-,-,?,-,false,-
org.skinny-framework,skinny-json_2.12,3.0.2-RC1,-,-,?,-,false,-
org.skinny-framework,skinny-json_2.13.0-M5,3.0.2-RC1,-,-,?,-,false,-
org.skinny-framework,skinny-mailer_2.11,3.0.2-RC1,-,-,?,-,false,-
org.skinny-framework,skinny-mailer_2.12,3.0.2-RC1,-,-,?,-,false,-
org.skinny-framework,skinny-mailer_2.13.0-M5,3.0.2-RC1,-,-,?,-,false,-
org.skinny-framework,skinny-oauth2_2.11,3.0.2-RC1,-,-,?,-,false,-
org.skinny-framework,skinny-oauth2_2.12,3.0.2-RC1,-,-,?,-,false,-
org.skinny-framework,skinny-oauth2_2.13.0-M5,3.0.2-RC1,-,-,?,-,false,-
org.skinny-framework,skinny-oauth2-controller_2.11,3.0.2-RC1,-,-,?,-,false,-
org.skinny-framework,skinny-oauth2-controller_2.12,3.0.2-RC1,-,-,?,-,false,-
org.skinny-framework,skinny-oauth2-controller_2.13.0-M5,3.0.2-RC1,-,-,?,-,false,-
org.skinny-framework,skinny-orm_2.11,3.0.2-RC1,-,-,?,-,false,-
org.skinny-framework,skinny-orm_2.12,3.0.2-RC1,-,-,?,-,false,-
org.skinny-framework,skinny-orm_2.13.0-M5,3.0.2-RC1,-,-,?,-,false,-
org.skinny-framework,skinny-standalone_2.11,3.0.2-RC1,-,-,?,-,false,-
org.skinny-framework,skinny-standalone_2.12,3.0.2-RC1,-,-,?,-,false,-
org.skinny-framework,skinny-standalone_2.13.0-M5,3.0.2-RC1,-,-,?,-,false,-
org.skinny-framework,skinny-task_2.11,3.0.2-RC1,-,-,?,-,false,-
org.skinny-framework,skinny-task_2.12,3.0.2-RC1,-,-,?,-,false,-
org.skinny-framework,skinny-task_2.13.0-M5,3.0.2-RC1,-,-,?,-,false,-
org.skinny-framework,skinny-test_2.11,3.0.2-RC1,-,-,?,-,false,-
org.skinny-framework,skinny-test_2.12,3.0.2-RC1,-,-,?,-,false,-
org.skinny-framework,skinny-test_2.13.0-M5,3.0.2-RC1,-,-,?,-,false,-
org.skinny-framework,skinny-thymeleaf_2.11,3.0.2-RC1,-,-,?,-,false,-
org.skinny-framework,skinny-thymeleaf_2.12,3.0.2-RC1,-,-,?,-,false,-
org.skinny-framework,skinny-thymeleaf_2.13.0-M5,3.0.2-RC1,-,-,?,-,false,-
org.skinny-framework,skinny-twitter-controller_2.11,3.0.2-RC1,-,-,?,-,false,-
org.skinny-framework,skinny-twitter-controller_2.12,3.0.2-RC1,-,-,?,-,false,-
org.skinny-framework,skinny-twitter-controller_2.13.0-M5,3.0.2-RC1,-,-,?,-,false,-
org.skinny-framework,skinny-validator_2.11,3.0.2-RC1,-,-,?,-,false,-
org.skinny-framework,skinny-validator_2.12,3.0.2-RC1,-,-,?,-,false,-
org.skinny-framework,skinny-validator_2.13.0-M5,3.0.2-RC1,-,-,?,-,false,-
org.skinny-framework,skinny-worker_2.11,3.0.2-RC1,-,-,?,-,false,-
org.skinny-framework,skinny-worker_2.12,3.0.2-RC1,-,-,?,-,false,-
org.skinny-framework,skinny-worker_2.13.0-M5,3.0.2-RC1,-,-,?,-,false,-
