groupId,artifactId,version,moduleName,moduleVersion,moduleMode,moduleDependencies,jdepsToolError,jdepsViolations
com.github.ferstl,pedantic-pom-enforcers,1.3.2,-,-,?,-,false,-
com.github.kl3answer,dynamicConfig,1.0.1.4,-,-,?,-,false,-
com.graphql-java,graphql-java,2019-01-08T05-54-26-5ecf32d,-,-,?,-,false,-
com.mayabot,fastText4j,1.2.3,-,-,?,-,false,-
io.github.tilumi,azure-eventhubs-spark_2.11,2.3.8,-,-,?,-,false,-
io.vavr,vavr,1.0.0-alpha-2,io.vavr,-,automatic,-,false,-
org.ctoolkit.restapi,ctoolkit-rest-facade-api,0.26,-,-,?,-,false,-
org.glittum,jaorm,0.1-f404313d3d3e20c9bae729ecec7b4747d316fe24,jaormfw,-,explicit,java.base + java.naming + java.sql,false,-
