groupId,artifactId,version,moduleName,moduleVersion,moduleMode,moduleDependencies,jdepsToolError,jdepsViolations
com.envisioniot,enos-api,2.2.3,-,-,?,-,false,-
com.uyoqu,docs-core,1.0,-,-,?,-,false,-
com.uyoqu,hello-docs-plugin,1.0,-,-,?,-,false,-
io.github.bitbrain,braingdx-core,0.4.3,-,-,?,-,false,-
io.projectreactor.ipc,reactor-netty,0.7.13.RELEASE,-,-,?,-,false,-
io.sealights.on-premise.agents.plugin,sealights-gradle-plugin,2.1.294,-,-,?,-,false,-
io.sealights.on-premise.agents.plugin,sealights-maven-plugin,2.1.471,-,-,?,-,false,-
net.centro.rtb,monitoring-center,1.0.14,-,-,?,-,false,-
net.unit8.enkan,enkan-bouncr,0.7.0,-,-,?,-,false,-
net.unit8.enkan,kotowari-restful,0.1.0,-,-,?,-,false,-
org.bitstrings.maven.plugins.ext,maven-jaxb2-plugin-catalogresolver,1.0.2,-,-,?,-,false,com.sun.org.apache.xml.internal.resolver.Catalog Use javax.xml.catalog @since 9 + com.sun.org.apache.xml.internal.resolver.CatalogManager Use javax.xml.catalog @since 9 + com.sun.org.apache.xml.internal.resolver.tools.CatalogResolver Use javax.xml.catalog @since 9
org.bitstrings.maven.plugins,xmllocation-replacer-maven-plugin,1.1.3,-,-,?,-,false,-
org.fastquery,tcpserver,1.18,-,-,?,-,false,-
