groupId,artifactId,version,moduleName,moduleVersion,moduleMode,moduleDependencies,jdepsToolError,jdepsViolations
at.willhaben.willtest,browserstack,2.0.4,-,-,?,-,false,-
at.willhaben.willtest,core,2.0.4,-,-,?,-,false,-
at.willhaben.willtest,examples,2.0.4,-,-,?,-,false,-
at.willhaben.willtest,log4j,2.0.4,-,-,?,-,false,-
at.willhaben.willtest,maven-utils,2.0.4,-,-,?,-,false,-
at.willhaben.willtest,misc,2.0.4,-,-,?,-,false,-
com.alipay.sofa,hessian,4.0.1,-,-,?,-,false,sun.misc.Unsafe                          See http://openjdk.java.net/jeps/260
com.github.bytom,bytom-sdk,1.0.0,-,-,?,-,false,-
com.github.saphyra,util,1.2.1,-,-,?,-,false,-
com.rabbitmq,amqp-client,5.5.2,com.rabbitmq.client,-,automatic,-,false,-
com.takipi,api-client,2.11.0,-,-,?,-,false,-
com.takipi,api-client-util,2.11.0,-,-,?,-,false,-
eu.l-space,lspace-client_2.11,0.2.1.1,-,-,?,-,false,-
eu.l-space,lspace-client_2.12,0.2.1.1,-,-,?,-,false,-
eu.l-space,lspace-client_sjs0.6_2.11,0.2.1.1,-,-,?,-,false,-
eu.l-space,lspace-client_sjs0.6_2.12,0.2.1.1,-,-,?,-,false,-
eu.l-space,lspace-core_2.11,0.2.1.1,-,-,?,-,false,-
eu.l-space,lspace-core_2.12,0.2.1.1,-,-,?,-,false,-
eu.l-space,lspace-core_sjs0.6_2.11,0.2.1.1,-,-,?,-,false,-
eu.l-space,lspace-core_sjs0.6_2.12,0.2.1.1,-,-,?,-,false,-
eu.l-space,lspace-graph_2.11,0.2.1.1,-,-,?,-,false,-
eu.l-space,lspace-graph_2.12,0.2.1.1,-,-,?,-,false,-
eu.l-space,lspace-parse_2.11,0.2.1.1,-,-,?,-,false,-
eu.l-space,lspace-parse_2.12,0.2.1.1,-,-,?,-,false,-
eu.l-space,lspace-parse_sjs0.6_2.11,0.2.1.1,-,-,?,-,false,-
eu.l-space,lspace-parse_sjs0.6_2.12,0.2.1.1,-,-,?,-,false,-
eu.l-space,lspace-services_2.11,0.2.1.1,-,-,?,-,false,-
eu.l-space,lspace-services_2.12,0.2.1.1,-,-,?,-,false,-
io.github.cactacea,core_2.12,18.12.11,-,-,?,-,false,-
io.github.cactacea,filhouette_2.12,18.12.11,-,-,?,-,false,-
io.github.cactacea,finagger_2.12,18.12.11,-,-,?,-,false,sun.reflect.generics.reflectiveObjects.TypeVariableImpl Removed. See http://openjdk.java.net/jeps/260
io.github.cactacea,finasocket_2.12,18.12.11,-,-,?,-,false,-
io.github.cactacea,server_2.12,18.12.11,-,-,?,-,false,-
me.ele.openapi,eleme-openapi-sdk,1.27.0,-,-,?,-,false,-
nl.praegus,toolchain-fixtures,1.6.1,-,-,?,-,false,-
org.sonarsource.analyzer-commons,sonar-analyzer-commons,1.10.0.416,-,-,?,-,false,-
org.sonarsource.analyzer-commons,sonar-analyzer-recognizers,1.10.0.416,-,-,?,-,false,-
org.sonarsource.analyzer-commons,sonar-analyzer-test-commons,1.10.0.416,-,-,?,-,false,-
org.sonarsource.analyzer-commons,sonar-xml-parsing,1.10.0.416,-,-,?,-,false,-
org.sunbird,cloud-store-sdk,1.2.1,-,-,?,-,false,-
org.wso2.carbon.identity.framework,org.wso2.carbon.identity.user.profile.stub,5.12.241,-,-,?,-,false,-
org.wso2.carbon.identity.framework,org.wso2.carbon.identity.user.profile.ui,5.12.241,-,-,?,-,false,-
org.wso2.carbon.identity.framework,org.wso2.carbon.identity.user.registration,5.12.241,-,-,?,-,false,-
org.wso2.carbon.identity.framework,org.wso2.carbon.identity.user.registration.stub,5.12.241,-,-,?,-,false,-
org.wso2.carbon.identity.framework,org.wso2.carbon.identity.user.store.configuration,5.12.241,-,-,?,-,false,-
org.wso2.carbon.identity.framework,org.wso2.carbon.identity.user.store.configuration.deployer,5.12.241,-,-,?,-,false,-
org.wso2.carbon.identity.framework,org.wso2.carbon.identity.user.store.configuration.stub,5.12.241,-,-,?,-,false,-
org.wso2.carbon.identity.framework,org.wso2.carbon.identity.user.store.configuration.ui,5.12.241,-,-,?,-,false,-
org.wso2.carbon.identity.framework,org.wso2.carbon.identity.user.store.count,5.12.241,-,-,?,-,false,-
org.wso2.carbon.identity.framework,org.wso2.carbon.identity.user.store.count.stub,5.12.241,-,-,?,-,false,-
org.wso2.carbon.identity.framework,org.wso2.carbon.identity.workflow.mgt,5.12.241,-,-,?,-,false,-
org.wso2.carbon.identity.framework,org.wso2.carbon.identity.workflow.mgt.stub,5.12.241,-,-,?,-,false,-
org.wso2.carbon.identity.framework,org.wso2.carbon.identity.workflow.mgt.ui,5.12.241,-,-,?,-,false,-
org.wso2.carbon.identity.framework,org.wso2.carbon.idp.mgt,5.12.241,-,-,?,-,false,-
org.wso2.carbon.identity.framework,org.wso2.carbon.idp.mgt.stub,5.12.241,-,-,?,-,false,-
org.wso2.carbon.identity.framework,org.wso2.carbon.idp.mgt.ui,5.12.241,-,-,?,-,false,-
org.wso2.carbon.identity.framework,org.wso2.carbon.policyeditor,5.12.241,-,-,?,-,false,-
org.wso2.carbon.identity.framework,org.wso2.carbon.policyeditor.ui,5.12.241,-,-,?,-,false,-
org.wso2.carbon.identity.framework,org.wso2.carbon.security.mgt,5.12.241,-,-,?,-,false,-
org.wso2.carbon.identity.framework,org.wso2.carbon.security.mgt.stub,5.12.241,-,-,?,-,false,-
org.wso2.carbon.identity.framework,org.wso2.carbon.security.mgt.ui,5.12.241,-,-,?,-,false,-
org.wso2.carbon.identity.framework,org.wso2.carbon.user.mgt,5.12.241,-,-,?,-,false,-
org.wso2.carbon.identity.framework,org.wso2.carbon.user.mgt.common,5.12.241,-,-,?,-,false,-
org.wso2.carbon.identity.framework,org.wso2.carbon.user.mgt.stub,5.12.241,-,-,?,-,false,-
org.wso2.carbon.identity.framework,org.wso2.carbon.user.mgt.ui,5.12.241,-,-,?,-,false,-
org.wso2.carbon.identity.framework,org.wso2.carbon.user.mgt.workflow.stub,5.12.241,-,-,?,-,false,-
