groupId,artifactId,version,moduleName,moduleVersion,moduleMode,moduleDependencies,jdepsToolError,jdepsViolations
be.yildiz-games,module-database-derby,1.0.2,be.yildizgames.module.database.derby,-,explicit,be.yildizgames.module.database + derby + java.base + java.sql + org.jooq,false,-
com.formulasearchengine.mathmltools,mathml-converters,2.0.2,-,-,?,-,false,-
com.formulasearchengine.mathmltools,mathml-core,2.0.2,-,-,?,-,false,-
com.formulasearchengine.mathmltools,mathml-gold,2.0.2,-,-,?,-,false,-
com.formulasearchengine.mathmltools,mathml-libs,2.0.2,-,-,?,-,false,-
com.formulasearchengine.mathmltools,mathml-similarity,2.0.2,-,-,?,-,false,-
com.formulasearchengine.mathmltools,mathml-utils,2.0.2,-,-,?,-,false,-
com.formulasearchengine.mathmltools,xamples,2.0.2,-,-,?,-,false,-
com.github.tornaia,aott-desktop-client-bootstrap,1.0.339,-,-,?,-,false,-
com.github.tornaia,aott-desktop-client-core,1.0.339,-,-,?,-,false,-
com.jfinal,jetty-server,2019.1,-,-,?,-,false,-
de.sciss,fingertree_2.11,1.5.4,-,-,?,-,false,-
de.sciss,fingertree_2.12,1.5.4,-,-,?,-,false,-
de.sciss,fingertree_2.13.0-M5,1.5.4,-,-,?,-,false,-
