groupId,artifactId,version,moduleName,moduleVersion,moduleMode,moduleDependencies,jdepsToolError,jdepsViolations
com.aliyun,aliyun-java-sdk-partnerintl,1.0.0,-,-,?,-,false,-
com.assist4j,assist4j-core,1.1.16,-,-,?,-,false,-
com.assist4j,assist4j-dao,1.1.16,-,-,?,-,false,-
com.assist4j,assist4j-data,1.1.16,-,-,?,-,false,-
com.assist4j,assist4j-http,1.1.16,-,-,?,-,false,-
com.assist4j,assist4j-schedule,1.1.16,-,-,?,-,false,-
com.assist4j,assist4j-sequence,1.1.16,-,-,?,-,false,-
com.assist4j,assist4j-session,1.1.16,-,-,?,-,false,-
com.assist4j,assist4j-web,1.1.16,-,-,?,-,false,-
com.assist4j.boot,assist4j-spring-boot-starter,1.1.16,-,-,?,-,false,-
com.graphql-java,graphql-java,2019-01-02T07-00-24-b2bcb40,-,-,?,-,false,-
com.jdkhome.blzo,blzo-ex-authj,0.0.5,-,-,?,-,false,-
com.jdkhome.blzo,blzo-ex-basic,0.0.5,-,-,?,-,false,-
com.jdkhome.blzo,blzo-ex-ip2region,0.0.5,-,-,?,-,false,-
com.jdkhome.blzo,blzo-ex-redission,0.0.5,-,-,?,-,false,-
com.jdkhome.blzo,blzo-ex-usignin,0.0.5,-,-,?,-,false,-
com.jdkhome.blzo,blzo-ex-utils,0.0.5,-,-,?,-,false,-
com.jdkhome.blzo,blzo-ex-version,0.0.5,-,-,?,-,false,-
io.github.firefang,power-common,0.0.1,-,-,?,-,false,-
io.github.firefang,power-starter-exception,0.0.1,-,-,?,-,false,-
io.github.firefang,power-starter-login,0.0.1,-,-,?,-,false,-
io.github.firefang,power-starter-mybatis,0.0.1,-,-,?,-,false,-
io.github.firefang,power-starter-mybatis-page,0.0.1,-,-,?,-,false,-
io.github.firefang,power-starter-permission,0.0.1,-,-,?,-,false,-
io.github.firefang,power-starter-transaction,0.0.1,-,-,?,-,false,-
io.github.firefang,power-starter-web,0.0.1,-,-,?,-,false,-
