groupId,artifactId,version,moduleName,moduleVersion,moduleMode,moduleDependencies,jdepsToolError,jdepsViolations
com.appian,connected-systems-core,1.0.1,-,-,?,-,false,-
com.conveyal,gtfs-lib,4.2.4,-,-,?,-,false,-
com.github.mjakubowski84,parquet4s-akka_2.11,0.2.0,-,-,?,-,false,-
com.github.mjakubowski84,parquet4s-akka_2.12,0.2.0,-,-,?,-,false,-
com.github.mjakubowski84,parquet4s-core_2.11,0.2.0,-,-,?,-,false,-
com.github.mjakubowski84,parquet4s-core_2.12,0.2.0,-,-,?,-,false,-
com.hubspot,EmbedSingularityExample,0.22.0,-,-,?,-,false,-
com.hubspot,SingularityBase,0.22.0,-,-,?,-,false,-
com.hubspot,SingularityClient,0.22.0,-,-,?,-,false,-
com.hubspot,SingularityExecutor,0.22.0,-,-,?,-,false,-
com.hubspot,SingularityExecutorCleanup,0.22.0,-,-,?,-,false,-
com.hubspot,SingularityMesosClient,0.22.0,-,-,?,-,false,-
com.hubspot,SingularityRunnerBase,0.22.0,-,-,?,-,false,-
com.hubspot,SingularityS3Base,0.22.0,-,-,?,-,false,-
com.hubspot,SingularityS3Downloader,0.22.0,-,-,?,-,false,-
com.hubspot,SingularityS3Uploader,0.22.0,-,-,?,-,false,-
com.hubspot,SingularityService,0.22.0,-,-,?,-,false,-
com.hubspot,SingularityServiceIntegrationTests,0.22.0,-,-,?,-,false,-
com.hubspot,SingularityUI,0.22.0,-,-,?,-,false,-
de.deltatree.pub.apis,easyfin,1.0.3,-,-,?,-,false,-
io.circe,circe-fs2_2.11,0.11.0,-,-,?,-,false,-
io.circe,circe-fs2_2.12,0.11.0,-,-,?,-,false,-
life.expert,himalaya,1.0.0,-,-,?,-,false,-
me.lucko,commodore,1.3,-,-,?,-,false,-
net.jmatrix,slf-color-console,1.0.9,-,-,?,-,false,-
org.jfleet,jfleet,0.6.1,-,-,?,-,false,-
org.piccolo2d,piccolo2d-core,3.0.1,-,-,?,-,false,-
org.piccolo2d,piccolo2d-examples,3.0.1,-,-,?,-,false,-
org.piccolo2d,piccolo2d-extras,3.0.1,-,-,?,-,false,-
org.piccolo2d,piccolo2d-swt,3.0.1,-,-,?,-,false,-
org.piccolo2d,piccolo2d-swt-examples,3.0.1,-,-,?,-,false,-
org.testng,testng,7.0.0-beta3,org.testng,-,automatic,-,false,-
