groupId,artifactId,version,moduleName,moduleVersion,moduleMode,moduleDependencies,jdepsToolError,jdepsViolations
com.bluenimble.serverless,bluenimble-jvm-sdk,2.5.0,-,-,?,-,false,-
com.bluenimble.serverless,bluenimble-server,2.5.0,-,-,?,-,false,-
com.soasta.mpulse,mpulse-android-gradle-plugin,2.6.0-beta1,-,-,?,-,false,-
com.soasta.mpulse,mpulse-java,2.6.0-beta1,-,-,?,-,false,-
org.bedework.bwwebcl,bw-calendar-client-appcommon,3.12.3,-,-,?,-,false,-
org.bedework.bwwebcl,bw-calendar-client-webcommon,3.12.3,-,-,?,-,false,-
org.duracloud,account-management-common,4.1.0,-,-,?,-,false,-
org.duracloud,account-management-db-util,4.1.0,-,-,?,-,false,sun.misc.Unsafe                          See http://openjdk.java.net/jeps/260 + sun.reflect.Reflection                   Use java.lang.StackWalker @since 9 + sun.reflect.ReflectionFactory            See http://openjdk.java.net/jeps/260
org.duracloud,account-management-monitor,4.1.0,-,-,?,-,false,sun.misc.Unsafe                          See http://openjdk.java.net/jeps/260 + sun.reflect.Reflection                   Use java.lang.StackWalker @since 9 + sun.reflect.ReflectionFactory            See http://openjdk.java.net/jeps/260
org.duracloud,account-management-security,4.1.0,-,-,?,-,false,-
org.duracloud,account-management-util,4.1.0,-,-,?,-,false,-
org.symphonyoss.s2.fugue,aws-fugue,0.0.56,-,-,?,-,false,-
org.symphonyoss.s2.fugue,aws-fugue-lambda-auth,0.0.56,-,-,?,-,false,sun.misc.Unsafe                          See http://openjdk.java.net/jeps/260
org.symphonyoss.s2.fugue,fugue-config-manager,0.0.56,-,-,?,-,false,-
org.symphonyoss.s2.fugue,fugue-core,0.0.56,-,-,?,-,false,-
org.symphonyoss.s2.fugue,fugue-launch,0.0.56,-,-,?,-,false,-
org.symphonyoss.s2.fugue,fugue-pubsub,0.0.56,-,-,?,-,false,-
org.symphonyoss.s2.fugue,fugue-resources,0.0.56,-,-,?,-,false,-
org.symphonyoss.s2.fugue,google-fugue,0.0.56,-,-,?,-,false,-
