groupId,artifactId,version,moduleName,moduleVersion,moduleMode,moduleDependencies,jdepsToolError,jdepsViolations
org.wso2.carbon.identity.framework,org.wso2.carbon.claim.mgt,5.12.241,-,-,?,-,false,-
org.wso2.carbon.identity.framework,org.wso2.carbon.claim.mgt.stub,5.12.241,-,-,?,-,false,-
org.wso2.carbon.identity.framework,org.wso2.carbon.claim.mgt.ui,5.12.241,-,-,?,-,false,-
org.wso2.carbon.identity.framework,org.wso2.carbon.directory.server.manager,5.12.241,-,-,?,-,false,-
org.wso2.carbon.identity.framework,org.wso2.carbon.directory.server.manager.common,5.12.241,-,-,?,-,false,-
org.wso2.carbon.identity.framework,org.wso2.carbon.directory.server.manager.stub,5.12.241,-,-,?,-,false,-
org.wso2.carbon.identity.framework,org.wso2.carbon.directory.server.manager.ui,5.12.241,-,-,?,-,false,-
org.wso2.carbon.identity.framework,org.wso2.carbon.identity.application.authentication.endpoint.util,5.12.241,-,-,?,-,false,-
org.wso2.carbon.identity.framework,org.wso2.carbon.identity.application.authentication.framework,5.12.241,-,-,?,-,false,-
org.wso2.carbon.identity.framework,org.wso2.carbon.identity.application.authentication.framework.stub,5.12.241,-,-,?,-,false,-
org.wso2.carbon.identity.framework,org.wso2.carbon.identity.application.common,5.12.241,-,-,?,-,false,-
org.wso2.carbon.identity.framework,org.wso2.carbon.identity.application.mgt,5.12.241,-,-,?,-,false,-
org.wso2.carbon.identity.framework,org.wso2.carbon.identity.application.mgt.stub,5.12.241,-,-,?,-,false,-
org.wso2.carbon.identity.framework,org.wso2.carbon.identity.application.mgt.ui,5.12.241,-,-,?,-,false,-
org.wso2.carbon.identity.framework,org.wso2.carbon.identity.authenticator.thrift,5.12.241,-,-,?,-,false,-
org.wso2.carbon.identity.framework,org.wso2.carbon.identity.base,5.12.241,-,-,?,-,false,-
org.wso2.carbon.identity.framework,org.wso2.carbon.identity.claim.metadata.mgt,5.12.241,-,-,?,-,false,-
org.wso2.carbon.identity.framework,org.wso2.carbon.identity.claim.metadata.mgt.stub,5.12.241,-,-,?,-,false,-
org.wso2.carbon.identity.framework,org.wso2.carbon.identity.claim.metadata.mgt.ui,5.12.241,-,-,?,-,false,-
org.wso2.carbon.identity.framework,org.wso2.carbon.identity.configuration.mgt.core,5.12.241,-,-,?,-,false,-
org.wso2.carbon.identity.framework,org.wso2.carbon.identity.consent.mgt,5.12.241,-,-,?,-,false,-
org.wso2.carbon.identity.framework,org.wso2.carbon.identity.core,5.12.241,-,-,?,-,false,-
org.wso2.carbon.identity.framework,org.wso2.carbon.identity.core.ui,5.12.241,-,-,?,-,false,-
org.wso2.carbon.identity.framework,org.wso2.carbon.identity.entitlement,5.12.241,-,-,?,-,false,-
org.wso2.carbon.identity.framework,org.wso2.carbon.identity.entitlement.common,5.12.241,-,-,?,-,false,-
org.wso2.carbon.identity.framework,org.wso2.carbon.identity.entitlement.stub,5.12.241,-,-,?,-,false,-
org.wso2.carbon.identity.framework,org.wso2.carbon.identity.entitlement.ui,5.12.241,-,-,?,-,false,-
org.wso2.carbon.identity.framework,org.wso2.carbon.identity.event,5.12.241,-,-,?,-,false,-
org.wso2.carbon.identity.framework,org.wso2.carbon.identity.functions.library.mgt,5.12.241,-,-,?,-,false,-
org.wso2.carbon.identity.framework,org.wso2.carbon.identity.functions.library.mgt.stub,5.12.241,-,-,?,-,false,-
org.wso2.carbon.identity.framework,org.wso2.carbon.identity.functions.library.mgt.ui,5.12.241,-,-,?,-,false,-
org.wso2.carbon.identity.framework,org.wso2.carbon.identity.governance.stub,5.12.241,-,-,?,-,false,-
org.wso2.carbon.identity.framework,org.wso2.carbon.identity.mgt,5.12.241,-,-,?,-,false,-
org.wso2.carbon.identity.framework,org.wso2.carbon.identity.mgt.stub,5.12.241,-,-,?,-,false,-
org.wso2.carbon.identity.framework,org.wso2.carbon.identity.mgt.ui,5.12.241,-,-,?,-,false,-
org.wso2.carbon.identity.framework,org.wso2.carbon.identity.notification.mgt,5.12.241,-,-,?,-,false,-
org.wso2.carbon.identity.framework,org.wso2.carbon.identity.provisioning,5.12.241,-,-,?,-,false,-
org.wso2.carbon.identity.framework,org.wso2.carbon.identity.template.mgt,5.12.241,-,-,?,-,false,-
org.wso2.carbon.identity.framework,org.wso2.carbon.identity.template.mgt.ui,5.12.241,-,-,?,-,false,-
org.wso2.carbon.identity.framework,org.wso2.carbon.identity.testutil,5.12.241,-,-,?,-,false,-
org.wso2.carbon.identity.framework,org.wso2.carbon.identity.user.profile,5.12.241,-,-,?,-,false,-
