groupId,artifactId,version,moduleName,moduleVersion,moduleMode,moduleDependencies,jdepsToolError,jdepsViolations
be.yildiz-games,engine-server,1.0.5,be.yildizgames.engine.server,-,explicit,be.yildizgames.common.authentication + be.yildizgames.common.exception + be.yildizgames.common.gameobject + be.yildizgames.common.geometry + be.yildizgames.common.logging + be.yildizgames.common.mapping + be.yildizgames.common.model + be.yildizgames.common.shape + be.yildizgames.common.util + be.yildizgames.engine.shared + be.yildizgames.module.messaging + be.yildizgames.module.network + be.yildizgames.module.physics + java.base + slf4j.api,false,-
com.amihaiemil.web,docker-java-api,0.0.7,-,-,?,-,false,-
com.github.saphyra,auth-service,1.0.3,-,-,?,-,false,-
com.github.saphyra,encryption,1.0.1,-,-,?,-,false,-
com.netflix.nebula,nebula-publishing-plugin,9.4.2,-,-,?,-,false,-
de.japrost.jabudget,jabudget-domain,0.0.3,de.japrost.jabudget.domain,-,explicit,java.base,false,-
de.japrost.jabudget,jabudget-repository,0.0.3,de.japrost.jabudget.repository,-,explicit,de.japrost.jabudget.domain + java.base,false,-
de.japrost.jabudget,jabudget-serialization,0.0.3,de.japrost.jabudget.serialization,-,explicit,de.japrost.jabudget.domain + java.base + xstream,false,-
de.japrost.jabudget,jabudget-service,0.0.3,de.japrost.jabudget.service,-,explicit,de.japrost.jabudget.domain + de.japrost.jabudget.repository + de.japrost.jabudget.serialization + java.base,false,-
de.japrost.jabudget,jabudget-spring-rest,0.0.3,de.japrost.jabudget.spring.rest,-,explicit,de.japrost.jabudget.domain + de.japrost.jabudget.service + java.base + spring.context + spring.web,false,-
de.japrost.jabudget,jabudget-starter,0.0.3,-,-,?,-,false,-
de.japrost.jabudget,jabudget-vaadin-spring,0.0.3,de.japrost.jabudget.vaadin.spring,-,explicit,de.japrost.jabudget.domain + de.japrost.jabudget.service + flow.data + flow.server + java.base + java.sql + spring.context + vaadin.button.flow + vaadin.core + vaadin.form.layout.flow + vaadin.grid.flow + vaadin.notification.flow + vaadin.ordered.layout.flow + vaadin.spring + vaadin.text.field.flow,false,-
eu.aronnax.maven.cloud,cloud-storage-core,1.5.2,-,-,?,-,false,-
eu.aronnax.maven.cloud,google-storage-noshade-wagon,1.5.2,-,-,?,-,false,-
io.circe,circe-derivation_2.11,0.11.0-M1,-,-,?,-,false,-
io.circe,circe-derivation_2.12,0.11.0-M1,-,-,?,-,false,-
io.circe,circe-derivation-annotations_2.11,0.11.0-M1,-,-,?,-,false,-
io.circe,circe-derivation-annotations_2.12,0.11.0-M1,-,-,?,-,false,-
io.circe,circe-derivation-annotations_sjs0.6_2.11,0.11.0-M1,-,-,?,-,false,-
io.circe,circe-derivation-annotations_sjs0.6_2.12,0.11.0-M1,-,-,?,-,false,-
io.circe,circe-derivation_sjs0.6_2.11,0.11.0-M1,-,-,?,-,false,-
io.circe,circe-derivation_sjs0.6_2.12,0.11.0-M1,-,-,?,-,false,-
io.circe,circe-spray_2.11,0.11.0,-,-,?,-,false,-
net.ozwolf,mongo-trek,3.1.1,-,-,?,-,false,-
org.biojava,biojava-aa-prop,5.2.0,-,-,?,-,false,-
org.biojava,biojava-alignment,5.2.0,-,-,?,-,false,-
org.biojava,biojava-core,5.2.0,-,-,?,-,false,-
org.biojava,biojava-genome,5.2.0,-,-,?,-,false,-
org.biojava,biojava-integrationtest,5.2.0,-,-,?,-,false,-
org.biojava,biojava-modfinder,5.2.0,-,-,?,-,false,-
org.biojava,biojava-ontology,5.2.0,-,-,?,-,false,-
org.biojava,biojava-protein-disorder,5.2.0,-,-,?,-,false,-
org.biojava,biojava-structure,5.2.0,-,-,?,-,false,-
org.biojava,biojava-structure-gui,5.2.0,-,-,?,-,false,-
org.biojava,biojava-survival,5.2.0,-,-,?,-,false,-
org.biojava,biojava-ws,5.2.0,-,-,?,-,false,-
org.graylog2,graylog2-server,3.0.0-beta.1,-,-,?,-,false,-
