groupId,artifactId,version,moduleName,moduleVersion,moduleMode,moduleDependencies,jdepsToolError,jdepsViolations
cn.leancloud,leancloud-fcm,5.0.6,-,-,?,-,false,-
cn.leancloud,mixpush-android,5.0.6,-,-,?,-,false,-
cn.leancloud,realtime-android,5.0.6,-,-,?,-,false,-
cn.leancloud,storage-android,5.0.6,-,-,?,-,false,-
cn.luway,pikachu,1.1.6,-,-,?,-,false,-
com.dolphindb,api-java,1.0.0,-,-,?,-,false,-
com.epsagon,epsagon,1.2.5,-,-,?,-,false,-
com.github.Alex-2713-GitHub,alex-cloud-framework-core,1.0.2,-,-,?,-,false,-
com.github.Alex-2713-GitHub,alex-cloud-framework-criteria,1.0.2,-,-,?,-,false,-
com.github.Alex-2713-GitHub,alex-cloud-framework-date,1.0.2,-,-,?,-,false,-
com.github.Alex-2713-GitHub,alex-cloud-framework-excel,1.0.2,-,-,?,-,false,-
com.github.Alex-2713-GitHub,alex-cloud-framework-mail,1.0.2,-,-,?,-,false,-
com.github.Alex-2713-GitHub,alex-cloud-framework-util,1.0.2,-,-,?,-,false,-
com.github.bjansen,swagger-schema-validator,0.2.0,-,-,?,-,false,-
com.github.vagmcs,scalatikz_2.11,0.3.5,-,-,?,-,false,-
com.github.vagmcs,scalatikz_2.12,0.3.5,-,-,?,-,false,-
com.icthh.xm.commons,xm-commons-config,1.2.23,-,-,?,-,false,-
com.icthh.xm.commons,xm-commons-exceptions,1.2.23,-,-,?,-,false,-
com.icthh.xm.commons,xm-commons-i18n,1.2.23,-,-,?,-,false,-
com.icthh.xm.commons,xm-commons-lep,1.2.23,-,-,?,-,false,-
com.icthh.xm.commons,xm-commons-logging,1.2.23,-,-,?,-,false,-
com.icthh.xm.commons,xm-commons-logging-web,1.2.23,-,-,?,-,false,-
com.icthh.xm.commons,xm-commons-messaging,1.2.23,-,-,?,-,false,-
com.icthh.xm.commons,xm-commons-migration-db,1.2.23,-,-,?,-,false,-
com.icthh.xm.commons,xm-commons-ms-web,1.2.23,-,-,?,-,false,-
com.icthh.xm.commons,xm-commons-permission,1.2.23,-,-,?,-,false,-
com.icthh.xm.commons,xm-commons-request,1.2.23,-,-,?,-,false,-
com.icthh.xm.commons,xm-commons-scheduler,1.2.23,-,-,?,-,false,-
com.icthh.xm.commons,xm-commons-security,1.2.23,-,-,?,-,false,-
com.icthh.xm.commons,xm-commons-tenant,1.2.23,-,-,?,-,false,-
com.icthh.xm.commons,xm-commons-tenant-endpoint,1.2.23,-,-,?,-,false,-
com.icthh.xm.commons,xm-commons-timeline,1.2.23,-,-,?,-,false,-
com.narbase,kunafa,0.1.5.0.47-alpha,-,-,?,-,false,-
com.yodo1,hades-helper,0.1.0,-,-,?,-,false,-
de.viadee.camunda,camunda-kafka-model,1.0.1,-,-,?,-,false,-
de.viadee.camunda,camunda-kafka-polling-client,1.0.1,-,-,?,-,false,-
fi.metatavu.tulistop.client,tulistop-api-client,0.0.30,-,-,?,-,false,-
fi.metatavu.tulistop,tulistop-api-spec,0.0.33,-,-,?,-,false,-
io.github.tilumi,azure-eventhubs-spark_2.11,2.3.8,-,-,?,-,false,-
no.nav.spsak.tidsserie,spsak-tidsserie,2.0,-,-,?,-,false,-
org.http4k,http4k-server-ktorcio,3.106.0,-,-,?,-,false,-
org.ogema.tools,remote-ogema-auth,2.2.0_1,-,-,?,-,false,-
org.springframework,spring-aop,5.1.3.RELEASE,spring.aop,-,automatic,-,false,-
org.springframework,spring-aspects,5.1.3.RELEASE,spring.aspects,-,automatic,-,false,-
org.springframework,spring-beans,5.1.3.RELEASE,spring.beans,-,automatic,-,false,-
org.springframework,spring-context,5.1.3.RELEASE,spring.context,-,automatic,-,false,-
org.springframework,spring-context-support,5.1.3.RELEASE,spring.context.support,-,automatic,-,false,-
org.springframework,spring-core,5.1.3.RELEASE,spring.core,-,automatic,-,false,sun.misc.Unsafe                          See http://openjdk.java.net/jeps/260
org.springframework,spring-expression,5.1.3.RELEASE,spring.expression,-,automatic,-,false,-
org.springframework,spring-instrument,5.1.3.RELEASE,spring.instrument,-,automatic,-,false,-
org.springframework,spring-instrument-tomcat,4.3.22.RELEASE,-,-,?,-,false,-
org.springframework,spring-jdbc,5.1.3.RELEASE,spring.jdbc,-,automatic,-,false,-
org.springframework,spring-jms,5.1.3.RELEASE,spring.jms,-,automatic,-,false,-
org.springframework,spring-messaging,5.1.3.RELEASE,spring.messaging,-,automatic,-,false,-
org.springframework,spring-orm,5.1.3.RELEASE,spring.orm,-,automatic,-,false,-
org.springframework,spring-oxm,5.1.3.RELEASE,spring.oxm,-,automatic,-,false,-
org.springframework,spring-test,5.1.3.RELEASE,spring.test,-,automatic,-,false,-
org.springframework,spring-tx,5.1.3.RELEASE,spring.tx,-,automatic,-,false,-
org.springframework,spring-web,5.1.3.RELEASE,spring.web,-,automatic,-,false,-
org.springframework,spring-webmvc,5.1.3.RELEASE,spring.webmvc,-,automatic,-,false,-
org.springframework,spring-webmvc-portlet,4.3.22.RELEASE,-,-,?,-,false,-
org.springframework,spring-websocket,5.1.3.RELEASE,spring.websocket,-,automatic,-,false,-
org.wso2.extension.siddhi.execution.extrema,siddhi-execution-extrema,4.0.16,-,-,?,-,false,-
tech.simter,simter-jackson-ext,1.0.0,-,-,?,-,false,-
tech.simter,simter-query,1.0.0,-,-,?,-,false,-
top.plong,ms-base-rest-api,0.0.4,-,-,?,-,false,-
top.plong,ms-base-rest-default,0.0.4,-,-,?,-,false,-
top.plong,ms-base-rest-generator,0.0.4,-,-,?,-,false,-
top.plong,ms-base-rest-ots,0.0.4,-,-,?,-,false,-
top.plong,ms-base-rest-resource,0.0.4,-,-,?,-,false,-
top.plong,ms-cas-security,0.0.4,-,-,?,-,false,-
top.plong,ms-common-bean,0.0.4,-,-,?,-,false,-
top.plong,ms-common-data,0.0.4,-,-,?,-,false,-
top.plong,ms-fw-starter,0.0.4,-,-,?,-,false,-
top.plong,ms-workable-flow-api,0.0.4,-,-,?,-,false,-
top.plong,ms-workable-flow-idm,0.0.4,-,-,?,-,false,-
top.plong,ms-workable-flow-modeler,0.0.4,-,-,?,-,false,-
