groupId,artifactId,version,moduleName,moduleVersion,moduleMode,moduleDependencies,jdepsToolError,jdepsViolations
com.emarsys,rdb-connector-bigquery_2.12,4e6e2e40,com.emarsys.rdb.connector.bigquery,-,automatic,-,false,-
com.emarsys,rdb-connector-common_2.12,4e6e2e40,com.emarsys.rdb.connector.common,-,automatic,-,false,-
com.emarsys,rdb-connector-mssql_2.12,4e6e2e40,com.emarsys.rdb.connector.mssql,-,automatic,-,false,-
com.emarsys,rdb-connector-mysql_2.12,4e6e2e40,com.emarsys.rdb.connector.mysql,-,automatic,-,false,-
com.emarsys,rdb-connector-postgresql_2.12,4e6e2e40,com.emarsys.rdb.connector.postgresql,-,automatic,-,false,-
com.emarsys,rdb-connector-redshift_2.12,4e6e2e40,com.emarsys.rdb.connector.redshift,-,automatic,-,false,-
com.emarsys,rdb-connector-test_2.12,4e6e2e40,com.emarsys.rdb.connector.test,-,automatic,-,false,-
com.github.saphyra,auth-service,0.0.2,-,-,?,-,false,-
com.github.saphyra,exception-handling,1.0.1,-,-,?,-,false,-
com.shoprunner,baleen,1.6.0,-,-,?,-,false,-
com.shoprunner,baleen-avro-generator,1.6.0,-,-,?,-,false,-
com.shoprunner,baleen-csv,1.6.0,-,-,?,-,false,-
com.shoprunner,baleen-jsonschema-generator,1.6.0,-,-,?,-,false,-
com.shoprunner,baleen-xml,1.6.0,-,-,?,-,false,-
com.shoprunner,baleen-xsd-generator,1.6.0,-,-,?,-,false,-
com.shoprunner,jsonschema-baleen-generator,1.6.0,-,-,?,-,false,-
com.shoprunner,jsonschema-model,1.6.0,-,-,?,-,false,-
com.yishuifengxiao.common,common-tool,1.2.0-release,-,-,?,-,false,-
fi.metatavu.tulistop.client,tulistop-api-client,0.0.25,-,-,?,-,false,-
fi.metatavu.tulistop,tulistop-api-spec,0.0.26,-,-,?,-,false,-
io.github.029vaibhav,correlation,1.0.2.RELEASE,-,-,?,-,false,-
io.jawg.geojson,geojson-jackson,1.0.0,-,-,?,-,false,-
net.amygdalum,compilerutils,0.2.1,-,-,?,-,false,-
org.restheart,restheart,3.6.1,-,-,?,-,false,-
