groupId,artifactId,version,moduleName,moduleVersion,moduleMode,moduleDependencies,jdepsToolError,jdepsViolations
io.citrine,lolo,2.0.0,-,-,?,-,false,-
org.http4k,http4k-aws,3.105.0,-,-,?,-,false,-
org.http4k,http4k-client-apache,3.105.0,-,-,?,-,false,-
org.http4k,http4k-client-apache-async,3.105.0,-,-,?,-,false,-
org.http4k,http4k-client-jetty,3.105.0,-,-,?,-,false,-
org.http4k,http4k-client-okhttp,3.105.0,-,-,?,-,false,-
org.http4k,http4k-client-websocket,3.105.0,-,-,?,-,false,-
org.http4k,http4k-cloudnative,3.105.0,-,-,?,-,false,-
org.http4k,http4k-contract,3.105.0,-,-,?,-,false,-
org.http4k,http4k-core,3.105.0,-,-,?,-,false,-
org.http4k,http4k-format-argo,3.105.0,-,-,?,-,false,-
org.http4k,http4k-format-gson,3.105.0,-,-,?,-,false,-
org.http4k,http4k-format-jackson,3.105.0,-,-,?,-,false,-
org.http4k,http4k-format-moshi,3.105.0,-,-,?,-,false,-
org.http4k,http4k-format-xml,3.105.0,-,-,?,-,false,-
org.http4k,http4k-jsonrpc,3.105.0,-,-,?,-,false,-
org.http4k,http4k-multipart,3.105.0,-,-,?,-,false,-
org.http4k,http4k-server-apache,3.105.0,-,-,?,-,false,-
org.http4k,http4k-server-jetty,3.105.0,-,-,?,-,false,-
org.http4k,http4k-server-netty,3.105.0,-,-,?,-,false,-
org.http4k,http4k-server-undertow,3.105.0,-,-,?,-,false,-
org.http4k,http4k-template-dust,3.105.0,-,-,?,-,false,-
org.nocrala.tools.texttreeformatter,text-tree-formatter,1.1.1,-,-,?,-,false,-
ru.curs,celesta-core,7.0.15,-,-,?,-,false,-
ru.curs,celesta-maven-plugin,7.0.15,-,-,?,-,false,-
ru.curs,celesta-sql,7.0.15,-,-,?,-,false,-
ru.curs,celesta-system-services,7.0.15,-,-,?,-,false,-
ru.curs,celesta-unit,7.0.15,-,-,?,-,false,-
