groupId,artifactId,version,moduleName,moduleVersion,moduleMode,moduleDependencies,jdepsToolError,jdepsViolations
com.github.Alex-2713-GitHub,Alex_Test,1.0.0,-,-,?,-,false,-
com.github.vipcchua,fastpay,1.0.4.4,-,-,?,-,false,-
com.graphql-java,graphql-java,2019-01-09T03-01-00-2790caa,-,-,?,-,false,-
com.harium.etyl,ui,0.1.5,-,-,?,-,false,-
com.twilio,guardrail-maven-plugin_2.12,0.41.4,-,-,?,-,false,-
com.v1ok,spring-boot-commons,0.1.0,-,-,?,-,false,-
com.xiaomi.infra.galaxy,galaxy-sds-client,1.3.1,-,-,?,-,false,-
org.jresearch.dominokit,domino-ui,1.0.23,-,-,?,-,false,sun.misc.IOUtils                         Removed. See http://openjdk.java.net/jeps/260
