groupId,artifactId,version,moduleName,moduleVersion,moduleMode,moduleDependencies,jdepsToolError,jdepsViolations
com.github.saphyra,cache,1.0.5,-,-,?,-,false,-
com.github.vebqa,vebtal-pdf,0.9.7,-,-,?,-,false,-
com.google.cloud.bigtable,bigtable-beam-import,1.8.0,-,-,?,-,false,-
com.google.cloud.bigtable,bigtable-client-core,1.8.0,-,-,?,-,false,-
com.google.cloud.bigtable,bigtable-emulator-maven-plugin,1.8.0,-,-,?,-,false,-
com.google.cloud.bigtable,bigtable-hbase,1.8.0,-,-,?,-,false,-
com.google.cloud.bigtable,bigtable-hbase-1.x,1.8.0,-,-,?,-,false,-
com.google.cloud.bigtable,bigtable-hbase-1.x-hadoop,1.8.0,-,-,?,-,false,sun.misc.Unsafe                          See http://openjdk.java.net/jeps/260 + sun.security.x509.X500Name               Use javax.security.auth.x500.X500Principal @since 1.4
com.google.cloud.bigtable,bigtable-hbase-1.x-integration-tests,1.8.0,-,-,?,-,false,-
com.google.cloud.bigtable,bigtable-hbase-1.x-mapreduce,1.8.0,-,-,?,-,false,-
com.google.cloud.bigtable,bigtable-hbase-1.x-shaded,1.8.0,-,-,?,-,false,sun.misc.Unsafe                          See http://openjdk.java.net/jeps/260 + sun.security.x509.X500Name               Use javax.security.auth.x500.X500Principal @since 1.4
com.google.cloud.bigtable,bigtable-hbase-2.x,1.8.0,-,-,?,-,false,-
com.google.cloud.bigtable,bigtable-hbase-2.x-hadoop,1.8.0,-,-,?,-,false,sun.misc.Unsafe                          See http://openjdk.java.net/jeps/260 + sun.security.x509.X500Name               Use javax.security.auth.x500.X500Principal @since 1.4
com.google.cloud.bigtable,bigtable-hbase-2.x-integration-tests,1.8.0,-,-,?,-,false,-
com.google.cloud.bigtable,bigtable-hbase-2.x-shaded,1.8.0,-,-,?,-,false,sun.misc.Unsafe                          See http://openjdk.java.net/jeps/260 + sun.security.x509.X500Name               Use javax.security.auth.x500.X500Principal @since 1.4
com.google.cloud.bigtable,bigtable-hbase-beam,1.8.0,-,-,?,-,false,-
com.google.cloud.bigtable,bigtable-hbase-integration-tests-common,1.8.0,-,-,?,-,false,-
com.hadoopz,OpenCarrierDetector,1.0.5,-,-,?,-,false,-
com.iheart,thomas-analysis_2.11,0.15-M1,-,-,?,-,false,-
com.iheart,thomas-analysis_2.12,0.15-M1,-,-,?,-,false,-
com.iheart,thomas-client_2.11,0.15-M1,-,-,?,-,false,-
com.iheart,thomas-client_2.12,0.15-M1,-,-,?,-,false,-
com.iheart,thomas-core_2.11,0.15-M1,-,-,?,-,false,-
com.iheart,thomas-core_2.12,0.15-M1,-,-,?,-,false,-
com.iheart,thomas-mongo_2.11,0.15-M1,-,-,?,-,false,-
com.iheart,thomas-mongo_2.12,0.15-M1,-,-,?,-,false,-
com.iheart,thomas-play-lib_2.11,0.15-M1,-,-,?,-,false,-
com.iheart,thomas-play-lib_2.12,0.15-M1,-,-,?,-,false,-
io.circe,circe-bson_2.11,0.3.0,-,-,?,-,false,-
io.circe,circe-bson_2.12,0.3.0,-,-,?,-,false,-
io.circe,circe-iteratee_2.11,0.12.0,-,-,?,-,false,-
io.circe,circe-iteratee_2.12,0.12.0,-,-,?,-,false,-
io.getnelson.nelson,api_2.11,0.12.158,-,-,?,-,false,-
io.getnelson.nelson,core_2.11,0.12.158,-,-,?,-,false,-
io.shardingsphere,sharding-core,3.1.0,-,-,?,-,false,-
io.shardingsphere,sharding-jdbc-core,3.1.0,-,-,?,-,false,-
io.shardingsphere,sharding-jdbc-orchestration,3.1.0,-,-,?,-,false,-
io.shardingsphere,sharding-jdbc-orchestration-spring-boot-starter,3.1.0,-,-,?,-,false,-
io.shardingsphere,sharding-jdbc-orchestration-spring-namespace,3.1.0,-,-,?,-,false,-
io.shardingsphere,sharding-jdbc-spring-boot-starter,3.1.0,-,-,?,-,false,-
io.shardingsphere,sharding-jdbc-spring-namespace,3.1.0,-,-,?,-,false,-
io.shardingsphere,sharding-opentracing,3.1.0,-,-,?,-,false,-
io.shardingsphere,sharding-orchestration-core,3.1.0,-,-,?,-,false,-
io.shardingsphere,sharding-orchestration-reg-api,3.1.0,-,-,?,-,false,-
io.shardingsphere,sharding-orchestration-reg-etcd,3.1.0,-,-,?,-,false,-
io.shardingsphere,sharding-orchestration-reg-zookeeper-curator,3.1.0,-,-,?,-,false,-
io.shardingsphere,sharding-proxy,3.1.0,-,-,?,-,false,-
io.shardingsphere,sharding-sql-test,3.1.0,-,-,?,-,false,-
io.shardingsphere,sharding-transaction-2pc-spi,3.1.0,-,-,?,-,false,-
io.shardingsphere,sharding-transaction-2pc-xa,3.1.0,-,-,?,-,false,-
io.shardingsphere,sharding-transaction-core,3.1.0,-,-,?,-,false,-
io.shardingsphere,sharding-transaction-spring,3.1.0,-,-,?,-,false,-
io.shardingsphere,sharding-transaction-spring-boot-starter,3.1.0,-,-,?,-,false,-
org.keeber,esprit-api-client,0.3.4,-,-,?,-,false,-
se.bjurr.violations,violation-comments-to-github-gradle-plugin,1.51,-,-,?,-,false,-
se.bjurr.violations,violation-comments-to-github-maven-plugin,1.50,-,-,?,-,false,-
se.bjurr.violations,violation-comments-to-gitlab-gradle-plugin,1.25,-,-,?,-,false,-
se.bjurr.violations,violation-comments-to-gitlab-maven-plugin,1.27,-,-,?,-,false,-
za.co.absa,abris_2.11,2.2.2,-,-,?,-,false,-
