groupId,artifactId,version,moduleName,moduleVersion,moduleMode,moduleDependencies,jdepsToolError,jdepsViolations
ch.epfl.lamp,dotty_0.12,0.12.0-bin-20190107-fb0e3bc-NIGHTLY,-,-,?,-,false,-
ch.epfl.lamp,dotty-compiler_0.12,0.12.0-bin-20190107-fb0e3bc-NIGHTLY,-,-,?,-,false,-
ch.epfl.lamp,dotty-doc_0.12,0.12.0-bin-20190107-fb0e3bc-NIGHTLY,-,-,?,-,false,-
ch.epfl.lamp,dotty-interfaces,0.12.0-bin-20190107-fb0e3bc-NIGHTLY,-,-,?,-,false,-
ch.epfl.lamp,dotty-language-server_0.12,0.12.0-bin-20190107-fb0e3bc-NIGHTLY,-,-,?,-,false,-
ch.epfl.lamp,dotty-library_0.12,0.12.0-bin-20190107-fb0e3bc-NIGHTLY,-,-,?,-,false,sun.misc.Unsafe                          See http://openjdk.java.net/jeps/260
ch.epfl.lamp,scala-compiler,0.12.0-bin-20190107-fb0e3bc-NIGHTLY,-,-,?,-,false,-
ch.epfl.lamp,scala-library,0.12.0-bin-20190107-fb0e3bc-NIGHTLY,-,-,?,-,false,-
ch.epfl.lamp,scalap,0.12.0-bin-20190107-fb0e3bc-NIGHTLY,-,-,?,-,false,-
ch.epfl.lamp,scala-reflect,0.12.0-bin-20190107-fb0e3bc-NIGHTLY,-,-,?,-,false,-
com.aliyun,aliyun-java-sdk-hdm,1.0.3,-,-,?,-,false,-
com.amazonaws,aws-java-sdk,1.11.479,-,-,?,-,false,-
com.amazonaws,aws-java-sdk-acm,1.11.479,-,-,?,-,false,-
com.amazonaws,aws-java-sdk-acmpca,1.11.479,-,-,?,-,false,-
com.amazonaws,aws-java-sdk-alexaforbusiness,1.11.479,-,-,?,-,false,-
com.amazonaws,aws-java-sdk-amplify,1.11.479,-,-,?,-,false,-
com.amazonaws,aws-java-sdk-api-gateway,1.11.479,-,-,?,-,false,-
com.amazonaws,aws-java-sdk-apigatewaymanagementapi,1.11.479,-,-,?,-,false,-
com.amazonaws,aws-java-sdk-apigatewayv2,1.11.479,-,-,?,-,false,-
com.amazonaws,aws-java-sdk-applicationautoscaling,1.11.479,-,-,?,-,false,-
com.amazonaws,aws-java-sdk-appmesh,1.11.479,-,-,?,-,false,-
com.amazonaws,aws-java-sdk-appstream,1.11.479,-,-,?,-,false,-
com.amazonaws,aws-java-sdk-appsync,1.11.479,-,-,?,-,false,-
com.amazonaws,aws-java-sdk-athena,1.11.479,-,-,?,-,false,-
com.amazonaws,aws-java-sdk-autoscaling,1.11.479,-,-,?,-,false,-
com.amazonaws,aws-java-sdk-autoscalingplans,1.11.479,-,-,?,-,false,-
com.amazonaws,aws-java-sdk-batch,1.11.479,-,-,?,-,false,-
com.amazonaws,aws-java-sdk-budgets,1.11.479,-,-,?,-,false,-
com.amazonaws,aws-java-sdk-bundle,1.11.479,-,-,?,-,false,sun.misc.Unsafe                          See http://openjdk.java.net/jeps/260 + sun.security.x509.X500Name               Use javax.security.auth.x500.X500Principal @since 1.4
com.amazonaws,aws-java-sdk-chime,1.11.479,-,-,?,-,false,-
com.amazonaws,aws-java-sdk-cloud9,1.11.479,-,-,?,-,false,-
com.amazonaws,aws-java-sdk-clouddirectory,1.11.479,-,-,?,-,false,-
com.amazonaws,aws-java-sdk-cloudformation,1.11.479,-,-,?,-,false,-
com.amazonaws,aws-java-sdk-cloudfront,1.11.479,-,-,?,-,false,-
com.amazonaws,aws-java-sdk-cloudhsm,1.11.479,-,-,?,-,false,-
com.amazonaws,aws-java-sdk-cloudhsmv2,1.11.479,-,-,?,-,false,-
com.amazonaws,aws-java-sdk-cloudsearch,1.11.479,-,-,?,-,false,-
com.amazonaws,aws-java-sdk-cloudtrail,1.11.479,-,-,?,-,false,-
com.amazonaws,aws-java-sdk-cloudwatch,1.11.479,-,-,?,-,false,-
com.amazonaws,aws-java-sdk-cloudwatchmetrics,1.11.479,-,-,?,-,false,-
com.amazonaws,aws-java-sdk-codebuild,1.11.479,-,-,?,-,false,-
com.amazonaws,aws-java-sdk-codecommit,1.11.479,-,-,?,-,false,-
com.amazonaws,aws-java-sdk-codedeploy,1.11.479,-,-,?,-,false,-
com.amazonaws,aws-java-sdk-code-generator,1.11.479,-,-,?,-,false,-
com.amazonaws,aws-java-sdk-codegen-maven-plugin,1.11.479,-,-,?,-,false,-
com.amazonaws,aws-java-sdk-codepipeline,1.11.479,-,-,?,-,false,-
com.amazonaws,aws-java-sdk-codestar,1.11.479,-,-,?,-,false,-
com.amazonaws,aws-java-sdk-cognitoidentity,1.11.479,-,-,?,-,false,-
com.amazonaws,aws-java-sdk-cognitoidp,1.11.479,-,-,?,-,false,-
com.amazonaws,aws-java-sdk-cognitosync,1.11.479,-,-,?,-,false,-
com.amazonaws,aws-java-sdk-comprehend,1.11.479,-,-,?,-,false,-
com.amazonaws,aws-java-sdk-comprehendmedical,1.11.479,-,-,?,-,false,-
com.amazonaws,aws-java-sdk-config,1.11.479,-,-,?,-,false,-
com.amazonaws,aws-java-sdk-connect,1.11.479,-,-,?,-,false,-
com.amazonaws,aws-java-sdk-core,1.11.479,-,-,?,-,false,-
com.amazonaws,aws-java-sdk-costandusagereport,1.11.479,-,-,?,-,false,-
com.amazonaws,aws-java-sdk-costexplorer,1.11.479,-,-,?,-,false,-
com.amazonaws,aws-java-sdk-datapipeline,1.11.479,-,-,?,-,false,-
com.amazonaws,aws-java-sdk-datasync,1.11.479,-,-,?,-,false,-
com.amazonaws,aws-java-sdk-dax,1.11.479,-,-,?,-,false,-
com.amazonaws,aws-java-sdk-devicefarm,1.11.479,-,-,?,-,false,-
com.amazonaws,aws-java-sdk-directconnect,1.11.479,-,-,?,-,false,-
com.amazonaws,aws-java-sdk-directory,1.11.479,-,-,?,-,false,-
com.amazonaws,aws-java-sdk-discovery,1.11.479,-,-,?,-,false,-
com.amazonaws,aws-java-sdk-dlm,1.11.479,-,-,?,-,false,-
com.amazonaws,aws-java-sdk-dms,1.11.479,-,-,?,-,false,-
com.amazonaws,aws-java-sdk-dynamodb,1.11.479,-,-,?,-,false,-
com.amazonaws,aws-java-sdk-ec2,1.11.479,-,-,?,-,false,-
com.amazonaws,aws-java-sdk-ecr,1.11.479,-,-,?,-,false,-
com.amazonaws,aws-java-sdk-ecs,1.11.479,-,-,?,-,false,-
com.amazonaws,aws-java-sdk-efs,1.11.479,-,-,?,-,false,-
com.amazonaws,aws-java-sdk-eks,1.11.479,-,-,?,-,false,-
com.amazonaws,aws-java-sdk-elasticache,1.11.479,-,-,?,-,false,-
com.amazonaws,aws-java-sdk-elasticbeanstalk,1.11.479,-,-,?,-,false,-
com.amazonaws,aws-java-sdk-elasticloadbalancing,1.11.479,-,-,?,-,false,-
com.amazonaws,aws-java-sdk-elasticloadbalancingv2,1.11.479,-,-,?,-,false,-
com.amazonaws,aws-java-sdk-elasticsearch,1.11.479,-,-,?,-,false,-
com.amazonaws,aws-java-sdk-elastictranscoder,1.11.479,-,-,?,-,false,-
com.amazonaws,aws-java-sdk-emr,1.11.479,-,-,?,-,false,-
com.amazonaws,aws-java-sdk-events,1.11.479,-,-,?,-,false,-
com.amazonaws,aws-java-sdk-fms,1.11.479,-,-,?,-,false,-
com.amazonaws,aws-java-sdk-fsx,1.11.479,-,-,?,-,false,-
com.amazonaws,aws-java-sdk-gamelift,1.11.479,-,-,?,-,false,-
com.amazonaws,aws-java-sdk-glacier,1.11.479,-,-,?,-,false,-
com.amazonaws,aws-java-sdk-globalaccelerator,1.11.479,-,-,?,-,false,-
com.amazonaws,aws-java-sdk-glue,1.11.479,-,-,?,-,false,-
com.amazonaws,aws-java-sdk-greengrass,1.11.479,-,-,?,-,false,-
com.amazonaws,aws-java-sdk-guardduty,1.11.479,-,-,?,-,false,-
com.amazonaws,aws-java-sdk-health,1.11.479,-,-,?,-,false,-
com.amazonaws,aws-java-sdk-iam,1.11.479,-,-,?,-,false,-
com.amazonaws,aws-java-sdk-importexport,1.11.479,-,-,?,-,false,-
com.amazonaws,aws-java-sdk-inspector,1.11.479,-,-,?,-,false,-
com.amazonaws,aws-java-sdk-iot,1.11.479,-,-,?,-,false,-
com.amazonaws,aws-java-sdk-iot1clickdevices,1.11.479,-,-,?,-,false,-
com.amazonaws,aws-java-sdk-iot1clickprojects,1.11.479,-,-,?,-,false,-
com.amazonaws,aws-java-sdk-iotanalytics,1.11.479,-,-,?,-,false,-
com.amazonaws,aws-java-sdk-iotjobsdataplane,1.11.479,-,-,?,-,false,-
com.amazonaws,aws-java-sdk-kafka,1.11.479,-,-,?,-,false,-
com.amazonaws,aws-java-sdk-kinesis,1.11.479,-,-,?,-,false,-
com.amazonaws,aws-java-sdk-kinesisanalyticsv2,1.11.479,-,-,?,-,false,-
com.amazonaws,aws-java-sdk-kinesisvideo,1.11.479,-,-,?,-,false,-
com.amazonaws,aws-java-sdk-kms,1.11.479,-,-,?,-,false,-
com.amazonaws,aws-java-sdk-lambda,1.11.479,-,-,?,-,false,-
com.amazonaws,aws-java-sdk-lex,1.11.479,-,-,?,-,false,-
com.amazonaws,aws-java-sdk-lexmodelbuilding,1.11.479,-,-,?,-,false,-
com.amazonaws,aws-java-sdk-licensemanager,1.11.479,-,-,?,-,false,-
com.amazonaws,aws-java-sdk-lightsail,1.11.479,-,-,?,-,false,-
com.amazonaws,aws-java-sdk-logs,1.11.479,-,-,?,-,false,-
com.amazonaws,aws-java-sdk-machinelearning,1.11.479,-,-,?,-,false,-
com.amazonaws,aws-java-sdk-macie,1.11.479,-,-,?,-,false,-
com.amazonaws,aws-java-sdk-marketplacecommerceanalytics,1.11.479,-,-,?,-,false,-
com.amazonaws,aws-java-sdk-marketplaceentitlement,1.11.479,-,-,?,-,false,-
com.amazonaws,aws-java-sdk-marketplacemeteringservice,1.11.479,-,-,?,-,false,-
com.amazonaws,aws-java-sdk-mechanicalturkrequester,1.11.479,-,-,?,-,false,-
com.amazonaws,aws-java-sdk-mediaconnect,1.11.479,-,-,?,-,false,-
com.amazonaws,aws-java-sdk-mediaconvert,1.11.479,-,-,?,-,false,-
com.amazonaws,aws-java-sdk-medialive,1.11.479,-,-,?,-,false,-
com.amazonaws,aws-java-sdk-mediapackage,1.11.479,-,-,?,-,false,-
com.amazonaws,aws-java-sdk-mediastore,1.11.479,-,-,?,-,false,-
com.amazonaws,aws-java-sdk-mediastoredata,1.11.479,-,-,?,-,false,-
com.amazonaws,aws-java-sdk-mediatailor,1.11.479,-,-,?,-,false,-
com.amazonaws,aws-java-sdk-migrationhub,1.11.479,-,-,?,-,false,-
com.amazonaws,aws-java-sdk-mobile,1.11.479,-,-,?,-,false,-
com.amazonaws,aws-java-sdk-models,1.11.479,-,-,?,-,false,-
com.amazonaws,aws-java-sdk-mq,1.11.479,-,-,?,-,false,-
com.amazonaws,aws-java-sdk-neptune,1.11.479,-,-,?,-,false,-
com.amazonaws,aws-java-sdk-opensdk,1.11.479,-,-,?,-,false,-
com.amazonaws,aws-java-sdk-opsworks,1.11.479,-,-,?,-,false,-
com.amazonaws,aws-java-sdk-opsworkscm,1.11.479,-,-,?,-,false,-
com.amazonaws,aws-java-sdk-organizations,1.11.479,-,-,?,-,false,-
com.amazonaws,aws-java-sdk-osgi,1.11.479,-,-,?,-,false,-
com.amazonaws,aws-java-sdk-pi,1.11.479,-,-,?,-,false,-
com.amazonaws,aws-java-sdk-pinpoint,1.11.479,-,-,?,-,false,-
com.amazonaws,aws-java-sdk-pinpointemail,1.11.479,-,-,?,-,false,-
com.amazonaws,aws-java-sdk-pinpointsmsvoice,1.11.479,-,-,?,-,false,-
com.amazonaws,aws-java-sdk-polly,1.11.479,-,-,?,-,false,-
com.amazonaws,aws-java-sdk-pricing,1.11.479,-,-,?,-,false,-
com.amazonaws,aws-java-sdk-quicksight,1.11.479,-,-,?,-,false,-
com.amazonaws,aws-java-sdk-ram,1.11.479,-,-,?,-,false,-
com.amazonaws,aws-java-sdk-rds,1.11.479,-,-,?,-,false,-
com.amazonaws,aws-java-sdk-rdsdata,1.11.479,-,-,?,-,false,-
com.amazonaws,aws-java-sdk-redshift,1.11.479,-,-,?,-,false,-
com.amazonaws,aws-java-sdk-rekognition,1.11.479,-,-,?,-,false,-
com.amazonaws,aws-java-sdk-resourcegroups,1.11.479,-,-,?,-,false,-
com.amazonaws,aws-java-sdk-resourcegroupstaggingapi,1.11.479,-,-,?,-,false,-
com.amazonaws,aws-java-sdk-robomaker,1.11.479,-,-,?,-,false,-
com.amazonaws,aws-java-sdk-route53,1.11.479,-,-,?,-,false,-
com.amazonaws,aws-java-sdk-route53resolver,1.11.479,-,-,?,-,false,-
com.amazonaws,aws-java-sdk-s3,1.11.479,-,-,?,-,false,-
com.amazonaws,aws-java-sdk-s3control,1.11.479,-,-,?,-,false,-
com.amazonaws,aws-java-sdk-sagemaker,1.11.479,-,-,?,-,false,-
com.amazonaws,aws-java-sdk-sagemakerruntime,1.11.479,-,-,?,-,false,-
com.amazonaws,aws-java-sdk-secretsmanager,1.11.479,-,-,?,-,false,-
com.amazonaws,aws-java-sdk-securityhub,1.11.479,-,-,?,-,false,-
com.amazonaws,aws-java-sdk-serverlessapplicationrepository,1.11.479,-,-,?,-,false,-
com.amazonaws,aws-java-sdk-servermigration,1.11.479,-,-,?,-,false,-
com.amazonaws,aws-java-sdk-servicecatalog,1.11.479,-,-,?,-,false,-
com.amazonaws,aws-java-sdk-servicediscovery,1.11.479,-,-,?,-,false,-
com.amazonaws,aws-java-sdk-ses,1.11.479,-,-,?,-,false,-
com.amazonaws,aws-java-sdk-shield,1.11.479,-,-,?,-,false,-
com.amazonaws,aws-java-sdk-signer,1.11.479,-,-,?,-,false,-
com.amazonaws,aws-java-sdk-simpledb,1.11.479,-,-,?,-,false,-
com.amazonaws,aws-java-sdk-simpleworkflow,1.11.479,-,-,?,-,false,-
com.amazonaws,aws-java-sdk-snowball,1.11.479,-,-,?,-,false,-
com.amazonaws,aws-java-sdk-sns,1.11.479,-,-,?,-,false,-
com.amazonaws,aws-java-sdk-sqs,1.11.479,-,-,?,-,false,-
com.amazonaws,aws-java-sdk-ssm,1.11.479,-,-,?,-,false,-
com.amazonaws,aws-java-sdk-stepfunctions,1.11.479,-,-,?,-,false,-
com.amazonaws,aws-java-sdk-storagegateway,1.11.479,-,-,?,-,false,-
com.amazonaws,aws-java-sdk-sts,1.11.479,-,-,?,-,false,-
com.amazonaws,aws-java-sdk-support,1.11.479,-,-,?,-,false,-
com.amazonaws,aws-java-sdk-test-utils,1.11.479,-,-,?,-,false,-
com.amazonaws,aws-java-sdk-transcribe,1.11.479,-,-,?,-,false,-
com.amazonaws,aws-java-sdk-transfer,1.11.479,-,-,?,-,false,-
com.amazonaws,aws-java-sdk-translate,1.11.479,-,-,?,-,false,-
com.amazonaws,aws-java-sdk-waf,1.11.479,-,-,?,-,false,-
com.amazonaws,aws-java-sdk-workdocs,1.11.479,-,-,?,-,false,-
com.amazonaws,aws-java-sdk-workmail,1.11.479,-,-,?,-,false,-
com.amazonaws,aws-java-sdk-workspaces,1.11.479,-,-,?,-,false,-
com.amazonaws,aws-java-sdk-xray,1.11.479,-,-,?,-,false,-
com.amazonaws,jmespath-java,1.11.479,-,-,?,-,false,-
com.gitee.grassprogramming,fastorm,0.0.2,-,-,?,-,false,-
io.afu,utils,0.0.36-RELEASE,-,-,?,-,false,sun.misc.BASE64Decoder                   Use java.util.Base64 @since 1.8
io.github.yangziwen,quick-dao-core,0.0.1,-,-,?,-,false,-
io.github.yangziwen,quick-dao-example,0.0.1,-,-,?,-,false,-
io.github.yangziwen,quick-dao-mybatis,0.0.1,-,-,?,-,false,-
io.github.yangziwen,quick-dao-spring-jdbc,0.0.1,-,-,?,-,false,-
io.github.yangziwen,quick-dao-sql2o,0.0.1,-,-,?,-,false,-
org.webjars,jquery-raty,2.7.1,-,-,?,-,false,-
