groupId,artifactId,version,moduleName,moduleVersion,moduleMode,moduleDependencies,jdepsToolError,jdepsViolations
com.beachape,enumeratum-circe_2.10,1.5.19,-,-,?,-,false,-
com.beachape,enumeratum-circe_2.11,1.5.19,-,-,?,-,false,-
com.beachape,enumeratum-circe_2.12,1.5.19,-,-,?,-,false,-
com.beachape,enumeratum-circe_sjs0.6_2.10,1.5.19,-,-,?,-,false,-
com.beachape,enumeratum-circe_sjs0.6_2.11,1.5.19,-,-,?,-,false,-
com.beachape,enumeratum-circe_sjs0.6_2.12,1.5.19,-,-,?,-,false,-
com.ibm.mobilefirstplatform.serversdk.java,push,1.5.0,-,-,?,-,false,-
com.mchange,failable_2.10,0.0.2,-,-,?,-,false,-
com.mchange,failable_2.11,0.0.2,-,-,?,-,false,-
com.mchange,failable_2.12,0.0.2,-,-,?,-,false,-
com.mchange,failable-logging_2.10,0.0.2,-,-,?,-,false,-
com.mchange,failable-logging_2.11,0.0.2,-,-,?,-,false,-
com.mchange,failable-logging_2.12,0.0.2,-,-,?,-,false,-
de.saumya.mojo,bundler-maven-plugin,1.1.6,-,-,?,-,false,-
de.saumya.mojo,cucumber-maven-plugin,1.1.6,-,-,?,-,false,-
de.saumya.mojo,gem-assembly-descriptors,1.1.6,-,-,?,-,false,-
de.saumya.mojo,gem-extension,1.1.6,-,-,?,-,false,-
de.saumya.mojo,gem-maven-plugin,1.1.6,-,-,?,-,false,-
de.saumya.mojo,gem-with-jar-extension,1.1.6,-,-,?,-,false,-
de.saumya.mojo,jruby-maven-plugin,1.1.6,-,-,?,-,false,-
de.saumya.mojo,minitest-maven-plugin,1.1.6,-,-,?,-,false,-
de.saumya.mojo,rake-maven-plugin,1.1.6,-,-,?,-,false,-
de.saumya.mojo,rspec-maven-plugin,1.1.6,-,-,?,-,false,-
de.saumya.mojo,ruby-tools,1.1.6,-,-,?,-,false,-
de.saumya.mojo,runit-maven-plugin,1.1.6,-,-,?,-,false,-
de.saumya.mojo,test-base-plugin,1.1.6,-,-,?,-,false,-
io.github.springstudent,GyJdbc,3.0.0,-,-,?,-,false,-
net.skobow,oauth2-restclient,0.1.2,-,-,?,-,false,-
net.skobow,oauth2-restclient-spring-boot-autoconfigure,0.1.2,-,-,?,-,false,-
net.skobow,oauth2-restclient-spring-boot-starter,0.1.2,-,-,?,-,false,-
org.chenmin.open,objector,0.0.7,-,-,?,-,false,-
org.chenmin.open,objector-ots,0.0.7,-,-,?,-,false,-
org.http4k,http4k-core,3.104.0,-,-,?,-,false,-
org.http4k,http4k-server-apache,3.104.0,-,-,?,-,false,-
org.wso2.extension.siddhi.execution.reorder,siddhi-execution-reorder,4.1.0,-,-,?,-,false,-
org.wso2.extension.siddhi.map.avro,siddhi-map-avro,1.0.66,-,-,?,-,false,sun.misc.Unsafe                          See http://openjdk.java.net/jeps/260
