groupId,artifactId,version,moduleName,moduleVersion,moduleMode,moduleDependencies,jdepsToolError,jdepsViolations
com.autotec.sdk,aci-java,2.0.11,-,-,?,-,false,-
com.autotec.sdk,vxc-java,2.0.11,-,-,?,-,false,-
com.crobox.clickhouse,client_2.11,0.8.12,-,-,?,-,false,-
com.crobox.clickhouse,client_2.12,0.8.12,-,-,?,-,false,-
com.crobox.clickhouse,dsl_2.12,0.8.12,-,-,?,-,false,-
com.crobox.clickhouse,testkit_2.11,0.8.12,-,-,?,-,false,-
com.crobox.clickhouse,testkit_2.12,0.8.12,-,-,?,-,false,-
com.feingto,iot-hub-client-java,1.1.9.RELEASE,-,-,?,-,false,-
com.feingto,iot-hub-client-spring,1.1.9.RELEASE,-,-,?,-,false,-
com.feingto,iot-hub-common,1.1.9.RELEASE,-,-,?,-,false,-
com.feingto,iot-hub-server,1.1.9.RELEASE,-,-,?,-,false,-
com.hashmapinc.tempus,witsml-client,1.1.0,-,-,?,-,false,-
de.mhus.lib,constgenerator-maven-plugin,3.4.0,-,-,?,-,false,sun.misc.Unsafe                          See http://openjdk.java.net/jeps/260
de.mhus.lib,mhu-lib-annotations,3.4.0,-,-,?,-,false,-
de.mhus.lib,mhu-lib-core,3.4.0,-,-,?,-,false,-
de.mhus.lib,mhu-lib-j2ee,3.4.0,-,-,?,-,false,-
de.mhus.lib,mhu-lib-jms,3.4.0,-,-,?,-,false,-
de.mhus.lib,mhu-lib-persistence,3.4.0,-,-,?,-,false,-
de.mhus.lib,mhu-lib-vaadin,3.4.0,-,-,?,-,false,-
de.mklinger.commons,httpclient,0.3,-,-,?,-,false,-
de.mklinger.jgroups,jgroups-http2,1.8,-,-,?,-,false,-
engineering.exploratory,nbiot-java,0.1,-,-,?,-,false,-
fun.mike,azure-auth,0.1.0,-,-,?,-,false,-
info.picocli,picocli,3.9.0,info.picocli,-,automatic,-,false,-
info.picocli,picocli-codegen,3.9.0,info.picocli.codegen,-,automatic,-,false,-
info.picocli,picocli-shell-jline2,3.9.0,info.picocli.shell.jline2,-,automatic,-,false,-
io.xream.x7,spring-boot-starter-x7,1.5.7.RELEASE,-,-,?,-,false,-
io.xream.x7,x7-config,1.5.7.RELEASE,-,-,?,-,false,-
io.xream.x7,x7-core,1.5.7.RELEASE,-,-,?,-,false,-
io.xream.x7,x7-repository,1.5.7.RELEASE,-,-,?,-,false,-
jp.ne.opt,chronoscala_2.10,0.3.0,-,-,?,-,false,-
jp.ne.opt,chronoscala_2.11,0.3.0,-,-,?,-,false,-
jp.ne.opt,chronoscala_2.12,0.3.0,-,-,?,-,false,-
jp.ne.opt,chronoscala_2.13.0-M4,0.3.0,-,-,?,-,false,-
org.scalameta,mdoc_2.12,1.2.5,-,-,?,-,false,-
org.scalameta,mdoc-docs_2.12,1.2.5,-,-,?,-,false,-
org.scalameta,mdoc-js_2.12,1.2.5,-,-,?,-,false,-
org.scalameta,mdoc-lsp_2.12,1.2.5,-,-,?,-,false,-
org.scalameta,mdoc-runtime_2.12,1.2.5,-,-,?,-,false,-
org.webjars,jquery.inputmask,4.0.5,-,-,?,-,false,-
ru.shemplo,snowball,1.0.0,-,-,?,-,false,-
