groupId,artifactId,version,moduleName,moduleVersion,moduleMode,moduleDependencies,jdepsToolError,jdepsViolations
com.actelion.research,openchemlib,2019.1.0,-,-,?,-,false,-
com.github.waffle.demo,waffle-spring-boot-filter,2.0.0-beta1,-,-,?,-,false,-
com.github.waffle.demo,waffle-spring-boot-filter2,2.0.0-beta1,-,-,?,-,false,-
com.github.waffle,waffle-jetty,2.0.0-beta1,-,-,?,-,false,-
com.github.waffle,waffle-jna,2.0.0-beta1,-,-,?,-,false,-
com.github.waffle,waffle-shiro,2.0.0-beta1,-,-,?,-,false,-
com.github.waffle,waffle-spring-boot-autoconfigure,2.0.0-beta1,-,-,?,-,false,-
com.github.waffle,waffle-spring-boot-autoconfigure2,2.0.0-beta1,-,-,?,-,false,-
com.github.waffle,waffle-spring-boot-starter,2.0.0-beta1,-,-,?,-,false,-
com.github.waffle,waffle-spring-boot-starter2,2.0.0-beta1,-,-,?,-,false,-
com.github.waffle,waffle-spring-security4,2.0.0-beta1,-,-,?,-,false,-
com.github.waffle,waffle-spring-security5,2.0.0-beta1,-,-,?,-,false,-
com.github.waffle,waffle-tests,2.0.0-beta1,-,-,?,-,false,-
com.github.waffle,waffle-tomcat7,2.0.0-beta1,-,-,?,-,false,-
com.github.waffle,waffle-tomcat8,2.0.0-beta1,-,-,?,-,false,-
com.github.waffle,waffle-tomcat85,2.0.0-beta1,-,-,?,-,false,-
com.github.waffle,waffle-tomcat9,2.0.0-beta1,-,-,?,-,false,-
io.configrd,configrd-core,2.0.0,-,-,?,-,false,-
