groupId,artifactId,version,moduleName,moduleVersion,moduleMode,moduleDependencies,jdepsToolError,jdepsViolations
cn.cocook,cocook-mvc,1.0.1,-,-,?,-,false,sun.misc.BASE64Decoder                   Use java.util.Base64 @since 1.8 + sun.misc.BASE64Encoder                   Use java.util.Base64 @since 1.8
com.esotericsoftware.spine,spine-libgdx,3.7.83.1,-,-,?,-,false,-
com.github.dreamroute,excel-helper,1.9.4-RELEASE,-,-,?,-,false,-
com.github.gvolpe,console4cats_2.11,0.6.0,-,-,?,-,false,-
com.github.gvolpe,console4cats_2.12,0.6.0,-,-,?,-,false,-
com.github.ldapchai,ldapchai,0.7.4,com.novell.ldapchai,-,automatic,-,false,-
com.github.shyiko,mysql-binlog-connector-java,0.17.0,-,-,?,-,false,sun.security.util.HostnameChecker        Use javax.net.ssl.SSLParameters.setEndpointIdentificationAlgorithm("HTTPS") @since 1.7 +                                          or javax.net.ssl.HttpsURLConnection.setHostnameVerifier() @since 1.4
com.jdkhome.blzo,blzo-ex-authj,0.0.9,-,-,?,-,false,-
com.jdkhome.blzo,blzo-ex-basic,0.0.9,-,-,?,-,false,-
com.jdkhome.blzo,blzo-ex-ip2region,0.0.9,-,-,?,-,false,-
com.jdkhome.blzo,blzo-ex-redission,0.0.9,-,-,?,-,false,-
com.jdkhome.blzo,blzo-ex-usignin,0.0.9,-,-,?,-,false,-
com.jdkhome.blzo,blzo-ex-utils,0.0.9,-,-,?,-,false,-
com.jdkhome.blzo,blzo-ex-version,0.0.9,-,-,?,-,false,-
com.sdl,odata_api,2.6.2,-,-,?,-,false,-
com.sdl,odata_checkstyle,2.6.2,-,-,?,-,false,-
com.sdl,odata_client,2.6.2,-,-,?,-,false,-
com.sdl,odata_client_api,2.6.2,-,-,?,-,false,-
com.sdl,odata_client_tracing,2.6.2,-,-,?,-,false,-
com.sdl,odata_common,2.6.2,-,-,?,-,false,-
com.sdl,odata_controller,2.6.2,-,-,?,-,false,-
com.sdl,odata_edm,2.6.2,-,-,?,-,false,-
com.sdl,odata_parser,2.6.2,-,-,?,-,false,-
com.sdl,odata_processor,2.6.2,-,-,?,-,false,-
com.sdl,odata_renderer,2.6.2,-,-,?,-,false,-
com.sdl,odata_service,2.6.2,-,-,?,-,false,-
com.sdl,odata_test,2.6.2,-,-,?,-,false,-
com.sdl,odata_webservice,2.6.2,-,-,?,-,false,-
dk.bankdata.api,types,1.0.1,-,-,?,-,false,-
fr.brouillard.oss,jgitver,0.9.0,fr.brouillard.oss.jgitver.library,-,automatic,-,false,-
io.ebean,ebean-migration,11.13.1,io.ebean.migration,-,automatic,-,false,-
nl.vpro.shared,vpro-shared-avro,2.3.0,-,-,?,-,false,-
nl.vpro.shared,vpro-shared-camel,2.3.0,-,-,?,-,false,-
nl.vpro.shared,vpro-shared-client-resteasy,2.3.0,-,-,?,-,false,-
nl.vpro.shared,vpro-shared-configuration,2.3.0,-,-,?,-,false,-
nl.vpro.shared,vpro-shared-couchdb-util,2.3.0,-,-,?,-,false,-
nl.vpro.shared,vpro-shared-ektorp,2.3.0,-,-,?,-,false,-
nl.vpro.shared,vpro-shared-elasticsearch,2.3.0,-,-,?,-,false,-
nl.vpro.shared,vpro-shared-elasticsearch5,2.3.0,-,-,?,-,false,-
nl.vpro.shared,vpro-shared-elasticsearch-client,2.3.0,-,-,?,-,false,-
nl.vpro.shared,vpro-shared-guice,2.3.0,-,-,?,-,false,-
nl.vpro.shared,vpro-shared-hibernate,2.3.0,-,-,?,-,false,-
nl.vpro.shared,vpro-shared-jackson2,2.3.0,-,-,?,-,false,-
nl.vpro.shared,vpro-shared-logging,2.3.0,-,-,?,-,false,-
nl.vpro.shared,vpro-shared-persistence,2.3.0,-,-,?,-,false,-
nl.vpro.shared,vpro-shared-resteasy,2.3.0,-,-,?,-,false,-
nl.vpro.shared,vpro-shared-rs,2.3.0,-,-,?,-,false,-
nl.vpro.shared,vpro-shared-services,2.3.0,-,-,?,-,false,-
nl.vpro.shared,vpro-shared-test,2.3.0,-,-,?,-,false,-
nl.vpro.shared,vpro-shared-transfer,2.3.0,-,-,?,-,false,-
nl.vpro.shared,vpro-shared-util,2.3.0,-,-,?,-,false,-
nl.vpro.shared,vpro-shared-validation,2.3.0,-,-,?,-,false,-
nl.vpro.shared,vpro-shared-web,2.3.0,-,-,?,-,false,-
nl.vpro.shared,vpro-shared-ws,2.3.0,-,-,?,-,false,-
nl.vpro.shared,vpro-shared-xml,2.3.0,-,-,?,-,false,-
org.fusesource.restygwt,restygwt,2.2.4,-,-,?,-,false,-
org.neo4j,neo4j-ogm-api,3.2.0-alpha02,org.neo4j.ogm.drivers.api,-,automatic,-,false,-
org.neo4j,neo4j-ogm-bolt-driver,3.2.0-alpha02,org.neo4j.ogm.drivers.bolt,-,automatic,-,false,-
org.neo4j,neo4j-ogm-core,3.2.0-alpha02,org.neo4j.ogm.core,-,automatic,-,false,-
org.neo4j,neo4j-ogm-embedded-driver,3.2.0-alpha02,org.neo4j.ogm.drivers.embedded,-,automatic,-,false,-
org.neo4j,neo4j-ogm-http-driver,3.2.0-alpha02,org.neo4j.ogm.drivers.http,-,automatic,-,false,-
org.neo4j,neo4j-ogm-test,3.2.0-alpha02,org.neo4j.ogm.testutil,-,automatic,-,false,-
