groupId,artifactId,version,moduleName,moduleVersion,moduleMode,moduleDependencies,jdepsToolError,jdepsViolations
be.yildiz-games,engine-server,1.0.5,be.yildizgames.engine.server,-,explicit,be.yildizgames.common.authentication + be.yildizgames.common.exception + be.yildizgames.common.gameobject + be.yildizgames.common.geometry + be.yildizgames.common.logging + be.yildizgames.common.mapping + be.yildizgames.common.model + be.yildizgames.common.shape + be.yildizgames.common.util + be.yildizgames.engine.shared + be.yildizgames.module.messaging + be.yildizgames.module.network + be.yildizgames.module.physics + java.base + slf4j.api,false,-
com.amihaiemil.web,docker-java-api,0.0.7,-,-,?,-,false,-
com.feingto,iot-hub-client-java,1.1.8.RELEASE,-,-,?,-,false,-
com.feingto,iot-hub-client-spring,1.1.8.RELEASE,-,-,?,-,false,-
com.feingto,iot-hub-common,1.1.8.RELEASE,-,-,?,-,false,-
com.feingto,iot-hub-server,1.1.8.RELEASE,-,-,?,-,false,-
com.socrata,soda-api-java,0.10.3,-,-,?,-,false,-
io.circe,circe-derivation_2.11,0.11.0-M1,-,-,?,-,false,-
io.circe,circe-derivation_2.12,0.11.0-M1,-,-,?,-,false,-
io.circe,circe-derivation-annotations_2.11,0.11.0-M1,-,-,?,-,false,-
io.circe,circe-derivation-annotations_2.12,0.11.0-M1,-,-,?,-,false,-
io.circe,circe-derivation-annotations_sjs0.6_2.11,0.11.0-M1,-,-,?,-,false,-
io.circe,circe-derivation-annotations_sjs0.6_2.12,0.11.0-M1,-,-,?,-,false,-
io.circe,circe-derivation_sjs0.6_2.11,0.11.0-M1,-,-,?,-,false,-
io.circe,circe-derivation_sjs0.6_2.12,0.11.0-M1,-,-,?,-,false,-
io.circe,circe-spray_2.11,0.11.0,-,-,?,-,false,-
net.ozwolf,mongo-trek,3.1.1,-,-,?,-,false,-
org.graylog2,graylog2-server,3.0.0-beta.1,-,-,?,-,false,-
org.zoodb,zoodb,0.5.2,-,-,?,-,false,-
