groupId,artifactId,version,moduleName,moduleVersion,moduleMode,moduleDependencies,jdepsToolError,jdepsViolations
com.ibeetl,beetl-framework-starter,1.1.71.RELEASE,-,-,?,-,false,-
com.ibeetl,beetlsql,2.10.44,-,-,?,-,false,-
com.landawn,abacus-android,1.3.28,-,-,?,-,false,-
com.landawn,abacus-android-jdk7,1.3.28,-,-,?,-,false,-
com.landawn,abacus-android-se,1.3.28,-,-,?,-,false,-
com.landawn,abacus-android-se-jdk7,1.3.28,-,-,?,-,false,-
com.landawn,abacus-util,1.3.28,-,-,?,-,false,sun.misc.Unsafe                          See http://openjdk.java.net/jeps/260
com.landawn,abacus-util-jdk7,1.3.28,-,-,?,-,false,sun.misc.Unsafe                          See http://openjdk.java.net/jeps/260
io.github.xiaoyudeguang,easy-brancher,3.0.7-RELEASE,-,-,?,-,false,-
io.github.xiaoyudeguang,easy-cache,3.0.7-RELEASE,-,-,?,-,false,-
io.github.xiaoyudeguang,easy-core,3.0.7-RELEASE,-,-,?,-,false,-
io.github.xiaoyudeguang,easy-log,3.0.7-RELEASE,-,-,?,-,false,-
io.github.xiaoyudeguang,easy-mybatis,3.0.7-RELEASE,-,-,?,-,false,-
io.github.xiaoyudeguang,easy-socket,3.0.7-RELEASE,-,-,?,-,false,-
io.github.xiaoyudeguang,easy-swagger,3.0.7-RELEASE,-,-,?,-,false,-
io.github.xiaoyudeguang,easy-trunker,3.0.7-RELEASE,-,-,?,-,false,-
io.github.xiaoyudeguang,easy-web,3.0.7-RELEASE,-,-,?,-,false,-
org.smallmind,artifact-maven,3.3.14,-,-,?,-,false,-
org.smallmind,batching-base,3.3.14,-,-,?,-,false,-
org.smallmind,batching-spring,3.3.14,-,-,?,-,false,-
org.smallmind,forge-deploy,3.3.14,-,-,?,-,false,-
org.smallmind,scheduling-base,3.3.14,-,-,?,-,false,-
org.smallmind,scheduling-quartz,3.3.14,-,-,?,-,false,-
org.smallmind,schema-validation-plugin,3.3.14,-,-,?,-,false,-
org.smallmind,scribe-apache,3.3.14,-,-,?,-,false,-
org.smallmind,scribe-ink-indigenous,3.3.14,-,-,?,-,false,-
org.smallmind,scribe-ink-jdk,3.3.14,-,-,?,-,false,-
org.smallmind,scribe-ink-log4j,3.3.14,-,-,?,-,false,-
org.smallmind,scribe-pen,3.3.14,-,-,?,-,false,-
org.smallmind,scribe-slf4j,3.3.14,-,-,?,-,false,-
org.smallmind,scribe-spring,3.3.14,-,-,?,-,false,-
org.smallmind,sleuth-runner,3.3.14,-,-,?,-,false,-
org.smallmind,smallmind-foundation,3.3.14,-,-,?,-,false,-
org.smallmind,smallmind-instrument,3.3.14,-,-,?,-,false,-
org.smallmind,smallmind-javafx-extras,3.3.14,-,-,?,-,false,-
org.smallmind,smallmind-javafx-webstart,3.3.14,-,-,?,-,false,-
org.smallmind,smallmind-license-plugin,3.3.14,-,-,?,-,false,-
org.smallmind,smallmind-liquibase,3.3.14,-,-,?,-,false,-
org.smallmind,smallmind-memcached,3.3.14,-,-,?,-,false,-
org.smallmind,smallmind-nutsnbolts,3.3.14,-,-,?,-,false,sun.security.util.SecurityConstants      Use appropriate java.security.Permission subclass @since 1.1
org.smallmind,smallmind-persistence,3.3.14,-,-,?,-,false,-
org.smallmind,smallmind-phalanx,3.3.14,-,-,?,-,false,-
org.smallmind,smallmind-quorum,3.3.14,-,-,?,-,false,-
org.smallmind,smallmind-seda,3.3.14,-,-,?,-,false,-
org.smallmind,smallmind-swing,3.3.14,-,-,?,-,false,-
org.smallmind,smallmind-wicket,3.3.14,-,-,?,-,false,-
org.smallmind,spark-singularity-boot,3.3.14,-,-,?,-,false,-
org.smallmind,spark-singularity-maven-plugin,3.3.14,-,-,?,-,false,-
org.smallmind,spark-tanukisoft-integration,3.3.14,-,-,?,-,false,-
org.smallmind,spark-tanukisoft-maven-plugin,3.3.14,-,-,?,-,false,-
org.smallmind,surefire-sleuth-provider,3.3.14,-,-,?,-,false,-
org.smallmind,web-grizzly,3.3.14,-,-,?,-,false,-
org.smallmind,web-jersey,3.3.14,-,-,?,-,false,-
org.smallmind,web-json-dto,3.3.14,-,-,?,-,false,-
org.smallmind,web-json-scaffold,3.3.14,-,-,?,-,false,-
org.smallmind,web-jwt,3.3.14,-,-,?,-,false,-
org.smallmind,web-oauth,3.3.14,-,-,?,-,false,-
org.smallmind,web-reverse,3.3.14,-,-,?,-,false,-
org.smallmind,web-websocket,3.3.14,-,-,?,-,false,-
