groupId,artifactId,version,moduleName,moduleVersion,moduleMode,moduleDependencies,jdepsToolError,jdepsViolations
com.2oi7,mysql-table-helper,2.1.0,-,-,?,-,false,-
com.alibaba.pelican,PelicanDT,1.0.4,-,-,?,-,false,-
com.battcn,request-spring-boot-autoconfigure,1.0.8-RELEASE,-,-,?,-,false,sun.misc.BASE64Decoder                   Use java.util.Base64 @since 1.8
com.battcn,request-spring-boot-starter,1.0.8-RELEASE,-,-,?,-,false,-
com.github.fartherp,shiro-redisson,1.0.2,-,-,?,-,false,-
com.vodori,missing,0.1.6,-,-,?,-,false,-
com.xishankeji,Demo,1.1.1.38,-,-,?,-,false,-
com.xishankeji,Porter-Bridge-Http,1.1.1.38,-,-,?,-,false,-
com.xishankeji,Porter-Bridge-Servlet,1.1.1.38,-,-,?,-,false,-
com.xishankeji,Porter-Core,1.1.1.38,-,-,?,-,false,-
com.xishankeji,Porter-DB,1.1.1.38,-,-,?,-,false,-
io.github.xiaoyudeguang,easy-brancher,3.0.4-RELEASE,-,-,?,-,false,-
io.github.xiaoyudeguang,easy-cache,3.0.4-RELEASE,-,-,?,-,false,-
io.github.xiaoyudeguang,easy-core,3.0.4-RELEASE,-,-,?,-,false,-
io.github.xiaoyudeguang,easy-log,3.0.4-RELEASE,-,-,?,-,false,-
io.github.xiaoyudeguang,easy-mybatis,3.0.4-RELEASE,-,-,?,-,false,-
io.github.xiaoyudeguang,easy-socket,3.0.4-RELEASE,-,-,?,-,false,-
io.github.xiaoyudeguang,easy-trunker,3.0.4-RELEASE,-,-,?,-,false,-
io.growing.sdk.java,growingio-java-sdk,1.0.1,-,-,?,-,false,-
org.fastquery,fastquery,1.0.65,-,-,?,-,false,-
