groupId,artifactId,version,moduleName,moduleVersion,moduleMode,moduleDependencies,jdepsToolError,jdepsViolations
br.ufsc.bridge,soap-api,0.0.7,-,-,?,-,false,-
com.expedia,graphql-kotlin,0.0.31,-,-,?,-,false,-
com.github.akaskywolf,rjc,0.7.1,-,-,?,-,false,-
com.github.ferstl,depgraph-maven-plugin,3.3.0,-,-,?,-,false,-
com.rookout,rook,0.1.47,-,-,?,-,false,sun.misc.JavaLangAccess                  Removed. See http://openjdk.java.net/jeps/260 + sun.misc.SharedSecrets                   Removed. See http://openjdk.java.net/jeps/260 + sun.misc.Unsafe                          See http://openjdk.java.net/jeps/260 + sun.security.x509.X500Name               Use javax.security.auth.x500.X500Principal @since 1.4
de.hbt.propertyname,propertyname,1.0.0,-,-,?,-,false,-
net.seesharpsoft.sharping,sharping-commons,0.14.0,-,-,?,-,false,-
net.seesharpsoft.sharping,sharping-spring-data,0.14.0,-,-,?,-,false,-
net.seesharpsoft.sharping,sharping-spring-multipart,0.14.0,-,-,?,-,false,-
net.seesharpsoft.sharping,sharping-spring-multipart-boot,0.14.0,-,-,?,-,false,-
net.seesharpsoft.sharping,sharping-spring-multipart-boot-example,0.14.0,-,-,?,-,false,-
net.seesharpsoft.sharping,sharping-spring-multipart-example,0.14.0,-,-,?,-,false,-
net.seesharpsoft.sharping,sharping-spring-suite,0.14.0,-,-,?,-,false,-
net.seesharpsoft.sharping,sharping-spring-suite-boot,0.14.0,-,-,?,-,false,-
org.amqphub.spring,amqp-10-jms-spring-boot-autoconfigure,2.1.1,-,-,?,-,false,-
org.amqphub.spring,amqp-10-jms-spring-boot-starter,2.1.1,-,-,?,-,false,-
org.scalameta,scalafmt-cli_2.11,2.0.0-RC3,-,-,?,-,false,-
org.scalameta,scalafmt-cli_2.12,2.0.0-RC3,-,-,?,-,false,-
org.scalameta,scalafmt-core_2.11,2.0.0-RC3,-,-,?,-,false,-
org.scalameta,scalafmt-core_2.12,2.0.0-RC3,-,-,?,-,false,-
org.scalameta,scalafmt-core_sjs0.6_2.11,2.0.0-RC3,-,-,?,-,false,-
org.scalameta,scalafmt-core_sjs0.6_2.12,2.0.0-RC3,-,-,?,-,false,-
org.scalameta,scalafmt-dynamic_2.11,2.0.0-RC3,-,-,?,-,false,-
org.scalameta,scalafmt-dynamic_2.12,2.0.0-RC3,-,-,?,-,false,-
org.scalameta,scalafmt-interfaces,2.0.0-RC3,-,-,?,-,false,-
top.hmtools,hm-tools-gb-t2260-starter,0.0.1,-,-,?,-,false,-
