groupId,artifactId,version,moduleName,moduleVersion,moduleMode,moduleDependencies,jdepsToolError,jdepsViolations
com.liferay,com.liferay.gradle.plugins,3.12.49,-,-,?,-,false,-
com.liferay,com.liferay.gradle.plugins.defaults,5.5.98,-,-,?,-,false,-
com.liferay,com.liferay.gradle.plugins.source.formatter,2.3.256,-,-,?,-,false,-
com.liferay,com.liferay.gradle.plugins.workspace,1.7.1,-,-,?,-,false,-
com.liferay,com.liferay.petra.json.web.service.client,1.3.3,-,-,?,-,false,-
com.liferay,com.liferay.source.formatter,1.0.656,-,-,?,-,false,-
