groupId,artifactId,version,moduleName,moduleVersion,moduleMode,moduleDependencies,jdepsToolError,jdepsViolations
com.github.martinjedwabny,papow,1.0.5,-,-,?,-,false,-
io.baltoro,client-lib,4.0.7,-,-,?,-,false,-
io.getnelson.platypus,core_2.11,0.1.6,-,-,?,-,false,-
io.getnelson.platypus,core_2.12,0.1.6,-,-,?,-,false,-
io.getnelson.platypus,http4s_2.11,0.1.6,-,-,?,-,false,-
io.getnelson.platypus,http4s_2.12,0.1.6,-,-,?,-,false,-
kg.net.bazi.gsb4j,gsb4j-core,1.0.3,-,-,?,-,false,-
kg.net.bazi.gsb4j,gsb4j-http,1.0.3,-,-,?,-,false,-
org.trellisldp.ext,camel-ldp-elasticsearch,0.1.0,org.trellisldp.ext.elasticsearch,-,automatic,-,false,-
org.trellisldp.ext,camel-ldp-karaf,0.1.0,-,-,?,-,false,-
org.trellisldp.ext,camel-ldp-ldpath,0.1.0,org.trellisldp.ext.ldpath,-,automatic,-,false,-
org.trellisldp.ext,camel-ldp-triplestore,0.1.0,org.trellisldp.ext.triplestore,-,automatic,-,false,-
org.trellisldp.ext,camel-ldp-websub,0.1.0,org.trellisldp.ext.websub,-,automatic,-,false,-
