groupId,artifactId,version,moduleName,moduleVersion,moduleMode,moduleDependencies,jdepsToolError,jdepsViolations
be.yildiz-games,module-messaging,1.0.3,be.yildizgames.module.messaging,-,explicit,be.yildizgames.common.exception + be.yildizgames.common.logging + be.yildizgames.common.util + java.base + javax.jms.api + slf4j.api,false,-
biz.netcentric.vlt.upgrade,vault-upgrade-hook,1.0.1,-,-,?,-,false,-
com.alecstrong,sqlite-psi-core,0.1.5,-,-,?,-,false,-
com.ardikars.common,common,1.2.6.RC9,-,-,?,-,false,-
com.ardikars.common,common-annotation,1.2.6.RC9,-,-,?,-,false,-
com.ardikars.common,common-constant,1.2.6.RC9,-,-,?,-,false,-
com.ardikars.common,common-logging,1.2.6.RC9,-,-,?,-,false,-
com.ardikars.common,common-net,1.2.6.RC9,-,-,?,-,false,-
com.ardikars.common,common-tuple,1.2.6.RC9,-,-,?,-,false,-
com.ardikars.common,common-util,1.2.6.RC9,-,-,?,-,false,sun.misc.Unsafe                          See http://openjdk.java.net/jeps/260
com.ardikars.jxnet,jxnet,1.5.3.RC6,-,-,?,-,false,-
com.ardikars.jxnet,jxnet-benchmark,1.5.3.RC6,-,-,?,-,false,-
com.ardikars.jxnet,jxnet-context,1.5.3.RC6,-,-,?,-,false,-
com.ardikars.jxnet,jxnet-core,1.5.3.RC6,-,-,?,-,false,-
com.ardikars.jxnet,jxnet-example,1.5.3.RC6,-,-,?,-,false,-
com.ardikars.jxnet,jxnet-spring-boot-autoconfigure,1.5.3.RC6,-,-,?,-,false,-
com.ardikars.jxnet,jxnet-spring-boot-starter,1.5.3.RC6,-,-,?,-,false,-
com.ardikars.jxnet,jxnet-spring-boot-starter-example,1.5.3.RC6,-,-,?,-,false,-
com.disneystreaming.pg2k4j,pg2k4j,0.1.15,-,-,?,-,false,-
com.forgerock.openbanking,openbanking-sdk,3.0.0.12,-,-,?,-,false,-
com.github.lucarosellini,alexa-custom-skill-archetype,1.0.0,-,-,?,-,false,-
com.github.martinjedwabny,papow,1.0.6,-,-,?,-,false,-
de.julielab,jcore-pipeline-builder-base,0.2.8,-,-,?,-,false,-
de.julielab,jcore-pipeline-builder-cli,0.2.8,-,-,?,-,false,-
de.julielab,jcore-pipeline-runner-assembly,0.2.8,-,-,?,-,false,-
de.julielab,jcore-pipeline-runner-base,0.2.8,-,-,?,-,false,-
de.julielab,jcore-pipeline-runner-cpe,0.2.8,-,-,?,-,false,-
de.julielab,julielab-maven-aether-utilities,1.1.0,-,-,?,-,false,-
io.github.snapitch,contaistner,0.1.1,-,-,?,-,false,-
net.nemerosa.ontrack,ontrack-acceptance,3.37.2,-,-,?,-,false,-
net.nemerosa.ontrack,ontrack-client,3.37.2,-,-,?,-,false,-
net.nemerosa.ontrack,ontrack-common,3.37.2,-,-,?,-,false,-
net.nemerosa.ontrack,ontrack-database,3.37.2,-,-,?,-,false,-
net.nemerosa.ontrack,ontrack-docs,3.37.2,-,-,?,-,false,-
net.nemerosa.ontrack,ontrack-dsl,3.37.2,-,-,?,-,false,-
net.nemerosa.ontrack,ontrack-dsl-shell,3.37.2,-,-,?,-,false,-
net.nemerosa.ontrack,ontrack-extension-api,3.37.2,-,-,?,-,false,-
net.nemerosa.ontrack,ontrack-extension-artifactory,3.37.2,-,-,?,-,false,-
net.nemerosa.ontrack,ontrack-extension-combined,3.37.2,-,-,?,-,false,-
net.nemerosa.ontrack,ontrack-extension-general,3.37.2,-,-,?,-,false,-
net.nemerosa.ontrack,ontrack-extension-git,3.37.2,-,-,?,-,false,-
net.nemerosa.ontrack,ontrack-extension-github,3.37.2,-,-,?,-,false,-
net.nemerosa.ontrack,ontrack-extension-gitlab,3.37.2,-,-,?,-,false,-
net.nemerosa.ontrack,ontrack-extension-influxdb,3.37.2,-,-,?,-,false,-
net.nemerosa.ontrack,ontrack-extension-issues,3.37.2,-,-,?,-,false,-
net.nemerosa.ontrack,ontrack-extension-jenkins,3.37.2,-,-,?,-,false,-
net.nemerosa.ontrack,ontrack-extension-jira,3.37.2,-,-,?,-,false,-
net.nemerosa.ontrack,ontrack-extension-ldap,3.37.2,-,-,?,-,false,-
net.nemerosa.ontrack,ontrack-extension-plugin,3.37.2,-,-,?,-,false,-
net.nemerosa.ontrack,ontrack-extension-scm,3.37.2,-,-,?,-,false,-
net.nemerosa.ontrack,ontrack-extension-stale,3.37.2,-,-,?,-,false,-
net.nemerosa.ontrack,ontrack-extension-stash,3.37.2,-,-,?,-,false,-
net.nemerosa.ontrack,ontrack-extension-support,3.37.2,-,-,?,-,false,-
net.nemerosa.ontrack,ontrack-extension-svn,3.37.2,-,-,?,-,false,-
net.nemerosa.ontrack,ontrack-extension-vault,3.37.2,-,-,?,-,false,-
net.nemerosa.ontrack,ontrack-git,3.37.2,-,-,?,-,false,-
net.nemerosa.ontrack,ontrack-it-utils,3.37.2,-,-,?,-,false,-
net.nemerosa.ontrack,ontrack-job,3.37.2,-,-,?,-,false,-
net.nemerosa.ontrack,ontrack-json,3.37.2,-,-,?,-,false,-
net.nemerosa.ontrack,ontrack-model,3.37.2,-,-,?,-,false,-
net.nemerosa.ontrack,ontrack-postgresql-migration,3.37.2,-,-,?,-,false,-
net.nemerosa.ontrack,ontrack-repository,3.37.2,-,-,?,-,false,-
net.nemerosa.ontrack,ontrack-repository-impl,3.37.2,-,-,?,-,false,-
net.nemerosa.ontrack,ontrack-repository-support,3.37.2,-,-,?,-,false,-
net.nemerosa.ontrack,ontrack-service,3.37.2,-,-,?,-,false,-
net.nemerosa.ontrack,ontrack-test-utils,3.37.2,-,-,?,-,false,-
net.nemerosa.ontrack,ontrack-tx,3.37.2,-,-,?,-,false,-
net.nemerosa.ontrack,ontrack-ui,3.37.2,-,-,?,-,false,-
net.nemerosa.ontrack,ontrack-ui-graphql,3.37.2,-,-,?,-,false,-
net.nemerosa.ontrack,ontrack-ui-support,3.37.2,-,-,?,-,false,-
org.scalamacros,resetallattrs_2.13.0-M5,1.0.0,-,-,?,-,false,-
org.voltdb,voltdb,8.4,-,-,?,-,false,sun.misc.Cleaner                         Use java.lang.ref.PhantomReference @since 1.2 or java.lang.ref.Cleaner @since 9 + sun.misc.JavaIOFileDescriptorAccess      Removed. See http://openjdk.java.net/jeps/260 + sun.misc.SharedSecrets                   Removed. See http://openjdk.java.net/jeps/260 + sun.misc.Unsafe                          See http://openjdk.java.net/jeps/260
org.voltdb,voltdbclient,8.4,-,-,?,-,false,sun.misc.Cleaner                         Use java.lang.ref.PhantomReference @since 1.2 or java.lang.ref.Cleaner @since 9 + sun.misc.JavaIOFileDescriptorAccess      Removed. See http://openjdk.java.net/jeps/260 + sun.misc.SharedSecrets                   Removed. See http://openjdk.java.net/jeps/260 + sun.misc.Unsafe                          See http://openjdk.java.net/jeps/260
pl.allegro.finance,tradukisto,1.6.0,-,-,?,-,false,-
