groupId,artifactId,version,moduleName,moduleVersion,moduleMode,moduleDependencies,jdepsToolError,jdepsViolations
com.bluenimble.serverless,bluenimble-jvm-sdk,2.5.0,-,-,?,-,false,-
com.bluenimble.serverless,bluenimble-server,2.5.0,-,-,?,-,false,-
com.google.api.grpc,grpc-google-cloud-asset-v1beta1,0.41.0,-,-,?,-,false,-
com.google.api.grpc,grpc-google-cloud-automl-v1beta1,0.41.0,-,-,?,-,false,-
com.google.api.grpc,grpc-google-cloud-bigquerydatatransfer-v1,0.41.0,-,-,?,-,false,-
com.google.api.grpc,grpc-google-cloud-bigquerystorage-v1beta1,0.41.0,-,-,?,-,false,-
com.google.api.grpc,grpc-google-cloud-bigtable-admin-v2,0.41.0,-,-,?,-,false,-
com.google.api.grpc,grpc-google-cloud-bigtable-v2,0.41.0,-,-,?,-,false,-
com.google.api.grpc,grpc-google-cloud-containeranalysis-v1beta1,0.41.0,-,-,?,-,false,-
com.google.api.grpc,grpc-google-cloud-container-v1,0.41.0,-,-,?,-,false,-
com.google.api.grpc,grpc-google-cloud-dataproc-v1,0.41.0,-,-,?,-,false,-
com.google.api.grpc,grpc-google-cloud-dataproc-v1beta2,0.41.0,-,-,?,-,false,-
com.google.api.grpc,grpc-google-cloud-dialogflow-v2,0.41.0,-,-,?,-,false,-
com.google.api.grpc,grpc-google-cloud-dialogflow-v2beta1,0.41.0,-,-,?,-,false,-
com.google.api.grpc,grpc-google-cloud-dlp-v2,0.41.0,-,-,?,-,false,-
com.google.api.grpc,grpc-google-cloud-error-reporting-v1beta1,0.41.0,-,-,?,-,false,-
com.google.api.grpc,grpc-google-cloud-firestore-v1beta1,0.41.0,-,-,?,-,false,-
com.google.api.grpc,grpc-google-cloud-iamcredentials-v1,0.3.0-alpha,-,-,?,-,false,-
com.google.api.grpc,grpc-google-cloud-iot-v1,0.41.0,-,-,?,-,false,-
com.google.api.grpc,grpc-google-cloud-kms-v1,0.41.0,-,-,?,-,false,-
com.google.api.grpc,grpc-google-cloud-language-v1,1.40.0,-,-,?,-,false,-
com.google.api.grpc,grpc-google-cloud-language-v1beta2,0.41.0,-,-,?,-,false,-
com.google.api.grpc,grpc-google-cloud-logging-v2,0.41.0,-,-,?,-,false,-
com.google.api.grpc,grpc-google-cloud-monitoring-v3,1.40.0,-,-,?,-,false,-
com.google.api.grpc,grpc-google-cloud-os-login-v1,0.41.0,-,-,?,-,false,-
com.google.api.grpc,grpc-google-cloud-pubsub-v1,1.40.0,-,-,?,-,false,-
com.google.api.grpc,grpc-google-cloud-redis-v1,0.41.0,-,-,?,-,false,-
com.google.api.grpc,grpc-google-cloud-redis-v1beta1,0.41.0,-,-,?,-,false,-
com.google.api.grpc,grpc-google-cloud-scheduler-v1beta1,0.41.0,-,-,?,-,false,-
com.google.api.grpc,grpc-google-cloud-securitycenter-v1beta1,0.41.0,-,-,?,-,false,-
com.google.api.grpc,grpc-google-cloud-spanner-admin-database-v1,1.3.0,-,-,?,-,false,-
com.google.api.grpc,grpc-google-cloud-spanner-admin-instance-v1,1.3.0,-,-,?,-,false,-
com.google.api.grpc,grpc-google-cloud-spanner-v1,1.3.0,-,-,?,-,false,-
com.google.api.grpc,grpc-google-cloud-speech-v1,0.41.0,-,-,?,-,false,-
com.google.api.grpc,grpc-google-cloud-speech-v1beta1,0.41.0,-,-,?,-,false,-
com.google.api.grpc,grpc-google-cloud-speech-v1p1beta1,0.41.0,-,-,?,-,false,-
com.google.api.grpc,grpc-google-cloud-tasks-v2beta2,0.41.0,-,-,?,-,false,-
com.google.api.grpc,grpc-google-cloud-tasks-v2beta3,0.41.0,-,-,?,-,false,-
com.google.api.grpc,grpc-google-cloud-texttospeech-v1,0.41.0,-,-,?,-,false,-
com.google.api.grpc,grpc-google-cloud-texttospeech-v1beta1,0.41.0,-,-,?,-,false,-
com.google.api.grpc,grpc-google-cloud-trace-v1,0.41.0,-,-,?,-,false,-
com.google.api.grpc,grpc-google-cloud-trace-v2,0.41.0,-,-,?,-,false,-
com.google.api.grpc,grpc-google-cloud-video-intelligence-v1,0.41.0,-,-,?,-,false,-
com.google.api.grpc,grpc-google-cloud-video-intelligence-v1beta1,0.41.0,-,-,?,-,false,-
com.google.api.grpc,grpc-google-cloud-video-intelligence-v1beta2,0.41.0,-,-,?,-,false,-
com.google.api.grpc,grpc-google-cloud-video-intelligence-v1p1beta1,0.41.0,-,-,?,-,false,-
com.google.api.grpc,grpc-google-cloud-video-intelligence-v1p2beta1,0.41.0,-,-,?,-,false,-
com.google.api.grpc,grpc-google-cloud-vision-v1,1.40.0,-,-,?,-,false,-
com.google.api.grpc,grpc-google-cloud-vision-v1p1beta1,0.41.0,-,-,?,-,false,-
com.google.api.grpc,grpc-google-cloud-vision-v1p2beta1,1.40.0,-,-,?,-,false,-
com.google.api.grpc,grpc-google-cloud-vision-v1p3beta1,0.41.0,-,-,?,-,false,-
com.google.api.grpc,grpc-google-cloud-websecurityscanner-v1alpha,0.41.0,-,-,?,-,false,-
com.google.api.grpc,proto-google-cloud-asset-v1beta1,0.41.0,-,-,?,-,false,-
com.google.api.grpc,proto-google-cloud-automl-v1beta1,0.41.0,-,-,?,-,false,-
com.google.api.grpc,proto-google-cloud-bigquerydatatransfer-v1,0.41.0,-,-,?,-,false,-
com.google.api.grpc,proto-google-cloud-bigquerystorage-v1beta1,0.41.0,-,-,?,-,false,-
com.google.api.grpc,proto-google-cloud-bigtable-admin-v2,0.41.0,-,-,?,-,false,-
com.google.api.grpc,proto-google-cloud-bigtable-v2,0.41.0,-,-,?,-,false,-
com.google.api.grpc,proto-google-cloud-containeranalysis-v1beta1,0.41.0,-,-,?,-,false,-
com.google.api.grpc,proto-google-cloud-container-v1,0.41.0,-,-,?,-,false,-
com.google.api.grpc,proto-google-cloud-dataproc-v1,0.41.0,-,-,?,-,false,-
com.google.api.grpc,proto-google-cloud-dataproc-v1beta2,0.41.0,-,-,?,-,false,-
com.google.api.grpc,proto-google-cloud-datastore-v1,0.41.0,-,-,?,-,false,-
com.google.api.grpc,proto-google-cloud-dialogflow-v2,0.41.0,-,-,?,-,false,-
com.google.api.grpc,proto-google-cloud-dialogflow-v2beta1,0.41.0,-,-,?,-,false,-
com.google.api.grpc,proto-google-cloud-dlp-v2,0.41.0,-,-,?,-,false,-
com.google.api.grpc,proto-google-cloud-error-reporting-v1beta1,0.41.0,-,-,?,-,false,-
com.google.api.grpc,proto-google-cloud-firestore-v1beta1,0.41.0,-,-,?,-,false,-
com.google.api.grpc,proto-google-cloud-iamcredentials-v1,0.3.0-alpha,-,-,?,-,false,-
com.google.api.grpc,proto-google-cloud-iot-v1,0.41.0,-,-,?,-,false,-
com.google.api.grpc,proto-google-cloud-kms-v1,0.41.0,-,-,?,-,false,-
com.google.api.grpc,proto-google-cloud-language-v1,1.40.0,-,-,?,-,false,-
com.google.api.grpc,proto-google-cloud-language-v1beta2,0.41.0,-,-,?,-,false,-
com.google.api.grpc,proto-google-cloud-logging-v2,0.41.0,-,-,?,-,false,-
com.google.api.grpc,proto-google-cloud-monitoring-v3,1.40.0,-,-,?,-,false,-
com.google.api.grpc,proto-google-cloud-os-login-v1,0.41.0,-,-,?,-,false,-
com.google.api.grpc,proto-google-cloud-pubsub-v1,1.40.0,-,-,?,-,false,-
com.google.api.grpc,proto-google-cloud-redis-v1,0.41.0,-,-,?,-,false,-
com.google.api.grpc,proto-google-cloud-redis-v1beta1,0.41.0,-,-,?,-,false,-
com.google.api.grpc,proto-google-cloud-scheduler-v1beta1,0.41.0,-,-,?,-,false,-
com.google.api.grpc,proto-google-cloud-securitycenter-v1beta1,0.41.0,-,-,?,-,false,-
com.google.api.grpc,proto-google-cloud-spanner-admin-database-v1,1.3.0,-,-,?,-,false,-
com.google.api.grpc,proto-google-cloud-spanner-admin-instance-v1,1.3.0,-,-,?,-,false,-
com.google.api.grpc,proto-google-cloud-spanner-v1,1.3.0,-,-,?,-,false,-
com.google.api.grpc,proto-google-cloud-speech-v1,0.41.0,-,-,?,-,false,-
com.google.api.grpc,proto-google-cloud-speech-v1beta1,0.41.0,-,-,?,-,false,-
com.google.api.grpc,proto-google-cloud-speech-v1p1beta1,0.41.0,-,-,?,-,false,-
com.google.api.grpc,proto-google-cloud-tasks-v2beta2,0.41.0,-,-,?,-,false,-
com.google.api.grpc,proto-google-cloud-tasks-v2beta3,0.41.0,-,-,?,-,false,-
com.google.api.grpc,proto-google-cloud-texttospeech-v1,0.41.0,-,-,?,-,false,-
com.google.api.grpc,proto-google-cloud-texttospeech-v1beta1,0.41.0,-,-,?,-,false,-
com.google.api.grpc,proto-google-cloud-trace-v1,0.41.0,-,-,?,-,false,-
com.google.api.grpc,proto-google-cloud-trace-v2,0.41.0,-,-,?,-,false,-
com.google.api.grpc,proto-google-cloud-video-intelligence-v1,0.41.0,-,-,?,-,false,-
com.google.api.grpc,proto-google-cloud-video-intelligence-v1beta1,0.41.0,-,-,?,-,false,-
com.google.api.grpc,proto-google-cloud-video-intelligence-v1beta2,0.41.0,-,-,?,-,false,-
com.google.api.grpc,proto-google-cloud-video-intelligence-v1p1beta1,0.41.0,-,-,?,-,false,-
com.google.api.grpc,proto-google-cloud-video-intelligence-v1p2beta1,0.41.0,-,-,?,-,false,-
com.google.api.grpc,proto-google-cloud-vision-v1,1.40.0,-,-,?,-,false,-
com.google.api.grpc,proto-google-cloud-vision-v1p1beta1,0.41.0,-,-,?,-,false,-
com.google.api.grpc,proto-google-cloud-vision-v1p2beta1,1.40.0,-,-,?,-,false,-
com.google.api.grpc,proto-google-cloud-vision-v1p3beta1,0.41.0,-,-,?,-,false,-
com.google.api.grpc,proto-google-cloud-websecurityscanner-v1alpha,0.41.0,-,-,?,-,false,-
com.liferay,com.liferay.jenkins.results.parser,1.0.55,-,-,?,-,false,-
com.liferay,com.liferay.poshi.runner,1.0.65,-,-,?,-,false,-
com.soasta.mpulse,mpulse-android-gradle-plugin,2.6.0-beta1,-,-,?,-,false,-
com.soasta.mpulse,mpulse-java,2.6.0-beta1,-,-,?,-,false,-
org.symphonyoss.s2.fugue,aws-fugue,0.0.56,-,-,?,-,false,-
org.symphonyoss.s2.fugue,aws-fugue-lambda-auth,0.0.56,-,-,?,-,false,sun.misc.Unsafe                          See http://openjdk.java.net/jeps/260
org.symphonyoss.s2.fugue,fugue-config-manager,0.0.56,-,-,?,-,false,-
org.symphonyoss.s2.fugue,fugue-core,0.0.56,-,-,?,-,false,-
org.symphonyoss.s2.fugue,fugue-launch,0.0.56,-,-,?,-,false,-
org.symphonyoss.s2.fugue,fugue-pubsub,0.0.56,-,-,?,-,false,-
org.symphonyoss.s2.fugue,fugue-resources,0.0.56,-,-,?,-,false,-
org.symphonyoss.s2.fugue,google-fugue,0.0.56,-,-,?,-,false,-
