groupId,artifactId,version,moduleName,moduleVersion,moduleMode,moduleDependencies,jdepsToolError,jdepsViolations
be.atbash.json,octopus-jwt-support,0.9.1,-,-,?,-,false,-
cn.leancloud,engine-core,5.0.7,-,-,?,-,false,-
cn.leancloud,realtime-core,5.0.7,-,-,?,-,false,-
cn.leancloud,storage-core,5.0.7,-,-,?,-,false,-
com.aliyun,aliyun-java-sdk-imm,1.10.3,-,-,?,-,false,-
com.battcn,swagger-spring-boot-actuator,2.1.4-RELEASE,-,-,?,-,false,-
com.battcn,swagger-spring-boot-autoconfigure,2.1.4-RELEASE,-,-,?,-,false,-
com.battcn,swagger-spring-boot-starter,2.1.4-RELEASE,-,-,?,-,false,-
com.battcn,swagger-vue-ui,2.1.4-RELEASE,-,-,?,-,false,-
com.swisscom.cloud.sb,broker,5.1.11,-,-,?,-,false,sun.reflect.generics.reflectiveObjects.NotImplementedException Removed. See http://openjdk.java.net/jeps/260
com.swisscom.cloud.sb,client,5.1.11,-,-,?,-,false,-
com.swisscom.cloud.sb,model,5.1.11,-,-,?,-,false,-
de.bmiag.tapir,tapir-allure,3.3.0,-,-,?,-,false,-
de.bmiag.tapir,tapir-annotation-processing,3.3.0,-,-,?,-,false,-
de.bmiag.tapir,tapir-annotations,3.3.0,-,-,?,-,false,-
de.bmiag.tapir,tapir-assertion,3.3.0,-,-,?,-,false,-
de.bmiag.tapir,tapir-bootstrap,3.3.0,-,-,?,-,false,-
de.bmiag.tapir,tapir-cli,3.3.0,-,-,?,-,false,-
de.bmiag.tapir,tapir-conditional,3.3.0,-,-,?,-,false,-
de.bmiag.tapir,tapir-configuration,3.3.0,-,-,?,-,false,-
de.bmiag.tapir,tapir-core,3.3.0,-,-,?,-,false,-
de.bmiag.tapir,tapir-core-assertion,3.3.0,-,-,?,-,false,-
de.bmiag.tapir,tapir-data,3.3.0,-,-,?,-,false,-
de.bmiag.tapir,tapir-datasource-api,3.3.0,-,-,?,-,false,-
de.bmiag.tapir,tapir-datasource-csv,3.3.0,-,-,?,-,false,-
de.bmiag.tapir,tapir-datasource-resource,3.3.0,-,-,?,-,false,-
de.bmiag.tapir,tapir-execution,3.3.0,-,-,?,-,false,-
de.bmiag.tapir,tapir-executiontest-lib,3.3.0,-,-,?,-,false,-
de.bmiag.tapir,tapir-html-basic-api,3.3.0,-,-,?,-,false,-
de.bmiag.tapir,tapir-html-basic-impl,3.3.0,-,-,?,-,false,-
de.bmiag.tapir,tapir-javafx,3.3.0,-,-,?,-,false,-
de.bmiag.tapir,tapir-junit,3.3.0,-,-,?,-,false,-
de.bmiag.tapir,tapir-junit-execution,3.3.0,-,-,?,-,false,-
de.bmiag.tapir,tapir-page,3.3.0,-,-,?,-,false,-
de.bmiag.tapir,tapir-page-execution,3.3.0,-,-,?,-,false,-
de.bmiag.tapir,tapir-selenium,3.3.0,-,-,?,-,false,-
de.bmiag.tapir,tapir-selenium-chrome,3.3.0,-,-,?,-,false,-
de.bmiag.tapir,tapir-selenium-execution,3.3.0,-,-,?,-,false,-
de.bmiag.tapir,tapir-selenium-firefox,3.3.0,-,-,?,-,false,-
de.bmiag.tapir,tapir-selenium-htmlunit,3.3.0,-,-,?,-,false,-
de.bmiag.tapir,tapir-selenium-ie,3.3.0,-,-,?,-,false,-
de.bmiag.tapir,tapir-starter-selenium-execution,3.3.0,-,-,?,-,false,-
de.bmiag.tapir,tapir-ui-api,3.3.0,-,-,?,-,false,-
de.bmiag.tapir,tapir-util,3.3.0,-,-,?,-,false,-
de.bmiag.tapir,tapir-variant,3.3.0,-,-,?,-,false,-
de.bmiag.tapir,tapir-xunit,3.3.0,-,-,?,-,false,-
io.airlift.tpch,tpch,0.10,-,-,?,-,false,-
io.github.tilumi,azure-eventhubs-spark_2.11,2.3.8,-,-,?,-,false,-
io.scalecube,rsocket-transport-aeron,0.1.7,-,-,?,-,false,-
io.sitoolkit.cv,sit-cv-app,1.0.0-appha.2,-,-,?,-,false,-
io.sitoolkit.cv,sit-cv-core,1.0.0-appha.2,-,-,?,-,false,-
io.sitoolkit.cv,sit-cv-maven-plugin,1.0.0-beta.3,-,-,?,-,false,-
org.glassfish.corba,exception-annotation-processor,4.2.0,-,-,?,-,false,-
org.glassfish.corba,glassfish-corba-csiv2-idl,4.2.0,-,-,?,-,false,-
org.glassfish.corba,glassfish-corba-internal-api,4.2.0,-,-,?,-,false,-
org.glassfish.corba,glassfish-corba-omgapi,4.2.0,-,-,?,-,false,-
org.glassfish.corba,glassfish-corba-orb,4.2.0,-,-,?,-,false,sun.misc.Unsafe                          See http://openjdk.java.net/jeps/260 + sun.reflect.ReflectionFactory            See http://openjdk.java.net/jeps/260
org.glassfish.corba,idlj,4.2.0,-,-,?,-,false,-
org.glassfish.corba,rmic,4.2.0,-,-,?,-,false,-
org.glassfish.external,management-api,3.2.1,-,-,?,-,false,-
org.glassfish.gmbal,gmbal,4.0.0,-,-,?,-,false,-
org.glassfish.pfl,pfl-asm,4.0.1,-,-,?,-,false,-
org.glassfish.pfl,pfl-basic,4.0.1,-,-,?,-,false,sun.misc.Unsafe                          See http://openjdk.java.net/jeps/260 + sun.reflect.ReflectionFactory            See http://openjdk.java.net/jeps/260
org.glassfish.pfl,pfl-basic-tools,4.0.1,-,-,?,-,false,-
org.glassfish.pfl,pfl-dynamic,4.0.1,-,-,?,-,false,-
org.glassfish.pfl,pfl-test,4.0.1,-,-,?,-,false,-
org.glassfish.pfl,pfl-tf,4.0.1,-,-,?,-,false,-
org.glassfish.pfl,pfl-tf-tools,4.0.1,-,-,?,-,false,-
org.springframework.cloud,spring-cloud-starter-stream-kafka,2.1.0.RELEASE,-,-,?,-,false,-
org.springframework.cloud,spring-cloud-stream-binder-kafka,2.1.0.RELEASE,-,-,?,-,false,-
org.springframework.cloud,spring-cloud-stream-binder-kafka-core,2.1.0.RELEASE,-,-,?,-,false,-
org.springframework.cloud,spring-cloud-stream-binder-kafka-streams,2.1.0.RELEASE,-,-,?,-,false,-
org.voovan,voovan-database,4.0.2,-,-,?,-,false,-
org.voovan,voovan-network,4.0.2,-,-,?,-,false,-
tech.simter,simter-test,1.0.0,-,-,?,-,false,-
tech.simter,simter-util,1.0.0,-,-,?,-,false,-
