groupId,artifactId,version,moduleName,moduleVersion,moduleMode,moduleDependencies,jdepsToolError,jdepsViolations
org.apache.qpid,qpid-bdbstore,7.1.0,-,-,?,-,false,-
org.apache.qpid,qpid-broker,7.1.0,-,-,?,-,false,-
org.apache.qpid,qpid-broker-codegen,7.1.0,-,-,?,-,false,-
org.apache.qpid,qpid-broker-core,7.1.0,-,-,?,-,false,-
org.apache.qpid,qpid-broker-plugins-access-control,7.1.0,-,-,?,-,false,-
org.apache.qpid,qpid-broker-plugins-amqp-0-10-protocol,7.1.0,-,-,?,-,false,-
org.apache.qpid,qpid-broker-plugins-amqp-0-8-protocol,7.1.0,-,-,?,-,false,-
org.apache.qpid,qpid-broker-plugins-amqp-1-0-protocol,7.1.0,-,-,?,-,false,-
org.apache.qpid,qpid-broker-plugins-amqp-1-0-protocol-bdb-link-store,7.1.0,-,-,?,-,false,-
org.apache.qpid,qpid-broker-plugins-amqp-1-0-protocol-jdbc-link-store,7.1.0,-,-,?,-,false,-
org.apache.qpid,qpid-broker-plugins-amqp-msg-conv-0-10-to-1-0,7.1.0,-,-,?,-,false,-
org.apache.qpid,qpid-broker-plugins-amqp-msg-conv-0-8-to-0-10,7.1.0,-,-,?,-,false,-
org.apache.qpid,qpid-broker-plugins-amqp-msg-conv-0-8-to-1-0,7.1.0,-,-,?,-,false,-
org.apache.qpid,qpid-broker-plugins-derby-store,7.1.0,-,-,?,-,false,-
org.apache.qpid,qpid-broker-plugins-jdbc-provider-bone,7.1.0,-,-,?,-,false,-
org.apache.qpid,qpid-broker-plugins-jdbc-store,7.1.0,-,-,?,-,false,-
org.apache.qpid,qpid-broker-plugins-logging-logback,7.1.0,-,-,?,-,false,-
org.apache.qpid,qpid-broker-plugins-management-amqp,7.1.0,-,-,?,-,false,-
org.apache.qpid,qpid-broker-plugins-management-http,7.1.0,-,-,?,-,false,-
org.apache.qpid,qpid-broker-plugins-memory-store,7.1.0,-,-,?,-,false,-
org.apache.qpid,qpid-broker-plugins-websocket,7.1.0,-,-,?,-,false,-
org.apache.qpid,qpid-test-utils,7.1.0,-,-,?,-,false,-
