groupId,artifactId,version,moduleName,moduleVersion,moduleMode,moduleDependencies,jdepsToolError,jdepsViolations
org.apache.isis.core,isis-core-applib,2.0.0-M1,org.apache.isis.applib,-,automatic,-,false,-
org.apache.isis.core,isis-core-integtestsupport,2.0.0-M1,org.apache.isis.core.integtestsupport,-,automatic,-,false,-
org.apache.isis.core,isis-core-log4j,2.0.0-M1,org.apache.isis.core.log4j,-,automatic,-,false,-
org.apache.isis.core,isis-core-metamodel,2.0.0-M1,org.apache.isis.core.metamodel,-,automatic,-,false,-
org.apache.isis.core,isis-core-runtime,2.0.0-M1,org.apache.isis.core.runtime,-,automatic,-,false,-
org.apache.isis.core,isis-core-schema,2.0.0-M1,org.apache.isis.schema,-,automatic,-,false,-
org.apache.isis.core,isis-core-security,2.0.0-M1,org.apache.isis.core.security,-,automatic,-,false,-
org.apache.isis.core,isis-core-security-shiro,2.0.0-M1,org.apache.isis.security.shiro,-,automatic,-,false,-
org.apache.isis.core,isis-core-specsupport,2.0.0-M1,org.apache.isis.core.specsupport,-,automatic,-,false,-
org.apache.isis.core,isis-core-unittestsupport,2.0.0-M1,org.apache.isis.core.unittestsupport,-,automatic,-,false,-
org.apache.isis.core,isis-core-viewer-restfulobjects-applib,2.0.0-M1,org.apache.isis.viewer.restfulobjects.applib,-,automatic,-,false,-
org.apache.isis.core,isis-core-viewer-restfulobjects-rendering,2.0.0-M1,org.apache.isis.viewer.restfulobjects.rendering,-,automatic,-,false,-
org.apache.isis.core,isis-core-viewer-restfulobjects-server,2.0.0-M1,org.apache.isis.viewer.restfulobjects.server,-,automatic,-,false,-
org.apache.isis.core,isis-core-viewer-wicket-applib,2.0.0-M1,org.apache.isis.viewer.wicket.applib,-,automatic,-,false,-
org.apache.isis.core,isis-core-viewer-wicket-impl,2.0.0-M1,org.apache.isis.viewer.wicket.impl,-,automatic,-,false,-
org.apache.isis.core,isis-core-viewer-wicket-model,2.0.0-M1,org.apache.isis.viewer.wicket.model,-,automatic,-,false,-
org.apache.isis.core,isis-core-viewer-wicket-ui,2.0.0-M1,org.apache.isis.viewer.wicket.ui,-,automatic,-,false,-
org.apache.isis.core,isis-core-webserver,2.0.0-M1,org.apache.isis.core.webserver,-,automatic,-,false,-
org.apache.isis.core,isis-core-wrapper,2.0.0-M1,org.apache.isis.core.wrapper,-,automatic,-,false,-
org.apache.isis.core,isis-webdocker,2.0.0-M1,org.apache.isis.core,-,automatic,-,false,-
org.apache.isis.tool,isis-maven-plugin,2.0.0-M1,org.apache.isis.tool.mavenplugin,-,automatic,-,false,-
