groupId,artifactId,version,moduleName,moduleVersion,moduleMode,moduleDependencies,jdepsToolError,jdepsViolations
com.ardikars.common,common,1.2.6.RC4,-,-,?,-,false,-
com.ardikars.common,common-annotation,1.2.6.RC4,-,-,?,-,false,-
com.ardikars.common,common-constant,1.2.6.RC4,-,-,?,-,false,-
com.ardikars.common,common-logging,1.2.6.RC4,-,-,?,-,false,-
com.ardikars.common,common-net,1.2.6.RC4,-,-,?,-,false,-
com.ardikars.common,common-tuple,1.2.6.RC4,-,-,?,-,false,-
com.ardikars.common,common-util,1.2.6.RC4,-,-,?,-,false,sun.misc.Unsafe                          See http://openjdk.java.net/jeps/260
