groupId,artifactId,version,moduleName,moduleVersion,moduleMode,moduleDependencies,jdepsToolError,jdepsViolations
cn.minsin,mutils-alipay,0.1.8,-,-,?,-,false,-
cn.minsin,mutils-core,0.1.8,-,-,?,-,false,-
cn.minsin,mutils-dianwoda,0.1.8,-,-,?,-,false,-
cn.minsin,mutils-excel,0.1.8,-,-,?,-,false,-
cn.minsin,mutils-file,0.1.8,-,-,?,-,false,-
cn.minsin,mutils-kuaidi100,0.1.8,-,-,?,-,false,-
cn.minsin,mutils-spring-boot-autoconfigure,0.1.8,-,-,?,-,false,-
cn.minsin,mutils-spring-boot-starter,0.1.8,-,-,?,-,false,-
cn.minsin,mutils-wechat-miniprogram,0.1.8,-,-,?,-,false,-
cn.minsin,mutils-wechat-wechatpay-core,0.1.8,-,-,?,-,false,-
cn.minsin,mutils-yiketong,0.1.8,-,-,?,-,false,-
com.aliyun,aliyun-java-sdk-partnerintl,1.0.1,-,-,?,-,false,-
com.automattic,elasticsearch-statsd,6.4.3.0,-,-,?,-,false,-
com.codacy,codacy-libraries_2.10,12.0.0-separatelibraries.91f1056,-,-,?,-,false,-
com.codacy,codacy-libraries_2.11,12.0.0-separatelibraries.91f1056,-,-,?,-,false,-
com.codacy,codacy-libraries_2.12,12.0.0-separatelibraries.91f1056,-,-,?,-,false,-
com.github.dannil,scb-java-client,2.2.0,-,-,?,-,false,-
com.github.nosan,embedded-cassandra,1.2.8,-,-,?,-,false,-
com.github.nosan,embedded-cassandra-test,1.2.8,-,-,?,-,false,-
com.hpe.adm.octane.ciplugins,integrations-dto,2.0.26,-,-,?,-,false,-
com.hpe.adm.octane.ciplugins,integrations-sdk,2.0.26,-,-,?,-,false,-
li.allan,easycache-cache,0.1,-,-,?,-,false,-
net.ymate.framework,ymate-framework-addons,2.0.6,-,-,?,-,false,-
net.ymate.framework,ymate-framework-commons,2.0.6,-,-,?,-,false,-
net.ymate.framework,ymate-framework-core,2.0.6,-,-,?,-,false,-
net.ymate.framework,ymate-framework-unpack,2.0.6,-,-,?,-,false,-
net.ymate.module,ymate-module-captcha,1.0.1,-,-,?,-,false,-
net.ymate.module,ymate-module-captcha-web,1.0.1,-,-,?,-,false,-
net.ymate.module,ymate-module-sso,1.0.1,-,-,?,-,false,-
org.fuin.esmp,es-maven-plugin,0.5.0,-,-,?,-,false,-
org.thlws,payment-thl,1.0.6,-,-,?,-,false,-
