groupId,artifactId,version,moduleName,moduleVersion,moduleMode,moduleDependencies,jdepsToolError,jdepsViolations
com.authlete,authlete-java-common,2.33,-,-,?,-,false,-
com.bestvike,linq,2.0.1,-,-,?,-,false,-
com.ethlo.lamebda,lamebda-core,0.2.1,-,-,?,-,false,-
com.ethlo.lamebda,lamebda-servlet,0.2.1,-,-,?,-,false,-
com.ethlo.lamebda,lamebda-springmvc,0.2.1,-,-,?,-,false,-
com.ethlo.lamebda,lamebda-spring-web-starter,0.2.1,-,-,?,-,false,-
com.github.fartherp,shiro-redisson,1.0.4,-,-,?,-,false,-
com.github.qskyline,util,0.0.17,-,-,?,-,false,-
org.mnode.ical4j,ical4j,3.0.5,-,-,?,-,false,-
