groupId,artifactId,version,moduleName,moduleVersion,moduleMode,moduleDependencies,jdepsToolError,jdepsViolations
com.github.yjagdale.webdriverutil,webdriver-helper-utils,1.3.2,-,-,?,-,false,-
com.huawei,openstack4j,1.0.10,-,-,?,-,false,-
com.huawei.openstack4j.connectors,openstack4j-httpclient,1.0.10,-,-,?,-,false,-
com.huawei.openstack4j.connectors,openstack4j-http-connector,1.0.10,-,-,?,-,false,-
com.huawei.openstack4j.connectors,openstack4j-jersey2,1.0.10,-,-,?,-,false,-
com.huawei.openstack4j.connectors,openstack4j-okhttp,1.0.10,-,-,?,-,false,-
com.huawei.openstack4j.connectors,openstack4j-resteasy,1.0.10,-,-,?,-,false,-
com.huawei,openstack4j-core,1.0.10,-,-,?,-,false,-
com.huawei,openstack-core-sample,1.0.10,-,-,?,-,false,-
com.revengemission.commons,captcha,0.4,-,-,?,-,false,-
org.smallmind,artifact-maven,3.3.14,-,-,?,-,false,-
org.smallmind,batching-base,3.3.14,-,-,?,-,false,-
org.smallmind,batching-spring,3.3.14,-,-,?,-,false,-
org.smallmind,forge-deploy,3.3.14,-,-,?,-,false,-
org.smallmind,scheduling-base,3.3.14,-,-,?,-,false,-
org.smallmind,scheduling-quartz,3.3.14,-,-,?,-,false,-
org.smallmind,schema-validation-plugin,3.3.14,-,-,?,-,false,-
org.smallmind,scribe-apache,3.3.14,-,-,?,-,false,-
org.smallmind,scribe-ink-indigenous,3.3.14,-,-,?,-,false,-
org.smallmind,scribe-ink-jdk,3.3.14,-,-,?,-,false,-
org.smallmind,scribe-ink-log4j,3.3.14,-,-,?,-,false,-
org.smallmind,scribe-pen,3.3.14,-,-,?,-,false,-
org.smallmind,scribe-slf4j,3.3.14,-,-,?,-,false,-
org.smallmind,scribe-spring,3.3.14,-,-,?,-,false,-
org.smallmind,sleuth-runner,3.3.14,-,-,?,-,false,-
org.smallmind,smallmind-foundation,3.3.14,-,-,?,-,false,-
org.smallmind,smallmind-instrument,3.3.14,-,-,?,-,false,-
org.smallmind,smallmind-javafx-extras,3.3.14,-,-,?,-,false,-
org.smallmind,smallmind-javafx-webstart,3.3.14,-,-,?,-,false,-
org.smallmind,smallmind-license-plugin,3.3.14,-,-,?,-,false,-
org.smallmind,smallmind-liquibase,3.3.14,-,-,?,-,false,-
org.smallmind,smallmind-memcached,3.3.14,-,-,?,-,false,-
org.smallmind,smallmind-nutsnbolts,3.3.14,-,-,?,-,false,sun.security.util.SecurityConstants      Use appropriate java.security.Permission subclass @since 1.1
org.smallmind,smallmind-persistence,3.3.14,-,-,?,-,false,-
org.smallmind,smallmind-phalanx,3.3.14,-,-,?,-,false,-
org.smallmind,smallmind-quorum,3.3.14,-,-,?,-,false,-
org.smallmind,smallmind-seda,3.3.14,-,-,?,-,false,-
org.smallmind,smallmind-swing,3.3.14,-,-,?,-,false,-
org.smallmind,smallmind-wicket,3.3.14,-,-,?,-,false,-
org.smallmind,spark-singularity-boot,3.3.14,-,-,?,-,false,-
org.smallmind,spark-singularity-maven-plugin,3.3.14,-,-,?,-,false,-
org.smallmind,spark-tanukisoft-integration,3.3.14,-,-,?,-,false,-
org.smallmind,spark-tanukisoft-maven-plugin,3.3.14,-,-,?,-,false,-
org.smallmind,surefire-sleuth-provider,3.3.14,-,-,?,-,false,-
org.smallmind,web-grizzly,3.3.14,-,-,?,-,false,-
org.smallmind,web-jersey,3.3.14,-,-,?,-,false,-
org.smallmind,web-json-dto,3.3.14,-,-,?,-,false,-
org.smallmind,web-json-scaffold,3.3.14,-,-,?,-,false,-
org.smallmind,web-jwt,3.3.14,-,-,?,-,false,-
org.smallmind,web-oauth,3.3.14,-,-,?,-,false,-
org.smallmind,web-reverse,3.3.14,-,-,?,-,false,-
org.smallmind,web-websocket,3.3.14,-,-,?,-,false,-
