groupId,artifactId,version,moduleName,moduleVersion,moduleMode,moduleDependencies,jdepsToolError,jdepsViolations
be.yildiz-games,engine-server,1.0.6,be.yildizgames.engine.server,-,explicit,be.yildizgames.common.authentication + be.yildizgames.common.exception + be.yildizgames.common.gameobject + be.yildizgames.common.geometry + be.yildizgames.common.logging + be.yildizgames.common.mapping + be.yildizgames.common.model + be.yildizgames.common.shape + be.yildizgames.common.util + be.yildizgames.engine.shared + be.yildizgames.module.database + be.yildizgames.module.messaging + be.yildizgames.module.network + be.yildizgames.module.physics + java.base + java.sql + slf4j.api,false,-
com.esotericsoftware.spine,spine-libgdx,3.7.0.1,-,-,?,-,false,-
com.igormaznitsa,meta-annotations,1.1.3,igormaznitsa.meta.annotations,-,automatic,-,false,-
com.igormaznitsa,meta-checker,1.1.3,-,-,?,-,false,-
com.igormaznitsa,meta-utils,1.1.3,igormaznitsa.meta.utils,-,automatic,-,false,-
com.natpryce,hamkrest,1.7.0.0,-,-,?,-,false,-
io.antmedia,ant-media-server-common,1.6.1,-,-,?,-,false,-
io.pebbletemplates,pebble,3.0.7,io.pebbletemplates,-,automatic,-,false,-
io.pebbletemplates,pebble-spring3,3.0.7,io.pebbletemplates.spring,-,automatic,-,false,-
io.pebbletemplates,pebble-spring4,3.0.7,io.pebbletemplates.spring,-,automatic,-,false,-
io.pebbletemplates,pebble-spring5,3.0.7,io.pebbletemplates.spring,-,automatic,-,false,-
io.pebbletemplates,pebble-spring-boot-2-starter,3.0.7,io.pebbletemplates.spring.boot,-,automatic,-,false,-
io.pebbletemplates,pebble-spring-boot-starter,3.0.7,io.pebbletemplates.spring.boot,-,automatic,-,false,-
org.sodeac,org.sodeac.multichainlist,1.0.0,-,-,?,-,false,-
