groupId,artifactId,version,moduleName,moduleVersion,moduleMode,moduleDependencies,jdepsToolError,jdepsViolations
com.s24,redjob,0.6.1,-,-,?,-,false,-
com.vanniktech,junit4-rules,0.3.0,-,-,?,-,false,-
io.github.jonas,paradox-material-theme,0.6.0,-,-,?,-,false,-
io.thorntail,keycloak-client-config-api,1.6.1,-,-,?,-,false,-
io.thorntail,keycloak-server-config-api,1.6.1,-,-,?,-,false,-
net.saliman,gradle-cobertura-plugin,2.6.0,-,-,?,-,false,-
org.clojure,core.cache,0.7.2,-,-,?,-,false,-
org.simpleflatmapper,lightning-csv,6.1.1,org.simpleflatmapper.lightningcsv,-,automatic,-,false,-
org.simpleflatmapper,sfm-converter,6.1.1,org.simpleflatmapper.converter,-,automatic,-,false,-
org.simpleflatmapper,sfm-converter-joda-time,6.1.1,org.simpleflatmapper.converter.joda,-,automatic,-,false,-
org.simpleflatmapper,sfm-converter-protobuf,6.1.1,org.simpleflatmapper.converter.protobuf,-,automatic,-,false,-
org.simpleflatmapper,sfm-csv,6.1.1,org.simpleflatmapper.csv,-,automatic,-,false,-
org.simpleflatmapper,sfm-datastax,6.1.1,org.simpleflatmapper.datastax,-,automatic,-,false,-
org.simpleflatmapper,sfm-jdbc,6.1.1,org.simpleflatmapper.jdbc,-,automatic,-,false,-
org.simpleflatmapper,sfm-jdbi3,6.1.1,org.simpleflatmapper.jdbi3,-,automatic,-,false,-
org.simpleflatmapper,sfm-jdbi,6.1.1,org.simpleflatmapper.jdbi,-,automatic,-,false,-
org.simpleflatmapper,sfm-jooq,6.1.1,org.simpleflatmapper.jooq,-,automatic,-,false,-
org.simpleflatmapper,sfm-map,6.1.1,org.simpleflatmapper.map,-,automatic,-,false,-
org.simpleflatmapper,sfm-poi,6.1.1,org.simpleflatmapper.poi,-,automatic,-,false,-
org.simpleflatmapper,sfm-querydsl,6.1.1,org.simpleflatmapper.querydsl,-,automatic,-,false,-
org.simpleflatmapper,sfm-reflect,6.1.1,org.simpleflatmapper.reflect,-,automatic,-,false,-
org.simpleflatmapper,sfm-springjdbc,6.1.1,org.simpleflatmapper.jdbc.spring,-,automatic,-,false,-
org.simpleflatmapper,sfm-sql2o,6.1.1,org.simpleflatmapper.sql2o,-,automatic,-,false,-
org.simpleflatmapper,sfm-tuples,6.1.1,org.simpleflatmapper.tuple,-,automatic,-,false,-
org.simpleflatmapper,sfm-util,6.1.1,org.simpleflatmapper.util,-,automatic,-,false,-
org.skinny-framework,skinny-assets_2.11,3.0.2-RC1,-,-,?,-,false,-
org.skinny-framework,skinny-assets_2.12,3.0.2-RC1,-,-,?,-,false,-
org.skinny-framework,skinny-assets_2.13.0-M5,3.0.2-RC1,-,-,?,-,false,-
org.skinny-framework,skinny-common_2.11,3.0.2-RC1,-,-,?,-,false,-
org.skinny-framework,skinny-common_2.12,3.0.2-RC1,-,-,?,-,false,-
org.skinny-framework,skinny-common_2.13.0-M5,3.0.2-RC1,-,-,?,-,false,-
org.skinny-framework,skinny-factory-girl_2.11,3.0.2-RC1,-,-,?,-,false,-
org.skinny-framework,skinny-factory-girl_2.12,3.0.2-RC1,-,-,?,-,false,-
org.skinny-framework,skinny-factory-girl_2.13.0-M5,3.0.2-RC1,-,-,?,-,false,-
org.skinny-framework,skinny-framework_2.11,3.0.2-RC1,-,-,?,-,false,-
org.skinny-framework,skinny-framework_2.12,3.0.2-RC1,-,-,?,-,false,-
org.skinny-framework,skinny-framework_2.13.0-M5,3.0.2-RC1,-,-,?,-,false,-
org.skinny-framework,skinny-freemarker_2.11,3.0.2-RC1,-,-,?,-,false,-
org.skinny-framework,skinny-freemarker_2.12,3.0.2-RC1,-,-,?,-,false,-
org.skinny-framework,skinny-freemarker_2.13.0-M5,3.0.2-RC1,-,-,?,-,false,-
org.skinny-framework,skinny-http-client_2.11,3.0.2-RC1,-,-,?,-,false,-
org.skinny-framework,skinny-http-client_2.12,3.0.2-RC1,-,-,?,-,false,-
org.skinny-framework,skinny-http-client_2.13.0-M5,3.0.2-RC1,-,-,?,-,false,-
org.skinny-framework,skinny-json_2.11,3.0.2-RC1,-,-,?,-,false,-
org.skinny-framework,skinny-json_2.12,3.0.2-RC1,-,-,?,-,false,-
org.skinny-framework,skinny-json_2.13.0-M5,3.0.2-RC1,-,-,?,-,false,-
org.skinny-framework,skinny-mailer_2.11,3.0.2-RC1,-,-,?,-,false,-
org.skinny-framework,skinny-mailer_2.12,3.0.2-RC1,-,-,?,-,false,-
org.skinny-framework,skinny-mailer_2.13.0-M5,3.0.2-RC1,-,-,?,-,false,-
org.skinny-framework,skinny-oauth2_2.11,3.0.2-RC1,-,-,?,-,false,-
org.skinny-framework,skinny-oauth2_2.12,3.0.2-RC1,-,-,?,-,false,-
org.skinny-framework,skinny-oauth2_2.13.0-M5,3.0.2-RC1,-,-,?,-,false,-
org.skinny-framework,skinny-oauth2-controller_2.11,3.0.2-RC1,-,-,?,-,false,-
org.skinny-framework,skinny-oauth2-controller_2.12,3.0.2-RC1,-,-,?,-,false,-
org.skinny-framework,skinny-oauth2-controller_2.13.0-M5,3.0.2-RC1,-,-,?,-,false,-
org.skinny-framework,skinny-orm_2.11,3.0.2-RC1,-,-,?,-,false,-
org.skinny-framework,skinny-orm_2.12,3.0.2-RC1,-,-,?,-,false,-
org.skinny-framework,skinny-orm_2.13.0-M5,3.0.2-RC1,-,-,?,-,false,-
org.skinny-framework,skinny-standalone_2.11,3.0.2-RC1,-,-,?,-,false,-
org.skinny-framework,skinny-standalone_2.12,3.0.2-RC1,-,-,?,-,false,-
org.skinny-framework,skinny-standalone_2.13.0-M5,3.0.2-RC1,-,-,?,-,false,-
org.skinny-framework,skinny-task_2.11,3.0.2-RC1,-,-,?,-,false,-
org.skinny-framework,skinny-task_2.12,3.0.2-RC1,-,-,?,-,false,-
org.skinny-framework,skinny-task_2.13.0-M5,3.0.2-RC1,-,-,?,-,false,-
org.skinny-framework,skinny-test_2.11,3.0.2-RC1,-,-,?,-,false,-
org.skinny-framework,skinny-test_2.12,3.0.2-RC1,-,-,?,-,false,-
org.skinny-framework,skinny-test_2.13.0-M5,3.0.2-RC1,-,-,?,-,false,-
org.skinny-framework,skinny-thymeleaf_2.11,3.0.2-RC1,-,-,?,-,false,-
org.skinny-framework,skinny-thymeleaf_2.12,3.0.2-RC1,-,-,?,-,false,-
org.skinny-framework,skinny-thymeleaf_2.13.0-M5,3.0.2-RC1,-,-,?,-,false,-
org.skinny-framework,skinny-twitter-controller_2.11,3.0.2-RC1,-,-,?,-,false,-
org.skinny-framework,skinny-twitter-controller_2.12,3.0.2-RC1,-,-,?,-,false,-
org.skinny-framework,skinny-twitter-controller_2.13.0-M5,3.0.2-RC1,-,-,?,-,false,-
org.skinny-framework,skinny-validator_2.11,3.0.2-RC1,-,-,?,-,false,-
org.skinny-framework,skinny-validator_2.12,3.0.2-RC1,-,-,?,-,false,-
org.skinny-framework,skinny-validator_2.13.0-M5,3.0.2-RC1,-,-,?,-,false,-
org.skinny-framework,skinny-worker_2.11,3.0.2-RC1,-,-,?,-,false,-
org.skinny-framework,skinny-worker_2.12,3.0.2-RC1,-,-,?,-,false,-
org.skinny-framework,skinny-worker_2.13.0-M5,3.0.2-RC1,-,-,?,-,false,-
