groupId,artifactId,version,moduleName,moduleVersion,moduleMode,moduleDependencies,jdepsToolError,jdepsViolations
com.microsoft.azure,azure-eventhubs-spark_2.11,2.3.7,-,-,?,-,false,-
io.citrine,lolo,2.0.0,-,-,?,-,false,-
org.http4k,http4k-client-websocket,3.105.0,-,-,?,-,false,-
org.http4k,http4k-format-argo,3.105.0,-,-,?,-,false,-
org.http4k,http4k-format-gson,3.105.0,-,-,?,-,false,-
org.http4k,http4k-format-jackson,3.105.0,-,-,?,-,false,-
org.http4k,http4k-format-moshi,3.105.0,-,-,?,-,false,-
org.http4k,http4k-format-xml,3.105.0,-,-,?,-,false,-
org.http4k,http4k-jsonrpc,3.105.0,-,-,?,-,false,-
org.http4k,http4k-template-dust,3.105.0,-,-,?,-,false,-
org.nocrala.tools.texttreeformatter,text-tree-formatter,1.1.1,-,-,?,-,false,-
