groupId,artifactId,version,moduleName,moduleVersion,moduleMode,moduleDependencies,jdepsToolError,jdepsViolations
ai.preferred,venom,4.1.1-SNAPHSOT,-,-,?,-,false,-
cn.cocook,cocook-mvc,1.0.1,-,-,?,-,false,sun.misc.BASE64Decoder                   Use java.util.Base64 @since 1.8 + sun.misc.BASE64Encoder                   Use java.util.Base64 @since 1.8
com.esotericsoftware.spine,spine-libgdx,3.7.83.1,-,-,?,-,false,-
com.jdkhome.blzo,blzo-ex-authj,0.0.9,-,-,?,-,false,-
com.jdkhome.blzo,blzo-ex-basic,0.0.9,-,-,?,-,false,-
com.jdkhome.blzo,blzo-ex-ip2region,0.0.9,-,-,?,-,false,-
com.jdkhome.blzo,blzo-ex-redission,0.0.9,-,-,?,-,false,-
com.jdkhome.blzo,blzo-ex-usignin,0.0.9,-,-,?,-,false,-
com.jdkhome.blzo,blzo-ex-utils,0.0.9,-,-,?,-,false,-
com.jdkhome.blzo,blzo-ex-version,0.0.9,-,-,?,-,false,-
com.sdl,odata_api,2.6.2,-,-,?,-,false,-
com.sdl,odata_checkstyle,2.6.2,-,-,?,-,false,-
com.sdl,odata_client,2.6.2,-,-,?,-,false,-
com.sdl,odata_client_api,2.6.2,-,-,?,-,false,-
com.sdl,odata_client_tracing,2.6.2,-,-,?,-,false,-
com.sdl,odata_common,2.6.2,-,-,?,-,false,-
com.sdl,odata_controller,2.6.2,-,-,?,-,false,-
com.sdl,odata_edm,2.6.2,-,-,?,-,false,-
com.sdl,odata_parser,2.6.2,-,-,?,-,false,-
com.sdl,odata_processor,2.6.2,-,-,?,-,false,-
com.sdl,odata_renderer,2.6.2,-,-,?,-,false,-
com.sdl,odata_service,2.6.2,-,-,?,-,false,-
com.sdl,odata_test,2.6.2,-,-,?,-,false,-
com.sdl,odata_webservice,2.6.2,-,-,?,-,false,-
dk.bankdata.api,types,1.0.1,-,-,?,-,false,-
fr.brouillard.oss,jgitver,0.9.0,fr.brouillard.oss.jgitver.library,-,automatic,-,false,-
nl.vpro.shared,vpro-shared-avro,2.3.0,-,-,?,-,false,-
nl.vpro.shared,vpro-shared-camel,2.3.0,-,-,?,-,false,-
nl.vpro.shared,vpro-shared-client-resteasy,2.3.0,-,-,?,-,false,-
nl.vpro.shared,vpro-shared-configuration,2.3.0,-,-,?,-,false,-
nl.vpro.shared,vpro-shared-couchdb-util,2.3.0,-,-,?,-,false,-
nl.vpro.shared,vpro-shared-ektorp,2.3.0,-,-,?,-,false,-
nl.vpro.shared,vpro-shared-elasticsearch,2.3.0,-,-,?,-,false,-
nl.vpro.shared,vpro-shared-elasticsearch5,2.3.0,-,-,?,-,false,-
nl.vpro.shared,vpro-shared-elasticsearch-client,2.3.0,-,-,?,-,false,-
nl.vpro.shared,vpro-shared-guice,2.3.0,-,-,?,-,false,-
nl.vpro.shared,vpro-shared-hibernate,2.3.0,-,-,?,-,false,-
nl.vpro.shared,vpro-shared-jackson2,2.3.0,-,-,?,-,false,-
nl.vpro.shared,vpro-shared-logging,2.3.0,-,-,?,-,false,-
nl.vpro.shared,vpro-shared-persistence,2.3.0,-,-,?,-,false,-
nl.vpro.shared,vpro-shared-resteasy,2.3.0,-,-,?,-,false,-
nl.vpro.shared,vpro-shared-rs,2.3.0,-,-,?,-,false,-
nl.vpro.shared,vpro-shared-services,2.3.0,-,-,?,-,false,-
nl.vpro.shared,vpro-shared-test,2.3.0,-,-,?,-,false,-
nl.vpro.shared,vpro-shared-transfer,2.3.0,-,-,?,-,false,-
nl.vpro.shared,vpro-shared-util,2.3.0,-,-,?,-,false,-
nl.vpro.shared,vpro-shared-validation,2.3.0,-,-,?,-,false,-
nl.vpro.shared,vpro-shared-web,2.3.0,-,-,?,-,false,-
nl.vpro.shared,vpro-shared-ws,2.3.0,-,-,?,-,false,-
nl.vpro.shared,vpro-shared-xml,2.3.0,-,-,?,-,false,-
org.fusesource.restygwt,restygwt,2.2.4,-,-,?,-,false,-
org.swisspush.maven.plugins,apikana-maven-plugin,0.4.19,-,-,?,-,false,-
org.wurbelizer,ant-wurbelizer,8.2.1.2,-,-,?,-,false,-
org.wurbelizer,console-wurbelizer,8.2.1.2,-,-,?,-,false,-
org.wurbelizer,wurbelizer,8.2.1.2,-,-,?,-,false,-
org.wurbelizer,wurbelizer-maven-plugin,8.2.1.2,-,-,?,-,false,-
