groupId,artifactId,version,moduleName,moduleVersion,moduleMode,moduleDependencies,jdepsToolError,jdepsViolations
ch.epfl.lamp,dotty_0.12,0.12.0-bin-20190106-3a457fa-NIGHTLY,-,-,?,-,false,-
ch.epfl.lamp,dotty-compiler_0.12,0.12.0-bin-20190106-3a457fa-NIGHTLY,-,-,?,-,false,-
ch.epfl.lamp,dotty-doc_0.12,0.12.0-bin-20190106-3a457fa-NIGHTLY,-,-,?,-,false,-
ch.epfl.lamp,dotty-interfaces,0.12.0-bin-20190106-3a457fa-NIGHTLY,-,-,?,-,false,-
ch.epfl.lamp,dotty-language-server_0.12,0.12.0-bin-20190106-3a457fa-NIGHTLY,-,-,?,-,false,-
ch.epfl.lamp,dotty-library_0.12,0.12.0-bin-20190106-3a457fa-NIGHTLY,-,-,?,-,false,sun.misc.Unsafe                          See http://openjdk.java.net/jeps/260
ch.epfl.lamp,scala-compiler,0.12.0-bin-20190106-3a457fa-NIGHTLY,-,-,?,-,false,-
ch.epfl.lamp,scala-library,0.12.0-bin-20190106-3a457fa-NIGHTLY,-,-,?,-,false,-
ch.epfl.lamp,scalap,0.12.0-bin-20190106-3a457fa-NIGHTLY,-,-,?,-,false,-
ch.epfl.lamp,scala-reflect,0.12.0-bin-20190106-3a457fa-NIGHTLY,-,-,?,-,false,-
com.aliyun,aliyun-java-sdk-core,4.3.0,-,-,?,-,false,-
com.github.deepexi,optimus-archetype-dubbo,1.0.12,-,-,?,-,false,-
com.github.deepexi,optimus-archetype-hsf,1.3.19,-,-,?,-,false,-
com.github.deepexi,optimus-archetype-springcloud,1.0.15,-,-,?,-,false,-
com.googlecode.aviator,aviator,4.1.1,-,-,?,-,false,-
com.ociweb,greenlighter,1.0.24,-,-,?,-,false,-
com.ociweb,greenlightning,1.0.24,-,-,?,-,false,-
io.yawp,yawp,2.0.6alpha,-,-,?,-,false,-
io.yawp,yawp-core,2.0.6alpha,-,-,?,-,false,sun.reflect.ReflectionFactory            See http://openjdk.java.net/jeps/260
io.yawp,yawp-devserver-runtime,2.0.6alpha,-,-,?,-,false,-
io.yawp,yawp-maven-plugin,2.0.6alpha,-,-,?,-,false,-
io.yawp,yawp-postgresql,2.0.6alpha,-,-,?,-,false,-
io.yawp,yawp-testing,2.0.6alpha,-,-,?,-,false,-
io.yawp,yawp-testing-core,2.0.6alpha,-,-,?,-,false,-
io.yawp,yawp-testing-postgresql,2.0.6alpha,-,-,?,-,false,-
net.codecrafting,springfx-core,0.1.0-BETA5,-,-,?,-,false,-
org.chenmin.open,objector,0.2.0,-,-,?,-,false,-
org.chenmin.open,objector-ots,0.2.0,-,-,?,-,false,-
org.fastquery,tcpserver,1.17,-,-,?,-,false,-
