groupId,artifactId,version,moduleName,moduleVersion,moduleMode,moduleDependencies,jdepsToolError,jdepsViolations
cc.plural,jsonij,0.4.0,-,-,?,-,false,-
com.fundebug,fundebug-java,0.1.2,-,-,?,-,false,-
com.fundebug,fundebug-spring,0.1.2,-,-,?,-,false,-
com.github.deepexi,optimus-archetype-dubbo,1.0.11,-,-,?,-,false,-
com.github.hazendaz.maven,makeself-maven-plugin,1.1.4,-,-,?,-,false,-
com.github.liubingxu18,spring-data-jpawapper,1.0.1,-,-,?,-,false,-
com.microsoft.azure,azure-eventhubs-eph,2.3.0,-,-,?,-,false,-
io.bytom,bytom-sdk,1.0.1,-,-,?,-,false,-
systems.manifold,manifold,0.34-alpha,-,-,?,-,false,com.sun.tools.javac.api.BasicJavacTask   Use javax.tools and javax.lang.model @since 1.6 + com.sun.tools.javac.api.ClientCodeWrapper Use javax.tools and javax.lang.model @since 1.6 + com.sun.tools.javac.api.ClientCodeWrapper$DiagnosticSourceUnwrapper Use javax.tools and javax.lang.model @since 1.6 + com.sun.tools.javac.api.JavacTool        Use javax.tools and javax.lang.model @since 1.6 + com.sun.tools.javac.api.JavacTrees       Use javax.tools and javax.lang.model @since 1.6 + com.sun.tools.javac.code.Attribute       Use javax.tools and javax.lang.model @since 1.6 + com.sun.tools.javac.code.Attribute$Compound Use javax.tools and javax.lang.model @since 1.6 + com.sun.tools.javac.code.Attribute$TypeCompound Use javax.tools and javax.lang.model @since 1.6 + com.sun.tools.javac.code.BoundKind       Use javax.tools and javax.lang.model @since 1.6 + com.sun.tools.javac.code.ClassFinder     Use javax.tools and javax.lang.model @since 1.6 + com.sun.tools.javac.code.Directive       Use javax.tools and javax.lang.model @since 1.6 + com.sun.tools.javac.code.Directive$RequiresDirective Use javax.tools and javax.lang.model @since 1.6 + com.sun.tools.javac.code.Flags           Use javax.tools and javax.lang.model @since 1.6 + com.sun.tools.javac.code.Kinds           Use javax.tools and javax.lang.model @since 1.6 + com.sun.tools.javac.code.Kinds$Kind      Use javax.tools and javax.lang.model @since 1.6 + com.sun.tools.javac.code.Kinds$KindSelector Use javax.tools and javax.lang.model @since 1.6 + com.sun.tools.javac.code.ModuleFinder    Use javax.tools and javax.lang.model @since 1.6 + com.sun.tools.javac.code.Scope           Use javax.tools and javax.lang.model @since 1.6 + com.sun.tools.javac.code.Scope$WriteableScope Use javax.tools and javax.lang.model @since 1.6 + com.sun.tools.javac.code.Symbol          Use javax.tools and javax.lang.model @since 1.6 + com.sun.tools.javac.code.Symbol$ClassSymbol Use javax.tools and javax.lang.model @since 1.6 + com.sun.tools.javac.code.Symbol$Completer Use javax.tools and javax.lang.model @since 1.6 + com.sun.tools.javac.code.Symbol$CompletionFailure Use javax.tools and javax.lang.model @since 1.6 + com.sun.tools.javac.code.Symbol$MethodSymbol Use javax.tools and javax.lang.model @since 1.6 + com.sun.tools.javac.code.Symbol$ModuleSymbol Use javax.tools and javax.lang.model @since 1.6 + com.sun.tools.javac.code.Symbol$PackageSymbol Use javax.tools and javax.lang.model @since 1.6 + com.sun.tools.javac.code.Symbol$TypeSymbol Use javax.tools and javax.lang.model @since 1.6 + com.sun.tools.javac.code.Symbol$TypeVariableSymbol Use javax.tools and javax.lang.model @since 1.6 + com.sun.tools.javac.code.Symbol$VarSymbol Use javax.tools and javax.lang.model @since 1.6 + com.sun.tools.javac.code.SymbolMetadata  Use javax.tools and javax.lang.model @since 1.6 + com.sun.tools.javac.code.Symtab          Use javax.tools and javax.lang.model @since 1.6 + com.sun.tools.javac.code.TargetType      Use javax.tools and javax.lang.model @since 1.6 + com.sun.tools.javac.code.Type            Use javax.tools and javax.lang.model @since 1.6 + com.sun.tools.javac.code.Type$AnnotatedType Use javax.tools and javax.lang.model @since 1.6 + com.sun.tools.javac.code.Type$ArrayType  Use javax.tools and javax.lang.model @since 1.6 + com.sun.tools.javac.code.Type$ClassType  Use javax.tools and javax.lang.model @since 1.6 + com.sun.tools.javac.code.Type$ErrorType  Use javax.tools and javax.lang.model @since 1.6 + com.sun.tools.javac.code.Type$ForAll     Use javax.tools and javax.lang.model @since 1.6 + com.sun.tools.javac.code.Type$IntersectionClassType Use javax.tools and javax.lang.model @since 1.6 + com.sun.tools.javac.code.Type$JCNoType   Use javax.tools and javax.lang.model @since 1.6 + com.sun.tools.javac.code.Type$MethodType Use javax.tools and javax.lang.model @since 1.6 + com.sun.tools.javac.code.Type$WildcardType Use javax.tools and javax.lang.model @since 1.6 + com.sun.tools.javac.code.TypeAnnotationPosition Use javax.tools and javax.lang.model @since 1.6 + com.sun.tools.javac.code.TypeAnnotationPosition$TypePathEntry Use javax.tools and javax.lang.model @since 1.6 + com.sun.tools.javac.code.TypeAnnotations Use javax.tools and javax.lang.model @since 1.6 + com.sun.tools.javac.code.TypeTag         Use javax.tools and javax.lang.model @since 1.6 + com.sun.tools.javac.code.Types           Use javax.tools and javax.lang.model @since 1.6 + com.sun.tools.javac.comp.Analyzer        Use javax.tools and javax.lang.model @since 1.6 + com.sun.tools.javac.comp.Annotate        Use javax.tools and javax.lang.model @since 1.6 + com.sun.tools.javac.comp.ArgumentAttr    Use javax.tools and javax.lang.model @since 1.6 + com.sun.tools.javac.comp.Attr            Use javax.tools and javax.lang.model @since 1.6 + com.sun.tools.javac.comp.AttrContext     Use javax.tools and javax.lang.model @since 1.6 + com.sun.tools.javac.comp.Check           Use javax.tools and javax.lang.model @since 1.6 + com.sun.tools.javac.comp.Check$CheckContext Use javax.tools and javax.lang.model @since 1.6 + com.sun.tools.javac.comp.CompileStates   Use javax.tools and javax.lang.model @since 1.6 + com.sun.tools.javac.comp.CompileStates$CompileState Use javax.tools and javax.lang.model @since 1.6 + com.sun.tools.javac.comp.DeferredAttr    Use javax.tools and javax.lang.model @since 1.6 + com.sun.tools.javac.comp.Enter           Use javax.tools and javax.lang.model @since 1.6 + com.sun.tools.javac.comp.Env             Use javax.tools and javax.lang.model @since 1.6 + com.sun.tools.javac.comp.Flow            Use javax.tools and javax.lang.model @since 1.6 + com.sun.tools.javac.comp.Infer           Use javax.tools and javax.lang.model @since 1.6 + com.sun.tools.javac.comp.LambdaToMethod  Use javax.tools and javax.lang.model @since 1.6 + com.sun.tools.javac.comp.Lower           Use javax.tools and javax.lang.model @since 1.6 + com.sun.tools.javac.comp.MemberEnter     Use javax.tools and javax.lang.model @since 1.6 + com.sun.tools.javac.comp.Modules         Use javax.tools and javax.lang.model @since 1.6 + com.sun.tools.javac.comp.Resolve         Use javax.tools and javax.lang.model @since 1.6 + com.sun.tools.javac.comp.TransTypes      Use javax.tools and javax.lang.model @since 1.6 + com.sun.tools.javac.comp.TypeEnter       Use javax.tools and javax.lang.model @since 1.6 + com.sun.tools.javac.file.JavacFileManager Use javax.tools and javax.lang.model @since 1.6 + com.sun.tools.javac.file.RelativePath    Use javax.tools and javax.lang.model @since 1.6 + com.sun.tools.javac.jvm.ClassReader      Use javax.tools and javax.lang.model @since 1.6 + com.sun.tools.javac.jvm.ClassWriter      Use javax.tools and javax.lang.model @since 1.6 + com.sun.tools.javac.jvm.ClassWriter$PoolOverflow Use javax.tools and javax.lang.model @since 1.6 + com.sun.tools.javac.jvm.ClassWriter$StringOverflow Use javax.tools and javax.lang.model @since 1.6 + com.sun.tools.javac.jvm.Gen              Use javax.tools and javax.lang.model @since 1.6 + com.sun.tools.javac.main.JavaCompiler    Use javax.tools and javax.lang.model @since 1.6 + com.sun.tools.javac.model.JavacElements  Use javax.tools and javax.lang.model @since 1.6 + com.sun.tools.javac.processing.JavacProcessingEnvironment Use javax.tools and javax.lang.model @since 1.6 + com.sun.tools.javac.resources.CompilerProperties Use javax.tools and javax.lang.model @since 1.6 + com.sun.tools.javac.resources.CompilerProperties$Errors Use javax.tools and javax.lang.model @since 1.6 + com.sun.tools.javac.resources.CompilerProperties$Notes Use javax.tools and javax.lang.model @since 1.6 + com.sun.tools.javac.resources.CompilerProperties$Warnings Use javax.tools and javax.lang.model @since 1.6 + com.sun.tools.javac.tree.EndPosTable     Use com.sun.source @since 1.6 + com.sun.tools.javac.tree.JCTree          Use com.sun.source @since 1.6 + com.sun.tools.javac.tree.JCTree$JCAnnotatedType Use com.sun.source @since 1.6 + com.sun.tools.javac.tree.JCTree$JCAnnotation Use com.sun.source @since 1.6 + com.sun.tools.javac.tree.JCTree$JCAssign Use com.sun.source @since 1.6 + com.sun.tools.javac.tree.JCTree$JCBinary Use com.sun.source @since 1.6 + com.sun.tools.javac.tree.JCTree$JCBlock  Use com.sun.source @since 1.6 + com.sun.tools.javac.tree.JCTree$JCClassDecl Use com.sun.source @since 1.6 + com.sun.tools.javac.tree.JCTree$JCCompilationUnit Use com.sun.source @since 1.6 + com.sun.tools.javac.tree.JCTree$JCExpression Use com.sun.source @since 1.6 + com.sun.tools.javac.tree.JCTree$JCExpressionStatement Use com.sun.source @since 1.6 + com.sun.tools.javac.tree.JCTree$JCFieldAccess Use com.sun.source @since 1.6 + com.sun.tools.javac.tree.JCTree$JCIdent  Use com.sun.source @since 1.6 + com.sun.tools.javac.tree.JCTree$JCLambda Use com.sun.source @since 1.6 + com.sun.tools.javac.tree.JCTree$JCLiteral Use com.sun.source @since 1.6 + com.sun.tools.javac.tree.JCTree$JCMethodDecl Use com.sun.source @since 1.6 + com.sun.tools.javac.tree.JCTree$JCMethodInvocation Use com.sun.source @since 1.6 + com.sun.tools.javac.tree.JCTree$JCModifiers Use com.sun.source @since 1.6 + com.sun.tools.javac.tree.JCTree$JCNewClass Use com.sun.source @since 1.6 + com.sun.tools.javac.tree.JCTree$JCStatement Use com.sun.source @since 1.6 + com.sun.tools.javac.tree.JCTree$JCVariableDecl Use com.sun.source @since 1.6 + com.sun.tools.javac.tree.JCTree$Tag      Use com.sun.source @since 1.6 + com.sun.tools.javac.tree.JCTree$Visitor  Use com.sun.source @since 1.6 + com.sun.tools.javac.tree.TreeInfo        Use com.sun.source @since 1.6 + com.sun.tools.javac.tree.TreeMaker       Use com.sun.source @since 1.6 + com.sun.tools.javac.tree.TreeTranslator  Use com.sun.source @since 1.6 + com.sun.tools.javac.util.Context         Use javax.tools and javax.lang.model @since 1.6 + com.sun.tools.javac.util.Context$Key     Use javax.tools and javax.lang.model @since 1.6 + com.sun.tools.javac.util.DiagnosticSource Use javax.tools and javax.lang.model @since 1.6 + com.sun.tools.javac.util.Filter          Use javax.tools and javax.lang.model @since 1.6 + com.sun.tools.javac.util.JCDiagnostic    Use javax.tools and javax.lang.model @since 1.6 + com.sun.tools.javac.util.JCDiagnostic$DiagnosticFlag Use javax.tools and javax.lang.model @since 1.6 + com.sun.tools.javac.util.JCDiagnostic$DiagnosticPosition Use javax.tools and javax.lang.model @since 1.6 + com.sun.tools.javac.util.JCDiagnostic$Error Use javax.tools and javax.lang.model @since 1.6 + com.sun.tools.javac.util.JCDiagnostic$Note Use javax.tools and javax.lang.model @since 1.6 + com.sun.tools.javac.util.JCDiagnostic$SimpleDiagnosticPosition Use javax.tools and javax.lang.model @since 1.6 + com.sun.tools.javac.util.JCDiagnostic$Warning Use javax.tools and javax.lang.model @since 1.6 + com.sun.tools.javac.util.List            Use javax.tools and javax.lang.model @since 1.6 + com.sun.tools.javac.util.ListBuffer      Use javax.tools and javax.lang.model @since 1.6 + com.sun.tools.javac.util.Log             Use javax.tools and javax.lang.model @since 1.6 + com.sun.tools.javac.util.Log$DiagnosticHandler Use javax.tools and javax.lang.model @since 1.6 + com.sun.tools.javac.util.Log$WriterKind  Use javax.tools and javax.lang.model @since 1.6 + com.sun.tools.javac.util.Name            Use javax.tools and javax.lang.model @since 1.6 + com.sun.tools.javac.util.Names           Use javax.tools and javax.lang.model @since 1.6 + com.sun.tools.javac.util.Pair            Use javax.tools and javax.lang.model @since 1.6
systems.manifold,manifold-all,0.34-alpha,-,-,?,-,false,com.sun.tools.javac.api.BasicJavacTask   Use javax.tools and javax.lang.model @since 1.6 + com.sun.tools.javac.api.ClientCodeWrapper Use javax.tools and javax.lang.model @since 1.6 + com.sun.tools.javac.api.ClientCodeWrapper$DiagnosticSourceUnwrapper Use javax.tools and javax.lang.model @since 1.6 + com.sun.tools.javac.api.JavacTool        Use javax.tools and javax.lang.model @since 1.6 + com.sun.tools.javac.api.JavacTrees       Use javax.tools and javax.lang.model @since 1.6 + com.sun.tools.javac.code.Attribute       Use javax.tools and javax.lang.model @since 1.6 + com.sun.tools.javac.code.Attribute$Compound Use javax.tools and javax.lang.model @since 1.6 + com.sun.tools.javac.code.Attribute$TypeCompound Use javax.tools and javax.lang.model @since 1.6 + com.sun.tools.javac.code.BoundKind       Use javax.tools and javax.lang.model @since 1.6 + com.sun.tools.javac.code.ClassFinder     Use javax.tools and javax.lang.model @since 1.6 + com.sun.tools.javac.code.Directive       Use javax.tools and javax.lang.model @since 1.6 + com.sun.tools.javac.code.Directive$RequiresDirective Use javax.tools and javax.lang.model @since 1.6 + com.sun.tools.javac.code.Flags           Use javax.tools and javax.lang.model @since 1.6 + com.sun.tools.javac.code.Kinds           Use javax.tools and javax.lang.model @since 1.6 + com.sun.tools.javac.code.Kinds$Kind      Use javax.tools and javax.lang.model @since 1.6 + com.sun.tools.javac.code.Kinds$KindSelector Use javax.tools and javax.lang.model @since 1.6 + com.sun.tools.javac.code.ModuleFinder    Use javax.tools and javax.lang.model @since 1.6 + com.sun.tools.javac.code.Scope           Use javax.tools and javax.lang.model @since 1.6 + com.sun.tools.javac.code.Scope$WriteableScope Use javax.tools and javax.lang.model @since 1.6 + com.sun.tools.javac.code.Symbol          Use javax.tools and javax.lang.model @since 1.6 + com.sun.tools.javac.code.Symbol$ClassSymbol Use javax.tools and javax.lang.model @since 1.6 + com.sun.tools.javac.code.Symbol$Completer Use javax.tools and javax.lang.model @since 1.6 + com.sun.tools.javac.code.Symbol$CompletionFailure Use javax.tools and javax.lang.model @since 1.6 + com.sun.tools.javac.code.Symbol$MethodSymbol Use javax.tools and javax.lang.model @since 1.6 + com.sun.tools.javac.code.Symbol$ModuleSymbol Use javax.tools and javax.lang.model @since 1.6 + com.sun.tools.javac.code.Symbol$PackageSymbol Use javax.tools and javax.lang.model @since 1.6 + com.sun.tools.javac.code.Symbol$TypeSymbol Use javax.tools and javax.lang.model @since 1.6 + com.sun.tools.javac.code.Symbol$TypeVariableSymbol Use javax.tools and javax.lang.model @since 1.6 + com.sun.tools.javac.code.Symbol$VarSymbol Use javax.tools and javax.lang.model @since 1.6 + com.sun.tools.javac.code.SymbolMetadata  Use javax.tools and javax.lang.model @since 1.6 + com.sun.tools.javac.code.Symtab          Use javax.tools and javax.lang.model @since 1.6 + com.sun.tools.javac.code.TargetType      Use javax.tools and javax.lang.model @since 1.6 + com.sun.tools.javac.code.Type            Use javax.tools and javax.lang.model @since 1.6 + com.sun.tools.javac.code.Type$AnnotatedType Use javax.tools and javax.lang.model @since 1.6 + com.sun.tools.javac.code.Type$ArrayType  Use javax.tools and javax.lang.model @since 1.6 + com.sun.tools.javac.code.Type$CapturedType Use javax.tools and javax.lang.model @since 1.6 + com.sun.tools.javac.code.Type$ClassType  Use javax.tools and javax.lang.model @since 1.6 + com.sun.tools.javac.code.Type$ErrorType  Use javax.tools and javax.lang.model @since 1.6 + com.sun.tools.javac.code.Type$ForAll     Use javax.tools and javax.lang.model @since 1.6 + com.sun.tools.javac.code.Type$IntersectionClassType Use javax.tools and javax.lang.model @since 1.6 + com.sun.tools.javac.code.Type$JCNoType   Use javax.tools and javax.lang.model @since 1.6 + com.sun.tools.javac.code.Type$MethodType Use javax.tools and javax.lang.model @since 1.6 + com.sun.tools.javac.code.Type$TypeVar    Use javax.tools and javax.lang.model @since 1.6 + com.sun.tools.javac.code.Type$WildcardType Use javax.tools and javax.lang.model @since 1.6 + com.sun.tools.javac.code.TypeAnnotationPosition Use javax.tools and javax.lang.model @since 1.6 + com.sun.tools.javac.code.TypeAnnotationPosition$TypePathEntry Use javax.tools and javax.lang.model @since 1.6 + com.sun.tools.javac.code.TypeAnnotations Use javax.tools and javax.lang.model @since 1.6 + com.sun.tools.javac.code.TypeTag         Use javax.tools and javax.lang.model @since 1.6 + com.sun.tools.javac.code.Types           Use javax.tools and javax.lang.model @since 1.6 + com.sun.tools.javac.code.Types$UnaryVisitor Use javax.tools and javax.lang.model @since 1.6 + com.sun.tools.javac.comp.Analyzer        Use javax.tools and javax.lang.model @since 1.6 + com.sun.tools.javac.comp.Annotate        Use javax.tools and javax.lang.model @since 1.6 + com.sun.tools.javac.comp.ArgumentAttr    Use javax.tools and javax.lang.model @since 1.6 + com.sun.tools.javac.comp.Attr            Use javax.tools and javax.lang.model @since 1.6 + com.sun.tools.javac.comp.AttrContext     Use javax.tools and javax.lang.model @since 1.6 + com.sun.tools.javac.comp.AttrContextEnv  Use javax.tools and javax.lang.model @since 1.6 + com.sun.tools.javac.comp.Check           Use javax.tools and javax.lang.model @since 1.6 + com.sun.tools.javac.comp.Check$CheckContext Use javax.tools and javax.lang.model @since 1.6 + com.sun.tools.javac.comp.CompileStates   Use javax.tools and javax.lang.model @since 1.6 + com.sun.tools.javac.comp.CompileStates$CompileState Use javax.tools and javax.lang.model @since 1.6 + com.sun.tools.javac.comp.DeferredAttr    Use javax.tools and javax.lang.model @since 1.6 + com.sun.tools.javac.comp.Enter           Use javax.tools and javax.lang.model @since 1.6 + com.sun.tools.javac.comp.Env             Use javax.tools and javax.lang.model @since 1.6 + com.sun.tools.javac.comp.Flow            Use javax.tools and javax.lang.model @since 1.6 + com.sun.tools.javac.comp.Infer           Use javax.tools and javax.lang.model @since 1.6 + com.sun.tools.javac.comp.LambdaToMethod  Use javax.tools and javax.lang.model @since 1.6 + com.sun.tools.javac.comp.Lower           Use javax.tools and javax.lang.model @since 1.6 + com.sun.tools.javac.comp.MemberEnter     Use javax.tools and javax.lang.model @since 1.6 + com.sun.tools.javac.comp.Modules         Use javax.tools and javax.lang.model @since 1.6 + com.sun.tools.javac.comp.Resolve         Use javax.tools and javax.lang.model @since 1.6 + com.sun.tools.javac.comp.TransTypes      Use javax.tools and javax.lang.model @since 1.6 + com.sun.tools.javac.comp.TypeEnter       Use javax.tools and javax.lang.model @since 1.6 + com.sun.tools.javac.file.JavacFileManager Use javax.tools and javax.lang.model @since 1.6 + com.sun.tools.javac.file.RelativePath    Use javax.tools and javax.lang.model @since 1.6 + com.sun.tools.javac.jvm.ClassReader      Use javax.tools and javax.lang.model @since 1.6 + com.sun.tools.javac.jvm.ClassWriter      Use javax.tools and javax.lang.model @since 1.6 + com.sun.tools.javac.jvm.ClassWriter$PoolOverflow Use javax.tools and javax.lang.model @since 1.6 + com.sun.tools.javac.jvm.ClassWriter$StringOverflow Use javax.tools and javax.lang.model @since 1.6 + com.sun.tools.javac.jvm.Gen              Use javax.tools and javax.lang.model @since 1.6 + com.sun.tools.javac.main.JavaCompiler    Use javax.tools and javax.lang.model @since 1.6 + com.sun.tools.javac.model.JavacElements  Use javax.tools and javax.lang.model @since 1.6 + com.sun.tools.javac.processing.JavacProcessingEnvironment Use javax.tools and javax.lang.model @since 1.6 + com.sun.tools.javac.resources.CompilerProperties Use javax.tools and javax.lang.model @since 1.6 + com.sun.tools.javac.resources.CompilerProperties$Errors Use javax.tools and javax.lang.model @since 1.6 + com.sun.tools.javac.resources.CompilerProperties$Notes Use javax.tools and javax.lang.model @since 1.6 + com.sun.tools.javac.resources.CompilerProperties$Warnings Use javax.tools and javax.lang.model @since 1.6 + com.sun.tools.javac.tree.EndPosTable     Use com.sun.source @since 1.6 + com.sun.tools.javac.tree.JCTree          Use com.sun.source @since 1.6 + com.sun.tools.javac.tree.JCTree$JCAnnotatedType Use com.sun.source @since 1.6 + com.sun.tools.javac.tree.JCTree$JCAnnotation Use com.sun.source @since 1.6 + com.sun.tools.javac.tree.JCTree$JCAssign Use com.sun.source @since 1.6 + com.sun.tools.javac.tree.JCTree$JCAssignOp Use com.sun.source @since 1.6 + com.sun.tools.javac.tree.JCTree$JCBinary Use com.sun.source @since 1.6 + com.sun.tools.javac.tree.JCTree$JCBlock  Use com.sun.source @since 1.6 + com.sun.tools.javac.tree.JCTree$JCClassDecl Use com.sun.source @since 1.6 + com.sun.tools.javac.tree.JCTree$JCCompilationUnit Use com.sun.source @since 1.6 + com.sun.tools.javac.tree.JCTree$JCExpression Use com.sun.source @since 1.6 + com.sun.tools.javac.tree.JCTree$JCExpressionStatement Use com.sun.source @since 1.6 + com.sun.tools.javac.tree.JCTree$JCFieldAccess Use com.sun.source @since 1.6 + com.sun.tools.javac.tree.JCTree$JCIdent  Use com.sun.source @since 1.6 + com.sun.tools.javac.tree.JCTree$JCLambda Use com.sun.source @since 1.6 + com.sun.tools.javac.tree.JCTree$JCLiteral Use com.sun.source @since 1.6 + com.sun.tools.javac.tree.JCTree$JCMemberReference Use com.sun.source @since 1.6 + com.sun.tools.javac.tree.JCTree$JCMethodDecl Use com.sun.source @since 1.6 + com.sun.tools.javac.tree.JCTree$JCMethodInvocation Use com.sun.source @since 1.6 + com.sun.tools.javac.tree.JCTree$JCModifiers Use com.sun.source @since 1.6 + com.sun.tools.javac.tree.JCTree$JCNewArray Use com.sun.source @since 1.6 + com.sun.tools.javac.tree.JCTree$JCNewClass Use com.sun.source @since 1.6 + com.sun.tools.javac.tree.JCTree$JCStatement Use com.sun.source @since 1.6 + com.sun.tools.javac.tree.JCTree$JCTypeCast Use com.sun.source @since 1.6 + com.sun.tools.javac.tree.JCTree$JCUnary  Use com.sun.source @since 1.6 + com.sun.tools.javac.tree.JCTree$JCVariableDecl Use com.sun.source @since 1.6 + com.sun.tools.javac.tree.JCTree$JCWildcard Use com.sun.source @since 1.6 + com.sun.tools.javac.tree.JCTree$Tag      Use com.sun.source @since 1.6 + com.sun.tools.javac.tree.JCTree$TypeBoundKind Use com.sun.source @since 1.6 + com.sun.tools.javac.tree.JCTree$Visitor  Use com.sun.source @since 1.6 + com.sun.tools.javac.tree.TreeInfo        Use com.sun.source @since 1.6 + com.sun.tools.javac.tree.TreeMaker       Use com.sun.source @since 1.6 + com.sun.tools.javac.tree.TreeTranslator  Use com.sun.source @since 1.6 + com.sun.tools.javac.util.Context         Use javax.tools and javax.lang.model @since 1.6 + com.sun.tools.javac.util.Context$Key     Use javax.tools and javax.lang.model @since 1.6 + com.sun.tools.javac.util.DiagnosticSource Use javax.tools and javax.lang.model @since 1.6 + com.sun.tools.javac.util.Filter          Use javax.tools and javax.lang.model @since 1.6 + com.sun.tools.javac.util.JCDiagnostic    Use javax.tools and javax.lang.model @since 1.6 + com.sun.tools.javac.util.JCDiagnostic$DiagnosticFlag Use javax.tools and javax.lang.model @since 1.6 + com.sun.tools.javac.util.JCDiagnostic$DiagnosticPosition Use javax.tools and javax.lang.model @since 1.6 + com.sun.tools.javac.util.JCDiagnostic$Error Use javax.tools and javax.lang.model @since 1.6 + com.sun.tools.javac.util.JCDiagnostic$Note Use javax.tools and javax.lang.model @since 1.6 + com.sun.tools.javac.util.JCDiagnostic$SimpleDiagnosticPosition Use javax.tools and javax.lang.model @since 1.6 + com.sun.tools.javac.util.JCDiagnostic$Warning Use javax.tools and javax.lang.model @since 1.6 + com.sun.tools.javac.util.List            Use javax.tools and javax.lang.model @since 1.6 + com.sun.tools.javac.util.ListBuffer      Use javax.tools and javax.lang.model @since 1.6 + com.sun.tools.javac.util.Log             Use javax.tools and javax.lang.model @since 1.6 + com.sun.tools.javac.util.Log$DiagnosticHandler Use javax.tools and javax.lang.model @since 1.6 + com.sun.tools.javac.util.Log$WriterKind  Use javax.tools and javax.lang.model @since 1.6 + com.sun.tools.javac.util.Name            Use javax.tools and javax.lang.model @since 1.6 + com.sun.tools.javac.util.Names           Use javax.tools and javax.lang.model @since 1.6 + com.sun.tools.javac.util.Pair            Use javax.tools and javax.lang.model @since 1.6 + com.sun.tools.javac.util.Position        Use javax.tools and javax.lang.model @since 1.6 + sun.misc.Unsafe                          See http://openjdk.java.net/jeps/260
systems.manifold,manifold-bootstrap-plugin,0.34-alpha,-,-,?,-,false,com.sun.tools.javac.api.BasicJavacTask   Use javax.tools and javax.lang.model @since 1.6 + com.sun.tools.javac.code.Symbol          Use javax.tools and javax.lang.model @since 1.6 + com.sun.tools.javac.code.Symbol$PackageSymbol Use javax.tools and javax.lang.model @since 1.6 + com.sun.tools.javac.code.Symtab          Use javax.tools and javax.lang.model @since 1.6 + com.sun.tools.javac.tree.JCTree          Use com.sun.source @since 1.6 + com.sun.tools.javac.tree.JCTree$JCCompilationUnit Use com.sun.source @since 1.6 + com.sun.tools.javac.util.Context         Use javax.tools and javax.lang.model @since 1.6 + com.sun.tools.javac.util.List            Use javax.tools and javax.lang.model @since 1.6 + com.sun.tools.javac.util.Name            Use javax.tools and javax.lang.model @since 1.6 + com.sun.tools.javac.util.Names           Use javax.tools and javax.lang.model @since 1.6
systems.manifold,manifold-collections,0.34-alpha,-,-,?,-,false,-
systems.manifold,manifold-collections-test,0.34-alpha,-,-,?,-,false,-
systems.manifold,manifold-ext,0.34-alpha,-,-,?,-,false,com.sun.tools.javac.api.BasicJavacTask   Use javax.tools and javax.lang.model @since 1.6 + com.sun.tools.javac.code.Attribute       Use javax.tools and javax.lang.model @since 1.6 + com.sun.tools.javac.code.Attribute$Compound Use javax.tools and javax.lang.model @since 1.6 + com.sun.tools.javac.code.Attribute$TypeCompound Use javax.tools and javax.lang.model @since 1.6 + com.sun.tools.javac.code.BoundKind       Use javax.tools and javax.lang.model @since 1.6 + com.sun.tools.javac.code.Flags           Use javax.tools and javax.lang.model @since 1.6 + com.sun.tools.javac.code.Symbol          Use javax.tools and javax.lang.model @since 1.6 + com.sun.tools.javac.code.Symbol$ClassSymbol Use javax.tools and javax.lang.model @since 1.6 + com.sun.tools.javac.code.Symbol$MethodSymbol Use javax.tools and javax.lang.model @since 1.6 + com.sun.tools.javac.code.Symbol$TypeSymbol Use javax.tools and javax.lang.model @since 1.6 + com.sun.tools.javac.code.Symbol$VarSymbol Use javax.tools and javax.lang.model @since 1.6 + com.sun.tools.javac.code.SymbolMetadata  Use javax.tools and javax.lang.model @since 1.6 + com.sun.tools.javac.code.Symtab          Use javax.tools and javax.lang.model @since 1.6 + com.sun.tools.javac.code.Type            Use javax.tools and javax.lang.model @since 1.6 + com.sun.tools.javac.code.Type$ArrayType  Use javax.tools and javax.lang.model @since 1.6 + com.sun.tools.javac.code.Type$CapturedType Use javax.tools and javax.lang.model @since 1.6 + com.sun.tools.javac.code.Type$ClassType  Use javax.tools and javax.lang.model @since 1.6 + com.sun.tools.javac.code.Type$TypeVar    Use javax.tools and javax.lang.model @since 1.6 + com.sun.tools.javac.code.Type$WildcardType Use javax.tools and javax.lang.model @since 1.6 + com.sun.tools.javac.code.Types           Use javax.tools and javax.lang.model @since 1.6 + com.sun.tools.javac.code.Types$UnaryVisitor Use javax.tools and javax.lang.model @since 1.6 + com.sun.tools.javac.comp.AttrContext     Use javax.tools and javax.lang.model @since 1.6 + com.sun.tools.javac.comp.AttrContextEnv  Use javax.tools and javax.lang.model @since 1.6 + com.sun.tools.javac.comp.Env             Use javax.tools and javax.lang.model @since 1.6 + com.sun.tools.javac.comp.Resolve         Use javax.tools and javax.lang.model @since 1.6 + com.sun.tools.javac.model.JavacElements  Use javax.tools and javax.lang.model @since 1.6 + com.sun.tools.javac.tree.JCTree          Use com.sun.source @since 1.6 + com.sun.tools.javac.tree.JCTree$JCAnnotatedType Use com.sun.source @since 1.6 + com.sun.tools.javac.tree.JCTree$JCAnnotation Use com.sun.source @since 1.6 + com.sun.tools.javac.tree.JCTree$JCAssign Use com.sun.source @since 1.6 + com.sun.tools.javac.tree.JCTree$JCAssignOp Use com.sun.source @since 1.6 + com.sun.tools.javac.tree.JCTree$JCClassDecl Use com.sun.source @since 1.6 + com.sun.tools.javac.tree.JCTree$JCCompilationUnit Use com.sun.source @since 1.6 + com.sun.tools.javac.tree.JCTree$JCExpression Use com.sun.source @since 1.6 + com.sun.tools.javac.tree.JCTree$JCFieldAccess Use com.sun.source @since 1.6 + com.sun.tools.javac.tree.JCTree$JCIdent  Use com.sun.source @since 1.6 + com.sun.tools.javac.tree.JCTree$JCLambda Use com.sun.source @since 1.6 + com.sun.tools.javac.tree.JCTree$JCLiteral Use com.sun.source @since 1.6 + com.sun.tools.javac.tree.JCTree$JCMemberReference Use com.sun.source @since 1.6 + com.sun.tools.javac.tree.JCTree$JCMethodDecl Use com.sun.source @since 1.6 + com.sun.tools.javac.tree.JCTree$JCMethodInvocation Use com.sun.source @since 1.6 + com.sun.tools.javac.tree.JCTree$JCModifiers Use com.sun.source @since 1.6 + com.sun.tools.javac.tree.JCTree$JCNewArray Use com.sun.source @since 1.6 + com.sun.tools.javac.tree.JCTree$JCNewClass Use com.sun.source @since 1.6 + com.sun.tools.javac.tree.JCTree$JCTypeCast Use com.sun.source @since 1.6 + com.sun.tools.javac.tree.JCTree$JCUnary  Use com.sun.source @since 1.6 + com.sun.tools.javac.tree.JCTree$JCVariableDecl Use com.sun.source @since 1.6 + com.sun.tools.javac.tree.JCTree$JCWildcard Use com.sun.source @since 1.6 + com.sun.tools.javac.tree.JCTree$TypeBoundKind Use com.sun.source @since 1.6 + com.sun.tools.javac.tree.JCTree$Visitor  Use com.sun.source @since 1.6 + com.sun.tools.javac.tree.TreeMaker       Use com.sun.source @since 1.6 + com.sun.tools.javac.tree.TreeTranslator  Use com.sun.source @since 1.6 + com.sun.tools.javac.util.Context         Use javax.tools and javax.lang.model @since 1.6 + com.sun.tools.javac.util.Filter          Use javax.tools and javax.lang.model @since 1.6 + com.sun.tools.javac.util.JCDiagnostic    Use javax.tools and javax.lang.model @since 1.6 + com.sun.tools.javac.util.JCDiagnostic$DiagnosticPosition Use javax.tools and javax.lang.model @since 1.6 + com.sun.tools.javac.util.List            Use javax.tools and javax.lang.model @since 1.6 + com.sun.tools.javac.util.Name            Use javax.tools and javax.lang.model @since 1.6 + com.sun.tools.javac.util.Names           Use javax.tools and javax.lang.model @since 1.6 + com.sun.tools.javac.util.Pair            Use javax.tools and javax.lang.model @since 1.6 + com.sun.tools.javac.util.Position        Use javax.tools and javax.lang.model @since 1.6
systems.manifold,manifold-ext-producer-sample,0.34-alpha,-,-,?,-,false,-
systems.manifold,manifold-ext-producer-sample-test,0.34-alpha,-,-,?,-,false,-
systems.manifold,manifold-ext-test,0.34-alpha,-,-,?,-,false,-
systems.manifold,manifold-io,0.34-alpha,-,-,?,-,false,-
systems.manifold,manifold-io-test,0.34-alpha,-,-,?,-,false,-
systems.manifold,manifold-js,0.34-alpha,-,-,?,-,false,-
systems.manifold,manifold-json,0.34-alpha,-,-,?,-,false,-
systems.manifold,manifold-json-test,0.34-alpha,-,-,?,-,false,-
systems.manifold,manifold-js-test,0.34-alpha,-,-,?,-,false,-
systems.manifold,manifold-templates,0.34-alpha,-,-,?,-,false,-
systems.manifold,manifold-templates-test,0.34-alpha,-,-,?,-,false,-
systems.manifold,manifold-test,0.34-alpha,-,-,?,-,false,-
systems.manifold,manifold-text,0.34-alpha,-,-,?,-,false,-
systems.manifold,manifold-text-test,0.34-alpha,-,-,?,-,false,-
systems.manifold,manifold-util,0.34-alpha,-,-,?,-,false,sun.misc.Unsafe                          See http://openjdk.java.net/jeps/260
