groupId,artifactId,version,moduleName,moduleVersion,moduleMode,moduleDependencies,jdepsToolError,jdepsViolations
com.liferay,com.liferay.gradle.plugins,3.12.49,-,-,?,-,false,-
com.liferay,com.liferay.gradle.plugins.defaults,5.5.98,-,-,?,-,false,-
com.liferay,com.liferay.gradle.plugins.gulp,2.0.3,-,-,?,-,false,-
com.liferay,com.liferay.gradle.plugins.js.module.config.generator,2.1.1,-,-,?,-,false,-
com.liferay,com.liferay.gradle.plugins.js.transpiler,2.2.1,-,-,?,-,false,-
com.liferay,com.liferay.gradle.plugins.node,1.3.0,-,-,?,-,false,-
com.liferay,com.liferay.jenkins.results.parser,1.0.55,-,-,?,-,false,-
com.liferay,com.liferay.poshi.runner,1.0.65,-,-,?,-,false,-
