groupId,artifactId,version,moduleName,moduleVersion,moduleMode,moduleDependencies,jdepsToolError,jdepsViolations
cn.ibaijia,jsm-frame,1.3.16,-,-,?,-,false,-
com.github.almondtools,rexlex,0.3.2,-,-,?,-,false,-
com.github.vipcchua,fastpay,1.0.4.3,-,-,?,-,false,-
de.carne.common,java-gradle-plugins,0.7.1,-,-,?,-,false,-
de.dm.auth,activedirectory-spring-boot-starter,2.2.1,-,-,?,-,false,-
de.skuzzle.enforcer,restrict-imports-enforcer-rule,0.15.0,-,-,?,-,false,-
net.amygdalum,patternsearchalgorithms,0.1.2,-,-,?,-,false,-
net.amygdalum,stringsearchalgorithms,0.4.2,-,-,?,-,false,-
net.sf.tsl2nano,tsl2.nano.common,2.2.1,-,-,?,-,false,-
net.sf.tsl2nano,tsl2.nano.core,2.2.1,-,-,?,-,false,sun.security.x509.X500Name               Use javax.security.auth.x500.X500Principal @since 1.4
net.sf.tsl2nano,tsl2.nano.cursus,2.2.1,-,-,?,-,false,-
net.sf.tsl2nano,tsl2.nano.descriptor,2.2.1,-,-,?,-,false,-
net.sf.tsl2nano,tsl2.nano.directaccess,2.2.1,-,-,?,-,false,-
net.sf.tsl2nano,tsl2.nano.ebeanprovider,2.2.1,-,-,?,-,false,-
net.sf.tsl2nano,tsl2.nano.h5,2.2.1,-,-,?,-,false,sun.security.x509.X500Name               Use javax.security.auth.x500.X500Principal @since 1.4
net.sf.tsl2nano,tsl2.nano.h5.thymeleaf,2.2.1,-,-,?,-,false,-
net.sf.tsl2nano,tsl2.nano.incubation,2.2.1,-,-,?,-,false,-
net.sf.tsl2nano,tsl2.nano.jarresolver,2.2.1,-,-,?,-,false,-
net.sf.tsl2nano,tsl2.nano.logicstructure,2.2.1,-,-,?,-,false,-
net.sf.tsl2nano,tsl2.nano.operation,2.2.1,-,-,?,-,false,-
net.sf.tsl2nano,tsl2.nano.ormliteprovider,2.2.1,-,-,?,-,false,-
net.sf.tsl2nano,tsl2.nano.repeatable,2.2.1,-,-,?,-,false,-
net.sf.tsl2nano,tsl2.nano.replication,2.2.1,-,-,?,-,false,-
net.sf.tsl2nano,tsl2.nano.serviceaccess,2.2.1,-,-,?,-,false,-
net.sf.tsl2nano,tsl2.nano.specification,2.2.1,-,-,?,-,false,-
net.sf.tsl2nano,tsl2.nano.terminal,2.2.1,-,-,?,-,false,sun.security.x509.X500Name               Use javax.security.auth.x500.X500Principal @since 1.4
net.sf.tsl2nano,tsl2.nano.vnet,2.2.1,-,-,?,-,false,-
no.nav.abac.policies,abac-attribute-constants,3.3.13,-,-,?,-,false,-
org.carrot2,elasticsearch-carrot2,6.5.4,-,-,?,-,false,-
org.neo4j,neo4j-ogm-api,3.2.0-alpha02,org.neo4j.ogm.drivers.api,-,automatic,-,false,-
org.neo4j,neo4j-ogm-bolt-driver,3.2.0-alpha02,org.neo4j.ogm.drivers.bolt,-,automatic,-,false,-
org.neo4j,neo4j-ogm-bolt-native-types,3.2.0-alpha02,-,-,automatic,-,false,-
org.neo4j,neo4j-ogm-core,3.2.0-alpha02,org.neo4j.ogm.core,-,automatic,-,false,-
org.neo4j,neo4j-ogm-embedded-driver,3.2.0-alpha02,org.neo4j.ogm.drivers.embedded,-,automatic,-,false,-
org.neo4j,neo4j-ogm-embedded-native-types,3.2.0-alpha02,-,-,automatic,-,false,-
org.neo4j,neo4j-ogm-http-driver,3.2.0-alpha02,org.neo4j.ogm.drivers.http,-,automatic,-,false,-
org.neo4j,neo4j-ogm-test,3.2.0-alpha02,org.neo4j.ogm.testutil,-,automatic,-,false,-
