groupId,artifactId,version,moduleName,moduleVersion,moduleMode,moduleDependencies,jdepsToolError,jdepsViolations
cloud.orbit,orbit-actor-benchmarks,1.11.1,-,-,?,-,false,-
cloud.orbit,orbit-actor-tests,1.11.1,-,-,?,-,false,-
cloud.orbit,orbit-commons,1.11.1,-,-,?,-,false,-
cloud.orbit,orbit-core,1.11.1,-,-,?,-,false,-
cloud.orbit,orbit-infinispan-cluster,1.11.1,-,-,?,-,false,-
cloud.orbit,orbit-json,1.11.1,-,-,?,-,false,-
cloud.orbit,orbit-runtime,1.11.1,-,-,?,-,false,sun.misc.Cleaner                         Use java.lang.ref.PhantomReference @since 1.2 or java.lang.ref.Cleaner @since 9 + sun.misc.Unsafe                          See http://openjdk.java.net/jeps/260 + sun.reflect.ReflectionFactory            See http://openjdk.java.net/jeps/260
com.github.progrocus,70-jcore,0.0.1,-,-,?,-,false,-
com.liferay,com.liferay.project.templates,2.1.0,-,-,?,-,false,-
com.lightbend.rp,reactive-lib-akka-cluster-bootstrap_2.11,1.6.0,-,-,?,-,false,-
com.lightbend.rp,reactive-lib-akka-cluster-bootstrap_2.12,1.6.0,-,-,?,-,false,-
com.lightbend.rp,reactive-lib-akka-management_2.11,1.6.0,-,-,?,-,false,-
com.lightbend.rp,reactive-lib-akka-management_2.12,1.6.0,-,-,?,-,false,-
com.lightbend.rp,reactive-lib-common_2.11,1.6.0,-,-,?,-,false,-
com.lightbend.rp,reactive-lib-common_2.12,1.6.0,-,-,?,-,false,-
com.lightbend.rp,reactive-lib-play-http-binding_2.11,1.6.0,-,-,?,-,false,-
com.lightbend.rp,reactive-lib-play-http-binding_2.12,1.6.0,-,-,?,-,false,-
com.lightbend.rp,reactive-lib-secrets_2.11,1.6.0,-,-,?,-,false,-
com.lightbend.rp,reactive-lib-secrets_2.12,1.6.0,-,-,?,-,false,-
com.lightbend.rp,reactive-lib-service-discovery_2.11,1.6.0,-,-,?,-,false,-
com.lightbend.rp,reactive-lib-service-discovery_2.12,1.6.0,-,-,?,-,false,-
com.lightbend.rp,reactive-lib-service-discovery-lagom14-java_2.11,1.6.0,-,-,?,-,false,-
com.lightbend.rp,reactive-lib-service-discovery-lagom14-java_2.12,1.6.0,-,-,?,-,false,-
com.lightbend.rp,reactive-lib-service-discovery-lagom14-scala_2.11,1.6.0,-,-,?,-,false,-
com.lightbend.rp,reactive-lib-service-discovery-lagom14-scala_2.12,1.6.0,-,-,?,-,false,-
com.lightbend.rp,reactive-lib-status_2.11,1.6.0,-,-,?,-,false,-
com.lightbend.rp,reactive-lib-status_2.12,1.6.0,-,-,?,-,false,-
com.microsoft.rest.v2,client-runtime,2.0.2,-,-,?,-,false,-
com.opendxl,dxlclient,0.1.1,-,-,?,-,false,-
com.redhat.lightblue.client,lightblue-client-core,5.16.0,-,-,?,-,false,-
com.redhat.lightblue.client,lightblue-client-http,5.16.0,-,-,?,-,false,-
com.redhat.lightblue.client,lightblue-client-hystrix,5.16.0,-,-,?,-,false,-
com.redhat.lightblue.client,lightblue-client-integration-test,5.16.0,-,-,?,-,false,-
com.redhat.lightblue.rest,lightblue-rest-auth,2.27.0,-,-,?,-,false,-
com.redhat.lightblue.rest,lightblue-rest-common,2.27.0,-,-,?,-,false,-
com.redhat.lightblue.rest,lightblue-rest-integration-test,2.27.0,-,-,?,-,false,-
com.redhat.lightblue.rest,lightblue-rest-test,2.27.0,-,-,?,-,false,-
