groupId,artifactId,version,moduleName,moduleVersion,moduleMode,moduleDependencies,jdepsToolError,jdepsViolations
ch.carve,mp-config-consul,0.3,-,-,?,-,false,-
com.elepy,elepy-admin,1.6.3,-,-,?,-,false,-
com.elepy,elepy-core,1.6.3,-,-,?,-,false,-
com.elepy,elepy-gallery,1.6.3,-,-,?,-,false,-
com.elepy,elepy-hibernate,1.6.3,-,-,?,-,false,-
com.gooddata,gooddata-java,2.32.0+api1,-,-,?,-,false,-
com.typesafe.play,build-link,2.7.0-RC8,-,-,?,-,false,-
com.typesafe.play,filters-helpers_2.11,2.7.0-RC8,-,-,?,-,false,-
com.typesafe.play,filters-helpers_2.12,2.7.0-RC8,-,-,?,-,false,-
com.typesafe.play,play_2.11,2.7.0-RC8,-,-,?,-,false,-
com.typesafe.play,play_2.12,2.7.0-RC8,-,-,?,-,false,-
com.typesafe.play,play-ahc-ws_2.11,2.7.0-RC8,-,-,?,-,false,-
com.typesafe.play,play-ahc-ws_2.12,2.7.0-RC8,-,-,?,-,false,-
com.typesafe.play,play-akka-http2-support_2.11,2.7.0-RC8,-,-,?,-,false,-
com.typesafe.play,play-akka-http2-support_2.12,2.7.0-RC8,-,-,?,-,false,-
com.typesafe.play,play-akka-http-server_2.11,2.7.0-RC8,-,-,?,-,false,-
com.typesafe.play,play-akka-http-server_2.12,2.7.0-RC8,-,-,?,-,false,-
com.typesafe.play,play-cache_2.11,2.7.0-RC8,-,-,?,-,false,-
com.typesafe.play,play-cache_2.12,2.7.0-RC8,-,-,?,-,false,-
com.typesafe.play,play-docs_2.11,2.7.0-RC8,-,-,?,-,false,-
com.typesafe.play,play-docs_2.12,2.7.0-RC8,-,-,?,-,false,-
com.typesafe.play,play-ehcache_2.11,2.7.0-RC8,-,-,?,-,false,-
com.typesafe.play,play-ehcache_2.12,2.7.0-RC8,-,-,?,-,false,-
com.typesafe.play,play-exceptions,2.7.0-RC8,-,-,?,-,false,-
com.typesafe.play,play-guice_2.11,2.7.0-RC8,-,-,?,-,false,-
com.typesafe.play,play-guice_2.12,2.7.0-RC8,-,-,?,-,false,-
com.typesafe.play,play-integration-test_2.11,2.7.0-RC8,-,-,?,-,false,-
com.typesafe.play,play-integration-test_2.12,2.7.0-RC8,-,-,?,-,false,-
com.typesafe.play,play-java_2.11,2.7.0-RC8,-,-,?,-,false,-
com.typesafe.play,play-java_2.12,2.7.0-RC8,-,-,?,-,false,-
com.typesafe.play,play-java-forms_2.11,2.7.0-RC8,-,-,?,-,false,-
com.typesafe.play,play-java-forms_2.12,2.7.0-RC8,-,-,?,-,false,-
com.typesafe.play,play-java-jdbc_2.11,2.7.0-RC8,-,-,?,-,false,-
com.typesafe.play,play-java-jdbc_2.12,2.7.0-RC8,-,-,?,-,false,-
com.typesafe.play,play-java-jpa_2.11,2.7.0-RC8,-,-,?,-,false,-
com.typesafe.play,play-java-jpa_2.12,2.7.0-RC8,-,-,?,-,false,-
com.typesafe.play,play-jcache_2.11,2.7.0-RC8,-,-,?,-,false,-
com.typesafe.play,play-jcache_2.12,2.7.0-RC8,-,-,?,-,false,-
com.typesafe.play,play-jdbc_2.11,2.7.0-RC8,-,-,?,-,false,-
com.typesafe.play,play-jdbc_2.12,2.7.0-RC8,-,-,?,-,false,-
com.typesafe.play,play-jdbc-api_2.11,2.7.0-RC8,-,-,?,-,false,-
com.typesafe.play,play-jdbc-api_2.12,2.7.0-RC8,-,-,?,-,false,-
com.typesafe.play,play-jdbc-evolutions_2.11,2.7.0-RC8,-,-,?,-,false,-
com.typesafe.play,play-jdbc-evolutions_2.12,2.7.0-RC8,-,-,?,-,false,-
com.typesafe.play,play-joda-forms_2.11,2.7.0-RC8,-,-,?,-,false,-
com.typesafe.play,play-joda-forms_2.12,2.7.0-RC8,-,-,?,-,false,-
com.typesafe.play,play-logback_2.11,2.7.0-RC8,-,-,?,-,false,-
com.typesafe.play,play-logback_2.12,2.7.0-RC8,-,-,?,-,false,-
com.typesafe.play,play-netty-server_2.11,2.7.0-RC8,-,-,?,-,false,-
com.typesafe.play,play-netty-server_2.12,2.7.0-RC8,-,-,?,-,false,-
com.typesafe.play,play-netty-utils,2.6.21,-,-,?,-,false,-
com.typesafe.play,play-openid_2.11,2.7.0-RC8,-,-,?,-,false,-
com.typesafe.play,play-openid_2.12,2.7.0-RC8,-,-,?,-,false,-
com.typesafe.play,play-server_2.11,2.7.0-RC8,-,-,?,-,false,sun.security.x509.X500Name               Use javax.security.auth.x500.X500Principal @since 1.4
com.typesafe.play,play-server_2.12,2.7.0-RC8,-,-,?,-,false,sun.security.x509.X500Name               Use javax.security.auth.x500.X500Principal @since 1.4
com.typesafe.play,play-specs2_2.11,2.7.0-RC8,-,-,?,-,false,-
com.typesafe.play,play-specs2_2.12,2.7.0-RC8,-,-,?,-,false,-
com.typesafe.play,play-streams_2.11,2.7.0-RC8,-,-,?,-,false,-
com.typesafe.play,play-streams_2.12,2.7.0-RC8,-,-,?,-,false,-
com.typesafe.play,play-test_2.11,2.7.0-RC8,-,-,?,-,false,-
com.typesafe.play,play-test_2.12,2.7.0-RC8,-,-,?,-,false,-
com.typesafe.play,play-ws_2.11,2.7.0-RC8,-,-,?,-,false,-
com.typesafe.play,play-ws_2.12,2.7.0-RC8,-,-,?,-,false,-
com.typesafe.play,routes-compiler_2.11,2.7.0-RC8,-,-,?,-,false,-
com.typesafe.play,routes-compiler_2.12,2.7.0-RC8,-,-,?,-,false,-
com.typesafe.play,run-support_2.10,2.7.0-RC8,-,-,?,-,false,-
com.typesafe.play,run-support_2.12,2.7.0-RC8,-,-,?,-,false,-
com.typesafe.play,sbt-routes-compiler_2.10,2.7.0-RC8,-,-,?,-,false,-
com.typesafe.play,sbt-routes-compiler_2.12,2.7.0-RC8,-,-,?,-,false,-
com.vaadin,flow-client,1.2.4,-,-,?,-,false,-
com.vaadin,flow-code-generator,1.2.4,-,-,?,-,false,-
com.vaadin,flow-code-generator-api,1.2.4,-,-,?,-,false,-
com.vaadin,flow-component-demo-helpers,1.2.4,-,-,?,-,false,-
com.vaadin,flow-data,1.2.4,-,-,?,-,false,-
com.vaadin,flow-html-components,1.2.4,-,-,?,-,false,-
com.vaadin,flow-html-components-testbench,1.2.4,-,-,?,-,false,-
com.vaadin,flow-maven-plugin,1.2.4,-,-,?,-,false,-
com.vaadin,flow-osgi,1.2.4,-,-,?,-,false,-
com.vaadin,flow-push,1.2.4,-,-,?,-,false,-
com.vaadin,flow-server,1.2.4,-,-,?,-,false,-
com.vaadin,flow-server-production-mode,1.2.4,-,-,?,-,false,-
com.vaadin,flow-test-generic,1.2.4,-,-,?,-,false,-
com.vaadin,flow-test-util,1.2.4,-,-,?,-,false,-
com.vaadin,vaadin-lumo-theme,1.2.4,-,-,?,-,false,-
com.vaadin,vaadin-material-theme,1.2.4,-,-,?,-,false,-
eu.rssw.openedge.checks,openedge-checks,2.2.5,-,-,?,-,false,-
eu.rssw.openedge.parsers,database-parser,2.2.5,-,-,?,-,false,-
eu.rssw.openedge.parsers,listing-parser,2.2.5,-,-,?,-,false,-
eu.rssw.openedge.parsers,profiler-parser,2.2.5,-,-,?,-,false,-
eu.rssw.openedge.parsers,proparse,2.2.5,-,-,?,-,false,-
eu.rssw.openedge.rcode,rcode-reader,2.2.5,-,-,?,-,false,-
eu.rssw.sonar.openedge,sonar-openedge-plugin,2.2.5,-,-,?,-,false,-
io.ebean,ebean,11.31.2,io.ebean,-,automatic,-,false,-
io.projectreactor,reactor-core,3.2.5.RELEASE,-,-,?,-,false,sun.misc.JavaLangAccess                  Removed. See http://openjdk.java.net/jeps/260 + sun.misc.SharedSecrets                   Removed. See http://openjdk.java.net/jeps/260 + sun.misc.Unsafe                          See http://openjdk.java.net/jeps/260
io.projectreactor,reactor-test,3.2.5.RELEASE,-,-,?,-,false,-
io.scalecube,scalecube-cluster,2.2.3,-,-,?,-,false,-
io.scalecube,scalecube-cluster-examples,2.2.3,-,-,?,-,false,-
io.scalecube,scalecube-transport,2.2.3,-,-,?,-,false,-
jakarta.transaction,jakarta.transaction-api,1.3.2,java.transaction,-,automatic,-,false,-
no.nav.fpsak.nare,fpsak-nare-core,2.0_20181105115918_47dcace,-,-,?,-,false,-
org.cikit.syslog,cikit-syslog,0.5.1,-,-,?,-,false,-
org.http4k,http4k-server-jetty,3.106.0,-,-,?,-,false,-
org.jsonbuddy,jsonbuddy,0.14.0,-,-,?,-,false,-
org.springframework.cloud,spring-cloud-build-docs,2.1.1.RELEASE,-,-,?,-,false,-
org.springframework.cloud,spring-cloud-build-tools,2.1.1.RELEASE,-,-,?,-,false,-
uk.co.caprica,vlcj,3.12.0,-,-,?,-,false,-
