groupId,artifactId,version,moduleName,moduleVersion,moduleMode,moduleDependencies,jdepsToolError,jdepsViolations
be.yildiz-games,module-messaging,1.0.3,be.yildizgames.module.messaging,-,explicit,be.yildizgames.common.exception + be.yildizgames.common.logging + be.yildizgames.common.util + java.base + javax.jms.api + slf4j.api,false,-
biz.netcentric.vlt.upgrade,vault-upgrade-hook,1.0.1,-,-,?,-,false,-
com.alecstrong,sqlite-psi-core,0.1.5,-,-,?,-,false,-
com.ardikars.common,common,1.2.6.RC9,-,-,?,-,false,-
com.ardikars.common,common-annotation,1.2.6.RC9,-,-,?,-,false,-
com.ardikars.common,common-constant,1.2.6.RC9,-,-,?,-,false,-
com.ardikars.common,common-logging,1.2.6.RC9,-,-,?,-,false,-
com.ardikars.common,common-net,1.2.6.RC9,-,-,?,-,false,-
com.ardikars.common,common-tuple,1.2.6.RC9,-,-,?,-,false,-
com.ardikars.common,common-util,1.2.6.RC9,-,-,?,-,false,sun.misc.Unsafe                          See http://openjdk.java.net/jeps/260
com.ardikars.jxnet,jxnet,1.5.3.RC6,-,-,?,-,false,-
com.ardikars.jxnet,jxnet-benchmark,1.5.3.RC6,-,-,?,-,false,-
com.ardikars.jxnet,jxnet-context,1.5.3.RC6,-,-,?,-,false,-
com.ardikars.jxnet,jxnet-core,1.5.3.RC6,-,-,?,-,false,-
com.ardikars.jxnet,jxnet-example,1.5.3.RC6,-,-,?,-,false,-
com.ardikars.jxnet,jxnet-spring-boot-autoconfigure,1.5.3.RC6,-,-,?,-,false,-
com.ardikars.jxnet,jxnet-spring-boot-starter,1.5.3.RC6,-,-,?,-,false,-
com.ardikars.jxnet,jxnet-spring-boot-starter-example,1.5.3.RC6,-,-,?,-,false,-
com.forgerock.openbanking,openbanking-sdk,3.0.0.12,-,-,?,-,false,-
com.github.lucarosellini,alexa-custom-skill-archetype,1.0.0,-,-,?,-,false,-
de.julielab,jcore-pipeline-builder-base,0.2.8,-,-,?,-,false,-
de.julielab,jcore-pipeline-builder-cli,0.2.8,-,-,?,-,false,-
de.julielab,jcore-pipeline-runner-assembly,0.2.8,-,-,?,-,false,-
de.julielab,jcore-pipeline-runner-base,0.2.8,-,-,?,-,false,-
de.julielab,jcore-pipeline-runner-cpe,0.2.8,-,-,?,-,false,-
de.julielab,julielab-maven-aether-utilities,1.1.0,-,-,?,-,false,-
io.github.snapitch,contaistner,0.1.1,-,-,?,-,false,-
org.voltdb,voltdb,8.4,-,-,?,-,false,sun.misc.Cleaner                         Use java.lang.ref.PhantomReference @since 1.2 or java.lang.ref.Cleaner @since 9 + sun.misc.JavaIOFileDescriptorAccess      Removed. See http://openjdk.java.net/jeps/260 + sun.misc.SharedSecrets                   Removed. See http://openjdk.java.net/jeps/260 + sun.misc.Unsafe                          See http://openjdk.java.net/jeps/260
org.voltdb,voltdbclient,8.4,-,-,?,-,false,sun.misc.Cleaner                         Use java.lang.ref.PhantomReference @since 1.2 or java.lang.ref.Cleaner @since 9 + sun.misc.JavaIOFileDescriptorAccess      Removed. See http://openjdk.java.net/jeps/260 + sun.misc.SharedSecrets                   Removed. See http://openjdk.java.net/jeps/260 + sun.misc.Unsafe                          See http://openjdk.java.net/jeps/260
