groupId,artifactId,version,moduleName,moduleVersion,moduleMode,moduleDependencies,jdepsToolError,jdepsViolations
com.anaplan.engineering,vdm-gradle-plugin,2.6.4,-,-,?,-,false,-
com.egzosn,pay-java-ali,2.12.4,-,-,?,-,false,-
com.egzosn,pay-java-common,2.12.4,-,-,?,-,false,-
com.egzosn,pay-java-fuiou,2.12.4,-,-,?,-,false,-
com.egzosn,pay-java-payoneer,2.12.4,-,-,?,-,false,-
com.egzosn,pay-java-paypal,2.12.4,-,-,?,-,false,-
com.egzosn,pay-java-union,2.12.4,-,-,?,-,false,-
com.egzosn,pay-java-wx,2.12.4,-,-,?,-,false,-
com.egzosn,pay-java-wx-youdian,2.12.4,-,-,?,-,false,-
com.epam.jdi,jdi-light,1.0.26,-,-,?,-,false,sun.reflect.generics.reflectiveObjects.NotImplementedException Removed. See http://openjdk.java.net/jeps/260
com.epam.jdi,jdi-light-html,1.0.26,-,-,?,-,false,-
com.github.timofeevda.jstressy,jstressy-api,1.0.11,-,-,?,-,false,-
com.github.timofeevda.jstressy,jstressy-config,1.0.11,-,-,?,-,false,-
com.github.timofeevda.jstressy,jstressy-cookiesession,1.0.11,-,-,?,-,false,-
com.github.timofeevda.jstressy,jstressy-dummy-scenario-java,1.0.11,-,-,?,-,false,-
com.github.timofeevda.jstressy,jstressy-dummy-scenario-kotlin,1.0.11,-,-,?,-,false,-
com.github.timofeevda.jstressy,jstressy-dummy-scenario-scala,1.0.11,-,-,?,-,false,-
com.github.timofeevda.jstressy,jstressy-httpclient,1.0.11,-,-,?,-,false,-
com.github.timofeevda.jstressy,jstressy-httprequest,1.0.11,-,-,?,-,false,-
com.github.timofeevda.jstressy,jstressy-httpsession,1.0.11,-,-,?,-,false,-
com.github.timofeevda.jstressy,jstressy-logger,1.0.11,-,-,?,-,false,-
com.github.timofeevda.jstressy,jstressy-maven-plugin,1.0.11,-,-,?,-,false,-
com.github.timofeevda.jstressy,jstressy-metrics-micrometer,1.0.11,-,-,?,-,false,sun.misc.Unsafe                          See http://openjdk.java.net/jeps/260
com.github.timofeevda.jstressy,jstressy-scenario-registry,1.0.11,-,-,?,-,false,-
com.github.timofeevda.jstressy,jstressy-scheduler,1.0.11,-,-,?,-,false,-
com.github.timofeevda.jstressy,jstressy-utils,1.0.11,-,-,?,-,false,-
com.github.timofeevda.jstressy,jstressy-vertx,1.0.11,-,-,?,-,false,-
com.github.timofeevda.jstressy,jstressy-vertx-metrics,1.0.11,-,-,?,-,false,-
com.github.timofeevda.jstressy,jstressy-websocket-utils,1.0.11,-,-,?,-,false,-
enterprises.orbital.eve.esi,client,1.0.0.20190108,-,-,?,-,false,-
fi.metatavu.tulistop.client,tulistop-api-client,0.0.29,-,-,?,-,false,-
fi.metatavu.tulistop,tulistop-api-spec,0.0.31,-,-,?,-,false,-
io.github.msantarsiere,dado,0.13,-,-,?,-,false,-
io.github.scalapb-json,scalapb-playjson_2.11,0.9.1,-,-,?,-,false,-
io.github.scalapb-json,scalapb-playjson_2.12,0.9.1,-,-,?,-,false,-
io.github.scalapb-json,scalapb-playjson-macros_2.11,0.9.1,-,-,?,-,false,-
io.github.scalapb-json,scalapb-playjson-macros_2.12,0.9.1,-,-,?,-,false,-
io.github.scalapb-json,scalapb-playjson_sjs0.6_2.11,0.9.1,-,-,?,-,false,-
io.github.scalapb-json,scalapb-playjson_sjs0.6_2.12,0.9.1,-,-,?,-,false,-
io.projectreactor.addons,reactor-adapter,3.2.2.RELEASE,-,-,?,-,false,-
io.projectreactor.addons,reactor-extra,3.2.2.RELEASE,-,-,?,-,false,-
io.projectreactor.addons,reactor-logback,3.2.2.RELEASE,-,-,?,-,false,-
net.callumtaylor,geogson,2.0,-,-,?,-,false,-
net.worcade,api-client,1.1.1,-,-,?,-,false,-
net.worcade,api-client-jersey,1.1.1,-,-,?,-,false,-
no.digipost,digipost-data-types,0.16,-,-,?,-,false,-
org.hawkular.metrics,hawkular-metrics-api-util,0.31.0.Final,-,-,?,-,false,-
org.hawkular.metrics,hawkular-metrics-configuration-service,0.31.0.Final,-,-,?,-,false,-
org.hawkular.metrics,hawkular-metrics-core-service,0.31.0.Final,-,-,?,-,false,-
org.hawkular.metrics,hawkular-metrics-data-generator,0.31.0.Final,-,-,?,-,false,sun.misc.Cleaner                         Use java.lang.ref.PhantomReference @since 1.2 or java.lang.ref.Cleaner @since 9 + sun.misc.Signal                          See http://openjdk.java.net/jeps/260 + sun.misc.SignalHandler                   See http://openjdk.java.net/jeps/260 + sun.misc.Unsafe                          See http://openjdk.java.net/jeps/260 + sun.reflect.Reflection                   Use java.lang.StackWalker @since 9 + sun.security.x509.X500Name               Use javax.security.auth.x500.X500Principal @since 1.4
org.hawkular.metrics,hawkular-metrics-datetime-service,0.31.0.Final,-,-,?,-,false,-
org.hawkular.metrics,hawkular-metrics-job-scheduler,0.31.0.Final,-,-,?,-,false,-
org.hawkular.metrics,hawkular-metrics-model,0.31.0.Final,-,-,?,-,false,-
org.hawkular.metrics,hawkular-metrics-rx-java-driver,0.31.0.Final,-,-,?,-,false,-
org.hawkular.metrics,hawkular-metrics-schema,0.31.0.Final,-,-,?,-,false,-
org.hawkular.metrics,hawkular-openshift-security-filter,0.31.0.Final,-,-,?,-,false,-
org.molgenis,vcf-io,1.0.3,-,-,?,-,false,-
org.scanamo,scanamo_2.11,1.0.0-M9,-,-,?,-,false,-
org.scanamo,scanamo-alpakka_2.11,1.0.0-M9,-,-,?,-,false,-
org.scanamo,scanamo-cats-effect_2.11,1.0.0-M9,-,-,?,-,false,-
org.scanamo,scanamo-formats_2.11,1.0.0-M9,-,-,?,-,false,-
org.scanamo,scanamo-joda_2.11,1.0.0-M9,-,-,?,-,false,-
org.scanamo,scanamo-refined_2.11,1.0.0-M9,-,-,?,-,false,-
org.scanamo,scanamo-scalaz_2.11,1.0.0-M9,-,-,?,-,false,-
org.scanamo,scanamo-scalaz-zio_2.11,1.0.0-M9,-,-,?,-,false,-
org.scanamo,scanamo-testkit_2.11,1.0.0-M9,-,-,?,-,false,-
org.scanamo,scanamo-time_2.11,1.0.0-M9,-,-,?,-,false,-
pl.decerto,hyperon-persistence,1.6.36,-,-,?,-,false,-
pl.decerto.hyperon.persistence,codegen-gradle-plugin,0.1.35,-,-,?,-,false,-
pl.decerto.hyperon.persistence,codegen-maven-plugin,0.1.35,-,-,?,-,false,-
pl.decerto,hyperon-runtime,1.6.36,-,-,?,-,false,-
