groupId,artifactId,version,moduleName,moduleVersion,moduleMode,moduleDependencies,jdepsToolError,jdepsViolations
ch.epfl.lamp,dotty_0.12,0.12.0-bin-20190102-01078c4-NIGHTLY,-,-,?,-,false,-
ch.epfl.lamp,dotty-compiler_0.12,0.12.0-bin-20190102-01078c4-NIGHTLY,-,-,?,-,false,-
ch.epfl.lamp,dotty-doc_0.12,0.12.0-bin-20190102-01078c4-NIGHTLY,-,-,?,-,false,-
ch.epfl.lamp,dotty-interfaces,0.12.0-bin-20190102-01078c4-NIGHTLY,-,-,?,-,false,-
ch.epfl.lamp,dotty-language-server_0.12,0.12.0-bin-20190102-01078c4-NIGHTLY,-,-,?,-,false,-
ch.epfl.lamp,dotty-library_0.12,0.12.0-bin-20190102-01078c4-NIGHTLY,-,-,?,-,false,sun.misc.Unsafe                          See http://openjdk.java.net/jeps/260
ch.epfl.lamp,scala-compiler,0.12.0-bin-20190102-01078c4-NIGHTLY,-,-,?,-,false,-
ch.epfl.lamp,scala-library,0.12.0-bin-20190102-01078c4-NIGHTLY,-,-,?,-,false,-
ch.epfl.lamp,scalap,0.12.0-bin-20190102-01078c4-NIGHTLY,-,-,?,-,false,-
ch.epfl.lamp,scala-reflect,0.12.0-bin-20190102-01078c4-NIGHTLY,-,-,?,-,false,-
ch.epfl.scala,bloop-backend_2.12,1032048a,-,-,?,-,false,-
ch.epfl.scala,bloop-config_2.10,121807cc,-,-,?,-,false,-
ch.epfl.scala,bloop-config_2.11,121807cc,-,-,?,-,false,-
ch.epfl.scala,bloop-config_2.12,121807cc,-,-,?,-,false,-
ch.epfl.scala,bloop-frontend_2.12,1032048a,-,-,?,-,false,-
ch.epfl.scala,bloop-js-bridge-0-6_2.12,121807cc,-,-,?,-,false,-
ch.epfl.scala,bloop-js-bridge-1-0_2.12,121807cc,-,-,?,-,false,-
ch.epfl.scala,bloop-launcher_2.12,1.2.1,-,-,?,-,false,-
ch.epfl.scala,bloop-native-bridge_2.12,121807cc,-,-,?,-,false,-
ch.epfl.scala,gradle-bloop_2.11,121807cc,-,-,?,-,false,-
ch.epfl.scala,gradlebloop212_2.12,121807cc,-,-,?,-,false,-
ch.epfl.scala,maven-bloop_2.10,121807cc,-,-,?,-,false,-
ch.epfl.scala,mill-bloop_2.12,121807cc,-,-,?,-,false,-
com.caucho,resin-kernel,4.0.50,-,-,?,-,false,-
com.github.richardroda.util,closeit,1.4,com.github.richardroda.util.closeit,-,automatic,-,false,-
com.jdkhome.blzo,blzo-ex-authj,0.0.7,-,-,?,-,false,-
com.jdkhome.blzo,blzo-ex-basic,0.0.7,-,-,?,-,false,-
com.jdkhome.blzo,blzo-ex-ip2region,0.0.7,-,-,?,-,false,-
com.jdkhome.blzo,blzo-ex-redission,0.0.7,-,-,?,-,false,-
com.jdkhome.blzo,blzo-ex-usignin,0.0.7,-,-,?,-,false,-
com.jdkhome.blzo,blzo-ex-utils,0.0.7,-,-,?,-,false,-
com.jdkhome.blzo,blzo-ex-version,0.0.7,-,-,?,-,false,-
com.pholser,junit-quickcheck-core,0.8.2,-,-,?,-,false,-
com.pholser,junit-quickcheck-examples,0.8.2,-,-,?,-,false,-
com.pholser,junit-quickcheck-generators,0.8.2,-,-,?,-,false,-
com.pholser,junit-quickcheck-guava,0.8.2,-,-,?,-,false,-
