groupId,artifactId,version,moduleName,moduleVersion,moduleMode,moduleDependencies,jdepsToolError,jdepsViolations
de.mhus.cherry.reactive,cr-example-maven-plugin,1.0.2,-,-,?,-,false,-
de.mhus.cherry.reactive,cr-example-user-management,1.0.2,-,-,?,-,false,-
de.mhus.cherry.reactive,reactive-dev,1.0.2,-,-,?,-,false,-
de.mhus.cherry.reactive,reactive-engine,1.0.2,-,-,?,-,false,-
de.mhus.cherry.reactive,reactive-karaf,1.0.2,-,-,?,-,false,-
de.mhus.cherry.reactive,reactive-maven-plugin,1.0.2,-,-,?,-,false,-
de.mhus.cherry.reactive,reactive-model,1.0.2,-,-,?,-,false,-
de.mhus.cherry.reactive,reactive-osgi,1.0.2,-,-,?,-,false,-
de.mhus.cherry.reactive,reactive-sop-rest,1.0.2,-,-,?,-,false,-
de.mhus.cherry.reactive,reactive-test,1.0.2,-,-,?,-,false,-
de.mhus.cherry.reactive,reactive-util,1.0.2,-,-,?,-,false,-
de.mhus.cherry.reactive,reactive-vaadin-core,1.0.2,-,-,?,-,false,-
de.mhus.cherry.reactive,reactive-vaadin-widgets,1.0.2,-,-,?,-,false,-
eu.dattri,jsonbodyhandler,0.4.4,-,-,?,-,false,-
io.github.classgraph,classgraph,4.6.11,io.github.classgraph,4.6.11,explicit,java.base + java.xml,false,-
io.github.cquiroz,sjs-rgl_sjs0.6_2.12,0.0.1,-,-,?,-,false,-
pl.droidsonroids.gradle.localization,android-gradle-localization-plugin,1.0.15,-,-,?,-,false,-
