groupId,artifactId,version,moduleName,moduleVersion,moduleMode,moduleDependencies,jdepsToolError,jdepsViolations
com.conveyal,gtfs-lib,4.2.1,-,-,?,-,false,-
com.epam.jdi,jdi-light,1.0.25,-,-,?,-,false,sun.reflect.generics.reflectiveObjects.NotImplementedException Removed. See http://openjdk.java.net/jeps/260
com.epam.jdi,jdi-light-html,1.0.25,-,-,?,-,false,-
com.github.stefvanschie.inventoryframework,IF,0.3.2,-,-,?,-,false,-
com.neuronrobotics,BowlerScriptingKernel,0.35.0,-,-,?,-,false,com.sun.image.codec.jpeg.JPEGCodec       Use javax.imageio @since 1.4 + com.sun.image.codec.jpeg.JPEGDecodeParam Use javax.imageio @since 1.4 + com.sun.image.codec.jpeg.JPEGEncodeParam Use javax.imageio @since 1.4 + com.sun.image.codec.jpeg.JPEGImageDecoder Use javax.imageio @since 1.4 + com.sun.image.codec.jpeg.JPEGImageEncoder Use javax.imageio @since 1.4 + com.sun.image.codec.jpeg.JPEGQTable      Use javax.imageio @since 1.4 + com.sun.image.codec.jpeg.TruncatedFileException Use javax.imageio @since 1.4 + java.awt.peer.ComponentPeer              Should not use. See https://bugs.openjdk.java.net/browse/JDK-8037739 + java.awt.peer.LightweightPeer            Should not use. See https://bugs.openjdk.java.net/browse/JDK-8037739 + sun.misc.Signal                          See http://openjdk.java.net/jeps/260 + sun.misc.SignalHandler                   See http://openjdk.java.net/jeps/260 + sun.misc.Unsafe                          See http://openjdk.java.net/jeps/260 + sun.reflect.ReflectionFactory            See http://openjdk.java.net/jeps/260
com.neuronrobotics,JavaCad,0.18.0,-,-,?,-,false,com.sun.image.codec.jpeg.JPEGCodec       Use javax.imageio @since 1.4 + com.sun.image.codec.jpeg.JPEGDecodeParam Use javax.imageio @since 1.4 + com.sun.image.codec.jpeg.JPEGEncodeParam Use javax.imageio @since 1.4 + com.sun.image.codec.jpeg.JPEGImageDecoder Use javax.imageio @since 1.4 + com.sun.image.codec.jpeg.JPEGImageEncoder Use javax.imageio @since 1.4 + com.sun.image.codec.jpeg.JPEGQTable      Use javax.imageio @since 1.4 + com.sun.image.codec.jpeg.TruncatedFileException Use javax.imageio @since 1.4
io.aeron,aeron-agent,1.14.0,-,-,?,-,false,-
io.aeron,aeron-all,1.14.0,net.bytebuddy,-,explicit,java.base + java.instrument + jdk.unsupported + net.bytebuddy.agent,false,-
io.aeron,aeron-archive,1.14.0,-,-,?,-,false,-
io.aeron,aeron-client,1.14.0,-,-,?,-,false,sun.misc.Unsafe                          See http://openjdk.java.net/jeps/260
io.aeron,aeron-cluster,1.14.0,-,-,?,-,false,-
io.aeron,aeron-driver,1.14.0,-,-,?,-,false,sun.misc.Unsafe                          See http://openjdk.java.net/jeps/260
io.aeron,aeron-samples,1.14.0,-,-,?,-,false,sun.misc.Unsafe                          See http://openjdk.java.net/jeps/260
io.aeron,aeron-system-tests,1.14.0,-,-,?,-,false,-
org.openhubframework,openhub-admin-console,2.1.0,-,-,?,-,false,-
org.openhubframework,openhub-common,2.1.0,-,-,?,-,false,-
org.openhubframework,openhub-components,2.1.0,-,-,?,-,false,-
org.openhubframework,openhub-core,2.1.0,-,-,?,-,false,-
org.openhubframework,openhub-core-api,2.1.0,-,-,?,-,false,-
org.openhubframework,openhub-core-spi,2.1.0,-,-,?,-,false,-
org.openhubframework,openhub-examples,2.1.0,-,-,?,-,false,-
org.openhubframework,openhub-test,2.1.0,-,-,?,-,false,-
org.openhubframework,openhub-web,2.1.0,-,-,?,-,false,-
website.automate,waml-io,2.0.4,-,-,?,-,false,-
