groupId,artifactId,version,moduleName,moduleVersion,moduleMode,moduleDependencies,jdepsToolError,jdepsViolations
org.apache.openmeetings,openmeetings-db,4.0.7,apache.openmeetings.db,-,automatic,-,false,-
org.apache.openmeetings,openmeetings-util,4.0.7,apache.openmeetings.util,-,automatic,-,false,-
org.apache.servicecomb.pack,alpha-core,0.3.0,-,-,?,-,false,-
org.apache.servicecomb.pack,alpha-server,0.3.0,-,-,?,-,false,-
org.apache.servicecomb.pack,omega-connector-grpc,0.3.0,-,-,?,-,false,-
org.apache.servicecomb.pack,omega-context,0.3.0,-,-,?,-,false,-
org.apache.servicecomb.pack,omega-format,0.3.0,-,-,?,-,false,-
org.apache.servicecomb.pack,omega-spring-starter,0.3.0,-,-,?,-,false,-
org.apache.servicecomb.pack,omega-spring-tx,0.3.0,-,-,?,-,false,-
org.apache.servicecomb.pack,omega-transaction,0.3.0,-,-,?,-,false,-
org.apache.servicecomb.pack,omega-transport-dubbo,0.3.0,-,-,?,-,false,-
org.apache.servicecomb.pack,omega-transport-feign,0.3.0,-,-,?,-,false,-
org.apache.servicecomb.pack,omega-transport-resttemplate,0.3.0,-,-,?,-,false,-
org.apache.servicecomb.pack,omega-transport-servicecomb,0.3.0,-,-,?,-,false,-
org.apache.servicecomb.pack,pack-common,0.3.0,-,-,?,-,false,-
org.apache.servicecomb.pack,pack-contract-grpc,0.3.0,-,-,?,-,false,-
org.apache.servicecomb.pack,pack-web,0.3.0,-,-,?,-,false,-
org.apache.servicecomb.pack,persistence-jpa,0.3.0,-,-,?,-,false,-
